col_index,gap_frac,nongap_n,keep,cons_similarity,cons_identity,cons_entropy22,cons_entropy_nogap
1,1.0,0,False,,,,
2,1.0,0,False,,,,
3,1.0,0,False,,,,
4,1.0,0,False,,,,
5,1.0,0,False,,,,
6,1.0,0,False,,,,
7,1.0,0,False,,,,
8,1.0,0,False,,,,
9,1.0,0,False,,,,
10,1.0,0,False,,,,
11,1.0,0,False,,,,
12,1.0,0,False,,,,
13,1.0,0,False,,,,
14,1.0,0,False,,,,
15,1.0,0,False,,,,
16,1.0,0,False,,,,
17,1.0,0,False,,,,
18,1.0,0,False,,,,
19,1.0,0,False,,,,
20,1.0,0,False,,,,
21,1.0,0,False,,,,
22,1.0,0,False,,,,
23,1.0,0,False,,,,
24,1.0,0,False,,,,
25,1.0,0,False,,,,
26,1.0,0,False,,,,
27,1.0,0,False,,,,
28,1.0,0,False,,,,
29,1.0,0,False,,,,
30,1.0,0,False,,,,
31,1.0,0,False,,,,
32,1.0,0,False,,,,
33,1.0,0,False,,,,
34,1.0,0,False,,,,
35,1.0,0,False,,,,
36,1.0,0,False,,,,
37,1.0,0,False,,,,
38,1.0,0,False,,,,
39,0.2,8,True,0.6,1.0,0.2780719051126377,0.0
40,0.2,8,True,0.6666666666666666,1.0,0.2780719051126377,0.0
41,0.2,8,True,0.6166666666666667,0.875,0.27015330083790245,0.5435644431995964
42,0.2,8,True,0.5333333333333333,1.0,0.2780719051126377,0.0
43,0.2,8,True,0.6,1.0,0.2780719051126377,0.0
44,0.2,8,True,0.5333333333333333,1.0,0.2780719051126377,0.0
45,0.2,8,True,0.5333333333333333,1.0,0.2780719051126377,0.0
46,0.2,8,True,0.6,1.0,0.2780719051126377,0.0
47,0.2,8,True,0.5,0.875,0.27015330083790245,0.5435644431995964
48,0.2,8,True,0.6,1.0,0.2780719051126377,0.0
49,0.2,8,True,0.6666666666666666,1.0,0.2780719051126377,0.0
50,0.2,8,True,0.6666666666666666,1.0,0.2780719051126377,0.0
51,0.2,8,True,0.6,1.0,0.2780719051126377,0.0
52,0.2,8,True,0.5333333333333333,1.0,0.2780719051126377,0.0
53,0.2,8,True,0.7333333333333333,1.0,0.2780719051126377,0.0
54,0.2,8,True,0.6,1.0,0.2780719051126377,0.0
55,0.2,8,True,0.6666666666666666,1.0,0.2780719051126377,0.0
56,0.2,8,True,0.55,0.875,0.27015330083790245,0.5435644431995964
57,0.2,8,True,0.6,1.0,0.2780719051126377,0.0
58,0.2,8,True,0.5333333333333333,1.0,0.2780719051126377,0.0
59,0.2,8,True,0.5333333333333333,1.0,0.2780719051126377,0.0
60,0.2,8,True,0.6666666666666666,1.0,0.2780719051126377,0.0
61,0.2,8,True,0.7333333333333333,1.0,0.2780719051126377,0.0
62,0.2,8,True,0.6666666666666666,1.0,0.2780719051126377,0.0
63,0.2,8,True,0.37619047619047613,0.5,0.08613531161467869,1.75
64,0.2,8,True,0.55,0.875,0.27015330083790245,0.5435644431995964
65,0.2,8,True,0.6666666666666666,1.0,0.2780719051126377,0.0
66,0.2,8,True,0.5166666666666667,0.875,0.27015330083790245,0.5435644431995964
67,0.2,8,True,0.5333333333333333,1.0,0.2780719051126377,0.0
68,0.2,8,True,0.5333333333333333,1.0,0.2780719051126377,0.0
69,0.2,8,True,0.5333333333333333,1.0,0.2780719051126377,0.0
70,0.2,8,True,0.6666666666666666,1.0,0.2780719051126377,0.0
71,0.2,8,True,0.7333333333333333,1.0,0.2780719051126377,0.0
72,0.2,8,True,0.6666666666666666,1.0,0.2780719051126377,0.0
73,0.2,8,True,0.6666666666666666,1.0,0.2780719051126377,0.0
74,0.5,5,True,0.5333333333333333,1.0,0.0,0.0
75,0.9,1,False,,,,
76,0.9,1,False,,,,
77,0.9,1,False,,,,
78,0.9,1,False,,,,
79,0.9,1,False,,,,
80,0.9,1,False,,,,
81,0.9,1,False,,,,
82,0.9,1,False,,,,
83,0.9,1,False,,,,
84,0.9,1,False,,,,
85,0.9,1,False,,,,
86,0.9,1,False,,,,
87,0.9,1,False,,,,
88,0.9,1,False,,,,
89,0.9,1,False,,,,
90,0.9,1,False,,,,
91,0.9,1,False,,,,
92,0.9,1,False,,,,
93,0.9,1,False,,,,
94,0.9,1,False,,,,
95,0.9,1,False,,,,
96,0.9,1,False,,,,
97,0.9,1,False,,,,
98,0.9,1,False,,,,
99,0.9,1,False,,,,
100,0.9,1,False,,,,
101,0.9,1,False,,,,
102,0.9,1,False,,,,
103,0.9,1,False,,,,
104,0.9,1,False,,,,
105,0.9,1,False,,,,
106,0.9,1,False,,,,
107,0.9,1,False,,,,
108,0.9,1,False,,,,
109,0.9,1,False,,,,
110,0.9,1,False,,,,
111,0.9,1,False,,,,
112,0.9,1,False,,,,
113,0.9,1,False,,,,
114,0.9,1,False,,,,
115,0.9,1,False,,,,
116,0.9,1,False,,,,
117,0.9,1,False,,,,
118,0.9,1,False,,,,
119,0.9,1,False,,,,
120,0.9,1,False,,,,
121,0.9,1,False,,,,
122,0.9,1,False,,,,
123,0.9,1,False,,,,
124,0.9,1,False,,,,
125,0.9,1,False,,,,
126,0.9,1,False,,,,
127,0.9,1,False,,,,
128,0.9,1,False,,,,
129,0.9,1,False,,,,
130,0.9,1,False,,,,
131,0.9,1,False,,,,
132,0.9,1,False,,,,
133,0.9,1,False,,,,
134,0.9,1,False,,,,
135,0.9,1,False,,,,
136,0.9,1,False,,,,
137,0.9,1,False,,,,
138,0.9,1,False,,,,
139,0.9,1,False,,,,
140,0.9,1,False,,,,
141,0.9,1,False,,,,
142,0.9,1,False,,,,
143,0.9,1,False,,,,
144,0.9,1,False,,,,
145,0.9,1,False,,,,
146,0.9,1,False,,,,
147,0.9,1,False,,,,
148,0.9,1,False,,,,
149,0.9,1,False,,,,
150,0.9,1,False,,,,
151,0.9,1,False,,,,
152,0.9,1,False,,,,
153,0.9,1,False,,,,
154,0.9,1,False,,,,
155,0.9,1,False,,,,
156,0.9,1,False,,,,
157,0.9,1,False,,,,
158,0.9,1,False,,,,
159,0.9,1,False,,,,
160,0.9,1,False,,,,
161,0.9,1,False,,,,
162,0.9,1,False,,,,
163,0.9,1,False,,,,
164,0.9,1,False,,,,
165,0.9,1,False,,,,
166,0.9,1,False,,,,
167,0.9,1,False,,,,
168,0.9,1,False,,,,
169,0.9,1,False,,,,
170,0.9,1,False,,,,
171,0.9,1,False,,,,
172,0.9,1,False,,,,
173,0.9,1,False,,,,
174,0.9,1,False,,,,
175,0.9,1,False,,,,
176,0.9,1,False,,,,
177,0.9,1,False,,,,
178,0.9,1,False,,,,
179,0.9,1,False,,,,
180,0.9,1,False,,,,
181,0.9,1,False,,,,
182,0.9,1,False,,,,
183,0.9,1,False,,,,
184,0.9,1,False,,,,
185,0.9,1,False,,,,
186,0.9,1,False,,,,
187,0.9,1,False,,,,
188,0.9,1,False,,,,
189,0.9,1,False,,,,
190,0.9,1,False,,,,
191,0.9,1,False,,,,
192,0.9,1,False,,,,
193,0.9,1,False,,,,
194,0.9,1,False,,,,
195,0.9,1,False,,,,
196,0.9,1,False,,,,
197,0.9,1,False,,,,
198,0.9,1,False,,,,
199,0.9,1,False,,,,
200,0.9,1,False,,,,
201,0.9,1,False,,,,
202,0.9,1,False,,,,
203,0.9,1,False,,,,
204,0.9,1,False,,,,
205,0.9,1,False,,,,
206,0.9,1,False,,,,
207,0.9,1,False,,,,
208,0.9,1,False,,,,
209,0.9,1,False,,,,
210,0.9,1,False,,,,
211,0.9,1,False,,,,
212,0.9,1,False,,,,
213,0.9,1,False,,,,
214,0.9,1,False,,,,
215,0.9,1,False,,,,
216,0.9,1,False,,,,
217,0.9,1,False,,,,
218,0.9,1,False,,,,
219,0.9,1,False,,,,
220,0.9,1,False,,,,
221,0.9,1,False,,,,
222,0.9,1,False,,,,
223,0.9,1,False,,,,
224,0.9,1,False,,,,
225,0.9,1,False,,,,
226,0.9,1,False,,,,
227,0.9,1,False,,,,
228,0.9,1,False,,,,
229,0.9,1,False,,,,
230,0.9,1,False,,,,
231,0.9,1,False,,,,
232,0.9,1,False,,,,
233,0.9,1,False,,,,
234,0.9,1,False,,,,
235,0.9,1,False,,,,
236,0.9,1,False,,,,
237,0.9,1,False,,,,
238,0.9,1,False,,,,
239,0.9,1,False,,,,
240,0.9,1,False,,,,
241,0.9,1,False,,,,
242,0.9,1,False,,,,
243,0.9,1,False,,,,
244,0.9,1,False,,,,
245,0.9,1,False,,,,
246,0.9,1,False,,,,
247,0.9,1,False,,,,
248,0.9,1,False,,,,
249,0.9,1,False,,,,
250,0.9,1,False,,,,
251,0.9,1,False,,,,
252,0.9,1,False,,,,
253,0.9,1,False,,,,
254,0.9,1,False,,,,
255,0.9,1,False,,,,
256,0.9,1,False,,,,
257,0.9,1,False,,,,
258,0.9,1,False,,,,
259,0.9,1,False,,,,
260,0.9,1,False,,,,
261,0.9,1,False,,,,
262,0.9,1,False,,,,
263,0.9,1,False,,,,
264,0.9,1,False,,,,
265,0.9,1,False,,,,
266,0.9,1,False,,,,
267,0.9,1,False,,,,
268,0.9,1,False,,,,
269,0.9,1,False,,,,
270,0.9,1,False,,,,
271,0.9,1,False,,,,
272,0.9,1,False,,,,
273,0.9,1,False,,,,
274,0.9,1,False,,,,
275,0.9,1,False,,,,
276,0.9,1,False,,,,
277,0.9,1,False,,,,
278,0.9,1,False,,,,
279,0.9,1,False,,,,
280,0.9,1,False,,,,
281,0.9,1,False,,,,
282,0.9,1,False,,,,
283,0.9,1,False,,,,
284,0.9,1,False,,,,
285,0.9,1,False,,,,
286,0.9,1,False,,,,
287,0.9,1,False,,,,
288,0.9,1,False,,,,
289,0.9,1,False,,,,
290,0.9,1,False,,,,
291,0.9,1,False,,,,
292,0.9,1,False,,,,
293,0.9,1,False,,,,
294,0.9,1,False,,,,
295,0.9,1,False,,,,
296,0.6,4,False,,,,
297,0.2,8,True,0.6666666666666666,1.0,0.2780719051126377,0.0
298,0.2,8,True,0.6,1.0,0.2780719051126377,0.0
299,0.2,8,True,0.5333333333333333,1.0,0.2780719051126377,0.0
300,0.2,8,True,0.6666666666666666,1.0,0.2780719051126377,0.0
301,0.2,8,True,0.5333333333333333,1.0,0.2780719051126377,0.0
302,0.2,8,True,0.6,1.0,0.2780719051126377,0.0
303,0.2,8,True,0.6666666666666666,1.0,0.2780719051126377,0.0
304,0.2,8,True,0.5333333333333333,1.0,0.2780719051126377,0.0
305,0.2,8,True,0.5333333333333333,1.0,0.2780719051126377,0.0
306,0.2,8,True,0.5333333333333333,1.0,0.2780719051126377,0.0
307,0.2,8,True,0.6666666666666666,1.0,0.2780719051126377,0.0
308,0.2,8,True,0.5333333333333333,1.0,0.2780719051126377,0.0
309,0.2,8,True,0.5333333333333333,1.0,0.2780719051126377,0.0
310,0.2,8,True,0.5666666666666667,0.875,0.27015330083790245,0.5435644431995964
311,0.2,8,True,0.6,1.0,0.2780719051126377,0.0
312,0.2,8,True,0.6,1.0,0.2780719051126377,0.0
313,0.2,8,True,0.6,1.0,0.2780719051126377,0.0
314,0.2,8,True,0.5333333333333333,1.0,0.2780719051126377,0.0
315,0.2,8,True,0.6666666666666666,1.0,0.2780719051126377,0.0
316,0.2,8,True,0.5333333333333333,1.0,0.2780719051126377,0.0
317,0.2,8,True,0.6,1.0,0.2780719051126377,0.0
318,0.2,8,True,0.5333333333333333,1.0,0.2780719051126377,0.0
319,0.2,8,True,0.6,1.0,0.2780719051126377,0.0
320,0.2,8,True,0.6,1.0,0.2780719051126377,0.0
321,0.2,8,True,0.5333333333333333,1.0,0.2780719051126377,0.0
322,0.2,8,True,0.5142857142857143,0.75,0.13502647928207268,0.8112781244591328
323,0.2,8,True,0.6666666666666666,1.0,0.2780719051126377,0.0
324,0.2,8,True,0.5333333333333333,1.0,0.2780719051126377,0.0
325,0.2,8,True,0.5333333333333333,1.0,0.2780719051126377,0.0
326,0.2,8,True,0.8,1.0,0.2780719051126377,0.0
327,0.2,8,True,0.6666666666666666,1.0,0.2780719051126377,0.0
328,0.2,8,True,0.5333333333333333,1.0,0.2780719051126377,0.0
329,0.2,8,True,0.7333333333333333,1.0,0.2780719051126377,0.0
330,0.2,8,True,0.5333333333333333,1.0,0.2780719051126377,0.0
331,1.0,0,False,,,,
332,1.0,0,False,,,,
333,0.2,8,True,0.6666666666666666,1.0,0.2780719051126377,0.0
334,1.0,0,False,,,,
335,1.0,0,False,,,,
336,1.0,0,False,,,,
337,1.0,0,False,,,,
338,1.0,0,False,,,,
339,1.0,0,False,,,,
340,1.0,0,False,,,,
341,0.2,8,True,0.6,1.0,0.2780719051126377,0.0
342,0.2,8,True,0.7333333333333333,1.0,0.2780719051126377,0.0
343,0.2,8,True,0.5333333333333333,1.0,0.2780719051126377,0.0
344,0.2,8,True,0.5333333333333333,1.0,0.2780719051126377,0.0
345,0.2,8,True,0.6666666666666666,1.0,0.2780719051126377,0.0
346,0.2,8,True,0.55,0.875,0.27015330083790245,0.5435644431995964
347,0.2,8,True,0.5333333333333333,1.0,0.2780719051126377,0.0
348,0.2,8,True,0.6166666666666667,0.875,0.27015330083790245,0.5435644431995964
349,0.2,8,True,0.5333333333333333,1.0,0.2780719051126377,0.0
350,0.2,8,True,0.5333333333333333,1.0,0.2780719051126377,0.0
351,0.2,8,True,0.6,1.0,0.2780719051126377,0.0
352,0.2,8,True,0.5333333333333333,1.0,0.2780719051126377,0.0
353,0.2,8,True,0.7333333333333333,1.0,0.2780719051126377,0.0
354,0.2,8,True,0.4095238095238095,0.75,0.21452470277266567,1.061278124459133
355,0.2,8,True,0.6,1.0,0.2780719051126377,0.0
356,0.2,8,True,0.5,0.5,0.03977028213923883,1.0
357,0.2,8,True,0.4285714285714286,0.625,0.11951797627815941,1.2987949406953985
358,0.2,8,True,0.34523809523809523,0.5,0.07678032766449228,1.4056390622295665
359,0.2,8,True,0.6,1.0,0.2780719051126377,0.0
360,0.2,8,True,0.5166666666666667,0.625,0.06276943678387037,0.954434002924965
361,0.1,9,True,0.35185185185185186,0.5555555555555556,0.15545875354128547,1.6577427265048887
362,0.1,9,True,0.3907407407407407,0.6666666666666666,0.21452470277266567,1.224394445405986
363,0.1,9,True,0.548148148148148,0.8888888888888888,0.41832813428211324,0.5032583347756457
364,0.1,9,True,0.3462962962962963,0.5555555555555556,0.15545875354128547,1.6577427265048887
365,0.1,9,True,0.5111111111111111,0.8888888888888888,0.41832813428211324,0.5032583347756457
366,0.1,9,True,0.3537037037037037,0.6666666666666666,0.23729309346223382,1.4466166676282082
367,0.1,9,True,0.5185185185185185,0.8888888888888888,0.41832813428211324,0.5032583347756457
368,0.1,9,True,0.4703703703703704,0.6666666666666666,0.21452470277266567,1.224394445405986
369,1.0,0,False,,,,
370,1.0,0,False,,,,
371,0.1,9,True,0.6666666666666666,1.0,0.5310044064107188,0.0
372,0.1,9,True,0.387037037037037,0.5555555555555556,0.15726235138633282,1.3516441151533922
373,0.1,9,True,0.5333333333333333,1.0,0.5310044064107188,0.0
374,0.1,9,True,0.5333333333333333,1.0,0.5310044064107188,0.0
375,0.1,9,True,0.6,1.0,0.5310044064107188,0.0
376,0.1,9,True,0.7333333333333333,1.0,0.5310044064107188,0.0
377,0.1,9,True,0.5,0.6666666666666666,0.1826545778534897,0.9182958340544896
378,0.1,9,True,0.5333333333333333,1.0,0.5310044064107188,0.0
379,0.1,9,True,0.6666666666666666,1.0,0.5310044064107188,0.0
380,0.1,9,True,0.48888888888888893,0.6666666666666666,0.1826545778534897,0.9182958340544896
381,0.1,9,True,0.6,1.0,0.5310044064107188,0.0
382,0.1,9,True,0.5333333333333333,1.0,0.5310044064107188,0.0
383,0.1,9,True,0.5333333333333333,1.0,0.5310044064107188,0.0
384,0.1,9,True,0.4185185185185185,0.7777777777777778,0.32161017527648017,0.9864267287308424
385,0.1,9,True,0.5333333333333333,1.0,0.5310044064107188,0.0
386,0.1,9,True,0.3648148148148148,0.4444444444444444,0.07678032766449228,1.5304930567574824
387,0.1,9,True,0.5555555555555555,0.8888888888888888,0.41832813428211324,0.5032583347756457
388,0.1,9,True,0.7333333333333333,1.0,0.5310044064107188,0.0
389,0.1,9,True,0.5333333333333333,1.0,0.5310044064107188,0.0
390,0.1,9,True,0.4037037037037037,0.6666666666666666,0.23729309346223382,1.4466166676282082
391,0.1,9,True,0.5111111111111111,0.8888888888888888,0.41832813428211324,0.5032583347756457
392,0.1,9,True,0.5333333333333333,1.0,0.5310044064107188,0.0
393,0.1,9,True,0.6,1.0,0.5310044064107188,0.0
394,0.1,9,True,0.6,1.0,0.5310044064107188,0.0
395,0.1,9,True,0.5333333333333333,1.0,0.5310044064107188,0.0
396,0.1,9,True,0.6666666666666666,1.0,0.5310044064107188,0.0
397,0.1,9,True,0.5333333333333333,1.0,0.5310044064107188,0.0
398,0.1,9,True,0.5333333333333333,1.0,0.5310044064107188,0.0
399,0.1,9,True,0.5333333333333333,1.0,0.5310044064107188,0.0
400,0.1,9,True,0.6,1.0,0.5310044064107188,0.0
401,0.1,9,True,0.5333333333333333,1.0,0.5310044064107188,0.0
402,0.1,9,True,0.6,1.0,0.5310044064107188,0.0
403,0.1,9,True,0.6666666666666666,1.0,0.5310044064107188,0.0
404,0.1,9,True,0.6666666666666666,1.0,0.5310044064107188,0.0
405,0.1,9,True,0.5333333333333333,1.0,0.5310044064107188,0.0
406,0.1,9,True,0.5333333333333333,1.0,0.5310044064107188,0.0
407,0.1,9,True,0.6666666666666666,1.0,0.5310044064107188,0.0
408,0.1,9,True,0.6,1.0,0.5310044064107188,0.0
409,0.1,9,True,0.6666666666666666,1.0,0.5310044064107188,0.0
410,0.1,9,True,0.5333333333333333,1.0,0.5310044064107188,0.0
411,0.1,9,True,0.5333333333333333,1.0,0.5310044064107188,0.0
412,0.1,9,True,0.6,1.0,0.5310044064107188,0.0
413,0.1,9,True,0.5333333333333333,1.0,0.5310044064107188,0.0
414,0.1,9,True,0.5333333333333333,1.0,0.5310044064107188,0.0
415,0.1,9,True,0.5333333333333333,1.0,0.5310044064107188,0.0
416,0.1,9,True,0.6,1.0,0.5310044064107188,0.0
417,0.1,9,True,0.6,1.0,0.5310044064107188,0.0
418,0.1,9,True,0.6666666666666666,1.0,0.5310044064107188,0.0
419,0.1,9,True,0.7333333333333333,1.0,0.5310044064107188,0.0
420,0.1,9,True,0.6,1.0,0.5310044064107188,0.0
421,0.1,9,True,0.6,1.0,0.5310044064107188,0.0
422,0.1,9,True,0.6,1.0,0.5310044064107188,0.0
423,0.1,9,True,0.6,1.0,0.5310044064107188,0.0
424,0.1,9,True,0.4055555555555556,0.7777777777777778,0.27015330083790245,0.7642045065086203
425,0.1,9,True,0.5333333333333333,1.0,0.5310044064107188,0.0
426,0.1,9,True,0.6666666666666666,1.0,0.5310044064107188,0.0
427,0.1,9,True,0.6,1.0,0.5310044064107188,0.0
428,0.1,9,True,0.6,1.0,0.5310044064107188,0.0
429,0.1,9,True,0.5333333333333333,1.0,0.5310044064107188,0.0
430,0.1,9,True,0.5333333333333333,1.0,0.5310044064107188,0.0
431,0.1,9,True,0.6,1.0,0.5310044064107188,0.0
432,0.1,9,True,0.5333333333333333,1.0,0.5310044064107188,0.0
433,0.1,9,True,0.6666666666666666,1.0,0.5310044064107188,0.0
434,0.1,9,True,0.6,1.0,0.5310044064107188,0.0
435,0.1,9,True,0.5333333333333333,1.0,0.5310044064107188,0.0
436,0.1,9,True,0.5333333333333333,1.0,0.5310044064107188,0.0
437,0.1,9,True,0.45,0.7777777777777778,0.32161017527648017,0.9864267287308424
438,0.1,9,True,0.6,1.0,0.5310044064107188,0.0
439,0.1,9,True,0.7333333333333333,1.0,0.5310044064107188,0.0
440,0.1,9,True,0.5611111111111112,0.7777777777777778,0.27015330083790245,0.7642045065086203
441,0.1,9,True,0.44814814814814813,0.6666666666666666,0.21452470277266567,1.224394445405986
442,0.1,9,True,0.4814814814814815,0.8888888888888888,0.41832813428211324,0.5032583347756457
443,0.1,9,True,0.6,1.0,0.5310044064107188,0.0
444,0.1,9,True,0.5222222222222223,0.7777777777777778,0.27015330083790245,0.7642045065086203
445,0.1,9,True,0.6,1.0,0.5310044064107188,0.0
446,0.1,9,True,0.6,1.0,0.5310044064107188,0.0
447,0.1,9,True,0.475925925925926,0.7777777777777778,0.32161017527648017,0.9864267287308424
448,0.1,9,True,0.6,1.0,0.5310044064107188,0.0
449,0.1,9,True,0.5333333333333333,1.0,0.5310044064107188,0.0
450,0.1,9,True,0.6,1.0,0.5310044064107188,0.0
451,0.1,9,True,0.6,1.0,0.5310044064107188,0.0
452,0.1,9,True,0.6666666666666666,1.0,0.5310044064107188,0.0
453,0.1,9,True,0.6,1.0,0.5310044064107188,0.0
454,0.1,9,True,0.6,1.0,0.5310044064107188,0.0
455,0.1,9,True,0.6666666666666666,1.0,0.5310044064107188,0.0
456,0.1,9,True,0.5925925925925927,0.8888888888888888,0.41832813428211324,0.5032583347756457
457,0.1,9,True,0.7333333333333333,1.0,0.5310044064107188,0.0
458,0.1,9,True,0.8,1.0,0.5310044064107188,0.0
459,0.1,9,True,0.6,1.0,0.5310044064107188,0.0
460,0.1,9,True,0.6,1.0,0.5310044064107188,0.0
461,0.1,9,True,0.6,1.0,0.5310044064107188,0.0
462,0.1,9,True,0.6666666666666666,1.0,0.5310044064107188,0.0
463,0.1,9,True,0.5333333333333333,1.0,0.5310044064107188,0.0
464,0.1,9,True,0.5333333333333333,1.0,0.5310044064107188,0.0
465,0.1,9,True,0.5333333333333333,1.0,0.5310044064107188,0.0
466,0.1,9,True,0.6,1.0,0.5310044064107188,0.0
467,0.1,9,True,0.6,1.0,0.5310044064107188,0.0
468,0.1,9,True,0.6,1.0,0.5310044064107188,0.0
469,0.1,9,True,0.6,1.0,0.5310044064107188,0.0
470,0.1,9,True,0.5333333333333333,1.0,0.5310044064107188,0.0
471,0.1,9,True,0.6,1.0,0.5310044064107188,0.0
472,0.1,9,True,0.6,1.0,0.5310044064107188,0.0
473,0.1,9,True,0.6,1.0,0.5310044064107188,0.0
474,0.1,9,True,0.6,1.0,0.5310044064107188,0.0
475,0.1,9,True,0.524074074074074,0.7777777777777778,0.27015330083790245,0.7642045065086203
476,0.1,9,True,0.6,1.0,0.5310044064107188,0.0
477,0.1,9,True,0.5333333333333333,1.0,0.5310044064107188,0.0
478,0.1,9,True,0.5074074074074074,0.5555555555555556,0.14132728892674495,0.9910760598382222
479,0.1,9,True,0.6,1.0,0.5310044064107188,0.0
480,0.1,9,True,0.7333333333333333,1.0,0.5310044064107188,0.0
481,0.1,9,True,0.6,1.0,0.5310044064107188,0.0
482,0.1,9,True,0.6,1.0,0.5310044064107188,0.0
483,0.1,9,True,0.5333333333333333,1.0,0.5310044064107188,0.0
484,0.1,9,True,0.6,1.0,0.5310044064107188,0.0
485,0.1,9,True,0.6666666666666666,1.0,0.5310044064107188,0.0
486,0.1,9,True,0.6,1.0,0.5310044064107188,0.0
487,0.1,9,True,0.4555555555555556,0.7777777777777778,0.27015330083790245,0.7642045065086203
488,0.1,9,True,0.42962962962962964,0.7777777777777778,0.27015330083790245,0.7642045065086203
489,0.1,9,True,0.5111111111111111,0.8888888888888888,0.41832813428211324,0.5032583347756457
490,0.1,9,True,0.5333333333333333,1.0,0.5310044064107188,0.0
491,0.1,9,True,0.475925925925926,0.7777777777777778,0.27015330083790245,0.7642045065086203
492,0.1,9,True,0.47777777777777775,0.7777777777777778,0.32161017527648017,0.9864267287308424
493,0.1,9,True,0.5259259259259259,0.8888888888888888,0.41832813428211324,0.5032583347756457
494,0.1,9,True,0.5037037037037037,0.8888888888888888,0.41832813428211324,0.5032583347756457
495,0.1,9,True,0.6,1.0,0.5310044064107188,0.0
496,0.1,9,True,0.5333333333333333,1.0,0.5310044064107188,0.0
497,0.1,9,True,0.6666666666666666,1.0,0.5310044064107188,0.0
498,0.1,9,True,0.6,1.0,0.5310044064107188,0.0
499,0.1,9,True,0.5333333333333333,1.0,0.5310044064107188,0.0
500,0.1,9,True,0.6148148148148148,0.8888888888888888,0.41832813428211324,0.5032583347756457
501,0.1,9,True,0.6425925925925926,0.7777777777777778,0.27015330083790245,0.7642045065086203
502,0.1,9,True,0.4611111111111111,0.7777777777777778,0.32161017527648017,0.9864267287308424
503,0.1,9,True,0.6,1.0,0.5310044064107188,0.0
504,0.1,9,True,0.2555555555555556,0.4444444444444444,0.10167108723147944,2.2810361125534233
505,0.1,9,True,0.5555555555555555,0.8888888888888888,0.41832813428211324,0.5032583347756457
506,0.1,9,True,0.5333333333333333,1.0,0.5310044064107188,0.0
507,0.1,9,True,0.5407407407407407,0.8888888888888888,0.41832813428211324,0.5032583347756457
508,0.1,9,True,0.5018518518518519,0.7777777777777778,0.32161017527648017,0.9864267287308424
509,0.1,9,True,0.5333333333333333,1.0,0.5310044064107188,0.0
510,0.1,9,True,0.548148148148148,0.8888888888888888,0.41832813428211324,0.5032583347756457
511,0.1,9,True,0.5222222222222223,0.7777777777777778,0.27015330083790245,0.7642045065086203
512,0.1,9,True,0.524074074074074,0.7777777777777778,0.27015330083790245,0.7642045065086203
513,0.1,9,True,0.42962962962962964,0.8888888888888888,0.41832813428211324,0.5032583347756457
514,0.1,9,True,0.36666666666666664,0.5555555555555556,0.15545875354128547,1.6577427265048887
515,0.1,9,True,0.3111111111111111,0.5555555555555556,0.15545875354128547,1.6577427265048887
516,0.1,9,True,0.5,0.6666666666666666,0.1826545778534897,0.9182958340544896
517,0.1,9,True,0.6666666666666666,1.0,0.5310044064107188,0.0
518,0.1,9,True,0.5222222222222223,0.7777777777777778,0.27015330083790245,0.7642045065086203
519,0.1,9,True,0.4351851851851852,0.6666666666666666,0.21452470277266567,1.224394445405986
520,0.1,9,True,0.48888888888888893,0.8888888888888888,0.41832813428211324,0.5032583347756457
521,0.1,9,True,0.5,0.5555555555555556,0.14132728892674495,0.9910760598382222
522,0.1,9,True,0.6,1.0,0.5310044064107188,0.0
523,0.1,9,True,0.5611111111111112,0.7777777777777778,0.27015330083790245,0.7642045065086203
524,0.1,9,True,0.40185185185185185,0.6666666666666666,0.23729309346223382,1.4466166676282082
525,0.1,9,True,0.5222222222222223,0.7777777777777778,0.27015330083790245,0.7642045065086203
526,0.1,9,True,0.48518518518518516,0.7777777777777778,0.32161017527648017,0.9864267287308424
527,0.1,9,True,0.49259259259259264,0.7777777777777778,0.32161017527648017,0.9864267287308424
528,0.1,9,True,0.6666666666666666,1.0,0.5310044064107188,0.0
529,0.1,9,True,0.47407407407407404,0.7777777777777778,0.32161017527648017,0.9864267287308424
530,0.1,9,True,0.5333333333333333,1.0,0.5310044064107188,0.0
531,0.1,9,True,0.6,1.0,0.5310044064107188,0.0
532,0.1,9,True,0.5074074074074074,0.5555555555555556,0.14132728892674495,0.9910760598382222
533,0.1,9,True,0.6,1.0,0.5310044064107188,0.0
534,0.1,9,True,0.48333333333333334,0.7777777777777778,0.27015330083790245,0.7642045065086203
535,0.1,9,True,0.6,1.0,0.5310044064107188,0.0
536,0.1,9,True,0.3425925925925926,0.4444444444444444,0.11864654673111685,1.7527152789797045
537,0.1,9,True,0.5222222222222223,0.7777777777777778,0.27015330083790245,0.7642045065086203
538,0.1,9,True,0.6,1.0,0.5310044064107188,0.0
539,0.1,9,True,0.6,1.0,0.5310044064107188,0.0
540,0.1,9,True,0.524074074074074,0.7777777777777778,0.27015330083790245,0.7642045065086203
541,0.1,9,True,0.4666666666666667,0.7777777777777778,0.32161017527648017,0.9864267287308424
542,0.1,9,True,0.6666666666666666,1.0,0.5310044064107188,0.0
543,0.1,9,True,0.5555555555555555,0.8888888888888888,0.41832813428211324,0.5032583347756457
544,0.1,9,True,0.43888888888888894,0.6666666666666666,0.23729309346223382,1.4466166676282082
545,0.1,9,True,0.4351851851851852,0.7777777777777778,0.32161017527648017,0.9864267287308424
546,0.1,9,True,0.6,1.0,0.5310044064107188,0.0
547,0.1,9,True,0.5555555555555555,0.8888888888888888,0.41832813428211324,0.5032583347756457
548,0.1,9,True,0.6,1.0,0.5310044064107188,0.0
549,0.1,9,True,0.6,1.0,0.5310044064107188,0.0
550,0.1,9,True,0.4444444444444444,0.7777777777777778,0.32161017527648017,0.9864267287308424
551,0.1,9,True,0.4666666666666667,0.6666666666666666,0.21452470277266567,1.224394445405986
552,0.1,9,True,0.6,1.0,0.5310044064107188,0.0
553,0.1,9,True,0.6,1.0,0.5310044064107188,0.0
554,0.1,9,True,0.6,1.0,0.5310044064107188,0.0
555,0.1,9,True,0.5333333333333333,1.0,0.5310044064107188,0.0
556,0.9,1,False,,,,
557,0.9,1,False,,,,
558,0.9,1,False,,,,
559,0.9,1,False,,,,
560,0.9,1,False,,,,
561,0.9,1,False,,,,
562,0.9,1,False,,,,
563,0.9,1,False,,,,
564,0.9,1,False,,,,
565,0.9,1,False,,,,
566,0.9,1,False,,,,
567,0.9,1,False,,,,
568,0.9,1,False,,,,
569,0.9,1,False,,,,
570,0.9,1,False,,,,
571,0.1,9,True,0.5555555555555555,0.8888888888888888,0.41832813428211324,0.5032583347756457
572,0.1,9,True,0.6,1.0,0.5310044064107188,0.0
573,0.1,9,True,0.6,1.0,0.5310044064107188,0.0
574,0.1,9,True,0.6666666666666666,1.0,0.5310044064107188,0.0
575,0.1,9,True,0.4555555555555556,0.7777777777777778,0.27015330083790245,0.7642045065086203
576,0.1,9,True,0.524074074074074,0.7777777777777778,0.27015330083790245,0.7642045065086203
577,0.1,9,True,0.5333333333333333,1.0,0.5310044064107188,0.0
578,0.1,9,True,0.6666666666666666,1.0,0.5310044064107188,0.0
579,0.1,9,True,0.6,1.0,0.5310044064107188,0.0
580,0.1,9,True,0.6,1.0,0.5310044064107188,0.0
581,0.1,9,True,0.6,1.0,0.5310044064107188,0.0
582,0.1,9,True,0.7333333333333333,1.0,0.5310044064107188,0.0
583,0.1,9,True,0.6,1.0,0.5310044064107188,0.0
584,0.1,9,True,0.7333333333333333,1.0,0.5310044064107188,0.0
585,0.1,9,True,0.5333333333333333,1.0,0.5310044064107188,0.0
586,0.1,9,True,0.6,1.0,0.5310044064107188,0.0
587,0.1,9,True,0.5333333333333333,1.0,0.5310044064107188,0.0
588,0.1,9,True,0.6,1.0,0.5310044064107188,0.0
589,0.1,9,True,0.6,1.0,0.5310044064107188,0.0
590,0.1,9,True,0.6666666666666666,1.0,0.5310044064107188,0.0
591,0.1,9,True,0.6,1.0,0.5310044064107188,0.0
592,0.1,9,True,0.43333333333333335,0.6666666666666666,0.1826545778534897,0.9182958340544896
593,0.1,9,True,0.8,1.0,0.5310044064107188,0.0
594,0.1,9,True,0.6,1.0,0.5310044064107188,0.0
595,0.1,9,True,0.4814814814814815,0.7777777777777778,0.27015330083790245,0.7642045065086203
596,0.1,9,True,0.6,1.0,0.5310044064107188,0.0
597,0.1,9,True,0.6,1.0,0.5310044064107188,0.0
598,0.1,9,True,0.5333333333333333,1.0,0.5310044064107188,0.0
599,0.1,9,True,0.5555555555555555,0.8888888888888888,0.41832813428211324,0.5032583347756457
600,0.1,9,True,0.47407407407407404,0.8888888888888888,0.41832813428211324,0.5032583347756457
601,0.1,9,True,0.5333333333333333,1.0,0.5310044064107188,0.0
602,0.1,9,True,0.5,0.6666666666666666,0.1826545778534897,0.9182958340544896
603,0.1,9,True,0.6,1.0,0.5310044064107188,0.0
604,0.1,9,True,0.5333333333333333,1.0,0.5310044064107188,0.0
605,0.1,9,True,0.4555555555555556,0.7777777777777778,0.27015330083790245,0.7642045065086203
606,0.1,9,True,0.6,1.0,0.5310044064107188,0.0
607,0.1,9,True,0.6666666666666666,1.0,0.5310044064107188,0.0
608,0.1,9,True,0.5333333333333333,1.0,0.5310044064107188,0.0
609,0.1,9,True,0.6,1.0,0.5310044064107188,0.0
610,0.1,9,True,0.6,1.0,0.5310044064107188,0.0
611,0.1,9,True,0.3962962962962963,0.4444444444444444,0.13903595255631884,1.3921472236645345
612,0.1,9,True,0.7333333333333333,1.0,0.5310044064107188,0.0
613,0.1,9,True,0.6,1.0,0.5310044064107188,0.0
614,0.1,9,True,0.6,1.0,0.5310044064107188,0.0
615,0.1,9,True,0.475925925925926,0.7777777777777778,0.27015330083790245,0.7642045065086203
616,0.1,9,True,0.6,1.0,0.5310044064107188,0.0
617,0.1,9,True,0.4222222222222223,0.5555555555555556,0.14132728892674495,0.9910760598382222
618,0.1,9,True,0.6666666666666666,1.0,0.5310044064107188,0.0
619,0.1,9,True,0.4611111111111111,0.6666666666666666,0.1826545778534897,0.9182958340544896
620,0.1,9,True,0.6074074074074074,0.8888888888888888,0.41832813428211324,0.5032583347756457
621,0.1,9,True,0.6,1.0,0.5310044064107188,0.0
622,0.1,9,True,0.5333333333333333,1.0,0.5310044064107188,0.0
623,0.1,9,True,0.5555555555555555,0.8888888888888888,0.41832813428211324,0.5032583347756457
624,0.1,9,True,0.42962962962962964,0.6666666666666666,0.21452470277266567,1.224394445405986
625,0.1,9,True,0.6,1.0,0.5310044064107188,0.0
626,0.1,9,True,0.42962962962962964,0.6666666666666666,0.21452470277266567,1.224394445405986
627,0.1,9,True,0.32962962962962966,0.7777777777777778,0.27015330083790245,0.7642045065086203
628,0.1,9,True,0.38333333333333336,0.6666666666666666,0.23729309346223382,1.4466166676282082
629,0.1,9,True,0.5333333333333333,1.0,0.5310044064107188,0.0
630,0.1,9,True,0.6,1.0,0.5310044064107188,0.0
631,0.1,9,True,0.5111111111111111,0.8888888888888888,0.41832813428211324,0.5032583347756457
632,0.1,9,True,0.48888888888888893,0.8888888888888888,0.41832813428211324,0.5032583347756457
633,0.1,9,True,0.6,1.0,0.5310044064107188,0.0
634,0.1,9,True,0.6,1.0,0.5310044064107188,0.0
635,0.1,9,True,0.6,1.0,0.5310044064107188,0.0
636,0.1,9,True,0.6666666666666666,1.0,0.5310044064107188,0.0
637,0.1,9,True,0.6,1.0,0.5310044064107188,0.0
638,0.1,9,True,0.6,1.0,0.5310044064107188,0.0
639,0.1,9,True,0.5259259259259259,0.8888888888888888,0.41832813428211324,0.5032583347756457
640,0.1,9,True,0.4944444444444444,0.7777777777777778,0.27015330083790245,0.7642045065086203
641,0.1,9,True,0.6,1.0,0.5310044064107188,0.0
642,0.1,9,True,0.6,1.0,0.5310044064107188,0.0
643,0.1,9,True,0.6,1.0,0.5310044064107188,0.0
644,0.1,9,True,0.48888888888888893,0.8888888888888888,0.41832813428211324,0.5032583347756457
645,0.1,9,True,0.6,1.0,0.5310044064107188,0.0
646,0.1,9,True,0.5333333333333333,1.0,0.5310044064107188,0.0
647,0.1,9,True,0.6,1.0,0.5310044064107188,0.0
648,0.1,9,True,0.6666666666666666,1.0,0.5310044064107188,0.0
649,0.1,9,True,0.5407407407407407,0.8888888888888888,0.41832813428211324,0.5032583347756457
650,0.1,9,True,0.6666666666666666,1.0,0.5310044064107188,0.0
651,0.1,9,True,0.5333333333333333,1.0,0.5310044064107188,0.0
652,0.1,9,True,0.4444444444444444,0.7777777777777778,0.27015330083790245,0.7642045065086203
653,0.1,9,True,0.5333333333333333,1.0,0.5310044064107188,0.0
654,0.1,9,True,0.6,1.0,0.5310044064107188,0.0
655,0.1,9,True,0.6,1.0,0.5310044064107188,0.0
656,0.1,9,True,0.5333333333333333,0.7777777777777778,0.27015330083790245,0.7642045065086203
657,0.2,8,True,0.6,1.0,0.2780719051126377,0.0
658,0.2,8,True,0.5333333333333333,1.0,0.2780719051126377,0.0
659,0.2,8,True,0.6,1.0,0.2780719051126377,0.0
660,0.2,8,True,0.4261904761904762,0.75,0.21452470277266567,1.061278124459133
661,0.2,8,True,0.7333333333333333,1.0,0.2780719051126377,0.0
662,0.2,8,True,0.6833333333333333,0.875,0.27015330083790245,0.5435644431995964
663,0.2,8,True,0.5,0.875,0.27015330083790245,0.5435644431995964
664,0.2,8,True,0.5333333333333333,1.0,0.2780719051126377,0.0
665,0.2,8,True,0.6,1.0,0.2780719051126377,0.0
666,0.2,8,True,0.6,1.0,0.2780719051126377,0.0
667,0.2,8,True,0.6,1.0,0.2780719051126377,0.0
668,0.2,8,True,0.5333333333333333,1.0,0.2780719051126377,0.0
669,0.2,8,True,0.5333333333333333,1.0,0.2780719051126377,0.0
670,0.2,8,True,0.6,1.0,0.2780719051126377,0.0
671,0.2,8,True,0.6,1.0,0.2780719051126377,0.0
672,0.2,8,True,0.5333333333333333,1.0,0.2780719051126377,0.0
673,0.2,8,True,0.5333333333333333,1.0,0.2780719051126377,0.0
674,0.2,8,True,0.5166666666666667,0.875,0.27015330083790245,0.5435644431995964
675,0.2,8,True,0.5333333333333333,1.0,0.2780719051126377,0.0
676,0.2,8,True,0.5333333333333333,1.0,0.2780719051126377,0.0
677,0.1,9,True,0.6,1.0,0.5310044064107188,0.0
678,0.1,9,True,0.6,1.0,0.5310044064107188,0.0
679,0.1,9,True,0.5333333333333333,1.0,0.5310044064107188,0.0
680,0.1,9,True,0.6,1.0,0.5310044064107188,0.0
681,0.1,9,True,0.6,1.0,0.5310044064107188,0.0
682,0.1,9,True,0.6666666666666666,1.0,0.5310044064107188,0.0
683,0.1,9,True,0.6666666666666666,1.0,0.5310044064107188,0.0
684,0.1,9,True,0.6,1.0,0.5310044064107188,0.0
685,0.1,9,True,0.6666666666666666,1.0,0.5310044064107188,0.0
686,0.1,9,True,0.6,1.0,0.5310044064107188,0.0
687,0.1,9,True,0.6,1.0,0.5310044064107188,0.0
688,0.1,9,True,0.47407407407407404,0.8888888888888888,0.41832813428211324,0.5032583347756457
689,0.1,9,True,0.6666666666666666,1.0,0.5310044064107188,0.0
690,0.1,9,True,0.6,1.0,0.5310044064107188,0.0
691,0.1,9,True,0.6666666666666666,1.0,0.5310044064107188,0.0
692,0.1,9,True,0.6,1.0,0.5310044064107188,0.0
693,0.1,9,True,0.42962962962962964,0.8888888888888888,0.41832813428211324,0.5032583347756457
694,0.1,9,True,0.6074074074074074,0.8888888888888888,0.41832813428211324,0.5032583347756457
695,0.1,9,True,0.5333333333333333,1.0,0.5310044064107188,0.0
696,0.1,9,True,0.6,1.0,0.5310044064107188,0.0
697,0.1,9,True,0.6,1.0,0.5310044064107188,0.0
698,0.1,9,True,0.6,1.0,0.5310044064107188,0.0
699,0.1,9,True,0.6,1.0,0.5310044064107188,0.0
700,0.1,9,True,0.6,1.0,0.5310044064107188,0.0
701,0.1,9,True,0.5185185185185185,0.8888888888888888,0.41832813428211324,0.5032583347756457
702,0.1,9,True,0.6,1.0,0.5310044064107188,0.0
703,0.1,9,True,0.6,1.0,0.5310044064107188,0.0
704,0.1,9,True,0.6,1.0,0.5310044064107188,0.0
705,0.1,9,True,0.5333333333333333,1.0,0.5310044064107188,0.0
706,0.1,9,True,0.6,1.0,0.5310044064107188,0.0
707,0.1,9,True,0.5333333333333333,1.0,0.5310044064107188,0.0
708,0.1,9,True,0.6,1.0,0.5310044064107188,0.0
709,0.1,9,True,0.6,1.0,0.5310044064107188,0.0
710,0.1,9,True,0.6,1.0,0.5310044064107188,0.0
711,0.1,9,True,0.5037037037037037,0.8888888888888888,0.41832813428211324,0.5032583347756457
712,0.1,9,True,0.6,1.0,0.5310044064107188,0.0
713,0.1,9,True,0.6,1.0,0.5310044064107188,0.0
714,0.1,9,True,0.5037037037037037,0.8888888888888888,0.41832813428211324,0.5032583347756457
715,0.1,9,True,0.6,1.0,0.5310044064107188,0.0
716,0.1,9,True,0.6,1.0,0.5310044064107188,0.0
717,0.1,9,True,0.6666666666666666,1.0,0.5310044064107188,0.0
718,0.1,9,True,0.475925925925926,0.7777777777777778,0.27015330083790245,0.7642045065086203
719,0.1,9,True,0.6,1.0,0.5310044064107188,0.0
720,0.1,9,True,0.6,1.0,0.5310044064107188,0.0
721,0.1,9,True,0.5074074074074074,0.7777777777777778,0.27015330083790245,0.7642045065086203
722,0.1,9,True,0.5555555555555555,0.8888888888888888,0.41832813428211324,0.5032583347756457
723,0.1,9,True,0.6,1.0,0.5310044064107188,0.0
724,0.1,9,True,0.5333333333333333,1.0,0.5310044064107188,0.0
725,0.1,9,True,0.6,1.0,0.5310044064107188,0.0
726,0.1,9,True,0.5555555555555555,0.8888888888888888,0.41832813428211324,0.5032583347756457
727,0.1,9,True,0.7333333333333333,1.0,0.5310044064107188,0.0
728,0.1,9,True,0.5333333333333333,1.0,0.5310044064107188,0.0
729,0.1,9,True,0.35185185185185186,0.4444444444444444,0.07678032766449228,1.5304930567574824
730,0.1,9,True,0.6,1.0,0.5310044064107188,0.0
731,0.1,9,True,0.5333333333333333,1.0,0.5310044064107188,0.0
732,0.1,9,True,0.5,0.6666666666666666,0.1826545778534897,0.9182958340544896
733,0.1,9,True,0.4685185185185185,0.7777777777777778,0.27015330083790245,0.7642045065086203
734,0.1,9,True,0.5333333333333333,1.0,0.5310044064107188,0.0
735,0.1,9,True,0.5333333333333333,1.0,0.5310044064107188,0.0
736,0.1,9,True,0.5555555555555555,0.8888888888888888,0.41832813428211324,0.5032583347756457
737,1.0,0,False,,,,
738,1.0,0,False,,,,
739,1.0,0,False,,,,
740,1.0,0,False,,,,
741,0.1,9,True,0.5555555555555555,0.8888888888888888,0.41832813428211324,0.5032583347756457
742,0.1,9,True,0.6,1.0,0.5310044064107188,0.0
743,0.1,9,True,0.5555555555555555,0.8888888888888888,0.41832813428211324,0.5032583347756457
744,0.1,9,True,0.48703703703703705,0.7777777777777778,0.32161017527648017,0.9864267287308424
745,0.1,9,True,0.4222222222222223,0.7777777777777778,0.32161017527648017,0.9864267287308424
746,0.1,9,True,0.6,1.0,0.5310044064107188,0.0
747,0.1,9,True,0.34814814814814815,0.5555555555555556,0.15545875354128547,1.6577427265048887
748,0.1,9,True,0.4444444444444444,0.6666666666666666,0.21452470277266567,1.224394445405986
749,0.1,9,True,0.5333333333333333,1.0,0.5310044064107188,0.0
750,0.1,9,True,0.6,1.0,0.5310044064107188,0.0
751,0.1,9,True,0.6,1.0,0.5310044064107188,0.0
752,0.1,9,True,0.6,1.0,0.5310044064107188,0.0
753,0.1,9,True,0.5333333333333333,1.0,0.5310044064107188,0.0
754,0.1,9,True,0.6,1.0,0.5310044064107188,0.0
755,0.1,9,True,0.3611111111111111,0.5555555555555556,0.15545875354128547,1.6577427265048887
756,0.1,9,True,0.5333333333333333,1.0,0.5310044064107188,0.0
757,0.1,9,True,0.6,1.0,0.5310044064107188,0.0
758,0.1,9,True,0.6,1.0,0.5310044064107188,0.0
759,0.1,9,True,0.6,1.0,0.5310044064107188,0.0
760,0.1,9,True,0.5333333333333333,1.0,0.5310044064107188,0.0
761,0.1,9,True,0.5611111111111112,0.7777777777777778,0.27015330083790245,0.7642045065086203
762,0.1,9,True,0.6,1.0,0.5310044064107188,0.0
763,0.1,9,True,0.5333333333333333,1.0,0.5310044064107188,0.0
764,0.1,9,True,0.6666666666666666,1.0,0.5310044064107188,0.0
765,0.1,9,True,0.35185185185185186,0.5555555555555556,0.16402499191349473,1.8799649487271108
766,0.1,9,True,0.6,1.0,0.5310044064107188,0.0
767,0.1,9,True,0.5333333333333333,1.0,0.5310044064107188,0.0
768,0.1,9,True,0.5777777777777778,0.8888888888888888,0.41832813428211324,0.5032583347756457
769,0.1,9,True,0.6,1.0,0.5310044064107188,0.0
770,0.1,9,True,0.5333333333333333,1.0,0.5310044064107188,0.0
771,0.1,9,True,0.6,1.0,0.5310044064107188,0.0
772,0.1,9,True,0.4037037037037037,0.7777777777777778,0.32161017527648017,0.9864267287308424
773,0.1,9,True,0.5111111111111111,0.8888888888888888,0.41832813428211324,0.5032583347756457
774,0.1,9,True,0.5037037037037037,0.8888888888888888,0.41832813428211324,0.5032583347756457
775,0.2,8,True,0.6666666666666666,1.0,0.2780719051126377,0.0
776,0.2,8,True,0.6666666666666666,1.0,0.2780719051126377,0.0
777,0.2,8,True,0.5333333333333333,1.0,0.2780719051126377,0.0
778,0.2,8,True,0.6,1.0,0.2780719051126377,0.0
779,0.2,8,True,0.5333333333333333,1.0,0.2780719051126377,0.0
780,0.2,8,True,0.6666666666666666,1.0,0.2780719051126377,0.0
781,0.2,8,True,0.6,1.0,0.2780719051126377,0.0
782,0.2,8,True,0.6,1.0,0.2780719051126377,0.0
783,0.2,8,True,0.6,1.0,0.2780719051126377,0.0
784,0.2,8,True,0.4523809523809524,0.75,0.13502647928207268,0.8112781244591328
785,0.2,8,True,0.5333333333333333,1.0,0.2780719051126377,0.0
786,0.2,8,True,0.6,1.0,0.2780719051126377,0.0
787,0.2,8,True,0.6,1.0,0.2780719051126377,0.0
788,0.2,8,True,0.6,1.0,0.2780719051126377,0.0
789,0.2,8,True,0.6,1.0,0.2780719051126377,0.0
790,0.2,8,True,0.55,0.875,0.27015330083790245,0.5435644431995964
791,0.2,8,True,0.4666666666666667,0.875,0.27015330083790245,0.5435644431995964
792,0.2,8,True,0.6,1.0,0.2780719051126377,0.0
793,0.2,8,True,0.5333333333333333,1.0,0.2780719051126377,0.0
794,0.2,8,True,0.6,1.0,0.2780719051126377,0.0
795,0.2,8,True,0.6,1.0,0.2780719051126377,0.0
796,0.2,8,True,0.5333333333333333,1.0,0.2780719051126377,0.0
797,0.2,8,True,0.5,0.875,0.27015330083790245,0.5435644431995964
798,0.2,8,True,0.6,1.0,0.2780719051126377,0.0
799,0.2,8,True,0.6,1.0,0.2780719051126377,0.0
800,0.2,8,True,0.5333333333333333,1.0,0.2780719051126377,0.0
801,0.2,8,True,0.7333333333333333,1.0,0.2780719051126377,0.0
802,0.2,8,True,0.6,0.875,0.27015330083790245,0.5435644431995964
803,0.2,8,True,0.5666666666666667,0.875,0.27015330083790245,0.5435644431995964
804,0.2,8,True,0.5333333333333333,1.0,0.2780719051126377,0.0
805,0.2,8,True,0.5333333333333333,1.0,0.2780719051126377,0.0
806,0.2,8,True,0.7333333333333333,1.0,0.2780719051126377,0.0
807,0.2,8,True,0.6666666666666666,1.0,0.2780719051126377,0.0
808,0.2,8,True,0.6,1.0,0.2780719051126377,0.0
809,0.2,8,True,0.5333333333333333,1.0,0.2780719051126377,0.0
810,0.2,8,True,0.5333333333333333,1.0,0.2780719051126377,0.0
811,0.2,8,True,0.6666666666666666,1.0,0.2780719051126377,0.0
812,0.2,8,True,0.5333333333333333,1.0,0.2780719051126377,0.0
813,0.2,8,True,0.8666666666666667,1.0,0.2780719051126377,0.0
814,0.2,8,True,0.6,1.0,0.2780719051126377,0.0
815,0.2,8,True,0.7333333333333333,1.0,0.2780719051126377,0.0
816,0.2,8,True,0.6,1.0,0.2780719051126377,0.0
817,0.2,8,True,0.6,1.0,0.2780719051126377,0.0
818,0.2,8,True,0.6,1.0,0.2780719051126377,0.0
819,0.2,8,True,0.6,1.0,0.2780719051126377,0.0
820,0.2,8,True,0.7333333333333333,1.0,0.2780719051126377,0.0
821,0.2,8,True,0.6,1.0,0.2780719051126377,0.0
822,0.2,8,True,0.5333333333333333,1.0,0.2780719051126377,0.0
823,0.2,8,True,0.5333333333333333,1.0,0.2780719051126377,0.0
824,0.2,8,True,0.5333333333333333,1.0,0.2780719051126377,0.0
825,0.2,8,True,0.6,1.0,0.2780719051126377,0.0
826,0.2,8,True,0.6,1.0,0.2780719051126377,0.0
827,0.2,8,True,0.5333333333333333,1.0,0.2780719051126377,0.0
828,0.2,8,True,0.5333333333333333,1.0,0.2780719051126377,0.0
829,0.2,8,True,0.6666666666666666,1.0,0.2780719051126377,0.0
830,0.2,8,True,0.6,1.0,0.2780719051126377,0.0
831,0.2,8,True,0.6666666666666666,1.0,0.2780719051126377,0.0
832,0.2,8,True,0.6,1.0,0.2780719051126377,0.0
833,0.2,8,True,0.6666666666666666,1.0,0.2780719051126377,0.0
834,0.2,8,True,0.5333333333333333,1.0,0.2780719051126377,0.0
835,0.2,8,True,0.5333333333333333,1.0,0.2780719051126377,0.0
836,0.2,8,True,0.5333333333333333,1.0,0.2780719051126377,0.0
837,0.2,8,True,0.5333333333333333,1.0,0.2780719051126377,0.0
838,0.2,8,True,0.6666666666666666,1.0,0.2780719051126377,0.0
839,0.2,8,True,0.5333333333333333,1.0,0.2780719051126377,0.0
840,0.2,8,True,0.6,1.0,0.2780719051126377,0.0
841,0.2,8,True,0.6,1.0,0.2780719051126377,0.0
842,0.2,8,True,0.6,1.0,0.2780719051126377,0.0
843,0.2,8,True,0.6666666666666666,1.0,0.2780719051126377,0.0
844,0.2,8,True,0.6,1.0,0.2780719051126377,0.0
845,0.2,8,True,0.6666666666666666,1.0,0.2780719051126377,0.0
846,0.2,8,True,0.8666666666666667,1.0,0.2780719051126377,0.0
847,0.2,8,True,0.5333333333333333,1.0,0.2780719051126377,0.0
848,0.2,8,True,0.6,1.0,0.2780719051126377,0.0
849,0.2,8,True,0.7333333333333333,1.0,0.2780719051126377,0.0
850,0.2,8,True,0.5166666666666667,0.875,0.27015330083790245,0.5435644431995964
851,0.3,7,True,0.6,1.0,0.1187091007693073,0.0
852,0.3,7,True,0.6,1.0,0.1187091007693073,0.0
853,0.3,7,True,0.6,1.0,0.1187091007693073,0.0
854,0.3,7,True,0.6,1.0,0.1187091007693073,0.0
855,0.3,7,True,0.6666666666666666,1.0,0.1187091007693073,0.0
856,0.3,7,True,0.6,1.0,0.1187091007693073,0.0
857,0.3,7,True,0.7333333333333333,1.0,0.1187091007693073,0.0
858,0.3,7,True,0.6,1.0,0.1187091007693073,0.0
859,0.3,7,True,0.6,1.0,0.1187091007693073,0.0
860,0.3,7,True,0.6666666666666666,1.0,0.1187091007693073,0.0
861,0.3,7,True,0.5333333333333333,1.0,0.1187091007693073,0.0
862,0.2,8,True,0.5833333333333334,0.875,0.27015330083790245,0.5435644431995964
863,0.2,8,True,0.4166666666666667,0.875,0.27015330083790245,0.5435644431995964
864,0.2,8,True,0.5,0.875,0.27015330083790245,0.5435644431995964
865,0.2,8,True,0.5833333333333334,0.875,0.27015330083790245,0.5435644431995964
866,0.2,8,True,0.5333333333333333,1.0,0.2780719051126377,0.0
867,0.2,8,True,0.4666666666666667,0.875,0.27015330083790245,0.5435644431995964
868,0.2,8,True,0.5333333333333333,1.0,0.2780719051126377,0.0
869,0.1,9,True,0.6,1.0,0.5310044064107188,0.0
870,0.1,9,True,0.7333333333333333,1.0,0.5310044064107188,0.0
871,0.1,9,True,0.5111111111111111,0.8888888888888888,0.41832813428211324,0.5032583347756457
872,0.1,9,True,0.5925925925925927,0.8888888888888888,0.41832813428211324,0.5032583347756457
873,0.1,9,True,0.6,1.0,0.5310044064107188,0.0
874,0.1,9,True,0.5222222222222223,0.7777777777777778,0.27015330083790245,0.7642045065086203
875,0.1,9,True,0.5333333333333333,1.0,0.5310044064107188,0.0
876,0.1,9,True,0.6,1.0,0.5310044064107188,0.0
877,0.1,9,True,0.6,1.0,0.5310044064107188,0.0
878,0.1,9,True,0.5037037037037037,0.8888888888888888,0.41832813428211324,0.5032583347756457
879,1.0,0,False,,,,
880,1.0,0,False,,,,
881,1.0,0,False,,,,
882,0.1,9,True,0.5222222222222223,0.7777777777777778,0.27015330083790245,0.7642045065086203
883,0.1,9,True,0.6666666666666666,1.0,0.5310044064107188,0.0
884,0.1,9,True,0.5333333333333333,1.0,0.5310044064107188,0.0
885,0.1,9,True,0.6,1.0,0.5310044064107188,0.0
886,0.1,9,True,0.5037037037037037,0.8888888888888888,0.41832813428211324,0.5032583347756457
887,0.1,9,True,0.5185185185185185,0.8888888888888888,0.41832813428211324,0.5032583347756457
888,0.1,9,True,0.5185185185185185,0.8888888888888888,0.41832813428211324,0.5032583347756457
889,0.1,9,True,0.6666666666666666,1.0,0.5310044064107188,0.0
890,0.1,9,True,0.5333333333333333,1.0,0.5310044064107188,0.0
891,0.1,9,True,0.5185185185185185,0.8888888888888888,0.41832813428211324,0.5032583347756457
892,0.1,9,True,0.5407407407407407,0.8888888888888888,0.41832813428211324,0.5032583347756457
893,0.1,9,True,0.6,0.8888888888888888,0.41832813428211324,0.5032583347756457
894,0.1,9,True,0.5111111111111111,0.8888888888888888,0.41832813428211324,0.5032583347756457
895,0.1,9,True,0.5703703703703703,0.8888888888888888,0.41832813428211324,0.5032583347756457
896,1.0,0,False,,,,
897,1.0,0,False,,,,
898,1.0,0,False,,,,
899,1.0,0,False,,,,
900,1.0,0,False,,,,
901,1.0,0,False,,,,
902,1.0,0,False,,,,
903,1.0,0,False,,,,
904,1.0,0,False,,,,
905,1.0,0,False,,,,
906,1.0,0,False,,,,
907,1.0,0,False,,,,
908,1.0,0,False,,,,
909,1.0,0,False,,,,
910,1.0,0,False,,,,
911,1.0,0,False,,,,
912,1.0,0,False,,,,
913,1.0,0,False,,,,
914,1.0,0,False,,,,
915,0.1,9,True,0.6148148148148148,0.8888888888888888,0.41832813428211324,0.5032583347756457
916,0.1,9,True,0.55,0.7777777777777778,0.32161017527648017,0.9864267287308424
917,0.1,9,True,0.5037037037037037,0.8888888888888888,0.41832813428211324,0.5032583347756457
918,0.1,9,True,0.6,1.0,0.5310044064107188,0.0
919,0.1,9,True,0.5555555555555555,0.8888888888888888,0.41832813428211324,0.5032583347756457
920,0.1,9,True,0.47407407407407404,0.8888888888888888,0.41832813428211324,0.5032583347756457
921,0.1,9,True,0.5037037037037037,0.8888888888888888,0.41832813428211324,0.5032583347756457
922,0.1,9,True,0.6,1.0,0.5310044064107188,0.0
923,0.1,9,True,0.674074074074074,0.8888888888888888,0.41832813428211324,0.5032583347756457
924,0.1,9,True,0.47407407407407404,0.8888888888888888,0.41832813428211324,0.5032583347756457
925,0.1,9,True,0.7185185185185186,0.8888888888888888,0.41832813428211324,0.5032583347756457
926,0.1,9,True,0.6666666666666666,1.0,0.5310044064107188,0.0
927,0.1,9,True,0.6666666666666666,1.0,0.5310044064107188,0.0
928,0.1,9,True,0.4351851851851852,0.7777777777777778,0.32161017527648017,0.9864267287308424
929,0.1,9,True,0.5333333333333333,1.0,0.5310044064107188,0.0
930,0.1,9,True,0.5333333333333333,1.0,0.5310044064107188,0.0
931,0.1,9,True,0.8666666666666667,1.0,0.5310044064107188,0.0
932,0.1,9,True,0.5611111111111112,0.7777777777777778,0.27015330083790245,0.7642045065086203
933,0.1,9,True,0.5777777777777778,0.8888888888888888,0.41832813428211324,0.5032583347756457
934,0.1,9,True,0.5333333333333333,1.0,0.5310044064107188,0.0
935,0.1,9,True,0.5407407407407407,0.8888888888888888,0.41832813428211324,0.5032583347756457
936,0.1,9,True,0.6074074074074074,0.8888888888888888,0.41832813428211324,0.5032583347756457
937,0.1,9,True,0.5333333333333333,1.0,0.5310044064107188,0.0
938,0.1,9,True,0.6,1.0,0.5310044064107188,0.0
939,0.1,9,True,0.5407407407407407,0.8888888888888888,0.41832813428211324,0.5032583347756457
940,0.1,9,True,0.5333333333333333,1.0,0.5310044064107188,0.0
941,0.1,9,True,0.5333333333333333,1.0,0.5310044064107188,0.0
942,0.1,9,True,0.6666666666666666,1.0,0.5310044064107188,0.0
943,0.1,9,True,0.548148148148148,0.8888888888888888,0.41832813428211324,0.5032583347756457
944,0.1,9,True,0.6666666666666666,1.0,0.5310044064107188,0.0
945,0.1,9,True,0.4611111111111111,0.6666666666666666,0.1826545778534897,0.9182958340544896
946,1.0,0,False,,,,
947,1.0,0,False,,,,
948,1.0,0,False,,,,
949,0.1,9,True,0.42037037037037034,0.7777777777777778,0.32161017527648017,0.9864267287308424
950,0.1,9,True,0.6,1.0,0.5310044064107188,0.0
951,0.1,9,True,0.6370370370370371,0.8888888888888888,0.41832813428211324,0.5032583347756457
952,0.1,9,True,0.6,1.0,0.5310044064107188,0.0
953,0.1,9,True,0.5259259259259259,0.8888888888888888,0.41832813428211324,0.5032583347756457
954,0.1,9,True,0.5333333333333333,1.0,0.5310044064107188,0.0
955,0.1,9,True,0.5333333333333333,1.0,0.5310044064107188,0.0
956,0.1,9,True,0.5333333333333333,1.0,0.5310044064107188,0.0
957,0.1,9,True,0.6666666666666666,1.0,0.5310044064107188,0.0
958,0.1,9,True,0.6666666666666666,1.0,0.5310044064107188,0.0
959,0.1,9,True,0.6,1.0,0.5310044064107188,0.0
960,0.1,9,True,0.5333333333333333,1.0,0.5310044064107188,0.0
961,0.1,9,True,0.6666666666666666,1.0,0.5310044064107188,0.0
962,0.1,9,True,0.4962962962962963,0.8888888888888888,0.41832813428211324,0.5032583347756457
963,0.1,9,True,0.6,1.0,0.5310044064107188,0.0
964,0.1,9,True,0.5333333333333333,1.0,0.5310044064107188,0.0
965,0.1,9,True,0.6666666666666666,1.0,0.5310044064107188,0.0
966,0.1,9,True,0.5333333333333333,1.0,0.5310044064107188,0.0
967,0.1,9,True,0.5333333333333333,1.0,0.5310044064107188,0.0
968,0.1,9,True,0.5333333333333333,1.0,0.5310044064107188,0.0
969,0.1,9,True,0.6666666666666666,1.0,0.5310044064107188,0.0
970,0.1,9,True,0.6666666666666666,1.0,0.5310044064107188,0.0
971,0.1,9,True,0.48888888888888893,0.8888888888888888,0.41832813428211324,0.5032583347756457
972,0.1,9,True,0.5333333333333333,1.0,0.5310044064107188,0.0
973,1.0,0,False,,,,
974,0.1,9,True,0.6666666666666666,1.0,0.5310044064107188,0.0
975,0.1,9,True,0.5333333333333333,1.0,0.5310044064107188,0.0
976,0.1,9,True,0.5555555555555555,0.8888888888888888,0.41832813428211324,0.5032583347756457
977,0.1,9,True,0.47407407407407404,0.8888888888888888,0.41832813428211324,0.5032583347756457
978,0.1,9,True,0.6,1.0,0.5310044064107188,0.0
979,0.1,9,True,0.5333333333333333,1.0,0.5310044064107188,0.0
980,0.1,9,True,0.6,1.0,0.5310044064107188,0.0
981,0.1,9,True,0.4814814814814815,0.8888888888888888,0.41832813428211324,0.5032583347756457
982,0.1,9,True,1.0,1.0,0.5310044064107188,0.0
983,0.1,9,True,0.6666666666666666,1.0,0.5310044064107188,0.0
984,0.1,9,True,0.5555555555555555,0.8888888888888888,0.41832813428211324,0.5032583347756457
985,0.1,9,True,0.6,1.0,0.5310044064107188,0.0
986,0.1,9,True,0.4592592592592593,0.8888888888888888,0.41832813428211324,0.5032583347756457
987,0.1,9,True,0.5185185185185185,0.8888888888888888,0.41832813428211324,0.5032583347756457
988,0.1,9,True,0.5925925925925927,0.8888888888888888,0.41832813428211324,0.5032583347756457
989,0.1,9,True,0.5555555555555555,0.8888888888888888,0.41832813428211324,0.5032583347756457
990,0.1,9,True,0.5037037037037037,0.8888888888888888,0.41832813428211324,0.5032583347756457
991,0.1,9,True,0.6,1.0,0.5310044064107188,0.0
992,0.1,9,True,0.6,1.0,0.5310044064107188,0.0
993,0.1,9,True,0.5555555555555555,0.8888888888888888,0.41832813428211324,0.5032583347756457
994,0.1,9,True,0.5555555555555555,0.8888888888888888,0.41832813428211324,0.5032583347756457
995,0.1,9,True,0.5555555555555555,0.8888888888888888,0.41832813428211324,0.5032583347756457
996,0.1,9,True,0.47222222222222227,0.7777777777777778,0.32161017527648017,0.9864267287308424
997,0.1,9,True,0.5333333333333333,1.0,0.5310044064107188,0.0
998,0.1,9,True,0.4462962962962963,0.7777777777777778,0.32161017527648017,0.9864267287308424
999,0.1,9,True,0.5111111111111111,0.8888888888888888,0.41832813428211324,0.5032583347756457
1000,0.1,9,True,0.6,1.0,0.5310044064107188,0.0
1001,0.1,9,True,0.5333333333333333,1.0,0.5310044064107188,0.0
1002,0.1,9,True,0.6,1.0,0.5310044064107188,0.0
1003,0.1,9,True,0.5111111111111111,0.8888888888888888,0.41832813428211324,0.5032583347756457
1004,0.1,9,True,0.47407407407407404,0.7777777777777778,0.32161017527648017,0.9864267287308424
1005,0.1,9,True,0.437037037037037,0.7777777777777778,0.32161017527648017,0.9864267287308424
1006,0.1,9,True,0.5111111111111111,0.8888888888888888,0.41832813428211324,0.5032583347756457
1007,0.1,9,True,0.3925925925925926,0.7777777777777778,0.32161017527648017,0.9864267287308424
1008,0.1,9,True,0.4592592592592593,0.7777777777777778,0.32161017527648017,0.9864267287308424
1009,0.3,7,True,0.6,1.0,0.1187091007693073,0.0
1010,0.3,7,True,0.6,1.0,0.1187091007693073,0.0
1011,0.3,7,True,0.6,1.0,0.1187091007693073,0.0
1012,0.2,8,True,0.48333333333333334,0.875,0.27015330083790245,0.5435644431995964
1013,0.3,7,True,0.6,1.0,0.1187091007693073,0.0
1014,0.3,7,True,0.5333333333333333,1.0,0.1187091007693073,0.0
1015,0.3,7,True,0.6,1.0,0.1187091007693073,0.0
1016,0.3,7,True,0.6,1.0,0.1187091007693073,0.0
1017,0.3,7,True,0.5333333333333333,1.0,0.1187091007693073,0.0
1018,0.3,7,True,0.6,1.0,0.1187091007693073,0.0
1019,0.3,7,True,0.5333333333333333,1.0,0.1187091007693073,0.0
1020,0.3,7,True,0.6,1.0,0.1187091007693073,0.0
1021,0.3,7,True,0.5333333333333333,1.0,0.1187091007693073,0.0
1022,0.3,7,True,0.8,1.0,0.1187091007693073,0.0
1023,0.3,7,True,0.6666666666666666,1.0,0.1187091007693073,0.0
1024,0.3,7,True,0.5333333333333333,1.0,0.1187091007693073,0.0
1025,0.3,7,True,0.6,1.0,0.1187091007693073,0.0
1026,0.3,7,True,0.6,1.0,0.1187091007693073,0.0
1027,0.3,7,True,0.6,1.0,0.1187091007693073,0.0
1028,0.3,7,True,0.5333333333333333,1.0,0.1187091007693073,0.0
1029,0.3,7,True,0.6,1.0,0.1187091007693073,0.0
1030,0.3,7,True,0.7333333333333333,1.0,0.1187091007693073,0.0
1031,0.3,7,True,0.5333333333333333,1.0,0.1187091007693073,0.0
1032,0.3,7,True,0.6,1.0,0.1187091007693073,0.0
1033,0.3,7,True,0.5333333333333333,1.0,0.1187091007693073,0.0
1034,0.3,7,True,0.6666666666666666,1.0,0.1187091007693073,0.0
1035,0.3,7,True,0.5333333333333333,1.0,0.1187091007693073,0.0
1036,0.3,7,True,0.6,1.0,0.1187091007693073,0.0
1037,0.3,7,True,0.6,1.0,0.1187091007693073,0.0
1038,0.3,7,True,0.6,1.0,0.1187091007693073,0.0
1039,0.3,7,True,0.6,1.0,0.1187091007693073,0.0
1040,0.3,7,True,0.6,1.0,0.1187091007693073,0.0
1041,0.3,7,True,0.6,1.0,0.1187091007693073,0.0
1042,0.3,7,True,0.8,1.0,0.1187091007693073,0.0
1043,0.3,7,True,0.5333333333333333,1.0,0.1187091007693073,0.0
1044,0.3,7,True,0.47619047619047616,0.8571428571428571,0.1826545778534897,0.5916727785823275
1045,0.3,7,True,0.49523809523809526,0.8571428571428571,0.1826545778534897,0.5916727785823275
1046,0.3,7,True,0.6666666666666666,1.0,0.1187091007693073,0.0
1047,0.3,7,True,0.473015873015873,0.7142857142857143,0.06276943678387037,0.863120568566631
1048,0.3,7,True,0.6,1.0,0.1187091007693073,0.0
1049,0.3,7,True,0.6,1.0,0.1187091007693073,0.0
1050,0.3,7,True,0.6,1.0,0.1187091007693073,0.0
1051,0.3,7,True,0.5333333333333333,1.0,0.1187091007693073,0.0
1052,0.3,7,True,0.6,1.0,0.1187091007693073,0.0
1053,0.3,7,True,0.5333333333333333,1.0,0.1187091007693073,0.0
1054,0.3,7,True,0.6,1.0,0.1187091007693073,0.0
1055,0.3,7,True,0.5333333333333333,1.0,0.1187091007693073,0.0
1056,0.2,8,True,0.6,1.0,0.2780719051126377,0.0
1057,0.2,8,True,0.5333333333333333,1.0,0.2780719051126377,0.0
1058,0.2,8,True,0.4666666666666667,0.875,0.27015330083790245,0.5435644431995964
1059,0.2,8,True,0.6666666666666666,1.0,0.2780719051126377,0.0
1060,0.2,8,True,0.5333333333333333,0.875,0.27015330083790245,0.5435644431995964
1061,0.2,8,True,0.4523809523809524,0.75,0.21452470277266567,1.061278124459133
1062,0.2,8,True,0.6,0.875,0.27015330083790245,0.5435644431995964
1063,0.2,8,True,0.5333333333333333,0.875,0.27015330083790245,0.5435644431995964
1064,0.2,8,True,0.4166666666666667,0.875,0.27015330083790245,0.5435644431995964
1065,0.2,8,True,0.5833333333333334,0.875,0.27015330083790245,0.5435644431995964
1066,0.2,8,True,0.5166666666666667,0.875,0.27015330083790245,0.5435644431995964
1067,0.2,8,True,0.5333333333333333,1.0,0.2780719051126377,0.0
1068,0.2,8,True,0.6,1.0,0.2780719051126377,0.0
1069,0.2,8,True,0.44523809523809527,0.75,0.21452470277266567,1.061278124459133
1070,1.0,0,False,,,,
1071,1.0,0,False,,,,
1072,0.2,8,True,0.4,0.875,0.27015330083790245,0.5435644431995964
1073,0.2,8,True,0.5166666666666667,0.875,0.27015330083790245,0.5435644431995964
1074,0.2,8,True,0.48333333333333334,0.875,0.27015330083790245,0.5435644431995964
1075,0.2,8,True,0.40476190476190477,0.75,0.21452470277266567,1.061278124459133
1076,0.2,8,True,0.6,1.0,0.2780719051126377,0.0
1077,0.2,8,True,0.4857142857142857,0.75,0.21452470277266567,1.061278124459133
1078,0.2,8,True,0.48333333333333334,0.875,0.27015330083790245,0.5435644431995964
1079,0.2,8,True,0.4857142857142857,0.75,0.21452470277266567,1.061278124459133
1080,0.2,8,True,0.48333333333333334,0.75,0.13502647928207268,0.8112781244591328
1081,0.2,8,True,0.44285714285714284,0.75,0.21452470277266567,1.061278124459133
1082,0.2,8,True,0.4785714285714286,0.625,0.11951797627815941,1.2987949406953985
1083,0.2,8,True,0.4666666666666667,0.875,0.27015330083790245,0.5435644431995964
1084,0.2,8,True,0.4904761904761905,0.75,0.21452470277266567,1.061278124459133
1085,0.2,8,True,0.4857142857142857,0.75,0.21452470277266567,1.061278124459133
1086,0.2,8,True,0.4904761904761905,0.75,0.21452470277266567,1.061278124459133
1087,0.2,8,True,0.5333333333333333,0.875,0.27015330083790245,0.5435644431995964
1088,0.2,8,True,0.6666666666666666,1.0,0.2780719051126377,0.0
1089,0.2,8,True,0.4380952380952381,0.75,0.21452470277266567,1.061278124459133
1090,0.2,8,True,0.4666666666666667,0.875,0.27015330083790245,0.5435644431995964
1091,0.2,8,True,0.6,1.0,0.2780719051126377,0.0
1092,0.2,8,True,0.6666666666666666,1.0,0.2780719051126377,0.0
1093,0.2,8,True,0.5,0.875,0.27015330083790245,0.5435644431995964
1094,0.2,8,True,0.5333333333333333,1.0,0.2780719051126377,0.0
1095,0.2,8,True,0.6666666666666666,1.0,0.2780719051126377,0.0
1096,0.2,8,True,0.42380952380952386,0.75,0.21452470277266567,1.061278124459133
1097,0.2,8,True,0.6,1.0,0.2780719051126377,0.0
1098,0.2,8,True,0.6666666666666666,1.0,0.2780719051126377,0.0
1099,0.2,8,True,0.8666666666666667,1.0,0.2780719051126377,0.0
1100,0.2,8,True,0.47619047619047616,0.75,0.21452470277266567,1.061278124459133
1101,0.2,8,True,0.6,1.0,0.2780719051126377,0.0
1102,0.2,8,True,0.5333333333333333,1.0,0.2780719051126377,0.0
1103,0.2,8,True,0.6666666666666666,1.0,0.2780719051126377,0.0
1104,0.2,8,True,0.5166666666666667,0.875,0.27015330083790245,0.5435644431995964
1105,0.2,8,True,0.5166666666666667,0.875,0.27015330083790245,0.5435644431995964
1106,0.2,8,True,0.6666666666666666,1.0,0.2780719051126377,0.0
1107,0.2,8,True,0.5333333333333333,1.0,0.2780719051126377,0.0
1108,0.2,8,True,0.6,1.0,0.2780719051126377,0.0
1109,0.2,8,True,0.48333333333333334,0.875,0.27015330083790245,0.5435644431995964
1110,1.0,0,False,,,,
1111,1.0,0,False,,,,
1112,1.0,0,False,,,,
1113,1.0,0,False,,,,
1114,1.0,0,False,,,,
1115,1.0,0,False,,,,
1116,1.0,0,False,,,,
1117,1.0,0,False,,,,
1118,1.0,0,False,,,,
1119,1.0,0,False,,,,
1120,1.0,0,False,,,,
1121,1.0,0,False,,,,
1122,1.0,0,False,,,,
1123,1.0,0,False,,,,
1124,1.0,0,False,,,,
1125,1.0,0,False,,,,
1126,1.0,0,False,,,,
1127,1.0,0,False,,,,
1128,1.0,0,False,,,,
1129,1.0,0,False,,,,
1130,1.0,0,False,,,,
1131,1.0,0,False,,,,
1132,1.0,0,False,,,,
1133,1.0,0,False,,,,
1134,1.0,0,False,,,,
1135,1.0,0,False,,,,
1136,1.0,0,False,,,,
1137,1.0,0,False,,,,
1138,1.0,0,False,,,,
1139,1.0,0,False,,,,
1140,1.0,0,False,,,,
1141,1.0,0,False,,,,
1142,1.0,0,False,,,,
1143,1.0,0,False,,,,
1144,1.0,0,False,,,,
1145,1.0,0,False,,,,
1146,1.0,0,False,,,,
1147,1.0,0,False,,,,
1148,1.0,0,False,,,,
1149,1.0,0,False,,,,
1150,1.0,0,False,,,,
1151,1.0,0,False,,,,
1152,1.0,0,False,,,,
1153,1.0,0,False,,,,
1154,1.0,0,False,,,,
1155,1.0,0,False,,,,
1156,1.0,0,False,,,,
1157,1.0,0,False,,,,
1158,1.0,0,False,,,,
1159,1.0,0,False,,,,
1160,1.0,0,False,,,,
1161,1.0,0,False,,,,
1162,1.0,0,False,,,,
1163,1.0,0,False,,,,
1164,1.0,0,False,,,,
1165,1.0,0,False,,,,
1166,1.0,0,False,,,,
1167,1.0,0,False,,,,
1168,1.0,0,False,,,,
1169,1.0,0,False,,,,
1170,1.0,0,False,,,,
1171,1.0,0,False,,,,
1172,1.0,0,False,,,,
1173,1.0,0,False,,,,
1174,1.0,0,False,,,,
1175,1.0,0,False,,,,
1176,1.0,0,False,,,,
1177,1.0,0,False,,,,
1178,1.0,0,False,,,,
1179,1.0,0,False,,,,
1180,1.0,0,False,,,,
1181,1.0,0,False,,,,
1182,1.0,0,False,,,,
1183,1.0,0,False,,,,
1184,1.0,0,False,,,,
1185,1.0,0,False,,,,
1186,1.0,0,False,,,,
1187,1.0,0,False,,,,
1188,1.0,0,False,,,,
1189,1.0,0,False,,,,
1190,1.0,0,False,,,,
1191,1.0,0,False,,,,
1192,1.0,0,False,,,,
1193,1.0,0,False,,,,
1194,1.0,0,False,,,,
1195,1.0,0,False,,,,
1196,1.0,0,False,,,,
1197,1.0,0,False,,,,
1198,1.0,0,False,,,,
1199,1.0,0,False,,,,
1200,1.0,0,False,,,,
1201,1.0,0,False,,,,
1202,1.0,0,False,,,,
1203,1.0,0,False,,,,
1204,1.0,0,False,,,,
1205,1.0,0,False,,,,
1206,1.0,0,False,,,,
1207,1.0,0,False,,,,
1208,1.0,0,False,,,,
1209,1.0,0,False,,,,
1210,1.0,0,False,,,,
1211,1.0,0,False,,,,
1212,1.0,0,False,,,,
1213,1.0,0,False,,,,
1214,1.0,0,False,,,,
1215,1.0,0,False,,,,
1216,1.0,0,False,,,,
1217,0.2,8,True,0.6166666666666667,0.875,0.27015330083790245,0.5435644431995964
1218,0.2,8,True,0.6,1.0,0.2780719051126377,0.0
1219,0.2,8,True,0.55,0.875,0.27015330083790245,0.5435644431995964
1220,0.2,8,True,0.6,1.0,0.2780719051126377,0.0
1221,0.2,8,True,0.5,0.875,0.27015330083790245,0.5435644431995964
1222,0.2,8,True,0.5333333333333333,1.0,0.2780719051126377,0.0
1223,0.2,8,True,0.55,0.875,0.27015330083790245,0.5435644431995964
1224,0.2,8,True,0.6,1.0,0.2780719051126377,0.0
1225,0.2,8,True,0.6,1.0,0.2780719051126377,0.0
1226,0.2,8,True,0.5666666666666667,0.875,0.27015330083790245,0.5435644431995964
1227,0.2,8,True,0.6,1.0,0.2780719051126377,0.0
1228,0.2,8,True,0.5333333333333333,1.0,0.2780719051126377,0.0
1229,0.2,8,True,0.43333333333333335,0.875,0.27015330083790245,0.5435644431995964
1230,0.2,8,True,0.6,1.0,0.2780719051126377,0.0
1231,0.2,8,True,0.55,0.875,0.27015330083790245,0.5435644431995964
1232,0.2,8,True,0.6,1.0,0.2780719051126377,0.0
1233,0.2,8,True,0.5333333333333333,1.0,0.2780719051126377,0.0
1234,0.2,8,True,0.6,1.0,0.2780719051126377,0.0
1235,0.2,8,True,0.6666666666666666,1.0,0.2780719051126377,0.0
1236,0.2,8,True,0.6,1.0,0.2780719051126377,0.0
1237,0.2,8,True,0.5666666666666667,0.875,0.27015330083790245,0.5435644431995964
1238,0.2,8,True,0.6,1.0,0.2780719051126377,0.0
1239,0.2,8,True,0.6,1.0,0.2780719051126377,0.0
1240,0.2,8,True,0.6,1.0,0.2780719051126377,0.0
1241,0.2,8,True,0.6,1.0,0.2780719051126377,0.0
1242,0.2,8,True,0.5333333333333333,1.0,0.2780719051126377,0.0
1243,0.2,8,True,0.48333333333333334,0.75,0.21452470277266567,1.061278124459133
1244,0.2,8,True,0.5166666666666667,0.875,0.27015330083790245,0.5435644431995964
1245,0.2,8,True,0.6,1.0,0.2780719051126377,0.0
1246,0.2,8,True,0.5333333333333333,1.0,0.2780719051126377,0.0
1247,0.2,8,True,0.6,0.875,0.27015330083790245,0.5435644431995964
1248,0.2,8,True,0.5666666666666667,0.625,0.06276943678387037,0.954434002924965
1249,0.2,8,True,0.5166666666666667,0.875,0.27015330083790245,0.5435644431995964
1250,0.2,8,True,0.55,0.875,0.27015330083790245,0.5435644431995964
1251,0.2,8,True,0.5666666666666667,0.875,0.27015330083790245,0.5435644431995964
1252,0.2,8,True,0.5166666666666667,0.875,0.27015330083790245,0.5435644431995964
1253,0.2,8,True,0.5333333333333333,1.0,0.2780719051126377,0.0
1254,0.2,8,True,0.5333333333333333,0.875,0.27015330083790245,0.5435644431995964
1255,0.2,8,True,0.5333333333333333,0.875,0.27015330083790245,0.5435644431995964
1256,0.2,8,True,0.5,0.875,0.27015330083790245,0.5435644431995964
1257,0.2,8,True,0.5,0.875,0.27015330083790245,0.5435644431995964
1258,0.2,8,True,0.4904761904761905,0.75,0.21452470277266567,1.061278124459133
1259,0.2,8,True,0.5,0.875,0.27015330083790245,0.5435644431995964
1260,0.2,8,True,0.5333333333333333,1.0,0.2780719051126377,0.0
1261,0.2,8,True,0.41904761904761906,0.625,0.15545875354128547,1.5487949406953985
1262,0.2,8,True,0.4142857142857143,0.75,0.21452470277266567,1.061278124459133
1263,0.2,8,True,0.7833333333333333,0.875,0.27015330083790245,0.5435644431995964
1264,0.2,8,True,0.5166666666666667,0.875,0.27015330083790245,0.5435644431995964
1265,0.2,8,True,0.5166666666666667,0.875,0.27015330083790245,0.5435644431995964
1266,0.2,8,True,0.5333333333333333,0.875,0.27015330083790245,0.5435644431995964
1267,0.2,8,True,0.5166666666666667,0.875,0.27015330083790245,0.5435644431995964
1268,0.2,8,True,0.5,0.875,0.27015330083790245,0.5435644431995964
1269,0.2,8,True,0.6,1.0,0.2780719051126377,0.0
1270,0.2,8,True,0.6666666666666666,1.0,0.2780719051126377,0.0
1271,0.2,8,True,0.55,0.875,0.27015330083790245,0.5435644431995964
1272,0.2,8,True,0.46904761904761905,0.75,0.21452470277266567,1.061278124459133
1273,0.2,8,True,0.6,1.0,0.2780719051126377,0.0
1274,0.2,8,True,0.5333333333333333,1.0,0.2780719051126377,0.0
1275,0.2,8,True,0.5,0.875,0.27015330083790245,0.5435644431995964
1276,0.2,8,True,0.4404761904761905,0.75,0.21452470277266567,1.061278124459133
1277,0.2,8,True,0.5333333333333333,1.0,0.2780719051126377,0.0
1278,0.2,8,True,0.5333333333333333,0.875,0.27015330083790245,0.5435644431995964
1279,0.2,8,True,0.6,1.0,0.2780719051126377,0.0
1280,0.2,8,True,0.55,0.875,0.27015330083790245,0.5435644431995964
1281,0.2,8,True,0.6,1.0,0.2780719051126377,0.0
1282,0.2,8,True,0.47380952380952385,0.75,0.21452470277266567,1.061278124459133
1283,0.2,8,True,0.55,0.875,0.27015330083790245,0.5435644431995964
1284,0.2,8,True,0.8,1.0,0.2780719051126377,0.0
1285,0.2,8,True,0.55,0.875,0.27015330083790245,0.5435644431995964
1286,0.2,8,True,0.6,1.0,0.2780719051126377,0.0
1287,0.2,8,True,0.4166666666666667,0.875,0.27015330083790245,0.5435644431995964
1288,1.0,0,False,,,,
1289,1.0,0,False,,,,
1290,1.0,0,False,,,,
1291,1.0,0,False,,,,
1292,1.0,0,False,,,,
1293,1.0,0,False,,,,
1294,1.0,0,False,,,,
1295,0.2,8,True,0.5166666666666667,0.875,0.27015330083790245,0.5435644431995964
1296,0.2,8,True,0.5833333333333334,0.875,0.27015330083790245,0.5435644431995964
1297,0.2,8,True,0.6,1.0,0.2780719051126377,0.0
1298,0.2,8,True,0.5,0.875,0.27015330083790245,0.5435644431995964
1299,0.2,8,True,0.48333333333333334,0.875,0.27015330083790245,0.5435644431995964
1300,0.2,8,True,0.45,0.875,0.27015330083790245,0.5435644431995964
1301,0.2,8,True,0.55,0.875,0.27015330083790245,0.5435644431995964
1302,0.2,8,True,0.4166666666666667,0.875,0.27015330083790245,0.5435644431995964
1303,0.2,8,True,0.6,1.0,0.2780719051126377,0.0
1304,0.2,8,True,0.55,0.875,0.27015330083790245,0.5435644431995964
1305,1.0,0,False,,,,
1306,1.0,0,False,,,,
1307,1.0,0,False,,,,
1308,1.0,0,False,,,,
1309,1.0,0,False,,,,
1310,1.0,0,False,,,,
1311,1.0,0,False,,,,
1312,1.0,0,False,,,,
1313,1.0,0,False,,,,
1314,1.0,0,False,,,,
1315,1.0,0,False,,,,
1316,1.0,0,False,,,,
1317,0.2,8,True,0.5333333333333333,1.0,0.2780719051126377,0.0
1318,0.2,8,True,0.6,1.0,0.2780719051126377,0.0
1319,0.2,8,True,0.5833333333333334,0.875,0.27015330083790245,0.5435644431995964
1320,0.2,8,True,0.5333333333333333,0.875,0.27015330083790245,0.5435644431995964
1321,0.2,8,True,0.6166666666666667,0.875,0.27015330083790245,0.5435644431995964
1322,0.2,8,True,0.43333333333333335,0.875,0.27015330083790245,0.5435644431995964
1323,0.2,8,True,0.4666666666666667,0.875,0.27015330083790245,0.5435644431995964
1324,0.2,8,True,0.5333333333333333,0.875,0.27015330083790245,0.5435644431995964
1325,0.2,8,True,0.6,1.0,0.2780719051126377,0.0
1326,0.2,8,True,0.4666666666666667,0.875,0.27015330083790245,0.5435644431995964
1327,0.2,8,True,0.6,1.0,0.2780719051126377,0.0
1328,0.2,8,True,0.5166666666666667,0.875,0.27015330083790245,0.5435644431995964
1329,0.2,8,True,0.5333333333333333,0.875,0.27015330083790245,0.5435644431995964
1330,0.2,8,True,0.55,0.875,0.27015330083790245,0.5435644431995964
1331,0.2,8,True,0.5,0.875,0.27015330083790245,0.5435644431995964
1332,0.2,8,True,0.5666666666666667,0.875,0.27015330083790245,0.5435644431995964
1333,0.2,8,True,0.5357142857142857,0.75,0.21452470277266567,1.061278124459133
1334,0.2,8,True,0.4666666666666667,0.875,0.27015330083790245,0.5435644431995964
1335,0.2,8,True,0.5,0.875,0.27015330083790245,0.5435644431995964
1336,0.2,8,True,0.55,0.875,0.27015330083790245,0.5435644431995964
1337,0.2,8,True,0.55,0.875,0.27015330083790245,0.5435644431995964
1338,0.2,8,True,0.5,0.875,0.27015330083790245,0.5435644431995964
1339,0.2,8,True,0.6,1.0,0.2780719051126377,0.0
1340,0.2,8,True,0.6,1.0,0.2780719051126377,0.0
1341,0.2,8,True,0.5,0.875,0.27015330083790245,0.5435644431995964
1342,0.2,8,True,0.5333333333333333,1.0,0.2780719051126377,0.0
1343,0.2,8,True,0.5,0.875,0.27015330083790245,0.5435644431995964
1344,0.2,8,True,0.4,0.625,0.11951797627815941,1.2987949406953985
1345,0.2,8,True,0.45,0.875,0.27015330083790245,0.5435644431995964
1346,0.2,8,True,0.6666666666666666,1.0,0.2780719051126377,0.0
1347,0.2,8,True,0.55,0.875,0.27015330083790245,0.5435644431995964
1348,0.2,8,True,0.6,1.0,0.2780719051126377,0.0
1349,0.2,8,True,0.4095238095238095,0.625,0.15545875354128547,1.5487949406953985
1350,0.2,8,True,0.5166666666666667,0.875,0.27015330083790245,0.5435644431995964
1351,0.2,8,True,0.5404761904761906,0.75,0.21452470277266567,1.061278124459133
1352,0.2,8,True,0.5333333333333333,1.0,0.2780719051126377,0.0
1353,0.2,8,True,0.6,1.0,0.2780719051126377,0.0
1354,0.2,8,True,0.6,1.0,0.2780719051126377,0.0
1355,0.2,8,True,0.6,1.0,0.2780719051126377,0.0
1356,0.2,8,True,0.4666666666666667,0.875,0.27015330083790245,0.5435644431995964
1357,0.2,8,True,0.5166666666666667,0.875,0.27015330083790245,0.5435644431995964
1358,0.2,8,True,0.5333333333333333,1.0,0.2780719051126377,0.0
1359,0.2,8,True,0.5333333333333333,1.0,0.2780719051126377,0.0
1360,0.2,8,True,0.6,1.0,0.2780719051126377,0.0
1361,0.2,8,True,0.5166666666666667,0.875,0.27015330083790245,0.5435644431995964
1362,0.2,8,True,0.5166666666666667,0.875,0.27015330083790245,0.5435644431995964
1363,0.2,8,True,0.5333333333333333,1.0,0.2780719051126377,0.0
1364,0.2,8,True,0.6,1.0,0.2780719051126377,0.0
1365,0.2,8,True,0.5166666666666667,0.875,0.27015330083790245,0.5435644431995964
1366,0.2,8,True,0.6,1.0,0.2780719051126377,0.0
1367,0.2,8,True,0.6,1.0,0.2780719051126377,0.0
1368,0.2,8,True,0.43333333333333335,0.875,0.27015330083790245,0.5435644431995964
1369,0.2,8,True,0.5333333333333333,0.875,0.27015330083790245,0.5435644431995964
1370,0.2,8,True,0.6,1.0,0.2780719051126377,0.0
1371,0.2,8,True,0.8,1.0,0.2780719051126377,0.0
1372,0.2,8,True,0.6666666666666666,1.0,0.2780719051126377,0.0
1373,0.2,8,True,0.5,0.875,0.27015330083790245,0.5435644431995964
1374,0.2,8,True,0.5333333333333333,1.0,0.2780719051126377,0.0
1375,0.2,8,True,0.48333333333333334,0.875,0.27015330083790245,0.5435644431995964
1376,0.2,8,True,0.45,0.875,0.27015330083790245,0.5435644431995964
1377,0.2,8,True,0.8666666666666667,1.0,0.2780719051126377,0.0
1378,0.2,8,True,0.6,1.0,0.2780719051126377,0.0
1379,0.2,8,True,0.5333333333333333,0.875,0.27015330083790245,0.5435644431995964
1380,0.2,8,True,0.6,1.0,0.2780719051126377,0.0
1381,0.2,8,True,0.6666666666666666,1.0,0.2780719051126377,0.0
1382,0.2,8,True,0.5,0.875,0.27015330083790245,0.5435644431995964
1383,0.2,8,True,0.6,1.0,0.2780719051126377,0.0
1384,0.2,8,True,0.5,0.875,0.27015330083790245,0.5435644431995964
1385,0.2,8,True,0.5833333333333334,0.875,0.27015330083790245,0.5435644431995964
1386,0.2,8,True,0.5333333333333333,1.0,0.2780719051126377,0.0
1387,0.2,8,True,0.37619047619047613,0.75,0.21452470277266567,1.061278124459133
1388,0.2,8,True,0.39761904761904765,0.75,0.21452470277266567,1.061278124459133
1389,0.2,8,True,0.6666666666666666,1.0,0.2780719051126377,0.0
1390,0.2,8,True,0.5333333333333333,0.875,0.27015330083790245,0.5435644431995964
1391,0.2,8,True,0.55,0.875,0.27015330083790245,0.5435644431995964
1392,0.2,8,True,0.6666666666666666,1.0,0.2780719051126377,0.0
1393,0.2,8,True,0.6666666666666666,1.0,0.2780719051126377,0.0
1394,0.2,8,True,0.5333333333333333,1.0,0.2780719051126377,0.0
1395,0.2,8,True,0.5333333333333333,1.0,0.2780719051126377,0.0
1396,0.2,8,True,0.55,0.875,0.27015330083790245,0.5435644431995964
1397,0.2,8,True,0.380952380952381,0.75,0.21452470277266567,1.061278124459133
1398,0.2,8,True,0.6,1.0,0.2780719051126377,0.0
1399,0.2,8,True,0.5,0.875,0.27015330083790245,0.5435644431995964
1400,0.2,8,True,0.4095238095238095,0.5,0.03977028213923883,1.0
1401,0.2,8,True,0.48333333333333334,0.875,0.27015330083790245,0.5435644431995964
1402,0.2,8,True,0.55,0.875,0.27015330083790245,0.5435644431995964
1403,0.2,8,True,0.4095238095238095,0.75,0.21452470277266567,1.061278124459133
1404,0.2,8,True,0.6,1.0,0.2780719051126377,0.0
1405,0.2,8,True,0.5,0.5,0.03977028213923883,1.0
1406,1.0,0,False,,,,
1407,1.0,0,False,,,,
1408,1.0,0,False,,,,
1409,1.0,0,False,,,,
1410,1.0,0,False,,,,
1411,1.0,0,False,,,,
1412,1.0,0,False,,,,
1413,1.0,0,False,,,,
1414,1.0,0,False,,,,
1415,1.0,0,False,,,,
1416,1.0,0,False,,,,
1417,0.3,7,True,0.42539682539682544,0.7142857142857143,0.1572623513863327,1.1488348542809166
1418,0.3,7,True,0.3873015873015873,0.5714285714285714,0.07678032766449228,1.3787834934861753
1419,0.3,7,True,0.5333333333333333,1.0,0.1187091007693073,0.0
1420,0.3,7,True,0.41904761904761906,0.5714285714285714,0.008840528567781392,0.9852281360342515
1421,0.3,7,True,0.4380952380952381,0.8571428571428571,0.1826545778534897,0.5916727785823275
1422,0.2,8,True,0.44285714285714284,0.75,0.21452470277266567,1.061278124459133
1423,0.2,8,True,0.44285714285714284,0.75,0.21452470277266567,1.061278124459133
1424,0.2,8,True,0.39761904761904765,0.625,0.11951797627815941,1.2987949406953985
1425,0.2,8,True,0.48333333333333334,0.875,0.27015330083790245,0.5435644431995964
1426,0.2,8,True,0.3619047619047619,0.5,0.08613531161467847,1.75
1427,0.2,8,True,0.4595238095238095,0.625,0.11951797627815941,1.2987949406953985
1428,0.2,8,True,0.65,0.875,0.27015330083790245,0.5435644431995964
1429,0.2,8,True,0.45,0.875,0.27015330083790245,0.5435644431995964
1430,0.2,8,True,0.5142857142857143,0.75,0.13502647928207268,0.8112781244591328
1431,0.2,8,True,0.6,1.0,0.2780719051126377,0.0
1432,0.2,8,True,0.45,0.875,0.27015330083790245,0.5435644431995964
1433,0.2,8,True,0.45,0.875,0.27015330083790245,0.5435644431995964
1434,0.2,8,True,0.5333333333333333,1.0,0.2780719051126377,0.0
1435,0.2,8,True,0.5333333333333333,0.875,0.27015330083790245,0.5435644431995964
1436,0.2,8,True,0.5333333333333333,1.0,0.2780719051126377,0.0
1437,0.2,8,True,0.6666666666666666,1.0,0.2780719051126377,0.0
1438,0.2,8,True,0.7333333333333333,1.0,0.2780719051126377,0.0
1439,0.2,8,True,0.4095238095238095,0.5,0.03977028213923883,1.0
1440,0.2,8,True,0.4976190476190476,0.75,0.21452470277266567,1.061278124459133
1441,0.2,8,True,0.5333333333333333,1.0,0.2780719051126377,0.0
1442,0.2,8,True,0.32380952380952377,0.5,0.08613531161467847,1.75
1443,0.2,8,True,0.5333333333333333,0.875,0.27015330083790245,0.5435644431995964
1444,0.2,8,True,0.6666666666666666,1.0,0.2780719051126377,0.0
1445,0.2,8,True,0.5333333333333333,1.0,0.2780719051126377,0.0
1446,0.2,8,True,0.6,1.0,0.2780719051126377,0.0
1447,0.2,8,True,0.6666666666666666,1.0,0.2780719051126377,0.0
1448,0.2,8,True,0.39761904761904765,0.75,0.21452470277266567,1.061278124459133
1449,0.2,8,True,0.35238095238095235,0.625,0.15545875354128547,1.5487949406953985
1450,0.2,8,True,0.4261904761904762,0.625,0.06276943678387037,0.954434002924965
1451,0.2,8,True,0.5166666666666667,0.75,0.13502647928207268,0.8112781244591328
1452,0.2,8,True,0.4404761904761905,0.5,0.07678032766449228,1.4056390622295665
1453,0.2,8,True,0.55,0.875,0.27015330083790245,0.5435644431995964
1454,0.2,8,True,0.5333333333333333,1.0,0.2780719051126377,0.0
1455,0.2,8,True,0.5333333333333333,0.875,0.27015330083790245,0.5435644431995964
1456,0.2,8,True,0.4023809523809524,0.75,0.21452470277266567,1.061278124459133
1457,0.2,8,True,0.5166666666666667,0.875,0.27015330083790245,0.5435644431995964
1458,0.2,8,True,0.55,0.875,0.27015330083790245,0.5435644431995964
1459,0.2,8,True,0.5833333333333334,0.875,0.27015330083790245,0.5435644431995964
1460,0.2,8,True,0.369047619047619,0.625,0.11951797627815941,1.2987949406953985
1461,0.2,8,True,0.5,0.875,0.27015330083790245,0.5435644431995964
1462,0.2,8,True,0.5166666666666667,0.875,0.27015330083790245,0.5435644431995964
1463,0.2,8,True,0.6,1.0,0.2780719051126377,0.0
1464,0.2,8,True,0.4880952380952381,0.75,0.21452470277266567,1.061278124459133
1465,0.2,8,True,0.47619047619047616,0.75,0.13502647928207268,0.8112781244591328
1466,0.2,8,True,0.5666666666666667,0.875,0.27015330083790245,0.5435644431995964
1467,0.2,8,True,0.5166666666666667,0.875,0.27015330083790245,0.5435644431995964
1468,0.2,8,True,0.5333333333333333,0.875,0.27015330083790245,0.5435644431995964
1469,0.2,8,True,0.55,0.875,0.27015330083790245,0.5435644431995964
1470,0.2,8,True,0.5333333333333333,1.0,0.2780719051126377,0.0
1471,0.2,8,True,0.49523809523809526,0.5,0.03977028213923883,1.0
1472,0.2,8,True,0.5333333333333333,1.0,0.2780719051126377,0.0
1473,0.2,8,True,0.5166666666666667,0.875,0.27015330083790245,0.5435644431995964
1474,0.2,8,True,0.55,0.875,0.27015330083790245,0.5435644431995964
1475,0.2,8,True,0.45,0.875,0.27015330083790245,0.5435644431995964
1476,0.2,8,True,0.44761904761904764,0.75,0.13502647928207268,0.8112781244591328
1477,0.2,8,True,0.4666666666666667,0.875,0.27015330083790245,0.5435644431995964
1478,0.2,8,True,0.7333333333333333,1.0,0.2780719051126377,0.0
1479,0.2,8,True,0.6666666666666666,1.0,0.2780719051126377,0.0
1480,0.2,8,True,0.55,0.875,0.27015330083790245,0.5435644431995964
1481,0.2,8,True,0.55,0.875,0.27015330083790245,0.5435644431995964
1482,0.2,8,True,0.5333333333333333,1.0,0.2780719051126377,0.0
1483,0.2,8,True,0.5333333333333333,0.875,0.27015330083790245,0.5435644431995964
1484,0.2,8,True,0.6,1.0,0.2780719051126377,0.0
1485,0.2,8,True,0.6,1.0,0.2780719051126377,0.0
1486,0.2,8,True,0.5333333333333333,1.0,0.2780719051126377,0.0
1487,0.2,8,True,0.55,0.875,0.27015330083790245,0.5435644431995964
1488,0.2,8,True,0.43333333333333335,0.875,0.27015330083790245,0.5435644431995964
1489,0.2,8,True,0.4666666666666667,0.875,0.27015330083790245,0.5435644431995964
1490,0.2,8,True,0.6,1.0,0.2780719051126377,0.0
1491,0.2,8,True,0.5833333333333334,0.875,0.27015330083790245,0.5435644431995964
1492,0.2,8,True,0.6,1.0,0.2780719051126377,0.0
1493,0.2,8,True,0.6666666666666666,1.0,0.2780719051126377,0.0
1494,0.2,8,True,0.6,1.0,0.2780719051126377,0.0
1495,0.2,8,True,0.6,1.0,0.2780719051126377,0.0
1496,0.2,8,True,0.5333333333333333,0.875,0.27015330083790245,0.5435644431995964
1497,0.2,8,True,0.45,0.875,0.27015330083790245,0.5435644431995964
1498,0.2,8,True,0.6,0.875,0.27015330083790245,0.5435644431995964
1499,0.2,8,True,0.5,0.875,0.27015330083790245,0.5435644431995964
1500,0.2,8,True,0.6666666666666666,1.0,0.2780719051126377,0.0
1501,0.2,8,True,0.6,1.0,0.2780719051126377,0.0
1502,0.2,8,True,0.5333333333333333,1.0,0.2780719051126377,0.0
1503,0.2,8,True,0.48333333333333334,0.875,0.27015330083790245,0.5435644431995964
1504,0.2,8,True,0.6,1.0,0.2780719051126377,0.0
1505,0.2,8,True,0.6,1.0,0.2780719051126377,0.0
1506,0.2,8,True,0.5166666666666667,0.875,0.27015330083790245,0.5435644431995964
1507,0.2,8,True,0.5333333333333333,1.0,0.2780719051126377,0.0
1508,0.2,8,True,0.55,0.875,0.27015330083790245,0.5435644431995964
1509,0.2,8,True,0.4666666666666667,0.875,0.27015330083790245,0.5435644431995964
1510,0.2,8,True,0.48333333333333334,0.875,0.27015330083790245,0.5435644431995964
1511,0.2,8,True,0.6,1.0,0.2780719051126377,0.0
1512,0.2,8,True,0.6,1.0,0.2780719051126377,0.0
1513,0.2,8,True,0.45,0.875,0.27015330083790245,0.5435644431995964
1514,0.2,8,True,0.6666666666666666,1.0,0.2780719051126377,0.0
1515,0.2,8,True,0.6,1.0,0.2780719051126377,0.0
1516,0.2,8,True,0.55,0.875,0.27015330083790245,0.5435644431995964
1517,0.2,8,True,0.4380952380952381,0.75,0.21452470277266567,1.061278124459133
1518,0.2,8,True,0.6,1.0,0.2780719051126377,0.0
1519,0.2,8,True,0.6,1.0,0.2780719051126377,0.0
1520,0.2,8,True,0.5166666666666667,0.875,0.27015330083790245,0.5435644431995964
1521,0.2,8,True,0.6,1.0,0.2780719051126377,0.0
1522,0.2,8,True,0.6166666666666667,0.875,0.27015330083790245,0.5435644431995964
1523,0.2,8,True,0.6,0.875,0.27015330083790245,0.5435644431995964
1524,0.2,8,True,0.48333333333333334,0.875,0.27015330083790245,0.5435644431995964
1525,0.2,8,True,0.6666666666666666,1.0,0.2780719051126377,0.0
1526,0.2,8,True,0.5833333333333334,0.875,0.27015330083790245,0.5435644431995964
1527,0.2,8,True,0.4095238095238095,0.75,0.21452470277266567,1.061278124459133
1528,0.2,8,True,0.8666666666666667,1.0,0.2780719051126377,0.0
1529,0.2,8,True,0.6666666666666666,1.0,0.2780719051126377,0.0
1530,0.2,8,True,0.6,1.0,0.2780719051126377,0.0
1531,0.2,8,True,0.45,0.875,0.27015330083790245,0.5435644431995964
1532,0.2,8,True,0.4666666666666667,0.875,0.27015330083790245,0.5435644431995964
1533,0.2,8,True,0.48333333333333334,0.875,0.27015330083790245,0.5435644431995964
1534,0.2,8,True,0.5,0.875,0.27015330083790245,0.5435644431995964
1535,0.2,8,True,0.5166666666666667,0.875,0.27015330083790245,0.5435644431995964
1536,0.2,8,True,0.5333333333333333,1.0,0.2780719051126377,0.0
1537,0.2,8,True,0.6666666666666666,1.0,0.2780719051126377,0.0
1538,0.2,8,True,0.55,0.875,0.27015330083790245,0.5435644431995964
1539,0.2,8,True,0.5166666666666667,0.875,0.27015330083790245,0.5435644431995964
1540,0.2,8,True,0.7333333333333333,1.0,0.2780719051126377,0.0
1541,0.2,8,True,0.6,1.0,0.2780719051126377,0.0
1542,0.2,8,True,0.45,0.875,0.27015330083790245,0.5435644431995964
1543,0.2,8,True,0.5333333333333333,1.0,0.2780719051126377,0.0
1544,0.2,8,True,0.45,0.875,0.27015330083790245,0.5435644431995964
1545,0.2,8,True,0.6,1.0,0.2780719051126377,0.0
1546,0.2,8,True,0.6666666666666666,1.0,0.2780719051126377,0.0
1547,0.2,8,True,0.5333333333333333,1.0,0.2780719051126377,0.0
1548,1.0,0,False,,,,
1549,1.0,0,False,,,,
1550,1.0,0,False,,,,
1551,1.0,0,False,,,,
1552,0.2,8,True,0.5333333333333333,1.0,0.2780719051126377,0.0
1553,0.2,8,True,0.5333333333333333,1.0,0.2780719051126377,0.0
1554,0.2,8,True,0.6,1.0,0.2780719051126377,0.0
1555,0.2,8,True,0.5333333333333333,1.0,0.2780719051126377,0.0
1556,0.2,8,True,0.6666666666666666,1.0,0.2780719051126377,0.0
1557,0.2,8,True,0.5333333333333333,1.0,0.2780719051126377,0.0
1558,0.2,8,True,0.5666666666666667,0.875,0.27015330083790245,0.5435644431995964
1559,0.2,8,True,0.7333333333333333,1.0,0.2780719051126377,0.0
1560,0.2,8,True,0.6,1.0,0.2780719051126377,0.0
1561,0.2,8,True,0.6666666666666666,1.0,0.2780719051126377,0.0
1562,0.2,8,True,0.7333333333333333,1.0,0.2780719051126377,0.0
1563,0.2,8,True,0.6,1.0,0.2780719051126377,0.0
1564,0.2,8,True,0.6,1.0,0.2780719051126377,0.0
1565,0.2,8,True,0.7333333333333333,1.0,0.2780719051126377,0.0
1566,0.2,8,True,0.7333333333333333,1.0,0.2780719051126377,0.0
1567,0.2,8,True,0.5333333333333333,1.0,0.2780719051126377,0.0
1568,0.2,8,True,0.6,0.875,0.27015330083790245,0.5435644431995964
1569,0.2,8,True,0.6666666666666666,1.0,0.2780719051126377,0.0
1570,0.2,8,True,0.5333333333333333,1.0,0.2780719051126377,0.0
1571,0.2,8,True,0.5666666666666667,0.875,0.27015330083790245,0.5435644431995964
1572,0.2,8,True,0.6666666666666666,0.875,0.27015330083790245,0.5435644431995964
1573,0.2,8,True,0.6666666666666666,1.0,0.2780719051126377,0.0
1574,0.2,8,True,0.8666666666666667,1.0,0.2780719051126377,0.0
1575,0.2,8,True,0.5333333333333333,1.0,0.2780719051126377,0.0
1576,0.2,8,True,0.5333333333333333,1.0,0.2780719051126377,0.0
1577,0.2,8,True,0.7333333333333333,1.0,0.2780719051126377,0.0
1578,0.2,8,True,0.6666666666666666,1.0,0.2780719051126377,0.0
1579,0.2,8,True,0.6,1.0,0.2780719051126377,0.0
1580,0.2,8,True,0.6,1.0,0.2780719051126377,0.0
1581,0.2,8,True,0.6666666666666666,1.0,0.2780719051126377,0.0
1582,0.2,8,True,0.5,0.875,0.27015330083790245,0.5435644431995964
1583,0.2,8,True,0.7333333333333333,1.0,0.2780719051126377,0.0
1584,0.2,8,True,0.6,1.0,0.2780719051126377,0.0
1585,0.2,8,True,0.6666666666666666,1.0,0.2780719051126377,0.0
1586,0.2,8,True,0.5833333333333334,0.875,0.27015330083790245,0.5435644431995964
1587,0.2,8,True,0.5333333333333333,1.0,0.2780719051126377,0.0
1588,0.2,8,True,0.5333333333333333,1.0,0.2780719051126377,0.0
1589,0.2,8,True,0.6666666666666666,1.0,0.2780719051126377,0.0
1590,0.2,8,True,0.6666666666666666,1.0,0.2780719051126377,0.0
1591,0.2,8,True,0.6,1.0,0.2780719051126377,0.0
1592,0.2,8,True,0.6,1.0,0.2780719051126377,0.0
1593,0.2,8,True,0.6,1.0,0.2780719051126377,0.0
1594,0.2,8,True,0.5333333333333333,1.0,0.2780719051126377,0.0
1595,0.2,8,True,0.5333333333333333,1.0,0.2780719051126377,0.0
1596,0.2,8,True,0.5333333333333333,1.0,0.2780719051126377,0.0
1597,0.2,8,True,0.5333333333333333,1.0,0.2780719051126377,0.0
1598,0.2,8,True,0.5333333333333333,1.0,0.2780719051126377,0.0
1599,0.2,8,True,0.5333333333333333,1.0,0.2780719051126377,0.0
1600,0.2,8,True,0.5,0.875,0.27015330083790245,0.5435644431995964
1601,0.2,8,True,0.6666666666666666,1.0,0.2780719051126377,0.0
1602,0.2,8,True,0.5333333333333333,1.0,0.2780719051126377,0.0
1603,0.2,8,True,0.5166666666666667,0.875,0.27015330083790245,0.5435644431995964
1604,0.2,8,True,0.8,1.0,0.2780719051126377,0.0
1605,0.9,1,False,,,,
1606,0.9,1,False,,,,
1607,0.9,1,False,,,,
1608,0.9,1,False,,,,
1609,0.9,1,False,,,,
1610,0.9,1,False,,,,
1611,0.9,1,False,,,,
1612,0.9,1,False,,,,
1613,0.9,1,False,,,,
1614,0.9,1,False,,,,
1615,0.9,1,False,,,,
1616,0.9,1,False,,,,
1617,0.9,1,False,,,,
1618,0.9,1,False,,,,
1619,0.9,1,False,,,,
1620,0.9,1,False,,,,
1621,0.9,1,False,,,,
1622,0.9,1,False,,,,
1623,0.9,1,False,,,,
1624,0.9,1,False,,,,
1625,0.2,8,True,0.5333333333333333,1.0,0.2780719051126377,0.0
1626,0.2,8,True,0.6666666666666666,0.875,0.27015330083790245,0.5435644431995964
1627,0.2,8,True,0.55,0.875,0.27015330083790245,0.5435644431995964
1628,0.2,8,True,0.7333333333333333,1.0,0.2780719051126377,0.0
1629,0.2,8,True,0.48333333333333334,0.875,0.27015330083790245,0.5435644431995964
1630,0.2,8,True,0.7333333333333333,1.0,0.2780719051126377,0.0
1631,0.2,8,True,0.6666666666666666,1.0,0.2780719051126377,0.0
1632,0.2,8,True,0.6666666666666666,1.0,0.2780719051126377,0.0
1633,0.2,8,True,0.5166666666666667,0.875,0.27015330083790245,0.5435644431995964
1634,0.2,8,True,0.5333333333333333,1.0,0.2780719051126377,0.0
1635,0.2,8,True,0.6666666666666666,1.0,0.2780719051126377,0.0
1636,0.2,8,True,0.6,1.0,0.2780719051126377,0.0
1637,0.2,8,True,0.5333333333333333,1.0,0.2780719051126377,0.0
1638,0.2,8,True,0.6666666666666666,1.0,0.2780719051126377,0.0
1639,0.2,8,True,0.5333333333333333,1.0,0.2780719051126377,0.0
1640,0.2,8,True,0.5333333333333333,1.0,0.2780719051126377,0.0
1641,0.2,8,True,0.5333333333333333,1.0,0.2780719051126377,0.0
1642,0.2,8,True,0.6666666666666666,1.0,0.2780719051126377,0.0
1643,0.2,8,True,0.6666666666666666,1.0,0.2780719051126377,0.0
1644,0.2,8,True,0.6,1.0,0.2780719051126377,0.0
1645,0.2,8,True,0.6666666666666666,1.0,0.2780719051126377,0.0
1646,0.2,8,True,0.5333333333333333,1.0,0.2780719051126377,0.0
1647,0.2,8,True,0.55,0.875,0.27015330083790245,0.5435644431995964
1648,0.2,8,True,0.6,1.0,0.2780719051126377,0.0
1649,0.2,8,True,0.4166666666666667,0.875,0.27015330083790245,0.5435644431995964
1650,0.2,8,True,0.43333333333333335,0.875,0.27015330083790245,0.5435644431995964
1651,0.2,8,True,0.5833333333333334,0.875,0.27015330083790245,0.5435644431995964
1652,0.2,8,True,0.7333333333333333,1.0,0.2780719051126377,0.0
1653,0.2,8,True,0.48333333333333334,0.875,0.27015330083790245,0.5435644431995964
1654,0.2,8,True,0.4666666666666667,0.875,0.27015330083790245,0.5435644431995964
1655,0.2,8,True,0.47380952380952385,0.75,0.21452470277266567,1.061278124459133
1656,0.2,8,True,0.5333333333333333,0.875,0.27015330083790245,0.5435644431995964
1657,0.2,8,True,0.43333333333333335,0.875,0.27015330083790245,0.5435644431995964
1658,0.2,8,True,0.3714285714285714,0.625,0.15545875354128547,1.5487949406953985
1659,1.0,0,False,,,,
1660,1.0,0,False,,,,
1661,1.0,0,False,,,,
1662,1.0,0,False,,,,
1663,1.0,0,False,,,,
1664,1.0,0,False,,,,
1665,1.0,0,False,,,,
1666,1.0,0,False,,,,
1667,1.0,0,False,,,,
1668,1.0,0,False,,,,
1669,1.0,0,False,,,,
1670,1.0,0,False,,,,
1671,0.2,8,True,0.42142857142857143,0.625,0.15545875354128547,1.5487949406953985
1672,0.3,7,True,0.6666666666666666,1.0,0.1187091007693073,0.0
1673,0.3,7,True,0.6666666666666666,1.0,0.1187091007693073,0.0
1674,0.3,7,True,0.6,1.0,0.1187091007693073,0.0
1675,0.3,7,True,0.5333333333333333,1.0,0.1187091007693073,0.0
1676,0.3,7,True,0.5333333333333333,1.0,0.1187091007693073,0.0
1677,0.3,7,True,0.5333333333333333,1.0,0.1187091007693073,0.0
1678,0.3,7,True,0.5333333333333333,1.0,0.1187091007693073,0.0
1679,0.3,7,True,0.5333333333333333,1.0,0.1187091007693073,0.0
1680,0.3,7,True,0.5333333333333333,1.0,0.1187091007693073,0.0
1681,1.0,0,False,,,,
1682,1.0,0,False,,,,
1683,1.0,0,False,,,,
1684,1.0,0,False,,,,
1685,1.0,0,False,,,,
1686,1.0,0,False,,,,
1687,1.0,0,False,,,,
1688,0.3,7,True,0.6,1.0,0.1187091007693073,0.0
1689,0.3,7,True,0.6,1.0,0.1187091007693073,0.0
1690,0.3,7,True,0.6,1.0,0.1187091007693073,0.0
1691,0.3,7,True,0.6666666666666666,1.0,0.1187091007693073,0.0
1692,0.3,7,True,0.7333333333333333,1.0,0.1187091007693073,0.0
1693,0.3,7,True,0.6,1.0,0.1187091007693073,0.0
1694,0.3,7,True,0.6,1.0,0.1187091007693073,0.0
1695,0.3,7,True,0.5333333333333333,1.0,0.1187091007693073,0.0
1696,0.3,7,True,0.5428571428571428,0.8571428571428571,0.1826545778534897,0.5916727785823275
1697,0.3,7,True,0.5333333333333333,1.0,0.1187091007693073,0.0
1698,0.3,7,True,0.5333333333333333,1.0,0.1187091007693073,0.0
1699,0.3,7,True,0.5333333333333333,1.0,0.1187091007693073,0.0
1700,0.3,7,True,0.6666666666666666,1.0,0.1187091007693073,0.0
1701,0.3,7,True,0.5333333333333333,1.0,0.1187091007693073,0.0
1702,0.3,7,True,0.7333333333333333,1.0,0.1187091007693073,0.0
1703,0.3,7,True,0.7333333333333333,1.0,0.1187091007693073,0.0
1704,0.3,7,True,0.6,1.0,0.1187091007693073,0.0
1705,0.3,7,True,0.4666666666666667,0.8571428571428571,0.1826545778534897,0.5916727785823275
1706,0.3,7,True,0.47619047619047616,0.8571428571428571,0.1826545778534897,0.5916727785823275
1707,0.3,7,True,0.5333333333333333,0.8571428571428571,0.1826545778534897,0.5916727785823275
1708,0.3,7,True,0.6952380952380952,0.8571428571428571,0.1826545778534897,0.5916727785823275
1709,0.3,7,True,0.5142857142857143,0.8571428571428571,0.1826545778534897,0.5916727785823275
1710,0.3,7,True,0.4380952380952381,0.8571428571428571,0.1826545778534897,0.5916727785823275
1711,0.3,7,True,0.4571428571428572,0.8571428571428571,0.1826545778534897,0.5916727785823275
1712,0.3,7,True,0.5047619047619047,0.8571428571428571,0.1826545778534897,0.5916727785823275
1713,0.3,7,True,0.47619047619047616,0.8571428571428571,0.1826545778534897,0.5916727785823275
1714,0.3,7,True,0.380952380952381,0.8571428571428571,0.1826545778534897,0.5916727785823275
1715,0.3,7,True,0.4857142857142857,0.8571428571428571,0.1826545778534897,0.5916727785823275
1716,1.0,0,False,,,,
1717,1.0,0,False,,,,
1718,1.0,0,False,,,,
1719,0.3,7,True,0.5142857142857143,0.8571428571428571,0.1826545778534897,0.5916727785823275
1720,0.9,1,False,,,,
1721,0.9,1,False,,,,
1722,1.0,0,False,,,,
1723,1.0,0,False,,,,
1724,1.0,0,False,,,,
1725,1.0,0,False,,,,
1726,1.0,0,False,,,,
1727,1.0,0,False,,,,
1728,1.0,0,False,,,,
1729,1.0,0,False,,,,
1730,1.0,0,False,,,,
1731,1.0,0,False,,,,
1732,1.0,0,False,,,,
1733,1.0,0,False,,,,
1734,1.0,0,False,,,,
1735,1.0,0,False,,,,
1736,1.0,0,False,,,,
1737,1.0,0,False,,,,
1738,1.0,0,False,,,,
1739,1.0,0,False,,,,
1740,1.0,0,False,,,,
1741,0.9,1,False,,,,
1742,0.9,1,False,,,,
1743,0.9,1,False,,,,
1744,0.8,2,False,,,,
1745,0.2,8,True,0.55,0.875,0.27015330083790245,0.5435644431995964
1746,0.2,8,True,0.43333333333333335,0.875,0.27015330083790245,0.5435644431995964
1747,0.2,8,True,0.430952380952381,0.75,0.21452470277266567,1.061278124459133
1748,0.2,8,True,0.42142857142857143,0.625,0.11951797627815941,1.2987949406953985
1749,0.2,8,True,0.5833333333333334,0.875,0.27015330083790245,0.5435644431995964
1750,0.2,8,True,0.5833333333333334,0.875,0.27015330083790245,0.5435644431995964
1751,0.2,8,True,0.4976190476190476,0.75,0.21452470277266567,1.061278124459133
1752,0.2,8,True,0.3619047619047619,0.75,0.21452470277266567,1.061278124459133
1753,0.2,8,True,0.4785714285714286,0.75,0.21452470277266567,1.061278124459133
1754,0.2,8,True,0.47380952380952385,0.75,0.21452470277266567,1.061278124459133
1755,0.2,8,True,0.4523809523809524,0.75,0.21452470277266567,1.061278124459133
1756,0.2,8,True,0.4976190476190476,0.75,0.13502647928207268,0.8112781244591328
1757,0.2,8,True,0.4166666666666667,0.625,0.15545875354128547,1.5487949406953985
1758,0.2,8,True,0.29285714285714287,0.5,0.10175559829607272,2.0
1759,0.3,7,True,0.36507936507936506,0.5714285714285714,0.11864654673111685,1.6644977792004614
1760,0.7,3,False,,,,
1761,0.7,3,False,,,,
1762,0.7,3,False,,,,
1763,0.7,3,False,,,,
1764,0.7,3,False,,,,
1765,0.7,3,False,,,,
1766,0.8,2,False,,,,
1767,0.8,2,False,,,,
1768,0.8,2,False,,,,
1769,0.8,2,False,,,,
1770,0.8,2,False,,,,
1771,0.8,2,False,,,,
1772,0.8,2,False,,,,
1773,0.8,2,False,,,,
1774,0.8,2,False,,,,
1775,0.8,2,False,,,,
1776,0.8,2,False,,,,
1777,0.8,2,False,,,,
1778,0.8,2,False,,,,
1779,0.8,2,False,,,,
1780,0.8,2,False,,,,
1781,0.9,1,False,,,,
1782,0.9,1,False,,,,
1783,0.9,1,False,,,,
1784,0.9,1,False,,,,
1785,0.9,1,False,,,,
1786,0.8,2,False,,,,
1787,0.8,2,False,,,,
1788,0.8,2,False,,,,
1789,0.8,2,False,,,,
1790,0.8,2,False,,,,
1791,0.8,2,False,,,,
1792,0.8,2,False,,,,
1793,0.8,2,False,,,,
1794,0.8,2,False,,,,
1795,0.8,2,False,,,,
1796,0.8,2,False,,,,
1797,0.8,2,False,,,,
1798,0.8,2,False,,,,
1799,0.8,2,False,,,,
1800,0.8,2,False,,,,
1801,0.8,2,False,,,,
1802,0.8,2,False,,,,
1803,0.8,2,False,,,,
1804,0.8,2,False,,,,
1805,0.8,2,False,,,,
1806,0.8,2,False,,,,
1807,0.9,1,False,,,,
1808,0.8,2,False,,,,
1809,0.8,2,False,,,,
1810,0.8,2,False,,,,
1811,0.8,2,False,,,,
1812,0.8,2,False,,,,
1813,0.8,2,False,,,,
1814,0.8,2,False,,,,
1815,0.8,2,False,,,,
1816,0.8,2,False,,,,
1817,0.8,2,False,,,,
1818,0.8,2,False,,,,
1819,0.8,2,False,,,,
1820,0.8,2,False,,,,
1821,0.8,2,False,,,,
1822,0.8,2,False,,,,
1823,0.8,2,False,,,,
1824,0.8,2,False,,,,
1825,0.9,1,False,,,,
1826,0.9,1,False,,,,
1827,0.9,1,False,,,,
1828,0.9,1,False,,,,
1829,0.9,1,False,,,,
1830,0.9,1,False,,,,
1831,0.9,1,False,,,,
1832,0.9,1,False,,,,
1833,0.9,1,False,,,,
1834,0.9,1,False,,,,
1835,0.9,1,False,,,,
1836,0.9,1,False,,,,
1837,0.9,1,False,,,,
1838,0.9,1,False,,,,
1839,0.8,2,False,,,,
1840,0.8,2,False,,,,
1841,0.8,2,False,,,,
1842,0.8,2,False,,,,
1843,0.8,2,False,,,,
1844,1.0,0,False,,,,
1845,1.0,0,False,,,,
1846,1.0,0,False,,,,
1847,1.0,0,False,,,,
1848,1.0,0,False,,,,
1849,0.8,2,False,,,,
1850,0.8,2,False,,,,
1851,0.8,2,False,,,,
1852,0.8,2,False,,,,
1853,0.8,2,False,,,,
1854,0.9,1,False,,,,
1855,0.9,1,False,,,,
1856,0.9,1,False,,,,
1857,0.9,1,False,,,,
1858,0.8,2,False,,,,
1859,0.8,2,False,,,,
1860,0.8,2,False,,,,
1861,0.8,2,False,,,,
1862,0.8,2,False,,,,
1863,0.8,2,False,,,,
1864,0.8,2,False,,,,
1865,0.8,2,False,,,,
1866,0.8,2,False,,,,
1867,0.8,2,False,,,,
1868,0.8,2,False,,,,
1869,0.8,2,False,,,,
1870,0.8,2,False,,,,
1871,0.8,2,False,,,,
1872,0.8,2,False,,,,
1873,0.8,2,False,,,,
1874,0.8,2,False,,,,
1875,0.8,2,False,,,,
1876,0.8,2,False,,,,
1877,0.8,2,False,,,,
1878,0.8,2,False,,,,
1879,0.9,1,False,,,,
1880,0.9,1,False,,,,
1881,0.9,1,False,,,,
1882,0.9,1,False,,,,
1883,0.9,1,False,,,,
1884,0.9,1,False,,,,
1885,0.9,1,False,,,,
1886,0.9,1,False,,,,
1887,0.8,2,False,,,,
1888,0.8,2,False,,,,
1889,0.8,2,False,,,,
1890,0.8,2,False,,,,
1891,0.9,1,False,,,,
1892,0.9,1,False,,,,
1893,1.0,0,False,,,,
1894,1.0,0,False,,,,
1895,1.0,0,False,,,,
1896,1.0,0,False,,,,
1897,1.0,0,False,,,,
1898,0.8,2,False,,,,
1899,0.8,2,False,,,,
1900,0.8,2,False,,,,
1901,0.8,2,False,,,,
1902,0.9,1,False,,,,
1903,0.9,1,False,,,,
1904,0.9,1,False,,,,
1905,0.9,1,False,,,,
1906,0.9,1,False,,,,
1907,0.9,1,False,,,,
1908,1.0,0,False,,,,
1909,0.9,1,False,,,,
1910,0.9,1,False,,,,
1911,0.8,2,False,,,,
1912,0.8,2,False,,,,
1913,0.8,2,False,,,,
1914,0.8,2,False,,,,
1915,0.8,2,False,,,,
1916,0.8,2,False,,,,
1917,0.8,2,False,,,,
1918,1.0,0,False,,,,
1919,1.0,0,False,,,,
1920,1.0,0,False,,,,
1921,1.0,0,False,,,,
1922,1.0,0,False,,,,
1923,1.0,0,False,,,,
1924,1.0,0,False,,,,
1925,1.0,0,False,,,,
1926,1.0,0,False,,,,
1927,1.0,0,False,,,,
1928,0.8,2,False,,,,
1929,0.8,2,False,,,,
1930,0.8,2,False,,,,
1931,0.8,2,False,,,,
1932,0.8,2,False,,,,
1933,0.9,1,False,,,,
1934,0.9,1,False,,,,
1935,0.9,1,False,,,,
1936,0.9,1,False,,,,
1937,0.9,1,False,,,,
1938,0.9,1,False,,,,
1939,0.9,1,False,,,,
1940,0.9,1,False,,,,
1941,0.9,1,False,,,,
1942,1.0,0,False,,,,
1943,1.0,0,False,,,,
1944,1.0,0,False,,,,
1945,0.9,1,False,,,,
1946,0.9,1,False,,,,
1947,0.9,1,False,,,,
1948,0.9,1,False,,,,
1949,0.9,1,False,,,,
1950,0.9,1,False,,,,
1951,0.8,2,False,,,,
1952,0.8,2,False,,,,
1953,0.8,2,False,,,,
1954,0.8,2,False,,,,
1955,0.8,2,False,,,,
1956,0.8,2,False,,,,
1957,0.8,2,False,,,,
1958,0.8,2,False,,,,
1959,0.9,1,False,,,,
1960,0.8,2,False,,,,
1961,0.8,2,False,,,,
1962,0.8,2,False,,,,
1963,0.8,2,False,,,,
1964,0.8,2,False,,,,
1965,0.8,2,False,,,,
1966,0.8,2,False,,,,
1967,0.8,2,False,,,,
1968,0.9,1,False,,,,
1969,0.9,1,False,,,,
1970,0.9,1,False,,,,
1971,0.9,1,False,,,,
1972,0.8,2,False,,,,
1973,0.8,2,False,,,,
1974,0.8,2,False,,,,
1975,0.8,2,False,,,,
1976,0.8,2,False,,,,
1977,0.8,2,False,,,,
1978,0.9,1,False,,,,
1979,0.9,1,False,,,,
1980,0.8,2,False,,,,
1981,0.8,2,False,,,,
1982,0.8,2,False,,,,
1983,0.8,2,False,,,,
1984,0.8,2,False,,,,
1985,0.8,2,False,,,,
1986,0.8,2,False,,,,
1987,0.8,2,False,,,,
1988,0.8,2,False,,,,
1989,0.8,2,False,,,,
1990,0.8,2,False,,,,
1991,0.8,2,False,,,,
1992,0.8,2,False,,,,
1993,0.9,1,False,,,,
1994,0.9,1,False,,,,
1995,0.9,1,False,,,,
1996,0.9,1,False,,,,
1997,0.9,1,False,,,,
1998,0.9,1,False,,,,
1999,0.9,1,False,,,,
2000,0.9,1,False,,,,
2001,0.9,1,False,,,,
2002,0.9,1,False,,,,
2003,0.9,1,False,,,,
2004,0.9,1,False,,,,
2005,0.9,1,False,,,,
2006,0.9,1,False,,,,
2007,0.9,1,False,,,,
2008,0.9,1,False,,,,
2009,0.9,1,False,,,,
2010,0.9,1,False,,,,
2011,0.9,1,False,,,,
2012,0.9,1,False,,,,
2013,0.9,1,False,,,,
2014,0.9,1,False,,,,
2015,0.9,1,False,,,,
2016,0.9,1,False,,,,
2017,0.9,1,False,,,,
2018,1.0,0,False,,,,
2019,1.0,0,False,,,,
2020,1.0,0,False,,,,
2021,1.0,0,False,,,,
2022,1.0,0,False,,,,
2023,1.0,0,False,,,,
2024,1.0,0,False,,,,
2025,1.0,0,False,,,,
2026,1.0,0,False,,,,
2027,1.0,0,False,,,,
2028,1.0,0,False,,,,
2029,1.0,0,False,,,,
2030,1.0,0,False,,,,
2031,0.9,1,False,,,,
2032,0.8,2,False,,,,
2033,0.8,2,False,,,,
2034,0.8,2,False,,,,
2035,0.8,2,False,,,,
2036,0.8,2,False,,,,
2037,0.8,2,False,,,,
2038,0.8,2,False,,,,
2039,0.8,2,False,,,,
2040,0.8,2,False,,,,
2041,0.8,2,False,,,,
2042,0.8,2,False,,,,
2043,0.8,2,False,,,,
2044,0.8,2,False,,,,
2045,0.8,2,False,,,,
2046,0.8,2,False,,,,
2047,0.8,2,False,,,,
2048,0.8,2,False,,,,
2049,0.8,2,False,,,,
2050,0.8,2,False,,,,
2051,0.9,1,False,,,,
2052,0.9,1,False,,,,
2053,0.8,2,False,,,,
2054,1.0,0,False,,,,
2055,1.0,0,False,,,,
2056,1.0,0,False,,,,
2057,1.0,0,False,,,,
2058,1.0,0,False,,,,
2059,1.0,0,False,,,,
2060,1.0,0,False,,,,
2061,1.0,0,False,,,,
2062,1.0,0,False,,,,
2063,1.0,0,False,,,,
2064,1.0,0,False,,,,
2065,1.0,0,False,,,,
2066,1.0,0,False,,,,
2067,1.0,0,False,,,,
2068,0.8,2,False,,,,
2069,0.8,2,False,,,,
2070,0.8,2,False,,,,
2071,0.8,2,False,,,,
2072,0.8,2,False,,,,
2073,0.8,2,False,,,,
2074,0.8,2,False,,,,
2075,0.8,2,False,,,,
2076,0.8,2,False,,,,
2077,0.8,2,False,,,,
2078,1.0,0,False,,,,
2079,1.0,0,False,,,,
2080,1.0,0,False,,,,
2081,1.0,0,False,,,,
2082,1.0,0,False,,,,
2083,1.0,0,False,,,,
2084,1.0,0,False,,,,
2085,1.0,0,False,,,,
2086,1.0,0,False,,,,
2087,1.0,0,False,,,,
2088,1.0,0,False,,,,
2089,1.0,0,False,,,,
2090,1.0,0,False,,,,
2091,1.0,0,False,,,,
2092,1.0,0,False,,,,
2093,1.0,0,False,,,,
2094,1.0,0,False,,,,
2095,1.0,0,False,,,,
2096,1.0,0,False,,,,
2097,1.0,0,False,,,,
2098,1.0,0,False,,,,
2099,1.0,0,False,,,,
2100,1.0,0,False,,,,
2101,1.0,0,False,,,,
2102,1.0,0,False,,,,
2103,1.0,0,False,,,,
2104,1.0,0,False,,,,
2105,1.0,0,False,,,,
2106,1.0,0,False,,,,
2107,1.0,0,False,,,,
2108,1.0,0,False,,,,
2109,1.0,0,False,,,,
2110,1.0,0,False,,,,
2111,1.0,0,False,,,,
2112,1.0,0,False,,,,
2113,1.0,0,False,,,,
2114,1.0,0,False,,,,
2115,1.0,0,False,,,,
2116,1.0,0,False,,,,
2117,1.0,0,False,,,,
2118,1.0,0,False,,,,
2119,1.0,0,False,,,,
2120,1.0,0,False,,,,
2121,1.0,0,False,,,,
2122,1.0,0,False,,,,
2123,1.0,0,False,,,,
2124,1.0,0,False,,,,
2125,1.0,0,False,,,,
2126,1.0,0,False,,,,
2127,0.8,2,False,,,,
2128,0.9,1,False,,,,
2129,0.9,1,False,,,,
2130,0.9,1,False,,,,
2131,0.9,1,False,,,,
2132,0.9,1,False,,,,
2133,0.9,1,False,,,,
2134,0.9,1,False,,,,
2135,0.9,1,False,,,,
2136,0.9,1,False,,,,
2137,0.8,2,False,,,,
2138,0.8,2,False,,,,
2139,0.8,2,False,,,,
2140,0.8,2,False,,,,
2141,0.8,2,False,,,,
2142,0.8,2,False,,,,
2143,0.8,2,False,,,,
2144,0.8,2,False,,,,
2145,0.8,2,False,,,,
2146,0.8,2,False,,,,
2147,0.8,2,False,,,,
2148,0.8,2,False,,,,
2149,0.8,2,False,,,,
2150,0.8,2,False,,,,
2151,0.9,1,False,,,,
2152,0.9,1,False,,,,
2153,0.9,1,False,,,,
2154,0.9,1,False,,,,
2155,0.9,1,False,,,,
2156,0.9,1,False,,,,
2157,0.9,1,False,,,,
2158,0.8,2,False,,,,
2159,0.8,2,False,,,,
2160,0.8,2,False,,,,
2161,0.8,2,False,,,,
2162,0.8,2,False,,,,
2163,0.8,2,False,,,,
2164,0.8,2,False,,,,
2165,0.8,2,False,,,,
2166,0.8,2,False,,,,
2167,1.0,0,False,,,,
2168,1.0,0,False,,,,
2169,1.0,0,False,,,,
2170,1.0,0,False,,,,
2171,1.0,0,False,,,,
2172,1.0,0,False,,,,
2173,1.0,0,False,,,,
2174,1.0,0,False,,,,
2175,0.8,2,False,,,,
2176,0.8,2,False,,,,
2177,0.8,2,False,,,,
2178,0.8,2,False,,,,
2179,0.8,2,False,,,,
2180,0.8,2,False,,,,
2181,0.8,2,False,,,,
2182,0.9,1,False,,,,
2183,0.9,1,False,,,,
2184,0.9,1,False,,,,
2185,0.9,1,False,,,,
2186,0.9,1,False,,,,
2187,0.9,1,False,,,,
2188,0.9,1,False,,,,
2189,0.9,1,False,,,,
2190,0.9,1,False,,,,
2191,0.9,1,False,,,,
2192,0.9,1,False,,,,
2193,0.9,1,False,,,,
2194,0.9,1,False,,,,
2195,0.9,1,False,,,,
2196,0.9,1,False,,,,
2197,0.9,1,False,,,,
2198,0.9,1,False,,,,
2199,0.9,1,False,,,,
2200,0.9,1,False,,,,
2201,0.9,1,False,,,,
2202,0.9,1,False,,,,
2203,0.9,1,False,,,,
2204,0.9,1,False,,,,
2205,1.0,0,False,,,,
2206,1.0,0,False,,,,
2207,1.0,0,False,,,,
2208,1.0,0,False,,,,
2209,1.0,0,False,,,,
2210,1.0,0,False,,,,
2211,1.0,0,False,,,,
2212,1.0,0,False,,,,
2213,0.9,1,False,,,,
2214,0.9,1,False,,,,
2215,0.9,1,False,,,,
2216,0.9,1,False,,,,
2217,0.9,1,False,,,,
2218,0.9,1,False,,,,
2219,0.9,1,False,,,,
2220,0.9,1,False,,,,
2221,0.9,1,False,,,,
2222,0.9,1,False,,,,
2223,0.9,1,False,,,,
2224,0.9,1,False,,,,
2225,0.9,1,False,,,,
2226,0.9,1,False,,,,
2227,0.9,1,False,,,,
2228,0.9,1,False,,,,
2229,0.9,1,False,,,,
2230,0.9,1,False,,,,
2231,0.9,1,False,,,,
2232,0.9,1,False,,,,
2233,0.9,1,False,,,,
2234,0.9,1,False,,,,
2235,0.9,1,False,,,,
2236,0.9,1,False,,,,
2237,0.9,1,False,,,,
2238,0.9,1,False,,,,
2239,0.9,1,False,,,,
2240,0.9,1,False,,,,
2241,0.9,1,False,,,,
2242,0.9,1,False,,,,
2243,0.9,1,False,,,,
2244,1.0,0,False,,,,
2245,1.0,0,False,,,,
2246,1.0,0,False,,,,
2247,0.9,1,False,,,,
2248,0.9,1,False,,,,
2249,0.9,1,False,,,,
2250,0.9,1,False,,,,
2251,0.9,1,False,,,,
2252,0.9,1,False,,,,
2253,0.9,1,False,,,,
2254,0.9,1,False,,,,
2255,0.9,1,False,,,,
2256,1.0,0,False,,,,
2257,1.0,0,False,,,,
2258,1.0,0,False,,,,
2259,1.0,0,False,,,,
2260,1.0,0,False,,,,
2261,1.0,0,False,,,,
2262,1.0,0,False,,,,
2263,1.0,0,False,,,,
2264,1.0,0,False,,,,
2265,1.0,0,False,,,,
2266,1.0,0,False,,,,
2267,1.0,0,False,,,,
2268,1.0,0,False,,,,
2269,1.0,0,False,,,,
2270,1.0,0,False,,,,
2271,1.0,0,False,,,,
2272,1.0,0,False,,,,
2273,1.0,0,False,,,,
2274,1.0,0,False,,,,
2275,1.0,0,False,,,,
2276,1.0,0,False,,,,
2277,1.0,0,False,,,,
2278,1.0,0,False,,,,
2279,1.0,0,False,,,,
2280,1.0,0,False,,,,
2281,1.0,0,False,,,,
2282,1.0,0,False,,,,
2283,1.0,0,False,,,,
2284,1.0,0,False,,,,
2285,1.0,0,False,,,,
2286,1.0,0,False,,,,
2287,1.0,0,False,,,,
2288,1.0,0,False,,,,
2289,1.0,0,False,,,,
2290,1.0,0,False,,,,
2291,1.0,0,False,,,,
2292,1.0,0,False,,,,
2293,1.0,0,False,,,,
2294,1.0,0,False,,,,
2295,1.0,0,False,,,,
2296,1.0,0,False,,,,
2297,1.0,0,False,,,,
2298,1.0,0,False,,,,
2299,1.0,0,False,,,,
2300,1.0,0,False,,,,
2301,1.0,0,False,,,,
2302,1.0,0,False,,,,
2303,1.0,0,False,,,,
2304,1.0,0,False,,,,
2305,1.0,0,False,,,,
2306,1.0,0,False,,,,
2307,1.0,0,False,,,,
2308,1.0,0,False,,,,
2309,1.0,0,False,,,,
2310,1.0,0,False,,,,
2311,1.0,0,False,,,,
2312,1.0,0,False,,,,
2313,1.0,0,False,,,,
2314,1.0,0,False,,,,
2315,1.0,0,False,,,,
2316,1.0,0,False,,,,
2317,1.0,0,False,,,,
2318,1.0,0,False,,,,
2319,1.0,0,False,,,,
2320,1.0,0,False,,,,
2321,1.0,0,False,,,,
2322,1.0,0,False,,,,
2323,1.0,0,False,,,,
2324,1.0,0,False,,,,
2325,1.0,0,False,,,,
2326,1.0,0,False,,,,
2327,1.0,0,False,,,,
2328,1.0,0,False,,,,
2329,1.0,0,False,,,,
2330,1.0,0,False,,,,
2331,1.0,0,False,,,,
2332,1.0,0,False,,,,
2333,1.0,0,False,,,,
2334,1.0,0,False,,,,
2335,1.0,0,False,,,,
2336,1.0,0,False,,,,
2337,1.0,0,False,,,,
2338,1.0,0,False,,,,
2339,1.0,0,False,,,,
2340,1.0,0,False,,,,
2341,1.0,0,False,,,,
2342,1.0,0,False,,,,
2343,1.0,0,False,,,,
2344,1.0,0,False,,,,
2345,1.0,0,False,,,,
2346,1.0,0,False,,,,
2347,1.0,0,False,,,,
2348,1.0,0,False,,,,
2349,1.0,0,False,,,,
2350,1.0,0,False,,,,
2351,1.0,0,False,,,,
2352,1.0,0,False,,,,
2353,1.0,0,False,,,,
2354,1.0,0,False,,,,
2355,1.0,0,False,,,,
2356,1.0,0,False,,,,
2357,1.0,0,False,,,,
2358,1.0,0,False,,,,
2359,1.0,0,False,,,,
2360,1.0,0,False,,,,
2361,1.0,0,False,,,,
2362,1.0,0,False,,,,
2363,1.0,0,False,,,,
2364,1.0,0,False,,,,
2365,1.0,0,False,,,,
2366,1.0,0,False,,,,
2367,1.0,0,False,,,,
2368,1.0,0,False,,,,
2369,1.0,0,False,,,,
2370,1.0,0,False,,,,
2371,1.0,0,False,,,,
2372,1.0,0,False,,,,
2373,1.0,0,False,,,,
2374,1.0,0,False,,,,
2375,1.0,0,False,,,,
2376,1.0,0,False,,,,
2377,1.0,0,False,,,,
2378,1.0,0,False,,,,
2379,1.0,0,False,,,,
2380,1.0,0,False,,,,
2381,1.0,0,False,,,,
2382,1.0,0,False,,,,
2383,1.0,0,False,,,,
2384,1.0,0,False,,,,
2385,1.0,0,False,,,,
2386,1.0,0,False,,,,
2387,1.0,0,False,,,,
2388,1.0,0,False,,,,
2389,1.0,0,False,,,,
2390,1.0,0,False,,,,
2391,1.0,0,False,,,,
2392,1.0,0,False,,,,
2393,1.0,0,False,,,,
2394,1.0,0,False,,,,
2395,1.0,0,False,,,,
2396,1.0,0,False,,,,
2397,1.0,0,False,,,,
2398,1.0,0,False,,,,
2399,1.0,0,False,,,,
2400,1.0,0,False,,,,
2401,1.0,0,False,,,,
2402,1.0,0,False,,,,
2403,1.0,0,False,,,,
2404,1.0,0,False,,,,
2405,1.0,0,False,,,,
2406,1.0,0,False,,,,
2407,1.0,0,False,,,,
2408,1.0,0,False,,,,
2409,1.0,0,False,,,,
2410,1.0,0,False,,,,
2411,1.0,0,False,,,,
2412,1.0,0,False,,,,
2413,1.0,0,False,,,,
2414,1.0,0,False,,,,
2415,1.0,0,False,,,,
2416,1.0,0,False,,,,
2417,1.0,0,False,,,,
2418,1.0,0,False,,,,
2419,1.0,0,False,,,,
2420,1.0,0,False,,,,
2421,1.0,0,False,,,,
2422,1.0,0,False,,,,
2423,1.0,0,False,,,,
2424,1.0,0,False,,,,
2425,1.0,0,False,,,,
2426,1.0,0,False,,,,
2427,1.0,0,False,,,,
2428,1.0,0,False,,,,
2429,1.0,0,False,,,,
2430,1.0,0,False,,,,
2431,1.0,0,False,,,,
2432,1.0,0,False,,,,
2433,1.0,0,False,,,,
2434,1.0,0,False,,,,
2435,1.0,0,False,,,,
2436,1.0,0,False,,,,
2437,1.0,0,False,,,,
2438,1.0,0,False,,,,
2439,1.0,0,False,,,,
2440,1.0,0,False,,,,
2441,1.0,0,False,,,,
2442,1.0,0,False,,,,
2443,1.0,0,False,,,,
2444,1.0,0,False,,,,
2445,1.0,0,False,,,,
2446,1.0,0,False,,,,
2447,1.0,0,False,,,,
2448,1.0,0,False,,,,
2449,1.0,0,False,,,,
2450,1.0,0,False,,,,
2451,1.0,0,False,,,,
2452,1.0,0,False,,,,
2453,1.0,0,False,,,,
2454,1.0,0,False,,,,
2455,1.0,0,False,,,,
2456,1.0,0,False,,,,
2457,1.0,0,False,,,,
2458,1.0,0,False,,,,
2459,1.0,0,False,,,,
2460,1.0,0,False,,,,
2461,1.0,0,False,,,,
2462,1.0,0,False,,,,
2463,1.0,0,False,,,,
2464,1.0,0,False,,,,
2465,1.0,0,False,,,,
2466,1.0,0,False,,,,
2467,1.0,0,False,,,,
2468,1.0,0,False,,,,
2469,1.0,0,False,,,,
2470,1.0,0,False,,,,
2471,1.0,0,False,,,,
2472,1.0,0,False,,,,
2473,1.0,0,False,,,,
2474,1.0,0,False,,,,
2475,1.0,0,False,,,,
2476,1.0,0,False,,,,
2477,1.0,0,False,,,,
2478,1.0,0,False,,,,
2479,1.0,0,False,,,,
2480,1.0,0,False,,,,
2481,1.0,0,False,,,,
2482,1.0,0,False,,,,
2483,1.0,0,False,,,,
2484,1.0,0,False,,,,
2485,1.0,0,False,,,,
2486,1.0,0,False,,,,
2487,1.0,0,False,,,,
2488,1.0,0,False,,,,
2489,1.0,0,False,,,,
2490,1.0,0,False,,,,
2491,1.0,0,False,,,,
2492,1.0,0,False,,,,
2493,1.0,0,False,,,,
2494,1.0,0,False,,,,
2495,1.0,0,False,,,,
2496,1.0,0,False,,,,
2497,1.0,0,False,,,,
