col_index,gap_frac,nongap_n,keep,cons_similarity,cons_identity,cons_entropy22,cons_entropy_nogap
1,0.9,2,False,,,,
2,0.9,2,False,,,,
3,0.9,2,False,,,,
4,0.9,2,False,,,,
5,0.9,2,False,,,,
6,0.95,1,False,,,,
7,0.95,1,False,,,,
8,0.95,1,False,,,,
9,0.95,1,False,,,,
10,0.95,1,False,,,,
11,0.95,1,False,,,,
12,0.95,1,False,,,,
13,0.95,1,False,,,,
14,0.95,1,False,,,,
15,0.95,1,False,,,,
16,0.95,1,False,,,,
17,0.95,1,False,,,,
18,0.95,1,False,,,,
19,0.95,1,False,,,,
20,0.95,1,False,,,,
21,0.9,2,False,,,,
22,0.9,2,False,,,,
23,0.9,2,False,,,,
24,0.9,2,False,,,,
25,0.9,2,False,,,,
26,0.9,2,False,,,,
27,0.85,3,False,,,,
28,0.85,3,False,,,,
29,0.85,3,False,,,,
30,0.85,3,False,,,,
31,0.85,3,False,,,,
32,0.8,4,False,,,,
33,0.8,4,False,,,,
34,0.8,4,False,,,,
35,0.8,4,False,,,,
36,0.8,4,False,,,,
37,0.8,4,False,,,,
38,0.75,5,True,0.15333333333333332,0.2,0.46159367967902887,2.321928094887362
39,0.25,15,True,0.40444444444444444,0.7333333333333333,0.2886710424611464,1.3699740752745009
40,0.25,15,True,0.518095238095238,0.8,0.2547657146335859,0.9055872616982603
41,0.25,15,True,0.4222222222222223,0.6666666666666666,0.2338449694456599,1.5589385323502774
42,0.25,15,True,0.5155555555555555,0.9333333333333333,0.32093180423165557,0.35335933502142136
43,0.25,15,True,0.36698412698412697,0.6,0.1818141191887922,1.7382689280764645
44,0.25,15,True,0.26031746031746034,0.5333333333333333,0.19826302830219433,2.3068905956085186
45,0.25,15,True,0.4774603174603174,0.7333333333333333,0.09224434000149873,0.8366407419411672
46,0.25,15,True,0.6,1.0,0.18872187554086717,0.0
47,0.2,16,True,0.43222222222222223,0.5,0.07557889092377768,1.7806390622295662
48,0.2,16,True,0.5538888888888889,0.875,0.27015330083790245,0.5435644431995964
49,0.2,16,True,0.6666666666666666,1.0,0.2780719051126377,0.0
50,0.2,16,True,0.6666666666666666,1.0,0.2780719051126377,0.0
51,0.2,16,True,0.6,1.0,0.2780719051126377,0.0
52,0.2,16,True,0.5333333333333333,1.0,0.2780719051126377,0.0
53,0.2,16,True,0.7333333333333333,1.0,0.2780719051126377,0.0
54,0.2,16,True,0.49333333333333335,0.6875,0.19037964768157567,1.1216407621868583
55,0.2,16,True,0.6666666666666666,1.0,0.2780719051126377,0.0
56,0.2,16,True,0.4166666666666667,0.4375,0.03693962657865979,1.5052408149441479
57,0.2,16,True,0.3961111111111111,0.75,0.2803607492695732,1.186278124459133
58,0.25,15,True,0.4019047619047619,0.6666666666666666,0.20637609206280816,1.3752793655393791
59,0.2,16,True,0.5011111111111111,0.8125,0.29167886095217377,0.8683927290103626
60,0.2,16,True,0.5833333333333334,0.9375,0.3742690141061863,0.3372900666170139
61,0.2,16,True,0.7333333333333333,1.0,0.2780719051126377,0.0
62,0.2,16,True,0.5722222222222222,0.875,0.27015330083790245,0.5435644431995964
63,0.2,16,True,0.36277777777777775,0.4375,0.13108461883425948,2.146782221599798
64,0.2,16,True,0.345,0.5,0.13729180594228163,2.125
65,0.2,16,True,0.6666666666666666,1.0,0.2780719051126377,0.0
66,0.2,16,True,0.48333333333333334,0.8125,0.29167886095217377,0.8683927290103626
67,0.2,16,True,0.5083333333333333,0.9375,0.3742690141061863,0.3372900666170139
68,0.2,16,True,0.5177777777777778,0.875,0.27015330083790245,0.5435644431995964
69,0.2,16,True,0.525,0.9375,0.3742690141061863,0.3372900666170139
70,0.2,16,True,0.6666666666666666,1.0,0.2780719051126377,0.0
71,0.2,16,True,0.7333333333333333,1.0,0.2780719051126377,0.0
72,0.2,16,True,0.6666666666666666,1.0,0.2780719051126377,0.0
73,0.2,16,True,0.6666666666666666,1.0,0.2780719051126377,0.0
74,0.35,13,True,0.45641025641025645,0.7692307692307693,0.09105392149034808,0.7793498372920851
75,0.95,1,False,,,,
76,0.95,1,False,,,,
77,0.95,1,False,,,,
78,0.95,1,False,,,,
79,0.95,1,False,,,,
80,0.95,1,False,,,,
81,0.95,1,False,,,,
82,0.95,1,False,,,,
83,0.95,1,False,,,,
84,0.95,1,False,,,,
85,0.95,1,False,,,,
86,0.95,1,False,,,,
87,0.95,1,False,,,,
88,0.95,1,False,,,,
89,0.95,1,False,,,,
90,0.95,1,False,,,,
91,0.95,1,False,,,,
92,0.95,1,False,,,,
93,0.95,1,False,,,,
94,0.95,1,False,,,,
95,0.95,1,False,,,,
96,0.95,1,False,,,,
97,0.95,1,False,,,,
98,0.95,1,False,,,,
99,0.95,1,False,,,,
100,0.95,1,False,,,,
101,0.95,1,False,,,,
102,0.95,1,False,,,,
103,0.95,1,False,,,,
104,0.95,1,False,,,,
105,0.95,1,False,,,,
106,0.95,1,False,,,,
107,0.95,1,False,,,,
108,0.95,1,False,,,,
109,0.95,1,False,,,,
110,0.95,1,False,,,,
111,0.95,1,False,,,,
112,0.95,1,False,,,,
113,0.95,1,False,,,,
114,0.95,1,False,,,,
115,0.95,1,False,,,,
116,0.95,1,False,,,,
117,0.95,1,False,,,,
118,0.95,1,False,,,,
119,0.95,1,False,,,,
120,0.95,1,False,,,,
121,0.95,1,False,,,,
122,0.95,1,False,,,,
123,0.95,1,False,,,,
124,0.95,1,False,,,,
125,0.95,1,False,,,,
126,0.95,1,False,,,,
127,0.95,1,False,,,,
128,0.95,1,False,,,,
129,0.95,1,False,,,,
130,0.95,1,False,,,,
131,0.95,1,False,,,,
132,0.95,1,False,,,,
133,0.95,1,False,,,,
134,0.95,1,False,,,,
135,0.95,1,False,,,,
136,0.95,1,False,,,,
137,0.95,1,False,,,,
138,0.95,1,False,,,,
139,0.95,1,False,,,,
140,0.95,1,False,,,,
141,0.95,1,False,,,,
142,0.95,1,False,,,,
143,0.95,1,False,,,,
144,0.95,1,False,,,,
145,0.95,1,False,,,,
146,0.95,1,False,,,,
147,0.95,1,False,,,,
148,0.95,1,False,,,,
149,0.95,1,False,,,,
150,0.95,1,False,,,,
151,0.95,1,False,,,,
152,0.95,1,False,,,,
153,0.95,1,False,,,,
154,0.95,1,False,,,,
155,0.95,1,False,,,,
156,0.95,1,False,,,,
157,0.95,1,False,,,,
158,0.95,1,False,,,,
159,0.95,1,False,,,,
160,0.95,1,False,,,,
161,0.95,1,False,,,,
162,0.95,1,False,,,,
163,0.95,1,False,,,,
164,0.95,1,False,,,,
165,0.95,1,False,,,,
166,0.95,1,False,,,,
167,0.95,1,False,,,,
168,0.95,1,False,,,,
169,0.95,1,False,,,,
170,0.95,1,False,,,,
171,0.95,1,False,,,,
172,0.95,1,False,,,,
173,0.95,1,False,,,,
174,0.95,1,False,,,,
175,0.95,1,False,,,,
176,0.95,1,False,,,,
177,0.95,1,False,,,,
178,0.95,1,False,,,,
179,0.95,1,False,,,,
180,0.95,1,False,,,,
181,0.95,1,False,,,,
182,0.95,1,False,,,,
183,0.95,1,False,,,,
184,0.95,1,False,,,,
185,0.95,1,False,,,,
186,0.95,1,False,,,,
187,0.95,1,False,,,,
188,0.95,1,False,,,,
189,0.95,1,False,,,,
190,0.95,1,False,,,,
191,0.95,1,False,,,,
192,0.95,1,False,,,,
193,0.95,1,False,,,,
194,0.95,1,False,,,,
195,0.95,1,False,,,,
196,0.95,1,False,,,,
197,0.95,1,False,,,,
198,0.95,1,False,,,,
199,0.95,1,False,,,,
200,0.95,1,False,,,,
201,0.95,1,False,,,,
202,0.95,1,False,,,,
203,0.95,1,False,,,,
204,0.95,1,False,,,,
205,0.95,1,False,,,,
206,0.95,1,False,,,,
207,0.95,1,False,,,,
208,0.95,1,False,,,,
209,0.95,1,False,,,,
210,0.95,1,False,,,,
211,0.95,1,False,,,,
212,0.95,1,False,,,,
213,0.95,1,False,,,,
214,0.95,1,False,,,,
215,0.95,1,False,,,,
216,0.95,1,False,,,,
217,0.95,1,False,,,,
218,0.95,1,False,,,,
219,0.95,1,False,,,,
220,0.95,1,False,,,,
221,0.95,1,False,,,,
222,0.95,1,False,,,,
223,0.95,1,False,,,,
224,0.95,1,False,,,,
225,0.95,1,False,,,,
226,0.95,1,False,,,,
227,0.95,1,False,,,,
228,0.95,1,False,,,,
229,0.95,1,False,,,,
230,0.95,1,False,,,,
231,0.95,1,False,,,,
232,0.95,1,False,,,,
233,0.95,1,False,,,,
234,0.95,1,False,,,,
235,0.95,1,False,,,,
236,0.95,1,False,,,,
237,0.95,1,False,,,,
238,0.95,1,False,,,,
239,0.95,1,False,,,,
240,0.95,1,False,,,,
241,0.95,1,False,,,,
242,0.95,1,False,,,,
243,0.95,1,False,,,,
244,0.95,1,False,,,,
245,0.95,1,False,,,,
246,0.95,1,False,,,,
247,0.95,1,False,,,,
248,0.95,1,False,,,,
249,0.95,1,False,,,,
250,0.95,1,False,,,,
251,0.95,1,False,,,,
252,0.95,1,False,,,,
253,0.95,1,False,,,,
254,0.95,1,False,,,,
255,0.95,1,False,,,,
256,0.95,1,False,,,,
257,0.95,1,False,,,,
258,0.95,1,False,,,,
259,0.95,1,False,,,,
260,0.95,1,False,,,,
261,0.95,1,False,,,,
262,0.95,1,False,,,,
263,0.95,1,False,,,,
264,0.95,1,False,,,,
265,0.95,1,False,,,,
266,0.95,1,False,,,,
267,0.95,1,False,,,,
268,0.95,1,False,,,,
269,0.95,1,False,,,,
270,0.95,1,False,,,,
271,0.95,1,False,,,,
272,0.95,1,False,,,,
273,0.95,1,False,,,,
274,0.95,1,False,,,,
275,0.95,1,False,,,,
276,0.95,1,False,,,,
277,0.95,1,False,,,,
278,0.95,1,False,,,,
279,0.95,1,False,,,,
280,0.95,1,False,,,,
281,0.95,1,False,,,,
282,0.95,1,False,,,,
283,0.95,1,False,,,,
284,0.95,1,False,,,,
285,0.95,1,False,,,,
286,0.95,1,False,,,,
287,0.95,1,False,,,,
288,0.95,1,False,,,,
289,0.95,1,False,,,,
290,0.95,1,False,,,,
291,0.95,1,False,,,,
292,0.95,1,False,,,,
293,0.95,1,False,,,,
294,0.95,1,False,,,,
295,0.95,1,False,,,,
296,0.8,4,False,,,,
297,0.2,16,True,0.6666666666666666,1.0,0.2780719051126377,0.0
298,0.2,16,True,0.6,1.0,0.2780719051126377,0.0
299,0.2,16,True,0.5333333333333333,1.0,0.2780719051126377,0.0
300,0.2,16,True,0.6666666666666666,1.0,0.2780719051126377,0.0
301,0.2,16,True,0.47222222222222227,0.875,0.27015330083790245,0.5435644431995964
302,0.2,16,True,0.6,1.0,0.2780719051126377,0.0
303,0.2,16,True,0.6666666666666666,1.0,0.2780719051126377,0.0
304,0.2,16,True,0.5333333333333333,1.0,0.2780719051126377,0.0
305,0.2,16,True,0.5333333333333333,1.0,0.2780719051126377,0.0
306,0.2,16,True,0.5333333333333333,1.0,0.2780719051126377,0.0
307,0.2,16,True,0.6666666666666666,1.0,0.2780719051126377,0.0
308,0.2,16,True,0.5333333333333333,1.0,0.2780719051126377,0.0
309,0.2,16,True,0.5027777777777778,0.875,0.27015330083790245,0.5435644431995964
310,0.2,16,True,0.6166666666666667,0.9375,0.3742690141061863,0.3372900666170139
311,0.2,16,True,0.4905555555555556,0.875,0.27015330083790245,0.5435644431995964
312,0.2,16,True,0.575,0.9375,0.3742690141061863,0.3372900666170139
313,0.2,16,True,0.5188888888888888,0.875,0.3716101752764803,0.6685644431995964
314,0.2,16,True,0.4755555555555555,0.875,0.3716101752764803,0.6685644431995964
315,0.2,16,True,0.4005555555555555,0.5625,0.18936470310353548,1.7169171866886992
316,0.2,16,True,0.5333333333333333,1.0,0.2780719051126377,0.0
317,0.2,16,True,0.6,1.0,0.2780719051126377,0.0
318,0.2,16,True,0.40444444444444444,0.8125,0.3468177238411746,0.9933927290103626
319,0.2,16,True,0.49,0.8125,0.3468177238411746,0.9933927290103626
320,0.2,16,True,0.345,0.5,0.14044087901952684,1.875
321,0.2,16,True,0.44055555555555553,0.8125,0.3468177238411746,0.9933927290103626
322,0.2,16,True,0.3494444444444445,0.375,0.09227335250843949,2.0306390622295662
323,0.2,16,True,0.5783333333333334,0.8125,0.1931052612250561,0.6962122601251458
324,0.2,16,True,0.5333333333333333,1.0,0.2780719051126377,0.0
325,0.2,16,True,0.5333333333333333,1.0,0.2780719051126377,0.0
326,0.2,16,True,0.7061111111111111,0.875,0.27015330083790245,0.5435644431995964
327,0.2,16,True,0.5538888888888889,0.875,0.3716101752764803,0.6685644431995964
328,0.2,16,True,0.4022222222222222,0.75,0.3149027910615312,1.311278124459133
329,0.2,16,True,0.4983333333333333,0.75,0.2803607492695732,1.186278124459133
330,0.2,16,True,0.445,0.5625,0.14001345298901247,1.2475562489182659
331,0.9,2,False,,,,
332,0.9,2,False,,,,
333,0.2,16,True,0.4988888888888889,0.8125,0.3468177238411746,0.9933927290103626
334,0.95,1,False,,,,
335,0.95,1,False,,,,
336,0.95,1,False,,,,
337,0.95,1,False,,,,
338,0.95,1,False,,,,
339,0.95,1,False,,,,
340,0.95,1,False,,,,
341,0.2,16,True,0.46055555555555555,0.75,0.3149027910615312,1.311278124459133
342,0.2,16,True,0.605,0.875,0.3716101752764803,0.6685644431995964
343,0.2,16,True,0.3427777777777778,0.625,0.21731179010485935,1.6266144718101818
344,0.2,16,True,0.38388888888888884,0.625,0.17171437109950471,1.5016144718101818
345,0.2,16,True,0.4266666666666667,0.625,0.17171437109950471,1.5016144718101818
346,0.2,16,True,0.40944444444444444,0.5625,0.14060136115665434,1.5919171866886992
347,0.2,16,True,0.4738888888888889,0.875,0.27015330083790245,0.5435644431995964
348,0.2,16,True,0.34444444444444444,0.5,0.11635711576398333,1.9528195311147831
349,0.2,16,True,0.5333333333333333,1.0,0.2780719051126377,0.0
350,0.2,16,True,0.38999999999999996,0.5625,0.17526308211995778,1.4913146570363986
351,0.2,16,True,0.38055555555555554,0.5625,0.09251008974175934,1.3663146570363986
352,0.2,16,True,0.3766666666666667,0.6875,0.28073194850728744,1.6216407621868583
353,0.2,16,True,0.6705555555555556,0.875,0.27015330083790245,0.5435644431995964
354,0.2,16,True,0.2872222222222222,0.375,0.09710167681238602,2.48345859334435
355,0.2,16,True,0.32,0.625,0.21731179010485935,1.6266144718101818
356,0.2,16,True,0.43222222222222223,0.4375,0.1111416729504825,1.6774212838293647
357,0.2,16,True,0.3527777777777778,0.3125,0.0866544304665865,2.0487949406953985
358,0.2,16,True,0.3988888888888889,0.625,0.19852640934862487,1.4237949406953985
359,0.2,16,True,0.3733333333333333,0.625,0.23024907521851967,1.7987949406953985
360,0.2,16,True,0.38333333333333336,0.4375,0.15975289411697746,2.0461796919474975
361,0.15,17,True,0.2848039215686275,0.35294117647058826,0.09710167681238602,2.469240782172285
362,0.15,17,True,0.2740196078431373,0.35294117647058826,0.08240889981958899,2.7045348998193437
363,0.15,17,True,0.5818627450980391,0.8823529411764706,0.4229921134636,0.6402064333604701
364,0.15,17,True,0.3161764705882353,0.4117647058823529,0.1596241755542711,2.2485731395538666
365,0.15,17,True,0.5529411764705882,0.9411764705882353,0.44214218356782176,0.3227569588973982
366,0.15,17,True,0.2872549019607843,0.4117647058823529,0.11204495934971537,2.4164997849817107
367,0.15,17,True,0.503921568627451,0.7058823529411765,0.14652605660438867,0.8739810481273578
368,0.15,17,True,0.27941176470588236,0.35294117647058826,0.10565475543340874,2.777776811456787
369,0.95,1,False,,,,
370,0.85,3,False,,,,
371,0.15,17,True,0.5343137254901962,0.8235294117647058,0.38885477226300413,0.951994081908783
372,0.15,17,True,0.3843137254901961,0.5294117647058824,0.14845104387083763,1.6087001655198914
373,0.15,17,True,0.43970588235294117,0.7647058823529411,0.32000568559205445,1.1400677626718572
374,0.15,17,True,0.46813725490196073,0.8235294117647058,0.340482362830567,0.8343470230852538
375,0.15,17,True,0.5764705882352942,0.9411764705882353,0.44214218356782176,0.3227569588973982
376,0.15,17,True,0.5975490196078431,0.8235294117647058,0.340482362830567,0.8343470230852537
377,0.15,17,True,0.45098039215686275,0.47058823529411764,0.15790814011040566,1.2639334294856335
378,0.15,17,True,0.5098039215686274,0.8823529411764706,0.4229921134636,0.6402064333604701
379,0.15,17,True,0.5392156862745098,0.7647058823529411,0.1931052612250561,0.7871265862012691
380,0.15,17,True,0.4014705882352941,0.5294117647058824,0.1557986940603584,1.8498687225851778
381,0.1,18,True,0.42614379084967324,0.6666666666666666,0.2979332328204184,1.6688388898504305
382,0.1,18,True,0.4017429193899782,0.7222222222222222,0.3359121157011983,1.3862740938959681
383,0.1,18,True,0.5333333333333333,1.0,0.5310044064107188,0.0
384,0.1,18,True,0.29978213507625273,0.3888888888888889,0.10890871780988975,2.2584598927441624
385,0.1,18,True,0.3028322440087146,0.5555555555555556,0.22559344255483083,2.0602489763846963
386,0.1,18,True,0.3028322440087146,0.2777777777777778,0.0725427427790255,2.3718956694089632
387,0.1,18,True,0.3751633986928104,0.6111111111111112,0.2585560474829177,1.7916674843771045
388,0.1,18,True,0.7333333333333333,1.0,0.5310044064107188,0.0
389,0.1,18,True,0.31633986928104574,0.5555555555555556,0.20807317419415017,1.949137865273585
390,0.1,18,True,0.3281045751633987,0.3888888888888889,0.11204495934971526,2.4387439204017474
391,0.1,18,True,0.4396514161220043,0.7222222222222222,0.3037500680338353,1.275162982784857
392,0.1,18,True,0.5058823529411764,0.8888888888888888,0.41832813428211324,0.5032583347756457
393,0.1,18,True,0.5424836601307189,0.8888888888888888,0.4890359525563188,0.6143694458867568
394,0.1,18,True,0.4657952069716776,0.7777777777777778,0.3725991547047849,1.0975378398419535
395,0.1,18,True,0.42919389978213507,0.6666666666666666,0.254765714633586,1.134969974603941
396,0.1,18,True,0.5490196078431372,0.8333333333333334,0.33499008803474906,0.6500224216483541
397,0.1,18,True,0.5333333333333333,1.0,0.5310044064107188,0.0
398,0.1,18,True,0.35424836601307186,0.7222222222222222,0.26055104850626054,1.1221136771091087
399,0.1,18,True,0.5019607843137255,0.6666666666666666,0.1826545778534897,0.9182958340544896
400,0.1,18,True,0.5777777777777778,0.9444444444444444,0.5283265821844846,0.3095434291503252
401,0.1,18,True,0.5037037037037037,0.9444444444444444,0.5283265821844846,0.3095434291503252
402,0.1,18,True,0.5150326797385621,0.7222222222222222,0.22006971533310082,0.8524051786494786
403,0.1,18,True,0.6666666666666666,1.0,0.5310044064107188,0.0
404,0.1,18,True,0.6666666666666666,1.0,0.5310044064107188,0.0
405,0.1,18,True,0.5333333333333333,1.0,0.5310044064107188,0.0
406,0.1,18,True,0.5333333333333333,1.0,0.5310044064107188,0.0
407,0.1,18,True,0.6444444444444445,0.9444444444444444,0.5283265821844846,0.3095434291503252
408,0.1,18,True,0.6,1.0,0.5310044064107188,0.0
409,0.1,18,True,0.6666666666666666,1.0,0.5310044064107188,0.0
410,0.1,18,True,0.4196078431372549,0.8333333333333334,0.4041199259095133,0.8030717273241024
411,0.1,18,True,0.5259259259259259,0.9444444444444444,0.5283265821844846,0.3095434291503252
412,0.1,18,True,0.6,1.0,0.5310044064107188,0.0
413,0.1,18,True,0.4718954248366013,0.8333333333333334,0.4041199259095133,0.8030717273241024
414,0.1,18,True,0.5333333333333333,1.0,0.5310044064107188,0.0
415,0.1,18,True,0.5333333333333333,1.0,0.5310044064107188,0.0
416,0.1,18,True,0.5159041394335512,0.8888888888888888,0.41832813428211324,0.5032583347756457
417,0.1,18,True,0.5703703703703703,0.9444444444444444,0.5283265821844846,0.3095434291503252
418,0.1,18,True,0.5507625272331154,0.8333333333333334,0.4041199259095133,0.8030717273241024
419,0.1,18,True,0.674074074074074,0.9444444444444444,0.5283265821844846,0.3095434291503252
420,0.1,18,True,0.548148148148148,0.9444444444444444,0.5283265821844846,0.3095434291503252
421,0.1,18,True,0.6,1.0,0.5310044064107188,0.0
422,0.1,18,True,0.5019607843137255,0.8888888888888888,0.41832813428211324,0.5032583347756457
423,0.1,18,True,0.5703703703703703,0.9444444444444444,0.5283265821844846,0.3095434291503252
424,0.1,18,True,0.3660130718954248,0.6666666666666666,0.2803607492695732,1.3355055565170972
425,0.1,18,True,0.5185185185185185,0.9444444444444444,0.5283265821844846,0.3095434291503252
426,0.1,18,True,0.5738562091503268,0.8888888888888888,0.4890359525563188,0.6143694458867568
427,0.1,18,True,0.6,1.0,0.5310044064107188,0.0
428,0.1,18,True,0.5777777777777778,0.9444444444444444,0.5283265821844846,0.3095434291503252
429,0.1,18,True,0.5185185185185185,0.9444444444444444,0.5283265821844846,0.3095434291503252
430,0.1,18,True,0.5333333333333333,1.0,0.5310044064107188,0.0
431,0.1,18,True,0.3843137254901961,0.6666666666666666,0.254765714633586,1.134969974603941
432,0.1,18,True,0.5333333333333333,1.0,0.5310044064107188,0.0
433,0.1,18,True,0.48627450980392156,0.8333333333333334,0.4436691855250422,0.9141828384352135
434,0.1,18,True,0.4505446623093682,0.8333333333333334,0.4041199259095133,0.8030717273241024
435,0.1,18,True,0.44836601307189544,0.8333333333333334,0.4041199259095133,0.8030717273241024
436,0.1,18,True,0.3355119825708061,0.5,0.21856773803935636,1.7233083338141042
437,0.1,18,True,0.3459694989106754,0.3888888888888889,0.12021537594426634,2.4115091984199104
438,0.1,18,True,0.5586056644880174,0.8888888888888888,0.41832813428211324,0.5032583347756457
439,0.1,18,True,0.7333333333333333,1.0,0.5310044064107188,0.0
440,0.1,18,True,0.43224400871459695,0.4444444444444444,0.1647657494487228,1.6337314206421327
441,0.1,18,True,0.4174291938997821,0.5555555555555556,0.2338449694456599,1.6794293668139548
442,0.1,18,True,0.29673202614379085,0.5,0.21100826863279232,1.9399824743635556
443,0.1,18,True,0.5302832244008715,0.8333333333333334,0.4041199259095133,0.8030717273241024
444,0.1,18,True,0.29586056644880177,0.3888888888888889,0.12142970082338811,2.855953642864355
445,0.1,18,True,0.5350762527233115,0.8888888888888888,0.4890359525563188,0.6143694458867568
446,0.1,18,True,0.5215686274509804,0.8888888888888888,0.4890359525563188,0.6143694458867568
447,0.1,18,True,0.30806100217864923,0.3888888888888889,0.12652850568175433,2.702904337188607
448,0.1,18,True,0.4749455337690632,0.8333333333333334,0.4436691855250422,0.9141828384352135
449,0.1,18,True,0.5333333333333333,1.0,0.5310044064107188,0.0
450,0.1,18,True,0.548148148148148,0.9444444444444444,0.5283265821844846,0.3095434291503252
451,0.1,18,True,0.5220043572984749,0.8333333333333334,0.4436691855250422,0.9141828384352135
452,0.1,18,True,0.4636165577342048,0.6666666666666666,0.2803607492695732,1.3355055565170972
453,0.1,18,True,0.5355119825708061,0.8888888888888888,0.4890359525563188,0.6143694458867568
454,0.1,18,True,0.4849673202614379,0.8333333333333334,0.4041199259095133,0.8030717273241024
455,0.1,18,True,0.5128540305010894,0.7777777777777778,0.3725991547047849,1.0975378398419535
456,0.1,18,True,0.4117647058823529,0.5555555555555556,0.1901204745045889,1.5683182557028437
457,0.1,18,True,0.6222222222222221,0.8333333333333334,0.4041199259095133,0.8030717273241024
458,0.1,18,True,0.4923747276688453,0.6111111111111112,0.18062065954249584,1.2997367636952522
459,0.1,18,True,0.4954248366013072,0.5555555555555556,0.14132728892674495,0.9910760598382222
460,0.1,18,True,0.5777777777777778,0.9444444444444444,0.5283265821844846,0.3095434291503252
461,0.1,18,True,0.5581699346405228,0.8888888888888888,0.41832813428211324,0.5032583347756457
462,0.1,18,True,0.42701525054466233,0.5,0.20226907788083914,1.2516291673878228
463,0.1,18,True,0.5333333333333333,1.0,0.5310044064107188,0.0
464,0.1,18,True,0.4618736383442266,0.8888888888888888,0.4890359525563188,0.6143694458867568
465,0.1,18,True,0.4549019607843138,0.8888888888888888,0.4890359525563188,0.6143694458867568
466,0.1,18,True,0.6,1.0,0.5310044064107188,0.0
467,0.1,18,True,0.49324618736383447,0.7777777777777778,0.340482362830567,0.9444885341662053
468,0.1,18,True,0.5581699346405228,0.8888888888888888,0.41832813428211324,0.5032583347756457
469,0.1,18,True,0.5202614379084968,0.8888888888888888,0.4890359525563188,0.6143694458867568
470,0.1,18,True,0.4540305010893246,0.8888888888888888,0.4890359525563188,0.6143694458867568
471,0.1,18,True,0.5703703703703703,0.9444444444444444,0.5283265821844846,0.3095434291503252
472,0.1,18,True,0.35773420479302837,0.6111111111111112,0.2585560474829177,1.7916674843771045
473,0.1,18,True,0.5581699346405228,0.8888888888888888,0.41832813428211324,0.5032583347756457
474,0.1,18,True,0.6,1.0,0.5310044064107188,0.0
475,0.1,18,True,0.420479302832244,0.5555555555555556,0.2338449694456599,1.6794293668139548
476,0.1,18,True,0.6,1.0,0.5310044064107188,0.0
477,0.1,18,True,0.5333333333333333,1.0,0.5310044064107188,0.0
478,0.1,18,True,0.5076252723311546,0.5555555555555556,0.14132728892674495,0.9910760598382222
479,0.1,18,True,0.5150326797385621,0.7222222222222222,0.22006971533310082,0.8524051786494786
480,0.1,18,True,0.6962962962962963,0.9444444444444444,0.5283265821844846,0.3095434291503252
481,0.1,18,True,0.44400871459694985,0.7777777777777778,0.3977554223658072,1.2086489509530647
482,0.1,18,True,0.47886710239651414,0.7777777777777778,0.3725991547047849,1.0975378398419535
483,0.1,18,True,0.47581699346405226,0.8888888888888888,0.4890359525563188,0.6143694458867568
484,0.1,18,True,0.5246187363834423,0.8333333333333334,0.4041199259095133,0.8030717273241024
485,0.1,18,True,0.5071895424836601,0.6666666666666666,0.21452470277266567,1.224394445405986
486,0.1,18,True,0.5298474945533769,0.8333333333333334,0.4041199259095133,0.8030717273241024
487,0.1,18,True,0.3254901960784314,0.3888888888888889,0.1111416729504825,1.7720772537350808
488,0.1,18,True,0.29934640522875816,0.5,0.21100826863279232,1.9399824743635556
489,0.1,18,True,0.31851851851851853,0.4444444444444444,0.15323431356959916,2.4613201402110083
490,0.1,18,True,0.3437908496732026,0.6111111111111112,0.18062065954249584,1.2997367636952522
491,0.1,18,True,0.4501089324618736,0.7222222222222222,0.3359121157011983,1.3862740938959681
492,0.1,18,True,0.37821350762527234,0.5,0.1818141191887922,1.8288713632524445
493,0.1,18,True,0.4196078431372549,0.6111111111111112,0.25753634565243533,1.6113834567195195
494,0.1,18,True,0.37342047930283223,0.6666666666666666,0.29081902780598756,1.5157895841746822
495,0.1,18,True,0.39651416122004357,0.7222222222222222,0.33591211570119817,1.386274093895968
496,0.1,18,True,0.5333333333333333,1.0,0.5310044064107188,0.0
497,0.1,18,True,0.534640522875817,0.7777777777777778,0.3725991547047849,1.0975378398419535
498,0.1,18,True,0.49324618736383447,0.7222222222222222,0.26055104850626043,1.1221136771091087
499,0.1,18,True,0.5333333333333333,1.0,0.5310044064107188,0.0
500,0.1,18,True,0.5673202614379085,0.6666666666666666,0.254765714633586,1.134969974603941
501,0.1,18,True,0.6331154684095861,0.7777777777777778,0.340482362830567,0.9444885341662053
502,0.1,18,True,0.3638344226579521,0.6666666666666666,0.2979332328204184,1.6688388898504305
503,0.1,18,True,0.6,1.0,0.5310044064107188,0.0
504,0.1,18,True,0.26666666666666666,0.2777777777777778,0.07207707758790283,2.7471671973069336
505,0.1,18,True,0.4366013071895425,0.6111111111111112,0.21649567501998768,1.5002723456084084
506,0.1,18,True,0.46405228758169936,0.8888888888888888,0.41832813428211324,0.5032583347756457
507,0.1,18,True,0.42875816993464055,0.6111111111111112,0.25753634565243533,1.6113834567195195
508,0.1,18,True,0.3568627450980392,0.5,0.19312997374815177,2.3208020839342964
509,0.1,18,True,0.3198257080610022,0.6111111111111112,0.2602530984543837,1.9447167900528528
510,0.1,18,True,0.3333333333333333,0.5,0.18122294910529746,2.3627402784989338
511,0.1,18,True,0.3233115468409586,0.3888888888888889,0.11204495934971526,2.438743920401748
512,0.1,18,True,0.48888888888888893,0.6666666666666666,0.254765714633586,1.134969974603941
513,0.1,18,True,0.3581699346405229,0.6111111111111112,0.2602530984543838,1.9447167900528528
514,0.1,18,True,0.27233115468409586,0.2777777777777778,0.040530589909330006,2.8582783084180448
515,0.1,18,True,0.2845315904139433,0.3888888888888889,0.12809762985140072,2.5498550315128585
516,0.1,18,True,0.42657952069716776,0.5555555555555556,0.2338449694456599,1.6794293668139548
517,0.1,18,True,0.4248366013071896,0.6111111111111112,0.20593925432908677,1.5275070675902451
518,0.1,18,True,0.37603485838779954,0.5,0.16817938525389264,2.2516291673878226
519,0.1,18,True,0.41612200435729846,0.5,0.21856773803935636,1.7233083338141042
520,0.1,18,True,0.3899782135076253,0.6111111111111112,0.24511122979648525,1.8336056789417416
521,0.1,18,True,0.32200435729847493,0.3333333333333333,0.1239290180529995,2.3991303913908
522,0.1,18,True,0.34509803921568627,0.5555555555555556,0.22907300390241692,2.3244093931715555
523,0.1,18,True,0.24618736383442266,0.3888888888888889,0.1042835805656922,2.6337314206421327
524,0.1,18,True,0.26710239651416123,0.3333333333333333,0.11303337684950066,2.752715278979705
525,0.1,18,True,0.3947712418300654,0.5,0.15067942238008114,1.9182958340544893
526,0.1,18,True,0.3991285403050109,0.5,0.1818141191887922,1.8288713632524445
527,0.1,18,True,0.3176470588235294,0.3888888888888889,0.13757699309260785,2.1690354219421173
528,0.1,18,True,0.5006535947712418,0.6111111111111112,0.22812402278974897,1.1941737342569119
529,0.1,18,True,0.3825708061002179,0.6111111111111112,0.2602530984543838,1.9447167900528528
530,0.1,18,True,0.32200435729847493,0.6111111111111112,0.2585560474829177,1.7916674843771045
531,0.1,18,True,0.5167755991285403,0.8333333333333334,0.4041199259095133,0.8030717273241024
532,0.1,18,True,0.41830065359477125,0.5,0.21856773803935636,1.7233083338141042
533,0.1,18,True,0.3638344226579521,0.6666666666666666,0.30968313518177715,1.7799500009615414
534,0.1,18,True,0.4226579520697168,0.5555555555555556,0.1901204745045889,1.5683182557028439
535,0.1,18,True,0.44618736383442265,0.7222222222222222,0.3359121157011983,1.3862740938959681
536,0.1,18,True,0.2980392156862745,0.3888888888888889,0.0994635009803243,2.4806821149663842
537,0.1,18,True,0.44836601307189544,0.7222222222222222,0.32000568559205445,1.2332247882202196
538,0.1,18,True,0.5555555555555555,0.9444444444444444,0.5283265821844846,0.3095434291503252
539,0.1,18,True,0.47233115468409587,0.7777777777777778,0.3725991547047849,1.0975378398419535
540,0.1,18,True,0.501525054466231,0.7222222222222222,0.2916788609521739,1.0529407605626346
541,0.1,18,True,0.26187363834422656,0.4444444444444444,0.13860542674027043,2.350209029099897
542,0.1,18,True,0.5660130718954248,0.8888888888888888,0.4890359525563188,0.6143694458867568
543,0.1,18,True,0.5150326797385621,0.8333333333333334,0.4436691855250422,0.9141828384352135
544,0.1,18,True,0.355119825708061,0.4444444444444444,0.15323431356959916,2.4613201402110083
545,0.1,18,True,0.28322440087145967,0.4444444444444444,0.12602396837087937,2.3921472236645345
546,0.1,18,True,0.5777777777777778,0.9444444444444444,0.5283265821844846,0.3095434291503252
547,0.1,18,True,0.49106753812636167,0.6666666666666666,0.254765714633586,1.134969974603941
548,0.1,18,True,0.3198257080610022,0.5,0.21856773803935636,1.7233083338141042
549,0.1,18,True,0.355119825708061,0.5555555555555556,0.23103764446506325,1.4627552262645034
550,0.1,18,True,0.32897603485838783,0.4444444444444444,0.14044087901952707,1.94770277922009
551,0.1,18,True,0.3572984749455338,0.5555555555555556,0.21301198418543954,2.102187170949333
552,0.1,18,True,0.5167755991285403,0.8333333333333334,0.4041199259095133,0.8030717273241024
553,0.1,18,True,0.4745098039215686,0.6666666666666666,0.20226907788083914,1.2516291673878228
554,0.1,18,True,0.41873638344226577,0.6111111111111112,0.2334525823968916,1.6805563732659934
555,0.1,18,True,0.47581699346405226,0.8333333333333334,0.4436691855250422,0.9141828384352135
556,0.95,1,False,,,,
557,0.95,1,False,,,,
558,0.95,1,False,,,,
559,0.95,1,False,,,,
560,0.95,1,False,,,,
561,0.95,1,False,,,,
562,0.95,1,False,,,,
563,0.95,1,False,,,,
564,0.95,1,False,,,,
565,0.95,1,False,,,,
566,0.95,1,False,,,,
567,0.95,1,False,,,,
568,0.95,1,False,,,,
569,0.95,1,False,,,,
570,0.95,1,False,,,,
571,0.1,18,True,0.41132897603485835,0.4444444444444444,0.2110702296074859,1.7448425317532439
572,0.1,18,True,0.5494553376906317,0.8888888888888888,0.4890359525563188,0.6143694458867568
573,0.1,18,True,0.42614379084967324,0.7777777777777778,0.3725991547047849,1.0975378398419535
574,0.1,18,True,0.48453159041394334,0.5,0.20226907788083914,1.2516291673878228
575,0.1,18,True,0.33420479302832246,0.5,0.14119717659244801,1.945530556036326
576,0.1,18,True,0.4418300653594771,0.6666666666666666,0.29081902780598756,1.5157895841746822
577,0.1,18,True,0.4797385620915033,0.7777777777777778,0.32161017527648017,0.9864267287308424
578,0.1,18,True,0.45577342047930286,0.7222222222222222,0.33591211570119817,1.386274093895968
579,0.1,18,True,0.420479302832244,0.5,0.21856773803935636,1.7233083338141042
580,0.1,18,True,0.5198257080610021,0.8888888888888888,0.4890359525563188,0.6143694458867568
581,0.1,18,True,0.4919389978213508,0.7777777777777778,0.3725991547047849,1.0975378398419535
582,0.1,18,True,0.674074074074074,0.9444444444444444,0.5283265821844846,0.3095434291503252
583,0.1,18,True,0.38605664488017427,0.6111111111111112,0.24511122979648525,1.8336056789417416
584,0.1,18,True,0.5106753812636166,0.6666666666666666,0.25354871102045307,1.404678473063571
585,0.1,18,True,0.5054466230936819,0.8888888888888888,0.41832813428211324,0.5032583347756457
586,0.1,18,True,0.501525054466231,0.8333333333333334,0.4436691855250422,0.9141828384352135
587,0.1,18,True,0.424400871459695,0.8333333333333334,0.4436691855250422,0.9141828384352135
588,0.1,18,True,0.5555555555555555,0.9444444444444444,0.5283265821844846,0.3095434291503252
589,0.1,18,True,0.548148148148148,0.9444444444444444,0.5283265821844846,0.3095434291503252
590,0.1,18,True,0.4544662309368192,0.6666666666666666,0.29081902780598756,1.5157895841746822
591,0.1,18,True,0.420479302832244,0.6666666666666666,0.2803607492695732,1.3355055565170972
592,0.1,18,True,0.36427015250544664,0.4444444444444444,0.2110702296074859,1.7448425317532439
593,0.1,18,True,0.6235294117647058,0.8333333333333334,0.4436691855250422,0.9141828384352135
594,0.1,18,True,0.2980392156862745,0.5,0.19312997374815177,2.3208020839342964
595,0.1,18,True,0.2575163398692811,0.3888888888888889,0.12021537594426634,2.411509198419911
596,0.1,18,True,0.4954248366013072,0.8333333333333334,0.4436691855250422,0.9141828384352135
597,0.1,18,True,0.562962962962963,0.9444444444444444,0.5283265821844846,0.3095434291503252
598,0.1,18,True,0.48017429193899785,0.8333333333333334,0.4041199259095133,0.8030717273241024
599,0.1,18,True,0.4309368191721133,0.7222222222222222,0.3359121157011983,1.3862740938959681
600,0.1,18,True,0.32113289760348585,0.4444444444444444,0.15935730170421258,2.2810361125534233
601,0.1,18,True,0.4217864923747277,0.8333333333333334,0.4436691855250422,0.9141828384352135
602,0.1,18,True,0.41917211328976034,0.5,0.1818141191887922,1.8288713632524445
603,0.1,18,True,0.5777777777777778,0.9444444444444444,0.5283265821844846,0.3095434291503252
604,0.1,18,True,0.40566448801742916,0.7222222222222222,0.3359121157011983,1.3862740938959681
605,0.1,18,True,0.4047930283224401,0.7222222222222222,0.32000568559205445,1.2332247882202196
606,0.1,18,True,0.36470588235294116,0.5,0.16016409232570472,2.098579861712074
607,0.1,18,True,0.38344226579520696,0.5555555555555556,0.21301198418543954,2.102187170949333
608,0.1,18,True,0.44052287581699345,0.8333333333333334,0.4436691855250422,0.9141828384352135
609,0.1,18,True,0.42352941176470593,0.5,0.10323290221663328,1.7924812503605778
610,0.1,18,True,0.4496732026143791,0.7777777777777778,0.3977554223658072,1.2086489509530647
611,0.1,18,True,0.2766884531590414,0.2777777777777778,0.10362356526647565,2.636056086195823
612,0.1,18,True,0.379520697167756,0.5555555555555556,0.19322802684931562,1.7960885595978366
613,0.1,18,True,0.3886710239651416,0.5,0.21856773803935636,1.7233083338141042
614,0.1,18,True,0.3917211328976035,0.6666666666666666,0.29081902780598756,1.5157895841746822
615,0.1,18,True,0.44488017429193893,0.5,0.21923179899069856,1.4932133643654213
616,0.1,18,True,0.3529411764705882,0.5555555555555556,0.19462835650771748,1.991076059838222
617,0.1,18,True,0.29411764705882354,0.3333333333333333,0.09943237815189054,2.288019280279689
618,0.1,18,True,0.47058823529411764,0.7222222222222222,0.3359121157011983,1.3862740938959681
619,0.1,18,True,0.4335511982570806,0.5555555555555556,0.15726235138633282,1.3516441151533922
620,0.1,18,True,0.34553376906318084,0.4444444444444444,0.13860542674027043,2.350209029099897
621,0.1,18,True,0.42657952069716776,0.6111111111111112,0.2334525823968916,1.6805563732659934
622,0.1,18,True,0.5185185185185185,0.9444444444444444,0.5283265821844846,0.3095434291503252
623,0.1,18,True,0.49498910675381264,0.7222222222222222,0.32000568559205445,1.2332247882202196
624,0.1,18,True,0.38649237472766884,0.5555555555555556,0.20807317419414995,1.949137865273585
625,0.1,18,True,0.47886710239651414,0.7222222222222222,0.26055104850626043,1.1221136771091087
626,0.1,18,True,0.3638344226579521,0.3888888888888889,0.15797425420712452,2.1054105870684143
627,0.1,18,True,0.22396514161220044,0.3888888888888889,0.1161906052085464,2.591793226077496
628,0.1,18,True,0.32592592592592595,0.3888888888888889,0.12413217540617516,2.2109736165067546
629,0.1,18,True,0.4627450980392157,0.6666666666666666,0.20226907788083914,1.2516291673878228
630,0.1,18,True,0.5089324618736383,0.8333333333333334,0.4436691855250422,0.9141828384352135
631,0.1,18,True,0.37385620915032675,0.5555555555555556,0.17862650938140523,1.8380267541624737
632,0.1,18,True,0.33420479302832246,0.5555555555555556,0.20271027263694896,1.768853837616
633,0.1,18,True,0.437037037037037,0.6666666666666666,0.25354871102045307,1.404678473063571
634,0.1,18,True,0.3812636165577342,0.5,0.1818141191887922,1.8288713632524445
635,0.1,18,True,0.38300653594771245,0.6666666666666666,0.2979332328204184,1.6688388898504305
636,0.1,18,True,0.6091503267973856,0.8333333333333334,0.33499008803474906,0.6500224216483541
637,0.1,18,True,0.48627450980392156,0.8333333333333334,0.4436691855250422,0.9141828384352135
638,0.1,18,True,0.36688453159041395,0.5555555555555556,0.17862650938140523,1.8380267541624737
639,0.1,18,True,0.3533769063180828,0.5,0.18122294910529757,2.3627402784989338
640,0.1,18,True,0.4,0.4444444444444444,0.2110702296074859,1.7448425317532439
641,0.15,17,True,0.4730392156862745,0.7647058823529411,0.26055104850626043,1.022420703848328
642,0.15,17,True,0.3941176470588236,0.7058823529411765,0.29081902780598745,1.439254017211876
643,0.15,17,True,0.49656862745098046,0.8235294117647058,0.38885477226300413,0.951994081908783
644,0.15,17,True,0.44313725490196076,0.8235294117647058,0.38885477226300413,0.951994081908783
645,0.15,17,True,0.5686274509803921,0.9411764705882353,0.44214218356782176,0.3227569588973982
646,0.15,17,True,0.34411764705882353,0.6470588235294118,0.2585560474829177,1.731360029190912
647,0.1,18,True,0.4684095860566449,0.7222222222222222,0.33591211570119817,1.386274093895968
648,0.1,18,True,0.5660130718954248,0.8888888888888888,0.4890359525563188,0.6143694458867568
649,0.15,17,True,0.4019607843137255,0.6470588235294118,0.2334525823968916,1.6137129703673825
650,0.15,17,True,0.5098039215686274,0.7647058823529411,0.35051363316910866,1.2577148214953864
651,0.1,18,True,0.4531590413943355,0.7222222222222222,0.32000568559205445,1.2332247882202196
652,0.1,18,True,0.31241830065359477,0.4444444444444444,0.15935730170421258,2.2810361125534233
653,0.1,18,True,0.5058823529411764,0.8888888888888888,0.41832813428211324,0.5032583347756457
654,0.1,18,True,0.45620915032679743,0.8333333333333334,0.4041199259095133,0.8030717273241024
655,0.1,18,True,0.4300653594771242,0.6111111111111112,0.2334525823968916,1.6805563732659934
656,0.1,18,True,0.3725490196078431,0.4444444444444444,0.14749181257269428,1.9274512249645188
657,0.15,17,True,0.4602941176470588,0.8235294117647058,0.340482362830567,0.8343470230852538
658,0.15,17,True,0.4573529411764706,0.8235294117647058,0.38885477226300413,0.951994081908783
659,0.15,17,True,0.38186274509803925,0.5294117647058824,0.17360891001213719,2.0119209285947934
660,0.15,17,True,0.3950980392156863,0.47058823529411764,0.18424543142325833,1.7633584292311077
661,0.15,17,True,0.7333333333333333,1.0,0.3901596952835996,0.0
662,0.15,17,True,0.38529411764705884,0.47058823529411764,0.1507366236287142,2.08746284125034
663,0.15,17,True,0.43970588235294117,0.7647058823529411,0.32000568559205445,1.1400677626718572
664,0.15,17,True,0.5333333333333333,1.0,0.3901596952835996,0.0
665,0.15,17,True,0.5764705882352942,0.9411764705882353,0.44214218356782176,0.3227569588973982
666,0.15,17,True,0.4725490196078431,0.7058823529411765,0.29081902780598745,1.439254017211876
667,0.15,17,True,0.5465686274509804,0.8823529411764706,0.4229921134636,0.6402064333604701
668,0.15,17,True,0.5333333333333333,1.0,0.3901596952835996,0.0
669,0.15,17,True,0.33431372549019606,0.47058823529411764,0.15073662362871432,2.08746284125034
670,0.15,17,True,0.41715686274509806,0.7058823529411765,0.25354871102045307,1.321606958388347
671,0.15,17,True,0.3931372549019608,0.6470588235294118,0.2585560474829177,1.731360029190912
672,0.15,17,True,0.40098039215686276,0.6470588235294118,0.23275129257820693,1.3784188527203236
673,0.15,17,True,0.39362745098039215,0.7058823529411765,0.29081902780598756,1.439254017211876
674,0.15,17,True,0.296078431372549,0.4117647058823529,0.12809762985140072,2.5341468438052397
675,0.15,17,True,0.3970588235294118,0.7058823529411765,0.23339689032675248,1.086312840741288
676,0.15,17,True,0.2833333333333333,0.47058823529411764,0.1507366236287142,2.0874628412503395
677,0.1,18,True,0.34074074074074073,0.6111111111111112,0.2683610168752899,2.0558279011639637
678,0.1,18,True,0.4893246187363835,0.8333333333333334,0.4041199259095133,0.8030717273241024
679,0.1,18,True,0.46753812636165576,0.8888888888888888,0.4890359525563188,0.6143694458867568
680,0.1,18,True,0.4549019607843138,0.6666666666666666,0.2803607492695732,1.3355055565170972
681,0.1,18,True,0.3568627450980392,0.6111111111111112,0.2585560474829177,1.7916674843771045
682,0.1,18,True,0.36732026143790847,0.5,0.16528093984799175,1.8763576394898522
683,0.1,18,True,0.5450980392156862,0.8333333333333334,0.4041199259095133,0.8030717273241024
684,0.1,18,True,0.5703703703703703,0.9444444444444444,0.5283265821844846,0.3095434291503252
685,0.1,18,True,0.4095860566448801,0.5555555555555556,0.23024907521851967,1.879964948727111
686,0.1,18,True,0.4601307189542484,0.8333333333333334,0.4436691855250422,0.9141828384352135
687,0.1,18,True,0.5228758169934641,0.8333333333333334,0.4436691855250422,0.9141828384352135
688,0.1,18,True,0.35163398692810455,0.4444444444444444,0.14044087901952707,1.94770277922009
689,0.1,18,True,0.5869281045751634,0.8888888888888888,0.4890359525563188,0.6143694458867568
690,0.1,18,True,0.48714596949891065,0.8333333333333334,0.4436691855250422,0.9141828384352135
691,0.1,18,True,0.5328976034858388,0.7777777777777778,0.3725991547047849,1.0975378398419535
692,0.1,18,True,0.3886710239651416,0.6666666666666666,0.2979332328204184,1.6688388898504303
693,0.1,18,True,0.4100217864923747,0.8333333333333334,0.4436691855250422,0.9141828384352135
694,0.1,18,True,0.5250544662309369,0.7777777777777778,0.3725991547047849,1.0975378398419535
695,0.1,18,True,0.2531590413943355,0.5,0.17360891001213719,2.0566416671474372
696,0.1,18,True,0.48801742919389984,0.8888888888888888,0.41832813428211324,0.5032583347756457
697,0.1,18,True,0.3010893246187364,0.5555555555555556,0.21301198418543954,2.102187170949333
698,0.1,18,True,0.42875816993464055,0.7222222222222222,0.33591211570119817,1.386274093895968
699,0.1,18,True,0.4549019607843138,0.7222222222222222,0.32000568559205445,1.2332247882202196
700,0.1,18,True,0.45533769063180835,0.7777777777777778,0.3977554223658072,1.2086489509530647
701,0.1,18,True,0.2688453159041394,0.4444444444444444,0.15051499783199063,2.614369445886757
702,0.1,18,True,0.5037037037037037,0.7777777777777778,0.3725991547047849,1.0975378398419535
703,0.15,17,True,0.34019607843137256,0.5294117647058824,0.14119717659244801,1.894273869771264
704,0.15,17,True,0.48137254901960785,0.7647058823529411,0.27942323606034725,0.9780155566622414
705,0.15,17,True,0.3686274509803921,0.6470588235294118,0.20593925432908677,1.4516607643577664
706,0.15,17,True,0.4607843137254902,0.7058823529411765,0.29081902780598756,1.439254017211876
707,0.1,18,True,0.3660130718954248,0.6666666666666666,0.30968313518177715,1.7799500009615414
708,0.1,18,True,0.5407407407407407,0.9444444444444444,0.5283265821844846,0.3095434291503252
709,0.1,18,True,0.4435729847494553,0.7222222222222222,0.3359121157011983,1.3862740938959681
710,0.1,18,True,0.4387799564270152,0.7777777777777778,0.3725991547047849,1.0975378398419535
711,0.1,18,True,0.23485838779956428,0.4444444444444444,0.15935730170421258,2.2810361125534233
712,0.1,18,True,0.32897603485838783,0.5,0.19312997374815177,2.3208020839342964
713,0.1,18,True,0.45882352941176474,0.7222222222222222,0.33591211570119817,1.386274093895968
714,0.1,18,True,0.3224400871459695,0.4444444444444444,0.11635711576398333,2.016875695766564
715,0.1,18,True,0.4610021786492375,0.7222222222222222,0.3359121157011983,1.3862740938959681
716,0.1,18,True,0.5276688453159042,0.8888888888888888,0.4890359525563188,0.6143694458867568
717,0.1,18,True,0.3572984749455338,0.6111111111111112,0.2585560474829177,1.7916674843771045
718,0.1,18,True,0.293681917211329,0.4444444444444444,0.15051499783199063,2.614369445886757
719,0.1,18,True,0.4666666666666667,0.7777777777777778,0.3725991547047849,1.0975378398419535
720,0.1,18,True,0.5359477124183006,0.8888888888888888,0.4890359525563188,0.6143694458867568
721,0.1,18,True,0.3337690631808279,0.4444444444444444,0.13729180594228163,2.169925001442312
722,0.1,18,True,0.4387799564270152,0.6666666666666666,0.25354871102045307,1.404678473063571
723,0.1,18,True,0.4775599128540305,0.8333333333333334,0.4041199259095133,0.8030717273241024
724,0.1,18,True,0.48888888888888893,0.9444444444444444,0.5283265821844846,0.3095434291503252
725,0.1,18,True,0.34901960784313724,0.6111111111111112,0.2683610168752899,2.0558279011639637
726,0.1,18,True,0.4222222222222223,0.5555555555555556,0.2338449694456599,1.6794293668139548
727,0.1,18,True,0.4784313725490196,0.6666666666666666,0.29081902780598756,1.5157895841746822
728,0.1,18,True,0.5333333333333333,1.0,0.5310044064107188,0.0
729,0.1,18,True,0.269281045751634,0.2222222222222222,0.038605426740270565,2.6835423624332306
730,0.1,18,True,0.40305010893246185,0.6666666666666666,0.27621751033807707,1.5577277787393193
731,0.1,18,True,0.4823529411764706,0.8888888888888888,0.4890359525563188,0.6143694458867568
732,0.1,18,True,0.3424836601307189,0.3888888888888889,0.11204495934971526,2.4387439204017474
733,0.1,18,True,0.34901960784313724,0.4444444444444444,0.11635711576398333,2.016875695766564
734,0.1,18,True,0.38605664488017427,0.6111111111111112,0.2585560474829177,1.7916674843771045
735,0.1,18,True,0.4305010893246187,0.7777777777777778,0.3977554223658072,1.2086489509530647
736,0.1,18,True,0.46492374727668845,0.7222222222222222,0.33591211570119817,1.386274093895968
737,0.9,2,False,,,,
738,0.9,2,False,,,,
739,0.9,2,False,,,,
740,0.9,2,False,,,,
741,0.1,18,True,0.456644880174292,0.7222222222222222,0.32000568559205445,1.2332247882202196
742,0.1,18,True,0.4684095860566449,0.8333333333333334,0.4041199259095133,0.8030717273241024
743,0.1,18,True,0.4501089324618736,0.7222222222222222,0.33591211570119817,1.386274093895968
744,0.1,18,True,0.40305010893246185,0.5555555555555556,0.23024907521851967,1.879964948727111
745,0.1,18,True,0.31633986928104574,0.6111111111111112,0.2602530984543837,1.9447167900528528
746,0.15,17,True,0.3553921568627451,0.5294117647058824,0.10323290221663328,1.7322216637616483
747,0.15,17,True,0.25833333333333336,0.29411764705882354,0.08841707004387156,2.8451442836760017
748,0.15,17,True,0.36176470588235293,0.47058823529411764,0.15323431356959916,2.4404040177209283
749,0.15,17,True,0.5176470588235295,0.9411764705882353,0.44214218356782176,0.3227569588973982
750,0.1,18,True,0.3429193899782135,0.5,0.15067942238008114,1.9182958340544893
751,0.1,18,True,0.39084967320261443,0.6111111111111112,0.2602530984543837,1.9447167900528528
752,0.1,18,True,0.43834422657952066,0.5555555555555556,0.2338449694456599,1.6794293668139548
753,0.1,18,True,0.44880174291938996,0.8888888888888888,0.4890359525563188,0.6143694458867568
754,0.1,18,True,0.3006535947712418,0.5,0.18076084362328393,2.2096909728231857
755,0.1,18,True,0.24836601307189543,0.2777777777777778,0.05243761455218421,2.816340113853408
756,0.1,18,True,0.3921568627450981,0.6666666666666666,0.2803607492695732,1.3355055565170972
757,0.1,18,True,0.43834422657952066,0.7777777777777778,0.3725991547047849,1.0975378398419535
758,0.1,18,True,0.3337690631808279,0.5,0.18233999335007445,2.0294069451656007
759,0.1,18,True,0.46492374727668845,0.7222222222222222,0.26055104850626043,1.1221136771091087
760,0.1,18,True,0.4065359477124183,0.7777777777777778,0.3977554223658072,1.2086489509530647
761,0.1,18,True,0.30239651416122004,0.3888888888888889,0.11204495934971526,2.4387439204017474
762,0.1,18,True,0.48714596949891065,0.8333333333333334,0.4436691855250422,0.9141828384352135
763,0.1,18,True,0.4069716775599128,0.6666666666666666,0.2803607492695732,1.3355055565170972
764,0.1,18,True,0.4814814814814815,0.7222222222222222,0.32000568559205445,1.2332247882202196
765,0.1,18,True,0.2906318082788671,0.3333333333333333,0.09429256635825567,2.8218881955261788
766,0.1,18,True,0.562962962962963,0.9444444444444444,0.5283265821844846,0.3095434291503252
767,0.1,18,True,0.5041394335511983,0.8888888888888888,0.4890359525563188,0.6143694458867568
768,0.1,18,True,0.31546840958605665,0.4444444444444444,0.15935730170421258,2.2810361125534233
769,0.1,18,True,0.3747276688453159,0.5,0.15067942238008114,1.9182958340544893
770,0.1,18,True,0.4596949891067538,0.7222222222222222,0.32000568559205445,1.2332247882202196
771,0.1,18,True,0.3555555555555555,0.5555555555555556,0.20807317419414995,1.949137865273585
772,0.1,18,True,0.3603485838779957,0.5555555555555556,0.21301198418543954,2.102187170949333
773,0.1,18,True,0.4849673202614379,0.7777777777777778,0.3725991547047849,1.0975378398419535
774,0.1,18,True,0.4618736383442266,0.8333333333333334,0.4436691855250422,0.9141828384352135
775,0.15,17,True,0.5068627450980393,0.8235294117647058,0.340482362830567,0.8343470230852538
776,0.15,17,True,0.5617647058823529,0.7647058823529411,0.1931052612250561,0.7871265862012691
777,0.15,17,True,0.49411764705882355,0.9411764705882353,0.44214218356782176,0.3227569588973982
778,0.15,17,True,0.4073529411764706,0.47058823529411764,0.134902164289336,1.6457113704075788
779,0.15,17,True,0.3598039215686274,0.5294117647058824,0.16528093984799175,1.8210319581338212
780,0.15,17,True,0.6352941176470588,0.9411764705882353,0.44214218356782176,0.3227569588973982
781,0.15,17,True,0.4843137254901961,0.7058823529411765,0.23339689032675248,1.086312840741288
782,0.15,17,True,0.3593137254901961,0.5294117647058824,0.1957848110365069,1.9386790169573507
783,0.15,17,True,0.6,1.0,0.3901596952835996,0.0
784,0.15,17,True,0.36470588235294116,0.5882352941176471,0.19322802684931562,1.7360411676599226
785,0.15,17,True,0.36617647058823527,0.5882352941176471,0.19322802684931562,1.7360411676599221
786,0.15,17,True,0.5686274509803921,0.9411764705882353,0.44214218356782176,0.3227569588973982
787,0.15,17,True,0.3578431372549019,0.5294117647058824,0.18076084362328393,2.1739731346044096
788,0.15,17,True,0.3730392156862745,0.5294117647058824,0.16528093984799175,1.8210319581338212
789,0.15,17,True,0.5029411764705882,0.6470588235294118,0.11290798446487105,0.9366673818775626
790,0.15,17,True,0.4877450980392157,0.7647058823529411,0.27942323606034725,0.9780155566622414
791,0.15,17,True,0.29117647058823526,0.47058823529411764,0.1511868851096616,2.2783518117113117
792,0.15,17,True,0.5764705882352942,0.9411764705882353,0.44214218356782176,0.3227569588973982
793,0.15,17,True,0.3892156862745098,0.5294117647058824,0.10323290221663328,1.7322216637616483
794,0.15,17,True,0.4357843137254902,0.5294117647058824,0.13004494046575343,1.6589797521242053
795,0.15,17,True,0.5225490196078432,0.8823529411764706,0.4229921134636,0.6402064333604701
796,0.15,17,True,0.33382352941176474,0.5294117647058824,0.17360891001213719,2.011920928594794
797,0.15,17,True,0.40588235294117647,0.4117647058823529,0.05935455038465376,1.4958242288403436
798,0.15,17,True,0.5764705882352942,0.9411764705882353,0.44214218356782176,0.3227569588973982
799,0.15,17,True,0.5274509803921569,0.8235294117647058,0.340482362830567,0.8343470230852538
800,0.15,17,True,0.3779411764705882,0.7647058823529411,0.35051363316910866,1.2577148214953864
801,0.15,17,True,0.5009803921568627,0.5294117647058824,0.10888564054309924,1.3792804872910605
802,0.15,17,True,0.5583333333333333,0.8235294117647058,0.38885477226300413,0.951994081908783
803,0.15,17,True,0.509313725490196,0.8235294117647058,0.340482362830567,0.8343470230852537
804,0.55,9,True,0.5333333333333333,1.0,0.007225546012191719,0.0
805,0.15,17,True,0.5333333333333333,1.0,0.3901596952835996,0.0
806,0.15,17,True,0.5691176470588235,0.8235294117647058,0.38885477226300413,0.951994081908783
807,0.15,17,True,0.5225490196078432,0.8235294117647058,0.25468842405217373,0.6722948170756379
808,0.15,17,True,0.6,1.0,0.3901596952835996,0.0
809,0.15,17,True,0.453921568627451,0.6470588235294118,0.23275129257820693,1.3784188527203236
810,0.15,17,True,0.425,0.7058823529411765,0.29081902780598756,1.439254017211876
811,0.15,17,True,0.5637254901960785,0.8235294117647058,0.25468842405217373,0.6722948170756379
812,0.15,17,True,0.4936274509803921,0.8235294117647058,0.25468842405217373,0.6722948170756379
813,0.15,17,True,0.8666666666666667,1.0,0.3901596952835996,0.0
814,0.15,17,True,0.45686274509803926,0.6470588235294118,0.23275129257820693,1.3784188527203236
815,0.15,17,True,0.7333333333333333,1.0,0.3901596952835996,0.0
816,0.15,17,True,0.4264705882352941,0.7058823529411765,0.25354871102045307,1.321606958388347
817,0.15,17,True,0.4406862745098039,0.5882352941176471,0.17613453894041964,1.2210477851797181
818,0.15,17,True,0.5387254901960785,0.8823529411764706,0.4229921134636,0.6402064333604701
819,0.15,17,True,0.5117647058823529,0.7058823529411765,0.14652605660438867,0.8739810481273578
820,0.15,17,True,0.7019607843137254,0.9411764705882353,0.44214218356782176,0.3227569588973982
821,0.15,17,True,0.42156862745098045,0.5882352941176471,0.20637609206280816,1.450467463408549
822,0.15,17,True,0.45245098039215687,0.7058823529411765,0.2698043285786723,1.2772018112022603
823,0.15,17,True,0.5333333333333333,1.0,0.3901596952835996,0.0
824,0.15,17,True,0.4764705882352941,0.7058823529411765,0.23339689032675248,1.086312840741288
825,0.15,17,True,0.5607843137254902,0.9411764705882353,0.44214218356782176,0.3227569588973982
826,0.15,17,True,0.5019607843137255,0.8823529411764706,0.4229921134636,0.6402064333604701
827,0.15,17,True,0.4666666666666667,0.8235294117647058,0.340482362830567,0.8343470230852537
828,0.15,17,True,0.5044117647058823,0.8823529411764706,0.33499008803474906,0.5225593745369408
829,0.15,17,True,0.6039215686274509,0.9411764705882353,0.44214218356782176,0.3227569588973982
830,0.15,17,True,0.5764705882352942,0.9411764705882353,0.44214218356782176,0.3227569588973982
831,0.15,17,True,0.3931372549019608,0.6470588235294118,0.20593925432908677,1.4516607643577668
832,0.15,17,True,0.5607843137254902,0.9411764705882353,0.44214218356782176,0.3227569588973982
833,0.15,17,True,0.4877450980392157,0.7058823529411765,0.2698043285786723,1.2772018112022603
834,0.15,17,True,0.5098039215686274,0.9411764705882353,0.44214218356782176,0.3227569588973982
835,0.15,17,True,0.5254901960784314,0.9411764705882353,0.44214218356782176,0.3227569588973982
836,0.15,17,True,0.5009803921568627,0.6470588235294118,0.11290798446487105,0.9366673818775626
837,0.15,17,True,0.4622549019607843,0.8823529411764706,0.33499008803474906,0.5225593745369408
838,0.15,17,True,0.6073529411764705,0.8823529411764706,0.33499008803474906,0.5225593745369408
839,0.15,17,True,0.4053921568627451,0.5882352941176471,0.20637609206280816,1.450467463408549
840,0.15,17,True,0.5764705882352942,0.9411764705882353,0.44214218356782176,0.3227569588973982
841,0.15,17,True,0.4882352941176471,0.8235294117647058,0.38885477226300413,0.951994081908783
842,0.15,17,True,0.5607843137254902,0.9411764705882353,0.44214218356782176,0.3227569588973982
843,0.15,17,True,0.4274509803921569,0.5294117647058824,0.08028267642490694,0.9975025463691153
844,0.15,17,True,0.5117647058823529,0.8235294117647058,0.340482362830567,0.8343470230852537
845,0.15,17,True,0.4519607843137255,0.7058823529411765,0.31137805050685086,1.5569010760354054
846,0.15,17,True,0.7960784313725491,0.9411764705882353,0.44214218356782176,0.3227569588973982
847,0.15,17,True,0.5333333333333333,1.0,0.3901596952835996,0.0
848,0.15,17,True,0.47990196078431374,0.8235294117647058,0.38885477226300413,0.951994081908783
849,0.15,17,True,0.6142156862745097,0.8823529411764706,0.33499008803474906,0.5225593745369408
850,0.15,17,True,0.42990196078431375,0.47058823529411764,0.11024061188708112,1.7130788426267936
851,0.2,16,True,0.6,1.0,0.2780719051126377,0.0
852,0.2,16,True,0.575,0.9375,0.3742690141061863,0.3372900666170139
853,0.2,16,True,0.5266666666666667,0.875,0.3716101752764803,0.6685644431995964
854,0.2,16,True,0.40277777777777773,0.75,0.2803607492695731,1.186278124459133
855,0.2,16,True,0.24833333333333335,0.4375,0.13108461883425948,2.146782221599798
856,0.2,16,True,0.4211111111111111,0.6875,0.21649567501998768,1.3716407621868583
857,0.2,16,True,0.525,0.8125,0.29167886095217377,0.8683927290103626
858,0.2,16,True,0.49111111111111116,0.875,0.27015330083790245,0.5435644431995964
859,0.2,16,True,0.6,1.0,0.2780719051126377,0.0
860,0.2,16,True,0.6666666666666666,1.0,0.2780719051126377,0.0
861,0.2,16,True,0.48444444444444446,0.875,0.3716101752764803,0.6685644431995964
862,0.15,17,True,0.6627450980392157,0.9411764705882353,0.44214218356782176,0.3227569588973982
863,0.15,17,True,0.41862745098039217,0.8235294117647058,0.340482362830567,0.8343470230852538
864,0.15,17,True,0.5450980392156862,0.8823529411764706,0.4229921134636,0.6402064333604701
865,0.15,17,True,0.46372549019607845,0.7058823529411765,0.29081902780598756,1.439254017211876
866,0.15,17,True,0.4607843137254902,0.6470588235294118,0.19949284709658266,1.1660870601063933
867,0.15,17,True,0.3568627450980392,0.5294117647058824,0.1933423019926751,2.129567987418323
868,0.15,17,True,0.41127450980392155,0.7647058823529411,0.27942323606034725,0.9780155566622414
869,0.1,18,True,0.5084967320261438,0.8333333333333334,0.4436691855250422,0.9141828384352135
870,0.1,18,True,0.6108932461873638,0.8888888888888888,0.4890359525563188,0.6143694458867568
871,0.1,18,True,0.3681917211328976,0.5555555555555556,0.15545875354128547,1.6577427265048887
872,0.1,18,True,0.37385620915032675,0.4444444444444444,0.134902164289336,1.7107770844150674
873,0.1,18,True,0.5777777777777778,0.9444444444444444,0.5283265821844846,0.3095434291503252
874,0.1,18,True,0.4840958605664488,0.6111111111111112,0.22812402278974897,1.1941737342569119
875,0.1,18,True,0.5037037037037037,0.9444444444444444,0.5283265821844846,0.3095434291503252
876,0.1,18,True,0.6,1.0,0.5310044064107188,0.0
877,0.1,18,True,0.4095860566448801,0.6666666666666666,0.2803607492695732,1.3355055565170972
878,0.1,18,True,0.4335511982570806,0.5,0.20226907788083903,1.2516291673878228
879,0.55,9,True,0.2833333333333333,0.3333333333333333,0.272834556823775,2.6416041678685933
880,0.65,7,True,0.380952380952381,0.42857142857142855,0.32000568559205445,1.8423709931771084
881,0.65,7,True,0.7333333333333333,1.0,0.06593194462450902,0.0
882,0.1,18,True,0.3816993464052288,0.5,0.21100826863279232,1.9399824743635556
883,0.1,18,True,0.5002178649237473,0.7777777777777778,0.340482362830567,0.9444885341662053
884,0.1,18,True,0.3991285403050109,0.6111111111111112,0.15665734595707748,0.964078764808229
885,0.1,18,True,0.5411764705882353,0.8333333333333334,0.33499008803474906,0.6500224216483541
886,0.1,18,True,0.5185185185185185,0.9444444444444444,0.5283265821844846,0.3095434291503252
887,0.1,18,True,0.47015250544662307,0.7777777777777778,0.3725991547047849,1.0975378398419535
888,0.1,18,True,0.4034858387799564,0.6666666666666666,0.25354871102045295,1.404678473063571
889,0.1,18,True,0.6666666666666666,1.0,0.5310044064107188,0.0
890,0.1,18,True,0.5333333333333333,1.0,0.5310044064107188,0.0
891,0.1,18,True,0.4771241830065359,0.7222222222222222,0.29167886095217377,1.0529407605626346
892,0.1,18,True,0.41307189542483663,0.5555555555555556,0.17862650938140523,1.8380267541624737
893,0.1,18,True,0.5093681917211329,0.6666666666666666,0.2803607492695731,1.3355055565170972
894,0.1,18,True,0.40871459694989104,0.6111111111111112,0.218851064928981,1.7224945678306305
895,0.1,18,True,0.42657952069716776,0.7222222222222222,0.33591211570119817,1.386274093895968
896,0.95,1,False,,,,
897,0.95,1,False,,,,
898,0.95,1,False,,,,
899,0.95,1,False,,,,
900,0.95,1,False,,,,
901,0.95,1,False,,,,
902,0.95,1,False,,,,
903,0.95,1,False,,,,
904,0.95,1,False,,,,
905,0.95,1,False,,,,
906,0.95,1,False,,,,
907,0.95,1,False,,,,
908,0.95,1,False,,,,
909,0.95,1,False,,,,
910,0.95,1,False,,,,
911,0.95,1,False,,,,
912,0.95,1,False,,,,
913,0.95,1,False,,,,
914,0.95,1,False,,,,
915,0.15,17,True,0.46617647058823525,0.7058823529411765,0.25354871102045307,1.3216069583883467
916,0.1,18,True,0.32592592592592595,0.3888888888888889,0.1161906052085464,2.591793226077496
917,0.1,18,True,0.4252723311546841,0.6666666666666666,0.27621751033807707,1.5577277787393193
918,0.1,18,True,0.4522875816993464,0.6666666666666666,0.2803607492695732,1.3355055565170972
919,0.1,18,True,0.485838779956427,0.7222222222222222,0.29167886095217377,1.0529407605626346
920,0.1,18,True,0.4775599128540305,0.8888888888888888,0.41832813428211324,0.5032583347756457
921,0.1,18,True,0.44139433551198254,0.6666666666666666,0.2803607492695731,1.3355055565170972
922,0.1,18,True,0.3708061002178649,0.6666666666666666,0.2803607492695732,1.3355055565170972
923,0.1,18,True,0.5355119825708061,0.5555555555555556,0.21080508763824013,1.2326602568158205
924,0.1,18,True,0.45141612200435727,0.8333333333333334,0.4041199259095133,0.8030717273241024
925,0.1,18,True,0.5019607843137255,0.6666666666666666,0.25354871102045295,1.404678473063571
926,0.1,18,True,0.5830065359477125,0.8888888888888888,0.41832813428211324,0.5032583347756457
927,0.1,18,True,0.6666666666666666,1.0,0.5310044064107188,0.0
928,0.1,18,True,0.40566448801742916,0.6666666666666666,0.25354871102045295,1.404678473063571
929,0.1,18,True,0.5333333333333333,1.0,0.5310044064107188,0.0
930,0.1,18,True,0.5259259259259259,0.9444444444444444,0.5283265821844846,0.3095434291503252
931,0.1,18,True,0.8666666666666667,1.0,0.5310044064107188,0.0
932,0.1,18,True,0.5098039215686274,0.5,0.13625994749630344,1.0
933,0.1,18,True,0.3925925925925926,0.4444444444444444,0.12079703257798191,1.7471671973069338
934,0.1,18,True,0.3150326797385621,0.5555555555555556,0.23024907521851967,1.879964948727111
935,0.1,18,True,0.489760348583878,0.7777777777777778,0.3725991547047849,1.0975378398419535
936,0.1,18,True,0.548148148148148,0.8333333333333334,0.4041199259095133,0.8030717273241024
937,0.1,18,True,0.5333333333333333,1.0,0.5310044064107188,0.0
938,0.1,18,True,0.43572984749455335,0.6666666666666666,0.25354871102045307,1.404678473063571
939,0.1,18,True,0.3638344226579521,0.4444444444444444,0.1659600812249996,2.080500530640267
940,0.1,18,True,0.4657952069716776,0.5555555555555556,0.1286311756931664,1.4152689500270954
941,0.1,18,True,0.49150326797385624,0.8888888888888888,0.41832813428211324,0.5032583347756457
942,0.1,18,True,0.5577342047930283,0.6666666666666666,0.254765714633586,1.134969974603941
943,0.1,18,True,0.3847494553376906,0.6111111111111112,0.2511573959832911,1.4108478748063633
944,0.1,18,True,0.31241830065359477,0.6111111111111112,0.24511122979648525,1.8336056789417416
945,0.1,18,True,0.25882352941176473,0.3333333333333333,0.09431592446244341,2.6688388898504303
946,0.8,4,False,,,,
947,0.95,1,False,,,,
948,0.9,2,False,,,,
949,0.15,17,True,0.3137254901960784,0.47058823529411764,0.15323431356959916,2.440404017720928
950,0.1,18,True,0.5420479302832244,0.8888888888888888,0.4890359525563188,0.6143694458867568
951,0.1,18,True,0.4522875816993464,0.6111111111111112,0.2334525823968916,1.6805563732659934
952,0.1,18,True,0.48366013071895425,0.8333333333333334,0.33499008803474906,0.6500224216483541
953,0.1,18,True,0.37734204793028325,0.5,0.21923179899069856,1.4932133643654213
954,0.1,18,True,0.49150326797385624,0.8888888888888888,0.41832813428211324,0.5032583347756457
955,0.1,18,True,0.44313725490196076,0.7777777777777778,0.32161017527648017,0.9864267287308424
956,0.1,18,True,0.49716775599128543,0.8888888888888888,0.4890359525563188,0.6143694458867568
957,0.1,18,True,0.6370370370370371,0.9444444444444444,0.5283265821844846,0.3095434291503252
958,0.1,18,True,0.6666666666666666,1.0,0.5310044064107188,0.0
959,0.1,18,True,0.5555555555555555,0.9444444444444444,0.5283265821844846,0.3095434291503252
960,0.1,18,True,0.4174291938997821,0.6666666666666666,0.25354871102045307,1.404678473063571
961,0.1,18,True,0.5289760348583878,0.7222222222222222,0.32000568559205445,1.2332247882202196
962,0.1,18,True,0.47320261437908495,0.8333333333333334,0.4436691855250421,0.9141828384352135
963,0.1,18,True,0.5703703703703703,0.9444444444444444,0.5283265821844846,0.3095434291503252
964,0.1,18,True,0.4710239651416122,0.8333333333333334,0.4041199259095133,0.8030717273241024
965,0.1,18,True,0.6666666666666666,1.0,0.5310044064107188,0.0
966,0.1,18,True,0.4492374727668845,0.6666666666666666,0.25354871102045307,1.404678473063571
967,0.1,18,True,0.4919389978213508,0.8888888888888888,0.41832813428211324,0.5032583347756457
968,0.1,18,True,0.4919389978213508,0.8888888888888888,0.41832813428211324,0.5032583347756457
969,0.1,18,True,0.6666666666666666,1.0,0.5310044064107188,0.0
970,0.1,18,True,0.6666666666666666,1.0,0.5310044064107188,0.0
971,0.1,18,True,0.4200435729847494,0.6111111111111112,0.22812402278974897,1.1941737342569119
972,0.1,18,True,0.37298474945533766,0.6666666666666666,0.27621751033807707,1.5577277787393193
973,0.9,2,False,,,,
974,0.15,17,True,0.6117647058823529,0.9411764705882353,0.44214218356782176,0.3227569588973982
975,0.15,17,True,0.5176470588235295,0.9411764705882353,0.44214218356782176,0.3227569588973982
976,0.1,18,True,0.39694989106753814,0.6111111111111112,0.2334525823968916,1.6805563732659934
977,0.1,18,True,0.34553376906318084,0.6111111111111112,0.25753634565243533,1.6113834567195195
978,0.1,18,True,0.562962962962963,0.9444444444444444,0.5283265821844846,0.3095434291503252
979,0.1,18,True,0.49150326797385624,0.8888888888888888,0.41832813428211324,0.5032583347756457
980,0.1,18,True,0.4631808278867103,0.6111111111111112,0.2511573959832911,1.4108478748063633
981,0.1,18,True,0.4684095860566449,0.7777777777777778,0.3725991547047849,1.0975378398419535
982,0.1,18,True,1.0,1.0,0.5310044064107188,0.0
983,0.1,18,True,0.6666666666666666,1.0,0.5310044064107188,0.0
984,0.1,18,True,0.5294117647058824,0.7777777777777778,0.27015330083790245,0.7642045065086203
985,0.1,18,True,0.5555555555555555,0.9444444444444444,0.5283265821844846,0.3095434291503252
986,0.1,18,True,0.2714596949891067,0.4444444444444444,0.15051499783199063,2.614369445886757
987,0.1,18,True,0.4017429193899782,0.5,0.14119717659244801,1.945530556036326
988,0.1,18,True,0.4069716775599128,0.6111111111111112,0.24511122979648525,1.8336056789417416
989,0.1,18,True,0.3111111111111111,0.4444444444444444,0.17287377660531766,2.3921472236645345
990,0.1,18,True,0.5185185185185185,0.9444444444444444,0.5283265821844846,0.3095434291503252
991,0.1,18,True,0.5080610021786492,0.8333333333333334,0.4436691855250422,0.9141828384352135
992,0.1,18,True,0.3437908496732026,0.5555555555555556,0.22365227999907078,2.2132982820604443
993,0.1,18,True,0.4139433551198257,0.5555555555555556,0.19322802684931562,1.7960885595978366
994,0.1,18,True,0.5581699346405228,0.8888888888888888,0.41832813428211324,0.5032583347756457
995,0.1,18,True,0.4727668845315904,0.7222222222222222,0.32000568559205445,1.2332247882202196
996,0.1,18,True,0.3869281045751634,0.5,0.18233999335007445,2.0294069451656007
997,0.1,18,True,0.489760348583878,0.8888888888888888,0.4890359525563188,0.6143694458867568
998,0.1,18,True,0.3825708061002179,0.6666666666666666,0.30968313518177704,1.7799500009615414
999,0.1,18,True,0.44618736383442265,0.7222222222222222,0.3359121157011983,1.3862740938959681
1000,0.1,18,True,0.4984749455337691,0.7777777777777778,0.3725991547047849,1.0975378398419535
1001,0.1,18,True,0.5054466230936819,0.8888888888888888,0.41832813428211324,0.5032583347756457
1002,0.1,18,True,0.46230936819172114,0.7777777777777778,0.3977554223658072,1.2086489509530647
1003,0.1,18,True,0.4814814814814815,0.7777777777777778,0.3977554223658072,1.2086489509530647
1004,0.1,18,True,0.2797385620915033,0.4444444444444444,0.15323431356959916,2.4613201402110083
1005,0.1,18,True,0.3233115468409586,0.5,0.18122294910529746,2.3627402784989338
1006,0.1,18,True,0.4745098039215686,0.8333333333333334,0.4436691855250421,0.9141828384352135
1007,0.1,18,True,0.2623093681917211,0.3888888888888889,0.14526931617299932,2.6337314206421327
1008,0.1,18,True,0.3991285403050109,0.6111111111111112,0.24511122979648525,1.8336056789417416
1009,0.2,16,True,0.5116666666666666,0.875,0.3716101752764803,0.6685644431995964
1010,0.2,16,True,0.47,0.75,0.2803607492695732,1.186278124459133
1011,0.2,16,True,0.4666666666666667,0.75,0.23339689032675248,1.014097655573916
1012,0.15,17,True,0.3377450980392157,0.47058823529411764,0.17940489891143208,1.992778107459939
1013,0.2,16,True,0.47944444444444445,0.8125,0.3468177238411746,0.9933927290103626
1014,0.2,16,True,0.4166666666666667,0.8125,0.3468177238411746,0.9933927290103626
1015,0.2,16,True,0.33111111111111113,0.4375,0.13279683431365763,2.349601752714581
1016,0.2,16,True,0.34388888888888886,0.4375,0.09501438743712343,2.021782221599798
1017,0.2,16,True,0.45055555555555554,0.6875,0.19037964768157567,1.1216407621868583
1018,0.2,16,True,0.34388888888888886,0.4375,0.13279683431365752,2.349601752714581
1019,0.2,16,True,0.4516666666666667,0.875,0.3716101752764803,0.6685644431995964
1020,0.2,16,True,0.5133333333333333,0.8125,0.1931052612250561,0.6962122601251458
1021,0.2,16,True,0.3494444444444445,0.5,0.1303230639163997,1.271782221599798
1022,0.2,16,True,0.3988888888888889,0.5,0.1507366236287142,2.077819531114783
1023,0.2,16,True,0.6166666666666667,0.9375,0.3742690141061863,0.3372900666170139
1024,0.2,16,True,0.43,0.875,0.3716101752764803,0.6685644431995964
1025,0.2,16,True,0.49333333333333335,0.5,0.03977028213923883,1.0
1026,0.2,16,True,0.3011111111111111,0.4375,0.12235353549632222,2.1774212838293647
1027,0.2,16,True,0.5355555555555556,0.875,0.3716101752764803,0.6685644431995964
1028,0.2,16,True,0.49,0.8125,0.1931052612250561,0.6962122601251458
1029,0.2,16,True,0.48333333333333334,0.8125,0.3468177238411746,0.9933927290103626
1030,0.2,16,True,0.6061111111111112,0.875,0.3716101752764803,0.6685644431995964
1031,0.2,16,True,0.40277777777777773,0.75,0.3149027910615312,1.311278124459133
1032,0.2,16,True,0.4116666666666667,0.625,0.21731179010485935,1.6266144718101818
1033,0.2,16,True,0.31833333333333336,0.5,0.17193876007360365,2.202819531114783
1034,0.2,16,True,0.5783333333333334,0.875,0.3716101752764803,0.6685644431995964
1035,0.2,16,True,0.3738888888888889,0.75,0.2803607492695732,1.186278124459133
1036,0.2,16,True,0.385,0.5,0.1507366236287142,2.077819531114783
1037,0.2,16,True,0.31277777777777777,0.4375,0.10890871780988975,2.224601752714581
1038,0.2,16,True,0.41888888888888887,0.6875,0.25753634565243533,1.4966407621868583
1039,0.2,16,True,0.43944444444444447,0.625,0.20271027263694896,1.6737949406953985
1040,0.2,16,True,0.3238888888888889,0.4375,0.12614908424583438,1.9211796919474975
1041,0.25,15,True,0.3568253968253969,0.5333333333333333,0.18618464294482606,2.1735572622751853
1042,0.2,16,True,0.32111111111111107,0.5,0.17291252465308393,2.0
1043,0.4,12,True,0.47979797979797983,0.8333333333333334,0.26951797627815943,0.8166890883150209
1044,0.2,16,True,0.30833333333333335,0.4375,0.10890871780988975,2.224601752714581
1045,0.2,16,True,0.23555555555555555,0.375,0.1020483628553076,2.6556390622295662
1046,0.2,16,True,0.325,0.5625,0.16528093984799175,1.7947367178034825
1047,0.2,16,True,0.24444444444444444,0.3125,0.05036684175465589,2.4300365325772657
1048,0.2,16,True,0.37555555555555553,0.5,0.11635711576398333,1.9528195311147831
1049,0.2,16,True,0.45,0.6875,0.25753634565243533,1.4966407621868583
1050,0.2,16,True,0.2688888888888889,0.4375,0.10961590490503392,1.9746017527145814
1051,0.2,16,True,0.3222222222222222,0.4375,0.13279683431365752,2.349601752714581
1052,0.2,16,True,0.3416666666666667,0.5625,0.20151271858722597,2.091917186688699
1053,0.2,16,True,0.41555555555555557,0.6875,0.28073194850728744,1.6216407621868583
1054,0.2,16,True,0.36000000000000004,0.5,0.17193876007360365,2.202819531114783
1055,0.2,16,True,0.3272222222222222,0.5625,0.2127694367838705,2.216917186688699
1056,0.15,17,True,0.4411764705882353,0.7647058823529411,0.32000568559205445,1.1400677626718572
1057,0.15,17,True,0.47696078431372546,0.7647058823529411,0.26055104850626043,1.022420703848328
1058,0.15,17,True,0.27352941176470585,0.4117647058823529,0.11204495934971526,2.4164997849817103
1059,0.15,17,True,0.30637254901960786,0.47058823529411764,0.13860542674027032,2.322756958897399
1060,0.15,17,True,0.4122549019607843,0.6470588235294118,0.2585560474829177,1.731360029190912
1061,0.15,17,True,0.32794117647058824,0.5294117647058824,0.18076084362328382,2.1739731346044096
1062,0.15,17,True,0.6705882352941176,0.9411764705882353,0.44214218356782176,0.3227569588973982
1063,0.15,17,True,0.4245098039215686,0.6470588235294118,0.2585560474829177,1.731360029190912
1064,0.15,17,True,0.3990196078431373,0.6470588235294118,0.2480540998648021,1.5693078231812958
1065,0.15,17,True,0.33382352941176474,0.4117647058823529,0.1596241755542711,2.2485731395538666
1066,0.15,17,True,0.3524509803921569,0.4117647058823529,0.13757699309260762,2.130926080730337
1067,0.15,17,True,0.44411764705882356,0.8235294117647058,0.38885477226300413,0.951994081908783
1068,0.15,17,True,0.4014705882352941,0.47058823529411764,0.18102136700694194,1.5197284615795614
1069,0.15,17,True,0.34068627450980393,0.47058823529411764,0.17193876007360365,2.2051099000738694
1070,0.95,1,False,,,,
1071,0.95,1,False,,,,
1072,0.15,17,True,0.22205882352941178,0.4117647058823529,0.13279683431365763,2.3432578733442675
1073,0.15,17,True,0.4254901960784314,0.47058823529411764,0.09398499432886198,1.7574839898128802
1074,0.15,17,True,0.34558823529411764,0.5294117647058824,0.19312997374815177,2.291620193427939
1075,0.15,17,True,0.3142156862745098,0.35294117647058826,0.0943159244624433,2.6601297526332575
1076,0.15,17,True,0.4936274509803921,0.8823529411764706,0.4229921134636,0.6402064333604701
1077,0.15,17,True,0.3686274509803921,0.5294117647058824,0.14119717659244801,1.8942738697712644
1078,0.15,17,True,0.2931372549019608,0.4117647058823529,0.11619060520854652,2.5785519909913264
1079,0.15,17,True,0.34558823529411764,0.5294117647058824,0.19312997374815177,2.291620193427939
1080,0.15,17,True,0.3990196078431373,0.47058823529411764,0.18102136700694205,1.5197284615795614
1081,0.15,17,True,0.3676470588235294,0.47058823529411764,0.1507366236287142,2.0874628412503395
1082,0.15,17,True,0.3053921568627451,0.29411764705882354,0.12002319471197753,2.7216227854342443
1083,0.15,17,True,0.3975490196078431,0.6470588235294118,0.20593925432908677,1.4516607643577664
1084,0.15,17,True,0.42401960784313725,0.5882352941176471,0.19322802684931562,1.7360411676599226
1085,0.15,17,True,0.3465686274509804,0.5294117647058824,0.16016409232570472,2.05632607578088
1086,0.15,17,True,0.38039215686274513,0.47058823529411764,0.09227335250843971,2.0430576940642533
1087,0.15,17,True,0.49607843137254903,0.8235294117647058,0.388854772263004,0.951994081908783
1088,0.15,17,True,0.6196078431372548,0.9411764705882353,0.44214218356782176,0.3227569588973982
1089,0.15,17,True,0.325,0.35294117647058826,0.10968313518177697,2.424835634986198
1090,0.15,17,True,0.49411764705882355,0.8823529411764706,0.4229921134636,0.6402064333604701
1091,0.15,17,True,0.5019607843137255,0.8823529411764706,0.4229921134636,0.6402064333604701
1092,0.15,17,True,0.6352941176470588,0.9411764705882353,0.44214218356782176,0.3227569588973982
1093,0.15,17,True,0.37598039215686274,0.47058823529411764,0.1285607226043446,2.1607047528877827
1094,0.15,17,True,0.5127450980392158,0.8235294117647058,0.25468842405217373,0.6722948170756379
1095,0.15,17,True,0.6063725490196078,0.8235294117647058,0.25468842405217373,0.6722948170756379
1096,0.15,17,True,0.2995098039215686,0.35294117647058826,0.1555979268845017,2.2627834289765825
1097,0.15,17,True,0.3975490196078431,0.5882352941176471,0.17862650938140523,1.7804463148460088
1098,0.15,17,True,0.6666666666666666,1.0,0.3901596952835996,0.0
1099,0.15,17,True,0.7882352941176471,0.9411764705882353,0.44214218356782176,0.3227569588973982
1100,0.15,17,True,0.3200980392156863,0.4117647058823529,0.12809762985140072,2.5341468438052397
1101,0.15,17,True,0.3504901960784314,0.47058823529411764,0.11635711576398333,1.9698157824268103
1102,0.15,17,True,0.5029411764705882,0.8235294117647058,0.340482362830567,0.8343470230852537
1103,0.15,17,True,0.6039215686274509,0.9411764705882353,0.44214218356782176,0.3227569588973982
1104,0.15,17,True,0.5127450980392158,0.8235294117647058,0.25468842405217373,0.6722948170756379
1105,0.15,17,True,0.2995098039215686,0.4117647058823529,0.08673281678552003,2.298852726158181
1106,0.15,17,True,0.5901960784313725,0.8823529411764706,0.4229921134636,0.6402064333604701
1107,0.15,17,True,0.5333333333333333,1.0,0.3901596952835996,0.0
1108,0.15,17,True,0.5607843137254902,0.9411764705882353,0.44214218356782176,0.3227569588973982
1109,0.15,17,True,0.3073529411764706,0.4117647058823529,0.12235353549632222,2.1812056673346514
1110,0.95,1,False,,,,
1111,0.95,1,False,,,,
1112,0.95,1,False,,,,
1113,0.95,1,False,,,,
1114,0.95,1,False,,,,
1115,0.95,1,False,,,,
1116,0.95,1,False,,,,
1117,0.95,1,False,,,,
1118,0.95,1,False,,,,
1119,0.95,1,False,,,,
1120,0.95,1,False,,,,
1121,0.95,1,False,,,,
1122,0.95,1,False,,,,
1123,0.95,1,False,,,,
1124,0.95,1,False,,,,
1125,0.95,1,False,,,,
1126,0.95,1,False,,,,
1127,0.95,1,False,,,,
1128,0.95,1,False,,,,
1129,0.95,1,False,,,,
1130,0.95,1,False,,,,
1131,0.95,1,False,,,,
1132,0.95,1,False,,,,
1133,0.95,1,False,,,,
1134,0.95,1,False,,,,
1135,0.95,1,False,,,,
1136,0.95,1,False,,,,
1137,0.95,1,False,,,,
1138,0.95,1,False,,,,
1139,0.95,1,False,,,,
1140,0.95,1,False,,,,
1141,0.95,1,False,,,,
1142,0.95,1,False,,,,
1143,0.95,1,False,,,,
1144,0.95,1,False,,,,
1145,0.95,1,False,,,,
1146,0.95,1,False,,,,
1147,0.95,1,False,,,,
1148,0.95,1,False,,,,
1149,0.95,1,False,,,,
1150,0.95,1,False,,,,
1151,0.95,1,False,,,,
1152,0.95,1,False,,,,
1153,0.95,1,False,,,,
1154,0.95,1,False,,,,
1155,0.95,1,False,,,,
1156,0.95,1,False,,,,
1157,0.95,1,False,,,,
1158,0.95,1,False,,,,
1159,0.95,1,False,,,,
1160,0.95,1,False,,,,
1161,0.95,1,False,,,,
1162,0.95,1,False,,,,
1163,0.95,1,False,,,,
1164,0.95,1,False,,,,
1165,0.95,1,False,,,,
1166,0.95,1,False,,,,
1167,0.95,1,False,,,,
1168,0.95,1,False,,,,
1169,0.95,1,False,,,,
1170,0.95,1,False,,,,
1171,0.95,1,False,,,,
1172,0.95,1,False,,,,
1173,0.95,1,False,,,,
1174,0.95,1,False,,,,
1175,0.95,1,False,,,,
1176,0.95,1,False,,,,
1177,0.95,1,False,,,,
1178,0.95,1,False,,,,
1179,0.95,1,False,,,,
1180,0.95,1,False,,,,
1181,0.95,1,False,,,,
1182,0.95,1,False,,,,
1183,0.95,1,False,,,,
1184,0.95,1,False,,,,
1185,0.95,1,False,,,,
1186,0.95,1,False,,,,
1187,0.95,1,False,,,,
1188,0.95,1,False,,,,
1189,0.95,1,False,,,,
1190,0.95,1,False,,,,
1191,0.95,1,False,,,,
1192,0.95,1,False,,,,
1193,0.95,1,False,,,,
1194,0.95,1,False,,,,
1195,0.95,1,False,,,,
1196,0.95,1,False,,,,
1197,0.95,1,False,,,,
1198,0.95,1,False,,,,
1199,0.95,1,False,,,,
1200,0.95,1,False,,,,
1201,0.95,1,False,,,,
1202,0.95,1,False,,,,
1203,0.95,1,False,,,,
1204,0.95,1,False,,,,
1205,0.95,1,False,,,,
1206,0.95,1,False,,,,
1207,0.95,1,False,,,,
1208,0.95,1,False,,,,
1209,0.95,1,False,,,,
1210,0.9,2,False,,,,
1211,0.9,2,False,,,,
1212,0.9,2,False,,,,
1213,0.9,2,False,,,,
1214,0.9,2,False,,,,
1215,0.9,2,False,,,,
1216,0.9,2,False,,,,
1217,0.1,18,True,0.5398692810457516,0.5,0.20226907788083903,1.2516291673878228
1218,0.1,18,True,0.55599128540305,0.8888888888888888,0.4890359525563188,0.6143694458867568
1219,0.1,18,True,0.5420479302832244,0.8888888888888888,0.4890359525563188,0.6143694458867568
1220,0.1,18,True,0.35468409586056643,0.4444444444444444,0.2110702296074859,1.7448425317532439
1221,0.1,18,True,0.40522875816993464,0.4444444444444444,0.1647657494487228,1.633731420642133
1222,0.1,18,True,0.3847494553376906,0.4444444444444444,0.21533827903669656,1.5032583347756456
1223,0.1,18,True,0.3851851851851852,0.4444444444444444,0.1647657494487228,1.6337314206421327
1224,0.1,18,True,0.2788671023965142,0.5,0.18858513271651123,2.473851389610045
1225,0.1,18,True,0.45359477124183006,0.7777777777777778,0.3725991547047849,1.0975378398419535
1226,0.1,18,True,0.4178649237472767,0.5,0.14355618924091973,1.3821022532543101
1227,0.1,18,True,0.5350762527233115,0.8888888888888888,0.4890359525563188,0.6143694458867568
1228,0.1,18,True,0.2579520697167756,0.4444444444444444,0.19980216002594897,1.9749375012019268
1229,0.1,18,True,0.3485838779956427,0.6666666666666666,0.27621751033807707,1.5577277787393193
1230,0.1,18,True,0.48453159041394334,0.7777777777777778,0.3977554223658072,1.2086489509530647
1231,0.1,18,True,0.5302832244008715,0.8333333333333334,0.4041199259095133,0.8030717273241024
1232,0.1,18,True,0.5202614379084968,0.8888888888888888,0.4890359525563188,0.6143694458867568
1233,0.1,18,True,0.424400871459695,0.8333333333333334,0.4041199259095133,0.8030717273241024
1234,0.1,18,True,0.562962962962963,0.9444444444444444,0.5283265821844846,0.3095434291503252
1235,0.1,18,True,0.6222222222222221,0.9444444444444444,0.5283265821844846,0.3095434291503252
1236,0.1,18,True,0.4718954248366013,0.7222222222222222,0.32000568559205445,1.2332247882202196
1237,0.1,18,True,0.4771241830065359,0.7222222222222222,0.33591211570119817,1.386274093895968
1238,0.1,18,True,0.562962962962963,0.9444444444444444,0.5283265821844846,0.3095434291503252
1239,0.1,18,True,0.3633986928104575,0.7222222222222222,0.32000568559205445,1.2332247882202196
1240,0.1,18,True,0.3498910675381264,0.4444444444444444,0.13729180594228163,2.169925001442312
1241,0.1,18,True,0.47058823529411764,0.7777777777777778,0.3725991547047849,1.0975378398419535
1242,0.1,18,True,0.469281045751634,0.7222222222222222,0.29167886095217377,1.0529407605626346
1243,0.1,18,True,0.2605664488017429,0.3333333333333333,0.09429256635825567,2.8218881955261783
1244,0.1,18,True,0.27233115468409586,0.3888888888888889,0.16564373802508225,1.8753156176197312
1245,0.1,18,True,0.49150326797385624,0.7777777777777778,0.3725991547047849,1.0975378398419535
1246,0.1,18,True,0.5054466230936819,0.8888888888888888,0.41832813428211324,0.5032583347756457
1247,0.1,18,True,0.5006535947712418,0.6111111111111112,0.22812402278974897,1.1941737342569119
1248,0.1,18,True,0.5742919389978213,0.5555555555555556,0.14132728892674484,0.9910760598382222
1249,0.1,18,True,0.5128540305010894,0.8888888888888888,0.4890359525563188,0.6143694458867568
1250,0.1,18,True,0.4074074074074074,0.6111111111111112,0.2585560474829177,1.7916674843771045
1251,0.1,18,True,0.3886710239651416,0.4444444444444444,0.09398499432886198,1.8163401138534077
1252,0.1,18,True,0.38039215686274513,0.4444444444444444,0.14749181257269428,1.9274512249645188
1253,0.55,9,True,0.48888888888888893,0.8888888888888888,0.23074476267918287,0.5032583347756457
1254,0.55,9,True,0.47407407407407404,0.7777777777777778,0.2816667590416564,0.9864267287308424
1255,0.1,18,True,0.489760348583878,0.5555555555555556,0.21080508763824013,1.2326602568158205
1256,0.1,18,True,0.3206971677559913,0.4444444444444444,0.2110702296074859,1.7448425317532439
1257,0.1,18,True,0.3328976034858388,0.4444444444444444,0.15051499783199052,2.614369445886757
1258,0.1,18,True,0.2766884531590414,0.3333333333333333,0.08293037728310237,2.8638263900908156
1259,0.1,18,True,0.37559912854030497,0.4444444444444444,0.16964391395534795,1.8638263900908156
1260,0.1,18,True,0.5045751633986928,0.8888888888888888,0.4890359525563188,0.6143694458867568
1261,0.1,18,True,0.28061002178649236,0.2777777777777778,0.0844335023848104,2.858278308418045
1262,0.1,18,True,0.3233115468409586,0.3333333333333333,0.11585746540240738,2.018310781820059
1263,0.1,18,True,0.5973856209150327,0.7222222222222222,0.35289896413803834,1.497385205007079
1264,0.1,18,True,0.4200435729847494,0.6666666666666666,0.27621751033807707,1.5577277787393193
1265,0.1,18,True,0.3777777777777778,0.3888888888888889,0.10890871780988975,2.2584598927441624
1266,0.1,18,True,0.3111111111111111,0.4444444444444444,0.15323431356959916,2.4613201402110083
1267,0.1,18,True,0.5089324618736383,0.7777777777777778,0.27015330083790245,0.7642045065086203
1268,0.1,18,True,0.36949891067538126,0.5,0.16016409232570472,2.0985798617120746
1269,0.1,18,True,0.3747276688453159,0.5555555555555556,0.23024907521851967,1.879964948727111
1270,0.1,18,True,0.43834422657952066,0.7222222222222222,0.3359121157011983,1.3862740938959681
1271,0.1,18,True,0.5185185185185185,0.7777777777777778,0.32161017527648017,0.9864267287308424
1272,0.1,18,True,0.3010893246187364,0.3333333333333333,0.0943159244624433,2.6688388898504303
1273,0.1,18,True,0.39389978213507626,0.5555555555555556,0.21301198418543965,2.102187170949333
1274,0.1,18,True,0.43529411764705883,0.5555555555555556,0.21080508763824013,1.2326602568158205
1275,0.1,18,True,0.47581699346405226,0.7777777777777778,0.3977554223658072,1.2086489509530647
1276,0.1,18,True,0.314161220043573,0.5,0.19312997374815177,2.3208020839342964
1277,0.1,18,True,0.3721132897603486,0.6666666666666666,0.30968313518177715,1.7799500009615414
1278,0.1,18,True,0.5189542483660131,0.8333333333333334,0.4041199259095133,0.8030717273241024
1279,0.1,18,True,0.41873638344226577,0.6666666666666666,0.29081902780598756,1.5157895841746822
1280,0.1,18,True,0.355119825708061,0.5555555555555556,0.20807317419414995,1.949137865273585
1281,0.1,18,True,0.5137254901960785,0.8888888888888888,0.4890359525563188,0.6143694458867568
1282,0.1,18,True,0.28932461873638343,0.3333333333333333,0.08240889981958899,2.7107770844150676
1283,0.1,18,True,0.3742919389978213,0.5,0.18233999335007445,2.0294069451656007
1284,0.1,18,True,0.3747276688453159,0.5,0.18233999335007445,2.0294069451656007
1285,0.1,18,True,0.37298474945533766,0.6111111111111112,0.24511122979648525,1.8336056789417416
1286,0.1,18,True,0.4196078431372549,0.6666666666666666,0.27621751033807707,1.5577277787393193
1287,0.1,18,True,0.27320261437908494,0.4444444444444444,0.15935730170421258,2.2810361125534233
1288,0.95,1,False,,,,
1289,0.95,1,False,,,,
1290,0.95,1,False,,,,
1291,0.95,1,False,,,,
1292,0.95,1,False,,,,
1293,0.95,1,False,,,,
1294,0.95,1,False,,,,
1295,0.1,18,True,0.5045751633986928,0.8333333333333334,0.4041199259095133,0.8030717273241024
1296,0.1,18,True,0.4457516339869281,0.6666666666666666,0.2979332328204184,1.6688388898504305
1297,0.1,18,True,0.4222222222222223,0.6666666666666666,0.2979332328204184,1.6688388898504305
1298,0.1,18,True,0.28322440087145967,0.4444444444444444,0.1511868851096615,2.30827083453526
1299,0.1,18,True,0.3071895424836601,0.4444444444444444,0.11635711576398333,2.016875695766564
1300,0.1,18,True,0.31808278867102396,0.4444444444444444,0.13289029510478378,1.969389419529156
1301,0.1,18,True,0.362962962962963,0.4444444444444444,0.13860542674027043,2.350209029099897
1302,0.1,18,True,0.42396514161220045,0.6111111111111112,0.2511573959832911,1.4108478748063633
1303,0.1,18,True,0.46143790849673205,0.5,0.20226907788083914,1.2516291673878228
1304,0.1,18,True,0.3093681917211329,0.4444444444444444,0.15323431356959916,2.4613201402110083
1305,0.95,1,False,,,,
1306,0.95,1,False,,,,
1307,0.95,1,False,,,,
1308,0.95,1,False,,,,
1309,0.95,1,False,,,,
1310,0.95,1,False,,,,
1311,0.95,1,False,,,,
1312,0.95,1,False,,,,
1313,0.95,1,False,,,,
1314,0.95,1,False,,,,
1315,0.95,1,False,,,,
1316,0.95,1,False,,,,
1317,0.1,18,True,0.4152505446623094,0.7777777777777778,0.3977554223658072,1.2086489509530647
1318,0.1,18,True,0.5555555555555555,0.9444444444444444,0.5283265821844846,0.3095434291503252
1319,0.1,18,True,0.32505446623093687,0.5,0.18122294910529757,2.3627402784989338
1320,0.1,18,True,0.29150326797385623,0.3888888888888889,0.12809762985140072,2.5498550315128585
1321,0.1,18,True,0.3045751633986928,0.3888888888888889,0.10206532099029064,2.057924310831006
1322,0.1,18,True,0.2714596949891067,0.4444444444444444,0.15323431356959905,2.4613201402110083
1323,0.1,18,True,0.32156862745098036,0.5555555555555556,0.21301198418543965,2.102187170949333
1324,0.1,18,True,0.48671023965141613,0.8333333333333334,0.4436691855250421,0.9141828384352135
1325,0.1,18,True,0.5420479302832244,0.8888888888888888,0.4890359525563188,0.6143694458867568
1326,0.1,18,True,0.3302832244008715,0.5,0.18076084362328393,2.2096909728231857
1327,0.1,18,True,0.3381263616557734,0.5,0.16817938525389264,2.2516291673878226
1328,0.1,18,True,0.3690631808278867,0.6111111111111112,0.24511122979648525,1.8336056789417416
1329,0.1,18,True,0.39433551198257083,0.3888888888888889,0.16564373802508225,1.8753156176197312
1330,0.1,18,True,0.3847494553376906,0.5555555555555556,0.20271027263694896,1.768853837616
1331,0.1,18,True,0.3337690631808279,0.6111111111111112,0.24511122979648525,1.8336056789417416
1332,0.1,18,True,0.3747276688453159,0.5,0.21856773803935636,1.7233083338141042
1333,0.1,18,True,0.2867102396514161,0.3333333333333333,0.09431592446244341,2.6688388898504303
1334,0.1,18,True,0.4492374727668845,0.7777777777777778,0.3977554223658072,1.2086489509530647
1335,0.1,18,True,0.3424836601307189,0.4444444444444444,0.1659600812249996,2.080500530640267
1336,0.1,18,True,0.34553376906318084,0.5555555555555556,0.22559344255483083,2.0602489763846963
1337,0.1,18,True,0.4400871459694989,0.6111111111111112,0.20593925432908677,1.5275070675902451
1338,0.1,18,True,0.33464052287581697,0.5555555555555556,0.20807317419414995,1.949137865273585
1339,0.1,18,True,0.5411764705882353,0.8333333333333334,0.33499008803474906,0.6500224216483541
1340,0.1,18,True,0.5089324618736383,0.8333333333333334,0.4041199259095133,0.8030717273241024
1341,0.1,18,True,0.3006535947712418,0.3888888888888889,0.11619060520854652,2.5917932260774954
1342,0.1,18,True,0.3599128540305011,0.6111111111111112,0.2334525823968916,1.6805563732659934
1343,0.1,18,True,0.30152505446623096,0.5,0.18076084362328393,2.2096909728231857
1344,0.1,18,True,0.27276688453159037,0.3333333333333333,0.09429256635825567,2.8218881955261783
1345,0.1,18,True,0.3263616557734205,0.5555555555555556,0.23024907521851967,1.879964948727111
1346,0.1,18,True,0.3372549019607843,0.5555555555555556,0.20807317419414995,1.949137865273585
1347,0.1,18,True,0.501525054466231,0.8333333333333334,0.4436691855250421,0.9141828384352135
1348,0.1,18,True,0.49760348583877995,0.7222222222222222,0.2916788609521739,1.0529407605626346
1349,0.1,18,True,0.3816993464052288,0.3333333333333333,0.13327445695283968,2.1824562508413488
1350,0.1,18,True,0.39389978213507626,0.6666666666666666,0.29081902780598756,1.5157895841746822
1351,0.1,18,True,0.32156862745098036,0.3888888888888889,0.09501438743712343,2.0781758650865774
1352,0.1,18,True,0.3572984749455338,0.5555555555555556,0.20271027263694896,1.768853837616
1353,0.1,18,True,0.43529411764705883,0.7222222222222222,0.35289896413803834,1.497385205007079
1354,0.1,18,True,0.469281045751634,0.7777777777777778,0.3977554223658072,1.2086489509530647
1355,0.1,18,True,0.4095860566448801,0.5,0.21856773803935636,1.7233083338141042
1356,0.1,18,True,0.43224400871459695,0.5,0.14845104387083763,1.6758220575766962
1357,0.1,18,True,0.3952069716775599,0.6666666666666666,0.2979332328204184,1.6688388898504305
1358,0.1,18,True,0.3982570806100218,0.7222222222222222,0.3359121157011983,1.3862740938959681
1359,0.1,18,True,0.35119825708061003,0.5555555555555556,0.23024907521851967,1.879964948727111
1360,0.1,18,True,0.6,1.0,0.5310044064107188,0.0
1361,0.1,18,True,0.4344226579520697,0.6666666666666666,0.2803607492695731,1.3355055565170972
1362,0.1,18,True,0.44488017429193893,0.7222222222222222,0.35289896413803834,1.497385205007079
1363,0.1,18,True,0.47058823529411764,0.6666666666666666,0.1826545778534897,0.9182958340544896
1364,0.1,18,True,0.534640522875817,0.8888888888888888,0.4890359525563188,0.6143694458867568
1365,0.1,18,True,0.43311546840958604,0.7222222222222222,0.35289896413803834,1.497385205007079
1366,0.1,18,True,0.4627450980392157,0.8333333333333334,0.4436691855250422,0.9141828384352135
1367,0.1,18,True,0.39869281045751637,0.5555555555555556,0.2338449694456599,1.6794293668139548
1368,0.1,18,True,0.32941176470588235,0.5,0.18233999335007445,2.0294069451656007
1369,0.1,18,True,0.4326797385620915,0.5555555555555556,0.20271027263694896,1.768853837616
1370,0.1,18,True,0.501525054466231,0.8333333333333334,0.4041199259095133,0.8030717273241024
1371,0.1,18,True,0.6871459694989106,0.8888888888888888,0.41832813428211324,0.5032583347756457
1372,0.1,18,True,0.41132897603485835,0.5555555555555556,0.1901204745045889,1.5683182557028437
1373,0.1,18,True,0.424400871459695,0.6666666666666666,0.2803607492695731,1.3355055565170972
1374,0.1,18,True,0.46797385620915033,0.8888888888888888,0.4890359525563188,0.6143694458867568
1375,0.1,18,True,0.3437908496732026,0.5,0.16817938525389264,2.2516291673878226
1376,0.1,18,True,0.3206971677559913,0.4444444444444444,0.13729180594228163,2.169925001442312
1377,0.1,18,True,0.7302832244008715,0.8888888888888888,0.4890359525563188,0.6143694458867568
1378,0.1,18,True,0.5703703703703703,0.9444444444444444,0.5283265821844846,0.3095434291503252
1379,0.1,18,True,0.4627450980392157,0.6666666666666666,0.2803607492695731,1.3355055565170972
1380,0.1,18,True,0.41220043572984744,0.4444444444444444,0.1349021642893362,1.7107770844150676
1381,0.1,18,True,0.46405228758169936,0.7777777777777778,0.3977554223658072,1.2086489509530647
1382,0.1,18,True,0.5185185185185185,0.9444444444444444,0.5283265821844846,0.3095434291503252
1383,0.1,18,True,0.3599128540305011,0.6111111111111112,0.2602530984543837,1.9447167900528528
1384,0.1,18,True,0.456644880174292,0.6666666666666666,0.21452470277266567,1.224394445405986
1385,0.1,18,True,0.6666666666666666,0.9444444444444444,0.5283265821844846,0.3095434291503252
1386,0.1,18,True,0.4601307189542484,0.6111111111111112,0.22812402278974897,1.1941737342569119
1387,0.1,18,True,0.2910675381263616,0.3333333333333333,0.12147638744426037,2.0021722231837638
1388,0.1,18,True,0.3337690631808279,0.3888888888888889,0.10890871780988975,2.2584598927441624
1389,0.1,18,True,0.6148148148148148,0.9444444444444444,0.5283265821844846,0.3095434291503252
1390,0.1,18,True,0.379520697167756,0.4444444444444444,0.16964391395534772,1.8638263900908156
1391,0.1,18,True,0.5398692810457516,0.8333333333333334,0.33499008803474906,0.6500224216483541
1392,0.1,18,True,0.44793028322440087,0.6111111111111112,0.25753634565243533,1.6113834567195195
1393,0.1,18,True,0.5943355119825708,0.8888888888888888,0.4890359525563188,0.6143694458867568
1394,0.1,18,True,0.44095860566448797,0.8333333333333334,0.4436691855250422,0.9141828384352135
1395,0.1,18,True,0.3111111111111111,0.5,0.18076084362328393,2.2096909728231857
1396,0.1,18,True,0.32374727668845316,0.3888888888888889,0.16121931994114158,2.4331958387289765
1397,0.1,18,True,0.3442265795206972,0.5,0.18122294910529757,2.3627402784989338
1398,0.1,18,True,0.3464052287581699,0.5555555555555556,0.20271027263694896,1.768853837616
1399,0.15,17,True,0.28137254901960784,0.47058823529411764,0.13860542674027043,2.322756958897399
1400,0.15,17,True,0.2607843137254902,0.35294117647058826,0.13934463919503837,2.4922031072054134
1401,0.15,17,True,0.3754901960784314,0.5882352941176471,0.20807317419415017,1.8980933736695382
1402,0.15,17,True,0.34411764705882353,0.47058823529411764,0.1511868851096615,2.278351811711312
1403,0.2,16,True,0.33888888888888885,0.5,0.14044087901952707,1.875
1404,0.25,15,True,0.3980952380952381,0.5333333333333333,0.1659600812249996,2.040223928941852
1405,0.3,14,True,0.3216117216117216,0.35714285714285715,0.15027655445897814,2.148834854280917
1406,0.95,1,False,,,,
1407,0.95,1,False,,,,
1408,0.95,1,False,,,,
1409,0.95,1,False,,,,
1410,0.95,1,False,,,,
1411,0.85,3,False,,,,
1412,0.85,3,False,,,,
1413,0.85,3,False,,,,
1414,0.8,4,False,,,,
1415,0.8,4,False,,,,
1416,0.75,5,True,0.29333333333333333,0.4,0.4436691855250421,1.9219280948873623
1417,0.35,13,True,0.33076923076923076,0.38461538461538464,0.08746380352238015,2.1920058354921066
1418,0.3,14,True,0.27692307692307694,0.2857142857142857,0.09710167681238602,2.610577243331642
1419,0.3,14,True,0.3421245421245421,0.5714285714285714,0.16964391395534795,1.8073549220576042
1420,0.25,15,True,0.2920634920634921,0.4,0.11585746540240738,1.965596230357602
1421,0.25,15,True,0.3834920634920635,0.6666666666666666,0.1901204745045889,1.4256051990169438
1422,0.2,16,True,0.3572222222222222,0.625,0.23024907521851967,1.7987949406953985
1423,0.2,16,True,0.26555555555555554,0.375,0.11785355177632828,2.4056390622295662
1424,0.15,17,True,0.3254901960784314,0.47058823529411764,0.1511868851096615,2.278351811711312
1425,0.15,17,True,0.3593137254901961,0.5882352941176471,0.20807317419414995,1.8980933736695382
1426,0.15,17,True,0.2872549019607843,0.29411764705882354,0.07705488096871849,2.889549430862088
1427,0.15,17,True,0.3651960784313726,0.5882352941176471,0.19322802684931562,1.7360411676599221
1428,0.15,17,True,0.5102941176470588,0.7647058823529411,0.35051363316910866,1.2577148214953864
1429,0.15,17,True,0.3078431372549019,0.5294117647058824,0.16528093984799175,1.8210319581338212
1430,0.15,17,True,0.45294117647058824,0.6470588235294118,0.23275129257820693,1.3784188527203236
1431,0.15,17,True,0.5686274509803921,0.9411764705882353,0.44214218356782176,0.3227569588973982
1432,0.15,17,True,0.3504901960784314,0.7058823529411765,0.31137805050685086,1.5569010760354054
1433,0.15,17,True,0.23088235294117648,0.4117647058823529,0.1378906947569074,2.651793902628769
1434,0.1,18,True,0.4610021786492375,0.8333333333333334,0.4436691855250422,0.9141828384352135
1435,0.1,18,True,0.41612200435729846,0.6666666666666666,0.29081902780598756,1.5157895841746822
1436,0.1,18,True,0.47015250544662307,0.7222222222222222,0.32000568559205445,1.2332247882202196
1437,0.1,18,True,0.5686274509803921,0.8333333333333334,0.33499008803474906,0.6500224216483541
1438,0.1,18,True,0.7037037037037037,0.9444444444444444,0.5283265821844846,0.3095434291503252
1439,0.1,18,True,0.2971677559912854,0.3888888888888889,0.10890871780988975,2.2584598927441624
1440,0.1,18,True,0.3302832244008715,0.3888888888888889,0.13279683431365752,2.3695710038552735
1441,0.1,18,True,0.5333333333333333,1.0,0.5310044064107188,0.0
1442,0.1,18,True,0.26492374727668844,0.3333333333333333,0.09294000389354218,2.3082708345352603
1443,0.1,18,True,0.3925925925925926,0.5555555555555556,0.20271027263694896,1.768853837616
1444,0.1,18,True,0.4466230936819172,0.6111111111111112,0.2334525823968916,1.6805563732659934
1445,0.1,18,True,0.4392156862745098,0.8333333333333334,0.33499008803474906,0.6500224216483541
1446,0.1,18,True,0.41307189542483663,0.6111111111111112,0.21649567501998768,1.5002723456084084
1447,0.1,18,True,0.4522875816993464,0.6111111111111112,0.2334525823968916,1.6805563732659934
1448,0.1,18,True,0.2688453159041394,0.3333333333333333,0.1430164685151104,2.335505556517097
1449,0.15,17,True,0.3068627450980392,0.29411764705882354,0.09589112687361134,2.654255313215029
1450,0.25,15,True,0.29523809523809524,0.3333333333333333,0.0655902993509413,2.4159220638351666
1451,0.15,17,True,0.3220588235294118,0.4117647058823529,0.10890871780988975,2.225610814520738
1452,0.2,16,True,0.40888888888888886,0.4375,0.08648012054822751,1.7489992230622806
1453,0.1,18,True,0.38562091503267976,0.6111111111111112,0.2188510649289812,1.7224945678306305
1454,0.1,18,True,0.3708061002178649,0.6111111111111112,0.2585560474829177,1.7916674843771045
1455,0.1,18,True,0.4849673202614379,0.7222222222222222,0.26055104850626043,1.1221136771091087
1456,0.1,18,True,0.34030501089324616,0.3888888888888889,0.16121931994114158,2.433195838728977
1457,0.1,18,True,0.3159041394335512,0.5555555555555556,0.17862650938140523,1.8380267541624737
1458,0.1,18,True,0.2540305010893246,0.3888888888888889,0.11619060520854652,2.5917932260774954
1459,0.1,18,True,0.3917211328976035,0.4444444444444444,0.13289029510478378,1.969389419529156
1460,0.1,18,True,0.26666666666666666,0.2777777777777778,0.07705488096871849,2.8855130303998817
1461,0.1,18,True,0.489760348583878,0.8888888888888888,0.4890359525563188,0.6143694458867568
1462,0.1,18,True,0.3498910675381264,0.5555555555555556,0.20807317419414995,1.949137865273585
1463,0.1,18,True,0.36775599128540304,0.5,0.17360891001213719,2.0566416671474372
1464,0.1,18,True,0.3459694989106754,0.4444444444444444,0.1659600812249996,2.080500530640267
1465,0.1,18,True,0.4453159041394335,0.5,0.21923179899069856,1.4932133643654213
1466,0.1,18,True,0.37124183006535943,0.5555555555555556,0.22365227999907078,2.2132982820604443
1467,0.1,18,True,0.3973856209150327,0.5,0.14845104387083763,1.6758220575766962
1468,0.1,18,True,0.314161220043573,0.3888888888888889,0.08553214164949008,2.1054105870684143
1469,0.1,18,True,0.3464052287581699,0.5555555555555556,0.17862650938140523,1.8380267541624737
1470,0.1,18,True,0.39346405228758174,0.6666666666666666,0.2979332328204184,1.6688388898504305
1471,0.1,18,True,0.2919389978213508,0.2777777777777778,0.04796914974313238,2.2132982820604443
1472,0.1,18,True,0.4771241830065359,0.7777777777777778,0.340482362830567,0.9444885341662053
1473,0.1,18,True,0.4252723311546841,0.6111111111111112,0.2585560474829177,1.7916674843771045
1474,0.1,18,True,0.5154684095860567,0.7777777777777778,0.340482362830567,0.9444885341662053
1475,0.2,16,True,0.43833333333333335,0.8125,0.3468177238411746,0.9933927290103626
1476,0.1,18,True,0.3006535947712418,0.3888888888888889,0.13279683431365752,2.3695710038552735
1477,0.1,18,True,0.4335511982570806,0.7777777777777778,0.3725991547047849,1.0975378398419535
1478,0.1,18,True,0.7333333333333333,1.0,0.5310044064107188,0.0
1479,0.1,18,True,0.6666666666666666,1.0,0.5310044064107188,0.0
1480,0.1,18,True,0.5106753812636166,0.7222222222222222,0.2200697153331006,0.8524051786494786
1481,0.1,18,True,0.5411764705882353,0.8333333333333334,0.33499008803474906,0.6500224216483541
1482,0.1,18,True,0.5333333333333333,1.0,0.5310044064107188,0.0
1483,0.1,18,True,0.428322440087146,0.6111111111111112,0.2334525823968916,1.6805563732659934
1484,0.1,18,True,0.47581699346405226,0.6666666666666666,0.2803607492695732,1.3355055565170972
1485,0.1,18,True,0.4923747276688453,0.7777777777777778,0.3725991547047849,1.0975378398419535
1486,0.1,18,True,0.4823529411764706,0.8888888888888888,0.4890359525563188,0.6143694458867568
1487,0.1,18,True,0.41263616557734206,0.5,0.21856773803935636,1.7233083338141042
1488,0.1,18,True,0.28104575163398693,0.3888888888888889,0.11619060520854652,2.5917932260774954
1489,0.1,18,True,0.4474945533769063,0.7777777777777778,0.340482362830567,0.9444885341662053
1490,0.1,18,True,0.3899782135076253,0.4444444444444444,0.13289029510478378,1.969389419529156
1491,0.1,18,True,0.42135076252723314,0.4444444444444444,0.2110702296074859,1.7448425317532439
1492,0.1,18,True,0.4919389978213508,0.6666666666666666,0.254765714633586,1.134969974603941
1493,0.1,18,True,0.34509803921568627,0.5,0.18233999335007445,2.0294069451656007
1494,0.1,18,True,0.4361655773420479,0.7222222222222222,0.3037500680338352,1.2751629827848567
1495,0.1,18,True,0.4501089324618736,0.7222222222222222,0.3359121157011983,1.3862740938959681
1496,0.1,18,True,0.44836601307189544,0.7222222222222222,0.32000568559205445,1.2332247882202196
1497,0.1,18,True,0.3328976034858388,0.4444444444444444,0.13860542674027043,2.350209029099897
1498,0.1,18,True,0.437037037037037,0.4444444444444444,0.2110702296074859,1.7448425317532439
1499,0.1,18,True,0.4958605664488018,0.7777777777777778,0.3725991547047849,1.0975378398419535
1500,0.1,18,True,0.6222222222222221,0.9444444444444444,0.5283265821844846,0.3095434291503252
1501,0.1,18,True,0.5342047930283225,0.8888888888888888,0.4890359525563188,0.6143694458867568
1502,0.1,18,True,0.355119825708061,0.6666666666666666,0.29081902780598756,1.5157895841746822
1503,0.1,18,True,0.4496732026143791,0.8333333333333334,0.4041199259095133,0.8030717273241024
1504,0.1,18,True,0.6,1.0,0.5310044064107188,0.0
1505,0.1,18,True,0.5777777777777778,0.9444444444444444,0.5283265821844846,0.3095434291503252
1506,0.1,18,True,0.4361655773420479,0.6111111111111112,0.21649567501998768,1.5002723456084084
1507,0.1,18,True,0.4962962962962963,0.9444444444444444,0.5283265821844846,0.3095434291503252
1508,0.1,18,True,0.5581699346405228,0.8888888888888888,0.41832813428211324,0.5032583347756457
1509,0.1,18,True,0.4457516339869281,0.7222222222222222,0.33591211570119817,1.386274093895968
1510,0.1,18,True,0.3930283224400872,0.7222222222222222,0.3359121157011983,1.3862740938959681
1511,0.1,18,True,0.5163398692810458,0.8333333333333334,0.4041199259095133,0.8030717273241024
1512,0.1,18,True,0.4300653594771242,0.7222222222222222,0.33591211570119817,1.386274093895968
1513,0.1,18,True,0.30762527233115466,0.5555555555555556,0.21301198418543965,2.102187170949333
1514,0.1,18,True,0.6666666666666666,1.0,0.5310044064107188,0.0
1515,0.1,18,True,0.530718954248366,0.8888888888888888,0.41832813428211324,0.5032583347756457
1516,0.1,18,True,0.31808278867102396,0.3888888888888889,0.13583006824426502,2.522620309531022
1517,0.1,18,True,0.4684095860566449,0.5,0.20226907788083903,1.2516291673878228
1518,0.1,18,True,0.5777777777777778,0.9444444444444444,0.5283265821844846,0.3095434291503252
1519,0.1,18,True,0.4305010893246187,0.6666666666666666,0.27621751033807707,1.5577277787393193
1520,0.1,18,True,0.4718954248366013,0.7222222222222222,0.32000568559205445,1.2332247882202196
1521,0.1,18,True,0.6,1.0,0.5310044064107188,0.0
1522,0.1,18,True,0.38605664488017427,0.4444444444444444,0.18618464294482606,2.1916116417513782
1523,0.1,18,True,0.420479302832244,0.5555555555555556,0.23024907521851967,1.879964948727111
1524,0.1,18,True,0.3973856209150327,0.6666666666666666,0.25354871102045307,1.404678473063571
1525,0.1,18,True,0.6666666666666666,1.0,0.5310044064107188,0.0
1526,0.1,18,True,0.35381263616557734,0.5555555555555556,0.20807317419415017,1.949137865273585
1527,0.1,18,True,0.30239651416122004,0.5,0.18122294910529746,2.3627402784989338
1528,0.1,18,True,0.6043572984749456,0.7777777777777778,0.3725991547047849,1.0975378398419535
1529,0.1,18,True,0.5564270152505446,0.8888888888888888,0.41832813428211324,0.5032583347756457
1530,0.1,18,True,0.4387799564270152,0.6111111111111112,0.2334525823968916,1.6805563732659934
1531,0.1,18,True,0.39084967320261443,0.5,0.21923179899069856,1.4932133643654213
1532,0.1,18,True,0.4753812636165577,0.6666666666666666,0.2547657146335859,1.134969974603941
1533,0.1,18,True,0.4326797385620915,0.6111111111111112,0.15665734595707748,0.964078764808229
1534,0.1,18,True,0.3485838779956427,0.5,0.18233999335007445,2.0294069451656007
1535,0.1,18,True,0.31459694989106757,0.4444444444444444,0.14132728892674484,2.5032583347756456
1536,0.1,18,True,0.5333333333333333,1.0,0.5310044064107188,0.0
1537,0.1,18,True,0.6666666666666666,1.0,0.5310044064107188,0.0
1538,0.1,18,True,0.3555555555555555,0.5,0.16016409232570472,2.098579861712074
1539,0.1,18,True,0.5259259259259259,0.9444444444444444,0.5283265821844846,0.3095434291503252
1540,0.1,18,True,0.7333333333333333,1.0,0.5310044064107188,0.0
1541,0.1,18,True,0.6,1.0,0.5310044064107188,0.0
1542,0.1,18,True,0.32113289760348585,0.5,0.18233999335007445,2.0294069451656007
1543,0.1,18,True,0.5333333333333333,1.0,0.5310044064107188,0.0
1544,0.1,18,True,0.39694989106753814,0.6111111111111112,0.20593925432908677,1.5275070675902451
1545,0.1,18,True,0.5080610021786492,0.7777777777777778,0.340482362830567,0.9444885341662053
1546,0.1,18,True,0.596078431372549,0.8888888888888888,0.41832813428211324,0.5032583347756457
1547,0.1,18,True,0.32200435729847493,0.4444444444444444,0.12602396837087915,2.3921472236645345
1548,0.9,2,False,,,,
1549,0.9,2,False,,,,
1550,0.9,2,False,,,,
1551,0.9,2,False,,,,
1552,0.1,18,True,0.4418300653594771,0.7777777777777778,0.32161017527648017,0.9864267287308424
1553,0.1,18,True,0.4784313725490196,0.8888888888888888,0.41832813428211324,0.5032583347756457
1554,0.1,18,True,0.5163398692810458,0.8888888888888888,0.41832813428211324,0.5032583347756457
1555,0.1,18,True,0.5333333333333333,1.0,0.5310044064107188,0.0
1556,0.1,18,True,0.596078431372549,0.7777777777777778,0.27015330083790245,0.7642045065086203
1557,0.1,18,True,0.5185185185185185,0.9444444444444444,0.5283265821844846,0.3095434291503252
1558,0.1,18,True,0.5289760348583878,0.8333333333333334,0.4436691855250421,0.9141828384352135
1559,0.1,18,True,0.5420479302832244,0.8333333333333334,0.4041199259095133,0.8030717273241024
1560,0.1,18,True,0.5294117647058824,0.7777777777777778,0.27015330083790245,0.7642045065086203
1561,0.1,18,True,0.6296296296296297,0.9444444444444444,0.5283265821844846,0.3095434291503252
1562,0.1,18,True,0.4989106753812636,0.7777777777777778,0.3977554223658072,1.2086489509530647
1563,0.1,18,True,0.5586056644880174,0.8888888888888888,0.41832813428211324,0.5032583347756457
1564,0.1,18,True,0.5777777777777778,0.9444444444444444,0.5283265821844846,0.3095434291503252
1565,0.1,18,True,0.7333333333333333,1.0,0.5310044064107188,0.0
1566,0.1,18,True,0.7037037037037037,0.9444444444444444,0.5283265821844846,0.3095434291503252
1567,0.1,18,True,0.5333333333333333,1.0,0.5310044064107188,0.0
1568,0.1,18,True,0.4962962962962963,0.7222222222222222,0.32000568559205445,1.2332247882202196
1569,0.1,18,True,0.6666666666666666,1.0,0.5310044064107188,0.0
1570,0.1,18,True,0.5185185185185185,0.9444444444444444,0.5283265821844846,0.3095434291503252
1571,0.1,18,True,0.4688453159041394,0.7222222222222222,0.33591211570119817,1.386274093895968
1572,0.1,18,True,0.6771241830065359,0.8888888888888888,0.41832813428211324,0.5032583347756457
1573,0.1,18,True,0.5864923747276689,0.8888888888888888,0.4890359525563188,0.6143694458867568
1574,0.1,18,True,0.7302832244008715,0.8888888888888888,0.4890359525563188,0.6143694458867568
1575,0.1,18,True,0.4919389978213508,0.8888888888888888,0.41832813428211324,0.5032583347756457
1576,0.1,18,True,0.46492374727668845,0.8888888888888888,0.41832813428211324,0.5032583347756457
1577,0.1,18,True,0.7333333333333333,1.0,0.5310044064107188,0.0
1578,0.1,18,True,0.5450980392156862,0.8888888888888888,0.4890359525563188,0.6143694458867568
1579,0.1,18,True,0.6,1.0,0.5310044064107188,0.0
1580,0.1,18,True,0.6,1.0,0.5310044064107188,0.0
1581,0.1,18,True,0.6666666666666666,1.0,0.5310044064107188,0.0
1582,0.1,18,True,0.4666666666666667,0.7222222222222222,0.29167886095217377,1.0529407605626346
1583,0.1,18,True,0.6213507625272331,0.8888888888888888,0.41832813428211324,0.5032583347756457
1584,0.1,18,True,0.6,1.0,0.5310044064107188,0.0
1585,0.1,18,True,0.49411764705882355,0.7222222222222222,0.32000568559205445,1.2332247882202196
1586,0.1,18,True,0.5498910675381263,0.8333333333333334,0.4041199259095132,0.8030717273241024
1587,0.1,18,True,0.5333333333333333,1.0,0.5310044064107188,0.0
1588,0.1,18,True,0.5333333333333333,1.0,0.5310044064107188,0.0
1589,0.1,18,True,0.6666666666666666,1.0,0.5310044064107188,0.0
1590,0.1,18,True,0.6666666666666666,1.0,0.5310044064107188,0.0
1591,0.1,18,True,0.6,1.0,0.5310044064107188,0.0
1592,0.1,18,True,0.6,1.0,0.5310044064107188,0.0
1593,0.1,18,True,0.6,1.0,0.5310044064107188,0.0
1594,0.1,18,True,0.4928104575163399,0.7777777777777778,0.340482362830567,0.9444885341662053
1595,0.1,18,True,0.5333333333333333,1.0,0.5310044064107188,0.0
1596,0.1,18,True,0.5333333333333333,1.0,0.5310044064107188,0.0
1597,0.1,18,True,0.5333333333333333,1.0,0.5310044064107188,0.0
1598,0.1,18,True,0.5333333333333333,1.0,0.5310044064107188,0.0
1599,0.1,18,True,0.5333333333333333,1.0,0.5310044064107188,0.0
1600,0.1,18,True,0.5054466230936819,0.8888888888888888,0.41832813428211324,0.5032583347756457
1601,0.1,18,True,0.6666666666666666,1.0,0.5310044064107188,0.0
1602,0.1,18,True,0.4745098039215686,0.8333333333333334,0.33499008803474906,0.6500224216483541
1603,0.1,18,True,0.4793028322440087,0.7777777777777778,0.340482362830567,0.9444885341662053
1604,0.1,18,True,0.8,1.0,0.5310044064107188,0.0
1605,0.95,1,False,,,,
1606,0.95,1,False,,,,
1607,0.95,1,False,,,,
1608,0.95,1,False,,,,
1609,0.95,1,False,,,,
1610,0.95,1,False,,,,
1611,0.95,1,False,,,,
1612,0.95,1,False,,,,
1613,0.95,1,False,,,,
1614,0.95,1,False,,,,
1615,0.95,1,False,,,,
1616,0.95,1,False,,,,
1617,0.95,1,False,,,,
1618,0.95,1,False,,,,
1619,0.95,1,False,,,,
1620,0.95,1,False,,,,
1621,0.95,1,False,,,,
1622,0.95,1,False,,,,
1623,0.95,1,False,,,,
1624,0.95,1,False,,,,
1625,0.1,18,True,0.4753812636165577,0.8888888888888888,0.4890359525563188,0.6143694458867568
1626,0.1,18,True,0.5555555555555555,0.6666666666666666,0.254765714633586,1.134969974603941
1627,0.1,18,True,0.39346405228758174,0.3888888888888889,0.1388189398408547,1.9523612813926658
1628,0.1,18,True,0.7333333333333333,1.0,0.5310044064107188,0.0
1629,0.1,18,True,0.4601307189542484,0.7777777777777778,0.27015330083790245,0.7642045065086203
1630,0.1,18,True,0.7333333333333333,1.0,0.5310044064107188,0.0
1631,0.1,18,True,0.6666666666666666,1.0,0.5310044064107188,0.0
1632,0.1,18,True,0.6666666666666666,1.0,0.5310044064107188,0.0
1633,0.1,18,True,0.5193899782135076,0.8888888888888888,0.41832813428211324,0.5032583347756457
1634,0.1,18,True,0.5333333333333333,1.0,0.5310044064107188,0.0
1635,0.1,18,True,0.6666666666666666,1.0,0.5310044064107188,0.0
1636,0.1,18,True,0.6,1.0,0.5310044064107188,0.0
1637,0.1,18,True,0.5259259259259259,0.9444444444444444,0.5283265821844846,0.3095434291503252
1638,0.1,18,True,0.6666666666666666,1.0,0.5310044064107188,0.0
1639,0.1,18,True,0.5333333333333333,1.0,0.5310044064107188,0.0
1640,0.1,18,True,0.5333333333333333,1.0,0.5310044064107188,0.0
1641,0.1,18,True,0.5333333333333333,1.0,0.5310044064107188,0.0
1642,0.1,18,True,0.6666666666666666,1.0,0.5310044064107188,0.0
1643,0.1,18,True,0.6222222222222221,0.9444444444444444,0.5283265821844846,0.3095434291503252
1644,0.1,18,True,0.5555555555555555,0.9444444444444444,0.5283265821844846,0.3095434291503252
1645,0.1,18,True,0.6666666666666666,1.0,0.5310044064107188,0.0
1646,0.1,18,True,0.5193899782135076,0.8888888888888888,0.41832813428211324,0.5032583347756457
1647,0.1,18,True,0.485838779956427,0.7777777777777778,0.3977554223658072,1.2086489509530647
1648,0.1,18,True,0.6,1.0,0.5310044064107188,0.0
1649,0.1,18,True,0.4544662309368192,0.8333333333333334,0.4436691855250421,0.9141828384352135
1650,0.1,18,True,0.48888888888888893,0.9444444444444444,0.5283265821844846,0.3095434291503252
1651,0.1,18,True,0.38039215686274513,0.4444444444444444,0.1659600812249996,2.080500530640267
1652,0.1,18,True,0.6130718954248365,0.8333333333333334,0.4041199259095133,0.8030717273241024
1653,0.1,18,True,0.4919389978213508,0.8888888888888888,0.41832813428211324,0.5032583347756457
1654,0.1,18,True,0.37124183006535943,0.5,0.21856773803935636,1.7233083338141042
1655,0.1,18,True,0.40827886710239647,0.5555555555555556,0.17862650938140523,1.8380267541624737
1656,0.1,18,True,0.3655773420479303,0.5,0.16016409232570472,2.0985798617120746
1657,0.1,18,True,0.3559912854030501,0.5555555555555556,0.20807317419415017,1.949137865273585
1658,0.3,14,True,0.254945054945055,0.35714285714285715,0.12743761455218428,2.692380602454975
1659,0.95,1,False,,,,
1660,0.95,1,False,,,,
1661,0.95,1,False,,,,
1662,0.95,1,False,,,,
1663,0.95,1,False,,,,
1664,0.95,1,False,,,,
1665,0.95,1,False,,,,
1666,0.95,1,False,,,,
1667,0.95,1,False,,,,
1668,0.95,1,False,,,,
1669,0.95,1,False,,,,
1670,0.95,1,False,,,,
1671,0.1,18,True,0.28366013071895424,0.2777777777777778,0.09226010922149752,2.5046934208291405
1672,0.15,17,True,0.3607843137254902,0.5294117647058824,0.18076084362328393,2.1739731346044096
1673,0.15,17,True,0.46568627450980393,0.7058823529411765,0.2698043285786723,1.2772018112022603
1674,0.15,17,True,0.5450980392156862,0.9411764705882353,0.44214218356782176,0.3227569588973982
1675,0.15,17,True,0.29558823529411765,0.4117647058823529,0.12462641771910654,2.3720946377956236
1676,0.15,17,True,0.45098039215686275,0.7647058823529411,0.32000568559205445,1.1400677626718572
1677,0.15,17,True,0.5098039215686274,0.9411764705882353,0.44214218356782176,0.3227569588973982
1678,0.15,17,True,0.49411764705882355,0.9411764705882353,0.44214218356782176,0.3227569588973982
1679,0.15,17,True,0.5019607843137255,0.9411764705882353,0.44214218356782176,0.3227569588973982
1680,0.15,17,True,0.49411764705882355,0.9411764705882353,0.44214218356782176,0.3227569588973982
1681,0.95,1,False,,,,
1682,0.95,1,False,,,,
1683,0.95,1,False,,,,
1684,0.95,1,False,,,,
1685,0.95,1,False,,,,
1686,0.95,1,False,,,,
1687,0.95,1,False,,,,
1688,0.15,17,True,0.5450980392156862,0.9411764705882353,0.44214218356782176,0.3227569588973982
1689,0.15,17,True,0.48970588235294116,0.8235294117647058,0.38885477226300413,0.951994081908783
1690,0.15,17,True,0.5196078431372549,0.8235294117647058,0.340482362830567,0.8343470230852538
1691,0.15,17,True,0.5774509803921569,0.8823529411764706,0.33499008803474906,0.5225593745369408
1692,0.15,17,True,0.625,0.8823529411764706,0.4229921134636,0.6402064333604701
1693,0.15,17,True,0.3220588235294118,0.4117647058823529,0.10017763447195249,2.254447578972094
1694,0.15,17,True,0.41617647058823526,0.5882352941176471,0.17613453894041964,1.2210477851797181
1695,0.15,17,True,0.4421568627450981,0.8235294117647058,0.38885477226300413,0.951994081908783
1696,0.15,17,True,0.4764705882352941,0.47058823529411764,0.15790814011040566,1.2639334294856335
1697,0.15,17,True,0.3754901960784314,0.5882352941176471,0.20637609206280816,1.450467463408549
1698,0.15,17,True,0.5333333333333333,1.0,0.3901596952835996,0.0
1699,0.15,17,True,0.453921568627451,0.6470588235294118,0.19949284709658266,1.1660870601063933
1700,0.15,17,True,0.6666666666666666,1.0,0.3901596952835996,0.0
1701,0.15,17,True,0.44313725490196076,0.47058823529411764,0.15790814011040566,1.2639334294856335
1702,0.15,17,True,0.4279411764705882,0.6470588235294118,0.2334525823968916,1.6137129703673825
1703,0.15,17,True,0.5313725490196078,0.8235294117647058,0.340482362830567,0.8343470230852537
1704,0.15,17,True,0.38284313725490193,0.5294117647058824,0.17360891001213719,2.0119209285947934
1705,0.15,17,True,0.32794117647058824,0.5294117647058824,0.1957848110365069,1.9386790169573507
1706,0.15,17,True,0.33382352941176474,0.5882352941176471,0.22559344255483083,2.0157404324930677
1707,0.15,17,True,0.3794117647058824,0.47058823529411764,0.14749181257269428,1.8751310486364097
1708,0.15,17,True,0.5661764705882353,0.7647058823529411,0.35051363316910866,1.2577148214953864
1709,0.15,17,True,0.31666666666666665,0.35294117647058826,0.0620330195312353,2.3804304878001115
1710,0.15,17,True,0.3049019607843137,0.5294117647058824,0.18076084362328393,2.1739731346044096
1711,0.15,17,True,0.43186274509803924,0.8235294117647058,0.340482362830567,0.8343470230852537
1712,0.15,17,True,0.3176470588235294,0.4117647058823529,0.11619060520854652,2.5785519909913264
1713,0.2,16,True,0.4211111111111111,0.6875,0.23275129257820693,1.3244602933016414
1714,0.2,16,True,0.3233333333333333,0.6875,0.23275129257820693,1.3244602933016414
1715,0.2,16,True,0.3472222222222222,0.625,0.21731179010485935,1.6266144718101818
1716,0.95,1,False,,,,
1717,0.95,1,False,,,,
1718,0.95,1,False,,,,
1719,0.5,10,True,0.43407407407407406,0.7,0.2771568471826691,1.3567796494470397
1720,0.9,2,False,,,,
1721,0.9,2,False,,,,
1722,0.95,1,False,,,,
1723,0.95,1,False,,,,
1724,0.95,1,False,,,,
1725,0.95,1,False,,,,
1726,0.95,1,False,,,,
1727,0.95,1,False,,,,
1728,0.95,1,False,,,,
1729,0.95,1,False,,,,
1730,0.95,1,False,,,,
1731,0.95,1,False,,,,
1732,0.95,1,False,,,,
1733,0.95,1,False,,,,
1734,0.95,1,False,,,,
1735,0.95,1,False,,,,
1736,0.95,1,False,,,,
1737,0.95,1,False,,,,
1738,0.95,1,False,,,,
1739,0.95,1,False,,,,
1740,0.9,2,False,,,,
1741,0.85,3,False,,,,
1742,0.85,3,False,,,,
1743,0.85,3,False,,,,
1744,0.6,8,True,0.2547619047619048,0.375,0.31137805050685086,2.4056390622295662
1745,0.1,18,True,0.5246187363834423,0.7777777777777778,0.340482362830567,0.9444885341662053
1746,0.1,18,True,0.42875816993464055,0.8333333333333334,0.4436691855250421,0.9141828384352135
1747,0.1,18,True,0.33856209150326794,0.5555555555555556,0.20807317419415017,1.949137865273585
1748,0.1,18,True,0.293681917211329,0.3333333333333333,0.0943159244624433,2.6688388898504303
1749,0.1,18,True,0.5908496732026144,0.7777777777777778,0.340482362830567,0.9444885341662053
1750,0.1,18,True,0.42352941176470593,0.6666666666666666,0.30968313518177704,1.7799500009615414
1751,0.1,18,True,0.40217864923747276,0.3888888888888889,0.1961188691478417,1.9864267287308424
1752,0.2,16,True,0.2627777777777778,0.4375,0.14526931617299932,2.646782221599798
1753,0.3,14,True,0.27399267399267396,0.42857142857142855,0.15740889981958905,2.5566567074628237
1754,0.35,13,True,0.2658119658119658,0.46153846153846156,0.17871162601638202,2.353533948577482
1755,0.4,12,True,0.3777777777777778,0.6666666666666666,0.21533827903669656,1.4182958340544896
1756,0.45,11,True,0.4218181818181818,0.6363636363636364,0.16242837679500655,1.2406705316766884
1757,0.45,11,True,0.36848484848484847,0.5454545454545454,0.21856773803935614,1.867633890971212
1758,0.45,11,True,0.23757575757575758,0.36363636363636365,0.2127694367838705,2.7321588913645707
1759,0.5,10,True,0.29037037037037033,0.4,0.24634531751877298,2.5219280948873624
1760,0.7,6,True,0.21777777777777776,0.3333333333333333,0.3977554223658072,2.2516291673878226
1761,0.7,6,True,0.19555555555555557,0.3333333333333333,0.3977554223658072,2.2516291673878226
1762,0.75,5,True,0.26666666666666666,0.4,0.4436691855250421,1.9219280948873623
1763,0.75,5,True,0.2,0.2,0.46159367967902887,2.321928094887362
1764,0.75,5,True,0.26666666666666666,0.4,0.4436691855250422,1.9219280948873623
1765,0.75,5,True,0.28,0.2,0.46159367967902887,2.321928094887362
1766,0.75,5,True,0.2733333333333333,0.4,0.4041199259095133,1.5219280948873621
1767,0.75,5,True,0.2,0.4,0.4436691855250421,1.9219280948873623
1768,0.75,5,True,0.30666666666666664,0.6,0.4229921134636,1.3709505944546687
1769,0.75,5,True,0.2,0.4,0.4436691855250421,1.9219280948873623
1770,0.75,5,True,0.14666666666666667,0.2,0.46159367967902887,2.321928094887362
1771,0.8,4,False,,,,
1772,0.8,4,False,,,,
1773,0.85,3,False,,,,
1774,0.85,3,False,,,,
1775,0.85,3,False,,,,
1776,0.85,3,False,,,,
1777,0.85,3,False,,,,
1778,0.85,3,False,,,,
1779,0.85,3,False,,,,
1780,0.85,3,False,,,,
1781,0.95,1,False,,,,
1782,0.95,1,False,,,,
1783,0.95,1,False,,,,
1784,0.95,1,False,,,,
1785,0.95,1,False,,,,
1786,0.9,2,False,,,,
1787,0.9,2,False,,,,
1788,0.9,2,False,,,,
1789,0.9,2,False,,,,
1790,0.85,3,False,,,,
1791,0.85,3,False,,,,
1792,0.85,3,False,,,,
1793,0.85,3,False,,,,
1794,0.85,3,False,,,,
1795,0.85,3,False,,,,
1796,0.8,4,False,,,,
1797,0.8,4,False,,,,
1798,0.8,4,False,,,,
1799,0.8,4,False,,,,
1800,0.8,4,False,,,,
1801,0.8,4,False,,,,
1802,0.8,4,False,,,,
1803,0.8,4,False,,,,
1804,0.8,4,False,,,,
1805,0.8,4,False,,,,
1806,0.9,2,False,,,,
1807,0.95,1,False,,,,
1808,0.9,2,False,,,,
1809,0.9,2,False,,,,
1810,0.9,2,False,,,,
1811,0.85,3,False,,,,
1812,0.8,4,False,,,,
1813,0.8,4,False,,,,
1814,0.8,4,False,,,,
1815,0.85,3,False,,,,
1816,0.85,3,False,,,,
1817,0.85,3,False,,,,
1818,0.85,3,False,,,,
1819,0.85,3,False,,,,
1820,0.85,3,False,,,,
1821,0.85,3,False,,,,
1822,0.85,3,False,,,,
1823,0.9,2,False,,,,
1824,0.9,2,False,,,,
1825,0.95,1,False,,,,
1826,0.9,2,False,,,,
1827,0.9,2,False,,,,
1828,0.9,2,False,,,,
1829,0.95,1,False,,,,
1830,0.95,1,False,,,,
1831,0.95,1,False,,,,
1832,0.95,1,False,,,,
1833,0.95,1,False,,,,
1834,0.95,1,False,,,,
1835,0.9,2,False,,,,
1836,0.9,2,False,,,,
1837,0.9,2,False,,,,
1838,0.9,2,False,,,,
1839,0.85,3,False,,,,
1840,0.85,3,False,,,,
1841,0.85,3,False,,,,
1842,0.85,3,False,,,,
1843,0.8,4,False,,,,
1844,0.9,2,False,,,,
1845,0.9,2,False,,,,
1846,0.9,2,False,,,,
1847,0.9,2,False,,,,
1848,0.9,2,False,,,,
1849,0.8,4,False,,,,
1850,0.8,4,False,,,,
1851,0.8,4,False,,,,
1852,0.8,4,False,,,,
1853,0.8,4,False,,,,
1854,0.85,3,False,,,,
1855,0.9,2,False,,,,
1856,0.9,2,False,,,,
1857,0.9,2,False,,,,
1858,0.8,4,False,,,,
1859,0.8,4,False,,,,
1860,0.8,4,False,,,,
1861,0.8,4,False,,,,
1862,0.8,4,False,,,,
1863,0.8,4,False,,,,
1864,0.8,4,False,,,,
1865,0.8,4,False,,,,
1866,0.8,4,False,,,,
1867,0.8,4,False,,,,
1868,0.8,4,False,,,,
1869,0.8,4,False,,,,
1870,0.8,4,False,,,,
1871,0.8,4,False,,,,
1872,0.8,4,False,,,,
1873,0.8,4,False,,,,
1874,0.8,4,False,,,,
1875,0.8,4,False,,,,
1876,0.8,4,False,,,,
1877,0.8,4,False,,,,
1878,0.8,4,False,,,,
1879,0.85,3,False,,,,
1880,0.85,3,False,,,,
1881,0.85,3,False,,,,
1882,0.85,3,False,,,,
1883,0.85,3,False,,,,
1884,0.85,3,False,,,,
1885,0.85,3,False,,,,
1886,0.9,2,False,,,,
1887,0.85,3,False,,,,
1888,0.85,3,False,,,,
1889,0.85,3,False,,,,
1890,0.85,3,False,,,,
1891,0.9,2,False,,,,
1892,0.9,2,False,,,,
1893,0.95,1,False,,,,
1894,0.95,1,False,,,,
1895,0.95,1,False,,,,
1896,0.9,2,False,,,,
1897,0.9,2,False,,,,
1898,0.8,4,False,,,,
1899,0.8,4,False,,,,
1900,0.8,4,False,,,,
1901,0.8,4,False,,,,
1902,0.85,3,False,,,,
1903,0.85,3,False,,,,
1904,0.85,3,False,,,,
1905,0.85,3,False,,,,
1906,0.85,3,False,,,,
1907,0.85,3,False,,,,
1908,0.9,2,False,,,,
1909,0.85,3,False,,,,
1910,0.85,3,False,,,,
1911,0.8,4,False,,,,
1912,0.8,4,False,,,,
1913,0.8,4,False,,,,
1914,0.8,4,False,,,,
1915,0.8,4,False,,,,
1916,0.8,4,False,,,,
1917,0.8,4,False,,,,
1918,0.95,1,False,,,,
1919,0.95,1,False,,,,
1920,0.95,1,False,,,,
1921,0.95,1,False,,,,
1922,0.95,1,False,,,,
1923,0.95,1,False,,,,
1924,0.95,1,False,,,,
1925,0.95,1,False,,,,
1926,0.95,1,False,,,,
1927,0.95,1,False,,,,
1928,0.8,4,False,,,,
1929,0.8,4,False,,,,
1930,0.8,4,False,,,,
1931,0.8,4,False,,,,
1932,0.8,4,False,,,,
1933,0.85,3,False,,,,
1934,0.85,3,False,,,,
1935,0.85,3,False,,,,
1936,0.85,3,False,,,,
1937,0.85,3,False,,,,
1938,0.85,3,False,,,,
1939,0.85,3,False,,,,
1940,0.85,3,False,,,,
1941,0.85,3,False,,,,
1942,0.95,1,False,,,,
1943,0.95,1,False,,,,
1944,0.95,1,False,,,,
1945,0.85,3,False,,,,
1946,0.85,3,False,,,,
1947,0.85,3,False,,,,
1948,0.85,3,False,,,,
1949,0.85,3,False,,,,
1950,0.85,3,False,,,,
1951,0.8,4,False,,,,
1952,0.8,4,False,,,,
1953,0.8,4,False,,,,
1954,0.8,4,False,,,,
1955,0.8,4,False,,,,
1956,0.8,4,False,,,,
1957,0.8,4,False,,,,
1958,0.8,4,False,,,,
1959,0.85,3,False,,,,
1960,0.8,4,False,,,,
1961,0.8,4,False,,,,
1962,0.8,4,False,,,,
1963,0.8,4,False,,,,
1964,0.8,4,False,,,,
1965,0.8,4,False,,,,
1966,0.8,4,False,,,,
1967,0.8,4,False,,,,
1968,0.85,3,False,,,,
1969,0.85,3,False,,,,
1970,0.85,3,False,,,,
1971,0.85,3,False,,,,
1972,0.8,4,False,,,,
1973,0.85,3,False,,,,
1974,0.85,3,False,,,,
1975,0.85,3,False,,,,
1976,0.85,3,False,,,,
1977,0.8,4,False,,,,
1978,0.85,3,False,,,,
1979,0.85,3,False,,,,
1980,0.8,4,False,,,,
1981,0.8,4,False,,,,
1982,0.8,4,False,,,,
1983,0.8,4,False,,,,
1984,0.8,4,False,,,,
1985,0.8,4,False,,,,
1986,0.8,4,False,,,,
1987,0.8,4,False,,,,
1988,0.8,4,False,,,,
1989,0.8,4,False,,,,
1990,0.8,4,False,,,,
1991,0.8,4,False,,,,
1992,0.8,4,False,,,,
1993,0.85,3,False,,,,
1994,0.85,3,False,,,,
1995,0.85,3,False,,,,
1996,0.85,3,False,,,,
1997,0.9,2,False,,,,
1998,0.9,2,False,,,,
1999,0.9,2,False,,,,
2000,0.95,1,False,,,,
2001,0.95,1,False,,,,
2002,0.9,2,False,,,,
2003,0.9,2,False,,,,
2004,0.9,2,False,,,,
2005,0.9,2,False,,,,
2006,0.9,2,False,,,,
2007,0.9,2,False,,,,
2008,0.9,2,False,,,,
2009,0.9,2,False,,,,
2010,0.9,2,False,,,,
2011,0.9,2,False,,,,
2012,0.9,2,False,,,,
2013,0.9,2,False,,,,
2014,0.9,2,False,,,,
2015,0.85,3,False,,,,
2016,0.85,3,False,,,,
2017,0.85,3,False,,,,
2018,0.9,2,False,,,,
2019,0.9,2,False,,,,
2020,0.9,2,False,,,,
2021,0.9,2,False,,,,
2022,0.9,2,False,,,,
2023,0.9,2,False,,,,
2024,0.9,2,False,,,,
2025,0.9,2,False,,,,
2026,0.9,2,False,,,,
2027,0.9,2,False,,,,
2028,0.95,1,False,,,,
2029,0.95,1,False,,,,
2030,0.95,1,False,,,,
2031,0.85,3,False,,,,
2032,0.8,4,False,,,,
2033,0.8,4,False,,,,
2034,0.8,4,False,,,,
2035,0.8,4,False,,,,
2036,0.8,4,False,,,,
2037,0.8,4,False,,,,
2038,0.8,4,False,,,,
2039,0.8,4,False,,,,
2040,0.8,4,False,,,,
2041,0.8,4,False,,,,
2042,0.8,4,False,,,,
2043,0.8,4,False,,,,
2044,0.8,4,False,,,,
2045,0.8,4,False,,,,
2046,0.8,4,False,,,,
2047,0.8,4,False,,,,
2048,0.8,4,False,,,,
2049,0.8,4,False,,,,
2050,0.8,4,False,,,,
2051,0.85,3,False,,,,
2052,0.85,3,False,,,,
2053,0.8,4,False,,,,
2054,0.95,1,False,,,,
2055,0.95,1,False,,,,
2056,0.95,1,False,,,,
2057,0.95,1,False,,,,
2058,0.95,1,False,,,,
2059,0.95,1,False,,,,
2060,0.9,2,False,,,,
2061,0.9,2,False,,,,
2062,0.9,2,False,,,,
2063,0.9,2,False,,,,
2064,0.9,2,False,,,,
2065,0.9,2,False,,,,
2066,0.9,2,False,,,,
2067,0.9,2,False,,,,
2068,0.8,4,False,,,,
2069,0.8,4,False,,,,
2070,0.8,4,False,,,,
2071,0.85,3,False,,,,
2072,0.85,3,False,,,,
2073,0.85,3,False,,,,
2074,0.85,3,False,,,,
2075,0.85,3,False,,,,
2076,0.85,3,False,,,,
2077,0.85,3,False,,,,
2078,0.95,1,False,,,,
2079,0.95,1,False,,,,
2080,0.95,1,False,,,,
2081,0.95,1,False,,,,
2082,0.95,1,False,,,,
2083,0.95,1,False,,,,
2084,0.95,1,False,,,,
2085,0.95,1,False,,,,
2086,0.95,1,False,,,,
2087,0.95,1,False,,,,
2088,0.95,1,False,,,,
2089,0.95,1,False,,,,
2090,0.95,1,False,,,,
2091,0.95,1,False,,,,
2092,0.95,1,False,,,,
2093,0.95,1,False,,,,
2094,0.95,1,False,,,,
2095,0.95,1,False,,,,
2096,0.95,1,False,,,,
2097,0.95,1,False,,,,
2098,0.95,1,False,,,,
2099,0.95,1,False,,,,
2100,0.95,1,False,,,,
2101,0.95,1,False,,,,
2102,0.95,1,False,,,,
2103,0.95,1,False,,,,
2104,0.95,1,False,,,,
2105,0.95,1,False,,,,
2106,0.95,1,False,,,,
2107,0.95,1,False,,,,
2108,0.95,1,False,,,,
2109,0.95,1,False,,,,
2110,0.95,1,False,,,,
2111,0.95,1,False,,,,
2112,0.95,1,False,,,,
2113,0.95,1,False,,,,
2114,0.95,1,False,,,,
2115,0.95,1,False,,,,
2116,0.95,1,False,,,,
2117,0.95,1,False,,,,
2118,0.95,1,False,,,,
2119,0.95,1,False,,,,
2120,0.95,1,False,,,,
2121,0.95,1,False,,,,
2122,0.95,1,False,,,,
2123,0.95,1,False,,,,
2124,0.95,1,False,,,,
2125,0.95,1,False,,,,
2126,0.95,1,False,,,,
2127,0.85,3,False,,,,
2128,0.9,2,False,,,,
2129,0.9,2,False,,,,
2130,0.9,2,False,,,,
2131,0.9,2,False,,,,
2132,0.9,2,False,,,,
2133,0.9,2,False,,,,
2134,0.9,2,False,,,,
2135,0.9,2,False,,,,
2136,0.9,2,False,,,,
2137,0.85,3,False,,,,
2138,0.85,3,False,,,,
2139,0.85,3,False,,,,
2140,0.85,3,False,,,,
2141,0.85,3,False,,,,
2142,0.85,3,False,,,,
2143,0.85,3,False,,,,
2144,0.85,3,False,,,,
2145,0.85,3,False,,,,
2146,0.85,3,False,,,,
2147,0.9,2,False,,,,
2148,0.85,3,False,,,,
2149,0.85,3,False,,,,
2150,0.85,3,False,,,,
2151,0.9,2,False,,,,
2152,0.9,2,False,,,,
2153,0.9,2,False,,,,
2154,0.9,2,False,,,,
2155,0.95,1,False,,,,
2156,0.9,2,False,,,,
2157,0.9,2,False,,,,
2158,0.85,3,False,,,,
2159,0.85,3,False,,,,
2160,0.85,3,False,,,,
2161,0.85,3,False,,,,
2162,0.85,3,False,,,,
2163,0.85,3,False,,,,
2164,0.85,3,False,,,,
2165,0.85,3,False,,,,
2166,0.85,3,False,,,,
2167,0.95,1,False,,,,
2168,0.95,1,False,,,,
2169,0.95,1,False,,,,
2170,0.95,1,False,,,,
2171,0.95,1,False,,,,
2172,0.95,1,False,,,,
2173,0.95,1,False,,,,
2174,0.95,1,False,,,,
2175,0.85,3,False,,,,
2176,0.85,3,False,,,,
2177,0.85,3,False,,,,
2178,0.85,3,False,,,,
2179,0.85,3,False,,,,
2180,0.85,3,False,,,,
2181,0.85,3,False,,,,
2182,0.9,2,False,,,,
2183,0.9,2,False,,,,
2184,0.9,2,False,,,,
2185,0.9,2,False,,,,
2186,0.9,2,False,,,,
2187,0.9,2,False,,,,
2188,0.9,2,False,,,,
2189,0.9,2,False,,,,
2190,0.9,2,False,,,,
2191,0.9,2,False,,,,
2192,0.9,2,False,,,,
2193,0.9,2,False,,,,
2194,0.95,1,False,,,,
2195,0.9,2,False,,,,
2196,0.9,2,False,,,,
2197,0.9,2,False,,,,
2198,0.9,2,False,,,,
2199,0.9,2,False,,,,
2200,0.9,2,False,,,,
2201,0.9,2,False,,,,
2202,0.9,2,False,,,,
2203,0.9,2,False,,,,
2204,0.9,2,False,,,,
2205,0.95,1,False,,,,
2206,0.95,1,False,,,,
2207,0.95,1,False,,,,
2208,0.95,1,False,,,,
2209,0.95,1,False,,,,
2210,0.95,1,False,,,,
2211,0.95,1,False,,,,
2212,0.95,1,False,,,,
2213,0.9,2,False,,,,
2214,0.9,2,False,,,,
2215,0.9,2,False,,,,
2216,0.9,2,False,,,,
2217,0.9,2,False,,,,
2218,0.9,2,False,,,,
2219,0.9,2,False,,,,
2220,0.9,2,False,,,,
2221,0.9,2,False,,,,
2222,0.9,2,False,,,,
2223,0.9,2,False,,,,
2224,0.9,2,False,,,,
2225,0.9,2,False,,,,
2226,0.9,2,False,,,,
2227,0.9,2,False,,,,
2228,0.9,2,False,,,,
2229,0.9,2,False,,,,
2230,0.9,2,False,,,,
2231,0.9,2,False,,,,
2232,0.9,2,False,,,,
2233,0.9,2,False,,,,
2234,0.9,2,False,,,,
2235,0.9,2,False,,,,
2236,0.9,2,False,,,,
2237,0.9,2,False,,,,
2238,0.9,2,False,,,,
2239,0.9,2,False,,,,
2240,0.9,2,False,,,,
2241,0.9,2,False,,,,
2242,0.9,2,False,,,,
2243,0.9,2,False,,,,
2244,0.95,1,False,,,,
2245,0.95,1,False,,,,
2246,0.95,1,False,,,,
2247,0.9,2,False,,,,
2248,0.9,2,False,,,,
2249,0.9,2,False,,,,
2250,0.9,2,False,,,,
2251,0.9,2,False,,,,
2252,0.9,2,False,,,,
2253,0.9,2,False,,,,
2254,0.9,2,False,,,,
2255,0.9,2,False,,,,
2256,0.95,1,False,,,,
2257,0.95,1,False,,,,
2258,0.95,1,False,,,,
2259,0.95,1,False,,,,
2260,0.95,1,False,,,,
2261,0.95,1,False,,,,
2262,0.95,1,False,,,,
2263,0.95,1,False,,,,
2264,0.95,1,False,,,,
2265,0.95,1,False,,,,
2266,0.95,1,False,,,,
2267,0.95,1,False,,,,
2268,0.95,1,False,,,,
2269,0.95,1,False,,,,
2270,0.95,1,False,,,,
2271,0.95,1,False,,,,
2272,0.95,1,False,,,,
2273,0.95,1,False,,,,
2274,0.95,1,False,,,,
2275,0.95,1,False,,,,
2276,0.95,1,False,,,,
2277,0.95,1,False,,,,
2278,0.95,1,False,,,,
2279,0.95,1,False,,,,
2280,0.95,1,False,,,,
2281,0.95,1,False,,,,
2282,0.95,1,False,,,,
2283,0.95,1,False,,,,
2284,0.95,1,False,,,,
2285,0.95,1,False,,,,
2286,0.95,1,False,,,,
2287,0.95,1,False,,,,
2288,0.95,1,False,,,,
2289,0.95,1,False,,,,
2290,0.95,1,False,,,,
2291,0.95,1,False,,,,
2292,0.95,1,False,,,,
2293,0.95,1,False,,,,
2294,0.95,1,False,,,,
2295,0.95,1,False,,,,
2296,0.95,1,False,,,,
2297,0.95,1,False,,,,
2298,0.95,1,False,,,,
2299,0.95,1,False,,,,
2300,0.95,1,False,,,,
2301,0.95,1,False,,,,
2302,0.95,1,False,,,,
2303,0.95,1,False,,,,
2304,0.95,1,False,,,,
2305,0.95,1,False,,,,
2306,0.95,1,False,,,,
2307,0.95,1,False,,,,
2308,0.95,1,False,,,,
2309,0.95,1,False,,,,
2310,0.95,1,False,,,,
2311,0.95,1,False,,,,
2312,0.95,1,False,,,,
2313,0.95,1,False,,,,
2314,0.95,1,False,,,,
2315,0.95,1,False,,,,
2316,0.95,1,False,,,,
2317,0.95,1,False,,,,
2318,0.95,1,False,,,,
2319,0.95,1,False,,,,
2320,0.95,1,False,,,,
2321,0.95,1,False,,,,
2322,0.95,1,False,,,,
2323,0.95,1,False,,,,
2324,0.95,1,False,,,,
2325,0.95,1,False,,,,
2326,0.95,1,False,,,,
2327,0.95,1,False,,,,
2328,0.95,1,False,,,,
2329,0.95,1,False,,,,
2330,0.95,1,False,,,,
2331,0.95,1,False,,,,
2332,0.95,1,False,,,,
2333,0.95,1,False,,,,
2334,0.95,1,False,,,,
2335,0.95,1,False,,,,
2336,0.95,1,False,,,,
2337,0.95,1,False,,,,
2338,0.95,1,False,,,,
2339,0.95,1,False,,,,
2340,0.95,1,False,,,,
2341,0.95,1,False,,,,
2342,0.95,1,False,,,,
2343,0.95,1,False,,,,
2344,0.95,1,False,,,,
2345,0.95,1,False,,,,
2346,0.95,1,False,,,,
2347,0.95,1,False,,,,
2348,0.95,1,False,,,,
2349,0.95,1,False,,,,
2350,0.95,1,False,,,,
2351,0.95,1,False,,,,
2352,0.95,1,False,,,,
2353,0.95,1,False,,,,
2354,0.95,1,False,,,,
2355,0.95,1,False,,,,
2356,0.95,1,False,,,,
2357,0.95,1,False,,,,
2358,0.95,1,False,,,,
2359,0.95,1,False,,,,
2360,0.95,1,False,,,,
2361,0.95,1,False,,,,
2362,0.95,1,False,,,,
2363,0.95,1,False,,,,
2364,0.95,1,False,,,,
2365,0.95,1,False,,,,
2366,0.95,1,False,,,,
2367,0.95,1,False,,,,
2368,0.95,1,False,,,,
2369,0.95,1,False,,,,
2370,0.95,1,False,,,,
2371,0.95,1,False,,,,
2372,0.95,1,False,,,,
2373,0.95,1,False,,,,
2374,0.95,1,False,,,,
2375,0.95,1,False,,,,
2376,0.95,1,False,,,,
2377,0.95,1,False,,,,
2378,0.95,1,False,,,,
2379,0.95,1,False,,,,
2380,0.95,1,False,,,,
2381,0.95,1,False,,,,
2382,0.95,1,False,,,,
2383,0.95,1,False,,,,
2384,0.95,1,False,,,,
2385,0.95,1,False,,,,
2386,0.95,1,False,,,,
2387,0.95,1,False,,,,
2388,0.95,1,False,,,,
2389,0.95,1,False,,,,
2390,0.95,1,False,,,,
2391,0.95,1,False,,,,
2392,0.95,1,False,,,,
2393,0.95,1,False,,,,
2394,0.95,1,False,,,,
2395,0.95,1,False,,,,
2396,0.95,1,False,,,,
2397,0.95,1,False,,,,
2398,0.95,1,False,,,,
2399,0.95,1,False,,,,
2400,0.95,1,False,,,,
2401,0.95,1,False,,,,
2402,0.95,1,False,,,,
2403,0.95,1,False,,,,
2404,0.95,1,False,,,,
2405,0.95,1,False,,,,
2406,0.95,1,False,,,,
2407,0.95,1,False,,,,
2408,0.95,1,False,,,,
2409,0.95,1,False,,,,
2410,0.95,1,False,,,,
2411,0.95,1,False,,,,
2412,0.95,1,False,,,,
2413,0.95,1,False,,,,
2414,0.95,1,False,,,,
2415,0.95,1,False,,,,
2416,0.95,1,False,,,,
2417,0.95,1,False,,,,
2418,0.95,1,False,,,,
2419,0.95,1,False,,,,
2420,0.95,1,False,,,,
2421,0.95,1,False,,,,
2422,0.95,1,False,,,,
2423,0.95,1,False,,,,
2424,0.95,1,False,,,,
2425,0.95,1,False,,,,
2426,0.95,1,False,,,,
2427,0.95,1,False,,,,
2428,0.95,1,False,,,,
2429,0.95,1,False,,,,
2430,0.95,1,False,,,,
2431,0.95,1,False,,,,
2432,0.95,1,False,,,,
2433,0.95,1,False,,,,
2434,0.95,1,False,,,,
2435,0.95,1,False,,,,
2436,0.95,1,False,,,,
2437,0.95,1,False,,,,
2438,0.95,1,False,,,,
2439,0.95,1,False,,,,
2440,0.95,1,False,,,,
2441,0.95,1,False,,,,
2442,0.95,1,False,,,,
2443,0.95,1,False,,,,
2444,0.95,1,False,,,,
2445,0.95,1,False,,,,
2446,0.95,1,False,,,,
2447,0.95,1,False,,,,
2448,0.95,1,False,,,,
2449,0.95,1,False,,,,
2450,0.95,1,False,,,,
2451,0.95,1,False,,,,
2452,0.95,1,False,,,,
2453,0.95,1,False,,,,
2454,0.95,1,False,,,,
2455,0.95,1,False,,,,
2456,0.95,1,False,,,,
2457,0.95,1,False,,,,
2458,0.95,1,False,,,,
2459,0.95,1,False,,,,
2460,0.95,1,False,,,,
2461,0.95,1,False,,,,
2462,0.95,1,False,,,,
2463,0.95,1,False,,,,
2464,0.95,1,False,,,,
2465,0.95,1,False,,,,
2466,0.95,1,False,,,,
2467,0.95,1,False,,,,
2468,0.95,1,False,,,,
2469,0.95,1,False,,,,
2470,0.95,1,False,,,,
2471,0.95,1,False,,,,
2472,0.95,1,False,,,,
2473,0.95,1,False,,,,
2474,0.95,1,False,,,,
2475,0.95,1,False,,,,
2476,0.95,1,False,,,,
2477,0.95,1,False,,,,
2478,0.95,1,False,,,,
2479,0.95,1,False,,,,
2480,0.95,1,False,,,,
2481,0.95,1,False,,,,
2482,0.95,1,False,,,,
2483,0.95,1,False,,,,
2484,0.95,1,False,,,,
2485,0.95,1,False,,,,
2486,0.95,1,False,,,,
2487,0.95,1,False,,,,
2488,0.95,1,False,,,,
2489,0.95,1,False,,,,
2490,0.95,1,False,,,,
2491,0.95,1,False,,,,
2492,0.95,1,False,,,,
2493,0.95,1,False,,,,
2494,0.95,1,False,,,,
2495,0.95,1,False,,,,
2496,0.95,1,False,,,,
2497,0.95,1,False,,,,
