col_index,gap_frac,nongap_n,keep,cons_similarity,cons_identity,cons_entropy22,cons_entropy_nogap
1,0.9444444444444444,1.0,False,,,,
2,0.9444444444444444,1.0,False,,,,
3,0.9444444444444444,1.0,False,,,,
4,0.9444444444444444,1.0,False,,,,
5,0.9444444444444444,1.0,False,,,,
6,0.9444444444444444,1.0,False,,,,
7,0.9444444444444444,1.0,False,,,,
8,0.9444444444444444,1.0,False,,,,
9,0.9444444444444444,1.0,False,,,,
10,0.9444444444444444,1.0,False,,,,
11,0.9444444444444444,1.0,False,,,,
12,0.9444444444444444,1.0,False,,,,
13,0.9444444444444444,1.0,False,,,,
14,0.9444444444444444,1.0,False,,,,
15,0.9444444444444444,1.0,False,,,,
16,0.9444444444444444,1.0,False,,,,
17,0.9444444444444444,1.0,False,,,,
18,0.9444444444444444,1.0,False,,,,
19,0.9444444444444444,1.0,False,,,,
20,0.9444444444444444,1.0,False,,,,
21,0.9444444444444444,1.0,False,,,,
22,0.9444444444444444,1.0,False,,,,
23,0.9444444444444444,1.0,False,,,,
24,0.9444444444444444,1.0,False,,,,
25,0.9444444444444444,1.0,False,,,,
26,0.9444444444444444,1.0,False,,,,
27,0.9444444444444444,1.0,False,,,,
28,0.9444444444444444,1.0,False,,,,
29,0.9444444444444444,1.0,False,,,,
30,0.8888888888888888,2.0,False,,,,
31,0.8888888888888888,2.0,False,,,,
32,0.8888888888888888,2.0,False,,,,
33,0.8888888888888888,2.0,False,,,,
34,0.8888888888888888,2.0,False,,,,
35,0.8333333333333334,3.0,False,,,,
36,0.7777777777777778,4.0,False,,,,
37,0.7777777777777778,4.0,False,,,,
38,0.7777777777777778,4.0,False,,,,
39,0.7777777777777778,4.0,False,,,,
40,0.7777777777777778,4.0,False,,,,
41,0.7777777777777778,4.0,False,,,,
42,0.7777777777777778,4.0,False,,,,
43,0.7222222222222222,5.0,True,0.24000000000000002,0.2,0.42073232993154186,1.0
44,0.7222222222222222,5.0,True,0.21333333333333335,0.4,0.4029642446945728,0.9609640474436811
45,0.7222222222222222,5.0,True,0.21333333333333335,0.4,0.4029642446945728,0.9609640474436811
46,0.7222222222222222,5.0,True,0.18666666666666665,0.2,0.42073232993154186,1.0
47,0.8333333333333334,3.0,False,,,,
48,0.8333333333333334,3.0,False,,,,
49,0.8333333333333334,3.0,False,,,,
50,0.7777777777777778,4.0,False,,,,
51,0.7777777777777778,4.0,False,,,,
52,0.7777777777777778,4.0,False,,,,
53,0.7222222222222222,5.0,True,0.12666666666666665,0.2,0.42073232993154186,1.0
54,0.7222222222222222,5.0,True,0.5466666666666666,0.8,0.33566834541287394,0.7219280948873623
55,0.7222222222222222,5.0,True,0.18000000000000002,0.2,0.42073232993154186,1.0
56,0.7222222222222222,5.0,True,0.19333333333333333,0.2,0.42073232993154186,1.0
57,0.8333333333333334,3.0,False,,,,
58,0.8333333333333334,3.0,False,,,,
59,0.8333333333333334,3.0,False,,,,
60,0.8333333333333334,3.0,False,,,,
61,0.8333333333333334,3.0,False,,,,
62,0.8333333333333334,3.0,False,,,,
63,0.8333333333333334,3.0,False,,,,
64,0.8333333333333334,3.0,False,,,,
65,0.8333333333333334,3.0,False,,,,
66,0.8333333333333334,3.0,False,,,,
67,0.8888888888888888,2.0,False,,,,
68,0.8888888888888888,2.0,False,,,,
69,0.8888888888888888,2.0,False,,,,
70,0.9444444444444444,1.0,False,,,,
71,0.9444444444444444,1.0,False,,,,
72,0.9444444444444444,1.0,False,,,,
73,0.9444444444444444,1.0,False,,,,
74,0.9444444444444444,1.0,False,,,,
75,0.9444444444444444,1.0,False,,,,
76,0.9444444444444444,1.0,False,,,,
77,0.8333333333333334,3.0,False,,,,
78,0.8333333333333334,3.0,False,,,,
79,0.8333333333333334,3.0,False,,,,
80,0.8333333333333334,3.0,False,,,,
81,0.8333333333333334,3.0,False,,,,
82,0.8333333333333334,3.0,False,,,,
83,0.8333333333333334,3.0,False,,,,
84,0.8333333333333334,3.0,False,,,,
85,0.8333333333333334,3.0,False,,,,
86,0.8333333333333334,3.0,False,,,,
87,0.8333333333333334,3.0,False,,,,
88,0.8333333333333334,3.0,False,,,,
89,0.8333333333333334,3.0,False,,,,
90,0.8333333333333334,3.0,False,,,,
91,0.9444444444444444,1.0,False,,,,
92,0.9444444444444444,1.0,False,,,,
93,0.9444444444444444,1.0,False,,,,
94,0.9444444444444444,1.0,False,,,,
95,0.9444444444444444,1.0,False,,,,
96,0.9444444444444444,1.0,False,,,,
97,0.9444444444444444,1.0,False,,,,
98,0.9444444444444444,1.0,False,,,,
99,0.9444444444444444,1.0,False,,,,
100,0.9444444444444444,1.0,False,,,,
101,0.8333333333333334,3.0,False,,,,
102,0.8333333333333334,3.0,False,,,,
103,0.8888888888888888,2.0,False,,,,
104,0.8888888888888888,2.0,False,,,,
105,0.8888888888888888,2.0,False,,,,
106,0.8888888888888888,2.0,False,,,,
107,0.8888888888888888,2.0,False,,,,
108,0.8888888888888888,2.0,False,,,,
109,0.8888888888888888,2.0,False,,,,
110,0.8888888888888888,2.0,False,,,,
111,0.8888888888888888,2.0,False,,,,
112,0.8888888888888888,2.0,False,,,,
113,0.8888888888888888,2.0,False,,,,
114,0.8888888888888888,2.0,False,,,,
115,0.8888888888888888,2.0,False,,,,
116,0.8888888888888888,2.0,False,,,,
117,0.8888888888888888,2.0,False,,,,
118,0.8333333333333334,3.0,False,,,,
119,0.8333333333333334,3.0,False,,,,
120,0.8333333333333334,3.0,False,,,,
121,0.8333333333333334,3.0,False,,,,
122,0.8333333333333334,3.0,False,,,,
123,0.8333333333333334,3.0,False,,,,
124,0.8333333333333334,3.0,False,,,,
125,0.8333333333333334,3.0,False,,,,
126,0.8333333333333334,3.0,False,,,,
127,0.8333333333333334,3.0,False,,,,
128,0.8333333333333334,3.0,False,,,,
129,0.8333333333333334,3.0,False,,,,
130,0.8333333333333334,3.0,False,,,,
131,0.8333333333333334,3.0,False,,,,
132,0.8333333333333334,3.0,False,,,,
133,0.8333333333333334,3.0,False,,,,
134,0.8333333333333334,3.0,False,,,,
135,0.8888888888888888,2.0,False,,,,
136,0.9444444444444444,1.0,False,,,,
137,0.9444444444444444,1.0,False,,,,
138,0.8333333333333334,3.0,False,,,,
139,0.8333333333333334,3.0,False,,,,
140,0.8333333333333334,3.0,False,,,,
141,0.8333333333333334,3.0,False,,,,
142,0.8333333333333334,3.0,False,,,,
143,0.7777777777777778,4.0,False,,,,
144,0.7777777777777778,4.0,False,,,,
145,0.7777777777777778,4.0,False,,,,
146,0.7777777777777778,4.0,False,,,,
147,0.7777777777777778,4.0,False,,,,
148,0.7777777777777778,4.0,False,,,,
149,0.7222222222222222,5.0,True,0.33999999999999997,0.6,0.3833876058898902,0.8649735207179273
150,0.7222222222222222,5.0,True,0.32,0.4,0.3624185086075715,0.9602297178607612
151,0.7222222222222222,5.0,True,0.2733333333333333,0.4,0.3624185086075715,0.9602297178607612
152,0.7222222222222222,5.0,True,0.2733333333333333,0.4,0.3624185086075715,0.9602297178607612
153,0.7222222222222222,5.0,True,0.36666666666666664,0.6,0.2920250942223881,0.9709505944546686
154,0.6666666666666666,6.0,True,0.23111111111111113,0.5,0.34718495912414826,0.896240625180289
155,0.6666666666666666,6.0,True,0.2622222222222222,0.5,0.29766076346821446,0.920619835714305
156,0.6666666666666666,6.0,True,0.2533333333333333,0.3333333333333333,0.35440499063918507,0.9697238998682473
157,0.6666666666666666,6.0,True,0.20888888888888887,0.3333333333333333,0.3291231618372379,0.9591479170272448
158,0.6111111111111112,7.0,True,0.1841269841269841,0.14285714285714285,0.31472403294534546,1.0
159,0.6666666666666666,6.0,True,0.2533333333333333,0.3333333333333333,0.35440499063918496,0.9697238998682473
160,0.6666666666666666,6.0,True,0.18222222222222223,0.3333333333333333,0.35440499063918496,0.9697238998682473
161,0.6666666666666666,6.0,True,0.39555555555555555,0.5,0.29766076346821446,0.9206198357143051
162,0.6666666666666666,6.0,True,0.36444444444444446,0.6666666666666666,0.3322472217414514,0.7896900821428475
163,0.7222222222222222,5.0,True,0.26,0.4,0.3624185086075715,0.9602297178607612
164,0.6666666666666666,6.0,True,0.21777777777777776,0.3333333333333333,0.35440499063918507,0.9697238998682475
165,0.6666666666666666,6.0,True,0.28,0.5,0.29766076346821446,0.9206198357143051
166,0.6111111111111112,7.0,True,0.2571428571428572,0.2857142857142857,0.30727790249353115,0.9755037590061086
167,0.6666666666666666,6.0,True,0.24444444444444444,0.3333333333333333,0.35440499063918496,0.9697238998682473
168,0.6666666666666666,6.0,True,0.23111111111111113,0.3333333333333333,0.35440499063918496,0.9697238998682473
169,0.6666666666666666,6.0,True,0.3377777777777778,0.5,0.29766076346821446,0.920619835714305
170,0.6666666666666666,6.0,True,0.2755555555555556,0.3333333333333333,0.3291231618372379,0.9591479170272448
171,0.8333333333333334,3.0,False,,,,
172,0.8333333333333334,3.0,False,,,,
173,0.6666666666666666,6.0,True,0.2711111111111111,0.3333333333333333,0.35440499063918507,0.9697238998682473
174,0.6666666666666666,6.0,True,0.19555555555555557,0.3333333333333333,0.35440499063918496,0.9697238998682473
175,0.6111111111111112,7.0,True,0.3333333333333333,0.5714285714285714,0.306014919123631,0.8322488896002307
176,0.6111111111111112,7.0,True,0.2920634920634921,0.2857142857142857,0.2906644957401896,0.9629610647945144
177,0.8333333333333334,3.0,False,,,,
178,0.8333333333333334,3.0,False,,,,
179,0.8333333333333334,3.0,False,,,,
180,0.8333333333333334,3.0,False,,,,
181,0.8333333333333334,3.0,False,,,,
182,0.8333333333333334,3.0,False,,,,
183,0.8888888888888888,2.0,False,,,,
184,0.8888888888888888,2.0,False,,,,
185,0.8888888888888888,2.0,False,,,,
186,0.8888888888888888,2.0,False,,,,
187,0.8888888888888888,2.0,False,,,,
188,0.8888888888888888,2.0,False,,,,
189,0.8888888888888888,2.0,False,,,,
190,0.8888888888888888,2.0,False,,,,
191,0.8888888888888888,2.0,False,,,,
192,0.8888888888888888,2.0,False,,,,
193,0.8888888888888888,2.0,False,,,,
194,0.8888888888888888,2.0,False,,,,
195,0.8333333333333334,3.0,False,,,,
196,0.8333333333333334,3.0,False,,,,
197,0.8333333333333334,3.0,False,,,,
198,0.8333333333333334,3.0,False,,,,
199,0.8888888888888888,2.0,False,,,,
200,0.8888888888888888,2.0,False,,,,
201,0.8888888888888888,2.0,False,,,,
202,0.8888888888888888,2.0,False,,,,
203,0.8888888888888888,2.0,False,,,,
204,0.8888888888888888,2.0,False,,,,
205,0.8888888888888888,2.0,False,,,,
206,0.8888888888888888,2.0,False,,,,
207,0.9444444444444444,1.0,False,,,,
208,0.9444444444444444,1.0,False,,,,
209,0.9444444444444444,1.0,False,,,,
210,0.9444444444444444,1.0,False,,,,
211,0.9444444444444444,1.0,False,,,,
212,0.9444444444444444,1.0,False,,,,
213,0.9444444444444444,1.0,False,,,,
214,0.9444444444444444,1.0,False,,,,
215,0.6111111111111112,7.0,True,0.2761904761904762,0.42857142857142855,0.3068884040378679,0.9165164431996026
216,0.6111111111111112,7.0,True,0.346031746031746,0.5714285714285714,0.306014919123631,0.8322488896002307
217,0.6111111111111112,7.0,True,0.2380952380952381,0.2857142857142857,0.2906644957401896,0.9629610647945144
218,0.6111111111111112,7.0,True,0.2,0.2857142857142857,0.30727790249353115,0.9755037590061086
219,0.6111111111111112,7.0,True,0.2285714285714286,0.2857142857142857,0.30727790249353115,0.9755037590061085
220,0.6666666666666666,6.0,True,0.22222222222222224,0.3333333333333333,0.3291231618372379,0.9591479170272448
221,0.6111111111111112,7.0,True,0.30158730158730157,0.2857142857142857,0.2906644957401896,0.9629610647945144
222,0.6111111111111112,7.0,True,0.273015873015873,0.2857142857142857,0.30727790249353115,0.9755037590061086
223,0.7222222222222222,5.0,True,0.33999999999999997,0.4,0.4029642446945728,0.9609640474436811
224,0.7222222222222222,5.0,True,0.49333333333333335,0.8,0.33566834541287394,0.7219280948873623
225,0.8333333333333334,3.0,False,,,,
226,0.8888888888888888,2.0,False,,,,
227,0.9444444444444444,1.0,False,,,,
228,0.9444444444444444,1.0,False,,,,
229,0.9444444444444444,1.0,False,,,,
230,0.8888888888888888,2.0,False,,,,
231,0.8333333333333334,3.0,False,,,,
232,0.7222222222222222,5.0,True,0.22666666666666666,0.4,0.4029642446945728,0.9609640474436811
233,0.7222222222222222,5.0,True,0.21333333333333335,0.4,0.4029642446945728,0.9609640474436811
234,0.6111111111111112,7.0,True,0.26666666666666666,0.2857142857142857,0.2581619682265873,0.9751060324573735
235,0.6111111111111112,7.0,True,0.2,0.2857142857142857,0.30727790249353115,0.9755037590061086
236,0.6111111111111112,7.0,True,0.26031746031746034,0.42857142857142855,0.3068884040378679,0.9165164431996023
237,0.6111111111111112,7.0,True,0.24444444444444444,0.2857142857142857,0.2906644957401896,0.9629610647945144
238,0.6111111111111112,7.0,True,0.2285714285714286,0.42857142857142855,0.3068884040378679,0.9165164431996023
239,0.6111111111111112,7.0,True,0.2380952380952381,0.2857142857142857,0.2581619682265873,0.9751060324573733
240,0.6111111111111112,7.0,True,0.32380952380952377,0.42857142857142855,0.2152773689225589,0.9821410328348752
241,0.6111111111111112,7.0,True,0.21904761904761905,0.42857142857142855,0.2762237655134976,0.9211854965885542
242,0.6666666666666666,6.0,True,0.23111111111111113,0.3333333333333333,0.3291231618372379,0.9591479170272447
243,0.6666666666666666,6.0,True,0.2755555555555556,0.3333333333333333,0.3291231618372379,0.9591479170272447
244,0.6666666666666666,6.0,True,0.5644444444444444,0.6666666666666666,0.22749311428573982,0.9182958340544896
245,0.6666666666666666,6.0,True,0.5333333333333333,0.8333333333333334,0.28391367361213216,0.6500224216483541
246,0.6666666666666666,6.0,True,0.38666666666666666,0.6666666666666666,0.3322472217414514,0.7896900821428475
247,0.6666666666666666,6.0,True,0.24444444444444444,0.3333333333333333,0.3291231618372379,0.9591479170272448
248,0.6666666666666666,6.0,True,0.21333333333333335,0.3333333333333333,0.3291231618372379,0.9591479170272447
249,0.6666666666666666,6.0,True,0.2977777777777778,0.3333333333333333,0.3291231618372379,0.9591479170272447
250,0.6666666666666666,6.0,True,0.22222222222222224,0.16666666666666666,0.36596901696456796,1.0
251,0.6666666666666666,6.0,True,0.29333333333333333,0.5,0.34718495912414815,0.8962406251802889
252,0.6111111111111112,7.0,True,0.2,0.2857142857142857,0.30727790249353115,0.9755037590061085
253,0.6111111111111112,7.0,True,0.18095238095238095,0.2857142857142857,0.30727790249353115,0.9755037590061086
254,0.6111111111111112,7.0,True,0.2507936507936508,0.2857142857142857,0.2581619682265873,0.9751060324573733
255,0.9444444444444444,1.0,False,,,,
256,0.8333333333333334,3.0,False,,,,
257,0.8888888888888888,2.0,False,,,,
258,0.8888888888888888,2.0,False,,,,
259,0.8888888888888888,2.0,False,,,,
260,0.8333333333333334,3.0,False,,,,
261,0.8333333333333334,3.0,False,,,,
262,0.8333333333333334,3.0,False,,,,
263,0.8333333333333334,3.0,False,,,,
264,0.8333333333333334,3.0,False,,,,
265,0.6111111111111112,7.0,True,0.1746031746031746,0.14285714285714285,0.31472403294534546,1.0
266,0.6111111111111112,7.0,True,0.2380952380952381,0.2857142857142857,0.2906644957401896,0.9629610647945144
267,0.6111111111111112,7.0,True,0.18095238095238095,0.2857142857142857,0.30727790249353115,0.9755037590061085
268,0.6111111111111112,7.0,True,0.32380952380952377,0.42857142857142855,0.23624646620487744,0.9141008920185653
269,0.7777777777777778,4.0,False,,,,
270,0.7777777777777778,4.0,False,,,,
271,0.7777777777777778,4.0,False,,,,
272,0.6111111111111112,7.0,True,0.17777777777777778,0.14285714285714285,0.31472403294534546,1.0
273,0.6666666666666666,6.0,True,0.5333333333333333,0.8333333333333334,0.28391367361213216,0.6500224216483541
274,0.6666666666666666,6.0,True,0.28,0.5,0.34718495912414815,0.8962406251802889
275,0.7777777777777778,4.0,False,,,,
276,0.7777777777777778,4.0,False,,,,
277,0.7777777777777778,4.0,False,,,,
278,0.7777777777777778,4.0,False,,,,
279,0.7777777777777778,4.0,False,,,,
280,0.7777777777777778,4.0,False,,,,
281,0.7777777777777778,4.0,False,,,,
282,0.8333333333333334,3.0,False,,,,
283,0.8888888888888888,2.0,False,,,,
284,0.7777777777777778,4.0,False,,,,
285,0.7777777777777778,4.0,False,,,,
286,0.7777777777777778,4.0,False,,,,
287,0.7777777777777778,4.0,False,,,,
288,0.7777777777777778,4.0,False,,,,
289,0.7777777777777778,4.0,False,,,,
290,0.9444444444444444,1.0,False,,,,
291,0.9444444444444444,1.0,False,,,,
292,0.9444444444444444,1.0,False,,,,
293,0.9444444444444444,1.0,False,,,,
294,0.9444444444444444,1.0,False,,,,
295,0.9444444444444444,1.0,False,,,,
296,0.9444444444444444,1.0,False,,,,
297,0.9444444444444444,1.0,False,,,,
298,0.9444444444444444,1.0,False,,,,
299,0.9444444444444444,1.0,False,,,,
300,0.9444444444444444,1.0,False,,,,
301,0.9444444444444444,1.0,False,,,,
302,0.9444444444444444,1.0,False,,,,
303,0.9444444444444444,1.0,False,,,,
304,0.9444444444444444,1.0,False,,,,
305,0.9444444444444444,1.0,False,,,,
306,0.9444444444444444,1.0,False,,,,
307,0.9444444444444444,1.0,False,,,,
308,0.9444444444444444,1.0,False,,,,
309,0.9444444444444444,1.0,False,,,,
310,0.9444444444444444,1.0,False,,,,
311,0.9444444444444444,1.0,False,,,,
312,0.9444444444444444,1.0,False,,,,
313,0.9444444444444444,1.0,False,,,,
314,0.9444444444444444,1.0,False,,,,
315,0.9444444444444444,1.0,False,,,,
316,0.9444444444444444,1.0,False,,,,
317,0.9444444444444444,1.0,False,,,,
318,0.9444444444444444,1.0,False,,,,
319,0.9444444444444444,1.0,False,,,,
320,0.9444444444444444,1.0,False,,,,
321,0.9444444444444444,1.0,False,,,,
322,0.9444444444444444,1.0,False,,,,
323,0.9444444444444444,1.0,False,,,,
324,0.9444444444444444,1.0,False,,,,
325,0.9444444444444444,1.0,False,,,,
326,0.9444444444444444,1.0,False,,,,
327,0.9444444444444444,1.0,False,,,,
328,0.9444444444444444,1.0,False,,,,
329,0.9444444444444444,1.0,False,,,,
330,0.9444444444444444,1.0,False,,,,
331,0.9444444444444444,1.0,False,,,,
332,0.9444444444444444,1.0,False,,,,
333,0.9444444444444444,1.0,False,,,,
334,0.9444444444444444,1.0,False,,,,
335,0.7222222222222222,5.0,True,0.2533333333333333,0.4,0.4029642446945728,0.9609640474436811
336,0.7222222222222222,5.0,True,0.39333333333333337,0.6,0.2920250942223881,0.9709505944546686
337,0.6666666666666666,6.0,True,0.22222222222222224,0.3333333333333333,0.35440499063918496,0.9697238998682473
338,0.8888888888888888,2.0,False,,,,
339,0.9444444444444444,1.0,False,,,,
340,0.9444444444444444,1.0,False,,,,
341,0.9444444444444444,1.0,False,,,,
342,0.9444444444444444,1.0,False,,,,
343,0.9444444444444444,1.0,False,,,,
344,0.9444444444444444,1.0,False,,,,
345,0.9444444444444444,1.0,False,,,,
346,0.9444444444444444,1.0,False,,,,
347,0.9444444444444444,1.0,False,,,,
348,0.8888888888888888,2.0,False,,,,
349,0.8888888888888888,2.0,False,,,,
350,0.8888888888888888,2.0,False,,,,
351,0.8888888888888888,2.0,False,,,,
352,0.7222222222222222,5.0,True,0.24666666666666667,0.2,0.42073232993154186,1.0
353,0.7222222222222222,5.0,True,0.17333333333333334,0.4,0.4029642446945727,0.9609640474436811
354,0.6666666666666666,6.0,True,0.23111111111111113,0.3333333333333333,0.35440499063918507,0.9697238998682475
355,0.6666666666666666,6.0,True,0.2533333333333333,0.5,0.34718495912414815,0.8962406251802889
356,0.6666666666666666,6.0,True,0.24888888888888888,0.3333333333333333,0.35440499063918496,0.9697238998682473
357,0.6666666666666666,6.0,True,0.36000000000000004,0.5,0.29766076346821446,0.9206198357143051
358,0.6666666666666666,6.0,True,0.22666666666666666,0.3333333333333333,0.35440499063918496,0.9697238998682473
359,0.6666666666666666,6.0,True,0.2711111111111111,0.3333333333333333,0.35440499063918507,0.9697238998682475
360,0.6666666666666666,6.0,True,0.22666666666666666,0.3333333333333333,0.35440499063918507,0.9697238998682473
361,0.6666666666666666,6.0,True,0.39555555555555555,0.6666666666666666,0.3322472217414514,0.7896900821428475
362,0.6666666666666666,6.0,True,0.17333333333333334,0.16666666666666666,0.36596901696456796,1.0
363,0.6666666666666666,6.0,True,0.19555555555555557,0.16666666666666666,0.36596901696456796,1.0
364,0.6111111111111112,7.0,True,0.24761904761904763,0.2857142857142857,0.2906644957401896,0.9629610647945144
365,0.6111111111111112,7.0,True,0.2571428571428572,0.2857142857142857,0.30727790249353115,0.9755037590061086
366,0.6666666666666666,6.0,True,0.23555555555555555,0.3333333333333333,0.3291231618372379,0.9591479170272448
367,0.6111111111111112,7.0,True,0.39047619047619053,0.7142857142857143,0.29457606259681834,0.72483409150576
368,0.6111111111111112,7.0,True,0.21904761904761905,0.2857142857142857,0.2906644957401896,0.9629610647945144
369,0.6111111111111112,7.0,True,0.29523809523809524,0.2857142857142857,0.2906644957401896,0.9629610647945144
370,0.5555555555555556,8.0,True,0.2285714285714286,0.25,0.2297466368340937,0.9690222556651344
371,0.5555555555555556,8.0,True,0.2619047619047619,0.375,0.24597054513177197,0.9283832117695864
372,0.7777777777777778,4.0,False,,,,
373,0.7222222222222222,5.0,True,0.33999999999999997,0.6,0.3833876058898902,0.8649735207179273
374,0.5,9.0,True,0.22222222222222224,0.2222222222222222,0.2195867761904634,0.9825675930733633
375,0.8333333333333334,3.0,False,,,,
376,0.8333333333333334,3.0,False,,,,
377,0.8333333333333334,3.0,False,,,,
378,0.5,9.0,True,0.18703703703703703,0.2222222222222222,0.21241990716702208,0.9708357627258161
379,0.5555555555555556,8.0,True,0.2547619047619048,0.25,0.26223390597985186,0.979569764547061
380,0.5555555555555556,8.0,True,0.20476190476190476,0.25,0.25118582106156706,0.967132018086354
381,0.5555555555555556,8.0,True,0.3119047619047619,0.375,0.24597054513177197,0.9283832117695864
382,0.5555555555555556,8.0,True,0.19761904761904764,0.125,0.2667304771835447,1.0
383,0.5555555555555556,8.0,True,0.28095238095238095,0.375,0.2661245073798253,0.9306282244165778
384,0.6111111111111112,7.0,True,0.3936507936507937,0.7142857142857143,0.29457606259681834,0.72483409150576
385,0.5555555555555556,8.0,True,0.21190476190476193,0.375,0.2661245073798253,0.9306282244165778
386,0.5555555555555556,8.0,True,0.19761904761904764,0.25,0.26223390597985186,0.979569764547061
387,0.6666666666666666,6.0,True,0.16,0.16666666666666666,0.36596901696456796,1.0
388,0.6666666666666666,6.0,True,0.2711111111111111,0.5,0.34718495912414815,0.8962406251802889
389,0.7777777777777778,4.0,False,,,,
390,0.8888888888888888,2.0,False,,,,
391,0.7777777777777778,4.0,False,,,,
392,0.8333333333333334,3.0,False,,,,
393,0.6111111111111112,7.0,True,0.21269841269841272,0.2857142857142857,0.30727790249353115,0.9755037590061085
394,0.6111111111111112,7.0,True,0.24444444444444444,0.2857142857142857,0.2906644957401896,0.9629610647945144
395,0.6111111111111112,7.0,True,0.20317460317460317,0.2857142857142857,0.2906644957401896,0.9629610647945144
396,0.6111111111111112,7.0,True,0.17777777777777778,0.2857142857142857,0.2906644957401896,0.9629610647945144
397,0.6111111111111112,7.0,True,0.20634920634920637,0.2857142857142857,0.30727790249353115,0.9755037590061086
398,0.6111111111111112,7.0,True,0.20317460317460317,0.2857142857142857,0.30727790249353115,0.9755037590061086
399,0.6111111111111112,7.0,True,0.15238095238095237,0.14285714285714285,0.31472403294534546,1.0
400,0.6111111111111112,7.0,True,0.2253968253968254,0.42857142857142855,0.2762237655134976,0.9211854965885542
401,0.6111111111111112,7.0,True,0.24761904761904763,0.5714285714285714,0.306014919123631,0.8322488896002307
402,0.6111111111111112,7.0,True,0.6,1.0,0.03592123519177104,0.0
403,0.9444444444444444,1.0,False,,,,
404,0.9444444444444444,1.0,False,,,,
405,0.9444444444444444,1.0,False,,,,
406,0.9444444444444444,1.0,False,,,,
407,0.9444444444444444,1.0,False,,,,
408,0.9444444444444444,1.0,False,,,,
409,0.9444444444444444,1.0,False,,,,
410,0.9444444444444444,1.0,False,,,,
411,0.9444444444444444,1.0,False,,,,
412,0.9444444444444444,1.0,False,,,,
413,0.9444444444444444,1.0,False,,,,
414,0.9444444444444444,1.0,False,,,,
415,0.9444444444444444,1.0,False,,,,
416,0.9444444444444444,1.0,False,,,,
417,0.9444444444444444,1.0,False,,,,
418,0.9444444444444444,1.0,False,,,,
419,0.9444444444444444,1.0,False,,,,
420,0.9444444444444444,1.0,False,,,,
421,0.9444444444444444,1.0,False,,,,
422,0.9444444444444444,1.0,False,,,,
423,0.9444444444444444,1.0,False,,,,
424,0.9444444444444444,1.0,False,,,,
425,0.9444444444444444,1.0,False,,,,
426,0.9444444444444444,1.0,False,,,,
427,0.9444444444444444,1.0,False,,,,
428,0.9444444444444444,1.0,False,,,,
429,0.9444444444444444,1.0,False,,,,
430,0.9444444444444444,1.0,False,,,,
431,0.9444444444444444,1.0,False,,,,
432,0.9444444444444444,1.0,False,,,,
433,0.6111111111111112,7.0,True,0.5619047619047619,0.8571428571428571,0.2465602601237794,0.5916727785823275
434,0.5555555555555556,8.0,True,0.369047619047619,0.75,0.1472075115099596,0.8112781244591328
435,0.4444444444444444,10.0,True,0.3718518518518518,0.6,0.2359898835472637,0.7627069065377662
436,0.4444444444444444,10.0,True,0.36592592592592593,0.6,0.2359898835472637,0.7627069065377662
437,0.4444444444444444,10.0,True,0.2562962962962963,0.4,0.17678233000130317,0.8813534532688831
438,0.4444444444444444,10.0,True,0.33185185185185184,0.5,0.15183014329102562,0.8804820237218406
439,0.2777777777777778,13.0,True,0.45042735042735044,0.7692307692307693,0.21584087214857817,0.6254181156238111
440,0.2777777777777778,13.0,True,0.358974358974359,0.6153846153846154,0.1951525292688593,0.7323395250202962
441,0.3333333333333333,12.0,True,0.4121212121212121,0.75,0.2578114982937477,0.603759374819711
442,0.3333333333333333,12.0,True,0.37676767676767675,0.75,0.2578114982937477,0.603759374819711
443,0.3888888888888889,11.0,True,0.46060606060606063,0.7272727272727273,0.2485372240444479,0.6388067184095577
444,0.3888888888888889,11.0,True,0.5296969696969697,0.8181818181818182,0.25339331781728935,0.5462947022805018
445,0.3888888888888889,11.0,True,0.5054545454545455,0.8181818181818182,0.25339331781728935,0.5462947022805018
446,0.3888888888888889,11.0,True,0.6,1.0,0.03592123519177104,0.0
447,0.3333333333333333,12.0,True,0.591919191919192,0.8333333333333334,0.2686223868677483,0.5152734452350943
448,0.3333333333333333,12.0,True,0.4272727272727273,0.75,0.19390138864850348,0.6567045482143387
449,0.3333333333333333,12.0,True,0.5040404040404041,0.8333333333333334,0.2686223868677483,0.5152734452350943
450,0.3888888888888889,11.0,True,0.46181818181818185,0.8181818181818182,0.25339331781728935,0.5462947022805018
451,0.3888888888888889,11.0,True,0.4715151515151515,0.8181818181818182,0.25339331781728935,0.5462947022805018
452,0.3888888888888889,11.0,True,0.4315151515151515,0.7272727272727273,0.2485372240444479,0.6388067184095577
453,0.8888888888888888,2.0,False,,,,
454,0.8333333333333334,3.0,False,,,,
455,0.3888888888888889,11.0,True,0.44969696969696976,0.6363636363636364,0.19234552450225473,0.7455574250275929
456,0.3888888888888889,11.0,True,0.36727272727272725,0.6363636363636364,0.23154524362474638,0.7204930400545079
457,0.3888888888888889,11.0,True,0.34060606060606063,0.45454545454545453,0.11370024103574272,0.8949645376549995
458,0.3888888888888889,11.0,True,0.4290909090909091,0.8181818181818182,0.25339331781728935,0.5462947022805018
459,0.3888888888888889,11.0,True,0.4315151515151515,0.7272727272727273,0.2485372240444479,0.6388067184095577
460,0.3888888888888889,11.0,True,0.5696969696969698,0.9090909090909091,0.22227796792986487,0.4394969869215134
461,0.4444444444444444,10.0,True,0.6666666666666666,1.0,0.008923940161777777,0.0
462,0.4444444444444444,10.0,True,0.56,0.9,0.21030991785715247,0.4689955935892812
463,0.4444444444444444,10.0,True,0.46222222222222226,0.8,0.1216528952381466,0.7219280948873623
464,0.4444444444444444,10.0,True,0.46370370370370373,0.7,0.18313428967893353,0.7298466991620975
465,0.3888888888888889,11.0,True,0.4521212121212121,0.8181818181818182,0.25339331781728935,0.5462947022805018
466,0.3888888888888889,11.0,True,0.46060606060606063,0.7272727272727273,0.2485372240444479,0.6388067184095577
467,0.3888888888888889,11.0,True,0.4727272727272727,0.8181818181818182,0.25339331781728935,0.5462947022805018
468,0.3888888888888889,11.0,True,0.43636363636363634,0.7272727272727273,0.2485372240444479,0.6388067184095577
469,0.3888888888888889,11.0,True,0.39636363636363636,0.6363636363636364,0.19234552450225473,0.7455574250275929
470,0.3888888888888889,11.0,True,0.39151515151515154,0.6363636363636364,0.19234552450225484,0.7455574250275927
471,0.3888888888888889,11.0,True,0.3515151515151515,0.7272727272727273,0.2485372240444479,0.6388067184095577
472,0.3888888888888889,11.0,True,0.44,0.8181818181818182,0.25339331781728935,0.5462947022805018
473,0.3888888888888889,11.0,True,0.44969696969696976,0.8181818181818182,0.25339331781728935,0.5462947022805018
474,0.3888888888888889,11.0,True,0.39151515151515154,0.7272727272727273,0.2485372240444479,0.6388067184095577
475,0.3888888888888889,11.0,True,0.6933333333333334,0.8181818181818182,0.25339331781728935,0.5462947022805018
476,0.3888888888888889,11.0,True,0.4206060606060606,0.7272727272727273,0.18313428967893364,0.6913698302025114
477,0.9444444444444444,1.0,False,,,,
478,0.9444444444444444,1.0,False,,,,
479,0.9444444444444444,1.0,False,,,,
480,0.9444444444444444,1.0,False,,,,
481,0.9444444444444444,1.0,False,,,,
482,0.9444444444444444,1.0,False,,,,
483,0.9444444444444444,1.0,False,,,,
484,0.9444444444444444,1.0,False,,,,
485,0.9444444444444444,1.0,False,,,,
486,0.9444444444444444,1.0,False,,,,
487,0.9444444444444444,1.0,False,,,,
488,0.9444444444444444,1.0,False,,,,
489,0.9444444444444444,1.0,False,,,,
490,0.9444444444444444,1.0,False,,,,
491,0.9444444444444444,1.0,False,,,,
492,0.9444444444444444,1.0,False,,,,
493,0.9444444444444444,1.0,False,,,,
494,0.9444444444444444,1.0,False,,,,
495,0.9444444444444444,1.0,False,,,,
496,0.9444444444444444,1.0,False,,,,
497,0.9444444444444444,1.0,False,,,,
498,0.9444444444444444,1.0,False,,,,
499,0.9444444444444444,1.0,False,,,,
500,0.9444444444444444,1.0,False,,,,
501,0.4444444444444444,10.0,True,0.5466666666666666,0.9,0.21030991785715247,0.4689955935892812
502,0.3888888888888889,11.0,True,0.3987878787878788,0.7272727272727273,0.2485372240444479,0.6388067184095577
503,0.2777777777777778,13.0,True,0.3538461538461538,0.6153846153846154,0.2193321818585472,0.717335694993616
504,0.2777777777777778,13.0,True,0.30427350427350425,0.5384615384615384,0.18893472042367454,0.7796616846003024
505,0.2777777777777778,13.0,True,0.3247863247863248,0.6153846153846154,0.1951525292688593,0.7323395250202962
506,0.2777777777777778,13.0,True,0.4153846153846154,0.7692307692307693,0.276709140773188,0.5725552071907913
507,0.2777777777777778,13.0,True,0.32564102564102565,0.6153846153846154,0.1951525292688593,0.7323395250202962
508,0.2777777777777778,13.0,True,0.2829059829059829,0.5384615384615384,0.16090255803053344,0.7851347742968418
509,0.2777777777777778,13.0,True,0.3623931623931624,0.6153846153846154,0.1951525292688593,0.7323395250202962
510,0.2777777777777778,13.0,True,0.39059829059829065,0.6153846153846154,0.16989194057793577,0.7442626474488743
511,0.2777777777777778,13.0,True,0.39743589743589747,0.6153846153846154,0.1951525292688593,0.7323395250202962
512,0.2777777777777778,13.0,True,0.3914529914529915,0.6923076923076923,0.2495123338066464,0.6485456026480259
513,0.2777777777777778,13.0,True,0.5153846153846154,0.7692307692307693,0.21584087214857806,0.6254181156238111
514,0.2777777777777778,13.0,True,0.37179487179487175,0.46153846153846156,0.11487331841704684,0.8560873938623892
515,0.2777777777777778,13.0,True,0.1965811965811966,0.3076923076923077,0.10612471591446648,0.9246934699012206
516,0.2777777777777778,13.0,True,0.4111111111111111,0.6153846153846154,0.1951525292688593,0.7323395250202962
517,0.2777777777777778,13.0,True,0.28034188034188035,0.38461538461538464,0.10781020199848212,0.8850355544046856
518,0.7777777777777778,4.0,False,,,,
519,0.7777777777777778,4.0,False,,,,
520,0.8333333333333334,3.0,False,,,,
521,0.8333333333333334,3.0,False,,,,
522,0.8333333333333334,3.0,False,,,,
523,0.3333333333333333,12.0,True,0.4222222222222223,0.6666666666666666,0.19729366546933025,0.7091479170272448
524,0.3333333333333333,12.0,True,0.48383838383838385,0.6666666666666666,0.1446114577924662,0.75
525,0.9444444444444444,1.0,False,,,,
526,0.7777777777777778,4.0,False,,,,
527,0.3333333333333333,12.0,True,0.2636363636363636,0.3333333333333333,0.09862018625603641,0.9355245321275765
528,0.3333333333333333,12.0,True,0.34747474747474744,0.5,0.13948676439777297,0.8437590816619511
529,0.3333333333333333,12.0,True,0.34545454545454546,0.5,0.15571067269545136,0.8166663857315859
530,0.3333333333333333,12.0,True,0.47474747474747475,0.75,0.2578114982937477,0.603759374819711
531,0.3333333333333333,12.0,True,0.5333333333333333,0.9166666666666666,0.2465602601237794,0.41381685030363374
532,0.7777777777777778,4.0,False,,,,
533,0.3333333333333333,12.0,True,0.4151515151515151,0.5833333333333334,0.07937491485922266,0.8734790278701756
534,0.2777777777777778,13.0,True,0.34358974358974353,0.5384615384615384,0.14467864973285516,0.8101434166941021
535,0.3333333333333333,12.0,True,0.49393939393939396,0.5833333333333334,0.008467600270116837,0.9798687566511528
536,0.3888888888888889,11.0,True,0.4412121212121212,0.6363636363636364,0.13886684402800853,0.7827759528141421
537,0.3888888888888889,11.0,True,0.35030303030303034,0.5454545454545454,0.14110196592713709,0.8429078545765152
538,0.3888888888888889,11.0,True,0.36000000000000004,0.5454545454545454,0.14110196592713709,0.8429078545765152
539,0.7222222222222222,5.0,True,0.3466666666666667,0.6,0.3833876058898902,0.8649735207179273
540,0.3333333333333333,12.0,True,0.4636363636363637,0.5,0.09918167936469624,0.8359889967247166
541,0.3888888888888889,11.0,True,0.22545454545454546,0.2727272727272727,0.13606892464083475,0.948769510358905
542,0.3333333333333333,12.0,True,0.3070707070707071,0.5,0.1680761352378889,0.8223773393621181
543,0.3333333333333333,12.0,True,0.34242424242424246,0.5,0.13771135824906322,0.8129072918469558
544,0.3333333333333333,12.0,True,0.4858585858585859,0.8333333333333334,0.2686223868677483,0.5152734452350943
545,0.3333333333333333,12.0,True,0.5434343434343435,0.8333333333333334,0.2686223868677483,0.5152734452350943
546,0.3333333333333333,12.0,True,0.4101010101010101,0.75,0.2578114982937477,0.603759374819711
547,0.3333333333333333,12.0,True,0.4707070707070707,0.75,0.19390138864850348,0.6567045482143387
548,0.2777777777777778,13.0,True,0.41025641025641024,0.6923076923076923,0.21234797611544298,0.6760150508789764
549,0.2777777777777778,13.0,True,0.441025641025641,0.6923076923076923,0.2495123338066464,0.6485456026480259
550,0.2777777777777778,13.0,True,0.41794871794871796,0.7692307692307693,0.276709140773188,0.5725552071907913
551,0.2777777777777778,13.0,True,0.5085470085470085,0.8461538461538461,0.29457606259681834,0.4878527713892913
552,0.2777777777777778,13.0,True,0.3743589743589743,0.46153846153846156,0.14163305536765092,0.8148381042483582
553,0.3333333333333333,12.0,True,0.3909090909090909,0.5833333333333334,0.18551600401125967,0.7668937437992748
554,0.3333333333333333,12.0,True,0.3909090909090909,0.75,0.2578114982937477,0.603759374819711
555,0.3333333333333333,12.0,True,0.3484848484848485,0.5833333333333334,0.18551600401125967,0.7668937437992748
556,0.8888888888888888,2.0,False,,,,
557,0.8888888888888888,2.0,False,,,,
558,0.8888888888888888,2.0,False,,,,
559,0.8888888888888888,2.0,False,,,,
560,0.8888888888888888,2.0,False,,,,
561,0.8888888888888888,2.0,False,,,,
562,0.8888888888888888,2.0,False,,,,
563,0.8888888888888888,2.0,False,,,,
564,0.8888888888888888,2.0,False,,,,
565,0.8888888888888888,2.0,False,,,,
566,0.8888888888888888,2.0,False,,,,
567,0.9444444444444444,1.0,False,,,,
568,0.9444444444444444,1.0,False,,,,
569,0.9444444444444444,1.0,False,,,,
570,0.9444444444444444,1.0,False,,,,
571,0.9444444444444444,1.0,False,,,,
572,0.8888888888888888,2.0,False,,,,
573,0.8888888888888888,2.0,False,,,,
574,0.8888888888888888,2.0,False,,,,
575,0.3333333333333333,12.0,True,0.6444444444444445,0.9166666666666666,0.2465602601237794,0.41381685030363374
576,0.3888888888888889,11.0,True,0.40848484848484845,0.8181818181818182,0.25339331781728935,0.5462947022805018
577,0.3888888888888889,11.0,True,0.4254545454545455,0.7272727272727273,0.18313428967893364,0.6913698302025114
578,0.8888888888888888,2.0,False,,,,
579,0.8888888888888888,2.0,False,,,,
580,0.8333333333333334,3.0,False,,,,
581,0.8333333333333334,3.0,False,,,,
582,0.8333333333333334,3.0,False,,,,
583,0.3333333333333333,12.0,True,0.3606060606060606,0.75,0.2578114982937477,0.603759374819711
584,0.2777777777777778,13.0,True,0.405982905982906,0.6153846153846154,0.1951525292688593,0.7323395250202962
585,0.2777777777777778,13.0,True,0.3504273504273504,0.5384615384615384,0.14467864973285516,0.810143416694102
586,0.2777777777777778,13.0,True,0.3726495726495726,0.5384615384615384,0.16090255803053344,0.7851347742968418
587,0.2777777777777778,13.0,True,0.3034188034188034,0.5384615384615384,0.18893472042367432,0.7796616846003024
588,0.2777777777777778,13.0,True,0.39230769230769236,0.6153846153846154,0.1951525292688593,0.7323395250202962
589,0.2777777777777778,13.0,True,0.2829059829059829,0.38461538461538464,0.13245009202555968,0.8479836109346184
590,0.2777777777777778,13.0,True,0.3948717948717949,0.6153846153846154,0.16989194057793566,0.7442626474488743
591,0.2777777777777778,13.0,True,0.29572649572649573,0.3076923076923077,0.09089524911372071,0.9104712149289942
592,0.2777777777777778,13.0,True,0.2777777777777778,0.46153846153846156,0.15982529335367057,0.8357933674745452
593,0.3333333333333333,12.0,True,0.26565656565656565,0.3333333333333333,0.1381987626013722,0.8710490642551529
594,0.3333333333333333,12.0,True,0.2313131313131313,0.25,0.11038703671652328,0.9353340267248305
595,0.3333333333333333,12.0,True,0.23535353535353534,0.3333333333333333,0.13161501369047457,0.9172097224626077
596,0.3333333333333333,12.0,True,0.34949494949494947,0.4166666666666667,0.14541251177731473,0.8592975083332074
597,0.3333333333333333,12.0,True,0.2777777777777778,0.5,0.1680761352378889,0.8223773393621179
598,0.8888888888888888,2.0,False,,,,
599,0.8888888888888888,2.0,False,,,,
600,0.8888888888888888,2.0,False,,,,
601,0.8333333333333334,3.0,False,,,,
602,0.8333333333333334,3.0,False,,,,
603,0.3333333333333333,12.0,True,0.30505050505050507,0.3333333333333333,0.09650311914949072,0.9155385080075168
604,0.4444444444444444,10.0,True,0.362962962962963,0.6,0.2359898835472637,0.7627069065377662
605,0.4444444444444444,10.0,True,0.40444444444444444,0.8,0.24837083261217718,0.5816718657178868
606,0.4444444444444444,10.0,True,0.31703703703703706,0.4,0.13137891728537632,0.9232196723355077
607,0.8888888888888888,2.0,False,,,,
608,0.8888888888888888,2.0,False,,,,
609,0.8888888888888888,2.0,False,,,,
610,0.8888888888888888,2.0,False,,,,
611,0.5,9.0,True,0.34444444444444444,0.6666666666666666,0.2578114982937477,0.7233083338141041
612,0.4444444444444444,10.0,True,0.1985185185185185,0.4,0.20261759211182184,0.8983289127685206
613,0.5,9.0,True,0.4148148148148148,0.6666666666666666,0.2578114982937477,0.7233083338141041
614,0.5,9.0,True,0.37592592592592594,0.4444444444444444,0.21491822624141188,0.8866828800015338
615,0.5,9.0,True,0.2777777777777778,0.4444444444444444,0.1918967501097939,0.8763576394898522
616,0.4444444444444444,10.0,True,0.4,0.6,0.1446114577924662,0.8173454221465103
617,0.4444444444444444,10.0,True,0.3451851851851852,0.7,0.2485372240444479,0.6783898247235198
618,0.3888888888888889,11.0,True,0.2412121212121212,0.45454545454545453,0.18893472042367432,0.8563255534369275
619,0.3888888888888889,11.0,True,0.463030303030303,0.8181818181818182,0.25339331781728935,0.5462947022805018
620,0.4444444444444444,10.0,True,0.52,0.9,0.21030991785715247,0.4689955935892812
621,0.4444444444444444,10.0,True,0.3422222222222222,0.6,0.19729366546933014,0.7854752972273343
622,0.4444444444444444,10.0,True,0.56,0.9,0.21030991785715247,0.4689955935892812
623,0.3888888888888889,11.0,True,0.3696969696969697,0.6363636363636364,0.23154524362474638,0.7204930400545079
624,0.3888888888888889,11.0,True,0.37454545454545457,0.6363636363636364,0.19234552450225484,0.7455574250275927
625,0.3888888888888889,11.0,True,0.23393939393939395,0.2727272727272727,0.15004832282904712,0.9243243872926642
626,0.3888888888888889,11.0,True,0.28727272727272724,0.36363636363636365,0.14100309174572223,0.9162695888499091
627,0.4444444444444444,10.0,True,0.37481481481481477,0.4,0.16117007089550983,0.8609640474436812
628,0.4444444444444444,10.0,True,0.2755555555555556,0.4,0.17678233000130317,0.8813534532688831
629,0.4444444444444444,10.0,True,0.26814814814814814,0.3,0.16283865262844976,0.9464119282150146
630,0.3888888888888889,11.0,True,0.27636363636363637,0.45454545454545453,0.18893472042367432,0.8563255534369275
631,0.3888888888888889,11.0,True,0.30787878787878786,0.5454545454545454,0.2104590407275747,0.7928362876512272
632,0.3888888888888889,11.0,True,0.4533333333333333,0.5454545454545454,0.11396137313245958,0.8342022886441014
633,0.3888888888888889,11.0,True,0.28727272727272724,0.2727272727272727,0.13606892464083475,0.948769510358905
634,0.3333333333333333,12.0,True,0.22323232323232325,0.25,0.10979338809523165,0.9517961807358445
635,0.3333333333333333,12.0,True,0.2878787878787879,0.4166666666666667,0.14541251177731473,0.8592975083332074
636,0.2777777777777778,13.0,True,0.29743589743589743,0.5384615384615384,0.18893472042367454,0.7796616846003024
637,0.2777777777777778,13.0,True,0.2811965811965812,0.3076923076923077,0.12131463793472574,0.8797143773904291
638,0.6666666666666666,6.0,True,0.24000000000000002,0.3333333333333333,0.35440499063918496,0.9697238998682473
639,0.2777777777777778,13.0,True,0.31196581196581197,0.3076923076923077,0.08242550182169017,0.9061046786569098
640,0.2777777777777778,13.0,True,0.2606837606837607,0.38461538461538464,0.11408575783170372,0.8904104442028663
641,0.4444444444444444,10.0,True,0.3037037037037037,0.4,0.1874785426555271,0.8982444017039272
642,0.4444444444444444,10.0,True,0.22814814814814816,0.3,0.16283865262844976,0.9464119282150145
643,0.4444444444444444,10.0,True,0.29629629629629634,0.3,0.10158776367524291,0.9854752972273344
644,0.4444444444444444,10.0,True,0.4014814814814815,0.4,0.16117007089550983,0.8609640474436812
645,0.4444444444444444,10.0,True,0.3511111111111111,0.4,0.13137891728537632,0.9232196723355077
646,0.5,9.0,True,0.3611111111111111,0.5555555555555556,0.21234797611544298,0.8288713632524444
647,0.5,9.0,True,0.3555555555555555,0.5555555555555556,0.14111987392933334,0.9057125980138372
648,0.5,9.0,True,0.1925925925925926,0.2222222222222222,0.19795350787440558,0.9683925140412224
649,0.5,9.0,True,0.3962962962962963,0.6666666666666666,0.2578114982937477,0.7233083338141041
650,0.5,9.0,True,0.29814814814814816,0.4444444444444444,0.17383495282288375,0.9182958340544894
651,0.8888888888888888,2.0,False,,,,
652,0.8888888888888888,2.0,False,,,,
653,0.9444444444444444,1.0,False,,,,
654,0.3888888888888889,11.0,True,0.3018181818181818,0.45454545454545453,0.1728567309487422,0.8596610491977074
655,0.5555555555555556,8.0,True,0.35,0.5,0.27273028208237604,0.8613531161467861
656,0.3333333333333333,12.0,True,0.3696969696969697,0.6666666666666666,0.2359898835472637,0.6826061944859853
657,0.3333333333333333,12.0,True,0.3151515151515152,0.5,0.13948676439777297,0.8437590816619511
658,0.3333333333333333,12.0,True,0.3393939393939394,0.5833333333333334,0.2104590407275747,0.753333479941888
659,0.2777777777777778,13.0,True,0.28888888888888886,0.3076923076923077,0.066201593524012,0.93111332105417
660,0.2777777777777778,13.0,True,0.40512820512820513,0.46153846153846156,0.13076085936331794,0.8071654175796328
661,0.2777777777777778,13.0,True,0.3316239316239316,0.46153846153846156,0.11487331841704684,0.8560873938623892
662,0.2777777777777778,13.0,True,0.25982905982905985,0.38461538461538464,0.11408575783170372,0.8904104442028663
663,0.2777777777777778,13.0,True,0.258974358974359,0.46153846153846156,0.1304738254590564,0.8509553984313722
664,0.2777777777777778,13.0,True,0.40512820512820513,0.6153846153846154,0.15183014329102562,0.7732967821474691
665,0.2777777777777778,13.0,True,0.27863247863247864,0.3076923076923077,0.08427760089768865,0.9345154830993555
666,0.2777777777777778,13.0,True,0.26153846153846155,0.38461538461538464,0.12652386527877635,0.884514765676856
667,0.2777777777777778,13.0,True,0.2264957264957265,0.23076923076923078,0.08530159314641639,0.9549080284177108
668,0.2777777777777778,13.0,True,0.24188034188034188,0.38461538461538464,0.13304416397225982,0.8856330826752568
669,0.3333333333333333,12.0,True,0.2767676767676768,0.4166666666666667,0.14927343431115048,0.8730017623570717
670,0.3333333333333333,12.0,True,0.3101010101010101,0.5,0.15571067269545136,0.8166663857315859
671,0.2777777777777778,13.0,True,0.26495726495726496,0.38461538461538464,0.11408575783170372,0.8904104442028663
672,0.3333333333333333,12.0,True,0.3,0.25,0.08891898254721742,0.9513282751069652
673,0.5,9.0,True,0.3648148148148148,0.6666666666666666,0.19390138864850348,0.7725068857142602
674,0.5,9.0,True,0.25925925925925924,0.4444444444444444,0.1918967501097939,0.8763576394898522
675,0.5,9.0,True,0.23148148148148148,0.3333333333333333,0.22639930535523456,0.9409583900892993
676,0.4444444444444444,10.0,True,0.33037037037037037,0.5,0.1951525292688593,0.8445412464587145
677,0.9444444444444444,1.0,False,,,,
678,0.9444444444444444,1.0,False,,,,
679,0.9444444444444444,1.0,False,,,,
680,0.9444444444444444,1.0,False,,,,
681,0.9444444444444444,1.0,False,,,,
682,0.9444444444444444,1.0,False,,,,
683,0.9444444444444444,1.0,False,,,,
684,0.9444444444444444,1.0,False,,,,
685,0.9444444444444444,1.0,False,,,,
686,0.9444444444444444,1.0,False,,,,
687,0.3888888888888889,11.0,True,0.39636363636363636,0.5454545454545454,0.07937491485922266,0.9056185178648963
688,0.3888888888888889,11.0,True,0.29818181818181816,0.45454545454545453,0.11370024103574272,0.8949645376549995
689,0.3888888888888889,11.0,True,0.30909090909090914,0.5454545454545454,0.2104590407275747,0.7928362876512272
690,0.3888888888888889,11.0,True,0.28727272727272724,0.45454545454545453,0.1728567309487422,0.8596610491977074
691,0.4444444444444444,10.0,True,0.33185185185185184,0.5,0.19515252926885907,0.8445412464587145
692,0.4444444444444444,10.0,True,0.3437037037037037,0.5,0.19515252926885907,0.8445412464587145
693,0.8333333333333334,3.0,False,,,,
694,0.4444444444444444,10.0,True,0.2414814814814815,0.5,0.2193321818585472,0.8359750080865053
695,0.4444444444444444,10.0,True,0.28296296296296297,0.4,0.20261759211182184,0.8983289127685206
696,0.4444444444444444,10.0,True,0.47259259259259256,0.8,0.24837083261217718,0.5816718657178868
697,0.4444444444444444,10.0,True,0.33037037037037037,0.5,0.2193321818585472,0.8359750080865053
698,0.4444444444444444,10.0,True,0.2814814814814815,0.4,0.1874785426555272,0.8982444017039272
699,0.3888888888888889,11.0,True,0.35030303030303034,0.45454545454545453,0.1728567309487422,0.8596610491977074
700,0.3888888888888889,11.0,True,0.3212121212121212,0.45454545454545453,0.1728567309487422,0.8596610491977074
701,0.3333333333333333,12.0,True,0.3404040404040404,0.5,0.1680761352378889,0.8223773393621179
702,0.3333333333333333,12.0,True,0.3606060606060606,0.6666666666666666,0.2359898835472637,0.6826061944859853
703,0.3333333333333333,12.0,True,0.3616161616161616,0.5,0.13948676439777297,0.8437590816619511
704,0.3333333333333333,12.0,True,0.32323232323232326,0.4166666666666667,0.09864941011936845,0.9119543649294081
705,0.3333333333333333,12.0,True,0.2767676767676768,0.3333333333333333,0.11355887257429487,0.9111886696810592
706,0.3888888888888889,11.0,True,0.37939393939393945,0.45454545454545453,0.16090255803053344,0.8491853220906186
707,0.3888888888888889,11.0,True,0.47030303030303033,0.8181818181818182,0.25339331781728935,0.5462947022805018
708,0.3888888888888889,11.0,True,0.35757575757575755,0.5454545454545454,0.2104590407275747,0.7928362876512272
709,0.3888888888888889,11.0,True,0.3224242424242424,0.5454545454545454,0.14110196592713709,0.8429078545765152
710,0.5,9.0,True,0.3611111111111111,0.5555555555555556,0.2495123338066464,0.809656833416415
711,0.5,9.0,True,0.4981481481481482,0.6666666666666666,0.19390138864850348,0.7725068857142602
712,0.5,9.0,True,0.3351851851851852,0.5555555555555556,0.2495123338066464,0.809656833416415
713,0.5,9.0,True,0.35185185185185186,0.5555555555555556,0.21234797611544298,0.8288713632524444
714,0.3888888888888889,11.0,True,0.30787878787878786,0.5454545454545454,0.14110196592713709,0.8429078545765152
715,0.3888888888888889,11.0,True,0.32,0.45454545454545453,0.1728567309487422,0.8596610491977074
716,0.3888888888888889,11.0,True,0.3018181818181818,0.45454545454545453,0.16090255803053344,0.8491853220906186
717,0.4444444444444444,10.0,True,0.29185185185185186,0.4,0.1874785426555272,0.8982444017039272
718,0.3888888888888889,11.0,True,0.3212121212121212,0.5454545454545454,0.18551600401125967,0.8043461359047003
719,0.3888888888888889,11.0,True,0.30424242424242426,0.45454545454545453,0.1728567309487422,0.8596610491977074
720,0.3888888888888889,11.0,True,0.3527272727272727,0.5454545454545454,0.1411019659271372,0.8429078545765152
721,0.3888888888888889,11.0,True,0.32,0.45454545454545453,0.16090255803053344,0.8491853220906186
722,0.3888888888888889,11.0,True,0.26181818181818184,0.36363636363636365,0.15594177806398068,0.8897213752718902
723,0.4444444444444444,10.0,True,0.3081481481481481,0.5,0.2193321818585472,0.8359750080865053
724,0.6111111111111112,7.0,True,0.4571428571428572,0.8571428571428571,0.2465602601237794,0.5916727785823275
725,0.6666666666666666,6.0,True,0.30666666666666664,0.5,0.29766076346821446,0.9206198357143051
726,0.6111111111111112,7.0,True,0.16507936507936508,0.2857142857142857,0.30727790249353115,0.9755037590061086
727,0.4444444444444444,10.0,True,0.31555555555555553,0.5,0.1518301432910255,0.8804820237218406
728,0.5,9.0,True,0.2722222222222222,0.3333333333333333,0.1621055964996605,0.9455305560363263
729,0.5,9.0,True,0.2185185185185185,0.3333333333333333,0.2043823975884862,0.9101415926479804
730,0.4444444444444444,10.0,True,0.52,0.9,0.21030991785715247,0.4689955935892812
731,0.4444444444444444,10.0,True,0.22962962962962966,0.3,0.17777733894670822,0.9172088932791937
732,0.5,9.0,True,0.3111111111111111,0.4444444444444444,0.1918967501097939,0.8763576394898522
733,0.3333333333333333,12.0,True,0.2686868686868687,0.25,0.08891898254721742,0.9513282751069652
734,0.3333333333333333,12.0,True,0.31212121212121213,0.4166666666666667,0.11487331841704684,0.8848616689990428
735,0.3333333333333333,12.0,True,0.22323232323232325,0.25,0.1170792314405169,0.9533522741071693
736,0.3333333333333333,12.0,True,0.35959595959595964,0.5833333333333334,0.21045904072757493,0.753333479941888
737,0.3333333333333333,12.0,True,0.3676767676767677,0.5,0.10792020463892982,0.8647869792568111
738,0.3333333333333333,12.0,True,0.48686868686868684,0.6666666666666666,0.2359898835472637,0.6826061944859853
739,0.3333333333333333,12.0,True,0.3141414141414141,0.3333333333333333,0.08027921085181244,0.942631203937882
740,0.3888888888888889,11.0,True,0.3563636363636364,0.6363636363636364,0.19234552450225473,0.7455574250275927
741,0.3888888888888889,11.0,True,0.2715151515151515,0.36363636363636365,0.09324901503009342,0.933816945485606
742,0.3333333333333333,12.0,True,0.22828282828282828,0.3333333333333333,0.13161501369047446,0.9172097224626076
743,0.2777777777777778,13.0,True,0.3128205128205128,0.38461538461538464,0.13245009202555968,0.8479836109346183
744,0.2777777777777778,13.0,True,0.2760683760683761,0.46153846153846156,0.14163305536765092,0.8148381042483582
745,0.8333333333333334,3.0,False,,,,
746,0.8333333333333334,3.0,False,,,,
747,0.8333333333333334,3.0,False,,,,
748,0.8333333333333334,3.0,False,,,,
749,0.8333333333333334,3.0,False,,,,
750,0.8333333333333334,3.0,False,,,,
751,0.8333333333333334,3.0,False,,,,
752,0.8333333333333334,3.0,False,,,,
753,0.9444444444444444,1.0,False,,,,
754,0.9444444444444444,1.0,False,,,,
755,0.9444444444444444,1.0,False,,,,
756,0.9444444444444444,1.0,False,,,,
757,0.9444444444444444,1.0,False,,,,
758,0.9444444444444444,1.0,False,,,,
759,0.9444444444444444,1.0,False,,,,
760,0.9444444444444444,1.0,False,,,,
761,0.9444444444444444,1.0,False,,,,
762,0.9444444444444444,1.0,False,,,,
763,0.9444444444444444,1.0,False,,,,
764,0.9444444444444444,1.0,False,,,,
765,0.9444444444444444,1.0,False,,,,
766,0.9444444444444444,1.0,False,,,,
767,0.9444444444444444,1.0,False,,,,
768,0.9444444444444444,1.0,False,,,,
769,0.9444444444444444,1.0,False,,,,
770,0.9444444444444444,1.0,False,,,,
771,0.9444444444444444,1.0,False,,,,
772,0.9444444444444444,1.0,False,,,,
773,0.9444444444444444,1.0,False,,,,
774,0.9444444444444444,1.0,False,,,,
775,0.9444444444444444,1.0,False,,,,
776,0.8888888888888888,2.0,False,,,,
777,0.3888888888888889,11.0,True,0.25575757575757574,0.36363636363636365,0.12630845046529904,0.9122066329329885
778,0.3333333333333333,12.0,True,0.3323232323232323,0.4166666666666667,0.11487331841704684,0.8848616689990431
779,0.3333333333333333,12.0,True,0.3515151515151515,0.4166666666666667,0.09224783607075837,0.8920795639257109
780,0.2777777777777778,13.0,True,0.4641025641025641,0.8461538461538461,0.29457606259681834,0.4878527713892913
781,0.2777777777777778,13.0,True,0.3034188034188034,0.46153846153846156,0.14541251177731473,0.8284915254038179
782,0.2777777777777778,13.0,True,0.37692307692307686,0.6923076923076923,0.2495123338066464,0.6485456026480259
783,0.2777777777777778,13.0,True,0.3051282051282051,0.38461538461538464,0.11408575783170372,0.8904104442028663
784,0.2777777777777778,13.0,True,0.24358974358974358,0.3076923076923077,0.11154361299652948,0.9064315085556599
785,0.2777777777777778,13.0,True,0.294017094017094,0.46153846153846156,0.1304738254590564,0.8509553984313722
786,0.2777777777777778,13.0,True,0.252991452991453,0.23076923076923078,0.0751993602370763,0.9479479190038742
787,0.2777777777777778,13.0,True,0.22136752136752136,0.23076923076923078,0.07649196002033731,0.9577135598377112
788,0.2777777777777778,13.0,True,0.39572649572649576,0.6923076923076923,0.2495123338066464,0.6485456026480259
789,0.2777777777777778,13.0,True,0.341025641025641,0.46153846153846156,0.08051847974753523,0.8879294741223203
790,0.3888888888888889,11.0,True,0.2727272727272727,0.45454545454545453,0.1728567309487422,0.8596610491977074
791,0.8333333333333334,3.0,False,,,,
792,0.8888888888888888,2.0,False,,,,
793,0.8888888888888888,2.0,False,,,,
794,0.8888888888888888,2.0,False,,,,
795,0.8888888888888888,2.0,False,,,,
796,0.8888888888888888,2.0,False,,,,
797,0.8888888888888888,2.0,False,,,,
798,0.8888888888888888,2.0,False,,,,
799,0.4444444444444444,10.0,True,0.25925925925925924,0.4,0.16055842170362478,0.9138646883853213
800,0.4444444444444444,10.0,True,0.2814814814814815,0.5,0.2193321818585472,0.8359750080865053
801,0.3888888888888889,11.0,True,0.39636363636363636,0.6363636363636364,0.19234552450225473,0.7455574250275929
802,0.4444444444444444,10.0,True,0.32592592592592595,0.6,0.2359898835472637,0.7627069065377662
803,0.4444444444444444,10.0,True,0.38666666666666666,0.7,0.2485372240444479,0.6783898247235198
804,0.4444444444444444,10.0,True,0.42962962962962964,0.6,0.2359898835472637,0.7627069065377662
805,0.4444444444444444,10.0,True,0.362962962962963,0.6,0.19729366546933014,0.7854752972273343
806,0.4444444444444444,10.0,True,0.8266666666666667,0.9,0.21030991785715247,0.4689955935892812
807,0.3888888888888889,11.0,True,0.37212121212121213,0.5454545454545454,0.18551600401125967,0.8043461359047005
808,0.4444444444444444,10.0,True,0.38222222222222224,0.4,0.17678233000130317,0.8813534532688831
809,0.4444444444444444,10.0,True,0.2770370370370371,0.4,0.16055842170362478,0.9138646883853215
810,0.4444444444444444,10.0,True,0.24000000000000002,0.4,0.1874785426555272,0.8982444017039272
811,0.4444444444444444,10.0,True,0.3466666666666667,0.6,0.2359898835472637,0.7627069065377662
812,0.4444444444444444,10.0,True,0.4148148148148148,0.6,0.2359898835472637,0.7627069065377662
813,0.7777777777777778,4.0,False,,,,
814,0.4444444444444444,10.0,True,0.2948148148148148,0.4,0.1874785426555271,0.8982444017039272
815,0.5,9.0,True,0.32407407407407407,0.5555555555555556,0.21234797611544298,0.8288713632524444
816,0.5,9.0,True,0.2777777777777778,0.4444444444444444,0.23753208421974148,0.8824252235446576
817,0.5,9.0,True,0.3,0.4444444444444444,0.21491822624141188,0.8866828800015338
818,0.5,9.0,True,0.4611111111111111,0.5555555555555556,0.1620889712116519,0.8527924884900404
819,0.5,9.0,True,0.4703703703703704,0.6666666666666666,0.19390138864850348,0.7725068857142602
820,0.5,9.0,True,0.31666666666666665,0.4444444444444444,0.21491822624141188,0.8866828800015338
821,0.4444444444444444,10.0,True,0.37037037037037035,0.7,0.18313428967893353,0.7298466991620975
822,0.4444444444444444,10.0,True,0.31555555555555553,0.3,0.17777733894670822,0.9172088932791937
823,0.4444444444444444,10.0,True,0.28296296296296297,0.4,0.16055842170362478,0.9138646883853215
824,0.4444444444444444,10.0,True,0.4325925925925926,0.7,0.2485372240444479,0.6783898247235198
825,0.4444444444444444,10.0,True,0.2948148148148148,0.4,0.16055842170362478,0.9138646883853215
826,0.4444444444444444,10.0,True,0.3555555555555555,0.3,0.15002259305069887,0.9349775297671233
827,0.4444444444444444,10.0,True,0.33925925925925926,0.5,0.12641640134653298,0.8586727110732552
828,0.4444444444444444,10.0,True,0.3792592592592593,0.6,0.19729366546933025,0.7854752972273343
829,0.4444444444444444,10.0,True,0.29037037037037033,0.4,0.16055842170362467,0.9138646883853215
830,0.4444444444444444,10.0,True,0.52,0.9,0.21030991785715247,0.4689955935892812
831,0.4444444444444444,10.0,True,0.33037037037037037,0.5,0.16989194057793566,0.8427376486136672
832,0.4444444444444444,10.0,True,0.482962962962963,0.8,0.24837083261217718,0.5816718657178868
833,0.4444444444444444,10.0,True,0.2562962962962963,0.4,0.16055842170362478,0.9138646883853213
834,0.4444444444444444,10.0,True,0.4251851851851852,0.5,0.09182994307329606,0.9372305632161296
835,0.4444444444444444,10.0,True,0.4385185185185185,0.7,0.2485372240444479,0.6783898247235198
836,0.4444444444444444,10.0,True,0.22518518518518518,0.3,0.1337986847530206,0.9674887648835616
837,0.8888888888888888,2.0,False,,,,
838,0.8888888888888888,2.0,False,,,,
839,0.8888888888888888,2.0,False,,,,
840,0.8333333333333334,3.0,False,,,,
841,0.8333333333333334,3.0,False,,,,
842,0.8333333333333334,3.0,False,,,,
843,0.8333333333333334,3.0,False,,,,
844,0.8333333333333334,3.0,False,,,,
845,0.8333333333333334,3.0,False,,,,
846,0.8333333333333334,3.0,False,,,,
847,0.8333333333333334,3.0,False,,,,
848,0.8333333333333334,3.0,False,,,,
849,0.8333333333333334,3.0,False,,,,
850,0.8333333333333334,3.0,False,,,,
851,0.8333333333333334,3.0,False,,,,
852,0.8333333333333334,3.0,False,,,,
853,0.8333333333333334,3.0,False,,,,
854,0.8333333333333334,3.0,False,,,,
855,0.8333333333333334,3.0,False,,,,
856,0.8333333333333334,3.0,False,,,,
857,0.8333333333333334,3.0,False,,,,
858,0.8333333333333334,3.0,False,,,,
859,0.8333333333333334,3.0,False,,,,
860,0.8888888888888888,2.0,False,,,,
861,0.8333333333333334,3.0,False,,,,
862,0.8333333333333334,3.0,False,,,,
863,0.8333333333333334,3.0,False,,,,
864,0.8333333333333334,3.0,False,,,,
865,0.8333333333333334,3.0,False,,,,
866,0.8333333333333334,3.0,False,,,,
867,0.8333333333333334,3.0,False,,,,
868,0.8333333333333334,3.0,False,,,,
869,0.8333333333333334,3.0,False,,,,
870,0.8333333333333334,3.0,False,,,,
871,0.8333333333333334,3.0,False,,,,
872,0.8333333333333334,3.0,False,,,,
873,0.8333333333333334,3.0,False,,,,
874,0.8333333333333334,3.0,False,,,,
875,0.8333333333333334,3.0,False,,,,
876,0.8888888888888888,2.0,False,,,,
877,0.8333333333333334,3.0,False,,,,
878,0.8333333333333334,3.0,False,,,,
879,0.8333333333333334,3.0,False,,,,
880,0.8888888888888888,2.0,False,,,,
881,0.8888888888888888,2.0,False,,,,
882,0.8888888888888888,2.0,False,,,,
883,0.8888888888888888,2.0,False,,,,
884,0.9444444444444444,1.0,False,,,,
885,0.9444444444444444,1.0,False,,,,
886,0.8333333333333334,3.0,False,,,,
887,0.8333333333333334,3.0,False,,,,
888,0.3888888888888889,11.0,True,0.2533333333333333,0.36363636363636365,0.16915024190042727,0.9107196304548569
889,0.3888888888888889,11.0,True,0.2593939393939394,0.36363636363636365,0.15594177806398068,0.8897213752718902
890,0.5,9.0,True,0.2537037037037037,0.4444444444444444,0.23753208421974148,0.8824252235446576
891,0.5,9.0,True,0.22037037037037036,0.3333333333333333,0.1881584892908078,0.9462651872218009
892,0.5555555555555556,8.0,True,0.29047619047619044,0.5,0.23819611748062863,0.875
893,0.5555555555555556,8.0,True,0.2142857142857143,0.375,0.2661245073798253,0.9306282244165778
894,0.5,9.0,True,0.2722222222222222,0.4444444444444444,0.1918967501097939,0.8763576394898522
895,0.5,9.0,True,0.34444444444444444,0.6666666666666666,0.2578114982937477,0.7233083338141041
896,0.5,9.0,True,0.42962962962962964,0.6666666666666666,0.2578114982937477,0.7233083338141041
897,0.5,9.0,True,0.22777777777777777,0.4444444444444444,0.21491822624141188,0.8866828800015338
898,0.5,9.0,True,0.3814814814814815,0.4444444444444444,0.11737673581062935,0.9656336071428252
899,0.5,9.0,True,0.44814814814814813,0.7777777777777778,0.12799056594370195,0.7642045065086203
900,0.5,9.0,True,0.3351851851851852,0.5555555555555556,0.21234797611544298,0.8288713632524444
901,0.5,9.0,True,0.27592592592592596,0.4444444444444444,0.17383495282288364,0.9182958340544894
902,0.5,9.0,True,0.32407407407407407,0.5555555555555556,0.21234797611544298,0.8288713632524444
903,0.5,9.0,True,0.4962962962962963,0.8888888888888888,0.21030991785715247,0.5032583347756457
904,0.4444444444444444,10.0,True,0.4755555555555555,0.6,0.1446114577924662,0.8173454221465103
905,0.4444444444444444,10.0,True,0.22666666666666666,0.3,0.17955995326299723,0.9426807148172599
906,0.4444444444444444,10.0,True,0.28296296296296297,0.3,0.16283865262844976,0.9464119282150146
907,0.4444444444444444,10.0,True,0.5333333333333333,0.9,0.21030991785715247,0.4689955935892812
908,0.3888888888888889,11.0,True,0.33090909090909093,0.5454545454545454,0.18551600401125967,0.8043461359047005
909,0.3888888888888889,11.0,True,0.2824242424242424,0.5454545454545454,0.18551600401125967,0.8043461359047003
910,0.3333333333333333,12.0,True,0.34444444444444444,0.6666666666666666,0.2359898835472637,0.6826061944859853
911,0.3333333333333333,12.0,True,0.4676767676767677,0.75,0.19390138864850348,0.6567045482143387
912,0.3333333333333333,12.0,True,0.3393939393939394,0.5,0.10792020463892982,0.8647869792568111
913,0.3333333333333333,12.0,True,0.3464646464646465,0.5833333333333334,0.14110196592713709,0.8070027314271102
914,0.3333333333333333,12.0,True,0.5050505050505051,0.75,0.19390138864850348,0.6567045482143387
915,0.3333333333333333,12.0,True,0.5141414141414141,0.75,0.19390138864850348,0.6567045482143387
916,0.3333333333333333,12.0,True,0.5333333333333333,0.9166666666666666,0.2465602601237794,0.41381685030363374
917,0.3333333333333333,12.0,True,0.4626262626262626,0.8333333333333334,0.2686223868677483,0.5152734452350943
918,0.3333333333333333,12.0,True,0.591919191919192,0.8333333333333334,0.2686223868677483,0.5152734452350943
919,0.3333333333333333,12.0,True,0.4848484848484849,0.6666666666666666,0.1446114577924662,0.75
920,0.3333333333333333,12.0,True,0.47474747474747475,0.8333333333333334,0.2686223868677483,0.5152734452350943
921,0.3333333333333333,12.0,True,0.30808080808080807,0.3333333333333333,0.10703894780241652,0.8979444735226818
922,0.2222222222222222,14.0,True,0.40512820512820513,0.6428571428571429,0.23753208421974148,0.6845538347520727
923,0.2222222222222222,14.0,True,0.389010989010989,0.6428571428571429,0.21491822624141188,0.700576754845952
924,0.2222222222222222,14.0,True,0.24395604395604395,0.2857142857142857,0.07920526785667292,0.9306882855501013
925,0.7777777777777778,4.0,False,,,,
926,0.7777777777777778,4.0,False,,,,
927,0.7777777777777778,4.0,False,,,,
928,0.7777777777777778,4.0,False,,,,
929,0.7777777777777778,4.0,False,,,,
930,0.7777777777777778,4.0,False,,,,
931,0.7777777777777778,4.0,False,,,,
932,0.7777777777777778,4.0,False,,,,
933,0.3888888888888889,11.0,True,0.3527272727272727,0.45454545454545453,0.16090255803053344,0.8491853220906186
934,0.2777777777777778,13.0,True,0.32905982905982906,0.46153846153846156,0.09864941011936845,0.8810960362596495
935,0.2777777777777778,13.0,True,0.3111111111111111,0.5384615384615384,0.1728567309487422,0.7872226051203909
936,0.3888888888888889,11.0,True,0.36848484848484847,0.6363636363636364,0.19234552450225484,0.7455574250275927
937,0.3888888888888889,11.0,True,0.4,0.7272727272727273,0.18313428967893364,0.6913698302025114
938,0.3888888888888889,11.0,True,0.2812121212121212,0.36363636363636365,0.14100309174572223,0.9162695888499091
939,0.2777777777777778,13.0,True,0.3145299145299145,0.46153846153846156,0.14541251177731473,0.8284915254038179
940,0.2777777777777778,13.0,True,0.34017094017094013,0.5384615384615384,0.1728567309487422,0.7872226051203909
941,0.2777777777777778,13.0,True,0.2923076923076923,0.5384615384615384,0.1728567309487422,0.7872226051203909
942,0.2777777777777778,13.0,True,0.3572649572649573,0.5384615384615384,0.09563844374883246,0.8636243031319604
943,0.3333333333333333,12.0,True,0.3676767676767677,0.6666666666666666,0.2359898835472637,0.6826061944859853
944,0.3888888888888889,11.0,True,0.2775757575757576,0.6363636363636364,0.23154524362474638,0.7204930400545079
945,0.3888888888888889,11.0,True,0.3284848484848485,0.45454545454545453,0.14467864973285516,0.8787409903782898
946,0.7777777777777778,4.0,False,,,,
947,0.7777777777777778,4.0,False,,,,
948,0.7777777777777778,4.0,False,,,,
949,0.7777777777777778,4.0,False,,,,
950,0.3333333333333333,12.0,True,0.39191919191919194,0.6666666666666666,0.1446114577924663,0.75
951,0.3333333333333333,12.0,True,0.4666666666666667,0.75,0.2578114982937477,0.603759374819711
952,0.3333333333333333,12.0,True,0.38181818181818183,0.6666666666666666,0.19729366546933025,0.7091479170272448
953,0.3333333333333333,12.0,True,0.3393939393939394,0.6666666666666666,0.0343663928571748,0.9182958340544896
954,0.3333333333333333,12.0,True,0.4202020202020202,0.6666666666666666,0.19729366546933025,0.7091479170272448
955,0.3888888888888889,11.0,True,0.29696969696969694,0.2727272727272727,0.09954871351469496,0.9609557933859342
956,0.3888888888888889,11.0,True,0.3248484848484849,0.5454545454545454,0.2104590407275747,0.7928362876512272
957,0.4444444444444444,10.0,True,0.3792592592592593,0.6,0.19729366546933014,0.7854752972273343
958,0.5,9.0,True,0.5407407407407407,0.8888888888888888,0.21030991785715247,0.5032583347756457
959,0.5,9.0,True,0.37592592592592594,0.6666666666666666,0.2578114982937477,0.7233083338141041
960,0.4444444444444444,10.0,True,0.4918518518518519,0.8,0.24837083261217718,0.5816718657178868
961,0.4444444444444444,10.0,True,0.3851851851851852,0.7,0.2485372240444479,0.6783898247235198
962,0.4444444444444444,10.0,True,0.30666666666666664,0.5,0.2193321818585472,0.8359750080865053
963,0.5,9.0,True,0.4222222222222223,0.7777777777777778,0.25339331781728935,0.6223659728744493
964,0.5555555555555556,8.0,True,0.35952380952380947,0.5,0.23819611748062852,0.875
965,0.5555555555555556,8.0,True,0.3619047619047619,0.625,0.276709140773188,0.7743974703476992
966,0.5555555555555556,8.0,True,0.44523809523809527,0.75,0.2686223868677483,0.6695919455357793
967,0.5555555555555556,8.0,True,0.42142857142857143,0.75,0.2686223868677483,0.6695919455357793
968,0.5555555555555556,8.0,True,0.3071428571428571,0.625,0.276709140773188,0.7743974703476992
969,0.5555555555555556,8.0,True,0.6666666666666666,1.0,0.008923940161777777,0.0
970,0.5555555555555556,8.0,True,0.4,0.5,0.09428740198616281,1.0
971,0.5555555555555556,8.0,True,0.35,0.625,0.21584087214857806,0.8194483718728035
972,0.5555555555555556,8.0,True,0.3547619047619047,0.625,0.276709140773188,0.7743974703476992
973,0.5555555555555556,8.0,True,0.5333333333333333,0.875,0.22227796792986487,0.5435644431995964
974,0.5555555555555556,8.0,True,0.2976190476190476,0.5,0.23819611748062863,0.875
975,0.5555555555555556,8.0,True,0.31666666666666665,0.5,0.23819611748062863,0.875
976,0.5,9.0,True,0.23703703703703702,0.3333333333333333,0.21289219419266392,0.935944697445866
977,0.5555555555555556,8.0,True,0.45,0.75,0.14720751150995937,0.8112781244591328
978,0.5555555555555556,8.0,True,0.3261904761904762,0.5,0.23819611748062852,0.875
979,0.6111111111111112,7.0,True,0.5523809523809523,0.8571428571428571,0.2465602601237794,0.5916727785823275
980,0.6111111111111112,7.0,True,0.5047619047619047,0.8571428571428571,0.2465602601237794,0.5916727785823275
981,0.6111111111111112,7.0,True,0.5333333333333333,1.0,0.03592123519177104,0.0
982,0.6111111111111112,7.0,True,0.4507936507936508,0.7142857142857143,0.29457606259681834,0.72483409150576
983,0.5555555555555556,8.0,True,0.39285714285714285,0.625,0.21584087214857806,0.8194483718728035
984,0.5,9.0,True,0.3592592592592593,0.6666666666666666,0.2578114982937477,0.7233083338141041
985,0.5,9.0,True,0.4074074074074074,0.6666666666666666,0.2578114982937477,0.7233083338141041
986,0.5,9.0,True,0.34074074074074073,0.6666666666666666,0.2578114982937477,0.7233083338141041
987,0.5,9.0,True,0.42037037037037034,0.7777777777777778,0.25339331781728935,0.6223659728744493
988,0.5,9.0,True,0.5111111111111111,0.8888888888888888,0.21030991785715247,0.5032583347756457
989,0.5,9.0,True,0.5407407407407407,0.8888888888888888,0.21030991785715247,0.5032583347756457
990,0.5,9.0,True,0.6,1.0,0.0,0.0
991,0.5,9.0,True,0.6666666666666666,1.0,0.0,0.0
992,0.5,9.0,True,0.5314814814814814,0.7777777777777778,0.25339331781728935,0.6223659728744493
993,0.5,9.0,True,0.5111111111111111,0.8888888888888888,0.21030991785715247,0.5032583347756457
994,0.3888888888888889,11.0,True,0.3478787878787879,0.7272727272727273,0.2485372240444479,0.6388067184095577
995,0.3333333333333333,12.0,True,0.35959595959595964,0.75,0.2578114982937477,0.603759374819711
996,0.3333333333333333,12.0,True,0.4323232323232323,0.6666666666666666,0.19729366546933025,0.7091479170272448
997,0.3333333333333333,12.0,True,0.40404040404040403,0.6666666666666666,0.2359898835472637,0.6826061944859853
998,0.3333333333333333,12.0,True,0.5333333333333333,1.0,0.08170416594551044,0.0
999,0.3333333333333333,12.0,True,0.4292929292929293,0.6666666666666666,0.2359898835472637,0.6826061944859853
1000,0.3333333333333333,12.0,True,0.3363636363636363,0.5833333333333334,0.18551600401125967,0.7668937437992748
1001,0.3333333333333333,12.0,True,0.4090909090909091,0.75,0.2578114982937477,0.603759374819711
1002,0.3333333333333333,12.0,True,0.2949494949494949,0.5833333333333334,0.21045904072757493,0.753333479941888
1003,0.3333333333333333,12.0,True,0.46060606060606063,0.6666666666666666,0.19729366546933025,0.7091479170272448
1004,0.3333333333333333,12.0,True,0.4464646464646465,0.6666666666666666,0.19729366546933025,0.7091479170272448
1005,0.3333333333333333,12.0,True,0.4909090909090909,0.8333333333333334,0.2686223868677483,0.5152734452350943
1006,0.3333333333333333,12.0,True,0.4393939393939394,0.75,0.07938016428569494,0.8112781244591328
1007,0.3333333333333333,12.0,True,0.42828282828282827,0.6666666666666666,0.19729366546933025,0.7091479170272448
1008,0.3333333333333333,12.0,True,0.43434343434343436,0.75,0.2578114982937477,0.603759374819711
1009,0.3333333333333333,12.0,True,0.4131313131313131,0.6666666666666666,0.19729366546933025,0.7091479170272448
1010,0.2777777777777778,13.0,True,0.36495726495726494,0.5384615384615384,0.14467864973285516,0.8101434166941021
1011,0.2777777777777778,13.0,True,0.3247863247863248,0.6153846153846154,0.1951525292688593,0.7323395250202962
1012,0.2777777777777778,13.0,True,0.38290598290598293,0.6153846153846154,0.1951525292688593,0.7323395250202962
1013,0.2777777777777778,13.0,True,0.36666666666666664,0.6923076923076923,0.21234797611544298,0.6760150508789764
1014,0.3888888888888889,11.0,True,0.28969696969696973,0.5454545454545454,0.21045904072757493,0.7928362876512272
1015,0.4444444444444444,10.0,True,0.33629629629629626,0.4,0.16055842170362478,0.9138646883853215
1016,0.4444444444444444,10.0,True,0.5259259259259259,0.8,0.24837083261217718,0.5816718657178868
1017,0.4444444444444444,10.0,True,0.46370370370370373,0.8,0.24837083261217718,0.5816718657178868
1018,0.4444444444444444,10.0,True,0.4577777777777778,0.7,0.2485372240444479,0.6783898247235198
1019,0.4444444444444444,10.0,True,0.4014814814814815,0.7,0.18313428967893353,0.7298466991620975
1020,0.4444444444444444,10.0,True,0.3837037037037037,0.5,0.12641640134653298,0.8586727110732552
1021,0.4444444444444444,10.0,True,0.3718518518518518,0.5,0.16989194057793566,0.8427376486136673
1022,0.2777777777777778,13.0,True,0.3692307692307692,0.6153846153846154,0.09182994307329606,0.8420887815606471
1023,0.2777777777777778,13.0,True,0.4444444444444444,0.6923076923076923,0.21234797611544298,0.6760150508789764
1024,0.6666666666666666,6.0,True,0.3333333333333333,0.6666666666666666,0.3322472217414514,0.7896900821428475
1025,0.7222222222222222,5.0,True,0.19333333333333333,0.4,0.4029642446945728,0.9609640474436811
1026,0.7777777777777778,4.0,False,,,,
1027,0.8333333333333334,3.0,False,,,,
1028,0.8333333333333334,3.0,False,,,,
1029,0.8333333333333334,3.0,False,,,,
1030,0.8333333333333334,3.0,False,,,,
1031,0.8333333333333334,3.0,False,,,,
1032,0.8333333333333334,3.0,False,,,,
1033,0.8888888888888888,2.0,False,,,,
1034,0.9444444444444444,1.0,False,,,,
1035,0.9444444444444444,1.0,False,,,,
1036,0.9444444444444444,1.0,False,,,,
1037,0.9444444444444444,1.0,False,,,,
1038,0.9444444444444444,1.0,False,,,,
1039,0.9444444444444444,1.0,False,,,,
1040,0.9444444444444444,1.0,False,,,,
1041,0.9444444444444444,1.0,False,,,,
1042,0.9444444444444444,1.0,False,,,,
1043,0.9444444444444444,1.0,False,,,,
1044,0.9444444444444444,1.0,False,,,,
1045,0.9444444444444444,1.0,False,,,,
1046,0.9444444444444444,1.0,False,,,,
1047,0.9444444444444444,1.0,False,,,,
1048,0.9444444444444444,1.0,False,,,,
1049,0.9444444444444444,1.0,False,,,,
1050,0.9444444444444444,1.0,False,,,,
1051,0.9444444444444444,1.0,False,,,,
1052,0.9444444444444444,1.0,False,,,,
1053,0.9444444444444444,1.0,False,,,,
1054,0.9444444444444444,1.0,False,,,,
1055,0.9444444444444444,1.0,False,,,,
1056,0.9444444444444444,1.0,False,,,,
1057,0.9444444444444444,1.0,False,,,,
1058,0.9444444444444444,1.0,False,,,,
1059,0.9444444444444444,1.0,False,,,,
1060,0.9444444444444444,1.0,False,,,,
1061,0.9444444444444444,1.0,False,,,,
1062,0.9444444444444444,1.0,False,,,,
1063,0.9444444444444444,1.0,False,,,,
1064,0.9444444444444444,1.0,False,,,,
1065,0.9444444444444444,1.0,False,,,,
1066,0.8888888888888888,2.0,False,,,,
1067,0.8888888888888888,2.0,False,,,,
1068,0.8888888888888888,2.0,False,,,,
1069,0.8333333333333334,3.0,False,,,,
1070,0.8333333333333334,3.0,False,,,,
1071,0.8333333333333334,3.0,False,,,,
1072,0.8333333333333334,3.0,False,,,,
1073,0.7777777777777778,4.0,False,,,,
1074,0.3333333333333333,12.0,True,0.32727272727272727,0.4166666666666667,0.11487331841704684,0.8848616689990428
1075,0.3333333333333333,12.0,True,0.3343434343434344,0.5833333333333334,0.18551600401125967,0.7668937437992748
1076,0.3333333333333333,12.0,True,0.3181818181818182,0.6666666666666666,0.19729366546933025,0.7091479170272448
1077,0.3333333333333333,12.0,True,0.5090909090909091,0.8333333333333334,0.2686223868677483,0.5152734452350943
1078,0.3333333333333333,12.0,True,0.45656565656565656,0.75,0.2578114982937477,0.603759374819711
1079,0.3333333333333333,12.0,True,0.3656565656565656,0.6666666666666666,0.19729366546933025,0.7091479170272448
1080,0.3333333333333333,12.0,True,0.5191919191919192,0.8333333333333334,0.2686223868677483,0.5152734452350943
1081,0.3333333333333333,12.0,True,0.3888888888888889,0.75,0.2578114982937477,0.603759374819711
1082,0.3333333333333333,12.0,True,0.407070707070707,0.75,0.19390138864850348,0.6567045482143387
1083,0.3333333333333333,12.0,True,0.43737373737373736,0.75,0.2578114982937477,0.603759374819711
1084,0.3333333333333333,12.0,True,0.34747474747474744,0.6666666666666666,0.19729366546933025,0.7091479170272448
1085,0.3333333333333333,12.0,True,0.43636363636363634,0.75,0.2578114982937477,0.603759374819711
1086,0.3333333333333333,12.0,True,0.3686868686868687,0.6666666666666666,0.19729366546933025,0.7091479170272448
1087,0.3333333333333333,12.0,True,0.3696969696969697,0.5833333333333334,0.18551600401125967,0.7668937437992748
1088,0.3333333333333333,12.0,True,0.302020202020202,0.5,0.1680761352378889,0.8223773393621179
1089,0.3333333333333333,12.0,True,0.3323232323232323,0.6666666666666666,0.2359898835472637,0.6826061944859853
1090,0.8333333333333334,3.0,False,,,,
1091,0.8333333333333334,3.0,False,,,,
1092,0.8333333333333334,3.0,False,,,,
1093,0.8333333333333334,3.0,False,,,,
1094,0.3888888888888889,11.0,True,0.38545454545454544,0.6363636363636364,0.23154524362474638,0.7204930400545079
1095,0.7777777777777778,4.0,False,,,,
1096,0.3333333333333333,12.0,True,0.3696969696969697,0.5833333333333334,0.18551600401125967,0.7668937437992748
1097,0.3333333333333333,12.0,True,0.48181818181818176,0.8333333333333334,0.2686223868677482,0.5152734452350943
1098,0.2777777777777778,13.0,True,0.3170940170940171,0.5384615384615384,0.18893472042367454,0.7796616846003024
1099,0.2777777777777778,13.0,True,0.40683760683760684,0.6923076923076923,0.2495123338066464,0.6485456026480259
1100,0.8888888888888888,2.0,False,,,,
1101,0.8888888888888888,2.0,False,,,,
1102,0.2777777777777778,13.0,True,0.29572649572649573,0.46153846153846156,0.1304738254590564,0.8509553984313722
1103,0.2777777777777778,13.0,True,0.4393162393162393,0.7692307692307693,0.27670914077318787,0.5725552071907913
1104,0.2777777777777778,13.0,True,0.30085470085470084,0.5384615384615384,0.14467864973285516,0.8101434166941021
1105,0.2777777777777778,13.0,True,0.34615384615384615,0.6153846153846154,0.2193321818585472,0.717335694993616
1106,0.2777777777777778,13.0,True,0.5692307692307692,0.8461538461538461,0.29457606259681834,0.4878527713892913
1107,0.2777777777777778,13.0,True,0.34615384615384615,0.6153846153846154,0.1951525292688593,0.7323395250202962
1108,0.2777777777777778,13.0,True,0.3452991452991453,0.5384615384615384,0.14467864973285516,0.810143416694102
1109,0.2777777777777778,13.0,True,0.36666666666666664,0.5384615384615384,0.11370024103574272,0.8345901684333654
1110,0.2777777777777778,13.0,True,0.37692307692307686,0.6153846153846154,0.1951525292688593,0.7323395250202962
1111,0.2777777777777778,13.0,True,0.3504273504273504,0.6153846153846154,0.1951525292688593,0.7323395250202962
1112,0.8888888888888888,2.0,False,,,,
1113,0.3333333333333333,12.0,True,0.3888888888888889,0.6666666666666666,0.19729366546933025,0.7091479170272448
1114,0.2777777777777778,13.0,True,0.3871794871794872,0.6153846153846154,0.15183014329102562,0.7732967821474691
1115,0.2777777777777778,13.0,True,0.4008547008547009,0.6153846153846154,0.2193321818585472,0.717335694993616
1116,0.3333333333333333,12.0,True,0.3565656565656566,0.5833333333333334,0.14110196592713709,0.8070027314271101
1117,0.3333333333333333,12.0,True,0.5555555555555555,0.9166666666666666,0.2465602601237794,0.41381685030363374
1118,0.3333333333333333,12.0,True,0.35757575757575755,0.75,0.2578114982937477,0.603759374819711
1119,0.3333333333333333,12.0,True,0.5666666666666667,0.9166666666666666,0.2465602601237794,0.41381685030363374
1120,0.3333333333333333,12.0,True,0.34444444444444444,0.5833333333333334,0.18551600401125967,0.7668937437992748
1121,0.3333333333333333,12.0,True,0.39898989898989895,0.75,0.2578114982937477,0.603759374819711
1122,0.3333333333333333,12.0,True,0.44747474747474747,0.75,0.2578114982937477,0.603759374819711
1123,0.3333333333333333,12.0,True,0.4676767676767677,0.8333333333333334,0.2686223868677483,0.5152734452350943
1124,0.3333333333333333,12.0,True,0.403030303030303,0.4166666666666667,0.13076085936331794,0.825011210824177
1125,0.3333333333333333,12.0,True,0.4272727272727273,0.6666666666666666,0.19729366546933025,0.7091479170272448
1126,0.3333333333333333,12.0,True,0.2696969696969697,0.3333333333333333,0.11946527737713553,0.9207822211616017
1127,0.3333333333333333,12.0,True,0.3747474747474747,0.5833333333333334,0.21045904072757493,0.753333479941888
1128,0.3333333333333333,12.0,True,0.28686868686868683,0.5,0.18446111079059724,0.8165982976888231
1129,0.3333333333333333,12.0,True,0.2727272727272727,0.4166666666666667,0.0922478360707586,0.8920795639257109
1130,0.3888888888888889,11.0,True,0.3018181818181818,0.45454545454545453,0.1728567309487422,0.8596610491977074
1131,0.3888888888888889,11.0,True,0.3212121212121212,0.45454545454545453,0.16090255803053344,0.8491853220906186
1132,0.3333333333333333,12.0,True,0.3343434343434344,0.5,0.13771135824906322,0.8129072918469558
1133,0.3333333333333333,12.0,True,0.4090909090909091,0.6666666666666666,0.2359898835472637,0.6826061944859853
1134,0.3888888888888889,11.0,True,0.3478787878787879,0.6363636363636364,0.23154524362474638,0.7204930400545079
1135,0.3888888888888889,11.0,True,0.3781818181818182,0.5454545454545454,0.15916376321404746,0.8085947862963576
1136,0.5555555555555556,8.0,True,0.31666666666666665,0.5,0.27273028208237604,0.8613531161467861
1137,0.5555555555555556,8.0,True,0.2738095238095238,0.375,0.24597054513177197,0.9283832117695864
1138,0.8333333333333334,3.0,False,,,,
1139,0.8333333333333334,3.0,False,,,,
1140,0.8333333333333334,3.0,False,,,,
1141,0.8333333333333334,3.0,False,,,,
1142,0.8333333333333334,3.0,False,,,,
1143,0.8333333333333334,3.0,False,,,,
1144,0.8333333333333334,3.0,False,,,,
1145,0.8333333333333334,3.0,False,,,,
1146,0.8333333333333334,3.0,False,,,,
1147,0.8333333333333334,3.0,False,,,,
1148,0.8888888888888888,2.0,False,,,,
1149,0.8888888888888888,2.0,False,,,,
1150,0.8888888888888888,2.0,False,,,,
1151,0.8888888888888888,2.0,False,,,,
1152,0.8888888888888888,2.0,False,,,,
1153,0.8888888888888888,2.0,False,,,,
1154,0.8888888888888888,2.0,False,,,,
1155,0.8888888888888888,2.0,False,,,,
1156,0.8888888888888888,2.0,False,,,,
1157,0.8888888888888888,2.0,False,,,,
1158,0.8888888888888888,2.0,False,,,,
1159,0.8888888888888888,2.0,False,,,,
1160,0.9444444444444444,1.0,False,,,,
1161,0.9444444444444444,1.0,False,,,,
1162,0.9444444444444444,1.0,False,,,,
1163,0.6111111111111112,7.0,True,0.3936507936507937,0.5714285714285714,0.2498638271957958,0.8699155297736259
1164,0.9444444444444444,1.0,False,,,,
1165,0.3333333333333333,12.0,True,0.3343434343434344,0.5833333333333334,0.18551600401125967,0.7668937437992748
1166,0.3333333333333333,12.0,True,0.4464646464646465,0.75,0.2578114982937477,0.603759374819711
1167,0.2222222222222222,14.0,True,0.37728937728937734,0.7142857142857143,0.27273028208237604,0.6178266860002799
1168,0.2222222222222222,14.0,True,0.39120879120879126,0.7142857142857143,0.27273028208237604,0.6178266860002799
1169,0.2222222222222222,14.0,True,0.33626373626373623,0.5,0.15594177806398068,0.7984806893213606
1170,0.2777777777777778,13.0,True,0.44017094017094016,0.6923076923076923,0.2495123338066464,0.6485456026480259
1171,0.2777777777777778,13.0,True,0.4,0.6153846153846154,0.15183014329102562,0.7732967821474691
1172,0.2777777777777778,13.0,True,0.3128205128205128,0.6923076923076923,0.21234797611544298,0.6760150508789764
1173,0.2777777777777778,13.0,True,0.42307692307692313,0.6923076923076923,0.21234797611544298,0.6760150508789764
1174,0.2777777777777778,13.0,True,0.5076923076923077,0.7692307692307693,0.276709140773188,0.5725552071907913
1175,0.2777777777777778,13.0,True,0.5282051282051282,0.8461538461538461,0.29457606259681834,0.4878527713892913
1176,0.2777777777777778,13.0,True,0.45384615384615384,0.7692307692307693,0.21584087214857817,0.6254181156238111
1177,0.2777777777777778,13.0,True,0.5025641025641026,0.7692307692307693,0.276709140773188,0.5725552071907913
1178,0.2222222222222222,14.0,True,0.4652014652014652,0.7142857142857143,0.27273028208237604,0.6178266860002799
1179,0.2222222222222222,14.0,True,0.4717948717948718,0.7142857142857143,0.23819611748062863,0.6458459985690298
1180,0.2222222222222222,14.0,True,0.44175824175824174,0.7857142857142857,0.306014919123631,0.5446150394212924
1181,0.2222222222222222,14.0,True,0.3274725274725275,0.6428571428571429,0.17383495282288375,0.7419158534223446
1182,0.2222222222222222,14.0,True,0.4388278388278388,0.6428571428571429,0.17383495282288375,0.7419158534223445
1183,0.2222222222222222,14.0,True,0.34358974358974353,0.6428571428571429,0.21491822624141188,0.7005767548459519
1184,0.2222222222222222,14.0,True,0.41904761904761906,0.6428571428571429,0.23753208421974148,0.6845538347520727
1185,0.2222222222222222,14.0,True,0.3032967032967033,0.42857142857142855,0.11946527737713541,0.8598127531507581
1186,0.2222222222222222,14.0,True,0.32307692307692304,0.35714285714285715,0.08242550182169017,0.8902220097637679
1187,0.2222222222222222,14.0,True,0.3274725274725275,0.42857142857142855,0.11355887257429487,0.8576611402529865
1188,0.2222222222222222,14.0,True,0.3406593406593406,0.42857142857142855,0.10703894780241652,0.8549912206176892
1189,0.2222222222222222,14.0,True,0.33186813186813185,0.35714285714285715,0.0908952491137206,0.8893069993710631
1190,0.2777777777777778,13.0,True,0.24017094017094018,0.38461538461538464,0.11408575783170372,0.8904104442028663
1191,0.2777777777777778,13.0,True,0.20256410256410257,0.3076923076923077,0.10953564913830982,0.9286941242059255
1192,0.2777777777777778,13.0,True,0.22991452991452993,0.3076923076923077,0.09831358561558035,0.9257875983547232
1193,0.2777777777777778,13.0,True,0.2606837606837607,0.38461538461538464,0.13245009202555968,0.8479836109346183
1194,0.2777777777777778,13.0,True,0.3623931623931624,0.46153846153846156,0.11487331841704684,0.8560873938623892
1195,0.2777777777777778,13.0,True,0.30427350427350425,0.46153846153846156,0.1304738254590564,0.8509553984313722
1196,0.4444444444444444,10.0,True,0.3570370370370371,0.6,0.19729366546933014,0.7854752972273343
1197,0.2777777777777778,13.0,True,0.24444444444444444,0.23076923076923078,0.07519936023707652,0.9479479190038742
1198,0.3333333333333333,12.0,True,0.24141414141414141,0.25,0.05351947390120837,0.9873179343530822
1199,0.3333333333333333,12.0,True,0.34949494949494947,0.5833333333333334,0.21045904072757493,0.753333479941888
1200,0.3333333333333333,12.0,True,0.30101010101010106,0.4166666666666667,0.1304738254590564,0.8836333707797247
1201,0.3333333333333333,12.0,True,0.2909090909090909,0.4166666666666667,0.1304738254590564,0.8836333707797247
1202,0.3333333333333333,12.0,True,0.3202020202020202,0.5833333333333334,0.18551600401125967,0.7668937437992748
1203,0.3333333333333333,12.0,True,0.23232323232323232,0.3333333333333333,0.13161501369047446,0.9172097224626077
1204,0.3333333333333333,12.0,True,0.3212121212121212,0.4166666666666667,0.14541251177731473,0.8592975083332074
1205,0.7777777777777778,4.0,False,,,,
1206,0.8333333333333334,3.0,False,,,,
1207,0.8333333333333334,3.0,False,,,,
1208,0.8333333333333334,3.0,False,,,,
1209,0.8333333333333334,3.0,False,,,,
1210,0.8888888888888888,2.0,False,,,,
1211,0.2777777777777778,13.0,True,0.36666666666666664,0.6923076923076923,0.2495123338066464,0.6485456026480259
1212,0.2777777777777778,13.0,True,0.2982905982905983,0.46153846153846156,0.14927343431115048,0.8383457075860213
1213,0.6666666666666666,6.0,True,0.3688888888888889,0.6666666666666666,0.3322472217414514,0.7896900821428475
1214,0.2777777777777778,13.0,True,0.35299145299145296,0.6923076923076923,0.2495123338066464,0.6485456026480259
1215,0.2777777777777778,13.0,True,0.37692307692307686,0.6153846153846154,0.1951525292688593,0.7323395250202962
1216,0.2777777777777778,13.0,True,0.39743589743589747,0.6923076923076923,0.21234797611544298,0.6760150508789764
1217,0.2777777777777778,13.0,True,0.2555555555555556,0.3076923076923077,0.09825699908590113,0.9138311481971516
1218,0.2777777777777778,13.0,True,0.32905982905982906,0.46153846153846156,0.14927343431115048,0.8383457075860213
1219,0.2777777777777778,13.0,True,0.3205128205128205,0.46153846153846156,0.11487331841704684,0.8560873938623892
1220,0.2777777777777778,13.0,True,0.32905982905982906,0.46153846153846156,0.09864941011936845,0.8810960362596495
1221,0.3333333333333333,12.0,True,0.24747474747474746,0.4166666666666667,0.1304738254590564,0.8836333707797247
1222,0.3333333333333333,12.0,True,0.35353535353535354,0.3333333333333333,0.10703894780241652,0.8979444735226818
1223,0.8333333333333334,3.0,False,,,,
1224,0.8333333333333334,3.0,False,,,,
1225,0.8333333333333334,3.0,False,,,,
1226,0.7777777777777778,4.0,False,,,,
1227,0.5555555555555556,8.0,True,0.25,0.5,0.23819611748062863,0.875
1228,0.3333333333333333,12.0,True,0.3070707070707071,0.4166666666666667,0.14541251177731473,0.8592975083332074
1229,0.3888888888888889,11.0,True,0.2484848484848485,0.2727272727272727,0.14732861630518423,0.9484503122074791
1230,0.2777777777777778,13.0,True,0.26495726495726496,0.23076923076923078,0.07649196002033742,0.9577135598377112
1231,0.3333333333333333,12.0,True,0.303030303030303,0.3333333333333333,0.1334446755653479,0.8983741916842143
1232,0.3333333333333333,12.0,True,0.30101010101010106,0.5,0.1680761352378889,0.8223773393621179
1233,0.2777777777777778,13.0,True,0.2623931623931624,0.3076923076923077,0.09825699908590113,0.9138311481971516
1234,0.2777777777777778,13.0,True,0.39572649572649576,0.6153846153846154,0.16989194057793566,0.7442626474488743
1235,0.3333333333333333,12.0,True,0.31717171717171716,0.5,0.15571067269545136,0.8166663857315859
1236,0.3333333333333333,12.0,True,0.3585858585858586,0.5,0.15571067269545136,0.8166663857315859
1237,0.5555555555555556,8.0,True,0.3357142857142857,0.375,0.15751127575663726,0.985056822321508
1238,0.4444444444444444,10.0,True,0.3111111111111111,0.6,0.2359898835472637,0.7627069065377662
1239,0.7777777777777778,4.0,False,,,,
1240,0.7777777777777778,4.0,False,,,,
1241,0.7777777777777778,4.0,False,,,,
1242,0.7777777777777778,4.0,False,,,,
1243,0.7777777777777778,4.0,False,,,,
1244,0.7777777777777778,4.0,False,,,,
1245,0.4444444444444444,10.0,True,0.3940740740740741,0.5,0.09182994307329606,0.9372305632161296
1246,0.4444444444444444,10.0,True,0.27851851851851855,0.3,0.16283865262844976,0.9464119282150146
1247,0.4444444444444444,10.0,True,0.3496296296296296,0.5,0.2193321818585472,0.8359750080865053
1248,0.4444444444444444,10.0,True,0.2651851851851852,0.3,0.17777733894670822,0.9172088932791937
1249,0.5555555555555556,8.0,True,0.369047619047619,0.5,0.23819611748062863,0.875
1250,0.5555555555555556,8.0,True,0.18333333333333332,0.25,0.25118582106156706,0.967132018086354
1251,0.5555555555555556,8.0,True,0.37619047619047613,0.75,0.2686223868677483,0.6695919455357793
1252,0.3333333333333333,12.0,True,0.3181818181818182,0.3333333333333333,0.1381987626013722,0.8710490642551529
1253,0.3333333333333333,12.0,True,0.2686868686868687,0.5,0.13948676439777297,0.8437590816619511
1254,0.3333333333333333,12.0,True,0.2686868686868687,0.25,0.11038703671652328,0.9353340267248305
1255,0.2222222222222222,14.0,True,0.4146520146520147,0.5714285714285714,0.08170416594551055,0.8699155297736259
1256,0.2222222222222222,14.0,True,0.3252747252747253,0.5,0.15594177806398068,0.7984806893213606
1257,0.2222222222222222,14.0,True,0.21245421245421248,0.21428571428571427,0.06369072290993927,0.9578791966200303
1258,0.2777777777777778,13.0,True,0.20256410256410257,0.23076923076923078,0.08530159314641639,0.9549080284177108
1259,0.2777777777777778,13.0,True,0.2931623931623932,0.3076923076923077,0.08242550182169017,0.9061046786569098
1260,0.6666666666666666,6.0,True,0.28888888888888886,0.5,0.34718495912414815,0.8962406251802889
1261,0.6666666666666666,6.0,True,0.3333333333333333,0.3333333333333333,0.3291231618372379,0.9591479170272448
1262,0.6666666666666666,6.0,True,0.3288888888888889,0.5,0.29766076346821446,0.9206198357143051
1263,0.2777777777777778,13.0,True,0.29059829059829057,0.6153846153846154,0.2193321818585472,0.717335694993616
1264,0.2777777777777778,13.0,True,0.3658119658119658,0.6153846153846154,0.1951525292688593,0.7323395250202962
1265,0.2777777777777778,13.0,True,0.3316239316239316,0.46153846153846156,0.1304738254590564,0.8509553984313722
1266,0.3333333333333333,12.0,True,0.27878787878787875,0.4166666666666667,0.14541251177731473,0.8592975083332074
1267,0.2777777777777778,13.0,True,0.21282051282051284,0.3076923076923077,0.07595656279546215,0.9329350879565486
1268,0.2777777777777778,13.0,True,0.4846153846153846,0.7692307692307693,0.276709140773188,0.5725552071907913
1269,0.2777777777777778,13.0,True,0.2982905982905983,0.5384615384615384,0.16090255803053344,0.7851347742968418
1270,0.2777777777777778,13.0,True,0.3333333333333333,0.38461538461538464,0.08529733718501331,0.880247514883099
1271,0.2777777777777778,13.0,True,0.25982905982905985,0.46153846153846156,0.1304738254590565,0.8509553984313722
1272,0.9444444444444444,1.0,False,,,,
1273,0.9444444444444444,1.0,False,,,,
1274,0.4444444444444444,10.0,True,0.28444444444444444,0.3,0.1777773389467081,0.9172088932791937
1275,0.5,9.0,True,0.3648148148148148,0.6666666666666666,0.2578114982937477,0.7233083338141041
1276,0.5,9.0,True,0.3944444444444445,0.6666666666666666,0.07938016428569494,0.9182958340544896
1277,0.5,9.0,True,0.28888888888888886,0.4444444444444444,0.23753208421974148,0.8824252235446576
1278,0.3333333333333333,12.0,True,0.28181818181818186,0.5,0.15571067269545136,0.8166663857315859
1279,0.2777777777777778,13.0,True,0.5282051282051282,0.9230769230769231,0.28391367361213216,0.39124356362925566
1280,0.9444444444444444,1.0,False,,,,
1281,0.9444444444444444,1.0,False,,,,
1282,0.9444444444444444,1.0,False,,,,
1283,0.9444444444444444,1.0,False,,,,
1284,0.9444444444444444,1.0,False,,,,
1285,0.9444444444444444,1.0,False,,,,
1286,0.9444444444444444,1.0,False,,,,
1287,0.9444444444444444,1.0,False,,,,
1288,0.9444444444444444,1.0,False,,,,
1289,0.9444444444444444,1.0,False,,,,
1290,0.9444444444444444,1.0,False,,,,
1291,0.8888888888888888,2.0,False,,,,
1292,0.8888888888888888,2.0,False,,,,
1293,0.8888888888888888,2.0,False,,,,
1294,0.8888888888888888,2.0,False,,,,
1295,0.8888888888888888,2.0,False,,,,
1296,0.8888888888888888,2.0,False,,,,
1297,0.8888888888888888,2.0,False,,,,
1298,0.8888888888888888,2.0,False,,,,
1299,0.8888888888888888,2.0,False,,,,
1300,0.8888888888888888,2.0,False,,,,
1301,0.8888888888888888,2.0,False,,,,
1302,0.3888888888888889,11.0,True,0.3733333333333333,0.6363636363636364,0.19234552450225484,0.7455574250275929
1303,0.2222222222222222,14.0,True,0.3714285714285714,0.5714285714285714,0.17678233000130295,0.7551630862513186
1304,0.2777777777777778,13.0,True,0.3367521367521367,0.38461538461538464,0.0902598724363205,0.8940282437120122
1305,0.2222222222222222,14.0,True,0.2673992673992674,0.42857142857142855,0.11946527737713541,0.8598127531507581
1306,0.2777777777777778,13.0,True,0.34444444444444444,0.5384615384615384,0.1728567309487422,0.7872226051203909
1307,0.3333333333333333,12.0,True,0.42525252525252527,0.6666666666666666,0.19729366546933025,0.7091479170272448
1308,0.3333333333333333,12.0,True,0.4323232323232323,0.75,0.2578114982937477,0.603759374819711
1309,0.2777777777777778,13.0,True,0.34786324786324785,0.6923076923076923,0.21234797611544298,0.6760150508789764
1310,0.2777777777777778,13.0,True,0.42649572649572653,0.7692307692307693,0.276709140773188,0.5725552071907913
1311,0.2777777777777778,13.0,True,0.3504273504273504,0.5384615384615384,0.14467864973285527,0.810143416694102
1312,0.2222222222222222,14.0,True,0.39633699633699637,0.5714285714285714,0.13137891728537632,0.805288621665821
1313,0.9444444444444444,1.0,False,,,,
1314,0.9444444444444444,1.0,False,,,,
1315,0.9444444444444444,1.0,False,,,,
1316,0.2222222222222222,14.0,True,0.4212454212454213,0.6428571428571429,0.21491822624141188,0.7005767548459519
1317,0.2222222222222222,14.0,True,0.4307692307692308,0.6428571428571429,0.1918967501097939,0.7149555854879349
1318,0.2222222222222222,14.0,True,0.2945054945054945,0.42857142857142855,0.11355887257429487,0.8576611402529865
1319,0.2222222222222222,14.0,True,0.2915750915750916,0.5,0.15912656348965937,0.8053204460925903
1320,0.3333333333333333,12.0,True,0.28181818181818186,0.5,0.18446111079059724,0.8165982976888231
1321,0.3333333333333333,12.0,True,0.30606060606060603,0.5,0.13948676439777297,0.8437590816619511
1322,0.3333333333333333,12.0,True,0.502020202020202,0.8333333333333334,0.2686223868677483,0.5152734452350943
1323,0.3333333333333333,12.0,True,0.3656565656565656,0.6666666666666666,0.1446114577924663,0.75
1324,0.3333333333333333,12.0,True,0.26161616161616164,0.5,0.1680761352378889,0.8223773393621179
1325,0.3333333333333333,12.0,True,0.41414141414141414,0.6666666666666666,0.19729366546933025,0.7091479170272448
1326,0.3333333333333333,12.0,True,0.4111111111111111,0.6666666666666666,0.1446114577924663,0.75
1327,0.3333333333333333,12.0,True,0.34444444444444444,0.5833333333333334,0.15916376321404746,0.7755490855036323
1328,0.3333333333333333,12.0,True,0.4727272727272727,0.75,0.07938016428569494,0.8112781244591328
1329,0.3333333333333333,12.0,True,0.35757575757575755,0.5,0.10792020463892982,0.8647869792568111
1330,0.3333333333333333,12.0,True,0.8444444444444444,0.9166666666666666,0.2465602601237794,0.41381685030363374
1331,0.3333333333333333,12.0,True,0.3717171717171717,0.5833333333333334,0.15916376321404746,0.7755490855036323
1332,0.3333333333333333,12.0,True,0.2737373737373738,0.25,0.11038703671652328,0.9353340267248305
1333,0.3333333333333333,12.0,True,0.43636363636363634,0.6666666666666666,0.19729366546933025,0.7091479170272448
1334,0.3333333333333333,12.0,True,0.397979797979798,0.5,0.13771135824906322,0.8129072918469558
1335,0.3333333333333333,12.0,True,0.2777777777777778,0.3333333333333333,0.11355887257429487,0.9111886696810592
1336,0.3333333333333333,12.0,True,0.40101010101010104,0.6666666666666666,0.19729366546933025,0.7091479170272448
1337,0.3333333333333333,12.0,True,0.2555555555555556,0.4166666666666667,0.15982529335367057,0.872497487061585
1338,0.3333333333333333,12.0,True,0.21313131313131314,0.3333333333333333,0.11946527737713553,0.9207822211616017
1339,0.3333333333333333,12.0,True,0.27070707070707073,0.4166666666666667,0.1492734343111506,0.8730017623570717
1340,0.3333333333333333,12.0,True,0.2515151515151515,0.25,0.08891898254721742,0.9513282751069652
1341,0.3333333333333333,12.0,True,0.198989898989899,0.25,0.1170792314405169,0.9533522741071693
1342,0.3333333333333333,12.0,True,0.2777777777777778,0.4166666666666667,0.14927343431115048,0.8730017623570717
1343,0.3333333333333333,12.0,True,0.22222222222222224,0.16666666666666666,0.09656336071428251,0.972765278018163
1344,0.3333333333333333,12.0,True,0.23333333333333334,0.25,0.10979338809523165,0.9517961807358445
1345,0.3333333333333333,12.0,True,0.2808080808080808,0.3333333333333333,0.13161501369047457,0.9172097224626077
1346,0.3333333333333333,12.0,True,0.28181818181818186,0.4166666666666667,0.1304738254590564,0.8836333707797247
1347,0.4444444444444444,10.0,True,0.33037037037037037,0.4,0.13137891728537632,0.9232196723355077
1348,0.3888888888888889,11.0,True,0.33818181818181814,0.45454545454545453,0.14467864973285516,0.8787409903782898
1349,0.3888888888888889,11.0,True,0.25212121212121213,0.2727272727272727,0.11636320171864489,0.960058249314534
1350,0.3888888888888889,11.0,True,0.41333333333333333,0.6363636363636364,0.19234552450225473,0.7455574250275929
1351,0.3888888888888889,11.0,True,0.28484848484848485,0.36363636363636365,0.14100309174572245,0.9162695888499091
1352,0.6666666666666666,6.0,True,0.29333333333333333,0.5,0.34718495912414815,0.8962406251802889
1353,0.6666666666666666,6.0,True,0.2755555555555556,0.3333333333333333,0.35440499063918496,0.9697238998682473
1354,0.6666666666666666,6.0,True,0.28888888888888886,0.3333333333333333,0.2766916661858959,1.0
1355,0.8333333333333334,3.0,False,,,,
1356,0.8333333333333334,3.0,False,,,,
1357,0.8333333333333334,3.0,False,,,,
1358,0.8333333333333334,3.0,False,,,,
1359,0.8888888888888888,2.0,False,,,,
1360,0.8888888888888888,2.0,False,,,,
1361,0.8888888888888888,2.0,False,,,,
1362,0.8888888888888888,2.0,False,,,,
1363,0.8333333333333334,3.0,False,,,,
1364,0.8333333333333334,3.0,False,,,,
1365,0.8888888888888888,2.0,False,,,,
1366,0.8888888888888888,2.0,False,,,,
1367,0.8333333333333334,3.0,False,,,,
1368,0.8333333333333334,3.0,False,,,,
1369,0.8888888888888888,2.0,False,,,,
1370,0.8888888888888888,2.0,False,,,,
1371,0.8888888888888888,2.0,False,,,,
1372,0.8888888888888888,2.0,False,,,,
1373,0.8888888888888888,2.0,False,,,,
1374,0.8888888888888888,2.0,False,,,,
1375,0.8888888888888888,2.0,False,,,,
1376,0.8888888888888888,2.0,False,,,,
1377,0.9444444444444444,1.0,False,,,,
1378,0.8333333333333334,3.0,False,,,,
1379,0.8333333333333334,3.0,False,,,,
1380,0.8333333333333334,3.0,False,,,,
1381,0.8333333333333334,3.0,False,,,,
1382,0.7777777777777778,4.0,False,,,,
1383,0.7777777777777778,4.0,False,,,,
1384,0.7777777777777778,4.0,False,,,,
1385,0.7777777777777778,4.0,False,,,,
1386,0.7777777777777778,4.0,False,,,,
1387,0.7777777777777778,4.0,False,,,,
1388,0.7777777777777778,4.0,False,,,,
1389,0.7777777777777778,4.0,False,,,,
1390,0.7777777777777778,4.0,False,,,,
1391,0.7777777777777778,4.0,False,,,,
1392,0.7777777777777778,4.0,False,,,,
1393,0.7777777777777778,4.0,False,,,,
1394,0.7777777777777778,4.0,False,,,,
1395,0.7777777777777778,4.0,False,,,,
1396,0.7777777777777778,4.0,False,,,,
1397,0.7777777777777778,4.0,False,,,,
1398,0.7777777777777778,4.0,False,,,,
1399,0.7222222222222222,5.0,True,0.26666666666666666,0.4,0.4029642446945727,0.9609640474436811
1400,0.6666666666666666,6.0,True,0.28444444444444444,0.3333333333333333,0.3291231618372379,0.9591479170272447
1401,0.7222222222222222,5.0,True,0.38666666666666666,0.6,0.3833876058898902,0.8649735207179273
1402,0.7222222222222222,5.0,True,0.18000000000000002,0.2,0.42073232993154186,1.0
1403,0.7222222222222222,5.0,True,0.38666666666666666,0.6,0.3833876058898902,0.8649735207179273
1404,0.7222222222222222,5.0,True,0.26666666666666666,0.4,0.4029642446945728,0.9609640474436811
1405,0.6666666666666666,6.0,True,0.2622222222222222,0.3333333333333333,0.3291231618372379,0.9591479170272447
1406,0.6666666666666666,6.0,True,0.19111111111111112,0.16666666666666666,0.36596901696456796,1.0
1407,0.6666666666666666,6.0,True,0.23111111111111113,0.3333333333333333,0.3291231618372379,0.9591479170272447
1408,0.6666666666666666,6.0,True,0.28888888888888886,0.3333333333333333,0.3291231618372379,0.9591479170272447
1409,0.7222222222222222,5.0,True,0.30666666666666664,0.4,0.4029642446945728,0.9609640474436811
1410,0.7222222222222222,5.0,True,0.26,0.4,0.3624185086075715,0.9602297178607612
1411,0.7222222222222222,5.0,True,0.3733333333333333,0.6,0.3833876058898902,0.8649735207179273
1412,0.7222222222222222,5.0,True,0.19333333333333333,0.4,0.4029642446945727,0.9609640474436811
1413,0.7222222222222222,5.0,True,0.28,0.4,0.4029642446945727,0.9609640474436811
1414,0.8888888888888888,2.0,False,,,,
1415,0.9444444444444444,1.0,False,,,,
1416,0.9444444444444444,1.0,False,,,,
1417,0.9444444444444444,1.0,False,,,,
1418,0.9444444444444444,1.0,False,,,,
1419,0.9444444444444444,1.0,False,,,,
1420,0.9444444444444444,1.0,False,,,,
1421,0.9444444444444444,1.0,False,,,,
1422,0.7777777777777778,4.0,False,,,,
1423,0.7777777777777778,4.0,False,,,,
1424,0.7777777777777778,4.0,False,,,,
1425,0.8333333333333334,3.0,False,,,,
1426,0.7777777777777778,4.0,False,,,,
1427,0.7777777777777778,4.0,False,,,,
1428,0.7222222222222222,5.0,True,0.41333333333333333,0.8,0.33566834541287394,0.7219280948873623
1429,0.7777777777777778,4.0,False,,,,
1430,0.7777777777777778,4.0,False,,,,
1431,0.7777777777777778,4.0,False,,,,
1432,0.7777777777777778,4.0,False,,,,
1433,0.7777777777777778,4.0,False,,,,
1434,0.7777777777777778,4.0,False,,,,
1435,0.7777777777777778,4.0,False,,,,
1436,0.7777777777777778,4.0,False,,,,
1437,0.8888888888888888,2.0,False,,,,
1438,0.8888888888888888,2.0,False,,,,
1439,0.9444444444444444,1.0,False,,,,
1440,0.9444444444444444,1.0,False,,,,
1441,0.9444444444444444,1.0,False,,,,
1442,0.9444444444444444,1.0,False,,,,
1443,0.9444444444444444,1.0,False,,,,
1444,0.9444444444444444,1.0,False,,,,
1445,0.9444444444444444,1.0,False,,,,
1446,0.8333333333333334,3.0,False,,,,
1447,0.8333333333333334,3.0,False,,,,
1448,0.8333333333333334,3.0,False,,,,
1449,0.8333333333333334,3.0,False,,,,
1450,0.8333333333333334,3.0,False,,,,
1451,0.8333333333333334,3.0,False,,,,
1452,0.8333333333333334,3.0,False,,,,
1453,0.8333333333333334,3.0,False,,,,
1454,0.7777777777777778,4.0,False,,,,
1455,0.8888888888888888,2.0,False,,,,
1456,0.8888888888888888,2.0,False,,,,
1457,0.4444444444444444,10.0,True,0.34814814814814815,0.5,0.1951525292688593,0.8445412464587145
1458,0.5555555555555556,8.0,True,0.2285714285714286,0.5,0.27273028208237604,0.8613531161467861
1459,0.7777777777777778,4.0,False,,,,
1460,0.7777777777777778,4.0,False,,,,
1461,0.7777777777777778,4.0,False,,,,
1462,0.3888888888888889,11.0,True,0.3103030303030303,0.5454545454545454,0.15916376321404746,0.8085947862963576
1463,0.3888888888888889,11.0,True,0.34545454545454546,0.5454545454545454,0.15916376321404746,0.8085947862963575
1464,0.3888888888888889,11.0,True,0.26545454545454544,0.45454545454545453,0.1728567309487422,0.8596610491977074
1465,0.3888888888888889,11.0,True,0.43636363636363634,0.7272727272727273,0.2485372240444479,0.6388067184095577
1466,0.3888888888888889,11.0,True,0.3563636363636364,0.5454545454545454,0.1411019659271372,0.8429078545765152
1467,0.3888888888888889,11.0,True,0.23272727272727275,0.45454545454545453,0.16090255803053344,0.8491853220906186
1468,0.3888888888888889,11.0,True,0.2727272727272727,0.36363636363636365,0.15912656348965937,0.9084496903145964
1469,0.3888888888888889,11.0,True,0.34060606060606063,0.6363636363636364,0.19234552450225484,0.7455574250275929
1470,0.3888888888888889,11.0,True,0.46424242424242423,0.6363636363636364,0.11789774674568998,0.826074224242703
1471,0.3888888888888889,11.0,True,0.3284848484848485,0.6363636363636364,0.19234552450225484,0.7455574250275927
1472,0.3888888888888889,11.0,True,0.36848484848484847,0.6363636363636364,0.23154524362474638,0.7204930400545079
1473,0.3888888888888889,11.0,True,0.35515151515151516,0.7272727272727273,0.2485372240444479,0.6388067184095577
1474,0.3888888888888889,11.0,True,0.526060606060606,0.8181818181818182,0.25339331781728935,0.5462947022805018
1475,0.3333333333333333,12.0,True,0.43434343434343436,0.6666666666666666,0.19729366546933025,0.7091479170272448
1476,0.3333333333333333,12.0,True,0.39696969696969703,0.5833333333333334,0.11396137313245958,0.8080141510844469
1477,0.2777777777777778,13.0,True,0.39572649572649576,0.6153846153846154,0.2193321818585472,0.717335694993616
1478,0.2777777777777778,13.0,True,0.3367521367521367,0.6153846153846154,0.15183014329102562,0.7732967821474691
1479,0.2777777777777778,13.0,True,0.34786324786324785,0.6153846153846154,0.2193321818585472,0.717335694993616
1480,0.7222222222222222,5.0,True,0.16666666666666666,0.2,0.42073232993154186,1.0
1481,0.2777777777777778,13.0,True,0.5153846153846154,0.7692307692307693,0.21584087214857817,0.6254181156238111
1482,0.2777777777777778,13.0,True,0.28717948717948716,0.46153846153846156,0.08051847974753523,0.8879294741223203
1483,0.2222222222222222,14.0,True,0.3069597069597069,0.5714285714285714,0.17678233000130317,0.7551630862513186
1484,0.2777777777777778,13.0,True,0.2752136752136752,0.5384615384615384,0.1728567309487422,0.7872226051203909
1485,0.2777777777777778,13.0,True,0.28547008547008546,0.5384615384615384,0.18893472042367454,0.7796616846003024
1486,0.2777777777777778,13.0,True,0.3820512820512821,0.5384615384615384,0.16090255803053344,0.7851347742968418
1487,0.16666666666666666,15.0,True,0.3180952380952381,0.4666666666666667,0.15004832282904712,0.8120808359231131
1488,0.16666666666666666,15.0,True,0.29904761904761906,0.4666666666666667,0.15004832282904712,0.8120808359231131
1489,0.16666666666666666,15.0,True,0.36507936507936506,0.6,0.21289219419266392,0.7240345888528968
1490,0.16666666666666666,15.0,True,0.24888888888888888,0.4,0.1170792314405169,0.8642388260732418
1491,0.16666666666666666,15.0,True,0.45206349206349206,0.7333333333333333,0.2762237655134976,0.6183203709705837
1492,0.16666666666666666,15.0,True,0.27238095238095233,0.4666666666666667,0.13606892464083475,0.8300072595050233
1493,0.16666666666666666,15.0,True,0.3980952380952381,0.5333333333333333,0.15002259305069887,0.7995789215949071
1494,0.16666666666666666,15.0,True,0.3377777777777778,0.5333333333333333,0.17678233000130317,0.7638295372627469
1495,0.16666666666666666,15.0,True,0.31174603174603177,0.5333333333333333,0.17955995326299723,0.7742367184132574
1496,0.16666666666666666,15.0,True,0.28825396825396826,0.4666666666666667,0.15289694179995983,0.8191965522212984
1497,0.16666666666666666,15.0,True,0.3574603174603175,0.3333333333333333,0.10781020199848224,0.8609816190354953
1498,0.16666666666666666,15.0,True,0.2533333333333333,0.4666666666666667,0.13606892464083487,0.8300072595050231
1499,0.2222222222222222,14.0,True,0.34945054945054943,0.7142857142857143,0.23819611748062863,0.6458459985690298
1500,0.16666666666666666,15.0,True,0.4571428571428572,0.8,0.29766076346821446,0.5713619478607344
1501,0.16666666666666666,15.0,True,0.346031746031746,0.4666666666666667,0.16090255803053344,0.7850439487623072
1502,0.16666666666666666,15.0,True,0.4241269841269842,0.6666666666666666,0.20840496387049523,0.7128025995084719
1503,0.16666666666666666,15.0,True,0.4749206349206349,0.7333333333333333,0.23624646620487744,0.664357405712226
1504,0.16666666666666666,15.0,True,0.6019047619047619,0.8,0.34718495912414815,0.5194602975157968
1505,0.16666666666666666,15.0,True,0.33206349206349206,0.5333333333333333,0.16283865262844976,0.7892663542982413
1506,0.16666666666666666,15.0,True,0.46793650793650793,0.6666666666666666,0.19209773402987418,0.7312088026202269
1507,0.16666666666666666,15.0,True,0.3936507936507937,0.6,0.18815848929080803,0.7486316789498983
1508,0.16666666666666666,15.0,True,0.2704761904761905,0.4,0.0964076385283108,0.880866746092646
1509,0.16666666666666666,15.0,True,0.5301587301587302,0.8666666666666667,0.3833876058898902,0.4415516705081735
1510,0.16666666666666666,15.0,True,0.33142857142857146,0.5333333333333333,0.17955995326299723,0.7742367184132574
1511,0.2222222222222222,14.0,True,0.32967032967032966,0.5714285714285714,0.13137891728537632,0.805288621665821
1512,0.2222222222222222,14.0,True,0.528937728937729,0.7857142857142857,0.306014919123631,0.5446150394212924
1513,0.2222222222222222,14.0,True,0.45860805860805864,0.7857142857142857,0.306014919123631,0.5446150394212924
1514,0.2222222222222222,14.0,True,0.432967032967033,0.8571428571428571,0.3322472217414514,0.463436782324667
1515,0.2222222222222222,14.0,True,0.49523809523809526,0.9285714285714286,0.33566834541287394,0.37123232664087563
1516,0.2222222222222222,14.0,True,0.39780219780219783,0.42857142857142855,0.0922478360707586,0.8636983367872396
1517,0.16666666666666666,15.0,True,0.5117460317460317,0.6666666666666666,0.22646676115740538,0.6876396827696896
1518,0.16666666666666666,15.0,True,0.48888888888888893,0.8666666666666667,0.3833876058898902,0.4415516705081735
1519,0.16666666666666666,15.0,True,0.5555555555555555,0.9333333333333333,0.404094081887449,0.35335933502142136
1520,0.16666666666666666,15.0,True,0.3707936507936508,0.5333333333333333,0.16283865262844976,0.7892663542982413
1521,0.16666666666666666,15.0,True,0.353015873015873,0.5333333333333333,0.16989194057793566,0.766457281989699
1522,0.16666666666666666,15.0,True,0.4146031746031746,0.6,0.2043823975884862,0.7269575222056059
1523,0.16666666666666666,15.0,True,0.43936507936507935,0.5333333333333333,0.11964956096215318,0.836452797660028
1524,0.16666666666666666,15.0,True,0.3879365079365079,0.5333333333333333,0.15002259305069887,0.7995789215949071
1525,0.16666666666666666,15.0,True,0.29333333333333333,0.4666666666666667,0.11370024103574272,0.8447411335095912
1526,0.16666666666666666,15.0,True,0.6,1.0,0.3499775783516459,0.0
1527,0.16666666666666666,15.0,True,0.3511111111111111,0.6,0.1621055964996605,0.7773048806327832
1528,0.16666666666666666,15.0,True,0.6666666666666666,1.0,0.3499775783516459,0.0
1529,0.16666666666666666,15.0,True,0.6,1.0,0.3499775783516459,0.0
1530,0.16666666666666666,15.0,True,0.29523809523809524,0.4666666666666667,0.13606892464083475,0.8300072595050231
1531,0.16666666666666666,15.0,True,0.5123809523809524,0.8666666666666667,0.3833876058898902,0.4415516705081735
1532,0.16666666666666666,15.0,True,0.5473015873015873,0.8666666666666667,0.3833876058898902,0.4415516705081735
1533,0.16666666666666666,15.0,True,0.4749206349206349,0.6666666666666666,0.20840496387049523,0.7128025995084719
1534,0.16666666666666666,15.0,True,0.3377777777777778,0.5333333333333333,0.16283865262844976,0.7892663542982413
1535,0.16666666666666666,15.0,True,0.6133333333333333,0.9333333333333333,0.404094081887449,0.35335933502142136
1536,0.16666666666666666,15.0,True,0.6,0.8666666666666667,0.2920250942223881,0.5665095065529053
1537,0.16666666666666666,15.0,True,0.446984126984127,0.4666666666666667,0.15916376321404746,0.7814033158465871
1538,0.16666666666666666,15.0,True,0.4406349206349206,0.7333333333333333,0.2762237655134976,0.6183203709705837
1539,0.2222222222222222,14.0,True,0.6952380952380952,0.9285714285714286,0.33566834541287394,0.37123232664087563
1540,0.2222222222222222,14.0,True,0.432967032967033,0.6428571428571429,0.15196319408386638,0.7559279292634755
1541,0.2222222222222222,14.0,True,0.46813186813186813,0.8571428571428571,0.3322472217414514,0.463436782324667
1542,0.2222222222222222,14.0,True,0.3765567765567765,0.5714285714285714,0.13137891728537632,0.805288621665821
1543,0.2222222222222222,14.0,True,0.454945054945055,0.7142857142857143,0.23819611748062863,0.6458459985690298
1544,0.2222222222222222,14.0,True,0.5333333333333333,1.0,0.23579549349137974,0.0
1545,0.2222222222222222,14.0,True,0.44761904761904764,0.5714285714285714,0.08170416594551055,0.8699155297736259
1546,0.2222222222222222,14.0,True,0.3355311355311355,0.5714285714285714,0.1874785426555272,0.7544450120149419
1547,0.2222222222222222,14.0,True,0.3069597069597069,0.2857142857142857,0.05904160991070062,0.9337851376692218
1548,0.2222222222222222,14.0,True,0.3992673992673993,0.5714285714285714,0.17678233000130317,0.7551630862513186
1549,0.9444444444444444,1.0,False,,,,
1550,0.2222222222222222,14.0,True,0.5172161172161173,0.7857142857142857,0.306014919123631,0.5446150394212924
1551,0.2222222222222222,14.0,True,0.3010989010989011,0.5,0.14100309174572245,0.8193399999898042
1552,0.2222222222222222,14.0,True,0.3377289377289377,0.5,0.15594177806398068,0.7984806893213606
1553,0.2222222222222222,14.0,True,0.4673992673992674,0.7857142857142857,0.2498638271957958,0.5970948432879916
1554,0.2222222222222222,14.0,True,0.5714285714285714,0.9285714285714286,0.33566834541287394,0.37123232664087563
1555,0.2222222222222222,14.0,True,0.7523809523809523,0.9285714285714286,0.33566834541287394,0.37123232664087563
1556,0.2222222222222222,14.0,True,0.4857142857142857,0.9285714285714286,0.33566834541287394,0.37123232664087563
1557,0.2222222222222222,14.0,True,0.5333333333333333,1.0,0.23579549349137974,0.0
1558,0.16666666666666666,15.0,True,0.3593650793650794,0.5333333333333333,0.13137891728537632,0.820111964470926
1559,0.16666666666666666,15.0,True,0.38920634920634917,0.6666666666666666,0.24597054513177197,0.6713982813606043
1560,0.16666666666666666,15.0,True,0.38285714285714284,0.6666666666666666,0.2661245073798253,0.6546601218437399
1561,0.16666666666666666,15.0,True,0.49777777777777776,0.9333333333333333,0.404094081887449,0.35335933502142136
1562,0.16666666666666666,15.0,True,0.4571428571428572,0.8666666666666667,0.3833876058898902,0.4415516705081735
1563,0.16666666666666666,15.0,True,0.3352380952380952,0.5333333333333333,0.17955995326299723,0.7742367184132574
1564,0.16666666666666666,15.0,True,0.5041269841269841,0.8666666666666667,0.3833876058898902,0.4415516705081735
1565,0.16666666666666666,15.0,True,0.8666666666666667,1.0,0.3499775783516459,0.0
1566,0.16666666666666666,15.0,True,0.34793650793650793,0.6,0.2043823975884862,0.7269575222056059
1567,0.16666666666666666,15.0,True,0.3879365079365079,0.6666666666666666,0.24597054513177197,0.6713982813606043
1568,0.16666666666666666,15.0,True,0.6622222222222223,0.9333333333333333,0.404094081887449,0.35335933502142136
1569,0.16666666666666666,15.0,True,0.3422222222222222,0.5333333333333333,0.17777733894670822,0.7697976643410275
1570,0.16666666666666666,15.0,True,0.5866666666666667,0.9333333333333333,0.404094081887449,0.35335933502142136
1571,0.16666666666666666,15.0,True,0.6,1.0,0.3499775783516459,0.0
1572,0.16666666666666666,15.0,True,0.4819047619047619,0.8,0.34718495912414815,0.5194602975157968
1573,0.16666666666666666,15.0,True,0.6012698412698413,0.8,0.34718495912414815,0.5194602975157968
1574,0.16666666666666666,15.0,True,0.44126984126984126,0.6666666666666666,0.22646676115740538,0.6876396827696896
1575,0.1111111111111111,16.0,True,0.5266666666666667,0.875,0.45123108007902324,0.42181719939456
1576,0.1111111111111111,16.0,True,0.4611111111111111,0.875,0.45123108007902324,0.42181719939456
1577,0.1111111111111111,16.0,True,0.5572222222222223,0.75,0.35440499063918496,0.5647367493189938
1578,0.1111111111111111,16.0,True,0.49777777777777776,0.8125,0.3624185086075715,0.5478948105177535
1579,0.1111111111111111,16.0,True,0.3161111111111111,0.4375,0.13606892464083475,0.8369450311585397
1580,0.1111111111111111,16.0,True,0.36833333333333335,0.6875,0.30727790249353115,0.6273362811779478
1581,0.1111111111111111,16.0,True,0.3227777777777778,0.5625,0.1979535078744057,0.7609074352683902
1582,0.1111111111111111,16.0,True,0.31666666666666665,0.375,0.1304738254590564,0.8433532525013715
1583,0.1111111111111111,16.0,True,0.39166666666666666,0.5625,0.1621055964996605,0.8112781244591329
1584,0.1111111111111111,16.0,True,0.5638888888888888,0.875,0.45123108007902324,0.42181719939456
1585,0.1111111111111111,16.0,True,0.41888888888888887,0.75,0.3291231618372379,0.5931390622295665
1586,0.1111111111111111,16.0,True,0.31166666666666665,0.4375,0.14467864973285516,0.8274070571684498
1587,0.1111111111111111,16.0,True,0.5022222222222222,0.875,0.3776340271255507,0.5435644431995964
1588,0.1111111111111111,16.0,True,0.23277777777777778,0.375,0.10793189387317281,0.8746845143040608
1589,0.1111111111111111,16.0,True,0.5611111111111112,0.875,0.45123108007902324,0.42181719939456
1590,0.9444444444444444,1.0,False,,,,
1591,0.9444444444444444,1.0,False,,,,
1592,0.9444444444444444,1.0,False,,,,
1593,0.9444444444444444,1.0,False,,,,
1594,0.9444444444444444,1.0,False,,,,
1595,0.8888888888888888,2.0,False,,,,
1596,0.1111111111111111,16.0,True,0.40166666666666667,0.5625,0.19390138864850348,0.7871203566965334
1597,0.1111111111111111,16.0,True,0.26833333333333337,0.4375,0.1402722872720119,0.8349668274156377
1598,0.1111111111111111,16.0,True,0.315,0.3125,0.08427760089768865,0.8992085220551607
1599,0.1111111111111111,16.0,True,0.4111111111111111,0.4375,0.14110196592713709,0.8387106419146824
1600,0.1111111111111111,16.0,True,0.31555555555555553,0.5625,0.2195867761904634,0.7389723955628997
1601,0.1111111111111111,16.0,True,0.34388888888888886,0.5625,0.18815848929080803,0.7729510322715425
1602,0.1111111111111111,16.0,True,0.4522222222222222,0.875,0.45123108007902324,0.42181719939456
1603,0.1111111111111111,16.0,True,0.35666666666666663,0.375,0.09224783607075837,0.9025182662886329
1604,0.1111111111111111,16.0,True,0.5333333333333333,1.0,0.49674166522435426,0.0
1605,0.1111111111111111,16.0,True,0.6633333333333333,0.8125,0.2920250942223881,0.6962122601251458
1606,0.1111111111111111,16.0,True,0.5216666666666667,0.875,0.3776340271255507,0.5435644431995964
1607,0.1111111111111111,16.0,True,0.4683333333333334,0.8125,0.2920250942223881,0.6962122601251458
1608,0.1111111111111111,16.0,True,0.36777777777777776,0.5,0.15183014329102562,0.8246987351738496
1609,0.1111111111111111,16.0,True,0.46444444444444444,0.75,0.2766916661858959,0.6695919455357793
1610,0.1111111111111111,16.0,True,0.5144444444444445,0.8125,0.3624185086075715,0.5478948105177535
1611,0.1111111111111111,16.0,True,0.6055555555555555,0.6875,0.17995740397399085,0.8960382325345574
1612,0.1111111111111111,16.0,True,0.41888888888888887,0.5,0.16055842170362478,0.807518546387612
1613,0.1111111111111111,16.0,True,0.5333333333333333,1.0,0.49674166522435426,0.0
1614,0.1111111111111111,16.0,True,0.4872222222222222,0.875,0.3776340271255507,0.5435644431995964
1615,0.1111111111111111,16.0,True,0.4522222222222222,0.6875,0.2498638271957958,0.7076765296822563
1616,0.1111111111111111,16.0,True,0.6333333333333333,0.9375,0.49331815297919934,0.3372900666170139
1617,0.1111111111111111,16.0,True,0.39333333333333337,0.75,0.3291231618372379,0.5931390622295665
1618,0.16666666666666666,15.0,True,0.42349206349206353,0.8666666666666667,0.3833876058898902,0.4415516705081735
1619,0.1111111111111111,16.0,True,0.44666666666666666,0.6875,0.30727790249353115,0.6273362811779478
1620,0.1111111111111111,16.0,True,0.51,0.875,0.45123108007902324,0.42181719939456
1621,0.1111111111111111,16.0,True,0.5266666666666667,0.8125,0.4029642446945727,0.4966963645051813
1622,0.1111111111111111,16.0,True,0.46,0.75,0.29766076346821446,0.6398243839286436
1623,0.9444444444444444,1.0,False,,,,
1624,0.9444444444444444,1.0,False,,,,
1625,0.1111111111111111,16.0,True,0.5855555555555555,0.875,0.45123108007902324,0.42181719939456
1626,0.1111111111111111,16.0,True,0.4166666666666667,0.75,0.35440499063918496,0.5647367493189938
1627,0.1111111111111111,16.0,True,0.2838888888888889,0.4375,0.14100309174572245,0.8304887289470877
1628,0.1111111111111111,16.0,True,0.3972222222222222,0.6875,0.2152773689225589,0.7567751872715527
1629,0.1111111111111111,16.0,True,0.5166666666666667,0.9375,0.49331815297919934,0.3372900666170139
1630,0.1111111111111111,16.0,True,0.3527777777777778,0.4375,0.15912656348965937,0.8092251548780776
1631,0.1111111111111111,16.0,True,0.5,0.9375,0.49331815297919934,0.3372900666170139
1632,0.1111111111111111,16.0,True,0.49,0.6875,0.2498638271957958,0.7076765296822563
1633,0.1111111111111111,16.0,True,0.4266666666666667,0.625,0.23819611748062863,0.7118974703476992
1634,0.1111111111111111,16.0,True,0.38833333333333336,0.5625,0.17193458099312964,0.7932705542193164
1635,0.1111111111111111,16.0,True,0.5333333333333333,1.0,0.49674166522435426,0.0
1636,0.1111111111111111,16.0,True,0.5333333333333333,1.0,0.49674166522435426,0.0
1637,0.1111111111111111,16.0,True,0.45055555555555554,0.6875,0.2906644957401896,0.6445680921309758
1638,0.1111111111111111,16.0,True,0.2638888888888889,0.375,0.09656336071428251,0.8852130207431887
1639,0.1111111111111111,16.0,True,0.40611111111111114,0.5625,0.21234797611544298,0.7456573285181993
1640,0.1111111111111111,16.0,True,0.2688888888888889,0.4375,0.1402722872720119,0.8349668274156377
1641,0.1111111111111111,16.0,True,0.25722222222222224,0.4375,0.1340985889242352,0.8405940738665993
1642,0.1111111111111111,16.0,True,0.23444444444444443,0.25,0.04575749056067513,0.9463946303571862
1643,0.1111111111111111,16.0,True,0.34055555555555556,0.5625,0.1979535078744057,0.7609074352683902
1644,0.5555555555555556,8.0,True,0.2571428571428572,0.25,0.25118582106156706,0.967132018086354
1645,0.5555555555555556,8.0,True,0.20714285714285716,0.125,0.2667304771835447,1.0
1646,0.6666666666666666,6.0,True,0.17333333333333334,0.16666666666666666,0.36596901696456796,1.0
1647,0.7222222222222222,5.0,True,0.22666666666666666,0.4,0.4029642446945728,0.9609640474436811
1648,0.7222222222222222,5.0,True,0.3266666666666667,0.4,0.4029642446945727,0.9609640474436811
1649,0.7222222222222222,5.0,True,0.16,0.4,0.4029642446945727,0.9609640474436811
1650,0.8333333333333334,3.0,False,,,,
1651,0.8333333333333334,3.0,False,,,,
1652,0.8333333333333334,3.0,False,,,,
1653,0.8333333333333334,3.0,False,,,,
1654,0.8333333333333334,3.0,False,,,,
1655,0.8333333333333334,3.0,False,,,,
1656,0.8888888888888888,2.0,False,,,,
1657,0.8888888888888888,2.0,False,,,,
1658,0.8888888888888888,2.0,False,,,,
1659,0.8888888888888888,2.0,False,,,,
1660,0.8888888888888888,2.0,False,,,,
1661,0.8888888888888888,2.0,False,,,,
1662,0.8888888888888888,2.0,False,,,,
1663,0.7777777777777778,4.0,False,,,,
1664,0.8333333333333334,3.0,False,,,,
1665,0.8333333333333334,3.0,False,,,,
1666,0.9444444444444444,1.0,False,,,,
1667,0.4444444444444444,10.0,True,0.2533333333333333,0.4,0.20261759211182184,0.8983289127685206
1668,0.2777777777777778,13.0,True,0.30769230769230765,0.5384615384615384,0.18893472042367454,0.7796616846003024
1669,0.2222222222222222,14.0,True,0.2915750915750916,0.42857142857142855,0.09862018625603641,0.8785204509214299
1670,0.2222222222222222,14.0,True,0.2021978021978022,0.35714285714285715,0.09831358561558023,0.8974602008183249
1671,0.16666666666666666,15.0,True,0.29968253968253966,0.4666666666666667,0.13130188803690324,0.8303663197842321
1672,0.1111111111111111,16.0,True,0.3188888888888889,0.375,0.0964076385283108,0.8846257998344363
1673,0.1111111111111111,16.0,True,0.26722222222222225,0.375,0.10793189387317281,0.8746845143040608
1674,0.1111111111111111,16.0,True,0.28555555555555556,0.4375,0.14732861630518423,0.8248672509048603
1675,0.1111111111111111,16.0,True,0.3472222222222222,0.375,0.14927343431115048,0.8210705794505767
1676,0.1111111111111111,16.0,True,0.29277777777777775,0.4375,0.1340985889242352,0.8405940738665993
1677,0.1111111111111111,16.0,True,0.33166666666666667,0.4375,0.15912656348965937,0.8092251548780776
1678,0.1111111111111111,16.0,True,0.5055555555555556,0.8125,0.3624185086075715,0.5478948105177535
1679,0.1111111111111111,16.0,True,0.2916666666666667,0.4375,0.13130188803690312,0.8423415361816293
1680,0.1111111111111111,16.0,True,0.4011111111111111,0.625,0.2297466368340937,0.7208642439793533
1681,0.1111111111111111,16.0,True,0.46,0.6875,0.2906644957401896,0.6445680921309758
1682,0.1111111111111111,16.0,True,0.5066666666666666,0.8125,0.3624185086075715,0.5478948105177535
1683,0.1111111111111111,16.0,True,0.43777777777777777,0.5,0.19729366546933025,0.7653195311147832
1684,0.1111111111111111,16.0,True,0.3716666666666667,0.6875,0.2906644957401896,0.6445680921309758
1685,0.1111111111111111,16.0,True,0.36944444444444446,0.3125,0.0556657648710861,0.9388906303246313
1686,0.1111111111111111,16.0,True,0.48666666666666664,0.875,0.3776340271255507,0.5435644431995964
1687,0.1111111111111111,16.0,True,0.535,0.75,0.3291231618372379,0.5931390622295665
1688,0.1111111111111111,16.0,True,0.4272222222222222,0.75,0.35440499063918496,0.5647367493189938
1689,0.1111111111111111,16.0,True,0.3383333333333333,0.4375,0.1728567309487422,0.791570357936199
1690,0.1111111111111111,16.0,True,0.3711111111111111,0.5,0.17955995326299723,0.7846601488850092
1691,0.16666666666666666,15.0,True,0.3707936507936508,0.5333333333333333,0.16283865262844976,0.7892663542982413
1692,0.16666666666666666,15.0,True,0.413968253968254,0.6666666666666666,0.24597054513177197,0.6713982813606043
1693,0.16666666666666666,15.0,True,0.39301587301587304,0.6,0.21289219419266392,0.7240345888528967
1694,0.16666666666666666,15.0,True,0.37587301587301586,0.5333333333333333,0.17678233000130317,0.7638295372627469
1695,0.8888888888888888,2.0,False,,,,
1696,0.8888888888888888,2.0,False,,,,
1697,0.8888888888888888,2.0,False,,,,
1698,0.8888888888888888,2.0,False,,,,
1699,0.8888888888888888,2.0,False,,,,
1700,0.8888888888888888,2.0,False,,,,
1701,0.8888888888888888,2.0,False,,,,
1702,0.8888888888888888,2.0,False,,,,
1703,0.8888888888888888,2.0,False,,,,
1704,0.8888888888888888,2.0,False,,,,
1705,0.9444444444444444,1.0,False,,,,
1706,0.9444444444444444,1.0,False,,,,
1707,0.9444444444444444,1.0,False,,,,
1708,0.6666666666666666,6.0,True,0.3333333333333333,0.5,0.29766076346821446,0.9206198357143051
1709,0.6666666666666666,6.0,True,0.2755555555555556,0.5,0.34718495912414815,0.8962406251802889
1710,0.6666666666666666,6.0,True,0.29333333333333333,0.5,0.34718495912414815,0.8962406251802889
1711,0.6666666666666666,6.0,True,0.41777777777777775,0.6666666666666666,0.3322472217414514,0.7896900821428475
1712,0.1111111111111111,16.0,True,0.43333333333333335,0.75,0.3291231618372379,0.5931390622295665
1713,0.1111111111111111,16.0,True,0.41444444444444445,0.5625,0.21491822624141188,0.7394359844601422
1714,0.1111111111111111,16.0,True,0.3572222222222222,0.75,0.35440499063918496,0.5647367493189938
1715,0.1111111111111111,16.0,True,0.4172222222222222,0.5625,0.21491822624141188,0.7394359844601422
1716,0.1111111111111111,16.0,True,0.43166666666666664,0.6875,0.2906644957401896,0.6445680921309758
1717,0.1111111111111111,16.0,True,0.4727777777777778,0.75,0.3291231618372379,0.5931390622295665
1718,0.1111111111111111,16.0,True,0.48388888888888887,0.8125,0.4029642446945727,0.4966963645051813
1719,0.8333333333333334,3.0,False,,,,
1720,0.8333333333333334,3.0,False,,,,
1721,0.8888888888888888,2.0,False,,,,
1722,0.9444444444444444,1.0,False,,,,
1723,0.9444444444444444,1.0,False,,,,
1724,0.9444444444444444,1.0,False,,,,
1725,0.9444444444444444,1.0,False,,,,
1726,0.9444444444444444,1.0,False,,,,
1727,0.9444444444444444,1.0,False,,,,
1728,0.8333333333333334,3.0,False,,,,
1729,0.8333333333333334,3.0,False,,,,
1730,0.1111111111111111,16.0,True,0.3611111111111111,0.5625,0.21491822624141188,0.7394359844601422
1731,0.1111111111111111,16.0,True,0.5122222222222222,0.8125,0.4029642446945727,0.4966963645051813
1732,0.1111111111111111,16.0,True,0.36833333333333335,0.5625,0.21241990716702208,0.7451559367333088
1733,0.1111111111111111,16.0,True,0.5333333333333333,1.0,0.49674166522435426,0.0
1734,0.1111111111111111,16.0,True,0.49166666666666664,0.9375,0.49331815297919934,0.3372900666170139
1735,0.1111111111111111,16.0,True,0.5183333333333333,0.875,0.45123108007902324,0.42181719939456
1736,0.1111111111111111,16.0,True,0.6,1.0,0.49674166522435426,0.0
1737,0.1111111111111111,16.0,True,0.43,0.6875,0.2581619682265873,0.6858203810934291
1738,0.1111111111111111,16.0,True,0.49166666666666664,0.9375,0.49331815297919934,0.3372900666170139
1739,0.1111111111111111,16.0,True,0.455,0.8125,0.4029642446945727,0.4966963645051813
1740,0.9444444444444444,1.0,False,,,,
1741,0.9444444444444444,1.0,False,,,,
1742,0.9444444444444444,1.0,False,,,,
1743,0.9444444444444444,1.0,False,,,,
1744,0.9444444444444444,1.0,False,,,,
1745,0.9444444444444444,1.0,False,,,,
1746,0.9444444444444444,1.0,False,,,,
1747,0.9444444444444444,1.0,False,,,,
1748,0.05555555555555555,17.0,True,0.39656862745098037,0.7647058823529411,0.42073232993154186,0.541668290359525
1749,0.05555555555555555,17.0,True,0.4019607843137255,0.7647058823529411,0.42073232993154186,0.541668290359525
1750,0.05555555555555555,17.0,True,0.45147058823529407,0.8235294117647058,0.47946322988451684,0.4759970409543915
1751,0.05555555555555555,17.0,True,0.47205882352941175,0.8823529411764706,0.5429085807823932,0.4039252872349831
1752,0.05555555555555555,17.0,True,0.4725490196078431,0.7058823529411765,0.3322472217414514,0.6853870929104108
1753,0.05555555555555555,17.0,True,0.4867647058823529,0.7647058823529411,0.4029642446945728,0.5700338813359286
1754,0.8888888888888888,2.0,False,,,,
1755,0.05555555555555555,17.0,True,0.41715686274509806,0.7647058823529411,0.4029642446945728,0.5700338813359286
1756,0.05555555555555555,17.0,True,0.4901960784313726,0.8235294117647058,0.47946322988451684,0.4759970409543915
1757,0.05555555555555555,17.0,True,0.4745098039215686,0.5294117647058824,0.25339331781728935,0.7907427323313921
1758,0.05555555555555555,17.0,True,0.6857843137254902,0.8235294117647058,0.45123108007902324,0.5264143616682583
1759,0.05555555555555555,17.0,True,0.5970588235294119,0.8823529411764706,0.5429085807823932,0.4039252872349831
1760,0.05555555555555555,17.0,True,0.5225490196078432,0.8823529411764706,0.5429085807823932,0.4039252872349831
1761,0.05555555555555555,17.0,True,0.49607843137254903,0.8235294117647058,0.47946322988451684,0.4759970409543915
1762,0.1111111111111111,16.0,True,0.5422222222222222,0.875,0.45123108007902324,0.42181719939456
1763,0.05555555555555555,17.0,True,0.45147058823529407,0.8235294117647058,0.47946322988451684,0.4759970409543915
1764,0.05555555555555555,17.0,True,0.5450980392156862,0.9411764705882353,0.6123760369048357,0.3227569588973982
1765,0.05555555555555555,17.0,True,0.27794117647058825,0.5882352941176471,0.25118582106156706,0.7342827499973427
1766,0.05555555555555555,17.0,True,0.4357843137254902,0.8235294117647058,0.47946322988451684,0.4759970409543915
1767,0.05555555555555555,17.0,True,0.5602941176470588,0.8823529411764706,0.5429085807823932,0.4039252872349831
1768,0.05555555555555555,17.0,True,0.5882352941176471,0.9411764705882353,0.6123760369048357,0.3227569588973982
1769,0.05555555555555555,17.0,True,0.49411764705882355,0.9411764705882353,0.6123760369048357,0.3227569588973982
1770,0.05555555555555555,17.0,True,0.4666666666666667,0.6470588235294118,0.306014919123631,0.6892094263601618
1771,0.05555555555555555,17.0,True,0.5544117647058824,0.7647058823529411,0.42073232993154186,0.541668290359525
1772,0.05555555555555555,17.0,True,0.4892156862745098,0.7647058823529411,0.36241850860757163,0.6450756427253816
1773,0.05555555555555555,17.0,True,0.3926470588235294,0.5882352941176471,0.2661245073798253,0.717104494152742
1774,0.05555555555555555,17.0,True,0.39362745098039215,0.5882352941176471,0.2661245073798253,0.717104494152742
1775,0.05555555555555555,17.0,True,0.31911764705882356,0.5294117647058824,0.2495123338066464,0.74349728061978
1776,0.05555555555555555,17.0,True,0.46715686274509804,0.7647058823529411,0.3833876058898902,0.6170591141539596
1777,0.05555555555555555,17.0,True,0.3044117647058824,0.47058823529411764,0.17954859974466675,0.806975267673698
1778,0.1111111111111111,16.0,True,0.405,0.5,0.16055842170362478,0.807518546387612
1779,0.1111111111111111,16.0,True,0.4811111111111111,0.6875,0.30727790249353115,0.6273362811779478
1780,0.1111111111111111,16.0,True,0.31666666666666665,0.5625,0.17193458099312964,0.7932705542193164
1781,0.1111111111111111,16.0,True,0.29388888888888887,0.375,0.10979338809523165,0.86948619778145
1782,0.1111111111111111,16.0,True,0.32,0.5,0.1752582648809603,0.7916666666666666
1783,0.1111111111111111,16.0,True,0.4438888888888889,0.625,0.20840496387049523,0.7508072359050909
1784,0.1111111111111111,16.0,True,0.3022222222222222,0.5,0.1752582648809603,0.7916666666666666
1785,0.1111111111111111,16.0,True,0.2783333333333333,0.375,0.09862018625603641,0.8822716235122601
1786,0.1111111111111111,16.0,True,0.2338888888888889,0.375,0.10793189387317281,0.8746845143040608
1787,0.2222222222222222,14.0,True,0.31355311355311355,0.42857142857142855,0.1334446755653479,0.8406058707415688
1788,0.6666666666666666,6.0,True,0.20444444444444443,0.3333333333333333,0.35440499063918496,0.9697238998682473
1789,0.8888888888888888,2.0,False,,,,
1790,0.8888888888888888,2.0,False,,,,
1791,0.7222222222222222,5.0,True,0.18000000000000002,0.4,0.4029642446945728,0.9609640474436811
1792,0.7222222222222222,5.0,True,0.3333333333333333,0.4,0.4029642446945728,0.9609640474436811
1793,0.6666666666666666,6.0,True,0.20444444444444443,0.3333333333333333,0.35440499063918496,0.9697238998682473
1794,0.6666666666666666,6.0,True,0.30666666666666664,0.5,0.29766076346821446,0.9206198357143051
1795,0.5555555555555556,8.0,True,0.25952380952380955,0.25,0.2297466368340937,0.9690222556651344
1796,0.16666666666666666,15.0,True,0.21269841269841272,0.26666666666666666,0.06151170773809023,0.929966031821429
1797,0.9444444444444444,1.0,False,,,,
1798,0.9444444444444444,1.0,False,,,,
1799,0.16666666666666666,15.0,True,0.3714285714285714,0.5333333333333333,0.17777733894670822,0.7697976643410275
1800,0.16666666666666666,15.0,True,0.3333333333333333,0.4666666666666667,0.15004832282904712,0.8120808359231131
1801,0.05555555555555555,17.0,True,0.27156862745098037,0.4117647058823529,0.1340985889242352,0.8595173303304421
1802,0.05555555555555555,17.0,True,0.27794117647058825,0.6470588235294118,0.30727790249353115,0.6697814876261822
1803,0.05555555555555555,17.0,True,0.33284313725490194,0.47058823529411764,0.2359898835472637,0.7594371389509585
1804,0.05555555555555555,17.0,True,0.26862745098039215,0.4117647058823529,0.15912656348965937,0.8346852957326876
1805,0.05555555555555555,17.0,True,0.3465686274509804,0.5882352941176471,0.2661245073798253,0.717104494152742
1806,0.05555555555555555,17.0,True,0.4504901960784314,0.7058823529411765,0.34718495912414815,0.6386009056011301
1807,0.05555555555555555,17.0,True,0.29558823529411765,0.4117647058823529,0.14732861630518423,0.8447156146017467
1808,0.05555555555555555,17.0,True,0.2485294117647059,0.47058823529411764,0.16283865262844976,0.8358746992596553
1809,0.05555555555555555,17.0,True,0.3245098039215686,0.47058823529411764,0.16283865262844976,0.8358746992596553
1810,0.05555555555555555,17.0,True,0.3607843137254902,0.5882352941176471,0.25118582106156706,0.7342827499973427
1811,0.05555555555555555,17.0,True,0.5308823529411765,0.8823529411764706,0.5429085807823932,0.4039252872349831
1812,0.05555555555555555,17.0,True,0.6985294117647058,0.8823529411764706,0.5429085807823932,0.4039252872349831
1813,0.05555555555555555,17.0,True,0.4872549019607843,0.8823529411764706,0.5429085807823932,0.4039252872349831
1814,0.05555555555555555,17.0,True,0.5558823529411765,0.8823529411764706,0.49331815297919934,0.5225593745369408
1815,0.05555555555555555,17.0,True,0.4872549019607843,0.8235294117647058,0.45123108007902324,0.5264143616682583
1816,0.05555555555555555,17.0,True,0.46421568627450976,0.8823529411764706,0.5429085807823932,0.4039252872349831
1817,0.05555555555555555,17.0,True,0.5764705882352942,0.9411764705882353,0.6123760369048357,0.3227569588973982
1818,0.05555555555555555,17.0,True,0.45098039215686275,0.5882352941176471,0.22227796792986476,0.9774178175281716
1819,0.05555555555555555,17.0,True,0.4323529411764706,0.8235294117647058,0.47946322988451684,0.4759970409543915
1820,0.05555555555555555,17.0,True,0.5034313725490196,0.8235294117647058,0.45123108007902324,0.5264143616682583
1821,0.05555555555555555,17.0,True,0.30147058823529416,0.5294117647058824,0.21241990716702208,0.7743848551258464
1822,0.05555555555555555,17.0,True,0.38529411764705884,0.5882352941176471,0.24597054513177197,0.7476722347614896
1823,0.05555555555555555,17.0,True,0.5014705882352941,0.7647058823529411,0.4029642446945728,0.5700338813359286
1824,0.05555555555555555,17.0,True,0.33382352941176474,0.5294117647058824,0.22639930535523456,0.7585674225535727
1825,0.05555555555555555,17.0,True,0.45098039215686275,0.7058823529411765,0.35440499063918496,0.6198529663261148
1826,0.05555555555555555,17.0,True,0.6274509803921569,0.9411764705882353,0.6123760369048357,0.3227569588973982
1827,0.05555555555555555,17.0,True,0.4936274509803921,0.8823529411764706,0.5429085807823932,0.4039252872349831
1828,0.05555555555555555,17.0,True,0.2754901960784314,0.4117647058823529,0.1423259422181552,0.8470520818825236
1829,0.05555555555555555,17.0,True,0.5975490196078431,0.8235294117647058,0.47946322988451684,0.4759970409543915
1830,0.05555555555555555,17.0,True,0.45,0.8235294117647058,0.47946322988451684,0.4759970409543915
1831,0.05555555555555555,17.0,True,0.4132352941176471,0.5294117647058824,0.21234797611544298,0.8043500827599455
1832,0.05555555555555555,17.0,True,0.2995098039215686,0.47058823529411764,0.1752582648809603,0.8134680059069761
1833,0.05555555555555555,17.0,True,0.4622549019607843,0.6470588235294118,0.2906644957401896,0.6949883477962157
1834,0.05555555555555555,17.0,True,0.3568627450980392,0.5882352941176471,0.26223390597985186,0.7180212293982637
1835,0.05555555555555555,17.0,True,0.3303921568627451,0.47058823529411764,0.17954859974466686,0.806975267673698
1836,0.05555555555555555,17.0,True,0.32598039215686275,0.5294117647058824,0.21289219419266392,0.7783172591608216
1837,0.05555555555555555,17.0,True,0.27794117647058825,0.47058823529411764,0.1752582648809603,0.8134680059069761
1838,0.05555555555555555,17.0,True,0.39607843137254906,0.7647058823529411,0.42073232993154186,0.541668290359525
1839,0.1111111111111111,16.0,True,0.44333333333333336,0.625,0.23819611748062863,0.7118974703476992
1840,0.1111111111111111,16.0,True,0.26722222222222225,0.375,0.0964076385283108,0.8846257998344363
1841,0.1111111111111111,16.0,True,0.375,0.5625,0.18815848929080803,0.7729510322715424
1842,0.1111111111111111,16.0,True,0.31055555555555553,0.5625,0.21491822624141188,0.7394359844601422
1843,0.1111111111111111,16.0,True,0.37277777777777776,0.6875,0.2906644957401896,0.6445680921309758
1844,0.1111111111111111,16.0,True,0.41000000000000003,0.625,0.25118582106156706,0.6958688724473057
1845,0.1111111111111111,16.0,True,0.3188888888888889,0.5,0.1951525292688593,0.7641913951834827
1846,0.1111111111111111,16.0,True,0.4194444444444444,0.75,0.3291231618372379,0.5931390622295665
1847,0.1111111111111111,16.0,True,0.3505555555555555,0.4375,0.14100309174572245,0.8304887289470877
1848,0.1111111111111111,16.0,True,0.2972222222222222,0.4375,0.1728567309487422,0.791570357936199
1849,0.1111111111111111,16.0,True,0.5783333333333334,0.75,0.3291231618372379,0.5931390622295665
1850,0.1111111111111111,16.0,True,0.34833333333333333,0.5625,0.2195867761904634,0.7389723955628997
1851,0.1111111111111111,16.0,True,0.2733333333333333,0.3125,0.08530159314641639,0.8997742849325228
1852,0.1111111111111111,16.0,True,0.2677777777777778,0.5,0.16558055507478475,0.8014661709930498
1853,0.1111111111111111,16.0,True,0.4583333333333333,0.5625,0.11737673581062946,0.8957541375001011
1854,0.1111111111111111,16.0,True,0.2722222222222222,0.4375,0.1402722872720119,0.8349668274156377
1855,0.1111111111111111,16.0,True,0.2755555555555556,0.3125,0.07595656279546226,0.9099617502405772
1856,0.8888888888888888,2.0,False,,,,
1857,0.16666666666666666,15.0,True,0.4006349206349206,0.6,0.18815848929080803,0.7486316789498983
1858,0.9444444444444444,1.0,False,,,,
1859,0.16666666666666666,15.0,True,0.30476190476190473,0.4,0.11355887257429464,0.8534897229796914
1860,0.2222222222222222,14.0,True,0.29816849816849816,0.5714285714285714,0.20261759211182184,0.7455662949228412
1861,0.2777777777777778,13.0,True,0.2726495726495726,0.5384615384615384,0.1728567309487422,0.7872226051203909
1862,0.2777777777777778,13.0,True,0.34188034188034183,0.6153846153846154,0.1951525292688593,0.7323395250202962
1863,0.3333333333333333,12.0,True,0.34242424242424246,0.4166666666666667,0.14541251177731473,0.8592975083332074
1864,0.7222222222222222,5.0,True,0.29333333333333333,0.6,0.3833876058898902,0.8649735207179273
1865,0.3888888888888889,11.0,True,0.30666666666666664,0.36363636363636365,0.12630845046529904,0.9122066329329885
1866,0.3888888888888889,11.0,True,0.3321212121212121,0.5454545454545454,0.21045904072757493,0.7928362876512272
1867,0.4444444444444444,10.0,True,0.5807407407407408,0.8,0.24837083261217718,0.5816718657178868
1868,0.4444444444444444,10.0,True,0.22814814814814816,0.3,0.17955995326299723,0.9426807148172599
1869,0.5555555555555556,8.0,True,0.35714285714285715,0.5,0.19209773402987418,0.886859507142915
1870,0.5555555555555556,8.0,True,0.32380952380952377,0.625,0.276709140773188,0.7743974703476992
1871,0.5555555555555556,8.0,True,0.36666666666666664,0.625,0.276709140773188,0.7743974703476992
1872,0.5,9.0,True,0.3314814814814815,0.5555555555555556,0.21234797611544298,0.8288713632524444
1873,0.4444444444444444,10.0,True,0.30074074074074075,0.5,0.1951525292688593,0.8445412464587145
1874,0.2777777777777778,13.0,True,0.24615384615384617,0.46153846153846156,0.09864941011936845,0.8810960362596493
1875,0.2777777777777778,13.0,True,0.2829059829059829,0.46153846153846156,0.1304738254590564,0.8509553984313722
1876,0.2777777777777778,13.0,True,0.24786324786324787,0.3076923076923077,0.10612471591446648,0.9246934699012206
1877,0.2777777777777778,13.0,True,0.24444444444444444,0.38461538461538464,0.11408575783170372,0.8904104442028663
1878,0.2222222222222222,14.0,True,0.27985347985347986,0.42857142857142855,0.13161501369047446,0.8522189024876076
1879,0.05555555555555555,17.0,True,0.21176470588235297,0.29411764705882354,0.07267693861846858,0.9255596194588922
1880,0.05555555555555555,17.0,True,0.2872549019607843,0.29411764705882354,0.09825699908590113,0.9035580910917864
1881,0.05555555555555555,17.0,True,0.32107843137254904,0.35294117647058826,0.11946527737713553,0.8795613133100021
1882,0.05555555555555555,17.0,True,0.2848039215686275,0.35294117647058826,0.10445457691256888,0.8902992838501805
1883,0.05555555555555555,17.0,True,0.22745098039215686,0.4117647058823529,0.1423259422181552,0.8470520818825236
1884,0.05555555555555555,17.0,True,0.3254901960784314,0.5882352941176471,0.26223390597985186,0.7180212293982637
1885,0.05555555555555555,17.0,True,0.3245098039215686,0.5294117647058824,0.1979535078744057,0.7954955150054221
1886,0.05555555555555555,17.0,True,0.32401960784313727,0.5294117647058824,0.22639930535523456,0.7585674225535729
1887,0.05555555555555555,17.0,True,0.40098039215686276,0.5882352941176471,0.27670914077318787,0.7252337317042745
1888,0.05555555555555555,17.0,True,0.28578431372549024,0.47058823529411764,0.16283865262844976,0.8358746992596553
1889,0.05555555555555555,17.0,True,0.3892156862745098,0.4117647058823529,0.1728567309487422,0.8243547363398304
1890,0.05555555555555555,17.0,True,0.4504901960784314,0.6470588235294118,0.31472403294534546,0.6586296137644193
1891,0.05555555555555555,17.0,True,0.4102941176470588,0.47058823529411764,0.2359898835472637,0.7594371389509585
1892,0.05555555555555555,17.0,True,0.3068627450980392,0.5882352941176471,0.2661245073798253,0.7171044941527421
1893,0.05555555555555555,17.0,True,0.3176470588235294,0.5882352941176471,0.26223390597985186,0.7180212293982637
1894,0.05555555555555555,17.0,True,0.3769607843137255,0.5294117647058824,0.22639930535523434,0.7585674225535727
1895,0.05555555555555555,17.0,True,0.3848039215686274,0.5294117647058824,0.2495123338066464,0.74349728061978
1896,0.05555555555555555,17.0,True,0.3475490196078431,0.5294117647058824,0.21234797611544298,0.8043500827599457
1897,0.05555555555555555,17.0,True,0.3676470588235294,0.5882352941176471,0.27273028208237604,0.7161286603507602
1898,0.05555555555555555,17.0,True,0.41617647058823526,0.7647058823529411,0.4029642446945728,0.5700338813359286
1899,0.05555555555555555,17.0,True,0.41372549019607846,0.5882352941176471,0.23819611748062863,0.7725760985994748
1900,0.05555555555555555,17.0,True,0.5230392156862745,0.8235294117647058,0.45123108007902324,0.5264143616682583
1901,0.05555555555555555,17.0,True,0.43529411764705883,0.7058823529411765,0.34718495912414826,0.6386009056011301
1902,0.05555555555555555,17.0,True,0.46568627450980393,0.7058823529411765,0.3322472217414514,0.6853870929104107
1903,0.05555555555555555,17.0,True,0.44313725490196076,0.47058823529411764,0.2359898835472637,0.7594371389509585
1904,0.05555555555555555,17.0,True,0.4294117647058824,0.7058823529411765,0.36596901696456796,0.6022915518507751
1905,0.1111111111111111,16.0,True,0.405,0.6875,0.2762237655134976,0.6622301466508207
1906,0.6666666666666666,6.0,True,0.26666666666666666,0.5,0.29766076346821446,0.9206198357143051
1907,0.7222222222222222,5.0,True,0.32,0.4,0.3624185086075715,0.9602297178607612
1908,0.6666666666666666,6.0,True,0.24888888888888888,0.3333333333333333,0.3291231618372379,0.9591479170272448
1909,0.8888888888888888,2.0,False,,,,
1910,0.9444444444444444,1.0,False,,,,
1911,0.9444444444444444,1.0,False,,,,
1912,0.9444444444444444,1.0,False,,,,
1913,0.9444444444444444,1.0,False,,,,
1914,0.9444444444444444,1.0,False,,,,
1915,0.9444444444444444,1.0,False,,,,
1916,0.9444444444444444,1.0,False,,,,
1917,0.9444444444444444,1.0,False,,,,
1918,0.9444444444444444,1.0,False,,,,
1919,0.9444444444444444,1.0,False,,,,
1920,0.8888888888888888,2.0,False,,,,
1921,0.8888888888888888,2.0,False,,,,
1922,0.8888888888888888,2.0,False,,,,
1923,0.8888888888888888,2.0,False,,,,
1924,0.8888888888888888,2.0,False,,,,
1925,0.8888888888888888,2.0,False,,,,
1926,0.8888888888888888,2.0,False,,,,
1927,0.8888888888888888,2.0,False,,,,
1928,0.8888888888888888,2.0,False,,,,
1929,0.8333333333333334,3.0,False,,,,
1930,0.1111111111111111,16.0,True,0.43333333333333335,0.75,0.3291231618372379,0.5931390622295665
1931,0.1111111111111111,16.0,True,0.5911111111111111,0.6875,0.2762237655134976,0.6622301466508207
1932,0.1111111111111111,16.0,True,0.47944444444444445,0.8125,0.4029642446945727,0.4966963645051813
1933,0.1111111111111111,16.0,True,0.41833333333333333,0.75,0.3291231618372379,0.5931390622295665
1934,0.1111111111111111,16.0,True,0.39555555555555555,0.625,0.24597054513177197,0.7005447220315794
1935,0.1111111111111111,16.0,True,0.4066666666666666,0.6875,0.30727790249353115,0.6273362811779478
1936,0.1111111111111111,16.0,True,0.32944444444444443,0.4375,0.14100309174572223,0.8304887289470877
1937,0.1111111111111111,16.0,True,0.6,0.9375,0.49331815297919934,0.3372900666170139
1938,0.1111111111111111,16.0,True,0.4122222222222222,0.625,0.25118582106156706,0.6958688724473057
1939,0.1111111111111111,16.0,True,0.48000000000000004,0.8125,0.4029642446945727,0.4966963645051813
1940,0.05555555555555555,17.0,True,0.32941176470588235,0.35294117647058826,0.13948676439777297,0.8731921181339933
1941,0.05555555555555555,17.0,True,0.42696078431372547,0.7058823529411765,0.35440499063918496,0.6198529663261148
1942,0.05555555555555555,17.0,True,0.3921568627450981,0.6470588235294118,0.3068884040378679,0.6758640918453694
1943,0.05555555555555555,17.0,True,0.4377450980392157,0.5294117647058824,0.17383495282288375,0.8516924496551459
1944,0.05555555555555555,17.0,True,0.2774509803921569,0.35294117647058826,0.09656336071428251,0.9015116332731146
1945,0.05555555555555555,17.0,True,0.421078431372549,0.7058823529411765,0.35440499063918496,0.6198529663261148
1946,0.05555555555555555,17.0,True,0.3299019607843137,0.5294117647058824,0.1979535078744057,0.7954955150054221
1947,0.05555555555555555,17.0,True,0.38823529411764707,0.5882352941176471,0.2661245073798253,0.7171044941527421
1948,0.05555555555555555,17.0,True,0.27941176470588236,0.4117647058823529,0.1423259422181552,0.8470520818825236
1949,0.05555555555555555,17.0,True,0.4406862745098039,0.5882352941176471,0.27273028208237604,0.7161286603507602
1950,0.05555555555555555,17.0,True,0.4343137254901961,0.7058823529411765,0.34718495912414815,0.6386009056011301
1951,0.05555555555555555,17.0,True,0.45098039215686275,0.8823529411764706,0.5429085807823932,0.4039252872349831
1952,0.05555555555555555,17.0,True,0.3181372549019608,0.47058823529411764,0.16558055507478475,0.8273827226644264
1953,0.05555555555555555,17.0,True,0.35,0.5882352941176471,0.25118582106156706,0.7342827499973427
1954,0.05555555555555555,17.0,True,0.5053921568627451,0.7647058823529411,0.4029642446945728,0.5700338813359286
1955,0.05555555555555555,17.0,True,0.3416666666666667,0.35294117647058826,0.13161501369047457,0.8622959469986048
1956,0.05555555555555555,17.0,True,0.3524509803921569,0.47058823529411764,0.17955995326299723,0.8115652900921527
1957,0.05555555555555555,17.0,True,0.42254901960784313,0.5882352941176471,0.22646676115740538,0.7869944808251532
1958,0.05555555555555555,17.0,True,0.46372549019607845,0.7647058823529411,0.42073232993154186,0.541668290359525
1959,0.1111111111111111,16.0,True,0.3422222222222222,0.5,0.16558055507478475,0.8014661709930498
1960,0.1111111111111111,16.0,True,0.475,0.75,0.35440499063918496,0.5647367493189938
1961,0.1111111111111111,16.0,True,0.3655555555555556,0.625,0.25118582106156706,0.6958688724473057
1962,0.1111111111111111,16.0,True,0.43222222222222223,0.8125,0.4029642446945727,0.4966963645051813
1963,0.1111111111111111,16.0,True,0.6205555555555555,0.875,0.3776340271255507,0.5435644431995964
1964,0.1111111111111111,16.0,True,0.5783333333333334,0.8125,0.2920250942223881,0.6962122601251458
1965,0.1111111111111111,16.0,True,0.435,0.5625,0.1621055964996605,0.8112781244591329
1966,0.1111111111111111,16.0,True,0.29333333333333333,0.5,0.16558055507478475,0.8014661709930498
1967,0.1111111111111111,16.0,True,0.47333333333333333,0.75,0.3291231618372379,0.5931390622295665
1968,0.1111111111111111,16.0,True,0.5166666666666667,0.9375,0.49331815297919934,0.3372900666170139
1969,0.1111111111111111,16.0,True,0.34444444444444444,0.5625,0.18815848929080803,0.7729510322715425
1970,0.1111111111111111,16.0,True,0.4761111111111111,0.875,0.45123108007902324,0.42181719939456
1971,0.1111111111111111,16.0,True,0.36000000000000004,0.625,0.25118582106156706,0.6958688724473057
1972,0.1111111111111111,16.0,True,0.5,0.9375,0.49331815297919934,0.3372900666170139
1973,0.1111111111111111,16.0,True,0.5166666666666667,0.9375,0.49331815297919934,0.3372900666170139
1974,0.1111111111111111,16.0,True,0.47833333333333333,0.8125,0.3624185086075715,0.5478948105177535
1975,0.1111111111111111,16.0,True,0.6666666666666666,1.0,0.49674166522435426,0.0
1976,0.05555555555555555,17.0,True,0.4784313725490196,0.9411764705882353,0.6123760369048357,0.3227569588973982
1977,0.05555555555555555,17.0,True,0.42598039215686273,0.7647058823529411,0.4029642446945728,0.5700338813359286
1978,0.05555555555555555,17.0,True,0.4666666666666667,0.8235294117647058,0.47946322988451684,0.4759970409543915
1979,0.05555555555555555,17.0,True,0.40098039215686276,0.5294117647058824,0.22639930535523456,0.7585674225535729
1980,0.05555555555555555,17.0,True,0.40294117647058825,0.7058823529411765,0.29766076346821446,0.7315975941709251
1981,0.1111111111111111,16.0,True,0.32111111111111107,0.625,0.25118582106156706,0.6958688724473057
1982,0.1111111111111111,16.0,True,0.32944444444444443,0.5,0.16283865262844976,0.8038103185385128
1983,0.1111111111111111,16.0,True,0.6666666666666666,1.0,0.49674166522435426,0.0
1984,0.1111111111111111,16.0,True,0.46611111111111114,0.8125,0.4029642446945727,0.4966963645051813
1985,0.1111111111111111,16.0,True,0.335,0.4375,0.11636320171864489,0.8605934330165173
1986,0.1111111111111111,16.0,True,0.33555555555555555,0.5,0.16558055507478497,0.8014661709930498
1987,0.05555555555555555,17.0,True,0.4485294117647059,0.8823529411764706,0.5429085807823932,0.4039252872349831
1988,0.05555555555555555,17.0,True,0.40098039215686276,0.47058823529411764,0.13137891728537632,0.9038817882085971
1989,0.05555555555555555,17.0,True,0.32401960784313727,0.35294117647058826,0.11946527737713541,0.8795613133100021
1990,0.05555555555555555,17.0,True,0.3892156862745098,0.6470588235294118,0.30727790249353115,0.6697814876261822
1991,0.05555555555555555,17.0,True,0.3068627450980392,0.35294117647058826,0.09656336071428251,0.9015116332731146
1992,0.05555555555555555,17.0,True,0.3269607843137255,0.5294117647058824,0.21289219419266392,0.7783172591608217
1993,0.05555555555555555,17.0,True,0.28578431372549024,0.35294117647058826,0.11946527737713541,0.8795613133100019
1994,0.05555555555555555,17.0,True,0.20686274509803923,0.29411764705882354,0.08530159314641639,0.9115513551731812
1995,0.05555555555555555,17.0,True,0.3504901960784314,0.6470588235294118,0.30727790249353115,0.6697814876261822
1996,0.8333333333333334,3.0,False,,,,
1997,0.8333333333333334,3.0,False,,,,
1998,0.1111111111111111,16.0,True,0.36166666666666664,0.5625,0.1979535078744057,0.7609074352683902
1999,0.1111111111111111,16.0,True,0.4522222222222222,0.75,0.3291231618372379,0.5931390622295665
2000,0.1111111111111111,16.0,True,0.4138888888888889,0.6875,0.2906644957401896,0.6445680921309758
2001,0.1111111111111111,16.0,True,0.21444444444444447,0.1875,0.043695265802531025,0.9499420132200561
2002,0.1111111111111111,16.0,True,0.18777777777777777,0.1875,0.050183676848520875,0.9411763975446987
2003,0.16666666666666666,15.0,True,0.2755555555555556,0.26666666666666666,0.05937060149127393,0.9283610377070491
2004,0.16666666666666666,15.0,True,0.313015873015873,0.4,0.11038703671652328,0.8629403225107362
2005,0.16666666666666666,15.0,True,0.2584126984126984,0.26666666666666666,0.08333333333333326,0.9022968652028395
2006,0.3888888888888889,11.0,True,0.36000000000000004,0.5454545454545454,0.18551600401125967,0.8043461359047005
2007,0.3333333333333333,12.0,True,0.2404040404040404,0.3333333333333333,0.13161501369047457,0.9172097224626077
2008,0.5,9.0,True,0.4425925925925926,0.5555555555555556,0.1620889712116519,0.8527924884900404
2009,0.5,9.0,True,0.2111111111111111,0.3333333333333333,0.1881584892908078,0.9462651872218009
2010,0.3333333333333333,12.0,True,0.29292929292929293,0.5,0.1680761352378889,0.8223773393621179
2011,0.3888888888888889,11.0,True,0.2957575757575758,0.45454545454545453,0.14467864973285527,0.8787409903782898
2012,0.3333333333333333,12.0,True,0.28484848484848485,0.3333333333333333,0.09650311914949061,0.9155385080075168
2013,0.7777777777777778,4.0,False,,,,
2014,0.7777777777777778,4.0,False,,,,
2015,0.6666666666666666,6.0,True,0.2622222222222222,0.5,0.34718495912414815,0.8962406251802889
2016,0.6666666666666666,6.0,True,0.24444444444444444,0.3333333333333333,0.35440499063918496,0.9697238998682473
2017,0.2222222222222222,14.0,True,0.18827838827838825,0.14285714285714285,0.051567865982026784,0.9741108952988204
2018,0.2222222222222222,14.0,True,0.24395604395604395,0.2857142857142857,0.08333333333333326,0.9178114620629284
2019,0.2222222222222222,14.0,True,0.25860805860805863,0.5,0.15594177806398068,0.7984806893213606
2020,0.2222222222222222,14.0,True,0.3274725274725275,0.5,0.15912656348965937,0.8053204460925903
2021,0.2222222222222222,14.0,True,0.35018315018315016,0.5714285714285714,0.1874785426555272,0.754445012014942
2022,0.16666666666666666,15.0,True,0.22285714285714286,0.2,0.026460054761898277,0.9744104762658735
2023,0.2222222222222222,14.0,True,0.4234432234432235,0.7857142857142857,0.306014919123631,0.5446150394212924
2024,0.2222222222222222,14.0,True,0.43223443223443225,0.5714285714285714,0.12641640134653298,0.7973748106396931
2025,0.2222222222222222,14.0,True,0.4278388278388279,0.5714285714285714,0.16117007089550983,0.7608203181716592
2026,0.16666666666666666,15.0,True,0.4444444444444444,0.8,0.29766076346821446,0.5713619478607344
2027,0.16666666666666666,15.0,True,0.39936507936507937,0.8,0.34718495912414815,0.5194602975157968
2028,0.16666666666666666,15.0,True,0.4533333333333333,0.6666666666666666,0.22646676115740538,0.6876396827696896
2029,0.16666666666666666,15.0,True,0.32571428571428573,0.4666666666666667,0.14732861630518423,0.821152766216101
2030,0.16666666666666666,15.0,True,0.36253968253968255,0.6,0.18815848929080803,0.7486316789498983
2031,0.16666666666666666,15.0,True,0.3631746031746032,0.6,0.21289219419266392,0.7240345888528967
2032,0.16666666666666666,15.0,True,0.2679365079365079,0.3333333333333333,0.0751993602370763,0.9080630942453353
2033,0.16666666666666666,15.0,True,0.2526984126984127,0.26666666666666666,0.05838214508862316,0.9380528753589503
2034,0.16666666666666666,15.0,True,0.3288888888888889,0.4666666666666667,0.13606892464083475,0.8300072595050231
2035,0.16666666666666666,15.0,True,0.33904761904761904,0.6,0.22639930535523456,0.7141724685362003
2036,0.2777777777777778,13.0,True,0.2692307692307692,0.38461538461538464,0.12806515601991608,0.8697261093006625
2037,0.2777777777777778,13.0,True,0.2717948717948718,0.46153846153846156,0.14541251177731473,0.8284915254038179
2038,0.3333333333333333,12.0,True,0.3787878787878788,0.75,0.2578114982937477,0.603759374819711
2039,0.3333333333333333,12.0,True,0.38585858585858585,0.5,0.13771135824906322,0.8129072918469558
2040,0.3333333333333333,12.0,True,0.25353535353535356,0.5,0.1680761352378889,0.8223773393621179
2041,0.3333333333333333,12.0,True,0.28181818181818186,0.5,0.1680761352378889,0.8223773393621179
2042,0.3333333333333333,12.0,True,0.44040404040404035,0.8333333333333334,0.2686223868677482,0.5152734452350943
2043,0.5555555555555556,8.0,True,0.2380952380952381,0.25,0.25118582106156706,0.967132018086354
2044,0.5555555555555556,8.0,True,0.19285714285714287,0.25,0.26223390597985186,0.979569764547061
2045,0.6666666666666666,6.0,True,0.3688888888888889,0.6666666666666666,0.3322472217414514,0.7896900821428475
2046,0.6666666666666666,6.0,True,0.38222222222222224,0.6666666666666666,0.3322472217414514,0.7896900821428475
2047,0.6666666666666666,6.0,True,0.28,0.5,0.29766076346821446,0.9206198357143051
2048,0.6666666666666666,6.0,True,0.4,0.5,0.21030991785715247,1.0
2049,0.6666666666666666,6.0,True,0.22666666666666666,0.5,0.34718495912414815,0.8962406251802889
2050,0.8888888888888888,2.0,False,,,,
2051,0.8888888888888888,2.0,False,,,,
2052,0.8333333333333334,3.0,False,,,,
2053,0.8333333333333334,3.0,False,,,,
2054,0.9444444444444444,1.0,False,,,,
2055,0.9444444444444444,1.0,False,,,,
2056,0.9444444444444444,1.0,False,,,,
2057,0.9444444444444444,1.0,False,,,,
2058,0.9444444444444444,1.0,False,,,,
2059,0.9444444444444444,1.0,False,,,,
2060,0.9444444444444444,1.0,False,,,,
2061,0.8333333333333334,3.0,False,,,,
2062,0.8333333333333334,3.0,False,,,,
2063,0.8333333333333334,3.0,False,,,,
2064,0.8333333333333334,3.0,False,,,,
2065,0.8333333333333334,3.0,False,,,,
2066,0.9444444444444444,1.0,False,,,,
2067,0.9444444444444444,1.0,False,,,,
2068,0.9444444444444444,1.0,False,,,,
2069,0.9444444444444444,1.0,False,,,,
2070,0.8333333333333334,3.0,False,,,,
2071,0.8333333333333334,3.0,False,,,,
2072,0.8333333333333334,3.0,False,,,,
2073,0.8333333333333334,3.0,False,,,,
2074,0.8333333333333334,3.0,False,,,,
2075,0.8333333333333334,3.0,False,,,,
2076,0.8333333333333334,3.0,False,,,,
2077,0.8333333333333334,3.0,False,,,,
2078,0.8333333333333334,3.0,False,,,,
2079,0.8333333333333334,3.0,False,,,,
2080,0.8333333333333334,3.0,False,,,,
2081,0.8333333333333334,3.0,False,,,,
2082,0.8333333333333334,3.0,False,,,,
2083,0.8333333333333334,3.0,False,,,,
2084,0.8888888888888888,2.0,False,,,,
2085,0.9444444444444444,1.0,False,,,,
2086,0.9444444444444444,1.0,False,,,,
2087,0.9444444444444444,1.0,False,,,,
2088,0.9444444444444444,1.0,False,,,,
2089,0.9444444444444444,1.0,False,,,,
2090,0.9444444444444444,1.0,False,,,,
2091,0.9444444444444444,1.0,False,,,,
2092,0.9444444444444444,1.0,False,,,,
2093,0.8888888888888888,2.0,False,,,,
2094,0.8888888888888888,2.0,False,,,,
2095,0.8888888888888888,2.0,False,,,,
2096,0.8888888888888888,2.0,False,,,,
2097,0.8888888888888888,2.0,False,,,,
2098,0.8888888888888888,2.0,False,,,,
2099,0.8888888888888888,2.0,False,,,,
2100,0.8888888888888888,2.0,False,,,,
2101,0.8888888888888888,2.0,False,,,,
2102,0.8888888888888888,2.0,False,,,,
2103,0.8888888888888888,2.0,False,,,,
2104,0.8888888888888888,2.0,False,,,,
2105,0.8888888888888888,2.0,False,,,,
2106,0.8888888888888888,2.0,False,,,,
2107,0.8888888888888888,2.0,False,,,,
2108,0.8888888888888888,2.0,False,,,,
2109,0.8888888888888888,2.0,False,,,,
2110,0.8888888888888888,2.0,False,,,,
2111,0.8888888888888888,2.0,False,,,,
2112,0.8888888888888888,2.0,False,,,,
2113,0.8888888888888888,2.0,False,,,,
2114,0.8888888888888888,2.0,False,,,,
2115,0.8888888888888888,2.0,False,,,,
2116,0.8888888888888888,2.0,False,,,,
2117,0.6111111111111112,7.0,True,0.4571428571428572,0.8571428571428571,0.2465602601237794,0.5916727785823275
2118,0.9444444444444444,1.0,False,,,,
2119,0.9444444444444444,1.0,False,,,,
2120,0.9444444444444444,1.0,False,,,,
2121,0.9444444444444444,1.0,False,,,,
2122,0.9444444444444444,1.0,False,,,,
2123,0.9444444444444444,1.0,False,,,,
2124,0.9444444444444444,1.0,False,,,,
2125,0.9444444444444444,1.0,False,,,,
2126,0.9444444444444444,1.0,False,,,,
2127,0.9444444444444444,1.0,False,,,,
2128,0.9444444444444444,1.0,False,,,,
2129,0.9444444444444444,1.0,False,,,,
2130,0.9444444444444444,1.0,False,,,,
2131,0.9444444444444444,1.0,False,,,,
2132,0.9444444444444444,1.0,False,,,,
2133,0.9444444444444444,1.0,False,,,,
2134,0.9444444444444444,1.0,False,,,,
2135,0.9444444444444444,1.0,False,,,,
2136,0.9444444444444444,1.0,False,,,,
2137,0.9444444444444444,1.0,False,,,,
2138,0.9444444444444444,1.0,False,,,,
2139,0.9444444444444444,1.0,False,,,,
2140,0.9444444444444444,1.0,False,,,,
2141,0.9444444444444444,1.0,False,,,,
2142,0.9444444444444444,1.0,False,,,,
2143,0.9444444444444444,1.0,False,,,,
2144,0.9444444444444444,1.0,False,,,,
2145,0.9444444444444444,1.0,False,,,,
2146,0.9444444444444444,1.0,False,,,,
2147,0.9444444444444444,1.0,False,,,,
2148,0.9444444444444444,1.0,False,,,,
2149,0.9444444444444444,1.0,False,,,,
2150,0.9444444444444444,1.0,False,,,,
2151,0.8888888888888888,2.0,False,,,,
2152,0.8888888888888888,2.0,False,,,,
2153,0.8888888888888888,2.0,False,,,,
2154,0.8888888888888888,2.0,False,,,,
2155,0.9444444444444444,1.0,False,,,,
2156,0.9444444444444444,1.0,False,,,,
2157,0.9444444444444444,1.0,False,,,,
2158,0.6666666666666666,6.0,True,0.31555555555555553,0.5,0.29766076346821446,0.9206198357143051
2159,0.6111111111111112,7.0,True,0.2984126984126984,0.5714285714285714,0.306014919123631,0.8322488896002307
2160,0.6111111111111112,7.0,True,0.2857142857142857,0.5714285714285714,0.306014919123631,0.8322488896002307
2161,0.6111111111111112,7.0,True,0.3777777777777778,0.5714285714285714,0.306014919123631,0.8322488896002307
2162,0.6111111111111112,7.0,True,0.3142857142857143,0.5714285714285714,0.306014919123631,0.8322488896002307
2163,0.6111111111111112,7.0,True,0.3714285714285714,0.7142857142857143,0.29457606259681834,0.72483409150576
2164,0.8888888888888888,2.0,False,,,,
2165,0.8888888888888888,2.0,False,,,,
2166,0.8888888888888888,2.0,False,,,,
2167,0.8888888888888888,2.0,False,,,,
2168,0.8888888888888888,2.0,False,,,,
2169,0.8888888888888888,2.0,False,,,,
2170,0.8888888888888888,2.0,False,,,,
2171,0.8888888888888888,2.0,False,,,,
2172,0.8888888888888888,2.0,False,,,,
2173,0.8888888888888888,2.0,False,,,,
2174,0.8888888888888888,2.0,False,,,,
2175,0.8888888888888888,2.0,False,,,,
2176,0.8888888888888888,2.0,False,,,,
2177,0.8888888888888888,2.0,False,,,,
2178,0.8888888888888888,2.0,False,,,,
2179,0.8888888888888888,2.0,False,,,,
2180,0.8888888888888888,2.0,False,,,,
2181,0.8888888888888888,2.0,False,,,,
2182,0.8888888888888888,2.0,False,,,,
2183,0.8888888888888888,2.0,False,,,,
2184,0.9444444444444444,1.0,False,,,,
2185,0.9444444444444444,1.0,False,,,,
2186,0.9444444444444444,1.0,False,,,,
2187,0.9444444444444444,1.0,False,,,,
2188,0.9444444444444444,1.0,False,,,,
2189,0.9444444444444444,1.0,False,,,,
2190,0.9444444444444444,1.0,False,,,,
2191,0.8888888888888888,2.0,False,,,,
2192,0.8888888888888888,2.0,False,,,,
2193,0.8888888888888888,2.0,False,,,,
2194,0.8888888888888888,2.0,False,,,,
2195,0.8888888888888888,2.0,False,,,,
2196,0.8888888888888888,2.0,False,,,,
2197,0.8888888888888888,2.0,False,,,,
2198,0.8888888888888888,2.0,False,,,,
2199,0.8888888888888888,2.0,False,,,,
2200,0.8888888888888888,2.0,False,,,,
2201,0.8888888888888888,2.0,False,,,,
2202,0.8888888888888888,2.0,False,,,,
2203,0.8888888888888888,2.0,False,,,,
2204,0.8888888888888888,2.0,False,,,,
2205,0.8888888888888888,2.0,False,,,,
2206,0.8888888888888888,2.0,False,,,,
2207,0.8888888888888888,2.0,False,,,,
2208,0.8888888888888888,2.0,False,,,,
2209,0.8888888888888888,2.0,False,,,,
2210,0.9444444444444444,1.0,False,,,,
2211,0.9444444444444444,1.0,False,,,,
2212,0.9444444444444444,1.0,False,,,,
2213,0.9444444444444444,1.0,False,,,,
2214,0.9444444444444444,1.0,False,,,,
2215,0.9444444444444444,1.0,False,,,,
2216,0.9444444444444444,1.0,False,,,,
2217,0.9444444444444444,1.0,False,,,,
2218,0.9444444444444444,1.0,False,,,,
2219,0.9444444444444444,1.0,False,,,,
2220,0.8888888888888888,2.0,False,,,,
2221,0.8888888888888888,2.0,False,,,,
2222,0.8888888888888888,2.0,False,,,,
2223,0.8888888888888888,2.0,False,,,,
2224,0.8888888888888888,2.0,False,,,,
2225,0.8888888888888888,2.0,False,,,,
2226,0.8888888888888888,2.0,False,,,,
2227,0.8888888888888888,2.0,False,,,,
2228,0.8888888888888888,2.0,False,,,,
2229,0.8888888888888888,2.0,False,,,,
2230,0.9444444444444444,1.0,False,,,,
2231,0.9444444444444444,1.0,False,,,,
2232,0.9444444444444444,1.0,False,,,,
2233,0.9444444444444444,1.0,False,,,,
2234,0.9444444444444444,1.0,False,,,,
2235,0.8888888888888888,2.0,False,,,,
2236,0.8888888888888888,2.0,False,,,,
2237,0.8888888888888888,2.0,False,,,,
2238,0.8888888888888888,2.0,False,,,,
2239,0.8888888888888888,2.0,False,,,,
2240,0.8888888888888888,2.0,False,,,,
2241,0.8888888888888888,2.0,False,,,,
2242,0.8888888888888888,2.0,False,,,,
2243,0.8888888888888888,2.0,False,,,,
2244,0.8888888888888888,2.0,False,,,,
2245,0.8888888888888888,2.0,False,,,,
2246,0.8888888888888888,2.0,False,,,,
2247,0.8888888888888888,2.0,False,,,,
2248,0.8888888888888888,2.0,False,,,,
2249,0.6111111111111112,7.0,True,0.5428571428571428,0.8571428571428571,0.2465602601237794,0.5916727785823275
2250,0.6111111111111112,7.0,True,0.28888888888888886,0.2857142857142857,0.2906644957401896,0.9629610647945144
2251,0.6111111111111112,7.0,True,0.27936507936507937,0.5714285714285714,0.2498638271957958,0.8699155297736259
2252,0.6111111111111112,7.0,True,0.5428571428571428,0.8571428571428571,0.2465602601237794,0.5916727785823275
2253,0.6111111111111112,7.0,True,0.4380952380952381,0.5714285714285714,0.1499968994094969,0.9852281360342515
2254,0.8333333333333334,3.0,False,,,,
2255,0.8333333333333334,3.0,False,,,,
2256,0.7222222222222222,5.0,True,0.30666666666666664,0.4,0.36241850860757163,0.9602297178607612
2257,0.7222222222222222,5.0,True,0.20666666666666667,0.4,0.4029642446945728,0.9609640474436811
2258,0.7222222222222222,5.0,True,0.2733333333333333,0.4,0.4029642446945728,0.9609640474436811
2259,0.7222222222222222,5.0,True,0.17333333333333334,0.4,0.4029642446945728,0.9609640474436811
2260,0.7222222222222222,5.0,True,0.24666666666666667,0.4,0.36241850860757163,0.9602297178607612
2261,0.7222222222222222,5.0,True,0.29333333333333333,0.6,0.3833876058898902,0.8649735207179273
2262,0.6666666666666666,6.0,True,0.21777777777777776,0.5,0.34718495912414815,0.8962406251802889
2263,0.6666666666666666,6.0,True,0.18666666666666665,0.3333333333333333,0.35440499063918507,0.9697238998682473
2264,0.6666666666666666,6.0,True,0.2533333333333333,0.3333333333333333,0.3291231618372379,0.9591479170272447
2265,0.6666666666666666,6.0,True,0.2755555555555556,0.3333333333333333,0.3291231618372379,0.9591479170272447
2266,0.8333333333333334,3.0,False,,,,
2267,0.8333333333333334,3.0,False,,,,
2268,0.8333333333333334,3.0,False,,,,
2269,0.8333333333333334,3.0,False,,,,
2270,0.8333333333333334,3.0,False,,,,
2271,0.8333333333333334,3.0,False,,,,
2272,0.8333333333333334,3.0,False,,,,
2273,0.8333333333333334,3.0,False,,,,
2274,0.8333333333333334,3.0,False,,,,
2275,0.8333333333333334,3.0,False,,,,
2276,0.8333333333333334,3.0,False,,,,
2277,0.8333333333333334,3.0,False,,,,
2278,0.8333333333333334,3.0,False,,,,
2279,0.8333333333333334,3.0,False,,,,
2280,0.8888888888888888,2.0,False,,,,
2281,0.8888888888888888,2.0,False,,,,
2282,0.8888888888888888,2.0,False,,,,
2283,0.8888888888888888,2.0,False,,,,
2284,0.8888888888888888,2.0,False,,,,
2285,0.8888888888888888,2.0,False,,,,
2286,0.8888888888888888,2.0,False,,,,
2287,0.8888888888888888,2.0,False,,,,
2288,0.8888888888888888,2.0,False,,,,
2289,0.8888888888888888,2.0,False,,,,
2290,0.8888888888888888,2.0,False,,,,
2291,0.8888888888888888,2.0,False,,,,
2292,0.9444444444444444,1.0,False,,,,
2293,0.9444444444444444,1.0,False,,,,
2294,0.9444444444444444,1.0,False,,,,
2295,0.9444444444444444,1.0,False,,,,
2296,0.9444444444444444,1.0,False,,,,
2297,0.9444444444444444,1.0,False,,,,
2298,0.9444444444444444,1.0,False,,,,
2299,0.9444444444444444,1.0,False,,,,
2300,0.9444444444444444,1.0,False,,,,
2301,0.9444444444444444,1.0,False,,,,
2302,0.9444444444444444,1.0,False,,,,
2303,0.9444444444444444,1.0,False,,,,
2304,0.9444444444444444,1.0,False,,,,
2305,0.9444444444444444,1.0,False,,,,
2306,0.9444444444444444,1.0,False,,,,
2307,0.9444444444444444,1.0,False,,,,
2308,0.9444444444444444,1.0,False,,,,
2309,0.9444444444444444,1.0,False,,,,
2310,0.9444444444444444,1.0,False,,,,
2311,0.9444444444444444,1.0,False,,,,
2312,0.9444444444444444,1.0,False,,,,
2313,0.9444444444444444,1.0,False,,,,
2314,0.9444444444444444,1.0,False,,,,
2315,0.9444444444444444,1.0,False,,,,
2316,0.9444444444444444,1.0,False,,,,
2317,0.9444444444444444,1.0,False,,,,
2318,0.9444444444444444,1.0,False,,,,
2319,0.9444444444444444,1.0,False,,,,
2320,0.9444444444444444,1.0,False,,,,
2321,0.9444444444444444,1.0,False,,,,
2322,0.9444444444444444,1.0,False,,,,
2323,0.9444444444444444,1.0,False,,,,
2324,0.9444444444444444,1.0,False,,,,
2325,0.9444444444444444,1.0,False,,,,
2326,0.9444444444444444,1.0,False,,,,
2327,0.9444444444444444,1.0,False,,,,
2328,0.9444444444444444,1.0,False,,,,
2329,0.9444444444444444,1.0,False,,,,
2330,0.9444444444444444,1.0,False,,,,
2331,0.9444444444444444,1.0,False,,,,
2332,0.9444444444444444,1.0,False,,,,
2333,0.9444444444444444,1.0,False,,,,
2334,0.9444444444444444,1.0,False,,,,
2335,0.9444444444444444,1.0,False,,,,
2336,0.9444444444444444,1.0,False,,,,
2337,0.9444444444444444,1.0,False,,,,
2338,0.9444444444444444,1.0,False,,,,
2339,0.9444444444444444,1.0,False,,,,
2340,0.9444444444444444,1.0,False,,,,
2341,0.9444444444444444,1.0,False,,,,
2342,0.9444444444444444,1.0,False,,,,
2343,0.9444444444444444,1.0,False,,,,
2344,0.9444444444444444,1.0,False,,,,
2345,0.9444444444444444,1.0,False,,,,
2346,0.9444444444444444,1.0,False,,,,
2347,0.9444444444444444,1.0,False,,,,
2348,0.9444444444444444,1.0,False,,,,
2349,0.9444444444444444,1.0,False,,,,
2350,0.9444444444444444,1.0,False,,,,
2351,0.9444444444444444,1.0,False,,,,
2352,0.9444444444444444,1.0,False,,,,
2353,0.9444444444444444,1.0,False,,,,
2354,0.9444444444444444,1.0,False,,,,
2355,0.9444444444444444,1.0,False,,,,
2356,0.9444444444444444,1.0,False,,,,
2357,0.9444444444444444,1.0,False,,,,
2358,0.9444444444444444,1.0,False,,,,
2359,0.9444444444444444,1.0,False,,,,
2360,0.9444444444444444,1.0,False,,,,
2361,0.9444444444444444,1.0,False,,,,
2362,0.9444444444444444,1.0,False,,,,
2363,0.9444444444444444,1.0,False,,,,
2364,0.9444444444444444,1.0,False,,,,
2365,0.9444444444444444,1.0,False,,,,
2366,0.9444444444444444,1.0,False,,,,
2367,0.9444444444444444,1.0,False,,,,
2368,0.9444444444444444,1.0,False,,,,
2369,0.9444444444444444,1.0,False,,,,
2370,0.9444444444444444,1.0,False,,,,
2371,0.9444444444444444,1.0,False,,,,
2372,0.9444444444444444,1.0,False,,,,
2373,0.9444444444444444,1.0,False,,,,
2374,0.9444444444444444,1.0,False,,,,
2375,0.9444444444444444,1.0,False,,,,
2376,0.9444444444444444,1.0,False,,,,
2377,0.9444444444444444,1.0,False,,,,
2378,0.9444444444444444,1.0,False,,,,
2379,0.9444444444444444,1.0,False,,,,
2380,0.9444444444444444,1.0,False,,,,
2381,0.9444444444444444,1.0,False,,,,
2382,0.9444444444444444,1.0,False,,,,
2383,0.9444444444444444,1.0,False,,,,
2384,0.9444444444444444,1.0,False,,,,
2385,0.9444444444444444,1.0,False,,,,
2386,0.9444444444444444,1.0,False,,,,
2387,0.9444444444444444,1.0,False,,,,
2388,0.9444444444444444,1.0,False,,,,
2389,0.9444444444444444,1.0,False,,,,
2390,0.9444444444444444,1.0,False,,,,
2391,0.9444444444444444,1.0,False,,,,
2392,0.9444444444444444,1.0,False,,,,
2393,0.9444444444444444,1.0,False,,,,
2394,0.9444444444444444,1.0,False,,,,
2395,0.9444444444444444,1.0,False,,,,
2396,0.9444444444444444,1.0,False,,,,
2397,0.9444444444444444,1.0,False,,,,
2398,0.9444444444444444,1.0,False,,,,
2399,0.9444444444444444,1.0,False,,,,
2400,0.9444444444444444,1.0,False,,,,
2401,0.9444444444444444,1.0,False,,,,
2402,0.9444444444444444,1.0,False,,,,
2403,0.9444444444444444,1.0,False,,,,
2404,0.9444444444444444,1.0,False,,,,
2405,0.9444444444444444,1.0,False,,,,
2406,0.9444444444444444,1.0,False,,,,
2407,0.9444444444444444,1.0,False,,,,
2408,0.9444444444444444,1.0,False,,,,
2409,0.9444444444444444,1.0,False,,,,
2410,0.9444444444444444,1.0,False,,,,
2411,0.9444444444444444,1.0,False,,,,
2412,0.9444444444444444,1.0,False,,,,
2413,0.9444444444444444,1.0,False,,,,
2414,0.9444444444444444,1.0,False,,,,
2415,0.9444444444444444,1.0,False,,,,
2416,0.9444444444444444,1.0,False,,,,
2417,0.9444444444444444,1.0,False,,,,
2418,0.9444444444444444,1.0,False,,,,
2419,0.9444444444444444,1.0,False,,,,
2420,0.9444444444444444,1.0,False,,,,
2421,0.9444444444444444,1.0,False,,,,
2422,0.9444444444444444,1.0,False,,,,
2423,0.9444444444444444,1.0,False,,,,
2424,0.9444444444444444,1.0,False,,,,
2425,0.9444444444444444,1.0,False,,,,
2426,0.9444444444444444,1.0,False,,,,
2427,0.9444444444444444,1.0,False,,,,
2428,0.7777777777777778,4.0,False,,,,
2429,0.7777777777777778,4.0,False,,,,
2430,0.8888888888888888,2.0,False,,,,
2431,0.8888888888888888,2.0,False,,,,
2432,0.8888888888888888,2.0,False,,,,
2433,0.8888888888888888,2.0,False,,,,
2434,0.9444444444444444,1.0,False,,,,
2435,0.9444444444444444,1.0,False,,,,
2436,0.9444444444444444,1.0,False,,,,
2437,0.9444444444444444,1.0,False,,,,
2438,0.9444444444444444,1.0,False,,,,
2439,0.9444444444444444,1.0,False,,,,
2440,0.9444444444444444,1.0,False,,,,
2441,0.9444444444444444,1.0,False,,,,
2442,0.9444444444444444,1.0,False,,,,
2443,0.9444444444444444,1.0,False,,,,
2444,0.9444444444444444,1.0,False,,,,
2445,0.9444444444444444,1.0,False,,,,
2446,0.9444444444444444,1.0,False,,,,
2447,0.9444444444444444,1.0,False,,,,
2448,0.9444444444444444,1.0,False,,,,
2449,0.9444444444444444,1.0,False,,,,
2450,0.9444444444444444,1.0,False,,,,
2451,0.9444444444444444,1.0,False,,,,
2452,0.9444444444444444,1.0,False,,,,
2453,0.9444444444444444,1.0,False,,,,
2454,0.9444444444444444,1.0,False,,,,
2455,0.9444444444444444,1.0,False,,,,
2456,0.9444444444444444,1.0,False,,,,
2457,0.8888888888888888,2.0,False,,,,
2458,0.8888888888888888,2.0,False,,,,
2459,0.8888888888888888,2.0,False,,,,
2460,0.8888888888888888,2.0,False,,,,
2461,0.8888888888888888,2.0,False,,,,
2462,0.8888888888888888,2.0,False,,,,
2463,0.8888888888888888,2.0,False,,,,
2464,0.8888888888888888,2.0,False,,,,
2465,0.8888888888888888,2.0,False,,,,
2466,0.9444444444444444,1.0,False,,,,
2467,0.9444444444444444,1.0,False,,,,
2468,0.9444444444444444,1.0,False,,,,
2469,0.9444444444444444,1.0,False,,,,
2470,0.9444444444444444,1.0,False,,,,
2471,0.9444444444444444,1.0,False,,,,
2472,0.9444444444444444,1.0,False,,,,
2473,0.9444444444444444,1.0,False,,,,
2474,0.9444444444444444,1.0,False,,,,
2475,0.9444444444444444,1.0,False,,,,
2476,0.9444444444444444,1.0,False,,,,
2477,0.9444444444444444,1.0,False,,,,
2478,0.9444444444444444,1.0,False,,,,
2479,0.8888888888888888,2.0,False,,,,
2480,0.8888888888888888,2.0,False,,,,
2481,0.8888888888888888,2.0,False,,,,
2482,0.8888888888888888,2.0,False,,,,
2483,0.8888888888888888,2.0,False,,,,
2484,0.8333333333333334,3.0,False,,,,
2485,0.8333333333333334,3.0,False,,,,
2486,0.8333333333333334,3.0,False,,,,
2487,0.8333333333333334,3.0,False,,,,
2488,0.8333333333333334,3.0,False,,,,
2489,0.7777777777777778,4.0,False,,,,
2490,0.7222222222222222,5.0,True,0.23333333333333334,0.4,0.4029642446945728,0.9609640474436811
2491,0.7222222222222222,5.0,True,0.16,0.2,0.42073232993154186,1.0
2492,0.6111111111111112,7.0,True,0.25396825396825395,0.42857142857142855,0.2762237655134976,0.9211854965885544
2493,0.6111111111111112,7.0,True,0.2507936507936508,0.2857142857142857,0.2581619682265873,0.9751060324573733
2494,0.6111111111111112,7.0,True,0.24444444444444444,0.2857142857142857,0.2906644957401896,0.9629610647945144
2495,0.6111111111111112,7.0,True,0.2698412698412698,0.42857142857142855,0.2762237655134976,0.9211854965885542
2496,0.6111111111111112,7.0,True,0.29523809523809524,0.42857142857142855,0.3068884040378679,0.9165164431996026
2497,0.5555555555555556,8.0,True,0.2380952380952381,0.5,0.23819611748062863,0.875
2498,0.5555555555555556,8.0,True,0.29523809523809524,0.375,0.22646676115740538,0.9056390622295665
2499,0.5555555555555556,8.0,True,0.2523809523809524,0.5,0.27273028208237604,0.8613531161467861
2500,0.5555555555555556,8.0,True,0.42380952380952386,0.375,0.15751127575663726,0.985056822321508
2501,0.6111111111111112,7.0,True,0.47619047619047616,0.7142857142857143,0.29457606259681834,0.72483409150576
2502,0.6111111111111112,7.0,True,0.42539682539682544,0.42857142857142855,0.2152773689225589,0.9821410328348752
2503,0.6111111111111112,7.0,True,0.23174603174603176,0.2857142857142857,0.2906644957401896,0.9629610647945144
2504,0.6111111111111112,7.0,True,0.2857142857142857,0.42857142857142855,0.2762237655134976,0.9211854965885544
2505,0.6111111111111112,7.0,True,0.2380952380952381,0.42857142857142855,0.3068884040378679,0.9165164431996026
2506,0.6666666666666666,6.0,True,0.19555555555555557,0.16666666666666666,0.36596901696456796,1.0
2507,0.6666666666666666,6.0,True,0.19555555555555557,0.3333333333333333,0.35440499063918496,0.9697238998682473
2508,0.6666666666666666,6.0,True,0.32,0.5,0.29766076346821446,0.920619835714305
2509,0.6666666666666666,6.0,True,0.29333333333333333,0.5,0.34718495912414815,0.8962406251802889
2510,0.6666666666666666,6.0,True,0.3022222222222222,0.5,0.34718495912414815,0.8962406251802889
2511,0.6666666666666666,6.0,True,0.3288888888888889,0.5,0.34718495912414815,0.8962406251802889
2512,0.6666666666666666,6.0,True,0.32,0.5,0.34718495912414815,0.8962406251802889
2513,0.6666666666666666,6.0,True,0.41777777777777775,0.5,0.29766076346821446,0.920619835714305
2514,0.6666666666666666,6.0,True,0.41333333333333333,0.6666666666666666,0.3322472217414514,0.7896900821428475
2515,0.6111111111111112,7.0,True,0.2285714285714286,0.42857142857142855,0.3068884040378679,0.9165164431996026
2516,0.6111111111111112,7.0,True,0.20952380952380953,0.2857142857142857,0.2906644957401896,0.9629610647945144
2517,0.7777777777777778,4.0,False,,,,
2518,0.7777777777777778,4.0,False,,,,
2519,0.7222222222222222,5.0,True,0.3466666666666667,0.4,0.4029642446945728,0.9609640474436811
2520,0.4444444444444444,10.0,True,0.29333333333333333,0.3,0.16283865262844976,0.9464119282150146
2521,0.5,9.0,True,0.32592592592592595,0.3333333333333333,0.18815848929080803,0.9462651872218009
2522,0.5555555555555556,8.0,True,0.21666666666666667,0.25,0.26223390597985186,0.979569764547061
2523,0.5555555555555556,8.0,True,0.2523809523809524,0.25,0.25118582106156706,0.967132018086354
2524,0.5555555555555556,8.0,True,0.2714285714285714,0.25,0.25118582106156706,0.967132018086354
2525,0.4444444444444444,10.0,True,0.23703703703703702,0.2,0.1752582648809603,0.9739760316291207
2526,0.3888888888888889,11.0,True,0.29333333333333333,0.45454545454545453,0.18893472042367454,0.8563255534369275
2527,0.4444444444444444,10.0,True,0.21777777777777776,0.3,0.17955995326299723,0.9426807148172599
2528,0.4444444444444444,10.0,True,0.44,0.7,0.2485372240444479,0.6783898247235198
2529,0.4444444444444444,10.0,True,0.3333333333333333,0.3,0.15002259305069887,0.9349775297671233
2530,0.4444444444444444,10.0,True,0.3022222222222222,0.4,0.16055842170362478,0.9138646883853215
2531,0.4444444444444444,10.0,True,0.4162962962962963,0.7,0.18313428967893364,0.7298466991620975
2532,0.4444444444444444,10.0,True,0.36592592592592593,0.7,0.2485372240444479,0.6783898247235198
2533,0.4444444444444444,10.0,True,0.41037037037037033,0.6,0.19729366546933025,0.7854752972273343
2534,0.4444444444444444,10.0,True,0.28888888888888886,0.4,0.1874785426555272,0.8982444017039272
2535,0.4444444444444444,10.0,True,0.3451851851851852,0.6,0.19729366546933025,0.7854752972273343
2536,0.7222222222222222,5.0,True,0.28,0.4,0.4029642446945727,0.9609640474436811
2537,0.4444444444444444,10.0,True,0.29629629629629634,0.4,0.1874785426555272,0.8982444017039272
2538,0.3333333333333333,12.0,True,0.28888888888888886,0.4166666666666667,0.14927343431115048,0.8730017623570717
2539,0.3888888888888889,11.0,True,0.32,0.45454545454545453,0.14467864973285516,0.8787409903782898
2540,0.3888888888888889,11.0,True,0.28969696969696973,0.5454545454545454,0.18551600401125967,0.8043461359047005
2541,0.3888888888888889,11.0,True,0.38545454545454544,0.6363636363636364,0.19234552450225484,0.7455574250275927
2542,0.3888888888888889,11.0,True,0.4145454545454546,0.5454545454545454,0.15916376321404746,0.8085947862963576
2543,0.3888888888888889,11.0,True,0.6884848484848486,0.8181818181818182,0.25339331781728935,0.5462947022805018
2544,0.3888888888888889,11.0,True,0.4096969696969697,0.6363636363636364,0.19234552450225484,0.7455574250275927
2545,0.3888888888888889,11.0,True,0.29696969696969694,0.45454545454545453,0.1728567309487422,0.8596610491977074
2546,0.3888888888888889,11.0,True,0.3187878787878788,0.36363636363636365,0.12630845046529904,0.9122066329329885
2547,0.3888888888888889,11.0,True,0.44969696969696976,0.8181818181818182,0.25339331781728935,0.5462947022805018
2548,0.3888888888888889,11.0,True,0.28727272727272724,0.45454545454545453,0.18893472042367454,0.8563255534369275
2549,0.3888888888888889,11.0,True,0.2606060606060606,0.2727272727272727,0.13606892464083487,0.948769510358905
2550,0.3888888888888889,11.0,True,0.3224242424242424,0.36363636363636365,0.11008454216762076,0.9417623012206596
2551,0.3888888888888889,11.0,True,0.31636363636363635,0.36363636363636365,0.1559417780639808,0.8897213752718902
2552,0.3888888888888889,11.0,True,0.2581818181818182,0.18181818181818182,0.1340985889242352,0.9713256910609175
2553,0.3888888888888889,11.0,True,0.35515151515151516,0.6363636363636364,0.19234552450225484,0.7455574250275927
2554,0.4444444444444444,10.0,True,0.3437037037037037,0.6,0.2359898835472637,0.7627069065377662
2555,0.5,9.0,True,0.32592592592592595,0.4444444444444444,0.23753208421974148,0.8824252235446576
2556,0.4444444444444444,10.0,True,0.2237037037037037,0.2,0.1752582648809603,0.9739760316291207
2557,0.8888888888888888,2.0,False,,,,
2558,0.8888888888888888,2.0,False,,,,
2559,0.8888888888888888,2.0,False,,,,
2560,0.8333333333333334,3.0,False,,,,
2561,0.8333333333333334,3.0,False,,,,
2562,0.8333333333333334,3.0,False,,,,
2563,0.8333333333333334,3.0,False,,,,
2564,0.7777777777777778,4.0,False,,,,
2565,0.7222222222222222,5.0,True,0.21333333333333335,0.2,0.42073232993154186,1.0
2566,0.2777777777777778,13.0,True,0.39743589743589747,0.6153846153846154,0.2193321818585472,0.717335694993616
2567,0.2222222222222222,14.0,True,0.3926739926739927,0.6428571428571429,0.21491822624141188,0.7005767548459519
2568,0.2222222222222222,14.0,True,0.36556776556776555,0.5714285714285714,0.1874785426555272,0.7544450120149419
2569,0.16666666666666666,15.0,True,0.36507936507936506,0.5333333333333333,0.17955995326299723,0.7742367184132575
2570,0.16666666666666666,15.0,True,0.3987301587301587,0.5333333333333333,0.17777733894670822,0.7697976643410275
2571,0.16666666666666666,15.0,True,0.3307936507936508,0.4,0.14541251177731473,0.8119767939014099
2572,0.16666666666666666,15.0,True,0.3225396825396825,0.6,0.21289219419266392,0.7240345888528967
2573,0.16666666666666666,15.0,True,0.4838095238095238,0.8,0.34718495912414815,0.5194602975157968
2574,0.3333333333333333,12.0,True,0.31717171717171716,0.5,0.1680761352378889,0.8223773393621179
2575,0.3333333333333333,12.0,True,0.48888888888888893,0.6666666666666666,0.1446114577924662,0.75
2576,0.3333333333333333,12.0,True,0.27878787878787875,0.5,0.18446111079059724,0.8165982976888231
2577,0.3333333333333333,12.0,True,0.30101010101010106,0.5,0.1680761352378891,0.8223773393621179
2578,0.2222222222222222,14.0,True,0.326007326007326,0.42857142857142855,0.1381987626013722,0.8232557641736383
2579,0.5,9.0,True,0.2574074074074074,0.3333333333333333,0.21289219419266392,0.935944697445866
2580,0.5,9.0,True,0.274074074074074,0.4444444444444444,0.23753208421974148,0.8824252235446576
2581,0.4444444444444444,10.0,True,0.2414814814814815,0.2,0.16558055507478497,0.9695703501901249
2582,0.4444444444444444,10.0,True,0.3214814814814815,0.5,0.2193321818585472,0.8359750080865053
2583,0.16666666666666666,15.0,True,0.29269841269841274,0.4666666666666667,0.15004832282904712,0.8120808359231131
2584,0.16666666666666666,15.0,True,0.36698412698412697,0.6,0.2043823975884862,0.7269575222056059
2585,0.16666666666666666,15.0,True,0.3225396825396825,0.5333333333333333,0.17955995326299723,0.7742367184132574
2586,0.16666666666666666,15.0,True,0.29904761904761906,0.3333333333333333,0.11154361299652948,0.8665270768820214
2587,0.16666666666666666,15.0,True,0.39936507936507937,0.8,0.34718495912414815,0.5194602975157968
2588,0.16666666666666666,15.0,True,0.3980952380952381,0.6666666666666666,0.24597054513177197,0.6713982813606043
2589,0.16666666666666666,15.0,True,0.353015873015873,0.6,0.22639930535523456,0.7141724685362003
2590,0.16666666666666666,15.0,True,0.5701587301587302,0.8,0.34718495912414815,0.5194602975157968
2591,0.16666666666666666,15.0,True,0.4653968253968254,0.8,0.34718495912414815,0.5194602975157968
2592,0.16666666666666666,15.0,True,0.5003174603174603,0.8666666666666667,0.2920250942223881,0.5665095065529053
2593,0.16666666666666666,15.0,True,0.32507936507936513,0.4666666666666667,0.15594177806398068,0.7982546354435072
2594,0.16666666666666666,15.0,True,0.32317460317460317,0.3333333333333333,0.0902598724363205,0.8794182889221216
2595,0.16666666666666666,15.0,True,0.4685714285714286,0.6666666666666666,0.19209773402987418,0.7312088026202269
2596,0.16666666666666666,15.0,True,0.3492063492063492,0.6,0.18815848929080803,0.7486316789498983
2597,0.16666666666666666,15.0,True,0.3752380952380952,0.6666666666666666,0.22646676115740538,0.6876396827696896
2598,0.16666666666666666,15.0,True,0.39492063492063495,0.6666666666666666,0.22646676115740538,0.6876396827696896
2599,0.16666666666666666,15.0,True,0.580952380952381,0.8666666666666667,0.3833876058898902,0.4415516705081735
2600,0.2222222222222222,14.0,True,0.3399267399267399,0.5,0.12630845046529904,0.827409557091281
2601,0.2222222222222222,14.0,True,0.4600732600732601,0.8571428571428571,0.3322472217414514,0.463436782324667
2602,0.2222222222222222,14.0,True,0.5142857142857143,0.9285714285714286,0.33566834541287394,0.37123232664087563
2603,0.2222222222222222,14.0,True,0.4805860805860806,0.8571428571428571,0.22749311428573982,0.5916727785823275
2604,0.2222222222222222,14.0,True,0.42710622710622714,0.7142857142857143,0.23819611748062863,0.6458459985690298
2605,0.2222222222222222,14.0,True,0.5377289377289377,0.8571428571428571,0.3322472217414514,0.463436782324667
2606,0.2222222222222222,14.0,True,0.37728937728937734,0.5714285714285714,0.1874785426555272,0.754445012014942
2607,0.2222222222222222,14.0,True,0.4593406593406594,0.8571428571428571,0.3322472217414514,0.463436782324667
2608,0.2222222222222222,14.0,True,0.389010989010989,0.5,0.12630845046529904,0.827409557091281
2609,0.2222222222222222,14.0,True,0.3201465201465201,0.42857142857142855,0.11946527737713541,0.8598127531507581
2610,0.2222222222222222,14.0,True,0.37802197802197807,0.5714285714285714,0.13137891728537632,0.805288621665821
2611,0.2222222222222222,14.0,True,0.40512820512820513,0.5714285714285714,0.12641640134653298,0.7973748106396931
2612,0.2222222222222222,14.0,True,0.29304029304029305,0.42857142857142855,0.11355887257429487,0.8576611402529865
2613,0.2222222222222222,14.0,True,0.24615384615384617,0.2857142857142857,0.07920526785667303,0.930688285550101
2614,0.2222222222222222,14.0,True,0.30549450549450546,0.5,0.15594177806398068,0.7984806893213606
2615,0.2222222222222222,14.0,True,0.2644688644688645,0.5,0.15594177806398068,0.7984806893213606
2616,0.2222222222222222,14.0,True,0.31135531135531136,0.35714285714285715,0.09825699908590113,0.8889516976000678
2617,0.2222222222222222,14.0,True,0.33699633699633696,0.5,0.14100309174572245,0.8193399999898042
2618,0.2222222222222222,14.0,True,0.45421245421245426,0.7142857142857143,0.19209773402987418,0.690814021097605
2619,0.2222222222222222,14.0,True,0.5069597069597069,0.8571428571428571,0.3322472217414514,0.463436782324667
2620,0.2222222222222222,14.0,True,0.2937728937728938,0.2857142857142857,0.08242824034009855,0.9106994941661897
2621,0.2222222222222222,14.0,True,0.27912087912087913,0.35714285714285715,0.07595656279546226,0.9101663100395065
2622,0.16666666666666666,15.0,True,0.48888888888888893,0.9333333333333333,0.404094081887449,0.35335933502142136
2623,0.16666666666666666,15.0,True,0.41904761904761906,0.6666666666666666,0.24597054513177197,0.6713982813606044
2624,0.9444444444444444,1.0,False,,,,
2625,0.9444444444444444,1.0,False,,,,
2626,0.8888888888888888,2.0,False,,,,
2627,0.16666666666666666,15.0,True,0.3187301587301587,0.3333333333333333,0.014603731563581301,0.982798115178801
2628,0.16666666666666666,15.0,True,0.326984126984127,0.5333333333333333,0.16283865262844976,0.7892663542982413
2629,0.16666666666666666,15.0,True,0.41269841269841273,0.4666666666666667,0.037436720294585446,0.9654013672997089
2630,0.16666666666666666,15.0,True,0.5257142857142857,0.8,0.21030991785715247,0.7219280948873623
2631,0.16666666666666666,15.0,True,0.273015873015873,0.4,0.1170792314405169,0.8642388260732418
2632,0.16666666666666666,15.0,True,0.25015873015873014,0.4,0.12005475080108541,0.8648307589022237
2633,0.16666666666666666,15.0,True,0.5015873015873016,0.7333333333333333,0.23624646620487744,0.664357405712226
2634,0.16666666666666666,15.0,True,0.34095238095238095,0.4,0.04200545645497589,0.9446232142545791
2635,0.16666666666666666,15.0,True,0.3187301587301587,0.4,0.11038703671652328,0.8629403225107362
2636,0.16666666666666666,15.0,True,0.34349206349206346,0.4666666666666667,0.13130188803690324,0.8303663197842323
2637,0.16666666666666666,15.0,True,0.5066666666666666,0.9333333333333333,0.404094081887449,0.35335933502142136
2638,0.2222222222222222,14.0,True,0.40293040293040294,0.5714285714285714,0.13137891728537632,0.805288621665821
2639,0.16666666666666666,15.0,True,0.4533333333333333,0.7333333333333333,0.2762237655134976,0.6183203709705837
2640,0.16666666666666666,15.0,True,0.5225396825396825,0.7333333333333333,0.2152773689225589,0.696109471426504
2641,0.16666666666666666,15.0,True,0.30666666666666664,0.5333333333333333,0.17955995326299723,0.7742367184132574
2642,0.16666666666666666,15.0,True,0.2920634920634921,0.3333333333333333,0.07519936023707652,0.908063094245335
2643,0.16666666666666666,15.0,True,0.6133333333333333,0.9333333333333333,0.404094081887449,0.35335933502142136
2644,0.16666666666666666,15.0,True,0.3987301587301587,0.6666666666666666,0.24597054513177197,0.6713982813606044
2645,0.16666666666666666,15.0,True,0.37714285714285717,0.6,0.21289219419266392,0.7240345888528968
2646,0.16666666666666666,15.0,True,0.37587301587301586,0.6666666666666666,0.24597054513177197,0.6713982813606044
2647,0.16666666666666666,15.0,True,0.4596825396825397,0.8,0.29766076346821446,0.5713619478607344
2648,0.2222222222222222,14.0,True,0.21245421245421248,0.21428571428571427,0.05838214508862316,0.9587446613154134
2649,0.2222222222222222,14.0,True,0.24468864468864468,0.2857142857142857,0.08368618001734762,0.9311066102039659
2650,0.2222222222222222,14.0,True,0.25641025641025644,0.2857142857142857,0.09182992238462095,0.9136782503460238
2651,0.2222222222222222,14.0,True,0.25641025641025644,0.35714285714285715,0.10612471591446637,0.8944179259831346
2652,0.2222222222222222,14.0,True,0.2490842490842491,0.2857142857142857,0.04410292359244239,0.9546444483376652
2653,0.2222222222222222,14.0,True,0.28717948717948716,0.35714285714285715,0.09825699908590113,0.8889516976000676
2654,0.2222222222222222,14.0,True,0.2783882783882784,0.35714285714285715,0.1005964528225397,0.8757609339601583
2655,0.2222222222222222,14.0,True,0.23956043956043957,0.2857142857142857,0.08368618001734762,0.9311066102039659
2656,0.2777777777777778,13.0,True,0.3068376068376068,0.46153846153846156,0.1492734343111506,0.8383457075860213
2657,0.2222222222222222,14.0,True,0.27326007326007323,0.35714285714285715,0.08427760089768865,0.9081585800092568
2658,0.7777777777777778,4.0,False,,,,
2659,0.5555555555555556,8.0,True,0.2,0.25,0.26223390597985186,0.979569764547061
2660,0.6111111111111112,7.0,True,0.326984126984127,0.5714285714285714,0.306014919123631,0.8322488896002307
2661,0.6666666666666666,6.0,True,0.2622222222222222,0.3333333333333333,0.35440499063918496,0.9697238998682473
2662,0.3333333333333333,12.0,True,0.2949494949494949,0.3333333333333333,0.11355887257429487,0.9111886696810589
2663,0.3333333333333333,12.0,True,0.28585858585858587,0.25,0.0964076385283108,0.957742056202218
2664,0.2777777777777778,13.0,True,0.32735042735042735,0.46153846153846156,0.1304738254590564,0.8509553984313722
2665,0.2222222222222222,14.0,True,0.3743589743589743,0.5714285714285714,0.17678233000130295,0.7551630862513186
2666,0.2222222222222222,14.0,True,0.4673992673992674,0.8571428571428571,0.3322472217414514,0.463436782324667
2667,0.2222222222222222,14.0,True,0.41245421245421243,0.5714285714285714,0.17678233000130317,0.7551630862513186
2668,0.2222222222222222,14.0,True,0.22637362637362637,0.2857142857142857,0.07920526785667303,0.930688285550101
2669,0.2222222222222222,14.0,True,0.36849816849816847,0.6428571428571429,0.21491822624141188,0.700576754845952
2670,0.2222222222222222,14.0,True,0.36117216117216117,0.42857142857142855,0.10703894780241652,0.8549912206176893
2671,0.2222222222222222,14.0,True,0.2271062271062271,0.21428571428571427,0.06151170773809045,0.9474569977257031
2672,0.2777777777777778,13.0,True,0.20427350427350427,0.3076923076923077,0.08427760089768865,0.9345154830993555
2673,0.6111111111111112,7.0,True,0.3428571428571428,0.42857142857142855,0.2762237655134976,0.9211854965885543
2674,0.6666666666666666,6.0,True,0.16444444444444445,0.16666666666666666,0.36596901696456796,1.0
2675,0.6666666666666666,6.0,True,0.21777777777777776,0.3333333333333333,0.35440499063918496,0.9697238998682473
2676,0.6666666666666666,6.0,True,0.15555555555555553,0.16666666666666666,0.36596901696456796,1.0
2677,0.7222222222222222,5.0,True,0.24000000000000002,0.4,0.4029642446945728,0.9609640474436811
2678,0.7222222222222222,5.0,True,0.2533333333333333,0.2,0.42073232993154186,1.0
2679,0.8333333333333334,3.0,False,,,,
2680,0.8888888888888888,2.0,False,,,,
2681,0.8888888888888888,2.0,False,,,,
2682,0.8888888888888888,2.0,False,,,,
2683,0.8333333333333334,3.0,False,,,,
2684,0.6666666666666666,6.0,True,0.31555555555555553,0.5,0.34718495912414815,0.8962406251802889
2685,0.6111111111111112,7.0,True,0.16825396825396824,0.14285714285714285,0.31472403294534546,1.0
2686,0.6666666666666666,6.0,True,0.28,0.3333333333333333,0.35440499063918507,0.9697238998682475
2687,0.6666666666666666,6.0,True,0.2,0.3333333333333333,0.35440499063918507,0.9697238998682475
2688,0.7222222222222222,5.0,True,0.48000000000000004,0.8,0.33566834541287394,0.7219280948873623
2689,0.7222222222222222,5.0,True,0.22666666666666666,0.2,0.42073232993154186,1.0
2690,0.7222222222222222,5.0,True,0.19333333333333333,0.4,0.4029642446945727,0.9609640474436811
2691,0.7222222222222222,5.0,True,0.20666666666666667,0.4,0.4029642446945727,0.9609640474436811
2692,0.7222222222222222,5.0,True,0.21333333333333335,0.4,0.4029642446945728,0.9609640474436811
2693,0.7222222222222222,5.0,True,0.28,0.4,0.4029642446945728,0.9609640474436811
2694,0.6666666666666666,6.0,True,0.26666666666666666,0.3333333333333333,0.3291231618372379,0.9591479170272447
2695,0.6666666666666666,6.0,True,0.23111111111111113,0.3333333333333333,0.3291231618372379,0.9591479170272448
2696,0.6666666666666666,6.0,True,0.2577777777777778,0.3333333333333333,0.35440499063918496,0.9697238998682473
2697,0.7222222222222222,5.0,True,0.22666666666666666,0.2,0.42073232993154186,1.0
2698,0.7777777777777778,4.0,False,,,,
2699,0.7777777777777778,4.0,False,,,,
2700,0.9444444444444444,1.0,False,,,,
2701,0.9444444444444444,1.0,False,,,,
2702,0.9444444444444444,1.0,False,,,,
2703,0.9444444444444444,1.0,False,,,,
2704,0.9444444444444444,1.0,False,,,,
2705,0.9444444444444444,1.0,False,,,,
2706,0.9444444444444444,1.0,False,,,,
2707,0.9444444444444444,1.0,False,,,,
2708,0.9444444444444444,1.0,False,,,,
2709,0.9444444444444444,1.0,False,,,,
2710,0.9444444444444444,1.0,False,,,,
2711,0.9444444444444444,1.0,False,,,,
2712,0.9444444444444444,1.0,False,,,,
2713,0.9444444444444444,1.0,False,,,,
2714,0.9444444444444444,1.0,False,,,,
2715,0.9444444444444444,1.0,False,,,,
2716,0.9444444444444444,1.0,False,,,,
2717,0.9444444444444444,1.0,False,,,,
2718,0.8888888888888888,2.0,False,,,,
2719,0.8888888888888888,2.0,False,,,,
2720,0.7777777777777778,4.0,False,,,,
2721,0.7777777777777778,4.0,False,,,,
2722,0.7777777777777778,4.0,False,,,,
2723,0.7777777777777778,4.0,False,,,,
2724,0.8333333333333334,3.0,False,,,,
2725,0.8333333333333334,3.0,False,,,,
2726,0.8333333333333334,3.0,False,,,,
2727,0.8333333333333334,3.0,False,,,,
2728,0.8333333333333334,3.0,False,,,,
2729,0.8333333333333334,3.0,False,,,,
2730,0.8333333333333334,3.0,False,,,,
2731,0.8333333333333334,3.0,False,,,,
2732,0.8333333333333334,3.0,False,,,,
2733,0.7777777777777778,4.0,False,,,,
2734,0.7777777777777778,4.0,False,,,,
2735,0.9444444444444444,1.0,False,,,,
2736,0.9444444444444444,1.0,False,,,,
2737,0.8888888888888888,2.0,False,,,,
2738,0.8888888888888888,2.0,False,,,,
2739,0.8888888888888888,2.0,False,,,,
2740,0.8888888888888888,2.0,False,,,,
2741,0.8888888888888888,2.0,False,,,,
2742,0.8888888888888888,2.0,False,,,,
2743,0.8888888888888888,2.0,False,,,,
2744,0.8888888888888888,2.0,False,,,,
2745,0.7222222222222222,5.0,True,0.30666666666666664,0.4,0.4029642446945728,0.9609640474436811
2746,0.7222222222222222,5.0,True,0.24000000000000002,0.4,0.4029642446945728,0.9609640474436811
2747,0.7222222222222222,5.0,True,0.22666666666666666,0.4,0.4029642446945728,0.9609640474436811
2748,0.7222222222222222,5.0,True,0.30666666666666664,0.4,0.36241850860757163,0.9602297178607612
2749,0.7222222222222222,5.0,True,0.31333333333333335,0.4,0.4029642446945728,0.9609640474436811
2750,0.7222222222222222,5.0,True,0.24000000000000002,0.2,0.42073232993154186,1.0
2751,0.7222222222222222,5.0,True,0.22,0.4,0.4029642446945728,0.9609640474436811
2752,0.7777777777777778,4.0,False,,,,
2753,0.7777777777777778,4.0,False,,,,
2754,0.7777777777777778,4.0,False,,,,
2755,0.7777777777777778,4.0,False,,,,
2756,0.7777777777777778,4.0,False,,,,
2757,0.7777777777777778,4.0,False,,,,
2758,0.7777777777777778,4.0,False,,,,
2759,0.8333333333333334,3.0,False,,,,
2760,0.8333333333333334,3.0,False,,,,
2761,0.8333333333333334,3.0,False,,,,
2762,0.8333333333333334,3.0,False,,,,
2763,0.8333333333333334,3.0,False,,,,
2764,0.8333333333333334,3.0,False,,,,
2765,0.7222222222222222,5.0,True,0.26666666666666666,0.4,0.3624185086075715,0.9602297178607612
2766,0.7222222222222222,5.0,True,0.20666666666666667,0.4,0.4029642446945728,0.9609640474436811
2767,0.7222222222222222,5.0,True,0.22,0.2,0.42073232993154186,1.0
2768,0.8333333333333334,3.0,False,,,,
2769,0.7222222222222222,5.0,True,0.22,0.2,0.42073232993154186,1.0
2770,0.7222222222222222,5.0,True,0.17333333333333334,0.2,0.42073232993154186,1.0
2771,0.8333333333333334,3.0,False,,,,
2772,0.7777777777777778,4.0,False,,,,
2773,0.7777777777777778,4.0,False,,,,
2774,0.7777777777777778,4.0,False,,,,
2775,0.7777777777777778,4.0,False,,,,
2776,0.8333333333333334,3.0,False,,,,
2777,0.8333333333333334,3.0,False,,,,
2778,0.8333333333333334,3.0,False,,,,
2779,0.7777777777777778,4.0,False,,,,
2780,0.7777777777777778,4.0,False,,,,
2781,0.7777777777777778,4.0,False,,,,
2782,0.7777777777777778,4.0,False,,,,
2783,0.7777777777777778,4.0,False,,,,
2784,0.7777777777777778,4.0,False,,,,
2785,0.7777777777777778,4.0,False,,,,
2786,0.8333333333333334,3.0,False,,,,
2787,0.8888888888888888,2.0,False,,,,
2788,0.8888888888888888,2.0,False,,,,
2789,0.8888888888888888,2.0,False,,,,
2790,0.8888888888888888,2.0,False,,,,
2791,0.8888888888888888,2.0,False,,,,
2792,0.8888888888888888,2.0,False,,,,
2793,0.9444444444444444,1.0,False,,,,
2794,0.9444444444444444,1.0,False,,,,
2795,0.9444444444444444,1.0,False,,,,
2796,0.9444444444444444,1.0,False,,,,
2797,0.9444444444444444,1.0,False,,,,
2798,0.9444444444444444,1.0,False,,,,
2799,0.9444444444444444,1.0,False,,,,
2800,0.9444444444444444,1.0,False,,,,
2801,0.8333333333333334,3.0,False,,,,
2802,0.8333333333333334,3.0,False,,,,
2803,0.8333333333333334,3.0,False,,,,
2804,0.8333333333333334,3.0,False,,,,
2805,0.8333333333333334,3.0,False,,,,
2806,0.7777777777777778,4.0,False,,,,
2807,0.7777777777777778,4.0,False,,,,
2808,0.7777777777777778,4.0,False,,,,
2809,0.7777777777777778,4.0,False,,,,
2810,0.7777777777777778,4.0,False,,,,
2811,0.7777777777777778,4.0,False,,,,
2812,0.8888888888888888,2.0,False,,,,
2813,0.8888888888888888,2.0,False,,,,
2814,0.8888888888888888,2.0,False,,,,
2815,0.8888888888888888,2.0,False,,,,
2816,0.8888888888888888,2.0,False,,,,
2817,0.7777777777777778,4.0,False,,,,
2818,0.7777777777777778,4.0,False,,,,
2819,0.7777777777777778,4.0,False,,,,
2820,0.7777777777777778,4.0,False,,,,
2821,0.7777777777777778,4.0,False,,,,
2822,0.7777777777777778,4.0,False,,,,
2823,0.7777777777777778,4.0,False,,,,
2824,0.7777777777777778,4.0,False,,,,
2825,0.8888888888888888,2.0,False,,,,
2826,0.8888888888888888,2.0,False,,,,
2827,0.7777777777777778,4.0,False,,,,
2828,0.7777777777777778,4.0,False,,,,
2829,0.7777777777777778,4.0,False,,,,
2830,0.7777777777777778,4.0,False,,,,
2831,0.8333333333333334,3.0,False,,,,
2832,0.8333333333333334,3.0,False,,,,
2833,0.8333333333333334,3.0,False,,,,
2834,0.8333333333333334,3.0,False,,,,
2835,0.8333333333333334,3.0,False,,,,
2836,0.8333333333333334,3.0,False,,,,
2837,0.8333333333333334,3.0,False,,,,
2838,0.8333333333333334,3.0,False,,,,
2839,0.8333333333333334,3.0,False,,,,
2840,0.8333333333333334,3.0,False,,,,
2841,0.8333333333333334,3.0,False,,,,
2842,0.8333333333333334,3.0,False,,,,
2843,0.8333333333333334,3.0,False,,,,
2844,0.8333333333333334,3.0,False,,,,
2845,0.8333333333333334,3.0,False,,,,
2846,0.8333333333333334,3.0,False,,,,
2847,0.8333333333333334,3.0,False,,,,
2848,0.8888888888888888,2.0,False,,,,
2849,0.8888888888888888,2.0,False,,,,
2850,0.8888888888888888,2.0,False,,,,
2851,0.8888888888888888,2.0,False,,,,
2852,0.8888888888888888,2.0,False,,,,
2853,0.8888888888888888,2.0,False,,,,
2854,0.8888888888888888,2.0,False,,,,
2855,0.8888888888888888,2.0,False,,,,
2856,0.8333333333333334,3.0,False,,,,
2857,0.8888888888888888,2.0,False,,,,
2858,0.8888888888888888,2.0,False,,,,
2859,0.8888888888888888,2.0,False,,,,
2860,0.8888888888888888,2.0,False,,,,
2861,0.8888888888888888,2.0,False,,,,
2862,0.8888888888888888,2.0,False,,,,
2863,0.8333333333333334,3.0,False,,,,
2864,0.8333333333333334,3.0,False,,,,
2865,0.8333333333333334,3.0,False,,,,
2866,0.8333333333333334,3.0,False,,,,
2867,0.8333333333333334,3.0,False,,,,
2868,0.8333333333333334,3.0,False,,,,
2869,0.8333333333333334,3.0,False,,,,
2870,0.8333333333333334,3.0,False,,,,
2871,0.8333333333333334,3.0,False,,,,
2872,0.8333333333333334,3.0,False,,,,
2873,0.8333333333333334,3.0,False,,,,
2874,0.8333333333333334,3.0,False,,,,
2875,0.8333333333333334,3.0,False,,,,
2876,0.8333333333333334,3.0,False,,,,
2877,0.8333333333333334,3.0,False,,,,
2878,0.8888888888888888,2.0,False,,,,
2879,0.8333333333333334,3.0,False,,,,
2880,0.8888888888888888,2.0,False,,,,
2881,0.8888888888888888,2.0,False,,,,
2882,0.8888888888888888,2.0,False,,,,
2883,0.8888888888888888,2.0,False,,,,
2884,0.8888888888888888,2.0,False,,,,
2885,0.8888888888888888,2.0,False,,,,
2886,0.8888888888888888,2.0,False,,,,
2887,0.8888888888888888,2.0,False,,,,
2888,0.8888888888888888,2.0,False,,,,
2889,0.8888888888888888,2.0,False,,,,
2890,0.9444444444444444,1.0,False,,,,
2891,0.9444444444444444,1.0,False,,,,
2892,0.8888888888888888,2.0,False,,,,
2893,0.8888888888888888,2.0,False,,,,
2894,0.8888888888888888,2.0,False,,,,
2895,0.8888888888888888,2.0,False,,,,
2896,0.8888888888888888,2.0,False,,,,
2897,0.8888888888888888,2.0,False,,,,
2898,0.8888888888888888,2.0,False,,,,
2899,0.8888888888888888,2.0,False,,,,
2900,0.8888888888888888,2.0,False,,,,
2901,0.8888888888888888,2.0,False,,,,
2902,0.9444444444444444,1.0,False,,,,
2903,0.9444444444444444,1.0,False,,,,
2904,0.9444444444444444,1.0,False,,,,
2905,0.9444444444444444,1.0,False,,,,
