col_index,gap_frac,nongap_n,keep,cons_similarity,cons_identity,cons_entropy22,cons_entropy_nogap
1,1.0,0,False,,,,
2,1.0,0,False,,,,
3,1.0,0,False,,,,
4,1.0,0,False,,,,
5,1.0,0,False,,,,
6,1.0,0,False,,,,
7,1.0,0,False,,,,
8,1.0,0,False,,,,
9,1.0,0,False,,,,
10,1.0,0,False,,,,
11,1.0,0,False,,,,
12,1.0,0,False,,,,
13,1.0,0,False,,,,
14,1.0,0,False,,,,
15,1.0,0,False,,,,
16,1.0,0,False,,,,
17,1.0,0,False,,,,
18,1.0,0,False,,,,
19,1.0,0,False,,,,
20,1.0,0,False,,,,
21,1.0,0,False,,,,
22,1.0,0,False,,,,
23,1.0,0,False,,,,
24,1.0,0,False,,,,
25,1.0,0,False,,,,
26,1.0,0,False,,,,
27,1.0,0,False,,,,
28,1.0,0,False,,,,
29,1.0,0,False,,,,
30,1.0,0,False,,,,
31,1.0,0,False,,,,
32,1.0,0,False,,,,
33,1.0,0,False,,,,
34,1.0,0,False,,,,
35,1.0,0,False,,,,
36,1.0,0,False,,,,
37,1.0,0,False,,,,
38,1.0,0,False,,,,
39,1.0,0,False,,,,
40,1.0,0,False,,,,
41,1.0,0,False,,,,
42,1.0,0,False,,,,
43,1.0,0,False,,,,
44,1.0,0,False,,,,
45,1.0,0,False,,,,
46,1.0,0,False,,,,
47,1.0,0,False,,,,
48,1.0,0,False,,,,
49,1.0,0,False,,,,
50,1.0,0,False,,,,
51,1.0,0,False,,,,
52,1.0,0,False,,,,
53,1.0,0,False,,,,
54,1.0,0,False,,,,
55,1.0,0,False,,,,
56,1.0,0,False,,,,
57,1.0,0,False,,,,
58,1.0,0,False,,,,
59,1.0,0,False,,,,
60,1.0,0,False,,,,
61,1.0,0,False,,,,
62,1.0,0,False,,,,
63,1.0,0,False,,,,
64,1.0,0,False,,,,
65,1.0,0,False,,,,
66,1.0,0,False,,,,
67,1.0,0,False,,,,
68,1.0,0,False,,,,
69,1.0,0,False,,,,
70,1.0,0,False,,,,
71,1.0,0,False,,,,
72,1.0,0,False,,,,
73,1.0,0,False,,,,
74,1.0,0,False,,,,
75,1.0,0,False,,,,
76,1.0,0,False,,,,
77,1.0,0,False,,,,
78,1.0,0,False,,,,
79,1.0,0,False,,,,
80,1.0,0,False,,,,
81,1.0,0,False,,,,
82,1.0,0,False,,,,
83,1.0,0,False,,,,
84,1.0,0,False,,,,
85,1.0,0,False,,,,
86,1.0,0,False,,,,
87,1.0,0,False,,,,
88,1.0,0,False,,,,
89,1.0,0,False,,,,
90,1.0,0,False,,,,
91,1.0,0,False,,,,
92,1.0,0,False,,,,
93,1.0,0,False,,,,
94,1.0,0,False,,,,
95,1.0,0,False,,,,
96,1.0,0,False,,,,
97,1.0,0,False,,,,
98,1.0,0,False,,,,
99,1.0,0,False,,,,
100,1.0,0,False,,,,
101,1.0,0,False,,,,
102,1.0,0,False,,,,
103,1.0,0,False,,,,
104,1.0,0,False,,,,
105,1.0,0,False,,,,
106,1.0,0,False,,,,
107,1.0,0,False,,,,
108,1.0,0,False,,,,
109,1.0,0,False,,,,
110,1.0,0,False,,,,
111,1.0,0,False,,,,
112,1.0,0,False,,,,
113,1.0,0,False,,,,
114,1.0,0,False,,,,
115,1.0,0,False,,,,
116,1.0,0,False,,,,
117,1.0,0,False,,,,
118,1.0,0,False,,,,
119,1.0,0,False,,,,
120,1.0,0,False,,,,
121,1.0,0,False,,,,
122,1.0,0,False,,,,
123,1.0,0,False,,,,
124,1.0,0,False,,,,
125,1.0,0,False,,,,
126,1.0,0,False,,,,
127,1.0,0,False,,,,
128,1.0,0,False,,,,
129,1.0,0,False,,,,
130,1.0,0,False,,,,
131,1.0,0,False,,,,
132,1.0,0,False,,,,
133,1.0,0,False,,,,
134,1.0,0,False,,,,
135,1.0,0,False,,,,
136,1.0,0,False,,,,
137,1.0,0,False,,,,
138,1.0,0,False,,,,
139,1.0,0,False,,,,
140,1.0,0,False,,,,
141,1.0,0,False,,,,
142,1.0,0,False,,,,
143,1.0,0,False,,,,
144,1.0,0,False,,,,
145,1.0,0,False,,,,
146,1.0,0,False,,,,
147,1.0,0,False,,,,
148,1.0,0,False,,,,
149,1.0,0,False,,,,
150,1.0,0,False,,,,
151,1.0,0,False,,,,
152,1.0,0,False,,,,
153,1.0,0,False,,,,
154,1.0,0,False,,,,
155,1.0,0,False,,,,
156,1.0,0,False,,,,
157,1.0,0,False,,,,
158,1.0,0,False,,,,
159,1.0,0,False,,,,
160,1.0,0,False,,,,
161,1.0,0,False,,,,
162,1.0,0,False,,,,
163,1.0,0,False,,,,
164,1.0,0,False,,,,
165,1.0,0,False,,,,
166,1.0,0,False,,,,
167,1.0,0,False,,,,
168,1.0,0,False,,,,
169,1.0,0,False,,,,
170,1.0,0,False,,,,
171,1.0,0,False,,,,
172,1.0,0,False,,,,
173,1.0,0,False,,,,
174,1.0,0,False,,,,
175,1.0,0,False,,,,
176,1.0,0,False,,,,
177,1.0,0,False,,,,
178,1.0,0,False,,,,
179,1.0,0,False,,,,
180,1.0,0,False,,,,
181,1.0,0,False,,,,
182,1.0,0,False,,,,
183,1.0,0,False,,,,
184,1.0,0,False,,,,
185,1.0,0,False,,,,
186,1.0,0,False,,,,
187,1.0,0,False,,,,
188,1.0,0,False,,,,
189,1.0,0,False,,,,
190,1.0,0,False,,,,
191,1.0,0,False,,,,
192,1.0,0,False,,,,
193,1.0,0,False,,,,
194,1.0,0,False,,,,
195,1.0,0,False,,,,
196,1.0,0,False,,,,
197,1.0,0,False,,,,
198,1.0,0,False,,,,
199,1.0,0,False,,,,
200,1.0,0,False,,,,
201,1.0,0,False,,,,
202,1.0,0,False,,,,
203,1.0,0,False,,,,
204,1.0,0,False,,,,
205,1.0,0,False,,,,
206,1.0,0,False,,,,
207,1.0,0,False,,,,
208,1.0,0,False,,,,
209,1.0,0,False,,,,
210,1.0,0,False,,,,
211,1.0,0,False,,,,
212,1.0,0,False,,,,
213,1.0,0,False,,,,
214,1.0,0,False,,,,
215,1.0,0,False,,,,
216,1.0,0,False,,,,
217,1.0,0,False,,,,
218,1.0,0,False,,,,
219,1.0,0,False,,,,
220,1.0,0,False,,,,
221,1.0,0,False,,,,
222,1.0,0,False,,,,
223,1.0,0,False,,,,
224,1.0,0,False,,,,
225,1.0,0,False,,,,
226,1.0,0,False,,,,
227,1.0,0,False,,,,
228,1.0,0,False,,,,
229,1.0,0,False,,,,
230,1.0,0,False,,,,
231,1.0,0,False,,,,
232,1.0,0,False,,,,
233,1.0,0,False,,,,
234,1.0,0,False,,,,
235,1.0,0,False,,,,
236,1.0,0,False,,,,
237,1.0,0,False,,,,
238,1.0,0,False,,,,
239,1.0,0,False,,,,
240,1.0,0,False,,,,
241,1.0,0,False,,,,
242,1.0,0,False,,,,
243,1.0,0,False,,,,
244,1.0,0,False,,,,
245,1.0,0,False,,,,
246,1.0,0,False,,,,
247,1.0,0,False,,,,
248,1.0,0,False,,,,
249,1.0,0,False,,,,
250,1.0,0,False,,,,
251,1.0,0,False,,,,
252,1.0,0,False,,,,
253,1.0,0,False,,,,
254,1.0,0,False,,,,
255,1.0,0,False,,,,
256,1.0,0,False,,,,
257,1.0,0,False,,,,
258,1.0,0,False,,,,
259,1.0,0,False,,,,
260,1.0,0,False,,,,
261,1.0,0,False,,,,
262,1.0,0,False,,,,
263,1.0,0,False,,,,
264,1.0,0,False,,,,
265,1.0,0,False,,,,
266,1.0,0,False,,,,
267,1.0,0,False,,,,
268,1.0,0,False,,,,
269,1.0,0,False,,,,
270,1.0,0,False,,,,
271,1.0,0,False,,,,
272,1.0,0,False,,,,
273,1.0,0,False,,,,
274,1.0,0,False,,,,
275,1.0,0,False,,,,
276,1.0,0,False,,,,
277,1.0,0,False,,,,
278,1.0,0,False,,,,
279,1.0,0,False,,,,
280,1.0,0,False,,,,
281,1.0,0,False,,,,
282,1.0,0,False,,,,
283,1.0,0,False,,,,
284,1.0,0,False,,,,
285,1.0,0,False,,,,
286,1.0,0,False,,,,
287,1.0,0,False,,,,
288,1.0,0,False,,,,
289,1.0,0,False,,,,
290,1.0,0,False,,,,
291,1.0,0,False,,,,
292,1.0,0,False,,,,
293,1.0,0,False,,,,
294,1.0,0,False,,,,
295,1.0,0,False,,,,
296,1.0,0,False,,,,
297,1.0,0,False,,,,
298,1.0,0,False,,,,
299,1.0,0,False,,,,
300,1.0,0,False,,,,
301,1.0,0,False,,,,
302,1.0,0,False,,,,
303,1.0,0,False,,,,
304,1.0,0,False,,,,
305,1.0,0,False,,,,
306,1.0,0,False,,,,
307,1.0,0,False,,,,
308,1.0,0,False,,,,
309,1.0,0,False,,,,
310,1.0,0,False,,,,
311,1.0,0,False,,,,
312,1.0,0,False,,,,
313,1.0,0,False,,,,
314,1.0,0,False,,,,
315,1.0,0,False,,,,
316,1.0,0,False,,,,
317,1.0,0,False,,,,
318,1.0,0,False,,,,
319,1.0,0,False,,,,
320,1.0,0,False,,,,
321,1.0,0,False,,,,
322,1.0,0,False,,,,
323,1.0,0,False,,,,
324,1.0,0,False,,,,
325,1.0,0,False,,,,
326,1.0,0,False,,,,
327,1.0,0,False,,,,
328,1.0,0,False,,,,
329,1.0,0,False,,,,
330,1.0,0,False,,,,
331,1.0,0,False,,,,
332,1.0,0,False,,,,
333,1.0,0,False,,,,
334,1.0,0,False,,,,
335,1.0,0,False,,,,
336,1.0,0,False,,,,
337,1.0,0,False,,,,
338,1.0,0,False,,,,
339,1.0,0,False,,,,
340,1.0,0,False,,,,
341,1.0,0,False,,,,
342,1.0,0,False,,,,
343,1.0,0,False,,,,
344,1.0,0,False,,,,
345,1.0,0,False,,,,
346,1.0,0,False,,,,
347,1.0,0,False,,,,
348,1.0,0,False,,,,
349,1.0,0,False,,,,
350,1.0,0,False,,,,
351,1.0,0,False,,,,
352,1.0,0,False,,,,
353,1.0,0,False,,,,
354,1.0,0,False,,,,
355,1.0,0,False,,,,
356,1.0,0,False,,,,
357,1.0,0,False,,,,
358,1.0,0,False,,,,
359,1.0,0,False,,,,
360,1.0,0,False,,,,
361,1.0,0,False,,,,
362,1.0,0,False,,,,
363,1.0,0,False,,,,
364,1.0,0,False,,,,
365,1.0,0,False,,,,
366,1.0,0,False,,,,
367,1.0,0,False,,,,
368,1.0,0,False,,,,
369,1.0,0,False,,,,
370,1.0,0,False,,,,
371,1.0,0,False,,,,
372,1.0,0,False,,,,
373,1.0,0,False,,,,
374,1.0,0,False,,,,
375,1.0,0,False,,,,
376,1.0,0,False,,,,
377,1.0,0,False,,,,
378,1.0,0,False,,,,
379,1.0,0,False,,,,
380,1.0,0,False,,,,
381,1.0,0,False,,,,
382,1.0,0,False,,,,
383,1.0,0,False,,,,
384,1.0,0,False,,,,
385,1.0,0,False,,,,
386,1.0,0,False,,,,
387,1.0,0,False,,,,
388,1.0,0,False,,,,
389,1.0,0,False,,,,
390,1.0,0,False,,,,
391,1.0,0,False,,,,
392,1.0,0,False,,,,
393,1.0,0,False,,,,
394,1.0,0,False,,,,
395,1.0,0,False,,,,
396,1.0,0,False,,,,
397,1.0,0,False,,,,
398,1.0,0,False,,,,
399,1.0,0,False,,,,
400,1.0,0,False,,,,
401,1.0,0,False,,,,
402,1.0,0,False,,,,
403,1.0,0,False,,,,
404,1.0,0,False,,,,
405,1.0,0,False,,,,
406,1.0,0,False,,,,
407,1.0,0,False,,,,
408,1.0,0,False,,,,
409,1.0,0,False,,,,
410,1.0,0,False,,,,
411,1.0,0,False,,,,
412,1.0,0,False,,,,
413,1.0,0,False,,,,
414,1.0,0,False,,,,
415,1.0,0,False,,,,
416,1.0,0,False,,,,
417,1.0,0,False,,,,
418,1.0,0,False,,,,
419,1.0,0,False,,,,
420,1.0,0,False,,,,
421,1.0,0,False,,,,
422,1.0,0,False,,,,
423,1.0,0,False,,,,
424,1.0,0,False,,,,
425,1.0,0,False,,,,
426,1.0,0,False,,,,
427,1.0,0,False,,,,
428,1.0,0,False,,,,
429,1.0,0,False,,,,
430,1.0,0,False,,,,
431,1.0,0,False,,,,
432,1.0,0,False,,,,
433,1.0,0,False,,,,
434,1.0,0,False,,,,
435,1.0,0,False,,,,
436,1.0,0,False,,,,
437,1.0,0,False,,,,
438,1.0,0,False,,,,
439,1.0,0,False,,,,
440,1.0,0,False,,,,
441,1.0,0,False,,,,
442,1.0,0,False,,,,
443,1.0,0,False,,,,
444,1.0,0,False,,,,
445,1.0,0,False,,,,
446,1.0,0,False,,,,
447,1.0,0,False,,,,
448,1.0,0,False,,,,
449,1.0,0,False,,,,
450,1.0,0,False,,,,
451,1.0,0,False,,,,
452,1.0,0,False,,,,
453,1.0,0,False,,,,
454,1.0,0,False,,,,
455,1.0,0,False,,,,
456,1.0,0,False,,,,
457,1.0,0,False,,,,
458,1.0,0,False,,,,
459,1.0,0,False,,,,
460,1.0,0,False,,,,
461,1.0,0,False,,,,
462,1.0,0,False,,,,
463,1.0,0,False,,,,
464,1.0,0,False,,,,
465,1.0,0,False,,,,
466,1.0,0,False,,,,
467,1.0,0,False,,,,
468,1.0,0,False,,,,
469,1.0,0,False,,,,
470,1.0,0,False,,,,
471,1.0,0,False,,,,
472,1.0,0,False,,,,
473,1.0,0,False,,,,
474,1.0,0,False,,,,
475,1.0,0,False,,,,
476,1.0,0,False,,,,
477,1.0,0,False,,,,
478,1.0,0,False,,,,
479,1.0,0,False,,,,
480,1.0,0,False,,,,
481,1.0,0,False,,,,
482,1.0,0,False,,,,
483,1.0,0,False,,,,
484,1.0,0,False,,,,
485,1.0,0,False,,,,
486,1.0,0,False,,,,
487,1.0,0,False,,,,
488,1.0,0,False,,,,
489,1.0,0,False,,,,
490,1.0,0,False,,,,
491,1.0,0,False,,,,
492,1.0,0,False,,,,
493,1.0,0,False,,,,
494,1.0,0,False,,,,
495,1.0,0,False,,,,
496,1.0,0,False,,,,
497,1.0,0,False,,,,
498,1.0,0,False,,,,
499,1.0,0,False,,,,
500,1.0,0,False,,,,
501,1.0,0,False,,,,
502,1.0,0,False,,,,
503,1.0,0,False,,,,
504,1.0,0,False,,,,
505,1.0,0,False,,,,
506,1.0,0,False,,,,
507,1.0,0,False,,,,
508,1.0,0,False,,,,
509,1.0,0,False,,,,
510,1.0,0,False,,,,
511,1.0,0,False,,,,
512,1.0,0,False,,,,
513,1.0,0,False,,,,
514,1.0,0,False,,,,
515,1.0,0,False,,,,
516,1.0,0,False,,,,
517,1.0,0,False,,,,
518,1.0,0,False,,,,
519,1.0,0,False,,,,
520,1.0,0,False,,,,
521,1.0,0,False,,,,
522,1.0,0,False,,,,
523,1.0,0,False,,,,
524,1.0,0,False,,,,
525,1.0,0,False,,,,
526,1.0,0,False,,,,
527,1.0,0,False,,,,
528,1.0,0,False,,,,
529,1.0,0,False,,,,
530,1.0,0,False,,,,
531,1.0,0,False,,,,
532,1.0,0,False,,,,
533,1.0,0,False,,,,
534,1.0,0,False,,,,
535,1.0,0,False,,,,
536,1.0,0,False,,,,
537,1.0,0,False,,,,
538,1.0,0,False,,,,
539,1.0,0,False,,,,
540,1.0,0,False,,,,
541,1.0,0,False,,,,
542,1.0,0,False,,,,
543,1.0,0,False,,,,
544,1.0,0,False,,,,
545,1.0,0,False,,,,
546,1.0,0,False,,,,
547,1.0,0,False,,,,
548,1.0,0,False,,,,
549,1.0,0,False,,,,
550,1.0,0,False,,,,
551,1.0,0,False,,,,
552,1.0,0,False,,,,
553,1.0,0,False,,,,
554,1.0,0,False,,,,
555,1.0,0,False,,,,
556,1.0,0,False,,,,
557,1.0,0,False,,,,
558,1.0,0,False,,,,
559,1.0,0,False,,,,
560,1.0,0,False,,,,
561,1.0,0,False,,,,
562,1.0,0,False,,,,
563,1.0,0,False,,,,
564,1.0,0,False,,,,
565,1.0,0,False,,,,
566,1.0,0,False,,,,
567,1.0,0,False,,,,
568,1.0,0,False,,,,
569,1.0,0,False,,,,
570,1.0,0,False,,,,
571,1.0,0,False,,,,
572,1.0,0,False,,,,
573,1.0,0,False,,,,
574,1.0,0,False,,,,
575,1.0,0,False,,,,
576,1.0,0,False,,,,
577,1.0,0,False,,,,
578,1.0,0,False,,,,
579,1.0,0,False,,,,
580,1.0,0,False,,,,
581,1.0,0,False,,,,
582,1.0,0,False,,,,
583,1.0,0,False,,,,
584,1.0,0,False,,,,
585,1.0,0,False,,,,
586,1.0,0,False,,,,
587,1.0,0,False,,,,
588,1.0,0,False,,,,
589,1.0,0,False,,,,
590,1.0,0,False,,,,
591,1.0,0,False,,,,
592,1.0,0,False,,,,
593,1.0,0,False,,,,
594,1.0,0,False,,,,
595,1.0,0,False,,,,
596,1.0,0,False,,,,
597,1.0,0,False,,,,
598,1.0,0,False,,,,
599,1.0,0,False,,,,
600,1.0,0,False,,,,
601,1.0,0,False,,,,
602,1.0,0,False,,,,
603,1.0,0,False,,,,
604,1.0,0,False,,,,
605,1.0,0,False,,,,
606,1.0,0,False,,,,
607,1.0,0,False,,,,
608,1.0,0,False,,,,
609,1.0,0,False,,,,
610,1.0,0,False,,,,
611,1.0,0,False,,,,
612,1.0,0,False,,,,
613,1.0,0,False,,,,
614,1.0,0,False,,,,
615,1.0,0,False,,,,
616,1.0,0,False,,,,
617,1.0,0,False,,,,
618,1.0,0,False,,,,
619,1.0,0,False,,,,
620,1.0,0,False,,,,
621,1.0,0,False,,,,
622,1.0,0,False,,,,
623,1.0,0,False,,,,
624,1.0,0,False,,,,
625,1.0,0,False,,,,
626,1.0,0,False,,,,
627,1.0,0,False,,,,
628,1.0,0,False,,,,
629,1.0,0,False,,,,
630,1.0,0,False,,,,
631,1.0,0,False,,,,
632,1.0,0,False,,,,
633,1.0,0,False,,,,
634,1.0,0,False,,,,
635,1.0,0,False,,,,
636,0.8,2,False,,,,
637,0.7,3,False,,,,
638,0.7,3,False,,,,
639,0.7,3,False,,,,
640,0.7,3,False,,,,
641,0.7,3,False,,,,
642,0.7,3,False,,,,
643,0.7,3,False,,,,
644,0.7,3,False,,,,
645,1.0,0,False,,,,
646,1.0,0,False,,,,
647,1.0,0,False,,,,
648,0.7,3,False,,,,
649,0.7,3,False,,,,
650,0.7,3,False,,,,
651,0.7,3,False,,,,
652,0.7,3,False,,,,
653,0.7,3,False,,,,
654,0.7,3,False,,,,
655,0.7,3,False,,,,
656,0.7,3,False,,,,
657,1.0,0,False,,,,
658,1.0,0,False,,,,
659,1.0,0,False,,,,
660,1.0,0,False,,,,
661,1.0,0,False,,,,
662,1.0,0,False,,,,
663,1.0,0,False,,,,
664,1.0,0,False,,,,
665,1.0,0,False,,,,
666,1.0,0,False,,,,
667,1.0,0,False,,,,
668,1.0,0,False,,,,
669,1.0,0,False,,,,
670,1.0,0,False,,,,
671,1.0,0,False,,,,
672,1.0,0,False,,,,
673,1.0,0,False,,,,
674,1.0,0,False,,,,
675,1.0,0,False,,,,
676,1.0,0,False,,,,
677,1.0,0,False,,,,
678,1.0,0,False,,,,
679,1.0,0,False,,,,
680,1.0,0,False,,,,
681,1.0,0,False,,,,
682,1.0,0,False,,,,
683,1.0,0,False,,,,
684,0.7,3,False,,,,
685,0.7,3,False,,,,
686,0.7,3,False,,,,
687,0.7,3,False,,,,
688,0.7,3,False,,,,
689,0.7,3,False,,,,
690,0.7,3,False,,,,
691,1.0,0,False,,,,
692,1.0,0,False,,,,
693,1.0,0,False,,,,
694,1.0,0,False,,,,
695,1.0,0,False,,,,
696,1.0,0,False,,,,
697,1.0,0,False,,,,
698,1.0,0,False,,,,
699,1.0,0,False,,,,
700,1.0,0,False,,,,
701,1.0,0,False,,,,
702,1.0,0,False,,,,
703,1.0,0,False,,,,
704,1.0,0,False,,,,
705,1.0,0,False,,,,
706,1.0,0,False,,,,
707,1.0,0,False,,,,
708,1.0,0,False,,,,
709,0.7,3,False,,,,
710,0.7,3,False,,,,
711,0.8,2,False,,,,
712,0.8,2,False,,,,
713,0.8,2,False,,,,
714,0.8,2,False,,,,
715,0.9,1,False,,,,
716,0.8,2,False,,,,
717,0.7,3,False,,,,
718,0.8,2,False,,,,
719,0.9,1,False,,,,
720,1.0,0,False,,,,
721,1.0,0,False,,,,
722,1.0,0,False,,,,
723,1.0,0,False,,,,
724,1.0,0,False,,,,
725,1.0,0,False,,,,
726,1.0,0,False,,,,
727,1.0,0,False,,,,
728,1.0,0,False,,,,
729,1.0,0,False,,,,
730,1.0,0,False,,,,
731,1.0,0,False,,,,
732,1.0,0,False,,,,
733,1.0,0,False,,,,
734,1.0,0,False,,,,
735,1.0,0,False,,,,
736,1.0,0,False,,,,
737,1.0,0,False,,,,
738,1.0,0,False,,,,
739,1.0,0,False,,,,
740,1.0,0,False,,,,
741,0.8,2,False,,,,
742,0.8,2,False,,,,
743,1.0,0,False,,,,
744,1.0,0,False,,,,
745,1.0,0,False,,,,
746,1.0,0,False,,,,
747,1.0,0,False,,,,
748,1.0,0,False,,,,
749,1.0,0,False,,,,
750,1.0,0,False,,,,
751,0.8,2,False,,,,
752,0.8,2,False,,,,
753,0.8,2,False,,,,
754,0.8,2,False,,,,
755,0.8,2,False,,,,
756,0.8,2,False,,,,
757,0.8,2,False,,,,
758,0.8,2,False,,,,
759,0.8,2,False,,,,
760,0.8,2,False,,,,
761,0.9,1,False,,,,
762,0.9,1,False,,,,
763,0.9,1,False,,,,
764,0.9,1,False,,,,
765,0.9,1,False,,,,
766,0.9,1,False,,,,
767,0.9,1,False,,,,
768,0.9,1,False,,,,
769,0.9,1,False,,,,
770,0.9,1,False,,,,
771,0.9,1,False,,,,
772,1.0,0,False,,,,
773,1.0,0,False,,,,
774,1.0,0,False,,,,
775,0.9,1,False,,,,
776,0.9,1,False,,,,
777,0.9,1,False,,,,
778,0.7,3,False,,,,
779,0.7,3,False,,,,
780,0.7,3,False,,,,
781,0.7,3,False,,,,
782,0.7,3,False,,,,
783,0.7,3,False,,,,
784,0.7,3,False,,,,
785,0.6,4,False,,,,
786,0.5,5,True,0.2533333333333333,0.4,0.15545875354128547,1.9219280948873623
787,0.5,5,True,0.28,0.4,0.15545875354128547,1.9219280948873623
788,0.9,1,False,,,,
789,0.9,1,False,,,,
790,0.9,1,False,,,,
791,0.6,4,False,,,,
792,0.6,4,False,,,,
793,0.8,2,False,,,,
794,0.8,2,False,,,,
795,0.6,4,False,,,,
796,0.8,2,False,,,,
797,0.8,2,False,,,,
798,0.8,2,False,,,,
799,0.8,2,False,,,,
800,0.8,2,False,,,,
801,0.8,2,False,,,,
802,0.8,2,False,,,,
803,0.8,2,False,,,,
804,0.8,2,False,,,,
805,0.7,3,False,,,,
806,0.7,3,False,,,,
807,0.7,3,False,,,,
808,0.6,4,False,,,,
809,0.6,4,False,,,,
810,0.6,4,False,,,,
811,0.6,4,False,,,,
812,0.6,4,False,,,,
813,0.6,4,False,,,,
814,0.6,4,False,,,,
815,0.6,4,False,,,,
816,0.6,4,False,,,,
817,0.6,4,False,,,,
818,0.6,4,False,,,,
819,0.6,4,False,,,,
820,0.6,4,False,,,,
821,0.6,4,False,,,,
822,0.7,3,False,,,,
823,0.7,3,False,,,,
824,0.7,3,False,,,,
825,0.7,3,False,,,,
826,0.6,4,False,,,,
827,0.3,7,True,0.1714285714285714,0.2857142857142857,0.05731928518273999,2.521640636343318
828,0.3,7,True,0.15238095238095237,0.14285714285714285,0.05118688510966152,2.807354922057604
829,0.3,7,True,0.23492063492063492,0.2857142857142857,0.0573192851827401,2.5216406363433186
830,0.3,7,True,0.2253968253968254,0.42857142857142855,0.06502247023287666,1.8423709931771086
831,0.3,7,True,0.18730158730158727,0.2857142857142857,0.05731928518273999,2.521640636343318
832,0.3,7,True,0.3079365079365079,0.5714285714285714,0.11864654673111685,1.664497779200461
833,0.4,6,True,0.29333333333333333,0.5,0.07678032766449228,1.4591479170272448
834,0.4,6,True,0.28,0.5,0.07678032766449228,1.4591479170272448
835,0.4,6,True,0.3244444444444445,0.6666666666666666,0.13903595255631884,1.2516291673878228
836,0.3,7,True,0.23492063492063492,0.2857142857142857,0.05358807178498537,2.2359263506290326
837,0.3,7,True,0.30158730158730157,0.5714285714285714,0.11864654673111708,1.6644977792004614
838,0.3,7,True,0.6666666666666666,1.0,0.1187091007693073,0.0
839,0.3,7,True,0.27936507936507937,0.5714285714285714,0.11864654673111708,1.6644977792004614
840,0.3,7,True,0.3111111111111111,0.7142857142857143,0.1572623513863327,1.1488348542809166
841,0.3,7,True,0.22222222222222224,0.2857142857142857,0.0573192851827401,2.521640636343318
842,0.4,6,True,0.17333333333333334,0.16666666666666666,0.10167108723147944,2.584962500721156
843,0.4,6,True,0.36000000000000004,0.5,0.07678032766449228,1.4591479170272448
844,0.7,3,False,,,,
845,0.7,3,False,,,,
846,0.7,3,False,,,,
847,0.7,3,False,,,,
848,0.8,2,False,,,,
849,0.8,2,False,,,,
850,0.8,2,False,,,,
851,0.8,2,False,,,,
852,0.8,2,False,,,,
853,0.8,2,False,,,,
854,0.4,6,True,0.22666666666666666,0.3333333333333333,0.10175559829607284,2.251629167387823
855,0.4,6,True,0.2622222222222222,0.5,0.11864654673111685,1.7924812503605778
856,0.4,6,True,0.36000000000000004,0.5,0.07678032766449228,1.4591479170272448
857,0.5,5,True,0.2,0.4,0.15545875354128547,1.9219280948873623
858,0.4,6,True,0.2,0.3333333333333333,0.10175559829607284,2.251629167387823
859,0.7,3,False,,,,
860,0.7,3,False,,,,
861,0.7,3,False,,,,
862,0.7,3,False,,,,
863,0.7,3,False,,,,
864,0.7,3,False,,,,
865,0.7,3,False,,,,
866,0.7,3,False,,,,
867,0.7,3,False,,,,
868,0.2,8,True,0.23333333333333334,0.25,0.024385036849164488,2.25
869,0.2,8,True,0.2547619047619048,0.5,0.08613531161467847,1.75
870,0.3,7,True,0.4285714285714286,0.5714285714285714,0.07678032766449228,1.3787834934861753
871,0.3,7,True,0.26666666666666666,0.42857142857142855,0.06502247023287666,1.8423709931771084
872,0.3,7,True,0.22222222222222224,0.42857142857142855,0.08279110672080625,2.128085278891394
873,0.6,4,False,,,,
874,0.6,4,False,,,,
875,0.6,4,False,,,,
876,0.6,4,False,,,,
877,0.7,3,False,,,,
878,0.6,4,False,,,,
879,0.6,4,False,,,,
880,0.6,4,False,,,,
881,0.6,4,False,,,,
882,0.5,5,True,0.18000000000000002,0.2,0.16402499191349473,2.321928094887362
883,0.4,6,True,0.3777777777777778,0.5,0.07678032766449228,1.4591479170272448
884,0.5,5,True,0.24000000000000002,0.4,0.15545875354128547,1.9219280948873623
885,0.5,5,True,0.36000000000000004,0.6,0.15726235138633282,1.3709505944546687
886,0.5,5,True,0.15333333333333332,0.2,0.16402499191349473,2.321928094887362
887,0.5,5,True,0.23333333333333334,0.4,0.15545875354128547,1.9219280948873623
888,0.4,6,True,0.17333333333333334,0.3333333333333333,0.10175559829607272,2.2516291673878226
889,0.4,6,True,0.20444444444444443,0.3333333333333333,0.08613531161467869,1.9182958340544893
890,0.4,6,True,0.3466666666666667,0.3333333333333333,0.08613531161467847,1.9182958340544893
891,0.3,7,True,0.2698412698412698,0.2857142857142857,0.05358807178498537,2.2359263506290326
892,0.3,7,True,0.1746031746031746,0.14285714285714285,0.05118688510966152,2.807354922057604
893,0.3,7,True,0.18730158730158727,0.2857142857142857,0.05731928518273999,2.521640636343318
894,0.0,10,True,0.2651851851851852,0.3,0.0573192851827401,2.6464393446710153
895,0.0,10,True,0.2325925925925926,0.2,0.03042964980987506,2.721928094887362
896,0.0,10,True,0.2770370370370371,0.4,0.10175559829607284,2.321928094887362
897,0.0,10,True,0.2414814814814815,0.3,0.0573192851827401,2.6464393446710153
898,0.0,10,True,0.2607407407407407,0.3,0.05731928518273999,2.6464393446710157
899,0.0,10,True,0.2755555555555556,0.4,0.10175559829607284,2.321928094887362
900,0.0,10,True,0.3022222222222222,0.4,0.10175559829607272,2.3219280948873626
901,0.0,10,True,0.2948148148148148,0.6,0.23729309346223382,1.7709505944546688
902,0.0,10,True,0.2755555555555556,0.3,0.08279110672080636,2.3709505944546683
903,0.0,10,True,0.3555555555555555,0.6,0.21452470277266567,1.5709505944546687
904,0.0,10,True,0.36000000000000004,0.6,0.23729309346223382,1.7709505944546688
905,0.0,10,True,0.26814814814814814,0.3,0.06502247023287666,2.1709505944546685
906,0.0,10,True,0.31703703703703706,0.4,0.11864654673111685,2.0464393446710156
907,0.0,10,True,0.2562962962962963,0.5,0.15545875354128547,1.9609640474436814
908,0.3,7,True,0.3619047619047619,0.5714285714285714,0.11864654673111708,1.6644977792004614
909,0.2,8,True,0.2380952380952381,0.375,0.05731928518273999,2.4056390622295662
910,0.1,9,True,0.25925925925925924,0.2222222222222222,0.030429649809874948,2.503258334775646
911,0.2,8,True,0.3071428571428571,0.625,0.15545875354128547,1.5487949406953985
912,0.2,8,True,0.20952380952380953,0.25,0.02602396837087928,2.75
913,0.5,5,True,0.30666666666666664,0.6,0.15726235138633282,1.3709505944546687
914,0.7,3,False,,,,
915,0.6,4,False,,,,
916,0.8,2,False,,,,
917,0.8,2,False,,,,
918,0.5,5,True,0.18000000000000002,0.4,0.15545875354128547,1.9219280948873623
919,0.5,5,True,0.19333333333333333,0.4,0.15545875354128547,1.9219280948873623
920,0.5,5,True,0.2866666666666667,0.4,0.11951797627815941,1.5219280948873621
921,0.4,6,True,0.24444444444444444,0.3333333333333333,0.10175559829607284,2.2516291673878226
922,0.9,1,False,,,,
923,0.9,1,False,,,,
924,0.4,6,True,0.17777777777777778,0.16666666666666666,0.10167108723147944,2.584962500721156
925,0.3,7,True,0.2507936507936508,0.2857142857142857,0.0573192851827401,2.5216406363433186
926,0.3,7,True,0.20634920634920637,0.2857142857142857,0.0573192851827401,2.5216406363433186
927,0.3,7,True,0.30476190476190473,0.42857142857142855,0.08279110672080625,2.128085278891394
928,0.1,9,True,0.22222222222222224,0.3333333333333333,0.05358807178498548,2.197159723424149
929,0.1,9,True,0.24259259259259258,0.2222222222222222,0.024385036849164488,2.2810361125534238
930,0.1,9,True,0.22037037037037036,0.2222222222222222,0.030429649809874948,2.5032583347756456
931,0.0,10,True,0.24000000000000002,0.2,0.02602396837087928,2.9219280948873623
932,0.0,10,True,0.30666666666666664,0.4,0.10167108723147944,2.5219280948873624
933,0.0,10,True,0.29629629629629634,0.3,0.06502247023287666,2.1709505944546685
934,0.0,10,True,0.2414814814814815,0.3,0.0573192851827401,2.6464393446710153
935,0.0,10,True,0.28296296296296297,0.3,0.08279110672080625,2.3709505944546687
936,0.0,10,True,0.2474074074074074,0.3,0.06502247023287666,2.1709505944546685
937,0.0,10,True,0.23555555555555555,0.3,0.0573192851827401,2.6464393446710153
938,0.0,10,True,0.32296296296296295,0.5,0.15545875354128547,1.9609640474436814
939,0.0,10,True,0.2414814814814815,0.3,0.05731928518273999,2.6464393446710157
940,0.0,10,True,0.2533333333333333,0.4,0.08613531161467847,2.1219280948873624
941,0.0,10,True,0.35851851851851857,0.4,0.07678032766449228,1.8464393446710154
942,0.0,10,True,0.5066666666666666,0.9,0.5310044064107188,0.4689955935892812
943,0.0,10,True,0.44,0.4,0.13903595255631884,1.7219280948873623
944,0.0,10,True,0.2814814814814815,0.5,0.11951797627815941,1.7609640474436812
945,0.0,10,True,0.3940740740740741,0.4,0.13903595255631884,1.7219280948873623
946,0.0,10,True,0.45481481481481484,0.7,0.27015330083790245,1.1567796494470395
947,0.0,10,True,0.41777777777777775,0.5,0.14132728892674484,1.3609640474436813
948,0.0,10,True,0.2533333333333333,0.3,0.0573192851827401,2.6464393446710153
949,0.0,10,True,0.3614814814814815,0.5,0.11951797627815941,1.7609640474436812
950,0.0,10,True,0.4444444444444444,0.7,0.27015330083790245,1.1567796494470395
951,0.0,10,True,0.29185185185185186,0.5,0.16402499191349473,2.1609640474436813
952,0.1,9,True,0.2925925925925926,0.5555555555555556,0.16402499191349473,1.8799649487271108
953,0.0,10,True,0.3792592592592593,0.4,0.07678032766449228,1.8464393446710154
954,0.0,10,True,0.3022222222222222,0.3,0.06502247023287666,2.1709505944546685
955,0.0,10,True,0.2548148148148148,0.3,0.0573192851827401,2.6464393446710153
956,0.0,10,True,0.40296296296296297,0.4,0.03977028213923883,1.5219280948873621
957,0.0,10,True,0.48000000000000004,0.9,0.5310044064107188,0.4689955935892812
958,0.0,10,True,0.4651851851851852,0.8,0.41832813428211324,0.9219280948873623
959,0.0,10,True,0.32,0.5,0.16402499191349473,2.1609640474436813
960,0.0,10,True,1.0,1.0,1.0,0.0
961,0.0,10,True,0.4666666666666667,0.8,0.41832813428211324,0.9219280948873623
962,0.0,10,True,0.38666666666666666,0.6,0.21452470277266567,1.5709505944546687
963,0.0,10,True,0.28296296296296297,0.3,0.05358807178498537,2.4464393446710155
964,0.0,10,True,0.7333333333333333,1.0,1.0,0.0
965,0.0,10,True,0.41777777777777775,0.7,0.32161017527648017,1.3567796494470397
966,0.0,10,True,0.22222222222222224,0.2,0.015141338212453448,3.121928094887362
967,0.0,10,True,0.4014814814814815,0.5,0.1572623513863327,1.6854752972273346
968,0.0,10,True,0.33185185185185184,0.6,0.23729309346223382,1.7709505944546688
969,0.0,10,True,0.31555555555555553,0.3,0.08279110672080625,2.3709505944546687
970,0.0,10,True,0.20888888888888887,0.2,0.015141338212453337,3.1219280948873624
971,0.0,10,True,0.5333333333333333,1.0,1.0,0.0
972,0.0,10,True,0.44296296296296295,0.8,0.41832813428211324,0.9219280948873623
973,0.0,10,True,0.33185185185185184,0.5,0.15545875354128547,1.9609640474436814
974,0.0,10,True,0.2977777777777778,0.4,0.08613531161467869,2.121928094887362
975,0.0,10,True,0.5066666666666666,0.9,0.5310044064107188,0.4689955935892812
976,0.0,10,True,0.36000000000000004,0.4,0.13903595255631884,1.7219280948873623
977,0.0,10,True,0.40888888888888886,0.6,0.1826545778534897,1.295461844238322
978,0.0,10,True,0.5866666666666667,0.9,0.5310044064107188,0.4689955935892812
979,0.0,10,True,0.5185185185185185,0.8,0.41832813428211324,0.9219280948873623
980,0.0,10,True,0.4074074074074074,0.6,0.21452470277266567,1.5709505944546687
981,0.0,10,True,0.3214814814814815,0.3,0.06502247023287666,2.1709505944546685
982,0.0,10,True,0.35407407407407404,0.5,0.1572623513863327,1.6854752972273346
983,0.0,10,True,0.3777777777777778,0.6,0.1826545778534897,1.295461844238322
984,0.0,10,True,0.6666666666666666,1.0,1.0,0.0
985,0.0,10,True,0.7466666666666666,0.9,0.5310044064107188,0.4689955935892812
986,0.0,10,True,0.5333333333333333,0.9,0.5310044064107188,0.4689955935892812
987,0.0,10,True,0.4533333333333333,0.8,0.41832813428211324,0.9219280948873623
988,0.0,10,True,0.24592592592592594,0.2,0.03042964980987506,2.721928094887362
989,0.0,10,True,0.49777777777777776,0.6,0.02904940554533142,0.9709505944546686
990,0.0,10,True,0.42370370370370375,0.7,0.32161017527648017,1.3567796494470397
991,0.0,10,True,0.28,0.4,0.10175559829607284,2.321928094887362
992,0.0,10,True,0.34074074074074073,0.4,0.08613531161467869,2.121928094887362
993,0.0,10,True,0.4148148148148148,0.7,0.32161017527648017,1.3567796494470397
994,0.0,10,True,0.2948148148148148,0.4,0.08613531161467847,2.1219280948873624
995,0.0,10,True,0.2325925925925926,0.3,0.0573192851827401,2.6464393446710153
996,0.0,10,True,0.31851851851851853,0.5,0.15545875354128547,1.9609640474436814
997,0.0,10,True,0.36000000000000004,0.5,0.15545875354128547,1.9609640474436814
998,0.0,10,True,0.4014814814814815,0.5,0.15726235138633282,1.6854752972273344
999,0.9,1,False,,,,
1000,0.9,1,False,,,,
1001,0.9,1,False,,,,
1002,0.9,1,False,,,,
1003,0.9,1,False,,,,
1004,0.9,1,False,,,,
1005,0.9,1,False,,,,
1006,0.9,1,False,,,,
1007,0.9,1,False,,,,
1008,0.9,1,False,,,,
1009,0.9,1,False,,,,
1010,0.9,1,False,,,,
1011,0.9,1,False,,,,
1012,0.9,1,False,,,,
1013,0.9,1,False,,,,
1014,0.9,1,False,,,,
1015,0.9,1,False,,,,
1016,0.9,1,False,,,,
1017,0.9,1,False,,,,
1018,0.9,1,False,,,,
1019,0.9,1,False,,,,
1020,0.9,1,False,,,,
1021,0.9,1,False,,,,
1022,0.9,1,False,,,,
1023,0.9,1,False,,,,
1024,0.9,1,False,,,,
1025,0.9,1,False,,,,
1026,0.9,1,False,,,,
1027,0.9,1,False,,,,
1028,0.9,1,False,,,,
1029,0.9,1,False,,,,
1030,0.9,1,False,,,,
1031,0.9,1,False,,,,
1032,0.9,1,False,,,,
1033,0.9,1,False,,,,
1034,0.9,1,False,,,,
1035,0.9,1,False,,,,
1036,0.9,1,False,,,,
1037,0.9,1,False,,,,
1038,0.9,1,False,,,,
1039,0.9,1,False,,,,
1040,0.9,1,False,,,,
1041,0.9,1,False,,,,
1042,0.9,1,False,,,,
1043,0.9,1,False,,,,
1044,0.9,1,False,,,,
1045,0.9,1,False,,,,
1046,0.9,1,False,,,,
1047,0.9,1,False,,,,
1048,0.9,1,False,,,,
1049,0.8,2,False,,,,
1050,0.0,10,True,0.40444444444444444,0.6,0.23729309346223382,1.7709505944546688
1051,0.0,10,True,0.2711111111111111,0.3,0.0573192851827401,2.6464393446710153
1052,0.0,10,True,0.3288888888888889,0.5,0.15726235138633282,1.6854752972273344
1053,0.0,10,True,0.4488888888888889,0.7,0.27015330083790245,1.1567796494470395
1054,0.0,10,True,0.49333333333333335,0.8,0.41832813428211324,0.9219280948873623
1055,0.0,10,True,0.32,0.6,0.23729309346223382,1.7709505944546688
1056,0.0,10,True,0.3925925925925926,0.4,0.07678032766449228,1.8464393446710154
1057,0.0,10,True,0.5125925925925926,0.8,0.41832813428211324,0.9219280948873623
1058,0.0,10,True,0.4592592592592593,0.8,0.41832813428211324,0.9219280948873623
1059,0.0,10,True,0.43407407407407406,0.8,0.41832813428211324,0.9219280948873623
1060,0.8,2,False,,,,
1061,0.0,10,True,0.37481481481481477,0.6,0.23729309346223382,1.7709505944546688
1062,0.0,10,True,0.4444444444444444,0.8,0.41832813428211324,0.9219280948873623
1063,0.0,10,True,0.40296296296296297,0.6,0.21452470277266567,1.5709505944546687
1064,0.0,10,True,0.43555555555555553,0.8,0.41832813428211324,0.9219280948873623
1065,0.0,10,True,0.4533333333333333,0.5,0.14132728892674484,1.3609640474436813
1066,0.0,10,True,0.39555555555555555,0.7,0.27015330083790245,1.1567796494470395
1067,0.0,10,True,0.34074074074074073,0.6,0.23729309346223382,1.7709505944546688
1068,0.0,10,True,0.5377777777777778,0.7,0.1187091007693073,0.8812908992306927
1069,0.0,10,True,0.7333333333333333,1.0,1.0,0.0
1070,0.0,10,True,0.6266666666666667,0.9,0.5310044064107188,0.4689955935892812
1071,0.0,10,True,0.4533333333333333,0.9,0.5310044064107188,0.4689955935892812
1072,0.1,9,True,0.4166666666666667,0.7777777777777778,0.32161017527648017,0.9864267287308424
1073,0.0,10,True,0.3022222222222222,0.5,0.15545875354128547,1.9609640474436814
1074,0.0,10,True,0.27851851851851855,0.3,0.08279110672080625,2.3709505944546687
1075,0.0,10,True,0.4918518518518519,0.8,0.41832813428211324,0.9219280948873623
1076,0.1,9,True,0.24629629629629632,0.3333333333333333,0.0573192851827401,2.4193819456463714
1077,0.0,10,True,0.32592592592592595,0.5,0.16402499191349473,2.1609640474436813
1078,0.0,10,True,0.3733333333333333,0.4,0.08613531161467869,2.121928094887362
1079,0.0,10,True,0.5066666666666666,0.7,0.1187091007693073,0.8812908992306927
1080,0.0,10,True,0.45185185185185184,0.7,0.27015330083790245,1.1567796494470395
1081,0.0,10,True,0.5733333333333334,0.9,0.5310044064107188,0.4689955935892812
1082,0.0,10,True,0.48888888888888893,0.5,0.0,1.0
1083,0.0,10,True,0.2651851851851852,0.2,0.03042964980987506,2.721928094887362
1084,0.0,10,True,0.477037037037037,0.7,0.27015330083790245,1.1567796494470395
1085,0.0,10,True,0.4711111111111111,0.7,0.1187091007693073,0.8812908992306927
1086,0.0,10,True,0.4874074074074074,0.7,0.32161017527648017,1.3567796494470397
1087,0.0,10,True,0.37037037037037035,0.4,0.11864654673111685,2.0464393446710156
1088,0.0,10,True,0.5866666666666667,0.9,0.5310044064107188,0.4689955935892812
1089,0.0,10,True,0.39111111111111113,0.6,0.21452470277266567,1.5709505944546687
1090,0.0,10,True,0.3377777777777778,0.5,0.15545875354128547,1.9609640474436814
1091,0.0,10,True,0.2814814814814815,0.3,0.06502247023287666,2.1709505944546685
1092,0.0,10,True,0.4562962962962963,0.8,0.41832813428211324,0.9219280948873623
1093,0.0,10,True,0.5096296296296295,0.8,0.2780719051126377,0.7219280948873623
1094,0.0,10,True,0.3081481481481481,0.5,0.11951797627815941,1.7609640474436812
1095,0.0,10,True,0.5096296296296295,0.8,0.41832813428211324,0.9219280948873623
1096,0.0,10,True,0.6148148148148148,0.8,0.41832813428211324,0.9219280948873623
1097,0.0,10,True,0.48592592592592593,0.8,0.41832813428211324,0.9219280948873623
1098,0.9,1,False,,,,
1099,0.0,10,True,0.41777777777777775,0.7,0.32161017527648017,1.3567796494470397
1100,0.0,10,True,0.39851851851851855,0.7,0.32161017527648017,1.3567796494470397
1101,0.0,10,True,0.3511111111111111,0.7,0.32161017527648017,1.3567796494470397
1102,0.0,10,True,0.46222222222222226,0.6,0.02904940554533142,0.9709505944546686
1103,0.0,10,True,0.6370370370370371,0.8,0.2780719051126377,0.7219280948873623
1104,0.0,10,True,0.6,0.9,0.5310044064107188,0.4689955935892812
1105,0.0,10,True,0.43555555555555553,0.7,0.27015330083790245,1.1567796494470395
1106,0.0,10,True,0.3422222222222222,0.4,0.11864654673111685,2.0464393446710156
1107,0.0,10,True,0.4444444444444444,0.6,0.1826545778534897,1.295461844238322
1108,0.0,10,True,0.4148148148148148,0.7,0.27015330083790245,1.1567796494470395
1109,0.0,10,True,0.6133333333333333,0.9,0.5310044064107188,0.4689955935892812
1110,0.0,10,True,0.4577777777777778,0.7,0.32161017527648017,1.3567796494470397
1111,0.0,10,True,0.38814814814814813,0.5,0.1572623513863327,1.6854752972273346
1112,0.0,10,True,0.43555555555555553,0.6,0.21452470277266567,1.5709505944546687
1113,0.0,10,True,0.39851851851851855,0.7,0.32161017527648017,1.3567796494470397
1114,0.0,10,True,0.4,0.8,0.41832813428211324,0.9219280948873623
1115,0.0,10,True,0.47259259259259256,0.8,0.41832813428211324,0.9219280948873623
1116,0.0,10,True,0.4666666666666667,0.8,0.41832813428211324,0.9219280948873623
1117,0.0,10,True,0.43555555555555553,0.7,0.27015330083790245,1.1567796494470395
1118,0.0,10,True,0.4874074074074074,0.8,0.2780719051126377,0.7219280948873623
1119,0.0,10,True,0.49333333333333335,0.9,0.5310044064107188,0.4689955935892812
1120,0.0,10,True,0.36444444444444446,0.6,0.23729309346223382,1.7709505944546688
1121,0.0,10,True,0.49333333333333335,0.9,0.5310044064107188,0.4689955935892812
1122,0.0,10,True,0.4488888888888889,0.8,0.41832813428211324,0.9219280948873623
1123,0.0,10,True,0.41777777777777775,0.8,0.41832813428211324,0.9219280948873623
1124,0.0,10,True,0.6,1.0,1.0,0.0
1125,0.0,10,True,0.41777777777777775,0.8,0.41832813428211324,0.9219280948873623
1126,0.0,10,True,0.5496296296296296,0.8,0.41832813428211324,0.9219280948873623
1127,0.0,10,True,0.6,1.0,1.0,0.0
1128,0.0,10,True,0.6933333333333334,0.9,0.5310044064107188,0.4689955935892812
1129,0.0,10,True,0.6,1.0,1.0,0.0
1130,0.0,10,True,0.44,0.7,0.1187091007693073,0.8812908992306927
1131,0.0,10,True,0.6,1.0,1.0,0.0
1132,0.0,10,True,0.44296296296296295,0.8,0.41832813428211324,0.9219280948873623
1133,0.0,10,True,0.3555555555555555,0.7,0.32161017527648017,1.3567796494470397
1134,0.0,10,True,0.42814814814814817,0.8,0.41832813428211324,0.9219280948873623
1135,0.0,10,True,0.5274074074074074,0.8,0.2780719051126377,0.7219280948873623
1136,0.0,10,True,0.48592592592592593,0.8,0.41832813428211324,0.9219280948873623
1137,0.0,10,True,0.48592592592592593,0.8,0.2780719051126377,0.7219280948873623
1138,0.0,10,True,0.47407407407407404,0.8,0.41832813428211324,0.9219280948873623
1139,0.0,10,True,0.5466666666666666,0.9,0.5310044064107188,0.4689955935892812
1140,0.0,10,True,0.3733333333333333,0.7,0.32161017527648017,1.3567796494470397
1141,0.0,10,True,0.48000000000000004,0.9,0.5310044064107188,0.4689955935892812
1142,0.0,10,True,0.45481481481481484,0.8,0.41832813428211324,0.9219280948873623
1143,0.0,10,True,0.42370370370370375,0.5,0.1572623513863327,1.6854752972273346
1144,0.0,10,True,0.4533333333333333,0.9,0.5310044064107188,0.4689955935892812
1145,0.0,10,True,0.44592592592592595,0.8,0.41832813428211324,0.9219280948873623
1146,0.0,10,True,0.3511111111111111,0.7,0.32161017527648017,1.3567796494470397
1147,0.0,10,True,0.2533333333333333,0.3,0.032511235116438386,2.2464393446710154
1148,0.0,10,True,0.44,0.7,0.1187091007693073,0.8812908992306927
1149,0.0,10,True,0.37037037037037035,0.7,0.32161017527648017,1.3567796494470397
1150,0.9,1,False,,,,
1151,0.9,1,False,,,,
1152,0.9,1,False,,,,
1153,0.9,1,False,,,,
1154,0.9,1,False,,,,
1155,0.9,1,False,,,,
1156,0.9,1,False,,,,
1157,0.9,1,False,,,,
1158,0.9,1,False,,,,
1159,0.9,1,False,,,,
1160,0.9,1,False,,,,
1161,0.9,1,False,,,,
1162,0.9,1,False,,,,
1163,0.9,1,False,,,,
1164,0.9,1,False,,,,
1165,0.9,1,False,,,,
1166,0.9,1,False,,,,
1167,0.9,1,False,,,,
1168,0.9,1,False,,,,
1169,0.9,1,False,,,,
1170,0.9,1,False,,,,
1171,0.9,1,False,,,,
1172,0.9,1,False,,,,
1173,0.9,1,False,,,,
1174,0.9,1,False,,,,
1175,0.9,1,False,,,,
1176,0.9,1,False,,,,
1177,0.9,1,False,,,,
1178,0.9,1,False,,,,
1179,0.9,1,False,,,,
1180,0.9,1,False,,,,
1181,0.9,1,False,,,,
1182,0.9,1,False,,,,
1183,0.9,1,False,,,,
1184,0.9,1,False,,,,
1185,0.9,1,False,,,,
1186,0.9,1,False,,,,
1187,0.9,1,False,,,,
1188,0.9,1,False,,,,
1189,0.9,1,False,,,,
1190,0.9,1,False,,,,
1191,0.9,1,False,,,,
1192,0.9,1,False,,,,
1193,0.9,1,False,,,,
1194,0.9,1,False,,,,
1195,0.9,1,False,,,,
1196,0.9,1,False,,,,
1197,0.9,1,False,,,,
1198,0.9,1,False,,,,
1199,0.9,1,False,,,,
1200,0.9,1,False,,,,
1201,0.9,1,False,,,,
1202,0.9,1,False,,,,
1203,0.9,1,False,,,,
1204,0.9,1,False,,,,
1205,0.9,1,False,,,,
1206,0.9,1,False,,,,
1207,0.9,1,False,,,,
1208,0.9,1,False,,,,
1209,0.9,1,False,,,,
1210,0.9,1,False,,,,
1211,0.9,1,False,,,,
1212,0.9,1,False,,,,
1213,0.9,1,False,,,,
1214,0.9,1,False,,,,
1215,0.9,1,False,,,,
1216,0.9,1,False,,,,
1217,0.9,1,False,,,,
1218,0.9,1,False,,,,
1219,0.9,1,False,,,,
1220,0.9,1,False,,,,
1221,0.9,1,False,,,,
1222,0.9,1,False,,,,
1223,0.9,1,False,,,,
1224,0.9,1,False,,,,
1225,0.9,1,False,,,,
1226,0.9,1,False,,,,
1227,0.9,1,False,,,,
1228,0.9,1,False,,,,
1229,0.9,1,False,,,,
1230,0.9,1,False,,,,
1231,0.9,1,False,,,,
1232,0.9,1,False,,,,
1233,0.9,1,False,,,,
1234,0.9,1,False,,,,
1235,0.9,1,False,,,,
1236,0.9,1,False,,,,
1237,0.9,1,False,,,,
1238,0.9,1,False,,,,
1239,0.9,1,False,,,,
1240,0.9,1,False,,,,
1241,0.9,1,False,,,,
1242,0.9,1,False,,,,
1243,0.0,10,True,0.2637037037037037,0.4,0.08613531161467847,2.1219280948873624
1244,0.0,10,True,0.39851851851851855,0.5,0.1572623513863327,1.6854752972273346
1245,0.0,10,True,0.2637037037037037,0.5,0.15545875354128547,1.9609640474436814
1246,0.0,10,True,0.47851851851851845,0.7,0.27015330083790245,1.1567796494470395
1247,0.0,10,True,0.4148148148148148,0.7,0.32161017527648017,1.3567796494470397
1248,0.0,10,True,0.44,0.7,0.1187091007693073,0.8812908992306927
1249,0.0,10,True,0.3614814814814815,0.6,0.21452470277266567,1.5709505944546687
1250,0.0,10,True,0.5066666666666666,0.7,0.1187091007693073,0.8812908992306927
1251,0.0,10,True,0.6,1.0,1.0,0.0
1252,0.0,10,True,0.38222222222222224,0.5,0.15545875354128547,1.9609640474436814
1253,0.0,10,True,0.46222222222222226,0.6,0.1826545778534897,1.295461844238322
1254,0.0,10,True,0.4325925925925926,0.8,0.41832813428211324,0.9219280948873623
1255,0.0,10,True,0.6,1.0,1.0,0.0
1256,0.0,10,True,0.3851851851851852,0.6,0.23729309346223382,1.7709505944546688
1257,0.0,10,True,0.25037037037037035,0.3,0.05358807178498537,2.4464393446710155
1258,0.0,10,True,0.56,0.9,0.5310044064107188,0.4689955935892812
1259,0.0,10,True,0.23407407407407407,0.2,0.02602396837087928,2.9219280948873623
1260,0.0,10,True,0.3125925925925926,0.5,0.16402499191349473,2.1609640474436813
1261,0.1,9,True,0.3555555555555555,0.4444444444444444,0.10175559829607284,2.058813890331201
1262,0.1,9,True,0.40185185185185185,0.6666666666666666,0.23729309346223382,1.4466166676282082
1263,0.9,1,False,,,,
1264,0.1,9,True,0.40925925925925927,0.7777777777777778,0.32161017527648017,0.9864267287308424
1265,0.1,9,True,0.3962962962962963,0.7777777777777778,0.32161017527648017,0.9864267287308424
1266,0.1,9,True,0.3,0.4444444444444444,0.10167108723147944,2.2810361125534233
1267,0.0,10,True,0.4014814814814815,0.5,0.1572623513863327,1.6854752972273346
1268,0.0,10,True,0.5066666666666666,0.7,0.1187091007693073,0.8812908992306927
1269,0.0,10,True,0.4014814814814815,0.6,0.21452470277266567,1.5709505944546687
1270,0.0,10,True,0.46222222222222226,0.6,0.1826545778534897,1.295461844238322
1271,0.0,10,True,0.2607407407407407,0.4,0.10175559829607272,2.3219280948873626
1272,0.0,10,True,0.5333333333333333,1.0,1.0,0.0
1273,0.0,10,True,0.3614814814814815,0.6,0.21452470277266567,1.5709505944546687
1274,0.0,10,True,0.2874074074074074,0.4,0.10175559829607284,2.321928094887362
1275,0.0,10,True,0.4533333333333333,0.7,0.32161017527648017,1.3567796494470397
1276,0.0,10,True,0.4325925925925926,0.8,0.2780719051126377,0.7219280948873623
1277,0.0,10,True,0.274074074074074,0.2,0.024385036849164488,2.5219280948873624
1278,0.0,10,True,0.43555555555555553,0.7,0.32161017527648017,1.3567796494470397
1279,0.0,10,True,0.38074074074074077,0.6,0.13502647928207268,1.3709505944546687
1280,0.0,10,True,0.3511111111111111,0.6,0.23729309346223382,1.7709505944546688
1281,0.0,10,True,0.5466666666666666,0.9,0.5310044064107188,0.4689955935892812
1282,0.0,10,True,0.4266666666666667,0.6,0.1826545778534897,1.295461844238322
1283,0.0,10,True,0.3022222222222222,0.4,0.11864654673111685,2.0464393446710156
1284,0.0,10,True,0.4014814814814815,0.4,0.13903595255631884,1.7219280948873623
1285,0.0,10,True,0.4577777777777778,0.8,0.2780719051126377,0.7219280948873623
1286,0.0,10,True,0.47259259259259256,0.7,0.27015330083790245,1.1567796494470395
1287,0.0,10,True,0.36592592592592593,0.4,0.11864654673111685,2.0464393446710156
1288,0.0,10,True,0.29185185185185186,0.3,0.05731928518273999,2.6464393446710157
1289,0.0,10,True,0.47259259259259256,0.8,0.41832813428211324,0.9219280948873623
1290,0.0,10,True,0.4533333333333333,0.6,0.1826545778534897,1.295461844238322
1291,0.0,10,True,0.3437037037037037,0.4,0.13903595255631884,1.7219280948873623
1292,0.0,10,True,0.27851851851851855,0.5,0.16402499191349473,2.1609640474436813
1293,0.0,10,True,0.38074074074074077,0.4,0.13903595255631884,1.7219280948873623
1294,0.0,10,True,0.6666666666666666,1.0,1.0,0.0
1295,0.0,10,True,0.4162962962962963,0.7,0.32161017527648017,1.3567796494470397
1296,0.0,10,True,0.40888888888888886,0.6,0.02904940554533142,0.9709505944546686
1297,0.0,10,True,0.4755555555555555,0.7,0.27015330083790245,1.1567796494470395
1298,0.0,10,True,0.6666666666666666,1.0,1.0,0.0
1299,0.0,10,True,0.52,0.9,0.5310044064107188,0.4689955935892812
1300,0.0,10,True,0.6533333333333334,0.9,0.5310044064107188,0.4689955935892812
1301,0.0,10,True,0.6,1.0,1.0,0.0
1302,0.0,10,True,0.7333333333333333,1.0,1.0,0.0
1303,0.0,10,True,0.6,1.0,1.0,0.0
1304,0.0,10,True,0.6666666666666666,1.0,1.0,0.0
1305,0.0,10,True,0.2992592592592593,0.4,0.08613531161467869,2.121928094887362
1306,0.0,10,True,0.26814814814814814,0.5,0.16402499191349473,2.1609640474436813
1307,0.0,10,True,0.5185185185185185,0.8,0.41832813428211324,0.9219280948873623
1308,0.0,10,True,0.46222222222222226,0.6,0.1826545778534897,1.295461844238322
1309,0.0,10,True,0.5333333333333333,1.0,1.0,0.0
1310,0.0,10,True,0.6,1.0,1.0,0.0
1311,0.0,10,True,0.30518518518518517,0.5,0.16402499191349473,2.1609640474436813
1312,0.0,10,True,0.3511111111111111,0.7,0.32161017527648017,1.3567796494470397
1313,0.0,10,True,0.8666666666666667,1.0,1.0,0.0
1314,0.0,10,True,0.4755555555555555,0.7,0.27015330083790245,1.1567796494470395
1315,0.0,10,True,0.2533333333333333,0.3,0.05731928518273999,2.6464393446710157
1316,0.0,10,True,0.5333333333333333,0.9,0.5310044064107188,0.4689955935892812
1317,0.0,10,True,0.4711111111111111,0.7,0.1187091007693073,0.8812908992306927
1318,0.0,10,True,0.6666666666666666,1.0,1.0,0.0
1319,0.0,10,True,0.2755555555555556,0.3,0.08279110672080625,2.3709505944546687
1320,0.0,10,True,1.0,1.0,1.0,0.0
1321,0.0,10,True,0.5037037037037037,0.8,0.2780719051126377,0.7219280948873623
1322,0.0,10,True,0.29037037037037033,0.3,0.0573192851827401,2.6464393446710153
1323,0.0,10,True,0.2651851851851852,0.3,0.05731928518273999,2.6464393446710157
1324,0.0,10,True,0.49925925925925924,0.5,0.14132728892674484,1.3609640474436813
1325,0.0,10,True,0.31703703703703706,0.4,0.03977028213923883,1.5219280948873621
1326,0.0,10,True,0.3614814814814815,0.4,0.08613531161467847,2.1219280948873624
1327,0.0,10,True,0.23703703703703702,0.3,0.0573192851827401,2.6464393446710153
1328,0.0,10,True,0.6666666666666666,1.0,1.0,0.0
1329,0.0,10,True,0.44296296296296295,0.8,0.41832813428211324,0.9219280948873623
1330,0.0,10,True,0.32296296296296295,0.4,0.10175559829607272,2.3219280948873626
1331,0.0,10,True,0.5733333333333334,0.9,0.5310044064107188,0.4689955935892812
1332,0.0,10,True,0.4533333333333333,0.9,0.5310044064107188,0.4689955935892812
1333,0.0,10,True,0.7333333333333333,1.0,1.0,0.0
1334,0.0,10,True,0.5333333333333333,1.0,1.0,0.0
1335,0.0,10,True,0.56,0.9,0.5310044064107188,0.4689955935892812
1336,0.0,10,True,0.7333333333333333,1.0,1.0,0.0
1337,0.0,10,True,0.45481481481481484,0.5,0.06276943678387037,1.4854752972273344
1338,0.0,10,True,0.6666666666666666,1.0,1.0,0.0
1339,0.0,10,True,1.0,1.0,1.0,0.0
1340,0.0,10,True,0.47259259259259256,0.8,0.41832813428211324,0.9219280948873623
1341,0.0,10,True,0.5066666666666666,0.9,0.5310044064107188,0.4689955935892812
1342,0.0,10,True,0.49925925925925924,0.7,0.32161017527648017,1.3567796494470397
1343,0.0,10,True,0.6666666666666666,1.0,1.0,0.0
1344,0.0,10,True,0.49333333333333335,0.9,0.5310044064107188,0.4689955935892812
1345,0.0,10,True,0.30666666666666664,0.6,0.21452470277266567,1.5709505944546687
1346,0.0,10,True,0.40888888888888886,0.7,0.32161017527648017,1.3567796494470397
1347,0.0,10,True,0.3777777777777778,0.5,0.1572623513863327,1.6854752972273346
1348,0.0,10,True,0.48000000000000004,0.9,0.5310044064107188,0.4689955935892812
1349,0.0,10,True,0.6,1.0,1.0,0.0
1350,0.0,10,True,0.2577777777777778,0.5,0.15545875354128547,1.9609640474436814
1351,0.0,10,True,0.3244444444444445,0.4,0.11864654673111685,2.0464393446710156
1352,0.0,10,True,0.6133333333333333,0.8,0.41832813428211324,0.9219280948873623
1353,0.0,10,True,0.4577777777777778,0.7,0.27015330083790245,1.1567796494470395
1354,0.0,10,True,0.2755555555555556,0.4,0.10167108723147944,2.5219280948873624
1355,0.0,10,True,0.3718518518518518,0.6,0.21452470277266567,1.5709505944546687
1356,0.0,10,True,0.5333333333333333,1.0,1.0,0.0
1357,0.0,10,True,0.24888888888888888,0.3,0.06502247023287666,2.1709505944546685
1358,0.0,10,True,0.31851851851851853,0.5,0.15545875354128547,1.9609640474436811
1359,0.0,10,True,0.48000000000000004,0.9,0.5310044064107188,0.4689955935892812
1360,0.0,10,True,0.6370370370370371,0.8,0.2780719051126377,0.7219280948873623
1361,0.0,10,True,0.27259259259259255,0.5,0.15726235138633282,1.6854752972273344
1362,0.0,10,True,0.2696296296296296,0.3,0.0573192851827401,2.6464393446710153
1363,0.0,10,True,0.2992592592592593,0.3,0.08279110672080625,2.3709505944546687
1364,0.0,10,True,0.40296296296296297,0.7,0.32161017527648017,1.3567796494470397
1365,0.0,10,True,0.2977777777777778,0.5,0.15545875354128547,1.9609640474436814
1366,0.0,10,True,0.2548148148148148,0.3,0.05358807178498548,2.446439344671015
1367,0.0,10,True,0.23111111111111113,0.3,0.05731928518273999,2.6464393446710157
1368,0.0,10,True,0.37481481481481477,0.7,0.32161017527648017,1.3567796494470397
1369,0.0,10,True,0.5066666666666666,0.9,0.5310044064107188,0.4689955935892812
1370,0.0,10,True,0.40888888888888886,0.7,0.32161017527648017,1.3567796494470397
1371,0.0,10,True,0.44,0.9,0.5310044064107188,0.4689955935892812
1372,0.0,10,True,0.6666666666666666,1.0,1.0,0.0
1373,0.0,10,True,0.482962962962963,0.8,0.41832813428211324,0.9219280948873623
1374,0.0,10,True,0.40888888888888886,0.5,0.14132728892674484,1.3609640474436813
1375,0.0,10,True,0.48888888888888893,0.5,0.0,1.0
1376,0.0,10,True,0.6666666666666666,1.0,1.0,0.0
1377,0.0,10,True,0.5333333333333333,0.9,0.5310044064107188,0.4689955935892812
1378,0.0,10,True,0.551111111111111,0.8,0.41832813428211324,0.9219280948873623
1379,0.0,10,True,0.6,1.0,1.0,0.0
1380,0.0,10,True,0.4592592592592593,0.7,0.32161017527648017,1.3567796494470397
1381,0.0,10,True,0.482962962962963,0.8,0.41832813428211324,0.9219280948873623
1382,0.0,10,True,0.3570370370370371,0.4,0.03977028213923883,1.5219280948873621
1383,0.0,10,True,0.6,1.0,1.0,0.0
1384,0.0,10,True,0.4192592592592593,0.7,0.32161017527648017,1.3567796494470397
1385,0.9,1,False,,,,
1386,0.0,10,True,0.3925925925925926,0.8,0.41832813428211324,0.9219280948873623
1387,0.0,10,True,0.6666666666666666,1.0,1.0,0.0
1388,0.0,10,True,0.4385185185185185,0.8,0.41832813428211324,0.9219280948873623
1389,0.0,10,True,0.5022222222222222,0.6,0.02904940554533142,0.9709505944546686
1390,0.0,10,True,0.31407407407407406,0.3,0.05358807178498548,2.446439344671015
1391,0.0,10,True,0.4059259259259259,0.5,0.1572623513863327,1.6854752972273346
1392,0.0,10,True,0.397037037037037,0.7,0.27015330083790245,1.1567796494470395
1393,0.0,10,True,0.38666666666666666,0.6,0.1826545778534897,1.295461844238322
1394,0.0,10,True,0.52,0.9,0.5310044064107188,0.4689955935892812
1395,0.0,10,True,0.24000000000000002,0.3,0.05731928518273999,2.6464393446710157
1396,0.0,10,True,0.44592592592592595,0.8,0.41832813428211324,0.9219280948873623
1397,0.0,10,True,0.4962962962962963,0.5,0.0,1.0
1398,0.0,10,True,0.4059259259259259,0.7,0.32161017527648017,1.3567796494470397
1399,0.0,10,True,0.49333333333333335,0.9,0.5310044064107188,0.4689955935892812
1400,0.0,10,True,0.4014814814814815,0.7,0.32161017527648017,1.3567796494470397
1401,0.0,10,True,0.22074074074074074,0.4,0.10175559829607284,2.321928094887362
1402,0.0,10,True,0.24444444444444444,0.3,0.0573192851827401,2.6464393446710153
1403,0.0,10,True,0.45481481481481484,0.7,0.27015330083790245,1.1567796494470395
1404,0.0,10,True,0.31407407407407406,0.6,0.23729309346223382,1.7709505944546688
1405,0.3,7,True,0.41269841269841273,0.7142857142857143,0.15726235138633282,1.1488348542809166
1406,0.3,7,True,0.24761904761904763,0.2857142857142857,0.05358807178498537,2.2359263506290326
1407,0.9,1,False,,,,
1408,0.9,1,False,,,,
1409,0.9,1,False,,,,
1410,0.0,10,True,0.3111111111111111,0.4,0.10175559829607284,2.321928094887362
1411,0.0,10,True,0.2074074074074074,0.2,0.02602396837087939,2.921928094887362
1412,0.0,10,True,0.30666666666666664,0.3,0.08279110672080625,2.3709505944546687
1413,0.0,10,True,0.4251851851851852,0.6,0.21452470277266567,1.5709505944546687
1414,0.0,10,True,0.5066666666666666,0.9,0.5310044064107188,0.4689955935892812
1415,0.0,10,True,0.36444444444444446,0.6,0.23729309346223382,1.7709505944546688
1416,0.0,10,True,0.32296296296296295,0.5,0.15545875354128547,1.9609640474436814
1417,0.0,10,True,0.3674074074074074,0.5,0.11951797627815941,1.7609640474436812
1418,0.0,10,True,0.6133333333333333,0.9,0.5310044064107188,0.4689955935892812
1419,0.0,10,True,0.5244444444444445,0.7,0.32161017527648017,1.3567796494470397
1420,0.0,10,True,0.34074074074074073,0.7,0.32161017527648017,1.3567796494470397
1421,0.0,10,True,0.20888888888888887,0.2,0.024385036849164488,2.5219280948873624
1422,0.0,10,True,0.482962962962963,0.8,0.41832813428211324,0.9219280948873623
1423,0.0,10,True,0.6266666666666667,0.9,0.5310044064107188,0.4689955935892812
1424,0.0,10,True,0.4325925925925926,0.5,0.1572623513863327,1.6854752972273346
1425,0.0,10,True,0.5333333333333333,1.0,1.0,0.0
1426,0.0,10,True,0.4755555555555555,0.7,0.27015330083790245,1.1567796494470395
1427,0.0,10,True,0.49777777777777776,0.7,0.32161017527648017,1.3567796494470397
1428,0.0,10,True,0.40444444444444444,0.7,0.27015330083790245,1.1567796494470395
1429,0.0,10,True,0.3496296296296296,0.7,0.32161017527648017,1.3567796494470397
1430,0.0,10,True,0.44,0.6,0.21452470277266567,1.5709505944546687
1431,0.0,10,True,0.4607407407407408,0.8,0.41832813428211324,0.9219280948873623
1432,0.0,10,True,0.2651851851851852,0.4,0.08613531161467847,2.1219280948873624
1433,0.0,10,True,0.482962962962963,0.8,0.41832813428211324,0.9219280948873623
1434,0.0,10,True,0.41037037037037033,0.8,0.41832813428211324,0.9219280948873623
1435,0.0,10,True,0.3555555555555555,0.6,0.13502647928207268,1.3709505944546687
1436,0.0,10,True,0.4666666666666667,0.9,0.5310044064107188,0.4689955935892812
1437,0.0,10,True,0.4666666666666667,0.9,0.5310044064107188,0.4689955935892812
1438,0.0,10,True,0.39111111111111113,0.6,0.1826545778534897,1.295461844238322
1439,0.0,10,True,0.41777777777777775,0.8,0.41832813428211324,0.9219280948873623
1440,0.0,10,True,0.5866666666666667,0.9,0.5310044064107188,0.4689955935892812
1441,0.0,10,True,0.49333333333333335,0.9,0.5310044064107188,0.4689955935892812
1442,0.0,10,True,0.4533333333333333,0.8,0.41832813428211324,0.9219280948873623
1443,0.0,10,True,0.28,0.3,0.06502247023287666,2.1709505944546685
1444,0.0,10,True,0.3674074074074074,0.6,0.23729309346223382,1.7709505944546688
1445,0.0,10,True,0.46222222222222226,0.8,0.2780719051126377,0.7219280948873623
1446,0.0,10,True,0.4755555555555555,0.8,0.41832813428211324,0.9219280948873623
1447,0.0,10,True,0.24444444444444444,0.2,0.02602396837087928,2.9219280948873623
1448,0.0,10,True,0.21333333333333335,0.2,0.024385036849164488,2.5219280948873624
1449,0.0,10,True,0.27259259259259255,0.3,0.05358807178498537,2.4464393446710155
1450,0.0,10,True,0.2696296296296296,0.3,0.032511235116438386,2.2464393446710154
1451,0.0,10,True,0.30074074074074075,0.3,0.0573192851827401,2.6464393446710153
1452,0.0,10,True,0.2325925925925926,0.3,0.05118688510966152,2.8464393446710154
1453,0.9,1,False,,,,
1454,0.9,1,False,,,,
1455,0.9,1,False,,,,
1456,0.9,1,False,,,,
1457,0.9,1,False,,,,
1458,0.1,9,True,0.2351851851851852,0.2222222222222222,0.02602396837087939,2.725480556997868
1459,0.4,6,True,0.29333333333333333,0.3333333333333333,0.039035952556318865,1.584962500721156
1460,0.6,4,False,,,,
1461,0.1,9,True,0.21666666666666667,0.2222222222222222,0.02602396837087928,2.725480556997868
1462,0.1,9,True,0.2685185185185185,0.4444444444444444,0.10175559829607284,2.058813890331201
1463,0.1,9,True,0.3944444444444445,0.6666666666666666,0.21452470277266567,1.224394445405986
1464,0.1,9,True,0.47222222222222227,0.7777777777777778,0.32161017527648017,0.9864267287308424
1465,0.0,10,True,0.3792592592592593,0.7,0.27015330083790245,1.1567796494470395
1466,0.0,10,True,0.30518518518518517,0.6,0.23729309346223382,1.7709505944546688
1467,0.0,10,True,0.4,0.7,0.32161017527648017,1.3567796494470397
1468,0.0,10,True,0.29333333333333333,0.4,0.10175559829607284,2.321928094887362
1469,0.0,10,True,0.4014814814814815,0.7,0.27015330083790245,1.1567796494470395
1470,0.0,10,True,0.2607407407407407,0.4,0.10175559829607284,2.321928094887362
1471,0.0,10,True,0.25925925925925924,0.4,0.10175559829607284,2.321928094887362
1472,0.0,10,True,0.5140740740740741,0.8,0.41832813428211324,0.9219280948873623
1473,0.0,10,True,0.36592592592592593,0.6,0.13502647928207268,1.3709505944546687
1474,0.0,10,True,0.48444444444444446,0.8,0.41832813428211324,0.9219280948873623
1475,0.9,1,False,,,,
1476,0.9,1,False,,,,
1477,0.9,1,False,,,,
1478,0.0,10,True,0.36000000000000004,0.6,0.23729309346223382,1.7709505944546688
1479,0.9,1,False,,,,
1480,0.9,1,False,,,,
1481,0.0,10,True,0.41777777777777775,0.6,0.13502647928207268,1.3709505944546687
1482,0.0,10,True,0.4014814814814815,0.6,0.21452470277266567,1.5709505944546687
1483,0.0,10,True,0.48000000000000004,0.8,0.41832813428211324,0.9219280948873623
1484,0.0,10,True,0.5066666666666666,0.9,0.5310044064107188,0.4689955935892812
1485,0.0,10,True,0.35259259259259257,0.7,0.32161017527648017,1.3567796494470397
1486,0.0,10,True,0.28444444444444444,0.5,0.15545875354128547,1.9609640474436814
1487,0.0,10,True,0.5214814814814815,0.8,0.2780719051126377,0.7219280948873623
1488,0.0,10,True,0.44592592592592595,0.7,0.32161017527648017,1.3567796494470397
1489,0.0,10,True,0.34074074074074073,0.7,0.27015330083790245,1.1567796494470395
1490,0.0,10,True,0.49333333333333335,0.9,0.5310044064107188,0.4689955935892812
1491,0.0,10,True,0.40444444444444444,0.8,0.41832813428211324,0.9219280948873623
1492,0.0,10,True,0.4266666666666667,0.7,0.32161017527648017,1.3567796494470397
1493,0.0,10,True,0.4266666666666667,0.9,0.5310044064107188,0.4689955935892812
1494,0.0,10,True,0.5614814814814815,0.8,0.41832813428211324,0.9219280948873623
1495,0.0,10,True,0.3837037037037037,0.7,0.32161017527648017,1.3567796494470397
1496,0.0,10,True,0.56,0.8,0.41832813428211324,0.9219280948873623
1497,0.0,10,True,0.3422222222222222,0.4,0.13903595255631884,1.7219280948873623
1498,0.0,10,True,0.3718518518518518,0.6,0.21452470277266567,1.5709505944546687
1499,0.0,10,True,0.6799999999999999,0.9,0.5310044064107188,0.4689955935892812
1500,0.0,10,True,0.3925925925925926,0.8,0.41832813428211324,0.9219280948873623
1501,0.0,10,True,0.45481481481481484,0.8,0.41832813428211324,0.9219280948873623
1502,0.0,10,True,0.6666666666666666,1.0,1.0,0.0
1503,0.0,10,True,0.4074074074074074,0.7,0.32161017527648017,1.3567796494470397
1504,0.0,10,True,0.4074074074074074,0.7,0.27015330083790245,1.1567796494470395
1505,0.9,1,False,,,,
1506,0.9,1,False,,,,
1507,0.9,1,False,,,,
1508,0.9,1,False,,,,
1509,0.9,1,False,,,,
1510,0.9,1,False,,,,
1511,0.9,1,False,,,,
1512,0.9,1,False,,,,
1513,0.9,1,False,,,,
1514,0.9,1,False,,,,
1515,0.9,1,False,,,,
1516,0.9,1,False,,,,
1517,0.9,1,False,,,,
1518,0.9,1,False,,,,
1519,0.9,1,False,,,,
1520,0.9,1,False,,,,
1521,0.9,1,False,,,,
1522,0.9,1,False,,,,
1523,0.9,1,False,,,,
1524,0.9,1,False,,,,
1525,0.9,1,False,,,,
1526,0.0,10,True,0.31407407407407406,0.4,0.13903595255631884,1.7219280948873623
1527,0.0,10,True,0.5022222222222222,0.6,0.02904940554533142,0.9709505944546686
1528,0.0,10,True,0.27259259259259255,0.4,0.08613531161467869,2.121928094887362
1529,0.9,1,False,,,,
1530,0.0,10,True,0.4325925925925926,0.7,0.32161017527648017,1.3567796494470397
1531,0.0,10,True,0.2948148148148148,0.3,0.05358807178498537,2.4464393446710155
1532,0.0,10,True,0.43555555555555553,0.7,0.27015330083790245,1.1567796494470395
1533,0.0,10,True,0.362962962962963,0.3,0.06502247023287666,2.1709505944546685
1534,0.0,10,True,0.48444444444444446,0.7,0.27015330083790245,1.1567796494470395
1535,0.0,10,True,0.5866666666666667,0.9,0.5310044064107188,0.4689955935892812
1536,0.0,10,True,1.0,1.0,1.0,0.0
1537,0.0,10,True,0.437037037037037,0.7,0.32161017527648017,1.3567796494470397
1538,0.0,10,True,0.5911111111111111,0.8,0.41832813428211324,0.9219280948873623
1539,0.0,10,True,0.5037037037037037,0.8,0.2780719051126377,0.7219280948873623
1540,0.0,10,True,0.362962962962963,0.6,0.21452470277266567,1.5709505944546687
1541,0.0,10,True,0.4533333333333333,0.6,0.21452470277266567,1.5709505944546687
1542,0.0,10,True,0.44,0.7,0.27015330083790245,1.1567796494470395
1543,0.0,10,True,0.49333333333333335,0.9,0.5310044064107188,0.4689955935892812
1544,0.0,10,True,0.5066666666666666,0.9,0.5310044064107188,0.4689955935892812
1545,0.0,10,True,0.40444444444444444,0.7,0.32161017527648017,1.3567796494470397
1546,0.0,10,True,0.4755555555555555,0.6,0.1826545778534897,1.295461844238322
1547,0.0,10,True,0.37037037037037035,0.6,0.21452470277266567,1.5709505944546687
1548,0.0,10,True,0.32296296296296295,0.6,0.21452470277266567,1.5709505944546687
1549,0.1,9,True,0.3,0.4444444444444444,0.11864654673111685,1.7527152789797047
1550,0.1,9,True,0.2388888888888889,0.2222222222222222,0.02602396837087928,2.725480556997868
1551,0.1,9,True,0.362962962962963,0.6666666666666666,0.23729309346223382,1.4466166676282082
1552,0.1,9,True,0.38333333333333336,0.6666666666666666,0.23729309346223382,1.4466166676282082
1553,0.8,2,False,,,,
1554,0.8,2,False,,,,
1555,0.8,2,False,,,,
1556,0.8,2,False,,,,
1557,0.8,2,False,,,,
1558,0.9,1,False,,,,
1559,0.9,1,False,,,,
1560,0.9,1,False,,,,
1561,0.9,1,False,,,,
1562,0.9,1,False,,,,
1563,0.9,1,False,,,,
1564,0.9,1,False,,,,
1565,0.9,1,False,,,,
1566,0.9,1,False,,,,
1567,0.9,1,False,,,,
1568,0.9,1,False,,,,
1569,0.9,1,False,,,,
1570,0.9,1,False,,,,
1571,0.9,1,False,,,,
1572,0.9,1,False,,,,
1573,0.9,1,False,,,,
1574,0.9,1,False,,,,
1575,0.9,1,False,,,,
1576,0.9,1,False,,,,
1577,0.9,1,False,,,,
1578,0.9,1,False,,,,
1579,0.9,1,False,,,,
1580,0.9,1,False,,,,
1581,0.9,1,False,,,,
1582,0.9,1,False,,,,
1583,0.9,1,False,,,,
1584,0.9,1,False,,,,
1585,0.9,1,False,,,,
1586,0.9,1,False,,,,
1587,0.9,1,False,,,,
1588,0.9,1,False,,,,
1589,0.9,1,False,,,,
1590,0.9,1,False,,,,
1591,0.9,1,False,,,,
1592,0.9,1,False,,,,
1593,0.9,1,False,,,,
1594,0.9,1,False,,,,
1595,0.9,1,False,,,,
1596,0.9,1,False,,,,
1597,0.9,1,False,,,,
1598,0.9,1,False,,,,
1599,0.9,1,False,,,,
1600,0.9,1,False,,,,
1601,0.9,1,False,,,,
1602,0.9,1,False,,,,
1603,0.9,1,False,,,,
1604,0.9,1,False,,,,
1605,0.8,2,False,,,,
1606,0.8,2,False,,,,
1607,0.8,2,False,,,,
1608,0.8,2,False,,,,
1609,0.8,2,False,,,,
1610,0.8,2,False,,,,
1611,0.1,9,True,0.22407407407407406,0.2222222222222222,0.015141338212453448,2.94770277922009
1612,0.0,10,True,0.4666666666666667,0.9,0.5310044064107188,0.4689955935892812
1613,0.0,10,True,0.45037037037037037,0.7,0.27015330083790245,1.1567796494470395
1614,0.0,10,True,0.40888888888888886,0.5,0.15726235138633282,1.6854752972273344
1615,0.0,10,True,0.30666666666666664,0.3,0.05358807178498537,2.4464393446710155
1616,0.0,10,True,0.39111111111111113,0.7,0.32161017527648017,1.3567796494470397
1617,0.0,10,True,0.5333333333333333,0.9,0.5310044064107188,0.4689955935892812
1618,0.0,10,True,0.4488888888888889,0.6,0.02904940554533142,0.9709505944546686
1619,0.0,10,True,0.2770370370370371,0.3,0.05358807178498537,2.4464393446710155
1620,0.0,10,True,0.5333333333333333,1.0,1.0,0.0
1621,0.0,10,True,0.482962962962963,0.7,0.27015330083790245,1.1567796494470395
1622,0.0,10,True,0.46222222222222226,0.7,0.32161017527648017,1.3567796494470397
1623,0.0,10,True,0.4711111111111111,0.7,0.1187091007693073,0.8812908992306927
1624,0.0,10,True,0.5022222222222222,0.7,0.1187091007693073,0.8812908992306927
1625,0.0,10,True,0.33037037037037037,0.6,0.21452470277266567,1.5709505944546687
1626,0.0,10,True,0.3837037037037037,0.5,0.1572623513863327,1.6854752972273346
1627,0.0,10,True,0.36444444444444446,0.5,0.06276943678387037,1.4854752972273344
1628,0.0,10,True,0.49777777777777776,0.6,0.02904940554533142,0.9709505944546686
1629,0.0,10,True,0.38222222222222224,0.4,0.13903595255631884,1.7219280948873623
1630,0.0,10,True,0.47259259259259256,0.8,0.41832813428211324,0.9219280948873623
1631,0.0,10,True,0.39111111111111113,0.6,0.1826545778534897,1.295461844238322
1632,0.0,10,True,0.39555555555555555,0.7,0.32161017527648017,1.3567796494470397
1633,0.1,9,True,0.32407407407407407,0.5555555555555556,0.15545875354128547,1.6577427265048887
1634,0.0,10,True,0.5866666666666667,0.9,0.5310044064107188,0.4689955935892812
1635,0.0,10,True,0.3214814814814815,0.6,0.23729309346223382,1.7709505944546688
1636,0.0,10,True,0.3377777777777778,0.6,0.23729309346223382,1.7709505944546688
1637,0.0,10,True,0.4918518518518519,0.8,0.2780719051126377,0.7219280948873623
1638,0.0,10,True,0.40888888888888886,0.5,0.06276943678387037,1.4854752972273344
1639,0.0,10,True,0.47851851851851845,0.8,0.2780719051126377,0.7219280948873623
1640,0.0,10,True,0.48592592592592593,0.8,0.41832813428211324,0.9219280948873623
1641,0.0,10,True,0.26814814814814814,0.4,0.08613531161467847,2.1219280948873624
1642,0.0,10,True,0.23703703703703702,0.4,0.10175559829607284,2.321928094887362
1643,0.0,10,True,0.24444444444444444,0.3,0.0573192851827401,2.6464393446710153
1644,0.0,10,True,0.4014814814814815,0.5,0.15726235138633282,1.6854752972273344
1645,0.0,10,True,0.6,1.0,1.0,0.0
1646,0.0,10,True,0.20296296296296296,0.3,0.05118688510966152,2.8464393446710154
1647,0.5,5,True,0.23333333333333334,0.4,0.15545875354128547,1.9219280948873623
1648,0.1,9,True,0.2111111111111111,0.4444444444444444,0.10175559829607284,2.0588138903312014
1649,0.0,10,True,0.40444444444444444,0.6,0.13502647928207268,1.3709505944546687
1650,0.0,10,True,0.3274074074074074,0.5,0.11951797627815941,1.7609640474436812
1651,0.0,10,True,0.4162962962962963,0.6,0.21452470277266567,1.5709505944546687
1652,0.0,10,True,0.45037037037037037,0.7,0.32161017527648017,1.3567796494470397
1653,0.0,10,True,0.2325925925925926,0.2,0.0243850368491646,2.521928094887362
1654,0.0,10,True,0.4533333333333333,0.7,0.32161017527648017,1.3567796494470397
1655,0.0,10,True,0.24592592592592594,0.4,0.08613531161467847,2.1219280948873624
1656,0.0,10,True,0.3125925925925926,0.4,0.10175559829607284,2.321928094887362
1657,0.0,10,True,0.23703703703703702,0.3,0.05118688510966152,2.8464393446710154
1658,0.0,10,True,0.4266666666666667,0.5,0.1572623513863327,1.6854752972273346
1659,0.0,10,True,0.551111111111111,0.8,0.41832813428211324,0.9219280948873623
1660,0.0,10,True,0.49333333333333335,0.6,0.02904940554533142,0.9709505944546686
1661,0.0,10,True,0.23111111111111113,0.3,0.05118688510966163,2.846439344671015
1662,0.0,10,True,0.4,0.7,0.32161017527648017,1.3567796494470397
1663,0.0,10,True,0.5066666666666666,0.9,0.5310044064107188,0.4689955935892812
1664,0.0,10,True,0.5066666666666666,0.9,0.5310044064107188,0.4689955935892812
1665,0.0,10,True,0.4162962962962963,0.8,0.41832813428211324,0.9219280948873623
1666,0.0,10,True,0.4814814814814815,0.7,0.32161017527648017,1.3567796494470397
1667,0.0,10,True,0.4266666666666667,0.6,0.1826545778534897,1.295461844238322
1668,0.0,10,True,0.4118518518518518,0.7,0.32161017527648017,1.3567796494470397
1669,0.0,10,True,0.21925925925925924,0.2,0.030429649809874948,2.7219280948873625
1670,0.0,10,True,0.2874074074074074,0.5,0.16402499191349473,2.1609640474436813
1671,0.0,10,True,0.4251851851851852,0.7,0.27015330083790245,1.1567796494470395
1672,0.0,10,True,0.6133333333333333,0.9,0.5310044064107188,0.4689955935892812
1673,0.0,10,True,0.2607407407407407,0.4,0.10175559829607284,2.321928094887362
1674,0.0,10,True,0.5066666666666666,0.9,0.5310044064107188,0.4689955935892812
1675,0.0,10,True,0.44296296296296295,0.8,0.41832813428211324,0.9219280948873623
1676,0.0,10,True,0.23111111111111113,0.2,0.02602396837087928,2.9219280948873623
1677,0.0,10,True,0.56,0.9,0.5310044064107188,0.4689955935892812
1678,0.0,10,True,0.47259259259259256,0.5,0.14132728892674484,1.3609640474436813
1679,0.0,10,True,0.24296296296296296,0.3,0.05118688510966152,2.8464393446710154
1680,0.0,10,True,0.36592592592592593,0.6,0.21452470277266567,1.5709505944546687
1681,0.0,10,True,0.5866666666666667,0.9,0.5310044064107188,0.4689955935892812
1682,0.0,10,True,0.21481481481481482,0.2,0.03042964980987506,2.721928094887362
1683,0.0,10,True,0.41777777777777775,0.7,0.32161017527648017,1.3567796494470397
1684,0.0,10,True,0.5066666666666666,0.9,0.5310044064107188,0.4689955935892812
1685,0.0,10,True,0.4266666666666667,0.4,0.03977028213923883,1.5219280948873621
1686,0.0,10,True,0.2711111111111111,0.4,0.10175559829607284,2.321928094887362
1687,0.0,10,True,0.47259259259259256,0.7,0.32161017527648017,1.3567796494470397
1688,0.0,10,True,0.4533333333333333,0.9,0.5310044064107188,0.4689955935892812
1689,0.0,10,True,0.4414814814814815,0.7,0.27015330083790245,1.1567796494470395
1690,0.0,10,True,0.22222222222222224,0.3,0.0573192851827401,2.6464393446710153
1691,0.0,10,True,0.49333333333333335,0.8,0.41832813428211324,0.9219280948873623
1692,0.0,10,True,0.48888888888888893,0.8,0.41832813428211324,0.9219280948873623
1693,0.0,10,True,0.30666666666666664,0.6,0.23729309346223382,1.7709505944546688
1694,0.0,10,True,0.4696296296296296,0.6,0.21452470277266567,1.5709505944546687
1695,0.0,10,True,0.522962962962963,0.8,0.2780719051126377,0.7219280948873623
1696,0.0,10,True,0.42962962962962964,0.5,0.1572623513863327,1.6854752972273346
1697,0.0,10,True,0.49333333333333335,0.9,0.5310044064107188,0.4689955935892812
1698,0.0,10,True,0.41333333333333333,0.6,0.21452470277266567,1.5709505944546687
1699,0.0,10,True,0.2948148148148148,0.4,0.11864654673111685,2.0464393446710156
1700,0.0,10,True,0.6266666666666667,0.9,0.5310044064107188,0.4689955935892812
1701,0.0,10,True,0.4711111111111111,0.8,0.41832813428211324,0.9219280948873623
1702,0.0,10,True,0.3466666666666667,0.6,0.23729309346223382,1.7709505944546688
1703,0.0,10,True,0.3111111111111111,0.4,0.10175559829607284,2.321928094887362
1704,0.0,10,True,0.5466666666666666,0.9,0.5310044064107188,0.4689955935892812
1705,0.0,10,True,0.32,0.5,0.15726235138633282,1.6854752972273344
1706,0.0,10,True,0.46370370370370373,0.7,0.32161017527648017,1.3567796494470397
1707,0.0,10,True,0.2562962962962963,0.4,0.10167108723147944,2.5219280948873624
1708,0.0,10,True,0.4666666666666667,0.5,0.14132728892674484,1.3609640474436813
1709,0.0,10,True,0.4414814814814815,0.8,0.2780719051126377,0.7219280948873623
1710,0.0,10,True,0.35407407407407404,0.5,0.15545875354128547,1.9609640474436814
1711,0.0,10,True,0.2755555555555556,0.3,0.014524702772665599,1.9709505944546688
1712,0.0,10,True,0.4666666666666667,0.9,0.5310044064107188,0.4689955935892812
1713,0.0,10,True,0.45037037037037037,0.7,0.32161017527648017,1.3567796494470397
1714,0.0,10,True,0.24592592592592594,0.2,0.02602396837087928,2.9219280948873623
1715,0.0,10,True,0.2237037037037037,0.2,0.03042964980987506,2.721928094887362
1716,0.0,10,True,0.4222222222222223,0.4,0.008840528567781392,1.5709505944546684
1717,0.0,10,True,0.2770370370370371,0.2,0.02602396837087928,2.9219280948873623
1718,0.0,10,True,0.2518518518518518,0.3,0.05118688510966152,2.8464393446710154
1719,0.0,10,True,0.3792592592592593,0.5,0.15545875354128547,1.9609640474436814
1720,0.0,10,True,0.3614814814814815,0.4,0.07678032766449228,1.8464393446710154
1721,0.0,10,True,0.2814814814814815,0.5,0.16402499191349473,2.1609640474436813
1722,0.0,10,True,0.3422222222222222,0.6,0.23729309346223382,1.7709505944546688
1723,0.0,10,True,0.5022222222222222,0.7,0.32161017527648017,1.3567796494470397
1724,0.0,10,True,0.2237037037037037,0.3,0.0573192851827401,2.6464393446710153
1725,0.0,10,True,0.44,0.5,0.14132728892674484,1.3609640474436813
1726,0.0,10,True,0.2474074074074074,0.2,0.015141338212453448,3.121928094887362
1727,0.0,10,True,0.4755555555555555,0.6,0.1826545778534897,1.295461844238322
1728,0.0,10,True,0.4325925925925926,0.7,0.32161017527648017,1.3567796494470397
1729,0.0,10,True,0.5066666666666666,0.9,0.5310044064107188,0.4689955935892812
1730,0.0,10,True,0.39851851851851855,0.5,0.15545875354128547,1.9609640474436814
1731,0.0,10,True,0.29037037037037033,0.3,0.06502247023287666,2.1709505944546685
1732,0.0,10,True,0.5318518518518519,0.7,0.27015330083790245,1.1567796494470395
1733,0.0,10,True,0.37629629629629624,0.6,0.21452470277266567,1.5709505944546687
1734,0.0,10,True,0.41333333333333333,0.7,0.32161017527648017,1.3567796494470397
1735,0.0,10,True,0.3674074074074074,0.6,0.21452470277266567,1.5709505944546687
1736,0.0,10,True,0.40296296296296297,0.4,0.07678032766449228,1.8464393446710154
1737,0.0,10,True,0.2696296296296296,0.5,0.16402499191349473,2.1609640474436813
1738,0.0,10,True,0.21333333333333335,0.3,0.05358807178498537,2.4464393446710155
1739,0.0,10,True,0.44296296296296295,0.8,0.41832813428211324,0.9219280948873623
1740,0.0,10,True,0.40888888888888886,0.6,0.23729309346223382,1.7709505944546688
1741,0.0,10,True,0.27259259259259255,0.3,0.05731928518273999,2.6464393446710157
1742,0.0,10,True,0.40444444444444444,0.7,0.32161017527648017,1.3567796494470397
1743,0.0,10,True,0.2562962962962963,0.3,0.05358807178498537,2.4464393446710155
1744,0.1,9,True,0.22777777777777777,0.2222222222222222,0.02602396837087928,2.725480556997868
1745,0.0,10,True,0.30962962962962964,0.5,0.15545875354128547,1.9609640474436814
1746,0.0,10,True,0.2874074074074074,0.6,0.21452470277266567,1.5709505944546687
1747,0.0,10,True,0.2533333333333333,0.2,0.03042964980987506,2.721928094887362
1748,0.0,10,True,0.3022222222222222,0.4,0.10175559829607284,2.321928094887362
1749,0.0,10,True,0.3125925925925926,0.5,0.11951797627815941,1.7609640474436812
1750,0.0,10,True,0.2948148148148148,0.4,0.11864654673111685,2.0464393446710156
1751,0.0,10,True,0.24296296296296296,0.2,0.02602396837087928,2.9219280948873623
1752,0.1,9,True,0.31851851851851853,0.5555555555555556,0.15545875354128547,1.6577427265048887
1753,0.1,9,True,0.3611111111111111,0.6666666666666666,0.23729309346223382,1.4466166676282082
1754,0.8,2,False,,,,
1755,0.0,10,True,0.3511111111111111,0.6,0.23729309346223382,1.7709505944546688
1756,0.0,10,True,0.30074074074074075,0.5,0.16402499191349473,2.1609640474436813
1757,0.0,10,True,0.26814814814814814,0.3,0.05358807178498537,2.4464393446710155
1758,0.0,10,True,0.4385185185185185,0.6,0.13502647928207268,1.3709505944546687
1759,0.0,10,True,0.2977777777777778,0.4,0.10175559829607284,2.321928094887362
1760,0.0,10,True,0.6133333333333333,0.9,0.5310044064107188,0.4689955935892812
1761,0.0,10,True,0.29037037037037033,0.3,0.0573192851827401,2.6464393446710153
1762,0.0,10,True,0.26814814814814814,0.4,0.10167108723147944,2.5219280948873624
1763,0.0,10,True,0.3777777777777778,0.6,0.1826545778534897,1.295461844238322
1764,0.0,10,True,0.29185185185185186,0.3,0.05731928518273999,2.6464393446710157
1765,0.0,10,True,0.3451851851851852,0.5,0.15545875354128547,1.9609640474436814
1766,0.0,10,True,0.3733333333333333,0.4,0.039035952556318865,1.9219280948873623
1767,0.0,10,True,0.3837037037037037,0.6,0.21452470277266567,1.5709505944546687
1768,0.0,10,True,0.2814814814814815,0.2,0.030429649809874948,2.7219280948873625
1769,0.0,10,True,0.38222222222222224,0.5,0.14132728892674484,1.3609640474436813
1770,0.0,10,True,0.33925925925925926,0.4,0.10175559829607272,2.3219280948873626
1771,0.1,9,True,0.32037037037037036,0.4444444444444444,0.10167108723147944,2.2810361125534233
1772,0.1,9,True,0.2574074074074074,0.2222222222222222,0.03042964980987506,2.5032583347756456
1773,0.1,9,True,0.5203703703703704,0.5555555555555556,0.1572623513863327,1.3516441151533922
1774,0.6,4,False,,,,
1775,0.7,3,False,,,,
1776,0.7,3,False,,,,
1777,0.3,7,True,0.2285714285714286,0.42857142857142855,0.08279110672080625,2.128085278891394
1778,0.3,7,True,0.30158730158730157,0.42857142857142855,0.06502247023287666,1.8423709931771088
1779,0.1,9,True,0.24259259259259258,0.3333333333333333,0.05731928518273999,2.4193819456463714
1780,0.0,10,True,0.27851851851851855,0.3,0.06502247023287666,2.1709505944546685
1781,0.0,10,True,0.42370370370370375,0.6,0.21452470277266567,1.5709505944546687
1782,0.0,10,True,0.26666666666666666,0.3,0.032511235116438164,2.246439344671016
1783,0.0,10,True,0.26666666666666666,0.4,0.10175559829607284,2.321928094887362
1784,0.0,10,True,0.35851851851851857,0.5,0.11951797627815941,1.7609640474436812
1785,0.0,10,True,0.4266666666666667,0.7,0.32161017527648017,1.3567796494470397
1786,0.0,10,True,0.5125925925925926,0.7,0.27015330083790245,1.1567796494470395
1787,0.0,10,True,0.5022222222222222,0.6,0.02904940554533142,0.9709505944546686
1788,0.0,10,True,0.2977777777777778,0.4,0.08613531161467869,2.121928094887362
1789,0.0,10,True,0.4488888888888889,0.6,0.21452470277266567,1.5709505944546687
1790,0.0,10,True,0.33185185185185184,0.6,0.21452470277266567,1.5709505944546687
1791,0.0,10,True,0.3837037037037037,0.5,0.11951797627815941,1.7609640474436812
1792,0.0,10,True,0.2651851851851852,0.3,0.08279110672080625,2.3709505944546687
1793,0.0,10,True,0.2651851851851852,0.4,0.08613531161467847,2.1219280948873624
1794,0.0,10,True,0.26814814814814814,0.3,0.05358807178498537,2.4464393446710155
1795,0.0,10,True,0.39111111111111113,0.6,0.21452470277266567,1.5709505944546687
1796,0.0,10,True,0.48444444444444446,0.8,0.41832813428211324,0.9219280948873623
1797,0.0,10,True,0.41777777777777775,0.6,0.1826545778534897,1.295461844238322
1798,0.0,10,True,0.41333333333333333,0.4,0.07678032766449228,1.8464393446710154
1799,0.0,10,True,0.28296296296296297,0.4,0.10175559829607272,2.3219280948873626
1800,0.0,10,True,0.2,0.4,0.10175559829607272,2.3219280948873626
1801,0.0,10,True,0.37037037037037035,0.5,0.14132728892674484,1.3609640474436813
1802,0.0,10,True,0.39111111111111113,0.6,0.23729309346223382,1.7709505944546688
1803,0.0,10,True,0.31407407407407406,0.6,0.23729309346223382,1.7709505944546688
1804,0.0,10,True,0.3451851851851852,0.5,0.11951797627815941,1.7609640474436812
1805,0.0,10,True,0.4192592592592593,0.6,0.21452470277266567,1.5709505944546687
1806,0.0,10,True,0.4192592592592593,0.5,0.14132728892674484,1.3609640474436813
1807,0.0,10,True,0.4059259259259259,0.6,0.23729309346223382,1.7709505944546688
1808,0.0,10,True,0.2755555555555556,0.3,0.05358807178498548,2.446439344671015
1809,0.0,10,True,0.21777777777777776,0.3,0.05118688510966152,2.8464393446710154
1810,0.0,10,True,0.6237037037037036,0.7,0.27015330083790245,1.1567796494470395
1811,0.0,10,True,0.30518518518518517,0.3,0.05358807178498537,2.4464393446710155
1812,0.0,10,True,0.3792592592592593,0.6,0.21452470277266567,1.5709505944546687
1813,0.0,10,True,0.49925925925925924,0.5,0.06276943678387037,1.4854752972273344
1814,0.0,10,True,0.45185185185185184,0.7,0.32161017527648017,1.3567796494470397
1815,0.0,10,True,0.2814814814814815,0.5,0.15545875354128547,1.9609640474436814
1816,0.0,10,True,0.3733333333333333,0.5,0.1572623513863327,1.6854752972273346
1817,0.0,10,True,0.3111111111111111,0.4,0.10175559829607272,2.3219280948873626
1818,0.0,10,True,0.2325925925925926,0.2,0.02602396837087928,2.9219280948873623
1819,0.0,10,True,0.20148148148148148,0.3,0.0573192851827401,2.6464393446710153
1820,0.0,10,True,0.37481481481481477,0.4,0.07678032766449228,1.8464393446710154
1821,0.0,10,True,0.26814814814814814,0.3,0.05358807178498548,2.446439344671015
1822,0.0,10,True,0.26666666666666666,0.2,0.02602396837087928,2.9219280948873623
1823,0.0,10,True,0.21185185185185187,0.3,0.05118688510966152,2.8464393446710154
1824,0.0,10,True,0.2325925925925926,0.2,0.02602396837087928,2.9219280948873623
1825,0.6,4,False,,,,
1826,0.6,4,False,,,,
1827,0.7,3,False,,,,
1828,0.4,6,True,0.2,0.16666666666666666,0.10167108723147944,2.584962500721156
1829,0.1,9,True,0.18888888888888886,0.2222222222222222,0.015141338212453448,2.94770277922009
1830,0.1,9,True,0.2518518518518518,0.3333333333333333,0.05731928518273999,2.4193819456463714
1831,0.1,9,True,0.27037037037037037,0.2222222222222222,0.030429649809874948,2.503258334775646
1832,0.0,10,True,0.22962962962962966,0.3,0.0573192851827401,2.6464393446710153
1833,0.0,10,True,0.3022222222222222,0.4,0.11864654673111685,2.0464393446710156
1834,0.0,10,True,0.4666666666666667,0.7,0.27015330083790245,1.1567796494470395
1835,0.0,10,True,0.32,0.3,0.0573192851827401,2.6464393446710153
1836,0.1,9,True,0.3425925925925926,0.4444444444444444,0.10175559829607284,2.058813890331201
1837,0.1,9,True,0.32592592592592595,0.3333333333333333,0.05358807178498548,2.197159723424149
1838,0.1,9,True,0.3222222222222222,0.4444444444444444,0.10175559829607284,2.058813890331201
1839,0.1,9,True,0.22407407407407406,0.3333333333333333,0.0573192851827401,2.4193819456463714
1840,0.1,9,True,0.28518518518518515,0.4444444444444444,0.10167108723147944,2.2810361125534233
1841,0.0,10,True,0.3348148148148148,0.4,0.07678032766449228,1.8464393446710154
1842,0.0,10,True,0.43555555555555553,0.6,0.21452470277266567,1.5709505944546687
1843,0.0,10,True,0.27259259259259255,0.3,0.0573192851827401,2.6464393446710153
1844,0.0,10,True,0.25925925925925924,0.3,0.08279110672080625,2.3709505944546687
1845,0.0,10,True,0.3837037037037037,0.5,0.15545875354128547,1.9609640474436814
1846,0.0,10,True,0.2948148148148148,0.3,0.05358807178498548,2.446439344671015
1847,0.0,10,True,0.3422222222222222,0.4,0.07678032766449228,1.8464393446710154
1848,0.0,10,True,0.20888888888888887,0.2,0.02602396837087928,2.9219280948873623
1849,0.0,10,True,0.46222222222222226,0.6,0.02904940554533142,0.9709505944546686
1850,0.0,10,True,0.2414814814814815,0.3,0.05118688510966152,2.8464393446710154
1851,0.0,10,True,0.762962962962963,0.8,0.41832813428211324,0.9219280948873623
1852,0.0,10,True,0.20592592592592593,0.3,0.0573192851827401,2.6464393446710153
1853,0.0,10,True,0.3037037037037037,0.5,0.15545875354128547,1.9609640474436814
1854,0.0,10,True,0.21481481481481482,0.2,0.015141338212453448,3.121928094887362
1855,0.0,10,True,0.20888888888888887,0.2,0.015141338212453448,3.121928094887362
1856,0.0,10,True,0.3851851851851852,0.6,0.21452470277266567,1.5709505944546687
1857,0.0,10,True,0.29185185185185186,0.4,0.08613531161467869,2.121928094887362
1858,0.0,10,True,0.38666666666666666,0.5,0.11951797627815941,1.7609640474436812
1859,0.0,10,True,0.22518518518518518,0.2,0.02602396837087928,2.9219280948873623
1860,0.0,10,True,0.20592592592592593,0.2,0.015141338212453448,3.121928094887362
1861,0.0,10,True,0.2992592592592593,0.3,0.06502247023287666,2.1709505944546685
1862,0.0,10,True,0.23555555555555555,0.3,0.0573192851827401,2.6464393446710153
1863,0.3,7,True,0.2380952380952381,0.42857142857142855,0.08279110672080625,2.1280852788913944
1864,0.3,7,True,0.26031746031746034,0.2857142857142857,0.05731928518273999,2.521640636343318
1865,0.7,3,False,,,,
1866,0.8,2,False,,,,
1867,0.3,7,True,0.22222222222222224,0.14285714285714285,0.051186885109661406,2.807354922057604
1868,0.9,1,False,,,,
1869,0.9,1,False,,,,
1870,0.8,2,False,,,,
1871,0.7,3,False,,,,
1872,0.0,10,True,0.274074074074074,0.3,0.05358807178498537,2.4464393446710155
1873,0.0,10,True,0.2859259259259259,0.3,0.05358807178498537,2.4464393446710155
1874,0.0,10,True,0.3214814814814815,0.4,0.10175559829607284,2.321928094887362
1875,0.0,10,True,0.2518518518518518,0.3,0.0573192851827401,2.6464393446710153
1876,0.0,10,True,0.2874074074074074,0.3,0.05358807178498537,2.4464393446710155
1877,0.0,10,True,0.4577777777777778,0.7,0.27015330083790245,1.1567796494470395
1878,0.0,10,True,0.2696296296296296,0.4,0.10175559829607284,2.321928094887362
1879,0.0,10,True,0.28888888888888886,0.3,0.05358807178498548,2.446439344671015
1880,0.0,10,True,0.29185185185185186,0.4,0.07678032766449228,1.8464393446710154
1881,0.0,10,True,0.29629629629629634,0.5,0.11951797627815941,1.7609640474436812
1882,0.0,10,True,0.23555555555555555,0.3,0.0573192851827401,2.6464393446710153
1883,0.0,10,True,0.29629629629629634,0.3,0.0573192851827401,2.6464393446710153
1884,0.0,10,True,0.38074074074074077,0.4,0.07678032766449228,1.8464393446710154
1885,0.0,10,True,0.38666666666666666,0.4,0.08613531161467869,2.121928094887362
1886,0.0,10,True,0.2770370370370371,0.2,0.030429649809874948,2.7219280948873625
1887,0.0,10,True,0.2414814814814815,0.2,0.03042964980987506,2.721928094887362
1888,0.0,10,True,0.3466666666666667,0.5,0.15545875354128547,1.9609640474436814
1889,0.0,10,True,0.27259259259259255,0.4,0.10175559829607284,2.321928094887362
1890,0.0,10,True,0.2562962962962963,0.3,0.05118688510966152,2.8464393446710154
1891,0.0,10,True,0.3214814814814815,0.6,0.21452470277266567,1.5709505944546687
1892,0.0,10,True,0.3792592592592593,0.5,0.15545875354128547,1.9609640474436814
1893,0.0,10,True,0.2474074074074074,0.4,0.10167108723147944,2.5219280948873624
1894,0.0,10,True,0.2325925925925926,0.2,0.02602396837087928,2.9219280948873623
1895,0.0,10,True,0.17037037037037037,0.2,0.02602396837087928,2.9219280948873623
1896,0.8,2,False,,,,
1897,0.8,2,False,,,,
1898,0.8,2,False,,,,
1899,0.8,2,False,,,,
1900,0.9,1,False,,,,
1901,0.9,1,False,,,,
1902,0.9,1,False,,,,
1903,0.8,2,False,,,,
1904,0.8,2,False,,,,
1905,0.4,6,True,0.24888888888888888,0.3333333333333333,0.08613531161467847,1.9182958340544893
1906,0.3,7,True,0.21904761904761905,0.2857142857142857,0.05731928518273999,2.521640636343318
1907,0.3,7,True,0.2698412698412698,0.42857142857142855,0.08279110672080625,2.1280852788913944
1908,0.1,9,True,0.25,0.3333333333333333,0.032511235116438386,1.974937501201927
1909,0.1,9,True,0.37592592592592594,0.4444444444444444,0.10175559829607284,2.058813890331201
1910,0.8,2,False,,,,
1911,0.8,2,False,,,,
1912,0.8,2,False,,,,
1913,0.0,10,True,0.2711111111111111,0.4,0.08613531161467869,2.121928094887362
1914,0.0,10,True,0.48592592592592593,0.8,0.41832813428211324,0.9219280948873623
1915,0.0,10,True,0.31703703703703706,0.4,0.07678032766449228,1.8464393446710154
1916,0.0,10,True,0.4014814814814815,0.7,0.27015330083790245,1.1567796494470395
1917,0.0,10,True,0.4488888888888889,0.5,0.1572623513863327,1.6854752972273346
1918,0.0,10,True,0.2533333333333333,0.3,0.0573192851827401,2.6464393446710153
1919,0.1,9,True,0.28518518518518515,0.4444444444444444,0.10175559829607284,2.058813890331201
1920,0.1,9,True,0.5333333333333333,1.0,0.5310044064107188,0.0
1921,0.1,9,True,0.7185185185185186,0.8888888888888888,0.41832813428211324,0.5032583347756457
1922,0.1,9,True,0.548148148148148,0.8888888888888888,0.41832813428211324,0.5032583347756457
1923,0.1,9,True,0.4814814814814815,0.7777777777777778,0.27015330083790245,0.7642045065086203
1924,0.9,1,False,,,,
1925,0.9,1,False,,,,
1926,0.9,1,False,,,,
1927,0.9,1,False,,,,
1928,1.0,0,False,,,,
1929,1.0,0,False,,,,
1930,1.0,0,False,,,,
1931,1.0,0,False,,,,
1932,1.0,0,False,,,,
1933,1.0,0,False,,,,
1934,0.9,1,False,,,,
1935,0.9,1,False,,,,
1936,0.9,1,False,,,,
1937,0.9,1,False,,,,
1938,0.9,1,False,,,,
1939,0.9,1,False,,,,
1940,0.9,1,False,,,,
1941,0.9,1,False,,,,
1942,0.9,1,False,,,,
1943,0.0,10,True,0.3422222222222222,0.6,0.21452470277266567,1.5709505944546687
1944,0.0,10,True,0.3570370370370371,0.4,0.13903595255631884,1.7219280948873623
1945,0.0,10,True,0.38222222222222224,0.4,0.08613531161467869,2.121928094887362
1946,0.0,10,True,0.5866666666666667,0.9,0.5310044064107188,0.4689955935892812
1947,0.0,10,True,0.2637037037037037,0.3,0.05358807178498537,2.4464393446710155
1948,0.0,10,True,0.2637037037037037,0.2,0.024385036849164488,2.5219280948873624
1949,0.0,10,True,0.48592592592592593,0.8,0.41832813428211324,0.9219280948873623
1950,0.0,10,True,0.36000000000000004,0.7,0.32161017527648017,1.3567796494470397
1951,0.0,10,True,0.362962962962963,0.7,0.32161017527648017,1.3567796494470397
1952,0.0,10,True,0.2711111111111111,0.2,0.024385036849164488,2.5219280948873624
1953,0.0,10,True,0.3037037037037037,0.3,0.05358807178498548,2.446439344671015
1954,0.6,4,False,,,,
1955,0.4,6,True,0.24888888888888888,0.3333333333333333,0.08613531161467847,1.9182958340544893
1956,0.0,10,True,0.29629629629629634,0.4,0.08613531161467869,2.121928094887362
1957,0.0,10,True,0.18962962962962965,0.2,0.015141338212453448,3.121928094887362
1958,0.0,10,True,0.44592592592592595,0.6,0.13502647928207268,1.3709505944546687
1959,0.0,10,True,0.2948148148148148,0.3,0.05358807178498537,2.4464393446710155
1960,0.0,10,True,0.24592592592592594,0.3,0.0573192851827401,2.6464393446710153
1961,0.0,10,True,0.4533333333333333,0.9,0.5310044064107188,0.4689955935892812
1962,0.0,10,True,0.31851851851851853,0.5,0.15545875354128547,1.9609640474436814
1963,0.0,10,True,0.5096296296296295,0.7,0.32161017527648017,1.3567796494470397
1964,0.0,10,True,0.25037037037037035,0.3,0.05358807178498537,2.4464393446710155
1965,0.0,10,True,0.3244444444444445,0.5,0.11951797627815941,1.7609640474436812
1966,0.0,10,True,0.3377777777777778,0.5,0.15545875354128547,1.9609640474436814
1967,0.0,10,True,0.22074074074074074,0.1,0.0,3.321928094887362
1968,0.0,10,True,0.24296296296296296,0.4,0.10167108723147944,2.5219280948873624
1969,0.0,10,True,0.20888888888888887,0.3,0.05118688510966152,2.8464393446710154
1970,0.0,10,True,0.34814814814814815,0.6,0.21452470277266567,1.5709505944546687
1971,0.1,9,True,0.18888888888888886,0.2222222222222222,0.015141338212453448,2.94770277922009
1972,0.1,9,True,0.22222222222222224,0.2222222222222222,0.015141338212453448,2.94770277922009
1973,0.1,9,True,0.47407407407407404,0.8888888888888888,0.41832813428211324,0.5032583347756457
1974,0.1,9,True,0.2185185185185185,0.2222222222222222,0.02602396837087928,2.725480556997868
1975,0.1,9,True,0.22962962962962966,0.2222222222222222,0.015141338212453448,2.94770277922009
1976,0.1,9,True,0.5074074074074074,0.7777777777777778,0.27015330083790245,0.7642045065086203
1977,0.1,9,True,0.387037037037037,0.5555555555555556,0.15545875354128547,1.6577427265048887
1978,0.1,9,True,0.32592592592592595,0.5555555555555556,0.16402499191349473,1.8799649487271108
1979,0.1,9,True,0.2925925925925926,0.4444444444444444,0.10167108723147944,2.2810361125534233
1980,0.0,10,True,0.24592592592592594,0.2,0.030429649809874948,2.7219280948873625
1981,0.0,10,True,0.39111111111111113,0.8,0.41832813428211324,0.9219280948873623
1982,0.0,10,True,0.5466666666666666,0.9,0.5310044064107188,0.4689955935892812
1983,0.0,10,True,0.22518518518518518,0.2,0.03042964980987506,2.721928094887362
1984,0.0,10,True,0.20888888888888887,0.3,0.05118688510966152,2.8464393446710154
1985,0.0,10,True,0.26666666666666666,0.3,0.05358807178498537,2.4464393446710155
1986,0.0,10,True,0.36592592592592593,0.4,0.08613531161467847,2.1219280948873624
1987,0.0,10,True,0.3333333333333333,0.4,0.11864654673111685,2.0464393446710156
1988,0.0,10,True,0.38962962962962966,0.6,0.21452470277266567,1.5709505944546687
1989,0.1,9,True,0.2907407407407407,0.3333333333333333,0.0573192851827401,2.4193819456463714
1990,0.5,5,True,0.24000000000000002,0.2,0.16402499191349473,2.321928094887362
1991,0.9,1,False,,,,
1992,1.0,0,False,,,,
1993,0.9,1,False,,,,
1994,0.8,2,False,,,,
1995,0.8,2,False,,,,
1996,0.7,3,False,,,,
1997,0.3,7,True,0.2761904761904762,0.42857142857142855,0.08279110672080625,2.1280852788913944
1998,0.0,10,True,0.4444444444444444,0.7,0.27015330083790245,1.1567796494470395
1999,0.0,10,True,0.41037037037037033,0.4,0.13903595255631884,1.7219280948873623
2000,0.0,10,True,0.28296296296296297,0.2,0.03042964980987506,2.721928094887362
2001,0.0,10,True,0.24296296296296296,0.3,0.05118688510966152,2.8464393446710154
2002,0.0,10,True,0.4266666666666667,0.6,0.21452470277266567,1.5709505944546687
2003,0.0,10,True,0.44296296296296295,0.8,0.41832813428211324,0.9219280948873623
2004,0.0,10,True,0.4325925925925926,0.7,0.27015330083790245,1.1567796494470395
2005,0.0,10,True,0.30666666666666664,0.5,0.11951797627815941,1.7609640474436812
2006,0.0,10,True,0.3437037037037037,0.7,0.32161017527648017,1.3567796494470397
2007,0.0,10,True,0.5496296296296296,0.8,0.41832813428211324,0.9219280948873623
2008,0.0,10,True,0.40444444444444444,0.7,0.32161017527648017,1.3567796494470397
2009,0.0,10,True,0.42814814814814817,0.7,0.32161017527648017,1.3567796494470397
2010,0.0,10,True,0.5066666666666666,0.9,0.5310044064107188,0.4689955935892812
2011,0.0,10,True,0.3718518518518518,0.6,0.23729309346223382,1.7709505944546688
2012,0.0,10,True,0.30666666666666664,0.4,0.13903595255631884,1.7219280948873623
2013,0.0,10,True,0.46222222222222226,0.8,0.2780719051126377,0.7219280948873623
2014,0.0,10,True,0.40444444444444444,0.8,0.41832813428211324,0.9219280948873623
2015,0.0,10,True,0.26666666666666666,0.4,0.10175559829607284,2.321928094887362
2016,0.0,10,True,0.38814814814814813,0.5,0.15545875354128547,1.9609640474436814
2017,0.9,1,False,,,,
2018,0.0,10,True,0.7466666666666666,0.9,0.5310044064107188,0.4689955935892812
2019,0.0,10,True,0.52,0.9,0.5310044064107188,0.4689955935892812
2020,0.0,10,True,0.4533333333333333,0.9,0.5310044064107188,0.4689955935892812
2021,0.0,10,True,0.3940740740740741,0.4,0.13903595255631884,1.7219280948873623
2022,0.0,10,True,0.39851851851851855,0.7,0.32161017527648017,1.3567796494470397
2023,0.0,10,True,0.4192592592592593,0.6,0.23729309346223382,1.7709505944546688
2024,0.0,10,True,0.37481481481481477,0.6,0.23729309346223382,1.7709505944546688
2025,0.0,10,True,0.37481481481481477,0.4,0.11864654673111685,2.0464393446710156
2026,0.0,10,True,0.4414814814814815,0.4,0.13903595255631884,1.7219280948873623
2027,0.0,10,True,0.3214814814814815,0.5,0.15545875354128547,1.9609640474436814
2028,0.0,10,True,0.3037037037037037,0.3,0.05358807178498537,2.4464393446710155
2029,0.0,10,True,0.30074074074074075,0.4,0.10175559829607284,2.321928094887362
2030,0.9,1,False,,,,
2031,0.9,1,False,,,,
2032,0.9,1,False,,,,
2033,0.8,2,False,,,,
2034,0.0,10,True,0.20888888888888887,0.2,0.015141338212453448,3.121928094887362
2035,0.0,10,True,0.42962962962962964,0.8,0.41832813428211324,0.9219280948873623
2036,0.0,10,True,0.36592592592592593,0.6,0.13502647928207268,1.3709505944546687
2037,0.0,10,True,0.29333333333333333,0.4,0.10175559829607272,2.3219280948873626
2038,0.0,10,True,0.4325925925925926,0.6,0.21452470277266567,1.5709505944546687
2039,0.0,10,True,0.4325925925925926,0.7,0.27015330083790245,1.1567796494470395
2040,0.0,10,True,0.45037037037037037,0.7,0.27015330083790245,1.1567796494470395
2041,0.0,10,True,0.4666666666666667,0.6,0.21452470277266567,1.5709505944546687
2042,0.0,10,True,0.5807407407407408,0.8,0.41832813428211324,0.9219280948873623
2043,0.0,10,True,0.2577777777777778,0.3,0.0573192851827401,2.6464393446710153
2044,0.0,10,True,0.3674074074074074,0.5,0.15545875354128547,1.9609640474436814
2045,0.9,1,False,,,,
2046,0.9,1,False,,,,
2047,0.9,1,False,,,,
2048,0.9,1,False,,,,
2049,0.8,2,False,,,,
2050,0.8,2,False,,,,
2051,0.8,2,False,,,,
2052,0.8,2,False,,,,
2053,0.7,3,False,,,,
2054,0.7,3,False,,,,
2055,0.7,3,False,,,,
2056,0.7,3,False,,,,
2057,0.7,3,False,,,,
2058,0.7,3,False,,,,
2059,0.7,3,False,,,,
2060,0.7,3,False,,,,
2061,0.7,3,False,,,,
2062,0.7,3,False,,,,
2063,0.7,3,False,,,,
2064,0.7,3,False,,,,
2065,0.7,3,False,,,,
2066,0.7,3,False,,,,
2067,0.8,2,False,,,,
2068,0.8,2,False,,,,
2069,0.8,2,False,,,,
2070,0.8,2,False,,,,
2071,0.8,2,False,,,,
2072,0.8,2,False,,,,
2073,0.8,2,False,,,,
2074,0.8,2,False,,,,
2075,0.8,2,False,,,,
2076,0.9,1,False,,,,
2077,0.9,1,False,,,,
2078,0.9,1,False,,,,
2079,0.9,1,False,,,,
2080,0.9,1,False,,,,
2081,0.9,1,False,,,,
2082,0.9,1,False,,,,
2083,0.9,1,False,,,,
2084,0.9,1,False,,,,
2085,0.9,1,False,,,,
2086,0.9,1,False,,,,
2087,0.9,1,False,,,,
2088,0.9,1,False,,,,
2089,0.9,1,False,,,,
2090,0.9,1,False,,,,
2091,0.9,1,False,,,,
2092,0.9,1,False,,,,
2093,0.9,1,False,,,,
2094,0.9,1,False,,,,
2095,0.9,1,False,,,,
2096,0.9,1,False,,,,
2097,0.9,1,False,,,,
2098,0.9,1,False,,,,
2099,0.9,1,False,,,,
2100,0.9,1,False,,,,
2101,0.9,1,False,,,,
2102,0.9,1,False,,,,
2103,0.9,1,False,,,,
2104,0.9,1,False,,,,
2105,0.9,1,False,,,,
2106,0.9,1,False,,,,
2107,0.9,1,False,,,,
2108,0.9,1,False,,,,
2109,0.9,1,False,,,,
2110,0.9,1,False,,,,
2111,0.9,1,False,,,,
2112,0.9,1,False,,,,
2113,0.2,8,True,0.33095238095238094,0.375,0.032511235116438164,1.9056390622295665
2114,0.2,8,True,0.6666666666666666,0.875,0.27015330083790245,0.5435644431995964
2115,0.2,8,True,0.49523809523809526,0.75,0.21452470277266567,1.061278124459133
2116,0.2,8,True,0.6,0.875,0.27015330083790245,0.5435644431995964
2117,0.2,8,True,0.6666666666666666,0.875,0.27015330083790245,0.5435644431995964
2118,0.2,8,True,0.6666666666666666,1.0,0.2780719051126377,0.0
2119,0.2,8,True,0.6666666666666666,1.0,0.2780719051126377,0.0
2120,0.2,8,True,0.5333333333333333,1.0,0.2780719051126377,0.0
2121,0.2,8,True,0.4666666666666667,0.875,0.27015330083790245,0.5435644431995964
2122,0.2,8,True,0.6,1.0,0.2780719051126377,0.0
2123,0.2,8,True,0.26904761904761904,0.375,0.05358807178498537,2.1556390622295662
2124,0.2,8,True,0.5,0.875,0.27015330083790245,0.5435644431995964
2125,0.2,8,True,0.5,0.875,0.27015330083790245,0.5435644431995964
2126,0.2,8,True,0.3880952380952381,0.5,0.07678032766449228,1.4056390622295665
2127,0.2,8,True,0.6,1.0,0.2780719051126377,0.0
2128,0.2,8,True,0.3428571428571428,0.5,0.08613531161467847,1.75
2129,0.2,8,True,0.6,1.0,0.2780719051126377,0.0
2130,0.2,8,True,0.4714285714285714,0.75,0.21452470277266567,1.061278124459133
2131,0.2,8,True,0.36428571428571427,0.625,0.15545875354128547,1.5487949406953985
2132,0.2,8,True,0.5095238095238095,0.75,0.21452470277266567,1.061278124459133
2133,0.2,8,True,0.4666666666666667,0.875,0.27015330083790245,0.5435644431995964
2134,0.2,8,True,0.4095238095238095,0.625,0.15545875354128547,1.5487949406953985
2135,0.2,8,True,0.4166666666666667,0.625,0.15545875354128547,1.5487949406953985
2136,0.2,8,True,0.4357142857142857,0.625,0.11951797627815941,1.2987949406953985
2137,0.1,9,True,0.4351851851851852,0.7777777777777778,0.32161017527648017,0.9864267287308424
2138,0.1,9,True,0.24814814814814815,0.2222222222222222,0.02602396837087928,2.725480556997868
2139,0.1,9,True,0.437037037037037,0.7777777777777778,0.32161017527648017,0.9864267287308424
2140,0.1,9,True,0.3888888888888889,0.4444444444444444,0.11864654673111685,1.7527152789797045
2141,0.1,9,True,0.20185185185185184,0.2222222222222222,0.030429649809874948,2.503258334775646
2142,0.1,9,True,0.29444444444444445,0.5555555555555556,0.15545875354128547,1.6577427265048887
2143,0.1,9,True,0.44814814814814813,0.7777777777777778,0.32161017527648017,0.9864267287308424
2144,0.1,9,True,0.5333333333333333,1.0,0.5310044064107188,0.0
2145,0.1,9,True,0.2574074074074074,0.3333333333333333,0.06502247023287666,1.8910611120726526
2146,0.1,9,True,0.25925925925925924,0.2222222222222222,0.03042964980987506,2.5032583347756456
2147,0.1,9,True,0.4037037037037037,0.6666666666666666,0.23729309346223382,1.4466166676282082
2148,0.1,9,True,0.5722222222222222,0.6666666666666666,0.1826545778534897,0.9182958340544896
2149,0.1,9,True,0.312962962962963,0.3333333333333333,0.0573192851827401,2.4193819456463714
2150,0.1,9,True,0.37037037037037035,0.4444444444444444,0.10175559829607284,2.058813890331201
2151,0.1,9,True,0.32407407407407407,0.3333333333333333,0.0573192851827401,2.4193819456463714
2152,0.1,9,True,0.24259259259259258,0.2222222222222222,0.03042964980987506,2.5032583347756456
2153,0.1,9,True,0.2685185185185185,0.3333333333333333,0.0573192851827401,2.4193819456463714
2154,0.1,9,True,0.3351851851851852,0.3333333333333333,0.05358807178498537,2.197159723424149
2155,0.1,9,True,0.3092592592592593,0.4444444444444444,0.10175559829607284,2.058813890331201
2156,0.2,8,True,0.25952380952380955,0.375,0.05358807178498548,2.1556390622295662
2157,0.3,7,True,0.23492063492063492,0.2857142857142857,0.05358807178498548,2.2359263506290326
2158,0.2,8,True,0.35,0.625,0.11951797627815941,1.2987949406953985
2159,0.4,6,True,0.22666666666666666,0.3333333333333333,0.10175559829607272,2.2516291673878226
2160,0.9,1,False,,,,
2161,0.2,8,True,0.29047619047619044,0.375,0.032511235116438386,1.9056390622295665
2162,0.2,8,True,0.3357142857142857,0.375,0.032511235116438386,1.9056390622295665
2163,0.1,9,True,0.3944444444444445,0.5555555555555556,0.15545875354128547,1.6577427265048887
2164,0.1,9,True,0.24259259259259258,0.2222222222222222,0.02602396837087928,2.725480556997868
2165,0.1,9,True,0.3888888888888889,0.6666666666666666,0.21452470277266567,1.224394445405986
2166,0.1,9,True,0.4074074074074074,0.4444444444444444,0.11864654673111685,1.7527152789797045
2167,0.1,9,True,0.28518518518518515,0.4444444444444444,0.10167108723147944,2.2810361125534233
2168,0.1,9,True,0.4703703703703704,0.6666666666666666,0.21452470277266567,1.224394445405986
2169,0.1,9,True,0.19444444444444448,0.2222222222222222,0.02602396837087928,2.725480556997868
2170,0.1,9,True,0.2796296296296296,0.3333333333333333,0.05358807178498548,2.197159723424149
2171,0.1,9,True,0.3648148148148148,0.5555555555555556,0.15545875354128547,1.6577427265048887
2172,0.1,9,True,0.5222222222222223,0.7777777777777778,0.27015330083790245,0.7642045065086203
2173,0.1,9,True,0.4407407407407407,0.7777777777777778,0.32161017527648017,0.9864267287308424
2174,0.1,9,True,0.5333333333333333,1.0,0.5310044064107188,0.0
2175,0.1,9,True,0.5333333333333333,1.0,0.5310044064107188,0.0
2176,0.1,9,True,0.34444444444444444,0.5555555555555556,0.15545875354128547,1.6577427265048887
2177,0.1,9,True,0.4185185185185185,0.7777777777777778,0.32161017527648017,0.9864267287308424
2178,0.9,1,False,,,,
2179,0.9,1,False,,,,
2180,0.9,1,False,,,,
2181,0.9,1,False,,,,
2182,0.9,1,False,,,,
2183,0.9,1,False,,,,
2184,0.9,1,False,,,,
2185,0.9,1,False,,,,
2186,0.9,1,False,,,,
2187,0.9,1,False,,,,
2188,0.9,1,False,,,,
2189,0.9,1,False,,,,
2190,0.9,1,False,,,,
2191,0.9,1,False,,,,
2192,0.9,1,False,,,,
2193,0.9,1,False,,,,
2194,0.9,1,False,,,,
2195,0.9,1,False,,,,
2196,0.9,1,False,,,,
2197,0.9,1,False,,,,
2198,0.9,1,False,,,,
2199,0.9,1,False,,,,
2200,0.9,1,False,,,,
2201,0.9,1,False,,,,
2202,0.9,1,False,,,,
2203,0.9,1,False,,,,
2204,0.9,1,False,,,,
2205,0.9,1,False,,,,
2206,0.9,1,False,,,,
2207,0.9,1,False,,,,
2208,0.9,1,False,,,,
2209,0.9,1,False,,,,
2210,0.9,1,False,,,,
2211,0.9,1,False,,,,
2212,0.9,1,False,,,,
2213,0.9,1,False,,,,
2214,0.9,1,False,,,,
2215,0.9,1,False,,,,
2216,0.9,1,False,,,,
2217,0.9,1,False,,,,
2218,0.9,1,False,,,,
2219,0.9,1,False,,,,
2220,0.9,1,False,,,,
2221,0.9,1,False,,,,
2222,0.9,1,False,,,,
2223,0.9,1,False,,,,
2224,0.9,1,False,,,,
2225,0.9,1,False,,,,
2226,0.9,1,False,,,,
2227,0.9,1,False,,,,
2228,0.9,1,False,,,,
2229,0.9,1,False,,,,
2230,0.9,1,False,,,,
2231,0.9,1,False,,,,
2232,0.9,1,False,,,,
2233,0.9,1,False,,,,
2234,0.9,1,False,,,,
2235,0.9,1,False,,,,
2236,0.9,1,False,,,,
2237,0.9,1,False,,,,
2238,0.9,1,False,,,,
2239,0.9,1,False,,,,
2240,0.9,1,False,,,,
2241,0.9,1,False,,,,
2242,0.9,1,False,,,,
2243,0.9,1,False,,,,
2244,0.9,1,False,,,,
2245,0.9,1,False,,,,
2246,0.9,1,False,,,,
2247,0.9,1,False,,,,
2248,0.9,1,False,,,,
2249,0.9,1,False,,,,
2250,0.9,1,False,,,,
2251,0.9,1,False,,,,
2252,0.9,1,False,,,,
2253,0.9,1,False,,,,
2254,0.9,1,False,,,,
2255,0.9,1,False,,,,
2256,0.9,1,False,,,,
2257,0.9,1,False,,,,
2258,0.9,1,False,,,,
2259,0.9,1,False,,,,
2260,0.9,1,False,,,,
2261,0.9,1,False,,,,
2262,0.9,1,False,,,,
2263,0.9,1,False,,,,
2264,0.9,1,False,,,,
2265,0.9,1,False,,,,
2266,0.9,1,False,,,,
2267,0.9,1,False,,,,
2268,0.9,1,False,,,,
2269,0.9,1,False,,,,
2270,0.9,1,False,,,,
2271,0.9,1,False,,,,
2272,0.9,1,False,,,,
2273,0.9,1,False,,,,
2274,0.8,2,False,,,,
2275,0.1,9,True,0.4703703703703704,0.7777777777777778,0.32161017527648017,0.9864267287308424
2276,0.1,9,True,0.3277777777777778,0.5555555555555556,0.15545875354128547,1.6577427265048887
2277,0.1,9,True,0.34444444444444444,0.6666666666666666,0.23729309346223382,1.4466166676282082
2278,0.1,9,True,0.33888888888888885,0.4444444444444444,0.11864654673111685,1.7527152789797045
2279,0.1,9,True,0.5037037037037037,0.7777777777777778,0.32161017527648017,0.9864267287308424
2280,0.1,9,True,0.5333333333333333,0.8888888888888888,0.41832813428211324,0.5032583347756457
2281,0.1,9,True,0.34074074074074073,0.5555555555555556,0.15545875354128547,1.6577427265048887
2282,0.1,9,True,0.42037037037037034,0.7777777777777778,0.32161017527648017,0.9864267287308424
2283,0.1,9,True,0.2796296296296296,0.3333333333333333,0.08279110672080625,2.113283334294875
2284,0.1,9,True,0.3277777777777778,0.4444444444444444,0.10175559829607284,2.058813890331201
2285,0.1,9,True,0.5555555555555555,0.8888888888888888,0.41832813428211324,0.5032583347756457
2286,0.1,9,True,0.3277777777777778,0.5555555555555556,0.15545875354128547,1.6577427265048887
2287,0.1,9,True,0.5111111111111111,0.8888888888888888,0.41832813428211324,0.5032583347756457
2288,0.1,9,True,0.2796296296296296,0.3333333333333333,0.08279110672080625,2.113283334294875
2289,0.1,9,True,0.3777777777777778,0.6666666666666666,0.23729309346223382,1.4466166676282082
2290,0.1,9,True,0.4962962962962963,0.5555555555555556,0.14132728892674484,0.9910760598382222
2291,0.1,9,True,0.3314814814814815,0.4444444444444444,0.08613531161467847,1.836591668108979
2292,0.1,9,True,0.29629629629629634,0.4444444444444444,0.10175559829607284,2.0588138903312014
2293,0.1,9,True,0.4148148148148148,0.6666666666666666,0.23729309346223382,1.4466166676282082
2294,0.1,9,True,0.5203703703703704,0.7777777777777778,0.32161017527648017,0.9864267287308424
2295,0.1,9,True,0.48888888888888893,0.5555555555555556,0.14132728892674484,0.9910760598382222
2296,0.1,9,True,0.3314814814814815,0.5555555555555556,0.15545875354128547,1.6577427265048887
2297,0.1,9,True,0.5777777777777778,0.8888888888888888,0.41832813428211324,0.5032583347756457
2298,0.1,9,True,0.5074074074074074,0.7777777777777778,0.27015330083790245,0.7642045065086203
2299,0.1,9,True,0.22592592592592592,0.4444444444444444,0.10167108723147944,2.2810361125534233
2300,0.1,9,True,0.6666666666666666,1.0,0.5310044064107188,0.0
2301,0.1,9,True,0.4185185185185185,0.7777777777777778,0.32161017527648017,0.9864267287308424
2302,0.1,9,True,0.3222222222222222,0.2222222222222222,0.024385036849164488,2.2810361125534238
2303,0.1,9,True,0.29629629629629634,0.4444444444444444,0.10167108723147944,2.2810361125534233
2304,0.1,9,True,0.2777777777777778,0.4444444444444444,0.10167108723147944,2.2810361125534233
2305,0.1,9,True,0.17592592592592593,0.2222222222222222,0.02602396837087928,2.725480556997868
2306,0.1,9,True,0.3037037037037037,0.4444444444444444,0.10175559829607284,2.058813890331201
2307,0.8,2,False,,,,
2308,0.4,6,True,0.21777777777777776,0.3333333333333333,0.08613531161467847,1.9182958340544893
2309,0.4,6,True,0.2711111111111111,0.5,0.11864654673111708,1.7924812503605778
2310,0.2,8,True,0.24285714285714285,0.25,0.02602396837087928,2.75
2311,0.2,8,True,0.4714285714285714,0.625,0.11951797627815941,1.2987949406953985
2312,0.2,8,True,0.2619047619047619,0.375,0.05358807178498537,2.1556390622295662
2313,0.2,8,True,0.20476190476190476,0.25,0.02602396837087928,2.75
2314,0.2,8,True,0.2714285714285714,0.5,0.10175559829607272,2.0
2315,0.2,8,True,0.39047619047619053,0.625,0.11951797627815941,1.2987949406953985
2316,0.2,8,True,0.7333333333333333,1.0,0.2780719051126377,0.0
2317,0.1,9,True,0.43333333333333335,0.6666666666666666,0.21452470277266567,1.224394445405986
2318,0.1,9,True,0.312962962962963,0.5555555555555556,0.16402499191349473,1.8799649487271108
2319,0.1,9,True,0.4814814814814815,0.7777777777777778,0.27015330083790245,0.7642045065086203
2320,0.1,9,True,0.20925925925925926,0.2222222222222222,0.03042964980987506,2.5032583347756456
2321,0.1,9,True,0.6222222222222221,0.8888888888888888,0.41832813428211324,0.5032583347756457
2322,0.1,9,True,0.5333333333333333,1.0,0.5310044064107188,0.0
2323,0.1,9,True,0.4962962962962963,0.8888888888888888,0.41832813428211324,0.5032583347756457
2324,0.1,9,True,0.5,0.6666666666666666,0.1826545778534897,0.9182958340544896
2325,0.1,9,True,0.4037037037037037,0.7777777777777778,0.27015330083790245,0.7642045065086203
2326,0.9,1,False,,,,
2327,0.1,9,True,0.2537037037037037,0.2222222222222222,0.02602396837087928,2.725480556997868
2328,0.1,9,True,0.5111111111111111,0.8888888888888888,0.41832813428211324,0.5032583347756457
2329,0.1,9,True,0.5777777777777778,0.8888888888888888,0.41832813428211324,0.5032583347756457
2330,0.1,9,True,0.3722222222222222,0.4444444444444444,0.11864654673111685,1.7527152789797045
2331,0.1,9,True,0.24074074074074076,0.3333333333333333,0.05118688510966152,2.6416041678685933
2332,0.1,9,True,0.5555555555555555,0.8888888888888888,0.41832813428211324,0.5032583347756457
2333,0.1,9,True,0.48888888888888893,0.8888888888888888,0.41832813428211324,0.5032583347756457
2334,0.1,9,True,0.3851851851851852,0.4444444444444444,0.11864654673111685,1.7527152789797045
2335,0.1,9,True,0.362962962962963,0.5555555555555556,0.15545875354128547,1.6577427265048887
2336,0.1,9,True,0.3611111111111111,0.6666666666666666,0.21452470277266567,1.224394445405986
2337,0.1,9,True,0.6666666666666666,1.0,0.5310044064107188,0.0
2338,0.1,9,True,0.4425925925925926,0.7777777777777778,0.32161017527648017,0.9864267287308424
2339,0.1,9,True,0.34444444444444444,0.4444444444444444,0.11864654673111685,1.7527152789797045
2340,0.1,9,True,0.2814814814814815,0.3333333333333333,0.08279110672080625,2.113283334294875
2341,0.1,9,True,0.4962962962962963,0.5555555555555556,0.14132728892674484,0.9910760598382222
2342,0.1,9,True,0.3611111111111111,0.5555555555555556,0.15545875354128547,1.6577427265048887
2343,0.1,9,True,0.3222222222222222,0.3333333333333333,0.0573192851827401,2.4193819456463714
2344,0.1,9,True,0.4685185185185185,0.5555555555555556,0.1572623513863327,1.3516441151533922
2345,0.1,9,True,0.46296296296296297,0.7777777777777778,0.32161017527648017,0.9864267287308424
2346,0.1,9,True,0.4407407407407407,0.5555555555555556,0.15545875354128547,1.6577427265048887
2347,0.1,9,True,0.362962962962963,0.4444444444444444,0.11864654673111685,1.7527152789797045
2348,0.1,9,True,0.25,0.3333333333333333,0.05358807178498537,2.1971597234241496
2349,0.1,9,True,0.4,0.4444444444444444,0.13903595255631884,1.3921472236645345
2350,0.1,9,True,0.24444444444444444,0.2222222222222222,0.02602396837087928,2.725480556997868
2351,0.1,9,True,0.2574074074074074,0.3333333333333333,0.08279110672080625,2.113283334294875
2352,0.1,9,True,0.24259259259259258,0.3333333333333333,0.0573192851827401,2.4193819456463714
2353,0.1,9,True,0.4074074074074074,0.6666666666666666,0.23729309346223382,1.4466166676282082
2354,0.1,9,True,0.2537037037037037,0.4444444444444444,0.10175559829607272,2.0588138903312014
2355,0.2,8,True,0.3333333333333333,0.5,0.10175559829607284,2.0
2356,0.1,9,True,0.3111111111111111,0.3333333333333333,0.0573192851827401,2.4193819456463714
2357,0.1,9,True,0.3037037037037037,0.4444444444444444,0.10167108723147944,2.2810361125534233
2358,0.1,9,True,0.27592592592592596,0.3333333333333333,0.0573192851827401,2.4193819456463714
2359,0.1,9,True,0.3537037037037037,0.5555555555555556,0.15545875354128547,1.6577427265048887
2360,0.1,9,True,0.26666666666666666,0.3333333333333333,0.05731928518273999,2.4193819456463714
2361,0.1,9,True,1.0,1.0,0.5310044064107188,0.0
2362,0.1,9,True,0.27592592592592596,0.4444444444444444,0.10167108723147944,2.2810361125534233
2363,0.1,9,True,0.7333333333333333,1.0,0.5310044064107188,0.0
2364,0.1,9,True,0.3925925925925926,0.7777777777777778,0.32161017527648017,0.9864267287308424
2365,0.1,9,True,0.2685185185185185,0.2222222222222222,0.03042964980987506,2.5032583347756456
2366,0.1,9,True,0.34444444444444444,0.4444444444444444,0.13903595255631884,1.3921472236645345
2367,0.1,9,True,0.674074074074074,0.8888888888888888,0.41832813428211324,0.5032583347756457
2368,0.1,9,True,0.38333333333333336,0.6666666666666666,0.21452470277266567,1.224394445405986
2369,0.1,9,True,0.437037037037037,0.6666666666666666,0.23729309346223382,1.4466166676282082
2370,0.1,9,True,0.48888888888888893,0.8888888888888888,0.41832813428211324,0.5032583347756457
2371,0.1,9,True,0.5333333333333333,1.0,0.5310044064107188,0.0
2372,0.1,9,True,0.32592592592592595,0.6666666666666666,0.23729309346223382,1.4466166676282082
2373,0.1,9,True,0.3888888888888889,0.4444444444444444,0.08613531161467847,1.8365916681089791
2374,0.1,9,True,0.45185185185185184,0.7777777777777778,0.32161017527648017,0.9864267287308424
2375,0.1,9,True,0.3148148148148148,0.5555555555555556,0.16402499191349473,1.8799649487271108
2376,0.2,8,True,0.22142857142857142,0.375,0.05358807178498537,2.1556390622295662
2377,0.1,9,True,0.24444444444444444,0.4444444444444444,0.10167108723147955,2.2810361125534233
2378,0.1,9,True,0.3611111111111111,0.4444444444444444,0.10175559829607272,2.0588138903312014
2379,0.1,9,True,0.2037037037037037,0.2222222222222222,0.015141338212453448,2.94770277922009
2380,0.1,9,True,0.33888888888888885,0.5555555555555556,0.15545875354128547,1.6577427265048887
2381,0.1,9,True,0.30185185185185187,0.4444444444444444,0.08613531161467847,1.836591668108979
2382,0.1,9,True,0.274074074074074,0.2222222222222222,0.03042964980987506,2.5032583347756456
2383,0.1,9,True,0.2351851851851852,0.3333333333333333,0.0573192851827401,2.4193819456463714
2384,0.1,9,True,0.24814814814814815,0.3333333333333333,0.05731928518273999,2.4193819456463714
2385,0.1,9,True,0.24444444444444444,0.4444444444444444,0.10167108723147944,2.2810361125534233
2386,0.1,9,True,0.2555555555555556,0.4444444444444444,0.10175559829607284,2.058813890331201
2387,0.1,9,True,0.23703703703703702,0.3333333333333333,0.05731928518273999,2.4193819456463714
2388,0.1,9,True,0.26666666666666666,0.3333333333333333,0.0573192851827401,2.4193819456463714
2389,0.1,9,True,0.28518518518518515,0.5555555555555556,0.16402499191349473,1.8799649487271108
2390,0.7,3,False,,,,
2391,0.7,3,False,,,,
2392,0.8,2,False,,,,
2393,0.8,2,False,,,,
2394,0.8,2,False,,,,
2395,0.8,2,False,,,,
2396,0.7,3,False,,,,
2397,0.1,9,True,0.32962962962962966,0.3333333333333333,0.06502247023287666,1.8910611120726526
2398,0.1,9,True,0.4444444444444444,0.6666666666666666,0.21452470277266567,1.224394445405986
2399,0.2,8,True,0.36666666666666664,0.625,0.15545875354128547,1.5487949406953985
2400,0.3,7,True,0.31746031746031744,0.42857142857142855,0.08279110672080625,2.128085278891394
2401,0.9,1,False,,,,
2402,0.9,1,False,,,,
2403,0.9,1,False,,,,
2404,0.9,1,False,,,,
2405,0.9,1,False,,,,
2406,0.1,9,True,0.17962962962962964,0.2222222222222222,0.02602396837087928,2.725480556997868
2407,0.1,9,True,0.24259259259259258,0.2222222222222222,0.03042964980987506,2.5032583347756456
2408,0.1,9,True,0.274074074074074,0.3333333333333333,0.08279110672080625,2.113283334294875
2409,0.8,2,False,,,,
2410,0.8,2,False,,,,
2411,0.8,2,False,,,,
2412,0.8,2,False,,,,
2413,0.7,3,False,,,,
2414,0.7,3,False,,,,
2415,0.7,3,False,,,,
2416,0.7,3,False,,,,
2417,0.2,8,True,0.30238095238095236,0.375,0.032511235116438386,1.9056390622295665
2418,0.2,8,True,0.2523809523809524,0.25,0.03042964980987506,2.5
2419,0.3,7,True,0.33968253968253964,0.42857142857142855,0.06502247023287666,1.8423709931771084
2420,0.3,7,True,0.24444444444444444,0.42857142857142855,0.08279110672080625,2.128085278891394
2421,0.5,5,True,0.18666666666666665,0.2,0.16402499191349473,2.321928094887362
2422,0.5,5,True,0.26666666666666666,0.2,0.16402499191349473,2.321928094887362
2423,0.4,6,True,0.23555555555555555,0.3333333333333333,0.08613531161467869,1.9182958340544893
2424,0.3,7,True,0.2920634920634921,0.42857142857142855,0.08279110672080636,2.1280852788913944
2425,0.3,7,True,0.30476190476190473,0.42857142857142855,0.08279110672080636,2.1280852788913944
2426,0.3,7,True,0.35238095238095235,0.42857142857142855,0.06502247023287666,1.8423709931771084
2427,0.3,7,True,0.20952380952380953,0.2857142857142857,0.05358807178498537,2.2359263506290326
2428,0.3,7,True,0.3428571428571428,0.42857142857142855,0.06502247023287666,1.8423709931771084
2429,0.3,7,True,0.326984126984127,0.5714285714285714,0.11864654673111685,1.664497779200461
2430,0.3,7,True,0.26031746031746034,0.2857142857142857,0.0573192851827401,2.5216406363433186
2431,0.6,4,False,,,,
2432,0.6,4,False,,,,
2433,0.3,7,True,0.2285714285714286,0.2857142857142857,0.05358807178498537,2.2359263506290326
2434,0.3,7,True,0.24444444444444444,0.2857142857142857,0.05731928518273999,2.521640636343318
2435,0.3,7,True,0.2507936507936508,0.2857142857142857,0.05358807178498548,2.2359263506290326
2436,0.3,7,True,0.31746031746031744,0.5714285714285714,0.11864654673111708,1.6644977792004614
2437,0.5,5,True,0.16666666666666666,0.2,0.16402499191349473,2.321928094887362
2438,0.8,2,False,,,,
2439,0.8,2,False,,,,
2440,0.8,2,False,,,,
2441,0.7,3,False,,,,
2442,0.7,3,False,,,,
2443,0.7,3,False,,,,
2444,0.8,2,False,,,,
2445,0.8,2,False,,,,
2446,0.8,2,False,,,,
2447,0.9,1,False,,,,
2448,0.9,1,False,,,,
2449,0.9,1,False,,,,
2450,0.9,1,False,,,,
2451,0.9,1,False,,,,
2452,0.7,3,False,,,,
2453,0.5,5,True,0.24000000000000002,0.4,0.15545875354128547,1.9219280948873623
2454,0.5,5,True,0.18666666666666665,0.2,0.16402499191349473,2.321928094887362
2455,0.6,4,False,,,,
2456,0.6,4,False,,,,
2457,0.6,4,False,,,,
2458,0.6,4,False,,,,
2459,0.6,4,False,,,,
2460,0.6,4,False,,,,
2461,0.5,5,True,0.3333333333333333,0.6,0.15726235138633282,1.3709505944546687
2462,0.5,5,True,0.41333333333333333,0.6,0.06276943678387037,0.9709505944546686
2463,0.5,5,True,0.23333333333333334,0.4,0.15545875354128547,1.9219280948873623
2464,0.5,5,True,0.4,0.6,0.15726235138633282,1.3709505944546687
2465,0.5,5,True,0.2866666666666667,0.2,0.16402499191349473,2.321928094887362
2466,0.5,5,True,0.20666666666666667,0.2,0.16402499191349473,2.321928094887362
2467,0.5,5,True,0.29333333333333333,0.4,0.15545875354128547,1.9219280948873623
2468,0.5,5,True,0.38,0.4,0.11951797627815941,1.5219280948873621
2469,0.5,5,True,0.22666666666666666,0.2,0.16402499191349473,2.321928094887362
2470,0.5,5,True,0.33999999999999997,0.6,0.15726235138633282,1.3709505944546687
2471,0.5,5,True,0.3266666666666667,0.4,0.15545875354128547,1.9219280948873623
2472,0.5,5,True,0.26666666666666666,0.2,0.16402499191349473,2.321928094887362
2473,0.6,4,False,,,,
2474,0.7,3,False,,,,
2475,0.8,2,False,,,,
2476,0.8,2,False,,,,
2477,0.9,1,False,,,,
2478,0.8,2,False,,,,
2479,1.0,0,False,,,,
2480,1.0,0,False,,,,
2481,1.0,0,False,,,,
2482,1.0,0,False,,,,
2483,1.0,0,False,,,,
2484,1.0,0,False,,,,
2485,1.0,0,False,,,,
2486,1.0,0,False,,,,
2487,1.0,0,False,,,,
2488,1.0,0,False,,,,
2489,1.0,0,False,,,,
2490,1.0,0,False,,,,
2491,1.0,0,False,,,,
2492,1.0,0,False,,,,
2493,1.0,0,False,,,,
2494,0.8,2,False,,,,
2495,0.8,2,False,,,,
2496,0.8,2,False,,,,
2497,1.0,0,False,,,,
2498,1.0,0,False,,,,
2499,1.0,0,False,,,,
2500,1.0,0,False,,,,
2501,1.0,0,False,,,,
2502,1.0,0,False,,,,
2503,1.0,0,False,,,,
2504,1.0,0,False,,,,
2505,1.0,0,False,,,,
2506,1.0,0,False,,,,
2507,0.7,3,False,,,,
2508,0.7,3,False,,,,
2509,0.7,3,False,,,,
2510,0.7,3,False,,,,
2511,0.7,3,False,,,,
2512,0.7,3,False,,,,
2513,0.7,3,False,,,,
2514,0.7,3,False,,,,
2515,0.7,3,False,,,,
2516,0.7,3,False,,,,
2517,0.7,3,False,,,,
2518,0.7,3,False,,,,
2519,0.7,3,False,,,,
2520,0.7,3,False,,,,
2521,0.7,3,False,,,,
2522,0.7,3,False,,,,
2523,0.7,3,False,,,,
2524,0.7,3,False,,,,
2525,0.7,3,False,,,,
2526,0.7,3,False,,,,
2527,0.7,3,False,,,,
2528,0.7,3,False,,,,
2529,0.7,3,False,,,,
2530,0.7,3,False,,,,
2531,0.8,2,False,,,,
2532,0.9,1,False,,,,
2533,0.9,1,False,,,,
2534,0.9,1,False,,,,
2535,0.8,2,False,,,,
2536,0.8,2,False,,,,
2537,0.8,2,False,,,,
2538,0.7,3,False,,,,
2539,0.7,3,False,,,,
2540,0.7,3,False,,,,
2541,0.7,3,False,,,,
2542,0.7,3,False,,,,
2543,0.7,3,False,,,,
2544,0.7,3,False,,,,
2545,0.7,3,False,,,,
2546,0.9,1,False,,,,
2547,0.9,1,False,,,,
2548,0.9,1,False,,,,
2549,0.9,1,False,,,,
2550,0.9,1,False,,,,
2551,0.7,3,False,,,,
2552,0.7,3,False,,,,
2553,0.7,3,False,,,,
2554,0.9,1,False,,,,
2555,0.9,1,False,,,,
2556,0.9,1,False,,,,
2557,0.9,1,False,,,,
2558,0.9,1,False,,,,
2559,0.9,1,False,,,,
2560,0.9,1,False,,,,
2561,0.9,1,False,,,,
2562,0.9,1,False,,,,
2563,0.7,3,False,,,,
2564,0.7,3,False,,,,
2565,0.7,3,False,,,,
2566,0.7,3,False,,,,
2567,0.7,3,False,,,,
2568,0.6,4,False,,,,
2569,0.6,4,False,,,,
2570,0.8,2,False,,,,
2571,0.8,2,False,,,,
2572,0.8,2,False,,,,
2573,0.9,1,False,,,,
2574,0.9,1,False,,,,
2575,0.7,3,False,,,,
2576,0.8,2,False,,,,
2577,0.9,1,False,,,,
2578,0.9,1,False,,,,
2579,0.9,1,False,,,,
2580,0.9,1,False,,,,
2581,0.9,1,False,,,,
2582,0.9,1,False,,,,
2583,0.9,1,False,,,,
2584,0.8,2,False,,,,
2585,0.7,3,False,,,,
2586,0.7,3,False,,,,
2587,0.7,3,False,,,,
2588,0.7,3,False,,,,
2589,0.9,1,False,,,,
2590,0.7,3,False,,,,
2591,0.7,3,False,,,,
2592,0.7,3,False,,,,
2593,0.8,2,False,,,,
2594,0.7,3,False,,,,
2595,0.7,3,False,,,,
2596,0.7,3,False,,,,
2597,0.7,3,False,,,,
2598,0.6,4,False,,,,
2599,0.6,4,False,,,,
2600,0.6,4,False,,,,
2601,0.6,4,False,,,,
2602,0.6,4,False,,,,
2603,0.6,4,False,,,,
2604,0.6,4,False,,,,
2605,0.6,4,False,,,,
2606,0.6,4,False,,,,
2607,0.6,4,False,,,,
2608,0.6,4,False,,,,
2609,0.6,4,False,,,,
2610,0.6,4,False,,,,
2611,0.6,4,False,,,,
2612,0.6,4,False,,,,
2613,0.6,4,False,,,,
2614,0.6,4,False,,,,
2615,0.6,4,False,,,,
2616,0.6,4,False,,,,
2617,0.6,4,False,,,,
2618,0.6,4,False,,,,
2619,0.6,4,False,,,,
2620,0.6,4,False,,,,
2621,0.6,4,False,,,,
2622,0.6,4,False,,,,
2623,0.6,4,False,,,,
2624,0.6,4,False,,,,
2625,0.6,4,False,,,,
2626,0.6,4,False,,,,
2627,0.6,4,False,,,,
2628,0.6,4,False,,,,
2629,0.6,4,False,,,,
2630,0.6,4,False,,,,
2631,0.6,4,False,,,,
2632,0.8,2,False,,,,
2633,0.8,2,False,,,,
2634,0.8,2,False,,,,
2635,0.9,1,False,,,,
2636,0.9,1,False,,,,
2637,0.9,1,False,,,,
2638,0.9,1,False,,,,
2639,0.9,1,False,,,,
2640,0.9,1,False,,,,
2641,0.9,1,False,,,,
2642,0.9,1,False,,,,
2643,0.9,1,False,,,,
2644,0.6,4,False,,,,
2645,0.6,4,False,,,,
2646,0.6,4,False,,,,
2647,0.6,4,False,,,,
2648,0.6,4,False,,,,
2649,0.6,4,False,,,,
2650,0.6,4,False,,,,
2651,0.6,4,False,,,,
2652,0.6,4,False,,,,
2653,0.6,4,False,,,,
2654,0.6,4,False,,,,
2655,0.6,4,False,,,,
2656,0.6,4,False,,,,
2657,0.6,4,False,,,,
2658,0.6,4,False,,,,
2659,0.7,3,False,,,,
2660,0.7,3,False,,,,
2661,0.7,3,False,,,,
2662,0.7,3,False,,,,
2663,0.7,3,False,,,,
2664,0.7,3,False,,,,
2665,0.7,3,False,,,,
2666,0.7,3,False,,,,
2667,0.9,1,False,,,,
2668,0.9,1,False,,,,
2669,0.9,1,False,,,,
2670,0.9,1,False,,,,
2671,0.9,1,False,,,,
2672,0.9,1,False,,,,
2673,0.9,1,False,,,,
2674,0.7,3,False,,,,
2675,0.7,3,False,,,,
2676,0.7,3,False,,,,
2677,0.7,3,False,,,,
2678,0.7,3,False,,,,
2679,0.7,3,False,,,,
2680,0.7,3,False,,,,
2681,0.7,3,False,,,,
2682,0.7,3,False,,,,
2683,0.7,3,False,,,,
2684,0.7,3,False,,,,
2685,0.7,3,False,,,,
2686,0.7,3,False,,,,
2687,0.6,4,False,,,,
2688,0.7,3,False,,,,
2689,0.7,3,False,,,,
2690,0.7,3,False,,,,
2691,0.7,3,False,,,,
2692,0.7,3,False,,,,
2693,0.7,3,False,,,,
2694,0.7,3,False,,,,
2695,0.7,3,False,,,,
2696,0.6,4,False,,,,
2697,0.6,4,False,,,,
2698,0.6,4,False,,,,
2699,0.6,4,False,,,,
2700,0.6,4,False,,,,
2701,0.7,3,False,,,,
2702,0.7,3,False,,,,
2703,0.7,3,False,,,,
2704,0.7,3,False,,,,
2705,0.8,2,False,,,,
2706,0.8,2,False,,,,
2707,0.8,2,False,,,,
2708,0.9,1,False,,,,
2709,0.9,1,False,,,,
2710,0.9,1,False,,,,
2711,0.9,1,False,,,,
2712,0.8,2,False,,,,
2713,0.8,2,False,,,,
2714,0.8,2,False,,,,
2715,0.8,2,False,,,,
2716,0.8,2,False,,,,
2717,0.8,2,False,,,,
2718,0.8,2,False,,,,
2719,0.8,2,False,,,,
2720,0.8,2,False,,,,
2721,0.8,2,False,,,,
2722,0.8,2,False,,,,
2723,0.9,1,False,,,,
2724,0.9,1,False,,,,
2725,0.9,1,False,,,,
2726,0.9,1,False,,,,
2727,0.9,1,False,,,,
2728,0.9,1,False,,,,
2729,0.9,1,False,,,,
2730,0.9,1,False,,,,
2731,0.9,1,False,,,,
2732,0.9,1,False,,,,
2733,0.9,1,False,,,,
2734,0.9,1,False,,,,
2735,0.9,1,False,,,,
2736,0.9,1,False,,,,
2737,0.9,1,False,,,,
2738,0.9,1,False,,,,
2739,0.9,1,False,,,,
2740,0.9,1,False,,,,
2741,0.9,1,False,,,,
2742,0.9,1,False,,,,
2743,0.9,1,False,,,,
2744,0.9,1,False,,,,
2745,0.9,1,False,,,,
2746,0.9,1,False,,,,
2747,0.9,1,False,,,,
2748,0.9,1,False,,,,
2749,0.9,1,False,,,,
2750,0.9,1,False,,,,
2751,0.9,1,False,,,,
2752,0.9,1,False,,,,
2753,0.9,1,False,,,,
2754,0.9,1,False,,,,
2755,0.9,1,False,,,,
2756,0.9,1,False,,,,
2757,0.9,1,False,,,,
2758,0.9,1,False,,,,
2759,0.9,1,False,,,,
2760,0.9,1,False,,,,
2761,0.9,1,False,,,,
2762,0.9,1,False,,,,
2763,0.9,1,False,,,,
2764,0.9,1,False,,,,
2765,0.9,1,False,,,,
2766,0.9,1,False,,,,
2767,0.9,1,False,,,,
2768,0.9,1,False,,,,
2769,0.9,1,False,,,,
2770,0.9,1,False,,,,
2771,0.9,1,False,,,,
2772,0.9,1,False,,,,
2773,0.9,1,False,,,,
2774,0.9,1,False,,,,
2775,0.9,1,False,,,,
2776,0.9,1,False,,,,
2777,0.9,1,False,,,,
2778,1.0,0,False,,,,
2779,0.9,1,False,,,,
2780,0.9,1,False,,,,
2781,0.9,1,False,,,,
2782,0.9,1,False,,,,
2783,0.9,1,False,,,,
2784,0.9,1,False,,,,
2785,0.9,1,False,,,,
2786,0.9,1,False,,,,
2787,0.9,1,False,,,,
2788,0.9,1,False,,,,
2789,0.9,1,False,,,,
2790,0.9,1,False,,,,
2791,0.9,1,False,,,,
2792,0.9,1,False,,,,
2793,0.9,1,False,,,,
2794,0.9,1,False,,,,
2795,0.9,1,False,,,,
2796,0.9,1,False,,,,
2797,0.9,1,False,,,,
2798,0.9,1,False,,,,
2799,0.9,1,False,,,,
2800,0.9,1,False,,,,
2801,0.9,1,False,,,,
2802,0.9,1,False,,,,
2803,0.9,1,False,,,,
2804,0.9,1,False,,,,
2805,0.9,1,False,,,,
2806,1.0,0,False,,,,
2807,1.0,0,False,,,,
2808,1.0,0,False,,,,
2809,1.0,0,False,,,,
2810,1.0,0,False,,,,
2811,1.0,0,False,,,,
2812,1.0,0,False,,,,
2813,0.9,1,False,,,,
2814,0.9,1,False,,,,
2815,0.9,1,False,,,,
2816,0.9,1,False,,,,
2817,0.9,1,False,,,,
2818,0.9,1,False,,,,
2819,0.9,1,False,,,,
2820,0.9,1,False,,,,
2821,0.9,1,False,,,,
2822,0.9,1,False,,,,
2823,0.9,1,False,,,,
2824,0.9,1,False,,,,
2825,0.9,1,False,,,,
2826,0.9,1,False,,,,
2827,0.9,1,False,,,,
2828,0.9,1,False,,,,
2829,0.9,1,False,,,,
2830,0.9,1,False,,,,
2831,0.9,1,False,,,,
2832,0.9,1,False,,,,
2833,0.9,1,False,,,,
2834,0.9,1,False,,,,
2835,0.9,1,False,,,,
2836,0.9,1,False,,,,
2837,0.9,1,False,,,,
2838,0.9,1,False,,,,
2839,0.9,1,False,,,,
2840,0.9,1,False,,,,
2841,0.9,1,False,,,,
2842,0.9,1,False,,,,
2843,0.9,1,False,,,,
2844,0.9,1,False,,,,
2845,0.9,1,False,,,,
2846,0.9,1,False,,,,
2847,0.9,1,False,,,,
2848,0.9,1,False,,,,
2849,0.9,1,False,,,,
2850,0.9,1,False,,,,
2851,0.9,1,False,,,,
2852,0.9,1,False,,,,
2853,0.9,1,False,,,,
2854,0.9,1,False,,,,
2855,0.9,1,False,,,,
2856,0.9,1,False,,,,
2857,0.9,1,False,,,,
2858,0.9,1,False,,,,
2859,0.9,1,False,,,,
2860,0.9,1,False,,,,
2861,0.9,1,False,,,,
2862,0.9,1,False,,,,
2863,0.9,1,False,,,,
2864,0.9,1,False,,,,
2865,0.9,1,False,,,,
2866,0.9,1,False,,,,
2867,0.9,1,False,,,,
2868,0.9,1,False,,,,
2869,0.9,1,False,,,,
2870,0.9,1,False,,,,
2871,0.9,1,False,,,,
2872,0.9,1,False,,,,
2873,0.9,1,False,,,,
2874,0.9,1,False,,,,
2875,0.9,1,False,,,,
2876,0.9,1,False,,,,
2877,0.9,1,False,,,,
2878,0.9,1,False,,,,
2879,0.9,1,False,,,,
2880,0.9,1,False,,,,
2881,0.9,1,False,,,,
2882,0.9,1,False,,,,
2883,0.9,1,False,,,,
2884,0.9,1,False,,,,
2885,0.9,1,False,,,,
2886,0.9,1,False,,,,
2887,0.9,1,False,,,,
2888,0.9,1,False,,,,
2889,0.9,1,False,,,,
2890,0.9,1,False,,,,
2891,0.9,1,False,,,,
2892,0.9,1,False,,,,
2893,0.9,1,False,,,,
2894,0.9,1,False,,,,
2895,0.9,1,False,,,,
2896,0.9,1,False,,,,
2897,0.9,1,False,,,,
2898,0.9,1,False,,,,
2899,0.9,1,False,,,,
2900,0.9,1,False,,,,
2901,0.9,1,False,,,,
2902,0.9,1,False,,,,
2903,0.9,1,False,,,,
2904,0.9,1,False,,,,
2905,0.9,1,False,,,,
2906,0.9,1,False,,,,
2907,0.9,1,False,,,,
2908,0.9,1,False,,,,
2909,0.9,1,False,,,,
2910,0.9,1,False,,,,
2911,0.9,1,False,,,,
2912,0.9,1,False,,,,
2913,0.9,1,False,,,,
2914,0.9,1,False,,,,
2915,0.9,1,False,,,,
2916,0.9,1,False,,,,
2917,0.9,1,False,,,,
2918,0.9,1,False,,,,
2919,0.9,1,False,,,,
2920,0.9,1,False,,,,
2921,0.9,1,False,,,,
2922,0.9,1,False,,,,
2923,0.9,1,False,,,,
2924,0.9,1,False,,,,
2925,0.9,1,False,,,,
2926,0.9,1,False,,,,
2927,0.9,1,False,,,,
2928,0.9,1,False,,,,
2929,0.9,1,False,,,,
2930,0.9,1,False,,,,
2931,0.9,1,False,,,,
2932,0.9,1,False,,,,
2933,0.9,1,False,,,,
2934,0.9,1,False,,,,
2935,0.9,1,False,,,,
2936,0.9,1,False,,,,
2937,0.9,1,False,,,,
2938,0.9,1,False,,,,
2939,0.9,1,False,,,,
2940,0.9,1,False,,,,
2941,0.9,1,False,,,,
2942,0.9,1,False,,,,
2943,0.9,1,False,,,,
2944,0.9,1,False,,,,
2945,0.9,1,False,,,,
2946,0.9,1,False,,,,
2947,0.9,1,False,,,,
2948,0.9,1,False,,,,
2949,0.9,1,False,,,,
2950,0.9,1,False,,,,
2951,0.9,1,False,,,,
2952,0.9,1,False,,,,
2953,0.9,1,False,,,,
2954,0.9,1,False,,,,
2955,0.9,1,False,,,,
2956,0.9,1,False,,,,
2957,0.9,1,False,,,,
2958,0.9,1,False,,,,
2959,0.9,1,False,,,,
2960,0.9,1,False,,,,
2961,0.9,1,False,,,,
2962,0.9,1,False,,,,
2963,0.9,1,False,,,,
2964,0.9,1,False,,,,
2965,0.9,1,False,,,,
2966,0.9,1,False,,,,
2967,0.9,1,False,,,,
2968,0.9,1,False,,,,
2969,0.9,1,False,,,,
2970,0.9,1,False,,,,
2971,0.9,1,False,,,,
2972,0.9,1,False,,,,
2973,0.9,1,False,,,,
2974,0.9,1,False,,,,
2975,0.9,1,False,,,,
2976,0.9,1,False,,,,
2977,0.9,1,False,,,,
2978,0.9,1,False,,,,
2979,0.9,1,False,,,,
2980,0.9,1,False,,,,
2981,0.9,1,False,,,,
2982,0.9,1,False,,,,
2983,0.9,1,False,,,,
2984,0.9,1,False,,,,
2985,0.9,1,False,,,,
2986,0.9,1,False,,,,
2987,0.9,1,False,,,,
2988,0.9,1,False,,,,
2989,0.9,1,False,,,,
2990,0.9,1,False,,,,
2991,0.9,1,False,,,,
2992,0.9,1,False,,,,
2993,0.9,1,False,,,,
2994,0.9,1,False,,,,
2995,0.9,1,False,,,,
2996,0.9,1,False,,,,
2997,0.9,1,False,,,,
2998,0.9,1,False,,,,
2999,0.9,1,False,,,,
3000,0.9,1,False,,,,
3001,0.9,1,False,,,,
3002,0.9,1,False,,,,
3003,0.9,1,False,,,,
3004,0.9,1,False,,,,
3005,0.9,1,False,,,,
3006,0.9,1,False,,,,
3007,0.9,1,False,,,,
3008,0.9,1,False,,,,
3009,0.9,1,False,,,,
3010,0.9,1,False,,,,
3011,0.9,1,False,,,,
3012,0.9,1,False,,,,
3013,0.9,1,False,,,,
3014,0.9,1,False,,,,
3015,0.9,1,False,,,,
3016,0.9,1,False,,,,
3017,0.9,1,False,,,,
3018,0.9,1,False,,,,
3019,0.9,1,False,,,,
3020,0.9,1,False,,,,
3021,0.9,1,False,,,,
3022,0.9,1,False,,,,
3023,0.9,1,False,,,,
3024,0.9,1,False,,,,
3025,0.9,1,False,,,,
3026,0.9,1,False,,,,
3027,0.9,1,False,,,,
3028,0.9,1,False,,,,
3029,0.9,1,False,,,,
3030,0.9,1,False,,,,
3031,0.9,1,False,,,,
3032,0.9,1,False,,,,
3033,0.9,1,False,,,,
3034,0.9,1,False,,,,
3035,0.9,1,False,,,,
3036,0.9,1,False,,,,
3037,0.9,1,False,,,,
3038,0.9,1,False,,,,
3039,0.9,1,False,,,,
3040,0.9,1,False,,,,
3041,0.9,1,False,,,,
3042,0.9,1,False,,,,
3043,0.9,1,False,,,,
3044,0.9,1,False,,,,
3045,0.9,1,False,,,,
3046,0.9,1,False,,,,
3047,0.9,1,False,,,,
3048,0.9,1,False,,,,
3049,0.9,1,False,,,,
3050,0.9,1,False,,,,
3051,0.9,1,False,,,,
3052,0.9,1,False,,,,
3053,0.9,1,False,,,,
3054,0.9,1,False,,,,
3055,0.9,1,False,,,,
3056,0.9,1,False,,,,
3057,0.9,1,False,,,,
3058,0.9,1,False,,,,
3059,0.9,1,False,,,,
3060,0.9,1,False,,,,
3061,0.9,1,False,,,,
3062,0.9,1,False,,,,
3063,0.9,1,False,,,,
3064,0.9,1,False,,,,
3065,0.9,1,False,,,,
3066,0.9,1,False,,,,
3067,0.9,1,False,,,,
3068,0.9,1,False,,,,
3069,0.9,1,False,,,,
3070,0.9,1,False,,,,
3071,0.9,1,False,,,,
3072,0.9,1,False,,,,
3073,0.9,1,False,,,,
