col_index,gap_frac,nongap_n,keep,cons_similarity,cons_identity,cons_entropy22,cons_entropy_nogap
1,0.9473684210526315,1,False,,,,
2,0.9473684210526315,1,False,,,,
3,0.9473684210526315,1,False,,,,
4,0.9473684210526315,1,False,,,,
5,0.9473684210526315,1,False,,,,
6,0.9473684210526315,1,False,,,,
7,0.9473684210526315,1,False,,,,
8,0.9473684210526315,1,False,,,,
9,0.9473684210526315,1,False,,,,
10,0.9473684210526315,1,False,,,,
11,0.9473684210526315,1,False,,,,
12,0.9473684210526315,1,False,,,,
13,0.9473684210526315,1,False,,,,
14,0.9473684210526315,1,False,,,,
15,0.9473684210526315,1,False,,,,
16,0.9473684210526315,1,False,,,,
17,0.9473684210526315,1,False,,,,
18,0.9473684210526315,1,False,,,,
19,0.9473684210526315,1,False,,,,
20,0.9473684210526315,1,False,,,,
21,0.9473684210526315,1,False,,,,
22,0.9473684210526315,1,False,,,,
23,0.9473684210526315,1,False,,,,
24,0.9473684210526315,1,False,,,,
25,0.9473684210526315,1,False,,,,
26,0.9473684210526315,1,False,,,,
27,0.9473684210526315,1,False,,,,
28,0.9473684210526315,1,False,,,,
29,0.9473684210526315,1,False,,,,
30,0.9473684210526315,1,False,,,,
31,0.9473684210526315,1,False,,,,
32,0.9473684210526315,1,False,,,,
33,0.9473684210526315,1,False,,,,
34,0.9473684210526315,1,False,,,,
35,0.9473684210526315,1,False,,,,
36,0.9473684210526315,1,False,,,,
37,0.9473684210526315,1,False,,,,
38,0.9473684210526315,1,False,,,,
39,0.9473684210526315,1,False,,,,
40,0.9473684210526315,1,False,,,,
41,0.9473684210526315,1,False,,,,
42,0.9473684210526315,1,False,,,,
43,0.9473684210526315,1,False,,,,
44,0.9473684210526315,1,False,,,,
45,0.9473684210526315,1,False,,,,
46,0.8947368421052632,2,False,,,,
47,0.8947368421052632,2,False,,,,
48,0.8947368421052632,2,False,,,,
49,0.8947368421052632,2,False,,,,
50,0.8947368421052632,2,False,,,,
51,0.8947368421052632,2,False,,,,
52,0.8947368421052632,2,False,,,,
53,0.8947368421052632,2,False,,,,
54,0.8947368421052632,2,False,,,,
55,0.8947368421052632,2,False,,,,
56,0.8947368421052632,2,False,,,,
57,0.9473684210526315,1,False,,,,
58,0.9473684210526315,1,False,,,,
59,0.9473684210526315,1,False,,,,
60,0.9473684210526315,1,False,,,,
61,0.9473684210526315,1,False,,,,
62,0.9473684210526315,1,False,,,,
63,0.9473684210526315,1,False,,,,
64,0.8947368421052632,2,False,,,,
65,0.8947368421052632,2,False,,,,
66,0.8947368421052632,2,False,,,,
67,0.8947368421052632,2,False,,,,
68,0.8947368421052632,2,False,,,,
69,0.8947368421052632,2,False,,,,
70,0.8947368421052632,2,False,,,,
71,0.8947368421052632,2,False,,,,
72,0.8947368421052632,2,False,,,,
73,0.8947368421052632,2,False,,,,
74,0.8947368421052632,2,False,,,,
75,0.8947368421052632,2,False,,,,
76,0.9473684210526315,1,False,,,,
77,0.9473684210526315,1,False,,,,
78,0.9473684210526315,1,False,,,,
79,0.9473684210526315,1,False,,,,
80,0.9473684210526315,1,False,,,,
81,0.9473684210526315,1,False,,,,
82,0.9473684210526315,1,False,,,,
83,0.9473684210526315,1,False,,,,
84,0.9473684210526315,1,False,,,,
85,0.9473684210526315,1,False,,,,
86,0.9473684210526315,1,False,,,,
87,0.9473684210526315,1,False,,,,
88,0.9473684210526315,1,False,,,,
89,0.9473684210526315,1,False,,,,
90,0.9473684210526315,1,False,,,,
91,0.9473684210526315,1,False,,,,
92,0.9473684210526315,1,False,,,,
93,0.9473684210526315,1,False,,,,
94,0.9473684210526315,1,False,,,,
95,0.9473684210526315,1,False,,,,
96,0.9473684210526315,1,False,,,,
97,0.9473684210526315,1,False,,,,
98,0.9473684210526315,1,False,,,,
99,0.9473684210526315,1,False,,,,
100,0.9473684210526315,1,False,,,,
101,0.9473684210526315,1,False,,,,
102,0.9473684210526315,1,False,,,,
103,0.9473684210526315,1,False,,,,
104,0.9473684210526315,1,False,,,,
105,0.8947368421052632,2,False,,,,
106,0.8947368421052632,2,False,,,,
107,0.8947368421052632,2,False,,,,
108,0.8947368421052632,2,False,,,,
109,0.8947368421052632,2,False,,,,
110,0.8947368421052632,2,False,,,,
111,0.8947368421052632,2,False,,,,
112,0.8947368421052632,2,False,,,,
113,0.8947368421052632,2,False,,,,
114,0.8947368421052632,2,False,,,,
115,0.8947368421052632,2,False,,,,
116,0.8947368421052632,2,False,,,,
117,0.8947368421052632,2,False,,,,
118,0.8947368421052632,2,False,,,,
119,0.8947368421052632,2,False,,,,
120,0.8947368421052632,2,False,,,,
121,0.8947368421052632,2,False,,,,
122,0.8947368421052632,2,False,,,,
123,0.9473684210526315,1,False,,,,
124,0.9473684210526315,1,False,,,,
125,0.9473684210526315,1,False,,,,
126,0.9473684210526315,1,False,,,,
127,0.9473684210526315,1,False,,,,
128,0.9473684210526315,1,False,,,,
129,0.9473684210526315,1,False,,,,
130,0.9473684210526315,1,False,,,,
131,0.9473684210526315,1,False,,,,
132,0.9473684210526315,1,False,,,,
133,0.9473684210526315,1,False,,,,
134,0.9473684210526315,1,False,,,,
135,0.9473684210526315,1,False,,,,
136,0.9473684210526315,1,False,,,,
137,0.9473684210526315,1,False,,,,
138,0.9473684210526315,1,False,,,,
139,0.9473684210526315,1,False,,,,
140,0.9473684210526315,1,False,,,,
141,0.9473684210526315,1,False,,,,
142,0.9473684210526315,1,False,,,,
143,0.9473684210526315,1,False,,,,
144,0.9473684210526315,1,False,,,,
145,0.9473684210526315,1,False,,,,
146,0.9473684210526315,1,False,,,,
147,0.9473684210526315,1,False,,,,
148,0.9473684210526315,1,False,,,,
149,0.9473684210526315,1,False,,,,
150,0.9473684210526315,1,False,,,,
151,0.9473684210526315,1,False,,,,
152,0.9473684210526315,1,False,,,,
153,0.9473684210526315,1,False,,,,
154,0.9473684210526315,1,False,,,,
155,0.9473684210526315,1,False,,,,
156,0.9473684210526315,1,False,,,,
157,0.9473684210526315,1,False,,,,
158,0.9473684210526315,1,False,,,,
159,0.9473684210526315,1,False,,,,
160,0.9473684210526315,1,False,,,,
161,0.9473684210526315,1,False,,,,
162,0.9473684210526315,1,False,,,,
163,0.9473684210526315,1,False,,,,
164,0.9473684210526315,1,False,,,,
165,0.9473684210526315,1,False,,,,
166,0.9473684210526315,1,False,,,,
167,0.9473684210526315,1,False,,,,
168,0.9473684210526315,1,False,,,,
169,0.9473684210526315,1,False,,,,
170,0.9473684210526315,1,False,,,,
171,0.9473684210526315,1,False,,,,
172,0.9473684210526315,1,False,,,,
173,0.9473684210526315,1,False,,,,
174,0.9473684210526315,1,False,,,,
175,0.9473684210526315,1,False,,,,
176,0.9473684210526315,1,False,,,,
177,0.9473684210526315,1,False,,,,
178,0.9473684210526315,1,False,,,,
179,0.9473684210526315,1,False,,,,
180,0.9473684210526315,1,False,,,,
181,0.9473684210526315,1,False,,,,
182,0.9473684210526315,1,False,,,,
183,0.9473684210526315,1,False,,,,
184,0.9473684210526315,1,False,,,,
185,0.9473684210526315,1,False,,,,
186,0.9473684210526315,1,False,,,,
187,0.9473684210526315,1,False,,,,
188,0.9473684210526315,1,False,,,,
189,0.9473684210526315,1,False,,,,
190,0.9473684210526315,1,False,,,,
191,0.9473684210526315,1,False,,,,
192,0.9473684210526315,1,False,,,,
193,0.9473684210526315,1,False,,,,
194,0.9473684210526315,1,False,,,,
195,0.9473684210526315,1,False,,,,
196,0.9473684210526315,1,False,,,,
197,0.9473684210526315,1,False,,,,
198,0.9473684210526315,1,False,,,,
199,0.9473684210526315,1,False,,,,
200,0.9473684210526315,1,False,,,,
201,0.9473684210526315,1,False,,,,
202,0.9473684210526315,1,False,,,,
203,0.9473684210526315,1,False,,,,
204,0.9473684210526315,1,False,,,,
205,0.9473684210526315,1,False,,,,
206,0.9473684210526315,1,False,,,,
207,0.9473684210526315,1,False,,,,
208,0.9473684210526315,1,False,,,,
209,0.9473684210526315,1,False,,,,
210,0.9473684210526315,1,False,,,,
211,0.9473684210526315,1,False,,,,
212,0.9473684210526315,1,False,,,,
213,0.9473684210526315,1,False,,,,
214,0.9473684210526315,1,False,,,,
215,0.9473684210526315,1,False,,,,
216,0.9473684210526315,1,False,,,,
217,0.9473684210526315,1,False,,,,
218,0.9473684210526315,1,False,,,,
219,0.9473684210526315,1,False,,,,
220,0.9473684210526315,1,False,,,,
221,0.9473684210526315,1,False,,,,
222,0.9473684210526315,1,False,,,,
223,0.9473684210526315,1,False,,,,
224,0.8947368421052632,2,False,,,,
225,0.8947368421052632,2,False,,,,
226,0.8947368421052632,2,False,,,,
227,0.8947368421052632,2,False,,,,
228,0.8947368421052632,2,False,,,,
229,0.8947368421052632,2,False,,,,
230,0.8947368421052632,2,False,,,,
231,0.8947368421052632,2,False,,,,
232,0.8947368421052632,2,False,,,,
233,0.8947368421052632,2,False,,,,
234,0.8947368421052632,2,False,,,,
235,0.8947368421052632,2,False,,,,
236,0.8947368421052632,2,False,,,,
237,0.8947368421052632,2,False,,,,
238,0.8947368421052632,2,False,,,,
239,0.8947368421052632,2,False,,,,
240,0.8947368421052632,2,False,,,,
241,0.8947368421052632,2,False,,,,
242,0.8947368421052632,2,False,,,,
243,0.8947368421052632,2,False,,,,
244,0.8947368421052632,2,False,,,,
245,0.8947368421052632,2,False,,,,
246,0.8947368421052632,2,False,,,,
247,0.8947368421052632,2,False,,,,
248,0.8947368421052632,2,False,,,,
249,0.8947368421052632,2,False,,,,
250,0.8947368421052632,2,False,,,,
251,0.8947368421052632,2,False,,,,
252,0.8947368421052632,2,False,,,,
253,0.8947368421052632,2,False,,,,
254,0.8947368421052632,2,False,,,,
255,0.9473684210526315,1,False,,,,
256,0.9473684210526315,1,False,,,,
257,0.9473684210526315,1,False,,,,
258,0.9473684210526315,1,False,,,,
259,0.9473684210526315,1,False,,,,
260,0.9473684210526315,1,False,,,,
261,0.9473684210526315,1,False,,,,
262,0.9473684210526315,1,False,,,,
263,0.9473684210526315,1,False,,,,
264,0.9473684210526315,1,False,,,,
265,0.9473684210526315,1,False,,,,
266,0.9473684210526315,1,False,,,,
267,0.9473684210526315,1,False,,,,
268,0.9473684210526315,1,False,,,,
269,0.9473684210526315,1,False,,,,
270,0.9473684210526315,1,False,,,,
271,0.9473684210526315,1,False,,,,
272,0.9473684210526315,1,False,,,,
273,0.9473684210526315,1,False,,,,
274,0.9473684210526315,1,False,,,,
275,0.9473684210526315,1,False,,,,
276,0.8947368421052632,2,False,,,,
277,0.8947368421052632,2,False,,,,
278,0.8947368421052632,2,False,,,,
279,0.8947368421052632,2,False,,,,
280,0.8947368421052632,2,False,,,,
281,0.8947368421052632,2,False,,,,
282,0.8947368421052632,2,False,,,,
283,0.8947368421052632,2,False,,,,
284,0.8947368421052632,2,False,,,,
285,0.8947368421052632,2,False,,,,
286,0.9473684210526315,1,False,,,,
287,0.9473684210526315,1,False,,,,
288,0.9473684210526315,1,False,,,,
289,0.9473684210526315,1,False,,,,
290,0.9473684210526315,1,False,,,,
291,0.8947368421052632,2,False,,,,
292,0.8947368421052632,2,False,,,,
293,0.8947368421052632,2,False,,,,
294,0.8947368421052632,2,False,,,,
295,0.8947368421052632,2,False,,,,
296,0.8947368421052632,2,False,,,,
297,0.8947368421052632,2,False,,,,
298,0.8947368421052632,2,False,,,,
299,0.8947368421052632,2,False,,,,
300,0.8947368421052632,2,False,,,,
301,0.8947368421052632,2,False,,,,
302,0.8947368421052632,2,False,,,,
303,0.8947368421052632,2,False,,,,
304,0.8947368421052632,2,False,,,,
305,0.8947368421052632,2,False,,,,
306,0.8947368421052632,2,False,,,,
307,0.8947368421052632,2,False,,,,
308,0.8947368421052632,2,False,,,,
309,0.8947368421052632,2,False,,,,
310,0.8947368421052632,2,False,,,,
311,0.8947368421052632,2,False,,,,
312,0.8947368421052632,2,False,,,,
313,0.8947368421052632,2,False,,,,
314,0.8947368421052632,2,False,,,,
315,0.8947368421052632,2,False,,,,
316,0.9473684210526315,1,False,,,,
317,0.9473684210526315,1,False,,,,
318,0.9473684210526315,1,False,,,,
319,0.9473684210526315,1,False,,,,
320,0.9473684210526315,1,False,,,,
321,0.9473684210526315,1,False,,,,
322,0.9473684210526315,1,False,,,,
323,0.9473684210526315,1,False,,,,
324,0.9473684210526315,1,False,,,,
325,0.8947368421052632,2,False,,,,
326,0.8947368421052632,2,False,,,,
327,0.8947368421052632,2,False,,,,
328,0.8947368421052632,2,False,,,,
329,0.8947368421052632,2,False,,,,
330,0.8947368421052632,2,False,,,,
331,0.8947368421052632,2,False,,,,
332,0.8947368421052632,2,False,,,,
333,0.8947368421052632,2,False,,,,
334,0.8947368421052632,2,False,,,,
335,0.8947368421052632,2,False,,,,
336,0.8947368421052632,2,False,,,,
337,0.8947368421052632,2,False,,,,
338,0.9473684210526315,1,False,,,,
339,0.9473684210526315,1,False,,,,
340,0.9473684210526315,1,False,,,,
341,0.9473684210526315,1,False,,,,
342,0.9473684210526315,1,False,,,,
343,0.9473684210526315,1,False,,,,
344,0.9473684210526315,1,False,,,,
345,0.9473684210526315,1,False,,,,
346,0.8947368421052632,2,False,,,,
347,0.8947368421052632,2,False,,,,
348,0.8947368421052632,2,False,,,,
349,0.8947368421052632,2,False,,,,
350,0.8947368421052632,2,False,,,,
351,0.8947368421052632,2,False,,,,
352,0.8947368421052632,2,False,,,,
353,0.8947368421052632,2,False,,,,
354,0.8947368421052632,2,False,,,,
355,0.8947368421052632,2,False,,,,
356,0.8947368421052632,2,False,,,,
357,0.8947368421052632,2,False,,,,
358,0.8947368421052632,2,False,,,,
359,0.8947368421052632,2,False,,,,
360,0.8947368421052632,2,False,,,,
361,0.8947368421052632,2,False,,,,
362,0.8947368421052632,2,False,,,,
363,0.8947368421052632,2,False,,,,
364,0.8947368421052632,2,False,,,,
365,0.8947368421052632,2,False,,,,
366,0.8947368421052632,2,False,,,,
367,0.8947368421052632,2,False,,,,
368,0.8947368421052632,2,False,,,,
369,0.8947368421052632,2,False,,,,
370,0.8947368421052632,2,False,,,,
371,0.8947368421052632,2,False,,,,
372,0.8947368421052632,2,False,,,,
373,0.8947368421052632,2,False,,,,
374,0.8947368421052632,2,False,,,,
375,0.8947368421052632,2,False,,,,
376,0.8947368421052632,2,False,,,,
377,0.9473684210526315,1,False,,,,
378,0.9473684210526315,1,False,,,,
379,0.9473684210526315,1,False,,,,
380,0.9473684210526315,1,False,,,,
381,0.9473684210526315,1,False,,,,
382,0.8947368421052632,2,False,,,,
383,0.8947368421052632,2,False,,,,
384,0.8947368421052632,2,False,,,,
385,0.8947368421052632,2,False,,,,
386,0.8947368421052632,2,False,,,,
387,0.8947368421052632,2,False,,,,
388,0.8947368421052632,2,False,,,,
389,0.8947368421052632,2,False,,,,
390,0.8947368421052632,2,False,,,,
391,0.8947368421052632,2,False,,,,
392,0.8947368421052632,2,False,,,,
393,0.8947368421052632,2,False,,,,
394,0.8947368421052632,2,False,,,,
395,0.8947368421052632,2,False,,,,
396,0.8947368421052632,2,False,,,,
397,0.8947368421052632,2,False,,,,
398,0.8947368421052632,2,False,,,,
399,0.8947368421052632,2,False,,,,
400,0.9473684210526315,1,False,,,,
401,0.9473684210526315,1,False,,,,
402,0.9473684210526315,1,False,,,,
403,0.9473684210526315,1,False,,,,
404,0.9473684210526315,1,False,,,,
405,0.9473684210526315,1,False,,,,
406,0.9473684210526315,1,False,,,,
407,0.9473684210526315,1,False,,,,
408,0.9473684210526315,1,False,,,,
409,0.9473684210526315,1,False,,,,
410,0.9473684210526315,1,False,,,,
411,0.9473684210526315,1,False,,,,
412,0.9473684210526315,1,False,,,,
413,0.9473684210526315,1,False,,,,
414,0.9473684210526315,1,False,,,,
415,0.8947368421052632,2,False,,,,
416,0.8947368421052632,2,False,,,,
417,0.8947368421052632,2,False,,,,
418,0.8947368421052632,2,False,,,,
419,0.8947368421052632,2,False,,,,
420,0.8947368421052632,2,False,,,,
421,0.8947368421052632,2,False,,,,
422,0.8947368421052632,2,False,,,,
423,0.8947368421052632,2,False,,,,
424,0.8947368421052632,2,False,,,,
425,0.8947368421052632,2,False,,,,
426,0.8947368421052632,2,False,,,,
427,0.8947368421052632,2,False,,,,
428,0.8947368421052632,2,False,,,,
429,0.9473684210526315,1,False,,,,
430,0.8947368421052632,2,False,,,,
431,0.8947368421052632,2,False,,,,
432,0.8947368421052632,2,False,,,,
433,0.8947368421052632,2,False,,,,
434,0.8947368421052632,2,False,,,,
435,0.8947368421052632,2,False,,,,
436,0.8947368421052632,2,False,,,,
437,0.8947368421052632,2,False,,,,
438,0.9473684210526315,1,False,,,,
439,0.9473684210526315,1,False,,,,
440,0.9473684210526315,1,False,,,,
441,0.8947368421052632,2,False,,,,
442,0.8947368421052632,2,False,,,,
443,0.8947368421052632,2,False,,,,
444,0.9473684210526315,1,False,,,,
445,0.8947368421052632,2,False,,,,
446,0.8947368421052632,2,False,,,,
447,0.8947368421052632,2,False,,,,
448,0.8947368421052632,2,False,,,,
449,0.8947368421052632,2,False,,,,
450,0.8947368421052632,2,False,,,,
451,0.8947368421052632,2,False,,,,
452,0.8947368421052632,2,False,,,,
453,0.8947368421052632,2,False,,,,
454,0.8947368421052632,2,False,,,,
455,0.8947368421052632,2,False,,,,
456,0.9473684210526315,1,False,,,,
457,0.9473684210526315,1,False,,,,
458,0.9473684210526315,1,False,,,,
459,0.8421052631578947,3,False,,,,
460,0.8421052631578947,3,False,,,,
461,0.8421052631578947,3,False,,,,
462,0.8421052631578947,3,False,,,,
463,0.8421052631578947,3,False,,,,
464,0.8421052631578947,3,False,,,,
465,0.8947368421052632,2,False,,,,
466,0.8421052631578947,3,False,,,,
467,0.8421052631578947,3,False,,,,
468,0.8421052631578947,3,False,,,,
469,0.8421052631578947,3,False,,,,
470,0.8421052631578947,3,False,,,,
471,0.8421052631578947,3,False,,,,
472,0.8421052631578947,3,False,,,,
473,0.8947368421052632,2,False,,,,
474,0.9473684210526315,1,False,,,,
475,0.8421052631578947,3,False,,,,
476,0.8421052631578947,3,False,,,,
477,0.8421052631578947,3,False,,,,
478,0.8421052631578947,3,False,,,,
479,0.8421052631578947,3,False,,,,
480,0.8421052631578947,3,False,,,,
481,0.8421052631578947,3,False,,,,
482,0.8421052631578947,3,False,,,,
483,0.8421052631578947,3,False,,,,
484,0.8421052631578947,3,False,,,,
485,0.8421052631578947,3,False,,,,
486,0.8421052631578947,3,False,,,,
487,0.8421052631578947,3,False,,,,
488,0.8421052631578947,3,False,,,,
489,0.8421052631578947,3,False,,,,
490,0.8947368421052632,2,False,,,,
491,0.8947368421052632,2,False,,,,
492,0.9473684210526315,1,False,,,,
493,0.9473684210526315,1,False,,,,
494,0.8947368421052632,2,False,,,,
495,0.8421052631578947,3,False,,,,
496,0.8421052631578947,3,False,,,,
497,0.8421052631578947,3,False,,,,
498,0.8421052631578947,3,False,,,,
499,0.8421052631578947,3,False,,,,
500,0.8421052631578947,3,False,,,,
501,0.8421052631578947,3,False,,,,
502,0.8421052631578947,3,False,,,,
503,0.8421052631578947,3,False,,,,
504,0.8421052631578947,3,False,,,,
505,0.8421052631578947,3,False,,,,
506,0.8421052631578947,3,False,,,,
507,0.8421052631578947,3,False,,,,
508,0.8421052631578947,3,False,,,,
509,0.8421052631578947,3,False,,,,
510,0.8421052631578947,3,False,,,,
511,0.8421052631578947,3,False,,,,
512,0.8421052631578947,3,False,,,,
513,0.8421052631578947,3,False,,,,
514,0.8421052631578947,3,False,,,,
515,0.8947368421052632,2,False,,,,
516,0.8947368421052632,2,False,,,,
517,0.8421052631578947,3,False,,,,
518,0.8421052631578947,3,False,,,,
519,0.8947368421052632,2,False,,,,
520,0.8947368421052632,2,False,,,,
521,0.8947368421052632,2,False,,,,
522,0.8947368421052632,2,False,,,,
523,0.8947368421052632,2,False,,,,
524,0.8947368421052632,2,False,,,,
525,0.8947368421052632,2,False,,,,
526,0.8947368421052632,2,False,,,,
527,0.8947368421052632,2,False,,,,
528,0.8947368421052632,2,False,,,,
529,0.8947368421052632,2,False,,,,
530,0.8947368421052632,2,False,,,,
531,0.8947368421052632,2,False,,,,
532,0.8947368421052632,2,False,,,,
533,0.8947368421052632,2,False,,,,
534,0.8947368421052632,2,False,,,,
535,0.8421052631578947,3,False,,,,
536,0.8421052631578947,3,False,,,,
537,0.8421052631578947,3,False,,,,
538,0.8421052631578947,3,False,,,,
539,0.8421052631578947,3,False,,,,
540,0.8421052631578947,3,False,,,,
541,0.8421052631578947,3,False,,,,
542,0.8421052631578947,3,False,,,,
543,0.8421052631578947,3,False,,,,
544,0.8421052631578947,3,False,,,,
545,0.8421052631578947,3,False,,,,
546,0.8421052631578947,3,False,,,,
547,0.8421052631578947,3,False,,,,
548,0.8421052631578947,3,False,,,,
549,0.8421052631578947,3,False,,,,
550,0.8421052631578947,3,False,,,,
551,0.8421052631578947,3,False,,,,
552,0.8421052631578947,3,False,,,,
553,0.8421052631578947,3,False,,,,
554,0.8421052631578947,3,False,,,,
555,0.8421052631578947,3,False,,,,
556,0.8421052631578947,3,False,,,,
557,0.8947368421052632,2,False,,,,
558,0.9473684210526315,1,False,,,,
559,0.9473684210526315,1,False,,,,
560,0.9473684210526315,1,False,,,,
561,0.9473684210526315,1,False,,,,
562,0.9473684210526315,1,False,,,,
563,0.8947368421052632,2,False,,,,
564,0.8947368421052632,2,False,,,,
565,0.8947368421052632,2,False,,,,
566,0.8947368421052632,2,False,,,,
567,0.8421052631578947,3,False,,,,
568,0.8421052631578947,3,False,,,,
569,0.8421052631578947,3,False,,,,
570,0.8421052631578947,3,False,,,,
571,0.8421052631578947,3,False,,,,
572,0.8421052631578947,3,False,,,,
573,0.8421052631578947,3,False,,,,
574,0.8421052631578947,3,False,,,,
575,0.8421052631578947,3,False,,,,
576,0.8421052631578947,3,False,,,,
577,0.8421052631578947,3,False,,,,
578,0.8947368421052632,2,False,,,,
579,0.8947368421052632,2,False,,,,
580,0.8947368421052632,2,False,,,,
581,0.8947368421052632,2,False,,,,
582,0.8947368421052632,2,False,,,,
583,0.8947368421052632,2,False,,,,
584,0.8947368421052632,2,False,,,,
585,0.8947368421052632,2,False,,,,
586,0.8947368421052632,2,False,,,,
587,0.8947368421052632,2,False,,,,
588,0.8947368421052632,2,False,,,,
589,0.8947368421052632,2,False,,,,
590,0.8947368421052632,2,False,,,,
591,0.8947368421052632,2,False,,,,
592,0.8947368421052632,2,False,,,,
593,0.8421052631578947,3,False,,,,
594,0.8421052631578947,3,False,,,,
595,0.8421052631578947,3,False,,,,
596,0.8421052631578947,3,False,,,,
597,0.8421052631578947,3,False,,,,
598,0.8421052631578947,3,False,,,,
599,0.8421052631578947,3,False,,,,
600,0.8421052631578947,3,False,,,,
601,0.8421052631578947,3,False,,,,
602,0.8947368421052632,2,False,,,,
603,0.8947368421052632,2,False,,,,
604,0.8947368421052632,2,False,,,,
605,0.8947368421052632,2,False,,,,
606,0.8947368421052632,2,False,,,,
607,0.8947368421052632,2,False,,,,
608,0.8947368421052632,2,False,,,,
609,0.8947368421052632,2,False,,,,
610,0.8947368421052632,2,False,,,,
611,0.8947368421052632,2,False,,,,
612,0.8947368421052632,2,False,,,,
613,0.8947368421052632,2,False,,,,
614,0.9473684210526315,1,False,,,,
615,0.9473684210526315,1,False,,,,
616,0.9473684210526315,1,False,,,,
617,0.9473684210526315,1,False,,,,
618,0.9473684210526315,1,False,,,,
619,0.9473684210526315,1,False,,,,
620,0.9473684210526315,1,False,,,,
621,0.9473684210526315,1,False,,,,
622,0.9473684210526315,1,False,,,,
623,0.9473684210526315,1,False,,,,
624,0.8947368421052632,2,False,,,,
625,0.8947368421052632,2,False,,,,
626,0.8421052631578947,3,False,,,,
627,0.8421052631578947,3,False,,,,
628,0.8421052631578947,3,False,,,,
629,0.8421052631578947,3,False,,,,
630,0.8421052631578947,3,False,,,,
631,0.8421052631578947,3,False,,,,
632,0.8421052631578947,3,False,,,,
633,0.8421052631578947,3,False,,,,
634,0.8421052631578947,3,False,,,,
635,0.8421052631578947,3,False,,,,
636,0.7368421052631579,5,True,0.24000000000000002,0.4,0.4240799522429881,1.9219280948873623
637,0.6842105263157895,6,True,0.3733333333333333,0.5,0.3197363442781459,1.4591479170272448
638,0.6842105263157895,6,True,0.21333333333333335,0.3333333333333333,0.3516072294314623,1.9182958340544896
639,0.6842105263157895,6,True,0.2755555555555556,0.5,0.368718405808535,1.792481250360578
640,0.6842105263157895,6,True,0.4577777777777778,0.6666666666666666,0.35250246264226515,1.2516291673878228
641,0.6842105263157895,6,True,0.23555555555555555,0.5,0.3197363442781458,1.4591479170272448
642,0.6842105263157895,6,True,0.48888888888888893,0.8333333333333334,0.3028137911081479,0.6500224216483541
643,0.6842105263157895,6,True,0.3733333333333333,0.5,0.3197363442781458,1.4591479170272448
644,0.6842105263157895,6,True,0.3688888888888889,0.5,0.3197363442781458,1.4591479170272448
645,0.9473684210526315,1,False,,,,
646,0.9473684210526315,1,False,,,,
647,0.9473684210526315,1,False,,,,
648,0.6842105263157895,6,True,0.5333333333333333,1.0,0.10025624130173738,0.0
649,0.6842105263157895,6,True,0.3022222222222222,0.5,0.3197363442781458,1.4591479170272448
650,0.6842105263157895,6,True,0.3244444444444445,0.5,0.3197363442781458,1.4591479170272448
651,0.6842105263157895,6,True,0.3111111111111111,0.5,0.3197363442781458,1.4591479170272448
652,0.6842105263157895,6,True,0.3555555555555555,0.5,0.3197363442781459,1.4591479170272448
653,0.6842105263157895,6,True,0.5555555555555555,0.8333333333333334,0.3028137911081479,0.6500224216483541
654,0.6842105263157895,6,True,0.24444444444444444,0.3333333333333333,0.2998708836948967,1.584962500721156
655,0.6842105263157895,6,True,0.3244444444444445,0.5,0.3197363442781458,1.4591479170272448
656,0.6842105263157895,6,True,0.23111111111111113,0.3333333333333333,0.3516072294314623,1.9182958340544896
657,0.8421052631578947,3,False,,,,
658,0.8421052631578947,3,False,,,,
659,0.9473684210526315,1,False,,,,
660,0.8947368421052632,2,False,,,,
661,0.8947368421052632,2,False,,,,
662,0.8421052631578947,3,False,,,,
663,0.8421052631578947,3,False,,,,
664,0.8421052631578947,3,False,,,,
665,0.8421052631578947,3,False,,,,
666,0.8421052631578947,3,False,,,,
667,0.8421052631578947,3,False,,,,
668,0.8421052631578947,3,False,,,,
669,0.8421052631578947,3,False,,,,
670,0.8421052631578947,3,False,,,,
671,0.8421052631578947,3,False,,,,
672,0.8421052631578947,3,False,,,,
673,0.8421052631578947,3,False,,,,
674,0.8421052631578947,3,False,,,,
675,0.8421052631578947,3,False,,,,
676,0.8421052631578947,3,False,,,,
677,0.8421052631578947,3,False,,,,
678,0.8421052631578947,3,False,,,,
679,0.8421052631578947,3,False,,,,
680,0.8421052631578947,3,False,,,,
681,0.8421052631578947,3,False,,,,
682,0.8421052631578947,3,False,,,,
683,0.8421052631578947,3,False,,,,
684,0.6842105263157895,6,True,0.3244444444444445,0.6666666666666666,0.35250246264226515,1.2516291673878228
685,0.6842105263157895,6,True,0.2577777777777778,0.3333333333333333,0.3516072294314623,1.9182958340544896
686,0.6842105263157895,6,True,0.3022222222222222,0.5,0.368718405808535,1.792481250360578
687,0.6842105263157895,6,True,0.23555555555555555,0.3333333333333333,0.2998708836948967,1.584962500721156
688,0.6842105263157895,6,True,0.17333333333333334,0.16666666666666666,0.38873147359769233,2.584962500721156
689,0.6842105263157895,6,True,0.17777777777777778,0.16666666666666666,0.38873147359769233,2.584962500721156
690,0.6842105263157895,6,True,0.21333333333333335,0.3333333333333333,0.3768634756015603,2.2516291673878226
691,0.8421052631578947,3,False,,,,
692,0.8421052631578947,3,False,,,,
693,0.8421052631578947,3,False,,,,
694,0.8421052631578947,3,False,,,,
695,0.8421052631578947,3,False,,,,
696,0.8947368421052632,2,False,,,,
697,0.9473684210526315,1,False,,,,
698,0.9473684210526315,1,False,,,,
699,0.9473684210526315,1,False,,,,
700,0.9473684210526315,1,False,,,,
701,0.9473684210526315,1,False,,,,
702,0.8947368421052632,2,False,,,,
703,0.8947368421052632,2,False,,,,
704,0.8947368421052632,2,False,,,,
705,0.8947368421052632,2,False,,,,
706,0.8947368421052632,2,False,,,,
707,0.8947368421052632,2,False,,,,
708,0.8947368421052632,2,False,,,,
709,0.7368421052631579,5,True,0.52,0.8,0.35553335479741277,0.7219280948873623
710,0.7368421052631579,5,True,0.32,0.4,0.4240799522429881,1.9219280948873623
711,0.7894736842105263,4,False,,,,
712,0.7894736842105263,4,False,,,,
713,0.7894736842105263,4,False,,,,
714,0.7894736842105263,4,False,,,,
715,0.8421052631578947,3,False,,,,
716,0.7894736842105263,4,False,,,,
717,0.7368421052631579,5,True,0.30666666666666664,0.4,0.4240799522429881,1.9219280948873623
718,0.7894736842105263,4,False,,,,
719,0.8421052631578947,3,False,,,,
720,0.8947368421052632,2,False,,,,
721,0.8947368421052632,2,False,,,,
722,0.8947368421052632,2,False,,,,
723,0.8947368421052632,2,False,,,,
724,0.8947368421052632,2,False,,,,
725,0.8947368421052632,2,False,,,,
726,0.8947368421052632,2,False,,,,
727,0.8947368421052632,2,False,,,,
728,0.8947368421052632,2,False,,,,
729,0.9473684210526315,1,False,,,,
730,0.9473684210526315,1,False,,,,
731,0.9473684210526315,1,False,,,,
732,0.9473684210526315,1,False,,,,
733,0.9473684210526315,1,False,,,,
734,0.8947368421052632,2,False,,,,
735,0.8947368421052632,2,False,,,,
736,0.8947368421052632,2,False,,,,
737,0.9473684210526315,1,False,,,,
738,0.8947368421052632,2,False,,,,
739,0.8947368421052632,2,False,,,,
740,0.8947368421052632,2,False,,,,
741,0.7894736842105263,4,False,,,,
742,0.7894736842105263,4,False,,,,
743,0.8947368421052632,2,False,,,,
744,0.8947368421052632,2,False,,,,
745,0.8947368421052632,2,False,,,,
746,0.8947368421052632,2,False,,,,
747,0.8947368421052632,2,False,,,,
748,0.8947368421052632,2,False,,,,
749,0.8947368421052632,2,False,,,,
750,0.8947368421052632,2,False,,,,
751,0.7894736842105263,4,False,,,,
752,0.7894736842105263,4,False,,,,
753,0.7894736842105263,4,False,,,,
754,0.7894736842105263,4,False,,,,
755,0.8421052631578947,3,False,,,,
756,0.8421052631578947,3,False,,,,
757,0.7368421052631579,5,True,0.18666666666666665,0.2,0.44196169314325406,2.321928094887362
758,0.7368421052631579,5,True,0.15333333333333332,0.2,0.44196169314325406,2.321928094887362
759,0.7368421052631579,5,True,0.17333333333333334,0.2,0.44196169314325406,2.321928094887362
760,0.7368421052631579,5,True,0.18000000000000002,0.4,0.4240799522429881,1.9219280948873623
761,0.7894736842105263,4,False,,,,
762,0.7894736842105263,4,False,,,,
763,0.7894736842105263,4,False,,,,
764,0.7894736842105263,4,False,,,,
765,0.7368421052631579,5,True,0.3,0.4,0.3840091092994298,1.5219280948873621
766,0.7368421052631579,5,True,0.31333333333333335,0.6,0.403874569882679,1.3709505944546687
767,0.7368421052631579,5,True,0.36000000000000004,0.4,0.3840091092994298,1.5219280948873621
768,0.7368421052631579,5,True,0.24000000000000002,0.4,0.4240799522429881,1.9219280948873623
769,0.7368421052631579,5,True,0.28,0.4,0.4240799522429881,1.9219280948873623
770,0.7368421052631579,5,True,0.13333333333333333,0.4,0.4240799522429881,1.9219280948873623
771,0.7368421052631579,5,True,0.20666666666666667,0.4,0.4240799522429881,1.9219280948873623
772,0.7894736842105263,4,False,,,,
773,0.7894736842105263,4,False,,,,
774,0.7894736842105263,4,False,,,,
775,0.6842105263157895,6,True,0.24888888888888888,0.5,0.3687184058085351,1.7924812503605778
776,0.7368421052631579,5,True,0.3,0.4,0.4240799522429881,1.9219280948873623
777,0.7368421052631579,5,True,0.17333333333333334,0.2,0.44196169314325406,2.321928094887362
778,0.631578947368421,7,True,0.26031746031746034,0.2857142857142857,0.31402704890353805,2.2359263506290326
779,0.631578947368421,7,True,0.273015873015873,0.2857142857142857,0.31402704890353816,2.2359263506290326
780,0.631578947368421,7,True,0.473015873015873,0.7142857142857143,0.20033199319823147,0.863120568566631
781,0.631578947368421,7,True,0.24444444444444444,0.2857142857142857,0.31402704890353816,2.2359263506290326
782,0.631578947368421,7,True,0.1746031746031746,0.2857142857142857,0.33087280905282923,2.521640636343318
783,0.631578947368421,7,True,0.30158730158730157,0.5714285714285714,0.2712875592954145,1.3787834934861753
784,0.6842105263157895,6,True,0.2577777777777778,0.16666666666666666,0.38873147359769233,2.584962500721156
785,0.5789473684210527,8,True,0.2571428571428572,0.5,0.2597604999432015,1.75
786,0.5263157894736842,9,True,0.2537037037037037,0.3333333333333333,0.2362832736567574,2.4193819456463714
787,0.5263157894736842,9,True,0.2555555555555556,0.2222222222222222,0.22213083398682842,2.5032583347756456
788,0.7368421052631579,5,True,0.3266666666666667,0.4,0.4240799522429881,1.9219280948873623
789,0.7368421052631579,5,True,0.14,0.2,0.44196169314325406,2.321928094887362
790,0.7368421052631579,5,True,0.20666666666666667,0.4,0.4240799522429881,1.9219280948873623
791,0.47368421052631576,10,True,0.22962962962962966,0.2,0.20002593917380795,2.9219280948873623
792,0.7368421052631579,5,True,0.26666666666666666,0.4,0.4240799522429881,1.9219280948873623
793,0.8421052631578947,3,False,,,,
794,0.8421052631578947,3,False,,,,
795,0.7368421052631579,5,True,0.35333333333333333,0.6,0.3141871168274789,0.9709505944546686
796,0.8421052631578947,3,False,,,,
797,0.8421052631578947,3,False,,,,
798,0.8421052631578947,3,False,,,,
799,0.8421052631578947,3,False,,,,
800,0.8421052631578947,3,False,,,,
801,0.8421052631578947,3,False,,,,
802,0.8421052631578947,3,False,,,,
803,0.8421052631578947,3,False,,,,
804,0.8421052631578947,3,False,,,,
805,0.7894736842105263,4,False,,,,
806,0.7894736842105263,4,False,,,,
807,0.7894736842105263,4,False,,,,
808,0.7368421052631579,5,True,0.24000000000000002,0.2,0.44196169314325406,2.321928094887362
809,0.7368421052631579,5,True,0.18000000000000002,0.4,0.4240799522429881,1.9219280948873623
810,0.7894736842105263,4,False,,,,
811,0.7894736842105263,4,False,,,,
812,0.7894736842105263,4,False,,,,
813,0.7894736842105263,4,False,,,,
814,0.7894736842105263,4,False,,,,
815,0.7894736842105263,4,False,,,,
816,0.7894736842105263,4,False,,,,
817,0.7894736842105263,4,False,,,,
818,0.7894736842105263,4,False,,,,
819,0.7894736842105263,4,False,,,,
820,0.7894736842105263,4,False,,,,
821,0.7894736842105263,4,False,,,,
822,0.8421052631578947,3,False,,,,
823,0.8421052631578947,3,False,,,,
824,0.8421052631578947,3,False,,,,
825,0.8421052631578947,3,False,,,,
826,0.7894736842105263,4,False,,,,
827,0.631578947368421,7,True,0.1714285714285714,0.2857142857142857,0.33087280905282923,2.521640636343318
828,0.631578947368421,7,True,0.15238095238095237,0.14285714285714285,0.3387531097057149,2.807354922057604
829,0.631578947368421,7,True,0.23492063492063492,0.2857142857142857,0.3308728090528291,2.5216406363433186
830,0.5789473684210527,8,True,0.22142857142857142,0.375,0.26901133528123755,2.1556390622295662
831,0.3157894736842105,13,True,0.19743589743589746,0.15384615384615385,0.09372784471105067,3.085055102756477
832,0.3157894736842105,13,True,0.24786324786324787,0.3076923076923077,0.0775949694342204,2.4696704873718613
833,0.3157894736842105,13,True,0.2555555555555556,0.3076923076923077,0.11498315352740851,2.5654483718208256
834,0.3157894736842105,13,True,0.2205128205128205,0.3076923076923077,0.1166842694369764,2.7773627950641693
835,0.3157894736842105,13,True,0.2170940170940171,0.3076923076923077,0.12541521267568023,2.931208948910323
836,0.2631578947368421,14,True,0.19413919413919417,0.14285714285714285,0.07406477352522456,3.521640636343319
837,0.2631578947368421,14,True,0.1934065934065934,0.2857142857142857,0.10084130640677269,3.0930692077718893
838,0.2631578947368421,14,True,0.42490842490842495,0.7142857142857143,0.26942437427994104,1.4345491399952024
839,0.2631578947368421,14,True,0.20073260073260074,0.2857142857142857,0.09531008166021693,2.950212064914747
840,0.2631578947368421,14,True,0.23223443223443224,0.42857142857142855,0.12997881970764258,2.4137995646056805
841,0.2631578947368421,14,True,0.2087912087912088,0.14285714285714285,0.07041342995225819,3.2359263506290326
842,0.2631578947368421,14,True,0.1758241758241758,0.21428571428571427,0.08468403539732838,3.3248629576173574
843,0.2631578947368421,14,True,0.21904761904761905,0.21428571428571427,0.07558291272206419,3.039148671903071
844,0.42105263157894735,11,True,0.22545454545454546,0.2727272727272727,0.17056421755728335,2.8453509366224368
845,0.42105263157894735,11,True,0.3466666666666667,0.5454545454545454,0.20184431586908624,1.8676338909712125
846,0.42105263157894735,11,True,0.36363636363636365,0.6363636363636364,0.24545096392396826,1.6729330318733675
847,0.42105263157894735,11,True,0.45454545454545453,0.6363636363636364,0.1498881368720676,1.2406705316766884
848,0.47368421052631576,10,True,0.3111111111111111,0.5,0.2393728467500651,2.1609640474436813
849,0.47368421052631576,10,True,0.37629629629629624,0.5,0.1710233960407077,1.7609640474436812
850,0.47368421052631576,10,True,0.32296296296296295,0.6,0.25334307806277934,1.7709505944546688
851,0.47368421052631576,10,True,0.38666666666666666,0.7,0.2626406304386867,1.3567796494470397
852,0.47368421052631576,10,True,0.3555555555555555,0.7,0.2626406304386867,1.3567796494470397
853,0.47368421052631576,10,True,0.42074074074074075,0.7,0.19658386084094515,1.1567796494470395
854,0.21052631578947367,15,True,0.31238095238095237,0.5333333333333333,0.14575294935186045,1.856564762130954
855,0.21052631578947367,15,True,0.2653968253968254,0.4,0.12921797958734937,2.555913095175825
856,0.21052631578947367,15,True,0.41142857142857137,0.5333333333333333,0.11142704299982253,1.6729055953200562
857,0.7368421052631579,5,True,0.2,0.4,0.4240799522429881,1.9219280948873623
858,0.6842105263157895,6,True,0.2,0.3333333333333333,0.3768634756015603,2.251629167387823
859,0.8421052631578947,3,False,,,,
860,0.8421052631578947,3,False,,,,
861,0.8421052631578947,3,False,,,,
862,0.8421052631578947,3,False,,,,
863,0.8421052631578947,3,False,,,,
864,0.8421052631578947,3,False,,,,
865,0.8421052631578947,3,False,,,,
866,0.8421052631578947,3,False,,,,
867,0.8421052631578947,3,False,,,,
868,0.5789473684210527,8,True,0.23333333333333334,0.25,0.2536413168939634,2.25
869,0.5789473684210527,8,True,0.2547619047619048,0.5,0.2597604999432015,1.75
870,0.631578947368421,7,True,0.4285714285714286,0.5714285714285714,0.2712875592954145,1.3787834934861753
871,0.631578947368421,7,True,0.26666666666666666,0.42857142857142855,0.2987636957331653,1.8423709931771084
872,0.631578947368421,7,True,0.22222222222222224,0.42857142857142855,0.3293970672908122,2.128085278891394
873,0.7894736842105263,4,False,,,,
874,0.7894736842105263,4,False,,,,
875,0.3157894736842105,13,True,0.2829059829059829,0.38461538461538464,0.14322246009647543,2.4416298737872246
876,0.3157894736842105,13,True,0.28034188034188035,0.46153846153846156,0.16331451321448698,2.353533948577482
877,0.3684210526315789,12,True,0.22525252525252526,0.4166666666666667,0.16755266970898097,2.4508257945180882
878,0.3157894736842105,13,True,0.3085470085470085,0.46153846153846156,0.1633145132144871,2.353533948577482
879,0.6842105263157895,6,True,0.21333333333333335,0.3333333333333333,0.3768634756015604,2.2516291673878226
880,0.6842105263157895,6,True,0.30666666666666664,0.3333333333333333,0.35160722943146216,1.9182958340544893
881,0.6842105263157895,6,True,0.18666666666666665,0.3333333333333333,0.3768634756015603,2.2516291673878226
882,0.2631578947368421,14,True,0.23663003663003662,0.35714285714285715,0.12081271666233717,2.835237745312118
883,0.21052631578947367,15,True,0.35809523809523813,0.3333333333333333,0.07946722197090761,2.332914563979398
884,0.2631578947368421,14,True,0.2813186813186813,0.5,0.1675526697089812,2.260820318171659
885,0.2631578947368421,14,True,0.3010989010989011,0.35714285714285715,0.10988676658963092,2.495602923729013
886,0.2631578947368421,14,True,0.2087912087912088,0.35714285714285715,0.12081271666233695,2.835237745312118
887,0.2631578947368421,14,True,0.2996336996336996,0.5714285714285714,0.20875469682471393,2.0930692077718898
888,0.21052631578947367,15,True,0.33015873015873015,0.6,0.20919571487351973,1.871602261409798
889,0.21052631578947367,15,True,0.25206349206349205,0.4,0.11498315352740851,2.4225797618424916
890,0.21052631578947367,15,True,0.3206349206349206,0.4666666666666667,0.13189963535753602,2.146465798504072
891,0.15789473684210525,16,True,0.3522222222222222,0.5,0.15867131134623413,2.25
892,0.2631578947368421,14,True,0.26373626373626374,0.42857142857142855,0.1434097975389519,2.5566567074628237
893,0.2631578947368421,14,True,0.24981684981684982,0.35714285714285715,0.12081271666233695,2.835237745312118
894,0.10526315789473684,17,True,0.3622549019607843,0.5882352941176471,0.23699400339378085,2.0157404324930677
895,0.10526315789473684,17,True,0.2931372549019608,0.4117647058823529,0.11903713018474982,2.5785519909913264
896,0.10526315789473684,17,True,0.2769607843137255,0.35294117647058826,0.12997881970764258,2.374556048381884
897,0.10526315789473684,17,True,0.3397058823529412,0.5294117647058824,0.20304543438098532,2.1295679874183233
898,0.05263157894736842,18,True,0.37124183006535943,0.6111111111111112,0.2867214920979323,1.9447167900528528
899,0.05263157894736842,18,True,0.3398692810457516,0.5,0.2248895132903982,2.1405180562767114
900,0.05263157894736842,18,True,0.32679738562091504,0.4444444444444444,0.175929009903667,2.127986806877675
901,0.05263157894736842,18,True,0.3111111111111111,0.5,0.2248895132903982,2.1405180562767114
902,0.05263157894736842,18,True,0.30806100217864923,0.4444444444444444,0.17191495173506688,2.3082708345352603
903,0.05263157894736842,18,True,0.29629629629629634,0.3888888888888889,0.15402695630866137,1.9942994759573032
904,0.10526315789473684,17,True,0.3651960784313726,0.6470588235294118,0.2867214920979323,1.8490070880144414
905,0.10526315789473684,17,True,0.328921568627451,0.4117647058823529,0.09793558979143546,2.063558608511122
906,0.05263157894736842,18,True,0.28888888888888886,0.2777777777777778,0.0936196616408369,2.3718956694089637
907,0.05263157894736842,18,True,0.3333333333333333,0.6111111111111112,0.2894231402765127,1.7916674843771045
908,0.21052631578947367,15,True,0.3384126984126984,0.3333333333333333,0.10964435384745308,2.2256051990169436
909,0.15789473684210525,16,True,0.37444444444444447,0.625,0.2362832736567574,1.7987949406953985
910,0.05263157894736842,18,True,0.3198257080610022,0.5555555555555556,0.23699400339378085,2.102187170949333
911,0.15789473684210525,16,True,0.2722222222222222,0.375,0.15754778182379925,2.061278124459133
912,0.15789473684210525,16,True,0.2427777777777778,0.375,0.12921797958734937,2.5306390622295662
913,0.3157894736842105,13,True,0.2675213675213675,0.38461538461538464,0.1452675946905575,2.1920058354921066
914,0.3684210526315789,12,True,0.31212121212121213,0.5,0.18354756840725672,2.125814583693911
915,0.3157894736842105,13,True,0.252991452991453,0.3076923076923077,0.1292179795873496,2.7192945256669794
916,0.42105263157894735,11,True,0.45575757575757575,0.8181818181818182,0.25838690151454435,0.8658566174572235
917,0.42105263157894735,11,True,0.2921212121212121,0.45454545454545453,0.20875469682471393,2.4040097573248604
918,0.2631578947368421,14,True,0.2857142857142857,0.5,0.13070895485323675,1.9211854965885542
919,0.2631578947368421,14,True,0.27106227106227104,0.5714285714285714,0.1919537021102833,1.950212064914747
920,0.2631578947368421,14,True,0.2754578754578755,0.5,0.1153389364659625,1.9751060324573733
921,0.21052631578947367,15,True,0.4006349206349206,0.6,0.20919571487351973,1.8716022614097982
922,0.9473684210526315,1,False,,,,
923,0.9473684210526315,1,False,,,,
924,0.21052631578947367,15,True,0.3796825396825397,0.6666666666666666,0.25962632736662017,1.6922718656836107
925,0.15789473684210525,16,True,0.3844444444444444,0.5625,0.20304543438098532,2.091917186688699
926,0.15789473684210525,16,True,0.41000000000000003,0.625,0.2362832736567574,1.7987949406953985
927,0.15789473684210525,16,True,0.39333333333333337,0.5625,0.20000510083358602,1.9197367178034823
928,0.5263157894736842,9,True,0.22222222222222224,0.3333333333333333,0.21129967947546247,2.197159723424149
929,0.5263157894736842,9,True,0.24259259259259258,0.2222222222222222,0.19592966108818832,2.2810361125534238
930,0.5263157894736842,9,True,0.22037037037037036,0.2222222222222222,0.22213083398682842,2.5032583347756456
931,0.42105263157894735,11,True,0.2424242424242424,0.18181818181818182,0.1648695505519855,3.095795255000934
932,0.42105263157894735,11,True,0.28363636363636363,0.36363636363636365,0.19123733654225028,2.7321588913645707
933,0.0,19,True,0.3485380116959064,0.42105263157894735,0.12040161960918261,2.273728829005326
934,0.0,19,True,0.33021442495126707,0.47368421052631576,0.2030454343809852,2.3908636968570445
935,0.0,19,True,0.3060428849902534,0.47368421052631576,0.20000510083358602,2.245869617795809
936,0.0,19,True,0.25886939571150097,0.3157894736842105,0.12192454098069472,2.465069461815837
937,0.3684210526315789,12,True,0.22222222222222224,0.25,0.11746928423050129,2.688721875540867
938,0.0,19,True,0.3902534113060429,0.47368421052631576,0.21409410126225947,1.824816986216862
939,0.0,19,True,0.29005847953216374,0.42105263157894735,0.1525859561938041,2.378991986900062
940,0.0,19,True,0.27251461988304093,0.3157894736842105,0.11245363654103213,2.2942740671928616
941,0.0,19,True,0.30682261208577,0.3684210526315789,0.1057908451748023,2.0762893592941096
942,0.0,19,True,0.519298245614035,0.9473684210526315,0.7025277510807104,0.2974722489192896
943,0.0,19,True,0.519298245614035,0.6842105263157895,0.35250246264226515,1.2949950747154697
944,0.0,19,True,0.3801169590643275,0.6842105263157895,0.3516072294314623,1.5055213905049434
945,0.0,19,True,0.4510721247563353,0.6842105263157895,0.35250246264226515,1.2949950747154697
946,0.0,19,True,0.4881091617933723,0.8421052631578947,0.5115068636860557,0.7742433029172697
947,0.0,19,True,0.4666666666666667,0.631578947368421,0.2634294358664522,1.1674367232867007
948,0.0,19,True,0.2639376218323587,0.3684210526315789,0.13071292461933426,2.6078612261419973
949,0.0,19,True,0.47407407407407404,0.7368421052631579,0.3840091092994299,1.2319817814011402
950,0.0,19,True,0.5134502923976608,0.8421052631578947,0.5115068636860557,0.7742433029172697
951,0.0,19,True,0.3925925925925926,0.7368421052631579,0.44196169314325406,1.442508097190614
952,0.05263157894736842,18,True,0.40217864923747276,0.7777777777777778,0.44196169314325406,1.2086489509530647
953,0.0,19,True,0.4331384015594542,0.5789473684210527,0.21310559346698976,1.5737888130660205
954,0.0,19,True,0.38479532163742686,0.631578947368421,0.2987636957331653,1.6282202760321463
955,0.0,19,True,0.3653021442495127,0.631578947368421,0.3308728090528291,1.8784775129881184
956,0.0,19,True,0.4569200779727095,0.6842105263157895,0.24936273490419736,1.1897319168207328
957,0.0,19,True,0.5052631578947369,0.9473684210526315,0.7025277510807104,0.2974722489192896
958,0.0,19,True,0.557504873294347,0.8947368421052632,0.6272947035832889,0.5907239186406502
959,0.0,19,True,0.4596491228070176,0.7368421052631579,0.44196169314325406,1.442508097190614
960,0.0,19,True,1.0,1.0,1.0,0.0
961,0.0,19,True,0.4982456140350877,0.8947368421052632,0.6272947035832889,0.5907239186406502
962,0.0,19,True,0.47719298245614034,0.7894736842105263,0.470861478386833,1.058277043226334
963,0.0,19,True,0.3274853801169591,0.5263157894736842,0.2362832736567574,2.1440239107574226
964,0.0,19,True,0.7333333333333333,1.0,1.0,0.0
965,0.0,19,True,0.49941520467836253,0.8421052631578947,0.5602467695939968,0.8795064608120066
966,0.0,19,True,0.2916179337231969,0.3684210526315789,0.15934778038462638,2.7925862263697305
967,0.0,19,True,0.4701754385964912,0.6842105263157895,0.3197363442781459,1.3605273114437082
968,0.0,19,True,0.43391812865497076,0.7368421052631579,0.4240799522429881,1.3372449392958772
969,0.0,19,True,0.43742690058479533,0.631578947368421,0.3293970672908122,1.7334834339268832
970,0.0,19,True,0.2713450292397661,0.3684210526315789,0.14410455048549564,2.7131243840367336
971,0.0,19,True,0.5333333333333333,1.0,1.0,0.0
972,0.0,19,True,0.484990253411306,0.8947368421052632,0.6272947035832889,0.5907239186406502
973,0.0,19,True,0.4101364522417154,0.7368421052631579,0.4240799522429881,1.3372449392958772
974,0.0,19,True,0.43625730994152045,0.6842105263157895,0.3516072294314623,1.5055213905049434
975,0.0,19,True,0.519298245614035,0.9473684210526315,0.7025277510807104,0.2974722489192896
976,0.0,19,True,0.4140350877192983,0.6842105263157895,0.35250246264226515,1.2949950747154697
977,0.0,19,True,0.45497076023391814,0.631578947368421,0.2634294358664522,1.1674367232867007
978,0.0,19,True,0.6245614035087719,0.9473684210526315,0.7025277510807104,0.2974722489192896
979,0.0,19,True,0.5855750487329435,0.8947368421052632,0.6272947035832889,0.5907239186406502
980,0.0,19,True,0.46159844054580895,0.7894736842105263,0.470861478386833,1.058277043226334
981,0.0,19,True,0.39142300194931773,0.5789473684210527,0.2597604999432015,1.7187828921272557
982,0.0,19,True,0.5037037037037037,0.631578947368421,0.31364651914901476,1.3727069617019705
983,0.0,19,True,0.42923976608187137,0.7894736842105263,0.42378260447830396,0.9132829641650988
984,0.0,19,True,0.6666666666666666,1.0,1.0,0.0
985,0.0,19,True,0.8035087719298245,0.9473684210526315,0.7025277510807104,0.2974722489192896
986,0.0,19,True,0.5450292397660819,0.8947368421052632,0.6272947035832889,0.5907239186406502
987,0.0,19,True,0.5508771929824562,0.8947368421052632,0.6272947035832889,0.5907239186406502
988,0.05263157894736842,18,True,0.2845315904139433,0.4444444444444444,0.15867131134623425,2.350209029099897
989,0.05263157894736842,18,True,0.5019607843137255,0.6666666666666666,0.2634294358664522,0.9182958340544896
990,0.05263157894736842,18,True,0.4217864923747277,0.6666666666666666,0.3293970672908122,1.5157895841746822
991,0.05263157894736842,18,True,0.2688453159041394,0.3888888888888889,0.1522439593200896,2.522620309531022
992,0.05263157894736842,18,True,0.4400871459694989,0.6666666666666666,0.31402704890353816,1.5577277787393193
993,0.05263157894736842,18,True,0.49324618736383447,0.8333333333333334,0.4988905110011538,0.9141828384352135
994,0.05263157894736842,18,True,0.29586056644880177,0.4444444444444444,0.16177657023373804,2.169925001442312
995,0.0,19,True,0.30682261208577,0.47368421052631576,0.20304543438098532,2.390863696857044
996,0.0,19,True,0.3189083820662768,0.3157894736842105,0.11245363654103213,2.2942740671928616
997,0.0,19,True,0.4596491228070176,0.7368421052631579,0.4240799522429881,1.3372449392958772
998,0.0,19,True,0.4038986354775828,0.47368421052631576,0.18813457241778064,1.8850931455708964
999,0.9473684210526315,1,False,,,,
1000,0.9473684210526315,1,False,,,,
1001,0.9473684210526315,1,False,,,,
1002,0.9473684210526315,1,False,,,,
1003,0.9473684210526315,1,False,,,,
1004,0.9473684210526315,1,False,,,,
1005,0.9473684210526315,1,False,,,,
1006,0.9473684210526315,1,False,,,,
1007,0.9473684210526315,1,False,,,,
1008,0.9473684210526315,1,False,,,,
1009,0.9473684210526315,1,False,,,,
1010,0.9473684210526315,1,False,,,,
1011,0.9473684210526315,1,False,,,,
1012,0.9473684210526315,1,False,,,,
1013,0.9473684210526315,1,False,,,,
1014,0.9473684210526315,1,False,,,,
1015,0.9473684210526315,1,False,,,,
1016,0.9473684210526315,1,False,,,,
1017,0.9473684210526315,1,False,,,,
1018,0.9473684210526315,1,False,,,,
1019,0.9473684210526315,1,False,,,,
1020,0.9473684210526315,1,False,,,,
1021,0.9473684210526315,1,False,,,,
1022,0.9473684210526315,1,False,,,,
1023,0.9473684210526315,1,False,,,,
1024,0.9473684210526315,1,False,,,,
1025,0.9473684210526315,1,False,,,,
1026,0.9473684210526315,1,False,,,,
1027,0.9473684210526315,1,False,,,,
1028,0.9473684210526315,1,False,,,,
1029,0.9473684210526315,1,False,,,,
1030,0.9473684210526315,1,False,,,,
1031,0.9473684210526315,1,False,,,,
1032,0.9473684210526315,1,False,,,,
1033,0.9473684210526315,1,False,,,,
1034,0.9473684210526315,1,False,,,,
1035,0.9473684210526315,1,False,,,,
1036,0.9473684210526315,1,False,,,,
1037,0.9473684210526315,1,False,,,,
1038,0.9473684210526315,1,False,,,,
1039,0.9473684210526315,1,False,,,,
1040,0.9473684210526315,1,False,,,,
1041,0.9473684210526315,1,False,,,,
1042,0.9473684210526315,1,False,,,,
1043,0.9473684210526315,1,False,,,,
1044,0.9473684210526315,1,False,,,,
1045,0.9473684210526315,1,False,,,,
1046,0.9473684210526315,1,False,,,,
1047,0.9473684210526315,1,False,,,,
1048,0.9473684210526315,1,False,,,,
1049,0.8947368421052632,2,False,,,,
1050,0.0,19,True,0.3730994152046784,0.47368421052631576,0.25334307806277934,1.930080144111599
1051,0.0,19,True,0.3454191033138401,0.5263157894736842,0.2362832736567574,2.1440239107574226
1052,0.0,19,True,0.38479532163742686,0.47368421052631576,0.18813457241778064,1.8850931455708964
1053,0.0,19,True,0.4865497076023392,0.8421052631578947,0.5115068636860557,0.7742433029172697
1054,0.0,19,True,0.512280701754386,0.8947368421052632,0.6272947035832889,0.5907239186406502
1055,0.0,19,True,0.4385964912280702,0.7894736842105263,0.4988905110011538,1.1635402011210707
1056,0.0,19,True,0.45730994152046783,0.631578947368421,0.27128755929541437,1.4574248814091713
1057,0.0,19,True,0.5524366471734894,0.8947368421052632,0.6272947035832889,0.5907239186406502
1058,0.0,19,True,0.5243664717348928,0.8947368421052632,0.6272947035832889,0.5907239186406502
1059,0.0,19,True,0.5107212475633528,0.8947368421052632,0.6272947035832889,0.5907239186406502
1060,0.8947368421052632,2,False,,,,
1061,0.0,19,True,0.47407407407407404,0.7894736842105263,0.4988905110011538,1.1635402011210707
1062,0.0,19,True,0.5450292397660819,0.8947368421052632,0.6272947035832889,0.5907239186406502
1063,0.0,19,True,0.5130604288499026,0.7894736842105263,0.470861478386833,1.058277043226334
1064,0.0,19,True,0.5111111111111111,0.8947368421052632,0.6272947035832889,0.5907239186406502
1065,0.0,19,True,0.519298245614035,0.6842105263157895,0.3028137911081479,1.1050139971135322
1066,0.0,19,True,0.45497076023391814,0.8421052631578947,0.5115068636860557,0.7742433029172697
1067,0.0,19,True,0.47563352826510724,0.7894736842105263,0.4988905110011538,1.1635402011210707
1068,0.0,19,True,0.5906432748538012,0.8421052631578947,0.37075077614396545,0.6292492238560345
1069,0.0,19,True,0.7333333333333333,1.0,1.0,0.0
1070,0.0,19,True,0.6771929824561405,0.9473684210526315,0.7025277510807104,0.2974722489192896
1071,0.0,19,True,0.49122807017543857,0.9473684210526315,0.7025277510807104,0.2974722489192896
1072,0.05263157894736842,18,True,0.3529411764705882,0.5,0.2626406304386867,1.4932133643654213
1073,0.0,19,True,0.41988304093567247,0.7368421052631579,0.4240799522429881,1.3372449392958772
1074,0.0,19,True,0.30058479532163745,0.3157894736842105,0.12192454098069483,2.4650694618158364
1075,0.0,19,True,0.5715399610136452,0.8947368421052632,0.6272947035832889,0.5907239186406502
1076,0.05263157894736842,18,True,0.39128540305010895,0.6111111111111112,0.2894231402765127,1.7916674843771045
1077,0.0,19,True,0.44015594541910324,0.7368421052631579,0.44196169314325406,1.442508097190614
1078,0.0,19,True,0.6,0.6842105263157895,0.35160722943146216,1.5055213905049436
1079,0.0,19,True,0.543859649122807,0.8421052631578947,0.37075077614396545,0.6292492238560345
1080,0.0,19,True,0.5153996101364522,0.8421052631578947,0.5115068636860557,0.7742433029172697
1081,0.0,19,True,0.6175438596491228,0.9473684210526315,0.7025277510807104,0.2974722489192896
1082,0.0,19,True,0.5087719298245614,0.6842105263157895,0.10025624130173738,0.8997437586982626
1083,0.0,19,True,0.33255360623781677,0.5263157894736842,0.23699400339378085,2.2890179898186576
1084,0.0,19,True,0.4350877192982456,0.47368421052631576,0.21459298285888773,1.2448406699719212
1085,0.0,19,True,0.552046783625731,0.8421052631578947,0.37075077614396545,0.6292492238560345
1086,0.0,19,True,0.6545808966861598,0.8421052631578947,0.5602467695939968,0.8795064608120066
1087,0.0,19,True,0.4378167641325536,0.631578947368421,0.3269868938901337,1.562688039303908
1088,0.0,19,True,0.6245614035087719,0.9473684210526315,0.7025277510807104,0.2974722489192896
1089,0.0,19,True,0.4432748538011696,0.5789473684210527,0.28560263299760746,1.428794734004785
1090,0.0,19,True,0.3274853801169591,0.47368421052631576,0.21465505822008046,2.0300872246321315
1091,0.0,19,True,0.35828460038986354,0.631578947368421,0.2987636957331653,1.6282202760321463
1092,0.0,19,True,0.49200779727095517,0.8947368421052632,0.6272947035832889,0.5907239186406502
1093,0.0,19,True,0.5146198830409356,0.8421052631578947,0.37075077614396545,0.6292492238560345
1094,0.0,19,True,0.4249512670565302,0.7368421052631579,0.3840091092994299,1.2319817814011402
1095,0.0,19,True,0.5516569200779727,0.8947368421052632,0.6272947035832889,0.5907239186406502
1096,0.0,19,True,0.730214424951267,0.8947368421052632,0.6272947035832889,0.5907239186406502
1097,0.0,19,True,0.5384015594541911,0.8947368421052632,0.6272947035832889,0.5907239186406502
1098,0.9473684210526315,1,False,,,,
1099,0.0,19,True,0.5555555555555555,0.8421052631578947,0.5602467695939968,0.8795064608120066
1100,0.0,19,True,0.4592592592592593,0.8421052631578947,0.5602467695939968,0.8795064608120066
1101,0.0,19,True,0.42729044834307994,0.7894736842105263,0.4988905110011538,1.1635402011210707
1102,0.0,19,True,0.4865497076023392,0.7894736842105263,0.2575124304578764,0.7424875695421236
1103,0.0,19,True,0.6799220272904484,0.8947368421052632,0.5145392392540866,0.4854607607459134
1104,0.0,19,True,0.631578947368421,0.9473684210526315,0.7025277510807104,0.2974722489192896
1105,0.0,19,True,0.43040935672514624,0.47368421052631576,0.19658386084094503,1.60683227831811
1106,0.0,19,True,0.4830409356725146,0.631578947368421,0.3269868938901337,1.562688039303908
1107,0.0,19,True,0.48187134502923973,0.631578947368421,0.2634294358664522,1.1674367232867007
1108,0.0,19,True,0.4951267056530214,0.8421052631578947,0.5115068636860557,0.7742433029172697
1109,0.0,19,True,0.63859649122807,0.9473684210526315,0.7025277510807104,0.2974722489192896
1110,0.0,19,True,0.3730994152046784,0.47368421052631576,0.2626406304386867,1.7120954362128467
1111,0.0,19,True,0.44951267056530214,0.7368421052631579,0.403874569882679,1.192250860234642
1112,0.0,19,True,0.4760233918128655,0.7894736842105263,0.470861478386833,1.058277043226334
1113,0.0,19,True,0.4592592592592593,0.8421052631578947,0.5602467695939968,0.8795064608120066
1114,0.0,19,True,0.4596491228070176,0.8947368421052632,0.6272947035832889,0.5907239186406502
1115,0.0,19,True,0.49980506822612086,0.8947368421052632,0.6272947035832889,0.5907239186406502
1116,0.0,19,True,0.4951267056530214,0.8421052631578947,0.5602467695939968,0.8795064608120066
1117,0.0,19,True,0.5356725146198831,0.8421052631578947,0.5115068636860557,0.7742433029172697
1118,0.0,19,True,0.5072124756335282,0.8947368421052632,0.5145392392540866,0.4854607607459134
1119,0.0,19,True,0.512280701754386,0.9473684210526315,0.7025277510807104,0.2974722489192896
1120,0.0,19,True,0.49239766081871345,0.7894736842105263,0.4988905110011538,1.1635402011210707
1121,0.0,19,True,0.512280701754386,0.9473684210526315,0.7025277510807104,0.2974722489192896
1122,0.0,19,True,0.5181286549707603,0.8947368421052632,0.6272947035832889,0.5907239186406502
1123,0.0,19,True,0.4713450292397661,0.8947368421052632,0.6272947035832889,0.5907239186406502
1124,0.0,19,True,0.6,1.0,1.0,0.0
1125,0.0,19,True,0.4713450292397661,0.8947368421052632,0.6272947035832889,0.5907239186406502
1126,0.0,19,True,0.6042884990253411,0.8947368421052632,0.6272947035832889,0.5907239186406502
1127,0.0,19,True,0.6,1.0,1.0,0.0
1128,0.0,19,True,0.7438596491228071,0.9473684210526315,0.7025277510807104,0.2974722489192896
1129,0.0,19,True,0.6,1.0,1.0,0.0
1130,0.0,19,True,0.4350877192982456,0.631578947368421,0.050547984612051566,0.9494520153879484
1131,0.0,19,True,0.6,1.0,1.0,0.0
1132,0.0,19,True,0.484990253411306,0.8947368421052632,0.6272947035832889,0.5907239186406502
1133,0.0,19,True,0.43391812865497076,0.8421052631578947,0.5602467695939968,0.8795064608120066
1134,0.0,19,True,0.47758284600389866,0.8947368421052632,0.6272947035832889,0.5907239186406502
1135,0.0,19,True,0.5598440545808967,0.8947368421052632,0.5145392392540866,0.4854607607459134
1136,0.0,19,True,0.5384015594541911,0.8947368421052632,0.6272947035832889,0.5907239186406502
1137,0.0,19,True,0.50682261208577,0.8947368421052632,0.5145392392540866,0.4854607607459134
1138,0.0,19,True,0.5317738791423001,0.8947368421052632,0.6272947035832889,0.5907239186406502
1139,0.0,19,True,0.5719298245614034,0.9473684210526315,0.7025277510807104,0.2974722489192896
1140,0.0,19,True,0.4456140350877193,0.8421052631578947,0.5602467695939968,0.8795064608120066
1141,0.0,19,True,0.5052631578947369,0.9473684210526315,0.7025277510807104,0.2974722489192896
1142,0.0,19,True,0.4916179337231969,0.8947368421052632,0.6272947035832889,0.5907239186406502
1143,0.0,19,True,0.47641325536062384,0.631578947368421,0.31364651914901476,1.3727069617019705
1144,0.0,19,True,0.49122807017543857,0.9473684210526315,0.7025277510807104,0.2974722489192896
1145,0.0,19,True,0.48576998050682263,0.8947368421052632,0.6272947035832889,0.5907239186406502
1146,0.0,19,True,0.4327485380116959,0.8421052631578947,0.5602467695939968,0.8795064608120066
1147,0.0,19,True,0.3684210526315789,0.5789473684210527,0.23153730178623289,1.7843151288554941
1148,0.0,19,True,0.47719298245614034,0.8421052631578947,0.37075077614396545,0.6292492238560345
1149,0.0,19,True,0.4448343079922027,0.8421052631578947,0.5602467695939968,0.8795064608120066
1150,0.9473684210526315,1,False,,,,
1151,0.9473684210526315,1,False,,,,
1152,0.9473684210526315,1,False,,,,
1153,0.9473684210526315,1,False,,,,
1154,0.9473684210526315,1,False,,,,
1155,0.9473684210526315,1,False,,,,
1156,0.9473684210526315,1,False,,,,
1157,0.9473684210526315,1,False,,,,
1158,0.9473684210526315,1,False,,,,
1159,0.9473684210526315,1,False,,,,
1160,0.9473684210526315,1,False,,,,
1161,0.9473684210526315,1,False,,,,
1162,0.9473684210526315,1,False,,,,
1163,0.9473684210526315,1,False,,,,
1164,0.9473684210526315,1,False,,,,
1165,0.9473684210526315,1,False,,,,
1166,0.9473684210526315,1,False,,,,
1167,0.9473684210526315,1,False,,,,
1168,0.9473684210526315,1,False,,,,
1169,0.9473684210526315,1,False,,,,
1170,0.9473684210526315,1,False,,,,
1171,0.9473684210526315,1,False,,,,
1172,0.9473684210526315,1,False,,,,
1173,0.9473684210526315,1,False,,,,
1174,0.9473684210526315,1,False,,,,
1175,0.9473684210526315,1,False,,,,
1176,0.9473684210526315,1,False,,,,
1177,0.9473684210526315,1,False,,,,
1178,0.9473684210526315,1,False,,,,
1179,0.9473684210526315,1,False,,,,
1180,0.9473684210526315,1,False,,,,
1181,0.9473684210526315,1,False,,,,
1182,0.9473684210526315,1,False,,,,
1183,0.9473684210526315,1,False,,,,
1184,0.9473684210526315,1,False,,,,
1185,0.9473684210526315,1,False,,,,
1186,0.9473684210526315,1,False,,,,
1187,0.9473684210526315,1,False,,,,
1188,0.9473684210526315,1,False,,,,
1189,0.9473684210526315,1,False,,,,
1190,0.9473684210526315,1,False,,,,
1191,0.9473684210526315,1,False,,,,
1192,0.9473684210526315,1,False,,,,
1193,0.9473684210526315,1,False,,,,
1194,0.9473684210526315,1,False,,,,
1195,0.9473684210526315,1,False,,,,
1196,0.9473684210526315,1,False,,,,
1197,0.9473684210526315,1,False,,,,
1198,0.9473684210526315,1,False,,,,
1199,0.9473684210526315,1,False,,,,
1200,0.9473684210526315,1,False,,,,
1201,0.9473684210526315,1,False,,,,
1202,0.9473684210526315,1,False,,,,
1203,0.9473684210526315,1,False,,,,
1204,0.9473684210526315,1,False,,,,
1205,0.9473684210526315,1,False,,,,
1206,0.9473684210526315,1,False,,,,
1207,0.9473684210526315,1,False,,,,
1208,0.9473684210526315,1,False,,,,
1209,0.9473684210526315,1,False,,,,
1210,0.9473684210526315,1,False,,,,
1211,0.9473684210526315,1,False,,,,
1212,0.9473684210526315,1,False,,,,
1213,0.9473684210526315,1,False,,,,
1214,0.9473684210526315,1,False,,,,
1215,0.9473684210526315,1,False,,,,
1216,0.9473684210526315,1,False,,,,
1217,0.9473684210526315,1,False,,,,
1218,0.9473684210526315,1,False,,,,
1219,0.9473684210526315,1,False,,,,
1220,0.9473684210526315,1,False,,,,
1221,0.9473684210526315,1,False,,,,
1222,0.9473684210526315,1,False,,,,
1223,0.9473684210526315,1,False,,,,
1224,0.9473684210526315,1,False,,,,
1225,0.9473684210526315,1,False,,,,
1226,0.9473684210526315,1,False,,,,
1227,0.9473684210526315,1,False,,,,
1228,0.9473684210526315,1,False,,,,
1229,0.9473684210526315,1,False,,,,
1230,0.9473684210526315,1,False,,,,
1231,0.9473684210526315,1,False,,,,
1232,0.9473684210526315,1,False,,,,
1233,0.9473684210526315,1,False,,,,
1234,0.9473684210526315,1,False,,,,
1235,0.9473684210526315,1,False,,,,
1236,0.9473684210526315,1,False,,,,
1237,0.9473684210526315,1,False,,,,
1238,0.9473684210526315,1,False,,,,
1239,0.9473684210526315,1,False,,,,
1240,0.9473684210526315,1,False,,,,
1241,0.9473684210526315,1,False,,,,
1242,0.9473684210526315,1,False,,,,
1243,0.0,19,True,0.3536062378167641,0.5789473684210527,0.2597604999432015,1.7187828921272557
1244,0.0,19,True,0.47368421052631576,0.6842105263157895,0.368718405808535,1.4657904693384451
1245,0.0,19,True,0.3274853801169591,0.3684210526315789,0.18354756840725672,2.292071752457787
1246,0.0,19,True,0.5610136452241716,0.8421052631578947,0.5115068636860557,0.7742433029172697
1247,0.0,19,True,0.5267056530214425,0.8421052631578947,0.5602467695939968,0.8795064608120066
1248,0.0,19,True,0.5052631578947369,0.8421052631578947,0.37075077614396545,0.6292492238560345
1249,0.0,19,True,0.4565302144249513,0.7894736842105263,0.470861478386833,1.058277043226334
1250,0.0,19,True,0.543859649122807,0.8421052631578947,0.37075077614396545,0.6292492238560345
1251,0.0,19,True,0.6,1.0,1.0,0.0
1252,0.0,19,True,0.5251461988304094,0.7368421052631579,0.4240799522429881,1.3372449392958772
1253,0.0,19,True,0.5146198830409356,0.7894736842105263,0.42378260447830396,0.9132829641650988
1254,0.0,19,True,0.4787524366471735,0.8947368421052632,0.6272947035832889,0.5907239186406502
1255,0.0,19,True,0.6,1.0,1.0,0.0
1256,0.0,19,True,0.47680311890838206,0.7894736842105263,0.4988905110011538,1.1635402011210707
1257,0.0,19,True,0.33255360623781677,0.5263157894736842,0.21129967947546247,2.038760752862686
1258,0.0,19,True,0.5789473684210527,0.9473684210526315,0.7025277510807104,0.2974722489192896
1259,0.0,19,True,0.2662768031189084,0.3684210526315789,0.1276604124199967,2.8978493842644677
1260,0.0,19,True,0.26471734892787524,0.5263157894736842,0.26942437427994104,1.8885105964272468
1261,0.05263157894736842,18,True,0.3816993464052288,0.5555555555555556,0.23665100921814008,1.768853837616
1262,0.05263157894736842,18,True,0.4945533769063181,0.8333333333333334,0.4988905110011538,0.9141828384352135
1263,0.9473684210526315,1,False,,,,
1264,0.05263157894736842,18,True,0.5002178649237473,0.8888888888888888,0.5602467695939968,0.6143694458867568
1265,0.05263157894736842,18,True,0.4618736383442266,0.8888888888888888,0.5602467695939968,0.6143694458867568
1266,0.05263157894736842,18,True,0.379520697167756,0.5,0.2393728467500651,1.9399824743635556
1267,0.0,19,True,0.45536062378167647,0.5789473684210527,0.28560263299760746,1.428794734004785
1268,0.0,19,True,0.5298245614035088,0.7894736842105263,0.2575124304578764,0.7424875695421236
1269,0.0,19,True,0.4565302144249513,0.7894736842105263,0.470861478386833,1.058277043226334
1270,0.0,19,True,0.5146198830409356,0.7894736842105263,0.42378260447830396,0.9132829641650988
1271,0.0,19,True,0.31423001949317736,0.5263157894736842,0.23665100921814008,1.9732285161344474
1272,0.0,19,True,0.5333333333333333,1.0,1.0,0.0
1273,0.0,19,True,0.3871345029239766,0.47368421052631576,0.19658386084094515,1.6068322783181097
1274,0.0,19,True,0.36335282651072126,0.5789473684210527,0.29436266502391517,1.8240460500219924
1275,0.0,19,True,0.519298245614035,0.8421052631578947,0.5602467695939968,0.8795064608120066
1276,0.0,19,True,0.50682261208577,0.8947368421052632,0.5145392392540866,0.4854607607459134
1277,0.0,19,True,0.36335282651072126,0.5789473684210527,0.2536413168939634,1.9293092079167293
1278,0.0,19,True,0.5111111111111111,0.8421052631578947,0.5602467695939968,0.8795064608120066
1279,0.05263157894736842,18,True,0.4396514161220043,0.7777777777777778,0.3840091092994298,0.9864267287308424
1280,0.05263157894736842,18,True,0.4047930283224401,0.5,0.25334307806277945,1.7233083338141042
1281,0.05263157894736842,18,True,0.5703703703703703,0.9444444444444444,0.6272947035832889,0.3095434291503252
1282,0.05263157894736842,18,True,0.5124183006535947,0.7777777777777778,0.403874569882679,0.9444885341662053
1283,0.05263157894736842,18,True,0.37298474945533766,0.6111111111111112,0.29436266502391517,1.6113834567195195
1284,0.05263157894736842,18,True,0.4875816993464053,0.6666666666666666,0.3269868938901338,1.3355055565170972
1285,0.05263157894736842,18,True,0.5163398692810458,0.8888888888888888,0.5115068636860557,0.5032583347756457
1286,0.05263157894736842,18,True,0.4980392156862745,0.8333333333333334,0.470861478386833,0.8030717273241024
1287,0.05263157894736842,18,True,0.42657952069716776,0.6111111111111112,0.29436266502391517,1.6113834567195195
1288,0.05263157894736842,18,True,0.420479302832244,0.6111111111111112,0.2867214920979325,1.9447167900528528
1289,0.05263157894736842,18,True,0.5276688453159042,0.8888888888888888,0.5602467695939968,0.6143694458867568
1290,0.05263157894736842,18,True,0.48017429193899785,0.6111111111111112,0.28560263299760746,1.1941737342569119
1291,0.05263157894736842,18,True,0.44618736383442265,0.6666666666666666,0.3269868938901338,1.3355055565170972
1292,0.05263157894736842,18,True,0.26492374727668844,0.3888888888888889,0.1675526697089812,2.3220847276178658
1293,0.05263157894736842,18,True,0.4222222222222223,0.6666666666666666,0.3269868938901338,1.3355055565170972
1294,0.05263157894736842,18,True,0.6666666666666666,1.0,0.7025277510807104,0.0
1295,0.05263157894736842,18,True,0.493681917211329,0.8333333333333334,0.4988905110011538,0.9141828384352135
1296,0.05263157894736842,18,True,0.465359477124183,0.6666666666666666,0.2634294358664522,0.9182958340544896
1297,0.05263157894736842,18,True,0.49411764705882355,0.7777777777777778,0.403874569882679,0.9444885341662053
1298,0.05263157894736842,18,True,0.6666666666666666,1.0,0.7025277510807104,0.0
1299,0.05263157894736842,18,True,0.5259259259259259,0.9444444444444444,0.6272947035832889,0.3095434291503252
1300,0.05263157894736842,18,True,0.7185185185185186,0.9444444444444444,0.6272947035832889,0.3095434291503252
1301,0.05263157894736842,18,True,0.6,1.0,0.7025277510807104,0.0
1302,0.05263157894736842,18,True,0.7333333333333333,1.0,0.7025277510807104,0.0
1303,0.05263157894736842,18,True,0.6,1.0,0.7025277510807104,0.0
1304,0.05263157894736842,18,True,0.6666666666666666,1.0,0.7025277510807104,0.0
1305,0.05263157894736842,18,True,0.32156862745098036,0.4444444444444444,0.16177657023373804,2.169925001442312
1306,0.05263157894736842,18,True,0.3437908496732026,0.5,0.2393728467500651,1.9399824743635556
1307,0.05263157894736842,18,True,0.3686274509803921,0.5,0.25838690151454435,1.2516291673878228
1308,0.05263157894736842,18,True,0.514161220043573,0.7777777777777778,0.403874569882679,0.9444885341662053
1309,0.05263157894736842,18,True,0.5333333333333333,1.0,0.7025277510807104,0.0
1310,0.05263157894736842,18,True,0.6,1.0,0.7025277510807104,0.0
1311,0.05263157894736842,18,True,0.39651416122004357,0.7222222222222222,0.38873147359769233,1.497385205007079
1312,0.05263157894736842,18,True,0.4209150326797386,0.7777777777777778,0.44196169314325406,1.2086489509530647
1313,0.05263157894736842,18,True,0.8666666666666667,1.0,0.7025277510807104,0.0
1314,0.05263157894736842,18,True,0.4361655773420479,0.5555555555555556,0.2673721749433876,1.2326602568158205
1315,0.05263157894736842,18,True,0.34814814814814815,0.5,0.2030454343809852,2.2096909728231857
1316,0.05263157894736842,18,True,0.562962962962963,0.9444444444444444,0.6272947035832889,0.3095434291503252
1317,0.05263157894736842,18,True,0.49411764705882355,0.8333333333333334,0.42378260447830396,0.6500224216483541
1318,0.05263157894736842,18,True,0.6666666666666666,1.0,0.7025277510807104,0.0
1319,0.05263157894736842,18,True,0.3607843137254902,0.4444444444444444,0.2275769429533877,1.9749375012019268
1320,0.05263157894736842,18,True,1.0,1.0,0.7025277510807104,0.0
1321,0.05263157894736842,18,True,0.5437908496732026,0.8888888888888888,0.5115068636860557,0.5032583347756457
1322,0.05263157894736842,18,True,0.3973856209150327,0.6111111111111112,0.2867214920979325,1.9447167900528528
1323,0.05263157894736842,18,True,0.3167755991285403,0.5,0.2030454343809852,2.2096909728231857
1324,0.05263157894736842,18,True,0.5808278867102398,0.7222222222222222,0.35250246264226515,1.0529407605626346
1325,0.05263157894736842,18,True,0.36514161220043573,0.6666666666666666,0.2712875592954145,1.224394445405986
1326,0.05263157894736842,18,True,0.3991285403050109,0.5,0.1818816931582793,1.9182958340544893
1327,0.05263157894736842,18,True,0.26143790849673204,0.4444444444444444,0.17056421755728324,2.4613201402110083
1328,0.05263157894736842,18,True,0.6666666666666666,1.0,0.7025277510807104,0.0
1329,0.05263157894736842,18,True,0.4823529411764706,0.8888888888888888,0.5602467695939968,0.6143694458867568
1330,0.05263157894736842,18,True,0.37037037037037035,0.4444444444444444,0.1805153902556471,2.2810361125534233
1331,0.05263157894736842,18,True,0.6148148148148148,0.9444444444444444,0.6272947035832889,0.3095434291503252
1332,0.05263157894736842,18,True,0.48888888888888893,0.9444444444444444,0.6272947035832889,0.3095434291503252
1333,0.05263157894736842,18,True,0.7333333333333333,1.0,0.7025277510807104,0.0
1334,0.05263157894736842,18,True,0.5333333333333333,1.0,0.7025277510807104,0.0
1335,0.05263157894736842,18,True,0.5777777777777778,0.9444444444444444,0.6272947035832889,0.3095434291503252
1336,0.05263157894736842,18,True,0.7333333333333333,1.0,0.7025277510807104,0.0
1337,0.05263157894736842,18,True,0.4718954248366013,0.6111111111111112,0.23559909273734103,1.2997367636952522
1338,0.05263157894736842,18,True,0.6666666666666666,1.0,0.7025277510807104,0.0
1339,0.05263157894736842,18,True,1.0,1.0,0.7025277510807104,0.0
1340,0.05263157894736842,18,True,0.5276688453159042,0.8888888888888888,0.5602467695939968,0.6143694458867568
1341,0.05263157894736842,18,True,0.47581699346405226,0.5555555555555556,0.2199270264698785,0.9910760598382222
1342,0.05263157894736842,18,True,0.6244008714596949,0.8333333333333334,0.4988905110011538,0.9141828384352135
1343,0.05263157894736842,18,True,0.6666666666666666,1.0,0.7025277510807104,0.0
1344,0.05263157894736842,18,True,0.5198257080610021,0.8888888888888888,0.5602467695939968,0.6143694458867568
1345,0.0,19,True,0.31228070175438594,0.5263157894736842,0.21101139994137985,1.5779772001172403
1346,0.0,19,True,0.5216374269005848,0.8421052631578947,0.5602467695939968,0.8795064608120066
1347,0.0,19,True,0.464327485380117,0.7368421052631579,0.403874569882679,1.192250860234642
1348,0.0,19,True,0.5052631578947369,0.9473684210526315,0.7025277510807104,0.2974722489192896
1349,0.0,19,True,0.6,1.0,1.0,0.0
1350,0.0,19,True,0.3555555555555555,0.7368421052631579,0.4240799522429881,1.3372449392958772
1351,0.0,19,True,0.42923976608187137,0.6842105263157895,0.368718405808535,1.4657904693384451
1352,0.0,19,True,0.7298245614035088,0.8947368421052632,0.6272947035832889,0.5907239186406502
1353,0.0,19,True,0.48888888888888893,0.8421052631578947,0.5115068636860557,0.7742433029172697
1354,0.0,19,True,0.3044834307992203,0.42105263157894735,0.1805153902556471,2.4584538292330587
1355,0.0,19,True,0.4202729044834308,0.7368421052631579,0.403874569882679,1.192250860234642
1356,0.0,19,True,0.5333333333333333,1.0,1.0,0.0
1357,0.0,19,True,0.3426900584795322,0.631578947368421,0.2987636957331652,1.6282202760321465
1358,0.0,19,True,0.31345029239766087,0.47368421052631576,0.21465505822008046,2.0300872246321315
1359,0.0,19,True,0.5052631578947369,0.9473684210526315,0.7025277510807104,0.2974722489192896
1360,0.0,19,True,0.6799220272904484,0.8947368421052632,0.5145392392540866,0.4854607607459134
1361,0.0,19,True,0.2409356725146199,0.3157894736842105,0.14322246009647543,2.5703326197105736
1362,0.0,19,True,0.38908382066276803,0.5789473684210527,0.2752707006065839,2.034572365811466
1363,0.0,19,True,0.31734892787524366,0.3684210526315789,0.12270902131760208,2.4628671470807624
1364,0.0,19,True,0.49200779727095517,0.8421052631578947,0.5602467695939968,0.8795064608120066
1365,0.0,19,True,0.39415204678362575,0.7368421052631579,0.4240799522429881,1.3372449392958772
1366,0.0,19,True,0.2608187134502924,0.3684210526315789,0.13071292461933426,2.6078612261419973
1367,0.0,19,True,0.2760233918128655,0.3157894736842105,0.09313907461799564,2.720582776146013
1368,0.0,19,True,0.47407407407407404,0.8421052631578947,0.5602467695939968,0.8795064608120066
1369,0.0,19,True,0.519298245614035,0.9473684210526315,0.7025277510807104,0.2974722489192896
1370,0.0,19,True,0.4935672514619883,0.8421052631578947,0.5602467695939968,0.8795064608120066
1371,0.0,19,True,0.4842105263157895,0.9473684210526315,0.7025277510807104,0.2974722489192896
1372,0.0,19,True,0.6666666666666666,1.0,1.0,0.0
1373,0.0,19,True,0.5376218323586744,0.8947368421052632,0.6272947035832889,0.5907239186406502
1374,0.0,19,True,0.4327485380116959,0.631578947368421,0.2634294358664522,1.1674367232867007
1375,0.0,19,True,0.5181286549707603,0.7368421052631579,0.16852561199027072,0.8314743880097293
1376,0.0,19,True,0.6666666666666666,1.0,1.0,0.0
1377,0.0,19,True,0.5649122807017544,0.9473684210526315,0.7025277510807104,0.2974722489192896
1378,0.0,19,True,0.6046783625730995,0.8947368421052632,0.6272947035832889,0.5907239186406502
1379,0.0,19,True,0.6,1.0,1.0,0.0
1380,0.0,19,True,0.4927875243664718,0.8421052631578947,0.5602467695939968,0.8795064608120066
1381,0.0,19,True,0.5060428849902534,0.8947368421052632,0.6272947035832889,0.5907239186406502
1382,0.0,19,True,0.4167641325536062,0.6842105263157895,0.24936273490419736,1.1897319168207328
1383,0.0,19,True,0.6,1.0,1.0,0.0
1384,0.0,19,True,0.49980506822612086,0.8421052631578947,0.5602467695939968,0.8795064608120066
1385,0.9473684210526315,1,False,,,,
1386,0.0,19,True,0.4576998050682261,0.8947368421052632,0.6272947035832889,0.5907239186406502
1387,0.0,19,True,0.6666666666666666,1.0,1.0,0.0
1388,0.0,19,True,0.5118908382066276,0.8947368421052632,0.6272947035832889,0.5907239186406502
1389,0.0,19,True,0.5321637426900584,0.7894736842105263,0.2575124304578764,0.7424875695421236
1390,0.0,19,True,0.4510721247563353,0.631578947368421,0.31402704890353805,1.7732143550933817
1391,0.0,19,True,0.5103313840155945,0.7368421052631579,0.403874569882679,1.192250860234642
1392,0.0,19,True,0.45536062378167647,0.8421052631578947,0.5115068636860557,0.7742433029172697
1393,0.0,19,True,0.4456140350877193,0.7894736842105263,0.42378260447830396,0.9132829641650988
1394,0.0,19,True,0.5263157894736843,0.9473684210526315,0.7025277510807104,0.2974722489192896
1395,0.0,19,True,0.3395711500974659,0.5263157894736842,0.2362832736567574,2.1440239107574226
1396,0.0,19,True,0.48576998050682263,0.8947368421052632,0.6272947035832889,0.5907239186406502
1397,0.0,19,True,0.5060428849902534,0.7368421052631579,0.16852561199027072,0.8314743880097293
1398,0.0,19,True,0.47680311890838206,0.7894736842105263,0.470861478386833,1.058277043226334
1399,0.0,19,True,0.512280701754386,0.9473684210526315,0.7025277510807104,0.2974722489192896
1400,0.0,19,True,0.39766081871345027,0.47368421052631576,0.25838690151454435,1.4832261969709113
1401,0.0,19,True,0.3317738791423002,0.5789473684210527,0.29436266502391517,1.8240460500219924
1402,0.0,19,True,0.31345029239766087,0.5789473684210527,0.2894231402765127,1.9948414446449676
1403,0.0,19,True,0.4580896686159844,0.47368421052631576,0.19658386084094503,1.60683227831811
1404,0.0,19,True,0.405458089668616,0.7894736842105263,0.4988905110011538,1.1635402011210707
1405,0.15789473684210525,16,True,0.36166666666666664,0.4375,0.13070895485323664,1.9211796919474973
1406,0.15789473684210525,16,True,0.2588888888888889,0.4375,0.13157084033512245,2.521782221599798
1407,0.9473684210526315,1,False,,,,
1408,0.9473684210526315,1,False,,,,
1409,0.8947368421052632,2,False,,,,
1410,0.0,19,True,0.32046783625730996,0.47368421052631576,0.20919571487351996,2.220068302234069
1411,0.0,19,True,0.30838206627680315,0.42105263157894735,0.15867131134623425,2.523986065961297
1412,0.0,19,True,0.4140350877192983,0.631578947368421,0.3293970672908122,1.7334834339268832
1413,0.0,19,True,0.41988304093567247,0.47368421052631576,0.21409410126225947,1.824816986216862
1414,0.0,19,True,0.519298245614035,0.9473684210526315,0.7025277510807104,0.2974722489192896
1415,0.0,19,True,0.42729044834307994,0.6842105263157895,0.368718405808535,1.4657904693384451
1416,0.0,19,True,0.2927875243664717,0.42105263157894735,0.13080188868938503,2.0182155146751497
1417,0.0,19,True,0.42300194931773877,0.5789473684210527,0.23559909273734092,1.5288018145253182
1418,0.0,19,True,0.63859649122807,0.9473684210526315,0.7025277510807104,0.2974722489192896
1419,0.0,19,True,0.6713450292397661,0.8421052631578947,0.5602467695939968,0.8795064608120066
1420,0.0,19,True,0.45458089668615986,0.8421052631578947,0.5602467695939968,0.8795064608120066
1421,0.0,19,True,0.33489278752436646,0.5263157894736842,0.19592966108818832,2.078491674029184
1422,0.0,19,True,0.5060428849902534,0.8947368421052632,0.6272947035832889,0.5907239186406502
1423,0.0,19,True,0.6771929824561405,0.9473684210526315,0.7025277510807104,0.2974722489192896
1424,0.0,19,True,0.41559454191033135,0.47368421052631576,0.18813457241778053,1.8850931455708966
1425,0.0,19,True,0.5333333333333333,1.0,1.0,0.0
1426,0.0,19,True,0.5005847953216375,0.8421052631578947,0.5115068636860557,0.7742433029172697
1427,0.0,19,True,0.6011695906432749,0.8421052631578947,0.5602467695939968,0.8795064608120066
1428,0.0,19,True,0.4608187134502924,0.8421052631578947,0.5115068636860557,0.7742433029172697
1429,0.0,19,True,0.3621832358674464,0.47368421052631576,0.2626406304386867,1.7120954362128467
1430,0.0,19,True,0.5894736842105263,0.7894736842105263,0.470861478386833,1.058277043226334
1431,0.0,19,True,0.5247563352826511,0.8947368421052632,0.6272947035832889,0.5907239186406502
1432,0.0,19,True,0.3750487329434698,0.5789473684210527,0.2597604999432015,1.7187828921272557
1433,0.0,19,True,0.5060428849902534,0.8947368421052632,0.6272947035832889,0.5907239186406502
1434,0.0,19,True,0.46588693957115007,0.8947368421052632,0.6272947035832889,0.5907239186406502
1435,0.0,19,True,0.3111111111111111,0.5789473684210527,0.16494454884084453,1.3235315761100483
1436,0.0,19,True,0.4982456140350877,0.9473684210526315,0.7025277510807104,0.2974722489192896
1437,0.0,19,True,0.4982456140350877,0.9473684210526315,0.7025277510807104,0.2974722489192896
1438,0.0,19,True,0.49941520467836253,0.7894736842105263,0.42378260447830396,0.9132829641650988
1439,0.0,19,True,0.49941520467836253,0.8947368421052632,0.6272947035832889,0.5907239186406502
1440,0.0,19,True,0.6245614035087719,0.9473684210526315,0.7025277510807104,0.2974722489192896
1441,0.0,19,True,0.512280701754386,0.9473684210526315,0.7025277510807104,0.2974722489192896
1442,0.0,19,True,0.34619883040935673,0.42105263157894735,0.20530794671029118,1.8452178053170998
1443,0.0,19,True,0.3672514619883041,0.5789473684210527,0.26901133528123755,1.8895782867502309
1444,0.0,19,True,0.4159844054580896,0.5263157894736842,0.2750678362011758,1.683240358011977
1445,0.0,19,True,0.4935672514619883,0.8947368421052632,0.5145392392540866,0.4854607607459134
1446,0.0,19,True,0.5637426900584794,0.8947368421052632,0.6272947035832889,0.5907239186406502
1447,0.0,19,True,0.30292397660818715,0.47368421052631576,0.20002593917380795,2.535857775918279
1448,0.0,19,True,0.25692007797270955,0.42105263157894735,0.14542767095740128,2.5637169871277963
1449,0.0,19,True,0.2838206627680312,0.3684210526315789,0.11746928423050151,2.6475921473084956
1450,0.0,19,True,0.41130604288499023,0.631578947368421,0.28165251935609237,1.6679511971986447
1451,0.0,19,True,0.3317738791423002,0.47368421052631576,0.20304543438098532,2.390863696857044
1452,0.0,19,True,0.3111111111111111,0.47368421052631576,0.2125596493241808,2.4961268547517808
1453,0.9473684210526315,1,False,,,,
1454,0.9473684210526315,1,False,,,,
1455,0.9473684210526315,1,False,,,,
1456,0.9473684210526315,1,False,,,,
1457,0.9473684210526315,1,False,,,,
1458,0.42105263157894735,11,True,0.2412121212121212,0.18181818181818182,0.15803050740691038,2.9139770731827523
1459,0.21052631578947367,15,True,0.4006349206349206,0.6,0.1345373739740725,1.6049355947431312
1460,0.3157894736842105,13,True,0.4641025641025641,0.6923076923076923,0.21409410126225947,1.3520301017579528
1461,0.05263157894736842,18,True,0.2657952069716776,0.3888888888888889,0.11746928423050151,2.4806821149663847
1462,0.05263157894736842,18,True,0.25925925925925924,0.2222222222222222,0.06665179384033026,2.6416041678685938
1463,0.05263157894736842,18,True,0.30413943355119827,0.3333333333333333,0.12192454098069472,2.288019280279689
1464,0.05263157894736842,18,True,0.534640522875817,0.8888888888888888,0.5602467695939968,0.6143694458867568
1465,0.0,19,True,0.4717348927875244,0.8421052631578947,0.5115068636860557,0.7742433029172697
1466,0.0,19,True,0.29785575048732943,0.47368421052631576,0.25334307806277934,1.930080144111599
1467,0.0,19,True,0.3333333333333333,0.47368421052631576,0.2626406304386867,1.7120954362128467
1468,0.0,19,True,0.3859649122807018,0.5789473684210527,0.29436266502391517,1.8240460500219924
1469,0.0,19,True,0.3446393762183236,0.42105263157894735,0.20184431586908624,2.063202513215852
1470,0.0,19,True,0.31228070175438594,0.47368421052631576,0.21465505822008046,2.0300872246321315
1471,0.0,19,True,0.3820662768031189,0.631578947368421,0.31402704890353816,1.7732143550933814
1472,0.0,19,True,0.5844054580896686,0.8947368421052632,0.6272947035832889,0.5907239186406502
1473,0.0,19,True,0.3286549707602339,0.47368421052631576,0.1402230858389375,1.719553828322125
1474,0.0,19,True,0.34502923976608185,0.47368421052631576,0.25838690151454435,1.4832261969709113
1475,0.9473684210526315,1,False,,,,
1476,0.9473684210526315,1,False,,,,
1477,0.9473684210526315,1,False,,,,
1478,0.0,19,True,0.4350877192982456,0.7894736842105263,0.4988905110011538,1.1635402011210707
1479,0.9473684210526315,1,False,,,,
1480,0.9473684210526315,1,False,,,,
1481,0.0,19,True,0.44678362573099417,0.47368421052631576,0.13060211932509258,1.3779630390761746
1482,0.0,19,True,0.44093567251461985,0.5263157894736842,0.2673721749433876,1.4652556501132248
1483,0.0,19,True,0.33567251461988307,0.42105263157894735,0.19182571696241768,1.6163485660751646
1484,0.0,19,True,0.484990253411306,0.8947368421052632,0.6272947035832889,0.5907239186406502
1485,0.0,19,True,0.4331384015594542,0.8421052631578947,0.5602467695939968,0.8795064608120066
1486,0.0,19,True,0.27329434697855753,0.42105263157894735,0.1785263144136614,2.1234786725698864
1487,0.0,19,True,0.5863547758284601,0.8947368421052632,0.5145392392540866,0.4854607607459134
1488,0.0,19,True,0.5454191033138401,0.8421052631578947,0.5602467695939968,0.8795064608120066
1489,0.0,19,True,0.3773879142300195,0.47368421052631576,0.19658386084094515,1.6068322783181097
1490,0.0,19,True,0.543859649122807,0.9473684210526315,0.7025277510807104,0.2974722489192896
1491,0.0,19,True,0.464327485380117,0.8947368421052632,0.6272947035832889,0.5907239186406502
1492,0.0,19,True,0.5052631578947369,0.8421052631578947,0.5602467695939968,0.8795064608120066
1493,0.0,19,True,0.4576998050682261,0.8947368421052632,0.6272947035832889,0.5907239186406502
1494,0.05263157894736842,18,True,0.6636165577342048,0.8888888888888888,0.5602467695939968,0.6143694458867568
1495,0.05263157894736842,18,True,0.4540305010893246,0.7777777777777778,0.44196169314325406,1.2086489509530647
1496,0.05263157894736842,18,True,0.6631808278867103,0.8888888888888888,0.5602467695939968,0.6143694458867568
1497,0.05263157894736842,18,True,0.39694989106753814,0.6666666666666666,0.3269868938901338,1.3355055565170972
1498,0.05263157894736842,18,True,0.4335511982570806,0.7777777777777778,0.4240799522429881,1.0975378398419535
1499,0.05263157894736842,18,True,0.7037037037037037,0.9444444444444444,0.6272947035832889,0.3095434291503252
1500,0.05263157894736842,18,True,0.45359477124183006,0.8888888888888888,0.5602467695939968,0.6143694458867568
1501,0.05263157894736842,18,True,0.4893246187363835,0.8888888888888888,0.5602467695939968,0.6143694458867568
1502,0.05263157894736842,18,True,0.6666666666666666,1.0,0.7025277510807104,0.0
1503,0.05263157894736842,18,True,0.46143790849673205,0.8333333333333334,0.4988905110011538,0.9141828384352135
1504,0.05263157894736842,18,True,0.4174291938997821,0.5,0.21409410126225947,1.612197222702993
1505,0.9473684210526315,1,False,,,,
1506,0.9473684210526315,1,False,,,,
1507,0.9473684210526315,1,False,,,,
1508,0.9473684210526315,1,False,,,,
1509,0.9473684210526315,1,False,,,,
1510,0.9473684210526315,1,False,,,,
1511,0.9473684210526315,1,False,,,,
1512,0.9473684210526315,1,False,,,,
1513,0.9473684210526315,1,False,,,,
1514,0.9473684210526315,1,False,,,,
1515,0.9473684210526315,1,False,,,,
1516,0.9473684210526315,1,False,,,,
1517,0.9473684210526315,1,False,,,,
1518,0.9473684210526315,1,False,,,,
1519,0.9473684210526315,1,False,,,,
1520,0.9473684210526315,1,False,,,,
1521,0.9473684210526315,1,False,,,,
1522,0.9473684210526315,1,False,,,,
1523,0.9473684210526315,1,False,,,,
1524,0.9473684210526315,1,False,,,,
1525,0.9473684210526315,1,False,,,,
1526,0.05263157894736842,18,True,0.5228758169934641,0.6666666666666666,0.3269868938901338,1.3355055565170972
1527,0.05263157894736842,18,True,0.5233115468409586,0.6111111111111112,0.2360639286070707,0.964078764808229
1528,0.05263157894736842,18,True,0.31851851851851853,0.3888888888888889,0.1479243275641523,2.210973616506754
1529,0.5263157894736842,9,True,0.48888888888888893,0.8888888888888888,0.2199270264698785,0.5032583347756457
1530,0.05263157894736842,18,True,0.3115468409586057,0.3888888888888889,0.1675526697089812,2.3220847276178658
1531,0.05263157894736842,18,True,0.3660130718954248,0.5,0.18585266116365706,2.098579861712074
1532,0.05263157894736842,18,True,0.424400871459695,0.4444444444444444,0.20530794671029118,1.6337314206421327
1533,0.05263157894736842,18,True,0.4065359477124183,0.5555555555555556,0.22666969786273672,1.7960885595978366
1534,0.05263157894736842,18,True,0.5311546840958605,0.8333333333333334,0.470861478386833,0.8030717273241024
1535,0.05263157894736842,18,True,0.6222222222222221,0.9444444444444444,0.6272947035832889,0.3095434291503252
1536,0.05263157894736842,18,True,1.0,1.0,0.7025277510807104,0.0
1537,0.05263157894736842,18,True,0.48888888888888893,0.7777777777777778,0.4240799522429881,1.0975378398419535
1538,0.05263157894736842,18,True,0.6309368191721133,0.8333333333333334,0.4988905110011538,0.9141828384352135
1539,0.05263157894736842,18,True,0.5437908496732026,0.8888888888888888,0.5115068636860557,0.5032583347756457
1540,0.05263157894736842,18,True,0.33464052287581697,0.4444444444444444,0.16315629602638737,1.969389419529156
1541,0.05263157894736842,18,True,0.3821350762527233,0.3888888888888889,0.14886155039635407,1.7720772537350808
1542,0.05263157894736842,18,True,0.477995642701525,0.8333333333333334,0.470861478386833,0.8030717273241024
1543,0.05263157894736842,18,True,0.5111111111111111,0.9444444444444444,0.6272947035832889,0.3095434291503252
1544,0.05263157894736842,18,True,0.5185185185185185,0.9444444444444444,0.6272947035832889,0.3095434291503252
1545,0.05263157894736842,18,True,0.420479302832244,0.6666666666666666,0.3293970672908122,1.5157895841746822
1546,0.05263157894736842,18,True,0.5089324618736383,0.7222222222222222,0.35250246264226515,1.0529407605626346
1547,0.05263157894736842,18,True,0.5080610021786492,0.7777777777777778,0.4240799522429881,1.0975378398419535
1548,0.05263157894736842,18,True,0.2139433551198257,0.3333333333333333,0.16331451321448698,2.3355055565170972
1549,0.10526315789473684,17,True,0.2833333333333333,0.29411764705882354,0.04693355422111101,2.4477979600193267
1550,0.10526315789473684,17,True,0.35343137254901963,0.5882352941176471,0.23699400339378085,2.0157404324930677
1551,0.10526315789473684,17,True,0.4666666666666667,0.8235294117647058,0.4240799522429881,0.951994081908783
1552,0.10526315789473684,17,True,0.47990196078431374,0.8235294117647058,0.4240799522429881,0.951994081908783
1553,0.8947368421052632,2,False,,,,
1554,0.8947368421052632,2,False,,,,
1555,0.8947368421052632,2,False,,,,
1556,0.8947368421052632,2,False,,,,
1557,0.8947368421052632,2,False,,,,
1558,0.9473684210526315,1,False,,,,
1559,0.9473684210526315,1,False,,,,
1560,0.9473684210526315,1,False,,,,
1561,0.9473684210526315,1,False,,,,
1562,0.9473684210526315,1,False,,,,
1563,0.9473684210526315,1,False,,,,
1564,0.9473684210526315,1,False,,,,
1565,0.9473684210526315,1,False,,,,
1566,0.9473684210526315,1,False,,,,
1567,0.9473684210526315,1,False,,,,
1568,0.9473684210526315,1,False,,,,
1569,0.9473684210526315,1,False,,,,
1570,0.9473684210526315,1,False,,,,
1571,0.9473684210526315,1,False,,,,
1572,0.9473684210526315,1,False,,,,
1573,0.9473684210526315,1,False,,,,
1574,0.9473684210526315,1,False,,,,
1575,0.9473684210526315,1,False,,,,
1576,0.9473684210526315,1,False,,,,
1577,0.9473684210526315,1,False,,,,
1578,0.9473684210526315,1,False,,,,
1579,0.9473684210526315,1,False,,,,
1580,0.9473684210526315,1,False,,,,
1581,0.9473684210526315,1,False,,,,
1582,0.9473684210526315,1,False,,,,
1583,0.9473684210526315,1,False,,,,
1584,0.9473684210526315,1,False,,,,
1585,0.9473684210526315,1,False,,,,
1586,0.9473684210526315,1,False,,,,
1587,0.9473684210526315,1,False,,,,
1588,0.9473684210526315,1,False,,,,
1589,0.9473684210526315,1,False,,,,
1590,0.9473684210526315,1,False,,,,
1591,0.9473684210526315,1,False,,,,
1592,0.9473684210526315,1,False,,,,
1593,0.9473684210526315,1,False,,,,
1594,0.9473684210526315,1,False,,,,
1595,0.9473684210526315,1,False,,,,
1596,0.9473684210526315,1,False,,,,
1597,0.9473684210526315,1,False,,,,
1598,0.9473684210526315,1,False,,,,
1599,0.9473684210526315,1,False,,,,
1600,0.9473684210526315,1,False,,,,
1601,0.9473684210526315,1,False,,,,
1602,0.9473684210526315,1,False,,,,
1603,0.9473684210526315,1,False,,,,
1604,0.9473684210526315,1,False,,,,
1605,0.8947368421052632,2,False,,,,
1606,0.8947368421052632,2,False,,,,
1607,0.8947368421052632,2,False,,,,
1608,0.8947368421052632,2,False,,,,
1609,0.8947368421052632,2,False,,,,
1610,0.8947368421052632,2,False,,,,
1611,0.10526315789473684,17,True,0.30833333333333335,0.5294117647058824,0.20002593917380795,2.291620193427939
1612,0.05263157894736842,18,True,0.4823529411764706,0.8888888888888888,0.5602467695939968,0.6143694458867568
1613,0.05263157894736842,18,True,0.37995642701525056,0.5,0.2626406304386867,1.4932133643654213
1614,0.05263157894736842,18,True,0.4753812636165577,0.6666666666666666,0.3293970672908122,1.5157895841746822
1615,0.05263157894736842,18,True,0.3917211328976035,0.5555555555555556,0.2362832736567574,1.949137865273585
1616,0.05263157894736842,18,True,0.4793028322440087,0.8333333333333334,0.4988905110011538,0.9141828384352135
1617,0.05263157894736842,18,True,0.562962962962963,0.9444444444444444,0.6272947035832889,0.3095434291503252
1618,0.05263157894736842,18,True,0.4418300653594771,0.6111111111111112,0.2360639286070707,0.964078764808229
1619,0.05263157894736842,18,True,0.3533769063180828,0.6111111111111112,0.2752707006065839,1.8336056789417416
1620,0.05263157894736842,18,True,0.5333333333333333,1.0,0.7025277510807104,0.0
1621,0.05263157894736842,18,True,0.5045751633986928,0.8333333333333334,0.470861478386833,0.8030717273241024
1622,0.05263157894736842,18,True,0.5211328976034859,0.8333333333333334,0.4988905110011538,0.9141828384352135
1623,0.05263157894736842,18,True,0.48453159041394334,0.7777777777777778,0.3555333547974129,0.7642045065086203
1624,0.05263157894736842,18,True,0.4993464052287582,0.6666666666666666,0.2634294358664522,0.9182958340544896
1625,0.05263157894736842,18,True,0.34030501089324616,0.3888888888888889,0.1976336043635435,1.8753156176197312
1626,0.05263157894736842,18,True,0.5538126361655773,0.7222222222222222,0.368718405808535,1.2332247882202196
1627,0.05263157894736842,18,True,0.3633986928104575,0.4444444444444444,0.13080188868938503,1.8163401138534079
1628,0.05263157894736842,18,True,0.49978213507625274,0.6111111111111112,0.2360639286070707,0.964078764808229
1629,0.05263157894736842,18,True,0.4522875816993464,0.6666666666666666,0.3269868938901338,1.3355055565170972
1630,0.05263157894736842,18,True,0.5276688453159042,0.8888888888888888,0.5602467695939968,0.6143694458867568
1631,0.05263157894736842,18,True,0.44618736383442265,0.7777777777777778,0.403874569882679,0.9444885341662053
1632,0.05263157894736842,18,True,0.4300653594771242,0.7777777777777778,0.4240799522429881,1.0975378398419535
1633,0.10526315789473684,17,True,0.35833333333333334,0.5882352941176471,0.23199713097962404,1.450467463408549
1634,0.05263157894736842,18,True,0.35076252723311546,0.5,0.2626406304386867,1.4932133643654213
1635,0.05263157894736842,18,True,0.39084967320261443,0.5,0.25334307806277945,1.7233083338141042
1636,0.05263157894736842,18,True,0.49150326797385624,0.7777777777777778,0.44196169314325406,1.2086489509530647
1637,0.05263157894736842,18,True,0.5925925925925927,0.8888888888888888,0.5115068636860557,0.5032583347756457
1638,0.05263157894736842,18,True,0.45838779956427017,0.7222222222222222,0.3197363442781458,1.1221136771091087
1639,0.05263157894736842,18,True,0.5555555555555555,0.8888888888888888,0.5115068636860557,0.5032583347756457
1640,0.05263157894736842,18,True,0.5350762527233115,0.8888888888888888,0.5602467695939968,0.6143694458867568
1641,0.05263157894736842,18,True,0.39607843137254906,0.6666666666666666,0.31402704890353805,1.5577277787393193
1642,0.05263157894736842,18,True,0.31198257080610026,0.4444444444444444,0.1805153902556471,2.2810361125534233
1643,0.05263157894736842,18,True,0.2793028322440087,0.3888888888888889,0.13157084033512267,2.5917932260774954
1644,0.05263157894736842,18,True,0.4544662309368192,0.6111111111111112,0.2962465220098368,1.4108478748063633
1645,0.05263157894736842,18,True,0.4954248366013072,0.5555555555555556,0.2199270264698785,0.9910760598382222
1646,0.05263157894736842,18,True,0.27712418300653596,0.4444444444444444,0.17056421755728335,2.4613201402110083
1647,0.7368421052631579,5,True,0.23333333333333334,0.4,0.4240799522429881,1.9219280948873623
1648,0.05263157894736842,18,True,0.3281045751633987,0.7222222222222222,0.3768634756015604,1.386274093895968
1649,0.0,19,True,0.42923976608187137,0.5789473684210527,0.16494454884084453,1.3235315761100483
1650,0.0,19,True,0.4124756335282651,0.7368421052631579,0.3840091092994299,1.2319817814011402
1651,0.0,19,True,0.49551656920077974,0.7894736842105263,0.470861478386833,1.058277043226334
1652,0.0,19,True,0.5185185185185185,0.8421052631578947,0.5602467695939968,0.8795064608120066
1653,0.0,19,True,0.3286549707602339,0.5263157894736842,0.21129967947546247,2.038760752862686
1654,0.0,19,True,0.519298245614035,0.8421052631578947,0.5602467695939968,0.8795064608120066
1655,0.0,19,True,0.29200779727095516,0.42105263157894735,0.16177657023373793,2.3531906713383224
1656,0.0,19,True,0.29629629629629634,0.5263157894736842,0.23665100921814008,1.9732285161344474
1657,0.0,19,True,0.2541910331384016,0.3684210526315789,0.13962061144647375,2.858118463097969
1658,0.0,19,True,0.519298245614035,0.7368421052631579,0.403874569882679,1.192250860234642
1659,0.0,19,True,0.6046783625730995,0.8947368421052632,0.6272947035832889,0.5907239186406502
1660,0.0,19,True,0.5017543859649123,0.631578947368421,0.050547984612051566,0.9494520153879484
1661,0.0,19,True,0.28226120857699805,0.42105263157894735,0.17682974957846265,2.7345123817507706
1662,0.0,19,True,0.41637426900584795,0.631578947368421,0.3269868938901337,1.562688039303908
1663,0.0,19,True,0.4608187134502924,0.631578947368421,0.2634294358664522,1.1674367232867007
1664,0.0,19,True,0.5508771929824562,0.9473684210526315,0.7025277510807104,0.2974722489192896
1665,0.0,19,True,0.49902534113060426,0.8947368421052632,0.6272947035832889,0.5907239186406502
1666,0.0,19,True,0.31306042884990254,0.47368421052631576,0.2626406304386867,1.7120954362128467
1667,0.0,19,True,0.519298245614035,0.7894736842105263,0.42378260447830396,0.9132829641650988
1668,0.0,19,True,0.33255360623781677,0.47368421052631576,0.2626406304386867,1.7120954362128467
1669,0.0,19,True,0.28460038986354774,0.47368421052631576,0.18980179399215247,2.4305946180235427
1670,0.0,19,True,0.30058479532163745,0.42105263157894735,0.20875469682471393,2.373735909525858
1671,0.0,19,True,0.4732943469785575,0.8421052631578947,0.5115068636860557,0.7742433029172697
1672,0.0,19,True,0.6701754385964912,0.9473684210526315,0.7025277510807104,0.2974722489192896
1673,0.0,19,True,0.31072124756335284,0.42105263157894735,0.16177657023373804,2.353190671338322
1674,0.0,19,True,0.519298245614035,0.9473684210526315,0.7025277510807104,0.2974722489192896
1675,0.0,19,True,0.484990253411306,0.8947368421052632,0.6272947035832889,0.5907239186406502
1676,0.0,19,True,0.3044834307992203,0.5263157894736842,0.2446883927462009,2.3942811477133943
1677,0.0,19,True,0.5789473684210527,0.9473684210526315,0.7025277510807104,0.2974722489192896
1678,0.05263157894736842,18,True,0.5555555555555555,0.6666666666666666,0.31364651914901487,1.134969974603941
1679,0.05263157894736842,18,True,0.3263616557734205,0.5555555555555556,0.2446883927462009,2.2132982820604443
1680,0.05263157894736842,18,True,0.36165577342047933,0.5,0.2626406304386868,1.4932133643654213
1681,0.05263157894736842,18,True,0.6222222222222221,0.9444444444444444,0.6272947035832889,0.3095434291503252
1682,0.05263157894736842,18,True,0.3037037037037037,0.5555555555555556,0.23699400339378085,2.102187170949333
1683,0.05263157894736842,18,True,0.49411764705882355,0.8333333333333334,0.4988905110011538,0.9141828384352135
1684,0.05263157894736842,18,True,0.548148148148148,0.9444444444444444,0.6272947035832889,0.3095434291503252
1685,0.05263157894736842,18,True,0.4531590413943355,0.6666666666666666,0.2712875592954145,1.224394445405986
1686,0.05263157894736842,18,True,0.3254901960784314,0.4444444444444444,0.1919537021102833,2.080500530640267
1687,0.05263157894736842,18,True,0.5538126361655773,0.8333333333333334,0.4988905110011538,0.9141828384352135
1688,0.05263157894736842,18,True,0.48888888888888893,0.9444444444444444,0.6272947035832889,0.3095434291503252
1689,0.05263157894736842,18,True,0.4784313725490196,0.8333333333333334,0.470861478386833,0.8030717273241024
1690,0.05263157894736842,18,True,0.32156862745098036,0.5,0.20304543438098532,2.2096909728231857
1691,0.0,19,True,0.4576998050682261,0.5263157894736842,0.2199270264698785,1.2363864108712896
1692,0.0,19,True,0.5988304093567252,0.8947368421052632,0.6272947035832889,0.5907239186406502
1693,0.0,19,True,0.42807017543859643,0.7894736842105263,0.4988905110011538,1.1635402011210707
1694,0.0,19,True,0.560233918128655,0.7368421052631579,0.3840091092994299,1.2319817814011402
1695,0.0,19,True,0.5867446393762183,0.8947368421052632,0.5145392392540866,0.4854607607459134
1696,0.0,19,True,0.5165692007797271,0.7368421052631579,0.403874569882679,1.192250860234642
1697,0.0,19,True,0.512280701754386,0.9473684210526315,0.7025277510807104,0.2974722489192896
1698,0.0,19,True,0.49122807017543857,0.7894736842105263,0.470861478386833,1.058277043226334
1699,0.0,19,True,0.38986354775828463,0.6842105263157895,0.368718405808535,1.4657904693384451
1700,0.0,19,True,0.6771929824561405,0.9473684210526315,0.7025277510807104,0.2974722489192896
1701,0.0,19,True,0.4853801169590643,0.7894736842105263,0.42378260447830396,0.9132829641650988
1702,0.0,19,True,0.45614035087719296,0.7894736842105263,0.4988905110011538,1.1635402011210707
1703,0.0,19,True,0.33450292397660825,0.47368421052631576,0.20919571487351973,2.2200683022340693
1704,0.0,19,True,0.5719298245614034,0.9473684210526315,0.7025277510807104,0.2974722489192896
1705,0.0,19,True,0.34074074074074073,0.5789473684210527,0.23559909273734103,1.528801814525318
1706,0.0,19,True,0.5255360623781676,0.8421052631578947,0.5602467695939968,0.8795064608120066
1707,0.0,19,True,0.3902534113060429,0.6842105263157895,0.38873147359769233,1.716047706294417
1708,0.0,19,True,0.5824561403508771,0.7368421052631579,0.35553335479741277,1.0214554656116668
1709,0.0,19,True,0.4810916179337232,0.8947368421052632,0.5145392392540866,0.4854607607459134
1710,0.0,19,True,0.4421052631578947,0.631578947368421,0.2987636957331653,1.6282202760321463
1711,0.0,19,True,0.3543859649122807,0.5789473684210527,0.19324013288374053,1.613519734232519
1712,0.0,19,True,0.4982456140350877,0.9473684210526315,0.7025277510807104,0.2974722489192896
1713,0.0,19,True,0.48693957115009745,0.8421052631578947,0.5602467695939968,0.8795064608120066
1714,0.0,19,True,0.32046783625730996,0.42105263157894735,0.1805153902556471,2.4584538292330587
1715,0.0,19,True,0.3500974658869396,0.5789473684210527,0.2752707006065839,2.034572365811466
1716,0.0,19,True,0.4456140350877193,0.631578947368421,0.25838690151454435,1.4832261969709113
1717,0.0,19,True,0.3399610136452242,0.42105263157894735,0.15867131134623425,2.523986065961297
1718,0.0,19,True,0.28654970760233917,0.2631578947368421,0.10727028068669398,2.9655839357277802
1719,0.0,19,True,0.44249512670565305,0.6842105263157895,0.368718405808535,1.4657904693384451
1720,0.0,19,True,0.4179337231968811,0.6842105263157895,0.3197363442781458,1.3605273114437084
1721,0.0,19,True,0.41091617933723196,0.7368421052631579,0.44196169314325406,1.442508097190614
1722,0.0,19,True,0.4514619883040936,0.7894736842105263,0.4988905110011538,1.1635402011210707
1723,0.0,19,True,0.6339181286549708,0.8421052631578947,0.5602467695939968,0.8795064608120066
1724,0.0,19,True,0.3161793372319688,0.5263157894736842,0.23699400339378085,2.2890179898186576
1725,0.0,19,True,0.4970760233918129,0.631578947368421,0.2634294358664522,1.1674367232867007
1726,0.0,19,True,0.2736842105263158,0.3684210526315789,0.13190579458767893,3.0031125421592044
1727,0.0,19,True,0.5111111111111111,0.631578947368421,0.2634294358664522,1.1674367232867007
1728,0.0,19,True,0.4787524366471735,0.8421052631578947,0.5602467695939968,0.8795064608120066
1729,0.0,19,True,0.519298245614035,0.9473684210526315,0.7025277510807104,0.2974722489192896
1730,0.0,19,True,0.4838206627680312,0.7368421052631579,0.4240799522429881,1.3372449392958772
1731,0.0,19,True,0.3555555555555555,0.5789473684210527,0.2597604999432015,1.7187828921272557
1732,0.0,19,True,0.6768031189083821,0.8421052631578947,0.5115068636860557,0.7742433029172697
1733,0.0,19,True,0.397270955165692,0.5789473684210527,0.28560263299760746,1.428794734004785
1734,0.0,19,True,0.4982456140350877,0.8421052631578947,0.5602467695939968,0.8795064608120066
1735,0.0,19,True,0.46510721247563347,0.7894736842105263,0.470861478386833,1.058277043226334
1736,0.0,19,True,0.49473684210526314,0.5789473684210527,0.23559909273734092,1.5288018145253182
1737,0.0,19,True,0.3161793372319688,0.3684210526315789,0.1675526697089812,2.4973419908730565
1738,0.0,19,True,0.24678362573099416,0.3684210526315789,0.13157084033512245,2.7528553052032327
1739,0.0,19,True,0.484990253411306,0.8947368421052632,0.6272947035832889,0.5907239186406502
1740,0.0,19,True,0.6023391812865497,0.7894736842105263,0.4988905110011538,1.1635402011210707
1741,0.0,19,True,0.3489278752436647,0.42105263157894735,0.19195370211028306,2.268472751631122
1742,0.0,19,True,0.49239766081871345,0.8421052631578947,0.5602467695939968,0.8795064608120066
1743,0.0,19,True,0.3516569200779727,0.5789473684210527,0.26901133528123744,1.889578286750231
1744,0.05263157894736842,18,True,0.3525054466230937,0.5,0.20304543438098532,2.2096909728231857
1745,0.0,19,True,0.3341130604288499,0.42105263157894735,0.20184431586908624,2.063202513215852
1746,0.0,19,True,0.38440545808966864,0.7894736842105263,0.470861478386833,1.058277043226334
1747,0.0,19,True,0.32514619883040935,0.42105263157894735,0.171914951735067,2.484255144794799
1748,0.0,19,True,0.35672514619883045,0.47368421052631576,0.20919571487351973,2.2200683022340693
1749,0.0,19,True,0.42962962962962964,0.7368421052631579,0.3840091092994299,1.2319817814011402
1750,0.0,19,True,0.3477582846003899,0.631578947368421,0.3269868938901338,1.5626880393039078
1751,0.0,19,True,0.34814814814814815,0.5263157894736842,0.23699400339378085,2.2890179898186576
1752,0.05263157894736842,18,True,0.4043572984749455,0.6111111111111112,0.2962465220098368,1.4108478748063633
1753,0.05263157894736842,18,True,0.39128540305010895,0.6111111111111112,0.2962465220098368,1.4108478748063633
1754,0.8947368421052632,2,False,,,,
1755,0.0,19,True,0.3797270955165692,0.631578947368421,0.31402704890353805,1.7732143550933817
1756,0.0,19,True,0.3984405458089669,0.7368421052631579,0.44196169314325406,1.442508097190614
1757,0.0,19,True,0.31968810916179335,0.47368421052631576,0.18585266116365695,2.2856005389623077
1758,0.0,19,True,0.4732943469785575,0.7894736842105263,0.39871518417755814,0.9530138853315971
1759,0.0,19,True,0.38908382066276803,0.631578947368421,0.3293970672908122,1.7334834339268832
1760,0.0,19,True,0.63859649122807,0.9473684210526315,0.7025277510807104,0.2974722489192896
1761,0.0,19,True,0.3676413255360624,0.5263157894736842,0.2362832736567574,2.1440239107574226
1762,0.0,19,True,0.29551656920077973,0.5263157894736842,0.2446883927462009,2.3942811477133943
1763,0.0,19,True,0.37894736842105264,0.47368421052631576,0.21459298285888773,1.2448406699719212
1764,0.0,19,True,0.38908382066276803,0.5263157894736842,0.2362832736567574,2.1440239107574226
1765,0.0,19,True,0.4389863547758285,0.6842105263157895,0.368718405808535,1.4657904693384451
1766,0.0,19,True,0.4631578947368421,0.5789473684210527,0.19324013288374053,1.613519734232519
1767,0.0,19,True,0.37115009746588695,0.47368421052631576,0.21409410126225947,1.8248169862168622
1768,0.0,19,True,0.3192982456140351,0.3684210526315789,0.11746928423050151,2.6475921473084956
1769,0.0,19,True,0.29317738791423,0.42105263157894735,0.11864889982751314,1.7627022003449737
1770,0.0,19,True,0.38440545808966864,0.47368421052631576,0.19725171154555354,2.075074223172834
1771,0.05263157894736842,18,True,0.3991285403050109,0.5,0.2393728467500651,1.9399824743635556
1772,0.05263157894736842,18,True,0.39389978213507626,0.6111111111111112,0.2752707006065839,1.8336056789417416
1773,0.05263157894736842,18,True,0.4993464052287582,0.6666666666666666,0.3293970672908122,1.5157895841746822
1774,0.7894736842105263,4,False,,,,
1775,0.8421052631578947,3,False,,,,
1776,0.8421052631578947,3,False,,,,
1777,0.15789473684210525,16,True,0.3422222222222222,0.5,0.171914951735067,2.202819531114783
1778,0.21052631578947367,15,True,0.4038095238095238,0.6666666666666666,0.23665100921814008,1.5589385323502771
1779,0.10526315789473684,17,True,0.325,0.5294117647058824,0.18585266116365706,2.0119209285947934
1780,0.05263157894736842,18,True,0.3442265795206972,0.5555555555555556,0.22666969786273672,1.7960885595978366
1781,0.05263157894736842,18,True,0.4958605664488018,0.7777777777777778,0.4240799522429881,1.0975378398419535
1782,0.05263157894736842,18,True,0.3520697167755991,0.5555555555555556,0.22213083398682842,1.991076059838222
1783,0.05263157894736842,18,True,0.34074074074074073,0.5555555555555556,0.23699400339378085,2.102187170949333
1784,0.05263157894736842,18,True,0.46797385620915033,0.7222222222222222,0.3516072294314623,1.275162982784857
1785,0.05263157894736842,18,True,0.4832244008714597,0.7777777777777778,0.4240799522429881,1.0975378398419535
1786,0.05263157894736842,18,True,0.5760348583877997,0.8333333333333334,0.470861478386833,0.8030717273241024
1787,0.05263157894736842,18,True,0.534640522875817,0.6666666666666666,0.2634294358664522,0.9182958340544896
1788,0.05263157894736842,18,True,0.2919389978213508,0.3888888888888889,0.13189963535753602,2.2584598927441624
1789,0.05263157894736842,18,True,0.5625272331154684,0.7777777777777778,0.4240799522429881,1.0975378398419535
1790,0.05263157894736842,18,True,0.3193899782135076,0.3888888888888889,0.1976336043635435,1.8753156176197312
1791,0.05263157894736842,18,True,0.437037037037037,0.7222222222222222,0.3516072294314623,1.275162982784857
1792,0.05263157894736842,18,True,0.3010893246187364,0.5,0.20000510083358602,2.0566416671474372
1793,0.05263157894736842,18,True,0.3533769063180828,0.6666666666666666,0.31402704890353805,1.5577277787393193
1794,0.05263157894736842,18,True,0.34553376906318084,0.5,0.18585266116365706,2.098579861712074
1795,0.05263157894736842,18,True,0.4496732026143791,0.7777777777777778,0.4240799522429881,1.0975378398419535
1796,0.05263157894736842,18,True,0.534640522875817,0.8888888888888888,0.5602467695939968,0.6143694458867568
1797,0.05263157894736842,18,True,0.48714596949891065,0.7777777777777778,0.403874569882679,0.9444885341662053
1798,0.05263157894736842,18,True,0.4427015250544662,0.5,0.18813457241778064,1.6758220575766962
1799,0.05263157894736842,18,True,0.3424836601307189,0.4444444444444444,0.1919537021102833,2.080500530640267
1800,0.05263157894736842,18,True,0.2758169934640523,0.4444444444444444,0.16177657023373804,2.169925001442312
1801,0.05263157894736842,18,True,0.46797385620915033,0.7222222222222222,0.35250246264226515,1.0529407605626346
1802,0.05263157894736842,18,True,0.42135076252723314,0.3888888888888889,0.22369979466064327,1.9864267287308424
1803,0.05263157894736842,18,True,0.33856209150326794,0.3888888888888889,0.18354756840725694,2.1054105870684143
1804,0.05263157894736842,18,True,0.30152505446623096,0.3888888888888889,0.1479243275641522,2.210973616506754
1805,0.05263157894736842,18,True,0.5202614379084968,0.7222222222222222,0.368718405808535,1.2332247882202196
1806,0.05263157894736842,18,True,0.45577342047930286,0.6666666666666666,0.3269868938901337,1.3355055565170972
1807,0.05263157894736842,18,True,0.42701525054466233,0.7222222222222222,0.38873147359769233,1.497385205007079
1808,0.05263157894736842,18,True,0.32505446623093687,0.4444444444444444,0.171914951735067,2.30827083453526
1809,0.05263157894736842,18,True,0.2575163398692811,0.3333333333333333,0.11080677113992876,2.93299930663729
1810,0.05263157894736842,18,True,0.6897603485838779,0.7777777777777778,0.4240799522429881,1.0975378398419535
1811,0.05263157894736842,18,True,0.40043572984749454,0.5555555555555556,0.2362832736567574,1.949137865273585
1812,0.05263157894736842,18,True,0.4043572984749455,0.7222222222222222,0.3768634756015604,1.386274093895968
1813,0.05263157894736842,18,True,0.4875816993464053,0.6666666666666666,0.2987636957331653,1.404678473063571
1814,0.05263157894736842,18,True,0.28888888888888886,0.3888888888888889,0.15224395932008927,2.5226203095310216
1815,0.05263157894736842,18,True,0.2657952069716776,0.3333333333333333,0.12997881970764258,2.4410685859554375
1816,0.05263157894736842,18,True,0.25098039215686274,0.3888888888888889,0.16207676723408126,2.1690354219421177
1817,0.05263157894736842,18,True,0.41917211328976034,0.6111111111111112,0.2867214920979323,1.9447167900528528
1818,0.05263157894736842,18,True,0.29760348583878,0.4444444444444444,0.16763596502414158,2.725480556997868
1819,0.10526315789473684,17,True,0.25539215686274513,0.47058823529411764,0.15867131134623425,2.278351811711312
1820,0.10526315789473684,17,True,0.4019607843137255,0.5294117647058824,0.15164855035114522,1.6589797521242051
1821,0.10526315789473684,17,True,0.3156862745098039,0.4117647058823529,0.13157084033512245,2.5341468438052397
1822,0.10526315789473684,17,True,0.3181372549019608,0.47058823529411764,0.15803050740691038,2.440404017720928
1823,0.10526315789473684,17,True,0.27941176470588236,0.47058823529411764,0.17056421755728335,2.3959988705348416
1824,0.10526315789473684,17,True,0.24509803921568626,0.4117647058823529,0.1276604124199967,2.696199049814856
1825,0.7894736842105263,4,False,,,,
1826,0.7894736842105263,4,False,,,,
1827,0.8421052631578947,3,False,,,,
1828,0.6842105263157895,6,True,0.2,0.16666666666666666,0.38873147359769233,2.584962500721156
1829,0.15789473684210525,16,True,0.31333333333333335,0.5,0.17056421755728335,2.375
1830,0.15789473684210525,16,True,0.31055555555555553,0.375,0.10854486060238233,2.60845859334435
1831,0.15789473684210525,16,True,0.3222222222222222,0.5,0.13843351652387503,2.125
1832,0.10526315789473684,17,True,0.25882352941176473,0.35294117647058826,0.09601115045200959,2.660129752633257
1833,0.10526315789473684,17,True,0.3573529411764706,0.4117647058823529,0.13189963535753602,2.1812056673346514
1834,0.10526315789473684,17,True,0.5627450980392157,0.8235294117647058,0.3840091092994299,0.8343470230852538
1835,0.05263157894736842,18,True,0.4034858387799564,0.5555555555555556,0.23699400339378085,2.102187170949333
1836,0.10526315789473684,17,True,0.39362745098039215,0.47058823529411764,0.16315629602638715,1.8751310486364097
1837,0.10526315789473684,17,True,0.3897058823529412,0.5294117647058824,0.17190038180287592,1.8498687225851778
1838,0.10526315789473684,17,True,0.38333333333333336,0.5882352941176471,0.23665100921814008,1.6627992560224794
1839,0.05263157894736842,18,True,0.32941176470588235,0.3888888888888889,0.1675526697089812,2.3220847276178658
1840,0.05263157894736842,18,True,0.32156862745098036,0.3333333333333333,0.11668426943697652,2.6416041678685938
1841,0.0,19,True,0.36803118908382065,0.631578947368421,0.2987636957331652,1.6282202760321465
1842,0.0,19,True,0.41364522417154,0.47368421052631576,0.21409410126225958,1.8248169862168617
1843,0.0,19,True,0.34074074074074073,0.47368421052631576,0.20304543438098532,2.390863696857044
1844,0.0,19,True,0.42183235867446395,0.5789473684210527,0.26901133528123755,1.8895782867502309
1845,0.0,19,True,0.2803118908382066,0.2631578947368421,0.09766925825323891,2.8603207778330444
1846,0.0,19,True,0.4183235867446394,0.5789473684210527,0.2752707006065839,2.034572365811466
1847,0.0,19,True,0.4444444444444444,0.5789473684210527,0.21310559346698976,1.5737888130660205
1848,0.0,19,True,0.23703703703703702,0.3157894736842105,0.10568804373752783,2.9708400131019843
1849,0.0,19,True,0.4405458089668616,0.7368421052631579,0.3555333547974129,1.0214554656116666
1850,0.0,19,True,0.3037037037037037,0.47368421052631576,0.2125596493241808,2.4961268547517808
1851,0.0,19,True,0.7871345029239766,0.8421052631578947,0.5602467695939968,0.8795064608120066
1852,0.0,19,True,0.2619883040935672,0.3684210526315789,0.11746928423050151,2.6475921473084956
1853,0.0,19,True,0.37192982456140355,0.6842105263157895,0.3768634756015604,1.61078454839968
1854,0.0,19,True,0.2818713450292398,0.47368421052631576,0.20494337674621788,2.6411209338130157
1855,0.0,19,True,0.32163742690058483,0.5263157894736842,0.2446883927462009,2.3942811477133943
1856,0.0,19,True,0.3828460038986355,0.42105263157894735,0.20530794671029118,1.8452178053170998
1857,0.0,19,True,0.28732943469785577,0.3157894736842105,0.09174740910414947,2.5497873815230374
1858,0.0,19,True,0.3867446393762183,0.5263157894736842,0.23199713097962404,1.7832474385325099
1859,0.0,19,True,0.2631578947368421,0.3157894736842105,0.1056880437375276,2.9708400131019848
1860,0.0,19,True,0.26354775828460036,0.3157894736842105,0.10568804373752783,2.9708400131019843
1861,0.3157894736842105,13,True,0.29914529914529914,0.38461538461538464,0.1219245409806945,2.287783719941071
1862,0.05263157894736842,18,True,0.30413943355119827,0.5555555555555556,0.2446883927462009,2.2132982820604443
1863,0.15789473684210525,16,True,0.28777777777777774,0.375,0.10854486060238244,2.60845859334435
1864,0.631578947368421,7,True,0.26031746031746034,0.2857142857142857,0.33087280905282923,2.521640636343318
1865,0.8421052631578947,3,False,,,,
1866,0.8947368421052632,2,False,,,,
1867,0.15789473684210525,16,True,0.31,0.5,0.17056421755728324,2.375
1868,0.9473684210526315,1,False,,,,
1869,0.9473684210526315,1,False,,,,
1870,0.8947368421052632,2,False,,,,
1871,0.8421052631578947,3,False,,,,
1872,0.0,19,True,0.2943469785575049,0.3684210526315789,0.13931336313991416,2.5820599105802575
1873,0.0,19,True,0.33216374269005844,0.42105263157894735,0.1303829309645863,2.247927513443585
1874,0.0,19,True,0.2939571150097466,0.3157894736842105,0.1166842694369764,2.8000446184790095
1875,0.0,19,True,0.23391812865497078,0.3684210526315789,0.13962061144647375,2.858118463097969
1876,0.05263157894736842,18,True,0.28278867102396515,0.2777777777777778,0.07699613926827187,2.7744019192887706
1877,0.05263157894736842,18,True,0.44400871459694985,0.7777777777777778,0.4240799522429881,1.0975378398419535
1878,0.0,19,True,0.32046783625730996,0.42105263157894735,0.16315629602638737,2.1632095937363847
1879,0.0,19,True,0.33801169590643276,0.47368421052631576,0.20304543438098532,2.390863696857044
1880,0.0,19,True,0.2857699805068226,0.3684210526315789,0.13189963535753602,2.437065831519022
1881,0.0,19,True,0.2908382066276803,0.3157894736842105,0.0871023067983544,2.3598063039211006
1882,0.05263157894736842,18,True,0.28976034858387795,0.3333333333333333,0.12921797958734937,2.5996659733039564
1883,0.05263157894736842,18,True,0.2540305010893246,0.3333333333333333,0.11080677113992876,2.9329993066372895
1884,0.05263157894736842,18,True,0.4435729847494553,0.6111111111111112,0.26901133528123744,1.6805563732659934
1885,0.05263157894736842,18,True,0.37342047930283223,0.4444444444444444,0.16177657023373804,2.169925001442312
1886,0.05263157894736842,18,True,0.29411764705882354,0.3333333333333333,0.1056880437375276,2.8218881955261783
1887,0.05263157894736842,18,True,0.25359477124183005,0.3333333333333333,0.1056880437375276,2.8218881955261788
1888,0.05263157894736842,18,True,0.46797385620915033,0.6666666666666666,0.3308728090528291,1.6688388898504305
1889,0.05263157894736842,18,True,0.31285403050108934,0.3888888888888889,0.13931336313991427,2.4115091984199104
1890,0.05263157894736842,18,True,0.3233115468409586,0.3888888888888889,0.13962061144647364,2.702904337188607
1891,0.05263157894736842,18,True,0.32200435729847493,0.3888888888888889,0.18354756840725694,2.1054105870684143
1892,0.05263157894736842,18,True,0.42309368191721136,0.6666666666666666,0.3293970672908122,1.5157895841746822
1893,0.3684210526315789,12,True,0.24343434343434342,0.3333333333333333,0.15934778038462638,2.9182958340544896
1894,0.3684210526315789,12,True,0.24747474747474746,0.16666666666666666,0.11903713018474982,2.9182958340544896
1895,0.42105263157894735,11,True,0.17212121212121215,0.18181818181818182,0.1648695505519856,3.095795255000934
1896,0.8421052631578947,3,False,,,,
1897,0.8421052631578947,3,False,,,,
1898,0.8421052631578947,3,False,,,,
1899,0.8421052631578947,3,False,,,,
1900,0.8947368421052632,2,False,,,,
1901,0.8947368421052632,2,False,,,,
1902,0.8947368421052632,2,False,,,,
1903,0.5263157894736842,9,True,0.43888888888888894,0.7777777777777778,0.2673721749433876,0.9864267287308424
1904,0.5263157894736842,9,True,0.3574074074074074,0.5555555555555556,0.23199713097962393,1.6577427265048887
1905,0.2631578947368421,14,True,0.3128205128205128,0.6428571428571429,0.21465505822008046,1.6266888497018317
1906,0.21052631578947367,15,True,0.31682539682539684,0.4666666666666667,0.1522439593200895,2.463458298648303
1907,0.21052631578947367,15,True,0.2571428571428572,0.4,0.1292179795873496,2.5559130951758244
1908,0.10526315789473684,17,True,0.286764705882353,0.4117647058823529,0.09440414197774416,2.2988527261581813
1909,0.10526315789473684,17,True,0.41078431372549024,0.47058823529411764,0.14575294935186045,1.9254106352407239
1910,0.8421052631578947,3,False,,,,
1911,0.8421052631578947,3,False,,,,
1912,0.8421052631578947,3,False,,,,
1913,0.05263157894736842,18,True,0.2910675381263616,0.3333333333333333,0.11498315352740862,2.4885548621928453
1914,0.05263157894736842,18,True,0.4496732026143791,0.7777777777777778,0.44196169314325406,1.2086489509530647
1915,0.05263157894736842,18,True,0.3424836601307189,0.4444444444444444,0.17110427909453796,1.94770277922009
1916,0.05263157894736842,18,True,0.45620915032679743,0.8333333333333334,0.470861478386833,0.8030717273241024
1917,0.05263157894736842,18,True,0.4980392156862745,0.6111111111111112,0.2962465220098368,1.4108478748063633
1918,0.05263157894736842,18,True,0.2762527233115469,0.3888888888888889,0.13962061144647375,2.702904337188607
1919,0.10526315789473684,17,True,0.2720588235294118,0.4117647058823529,0.13931336313991427,2.343257873344267
1920,0.10526315789473684,17,True,0.4627450980392157,0.5294117647058824,0.13060211932509258,0.9975025463691153
1921,0.10526315789473684,17,True,0.717156862745098,0.8823529411764706,0.39871518417755814,0.5225593745369408
1922,0.10526315789473684,17,True,0.5534313725490195,0.8823529411764706,0.470861478386833,0.6402064333604701
1923,0.10526315789473684,17,True,0.40441176470588236,0.47058823529411764,0.20184431586908624,1.7633584292311077
1924,0.8947368421052632,2,False,,,,
1925,0.8947368421052632,2,False,,,,
1926,0.8947368421052632,2,False,,,,
1927,0.8947368421052632,2,False,,,,
1928,0.9473684210526315,1,False,,,,
1929,0.9473684210526315,1,False,,,,
1930,0.9473684210526315,1,False,,,,
1931,0.9473684210526315,1,False,,,,
1932,0.9473684210526315,1,False,,,,
1933,0.9473684210526315,1,False,,,,
1934,0.8947368421052632,2,False,,,,
1935,0.8947368421052632,2,False,,,,
1936,0.8947368421052632,2,False,,,,
1937,0.8947368421052632,2,False,,,,
1938,0.8947368421052632,2,False,,,,
1939,0.8947368421052632,2,False,,,,
1940,0.8947368421052632,2,False,,,,
1941,0.8947368421052632,2,False,,,,
1942,0.8947368421052632,2,False,,,,
1943,0.05263157894736842,18,True,0.3956427015250545,0.7222222222222222,0.3768634756015604,1.386274093895968
1944,0.05263157894736842,18,True,0.33246187363834423,0.3333333333333333,0.1368272324368215,2.4193819456463714
1945,0.05263157894736842,18,True,0.3930283224400872,0.5,0.20919571487351996,2.0294069451656007
1946,0.05263157894736842,18,True,0.5812636165577343,0.8888888888888888,0.5602467695939968,0.6143694458867568
1947,0.05263157894736842,18,True,0.33246187363834423,0.5555555555555556,0.23699400339378085,2.102187170949333
1948,0.05263157894736842,18,True,0.31633986928104574,0.3888888888888889,0.1190371301847496,2.6337314206421327
1949,0.05263157894736842,18,True,0.5010893246187363,0.8333333333333334,0.4988905110011538,0.9141828384352135
1950,0.05263157894736842,18,True,0.37647058823529406,0.3888888888888889,0.18354756840725694,2.1054105870684143
1951,0.05263157894736842,18,True,0.30196078431372547,0.3888888888888889,0.1675526697089812,2.3220847276178658
1952,0.05263157894736842,18,True,0.33159041394335514,0.4444444444444444,0.13843351652387503,2.239097917988786
1953,0.05263157894736842,18,True,0.322875816993464,0.4444444444444444,0.15867131134623425,2.350209029099897
1954,0.3684210526315789,12,True,0.34545454545454546,0.6666666666666666,0.24545096392396826,1.584962500721156
1955,0.2631578947368421,14,True,0.2725274725274725,0.42857142857142855,0.12997881970764258,2.4137995646056805
1956,0.05263157894736842,18,True,0.2880174291938998,0.2777777777777778,0.10349153892997709,2.5249449750847117
1957,0.05263157894736842,18,True,0.2326797385620915,0.2777777777777778,0.08189824177870197,3.03856233607563
1958,0.05263157894736842,18,True,0.4257080610021787,0.7222222222222222,0.3516072294314623,1.2751629827848567
1959,0.05263157894736842,18,True,0.355119825708061,0.5,0.20002593917380784,2.3627402784989338
1960,0.05263157894736842,18,True,0.34901960784313724,0.5555555555555556,0.2446883927462009,2.2132982820604443
1961,0.05263157894736842,18,True,0.48888888888888893,0.9444444444444444,0.6272947035832889,0.3095434291503252
1962,0.05263157894736842,18,True,0.38387799564270153,0.6666666666666666,0.3308728090528291,1.6688388898504305
1963,0.0,19,True,0.5083820662768032,0.7368421052631579,0.44196169314325406,1.442508097190614
1964,0.0,19,True,0.2951267056530214,0.42105263157894735,0.171914951735067,2.484255144794799
1965,0.0,19,True,0.39649122807017545,0.631578947368421,0.2987636957331652,1.6282202760321465
1966,0.0,19,True,0.3894736842105263,0.5789473684210527,0.2894231402765127,1.9948414446449676
1967,0.0,19,True,0.2557504873294347,0.3157894736842105,0.11080677113992876,3.076103170996721
1968,0.0,19,True,0.2565302144249513,0.3684210526315789,0.15934778038462638,2.7925862263697305
1969,0.0,19,True,0.2966861598440546,0.5789473684210527,0.2867214920979325,2.1398355237062026
1970,0.05263157894736842,18,True,0.4196078431372549,0.7222222222222222,0.3768634756015604,1.386274093895968
1971,0.10526315789473684,17,True,0.2848039215686275,0.4117647058823529,0.12766041241999682,2.696199049814856
1972,0.10526315789473684,17,True,0.28578431372549024,0.4117647058823529,0.12766041241999682,2.696199049814856
1973,0.10526315789473684,17,True,0.4872549019607843,0.8823529411764706,0.470861478386833,0.6402064333604701
1974,0.10526315789473684,17,True,0.23186274509803922,0.4117647058823529,0.1276604124199967,2.696199049814856
1975,0.10526315789473684,17,True,0.2897058823529412,0.4117647058823529,0.12766041241999682,2.696199049814856
1976,0.10526315789473684,17,True,0.5117647058823529,0.8235294117647058,0.3840091092994298,0.8343470230852537
1977,0.10526315789473684,17,True,0.4102941176470588,0.4117647058823529,0.10352717586231264,1.7838593436779768
1978,0.10526315789473684,17,True,0.2544117647058824,0.4117647058823529,0.1675526697089812,2.2485731395538666
1979,0.10526315789473684,17,True,0.3504901960784314,0.47058823529411764,0.1805153902556471,2.205109900073869
1980,0.05263157894736842,18,True,0.3494553376906318,0.4444444444444444,0.15803050740691038,2.5032583347756456
1981,0.05263157894736842,18,True,0.4531590413943355,0.8888888888888888,0.5602467695939968,0.6143694458867568
1982,0.05263157894736842,18,True,0.5459694989106754,0.8888888888888888,0.5602467695939968,0.6143694458867568
1983,0.05263157894736842,18,True,0.2945533769063181,0.4444444444444444,0.15867131134623425,2.350209029099897
1984,0.05263157894736842,18,True,0.2867102396514161,0.4444444444444444,0.1676359650241417,2.7254805569978675
1985,0.05263157894736842,18,True,0.29978213507625273,0.3888888888888889,0.13157084033512267,2.5917932260774954
1986,0.0,19,True,0.39571150097465885,0.47368421052631576,0.19725171154555354,2.075074223172834
1987,0.0,19,True,0.3738791423001949,0.5263157894736842,0.25962632736662017,2.078491674029184
1988,0.0,19,True,0.4222222222222223,0.631578947368421,0.3293970672908122,1.7334834339268832
1989,0.10526315789473684,17,True,0.32303921568627453,0.35294117647058826,0.09313907461799575,2.4980775466236413
1990,0.3157894736842105,13,True,0.37179487179487175,0.5384615384615384,0.20088836321582537,2.1887870678023824
1991,0.47368421052631576,10,True,0.40444444444444444,0.7,0.19658386084094515,1.1567796494470395
1992,0.5263157894736842,9,True,0.37592592592592594,0.6666666666666666,0.2750678362011758,1.4466166676282082
1993,0.47368421052631576,10,True,0.45185185185185184,0.7,0.2626406304386868,1.3567796494470397
1994,0.42105263157894735,11,True,0.49818181818181817,0.8181818181818182,0.25838690151454435,0.8658566174572235
1995,0.42105263157894735,11,True,0.38909090909090904,0.5454545454545454,0.1738725939109368,1.6171895725927152
1996,0.3684210526315789,12,True,0.4676767676767677,0.5833333333333334,0.12085121456258763,1.2806721295208872
1997,0.15789473684210525,16,True,0.3788888888888889,0.5625,0.20304543438098532,2.091917186688699
1998,0.0,19,True,0.5380116959064327,0.8421052631578947,0.5115068636860557,0.7742433029172697
1999,0.0,19,True,0.46042884990253413,0.631578947368421,0.2712875592954145,1.457424881409171
2000,0.0,19,True,0.30955165692007797,0.5263157894736842,0.22213083398682842,2.183754831923921
2001,0.0,19,True,0.27914230019493175,0.3157894736842105,0.11764824276400476,2.931109091935486
2002,0.0,19,True,0.4732943469785575,0.7368421052631579,0.3840091092994299,1.2319817814011402
2003,0.0,19,True,0.4456140350877193,0.8421052631578947,0.5602467695939968,0.8795064608120066
2004,0.0,19,True,0.49239766081871345,0.7894736842105263,0.42378260447830396,0.9132829641650988
2005,0.0,19,True,0.32943469785575047,0.5263157894736842,0.23199713097962404,1.7832474385325099
2006,0.0,19,True,0.3894736842105263,0.7894736842105263,0.470861478386833,1.058277043226334
2007,0.0,19,True,0.5953216374269006,0.8421052631578947,0.5602467695939968,0.8795064608120066
2008,0.0,19,True,0.4631578947368421,0.7894736842105263,0.4988905110011538,1.1635402011210707
2009,0.0,19,True,0.46237816764132555,0.7894736842105263,0.4988905110011538,1.1635402011210707
2010,0.0,19,True,0.5048732943469786,0.8947368421052632,0.6272947035832889,0.5907239186406502
2011,0.0,19,True,0.4475633528265107,0.7368421052631579,0.44196169314325406,1.442508097190614
2012,0.0,19,True,0.37192982456140355,0.6842105263157895,0.35250246264226515,1.2949950747154697
2013,0.05263157894736842,18,True,0.49150326797385624,0.8888888888888888,0.5115068636860557,0.5032583347756457
2014,0.05263157894736842,18,True,0.46056644880174297,0.8888888888888888,0.5602467695939968,0.6143694458867568
2015,0.0,19,True,0.35594541910331384,0.631578947368421,0.3293970672908122,1.7334834339268832
2016,0.0,19,True,0.42300194931773877,0.47368421052631576,0.25334307806277945,1.9300801441115987
2017,0.9473684210526315,1,False,,,,
2018,0.0,19,True,0.6565302144249512,0.8421052631578947,0.5602467695939968,0.8795064608120066
2019,0.0,19,True,0.5208576998050682,0.8947368421052632,0.5145392392540866,0.4854607607459134
2020,0.0,19,True,0.49122807017543857,0.9473684210526315,0.7025277510807104,0.2974722489192896
2021,0.0,19,True,0.447953216374269,0.631578947368421,0.31364651914901476,1.3727069617019705
2022,0.0,19,True,0.405458089668616,0.6842105263157895,0.368718405808535,1.4657904693384451
2023,0.0,19,True,0.5056530214424951,0.7368421052631579,0.44196169314325406,1.442508097190614
2024,0.0,19,True,0.3286549707602339,0.42105263157894735,0.1919537021102833,2.2684727516311214
2025,0.0,19,True,0.39766081871345027,0.42105263157894735,0.13080188868938503,2.0182155146751497
2026,0.0,19,True,0.47407407407407404,0.6842105263157895,0.35250246264226515,1.2949950747154697
2027,0.0,19,True,0.3313840155945419,0.3684210526315789,0.1057908451748023,2.0762893592941096
2028,0.0,19,True,0.38089668615984407,0.5263157894736842,0.23665100921813997,1.9732285161344476
2029,0.0,19,True,0.27524366471734896,0.2631578947368421,0.09531008166021693,3.005314856894279
2030,0.8947368421052632,2,False,,,,
2031,0.8947368421052632,2,False,,,,
2032,0.9473684210526315,1,False,,,,
2033,0.8421052631578947,3,False,,,,
2034,0.0,19,True,0.27680311890838205,0.3684210526315789,0.13157084033512267,2.7528553052032323
2035,0.0,19,True,0.419103313840156,0.7368421052631579,0.403874569882679,1.192250860234642
2036,0.0,19,True,0.4331384015594542,0.7894736842105263,0.39871518417755814,0.9530138853315971
2037,0.0,19,True,0.40506822612085774,0.631578947368421,0.31402704890353805,1.7732143550933817
2038,0.0,19,True,0.46705653021442495,0.7368421052631579,0.3840091092994299,1.2319817814011402
2039,0.0,19,True,0.48070175438596496,0.7894736842105263,0.470861478386833,1.058277043226334
2040,0.0,19,True,0.4787524366471735,0.7894736842105263,0.470861478386833,1.058277043226334
2041,0.0,19,True,0.4183235867446394,0.42105263157894735,0.19182571696241768,1.6163485660751646
2042,0.0,19,True,0.5851851851851853,0.8421052631578947,0.5602467695939968,0.8795064608120066
2043,0.0,19,True,0.34814814814814815,0.5263157894736842,0.2502376437826136,2.2492870686521593
2044,0.42105263157894735,11,True,0.3333333333333333,0.45454545454545453,0.1919537021102833,2.2221915755066783
2045,0.8947368421052632,2,False,,,,
2046,0.8947368421052632,2,False,,,,
2047,0.8947368421052632,2,False,,,,
2048,0.9473684210526315,1,False,,,,
2049,0.8947368421052632,2,False,,,,
2050,0.8947368421052632,2,False,,,,
2051,0.8947368421052632,2,False,,,,
2052,0.8947368421052632,2,False,,,,
2053,0.8421052631578947,3,False,,,,
2054,0.8421052631578947,3,False,,,,
2055,0.8421052631578947,3,False,,,,
2056,0.8421052631578947,3,False,,,,
2057,0.8421052631578947,3,False,,,,
2058,0.8421052631578947,3,False,,,,
2059,0.8421052631578947,3,False,,,,
2060,0.8421052631578947,3,False,,,,
2061,0.8421052631578947,3,False,,,,
2062,0.8421052631578947,3,False,,,,
2063,0.8421052631578947,3,False,,,,
2064,0.8421052631578947,3,False,,,,
2065,0.8421052631578947,3,False,,,,
2066,0.8421052631578947,3,False,,,,
2067,0.8947368421052632,2,False,,,,
2068,0.8947368421052632,2,False,,,,
2069,0.8947368421052632,2,False,,,,
2070,0.8947368421052632,2,False,,,,
2071,0.8947368421052632,2,False,,,,
2072,0.8947368421052632,2,False,,,,
2073,0.8947368421052632,2,False,,,,
2074,0.8947368421052632,2,False,,,,
2075,0.8947368421052632,2,False,,,,
2076,0.9473684210526315,1,False,,,,
2077,0.9473684210526315,1,False,,,,
2078,0.9473684210526315,1,False,,,,
2079,0.9473684210526315,1,False,,,,
2080,0.9473684210526315,1,False,,,,
2081,0.9473684210526315,1,False,,,,
2082,0.9473684210526315,1,False,,,,
2083,0.9473684210526315,1,False,,,,
2084,0.9473684210526315,1,False,,,,
2085,0.9473684210526315,1,False,,,,
2086,0.9473684210526315,1,False,,,,
2087,0.9473684210526315,1,False,,,,
2088,0.9473684210526315,1,False,,,,
2089,0.9473684210526315,1,False,,,,
2090,0.9473684210526315,1,False,,,,
2091,0.9473684210526315,1,False,,,,
2092,0.8947368421052632,2,False,,,,
2093,0.8947368421052632,2,False,,,,
2094,0.8947368421052632,2,False,,,,
2095,0.8947368421052632,2,False,,,,
2096,0.8947368421052632,2,False,,,,
2097,0.8947368421052632,2,False,,,,
2098,0.8947368421052632,2,False,,,,
2099,0.8947368421052632,2,False,,,,
2100,0.8947368421052632,2,False,,,,
2101,0.8947368421052632,2,False,,,,
2102,0.8947368421052632,2,False,,,,
2103,0.8947368421052632,2,False,,,,
2104,0.8947368421052632,2,False,,,,
2105,0.8947368421052632,2,False,,,,
2106,0.8947368421052632,2,False,,,,
2107,0.8947368421052632,2,False,,,,
2108,0.8947368421052632,2,False,,,,
2109,0.8947368421052632,2,False,,,,
2110,0.8947368421052632,2,False,,,,
2111,0.8947368421052632,2,False,,,,
2112,0.47368421052631576,10,True,0.4162962962962963,0.7,0.2626406304386867,1.3567796494470397
2113,0.10526315789473684,17,True,0.4666666666666667,0.5882352941176471,0.21129967947546247,1.7360411676599221
2114,0.10526315789473684,17,True,0.6333333333333333,0.8823529411764706,0.470861478386833,0.6402064333604701
2115,0.10526315789473684,17,True,0.5436274509803921,0.8235294117647058,0.3840091092994298,0.8343470230852538
2116,0.10526315789473684,17,True,0.5818627450980391,0.8823529411764706,0.470861478386833,0.6402064333604701
2117,0.10526315789473684,17,True,0.6416666666666667,0.8823529411764706,0.470861478386833,0.6402064333604701
2118,0.10526315789473684,17,True,0.6117647058823529,0.9411764705882353,0.5115068636860557,0.3227569588973982
2119,0.10526315789473684,17,True,0.6352941176470588,0.9411764705882353,0.5115068636860557,0.3227569588973982
2120,0.10526315789473684,17,True,0.4784313725490196,0.9411764705882353,0.5115068636860557,0.3227569588973982
2121,0.10526315789473684,17,True,0.49411764705882355,0.8823529411764706,0.470861478386833,0.6402064333604701
2122,0.10526315789473684,17,True,0.5372549019607843,0.9411764705882353,0.5115068636860557,0.3227569588973982
2123,0.10526315789473684,17,True,0.3303921568627451,0.5294117647058824,0.1818816931582794,1.8210319581338212
2124,0.10526315789473684,17,True,0.5529411764705882,0.9411764705882353,0.5115068636860557,0.3227569588973982
2125,0.10526315789473684,17,True,0.4627450980392157,0.5294117647058824,0.19658386084094515,1.2532975784630431
2126,0.10526315789473684,17,True,0.3857843137254902,0.6470588235294118,0.2597604999432015,1.3784188527203236
2127,0.10526315789473684,17,True,0.5764705882352942,0.9411764705882353,0.5115068636860557,0.3227569588973982
2128,0.10526315789473684,17,True,0.3985294117647059,0.5882352941176471,0.23199713097962393,1.450467463408549
2129,0.10526315789473684,17,True,0.6,1.0,0.5145392392540866,0.0
2130,0.10526315789473684,17,True,0.4303921568627451,0.47058823529411764,0.20184431586908624,1.7633584292311082
2131,0.10526315789473684,17,True,0.3745098039215686,0.7058823529411765,0.31402704890353805,1.439254017211876
2132,0.15789473684210525,16,True,0.47,0.5625,0.16008854642218662,1.2475562489182659
2133,0.15789473684210525,16,True,0.5333333333333333,0.9375,0.42378260447830396,0.3372900666170139
2134,0.15789473684210525,16,True,0.45111111111111113,0.5625,0.18813457241778053,1.4913146570363986
2135,0.15789473684210525,16,True,0.3794444444444444,0.5,0.1785263144136614,1.7743974703476992
2136,0.15789473684210525,16,True,0.6283333333333334,0.8125,0.3197363442781459,0.8683927290103626
2137,0.10526315789473684,17,True,0.47990196078431374,0.8823529411764706,0.470861478386833,0.6402064333604701
2138,0.10526315789473684,17,True,0.346078431372549,0.5294117647058824,0.18980179399215258,2.1739731346044096
2139,0.10526315789473684,17,True,0.5098039215686274,0.8823529411764706,0.470861478386833,0.6402064333604701
2140,0.10526315789473684,17,True,0.44411764705882356,0.7058823529411765,0.2987636957331653,1.2772018112022603
2141,0.10526315789473684,17,True,0.26519607843137255,0.47058823529411764,0.14542767095740128,2.322756958897399
2142,0.10526315789473684,17,True,0.38382352941176473,0.7647058823529411,0.3516072294314623,1.1400677626718572
2143,0.10526315789473684,17,True,0.4872549019607843,0.8823529411764706,0.470861478386833,0.6402064333604701
2144,0.10526315789473684,17,True,0.5333333333333333,1.0,0.5145392392540866,0.0
2145,0.10526315789473684,17,True,0.3093137254901961,0.47058823529411764,0.12040161960918283,1.9986525468781666
2146,0.10526315789473684,17,True,0.3568627450980392,0.5882352941176471,0.22213083398682842,1.8980933736695382
2147,0.10526315789473684,17,True,0.4598039215686274,0.8235294117647058,0.4240799522429881,0.951994081908783
2148,0.10526315789473684,17,True,0.6063725490196078,0.8235294117647058,0.3141871168274789,0.6722948170756379
2149,0.10526315789473684,17,True,0.3769607843137255,0.47058823529411764,0.13843351652387503,2.1607047528877827
2150,0.10526315789473684,17,True,0.4647058823529412,0.7058823529411765,0.31402704890353816,1.439254017211876
2151,0.10526315789473684,17,True,0.3843137254901961,0.4117647058823529,0.1479243275641522,2.130926080730337
2152,0.10526315789473684,17,True,0.24803921568627452,0.29411764705882354,0.06446242911789912,2.771902372038559
2153,0.10526315789473684,17,True,0.3318627450980392,0.4117647058823529,0.11746928423050129,2.4164997849817103
2154,0.10526315789473684,17,True,0.43186274509803924,0.6470588235294118,0.2536413168939634,1.6137129703673825
2155,0.10526315789473684,17,True,0.2950980392156863,0.29411764705882354,0.072148860467661,2.368681608963656
2156,0.15789473684210525,16,True,0.40277777777777773,0.6875,0.26901133528123755,1.4966407621868583
2157,0.21052631578947367,15,True,0.25015873015873014,0.4,0.10173951313857577,2.472905595320056
2158,0.15789473684210525,16,True,0.35500000000000004,0.4375,0.13070895485323664,1.9211796919474973
2159,0.6842105263157895,6,True,0.22666666666666666,0.3333333333333333,0.3768634756015604,2.2516291673878226
2160,0.9473684210526315,1,False,,,,
2161,0.15789473684210525,16,True,0.3022222222222222,0.375,0.06969896012382759,2.10845859334435
2162,0.15789473684210525,16,True,0.4294444444444444,0.625,0.18439908713309294,1.5016144718101816
2163,0.10526315789473684,17,True,0.47892156862745094,0.7647058823529411,0.35160722943146216,1.1400677626718572
2164,0.10526315789473684,17,True,0.3348039215686274,0.5294117647058824,0.18980179399215258,2.1739731346044096
2165,0.10526315789473684,17,True,0.44803921568627453,0.8235294117647058,0.3840091092994298,0.8343470230852537
2166,0.10526315789473684,17,True,0.3254901960784314,0.35294117647058826,0.09174740910414936,2.3071885761626687
2167,0.10526315789473684,17,True,0.2745098039215686,0.29411764705882354,0.09766925825323913,2.654255313215029
2168,0.10526315789473684,17,True,0.5102941176470588,0.7647058823529411,0.3516072294314623,1.1400677626718572
2169,0.10526315789473684,17,True,0.25833333333333336,0.35294117647058826,0.10568804373752783,2.7777768114567865
2170,0.10526315789473684,17,True,0.328921568627451,0.47058823529411764,0.13843351652387503,2.1607047528877827
2171,0.10526315789473684,17,True,0.42696078431372547,0.7058823529411765,0.31402704890353816,1.439254017211876
2172,0.10526315789473684,17,True,0.5558823529411765,0.8823529411764706,0.39871518417755814,0.5225593745369408
2173,0.10526315789473684,17,True,0.5147058823529412,0.8823529411764706,0.470861478386833,0.6402064333604701
2174,0.10526315789473684,17,True,0.5333333333333333,1.0,0.5145392392540866,0.0
2175,0.10526315789473684,17,True,0.5333333333333333,1.0,0.5145392392540866,0.0
2176,0.10526315789473684,17,True,0.4147058823529412,0.5882352941176471,0.23199713097962404,1.450467463408549
2177,0.10526315789473684,17,True,0.5009803921568627,0.8823529411764706,0.470861478386833,0.6402064333604701
2178,0.9473684210526315,1,False,,,,
2179,0.9473684210526315,1,False,,,,
2180,0.9473684210526315,1,False,,,,
2181,0.9473684210526315,1,False,,,,
2182,0.9473684210526315,1,False,,,,
2183,0.9473684210526315,1,False,,,,
2184,0.9473684210526315,1,False,,,,
2185,0.9473684210526315,1,False,,,,
2186,0.9473684210526315,1,False,,,,
2187,0.9473684210526315,1,False,,,,
2188,0.9473684210526315,1,False,,,,
2189,0.9473684210526315,1,False,,,,
2190,0.9473684210526315,1,False,,,,
2191,0.9473684210526315,1,False,,,,
2192,0.9473684210526315,1,False,,,,
2193,0.9473684210526315,1,False,,,,
2194,0.9473684210526315,1,False,,,,
2195,0.9473684210526315,1,False,,,,
2196,0.9473684210526315,1,False,,,,
2197,0.9473684210526315,1,False,,,,
2198,0.9473684210526315,1,False,,,,
2199,0.9473684210526315,1,False,,,,
2200,0.9473684210526315,1,False,,,,
2201,0.9473684210526315,1,False,,,,
2202,0.9473684210526315,1,False,,,,
2203,0.9473684210526315,1,False,,,,
2204,0.9473684210526315,1,False,,,,
2205,0.9473684210526315,1,False,,,,
2206,0.9473684210526315,1,False,,,,
2207,0.9473684210526315,1,False,,,,
2208,0.9473684210526315,1,False,,,,
2209,0.9473684210526315,1,False,,,,
2210,0.9473684210526315,1,False,,,,
2211,0.9473684210526315,1,False,,,,
2212,0.9473684210526315,1,False,,,,
2213,0.9473684210526315,1,False,,,,
2214,0.9473684210526315,1,False,,,,
2215,0.9473684210526315,1,False,,,,
2216,0.9473684210526315,1,False,,,,
2217,0.9473684210526315,1,False,,,,
2218,0.9473684210526315,1,False,,,,
2219,0.9473684210526315,1,False,,,,
2220,0.9473684210526315,1,False,,,,
2221,0.9473684210526315,1,False,,,,
2222,0.9473684210526315,1,False,,,,
2223,0.9473684210526315,1,False,,,,
2224,0.9473684210526315,1,False,,,,
2225,0.9473684210526315,1,False,,,,
2226,0.9473684210526315,1,False,,,,
2227,0.9473684210526315,1,False,,,,
2228,0.9473684210526315,1,False,,,,
2229,0.9473684210526315,1,False,,,,
2230,0.9473684210526315,1,False,,,,
2231,0.9473684210526315,1,False,,,,
2232,0.9473684210526315,1,False,,,,
2233,0.9473684210526315,1,False,,,,
2234,0.9473684210526315,1,False,,,,
2235,0.9473684210526315,1,False,,,,
2236,0.9473684210526315,1,False,,,,
2237,0.9473684210526315,1,False,,,,
2238,0.9473684210526315,1,False,,,,
2239,0.9473684210526315,1,False,,,,
2240,0.9473684210526315,1,False,,,,
2241,0.9473684210526315,1,False,,,,
2242,0.9473684210526315,1,False,,,,
2243,0.9473684210526315,1,False,,,,
2244,0.9473684210526315,1,False,,,,
2245,0.9473684210526315,1,False,,,,
2246,0.9473684210526315,1,False,,,,
2247,0.9473684210526315,1,False,,,,
2248,0.9473684210526315,1,False,,,,
2249,0.9473684210526315,1,False,,,,
2250,0.9473684210526315,1,False,,,,
2251,0.9473684210526315,1,False,,,,
2252,0.9473684210526315,1,False,,,,
2253,0.9473684210526315,1,False,,,,
2254,0.9473684210526315,1,False,,,,
2255,0.9473684210526315,1,False,,,,
2256,0.9473684210526315,1,False,,,,
2257,0.9473684210526315,1,False,,,,
2258,0.9473684210526315,1,False,,,,
2259,0.9473684210526315,1,False,,,,
2260,0.9473684210526315,1,False,,,,
2261,0.9473684210526315,1,False,,,,
2262,0.9473684210526315,1,False,,,,
2263,0.9473684210526315,1,False,,,,
2264,0.9473684210526315,1,False,,,,
2265,0.9473684210526315,1,False,,,,
2266,0.9473684210526315,1,False,,,,
2267,0.9473684210526315,1,False,,,,
2268,0.9473684210526315,1,False,,,,
2269,0.9473684210526315,1,False,,,,
2270,0.9473684210526315,1,False,,,,
2271,0.9473684210526315,1,False,,,,
2272,0.9473684210526315,1,False,,,,
2273,0.9473684210526315,1,False,,,,
2274,0.8947368421052632,2,False,,,,
2275,0.10526315789473684,17,True,0.5598039215686276,0.8823529411764706,0.470861478386833,0.6402064333604701
2276,0.10526315789473684,17,True,0.38284313725490193,0.6470588235294118,0.23153730178623289,1.4516607643577668
2277,0.10526315789473684,17,True,0.4284313725490196,0.8235294117647058,0.4240799522429881,0.951994081908783
2278,0.10526315789473684,17,True,0.421078431372549,0.6470588235294118,0.2597604999432015,1.3784188527203236
2279,0.10526315789473684,17,True,0.5764705882352942,0.8823529411764706,0.470861478386833,0.6402064333604701
2280,0.10526315789473684,17,True,0.596078431372549,0.9411764705882353,0.5115068636860557,0.3227569588973982
2281,0.10526315789473684,17,True,0.4196078431372549,0.7647058823529411,0.3516072294314623,1.1400677626718572
2282,0.10526315789473684,17,True,0.5308823529411765,0.8823529411764706,0.470861478386833,0.6402064333604701
2283,0.10526315789473684,17,True,0.3857843137254902,0.6470588235294118,0.26901133528123755,1.5693078231812958
2284,0.10526315789473684,17,True,0.32941176470588235,0.35294117647058826,0.11498315352740862,2.424835634986198
2285,0.10526315789473684,17,True,0.5764705882352942,0.9411764705882353,0.5115068636860557,0.3227569588973982
2286,0.10526315789473684,17,True,0.37892156862745097,0.5882352941176471,0.23199713097962404,1.450467463408549
2287,0.10526315789473684,17,True,0.5529411764705882,0.9411764705882353,0.5115068636860557,0.3227569588973982
2288,0.10526315789473684,17,True,0.4014705882352941,0.6470588235294118,0.26901133528123755,1.5693078231812958
2289,0.10526315789473684,17,True,0.44509803921568625,0.8235294117647058,0.4240799522429881,0.951994081908783
2290,0.10526315789473684,17,True,0.49901960784313726,0.5882352941176471,0.14194027202555715,0.9774178175281716
2291,0.10526315789473684,17,True,0.4053921568627451,0.7058823529411765,0.28165251935609237,1.321606958388347
2292,0.10526315789473684,17,True,0.2985294117647059,0.35294117647058826,0.12997881970764258,2.374556048381884
2293,0.10526315789473684,17,True,0.4666666666666667,0.8235294117647058,0.4240799522429881,0.951994081908783
2294,0.10526315789473684,17,True,0.6475490196078432,0.8823529411764706,0.470861478386833,0.6402064333604701
2295,0.10526315789473684,17,True,0.5235294117647059,0.7647058823529411,0.24936273490419725,0.7871265862012691
2296,0.15789473684210525,16,True,0.3716666666666667,0.4375,0.13070895485323675,1.9211796919474975
2297,0.15789473684210525,16,True,0.6166666666666667,0.9375,0.42378260447830396,0.3372900666170139
2298,0.15789473684210525,16,True,0.5177777777777778,0.875,0.3141871168274789,0.5435644431995964
2299,0.15789473684210525,16,True,0.27166666666666667,0.4375,0.13189963535753602,2.146782221599798
2300,0.15789473684210525,16,True,0.6416666666666667,0.9375,0.42378260447830396,0.3372900666170139
2301,0.15789473684210525,16,True,0.4677777777777778,0.875,0.403874569882679,0.6685644431995964
2302,0.15789473684210525,16,True,0.3844444444444444,0.5625,0.1565303634156019,1.8419171866886992
2303,0.15789473684210525,16,True,0.34555555555555556,0.5,0.175929009903667,2.0
2304,0.15789473684210525,16,True,0.28833333333333333,0.375,0.11498315352740862,2.4056390622295662
2305,0.15789473684210525,16,True,0.2361111111111111,0.375,0.10854486060238244,2.60845859334435
2306,0.15789473684210525,16,True,0.34388888888888886,0.4375,0.13189963535753602,2.146782221599798
2307,0.8947368421052632,2,False,,,,
2308,0.6842105263157895,6,True,0.21777777777777776,0.3333333333333333,0.3516072294314623,1.9182958340544893
2309,0.3157894736842105,13,True,0.43162393162393164,0.6923076923076923,0.25334307806277934,1.5058762556041068
2310,0.21052631578947367,15,True,0.32190476190476186,0.4,0.11498315352740862,2.4225797618424916
2311,0.21052631578947367,15,True,0.37015873015873013,0.4666666666666667,0.1057908451748023,1.6894822670191825
2312,0.21052631578947367,15,True,0.3136507936507937,0.4,0.1368272324368215,2.3395722619867225
2313,0.21052631578947367,15,True,0.2565079365079365,0.4,0.12541521267568045,2.739572261986723
2314,0.21052631578947367,15,True,0.27174603174603174,0.3333333333333333,0.1034915389299772,2.4662478973127313
2315,0.21052631578947367,15,True,0.5307936507936508,0.8,0.27128755929541437,0.9055872616982603
2316,0.21052631578947367,15,True,0.7333333333333333,1.0,0.2575124304578764,0.0
2317,0.15789473684210525,16,True,0.28500000000000003,0.4375,0.12063835223938557,1.6774212838293647
2318,0.15789473684210525,16,True,0.4477777777777778,0.75,0.3293970672908122,1.311278124459133
2319,0.15789473684210525,16,True,0.5022222222222222,0.875,0.3141871168274789,0.5435644431995964
2320,0.15789473684210525,16,True,0.2911111111111111,0.5,0.13843351652387526,2.125
2321,0.15789473684210525,16,True,0.6416666666666667,0.9375,0.42378260447830396,0.3372900666170139
2322,0.15789473684210525,16,True,0.5333333333333333,1.0,0.37075077614396545,0.0
2323,0.15789473684210525,16,True,0.4633333333333333,0.5625,0.16008854642218662,1.2475562489182659
2324,0.15789473684210525,16,True,0.5027777777777778,0.6875,0.12691452647336954,0.8960382325345574
2325,0.15789473684210525,16,True,0.4555555555555556,0.875,0.3141871168274789,0.5435644431995964
2326,0.9473684210526315,1,False,,,,
2327,0.15789473684210525,16,True,0.32111111111111107,0.5,0.15867131134623425,2.25
2328,0.15789473684210525,16,True,0.55,0.9375,0.42378260447830396,0.3372900666170139
2329,0.15789473684210525,16,True,0.6166666666666667,0.9375,0.42378260447830396,0.3372900666170139
2330,0.15789473684210525,16,True,0.4266666666666667,0.6875,0.24864847816330582,1.3244602933016414
2331,0.15789473684210525,16,True,0.3288888888888889,0.5,0.1719149517350672,2.202819531114783
2332,0.15789473684210525,16,True,0.575,0.9375,0.42378260447830396,0.3372900666170139
2333,0.15789473684210525,16,True,0.5083333333333333,0.9375,0.42378260447830396,0.3372900666170139
2334,0.15789473684210525,16,True,0.4233333333333333,0.5625,0.18813457241778053,1.4913146570363986
2335,0.15789473684210525,16,True,0.41611111111111115,0.5625,0.18813457241778053,1.4913146570363986
2336,0.15789473684210525,16,True,0.45444444444444443,0.8125,0.3197363442781459,0.8683927290103626
2337,0.15789473684210525,16,True,0.6666666666666666,1.0,0.37075077614396545,0.0
2338,0.15789473684210525,16,True,0.51,0.875,0.403874569882679,0.6685644431995964
2339,0.15789473684210525,16,True,0.4138888888888889,0.5625,0.18813457241778053,1.4913146570363986
2340,0.15789473684210525,16,True,0.38,0.625,0.22666969786273672,1.6266144718101818
2341,0.15789473684210525,16,True,0.48611111111111105,0.6875,0.21310559346698987,1.1216407621868583
2342,0.10526315789473684,17,True,0.30588235294117644,0.35294117647058826,0.10777210131076576,2.2569089895583545
2343,0.10526315789473684,17,True,0.23431372549019608,0.29411764705882354,0.08189824177870186,3.0071964896856174
2344,0.10526315789473684,17,True,0.5769607843137254,0.7647058823529411,0.3197363442781459,0.9780155566622414
2345,0.10526315789473684,17,True,0.49509803921568624,0.8823529411764706,0.470861478386833,0.6402064333604701
2346,0.10526315789473684,17,True,0.4676470588235294,0.5882352941176471,0.23199713097962404,1.450467463408549
2347,0.10526315789473684,17,True,0.4426470588235294,0.6470588235294118,0.2597604999432015,1.3784188527203236
2348,0.10526315789473684,17,True,0.27794117647058825,0.47058823529411764,0.13843351652387503,2.1607047528877827
2349,0.10526315789473684,17,True,0.40931372549019607,0.4117647058823529,0.1057908451748023,1.7779849042597489
2350,0.10526315789473684,17,True,0.3529411764705882,0.5882352941176471,0.23699400339378085,2.0157404324930677
2351,0.10526315789473684,17,True,0.21862745098039216,0.35294117647058826,0.08255679506421554,2.3360253406140252
2352,0.10526315789473684,17,True,0.29362745098039217,0.47058823529411764,0.15867131134623425,2.278351811711312
2353,0.10526315789473684,17,True,0.49411764705882355,0.8235294117647058,0.4240799522429881,0.951994081908783
2354,0.10526315789473684,17,True,0.2519607843137255,0.29411764705882354,0.09531008166021682,2.8163075192246447
2355,0.15789473684210525,16,True,0.23055555555555557,0.375,0.10589984877407843,2.23345859334435
2356,0.10526315789473684,17,True,0.32941176470588235,0.4117647058823529,0.11746928423050129,2.4164997849817103
2357,0.10526315789473684,17,True,0.4117647058823529,0.7058823529411765,0.3308728090528291,1.5569010760354054
2358,0.10526315789473684,17,True,0.33382352941176474,0.47058823529411764,0.15867131134623425,2.278351811711312
2359,0.10526315789473684,17,True,0.4230392156862745,0.5294117647058824,0.1710233960407077,1.608700165519891
2360,0.10526315789473684,17,True,0.2372549019607843,0.47058823529411764,0.15867131134623413,2.2783518117113117
2361,0.10526315789473684,17,True,1.0,1.0,0.5145392392540866,0.0
2362,0.10526315789473684,17,True,0.2926470588235294,0.5294117647058824,0.20919571487351996,1.9386790169573507
2363,0.10526315789473684,17,True,0.7333333333333333,1.0,0.5145392392540866,0.0
2364,0.10526315789473684,17,True,0.45686274509803926,0.8823529411764706,0.470861478386833,0.6402064333604701
2365,0.10526315789473684,17,True,0.34411764705882353,0.35294117647058826,0.10777210131076564,2.2569089895583545
2366,0.10526315789473684,17,True,0.3088235294117647,0.4117647058823529,0.12328691953411319,1.990316696873679
2367,0.10526315789473684,17,True,0.7019607843137254,0.9411764705882353,0.5115068636860557,0.3227569588973982
2368,0.10526315789473684,17,True,0.4759803921568627,0.8235294117647058,0.3840091092994298,0.8343470230852537
2369,0.10526315789473684,17,True,0.5392156862745098,0.8235294117647058,0.4240799522429881,0.951994081908783
2370,0.10526315789473684,17,True,0.5098039215686274,0.9411764705882353,0.5115068636860557,0.3227569588973982
2371,0.10526315789473684,17,True,0.5333333333333333,1.0,0.5145392392540866,0.0
2372,0.10526315789473684,17,True,0.3637254901960784,0.7058823529411765,0.31402704890353816,1.439254017211876
2373,0.10526315789473684,17,True,0.2769607843137255,0.35294117647058826,0.0775949694342204,2.3515937233487554
2374,0.10526315789473684,17,True,0.5470588235294118,0.8823529411764706,0.470861478386833,0.6402064333604701
2375,0.10526315789473684,17,True,0.3068627450980392,0.47058823529411764,0.1919537021102833,1.992778107459939
2376,0.5263157894736842,9,True,0.21296296296296297,0.3333333333333333,0.21129967947546247,2.197159723424149
2377,0.10526315789473684,17,True,0.375,0.5882352941176471,0.2362832736567574,1.853688226483452
2378,0.10526315789473684,17,True,0.4328431372549019,0.5882352941176471,0.23665100921814008,1.6627992560224794
2379,0.10526315789473684,17,True,0.34019607843137256,0.5882352941176471,0.2446883927462009,2.133387491316597
2380,0.10526315789473684,17,True,0.2818627450980392,0.35294117647058826,0.10777210131076576,2.2569089895583545
2381,0.10526315789473684,17,True,0.3799019607843137,0.5294117647058824,0.1345373739740724,1.7033848993102918
2382,0.10526315789473684,17,True,0.34705882352941175,0.5294117647058824,0.1717002214937282,2.05632607578088
2383,0.10526315789473684,17,True,0.2897058823529412,0.5882352941176471,0.2362832736567574,1.8536882264834516
2384,0.10526315789473684,17,True,0.20294117647058824,0.29411764705882354,0.07558291272206419,2.889549430862088
2385,0.10526315789473684,17,True,0.30392156862745096,0.5294117647058824,0.20919571487351996,1.9386790169573507
2386,0.10526315789473684,17,True,0.3303921568627451,0.5294117647058824,0.1818816931582794,1.8210319581338212
2387,0.10526315789473684,17,True,0.22892156862745097,0.23529411764705882,0.05027061116629661,2.8221819586428727
2388,0.10526315789473684,17,True,0.3568627450980392,0.5882352941176471,0.2362832736567574,1.8536882264834516
2389,0.47368421052631576,10,True,0.2711111111111111,0.5,0.2393728467500651,2.1609640474436813
2390,0.42105263157894735,11,True,0.3781818181818182,0.7272727272727273,0.2585421883818424,1.2776134368191154
2391,0.42105263157894735,11,True,0.4036363636363636,0.6363636363636364,0.20530794671029118,1.4911148500551858
2392,0.47368421052631576,10,True,0.35851851851851857,0.6,0.25334307806277945,1.7709505944546688
2393,0.47368421052631576,10,True,0.4311111111111111,0.8,0.25838690151454435,0.9219280948873623
2394,0.47368421052631576,10,True,0.40444444444444444,0.6,0.16008854642218662,1.295461844238322
2395,0.47368421052631576,10,True,0.36592592592592593,0.7,0.2626406304386867,1.3567796494470397
2396,0.42105263157894735,11,True,0.5151515151515151,0.9090909090909091,0.2199270264698785,0.4394969869215134
2397,0.10526315789473684,17,True,0.3220588235294118,0.4117647058823529,0.07258426004875784,2.1368005201485647
2398,0.10526315789473684,17,True,0.5117647058823529,0.8235294117647058,0.3840091092994299,0.8343470230852538
2399,0.15789473684210525,16,True,0.45611111111111113,0.75,0.2987636957331653,1.186278124459133
2400,0.21052631578947367,15,True,0.30158730158730157,0.3333333333333333,0.11834237723820595,2.599581230646064
2401,0.9473684210526315,1,False,,,,
2402,0.9473684210526315,1,False,,,,
2403,0.9473684210526315,1,False,,,,
2404,0.9473684210526315,1,False,,,,
2405,0.9473684210526315,1,False,,,,
2406,0.10526315789473684,17,True,0.2529411764705882,0.4117647058823529,0.1190371301847496,2.5785519909913264
2407,0.10526315789473684,17,True,0.30637254901960786,0.47058823529411764,0.1454276709574014,2.322756958897399
2408,0.10526315789473684,17,True,0.28872549019607846,0.29411764705882354,0.0702766079309739,2.374556048381884
2409,0.47368421052631576,10,True,0.38074074074074077,0.7,0.2626406304386868,1.3567796494470397
2410,0.47368421052631576,10,True,0.3614814814814815,0.6,0.21409410126225947,1.5709505944546687
2411,0.47368421052631576,10,True,0.5066666666666666,0.7,0.07768278518151683,0.8812908992306927
2412,0.47368421052631576,10,True,0.4607407407407408,0.7,0.19658386084094515,1.1567796494470395
2413,0.42105263157894735,11,True,0.45939393939393935,0.5454545454545454,0.1262934802341792,1.3221793455166666
2414,0.47368421052631576,10,True,0.3570370370370371,0.5,0.18813457241778053,1.6854752972273346
2415,0.5263157894736842,9,True,0.21666666666666667,0.3333333333333333,0.2362832736567574,2.4193819456463714
2416,0.5263157894736842,9,True,0.4462962962962963,0.6666666666666666,0.21101139994137985,1.224394445405986
2417,0.3684210526315789,12,True,0.26161616161616164,0.3333333333333333,0.09793558979143546,2.188721875540867
2418,0.3684210526315789,12,True,0.2383838383838384,0.3333333333333333,0.13931336313991416,2.584962500721156
2419,0.42105263157894735,11,True,0.36000000000000004,0.36363636363636365,0.14575294935186023,2.1180782093497093
2420,0.42105263157894735,11,True,0.2484848484848485,0.45454545454545453,0.1785263144136614,1.971747257128181
2421,0.5263157894736842,9,True,0.26666666666666666,0.4444444444444444,0.25962632736662017,2.2810361125534233
2422,0.5263157894736842,9,True,0.21481481481481482,0.4444444444444444,0.25962632736662017,2.2810361125534233
2423,0.42105263157894735,11,True,0.2424242424242424,0.2727272727272727,0.13843351652387503,2.481714572986073
2424,0.21052631578947367,15,True,0.35238095238095235,0.6,0.2248895132903982,2.0049355947431313
2425,0.21052631578947367,15,True,0.4057142857142857,0.5333333333333333,0.17110427909453796,1.7735572622751854
2426,0.21052631578947367,15,True,0.3568253968253969,0.4666666666666667,0.08641599948523981,1.7464657985040721
2427,0.21052631578947367,15,True,0.2965079365079365,0.4,0.11509046281401225,2.2062389286533897
2428,0.21052631578947367,15,True,0.4082539682539682,0.6666666666666666,0.21262228529006166,1.3752793655393791
2429,0.21052631578947367,15,True,0.30857142857142855,0.4666666666666667,0.1552426890673988,2.063458298648303
2430,0.21052631578947367,15,True,0.35619047619047617,0.4666666666666667,0.13931336313991427,2.33012496531497
2431,0.3684210526315789,12,True,0.31616161616161614,0.4166666666666667,0.11533893646596238,2.117492461184755
2432,0.3684210526315789,12,True,0.2777777777777778,0.4166666666666667,0.1675526697089812,2.4508257945180882
2433,0.21052631578947367,15,True,0.4038095238095238,0.6,0.1818816931582794,1.7382689280764645
2434,0.21052631578947367,15,True,0.3282539682539683,0.4,0.11509046281401225,2.2062389286533897
2435,0.21052631578947367,15,True,0.30857142857142855,0.4666666666666667,0.13931336313991427,2.33012496531497
2436,0.5789473684210527,8,True,0.35238095238095235,0.625,0.2962465220098368,1.5487949406953985
2437,0.3157894736842105,13,True,0.33247863247863246,0.6153846153846154,0.2275769429533877,1.8542858719872461
2438,0.8947368421052632,2,False,,,,
2439,0.8947368421052632,2,False,,,,
2440,0.8947368421052632,2,False,,,,
2441,0.42105263157894735,11,True,0.44242424242424244,0.7272727272727273,0.2585421883818424,1.2776134368191154
2442,0.42105263157894735,11,True,0.3624242424242424,0.5454545454545454,0.1738725939109368,1.6171895725927152
2443,0.42105263157894735,11,True,0.3903030303030303,0.6363636363636364,0.20530794671029118,1.4911148500551858
2444,0.47368421052631576,10,True,0.4533333333333333,0.6,0.16008854642218662,1.295461844238322
2445,0.47368421052631576,10,True,0.362962962962963,0.5,0.21465505822008046,1.9609640474436814
2446,0.47368421052631576,10,True,0.4488888888888889,0.8,0.25838690151454435,0.9219280948873623
2447,0.5263157894736842,9,True,0.6148148148148148,0.8888888888888888,0.2199270264698785,0.5032583347756457
2448,0.5263157894736842,9,True,0.28888888888888886,0.6666666666666666,0.21101139994137985,1.224394445405986
2449,0.5263157894736842,9,True,0.37592592592592594,0.6666666666666666,0.2750678362011758,1.4466166676282082
2450,0.5263157894736842,9,True,0.4425925925925926,0.6666666666666666,0.2750678362011758,1.4466166676282082
2451,0.5263157894736842,9,True,0.4185185185185185,0.7777777777777778,0.2673721749433876,0.9864267287308424
2452,0.42105263157894735,11,True,0.3393939393939394,0.5454545454545454,0.2275769429533877,2.049452072789394
2453,0.3157894736842105,13,True,0.49914529914529915,0.7692307692307693,0.2750678362011758,1.1451104143815827
2454,0.3157894736842105,13,True,0.3162393162393162,0.5384615384615384,0.18354756840725672,2.0349409139562287
2455,0.3684210526315789,12,True,0.35959595959595964,0.75,0.2626406304386867,1.207518749639422
2456,0.3684210526315789,12,True,0.42525252525252527,0.75,0.2626406304386867,1.207518749639422
2457,0.3684210526315789,12,True,0.4,0.75,0.2626406304386867,1.207518749639422
2458,0.3684210526315789,12,True,0.48181818181818176,0.8333333333333334,0.2673721749433876,0.8166890883150209
2459,0.3684210526315789,12,True,0.39292929292929296,0.6666666666666666,0.20530794671029118,1.4182958340544896
2460,0.3684210526315789,12,True,0.403030303030303,0.5833333333333334,0.16918488141581278,1.5510981710072647
2461,0.3157894736842105,13,True,0.48376068376068376,0.8461538461538461,0.28560263299760746,0.7732283485249176
2462,0.3157894736842105,13,True,0.33076923076923076,0.5384615384615384,0.06449043956058009,1.419556298571613
2463,0.3157894736842105,13,True,0.35128205128205126,0.5384615384615384,0.18354756840725694,2.0349409139562287
2464,0.3157894736842105,13,True,0.3581196581196581,0.46153846153846156,0.15754778182379925,2.1416195253341384
2465,0.3157894736842105,13,True,0.3803418803418804,0.6153846153846154,0.2275769429533877,1.8542858719872461
2466,0.3157894736842105,13,True,0.26666666666666666,0.5384615384615384,0.20088836321582537,2.1887870678023824
2467,0.3157894736842105,13,True,0.29914529914529914,0.5384615384615384,0.18354756840725694,2.0349409139562287
2468,0.6842105263157895,6,True,0.28,0.3333333333333333,0.3516072294314623,1.9182958340544893
2469,0.6842105263157895,6,True,0.20888888888888887,0.16666666666666666,0.38873147359769233,2.584962500721156
2470,0.6842105263157895,6,True,0.28,0.5,0.368718405808535,1.7924812503605778
2471,0.6842105263157895,6,True,0.29333333333333333,0.3333333333333333,0.3768634756015604,2.2516291673878226
2472,0.6842105263157895,6,True,0.24444444444444444,0.16666666666666666,0.38873147359769233,2.584962500721156
2473,0.3684210526315789,12,True,0.302020202020202,0.5,0.20088836321582537,2.292481250360578
2474,0.42105263157894735,11,True,0.5163636363636364,0.8181818181818182,0.25838690151454435,0.8658566174572235
2475,0.47368421052631576,10,True,0.29629629629629634,0.4,0.1818816931582794,2.121928094887362
2476,0.47368421052631576,10,True,0.2874074074074074,0.5,0.2393728467500651,2.1609640474436813
2477,0.5263157894736842,9,True,0.31851851851851853,0.4444444444444444,0.23665100921814008,2.058813890331201
2478,0.47368421052631576,10,True,0.3451851851851852,0.6,0.21409410126225947,1.5709505944546687
2479,0.5789473684210527,8,True,0.3428571428571428,0.5,0.21310559346698987,1.4056390622295665
2480,0.5789473684210527,8,True,0.43333333333333335,0.875,0.2360639286070707,0.5435644431995964
2481,0.631578947368421,7,True,0.7333333333333333,1.0,0.050547984612051566,0.0
2482,0.631578947368421,7,True,0.580952380952381,0.8571428571428571,0.2634294358664522,0.5916727785823275
2483,0.631578947368421,7,True,0.4666666666666667,0.8571428571428571,0.2634294358664522,0.5916727785823275
2484,0.631578947368421,7,True,0.4380952380952381,0.7142857142857143,0.31364651914901476,1.1488348542809166
2485,0.631578947368421,7,True,0.273015873015873,0.42857142857142855,0.2987636957331652,1.8423709931771084
2486,0.8947368421052632,2,False,,,,
2487,0.8947368421052632,2,False,,,,
2488,0.9473684210526315,1,False,,,,
2489,0.9473684210526315,1,False,,,,
2490,0.9473684210526315,1,False,,,,
2491,0.9473684210526315,1,False,,,,
2492,0.9473684210526315,1,False,,,,
2493,0.9473684210526315,1,False,,,,
2494,0.8421052631578947,3,False,,,,
2495,0.8421052631578947,3,False,,,,
2496,0.8421052631578947,3,False,,,,
2497,0.9473684210526315,1,False,,,,
2498,0.9473684210526315,1,False,,,,
2499,0.9473684210526315,1,False,,,,
2500,0.631578947368421,7,True,0.4571428571428572,0.7142857142857143,0.31364651914901476,1.1488348542809166
2501,0.631578947368421,7,True,0.6476190476190476,0.8571428571428571,0.2634294358664522,0.5916727785823275
2502,0.631578947368421,7,True,0.8,1.0,0.050547984612051566,0.0
2503,0.631578947368421,7,True,0.4666666666666667,0.8571428571428571,0.2634294358664522,0.5916727785823275
2504,0.631578947368421,7,True,0.4444444444444444,0.7142857142857143,0.31364651914901476,1.1488348542809166
2505,0.631578947368421,7,True,0.580952380952381,0.8571428571428571,0.2634294358664522,0.5916727785823275
2506,0.631578947368421,7,True,0.473015873015873,0.7142857142857143,0.20033199319823125,0.863120568566631
2507,0.47368421052631576,10,True,0.40296296296296297,0.7,0.19658386084094503,1.1567796494470395
2508,0.47368421052631576,10,True,0.4251851851851852,0.7,0.2626406304386867,1.3567796494470397
2509,0.47368421052631576,10,True,0.31407407407407406,0.5,0.21465505822008046,1.9609640474436814
2510,0.7894736842105263,4,False,,,,
2511,0.7894736842105263,4,False,,,,
2512,0.6842105263157895,6,True,0.30666666666666664,0.5,0.368718405808535,1.7924812503605778
2513,0.6842105263157895,6,True,0.2711111111111111,0.3333333333333333,0.3768634756015604,2.2516291673878226
2514,0.7368421052631579,5,True,0.22,0.4,0.4240799522429881,1.9219280948873623
2515,0.7368421052631579,5,True,0.26,0.4,0.4240799522429881,1.9219280948873623
2516,0.7368421052631579,5,True,0.6266666666666667,0.8,0.35553335479741277,0.7219280948873623
2517,0.7368421052631579,5,True,0.43333333333333335,0.6,0.403874569882679,1.3709505944546687
2518,0.7368421052631579,5,True,0.32,0.6,0.403874569882679,1.3709505944546687
2519,0.7368421052631579,5,True,0.26666666666666666,0.4,0.4240799522429881,1.9219280948873623
2520,0.7368421052631579,5,True,0.33999999999999997,0.6,0.403874569882679,1.3709505944546687
2521,0.7368421052631579,5,True,0.3333333333333333,0.6,0.403874569882679,1.3709505944546687
2522,0.7368421052631579,5,True,0.15333333333333332,0.2,0.44196169314325406,2.321928094887362
2523,0.7368421052631579,5,True,0.2,0.2,0.44196169314325406,2.321928094887362
2524,0.7368421052631579,5,True,0.2533333333333333,0.4,0.4240799522429881,1.9219280948873623
2525,0.7368421052631579,5,True,0.2,0.2,0.44196169314325406,2.321928094887362
2526,0.7368421052631579,5,True,0.2533333333333333,0.4,0.4240799522429881,1.9219280948873623
2527,0.7368421052631579,5,True,0.18666666666666665,0.4,0.4240799522429881,1.9219280948873623
2528,0.7368421052631579,5,True,0.15333333333333332,0.2,0.44196169314325406,2.321928094887362
2529,0.7368421052631579,5,True,0.26,0.2,0.44196169314325406,2.321928094887362
2530,0.7368421052631579,5,True,0.33999999999999997,0.6,0.403874569882679,1.3709505944546687
2531,0.7894736842105263,4,False,,,,
2532,0.9473684210526315,1,False,,,,
2533,0.9473684210526315,1,False,,,,
2534,0.8421052631578947,3,False,,,,
2535,0.7894736842105263,4,False,,,,
2536,0.7894736842105263,4,False,,,,
2537,0.7894736842105263,4,False,,,,
2538,0.7368421052631579,5,True,0.21333333333333335,0.4,0.4240799522429881,1.9219280948873623
2539,0.7368421052631579,5,True,0.26666666666666666,0.4,0.4240799522429881,1.9219280948873623
2540,0.7368421052631579,5,True,0.49333333333333335,0.8,0.35553335479741277,0.7219280948873623
2541,0.7894736842105263,4,False,,,,
2542,0.7894736842105263,4,False,,,,
2543,0.6842105263157895,6,True,0.21777777777777776,0.3333333333333333,0.3768634756015603,2.251629167387823
2544,0.6842105263157895,6,True,0.3466666666666667,0.3333333333333333,0.3516072294314623,1.9182958340544893
2545,0.6842105263157895,6,True,0.28,0.3333333333333333,0.35160722943146216,1.9182958340544893
2546,0.9473684210526315,1,False,,,,
2547,0.9473684210526315,1,False,,,,
2548,0.9473684210526315,1,False,,,,
2549,0.9473684210526315,1,False,,,,
2550,0.9473684210526315,1,False,,,,
2551,0.6842105263157895,6,True,0.2533333333333333,0.3333333333333333,0.3768634756015604,2.2516291673878226
2552,0.6842105263157895,6,True,0.3511111111111111,0.6666666666666666,0.35250246264226515,1.2516291673878228
2553,0.6842105263157895,6,True,0.29333333333333333,0.3333333333333333,0.3768634756015604,2.2516291673878226
2554,0.9473684210526315,1,False,,,,
2555,0.9473684210526315,1,False,,,,
2556,0.9473684210526315,1,False,,,,
2557,0.9473684210526315,1,False,,,,
2558,0.9473684210526315,1,False,,,,
2559,0.9473684210526315,1,False,,,,
2560,0.9473684210526315,1,False,,,,
2561,0.9473684210526315,1,False,,,,
2562,0.9473684210526315,1,False,,,,
2563,0.6842105263157895,6,True,0.17333333333333334,0.16666666666666666,0.38873147359769233,2.584962500721156
2564,0.631578947368421,7,True,0.24444444444444444,0.2857142857142857,0.33087280905282923,2.521640636343318
2565,0.631578947368421,7,True,0.2,0.2857142857142857,0.33087280905282923,2.521640636343318
2566,0.42105263157894735,11,True,0.38666666666666666,0.6363636363636364,0.24545096392396826,1.6729330318733675
2567,0.42105263157894735,11,True,0.35878787878787877,0.6363636363636364,0.2053079467102913,1.4911148500551854
2568,0.3684210526315789,12,True,0.3777777777777778,0.6666666666666666,0.20530794671029118,1.4182958340544896
2569,0.3684210526315789,12,True,0.32626262626262625,0.5833333333333334,0.1976336043635435,1.780672129520887
2570,0.8947368421052632,2,False,,,,
2571,0.8947368421052632,2,False,,,,
2572,0.8947368421052632,2,False,,,,
2573,0.9473684210526315,1,False,,,,
2574,0.9473684210526315,1,False,,,,
2575,0.8421052631578947,3,False,,,,
2576,0.8947368421052632,2,False,,,,
2577,0.9473684210526315,1,False,,,,
2578,0.9473684210526315,1,False,,,,
2579,0.9473684210526315,1,False,,,,
2580,0.9473684210526315,1,False,,,,
2581,0.9473684210526315,1,False,,,,
2582,0.9473684210526315,1,False,,,,
2583,0.9473684210526315,1,False,,,,
2584,0.47368421052631576,10,True,0.39111111111111113,0.6,0.1402230858389375,1.3709505944546687
2585,0.42105263157894735,11,True,0.3321212121212121,0.6363636363636364,0.24545096392396837,1.6729330318733675
2586,0.42105263157894735,11,True,0.42303030303030303,0.7272727272727273,0.2585421883818424,1.2776134368191154
2587,0.42105263157894735,11,True,0.4957575757575758,0.8181818181818182,0.25838690151454435,0.8658566174572235
2588,0.42105263157894735,11,True,0.38545454545454544,0.7272727272727273,0.2585421883818424,1.2776134368191154
2589,0.5263157894736842,9,True,0.562962962962963,0.8888888888888888,0.2199270264698785,0.5032583347756457
2590,0.42105263157894735,11,True,0.38545454545454544,0.6363636363636364,0.24545096392396837,1.6729330318733675
2591,0.42105263157894735,11,True,0.4715151515151515,0.8181818181818182,0.25838690151454435,0.8658566174572235
2592,0.42105263157894735,11,True,0.4315151515151515,0.7272727272727273,0.2585421883818424,1.2776134368191154
2593,0.47368421052631576,10,True,0.362962962962963,0.8,0.25838690151454435,0.9219280948873623
2594,0.42105263157894735,11,True,0.2909090909090909,0.6363636363636364,0.24545096392396837,1.6729330318733675
2595,0.42105263157894735,11,True,0.46909090909090906,0.8181818181818182,0.13060211932509258,0.6840384356390417
2596,0.42105263157894735,11,True,0.41696969696969693,0.7272727272727273,0.2585421883818424,1.2776134368191154
2597,0.42105263157894735,11,True,0.38909090909090904,0.8181818181818182,0.25838690151454435,0.8658566174572235
2598,0.3684210526315789,12,True,0.4393939393939394,0.75,0.19658386084094503,1.0408520829727552
2599,0.3684210526315789,12,True,0.4101010101010101,0.6666666666666666,0.24545096392396826,1.584962500721156
2600,0.3684210526315789,12,True,0.4090909090909091,0.75,0.2626406304386867,1.207518749639422
2601,0.3684210526315789,12,True,0.4090909090909091,0.75,0.2626406304386867,1.207518749639422
2602,0.3684210526315789,12,True,0.36666666666666664,0.6666666666666666,0.24545096392396837,1.584962500721156
2603,0.3684210526315789,12,True,0.3656565656565656,0.5833333333333334,0.16918488141581278,1.5510981710072647
2604,0.3684210526315789,12,True,0.3525252525252525,0.5833333333333334,0.22369979466064327,1.9473387961875537
2605,0.3684210526315789,12,True,0.31616161616161614,0.5833333333333334,0.15207370503873996,1.6140054628542202
2606,0.3684210526315789,12,True,0.407070707070707,0.75,0.19658386084094515,1.0408520829727552
2607,0.3684210526315789,12,True,0.6222222222222221,0.9166666666666666,0.2360639286070707,0.41381685030363374
2608,0.3684210526315789,12,True,0.3878787878787879,0.75,0.2626406304386868,1.207518749639422
2609,0.3684210526315789,12,True,0.4575757575757576,0.6666666666666666,0.13002267628881836,1.2516291673878228
2610,0.3684210526315789,12,True,0.44848484848484843,0.75,0.2626406304386867,1.207518749639422
2611,0.3684210526315789,12,True,0.35454545454545455,0.5833333333333334,0.22369979466064327,1.9473387961875537
2612,0.3684210526315789,12,True,0.3464646464646465,0.5833333333333334,0.1976336043635436,1.780672129520887
2613,0.3684210526315789,12,True,0.3686868686868687,0.5833333333333334,0.1976336043635436,1.780672129520887
2614,0.42105263157894735,11,True,0.3709090909090909,0.5454545454545454,0.2275769429533877,2.049452072789394
2615,0.7368421052631579,5,True,0.18666666666666665,0.4,0.4240799522429881,1.9219280948873623
2616,0.7368421052631579,5,True,0.21333333333333335,0.4,0.3840091092994298,1.5219280948873621
2617,0.3684210526315789,12,True,0.39595959595959596,0.75,0.19658386084094515,1.0408520829727552
2618,0.3684210526315789,12,True,0.4202020202020202,0.75,0.2626406304386867,1.207518749639422
2619,0.3684210526315789,12,True,0.3909090909090909,0.6666666666666666,0.1498881368720677,1.188721875540867
2620,0.3684210526315789,12,True,0.298989898989899,0.5833333333333334,0.15207370503873996,1.6140054628542202
2621,0.3684210526315789,12,True,0.3909090909090909,0.6666666666666666,0.20530794671029107,1.4182958340544896
2622,0.3684210526315789,12,True,0.403030303030303,0.6666666666666666,0.20530794671029118,1.4182958340544896
2623,0.3684210526315789,12,True,0.31313131313131315,0.6666666666666666,0.24545096392396826,1.584962500721156
2624,0.3684210526315789,12,True,0.34747474747474744,0.5833333333333334,0.1976336043635435,1.780672129520887
2625,0.3684210526315789,12,True,0.3777777777777778,0.5833333333333334,0.1976336043635436,1.780672129520887
2626,0.3684210526315789,12,True,0.3585858585858586,0.6666666666666666,0.24545096392396837,1.584962500721156
2627,0.3684210526315789,12,True,0.3434343434343434,0.5,0.18354756840725672,2.125814583693911
2628,0.7894736842105263,4,False,,,,
2629,0.7894736842105263,4,False,,,,
2630,0.7894736842105263,4,False,,,,
2631,0.7894736842105263,4,False,,,,
2632,0.8947368421052632,2,False,,,,
2633,0.8947368421052632,2,False,,,,
2634,0.8947368421052632,2,False,,,,
2635,0.9473684210526315,1,False,,,,
2636,0.9473684210526315,1,False,,,,
2637,0.9473684210526315,1,False,,,,
2638,0.9473684210526315,1,False,,,,
2639,0.9473684210526315,1,False,,,,
2640,0.9473684210526315,1,False,,,,
2641,0.9473684210526315,1,False,,,,
2642,0.9473684210526315,1,False,,,,
2643,0.9473684210526315,1,False,,,,
2644,0.7894736842105263,4,False,,,,
2645,0.7894736842105263,4,False,,,,
2646,0.7894736842105263,4,False,,,,
2647,0.7894736842105263,4,False,,,,
2648,0.7894736842105263,4,False,,,,
2649,0.7894736842105263,4,False,,,,
2650,0.7894736842105263,4,False,,,,
2651,0.7894736842105263,4,False,,,,
2652,0.7894736842105263,4,False,,,,
2653,0.7894736842105263,4,False,,,,
2654,0.7894736842105263,4,False,,,,
2655,0.7894736842105263,4,False,,,,
2656,0.7894736842105263,4,False,,,,
2657,0.7894736842105263,4,False,,,,
2658,0.7894736842105263,4,False,,,,
2659,0.8421052631578947,3,False,,,,
2660,0.8421052631578947,3,False,,,,
2661,0.8421052631578947,3,False,,,,
2662,0.8421052631578947,3,False,,,,
2663,0.8421052631578947,3,False,,,,
2664,0.8421052631578947,3,False,,,,
2665,0.8421052631578947,3,False,,,,
2666,0.8421052631578947,3,False,,,,
2667,0.9473684210526315,1,False,,,,
2668,0.9473684210526315,1,False,,,,
2669,0.9473684210526315,1,False,,,,
2670,0.9473684210526315,1,False,,,,
2671,0.9473684210526315,1,False,,,,
2672,0.9473684210526315,1,False,,,,
2673,0.9473684210526315,1,False,,,,
2674,0.8421052631578947,3,False,,,,
2675,0.8421052631578947,3,False,,,,
2676,0.42105263157894735,11,True,0.41333333333333333,0.7272727272727273,0.2585421883818424,1.2776134368191154
2677,0.42105263157894735,11,True,0.34060606060606063,0.6363636363636364,0.20530794671029118,1.4911148500551854
2678,0.42105263157894735,11,True,0.34060606060606063,0.6363636363636364,0.24545096392396837,1.6729330318733675
2679,0.42105263157894735,11,True,0.32,0.6363636363636364,0.20530794671029118,1.4911148500551854
2680,0.42105263157894735,11,True,0.3709090909090909,0.7272727272727273,0.19182571696241768,1.0957952550009336
2681,0.7894736842105263,4,False,,,,
2682,0.7894736842105263,4,False,,,,
2683,0.7894736842105263,4,False,,,,
2684,0.7894736842105263,4,False,,,,
2685,0.7894736842105263,4,False,,,,
2686,0.7894736842105263,4,False,,,,
2687,0.7368421052631579,5,True,0.24666666666666667,0.4,0.4240799522429881,1.9219280948873623
2688,0.7894736842105263,4,False,,,,
2689,0.7894736842105263,4,False,,,,
2690,0.5789473684210527,8,True,0.3357142857142857,0.5,0.2597604999432015,1.75
2691,0.42105263157894735,11,True,0.30909090909090914,0.45454545454545453,0.20875469682471393,2.4040097573248604
2692,0.631578947368421,7,True,0.32380952380952377,0.42857142857142855,0.25838690151454435,1.4488156357251847
2693,0.42105263157894735,11,True,0.3757575757575758,0.7272727272727273,0.2585421883818424,1.2776134368191154
2694,0.42105263157894735,11,True,0.3321212121212121,0.5454545454545454,0.15676141753386397,1.6858157091530304
2695,0.8421052631578947,3,False,,,,
2696,0.3684210526315789,12,True,0.4262626262626263,0.6666666666666666,0.13002267628881858,1.2516291673878228
2697,0.3684210526315789,12,True,0.34545454545454546,0.5833333333333334,0.1976336043635436,1.780672129520887
2698,0.3684210526315789,12,True,0.4686868686868687,0.5833333333333334,0.15207370503873996,1.6140054628542202
2699,0.3684210526315789,12,True,0.4262626262626263,0.75,0.2626406304386867,1.207518749639422
2700,0.3684210526315789,12,True,0.4121212121212121,0.5833333333333334,0.16918488141581267,1.5510981710072647
2701,0.42105263157894735,11,True,0.37939393939393945,0.5454545454545454,0.09352736187006006,1.4353713907745331
2702,0.42105263157894735,11,True,0.31636363636363635,0.6363636363636364,0.20530794671029118,1.4911148500551854
2703,0.42105263157894735,11,True,0.36727272727272725,0.6363636363636364,0.24545096392396826,1.6729330318733675
2704,0.42105263157894735,11,True,0.336969696969697,0.5454545454545454,0.20184431586908624,1.8676338909712125
2705,0.47368421052631576,10,True,0.31851851851851853,0.6,0.25334307806277934,1.7709505944546688
2706,0.47368421052631576,10,True,0.48592592592592593,0.7,0.19658386084094515,1.1567796494470395
2707,0.7894736842105263,4,False,,,,
2708,0.9473684210526315,1,False,,,,
2709,0.9473684210526315,1,False,,,,
2710,0.9473684210526315,1,False,,,,
2711,0.9473684210526315,1,False,,,,
2712,0.47368421052631576,10,True,0.39851851851851855,0.6,0.21409410126225947,1.5709505944546687
2713,0.8947368421052632,2,False,,,,
2714,0.47368421052631576,10,True,0.3674074074074074,0.7,0.19658386084094515,1.1567796494470395
2715,0.5263157894736842,9,True,0.2925925925925926,0.5555555555555556,0.26942437427994104,1.8799649487271108
2716,0.47368421052631576,10,True,0.25037037037037035,0.5,0.2393728467500651,2.1609640474436813
2717,0.47368421052631576,10,True,0.22074074074074074,0.4,0.20919571487351996,2.321928094887362
2718,0.47368421052631576,10,True,0.2548148148148148,0.3,0.2030454343809852,2.6464393446710157
2719,0.5263157894736842,9,True,0.22777777777777777,0.2222222222222222,0.23699400339378085,2.725480556997868
2720,0.5263157894736842,9,True,0.23148148148148148,0.3333333333333333,0.2502376437826136,2.6416041678685933
2721,0.5263157894736842,9,True,0.3111111111111111,0.5555555555555556,0.26942437427994104,1.8799649487271108
2722,0.7368421052631579,5,True,0.41333333333333333,0.6,0.3141871168274789,0.9709505944546686
2723,0.8421052631578947,3,False,,,,
2724,0.8421052631578947,3,False,,,,
2725,0.8421052631578947,3,False,,,,
2726,0.8421052631578947,3,False,,,,
2727,0.8947368421052632,2,False,,,,
2728,0.8947368421052632,2,False,,,,
2729,0.8947368421052632,2,False,,,,
2730,0.8947368421052632,2,False,,,,
2731,0.8947368421052632,2,False,,,,
2732,0.8421052631578947,3,False,,,,
2733,0.8421052631578947,3,False,,,,
2734,0.8421052631578947,3,False,,,,
2735,0.8421052631578947,3,False,,,,
2736,0.8421052631578947,3,False,,,,
2737,0.8421052631578947,3,False,,,,
2738,0.8421052631578947,3,False,,,,
2739,0.8421052631578947,3,False,,,,
2740,0.8421052631578947,3,False,,,,
2741,0.8947368421052632,2,False,,,,
2742,0.9473684210526315,1,False,,,,
2743,0.9473684210526315,1,False,,,,
2744,0.9473684210526315,1,False,,,,
2745,0.9473684210526315,1,False,,,,
2746,0.9473684210526315,1,False,,,,
2747,0.9473684210526315,1,False,,,,
2748,0.9473684210526315,1,False,,,,
2749,0.9473684210526315,1,False,,,,
2750,0.9473684210526315,1,False,,,,
2751,0.9473684210526315,1,False,,,,
2752,0.9473684210526315,1,False,,,,
2753,0.8947368421052632,2,False,,,,
2754,0.8947368421052632,2,False,,,,
2755,0.8947368421052632,2,False,,,,
2756,0.8947368421052632,2,False,,,,
2757,0.8947368421052632,2,False,,,,
2758,0.8947368421052632,2,False,,,,
2759,0.8947368421052632,2,False,,,,
2760,0.8947368421052632,2,False,,,,
2761,0.8947368421052632,2,False,,,,
2762,0.8947368421052632,2,False,,,,
2763,0.8947368421052632,2,False,,,,
2764,0.8947368421052632,2,False,,,,
2765,0.8947368421052632,2,False,,,,
2766,0.8947368421052632,2,False,,,,
2767,0.8947368421052632,2,False,,,,
2768,0.8947368421052632,2,False,,,,
2769,0.8947368421052632,2,False,,,,
2770,0.8947368421052632,2,False,,,,
2771,0.8947368421052632,2,False,,,,
2772,0.8947368421052632,2,False,,,,
2773,0.8947368421052632,2,False,,,,
2774,0.8947368421052632,2,False,,,,
2775,0.8947368421052632,2,False,,,,
2776,0.8947368421052632,2,False,,,,
2777,0.8947368421052632,2,False,,,,
2778,0.9473684210526315,1,False,,,,
2779,0.8947368421052632,2,False,,,,
2780,0.8947368421052632,2,False,,,,
2781,0.8947368421052632,2,False,,,,
2782,0.8947368421052632,2,False,,,,
2783,0.8947368421052632,2,False,,,,
2784,0.8947368421052632,2,False,,,,
2785,0.8947368421052632,2,False,,,,
2786,0.8947368421052632,2,False,,,,
2787,0.8947368421052632,2,False,,,,
2788,0.8947368421052632,2,False,,,,
2789,0.8947368421052632,2,False,,,,
2790,0.8947368421052632,2,False,,,,
2791,0.8947368421052632,2,False,,,,
2792,0.8947368421052632,2,False,,,,
2793,0.8947368421052632,2,False,,,,
2794,0.8947368421052632,2,False,,,,
2795,0.8947368421052632,2,False,,,,
2796,0.8947368421052632,2,False,,,,
2797,0.8947368421052632,2,False,,,,
2798,0.8947368421052632,2,False,,,,
2799,0.8947368421052632,2,False,,,,
2800,0.8947368421052632,2,False,,,,
2801,0.8947368421052632,2,False,,,,
2802,0.8947368421052632,2,False,,,,
2803,0.8947368421052632,2,False,,,,
2804,0.8947368421052632,2,False,,,,
2805,0.8947368421052632,2,False,,,,
2806,0.9473684210526315,1,False,,,,
2807,0.9473684210526315,1,False,,,,
2808,0.9473684210526315,1,False,,,,
2809,0.9473684210526315,1,False,,,,
2810,0.9473684210526315,1,False,,,,
2811,0.9473684210526315,1,False,,,,
2812,0.9473684210526315,1,False,,,,
2813,0.8947368421052632,2,False,,,,
2814,0.8947368421052632,2,False,,,,
2815,0.8947368421052632,2,False,,,,
2816,0.8947368421052632,2,False,,,,
2817,0.8947368421052632,2,False,,,,
2818,0.8947368421052632,2,False,,,,
2819,0.8947368421052632,2,False,,,,
2820,0.8947368421052632,2,False,,,,
2821,0.8947368421052632,2,False,,,,
2822,0.8947368421052632,2,False,,,,
2823,0.8947368421052632,2,False,,,,
2824,0.8947368421052632,2,False,,,,
2825,0.8947368421052632,2,False,,,,
2826,0.8947368421052632,2,False,,,,
2827,0.8947368421052632,2,False,,,,
2828,0.8947368421052632,2,False,,,,
2829,0.8947368421052632,2,False,,,,
2830,0.8947368421052632,2,False,,,,
2831,0.8947368421052632,2,False,,,,
2832,0.8947368421052632,2,False,,,,
2833,0.8947368421052632,2,False,,,,
2834,0.8947368421052632,2,False,,,,
2835,0.8947368421052632,2,False,,,,
2836,0.8947368421052632,2,False,,,,
2837,0.8947368421052632,2,False,,,,
2838,0.8947368421052632,2,False,,,,
2839,0.9473684210526315,1,False,,,,
2840,0.9473684210526315,1,False,,,,
2841,0.9473684210526315,1,False,,,,
2842,0.9473684210526315,1,False,,,,
2843,0.9473684210526315,1,False,,,,
2844,0.9473684210526315,1,False,,,,
2845,0.9473684210526315,1,False,,,,
2846,0.9473684210526315,1,False,,,,
2847,0.9473684210526315,1,False,,,,
2848,0.9473684210526315,1,False,,,,
2849,0.9473684210526315,1,False,,,,
2850,0.9473684210526315,1,False,,,,
2851,0.9473684210526315,1,False,,,,
2852,0.9473684210526315,1,False,,,,
2853,0.9473684210526315,1,False,,,,
2854,0.9473684210526315,1,False,,,,
2855,0.9473684210526315,1,False,,,,
2856,0.9473684210526315,1,False,,,,
2857,0.9473684210526315,1,False,,,,
2858,0.9473684210526315,1,False,,,,
2859,0.9473684210526315,1,False,,,,
2860,0.9473684210526315,1,False,,,,
2861,0.9473684210526315,1,False,,,,
2862,0.9473684210526315,1,False,,,,
2863,0.9473684210526315,1,False,,,,
2864,0.9473684210526315,1,False,,,,
2865,0.9473684210526315,1,False,,,,
2866,0.8947368421052632,2,False,,,,
2867,0.8947368421052632,2,False,,,,
2868,0.8947368421052632,2,False,,,,
2869,0.8947368421052632,2,False,,,,
2870,0.8947368421052632,2,False,,,,
2871,0.8947368421052632,2,False,,,,
2872,0.8947368421052632,2,False,,,,
2873,0.8947368421052632,2,False,,,,
2874,0.8947368421052632,2,False,,,,
2875,0.8947368421052632,2,False,,,,
2876,0.8947368421052632,2,False,,,,
2877,0.8947368421052632,2,False,,,,
2878,0.8947368421052632,2,False,,,,
2879,0.9473684210526315,1,False,,,,
2880,0.9473684210526315,1,False,,,,
2881,0.9473684210526315,1,False,,,,
2882,0.9473684210526315,1,False,,,,
2883,0.9473684210526315,1,False,,,,
2884,0.9473684210526315,1,False,,,,
2885,0.9473684210526315,1,False,,,,
2886,0.9473684210526315,1,False,,,,
2887,0.9473684210526315,1,False,,,,
2888,0.9473684210526315,1,False,,,,
2889,0.9473684210526315,1,False,,,,
2890,0.9473684210526315,1,False,,,,
2891,0.8947368421052632,2,False,,,,
2892,0.8947368421052632,2,False,,,,
2893,0.8947368421052632,2,False,,,,
2894,0.8947368421052632,2,False,,,,
2895,0.8947368421052632,2,False,,,,
2896,0.8947368421052632,2,False,,,,
2897,0.8947368421052632,2,False,,,,
2898,0.8947368421052632,2,False,,,,
2899,0.8947368421052632,2,False,,,,
2900,0.8947368421052632,2,False,,,,
2901,0.8947368421052632,2,False,,,,
2902,0.9473684210526315,1,False,,,,
2903,0.8947368421052632,2,False,,,,
2904,0.8947368421052632,2,False,,,,
2905,0.8947368421052632,2,False,,,,
2906,0.8947368421052632,2,False,,,,
2907,0.8947368421052632,2,False,,,,
2908,0.8947368421052632,2,False,,,,
2909,0.8947368421052632,2,False,,,,
2910,0.8947368421052632,2,False,,,,
2911,0.8947368421052632,2,False,,,,
2912,0.8947368421052632,2,False,,,,
2913,0.8947368421052632,2,False,,,,
2914,0.8947368421052632,2,False,,,,
2915,0.9473684210526315,1,False,,,,
2916,0.9473684210526315,1,False,,,,
2917,0.9473684210526315,1,False,,,,
2918,0.9473684210526315,1,False,,,,
2919,0.9473684210526315,1,False,,,,
2920,0.9473684210526315,1,False,,,,
2921,0.9473684210526315,1,False,,,,
2922,0.9473684210526315,1,False,,,,
2923,0.9473684210526315,1,False,,,,
2924,0.9473684210526315,1,False,,,,
2925,0.9473684210526315,1,False,,,,
2926,0.9473684210526315,1,False,,,,
2927,0.9473684210526315,1,False,,,,
2928,0.9473684210526315,1,False,,,,
2929,0.9473684210526315,1,False,,,,
2930,0.9473684210526315,1,False,,,,
2931,0.9473684210526315,1,False,,,,
2932,0.9473684210526315,1,False,,,,
2933,0.9473684210526315,1,False,,,,
2934,0.9473684210526315,1,False,,,,
2935,0.9473684210526315,1,False,,,,
2936,0.9473684210526315,1,False,,,,
2937,0.9473684210526315,1,False,,,,
2938,0.9473684210526315,1,False,,,,
2939,0.9473684210526315,1,False,,,,
2940,0.9473684210526315,1,False,,,,
2941,0.9473684210526315,1,False,,,,
2942,0.9473684210526315,1,False,,,,
2943,0.9473684210526315,1,False,,,,
2944,0.9473684210526315,1,False,,,,
2945,0.9473684210526315,1,False,,,,
2946,0.9473684210526315,1,False,,,,
2947,0.9473684210526315,1,False,,,,
2948,0.9473684210526315,1,False,,,,
2949,0.9473684210526315,1,False,,,,
2950,0.9473684210526315,1,False,,,,
2951,0.9473684210526315,1,False,,,,
2952,0.9473684210526315,1,False,,,,
2953,0.9473684210526315,1,False,,,,
2954,0.9473684210526315,1,False,,,,
2955,0.9473684210526315,1,False,,,,
2956,0.9473684210526315,1,False,,,,
2957,0.9473684210526315,1,False,,,,
2958,0.9473684210526315,1,False,,,,
2959,0.9473684210526315,1,False,,,,
2960,0.9473684210526315,1,False,,,,
2961,0.9473684210526315,1,False,,,,
2962,0.9473684210526315,1,False,,,,
2963,0.9473684210526315,1,False,,,,
2964,0.9473684210526315,1,False,,,,
2965,0.9473684210526315,1,False,,,,
2966,0.9473684210526315,1,False,,,,
2967,0.9473684210526315,1,False,,,,
2968,0.9473684210526315,1,False,,,,
2969,0.9473684210526315,1,False,,,,
2970,0.9473684210526315,1,False,,,,
2971,0.9473684210526315,1,False,,,,
2972,0.9473684210526315,1,False,,,,
2973,0.9473684210526315,1,False,,,,
2974,0.9473684210526315,1,False,,,,
2975,0.9473684210526315,1,False,,,,
2976,0.9473684210526315,1,False,,,,
2977,0.9473684210526315,1,False,,,,
2978,0.9473684210526315,1,False,,,,
2979,0.9473684210526315,1,False,,,,
2980,0.9473684210526315,1,False,,,,
2981,0.9473684210526315,1,False,,,,
2982,0.9473684210526315,1,False,,,,
2983,0.9473684210526315,1,False,,,,
2984,0.9473684210526315,1,False,,,,
2985,0.9473684210526315,1,False,,,,
2986,0.9473684210526315,1,False,,,,
2987,0.9473684210526315,1,False,,,,
2988,0.9473684210526315,1,False,,,,
2989,0.9473684210526315,1,False,,,,
2990,0.9473684210526315,1,False,,,,
2991,0.9473684210526315,1,False,,,,
2992,0.9473684210526315,1,False,,,,
2993,0.9473684210526315,1,False,,,,
2994,0.9473684210526315,1,False,,,,
2995,0.9473684210526315,1,False,,,,
2996,0.9473684210526315,1,False,,,,
2997,0.9473684210526315,1,False,,,,
2998,0.9473684210526315,1,False,,,,
2999,0.9473684210526315,1,False,,,,
3000,0.9473684210526315,1,False,,,,
3001,0.9473684210526315,1,False,,,,
3002,0.9473684210526315,1,False,,,,
3003,0.9473684210526315,1,False,,,,
3004,0.9473684210526315,1,False,,,,
3005,0.9473684210526315,1,False,,,,
3006,0.9473684210526315,1,False,,,,
3007,0.9473684210526315,1,False,,,,
3008,0.9473684210526315,1,False,,,,
3009,0.9473684210526315,1,False,,,,
3010,0.9473684210526315,1,False,,,,
3011,0.9473684210526315,1,False,,,,
3012,0.9473684210526315,1,False,,,,
3013,0.9473684210526315,1,False,,,,
3014,0.9473684210526315,1,False,,,,
3015,0.9473684210526315,1,False,,,,
3016,0.9473684210526315,1,False,,,,
3017,0.9473684210526315,1,False,,,,
3018,0.9473684210526315,1,False,,,,
3019,0.9473684210526315,1,False,,,,
3020,0.9473684210526315,1,False,,,,
3021,0.9473684210526315,1,False,,,,
3022,0.9473684210526315,1,False,,,,
3023,0.9473684210526315,1,False,,,,
3024,0.9473684210526315,1,False,,,,
3025,0.9473684210526315,1,False,,,,
3026,0.9473684210526315,1,False,,,,
3027,0.9473684210526315,1,False,,,,
3028,0.9473684210526315,1,False,,,,
3029,0.9473684210526315,1,False,,,,
3030,0.9473684210526315,1,False,,,,
3031,0.9473684210526315,1,False,,,,
3032,0.9473684210526315,1,False,,,,
3033,0.9473684210526315,1,False,,,,
3034,0.9473684210526315,1,False,,,,
3035,0.9473684210526315,1,False,,,,
3036,0.9473684210526315,1,False,,,,
3037,0.9473684210526315,1,False,,,,
3038,0.9473684210526315,1,False,,,,
3039,0.9473684210526315,1,False,,,,
3040,0.9473684210526315,1,False,,,,
3041,0.9473684210526315,1,False,,,,
3042,0.9473684210526315,1,False,,,,
3043,0.9473684210526315,1,False,,,,
3044,0.9473684210526315,1,False,,,,
3045,0.9473684210526315,1,False,,,,
3046,0.9473684210526315,1,False,,,,
3047,0.9473684210526315,1,False,,,,
3048,0.9473684210526315,1,False,,,,
3049,0.9473684210526315,1,False,,,,
3050,0.9473684210526315,1,False,,,,
3051,0.9473684210526315,1,False,,,,
3052,0.9473684210526315,1,False,,,,
3053,0.9473684210526315,1,False,,,,
3054,0.9473684210526315,1,False,,,,
3055,0.9473684210526315,1,False,,,,
3056,0.9473684210526315,1,False,,,,
3057,0.9473684210526315,1,False,,,,
3058,0.9473684210526315,1,False,,,,
3059,0.9473684210526315,1,False,,,,
3060,0.9473684210526315,1,False,,,,
3061,0.9473684210526315,1,False,,,,
3062,0.9473684210526315,1,False,,,,
3063,0.9473684210526315,1,False,,,,
3064,0.9473684210526315,1,False,,,,
3065,0.9473684210526315,1,False,,,,
3066,0.9473684210526315,1,False,,,,
3067,0.9473684210526315,1,False,,,,
3068,0.9473684210526315,1,False,,,,
3069,0.9473684210526315,1,False,,,,
3070,0.9473684210526315,1,False,,,,
3071,0.9473684210526315,1,False,,,,
3072,0.9473684210526315,1,False,,,,
3073,0.9473684210526315,1,False,,,,
