col_index,gap_frac,nongap_n,keep,cons_similarity,cons_identity,cons_entropy22,cons_entropy_nogap
1,0.9473684210526315,1,False,,,,
2,0.9473684210526315,1,False,,,,
3,0.9473684210526315,1,False,,,,
4,0.9473684210526315,1,False,,,,
5,0.9473684210526315,1,False,,,,
6,0.9473684210526315,1,False,,,,
7,0.9473684210526315,1,False,,,,
8,0.9473684210526315,1,False,,,,
9,0.9473684210526315,1,False,,,,
10,0.9473684210526315,1,False,,,,
11,0.9473684210526315,1,False,,,,
12,0.9473684210526315,1,False,,,,
13,0.9473684210526315,1,False,,,,
14,0.9473684210526315,1,False,,,,
15,0.9473684210526315,1,False,,,,
16,0.9473684210526315,1,False,,,,
17,0.9473684210526315,1,False,,,,
18,0.9473684210526315,1,False,,,,
19,0.9473684210526315,1,False,,,,
20,0.9473684210526315,1,False,,,,
21,0.9473684210526315,1,False,,,,
22,0.9473684210526315,1,False,,,,
23,0.9473684210526315,1,False,,,,
24,0.9473684210526315,1,False,,,,
25,0.9473684210526315,1,False,,,,
26,0.9473684210526315,1,False,,,,
27,0.8947368421052632,2,False,,,,
28,0.8947368421052632,2,False,,,,
29,0.8947368421052632,2,False,,,,
30,0.8947368421052632,2,False,,,,
31,0.8947368421052632,2,False,,,,
32,0.8947368421052632,2,False,,,,
33,0.8947368421052632,2,False,,,,
34,0.8947368421052632,2,False,,,,
35,0.8947368421052632,2,False,,,,
36,0.8947368421052632,2,False,,,,
37,0.8947368421052632,2,False,,,,
38,0.8947368421052632,2,False,,,,
39,0.8947368421052632,2,False,,,,
40,0.8947368421052632,2,False,,,,
41,0.8947368421052632,2,False,,,,
42,0.8947368421052632,2,False,,,,
43,0.8947368421052632,2,False,,,,
44,0.8947368421052632,2,False,,,,
45,0.8947368421052632,2,False,,,,
46,0.8947368421052632,2,False,,,,
47,0.8947368421052632,2,False,,,,
48,0.8947368421052632,2,False,,,,
49,0.8947368421052632,2,False,,,,
50,0.8947368421052632,2,False,,,,
51,0.8947368421052632,2,False,,,,
52,0.8947368421052632,2,False,,,,
53,0.8947368421052632,2,False,,,,
54,0.8947368421052632,2,False,,,,
55,0.8947368421052632,2,False,,,,
56,0.8947368421052632,2,False,,,,
57,0.8947368421052632,2,False,,,,
58,0.8947368421052632,2,False,,,,
59,0.8947368421052632,2,False,,,,
60,0.8947368421052632,2,False,,,,
61,0.8947368421052632,2,False,,,,
62,0.8947368421052632,2,False,,,,
63,0.8947368421052632,2,False,,,,
64,0.8947368421052632,2,False,,,,
65,0.8947368421052632,2,False,,,,
66,0.8947368421052632,2,False,,,,
67,0.8947368421052632,2,False,,,,
68,0.8947368421052632,2,False,,,,
69,0.8947368421052632,2,False,,,,
70,0.8947368421052632,2,False,,,,
71,0.8947368421052632,2,False,,,,
72,0.8947368421052632,2,False,,,,
73,0.8947368421052632,2,False,,,,
74,0.8947368421052632,2,False,,,,
75,0.8947368421052632,2,False,,,,
76,0.8947368421052632,2,False,,,,
77,0.8947368421052632,2,False,,,,
78,0.8947368421052632,2,False,,,,
79,0.8947368421052632,2,False,,,,
80,0.8947368421052632,2,False,,,,
81,0.8947368421052632,2,False,,,,
82,0.9473684210526315,1,False,,,,
83,0.9473684210526315,1,False,,,,
84,0.9473684210526315,1,False,,,,
85,0.8947368421052632,2,False,,,,
86,0.8947368421052632,2,False,,,,
87,0.8947368421052632,2,False,,,,
88,0.8947368421052632,2,False,,,,
89,0.8947368421052632,2,False,,,,
90,0.8947368421052632,2,False,,,,
91,0.8947368421052632,2,False,,,,
92,0.8947368421052632,2,False,,,,
93,0.8947368421052632,2,False,,,,
94,0.8947368421052632,2,False,,,,
95,0.8947368421052632,2,False,,,,
96,0.8947368421052632,2,False,,,,
97,0.8947368421052632,2,False,,,,
98,0.9473684210526315,1,False,,,,
99,0.9473684210526315,1,False,,,,
100,0.9473684210526315,1,False,,,,
101,0.9473684210526315,1,False,,,,
102,0.9473684210526315,1,False,,,,
103,0.9473684210526315,1,False,,,,
104,0.9473684210526315,1,False,,,,
105,0.9473684210526315,1,False,,,,
106,0.9473684210526315,1,False,,,,
107,0.9473684210526315,1,False,,,,
108,0.9473684210526315,1,False,,,,
109,0.9473684210526315,1,False,,,,
110,0.9473684210526315,1,False,,,,
111,0.9473684210526315,1,False,,,,
112,0.9473684210526315,1,False,,,,
113,0.9473684210526315,1,False,,,,
114,0.9473684210526315,1,False,,,,
115,0.8947368421052632,2,False,,,,
116,0.8947368421052632,2,False,,,,
117,0.8947368421052632,2,False,,,,
118,0.8947368421052632,2,False,,,,
119,0.8947368421052632,2,False,,,,
120,0.8947368421052632,2,False,,,,
121,0.8947368421052632,2,False,,,,
122,0.8947368421052632,2,False,,,,
123,0.8947368421052632,2,False,,,,
124,0.8947368421052632,2,False,,,,
125,0.8947368421052632,2,False,,,,
126,0.8947368421052632,2,False,,,,
127,0.8947368421052632,2,False,,,,
128,0.9473684210526315,1,False,,,,
129,0.9473684210526315,1,False,,,,
130,0.9473684210526315,1,False,,,,
131,0.9473684210526315,1,False,,,,
132,0.9473684210526315,1,False,,,,
133,0.9473684210526315,1,False,,,,
134,0.9473684210526315,1,False,,,,
135,0.9473684210526315,1,False,,,,
136,0.9473684210526315,1,False,,,,
137,0.9473684210526315,1,False,,,,
138,0.9473684210526315,1,False,,,,
139,0.8947368421052632,2,False,,,,
140,0.8947368421052632,2,False,,,,
141,0.8947368421052632,2,False,,,,
142,0.8947368421052632,2,False,,,,
143,0.8947368421052632,2,False,,,,
144,0.8947368421052632,2,False,,,,
145,0.8947368421052632,2,False,,,,
146,0.8947368421052632,2,False,,,,
147,0.8947368421052632,2,False,,,,
148,0.8947368421052632,2,False,,,,
149,0.8947368421052632,2,False,,,,
150,0.8947368421052632,2,False,,,,
151,0.8947368421052632,2,False,,,,
152,0.8947368421052632,2,False,,,,
153,0.8947368421052632,2,False,,,,
154,0.8947368421052632,2,False,,,,
155,0.8947368421052632,2,False,,,,
156,0.8947368421052632,2,False,,,,
157,0.8947368421052632,2,False,,,,
158,0.8947368421052632,2,False,,,,
159,0.8947368421052632,2,False,,,,
160,0.8947368421052632,2,False,,,,
161,0.8947368421052632,2,False,,,,
162,0.8947368421052632,2,False,,,,
163,0.8947368421052632,2,False,,,,
164,0.8947368421052632,2,False,,,,
165,0.8947368421052632,2,False,,,,
166,0.8947368421052632,2,False,,,,
167,0.8947368421052632,2,False,,,,
168,0.9473684210526315,1,False,,,,
169,0.9473684210526315,1,False,,,,
170,0.9473684210526315,1,False,,,,
171,0.9473684210526315,1,False,,,,
172,0.9473684210526315,1,False,,,,
173,0.9473684210526315,1,False,,,,
174,0.9473684210526315,1,False,,,,
175,0.9473684210526315,1,False,,,,
176,0.8947368421052632,2,False,,,,
177,0.8947368421052632,2,False,,,,
178,0.8947368421052632,2,False,,,,
179,0.8947368421052632,2,False,,,,
180,0.8947368421052632,2,False,,,,
181,0.8947368421052632,2,False,,,,
182,0.8947368421052632,2,False,,,,
183,0.8947368421052632,2,False,,,,
184,0.9473684210526315,1,False,,,,
185,0.9473684210526315,1,False,,,,
186,0.9473684210526315,1,False,,,,
187,0.9473684210526315,1,False,,,,
188,0.9473684210526315,1,False,,,,
189,0.9473684210526315,1,False,,,,
190,0.9473684210526315,1,False,,,,
191,0.9473684210526315,1,False,,,,
192,0.9473684210526315,1,False,,,,
193,0.9473684210526315,1,False,,,,
194,0.9473684210526315,1,False,,,,
195,0.9473684210526315,1,False,,,,
196,0.9473684210526315,1,False,,,,
197,0.9473684210526315,1,False,,,,
198,0.9473684210526315,1,False,,,,
199,0.9473684210526315,1,False,,,,
200,0.9473684210526315,1,False,,,,
201,0.8947368421052632,2,False,,,,
202,0.8947368421052632,2,False,,,,
203,0.8947368421052632,2,False,,,,
204,0.8947368421052632,2,False,,,,
205,0.8947368421052632,2,False,,,,
206,0.8947368421052632,2,False,,,,
207,0.8947368421052632,2,False,,,,
208,0.8947368421052632,2,False,,,,
209,0.8947368421052632,2,False,,,,
210,0.9473684210526315,1,False,,,,
211,0.9473684210526315,1,False,,,,
212,0.9473684210526315,1,False,,,,
213,0.9473684210526315,1,False,,,,
214,0.9473684210526315,1,False,,,,
215,0.9473684210526315,1,False,,,,
216,0.9473684210526315,1,False,,,,
217,0.9473684210526315,1,False,,,,
218,0.9473684210526315,1,False,,,,
219,0.9473684210526315,1,False,,,,
220,0.9473684210526315,1,False,,,,
221,0.9473684210526315,1,False,,,,
222,0.9473684210526315,1,False,,,,
223,0.9473684210526315,1,False,,,,
224,0.9473684210526315,1,False,,,,
225,0.9473684210526315,1,False,,,,
226,0.9473684210526315,1,False,,,,
227,0.9473684210526315,1,False,,,,
228,0.9473684210526315,1,False,,,,
229,0.9473684210526315,1,False,,,,
230,0.9473684210526315,1,False,,,,
231,0.9473684210526315,1,False,,,,
232,0.8947368421052632,2,False,,,,
233,0.8947368421052632,2,False,,,,
234,0.8947368421052632,2,False,,,,
235,0.8947368421052632,2,False,,,,
236,0.8947368421052632,2,False,,,,
237,0.8947368421052632,2,False,,,,
238,0.8947368421052632,2,False,,,,
239,0.8947368421052632,2,False,,,,
240,0.8947368421052632,2,False,,,,
241,0.8947368421052632,2,False,,,,
242,0.8947368421052632,2,False,,,,
243,0.8947368421052632,2,False,,,,
244,0.8947368421052632,2,False,,,,
245,0.9473684210526315,1,False,,,,
246,0.9473684210526315,1,False,,,,
247,0.9473684210526315,1,False,,,,
248,0.9473684210526315,1,False,,,,
249,0.8947368421052632,2,False,,,,
250,0.8947368421052632,2,False,,,,
251,0.8947368421052632,2,False,,,,
252,0.8947368421052632,2,False,,,,
253,0.8947368421052632,2,False,,,,
254,0.8947368421052632,2,False,,,,
255,0.8947368421052632,2,False,,,,
256,0.8947368421052632,2,False,,,,
257,0.8947368421052632,2,False,,,,
258,0.8947368421052632,2,False,,,,
259,0.8947368421052632,2,False,,,,
260,0.8947368421052632,2,False,,,,
261,0.8947368421052632,2,False,,,,
262,0.8947368421052632,2,False,,,,
263,0.8947368421052632,2,False,,,,
264,0.8947368421052632,2,False,,,,
265,0.8947368421052632,2,False,,,,
266,0.8947368421052632,2,False,,,,
267,0.8947368421052632,2,False,,,,
268,0.8947368421052632,2,False,,,,
269,0.8947368421052632,2,False,,,,
270,0.8947368421052632,2,False,,,,
271,0.8947368421052632,2,False,,,,
272,0.8947368421052632,2,False,,,,
273,0.8947368421052632,2,False,,,,
274,0.8947368421052632,2,False,,,,
275,0.8947368421052632,2,False,,,,
276,0.8947368421052632,2,False,,,,
277,0.8947368421052632,2,False,,,,
278,0.8947368421052632,2,False,,,,
279,0.8947368421052632,2,False,,,,
280,0.8947368421052632,2,False,,,,
281,0.8947368421052632,2,False,,,,
282,0.8947368421052632,2,False,,,,
283,0.8947368421052632,2,False,,,,
284,0.8947368421052632,2,False,,,,
285,0.8947368421052632,2,False,,,,
286,0.8947368421052632,2,False,,,,
287,0.8947368421052632,2,False,,,,
288,0.8947368421052632,2,False,,,,
289,0.8947368421052632,2,False,,,,
290,0.9473684210526315,1,False,,,,
291,0.9473684210526315,1,False,,,,
292,0.9473684210526315,1,False,,,,
293,0.9473684210526315,1,False,,,,
294,0.9473684210526315,1,False,,,,
295,0.9473684210526315,1,False,,,,
296,0.9473684210526315,1,False,,,,
297,0.9473684210526315,1,False,,,,
298,0.9473684210526315,1,False,,,,
299,0.9473684210526315,1,False,,,,
300,0.9473684210526315,1,False,,,,
301,0.9473684210526315,1,False,,,,
302,0.9473684210526315,1,False,,,,
303,0.9473684210526315,1,False,,,,
304,0.8947368421052632,2,False,,,,
305,0.8947368421052632,2,False,,,,
306,0.8947368421052632,2,False,,,,
307,0.8947368421052632,2,False,,,,
308,0.8947368421052632,2,False,,,,
309,0.8947368421052632,2,False,,,,
310,0.8947368421052632,2,False,,,,
311,0.8947368421052632,2,False,,,,
312,0.8947368421052632,2,False,,,,
313,0.8947368421052632,2,False,,,,
314,0.8947368421052632,2,False,,,,
315,0.8947368421052632,2,False,,,,
316,0.8947368421052632,2,False,,,,
317,0.8947368421052632,2,False,,,,
318,0.8947368421052632,2,False,,,,
319,0.8947368421052632,2,False,,,,
320,0.8947368421052632,2,False,,,,
321,0.8947368421052632,2,False,,,,
322,0.8947368421052632,2,False,,,,
323,0.8947368421052632,2,False,,,,
324,0.8947368421052632,2,False,,,,
325,0.8947368421052632,2,False,,,,
326,0.8947368421052632,2,False,,,,
327,0.8947368421052632,2,False,,,,
328,0.9473684210526315,1,False,,,,
329,0.9473684210526315,1,False,,,,
330,0.9473684210526315,1,False,,,,
331,0.9473684210526315,1,False,,,,
332,0.9473684210526315,1,False,,,,
333,0.9473684210526315,1,False,,,,
334,0.9473684210526315,1,False,,,,
335,0.9473684210526315,1,False,,,,
336,0.9473684210526315,1,False,,,,
337,0.8947368421052632,2,False,,,,
338,0.8947368421052632,2,False,,,,
339,0.8947368421052632,2,False,,,,
340,0.8947368421052632,2,False,,,,
341,0.8947368421052632,2,False,,,,
342,0.8947368421052632,2,False,,,,
343,0.8947368421052632,2,False,,,,
344,0.8947368421052632,2,False,,,,
345,0.8947368421052632,2,False,,,,
346,0.8947368421052632,2,False,,,,
347,0.8947368421052632,2,False,,,,
348,0.8947368421052632,2,False,,,,
349,0.8947368421052632,2,False,,,,
350,0.8947368421052632,2,False,,,,
351,0.8947368421052632,2,False,,,,
352,0.8947368421052632,2,False,,,,
353,0.8947368421052632,2,False,,,,
354,0.9473684210526315,1,False,,,,
355,0.9473684210526315,1,False,,,,
356,0.9473684210526315,1,False,,,,
357,0.9473684210526315,1,False,,,,
358,0.9473684210526315,1,False,,,,
359,0.9473684210526315,1,False,,,,
360,0.9473684210526315,1,False,,,,
361,0.8947368421052632,2,False,,,,
362,0.8947368421052632,2,False,,,,
363,0.8947368421052632,2,False,,,,
364,0.8947368421052632,2,False,,,,
365,0.8947368421052632,2,False,,,,
366,0.8947368421052632,2,False,,,,
367,0.8947368421052632,2,False,,,,
368,0.8947368421052632,2,False,,,,
369,0.8947368421052632,2,False,,,,
370,0.8947368421052632,2,False,,,,
371,0.8947368421052632,2,False,,,,
372,0.8947368421052632,2,False,,,,
373,0.8947368421052632,2,False,,,,
374,0.8947368421052632,2,False,,,,
375,0.8947368421052632,2,False,,,,
376,0.8947368421052632,2,False,,,,
377,0.8947368421052632,2,False,,,,
378,0.8947368421052632,2,False,,,,
379,0.8947368421052632,2,False,,,,
380,0.8947368421052632,2,False,,,,
381,0.8947368421052632,2,False,,,,
382,0.8947368421052632,2,False,,,,
383,0.8947368421052632,2,False,,,,
384,0.8947368421052632,2,False,,,,
385,0.8947368421052632,2,False,,,,
386,0.8947368421052632,2,False,,,,
387,0.8947368421052632,2,False,,,,
388,0.8947368421052632,2,False,,,,
389,0.8947368421052632,2,False,,,,
390,0.8947368421052632,2,False,,,,
391,0.9473684210526315,1,False,,,,
392,0.9473684210526315,1,False,,,,
393,0.8947368421052632,2,False,,,,
394,0.8947368421052632,2,False,,,,
395,0.8947368421052632,2,False,,,,
396,0.8947368421052632,2,False,,,,
397,0.8947368421052632,2,False,,,,
398,0.8947368421052632,2,False,,,,
399,0.8947368421052632,2,False,,,,
400,0.8947368421052632,2,False,,,,
401,0.8947368421052632,2,False,,,,
402,0.8947368421052632,2,False,,,,
403,0.8947368421052632,2,False,,,,
404,0.8947368421052632,2,False,,,,
405,0.8947368421052632,2,False,,,,
406,0.8947368421052632,2,False,,,,
407,0.8947368421052632,2,False,,,,
408,0.8947368421052632,2,False,,,,
409,0.8947368421052632,2,False,,,,
410,0.8947368421052632,2,False,,,,
411,0.8947368421052632,2,False,,,,
412,0.8947368421052632,2,False,,,,
413,0.8947368421052632,2,False,,,,
414,0.8947368421052632,2,False,,,,
415,0.8947368421052632,2,False,,,,
416,0.9473684210526315,1,False,,,,
417,0.9473684210526315,1,False,,,,
418,0.9473684210526315,1,False,,,,
419,0.8947368421052632,2,False,,,,
420,0.8947368421052632,2,False,,,,
421,0.8947368421052632,2,False,,,,
422,0.8947368421052632,2,False,,,,
423,0.8947368421052632,2,False,,,,
424,0.8947368421052632,2,False,,,,
425,0.8947368421052632,2,False,,,,
426,0.9473684210526315,1,False,,,,
427,0.9473684210526315,1,False,,,,
428,0.9473684210526315,1,False,,,,
429,0.9473684210526315,1,False,,,,
430,0.9473684210526315,1,False,,,,
431,0.9473684210526315,1,False,,,,
432,0.9473684210526315,1,False,,,,
433,0.9473684210526315,1,False,,,,
434,0.9473684210526315,1,False,,,,
435,0.9473684210526315,1,False,,,,
436,0.9473684210526315,1,False,,,,
437,0.9473684210526315,1,False,,,,
438,0.9473684210526315,1,False,,,,
439,0.9473684210526315,1,False,,,,
440,0.8947368421052632,2,False,,,,
441,0.8947368421052632,2,False,,,,
442,0.8947368421052632,2,False,,,,
443,0.8947368421052632,2,False,,,,
444,0.9473684210526315,1,False,,,,
445,0.9473684210526315,1,False,,,,
446,0.9473684210526315,1,False,,,,
447,0.9473684210526315,1,False,,,,
448,0.9473684210526315,1,False,,,,
449,0.9473684210526315,1,False,,,,
450,0.9473684210526315,1,False,,,,
451,0.9473684210526315,1,False,,,,
452,0.9473684210526315,1,False,,,,
453,0.8947368421052632,2,False,,,,
454,0.8947368421052632,2,False,,,,
455,0.8947368421052632,2,False,,,,
456,0.8947368421052632,2,False,,,,
457,0.8947368421052632,2,False,,,,
458,0.8947368421052632,2,False,,,,
459,0.8947368421052632,2,False,,,,
460,0.8947368421052632,2,False,,,,
461,0.8947368421052632,2,False,,,,
462,0.8947368421052632,2,False,,,,
463,0.8947368421052632,2,False,,,,
464,0.8947368421052632,2,False,,,,
465,0.8947368421052632,2,False,,,,
466,0.8947368421052632,2,False,,,,
467,0.8947368421052632,2,False,,,,
468,0.8947368421052632,2,False,,,,
469,0.8947368421052632,2,False,,,,
470,0.8947368421052632,2,False,,,,
471,0.9473684210526315,1,False,,,,
472,0.9473684210526315,1,False,,,,
473,0.8947368421052632,2,False,,,,
474,0.8947368421052632,2,False,,,,
475,0.8947368421052632,2,False,,,,
476,0.8947368421052632,2,False,,,,
477,0.8947368421052632,2,False,,,,
478,0.8947368421052632,2,False,,,,
479,0.8947368421052632,2,False,,,,
480,0.8947368421052632,2,False,,,,
481,0.8947368421052632,2,False,,,,
482,0.8947368421052632,2,False,,,,
483,0.8947368421052632,2,False,,,,
484,0.8947368421052632,2,False,,,,
485,0.8947368421052632,2,False,,,,
486,0.8947368421052632,2,False,,,,
487,0.8947368421052632,2,False,,,,
488,0.8947368421052632,2,False,,,,
489,0.8947368421052632,2,False,,,,
490,0.8947368421052632,2,False,,,,
491,0.8947368421052632,2,False,,,,
492,0.8947368421052632,2,False,,,,
493,0.8947368421052632,2,False,,,,
494,0.9473684210526315,1,False,,,,
495,0.9473684210526315,1,False,,,,
496,0.9473684210526315,1,False,,,,
497,0.8947368421052632,2,False,,,,
498,0.9473684210526315,1,False,,,,
499,0.9473684210526315,1,False,,,,
500,0.9473684210526315,1,False,,,,
501,0.9473684210526315,1,False,,,,
502,0.9473684210526315,1,False,,,,
503,0.9473684210526315,1,False,,,,
504,0.9473684210526315,1,False,,,,
505,0.9473684210526315,1,False,,,,
506,0.9473684210526315,1,False,,,,
507,0.9473684210526315,1,False,,,,
508,0.9473684210526315,1,False,,,,
509,0.9473684210526315,1,False,,,,
510,0.9473684210526315,1,False,,,,
511,0.9473684210526315,1,False,,,,
512,0.9473684210526315,1,False,,,,
513,0.8947368421052632,2,False,,,,
514,0.8947368421052632,2,False,,,,
515,0.8947368421052632,2,False,,,,
516,0.8947368421052632,2,False,,,,
517,0.8947368421052632,2,False,,,,
518,0.8947368421052632,2,False,,,,
519,0.8947368421052632,2,False,,,,
520,0.8947368421052632,2,False,,,,
521,0.8947368421052632,2,False,,,,
522,0.8947368421052632,2,False,,,,
523,0.8947368421052632,2,False,,,,
524,0.8947368421052632,2,False,,,,
525,0.8947368421052632,2,False,,,,
526,0.8947368421052632,2,False,,,,
527,0.8947368421052632,2,False,,,,
528,0.8421052631578947,3,False,,,,
529,0.8421052631578947,3,False,,,,
530,0.8421052631578947,3,False,,,,
531,0.8421052631578947,3,False,,,,
532,0.8947368421052632,2,False,,,,
533,0.8947368421052632,2,False,,,,
534,0.8947368421052632,2,False,,,,
535,0.8421052631578947,3,False,,,,
536,0.8947368421052632,2,False,,,,
537,0.8947368421052632,2,False,,,,
538,0.8947368421052632,2,False,,,,
539,0.8947368421052632,2,False,,,,
540,0.8947368421052632,2,False,,,,
541,0.8947368421052632,2,False,,,,
542,0.8947368421052632,2,False,,,,
543,0.8947368421052632,2,False,,,,
544,0.8947368421052632,2,False,,,,
545,0.8947368421052632,2,False,,,,
546,0.8947368421052632,2,False,,,,
547,0.8947368421052632,2,False,,,,
548,0.8947368421052632,2,False,,,,
549,0.8947368421052632,2,False,,,,
550,0.8947368421052632,2,False,,,,
551,0.8947368421052632,2,False,,,,
552,0.8947368421052632,2,False,,,,
553,0.8947368421052632,2,False,,,,
554,0.8947368421052632,2,False,,,,
555,0.8947368421052632,2,False,,,,
556,0.8947368421052632,2,False,,,,
557,0.8947368421052632,2,False,,,,
558,0.8947368421052632,2,False,,,,
559,0.8947368421052632,2,False,,,,
560,0.9473684210526315,1,False,,,,
561,0.9473684210526315,1,False,,,,
562,0.8421052631578947,3,False,,,,
563,0.8421052631578947,3,False,,,,
564,0.8421052631578947,3,False,,,,
565,0.8421052631578947,3,False,,,,
566,0.8421052631578947,3,False,,,,
567,0.8421052631578947,3,False,,,,
568,0.8421052631578947,3,False,,,,
569,0.8421052631578947,3,False,,,,
570,0.8421052631578947,3,False,,,,
571,0.8421052631578947,3,False,,,,
572,0.8421052631578947,3,False,,,,
573,0.8421052631578947,3,False,,,,
574,0.8421052631578947,3,False,,,,
575,0.8421052631578947,3,False,,,,
576,0.8421052631578947,3,False,,,,
577,0.8947368421052632,2,False,,,,
578,0.8947368421052632,2,False,,,,
579,0.8947368421052632,2,False,,,,
580,0.8947368421052632,2,False,,,,
581,0.8947368421052632,2,False,,,,
582,0.8947368421052632,2,False,,,,
583,0.8947368421052632,2,False,,,,
584,0.8947368421052632,2,False,,,,
585,0.8947368421052632,2,False,,,,
586,0.8947368421052632,2,False,,,,
587,0.8947368421052632,2,False,,,,
588,0.8947368421052632,2,False,,,,
589,0.9473684210526315,1,False,,,,
590,0.9473684210526315,1,False,,,,
591,0.9473684210526315,1,False,,,,
592,0.9473684210526315,1,False,,,,
593,0.8947368421052632,2,False,,,,
594,0.8421052631578947,3,False,,,,
595,0.8421052631578947,3,False,,,,
596,0.7894736842105263,4,False,,,,
597,0.7894736842105263,4,False,,,,
598,0.7894736842105263,4,False,,,,
599,0.7894736842105263,4,False,,,,
600,0.7894736842105263,4,False,,,,
601,0.7894736842105263,4,False,,,,
602,0.7894736842105263,4,False,,,,
603,0.7894736842105263,4,False,,,,
604,0.7894736842105263,4,False,,,,
605,0.7894736842105263,4,False,,,,
606,0.7894736842105263,4,False,,,,
607,0.7894736842105263,4,False,,,,
608,0.7894736842105263,4,False,,,,
609,0.7894736842105263,4,False,,,,
610,0.7894736842105263,4,False,,,,
611,0.7894736842105263,4,False,,,,
612,0.7894736842105263,4,False,,,,
613,0.9473684210526315,1,False,,,,
614,0.9473684210526315,1,False,,,,
615,0.9473684210526315,1,False,,,,
616,0.8421052631578947,3,False,,,,
617,0.8421052631578947,3,False,,,,
618,0.8421052631578947,3,False,,,,
619,0.8421052631578947,3,False,,,,
620,0.8421052631578947,3,False,,,,
621,0.8421052631578947,3,False,,,,
622,0.8421052631578947,3,False,,,,
623,0.8947368421052632,2,False,,,,
624,0.7894736842105263,4,False,,,,
625,0.7894736842105263,4,False,,,,
626,0.7894736842105263,4,False,,,,
627,0.7894736842105263,4,False,,,,
628,0.8421052631578947,3,False,,,,
629,0.8421052631578947,3,False,,,,
630,0.8421052631578947,3,False,,,,
631,0.8421052631578947,3,False,,,,
632,0.8421052631578947,3,False,,,,
633,0.8421052631578947,3,False,,,,
634,0.8947368421052632,2,False,,,,
635,0.8947368421052632,2,False,,,,
636,0.8421052631578947,3,False,,,,
637,0.8421052631578947,3,False,,,,
638,0.8421052631578947,3,False,,,,
639,0.8421052631578947,3,False,,,,
640,0.8421052631578947,3,False,,,,
641,0.8421052631578947,3,False,,,,
642,0.8421052631578947,3,False,,,,
643,0.8421052631578947,3,False,,,,
644,0.8421052631578947,3,False,,,,
645,0.8421052631578947,3,False,,,,
646,0.8421052631578947,3,False,,,,
647,0.8421052631578947,3,False,,,,
648,0.8947368421052632,2,False,,,,
649,0.8947368421052632,2,False,,,,
650,0.8947368421052632,2,False,,,,
651,0.9473684210526315,1,False,,,,
652,0.9473684210526315,1,False,,,,
653,0.9473684210526315,1,False,,,,
654,0.8421052631578947,3,False,,,,
655,0.8421052631578947,3,False,,,,
656,0.8421052631578947,3,False,,,,
657,0.8421052631578947,3,False,,,,
658,0.7894736842105263,4,False,,,,
659,0.7894736842105263,4,False,,,,
660,0.7894736842105263,4,False,,,,
661,0.7894736842105263,4,False,,,,
662,0.7894736842105263,4,False,,,,
663,0.7894736842105263,4,False,,,,
664,0.7894736842105263,4,False,,,,
665,0.7894736842105263,4,False,,,,
666,0.7894736842105263,4,False,,,,
667,0.7894736842105263,4,False,,,,
668,0.7894736842105263,4,False,,,,
669,0.8421052631578947,3,False,,,,
670,0.8421052631578947,3,False,,,,
671,0.8947368421052632,2,False,,,,
672,0.8947368421052632,2,False,,,,
673,0.8947368421052632,2,False,,,,
674,0.8947368421052632,2,False,,,,
675,0.8947368421052632,2,False,,,,
676,0.8947368421052632,2,False,,,,
677,0.8947368421052632,2,False,,,,
678,0.8947368421052632,2,False,,,,
679,0.8947368421052632,2,False,,,,
680,0.8947368421052632,2,False,,,,
681,0.8947368421052632,2,False,,,,
682,0.8947368421052632,2,False,,,,
683,0.8947368421052632,2,False,,,,
684,0.8947368421052632,2,False,,,,
685,0.8947368421052632,2,False,,,,
686,0.8947368421052632,2,False,,,,
687,0.8947368421052632,2,False,,,,
688,0.8947368421052632,2,False,,,,
689,0.8947368421052632,2,False,,,,
690,0.8947368421052632,2,False,,,,
691,0.8947368421052632,2,False,,,,
692,0.8947368421052632,2,False,,,,
693,0.8947368421052632,2,False,,,,
694,0.8947368421052632,2,False,,,,
695,0.8947368421052632,2,False,,,,
696,0.8947368421052632,2,False,,,,
697,0.8421052631578947,3,False,,,,
698,0.8421052631578947,3,False,,,,
699,0.8421052631578947,3,False,,,,
700,0.8421052631578947,3,False,,,,
701,0.8421052631578947,3,False,,,,
702,0.8421052631578947,3,False,,,,
703,0.8421052631578947,3,False,,,,
704,0.8421052631578947,3,False,,,,
705,0.8421052631578947,3,False,,,,
706,0.8421052631578947,3,False,,,,
707,0.8421052631578947,3,False,,,,
708,0.8421052631578947,3,False,,,,
709,0.8421052631578947,3,False,,,,
710,0.8421052631578947,3,False,,,,
711,0.8947368421052632,2,False,,,,
712,0.8421052631578947,3,False,,,,
713,0.8421052631578947,3,False,,,,
714,0.8421052631578947,3,False,,,,
715,0.8421052631578947,3,False,,,,
716,0.7368421052631579,5,True,0.2733333333333333,0.4,0.4240799522429881,1.9219280948873623
717,0.7368421052631579,5,True,0.18666666666666665,0.2,0.44196169314325406,2.321928094887362
718,0.7894736842105263,4,False,,,,
719,0.7894736842105263,4,False,,,,
720,0.7894736842105263,4,False,,,,
721,0.7894736842105263,4,False,,,,
722,0.7894736842105263,4,False,,,,
723,0.7894736842105263,4,False,,,,
724,0.7894736842105263,4,False,,,,
725,0.7894736842105263,4,False,,,,
726,0.7894736842105263,4,False,,,,
727,0.7894736842105263,4,False,,,,
728,0.8421052631578947,3,False,,,,
729,0.8421052631578947,3,False,,,,
730,0.8421052631578947,3,False,,,,
731,0.8421052631578947,3,False,,,,
732,0.9473684210526315,1,False,,,,
733,0.9473684210526315,1,False,,,,
734,0.9473684210526315,1,False,,,,
735,0.9473684210526315,1,False,,,,
736,0.9473684210526315,1,False,,,,
737,0.9473684210526315,1,False,,,,
738,0.9473684210526315,1,False,,,,
739,0.9473684210526315,1,False,,,,
740,0.9473684210526315,1,False,,,,
741,0.8947368421052632,2,False,,,,
742,0.8947368421052632,2,False,,,,
743,0.8947368421052632,2,False,,,,
744,0.8421052631578947,3,False,,,,
745,0.8421052631578947,3,False,,,,
746,0.8421052631578947,3,False,,,,
747,0.8421052631578947,3,False,,,,
748,0.8421052631578947,3,False,,,,
749,0.8421052631578947,3,False,,,,
750,0.8421052631578947,3,False,,,,
751,0.8421052631578947,3,False,,,,
752,0.7894736842105263,4,False,,,,
753,0.7894736842105263,4,False,,,,
754,0.7368421052631579,5,True,0.23333333333333334,0.4,0.4240799522429881,1.9219280948873623
755,0.7368421052631579,5,True,0.3333333333333333,0.6,0.403874569882679,1.3709505944546687
756,0.7368421052631579,5,True,0.22,0.4,0.4240799522429881,1.9219280948873623
757,0.7368421052631579,5,True,0.29333333333333333,0.4,0.4240799522429881,1.9219280948873623
758,0.7368421052631579,5,True,0.22666666666666666,0.4,0.4240799522429881,1.9219280948873623
759,0.7368421052631579,5,True,0.16666666666666666,0.2,0.44196169314325406,2.321928094887362
760,0.7368421052631579,5,True,0.26,0.4,0.3840091092994298,1.5219280948873621
761,0.7368421052631579,5,True,0.26,0.4,0.4240799522429881,1.9219280948873623
762,0.7368421052631579,5,True,0.36000000000000004,0.6,0.403874569882679,1.3709505944546687
763,0.7368421052631579,5,True,0.3466666666666667,0.4,0.4240799522429881,1.9219280948873623
764,0.7368421052631579,5,True,0.20666666666666667,0.4,0.4240799522429881,1.9219280948873623
765,0.7368421052631579,5,True,0.2733333333333333,0.4,0.3840091092994298,1.5219280948873621
766,0.7368421052631579,5,True,0.2,0.2,0.44196169314325406,2.321928094887362
767,0.6842105263157895,6,True,0.24888888888888888,0.3333333333333333,0.3768634756015604,2.2516291673878226
768,0.6842105263157895,6,True,0.23111111111111113,0.16666666666666666,0.38873147359769233,2.584962500721156
769,0.6842105263157895,6,True,0.20888888888888887,0.16666666666666666,0.38873147359769233,2.584962500721156
770,0.6842105263157895,6,True,0.28444444444444444,0.5,0.368718405808535,1.792481250360578
771,0.6842105263157895,6,True,0.18666666666666665,0.3333333333333333,0.3768634756015604,2.2516291673878226
772,0.6842105263157895,6,True,0.20888888888888887,0.3333333333333333,0.3516072294314623,1.9182958340544893
773,0.9473684210526315,1,False,,,,
774,0.9473684210526315,1,False,,,,
775,0.9473684210526315,1,False,,,,
776,0.9473684210526315,1,False,,,,
777,0.9473684210526315,1,False,,,,
778,0.9473684210526315,1,False,,,,
779,0.9473684210526315,1,False,,,,
780,0.9473684210526315,1,False,,,,
781,0.9473684210526315,1,False,,,,
782,0.9473684210526315,1,False,,,,
783,0.9473684210526315,1,False,,,,
784,0.9473684210526315,1,False,,,,
785,0.9473684210526315,1,False,,,,
786,0.9473684210526315,1,False,,,,
787,0.9473684210526315,1,False,,,,
788,0.9473684210526315,1,False,,,,
789,0.9473684210526315,1,False,,,,
790,0.9473684210526315,1,False,,,,
791,0.9473684210526315,1,False,,,,
792,0.9473684210526315,1,False,,,,
793,0.9473684210526315,1,False,,,,
794,0.9473684210526315,1,False,,,,
795,0.9473684210526315,1,False,,,,
796,0.6842105263157895,6,True,0.20444444444444443,0.3333333333333333,0.3768634756015603,2.2516291673878226
797,0.6842105263157895,6,True,0.2,0.3333333333333333,0.3768634756015604,2.2516291673878226
798,0.6842105263157895,6,True,0.32,0.5,0.3687184058085351,1.7924812503605778
799,0.6842105263157895,6,True,0.31555555555555553,0.5,0.3197363442781459,1.4591479170272448
800,0.6842105263157895,6,True,0.22666666666666666,0.3333333333333333,0.3768634756015604,2.2516291673878226
801,0.6842105263157895,6,True,0.2711111111111111,0.5,0.368718405808535,1.7924812503605778
802,0.6842105263157895,6,True,0.28,0.3333333333333333,0.2998708836948967,1.584962500721156
803,0.6842105263157895,6,True,0.2,0.3333333333333333,0.3768634756015603,2.251629167387823
804,0.7894736842105263,4,False,,,,
805,0.6842105263157895,6,True,0.19111111111111112,0.3333333333333333,0.3768634756015604,2.2516291673878226
806,0.6842105263157895,6,True,0.24000000000000002,0.5,0.3687184058085351,1.7924812503605778
807,0.6842105263157895,6,True,0.18666666666666665,0.16666666666666666,0.38873147359769233,2.584962500721156
808,0.6842105263157895,6,True,0.2755555555555556,0.5,0.368718405808535,1.7924812503605778
809,0.7368421052631579,5,True,0.52,0.8,0.3555333547974129,0.7219280948873623
810,0.7368421052631579,5,True,0.35333333333333333,0.6,0.403874569882679,1.3709505944546687
811,0.6842105263157895,6,True,0.2,0.3333333333333333,0.3768634756015604,2.2516291673878226
812,0.7368421052631579,5,True,0.26,0.4,0.3840091092994299,1.5219280948873621
813,0.7368421052631579,5,True,0.16666666666666666,0.2,0.44196169314325406,2.321928094887362
814,0.7368421052631579,5,True,0.2533333333333333,0.4,0.4240799522429881,1.9219280948873623
815,0.7368421052631579,5,True,0.35333333333333333,0.4,0.4240799522429881,1.9219280948873623
816,0.9473684210526315,1,False,,,,
817,0.9473684210526315,1,False,,,,
818,0.6842105263157895,6,True,0.28888888888888886,0.3333333333333333,0.3516072294314623,1.9182958340544896
819,0.6842105263157895,6,True,0.3777777777777778,0.3333333333333333,0.35160722943146216,1.9182958340544893
820,0.6842105263157895,6,True,0.30666666666666664,0.3333333333333333,0.3516072294314623,1.9182958340544893
821,0.6842105263157895,6,True,0.17777777777777778,0.16666666666666666,0.38873147359769233,2.584962500721156
822,0.8947368421052632,2,False,,,,
823,0.6842105263157895,6,True,0.18666666666666665,0.3333333333333333,0.3768634756015603,2.251629167387823
824,0.7368421052631579,5,True,0.28,0.4,0.4240799522429881,1.9219280948873623
825,0.7368421052631579,5,True,0.28,0.4,0.4240799522429881,1.9219280948873623
826,0.7368421052631579,5,True,0.49333333333333335,0.8,0.35553335479741277,0.7219280948873623
827,0.7368421052631579,5,True,0.22666666666666666,0.4,0.4240799522429881,1.9219280948873623
828,0.7368421052631579,5,True,0.26666666666666666,0.4,0.4240799522429881,1.9219280948873623
829,0.7368421052631579,5,True,0.38666666666666666,0.6,0.403874569882679,1.3709505944546687
830,0.7368421052631579,5,True,0.17333333333333334,0.2,0.44196169314325406,2.321928094887362
831,0.7368421052631579,5,True,0.21333333333333335,0.4,0.4240799522429881,1.9219280948873623
832,0.7894736842105263,4,False,,,,
833,0.8421052631578947,3,False,,,,
834,0.8421052631578947,3,False,,,,
835,0.8421052631578947,3,False,,,,
836,0.7894736842105263,4,False,,,,
837,0.8421052631578947,3,False,,,,
838,0.7894736842105263,4,False,,,,
839,0.7894736842105263,4,False,,,,
840,0.7894736842105263,4,False,,,,
841,0.7894736842105263,4,False,,,,
842,0.7894736842105263,4,False,,,,
843,0.7894736842105263,4,False,,,,
844,0.7894736842105263,4,False,,,,
845,0.8421052631578947,3,False,,,,
846,0.8421052631578947,3,False,,,,
847,0.8421052631578947,3,False,,,,
848,0.8421052631578947,3,False,,,,
849,0.8421052631578947,3,False,,,,
850,0.8421052631578947,3,False,,,,
851,0.8421052631578947,3,False,,,,
852,0.8421052631578947,3,False,,,,
853,0.8421052631578947,3,False,,,,
854,0.8421052631578947,3,False,,,,
855,0.7894736842105263,4,False,,,,
856,0.7894736842105263,4,False,,,,
857,0.7894736842105263,4,False,,,,
858,0.7894736842105263,4,False,,,,
859,0.8421052631578947,3,False,,,,
860,0.7368421052631579,5,True,0.19333333333333333,0.4,0.4240799522429881,1.9219280948873623
861,0.7368421052631579,5,True,0.36000000000000004,0.6,0.403874569882679,1.3709505944546687
862,0.7368421052631579,5,True,0.4066666666666666,0.6,0.403874569882679,1.3709505944546687
863,0.7368421052631579,5,True,0.26666666666666666,0.4,0.4240799522429881,1.9219280948873623
864,0.7368421052631579,5,True,0.21333333333333335,0.4,0.4240799522429881,1.9219280948873623
865,0.7368421052631579,5,True,0.18666666666666665,0.4,0.4240799522429881,1.9219280948873623
866,0.7368421052631579,5,True,0.16666666666666666,0.2,0.44196169314325406,2.321928094887362
867,0.7368421052631579,5,True,0.7333333333333333,0.8,0.35553335479741277,0.7219280948873623
868,0.7368421052631579,5,True,0.2733333333333333,0.4,0.3840091092994298,1.5219280948873621
869,0.7368421052631579,5,True,0.17333333333333334,0.4,0.4240799522429881,1.9219280948873623
870,0.7894736842105263,4,False,,,,
871,0.7368421052631579,5,True,0.13333333333333333,0.2,0.44196169314325406,2.321928094887362
872,0.7368421052631579,5,True,0.2,0.4,0.4240799522429881,1.9219280948873623
873,0.7368421052631579,5,True,0.23333333333333334,0.4,0.3840091092994298,1.5219280948873621
874,0.6842105263157895,6,True,0.2,0.3333333333333333,0.3768634756015604,2.2516291673878226
875,0.6842105263157895,6,True,0.21333333333333335,0.3333333333333333,0.3768634756015604,2.2516291673878226
876,0.7368421052631579,5,True,0.39333333333333337,0.6,0.403874569882679,1.3709505944546687
877,0.6842105263157895,6,True,0.41777777777777775,0.5,0.3197363442781458,1.4591479170272446
878,0.6842105263157895,6,True,0.20444444444444443,0.3333333333333333,0.3516072294314623,1.9182958340544896
879,0.6842105263157895,6,True,0.19111111111111112,0.16666666666666666,0.38873147359769233,2.584962500721156
880,0.6842105263157895,6,True,0.2577777777777778,0.3333333333333333,0.3768634756015603,2.2516291673878226
881,0.6842105263157895,6,True,0.3777777777777778,0.6666666666666666,0.35250246264226515,1.2516291673878228
882,0.6842105263157895,6,True,0.17777777777777778,0.16666666666666666,0.38873147359769233,2.584962500721156
883,0.6842105263157895,6,True,0.20444444444444443,0.3333333333333333,0.3768634756015604,2.2516291673878226
884,0.6842105263157895,6,True,0.2577777777777778,0.3333333333333333,0.3768634756015604,2.2516291673878226
885,0.7894736842105263,4,False,,,,
886,0.7894736842105263,4,False,,,,
887,0.7894736842105263,4,False,,,,
888,0.7894736842105263,4,False,,,,
889,0.7894736842105263,4,False,,,,
890,0.7894736842105263,4,False,,,,
891,0.7894736842105263,4,False,,,,
892,0.8421052631578947,3,False,,,,
893,0.7894736842105263,4,False,,,,
894,0.8421052631578947,3,False,,,,
895,0.8421052631578947,3,False,,,,
896,0.7894736842105263,4,False,,,,
897,0.7894736842105263,4,False,,,,
898,0.7368421052631579,5,True,0.3,0.6,0.403874569882679,1.3709505944546687
899,0.7368421052631579,5,True,0.18666666666666665,0.2,0.44196169314325406,2.321928094887362
900,0.7368421052631579,5,True,0.2533333333333333,0.4,0.4240799522429881,1.9219280948873623
901,0.7368421052631579,5,True,0.20666666666666667,0.4,0.4240799522429881,1.9219280948873623
902,0.7368421052631579,5,True,0.2533333333333333,0.2,0.44196169314325406,2.321928094887362
903,0.7368421052631579,5,True,0.30666666666666664,0.4,0.3840091092994298,1.5219280948873621
904,0.7368421052631579,5,True,0.24666666666666667,0.4,0.4240799522429881,1.9219280948873623
905,0.7368421052631579,5,True,0.29333333333333333,0.4,0.4240799522429881,1.9219280948873623
906,0.6842105263157895,6,True,0.2533333333333333,0.3333333333333333,0.3516072294314623,1.9182958340544896
907,0.6842105263157895,6,True,0.3377777777777778,0.5,0.3197363442781458,1.4591479170272446
908,0.631578947368421,7,True,0.20317460317460317,0.2857142857142857,0.31402704890353805,2.2359263506290326
909,0.631578947368421,7,True,0.24126984126984127,0.2857142857142857,0.3308728090528291,2.5216406363433186
910,0.631578947368421,7,True,0.21587301587301588,0.2857142857142857,0.3308728090528291,2.5216406363433186
911,0.631578947368421,7,True,0.21269841269841272,0.2857142857142857,0.33087280905282923,2.521640636343318
912,0.631578947368421,7,True,0.19682539682539685,0.42857142857142855,0.3293970672908122,2.1280852788913944
913,0.631578947368421,7,True,0.27936507936507937,0.2857142857142857,0.3308728090528291,2.5216406363433186
914,0.8421052631578947,3,False,,,,
915,0.6842105263157895,6,True,0.22222222222222224,0.3333333333333333,0.3516072294314623,1.9182958340544896
916,0.6842105263157895,6,True,0.22666666666666666,0.3333333333333333,0.3768634756015603,2.2516291673878226
917,0.6842105263157895,6,True,0.29333333333333333,0.3333333333333333,0.3768634756015604,2.2516291673878226
918,0.6842105263157895,6,True,0.20444444444444443,0.3333333333333333,0.3768634756015604,2.2516291673878226
919,0.6842105263157895,6,True,0.1688888888888889,0.16666666666666666,0.38873147359769233,2.584962500721156
920,0.6842105263157895,6,True,0.2533333333333333,0.3333333333333333,0.3768634756015603,2.2516291673878226
921,0.6842105263157895,6,True,0.3288888888888889,0.5,0.368718405808535,1.7924812503605778
922,0.7368421052631579,5,True,0.24000000000000002,0.4,0.4240799522429881,1.9219280948873623
923,0.6842105263157895,6,True,0.19111111111111112,0.16666666666666666,0.38873147359769233,2.584962500721156
924,0.631578947368421,7,True,0.26666666666666666,0.2857142857142857,0.31402704890353816,2.2359263506290326
925,0.631578947368421,7,True,0.2634920634920635,0.2857142857142857,0.31402704890353805,2.2359263506290326
926,0.631578947368421,7,True,0.28253968253968254,0.2857142857142857,0.31402704890353816,2.2359263506290326
927,0.631578947368421,7,True,0.1714285714285714,0.2857142857142857,0.33087280905282923,2.521640636343318
928,0.9473684210526315,1,False,,,,
929,0.9473684210526315,1,False,,,,
930,0.9473684210526315,1,False,,,,
931,0.9473684210526315,1,False,,,,
932,0.9473684210526315,1,False,,,,
933,0.9473684210526315,1,False,,,,
934,0.9473684210526315,1,False,,,,
935,0.9473684210526315,1,False,,,,
936,0.6842105263157895,6,True,0.23111111111111113,0.3333333333333333,0.3768634756015604,2.2516291673878226
937,0.631578947368421,7,True,0.2984126984126984,0.5714285714285714,0.3269868938901337,1.6644977792004614
938,0.6842105263157895,6,True,0.2533333333333333,0.3333333333333333,0.35160722943146216,1.9182958340544893
939,0.6842105263157895,6,True,0.22222222222222224,0.16666666666666666,0.38873147359769233,2.584962500721156
940,0.6842105263157895,6,True,0.24888888888888888,0.3333333333333333,0.3768634756015604,2.2516291673878226
941,0.5789473684210527,8,True,0.29523809523809524,0.5,0.29436266502391517,2.0
942,0.5789473684210527,8,True,0.2785714285714286,0.25,0.2752707006065839,2.5
943,0.631578947368421,7,True,0.2761904761904762,0.42857142857142855,0.3293970672908122,2.1280852788913944
944,0.5789473684210527,8,True,0.2380952380952381,0.375,0.2894231402765127,2.4056390622295662
945,0.5789473684210527,8,True,0.2142857142857143,0.25,0.2752707006065839,2.5
946,0.47368421052631576,10,True,0.3940740740740741,0.6,0.21409410126225947,1.5709505944546687
947,0.5263157894736842,9,True,0.3944444444444445,0.5555555555555556,0.23199713097962393,1.6577427265048887
948,0.5263157894736842,9,True,0.2574074074074074,0.3333333333333333,0.21129967947546247,2.197159723424149
949,0.5263157894736842,9,True,0.3351851851851852,0.5555555555555556,0.26942437427994104,1.8799649487271108
950,0.631578947368421,7,True,0.2507936507936508,0.2857142857142857,0.3308728090528291,2.5216406363433186
951,0.631578947368421,7,True,0.26666666666666666,0.42857142857142855,0.3293970672908122,2.1280852788913944
952,0.6842105263157895,6,True,0.2622222222222222,0.3333333333333333,0.3768634756015603,2.251629167387823
953,0.6842105263157895,6,True,0.17777777777777778,0.16666666666666666,0.38873147359769233,2.584962500721156
954,0.6842105263157895,6,True,0.23111111111111113,0.3333333333333333,0.3768634756015604,2.2516291673878226
955,0.8421052631578947,3,False,,,,
956,0.8421052631578947,3,False,,,,
957,0.8421052631578947,3,False,,,,
958,0.8947368421052632,2,False,,,,
959,0.9473684210526315,1,False,,,,
960,0.8947368421052632,2,False,,,,
961,0.8947368421052632,2,False,,,,
962,0.6842105263157895,6,True,0.22222222222222224,0.16666666666666666,0.38873147359769233,2.584962500721156
963,0.6842105263157895,6,True,0.3422222222222222,0.5,0.3197363442781459,1.4591479170272448
964,0.631578947368421,7,True,0.1904761904761905,0.14285714285714285,0.3387531097057149,2.807354922057604
965,0.631578947368421,7,True,0.27936507936507937,0.2857142857142857,0.31402704890353816,2.2359263506290326
966,0.5789473684210527,8,True,0.17619047619047618,0.25,0.2867214920979323,2.75
967,0.5789473684210527,8,True,0.2523809523809524,0.375,0.2894231402765127,2.4056390622295662
968,0.5789473684210527,8,True,0.29047619047619044,0.375,0.26901133528123755,2.1556390622295662
969,0.5789473684210527,8,True,0.1619047619047619,0.25,0.2752707006065839,2.5
970,0.47368421052631576,10,True,0.21037037037037037,0.2,0.18980179399215258,2.721928094887362
971,0.47368421052631576,10,True,0.2562962962962963,0.4,0.2248895132903982,2.5219280948873624
972,0.47368421052631576,10,True,0.28888888888888886,0.3,0.18585266116365706,2.446439344671015
973,0.47368421052631576,10,True,0.2518518518518518,0.3,0.18585266116365706,2.446439344671015
974,0.47368421052631576,10,True,0.33629629629629626,0.6,0.21409410126225947,1.5709505944546687
975,0.47368421052631576,10,True,0.2474074074074074,0.3,0.20304543438098532,2.6464393446710153
976,0.47368421052631576,10,True,0.3333333333333333,0.6,0.16008854642218662,1.295461844238322
977,0.47368421052631576,10,True,0.43555555555555553,0.6,0.16008854642218662,1.295461844238322
978,0.5263157894736842,9,True,0.23148148148148148,0.3333333333333333,0.2362832736567574,2.4193819456463714
979,0.47368421052631576,10,True,0.39111111111111113,0.6,0.21409410126225947,1.5709505944546687
980,0.42105263157894735,11,True,0.303030303030303,0.36363636363636365,0.14575294935186045,2.1180782093497093
981,0.42105263157894735,11,True,0.23757575757575758,0.18181818181818182,0.15803050740691038,2.913977073182752
982,0.42105263157894735,11,True,0.2775757575757576,0.45454545454545453,0.16315629602638715,2.0403733936884962
983,0.47368421052631576,10,True,0.3125925925925926,0.3,0.17190038180287592,2.1709505944546685
984,0.47368421052631576,10,True,0.28296296296296297,0.4,0.2248895132903982,2.5219280948873624
985,0.9473684210526315,1,False,,,,
986,0.9473684210526315,1,False,,,,
987,0.9473684210526315,1,False,,,,
988,0.9473684210526315,1,False,,,,
989,0.9473684210526315,1,False,,,,
990,0.9473684210526315,1,False,,,,
991,0.9473684210526315,1,False,,,,
992,0.9473684210526315,1,False,,,,
993,0.9473684210526315,1,False,,,,
994,0.9473684210526315,1,False,,,,
995,0.5263157894736842,9,True,0.24259259259259258,0.3333333333333333,0.2362832736567574,2.4193819456463714
996,0.5263157894736842,9,True,0.23333333333333334,0.3333333333333333,0.2502376437826136,2.6416041678685933
997,0.7894736842105263,4,False,,,,
998,0.9473684210526315,1,False,,,,
999,0.9473684210526315,1,False,,,,
1000,0.9473684210526315,1,False,,,,
1001,0.7894736842105263,4,False,,,,
1002,0.7894736842105263,4,False,,,,
1003,0.7894736842105263,4,False,,,,
1004,0.8947368421052632,2,False,,,,
1005,0.8947368421052632,2,False,,,,
1006,0.8947368421052632,2,False,,,,
1007,0.8421052631578947,3,False,,,,
1008,0.8421052631578947,3,False,,,,
1009,0.8421052631578947,3,False,,,,
1010,0.8421052631578947,3,False,,,,
1011,0.7894736842105263,4,False,,,,
1012,0.7894736842105263,4,False,,,,
1013,0.7894736842105263,4,False,,,,
1014,0.7368421052631579,5,True,0.22666666666666666,0.2,0.44196169314325406,2.321928094887362
1015,0.7368421052631579,5,True,0.3466666666666667,0.4,0.4240799522429881,1.9219280948873623
1016,0.5263157894736842,9,True,0.23148148148148148,0.3333333333333333,0.2266696978627366,2.113283334294875
1017,0.5263157894736842,9,True,0.3351851851851852,0.4444444444444444,0.13851436041076237,1.5304930567574826
1018,0.5263157894736842,9,True,0.3777777777777778,0.7777777777777778,0.14194027202555715,0.7642045065086203
1019,0.5263157894736842,9,True,0.26296296296296295,0.4444444444444444,0.25962632736662017,2.2810361125534233
1020,0.5263157894736842,9,True,0.2574074074074074,0.3333333333333333,0.2362832736567574,2.4193819456463714
1021,0.5789473684210527,8,True,0.4071428571428572,0.625,0.23559909273734092,1.2987949406953985
1022,0.631578947368421,7,True,0.3142857142857143,0.5714285714285714,0.3269868938901337,1.6644977792004614
1023,0.6842105263157895,6,True,0.3244444444444445,0.5,0.368718405808535,1.7924812503605778
1024,0.7368421052631579,5,True,0.16666666666666666,0.2,0.44196169314325406,2.321928094887362
1025,0.631578947368421,7,True,0.2698412698412698,0.5714285714285714,0.3269868938901338,1.664497779200461
1026,0.631578947368421,7,True,0.20317460317460317,0.2857142857142857,0.31402704890353816,2.2359263506290326
1027,0.7894736842105263,4,False,,,,
1028,0.7368421052631579,5,True,0.24666666666666667,0.2,0.44196169314325406,2.321928094887362
1029,0.7368421052631579,5,True,0.22666666666666666,0.4,0.4240799522429881,1.9219280948873623
1030,0.7368421052631579,5,True,0.3,0.4,0.4240799522429881,1.9219280948873623
1031,0.6842105263157895,6,True,0.32,0.5,0.368718405808535,1.7924812503605778
1032,0.5263157894736842,9,True,0.21666666666666667,0.2222222222222222,0.2446883927462009,2.94770277922009
1033,0.5789473684210527,8,True,0.21666666666666667,0.25,0.2867214920979325,2.75
1034,0.5263157894736842,9,True,0.32407407407407407,0.5555555555555556,0.26942437427994104,1.8799649487271108
1035,0.5263157894736842,9,True,0.3037037037037037,0.4444444444444444,0.23665100921814008,2.058813890331201
1036,0.5263157894736842,9,True,0.337037037037037,0.3333333333333333,0.18439908713309294,1.8910611120726528
1037,0.5263157894736842,9,True,0.3925925925925926,0.4444444444444444,0.13851436041076215,1.5304930567574824
1038,0.5263157894736842,9,True,0.2814814814814815,0.3333333333333333,0.2362832736567574,2.4193819456463714
1039,0.5263157894736842,9,True,0.32962962962962966,0.4444444444444444,0.1712804787748815,1.3921472236645345
1040,0.6842105263157895,6,True,0.30666666666666664,0.5,0.3197363442781458,1.4591479170272448
1041,0.6842105263157895,6,True,0.28,0.3333333333333333,0.3768634756015604,2.2516291673878226
1042,0.5263157894736842,9,True,0.1962962962962963,0.2222222222222222,0.2221308339868283,2.503258334775646
1043,0.5263157894736842,9,True,0.22962962962962966,0.2222222222222222,0.22213083398682842,2.5032583347756456
1044,0.5263157894736842,9,True,0.3,0.3333333333333333,0.21129967947546247,2.197159723424149
1045,0.5263157894736842,9,True,0.2388888888888889,0.3333333333333333,0.2362832736567574,2.4193819456463714
1046,0.5263157894736842,9,True,0.3592592592592593,0.4444444444444444,0.21262228529006155,1.7527152789797045
1047,0.9473684210526315,1,False,,,,
1048,0.9473684210526315,1,False,,,,
1049,0.9473684210526315,1,False,,,,
1050,0.9473684210526315,1,False,,,,
1051,0.9473684210526315,1,False,,,,
1052,0.5263157894736842,9,True,0.22777777777777777,0.2222222222222222,0.23699400339378085,2.725480556997868
1053,0.42105263157894735,11,True,0.22303030303030305,0.2727272727272727,0.17682974957846265,3.027169118440619
1054,0.42105263157894735,11,True,0.2606060606060606,0.2727272727272727,0.15867131134623425,2.663532754804255
1055,0.42105263157894735,11,True,0.3878787878787879,0.5454545454545454,0.1738725939109368,1.6171895725927152
1056,0.42105263157894735,11,True,0.3248484848484849,0.45454545454545453,0.1785263144136614,1.971747257128181
1057,0.42105263157894735,11,True,0.19515151515151516,0.18181818181818182,0.1648695505519856,3.0957952550009344
1058,0.42105263157894735,11,True,0.24727272727272726,0.2727272727272727,0.12040161960918283,2.2312702546075758
1059,0.42105263157894735,11,True,0.41090909090909095,0.7272727272727273,0.2585421883818424,1.2776134368191154
1060,0.42105263157894735,11,True,0.4533333333333333,0.7272727272727273,0.2585421883818424,1.2776134368191154
1061,0.42105263157894735,11,True,0.23393939393939395,0.45454545454545453,0.1919537021102833,2.2221915755066783
1062,0.42105263157894735,11,True,0.3733333333333333,0.36363636363636365,0.17110427909453796,2.004886164091843
1063,0.42105263157894735,11,True,0.3442424242424243,0.5454545454545454,0.20184431586908624,1.867633890971212
1064,0.42105263157894735,11,True,0.27636363636363637,0.2727272727272727,0.1525859561938041,2.413088436425758
1065,0.42105263157894735,11,True,0.2703030303030303,0.2727272727272727,0.15867131134623413,2.663532754804255
1066,0.42105263157894735,11,True,0.26545454545454544,0.2727272727272727,0.10503160122190858,2.299896391167891
1067,0.631578947368421,7,True,0.3428571428571428,0.42857142857142855,0.25838690151454435,1.4488156357251847
1068,0.631578947368421,7,True,0.20634920634920637,0.2857142857142857,0.3308728090528291,2.5216406363433186
1069,0.7894736842105263,4,False,,,,
1070,0.8421052631578947,3,False,,,,
1071,0.8947368421052632,2,False,,,,
1072,0.8947368421052632,2,False,,,,
1073,0.8421052631578947,3,False,,,,
1074,0.8421052631578947,3,False,,,,
1075,0.8421052631578947,3,False,,,,
1076,0.8421052631578947,3,False,,,,
1077,0.8421052631578947,3,False,,,,
1078,0.8947368421052632,2,False,,,,
1079,0.8947368421052632,2,False,,,,
1080,0.8947368421052632,2,False,,,,
1081,0.7894736842105263,4,False,,,,
1082,0.7894736842105263,4,False,,,,
1083,0.8947368421052632,2,False,,,,
1084,0.8947368421052632,2,False,,,,
1085,0.8947368421052632,2,False,,,,
1086,0.8947368421052632,2,False,,,,
1087,0.8947368421052632,2,False,,,,
1088,0.8947368421052632,2,False,,,,
1089,0.8947368421052632,2,False,,,,
1090,0.8947368421052632,2,False,,,,
1091,0.8947368421052632,2,False,,,,
1092,0.8947368421052632,2,False,,,,
1093,0.8947368421052632,2,False,,,,
1094,0.8947368421052632,2,False,,,,
1095,0.8421052631578947,3,False,,,,
1096,0.8421052631578947,3,False,,,,
1097,0.631578947368421,7,True,0.2698412698412698,0.2857142857142857,0.31402704890353805,2.2359263506290326
1098,0.631578947368421,7,True,0.27936507936507937,0.42857142857142855,0.2987636957331652,1.8423709931771084
1099,0.631578947368421,7,True,0.18730158730158727,0.2857142857142857,0.3308728090528291,2.5216406363433186
1100,0.631578947368421,7,True,0.2,0.2857142857142857,0.33087280905282923,2.521640636343318
1101,0.631578947368421,7,True,0.22222222222222224,0.2857142857142857,0.3308728090528291,2.5216406363433186
1102,0.631578947368421,7,True,0.18095238095238095,0.42857142857142855,0.3293970672908122,2.1280852788913944
1103,0.42105263157894735,11,True,0.17575757575757578,0.18181818181818182,0.15803050740691038,2.9139770731827523
1104,0.47368421052631576,10,True,0.23555555555555555,0.2,0.18980179399215247,2.721928094887362
1105,0.42105263157894735,11,True,0.2109090909090909,0.2727272727272727,0.17056421755728335,2.8453509366224368
1106,0.42105263157894735,11,True,0.2412121212121212,0.2727272727272727,0.13843351652387526,2.481714572986073
1107,0.42105263157894735,11,True,0.3054545454545455,0.5454545454545454,0.2275769429533877,2.049452072789394
1108,0.42105263157894735,11,True,0.2921212121212121,0.36363636363636365,0.17110427909453796,2.004886164091843
1109,0.42105263157894735,11,True,0.2775757575757576,0.36363636363636365,0.1805153902556471,2.5503407095463886
1110,0.42105263157894735,11,True,0.26181818181818184,0.18181818181818182,0.14542767095740128,2.7321588913645702
1111,0.3684210526315789,12,True,0.24444444444444444,0.25,0.14410455048549553,2.792481250360578
1112,0.3157894736842105,13,True,0.27863247863247864,0.38461538461538464,0.12997881970764258,2.4996981431844145
1113,0.3157894736842105,13,True,0.2572649572649573,0.38461538461538464,0.1299788197076427,2.4996981431844145
1114,0.3157894736842105,13,True,0.24188034188034188,0.3076923076923077,0.11668426943697652,2.7773627950641693
1115,0.3157894736842105,13,True,0.3692307692307692,0.5384615384615384,0.18354756840725694,2.0349409139562287
1116,0.3157894736842105,13,True,0.2897435897435897,0.38461538461538464,0.10247232518562865,2.075869296697727
1117,0.3157894736842105,13,True,0.27692307692307694,0.23076923076923078,0.09313907461799575,2.6612262562697895
1118,0.3157894736842105,13,True,0.38290598290598293,0.5384615384615384,0.14886155039635407,1.573402452417767
1119,0.3157894736842105,13,True,0.3153846153846154,0.5384615384615384,0.18354756840725694,2.0349409139562287
1120,0.3157894736842105,13,True,0.31025641025641026,0.46153846153846156,0.14339534215387018,2.199687794731328
1121,0.3157894736842105,13,True,0.24188034188034188,0.3076923076923077,0.10589984877407843,2.353533948577482
1122,0.3157894736842105,13,True,0.3897435897435898,0.6153846153846154,0.20184431586908624,1.7004397181410922
1123,0.3157894736842105,13,True,0.5008547008547009,0.8461538461538461,0.28560263299760746,0.7732283485249176
1124,0.3157894736842105,13,True,0.5478632478632479,0.8461538461538461,0.28560263299760746,0.7732283485249176
1125,0.3157894736842105,13,True,0.32307692307692304,0.38461538461538464,0.14322246009647566,2.4416298737872246
1126,0.3157894736842105,13,True,0.3572649572649573,0.5384615384615384,0.18354756840725694,2.0349409139562287
1127,0.7894736842105263,4,False,,,,
1128,0.8421052631578947,3,False,,,,
1129,0.8421052631578947,3,False,,,,
1130,0.8421052631578947,3,False,,,,
1131,0.8421052631578947,3,False,,,,
1132,0.8421052631578947,3,False,,,,
1133,0.8947368421052632,2,False,,,,
1134,0.8947368421052632,2,False,,,,
1135,0.3684210526315789,12,True,0.28181818181818186,0.3333333333333333,0.11774719568760694,2.4182958340544896
1136,0.3684210526315789,12,True,0.3070707070707071,0.5,0.18354756840725672,2.125814583693911
1137,0.3684210526315789,12,True,0.2292929292929293,0.25,0.13962061144647364,3.0220552088742005
1138,0.3684210526315789,12,True,0.47575757575757577,0.6666666666666666,0.20530794671029118,1.4182958340544896
1139,0.3684210526315789,12,True,0.29696969696969694,0.5833333333333334,0.1976336043635435,1.780672129520887
1140,0.9473684210526315,1,False,,,,
1141,0.9473684210526315,1,False,,,,
1142,0.9473684210526315,1,False,,,,
1143,0.9473684210526315,1,False,,,,
1144,0.9473684210526315,1,False,,,,
1145,0.9473684210526315,1,False,,,,
1146,0.9473684210526315,1,False,,,,
1147,0.9473684210526315,1,False,,,,
1148,0.3684210526315789,12,True,0.3141414141414141,0.3333333333333333,0.09793558979143557,2.188721875540867
1149,0.3684210526315789,12,True,0.3737373737373737,0.6666666666666666,0.20530794671029118,1.4182958340544896
1150,0.3684210526315789,12,True,0.4414141414141414,0.75,0.2626406304386867,1.207518749639422
1151,0.3684210526315789,12,True,0.4171717171717172,0.6666666666666666,0.24545096392396837,1.584962500721156
1152,0.3684210526315789,12,True,0.39494949494949494,0.6666666666666666,0.20530794671029118,1.4182958340544896
1153,0.3684210526315789,12,True,0.38585858585858585,0.6666666666666666,0.20530794671029107,1.4182958340544896
1154,0.3684210526315789,12,True,0.21515151515151518,0.4166666666666667,0.1479243275641523,2.2841591278514217
1155,0.3684210526315789,12,True,0.3676767676767677,0.4166666666666667,0.16207676723408126,2.221251836004466
1156,0.3684210526315789,12,True,0.3515151515151515,0.3333333333333333,0.058192801328271315,1.9591479170272448
1157,0.3684210526315789,12,True,0.3808080808080808,0.5,0.18354756840725672,2.125814583693911
1158,0.3684210526315789,12,True,0.2636363636363636,0.25,0.12270902131760208,2.396240625180289
1159,0.3684210526315789,12,True,0.31313131313131315,0.4166666666666667,0.16207676723408138,2.221251836004466
1160,0.3684210526315789,12,True,0.30505050505050507,0.5,0.20088836321582537,2.292481250360578
1161,0.42105263157894735,11,True,0.2121212121212121,0.45454545454545453,0.20875469682471381,2.4040097573248604
1162,0.42105263157894735,11,True,0.28,0.36363636363636365,0.14575294935186045,2.1180782093497093
1163,0.42105263157894735,11,True,0.22303030303030305,0.45454545454545453,0.16315629602638715,2.0403733936884962
1164,0.47368421052631576,10,True,0.2325925925925926,0.2,0.20002593917380795,2.9219280948873623
1165,0.47368421052631576,10,True,0.29185185185185186,0.5,0.21465505822008046,1.9609640474436814
1166,0.5263157894736842,9,True,0.28703703703703703,0.3333333333333333,0.2362832736567574,2.4193819456463714
1167,0.47368421052631576,10,True,0.24296296296296296,0.2,0.18980179399215258,2.721928094887362
1168,0.47368421052631576,10,True,0.2711111111111111,0.4,0.2248895132903982,2.5219280948873624
1169,0.47368421052631576,10,True,0.30074074074074075,0.4,0.19725171154555354,2.0464393446710156
1170,0.47368421052631576,10,True,0.27259259259259255,0.4,0.20919571487351973,2.321928094887362
1171,0.47368421052631576,10,True,0.35407407407407404,0.6,0.21409410126225947,1.5709505944546687
1172,0.47368421052631576,10,True,0.22962962962962966,0.2,0.20002593917380795,2.9219280948873623
1173,0.47368421052631576,10,True,0.3274074074074074,0.5,0.1710233960407077,1.7609640474436812
1174,0.47368421052631576,10,True,0.19555555555555557,0.3,0.2125596493241808,2.8464393446710154
1175,0.47368421052631576,10,True,0.30518518518518517,0.5,0.2393728467500651,2.1609640474436813
1176,0.47368421052631576,10,True,0.4325925925925926,0.7,0.2626406304386867,1.3567796494470397
1177,0.47368421052631576,10,True,0.3925925925925926,0.6,0.21409410126225947,1.5709505944546687
1178,0.47368421052631576,10,True,0.28888888888888886,0.4,0.15164855035114533,1.8464393446710154
1179,0.5263157894736842,9,True,0.35185185185185186,0.3333333333333333,0.21129967947546247,2.197159723424149
1180,0.5263157894736842,9,True,0.3037037037037037,0.5555555555555556,0.26942437427994104,1.8799649487271108
1181,0.5263157894736842,9,True,0.1962962962962963,0.3333333333333333,0.21129967947546247,2.197159723424149
1182,0.5263157894736842,9,True,0.44814814814814813,0.7777777777777778,0.2673721749433876,0.9864267287308424
1183,0.8947368421052632,2,False,,,,
1184,0.9473684210526315,1,False,,,,
1185,0.9473684210526315,1,False,,,,
1186,0.9473684210526315,1,False,,,,
1187,0.9473684210526315,1,False,,,,
1188,0.9473684210526315,1,False,,,,
1189,0.631578947368421,7,True,0.43492063492063493,0.7142857142857143,0.31364651914901476,1.1488348542809166
1190,0.6842105263157895,6,True,0.4533333333333333,0.6666666666666666,0.35250246264226515,1.2516291673878228
1191,0.6842105263157895,6,True,0.4488888888888889,0.6666666666666666,0.35250246264226515,1.2516291673878228
1192,0.5263157894736842,9,True,0.3148148148148148,0.4444444444444444,0.23665100921814008,2.058813890331201
1193,0.5263157894736842,9,True,0.387037037037037,0.6666666666666666,0.2750678362011758,1.4466166676282082
1194,0.42105263157894735,11,True,0.3515151515151515,0.5454545454545454,0.20184431586908624,1.8676338909712125
1195,0.5263157894736842,9,True,0.2351851851851852,0.2222222222222222,0.23699400339378085,2.725480556997868
1196,0.47368421052631576,10,True,0.3125925925925926,0.3,0.17190038180287592,2.170950594454669
1197,0.42105263157894735,11,True,0.29939393939393943,0.5454545454545454,0.2275769429533877,2.049452072789394
1198,0.42105263157894735,11,True,0.4533333333333333,0.7272727272727273,0.2585421883818424,1.2776134368191154
1199,0.3684210526315789,12,True,0.31212121212121213,0.5,0.15402695630866137,1.9591479170272446
1200,0.3684210526315789,12,True,0.2808080808080808,0.4166666666666667,0.1675526697089813,2.4508257945180882
1201,0.3684210526315789,12,True,0.34545454545454546,0.5,0.18354756840725694,2.125814583693911
1202,0.3684210526315789,12,True,0.2737373737373738,0.5,0.1540269563086616,1.9591479170272446
1203,0.3684210526315789,12,True,0.20505050505050504,0.3333333333333333,0.1522439593200895,2.751629167387823
1204,0.47368421052631576,10,True,0.24444444444444444,0.4,0.20919571487351973,2.321928094887362
1205,0.47368421052631576,10,True,0.2977777777777778,0.5,0.21465505822008046,1.9609640474436814
1206,0.47368421052631576,10,True,0.38222222222222224,0.4,0.10049216467243904,1.5219280948873621
1207,0.47368421052631576,10,True,0.20148148148148148,0.2,0.18980179399215225,2.7219280948873625
1208,0.47368421052631576,10,True,0.27259259259259255,0.4,0.15164855035114522,1.8464393446710154
1209,0.42105263157894735,11,True,0.3054545454545455,0.45454545454545453,0.1919537021102833,2.2221915755066783
1210,0.42105263157894735,11,True,0.29454545454545455,0.36363636363636365,0.09431586662274982,1.9362600275315274
1211,0.42105263157894735,11,True,0.31636363636363635,0.45454545454545453,0.13080188868938503,1.789929075309999
1212,0.42105263157894735,11,True,0.4072727272727273,0.7272727272727273,0.2585421883818424,1.2776134368191154
1213,0.42105263157894735,11,True,0.2509090909090909,0.36363636363636365,0.1805153902556471,2.5503407095463886
1214,0.42105263157894735,11,True,0.2096969696969697,0.2727272727272727,0.1525859561938041,2.413088436425758
1215,0.42105263157894735,11,True,0.5393939393939393,0.9090909090909091,0.2199270264698785,0.4394969869215134
1216,0.42105263157894735,11,True,0.2412121212121212,0.2727272727272727,0.10503160122190858,2.299896391167891
1217,0.7368421052631579,5,True,0.16,0.2,0.44196169314325406,2.321928094887362
1218,0.7368421052631579,5,True,0.2533333333333333,0.4,0.4240799522429881,1.9219280948873623
1219,0.7368421052631579,5,True,0.29333333333333333,0.4,0.4240799522429881,1.9219280948873623
1220,0.7894736842105263,4,False,,,,
1221,0.8947368421052632,2,False,,,,
1222,0.8947368421052632,2,False,,,,
1223,0.9473684210526315,1,False,,,,
1224,0.9473684210526315,1,False,,,,
1225,0.9473684210526315,1,False,,,,
1226,0.9473684210526315,1,False,,,,
1227,0.9473684210526315,1,False,,,,
1228,0.8421052631578947,3,False,,,,
1229,0.9473684210526315,1,False,,,,
1230,0.9473684210526315,1,False,,,,
1231,0.9473684210526315,1,False,,,,
1232,0.9473684210526315,1,False,,,,
1233,0.7894736842105263,4,False,,,,
1234,0.7894736842105263,4,False,,,,
1235,0.7894736842105263,4,False,,,,
1236,0.7894736842105263,4,False,,,,
1237,0.7894736842105263,4,False,,,,
1238,0.7368421052631579,5,True,0.44,0.6,0.3141871168274789,0.9709505944546686
1239,0.7368421052631579,5,True,0.26,0.4,0.4240799522429881,1.9219280948873623
1240,0.7368421052631579,5,True,0.36000000000000004,0.6,0.403874569882679,1.3709505944546687
1241,0.7368421052631579,5,True,0.20666666666666667,0.2,0.44196169314325406,2.321928094887362
1242,0.42105263157894735,11,True,0.27515151515151515,0.36363636363636365,0.16177657023373793,2.3685225277282065
1243,0.42105263157894735,11,True,0.3442424242424243,0.5454545454545454,0.1262934802341792,1.3221793455166666
1244,0.42105263157894735,11,True,0.3951515151515152,0.5454545454545454,0.20184431586908624,1.8676338909712125
1245,0.42105263157894735,11,True,0.2533333333333333,0.45454545454545453,0.20875469682471393,2.4040097573248604
1246,0.42105263157894735,11,True,0.30666666666666664,0.5454545454545454,0.15676141753386397,1.6858157091530304
1247,0.42105263157894735,11,True,0.4509090909090909,0.6363636363636364,0.1498881368720677,1.2406705316766884
1248,0.42105263157894735,11,True,0.3927272727272727,0.5454545454545454,0.1262934802341792,1.3221793455166666
1249,0.47368421052631576,10,True,0.31851851851851853,0.4,0.15164855035114533,1.8464393446710154
1250,0.47368421052631576,10,True,0.37481481481481477,0.7,0.2626406304386868,1.3567796494470397
1251,0.47368421052631576,10,True,0.2696296296296296,0.4,0.20919571487351996,2.321928094887362
1252,0.7894736842105263,4,False,,,,
1253,0.7894736842105263,4,False,,,,
1254,0.7894736842105263,4,False,,,,
1255,0.7894736842105263,4,False,,,,
1256,0.8947368421052632,2,False,,,,
1257,0.8947368421052632,2,False,,,,
1258,0.8947368421052632,2,False,,,,
1259,0.8947368421052632,2,False,,,,
1260,0.8947368421052632,2,False,,,,
1261,0.8947368421052632,2,False,,,,
1262,0.8947368421052632,2,False,,,,
1263,0.8947368421052632,2,False,,,,
1264,0.8947368421052632,2,False,,,,
1265,0.8947368421052632,2,False,,,,
1266,0.8947368421052632,2,False,,,,
1267,0.9473684210526315,1,False,,,,
1268,0.9473684210526315,1,False,,,,
1269,0.9473684210526315,1,False,,,,
1270,0.9473684210526315,1,False,,,,
1271,0.9473684210526315,1,False,,,,
1272,0.9473684210526315,1,False,,,,
1273,0.9473684210526315,1,False,,,,
1274,0.9473684210526315,1,False,,,,
1275,0.9473684210526315,1,False,,,,
1276,0.9473684210526315,1,False,,,,
1277,0.9473684210526315,1,False,,,,
1278,0.8947368421052632,2,False,,,,
1279,0.8947368421052632,2,False,,,,
1280,0.8947368421052632,2,False,,,,
1281,0.8947368421052632,2,False,,,,
1282,0.8947368421052632,2,False,,,,
1283,0.8947368421052632,2,False,,,,
1284,0.8421052631578947,3,False,,,,
1285,0.47368421052631576,10,True,0.32296296296296295,0.4,0.19725171154555354,2.0464393446710156
1286,0.47368421052631576,10,True,0.2770370370370371,0.3,0.20000510083358602,2.3709505944546687
1287,0.47368421052631576,10,True,0.2162962962962963,0.4,0.20919571487351996,2.321928094887362
1288,0.42105263157894735,11,True,0.2642424242424243,0.2727272727272727,0.1525859561938041,2.4130884364257574
1289,0.3684210526315789,12,True,0.25252525252525254,0.3333333333333333,0.11774719568760694,2.4182958340544896
1290,0.3684210526315789,12,True,0.3565656565656566,0.6666666666666666,0.24545096392396826,1.584962500721156
1291,0.3684210526315789,12,True,0.7333333333333333,1.0,0.050547984612051566,0.0
1292,0.3684210526315789,12,True,0.25656565656565655,0.25,0.13157084033512267,2.8553885422075336
1293,0.42105263157894735,11,True,0.3139393939393939,0.45454545454545453,0.15902508684635352,1.6767370300521325
1294,0.42105263157894735,11,True,0.26666666666666666,0.2727272727272727,0.13843351652387526,2.481714572986073
1295,0.3684210526315789,12,True,0.3393939393939394,0.5833333333333334,0.22369979466064327,1.9473387961875537
1296,0.3157894736842105,13,True,0.34786324786324785,0.6153846153846154,0.2275769429533877,1.8542858719872461
1297,0.3157894736842105,13,True,0.3658119658119658,0.38461538461538464,0.11245363654103213,2.038159681645953
1298,0.3157894736842105,13,True,0.30427350427350425,0.3076923076923077,0.06969896012382759,2.199687794731328
1299,0.3157894736842105,13,True,0.2572649572649573,0.3076923076923077,0.10173951313857577,2.6235166412180155
1300,0.3157894736842105,13,True,0.22222222222222224,0.23076923076923078,0.09601115045200947,2.8731406795131336
1301,0.3157894736842105,13,True,0.22564102564102564,0.23076923076923078,0.09601115045200936,2.8731406795131336
1302,0.3157894736842105,13,True,0.2982905982905983,0.3076923076923077,0.09174740910414947,2.4116022179746714
1303,0.631578947368421,7,True,0.3555555555555555,0.42857142857142855,0.2987636957331652,1.8423709931771084
1304,0.631578947368421,7,True,0.20317460317460317,0.2857142857142857,0.3308728090528291,2.5216406363433186
1305,0.7368421052631579,5,True,0.21333333333333335,0.2,0.44196169314325406,2.321928094887362
1306,0.42105263157894735,11,True,0.28848484848484846,0.2727272727272727,0.13577163799645708,2.1626441180472606
1307,0.47368421052631576,10,True,0.35851851851851857,0.5,0.18813457241778053,1.6854752972273346
1308,0.8421052631578947,3,False,,,,
1309,0.9473684210526315,1,False,,,,
1310,0.9473684210526315,1,False,,,,
1311,0.9473684210526315,1,False,,,,
1312,0.9473684210526315,1,False,,,,
1313,0.9473684210526315,1,False,,,,
1314,0.8421052631578947,3,False,,,,
1315,0.8421052631578947,3,False,,,,
1316,0.5263157894736842,9,True,0.1962962962962963,0.2222222222222222,0.23699400339378085,2.725480556997868
1317,0.5263157894736842,9,True,0.21481481481481482,0.2222222222222222,0.2221308339868283,2.503258334775646
1318,0.5263157894736842,9,True,0.2555555555555556,0.4444444444444444,0.25962632736662017,2.2810361125534233
1319,0.5263157894736842,9,True,0.23703703703703702,0.3333333333333333,0.2362832736567574,2.4193819456463714
1320,0.42105263157894735,11,True,0.36363636363636365,0.5454545454545454,0.15676141753386397,1.6858157091530304
1321,0.42105263157894735,11,True,0.2096969696969697,0.36363636363636365,0.1805153902556471,2.5503407095463886
1322,0.42105263157894735,11,True,0.28969696969696973,0.45454545454545453,0.1919537021102833,2.2221915755066783
1323,0.42105263157894735,11,True,0.29454545454545455,0.6363636363636364,0.20530794671029118,1.4911148500551858
1324,0.42105263157894735,11,True,0.3224242424242424,0.7272727272727273,0.2585421883818424,1.2776134368191154
1325,0.42105263157894735,11,True,0.3806060606060606,0.7272727272727273,0.19182571696241768,1.0957952550009336
1326,0.42105263157894735,11,True,0.27515151515151515,0.36363636363636365,0.13038293096458609,2.1867043459100244
1327,0.42105263157894735,11,True,0.38666666666666666,0.6363636363636364,0.24545096392396837,1.6729330318733675
1328,0.42105263157894735,11,True,0.336969696969697,0.36363636363636365,0.14575294935186045,2.1180782093497093
1329,0.3684210526315789,12,True,0.3878787878787879,0.5833333333333334,0.1976336043635435,1.780672129520887
1330,0.3684210526315789,12,True,0.5444444444444445,0.8333333333333334,0.2673721749433876,0.8166890883150209
1331,0.3684210526315789,12,True,0.24343434343434342,0.3333333333333333,0.1522439593200895,2.751629167387823
1332,0.3684210526315789,12,True,0.3181818181818182,0.4166666666666667,0.0775676470178337,1.8879185026711327
1333,0.3684210526315789,12,True,0.298989898989899,0.3333333333333333,0.09793558979143557,2.188721875540867
1334,0.3684210526315789,12,True,0.36262626262626263,0.5833333333333334,0.1976336043635436,1.780672129520887
1335,0.3684210526315789,12,True,0.28585858585858587,0.5,0.18354756840725672,2.125814583693911
1336,0.3684210526315789,12,True,0.21818181818181817,0.3333333333333333,0.13931336313991416,2.5849625007211565
1337,0.3684210526315789,12,True,0.4676767676767677,0.75,0.2626406304386867,1.207518749639422
1338,0.3684210526315789,12,True,0.3656565656565656,0.6666666666666666,0.24545096392396826,1.584962500721156
1339,0.8947368421052632,2,False,,,,
1340,0.9473684210526315,1,False,,,,
1341,0.9473684210526315,1,False,,,,
1342,0.8947368421052632,2,False,,,,
1343,0.8947368421052632,2,False,,,,
1344,0.8947368421052632,2,False,,,,
1345,0.8421052631578947,3,False,,,,
1346,0.8421052631578947,3,False,,,,
1347,0.8421052631578947,3,False,,,,
1348,0.8421052631578947,3,False,,,,
1349,0.8421052631578947,3,False,,,,
1350,0.8421052631578947,3,False,,,,
1351,0.7894736842105263,4,False,,,,
1352,0.7894736842105263,4,False,,,,
1353,0.7894736842105263,4,False,,,,
1354,0.7894736842105263,4,False,,,,
1355,0.3157894736842105,13,True,0.33076923076923076,0.6153846153846154,0.20184431586908624,1.7004397181410922
1356,0.3684210526315789,12,True,0.6666666666666666,1.0,0.050547984612051566,0.0
1357,0.3684210526315789,12,True,0.5434343434343435,0.8333333333333334,0.14194027202555715,0.6500224216483541
1358,0.3684210526315789,12,True,0.2636363636363636,0.4166666666666667,0.13070895485323664,2.054585169337799
1359,0.3157894736842105,13,True,0.26837606837606837,0.3076923076923077,0.11498315352740862,2.5654483718208256
1360,0.3157894736842105,13,True,0.2948717948717949,0.3076923076923077,0.11509046281401236,2.3158243335257076
1361,0.3157894736842105,13,True,0.3948717948717949,0.46153846153846156,0.151141656383731,1.8919954870390203
1362,0.2631578947368421,14,True,0.2725274725274725,0.2857142857142857,0.05612416826104483,2.4677201004744993
1363,0.2631578947368421,14,True,0.24322344322344322,0.35714285714285715,0.12439478635521439,2.6384600665861564
1364,0.9473684210526315,1,False,,,,
1365,0.3684210526315789,12,True,0.20202020202020202,0.16666666666666666,0.1276604124199967,3.084962500721156
1366,0.3157894736842105,13,True,0.23931623931623933,0.3076923076923077,0.11509046281401236,2.3158243335257076
1367,0.2631578947368421,14,True,0.27326007326007323,0.2857142857142857,0.0702766079309739,2.4137995646056805
1368,0.2631578947368421,14,True,0.3274725274725275,0.5,0.1479243275641523,2.1179631753145163
1369,0.3157894736842105,13,True,0.24444444444444444,0.23076923076923078,0.10854486060238244,2.8150724101159437
1370,0.2631578947368421,14,True,0.25274725274725274,0.21428571428571427,0.06108599389104008,2.448815635725185
1371,0.2631578947368421,14,True,0.2358974358974359,0.42857142857142855,0.15091784767780048,2.699513850319966
1372,0.3157894736842105,13,True,0.2914529914529915,0.3076923076923077,0.11498315352740862,2.5654483718208256
1373,0.3157894736842105,13,True,0.23504273504273504,0.3076923076923077,0.12541521267568045,2.9312089489103235
1374,0.631578947368421,7,True,0.3142857142857143,0.42857142857142855,0.3293970672908122,2.1280852788913944
1375,0.631578947368421,7,True,0.2634920634920635,0.42857142857142855,0.3293970672908122,2.1280852788913944
1376,0.631578947368421,7,True,0.2761904761904762,0.2857142857142857,0.31402704890353816,2.2359263506290326
1377,0.631578947368421,7,True,0.15555555555555553,0.2857142857142857,0.3308728090528291,2.5216406363433186
1378,0.3684210526315789,12,True,0.28989898989898993,0.4166666666666667,0.17896948742206487,2.617492461184755
1379,0.3684210526315789,12,True,0.27878787878787875,0.5,0.18354756840725672,2.125814583693911
1380,0.3684210526315789,12,True,0.26565656565656565,0.4166666666666667,0.15606028459591426,1.9508257945180885
1381,0.42105263157894735,11,True,0.2096969696969697,0.2727272727272727,0.17056421755728335,2.845350936622437
1382,0.42105263157894735,11,True,0.2218181818181818,0.36363636363636365,0.180515390255647,2.5503407095463886
1383,0.3684210526315789,12,True,0.20505050505050504,0.25,0.09440414197774416,2.5220552088742
1384,0.3157894736842105,13,True,0.23333333333333334,0.23076923076923078,0.09601115045200947,2.873140679513133
1385,0.3157894736842105,13,True,0.2965811965811966,0.3076923076923077,0.12541521267568023,2.9312089489103235
1386,0.3157894736842105,13,True,0.2717948717948718,0.3076923076923077,0.12921797958734937,2.7192945256669794
1387,0.3157894736842105,13,True,0.23504273504273504,0.23076923076923078,0.09313907461799564,2.6612262562697895
1388,0.3157894736842105,13,True,0.2512820512820513,0.3076923076923077,0.11668426943697652,2.7773627950641693
1389,0.3684210526315789,12,True,0.2505050505050505,0.25,0.13157084033512267,2.8553885422075336
1390,0.2631578947368421,14,True,0.2652014652014652,0.42857142857142855,0.1434097975389519,2.556656707462823
1391,0.2631578947368421,14,True,0.25641025641025644,0.35714285714285715,0.09664312620079851,2.5495234595978324
1392,0.2631578947368421,14,True,0.2087912087912088,0.21428571428571427,0.07558291272206419,3.039148671903071
1393,0.2631578947368421,14,True,0.3648351648351648,0.42857142857142855,0.11245363654103213,1.9852281360342516
1394,0.5789473684210527,8,True,0.1857142857142857,0.25,0.2752707006065839,2.5
1395,0.5789473684210527,8,True,0.2738095238095238,0.625,0.2962465220098368,1.5487949406953985
1396,0.5789473684210527,8,True,0.24523809523809523,0.25,0.27527070060658376,2.5
1397,0.5789473684210527,8,True,0.2547619047619048,0.375,0.26901133528123755,2.1556390622295662
1398,0.9473684210526315,1,False,,,,
1399,0.8947368421052632,2,False,,,,
1400,0.8947368421052632,2,False,,,,
1401,0.8947368421052632,2,False,,,,
1402,0.8947368421052632,2,False,,,,
1403,0.8421052631578947,3,False,,,,
1404,0.8421052631578947,3,False,,,,
1405,0.8421052631578947,3,False,,,,
1406,0.8947368421052632,2,False,,,,
1407,0.8421052631578947,3,False,,,,
1408,0.8421052631578947,3,False,,,,
1409,0.8421052631578947,3,False,,,,
1410,0.6842105263157895,6,True,0.23111111111111113,0.3333333333333333,0.3768634756015603,2.2516291673878226
1411,0.7368421052631579,5,True,0.18000000000000002,0.2,0.44196169314325406,2.321928094887362
1412,0.7368421052631579,5,True,0.23333333333333334,0.4,0.3840091092994299,1.5219280948873621
1413,0.6842105263157895,6,True,0.39111111111111113,0.6666666666666666,0.24936273490419736,0.9182958340544896
1414,0.5789473684210527,8,True,0.25,0.375,0.26901133528123755,2.1556390622295662
1415,0.5263157894736842,9,True,0.18333333333333332,0.2222222222222222,0.23699400339378085,2.725480556997868
1416,0.5789473684210527,8,True,0.2619047619047619,0.25,0.2752707006065839,2.5
1417,0.47368421052631576,10,True,0.20296296296296296,0.3,0.2125596493241808,2.8464393446710154
1418,0.47368421052631576,10,True,0.3111111111111111,0.3,0.18585266116365695,2.4464393446710155
1419,0.47368421052631576,10,True,0.20888888888888887,0.3,0.1565303634156019,2.246439344671016
1420,0.47368421052631576,10,True,0.21037037037037037,0.3,0.18585266116365706,2.4464393446710155
1421,0.3684210526315789,12,True,0.198989898989899,0.25,0.13157084033512267,2.8553885422075336
1422,0.3684210526315789,12,True,0.30404040404040406,0.4166666666666667,0.1479243275641523,2.2841591278514217
1423,0.3157894736842105,13,True,0.2794871794871795,0.38461538461538464,0.14322246009647543,2.4416298737872246
1424,0.3157894736842105,13,True,0.258974358974359,0.3076923076923077,0.11509046281401236,2.3158243335257076
1425,0.3157894736842105,13,True,0.25213675213675213,0.23076923076923078,0.10568804373752783,3.0269868333592873
1426,0.3157894736842105,13,True,0.24017094017094018,0.23076923076923078,0.10568804373752783,3.0269868333592873
1427,0.21052631578947367,15,True,0.22158730158730158,0.26666666666666666,0.08176764568457373,2.9232314287976204
1428,0.21052631578947367,15,True,0.28190476190476194,0.3333333333333333,0.1034915389299772,2.466247897312731
1429,0.631578947368421,7,True,0.24444444444444444,0.2857142857142857,0.31402704890353816,2.2359263506290326
1430,0.631578947368421,7,True,0.24761904761904763,0.2857142857142857,0.31402704890353816,2.2359263506290326
1431,0.5789473684210527,8,True,0.26666666666666666,0.25,0.2752707006065839,2.5
1432,0.8421052631578947,3,False,,,,
1433,0.8947368421052632,2,False,,,,
1434,0.8947368421052632,2,False,,,,
1435,0.6842105263157895,6,True,0.22222222222222224,0.3333333333333333,0.35160722943146216,1.9182958340544893
1436,0.5789473684210527,8,True,0.2833333333333333,0.25,0.2752707006065839,2.5
1437,0.2631578947368421,14,True,0.20805860805860807,0.2857142857142857,0.09531008166021682,2.950212064914747
1438,0.2631578947368421,14,True,0.2271062271062271,0.2857142857142857,0.10727028068669375,2.8962915290459277
1439,0.2631578947368421,14,True,0.2402930402930403,0.21428571428571427,0.07558291272206419,3.039148671903071
1440,0.2631578947368421,14,True,0.3062271062271062,0.2857142857142857,0.0702766079309739,2.4137995646056805
1441,0.2631578947368421,14,True,0.389010989010989,0.5,0.13070895485323664,1.9211854965885542
1442,0.2631578947368421,14,True,0.2402930402930403,0.2857142857142857,0.0953100816602166,2.950212064914747
1443,0.2631578947368421,14,True,0.45274725274725275,0.7142857142857143,0.26942437427994104,1.4345491399952024
1444,0.2631578947368421,14,True,0.2717948717948718,0.2857142857142857,0.08164746002056422,2.610577243331642
1445,0.2631578947368421,14,True,0.23516483516483516,0.2857142857142857,0.08513554810286617,2.8073549220576037
1446,0.2631578947368421,14,True,0.23663003663003662,0.2857142857142857,0.07946722197090783,2.378783493486176
1447,0.2631578947368421,14,True,0.22124542124542124,0.2857142857142857,0.09766925825323913,2.7534343861887853
1448,0.9473684210526315,1,False,,,,
1449,0.21052631578947367,15,True,0.18920634920634918,0.2,0.06190757006636094,3.4565647621309536
1450,0.21052631578947367,15,True,0.26476190476190475,0.26666666666666666,0.10149481462272636,2.840223928941852
1451,0.631578947368421,7,True,0.29523809523809524,0.42857142857142855,0.3293970672908122,2.1280852788913944
1452,0.631578947368421,7,True,0.23174603174603176,0.2857142857142857,0.31402704890353805,2.2359263506290326
1453,0.5789473684210527,8,True,0.2619047619047619,0.375,0.2894231402765127,2.4056390622295662
1454,0.5789473684210527,8,True,0.1904761904761905,0.25,0.2867214920979325,2.75
1455,0.5789473684210527,8,True,0.21666666666666667,0.375,0.2894231402765127,2.4056390622295662
1456,0.8421052631578947,3,False,,,,
1457,0.631578947368421,7,True,0.2,0.2857142857142857,0.3308728090528291,2.5216406363433186
1458,0.5789473684210527,8,True,0.2285714285714286,0.25,0.2867214920979323,2.75
1459,0.5789473684210527,8,True,0.28809523809523807,0.375,0.24864847816330582,1.811278124459133
1460,0.21052631578947367,15,True,0.3403174603174603,0.4666666666666667,0.08641599948523981,1.746465798504072
1461,0.21052631578947367,15,True,0.206984126984127,0.2,0.06190757006636094,3.4565647621309536
1462,0.21052631578947367,15,True,0.246984126984127,0.3333333333333333,0.11834237723820606,2.5995812306460646
1463,0.6842105263157895,6,True,0.21777777777777776,0.16666666666666666,0.38873147359769233,2.584962500721156
1464,0.6842105263157895,6,True,0.3333333333333333,0.5,0.368718405808535,1.7924812503605778
1465,0.6842105263157895,6,True,0.2755555555555556,0.5,0.368718405808535,1.7924812503605778
1466,0.7368421052631579,5,True,0.18000000000000002,0.2,0.44196169314325406,2.321928094887362
1467,0.7368421052631579,5,True,0.30666666666666664,0.4,0.4240799522429881,1.9219280948873623
1468,0.6842105263157895,6,True,0.28,0.5,0.368718405808535,1.7924812503605778
1469,0.6842105263157895,6,True,0.21333333333333335,0.3333333333333333,0.3516072294314623,1.9182958340544893
1470,0.6842105263157895,6,True,0.2,0.3333333333333333,0.35160722943146216,1.9182958340544893
1471,0.6842105263157895,6,True,0.2622222222222222,0.3333333333333333,0.3768634756015604,2.2516291673878226
1472,0.6842105263157895,6,True,0.15555555555555553,0.3333333333333333,0.3768634756015604,2.2516291673878226
1473,0.6842105263157895,6,True,0.2,0.3333333333333333,0.3516072294314623,1.9182958340544893
1474,0.6842105263157895,6,True,0.22666666666666666,0.3333333333333333,0.3768634756015603,2.2516291673878226
1475,0.7368421052631579,5,True,0.26666666666666666,0.2,0.44196169314325406,2.321928094887362
1476,0.9473684210526315,1,False,,,,
1477,0.8947368421052632,2,False,,,,
1478,0.8947368421052632,2,False,,,,
1479,0.6842105263157895,6,True,0.2577777777777778,0.3333333333333333,0.3768634756015604,2.2516291673878226
1480,0.6842105263157895,6,True,0.20444444444444443,0.3333333333333333,0.3768634756015603,2.2516291673878226
1481,0.7894736842105263,4,False,,,,
1482,0.7368421052631579,5,True,0.39333333333333337,0.4,0.3840091092994298,1.5219280948873621
1483,0.6842105263157895,6,True,0.3333333333333333,0.5,0.3197363442781458,1.4591479170272446
1484,0.631578947368421,7,True,0.2984126984126984,0.5714285714285714,0.3269868938901337,1.6644977792004614
1485,0.631578947368421,7,True,0.20634920634920637,0.2857142857142857,0.3308728090528291,2.521640636343318
1486,0.631578947368421,7,True,0.19365079365079366,0.2857142857142857,0.3308728090528291,2.521640636343318
1487,0.6842105263157895,6,True,0.2533333333333333,0.3333333333333333,0.3768634756015604,2.2516291673878226
1488,0.6842105263157895,6,True,0.26666666666666666,0.3333333333333333,0.3768634756015603,2.2516291673878226
1489,0.3684210526315789,12,True,0.29292929292929293,0.3333333333333333,0.13189963535753602,2.3553885422075336
1490,0.42105263157894735,11,True,0.2424242424242424,0.2727272727272727,0.15867131134623425,2.663532754804255
1491,0.42105263157894735,11,True,0.2193939393939394,0.2727272727272727,0.13843351652387503,2.481714572986073
1492,0.42105263157894735,11,True,0.2824242424242424,0.45454545454545453,0.1785263144136614,1.971747257128181
1493,0.42105263157894735,11,True,0.2909090909090909,0.45454545454545453,0.16315629602638715,2.0403733936884962
1494,0.42105263157894735,11,True,0.2957575757575758,0.2727272727272727,0.13843351652387503,2.481714572986073
1495,0.42105263157894735,11,True,0.23272727272727275,0.36363636363636365,0.19123733654225028,2.7321588913645707
1496,0.42105263157894735,11,True,0.20363636363636364,0.2727272727272727,0.17056421755728324,2.8453509366224368
1497,0.42105263157894735,11,True,0.2533333333333333,0.45454545454545453,0.1919537021102833,2.2221915755066783
1498,0.3684210526315789,12,True,0.20404040404040405,0.25,0.13962061144647375,3.0220552088742
1499,0.9473684210526315,1,False,,,,
1500,0.9473684210526315,1,False,,,,
1501,0.9473684210526315,1,False,,,,
1502,0.9473684210526315,1,False,,,,
1503,0.9473684210526315,1,False,,,,
1504,0.9473684210526315,1,False,,,,
1505,0.9473684210526315,1,False,,,,
1506,0.9473684210526315,1,False,,,,
1507,0.9473684210526315,1,False,,,,
1508,0.42105263157894735,11,True,0.2812121212121212,0.2727272727272727,0.15867131134623425,2.663532754804255
1509,0.42105263157894735,11,True,0.2424242424242424,0.2727272727272727,0.17056421755728335,2.845350936622437
1510,0.6842105263157895,6,True,0.2,0.3333333333333333,0.3768634756015604,2.2516291673878226
1511,0.6842105263157895,6,True,0.4266666666666667,0.5,0.3197363442781458,1.4591479170272446
1512,0.6842105263157895,6,True,0.2,0.3333333333333333,0.3516072294314623,1.9182958340544896
1513,0.6842105263157895,6,True,0.21777777777777776,0.3333333333333333,0.3768634756015604,2.2516291673878226
1514,0.6842105263157895,6,True,0.2533333333333333,0.5,0.368718405808535,1.7924812503605778
1515,0.7368421052631579,5,True,0.18000000000000002,0.4,0.4240799522429881,1.9219280948873623
1516,0.7368421052631579,5,True,0.35333333333333333,0.6,0.403874569882679,1.3709505944546687
1517,0.9473684210526315,1,False,,,,
1518,0.8947368421052632,2,False,,,,
1519,0.8947368421052632,2,False,,,,
1520,0.8947368421052632,2,False,,,,
1521,0.8947368421052632,2,False,,,,
1522,0.8947368421052632,2,False,,,,
1523,0.8947368421052632,2,False,,,,
1524,0.8947368421052632,2,False,,,,
1525,0.8947368421052632,2,False,,,,
1526,0.8947368421052632,2,False,,,,
1527,0.8947368421052632,2,False,,,,
1528,0.8947368421052632,2,False,,,,
1529,0.6842105263157895,6,True,0.22222222222222224,0.3333333333333333,0.3516072294314623,1.9182958340544896
1530,0.6842105263157895,6,True,0.2711111111111111,0.3333333333333333,0.3768634756015603,2.2516291673878226
1531,0.42105263157894735,11,True,0.28969696969696973,0.45454545454545453,0.1919537021102833,2.2221915755066783
1532,0.2631578947368421,14,True,0.26666666666666666,0.2857142857142857,0.09766925825323913,2.7534343861887853
1533,0.3157894736842105,13,True,0.25811965811965815,0.38461538461538464,0.1299788197076427,2.4996981431844145
1534,0.7368421052631579,5,True,0.22,0.4,0.4240799522429881,1.9219280948873623
1535,0.7368421052631579,5,True,0.2,0.2,0.44196169314325406,2.321928094887362
1536,0.6842105263157895,6,True,0.38666666666666666,0.5,0.3197363442781458,1.4591479170272446
1537,0.6842105263157895,6,True,0.28,0.3333333333333333,0.2998708836948967,1.584962500721156
1538,0.2631578947368421,14,True,0.20146520146520147,0.21428571428571427,0.08754311174854135,2.9852281360342516
1539,0.2631578947368421,14,True,0.2512820512820513,0.2857142857142857,0.08513554810286617,2.8073549220576037
1540,0.2631578947368421,14,True,0.27692307692307694,0.21428571428571427,0.07699613926827209,2.8423709931771093
1541,0.2631578947368421,14,True,0.31794871794871793,0.42857142857142855,0.10247232518562865,2.0202442071537563
1542,0.7368421052631579,5,True,0.30666666666666664,0.4,0.4240799522429881,1.9219280948873623
1543,0.2631578947368421,14,True,0.28937728937728935,0.42857142857142855,0.1299788197076427,2.4137995646056805
1544,0.8421052631578947,3,False,,,,
1545,0.8947368421052632,2,False,,,,
1546,0.8947368421052632,2,False,,,,
1547,0.8421052631578947,3,False,,,,
1548,0.8421052631578947,3,False,,,,
1549,0.8421052631578947,3,False,,,,
1550,0.8421052631578947,3,False,,,,
1551,0.8421052631578947,3,False,,,,
1552,0.21052631578947367,15,True,0.22793650793650794,0.3333333333333333,0.09766925825323913,2.6825887305018328
1553,0.2631578947368421,14,True,0.2600732600732601,0.21428571428571427,0.07699613926827209,2.8423709931771093
1554,0.3157894736842105,13,True,0.22735042735042735,0.23076923076923078,0.09313907461799564,2.66122625626979
1555,0.2631578947368421,14,True,0.2608058608058608,0.2857142857142857,0.09766925825323913,2.7534343861887853
1556,0.2631578947368421,14,True,0.2915750915750916,0.5,0.17896948742206487,2.403677461028802
1557,0.21052631578947367,15,True,0.28253968253968254,0.4,0.11498315352740851,2.4225797618424916
1558,0.21052631578947367,15,True,0.26412698412698415,0.2,0.05027061116629661,2.872905595320056
1559,0.21052631578947367,15,True,0.28888888888888886,0.26666666666666666,0.06665179384033026,2.606238928653389
1560,0.21052631578947367,15,True,0.2673015873015873,0.3333333333333333,0.1034915389299772,2.466247897312731
1561,0.3157894736842105,13,True,0.2709401709401709,0.3076923076923077,0.11498315352740851,2.5654483718208256
1562,0.3157894736842105,13,True,0.21623931623931625,0.23076923076923078,0.1056880437375276,3.0269868333592873
1563,0.3157894736842105,13,True,0.37350427350427345,0.6923076923076923,0.25334307806277934,1.5058762556041068
1564,0.3157894736842105,13,True,0.2829059829059829,0.23076923076923078,0.09313907461799564,2.6612262562697895
1565,0.3157894736842105,13,True,0.24102564102564103,0.3076923076923077,0.10173951313857577,2.623516641218015
1566,0.5263157894736842,9,True,0.24074074074074076,0.3333333333333333,0.22666969786273672,2.113283334294875
1567,0.3684210526315789,12,True,0.22626262626262628,0.16666666666666666,0.12766041241999648,3.084962500721156
1568,0.42105263157894735,11,True,0.18303030303030302,0.2727272727272727,0.15867131134623413,2.663532754804255
1569,0.3157894736842105,13,True,0.3333333333333333,0.5384615384615384,0.16939697469593573,1.8230264907128848
1570,0.3157894736842105,13,True,0.28376068376068375,0.46153846153846156,0.17495851887306213,2.5073801024236357
1571,0.21052631578947367,15,True,0.36952380952380953,0.4666666666666667,0.13189963535753602,2.1464657985040723
1572,0.21052631578947367,15,True,0.29714285714285715,0.4666666666666667,0.15934778038462638,2.5967916319816364
1573,0.3684210526315789,12,True,0.3585858585858586,0.6666666666666666,0.24545096392396826,1.584962500721156
1574,0.42105263157894735,11,True,0.2,0.36363636363636365,0.1805153902556471,2.5503407095463886
1575,0.42105263157894735,11,True,0.29333333333333333,0.36363636363636365,0.17592900990366678,2.299896391167891
1576,0.2631578947368421,14,True,0.21831501831501832,0.21428571428571427,0.08189824177870186,3.182005814760214
1577,0.9473684210526315,1,False,,,,
1578,0.9473684210526315,1,False,,,,
1579,0.9473684210526315,1,False,,,,
1580,0.9473684210526315,1,False,,,,
1581,0.9473684210526315,1,False,,,,
1582,0.9473684210526315,1,False,,,,
1583,0.9473684210526315,1,False,,,,
1584,0.9473684210526315,1,False,,,,
1585,0.9473684210526315,1,False,,,,
1586,0.9473684210526315,1,False,,,,
1587,0.9473684210526315,1,False,,,,
1588,0.9473684210526315,1,False,,,,
1589,0.8947368421052632,2,False,,,,
1590,0.8947368421052632,2,False,,,,
1591,0.8947368421052632,2,False,,,,
1592,0.8947368421052632,2,False,,,,
1593,0.8947368421052632,2,False,,,,
1594,0.8947368421052632,2,False,,,,
1595,0.3684210526315789,12,True,0.2484848484848485,0.25,0.13157084033512267,2.8553885422075336
1596,0.21052631578947367,15,True,0.326984126984127,0.5333333333333333,0.1805153902556471,2.1735572622751853
1597,0.15789473684210525,16,True,0.24666666666666667,0.25,0.06204047674642099,2.952819531114783
1598,0.15789473684210525,16,True,0.2261111111111111,0.1875,0.049951018230899646,3.1556390622295662
1599,0.15789473684210525,16,True,0.28611111111111115,0.3125,0.09489110040939719,2.4772170014624826
1600,0.15789473684210525,16,True,0.2538888888888889,0.1875,0.022963636021504308,2.7334585933443494
1601,0.2631578947368421,14,True,0.2703296703296703,0.21428571428571427,0.08189824177870186,3.182005814760214
1602,0.10526315789473684,17,True,0.2803921568627451,0.29411764705882354,0.0755829127220643,2.889549430862088
1603,0.10526315789473684,17,True,0.26372549019607844,0.29411764705882354,0.07699613926827187,2.7274972248524723
1604,0.10526315789473684,17,True,0.3524509803921569,0.47058823529411764,0.1919537021102833,1.992778107459939
1605,0.10526315789473684,17,True,0.4049019607843138,0.47058823529411764,0.1919537021102833,1.992778107459939
1606,0.10526315789473684,17,True,0.42401960784313725,0.6470588235294118,0.21442612540916017,1.496065911543853
1607,0.10526315789473684,17,True,0.36176470588235293,0.6470588235294118,0.2867214920979325,1.8490070880144414
1608,0.10526315789473684,17,True,0.6230392156862745,0.8823529411764706,0.39871518417755814,0.5225593745369408
1609,0.10526315789473684,17,True,0.24411764705882352,0.29411764705882354,0.0704134299522583,3.051601636871704
1610,0.10526315789473684,17,True,0.2323529411764706,0.23529411764705882,0.050080277719944055,2.9842341646524884
1611,0.10526315789473684,17,True,0.24705882352941178,0.23529411764705882,0.0620404767464211,2.939829017466402
1612,0.10526315789473684,17,True,0.22794117647058823,0.35294117647058826,0.10568804373752783,2.7777768114567865
1613,0.10526315789473684,17,True,0.23676470588235293,0.17647058823529413,0.029597492181329677,2.895423870280316
1614,0.10526315789473684,17,True,0.3181372549019608,0.47058823529411764,0.15867131134623425,2.278351811711312
1615,0.15789473684210525,16,True,0.2738888888888889,0.3125,0.08952984941864506,2.6800365325772657
1616,0.15789473684210525,16,True,0.26666666666666666,0.375,0.09601115045200936,2.6556390622295662
1617,0.2631578947368421,14,True,0.2600732600732601,0.35714285714285715,0.10988676658963126,2.4956029237290123
1618,0.5789473684210527,8,True,0.20952380952380953,0.25,0.2867214920979325,2.75
1619,0.8947368421052632,2,False,,,,
1620,0.9473684210526315,1,False,,,,
1621,0.9473684210526315,1,False,,,,
1622,0.9473684210526315,1,False,,,,
1623,0.8421052631578947,3,False,,,,
1624,0.5789473684210527,8,True,0.3142857142857143,0.375,0.26901133528123755,2.1556390622295662
1625,0.5263157894736842,9,True,0.23333333333333334,0.4444444444444444,0.23665100921814008,2.058813890331201
1626,0.42105263157894735,11,True,0.18181818181818182,0.18181818181818182,0.1648695505519856,3.0957952550009344
1627,0.42105263157894735,11,True,0.383030303030303,0.5454545454545454,0.15676141753386374,1.6858157091530304
1628,0.42105263157894735,11,True,0.2606060606060606,0.45454545454545453,0.1785263144136614,1.971747257128181
1629,0.42105263157894735,11,True,0.34909090909090906,0.5454545454545454,0.20184431586908624,1.8676338909712125
1630,0.3157894736842105,13,True,0.335042735042735,0.6153846153846154,0.2275769429533877,1.8542858719872461
1631,0.3684210526315789,12,True,0.30909090909090914,0.5,0.12063835223938557,1.7295739585136223
1632,0.9473684210526315,1,False,,,,
1633,0.9473684210526315,1,False,,,,
1634,0.9473684210526315,1,False,,,,
1635,0.9473684210526315,1,False,,,,
1636,0.9473684210526315,1,False,,,,
1637,0.9473684210526315,1,False,,,,
1638,0.9473684210526315,1,False,,,,
1639,0.9473684210526315,1,False,,,,
1640,0.9473684210526315,1,False,,,,
1641,0.42105263157894735,11,True,0.20242424242424242,0.36363636363636365,0.19123733654225028,2.7321588913645707
1642,0.42105263157894735,11,True,0.31757575757575757,0.5454545454545454,0.2275769429533877,2.049452072789394
1643,0.3684210526315789,12,True,0.3383838383838384,0.5,0.18354756840725672,2.125814583693911
1644,0.42105263157894735,11,True,0.273939393939394,0.2727272727272727,0.1525859561938041,2.413088436425758
1645,0.42105263157894735,11,True,0.2545454545454546,0.36363636363636365,0.16177657023373804,2.368522527728207
1646,0.42105263157894735,11,True,0.23757575757575758,0.2727272727272727,0.1525859561938041,2.413088436425758
1647,0.3684210526315789,12,True,0.2515151515151515,0.3333333333333333,0.1522439593200896,2.751629167387823
1648,0.3684210526315789,12,True,0.28686868686868683,0.5,0.20088836321582537,2.292481250360578
1649,0.3157894736842105,13,True,0.3085470085470085,0.3076923076923077,0.11498315352740851,2.565448371820826
1650,0.2631578947368421,14,True,0.21611721611721613,0.2857142857142857,0.09531008166021693,2.950212064914747
1651,0.42105263157894735,11,True,0.3103030303030303,0.45454545454545453,0.1785263144136614,1.971747257128181
1652,0.47368421052631576,10,True,0.33185185185185184,0.5,0.21465505822008046,1.9609640474436814
1653,0.3684210526315789,12,True,0.23333333333333334,0.3333333333333333,0.13931336313991416,2.5849625007211565
1654,0.3157894736842105,13,True,0.3239316239316239,0.46153846153846156,0.16331451321448698,2.353533948577482
1655,0.2631578947368421,14,True,0.26153846153846155,0.2857142857142857,0.09766925825323913,2.7534343861887853
1656,0.2631578947368421,14,True,0.31868131868131866,0.35714285714285715,0.048414286955655306,2.209888638014727
1657,0.21052631578947367,15,True,0.3834920634920635,0.6,0.20919571487351973,1.8716022614097982
1658,0.21052631578947367,15,True,0.28,0.2,0.0628043213166698,2.822579761842491
1659,0.21052631578947367,15,True,0.22984126984126985,0.26666666666666666,0.07635233566059807,3.1068905956085184
1660,0.6842105263157895,6,True,0.19555555555555557,0.16666666666666666,0.38873147359769233,2.584962500721156
1661,0.6842105263157895,6,True,0.2711111111111111,0.3333333333333333,0.35160722943146216,1.9182958340544893
1662,0.3684210526315789,12,True,0.20707070707070707,0.3333333333333333,0.1522439593200895,2.751629167387823
1663,0.10526315789473684,17,True,0.25833333333333336,0.23529411764705882,0.050080277719944055,2.984234164652489
1664,0.05263157894736842,18,True,0.24488017429193898,0.16666666666666666,0.04213120233170253,2.891061112072652
1665,0.05263157894736842,18,True,0.27320261437908494,0.5,0.20002593917380795,2.3627402784989338
1666,0.05263157894736842,18,True,0.25925925925925924,0.2222222222222222,0.06889408285897058,3.086048612313038
1667,0.05263157894736842,18,True,0.22962962962962966,0.2222222222222222,0.07635233566059807,3.0588138903312014
1668,0.05263157894736842,18,True,0.3071895424836601,0.3333333333333333,0.10854486060238244,2.6688388898504303
1669,0.05263157894736842,18,True,0.3006535947712418,0.5,0.20304543438098532,2.2096909728231857
1670,0.05263157894736842,18,True,0.19520697167755993,0.2222222222222222,0.05740927103252702,3.1279868068776753
1671,0.05263157894736842,18,True,0.2657952069716776,0.2777777777777778,0.08952984941864506,2.7324637247241337
1672,0.05263157894736842,18,True,0.26753812636165575,0.3333333333333333,0.1056880437375276,2.8218881955261788
1673,0.05263157894736842,18,True,0.34553376906318084,0.3888888888888889,0.10855658164767301,2.327632809290636
1674,0.05263157894736842,18,True,0.548148148148148,0.9444444444444444,0.6272947035832889,0.3095434291503252
1675,0.0,19,True,0.33489278752436646,0.5263157894736842,0.22666969786273672,1.9990298316961874
1676,0.0,19,True,0.2608187134502924,0.3684210526315789,0.13071292461933404,2.607861226141998
1677,0.0,19,True,0.3867446393762183,0.631578947368421,0.31364651914901476,1.3727069617019705
1678,0.0,19,True,0.5773879142300196,0.8947368421052632,0.6272947035832889,0.5907239186406502
1679,0.0,19,True,0.39220272904483433,0.7368421052631579,0.403874569882679,1.192250860234642
1680,0.0,19,True,0.5851851851851853,0.8947368421052632,0.6272947035832889,0.5907239186406502
1681,0.0,19,True,0.5450292397660819,0.8947368421052632,0.6272947035832889,0.5907239186406502
1682,0.05263157894736842,18,True,0.44052287581699345,0.7222222222222222,0.3516072294314623,1.2751629827848567
1683,0.05263157894736842,18,True,0.3337690631808279,0.4444444444444444,0.1648695505519856,2.614369445886757
1684,0.05263157894736842,18,True,0.4928104575163399,0.7222222222222222,0.3768634756015604,1.386274093895968
1685,0.0,19,True,0.5091617933723197,0.8421052631578947,0.5602467695939968,0.8795064608120066
1686,0.0,19,True,0.3707602339181287,0.5789473684210527,0.2962465220098368,1.6340649724200549
1687,0.0,19,True,0.30955165692007797,0.47368421052631576,0.18585266116365695,2.2856005389623077
1688,0.0,19,True,0.2600389863547758,0.2631578947368421,0.08164746002056444,2.755057619938307
1689,0.0,19,True,0.7964912280701755,0.9473684210526315,0.7025277510807104,0.2974722489192896
1690,0.0,19,True,0.30994152046783624,0.47368421052631576,0.20304543438098532,2.390863696857044
1691,0.0,19,True,0.32514619883040935,0.3684210526315789,0.13070895485323664,2.247084753917085
1692,0.0,19,True,0.8666666666666667,1.0,1.0,0.0
1693,0.0,19,True,0.43157894736842106,0.7368421052631579,0.44196169314325406,1.442508097190614
1694,0.0,19,True,0.4612085769980506,0.7368421052631579,0.4240799522429881,1.3372449392958772
1695,0.0,19,True,0.3446393762183236,0.3157894736842105,0.14339534215387018,2.4047933024618025
1696,0.0,19,True,0.6701754385964912,0.9473684210526315,0.7025277510807104,0.2974722489192896
1697,0.0,19,True,0.3423001949317739,0.3684210526315789,0.15606028459591426,2.1815525171888464
1698,0.0,19,True,0.31968810916179335,0.47368421052631576,0.21465505822008046,2.0300872246321315
1699,0.0,19,True,0.2686159844054581,0.21052631578947367,0.06344252976429154,2.6292492238560343
1700,0.0,19,True,0.3536062378167641,0.3684210526315789,0.11533893646596238,2.2868156750835835
1701,0.0,19,True,0.42183235867446395,0.6842105263157895,0.3768634756015604,1.61078454839968
1702,0.0,19,True,0.5107212475633528,0.8947368421052632,0.6272947035832889,0.5907239186406502
1703,0.0,19,True,0.5672514619883041,0.8421052631578947,0.5115068636860557,0.7742433029172697
1704,0.0,19,True,0.450682261208577,0.7894736842105263,0.4988905110011538,1.1635402011210707
1705,0.0,19,True,0.2405458089668616,0.2631578947368421,0.08513554810286617,2.900051698999542
1706,0.0,19,True,0.27758284600389865,0.47368421052631576,0.2125596493241808,2.4961268547517808
1707,0.0,19,True,0.7298245614035088,0.9473684210526315,0.7025277510807104,0.2974722489192896
1708,0.0,19,True,0.242495126705653,0.21052631578947367,0.06980744665809668,3.09003277660148
1709,0.0,19,True,0.34074074074074073,0.47368421052631576,0.1717002214937282,2.3253314601288055
1710,0.0,19,True,0.4389863547758285,0.3684210526315789,0.10684939941418026,1.7863012011716395
1711,0.9473684210526315,1,False,,,,
1712,0.9473684210526315,1,False,,,,
1713,0.0,19,True,0.7438596491228071,0.9473684210526315,0.7025277510807104,0.2974722489192896
1714,0.0,19,True,0.3290448343079922,0.21052631578947367,0.06344252976429154,2.6292492238560343
1715,0.0,19,True,0.3539961013645224,0.5789473684210527,0.29436266502391517,1.8240460500219924
1716,0.15789473684210525,16,True,0.43555555555555553,0.5625,0.17190038180287592,1.7947367178034823
1717,0.0,19,True,0.36920077972709553,0.5263157894736842,0.21129967947546247,2.038760752862686
1718,0.0,19,True,0.2483430799220273,0.3684210526315789,0.12766041241999682,2.8978493842644673
1719,0.0,19,True,0.24366471734892786,0.42105263157894735,0.171914951735067,2.484255144794799
1720,0.0,19,True,0.43820662768031193,0.5263157894736842,0.2673721749433876,1.4652556501132248
1721,0.0,19,True,0.38479532163742686,0.42105263157894735,0.24545096392396826,1.9504809632118367
1722,0.9473684210526315,1,False,,,,
1723,0.9473684210526315,1,False,,,,
1724,0.10526315789473684,17,True,0.5769607843137254,0.6470588235294118,0.16494454884084453,0.9366673818775626
1725,0.10526315789473684,17,True,0.2671568627450981,0.4117647058823529,0.08256557140416132,2.1079637556972086
1726,0.15789473684210525,16,True,0.4872222222222222,0.8125,0.3197363442781459,0.8683927290103626
1727,0.15789473684210525,16,True,0.8833333333333333,0.9375,0.42378260447830396,0.3372900666170139
1728,0.15789473684210525,16,True,0.42444444444444446,0.75,0.3293970672908122,1.311278124459133
1729,0.15789473684210525,16,True,0.33944444444444444,0.4375,0.13189963535753602,2.146782221599798
1730,0.15789473684210525,16,True,0.5416666666666666,0.9375,0.42378260447830396,0.3372900666170139
1731,0.15789473684210525,16,True,0.40444444444444444,0.6875,0.2894231402765127,1.6216407621868583
1732,0.15789473684210525,16,True,0.44722222222222224,0.6875,0.24864847816330582,1.3244602933016414
1733,0.15789473684210525,16,True,0.3994444444444445,0.5625,0.19725171154555354,1.7169171866886992
1734,0.15789473684210525,16,True,0.3005555555555555,0.5,0.15867131134623425,2.25
1735,0.15789473684210525,16,True,0.3511111111111111,0.5625,0.20000510083358602,1.9197367178034825
1736,0.7894736842105263,4,False,,,,
1737,0.7894736842105263,4,False,,,,
1738,0.05263157894736842,18,True,0.3930283224400872,0.6111111111111112,0.27527070060658376,1.8336056789417416
1739,0.05263157894736842,18,True,0.3224400871459695,0.5,0.20002593917380773,2.3627402784989338
1740,0.8947368421052632,2,False,,,,
1741,0.8947368421052632,2,False,,,,
1742,0.10526315789473684,17,True,0.4730392156862745,0.7058823529411765,0.2987636957331652,1.2772018112022603
1743,0.10526315789473684,17,True,0.46862745098039216,0.7647058823529411,0.3768634756015603,1.2577148214953864
1744,0.10526315789473684,17,True,0.4446078431372549,0.5294117647058824,0.19658386084094515,1.2532975784630431
1745,0.10526315789473684,17,True,0.5186274509803922,0.8823529411764706,0.39871518417755814,0.5225593745369408
1746,0.10526315789473684,17,True,0.41911764705882354,0.4117647058823529,0.1976336043635436,1.775523493673489
1747,0.10526315789473684,17,True,0.31666666666666665,0.5294117647058824,0.18980179399215258,2.1739731346044096
1748,0.10526315789473684,17,True,0.48333333333333334,0.5882352941176471,0.21101139994137996,1.2210477851797181
1749,0.10526315789473684,17,True,0.22647058823529412,0.47058823529411764,0.15803050740691038,2.4404040177209283
1750,0.15789473684210525,16,True,0.4,0.625,0.2266696978627366,1.6266144718101818
1751,0.15789473684210525,16,True,0.27944444444444444,0.3125,0.08164746002056422,2.524397470347699
1752,0.15789473684210525,16,True,0.455,0.75,0.25838690151454446,1.014097655573916
1753,0.10526315789473684,17,True,0.46519607843137256,0.7058823529411765,0.2987636957331652,1.2772018112022603
1754,0.10526315789473684,17,True,0.27598039215686276,0.35294117647058826,0.11668426943697652,2.5868878409958143
1755,0.10526315789473684,17,True,0.3598039215686274,0.47058823529411764,0.15867131134623425,2.278351811711312
1756,0.10526315789473684,17,True,0.30147058823529416,0.5882352941176471,0.23699400339378085,2.0157404324930677
1757,0.10526315789473684,17,True,0.2519607843137255,0.29411764705882354,0.08513554810286617,2.6986604604011157
1758,0.10526315789473684,17,True,0.39558823529411763,0.5882352941176471,0.2362832736567574,1.853688226483452
1759,0.10526315789473684,17,True,0.5764705882352942,0.9411764705882353,0.5115068636860557,0.3227569588973982
1760,0.05263157894736842,18,True,0.3899782135076253,0.5555555555555556,0.23199713097962393,1.5683182557028437
1761,0.05263157894736842,18,True,0.42962962962962964,0.5555555555555556,0.22666969786273672,1.7960885595978366
1762,0.05263157894736842,18,True,0.4718954248366013,0.5555555555555556,0.2673721749433876,1.2326602568158205
1763,0.05263157894736842,18,True,0.45838779956427017,0.6111111111111112,0.2962465220098368,1.4108478748063633
1764,0.0,19,True,0.2709551656920078,0.3684210526315789,0.15606028459591426,2.1815525171888464
1765,0.0,19,True,0.2881091617933723,0.47368421052631576,0.18980179399215247,2.4305946180235427
1766,0.0,19,True,0.3762183235867447,0.42105263157894735,0.11142704299982253,2.063202513215852
1767,0.0,19,True,0.40194931773879145,0.6842105263157895,0.3516072294314623,1.5055213905049434
1768,0.0,19,True,0.5302144249512671,0.7894736842105263,0.470861478386833,1.058277043226334
1769,0.0,19,True,0.2682261208576998,0.3157894736842105,0.10589984877407843,2.510056460356539
1770,0.9473684210526315,1,False,,,,
1771,0.9473684210526315,1,False,,,,
1772,0.0,19,True,0.4810916179337232,0.7894736842105263,0.470861478386833,1.058277043226334
1773,0.0,19,True,0.512280701754386,0.9473684210526315,0.7025277510807104,0.2974722489192896
1774,0.0,19,True,0.5146198830409356,0.7894736842105263,0.470861478386833,1.058277043226334
1775,0.0,19,True,0.48187134502923973,0.7368421052631579,0.4240799522429881,1.3372449392958772
1776,0.0,19,True,0.29317738791423,0.3157894736842105,0.09372784471105089,3.0105709342684825
1777,0.0,19,True,0.3286549707602339,0.5263157894736842,0.2446883927462009,2.3942811477133943
1778,0.0,19,True,0.26120857699805067,0.2631578947368421,0.10084130640677291,3.110578014789015
1779,0.0,19,True,0.2409356725146199,0.2631578947368421,0.09531008166021693,3.005314856894279
1780,0.0,19,True,0.20662768031189085,0.21052631578947367,0.08176764568457373,3.0503018554349812
1781,0.05263157894736842,18,True,0.2169934640522876,0.16666666666666666,0.044198259357427494,3.419381945646371
1782,0.8421052631578947,3,False,,,,
1783,0.2631578947368421,14,True,0.24835164835164836,0.35714285714285715,0.10988676658963126,2.495602923729013
1784,0.2631578947368421,14,True,0.389010989010989,0.6428571428571429,0.21465505822008046,1.626688849701832
1785,0.15789473684210525,16,True,0.2777777777777778,0.25,0.06280432131666958,2.7806390622295662
1786,0.0,19,True,0.29317738791423,0.42105263157894735,0.1648695505519856,2.774243302917269
1787,0.0,19,True,0.25263157894736843,0.3684210526315789,0.13157084033512267,2.7528553052032323
1788,0.0,19,True,0.3446393762183236,0.5789473684210527,0.2962465220098368,1.6340649724200549
1789,0.05263157894736842,18,True,0.4453159041394335,0.7222222222222222,0.368718405808535,1.2332247882202196
1790,0.05263157894736842,18,True,0.4875816993464053,0.5555555555555556,0.18087332026436265,1.4152689500270956
1791,0.9473684210526315,1,False,,,,
1792,0.9473684210526315,1,False,,,,
1793,0.9473684210526315,1,False,,,,
1794,0.9473684210526315,1,False,,,,
1795,0.10526315789473684,17,True,0.47941176470588237,0.8823529411764706,0.470861478386833,0.6402064333604701
1796,0.0,19,True,0.4557504873294347,0.6842105263157895,0.3687184058085351,1.465790469338445
1797,0.0,19,True,0.38479532163742686,0.47368421052631576,0.18813457241778053,1.8850931455708966
1798,0.0,19,True,0.31072124756335284,0.5263157894736842,0.22213083398682842,2.183754831923921
1799,0.21052631578947367,15,True,0.26285714285714284,0.3333333333333333,0.09766925825323902,2.682588730501833
1800,0.0,19,True,0.3594541910331384,0.42105263157894735,0.1919537021102833,2.2684727516311214
1801,0.0,19,True,0.4070175438596491,0.631578947368421,0.3293970672908122,1.7334834339268832
1802,0.0,19,True,0.31306042884990254,0.3157894736842105,0.12997881970764258,2.6100635408770723
1803,0.0,19,True,0.40428849902534114,0.5263157894736842,0.21101139994137996,1.57797720011724
1804,0.0,19,True,0.36101364522417156,0.6842105263157895,0.3768634756015604,1.61078454839968
1805,0.0,19,True,0.6105263157894737,0.9473684210526315,0.7025277510807104,0.2974722489192896
1806,0.0,19,True,0.5403508771929825,0.7368421052631579,0.44196169314325406,1.442508097190614
1807,0.0,19,True,0.40623781676413256,0.7894736842105263,0.470861478386833,1.058277043226334
1808,0.0,19,True,0.4116959064327485,0.5263157894736842,0.23199713097962404,1.7832474385325099
1809,0.0,19,True,0.464327485380117,0.8947368421052632,0.6272947035832889,0.5907239186406502
1810,0.0,19,True,0.5064327485380117,0.8421052631578947,0.5115068636860557,0.7742433029172697
1811,0.0,19,True,0.31267056530214427,0.47368421052631576,0.18585266116365695,2.2856005389623077
1812,0.0,19,True,0.46588693957115007,0.7368421052631579,0.3840091092994298,1.2319817814011405
1813,0.0,19,True,0.34580896686159845,0.42105263157894735,0.12040161960918283,2.2737288290053255
1814,0.8421052631578947,3,False,,,,
1815,0.8421052631578947,3,False,,,,
1816,0.8421052631578947,3,False,,,,
1817,0.8421052631578947,3,False,,,,
1818,0.8947368421052632,2,False,,,,
1819,0.8947368421052632,2,False,,,,
1820,0.8947368421052632,2,False,,,,
1821,0.9473684210526315,1,False,,,,
1822,0.9473684210526315,1,False,,,,
1823,0.9473684210526315,1,False,,,,
1824,0.9473684210526315,1,False,,,,
1825,0.9473684210526315,1,False,,,,
1826,0.9473684210526315,1,False,,,,
1827,0.9473684210526315,1,False,,,,
1828,0.9473684210526315,1,False,,,,
1829,0.9473684210526315,1,False,,,,
1830,0.9473684210526315,1,False,,,,
1831,0.8947368421052632,2,False,,,,
1832,0.8947368421052632,2,False,,,,
1833,0.8947368421052632,2,False,,,,
1834,0.05263157894736842,18,True,0.36732026143790847,0.4444444444444444,0.15867131134623425,2.350209029099897
1835,0.05263157894736842,18,True,0.4217864923747277,0.7777777777777778,0.403874569882679,0.9444885341662053
1836,0.05263157894736842,18,True,0.49150326797385624,0.5555555555555556,0.2750678362011758,1.4627552262645034
1837,0.05263157894736842,18,True,0.4300653594771242,0.7777777777777778,0.44196169314325406,1.2086489509530647
1838,0.05263157894736842,18,True,0.4274509803921569,0.7222222222222222,0.368718405808535,1.2332247882202196
1839,0.05263157894736842,18,True,0.4305010893246187,0.7222222222222222,0.35250246264226515,1.0529407605626346
1840,0.05263157894736842,18,True,0.29673202614379085,0.3888888888888889,0.13071292461933426,2.4387439204017474
1841,0.05263157894736842,18,True,0.3198257080610022,0.5,0.20494337674621788,2.473851389610045
1842,0.15789473684210525,16,True,0.3422222222222222,0.5,0.152585956193804,2.077819531114783
1843,0.15789473684210525,16,True,0.21166666666666664,0.25,0.06204047674642099,2.952819531114783
1844,0.3684210526315789,12,True,0.20606060606060606,0.16666666666666666,0.12766041241999693,3.0849625007211556
1845,0.3684210526315789,12,True,0.22121212121212122,0.25,0.13157084033512245,2.8553885422075336
1846,0.7894736842105263,4,False,,,,
1847,0.8947368421052632,2,False,,,,
1848,0.8947368421052632,2,False,,,,
1849,0.8947368421052632,2,False,,,,
1850,0.8947368421052632,2,False,,,,
1851,0.8947368421052632,2,False,,,,
1852,0.8947368421052632,2,False,,,,
1853,0.9473684210526315,1,False,,,,
1854,0.9473684210526315,1,False,,,,
1855,0.8947368421052632,2,False,,,,
1856,0.8947368421052632,2,False,,,,
1857,0.8947368421052632,2,False,,,,
1858,0.8947368421052632,2,False,,,,
1859,0.8947368421052632,2,False,,,,
1860,0.8947368421052632,2,False,,,,
1861,0.8947368421052632,2,False,,,,
1862,0.9473684210526315,1,False,,,,
1863,0.9473684210526315,1,False,,,,
1864,0.9473684210526315,1,False,,,,
1865,0.9473684210526315,1,False,,,,
1866,0.9473684210526315,1,False,,,,
1867,0.9473684210526315,1,False,,,,
1868,0.9473684210526315,1,False,,,,
1869,0.9473684210526315,1,False,,,,
1870,0.9473684210526315,1,False,,,,
1871,0.9473684210526315,1,False,,,,
1872,0.9473684210526315,1,False,,,,
1873,0.9473684210526315,1,False,,,,
1874,0.9473684210526315,1,False,,,,
1875,0.9473684210526315,1,False,,,,
1876,0.9473684210526315,1,False,,,,
1877,0.9473684210526315,1,False,,,,
1878,0.9473684210526315,1,False,,,,
1879,0.9473684210526315,1,False,,,,
1880,0.9473684210526315,1,False,,,,
1881,0.9473684210526315,1,False,,,,
1882,0.9473684210526315,1,False,,,,
1883,0.9473684210526315,1,False,,,,
1884,0.9473684210526315,1,False,,,,
1885,0.9473684210526315,1,False,,,,
1886,0.9473684210526315,1,False,,,,
1887,0.9473684210526315,1,False,,,,
1888,0.9473684210526315,1,False,,,,
1889,0.9473684210526315,1,False,,,,
1890,0.9473684210526315,1,False,,,,
1891,0.9473684210526315,1,False,,,,
1892,0.9473684210526315,1,False,,,,
1893,0.9473684210526315,1,False,,,,
1894,0.9473684210526315,1,False,,,,
1895,0.9473684210526315,1,False,,,,
1896,0.9473684210526315,1,False,,,,
1897,0.9473684210526315,1,False,,,,
1898,0.9473684210526315,1,False,,,,
1899,0.9473684210526315,1,False,,,,
1900,0.9473684210526315,1,False,,,,
1901,0.9473684210526315,1,False,,,,
1902,0.9473684210526315,1,False,,,,
1903,0.9473684210526315,1,False,,,,
1904,0.9473684210526315,1,False,,,,
1905,0.9473684210526315,1,False,,,,
1906,0.9473684210526315,1,False,,,,
1907,0.9473684210526315,1,False,,,,
1908,0.9473684210526315,1,False,,,,
1909,0.9473684210526315,1,False,,,,
1910,0.9473684210526315,1,False,,,,
1911,0.9473684210526315,1,False,,,,
1912,0.9473684210526315,1,False,,,,
1913,0.9473684210526315,1,False,,,,
1914,0.9473684210526315,1,False,,,,
1915,0.9473684210526315,1,False,,,,
1916,0.9473684210526315,1,False,,,,
1917,0.9473684210526315,1,False,,,,
1918,0.9473684210526315,1,False,,,,
1919,0.9473684210526315,1,False,,,,
1920,0.9473684210526315,1,False,,,,
1921,0.9473684210526315,1,False,,,,
1922,0.9473684210526315,1,False,,,,
1923,0.8947368421052632,2,False,,,,
1924,0.8947368421052632,2,False,,,,
1925,0.9473684210526315,1,False,,,,
1926,0.9473684210526315,1,False,,,,
1927,0.8947368421052632,2,False,,,,
1928,0.8947368421052632,2,False,,,,
1929,0.8947368421052632,2,False,,,,
1930,0.8947368421052632,2,False,,,,
1931,0.8947368421052632,2,False,,,,
1932,0.8947368421052632,2,False,,,,
1933,0.8947368421052632,2,False,,,,
1934,0.8947368421052632,2,False,,,,
1935,0.8947368421052632,2,False,,,,
1936,0.8947368421052632,2,False,,,,
1937,0.5263157894736842,9,True,0.2833333333333333,0.3333333333333333,0.2362832736567574,2.4193819456463714
1938,0.5789473684210527,8,True,0.29047619047619044,0.5,0.29436266502391517,2.0
1939,0.5789473684210527,8,True,0.35,0.625,0.2962465220098368,1.5487949406953985
1940,0.6842105263157895,6,True,0.18666666666666665,0.16666666666666666,0.38873147359769233,2.584962500721156
1941,0.6842105263157895,6,True,0.3244444444444445,0.5,0.368718405808535,1.7924812503605778
1942,0.3157894736842105,13,True,0.28547008547008546,0.23076923076923078,0.07989543422916279,2.7192945256669794
1943,0.3157894736842105,13,True,0.25213675213675213,0.38461538461538464,0.15091784767780037,2.8073904508767225
1944,0.2631578947368421,14,True,0.24468864468864468,0.2857142857142857,0.08164746002056422,2.610577243331642
1945,0.2631578947368421,14,True,0.3641025641025641,0.5714285714285714,0.1919537021102833,1.950212064914747
1946,0.2631578947368421,14,True,0.23296703296703297,0.2857142857142857,0.08164746002056422,2.610577243331642
1947,0.21052631578947367,15,True,0.259047619047619,0.26666666666666666,0.08347744030163673,2.7395722619867224
1948,0.15789473684210525,16,True,0.2994444444444444,0.5,0.17056421755728335,2.375
1949,0.10526315789473684,17,True,0.32352941176470584,0.5882352941176471,0.23699400339378085,2.0157404324930677
1950,0.05263157894736842,18,True,0.4226579520697168,0.6111111111111112,0.26901133528123755,1.6805563732659934
1951,0.05263157894736842,18,True,0.27233115468409586,0.3888888888888889,0.1522439593200896,2.522620309531022
1952,0.05263157894736842,18,True,0.6239651416122004,0.8333333333333334,0.4988905110011538,0.9141828384352135
1953,0.05263157894736842,18,True,0.3851851851851852,0.6111111111111112,0.26901133528123766,1.6805563732659934
1954,0.05263157894736842,18,True,0.2849673202614379,0.3333333333333333,0.1166842694369764,2.6416041678685938
1955,0.05263157894736842,18,True,0.28061002178649236,0.3888888888888889,0.20088836321582537,2.216521698179525
1956,0.05263157894736842,18,True,0.32113289760348585,0.5,0.20304543438098532,2.2096909728231857
1957,0.05263157894736842,18,True,0.33464052287581697,0.5555555555555556,0.23699400339378085,2.102187170949333
1958,0.05263157894736842,18,True,0.46797385620915033,0.7222222222222222,0.3768634756015603,1.3862740938959681
1959,0.05263157894736842,18,True,0.3747276688453159,0.7222222222222222,0.368718405808535,1.2332247882202196
1960,0.05263157894736842,18,True,0.31633986928104574,0.3333333333333333,0.12997881970764258,2.4410685859554375
1961,0.05263157894736842,18,True,0.7237472766884532,0.8888888888888888,0.5602467695939968,0.6143694458867568
1962,0.05263157894736842,18,True,0.6666666666666666,1.0,0.7025277510807104,0.0
1963,0.05263157894736842,18,True,0.5019607843137255,0.6666666666666666,0.2634294358664522,0.9182958340544896
1964,0.05263157894736842,18,True,0.4492374727668845,0.8333333333333334,0.4988905110011538,0.9141828384352135
1965,0.05263157894736842,18,True,0.5002178649237473,0.8888888888888888,0.5602467695939968,0.6143694458867568
1966,0.05263157894736842,18,True,0.5193899782135076,0.8888888888888888,0.5115068636860557,0.5032583347756457
1967,0.05263157894736842,18,True,1.0,1.0,0.7025277510807104,0.0
1968,0.05263157894736842,18,True,0.4444444444444444,0.8333333333333334,0.470861478386833,0.8030717273241024
1969,0.05263157894736842,18,True,0.3106753812636166,0.5555555555555556,0.25962632736662017,1.879964948727111
1970,0.05263157894736842,18,True,0.25577342047930285,0.2222222222222222,0.06665179384033004,2.6416041678685938
1971,0.05263157894736842,18,True,0.27320261437908494,0.5555555555555556,0.23665100921814008,1.768853837616
1972,0.05263157894736842,18,True,0.2252723311546841,0.2222222222222222,0.07933232447284799,3.169925001442312
1973,0.05263157894736842,18,True,0.6,1.0,0.7025277510807104,0.0
1974,0.05263157894736842,18,True,0.44313725490196076,0.6666666666666666,0.3269868938901337,1.3355055565170972
1975,0.05263157894736842,18,True,0.42962962962962964,0.6111111111111112,0.26901133528123755,1.6805563732659934
1976,0.05263157894736842,18,True,0.31895424836601305,0.5,0.2248895132903982,2.1405180562767114
1977,0.05263157894736842,18,True,0.5089324618736383,0.7777777777777778,0.35553335479741277,0.7642045065086203
1978,0.05263157894736842,18,True,0.5333333333333333,1.0,0.7025277510807104,0.0
1979,0.05263157894736842,18,True,0.3281045751633987,0.3333333333333333,0.1452270016028332,2.018310781820059
1980,0.05263157894736842,18,True,0.3877995642701525,0.6666666666666666,0.3308728090528291,1.6688388898504305
1981,0.05263157894736842,18,True,0.4954248366013072,0.8333333333333334,0.42378260447830396,0.6500224216483541
1982,0.05263157894736842,18,True,0.4274509803921569,0.6111111111111112,0.28560263299760746,1.1941737342569119
1983,0.05263157894736842,18,True,0.552069716775599,0.8888888888888888,0.5602467695939968,0.6143694458867568
1984,0.05263157894736842,18,True,0.3263616557734205,0.4444444444444444,0.14575294935186023,2.016875695766564
1985,0.05263157894736842,18,True,0.3442265795206972,0.3888888888888889,0.13070895485323664,2.057924310831006
1986,0.05263157894736842,18,True,0.48061002178649237,0.8333333333333334,0.4988905110011538,0.9141828384352135
1987,0.05263157894736842,18,True,0.29760348583878,0.2777777777777778,0.11186107620484143,2.657742726504889
1988,0.05263157894736842,18,True,0.25664488017429193,0.2222222222222222,0.044807714930917286,2.7107770844150676
1989,0.05263157894736842,18,True,0.5450980392156862,0.8888888888888888,0.5602467695939968,0.6143694458867568
1990,0.05263157894736842,18,True,0.32505446623093687,0.4444444444444444,0.17682974957846265,2.5724312513221195
1991,0.8947368421052632,2,False,,,,
1992,0.05263157894736842,18,True,0.4248366013071896,0.4444444444444444,0.20184431586908624,1.8638263900908156
1993,0.05263157894736842,18,True,0.6074074074074074,0.9444444444444444,0.6272947035832889,0.3095434291503252
1994,0.05263157894736842,18,True,0.28104575163398693,0.3888888888888889,0.14410455048549553,2.5498550315128585
1995,0.05263157894736842,18,True,0.2540305010893246,0.2777777777777778,0.09766925825323913,2.7052290027422967
1996,0.05263157894736842,18,True,0.4627450980392157,0.8333333333333334,0.470861478386833,0.8030717273241024
1997,0.05263157894736842,18,True,0.39607843137254906,0.6666666666666666,0.3308728090528291,1.6688388898504305
1998,0.05263157894736842,18,True,0.23877995642701527,0.2777777777777778,0.08513554810286617,2.747167197306934
1999,0.05263157894736842,18,True,0.3442265795206972,0.3333333333333333,0.1452675946905575,2.218846363733215
2000,0.05263157894736842,18,True,0.41568627450980394,0.6111111111111112,0.26901133528123755,1.6805563732659934
2001,0.05263157894736842,18,True,0.48104575163398694,0.6666666666666666,0.2712875592954145,1.224394445405986
2002,0.05263157894736842,18,True,0.5333333333333333,1.0,0.7025277510807104,0.0
2003,0.05263157894736842,18,True,0.6666666666666666,1.0,0.7025277510807104,0.0
2004,0.05263157894736842,18,True,0.4962962962962963,0.9444444444444444,0.6272947035832889,0.3095434291503252
2005,0.05263157894736842,18,True,0.4335511982570806,0.7222222222222222,0.3768634756015604,1.386274093895968
2006,0.05263157894736842,18,True,0.6592592592592593,0.9444444444444444,0.6272947035832889,0.3095434291503252
2007,0.05263157894736842,18,True,0.5437908496732026,0.8888888888888888,0.5115068636860557,0.5032583347756457
2008,0.05263157894736842,18,True,0.428322440087146,0.6666666666666666,0.31402704890353816,1.5577277787393193
2009,0.05263157894736842,18,True,0.4148148148148148,0.6666666666666666,0.3293970672908122,1.5157895841746822
2010,0.05263157894736842,18,True,0.6666666666666666,1.0,0.7025277510807104,0.0
2011,0.05263157894736842,18,True,0.485838779956427,0.7777777777777778,0.403874569882679,0.9444885341662053
2012,0.05263157894736842,18,True,0.265359477124183,0.4444444444444444,0.15867131134623425,2.350209029099897
2013,0.05263157894736842,18,True,0.5464052287581699,0.8333333333333334,0.42378260447830396,0.6500224216483541
2014,0.05263157894736842,18,True,0.46710239651416124,0.8888888888888888,0.5602467695939968,0.6143694458867568
2015,0.05263157894736842,18,True,0.3045751633986928,0.4444444444444444,0.15867131134623425,2.350209029099897
2016,0.05263157894736842,18,True,0.3751633986928104,0.5,0.20304543438098532,2.2096909728231857
2017,0.05263157894736842,18,True,0.5882352941176471,0.7777777777777778,0.4240799522429881,1.0975378398419535
2018,0.05263157894736842,18,True,0.3921568627450981,0.5555555555555556,0.23665100921814008,1.768853837616
2019,0.05263157894736842,18,True,0.3032679738562091,0.2777777777777778,0.0936196616408369,2.3718956694089637
2020,0.05263157894736842,18,True,0.42135076252723314,0.7222222222222222,0.38873147359769233,1.497385205007079
2021,0.05263157894736842,18,True,0.37385620915032675,0.6111111111111112,0.2894231402765127,1.7916674843771045
2022,0.8947368421052632,2,False,,,,
2023,0.8947368421052632,2,False,,,,
2024,0.8947368421052632,2,False,,,,
2025,0.8947368421052632,2,False,,,,
2026,0.8947368421052632,2,False,,,,
2027,0.8947368421052632,2,False,,,,
2028,0.9473684210526315,1,False,,,,
2029,0.8947368421052632,2,False,,,,
2030,0.8947368421052632,2,False,,,,
2031,0.05263157894736842,18,True,0.322875816993464,0.3888888888888889,0.13157084033512267,2.5917932260774954
2032,0.05263157894736842,18,True,0.6008714596949891,0.8888888888888888,0.5602467695939968,0.6143694458867568
2033,0.05263157894736842,18,True,0.4544662309368192,0.8888888888888888,0.5602467695939968,0.6143694458867568
2034,0.05263157894736842,18,True,0.4139433551198257,0.6666666666666666,0.31402704890353816,1.5577277787393193
2035,0.05263157894736842,18,True,0.7333333333333333,1.0,0.7025277510807104,0.0
2036,0.10526315789473684,17,True,0.4284313725490196,0.6470588235294118,0.26901133528123755,1.5693078231812962
2037,0.2631578947368421,14,True,0.37728937728937734,0.6428571428571429,0.2393728467500651,1.7695459925589747
2038,0.3684210526315789,12,True,0.2313131313131313,0.25,0.13071292461933426,2.625814583693911
2039,0.42105263157894735,11,True,0.27636363636363637,0.36363636363636365,0.14575294935186045,2.1180782093497093
2040,0.8421052631578947,3,False,,,,
2041,0.8421052631578947,3,False,,,,
2042,0.8947368421052632,2,False,,,,
2043,0.8947368421052632,2,False,,,,
2044,0.8947368421052632,2,False,,,,
2045,0.8947368421052632,2,False,,,,
2046,0.9473684210526315,1,False,,,,
2047,0.9473684210526315,1,False,,,,
2048,0.9473684210526315,1,False,,,,
2049,0.9473684210526315,1,False,,,,
2050,0.9473684210526315,1,False,,,,
2051,0.9473684210526315,1,False,,,,
2052,0.9473684210526315,1,False,,,,
2053,0.9473684210526315,1,False,,,,
2054,0.9473684210526315,1,False,,,,
2055,0.9473684210526315,1,False,,,,
2056,0.9473684210526315,1,False,,,,
2057,0.9473684210526315,1,False,,,,
2058,0.9473684210526315,1,False,,,,
2059,0.9473684210526315,1,False,,,,
2060,0.9473684210526315,1,False,,,,
2061,0.9473684210526315,1,False,,,,
2062,0.9473684210526315,1,False,,,,
2063,0.9473684210526315,1,False,,,,
2064,0.9473684210526315,1,False,,,,
2065,0.9473684210526315,1,False,,,,
2066,0.9473684210526315,1,False,,,,
2067,0.9473684210526315,1,False,,,,
2068,0.9473684210526315,1,False,,,,
2069,0.9473684210526315,1,False,,,,
2070,0.9473684210526315,1,False,,,,
2071,0.9473684210526315,1,False,,,,
2072,0.9473684210526315,1,False,,,,
2073,0.9473684210526315,1,False,,,,
2074,0.9473684210526315,1,False,,,,
2075,0.9473684210526315,1,False,,,,
2076,0.9473684210526315,1,False,,,,
2077,0.9473684210526315,1,False,,,,
2078,0.9473684210526315,1,False,,,,
2079,0.9473684210526315,1,False,,,,
2080,0.9473684210526315,1,False,,,,
2081,0.9473684210526315,1,False,,,,
2082,0.9473684210526315,1,False,,,,
2083,0.9473684210526315,1,False,,,,
2084,0.9473684210526315,1,False,,,,
2085,0.9473684210526315,1,False,,,,
2086,0.9473684210526315,1,False,,,,
2087,0.9473684210526315,1,False,,,,
2088,0.9473684210526315,1,False,,,,
2089,0.9473684210526315,1,False,,,,
2090,0.9473684210526315,1,False,,,,
2091,0.9473684210526315,1,False,,,,
2092,0.9473684210526315,1,False,,,,
2093,0.9473684210526315,1,False,,,,
2094,0.9473684210526315,1,False,,,,
2095,0.9473684210526315,1,False,,,,
2096,0.9473684210526315,1,False,,,,
2097,0.9473684210526315,1,False,,,,
2098,0.9473684210526315,1,False,,,,
2099,0.9473684210526315,1,False,,,,
2100,0.9473684210526315,1,False,,,,
2101,0.9473684210526315,1,False,,,,
2102,0.9473684210526315,1,False,,,,
2103,0.9473684210526315,1,False,,,,
2104,0.9473684210526315,1,False,,,,
