col_index,gap_frac,nongap_n,keep,cons_similarity,cons_identity,cons_entropy22,cons_entropy_nogap
1,0.8888888888888888,1,False,,,,
2,0.8888888888888888,1,False,,,,
3,0.8888888888888888,1,False,,,,
4,0.8888888888888888,1,False,,,,
5,0.7777777777777778,2,False,,,,
6,0.7777777777777778,2,False,,,,
7,0.7777777777777778,2,False,,,,
8,0.7777777777777778,2,False,,,,
9,0.7777777777777778,2,False,,,,
10,0.7777777777777778,2,False,,,,
11,0.7777777777777778,2,False,,,,
12,0.7777777777777778,2,False,,,,
13,0.7777777777777778,2,False,,,,
14,0.7777777777777778,2,False,,,,
15,0.7777777777777778,2,False,,,,
16,0.7777777777777778,2,False,,,,
17,0.7777777777777778,2,False,,,,
18,0.7777777777777778,2,False,,,,
19,0.7777777777777778,2,False,,,,
20,0.7777777777777778,2,False,,,,
21,0.7777777777777778,2,False,,,,
22,0.7777777777777778,2,False,,,,
23,0.7777777777777778,2,False,,,,
24,0.7777777777777778,2,False,,,,
25,0.7777777777777778,2,False,,,,
26,0.7777777777777778,2,False,,,,
27,0.7777777777777778,2,False,,,,
28,0.7777777777777778,2,False,,,,
29,0.7777777777777778,2,False,,,,
30,0.7777777777777778,2,False,,,,
31,0.7777777777777778,2,False,,,,
32,0.7777777777777778,2,False,,,,
33,0.7777777777777778,2,False,,,,
34,0.7777777777777778,2,False,,,,
35,0.7777777777777778,2,False,,,,
36,0.7777777777777778,2,False,,,,
37,0.7777777777777778,2,False,,,,
38,0.7777777777777778,2,False,,,,
39,0.7777777777777778,2,False,,,,
40,0.7777777777777778,2,False,,,,
41,0.7777777777777778,2,False,,,,
42,0.7777777777777778,2,False,,,,
43,0.7777777777777778,2,False,,,,
44,0.7777777777777778,2,False,,,,
45,0.7777777777777778,2,False,,,,
46,0.7777777777777778,2,False,,,,
47,0.7777777777777778,2,False,,,,
48,0.7777777777777778,2,False,,,,
49,0.7777777777777778,2,False,,,,
50,0.7777777777777778,2,False,,,,
51,0.7777777777777778,2,False,,,,
52,0.7777777777777778,2,False,,,,
53,0.7777777777777778,2,False,,,,
54,0.8888888888888888,1,False,,,,
55,0.8888888888888888,1,False,,,,
56,0.8888888888888888,1,False,,,,
57,0.8888888888888888,1,False,,,,
58,0.8888888888888888,1,False,,,,
59,0.8888888888888888,1,False,,,,
60,0.8888888888888888,1,False,,,,
61,0.8888888888888888,1,False,,,,
62,0.8888888888888888,1,False,,,,
63,0.8888888888888888,1,False,,,,
64,0.8888888888888888,1,False,,,,
65,0.8888888888888888,1,False,,,,
66,0.8888888888888888,1,False,,,,
67,0.8888888888888888,1,False,,,,
68,0.8888888888888888,1,False,,,,
69,0.8888888888888888,1,False,,,,
70,0.8888888888888888,1,False,,,,
71,0.8888888888888888,1,False,,,,
72,0.8888888888888888,1,False,,,,
73,0.8888888888888888,1,False,,,,
74,0.8888888888888888,1,False,,,,
75,0.8888888888888888,1,False,,,,
76,0.8888888888888888,1,False,,,,
77,0.8888888888888888,1,False,,,,
78,0.8888888888888888,1,False,,,,
79,0.8888888888888888,1,False,,,,
80,0.8888888888888888,1,False,,,,
81,0.8888888888888888,1,False,,,,
82,0.8888888888888888,1,False,,,,
83,0.8888888888888888,1,False,,,,
84,0.8888888888888888,1,False,,,,
85,0.8888888888888888,1,False,,,,
86,0.8888888888888888,1,False,,,,
87,0.8888888888888888,1,False,,,,
88,0.8888888888888888,1,False,,,,
89,0.8888888888888888,1,False,,,,
90,0.8888888888888888,1,False,,,,
91,0.8888888888888888,1,False,,,,
92,0.8888888888888888,1,False,,,,
93,0.8888888888888888,1,False,,,,
94,0.8888888888888888,1,False,,,,
95,0.8888888888888888,1,False,,,,
96,0.8888888888888888,1,False,,,,
97,0.8888888888888888,1,False,,,,
98,0.8888888888888888,1,False,,,,
99,0.8888888888888888,1,False,,,,
100,0.8888888888888888,1,False,,,,
101,0.8888888888888888,1,False,,,,
102,0.8888888888888888,1,False,,,,
103,0.8888888888888888,1,False,,,,
104,0.8888888888888888,1,False,,,,
105,0.8888888888888888,1,False,,,,
106,0.8888888888888888,1,False,,,,
107,0.8888888888888888,1,False,,,,
108,0.8888888888888888,1,False,,,,
109,0.8888888888888888,1,False,,,,
110,0.8888888888888888,1,False,,,,
111,0.8888888888888888,1,False,,,,
112,0.8888888888888888,1,False,,,,
113,0.8888888888888888,1,False,,,,
114,0.8888888888888888,1,False,,,,
115,0.8888888888888888,1,False,,,,
116,0.8888888888888888,1,False,,,,
117,0.8888888888888888,1,False,,,,
118,0.8888888888888888,1,False,,,,
119,0.8888888888888888,1,False,,,,
120,0.8888888888888888,1,False,,,,
121,0.8888888888888888,1,False,,,,
122,0.8888888888888888,1,False,,,,
123,0.8888888888888888,1,False,,,,
124,0.8888888888888888,1,False,,,,
125,0.8888888888888888,1,False,,,,
126,0.8888888888888888,1,False,,,,
127,0.8888888888888888,1,False,,,,
128,0.8888888888888888,1,False,,,,
129,0.8888888888888888,1,False,,,,
130,0.8888888888888888,1,False,,,,
131,0.8888888888888888,1,False,,,,
132,0.8888888888888888,1,False,,,,
133,0.8888888888888888,1,False,,,,
134,0.8888888888888888,1,False,,,,
135,0.8888888888888888,1,False,,,,
136,0.8888888888888888,1,False,,,,
137,0.8888888888888888,1,False,,,,
138,0.8888888888888888,1,False,,,,
139,0.8888888888888888,1,False,,,,
140,0.7777777777777778,2,False,,,,
141,0.7777777777777778,2,False,,,,
142,0.7777777777777778,2,False,,,,
143,0.7777777777777778,2,False,,,,
144,0.7777777777777778,2,False,,,,
145,0.7777777777777778,2,False,,,,
146,0.7777777777777778,2,False,,,,
147,0.7777777777777778,2,False,,,,
148,0.7777777777777778,2,False,,,,
149,0.7777777777777778,2,False,,,,
150,0.7777777777777778,2,False,,,,
151,0.7777777777777778,2,False,,,,
152,0.7777777777777778,2,False,,,,
153,0.7777777777777778,2,False,,,,
154,0.7777777777777778,2,False,,,,
155,0.7777777777777778,2,False,,,,
156,0.7777777777777778,2,False,,,,
157,0.7777777777777778,2,False,,,,
158,0.7777777777777778,2,False,,,,
159,0.7777777777777778,2,False,,,,
160,0.7777777777777778,2,False,,,,
161,0.7777777777777778,2,False,,,,
162,0.7777777777777778,2,False,,,,
163,0.7777777777777778,2,False,,,,
164,0.7777777777777778,2,False,,,,
165,0.7777777777777778,2,False,,,,
166,0.7777777777777778,2,False,,,,
167,0.7777777777777778,2,False,,,,
168,0.7777777777777778,2,False,,,,
169,0.6666666666666666,3,False,,,,
170,0.6666666666666666,3,False,,,,
171,0.6666666666666666,3,False,,,,
172,0.6666666666666666,3,False,,,,
173,0.6666666666666666,3,False,,,,
174,0.6666666666666666,3,False,,,,
175,0.6666666666666666,3,False,,,,
176,0.6666666666666666,3,False,,,,
177,0.6666666666666666,3,False,,,,
178,0.6666666666666666,3,False,,,,
179,0.6666666666666666,3,False,,,,
180,0.8888888888888888,1,False,,,,
181,0.8888888888888888,1,False,,,,
182,0.6666666666666666,3,False,,,,
183,0.6666666666666666,3,False,,,,
184,0.6666666666666666,3,False,,,,
185,0.6666666666666666,3,False,,,,
186,0.6666666666666666,3,False,,,,
187,0.6666666666666666,3,False,,,,
188,0.6666666666666666,3,False,,,,
189,0.6666666666666666,3,False,,,,
190,0.7777777777777778,2,False,,,,
191,0.6666666666666666,3,False,,,,
192,0.6666666666666666,3,False,,,,
193,0.6666666666666666,3,False,,,,
194,0.6666666666666666,3,False,,,,
195,0.6666666666666666,3,False,,,,
196,0.6666666666666666,3,False,,,,
197,0.6666666666666666,3,False,,,,
198,0.6666666666666666,3,False,,,,
199,0.6666666666666666,3,False,,,,
200,0.6666666666666666,3,False,,,,
201,0.5555555555555556,4,False,,,,
202,0.5555555555555556,4,False,,,,
203,0.5555555555555556,4,False,,,,
204,0.5555555555555556,4,False,,,,
205,0.5555555555555556,4,False,,,,
206,0.5555555555555556,4,False,,,,
207,0.5555555555555556,4,False,,,,
208,0.5555555555555556,4,False,,,,
209,0.7777777777777778,2,False,,,,
210,0.7777777777777778,2,False,,,,
211,0.7777777777777778,2,False,,,,
212,0.7777777777777778,2,False,,,,
213,0.7777777777777778,2,False,,,,
214,0.7777777777777778,2,False,,,,
215,0.7777777777777778,2,False,,,,
216,0.7777777777777778,2,False,,,,
217,0.7777777777777778,2,False,,,,
218,0.5555555555555556,4,False,,,,
219,0.5555555555555556,4,False,,,,
220,0.5555555555555556,4,False,,,,
221,0.5555555555555556,4,False,,,,
222,0.5555555555555556,4,False,,,,
223,0.5555555555555556,4,False,,,,
224,0.5555555555555556,4,False,,,,
225,0.5555555555555556,4,False,,,,
226,0.5555555555555556,4,False,,,,
227,0.5555555555555556,4,False,,,,
228,0.5555555555555556,4,False,,,,
229,0.5555555555555556,4,False,,,,
230,0.5555555555555556,4,False,,,,
231,0.5555555555555556,4,False,,,,
232,0.5555555555555556,4,False,,,,
233,0.5555555555555556,4,False,,,,
234,0.5555555555555556,4,False,,,,
235,0.5555555555555556,4,False,,,,
236,0.5555555555555556,4,False,,,,
237,0.5555555555555556,4,False,,,,
238,0.5555555555555556,4,False,,,,
239,0.7777777777777778,2,False,,,,
240,0.7777777777777778,2,False,,,,
241,0.7777777777777778,2,False,,,,
242,0.7777777777777778,2,False,,,,
243,0.7777777777777778,2,False,,,,
244,0.7777777777777778,2,False,,,,
245,0.7777777777777778,2,False,,,,
246,0.7777777777777778,2,False,,,,
247,0.7777777777777778,2,False,,,,
248,0.5555555555555556,4,False,,,,
249,0.5555555555555556,4,False,,,,
250,0.5555555555555556,4,False,,,,
251,0.5555555555555556,4,False,,,,
252,0.5555555555555556,4,False,,,,
253,0.5555555555555556,4,False,,,,
254,0.5555555555555556,4,False,,,,
255,0.5555555555555556,4,False,,,,
256,0.5555555555555556,4,False,,,,
257,0.7777777777777778,2,False,,,,
258,0.7777777777777778,2,False,,,,
259,0.7777777777777778,2,False,,,,
260,0.7777777777777778,2,False,,,,
261,0.7777777777777778,2,False,,,,
262,0.7777777777777778,2,False,,,,
263,0.7777777777777778,2,False,,,,
264,0.7777777777777778,2,False,,,,
265,0.7777777777777778,2,False,,,,
266,0.7777777777777778,2,False,,,,
267,0.7777777777777778,2,False,,,,
268,0.5555555555555556,4,False,,,,
269,0.5555555555555556,4,False,,,,
270,0.5555555555555556,4,False,,,,
271,0.5555555555555556,4,False,,,,
272,0.5555555555555556,4,False,,,,
273,0.5555555555555556,4,False,,,,
274,0.5555555555555556,4,False,,,,
275,0.5555555555555556,4,False,,,,
276,0.5555555555555556,4,False,,,,
277,0.7777777777777778,2,False,,,,
278,0.5555555555555556,4,False,,,,
279,0.5555555555555556,4,False,,,,
280,0.5555555555555556,4,False,,,,
281,0.5555555555555556,4,False,,,,
282,0.5555555555555556,4,False,,,,
283,0.5555555555555556,4,False,,,,
284,0.5555555555555556,4,False,,,,
285,0.5555555555555556,4,False,,,,
286,0.5555555555555556,4,False,,,,
287,0.5555555555555556,4,False,,,,
288,0.5555555555555556,4,False,,,,
289,0.5555555555555556,4,False,,,,
290,0.5555555555555556,4,False,,,,
291,0.5555555555555556,4,False,,,,
292,0.5555555555555556,4,False,,,,
293,0.5555555555555556,4,False,,,,
294,0.5555555555555556,4,False,,,,
295,0.5555555555555556,4,False,,,,
296,0.7777777777777778,2,False,,,,
297,0.7777777777777778,2,False,,,,
298,0.7777777777777778,2,False,,,,
299,0.7777777777777778,2,False,,,,
300,0.7777777777777778,2,False,,,,
301,0.7777777777777778,2,False,,,,
302,0.7777777777777778,2,False,,,,
303,0.7777777777777778,2,False,,,,
304,0.7777777777777778,2,False,,,,
305,0.5555555555555556,4,False,,,,
306,0.5555555555555556,4,False,,,,
307,0.5555555555555556,4,False,,,,
308,0.5555555555555556,4,False,,,,
309,0.5555555555555556,4,False,,,,
310,0.5555555555555556,4,False,,,,
311,0.5555555555555556,4,False,,,,
312,0.5555555555555556,4,False,,,,
313,0.5555555555555556,4,False,,,,
314,0.5555555555555556,4,False,,,,
315,0.5555555555555556,4,False,,,,
316,0.4444444444444444,5,True,0.28,0.4,0.08170416594551055,1.5219280948873621
317,0.5555555555555556,4,False,,,,
318,0.4444444444444444,5,True,0.28,0.4,0.08170416594551055,1.5219280948873621
319,0.3333333333333333,6,True,0.38666666666666666,0.6666666666666666,0.12364236051014765,1.2516291673878228
320,0.3333333333333333,6,True,0.29333333333333333,0.5,0.0544694439636737,1.4591479170272448
321,0.3333333333333333,6,True,0.2622222222222222,0.3333333333333333,0.05373481277819914,1.9182958340544893
322,0.3333333333333333,6,True,0.4311111111111111,0.5,0.0544694439636737,1.4591479170272448
323,0.3333333333333333,6,True,0.48000000000000004,0.5,0.0,1.0
324,0.3333333333333333,6,True,0.38666666666666666,0.5,0.0544694439636737,1.4591479170272448
325,0.3333333333333333,6,True,0.2755555555555556,0.5,0.0544694439636737,1.4591479170272448
326,0.3333333333333333,6,True,0.4222222222222223,0.8333333333333334,0.1472075115099596,0.6500224216483541
327,0.3333333333333333,6,True,0.23111111111111113,0.3333333333333333,0.06405530255413405,2.2516291673878226
328,0.2222222222222222,7,True,0.33968253968253964,0.2857142857142857,0.01761121820437861,1.950212064914747
329,0.1111111111111111,8,True,0.3404761904761905,0.5,0.11331711999846616,1.75
330,0.1111111111111111,8,True,0.3952380952380953,0.5,0.1216528952381466,1.0
331,0.1111111111111111,8,True,0.2619047619047619,0.5,0.12364236051014776,1.4056390622295665
332,0.5555555555555556,4,False,,,,
333,0.5555555555555556,4,False,,,,
334,0.5555555555555556,4,False,,,,
335,0.5555555555555556,4,False,,,,
336,0.5555555555555556,4,False,,,,
337,0.5555555555555556,4,False,,,,
338,0.5555555555555556,4,False,,,,
339,0.1111111111111111,8,True,0.42380952380952386,0.5,0.1216528952381466,1.0
340,0.1111111111111111,8,True,0.4166666666666667,0.5,0.12364236051014776,1.4056390622295665
341,0.1111111111111111,8,True,0.3785714285714286,0.5,0.12364236051014776,1.4056390622295665
342,0.1111111111111111,8,True,0.3261904761904762,0.625,0.19034316658358497,1.5487949406953985
343,0.1111111111111111,8,True,0.4380952380952381,0.75,0.2766916661858959,1.061278124459133
344,0.1111111111111111,8,True,0.36428571428571427,0.625,0.19034316658358497,1.5487949406953985
345,0.1111111111111111,8,True,0.3142857142857143,0.5,0.11331711999846616,1.75
346,0.1111111111111111,8,True,0.4666666666666667,0.875,0.3776340271255507,0.5435644431995964
347,0.1111111111111111,8,True,0.3142857142857143,0.5,0.11757477645534242,2.0
348,0.1111111111111111,8,True,0.2523809523809524,0.375,0.06405530255413405,2.1556390622295662
349,0.1111111111111111,8,True,0.2761904761904762,0.5,0.11331711999846616,1.75
350,0.1111111111111111,8,True,0.2357142857142857,0.25,0.01761121820437861,2.0
351,0.1111111111111111,8,True,0.3880952380952381,0.625,0.19034316658358497,1.5487949406953985
352,0.1111111111111111,8,True,0.38571428571428573,0.5,0.12364236051014776,1.4056390622295665
353,0.1111111111111111,8,True,0.2785714285714286,0.375,0.06405530255413405,2.1556390622295662
354,0.1111111111111111,8,True,0.30238095238095236,0.375,0.06405530255413405,2.1556390622295662
355,0.1111111111111111,8,True,0.35714285714285715,0.625,0.19034316658358497,1.5487949406953985
356,0.1111111111111111,8,True,0.2785714285714286,0.25,0.031607485958777604,2.25
357,0.5555555555555556,4,False,,,,
358,0.1111111111111111,8,True,0.32857142857142857,0.5,0.11757477645534242,2.0
359,0.1111111111111111,8,True,0.2761904761904762,0.375,0.0544694439636737,1.561278124459133
360,0.1111111111111111,8,True,0.35,0.5,0.11331711999846616,1.75
361,0.1111111111111111,8,True,0.25,0.25,0.029164237274183935,2.5
362,0.1111111111111111,8,True,0.30476190476190473,0.375,0.06405530255413405,2.1556390622295662
363,0.1111111111111111,8,True,0.21666666666666667,0.25,0.029164237274183935,2.5
364,0.2222222222222222,7,True,0.2984126984126984,0.2857142857142857,0.01761121820437861,1.9502120649147465
365,0.3333333333333333,6,True,0.3377777777777778,0.5,0.0544694439636737,1.4591479170272446
366,0.8888888888888888,1,False,,,,
367,0.8888888888888888,1,False,,,,
368,0.8888888888888888,1,False,,,,
369,0.8888888888888888,1,False,,,,
370,0.8888888888888888,1,False,,,,
371,0.8888888888888888,1,False,,,,
372,0.8888888888888888,1,False,,,,
373,0.8888888888888888,1,False,,,,
374,0.8888888888888888,1,False,,,,
375,0.8888888888888888,1,False,,,,
376,0.8888888888888888,1,False,,,,
377,0.8888888888888888,1,False,,,,
378,0.8888888888888888,1,False,,,,
379,0.8888888888888888,1,False,,,,
380,0.7777777777777778,2,False,,,,
381,0.7777777777777778,2,False,,,,
382,0.7777777777777778,2,False,,,,
383,0.7777777777777778,2,False,,,,
384,0.7777777777777778,2,False,,,,
385,0.7777777777777778,2,False,,,,
386,0.7777777777777778,2,False,,,,
387,0.7777777777777778,2,False,,,,
388,0.7777777777777778,2,False,,,,
389,0.7777777777777778,2,False,,,,
390,0.1111111111111111,8,True,0.3333333333333333,0.5,0.11331711999846616,1.75
391,0.1111111111111111,8,True,0.5,0.875,0.3776340271255507,0.5435644431995964
392,0.2222222222222222,7,True,0.2984126984126984,0.42857142857142855,0.05373481277819914,1.8423709931771088
393,0.2222222222222222,7,True,0.3428571428571428,0.42857142857142855,0.0544694439636737,1.4488156357251847
394,0.2222222222222222,7,True,0.2571428571428572,0.5714285714285714,0.08170416594551055,1.3787834934861753
395,0.6666666666666666,3,False,,,,
396,0.6666666666666666,3,False,,,,
397,0.6666666666666666,3,False,,,,
398,0.6666666666666666,3,False,,,,
399,0.6666666666666666,3,False,,,,
400,0.6666666666666666,3,False,,,,
401,0.6666666666666666,3,False,,,,
402,0.6666666666666666,3,False,,,,
403,0.7777777777777778,2,False,,,,
404,0.7777777777777778,2,False,,,,
405,0.7777777777777778,2,False,,,,
406,0.7777777777777778,2,False,,,,
407,0.7777777777777778,2,False,,,,
408,0.7777777777777778,2,False,,,,
409,0.7777777777777778,2,False,,,,
410,0.7777777777777778,2,False,,,,
411,0.3333333333333333,6,True,0.28,0.5,0.08985840735201955,1.7924812503605778
412,0.3333333333333333,6,True,0.4666666666666667,0.8333333333333334,0.1472075115099596,0.6500224216483541
413,0.2222222222222222,7,True,0.32380952380952377,0.5714285714285714,0.11331711999846616,1.6644977792004614
414,0.2222222222222222,7,True,0.41904761904761906,0.7142857142857143,0.17112863674755563,1.1488348542809166
415,0.2222222222222222,7,True,0.21904761904761905,0.42857142857142855,0.06405530255413405,2.1280852788913944
416,0.1111111111111111,8,True,0.29047619047619044,0.375,0.06405530255413405,2.1556390622295662
417,0.1111111111111111,8,True,0.35714285714285715,0.5,0.11331711999846616,1.75
418,0.1111111111111111,8,True,0.3333333333333333,0.5,0.11757477645534242,2.0
419,0.1111111111111111,8,True,0.28809523809523807,0.375,0.06405530255413405,2.1556390622295662
420,0.1111111111111111,8,True,0.20714285714285716,0.25,0.029164237274183935,2.5
421,0.2222222222222222,7,True,0.37460317460317455,0.7142857142857143,0.09428740198616281,0.863120568566631
422,0.2222222222222222,7,True,0.2857142857142857,0.42857142857142855,0.05373481277819914,1.8423709931771088
423,0.2222222222222222,7,True,0.2253968253968254,0.2857142857142857,0.029164237274183935,2.5216406363433186
424,0.1111111111111111,8,True,0.3142857142857143,0.5,0.11757477645534242,2.0
425,0.1111111111111111,8,True,0.3071428571428571,0.375,0.06405530255413405,2.1556390622295662
426,0.1111111111111111,8,True,0.22380952380952382,0.25,0.029164237274183935,2.5
427,0.1111111111111111,8,True,0.4666666666666667,0.875,0.3776340271255507,0.5435644431995964
428,0.1111111111111111,8,True,0.36428571428571427,0.5,0.11331711999846616,1.75
429,0.1111111111111111,8,True,0.3142857142857143,0.25,0.031607485958777604,2.25
430,0.2222222222222222,7,True,0.3428571428571428,0.7142857142857143,0.17112863674755563,1.1488348542809166
431,0.1111111111111111,8,True,0.4095238095238095,0.75,0.2766916661858959,1.061278124459133
432,0.1111111111111111,8,True,0.24523809523809523,0.25,0.031607485958777604,2.25
433,0.1111111111111111,8,True,0.4071428571428572,0.625,0.19034316658358497,1.5487949406953985
434,0.1111111111111111,8,True,0.32380952380952377,0.375,0.06405530255413405,2.1556390622295662
435,0.1111111111111111,8,True,0.2785714285714286,0.375,0.05373481277819914,1.9056390622295665
436,0.1111111111111111,8,True,0.369047619047619,0.625,0.19034316658358497,1.5487949406953985
437,0.1111111111111111,8,True,0.2642857142857143,0.375,0.05904160991070073,2.4056390622295662
438,0.1111111111111111,8,True,0.5333333333333333,0.875,0.3776340271255507,0.5435644431995964
439,0.1111111111111111,8,True,0.30952380952380953,0.5,0.11331711999846616,1.75
440,0.8888888888888888,1,False,,,,
441,0.8888888888888888,1,False,,,,
442,0.8888888888888888,1,False,,,,
443,0.8888888888888888,1,False,,,,
444,0.8888888888888888,1,False,,,,
445,0.8888888888888888,1,False,,,,
446,0.1111111111111111,8,True,0.42380952380952386,0.75,0.2766916661858959,1.061278124459133
447,0.1111111111111111,8,True,0.36428571428571427,0.625,0.17112863674755563,1.2987949406953985
448,0.1111111111111111,8,True,0.3619047619047619,0.625,0.19034316658358497,1.5487949406953985
449,0.1111111111111111,8,True,0.44285714285714284,0.75,0.2766916661858959,1.061278124459133
450,0.1111111111111111,8,True,0.6,1.0,0.49674166522435426,0.0
451,0.1111111111111111,8,True,0.3404761904761905,0.625,0.19034316658358497,1.5487949406953985
452,0.1111111111111111,8,True,0.26666666666666666,0.375,0.06405530255413405,2.1556390622295662
453,0.1111111111111111,8,True,0.2642857142857143,0.375,0.05373481277819914,1.9056390622295665
454,0.1111111111111111,8,True,0.19761904761904764,0.25,0.029164237274183935,2.5
455,0.2222222222222222,7,True,0.3142857142857143,0.2857142857142857,0.01761121820437861,1.9502120649147465
456,0.3333333333333333,6,True,0.41333333333333333,0.5,0.0,1.0
457,0.4444444444444444,5,True,0.36666666666666664,0.6,0.12364236051014765,1.3709505944546687
458,0.4444444444444444,5,True,0.44,0.8,0.1216528952381466,0.7219280948873623
459,0.3333333333333333,6,True,0.2977777777777778,0.3333333333333333,0.06405530255413405,2.2516291673878226
460,0.3333333333333333,6,True,0.32,0.6666666666666666,0.12364236051014776,1.2516291673878228
461,0.3333333333333333,6,True,0.32,0.5,0.05446944396367359,1.4591479170272446
462,0.3333333333333333,6,True,0.32,0.3333333333333333,0.05373481277819914,1.9182958340544893
463,0.3333333333333333,6,True,0.39111111111111113,0.6666666666666666,0.12364236051014776,1.2516291673878228
464,0.2222222222222222,7,True,0.21587301587301588,0.2857142857142857,0.029164237274183935,2.5216406363433186
465,0.2222222222222222,7,True,0.41269841269841273,0.5714285714285714,0.08170416594551055,1.3787834934861753
466,0.2222222222222222,7,True,0.6,1.0,0.23579549349137974,0.0
467,0.2222222222222222,7,True,0.41904761904761906,0.7142857142857143,0.17112863674755563,1.1488348542809166
468,0.2222222222222222,7,True,0.32380952380952377,0.2857142857142857,0.01761121820437861,1.9502120649147465
469,0.2222222222222222,7,True,0.3079365079365079,0.7142857142857143,0.17112863674755563,1.1488348542809166
470,0.2222222222222222,7,True,0.32380952380952377,0.42857142857142855,0.05373481277819914,1.8423709931771088
471,0.2222222222222222,7,True,0.2285714285714286,0.42857142857142855,0.06405530255413405,2.1280852788913944
472,0.2222222222222222,7,True,0.3714285714285714,0.5714285714285714,0.11331711999846616,1.6644977792004614
473,0.2222222222222222,7,True,0.46031746031746035,0.7142857142857143,0.17112863674755563,1.1488348542809166
474,0.2222222222222222,7,True,0.30158730158730157,0.42857142857142855,0.06405530255413405,2.1280852788913944
475,0.2222222222222222,7,True,0.31746031746031744,0.5714285714285714,0.11331711999846616,1.6644977792004614
476,0.2222222222222222,7,True,0.43492063492063493,0.7142857142857143,0.17112863674755563,1.1488348542809166
477,0.2222222222222222,7,True,0.2634920634920635,0.42857142857142855,0.06405530255413405,2.1280852788913944
478,0.2222222222222222,7,True,0.33968253968253964,0.42857142857142855,0.05373481277819914,1.8423709931771084
479,0.2222222222222222,7,True,0.26666666666666666,0.42857142857142855,0.06405530255413405,2.1280852788913944
480,0.5555555555555556,4,False,,,,
481,0.3333333333333333,6,True,0.4666666666666667,0.8333333333333334,0.1472075115099596,0.6500224216483541
482,0.2222222222222222,7,True,0.326984126984127,0.42857142857142855,0.053734812778199026,1.8423709931771086
483,0.1111111111111111,8,True,0.34523809523809523,0.625,0.17112863674755563,1.2987949406953985
484,0.3333333333333333,6,True,0.41777777777777775,0.6666666666666666,0.12364236051014776,1.2516291673878228
485,0.3333333333333333,6,True,0.41777777777777775,0.5,0.0544694439636737,1.4591479170272446
486,0.3333333333333333,6,True,0.3377777777777778,0.5,0.0544694439636737,1.4591479170272448
487,0.3333333333333333,6,True,0.5111111111111111,0.8333333333333334,0.14720751150995937,0.6500224216483541
488,0.3333333333333333,6,True,0.38222222222222224,0.5,0.0544694439636737,1.4591479170272448
489,0.3333333333333333,6,True,0.4666666666666667,0.8333333333333334,0.14720751150995937,0.6500224216483541
490,0.3333333333333333,6,True,0.23555555555555555,0.5,0.08985840735201955,1.7924812503605778
491,1.0,0,False,,,,
492,1.0,0,False,,,,
493,0.3333333333333333,6,True,0.2533333333333333,0.3333333333333333,0.05373481277819914,1.9182958340544893
494,0.3333333333333333,6,True,0.22666666666666666,0.3333333333333333,0.06405530255413405,2.2516291673878226
495,0.3333333333333333,6,True,0.2755555555555556,0.5,0.0544694439636737,1.4591479170272448
496,0.3333333333333333,6,True,0.22666666666666666,0.3333333333333333,0.05373481277819914,1.9182958340544893
497,0.3333333333333333,6,True,0.24000000000000002,0.5,0.08985840735201955,1.7924812503605778
498,0.3333333333333333,6,True,0.5333333333333333,0.8333333333333334,0.14720751150995937,0.6500224216483541
499,0.3333333333333333,6,True,0.2622222222222222,0.3333333333333333,0.05373481277819914,1.9182958340544893
500,0.7777777777777778,2,False,,,,
501,0.7777777777777778,2,False,,,,
502,0.7777777777777778,2,False,,,,
503,0.7777777777777778,2,False,,,,
504,0.7777777777777778,2,False,,,,
505,1.0,0,False,,,,
506,1.0,0,False,,,,
507,1.0,0,False,,,,
508,1.0,0,False,,,,
509,0.7777777777777778,2,False,,,,
510,0.2222222222222222,7,True,0.3873015873015873,0.5714285714285714,0.08170416594551055,1.3787834934861753
511,0.2222222222222222,7,True,0.4031746031746032,0.7142857142857143,0.17112863674755563,1.1488348542809166
512,0.2222222222222222,7,True,0.3682539682539682,0.5714285714285714,0.08170416594551055,1.3787834934861753
513,0.2222222222222222,7,True,0.20952380952380953,0.5714285714285714,0.08170416594551055,1.3787834934861753
514,0.2222222222222222,7,True,0.29523809523809524,0.42857142857142855,0.06405530255413405,2.1280852788913944
515,0.2222222222222222,7,True,0.5047619047619047,0.7142857142857143,0.09428740198616281,0.863120568566631
516,0.2222222222222222,7,True,0.4857142857142857,0.8571428571428571,0.22749311428573982,0.5916727785823275
517,0.2222222222222222,7,True,0.5333333333333333,1.0,0.23579549349137974,0.0
518,0.2222222222222222,7,True,0.5047619047619047,0.8571428571428571,0.22749311428573982,0.5916727785823275
519,0.2222222222222222,7,True,0.5428571428571428,0.8571428571428571,0.22749311428573982,0.5916727785823275
520,0.2222222222222222,7,True,0.49523809523809526,0.8571428571428571,0.22749311428573982,0.5916727785823275
521,0.2222222222222222,7,True,0.3682539682539682,0.7142857142857143,0.17112863674755563,1.1488348542809166
522,0.2222222222222222,7,True,0.41904761904761906,0.7142857142857143,0.17112863674755563,1.1488348542809166
523,0.2222222222222222,7,True,0.5333333333333333,1.0,0.23579549349137974,0.0
524,0.2222222222222222,7,True,0.4095238095238095,0.7142857142857143,0.09428740198616281,0.863120568566631
525,0.2222222222222222,7,True,0.3936507936507937,0.5714285714285714,0.08170416594551055,1.3787834934861753
526,0.2222222222222222,7,True,0.21587301587301588,0.42857142857142855,0.05373481277819914,1.8423709931771084
527,0.2222222222222222,7,True,0.24761904761904763,0.2857142857142857,0.029164237274183935,2.5216406363433186
528,0.5555555555555556,4,False,,,,
529,0.5555555555555556,4,False,,,,
530,0.1111111111111111,8,True,0.2833333333333333,0.375,0.06405530255413405,2.1556390622295662
531,0.1111111111111111,8,True,0.36666666666666664,0.625,0.19034316658358497,1.5487949406953985
532,0.1111111111111111,8,True,0.41190476190476194,0.75,0.2766916661858959,1.061278124459133
533,0.6666666666666666,3,False,,,,
534,0.6666666666666666,3,False,,,,
535,0.6666666666666666,3,False,,,,
536,0.6666666666666666,3,False,,,,
537,0.6666666666666666,3,False,,,,
538,0.6666666666666666,3,False,,,,
539,0.6666666666666666,3,False,,,,
540,0.6666666666666666,3,False,,,,
541,0.6666666666666666,3,False,,,,
542,0.6666666666666666,3,False,,,,
543,0.6666666666666666,3,False,,,,
544,0.7777777777777778,2,False,,,,
545,0.7777777777777778,2,False,,,,
546,0.7777777777777778,2,False,,,,
547,0.7777777777777778,2,False,,,,
548,0.7777777777777778,2,False,,,,
549,0.7777777777777778,2,False,,,,
550,0.7777777777777778,2,False,,,,
551,0.7777777777777778,2,False,,,,
552,0.7777777777777778,2,False,,,,
553,0.6666666666666666,3,False,,,,
554,0.7777777777777778,2,False,,,,
555,0.7777777777777778,2,False,,,,
556,0.7777777777777778,2,False,,,,
557,0.8888888888888888,1,False,,,,
558,0.6666666666666666,3,False,,,,
559,0.6666666666666666,3,False,,,,
560,0.6666666666666666,3,False,,,,
561,0.6666666666666666,3,False,,,,
562,0.6666666666666666,3,False,,,,
563,0.6666666666666666,3,False,,,,
564,0.7777777777777778,2,False,,,,
565,0.7777777777777778,2,False,,,,
566,0.7777777777777778,2,False,,,,
567,0.7777777777777778,2,False,,,,
568,0.7777777777777778,2,False,,,,
569,0.7777777777777778,2,False,,,,
570,0.2222222222222222,7,True,0.2857142857142857,0.7142857142857143,0.09428740198616281,0.863120568566631
571,0.2222222222222222,7,True,0.4857142857142857,0.8571428571428571,0.22749311428573982,0.5916727785823275
572,0.2222222222222222,7,True,0.3682539682539682,0.7142857142857143,0.17112863674755563,1.1488348542809166
573,0.1111111111111111,8,True,0.35,0.625,0.19034316658358497,1.5487949406953985
574,0.1111111111111111,8,True,0.5023809523809524,0.75,0.2766916661858959,1.061278124459133
575,0.1111111111111111,8,True,0.3071428571428571,0.5,0.11757477645534242,2.0
576,0.1111111111111111,8,True,0.38333333333333336,0.5,0.11331711999846616,1.75
577,0.1111111111111111,8,True,0.369047619047619,0.625,0.17112863674755563,1.2987949406953985
578,0.1111111111111111,8,True,0.35238095238095235,0.5,0.11331711999846616,1.75
579,0.1111111111111111,8,True,0.2357142857142857,0.25,0.029164237274183935,2.5
580,0.1111111111111111,8,True,0.32380952380952377,0.625,0.19034316658358497,1.5487949406953985
581,0.6666666666666666,3,False,,,,
582,0.2222222222222222,7,True,0.2571428571428572,0.2857142857142857,0.03160748595877738,2.2359263506290326
583,0.2222222222222222,7,True,0.36507936507936506,0.7142857142857143,0.17112863674755563,1.1488348542809166
584,0.2222222222222222,7,True,0.3555555555555555,0.7142857142857143,0.17112863674755563,1.1488348542809166
585,0.2222222222222222,7,True,0.6,1.0,0.23579549349137974,0.0
586,0.1111111111111111,8,True,0.33095238095238094,0.375,0.06405530255413405,2.1556390622295662
587,0.1111111111111111,8,True,0.3261904761904762,0.625,0.19034316658358497,1.5487949406953985
588,0.1111111111111111,8,True,0.43333333333333335,0.625,0.1472075115099596,0.954434002924965
589,0.1111111111111111,8,True,0.30238095238095236,0.375,0.05373481277819914,1.9056390622295665
590,0.1111111111111111,8,True,0.29047619047619044,0.25,0.031607485958777604,2.25
591,0.1111111111111111,8,True,0.37380952380952387,0.375,0.08985840735201955,1.811278124459133
592,0.1111111111111111,8,True,0.4071428571428572,0.5,0.12364236051014776,1.4056390622295665
593,0.1111111111111111,8,True,0.2857142857142857,0.5,0.11757477645534242,2.0
594,0.1111111111111111,8,True,0.29285714285714287,0.5,0.11331711999846616,1.75
595,0.1111111111111111,8,True,0.3261904761904762,0.5,0.11331711999846616,1.75
596,0.1111111111111111,8,True,0.24285714285714285,0.375,0.05904160991070073,2.4056390622295662
597,0.1111111111111111,8,True,0.29523809523809524,0.375,0.06405530255413405,2.1556390622295662
598,0.1111111111111111,8,True,0.2976190476190476,0.5,0.11331711999846616,1.75
599,0.5555555555555556,4,False,,,,
600,0.1111111111111111,8,True,0.380952380952381,0.625,0.19034316658358497,1.5487949406953985
601,0.1111111111111111,8,True,0.2857142857142857,0.5,0.11757477645534242,2.0
602,0.2222222222222222,7,True,0.47619047619047616,0.7142857142857143,0.17112863674755563,1.1488348542809166
603,0.7777777777777778,2,False,,,,
604,0.7777777777777778,2,False,,,,
605,0.8888888888888888,1,False,,,,
606,0.8888888888888888,1,False,,,,
607,0.8888888888888888,1,False,,,,
608,0.8888888888888888,1,False,,,,
609,0.8888888888888888,1,False,,,,
610,0.8888888888888888,1,False,,,,
611,0.8888888888888888,1,False,,,,
612,0.8888888888888888,1,False,,,,
613,0.8888888888888888,1,False,,,,
614,0.8888888888888888,1,False,,,,
615,0.8888888888888888,1,False,,,,
616,0.8888888888888888,1,False,,,,
617,0.8888888888888888,1,False,,,,
618,0.8888888888888888,1,False,,,,
619,0.8888888888888888,1,False,,,,
620,0.7777777777777778,2,False,,,,
621,0.6666666666666666,3,False,,,,
622,0.6666666666666666,3,False,,,,
623,0.6666666666666666,3,False,,,,
624,0.6666666666666666,3,False,,,,
625,0.6666666666666666,3,False,,,,
626,0.1111111111111111,8,True,0.2642857142857143,0.375,0.05373481277819914,1.9056390622295665
627,0.1111111111111111,8,True,0.2976190476190476,0.5,0.12364236051014776,1.4056390622295665
628,0.1111111111111111,8,True,0.3714285714285714,0.625,0.17112863674755563,1.2987949406953985
629,0.2222222222222222,7,True,0.26031746031746034,0.42857142857142855,0.05373481277819914,1.8423709931771084
630,0.3333333333333333,6,True,0.31555555555555553,0.5,0.08985840735201955,1.7924812503605778
631,0.8888888888888888,1,False,,,,
632,0.2222222222222222,7,True,0.2571428571428572,0.2857142857142857,0.029164237274183935,2.5216406363433186
633,0.1111111111111111,8,True,0.3547619047619047,0.375,0.05373481277819914,1.9056390622295665
634,0.1111111111111111,8,True,0.3714285714285714,0.625,0.17112863674755563,1.2987949406953985
635,0.7777777777777778,2,False,,,,
636,0.1111111111111111,8,True,0.4261904761904762,0.75,0.2766916661858959,1.061278124459133
637,0.1111111111111111,8,True,0.5333333333333333,0.75,0.2766916661858959,1.061278124459133
638,0.1111111111111111,8,True,0.2857142857142857,0.5,0.11757477645534242,2.0
639,0.1111111111111111,8,True,0.5333333333333333,0.875,0.3776340271255507,0.5435644431995964
640,0.6666666666666666,3,False,,,,
641,0.6666666666666666,3,False,,,,
642,0.7777777777777778,2,False,,,,
643,0.7777777777777778,2,False,,,,
644,0.7777777777777778,2,False,,,,
645,0.3333333333333333,6,True,0.41333333333333333,0.6666666666666666,0.12364236051014776,1.2516291673878228
646,0.3333333333333333,6,True,0.4444444444444444,0.8333333333333334,0.1472075115099596,0.6500224216483541
647,0.3333333333333333,6,True,0.3466666666666667,0.6666666666666666,0.12364236051014776,1.2516291673878228
648,0.3333333333333333,6,True,0.3466666666666667,0.6666666666666666,0.12364236051014776,1.2516291673878228
649,0.3333333333333333,6,True,0.4711111111111111,0.6666666666666666,0.12364236051014776,1.2516291673878228
650,0.2222222222222222,7,True,0.31746031746031744,0.42857142857142855,0.05373481277819914,1.8423709931771084
651,0.2222222222222222,7,True,0.6,1.0,0.23579549349137974,0.0
652,0.2222222222222222,7,True,0.3777777777777778,0.7142857142857143,0.17112863674755563,1.1488348542809166
653,0.2222222222222222,7,True,0.43492063492063493,0.7142857142857143,0.17112863674755563,1.1488348542809166
654,0.2222222222222222,7,True,0.2507936507936508,0.2857142857142857,0.01761121820437861,1.950212064914747
655,0.1111111111111111,8,True,0.29285714285714287,0.5,0.11757477645534242,2.0
656,0.2222222222222222,7,True,0.41269841269841273,0.5714285714285714,0.11331711999846616,1.6644977792004614
657,0.2222222222222222,7,True,0.326984126984127,0.42857142857142855,0.05373481277819914,1.8423709931771088
658,0.2222222222222222,7,True,0.3079365079365079,0.2857142857142857,0.03160748595877738,2.2359263506290326
659,0.2222222222222222,7,True,0.3777777777777778,0.42857142857142855,0.012531249399036493,1.5566567074628228
660,0.3333333333333333,6,True,0.28888888888888886,0.5,0.0544694439636737,1.4591479170272446
661,0.3333333333333333,6,True,0.3333333333333333,0.6666666666666666,0.12364236051014776,1.2516291673878228
662,0.3333333333333333,6,True,0.29333333333333333,0.5,0.08985840735201955,1.7924812503605778
663,0.2222222222222222,7,True,0.3333333333333333,0.5714285714285714,0.11331711999846616,1.6644977792004614
664,1.0,0,False,,,,
665,1.0,0,False,,,,
666,0.1111111111111111,8,True,0.369047619047619,0.625,0.19034316658358497,1.5487949406953985
667,0.1111111111111111,8,True,0.30238095238095236,0.625,0.19034316658358497,1.5487949406953985
668,0.1111111111111111,8,True,0.2547619047619048,0.5,0.11331711999846616,1.75
669,0.1111111111111111,8,True,0.29285714285714287,0.5,0.11757477645534242,2.0
670,0.1111111111111111,8,True,0.39285714285714285,0.75,0.2766916661858959,1.061278124459133
671,0.1111111111111111,8,True,0.7333333333333333,1.0,0.49674166522435426,0.0
672,0.1111111111111111,8,True,0.3404761904761905,0.625,0.19034316658358497,1.5487949406953985
673,0.1111111111111111,8,True,0.3119047619047619,0.5,0.11331711999846616,1.75
674,0.1111111111111111,8,True,0.3952380952380953,0.625,0.19034316658358497,1.5487949406953985
675,0.1111111111111111,8,True,0.39047619047619053,0.75,0.2766916661858959,1.061278124459133
676,0.1111111111111111,8,True,0.26666666666666666,0.5,0.11757477645534242,2.0
677,0.1111111111111111,8,True,0.5,0.875,0.3776340271255507,0.5435644431995964
678,0.1111111111111111,8,True,0.2857142857142857,0.625,0.19034316658358497,1.5487949406953985
679,0.1111111111111111,8,True,0.2976190476190476,0.375,0.06405530255413405,2.1556390622295662
680,0.1111111111111111,8,True,0.39761904761904765,0.5,0.11331711999846616,1.75
681,0.1111111111111111,8,True,0.39047619047619053,0.625,0.19034316658358497,1.5487949406953985
682,0.1111111111111111,8,True,0.35,0.5,0.11331711999846616,1.75
683,0.1111111111111111,8,True,0.2642857142857143,0.25,0.029164237274183935,2.5
684,0.1111111111111111,8,True,0.19523809523809527,0.25,0.029164237274183935,2.5
685,0.1111111111111111,8,True,0.31666666666666665,0.5,0.11757477645534242,2.0
686,0.8888888888888888,1,False,,,,
687,0.8888888888888888,1,False,,,,
688,0.8888888888888888,1,False,,,,
689,1.0,0,False,,,,
690,1.0,0,False,,,,
691,1.0,0,False,,,,
692,1.0,0,False,,,,
693,1.0,0,False,,,,
694,1.0,0,False,,,,
695,1.0,0,False,,,,
696,1.0,0,False,,,,
697,0.8888888888888888,1,False,,,,
698,1.0,0,False,,,,
699,0.8888888888888888,1,False,,,,
700,0.8888888888888888,1,False,,,,
701,0.8888888888888888,1,False,,,,
702,0.1111111111111111,8,True,0.22380952380952382,0.375,0.05904160991070073,2.4056390622295662
703,0.8888888888888888,1,False,,,,
704,0.8888888888888888,1,False,,,,
705,0.8888888888888888,1,False,,,,
706,0.8888888888888888,1,False,,,,
707,0.8888888888888888,1,False,,,,
708,0.6666666666666666,3,False,,,,
709,0.6666666666666666,3,False,,,,
710,0.6666666666666666,3,False,,,,
711,0.6666666666666666,3,False,,,,
712,0.6666666666666666,3,False,,,,
713,0.7777777777777778,2,False,,,,
714,0.7777777777777778,2,False,,,,
715,0.7777777777777778,2,False,,,,
716,0.6666666666666666,3,False,,,,
717,0.1111111111111111,8,True,0.23333333333333334,0.375,0.08985840735201955,1.811278124459133
718,0.1111111111111111,8,True,0.319047619047619,0.5,0.11331711999846616,1.75
719,0.1111111111111111,8,True,0.28809523809523807,0.5,0.11757477645534242,2.0
720,0.1111111111111111,8,True,0.3214285714285714,0.5,0.11331711999846616,1.75
721,0.1111111111111111,8,True,0.28809523809523807,0.375,0.06405530255413405,2.1556390622295662
722,0.1111111111111111,8,True,0.40476190476190477,0.625,0.17112863674755563,1.2987949406953985
723,0.1111111111111111,8,True,0.3714285714285714,0.625,0.19034316658358497,1.5487949406953985
724,0.1111111111111111,8,True,0.3547619047619047,0.625,0.19034316658358497,1.5487949406953985
725,0.1111111111111111,8,True,0.369047619047619,0.5,0.11757477645534242,2.0
726,0.2222222222222222,7,True,0.2857142857142857,0.5714285714285714,0.11331711999846616,1.6644977792004614
727,0.1111111111111111,8,True,0.37619047619047613,0.625,0.17112863674755563,1.2987949406953985
728,0.1111111111111111,8,True,0.2285714285714286,0.375,0.06405530255413405,2.1556390622295662
729,0.6666666666666666,3,False,,,,
730,0.6666666666666666,3,False,,,,
731,0.6666666666666666,3,False,,,,
732,0.6666666666666666,3,False,,,,
733,0.6666666666666666,3,False,,,,
734,0.6666666666666666,3,False,,,,
735,0.6666666666666666,3,False,,,,
736,0.6666666666666666,3,False,,,,
737,0.6666666666666666,3,False,,,,
738,0.6666666666666666,3,False,,,,
739,0.6666666666666666,3,False,,,,
740,0.6666666666666666,3,False,,,,
741,0.6666666666666666,3,False,,,,
742,0.6666666666666666,3,False,,,,
743,0.1111111111111111,8,True,0.2571428571428572,0.375,0.05904160991070073,2.4056390622295662
744,0.1111111111111111,8,True,0.3261904761904762,0.375,0.06405530255413405,2.1556390622295662
745,0.1111111111111111,8,True,0.2571428571428572,0.5,0.11757477645534242,2.0
746,0.1111111111111111,8,True,0.20952380952380953,0.25,0.017432406926636723,2.75
747,0.1111111111111111,8,True,0.3214285714285714,0.375,0.06405530255413405,2.1556390622295662
748,0.1111111111111111,8,True,0.2571428571428572,0.25,0.029164237274183935,2.5
749,0.5555555555555556,4,False,,,,
750,0.7777777777777778,2,False,,,,
751,0.7777777777777778,2,False,,,,
752,0.7777777777777778,2,False,,,,
753,0.8888888888888888,1,False,,,,
754,0.8888888888888888,1,False,,,,
755,0.8888888888888888,1,False,,,,
756,0.8888888888888888,1,False,,,,
757,0.8888888888888888,1,False,,,,
758,0.8888888888888888,1,False,,,,
759,0.8888888888888888,1,False,,,,
760,1.0,0,False,,,,
761,1.0,0,False,,,,
762,1.0,0,False,,,,
763,1.0,0,False,,,,
764,1.0,0,False,,,,
765,1.0,0,False,,,,
766,1.0,0,False,,,,
767,1.0,0,False,,,,
768,0.8888888888888888,1,False,,,,
769,0.8888888888888888,1,False,,,,
770,0.8888888888888888,1,False,,,,
771,0.8888888888888888,1,False,,,,
772,0.7777777777777778,2,False,,,,
773,0.7777777777777778,2,False,,,,
774,0.5555555555555556,4,False,,,,
775,0.5555555555555556,4,False,,,,
776,1.0,0,False,,,,
777,1.0,0,False,,,,
778,1.0,0,False,,,,
779,1.0,0,False,,,,
780,1.0,0,False,,,,
781,1.0,0,False,,,,
782,1.0,0,False,,,,
783,1.0,0,False,,,,
784,1.0,0,False,,,,
785,1.0,0,False,,,,
786,1.0,0,False,,,,
787,1.0,0,False,,,,
788,1.0,0,False,,,,
789,1.0,0,False,,,,
790,1.0,0,False,,,,
791,1.0,0,False,,,,
792,1.0,0,False,,,,
793,1.0,0,False,,,,
794,1.0,0,False,,,,
795,1.0,0,False,,,,
796,0.1111111111111111,8,True,0.36666666666666664,0.375,0.05373481277819914,1.9056390622295665
797,0.1111111111111111,8,True,0.4285714285714286,0.625,0.17112863674755563,1.2987949406953985
798,0.2222222222222222,7,True,0.28253968253968254,0.42857142857142855,0.06405530255413405,2.1280852788913944
799,0.2222222222222222,7,True,0.29523809523809524,0.42857142857142855,0.05373481277819914,1.8423709931771088
800,0.2222222222222222,7,True,0.3619047619047619,0.5714285714285714,0.11331711999846616,1.6644977792004614
801,0.2222222222222222,7,True,0.3777777777777778,0.5714285714285714,0.08170416594551055,1.3787834934861753
802,0.1111111111111111,8,True,0.24523809523809523,0.375,0.06405530255413405,2.1556390622295662
803,0.1111111111111111,8,True,0.22380952380952382,0.375,0.06405530255413405,2.1556390622295662
804,0.1111111111111111,8,True,0.30952380952380953,0.375,0.05373481277819914,1.9056390622295665
805,0.1111111111111111,8,True,0.26904761904761904,0.375,0.06405530255413405,2.1556390622295662
806,0.1111111111111111,8,True,0.29523809523809524,0.5,0.11757477645534242,2.0
807,0.6666666666666666,3,False,,,,
808,0.2222222222222222,7,True,0.29523809523809524,0.42857142857142855,0.06405530255413405,2.1280852788913944
809,0.2222222222222222,7,True,0.4222222222222223,0.5714285714285714,0.08170416594551055,1.3787834934861753
810,1.0,0,False,,,,
811,1.0,0,False,,,,
812,1.0,0,False,,,,
813,1.0,0,False,,,,
814,1.0,0,False,,,,
815,1.0,0,False,,,,
816,1.0,0,False,,,,
817,1.0,0,False,,,,
818,1.0,0,False,,,,
819,1.0,0,False,,,,
820,1.0,0,False,,,,
821,1.0,0,False,,,,
822,1.0,0,False,,,,
823,1.0,0,False,,,,
824,1.0,0,False,,,,
825,1.0,0,False,,,,
826,1.0,0,False,,,,
827,1.0,0,False,,,,
828,1.0,0,False,,,,
829,1.0,0,False,,,,
830,1.0,0,False,,,,
831,1.0,0,False,,,,
832,1.0,0,False,,,,
833,1.0,0,False,,,,
834,0.3333333333333333,6,True,0.3777777777777778,0.5,0.0544694439636737,1.4591479170272448
835,0.3333333333333333,6,True,0.26666666666666666,0.5,0.0544694439636737,1.4591479170272448
836,0.3333333333333333,6,True,0.4444444444444444,0.8333333333333334,0.1472075115099596,0.6500224216483541
837,0.3333333333333333,6,True,0.30666666666666664,0.5,0.08985840735201955,1.7924812503605778
838,0.8888888888888888,1,False,,,,
839,0.8888888888888888,1,False,,,,
840,0.8888888888888888,1,False,,,,
841,0.8888888888888888,1,False,,,,
842,0.8888888888888888,1,False,,,,
843,0.8888888888888888,1,False,,,,
844,0.8888888888888888,1,False,,,,
845,0.8888888888888888,1,False,,,,
846,0.8888888888888888,1,False,,,,
847,0.8888888888888888,1,False,,,,
848,0.8888888888888888,1,False,,,,
849,0.8888888888888888,1,False,,,,
850,0.8888888888888888,1,False,,,,
851,0.8888888888888888,1,False,,,,
852,0.8888888888888888,1,False,,,,
853,0.8888888888888888,1,False,,,,
854,0.8888888888888888,1,False,,,,
855,0.2222222222222222,7,True,0.3555555555555555,0.5714285714285714,0.08170416594551055,1.3787834934861753
856,0.2222222222222222,7,True,0.380952380952381,0.5714285714285714,0.08170416594551055,1.3787834934861753
857,0.2222222222222222,7,True,0.3365079365079365,0.7142857142857143,0.17112863674755563,1.1488348542809166
858,0.2222222222222222,7,True,0.3714285714285714,0.7142857142857143,0.17112863674755563,1.1488348542809166
859,0.5555555555555556,4,False,,,,
860,0.5555555555555556,4,False,,,,
861,0.1111111111111111,8,True,0.25952380952380955,0.5,0.11757477645534242,2.0
862,0.1111111111111111,8,True,0.29047619047619044,0.5,0.11331711999846616,1.75
863,0.1111111111111111,8,True,0.36666666666666664,0.625,0.19034316658358497,1.5487949406953985
864,0.1111111111111111,8,True,0.28809523809523807,0.5,0.11757477645534242,2.0
865,0.1111111111111111,8,True,0.33095238095238094,0.5,0.11757477645534242,2.0
866,0.1111111111111111,8,True,0.3404761904761905,0.5,0.11331711999846616,1.75
867,0.1111111111111111,8,True,0.2523809523809524,0.25,0.031607485958777604,2.25
868,0.1111111111111111,8,True,0.35,0.375,0.06405530255413405,2.1556390622295662
869,0.1111111111111111,8,True,0.4785714285714286,0.75,0.2766916661858959,1.061278124459133
870,0.1111111111111111,8,True,0.3119047619047619,0.625,0.19034316658358497,1.5487949406953985
871,0.1111111111111111,8,True,0.25952380952380955,0.375,0.05373481277819914,1.9056390622295665
872,0.1111111111111111,8,True,0.65,0.875,0.3776340271255507,0.5435644431995964
873,0.1111111111111111,8,True,0.3428571428571428,0.5,0.12364236051014776,1.4056390622295665
874,0.1111111111111111,8,True,0.41190476190476194,0.625,0.17112863674755563,1.2987949406953985
875,0.1111111111111111,8,True,0.3142857142857143,0.5,0.11757477645534242,2.0
876,0.2222222222222222,7,True,0.30158730158730157,0.2857142857142857,0.01761121820437861,1.950212064914747
877,1.0,0,False,,,,
878,1.0,0,False,,,,
879,1.0,0,False,,,,
880,1.0,0,False,,,,
881,1.0,0,False,,,,
882,0.2222222222222222,7,True,0.23492063492063492,0.2857142857142857,0.03160748595877738,2.2359263506290326
883,0.1111111111111111,8,True,0.36666666666666664,0.625,0.19034316658358497,1.5487949406953985
884,0.2222222222222222,7,True,0.28253968253968254,0.42857142857142855,0.06405530255413405,2.1280852788913944
885,0.2222222222222222,7,True,0.3936507936507937,0.7142857142857143,0.17112863674755563,1.1488348542809166
886,0.2222222222222222,7,True,0.2,0.42857142857142855,0.06405530255413405,2.1280852788913944
887,0.2222222222222222,7,True,0.29523809523809524,0.42857142857142855,0.05373481277819914,1.8423709931771088
888,0.2222222222222222,7,True,0.473015873015873,0.7142857142857143,0.09428740198616281,0.863120568566631
889,0.1111111111111111,8,True,0.2857142857142857,0.25,0.031607485958777604,2.25
890,0.1111111111111111,8,True,0.30238095238095236,0.5,0.11757477645534242,2.0
891,0.1111111111111111,8,True,0.24761904761904763,0.375,0.08985840735201955,1.811278124459133
892,0.1111111111111111,8,True,0.3952380952380953,0.625,0.19034316658358497,1.5487949406953985
893,0.1111111111111111,8,True,0.2357142857142857,0.375,0.06405530255413405,2.1556390622295662
894,0.1111111111111111,8,True,0.42142857142857143,0.75,0.2766916661858959,1.061278124459133
895,0.1111111111111111,8,True,0.3142857142857143,0.5,0.11331711999846616,1.75
896,0.1111111111111111,8,True,0.44285714285714284,0.75,0.2766916661858959,1.061278124459133
897,0.2222222222222222,7,True,0.25396825396825395,0.2857142857142857,0.03160748595877738,2.2359263506290326
898,0.3333333333333333,6,True,0.3111111111111111,0.3333333333333333,0.05373481277819914,1.9182958340544893
899,0.1111111111111111,8,True,0.22380952380952382,0.25,0.029164237274183935,2.5
900,0.1111111111111111,8,True,0.2976190476190476,0.5,0.12364236051014776,1.4056390622295665
901,0.1111111111111111,8,True,0.20238095238095238,0.25,0.017432406926636723,2.75
902,0.1111111111111111,8,True,0.29047619047619044,0.375,0.06405530255413405,2.1556390622295662
903,0.1111111111111111,8,True,0.2833333333333333,0.625,0.19034316658358497,1.5487949406953985
904,0.1111111111111111,8,True,0.4142857142857143,0.75,0.2766916661858959,1.061278124459133
905,0.1111111111111111,8,True,0.35714285714285715,0.5,0.11331711999846616,1.75
906,0.1111111111111111,8,True,0.2357142857142857,0.375,0.06405530255413405,2.1556390622295662
907,0.1111111111111111,8,True,0.2642857142857143,0.5,0.08170416594551055,1.5
908,0.1111111111111111,8,True,0.35714285714285715,0.625,0.17112863674755563,1.2987949406953985
909,0.1111111111111111,8,True,0.4071428571428572,0.75,0.2766916661858959,1.061278124459133
910,0.1111111111111111,8,True,0.55,0.875,0.3776340271255507,0.5435644431995964
911,0.1111111111111111,8,True,0.4714285714285714,0.75,0.2766916661858959,1.061278124459133
912,0.1111111111111111,8,True,0.24047619047619048,0.5,0.11331711999846616,1.75
913,0.1111111111111111,8,True,0.48333333333333334,0.875,0.3776340271255507,0.5435644431995964
914,0.1111111111111111,8,True,0.5,0.875,0.3776340271255507,0.5435644431995964
915,0.1111111111111111,8,True,0.5333333333333333,1.0,0.49674166522435426,0.0
916,0.1111111111111111,8,True,0.3785714285714286,0.5,0.11331711999846616,1.75
917,0.1111111111111111,8,True,0.5333333333333333,1.0,0.49674166522435426,0.0
918,0.1111111111111111,8,True,0.8666666666666667,1.0,0.49674166522435426,0.0
919,1.0,0,False,,,,
920,0.1111111111111111,8,True,0.5166666666666667,0.875,0.3776340271255507,0.5435644431995964
921,0.1111111111111111,8,True,0.6,1.0,0.49674166522435426,0.0
922,0.1111111111111111,8,True,0.5333333333333333,1.0,0.49674166522435426,0.0
923,0.1111111111111111,8,True,0.5333333333333333,1.0,0.49674166522435426,0.0
924,0.1111111111111111,8,True,0.55,0.875,0.3776340271255507,0.5435644431995964
925,0.1111111111111111,8,True,0.55,0.875,0.3776340271255507,0.5435644431995964
926,0.1111111111111111,8,True,0.5333333333333333,1.0,0.49674166522435426,0.0
927,1.0,0,False,,,,
928,1.0,0,False,,,,
929,1.0,0,False,,,,
930,1.0,0,False,,,,
931,0.1111111111111111,8,True,0.5,0.875,0.3776340271255507,0.5435644431995964
932,0.1111111111111111,8,True,0.5333333333333333,1.0,0.49674166522435426,0.0
933,0.1111111111111111,8,True,0.6666666666666666,1.0,0.49674166522435426,0.0
934,0.1111111111111111,8,True,0.4404761904761905,0.75,0.2766916661858959,1.061278124459133
935,0.1111111111111111,8,True,0.43333333333333335,0.875,0.3776340271255507,0.5435644431995964
936,0.1111111111111111,8,True,0.48333333333333334,0.875,0.3776340271255507,0.5435644431995964
937,0.1111111111111111,8,True,0.4666666666666667,0.875,0.3776340271255507,0.5435644431995964
938,0.1111111111111111,8,True,0.5166666666666667,0.875,0.3776340271255507,0.5435644431995964
939,0.1111111111111111,8,True,0.45476190476190476,0.75,0.2766916661858959,1.061278124459133
940,0.1111111111111111,8,True,0.35714285714285715,0.5,0.11331711999846616,1.75
941,0.1111111111111111,8,True,0.4071428571428572,0.75,0.2766916661858959,1.061278124459133
942,0.2222222222222222,7,True,0.3428571428571428,0.42857142857142855,0.0544694439636737,1.4488156357251847
943,0.1111111111111111,8,True,0.2738095238095238,0.375,0.05373481277819914,1.9056390622295665
944,0.1111111111111111,8,True,0.2642857142857143,0.25,0.031607485958777604,2.25
945,0.1111111111111111,8,True,0.46904761904761905,0.625,0.17112863674755563,1.2987949406953985
946,0.1111111111111111,8,True,0.26666666666666666,0.5,0.11757477645534242,2.0
947,0.1111111111111111,8,True,0.25952380952380955,0.5,0.11757477645534242,2.0
948,0.1111111111111111,8,True,0.4404761904761905,0.625,0.19034316658358497,1.5487949406953985
949,0.1111111111111111,8,True,0.4023809523809524,0.625,0.19034316658358497,1.5487949406953985
950,0.1111111111111111,8,True,0.5166666666666667,0.875,0.3776340271255507,0.5435644431995964
951,0.1111111111111111,8,True,0.44761904761904764,0.5,0.1216528952381466,1.0
952,0.1111111111111111,8,True,0.31666666666666665,0.5,0.11757477645534242,2.0
953,0.1111111111111111,8,True,0.24285714285714285,0.25,0.029164237274183935,2.5
954,0.1111111111111111,8,True,0.28809523809523807,0.5,0.11757477645534242,2.0
955,0.1111111111111111,8,True,0.4380952380952381,0.625,0.17112863674755563,1.2987949406953985
956,0.8888888888888888,1,False,,,,
957,0.8888888888888888,1,False,,,,
958,0.8888888888888888,1,False,,,,
959,0.8888888888888888,1,False,,,,
960,0.8888888888888888,1,False,,,,
961,0.8888888888888888,1,False,,,,
962,0.8888888888888888,1,False,,,,
963,0.8888888888888888,1,False,,,,
964,0.8888888888888888,1,False,,,,
965,0.8888888888888888,1,False,,,,
966,0.8888888888888888,1,False,,,,
967,1.0,0,False,,,,
968,1.0,0,False,,,,
969,1.0,0,False,,,,
970,0.8888888888888888,1,False,,,,
971,0.8888888888888888,1,False,,,,
972,0.8888888888888888,1,False,,,,
973,0.8888888888888888,1,False,,,,
974,0.8888888888888888,1,False,,,,
975,0.8888888888888888,1,False,,,,
976,0.8888888888888888,1,False,,,,
977,0.8888888888888888,1,False,,,,
978,1.0,0,False,,,,
979,1.0,0,False,,,,
980,1.0,0,False,,,,
981,1.0,0,False,,,,
982,1.0,0,False,,,,
983,1.0,0,False,,,,
984,1.0,0,False,,,,
985,1.0,0,False,,,,
986,1.0,0,False,,,,
987,1.0,0,False,,,,
988,1.0,0,False,,,,
989,1.0,0,False,,,,
990,1.0,0,False,,,,
991,1.0,0,False,,,,
992,1.0,0,False,,,,
993,1.0,0,False,,,,
994,1.0,0,False,,,,
995,1.0,0,False,,,,
996,1.0,0,False,,,,
997,1.0,0,False,,,,
998,1.0,0,False,,,,
999,0.8888888888888888,1,False,,,,
1000,0.8888888888888888,1,False,,,,
1001,0.8888888888888888,1,False,,,,
1002,0.8888888888888888,1,False,,,,
1003,0.8888888888888888,1,False,,,,
1004,0.8888888888888888,1,False,,,,
1005,0.8888888888888888,1,False,,,,
1006,0.8888888888888888,1,False,,,,
1007,0.8888888888888888,1,False,,,,
1008,1.0,0,False,,,,
1009,1.0,0,False,,,,
1010,1.0,0,False,,,,
1011,1.0,0,False,,,,
1012,0.8888888888888888,1,False,,,,
1013,0.8888888888888888,1,False,,,,
1014,0.8888888888888888,1,False,,,,
1015,0.8888888888888888,1,False,,,,
1016,0.8888888888888888,1,False,,,,
1017,0.8888888888888888,1,False,,,,
1018,0.8888888888888888,1,False,,,,
1019,0.8888888888888888,1,False,,,,
1020,0.8888888888888888,1,False,,,,
1021,0.8888888888888888,1,False,,,,
1022,0.8888888888888888,1,False,,,,
1023,0.8888888888888888,1,False,,,,
1024,0.8888888888888888,1,False,,,,
1025,0.8888888888888888,1,False,,,,
1026,0.8888888888888888,1,False,,,,
1027,0.8888888888888888,1,False,,,,
1028,0.8888888888888888,1,False,,,,
1029,0.8888888888888888,1,False,,,,
1030,0.8888888888888888,1,False,,,,
1031,0.8888888888888888,1,False,,,,
1032,0.8888888888888888,1,False,,,,
1033,0.8888888888888888,1,False,,,,
1034,0.8888888888888888,1,False,,,,
1035,0.8888888888888888,1,False,,,,
1036,1.0,0,False,,,,
1037,0.8888888888888888,1,False,,,,
1038,0.1111111111111111,8,True,0.30952380952380953,0.5,0.11331711999846616,1.75
1039,0.1111111111111111,8,True,0.24285714285714285,0.5,0.11757477645534242,2.0
1040,0.2222222222222222,7,True,0.44761904761904764,0.5714285714285714,0.08170416594551055,1.3787834934861753
1041,0.8888888888888888,1,False,,,,
1042,0.8888888888888888,1,False,,,,
1043,0.3333333333333333,6,True,0.3466666666666667,0.6666666666666666,0.12364236051014776,1.2516291673878228
1044,0.3333333333333333,6,True,0.39555555555555555,0.6666666666666666,0.12364236051014776,1.2516291673878228
1045,0.7777777777777778,2,False,,,,
1046,0.1111111111111111,8,True,0.2,0.25,0.029164237274183935,2.5
1047,0.1111111111111111,8,True,0.2571428571428572,0.25,0.031607485958777604,2.25
1048,0.1111111111111111,8,True,0.4285714285714286,0.625,0.17112863674755563,1.2987949406953985
1049,0.1111111111111111,8,True,0.31666666666666665,0.5,0.11331711999846616,1.75
1050,0.1111111111111111,8,True,0.32380952380952377,0.5,0.11331711999846616,1.75
1051,0.1111111111111111,8,True,0.25,0.375,0.05904160991070073,2.4056390622295662
1052,0.1111111111111111,8,True,0.4095238095238095,0.75,0.2766916661858959,1.061278124459133
1053,0.1111111111111111,8,True,0.30952380952380953,0.5,0.11757477645534242,2.0
1054,0.1111111111111111,8,True,0.3619047619047619,0.5,0.08170416594551055,1.5
1055,0.1111111111111111,8,True,0.33095238095238094,0.625,0.19034316658358497,1.5487949406953985
1056,0.1111111111111111,8,True,0.369047619047619,0.625,0.19034316658358497,1.5487949406953985
1057,0.1111111111111111,8,True,0.2761904761904762,0.25,0.031607485958777604,2.25
1058,0.1111111111111111,8,True,0.38333333333333336,0.625,0.19034316658358497,1.5487949406953985
1059,0.1111111111111111,8,True,0.4785714285714286,0.75,0.2766916661858959,1.061278124459133
1060,0.1111111111111111,8,True,0.369047619047619,0.5,0.11757477645534242,2.0
1061,1.0,0,False,,,,
1062,1.0,0,False,,,,
1063,1.0,0,False,,,,
1064,1.0,0,False,,,,
1065,1.0,0,False,,,,
1066,0.1111111111111111,8,True,0.32380952380952377,0.5,0.11331711999846616,1.75
1067,0.1111111111111111,8,True,0.4404761904761905,0.75,0.2766916661858959,1.061278124459133
1068,1.0,0,False,,,,
1069,0.1111111111111111,8,True,0.430952380952381,0.625,0.17112863674755563,1.2987949406953985
1070,0.1111111111111111,8,True,0.42380952380952386,0.5,0.1216528952381466,1.0
1071,0.1111111111111111,8,True,0.6,1.0,0.49674166522435426,0.0
1072,0.1111111111111111,8,True,0.6666666666666666,1.0,0.49674166522435426,0.0
1073,0.1111111111111111,8,True,0.6666666666666666,1.0,0.49674166522435426,0.0
1074,0.1111111111111111,8,True,0.45476190476190476,0.75,0.2766916661858959,1.061278124459133
1075,0.1111111111111111,8,True,0.5333333333333333,1.0,0.49674166522435426,0.0
1076,0.1111111111111111,8,True,0.46190476190476193,0.625,0.17112863674755563,1.2987949406953985
1077,0.1111111111111111,8,True,0.4142857142857143,0.75,0.2766916661858959,1.061278124459133
1078,0.1111111111111111,8,True,0.30476190476190473,0.5,0.11331711999846616,1.75
1079,0.1111111111111111,8,True,0.3119047619047619,0.5,0.08170416594551055,1.5
1080,0.1111111111111111,8,True,0.4714285714285714,0.75,0.2766916661858959,1.061278124459133
1081,0.1111111111111111,8,True,0.44761904761904764,0.75,0.22749311428573982,0.8112781244591328
1082,0.1111111111111111,8,True,0.6,1.0,0.49674166522435426,0.0
1083,0.1111111111111111,8,True,0.7,0.875,0.3776340271255507,0.5435644431995964
1084,0.1111111111111111,8,True,0.2619047619047619,0.25,0.031607485958777604,2.25
1085,0.1111111111111111,8,True,0.39047619047619053,0.75,0.2766916661858959,1.061278124459133
1086,0.1111111111111111,8,True,0.4928571428571428,0.75,0.2766916661858959,1.061278124459133
1087,0.1111111111111111,8,True,0.4285714285714286,0.75,0.2766916661858959,1.061278124459133
1088,0.1111111111111111,8,True,0.2523809523809524,0.5,0.08170416594551055,1.5
1089,0.1111111111111111,8,True,0.38333333333333336,0.625,0.19034316658358497,1.5487949406953985
1090,0.1111111111111111,8,True,0.4523809523809524,0.75,0.22749311428573982,0.8112781244591328
1091,1.0,0,False,,,,
1092,1.0,0,False,,,,
1093,1.0,0,False,,,,
1094,1.0,0,False,,,,
1095,1.0,0,False,,,,
1096,1.0,0,False,,,,
1097,0.1111111111111111,8,True,0.3404761904761905,0.625,0.19034316658358497,1.5487949406953985
1098,0.1111111111111111,8,True,0.28809523809523807,0.375,0.06405530255413405,2.1556390622295662
1099,0.1111111111111111,8,True,0.3404761904761905,0.5,0.11331711999846616,1.75
1100,1.0,0,False,,,,
1101,1.0,0,False,,,,
1102,1.0,0,False,,,,
1103,1.0,0,False,,,,
1104,1.0,0,False,,,,
1105,1.0,0,False,,,,
1106,1.0,0,False,,,,
1107,1.0,0,False,,,,
1108,1.0,0,False,,,,
1109,0.8888888888888888,1,False,,,,
1110,0.8888888888888888,1,False,,,,
1111,0.8888888888888888,1,False,,,,
1112,0.8888888888888888,1,False,,,,
1113,0.8888888888888888,1,False,,,,
1114,1.0,0,False,,,,
1115,1.0,0,False,,,,
1116,1.0,0,False,,,,
1117,1.0,0,False,,,,
1118,1.0,0,False,,,,
1119,1.0,0,False,,,,
1120,1.0,0,False,,,,
1121,1.0,0,False,,,,
1122,1.0,0,False,,,,
1123,1.0,0,False,,,,
1124,1.0,0,False,,,,
1125,1.0,0,False,,,,
1126,1.0,0,False,,,,
1127,1.0,0,False,,,,
1128,1.0,0,False,,,,
1129,1.0,0,False,,,,
1130,1.0,0,False,,,,
1131,1.0,0,False,,,,
1132,1.0,0,False,,,,
1133,1.0,0,False,,,,
1134,1.0,0,False,,,,
1135,0.8888888888888888,1,False,,,,
1136,0.8888888888888888,1,False,,,,
1137,0.8888888888888888,1,False,,,,
1138,0.8888888888888888,1,False,,,,
1139,0.1111111111111111,8,True,0.5,0.875,0.3776340271255507,0.5435644431995964
1140,0.1111111111111111,8,True,0.5666666666666667,0.875,0.3776340271255507,0.5435644431995964
1141,0.1111111111111111,8,True,0.43333333333333335,0.875,0.3776340271255507,0.5435644431995964
1142,0.1111111111111111,8,True,0.380952380952381,0.5,0.12364236051014776,1.4056390622295665
1143,0.1111111111111111,8,True,1.0,1.0,0.49674166522435426,0.0
1144,0.1111111111111111,8,True,0.5166666666666667,0.875,0.3776340271255507,0.5435644431995964
1145,0.1111111111111111,8,True,0.55,0.875,0.3776340271255507,0.5435644431995964
1146,0.1111111111111111,8,True,0.5166666666666667,0.875,0.3776340271255507,0.5435644431995964
1147,0.1111111111111111,8,True,0.6,1.0,0.49674166522435426,0.0
1148,1.0,0,False,,,,
1149,1.0,0,False,,,,
1150,1.0,0,False,,,,
1151,1.0,0,False,,,,
1152,1.0,0,False,,,,
1153,1.0,0,False,,,,
1154,1.0,0,False,,,,
1155,1.0,0,False,,,,
1156,0.1111111111111111,8,True,0.43333333333333335,0.875,0.3776340271255507,0.5435644431995964
1157,0.1111111111111111,8,True,0.28809523809523807,0.5,0.11331711999846616,1.75
1158,0.1111111111111111,8,True,0.6,1.0,0.49674166522435426,0.0
1159,0.1111111111111111,8,True,0.29523809523809524,0.5,0.11331711999846616,1.75
1160,0.1111111111111111,8,True,0.5833333333333334,0.875,0.3776340271255507,0.5435644431995964
1161,0.1111111111111111,8,True,0.35238095238095235,0.5,0.11331711999846616,1.75
1162,0.1111111111111111,8,True,0.44285714285714284,0.75,0.2766916661858959,1.061278124459133
1163,0.1111111111111111,8,True,0.319047619047619,0.375,0.06405530255413405,2.1556390622295662
1164,0.1111111111111111,8,True,0.3357142857142857,0.625,0.19034316658358497,1.5487949406953985
1165,1.0,0,False,,,,
1166,1.0,0,False,,,,
1167,1.0,0,False,,,,
1168,0.1111111111111111,8,True,0.25952380952380955,0.25,0.029164237274183935,2.5
1169,0.2222222222222222,7,True,0.3555555555555555,0.5714285714285714,0.08170416594551055,1.3787834934861753
1170,1.0,0,False,,,,
1171,1.0,0,False,,,,
1172,1.0,0,False,,,,
1173,1.0,0,False,,,,
1174,1.0,0,False,,,,
1175,1.0,0,False,,,,
1176,1.0,0,False,,,,
1177,1.0,0,False,,,,
1178,1.0,0,False,,,,
1179,1.0,0,False,,,,
1180,1.0,0,False,,,,
1181,1.0,0,False,,,,
1182,0.2222222222222222,7,True,0.3714285714285714,0.7142857142857143,0.17112863674755563,1.1488348542809166
1183,0.2222222222222222,7,True,0.3714285714285714,0.5714285714285714,0.11331711999846616,1.6644977792004614
1184,0.2222222222222222,7,True,0.4095238095238095,0.7142857142857143,0.09428740198616281,0.863120568566631
1185,0.2222222222222222,7,True,0.2920634920634921,0.5714285714285714,0.11331711999846616,1.6644977792004614
1186,0.8888888888888888,1,False,,,,
1187,0.8888888888888888,1,False,,,,
1188,1.0,0,False,,,,
1189,1.0,0,False,,,,
1190,1.0,0,False,,,,
1191,1.0,0,False,,,,
1192,1.0,0,False,,,,
1193,1.0,0,False,,,,
1194,1.0,0,False,,,,
1195,1.0,0,False,,,,
1196,0.8888888888888888,1,False,,,,
1197,0.6666666666666666,3,False,,,,
1198,0.6666666666666666,3,False,,,,
1199,0.1111111111111111,8,True,0.28095238095238095,0.625,0.19034316658358497,1.5487949406953985
1200,0.1111111111111111,8,True,0.35714285714285715,0.625,0.19034316658358497,1.5487949406953985
1201,0.1111111111111111,8,True,0.7333333333333333,1.0,0.49674166522435426,0.0
1202,0.1111111111111111,8,True,0.44761904761904764,0.75,0.2766916661858959,1.061278124459133
1203,0.1111111111111111,8,True,0.3357142857142857,0.75,0.2766916661858959,1.061278124459133
1204,1.0,0,False,,,,
1205,1.0,0,False,,,,
1206,1.0,0,False,,,,
1207,1.0,0,False,,,,
1208,1.0,0,False,,,,
1209,1.0,0,False,,,,
1210,1.0,0,False,,,,
1211,1.0,0,False,,,,
1212,1.0,0,False,,,,
1213,1.0,0,False,,,,
1214,1.0,0,False,,,,
1215,1.0,0,False,,,,
1216,1.0,0,False,,,,
1217,1.0,0,False,,,,
1218,0.1111111111111111,8,True,0.29523809523809524,0.25,0.031607485958777604,2.25
1219,0.1111111111111111,8,True,0.38333333333333336,0.625,0.17112863674755563,1.2987949406953985
1220,0.1111111111111111,8,True,0.42142857142857143,0.75,0.2766916661858959,1.061278124459133
1221,0.1111111111111111,8,True,0.35714285714285715,0.375,0.05373481277819914,1.9056390622295665
1222,0.1111111111111111,8,True,0.3214285714285714,0.5,0.11331711999846616,1.75
1223,0.1111111111111111,8,True,0.22380952380952382,0.375,0.06405530255413405,2.1556390622295662
1224,0.1111111111111111,8,True,0.18333333333333332,0.25,0.029164237274183935,2.5
1225,0.1111111111111111,8,True,0.3142857142857143,0.5,0.11331711999846616,1.75
1226,0.1111111111111111,8,True,0.22380952380952382,0.25,0.031607485958777604,2.25
1227,0.1111111111111111,8,True,0.3071428571428571,0.375,0.05373481277819914,1.9056390622295665
1228,0.2222222222222222,7,True,0.2634920634920635,0.2857142857142857,0.01761121820437861,1.950212064914747
1229,1.0,0,False,,,,
1230,0.7777777777777778,2,False,,,,
1231,0.7777777777777778,2,False,,,,
1232,0.7777777777777778,2,False,,,,
1233,0.7777777777777778,2,False,,,,
1234,0.7777777777777778,2,False,,,,
1235,0.3333333333333333,6,True,0.38666666666666666,0.6666666666666666,0.12364236051014776,1.2516291673878228
1236,0.3333333333333333,6,True,0.6,1.0,0.08170416594551044,0.0
1237,0.2222222222222222,7,True,0.30158730158730157,0.42857142857142855,0.05373481277819914,1.8423709931771088
1238,0.1111111111111111,8,True,0.26666666666666666,0.375,0.06405530255413405,2.1556390622295662
1239,0.1111111111111111,8,True,0.3785714285714286,0.625,0.19034316658358497,1.5487949406953985
1240,0.1111111111111111,8,True,0.4071428571428572,0.625,0.17112863674755563,1.2987949406953985
1241,0.1111111111111111,8,True,0.3071428571428571,0.625,0.17112863674755563,1.2987949406953985
1242,0.1111111111111111,8,True,0.3261904761904762,0.375,0.0544694439636737,1.561278124459133
1243,0.1111111111111111,8,True,0.36666666666666664,0.625,0.17112863674755563,1.2987949406953985
1244,0.1111111111111111,8,True,0.35,0.625,0.19034316658358497,1.5487949406953985
1245,0.2222222222222222,7,True,0.326984126984127,0.5714285714285714,0.11331711999846616,1.6644977792004614
1246,0.3333333333333333,6,True,0.4444444444444444,0.6666666666666666,0.0343663928571748,0.9182958340544896
1247,0.3333333333333333,6,True,0.3422222222222222,0.6666666666666666,0.12364236051014776,1.2516291673878228
1248,0.2222222222222222,7,True,0.24444444444444444,0.2857142857142857,0.01761121820437861,1.9502120649147465
1249,0.2222222222222222,7,True,0.25396825396825395,0.2857142857142857,0.03160748595877738,2.2359263506290326
1250,0.2222222222222222,7,True,0.4571428571428572,0.7142857142857143,0.17112863674755563,1.1488348542809166
1251,0.3333333333333333,6,True,0.2755555555555556,0.5,0.0544694439636737,1.4591479170272448
1252,0.2222222222222222,7,True,0.2920634920634921,0.42857142857142855,0.06405530255413405,2.1280852788913944
1253,0.2222222222222222,7,True,0.28888888888888886,0.42857142857142855,0.05373481277819914,1.8423709931771088
1254,0.4444444444444444,5,True,0.33999999999999997,0.4,0.08170416594551055,1.5219280948873621
1255,0.3333333333333333,6,True,0.3111111111111111,0.3333333333333333,0.05373481277819914,1.9182958340544893
1256,0.1111111111111111,8,True,0.2761904761904762,0.375,0.06405530255413405,2.1556390622295662
1257,0.0,9,True,0.2611111111111111,0.2222222222222222,0.029164237274183935,2.725480556997868
1258,0.0,9,True,0.28518518518518515,0.4444444444444444,0.11331711999846616,2.058813890331201
1259,0.0,9,True,0.4444444444444444,0.6666666666666666,0.2766916661858959,1.4466166676282082
1260,0.1111111111111111,8,True,0.3333333333333333,0.625,0.19034316658358497,1.5487949406953985
1261,0.0,9,True,0.32407407407407407,0.5555555555555556,0.19034316658358497,1.8799649487271108
1262,0.1111111111111111,8,True,0.33095238095238094,0.375,0.06405530255413405,2.1556390622295662
1263,0.1111111111111111,8,True,0.2857142857142857,0.5,0.11757477645534242,2.0
1264,0.1111111111111111,8,True,0.36428571428571427,0.625,0.19034316658358497,1.5487949406953985
1265,0.8888888888888888,1,False,,,,
1266,0.0,9,True,0.31851851851851853,0.4444444444444444,0.11757477645534242,2.2810361125534233
1267,0.2222222222222222,7,True,0.2920634920634921,0.42857142857142855,0.012531249399036493,1.5566567074628228
1268,0.0,9,True,0.24444444444444444,0.4444444444444444,0.11757477645534242,2.2810361125534233
1269,0.0,9,True,0.2537037037037037,0.2222222222222222,0.031607485958777604,2.5032583347756456
1270,0.0,9,True,0.33888888888888885,0.6666666666666666,0.2766916661858959,1.4466166676282082
1271,0.0,9,True,0.44814814814814813,0.7777777777777778,0.23579549349137974,0.7642045065086203
1272,0.0,9,True,0.2537037037037037,0.3333333333333333,0.06405530255413405,2.4193819456463714
1273,0.0,9,True,0.2722222222222222,0.4444444444444444,0.11757477645534242,2.2810361125534233
1274,0.0,9,True,0.33888888888888885,0.5555555555555556,0.19034316658358497,1.8799649487271108
1275,0.1111111111111111,8,True,0.2,0.375,0.05904160991070073,2.4056390622295662
1276,0.1111111111111111,8,True,0.35238095238095235,0.5,0.11331711999846616,1.75
1277,0.1111111111111111,8,True,0.37619047619047613,0.375,0.05373481277819914,1.9056390622295665
1278,0.1111111111111111,8,True,0.2571428571428572,0.5,0.11757477645534242,2.0
1279,0.1111111111111111,8,True,0.3,0.5,0.11331711999846616,1.75
1280,0.1111111111111111,8,True,0.37380952380952387,0.375,0.05373481277819914,1.9056390622295665
1281,0.0,9,True,0.3074074074074074,0.5555555555555556,0.19034316658358497,1.8799649487271108
1282,0.0,9,True,0.3148148148148148,0.4444444444444444,0.11331711999846616,2.058813890331201
1283,0.0,9,True,0.28703703703703703,0.4444444444444444,0.11757477645534242,2.2810361125534233
1284,0.0,9,True,0.4555555555555556,0.6666666666666666,0.22749311428573982,1.224394445405986
1285,0.0,9,True,0.21666666666666667,0.2222222222222222,0.029164237274183935,2.725480556997868
1286,0.0,9,True,0.34444444444444444,0.5555555555555556,0.17112863674755563,1.6577427265048887
1287,0.0,9,True,0.33888888888888885,0.5555555555555556,0.19034316658358497,1.8799649487271108
1288,0.0,9,True,0.2833333333333333,0.4444444444444444,0.11757477645534242,2.2810361125534233
1289,0.0,9,True,0.25,0.3333333333333333,0.06405530255413405,2.4193819456463714
1290,0.0,9,True,0.34074074074074073,0.5555555555555556,0.17112863674755563,1.6577427265048887
1291,0.0,9,True,0.3648148148148148,0.6666666666666666,0.22749311428573982,1.224394445405986
1292,1.0,0,False,,,,
1293,1.0,0,False,,,,
1294,1.0,0,False,,,,
1295,1.0,0,False,,,,
1296,1.0,0,False,,,,
1297,1.0,0,False,,,,
1298,0.0,9,True,0.5777777777777778,0.8888888888888888,0.49674166522435426,0.5032583347756457
1299,0.0,9,True,0.34444444444444444,0.5555555555555556,0.1472075115099596,1.3516441151533922
1300,0.0,9,True,0.22962962962962966,0.3333333333333333,0.05373481277819914,2.197159723424149
1301,0.0,9,True,0.3333333333333333,0.6666666666666666,0.22749311428573982,1.224394445405986
1302,0.1111111111111111,8,True,0.2785714285714286,0.375,0.05904160991070073,2.4056390622295662
1303,0.1111111111111111,8,True,0.45,0.75,0.2766916661858959,1.061278124459133
1304,0.3333333333333333,6,True,0.26666666666666666,0.3333333333333333,0.06405530255413405,2.2516291673878226
1305,0.3333333333333333,6,True,0.2622222222222222,0.6666666666666666,0.12364236051014776,1.2516291673878228
1306,0.3333333333333333,6,True,0.3244444444444445,0.6666666666666666,0.12364236051014776,1.2516291673878228
1307,0.3333333333333333,6,True,0.5555555555555555,0.8333333333333334,0.1472075115099596,0.6500224216483541
1308,1.0,0,False,,,,
1309,1.0,0,False,,,,
1310,0.3333333333333333,6,True,0.32,0.5,0.0544694439636737,1.4591479170272448
1311,0.4444444444444444,5,True,0.2533333333333333,0.4,0.11331711999846616,1.9219280948873623
1312,0.3333333333333333,6,True,0.5777777777777778,0.8333333333333334,0.1472075115099596,0.6500224216483541
1313,0.3333333333333333,6,True,0.2,0.3333333333333333,0.06405530255413405,2.2516291673878226
1314,0.3333333333333333,6,True,0.24444444444444444,0.3333333333333333,0.05373481277819914,1.9182958340544893
1315,0.3333333333333333,6,True,0.4666666666666667,0.8333333333333334,0.1472075115099596,0.6500224216483541
1316,0.3333333333333333,6,True,0.6666666666666666,1.0,0.08170416594551044,0.0
1317,0.3333333333333333,6,True,0.3333333333333333,0.5,0.08985840735201955,1.7924812503605778
1318,0.1111111111111111,8,True,0.2547619047619048,0.5,0.11757477645534242,2.0
1319,0.1111111111111111,8,True,0.23333333333333334,0.375,0.05904160991070073,2.4056390622295662
1320,0.1111111111111111,8,True,0.3785714285714286,0.625,0.19034316658358497,1.5487949406953985
1321,0.1111111111111111,8,True,0.33809523809523806,0.5,0.12364236051014776,1.4056390622295665
1322,0.1111111111111111,8,True,0.2642857142857143,0.375,0.05904160991070073,2.4056390622295662
1323,0.1111111111111111,8,True,0.2357142857142857,0.25,0.029164237274183935,2.5
1324,0.8888888888888888,1,False,,,,
1325,0.8888888888888888,1,False,,,,
1326,0.8888888888888888,1,False,,,,
1327,0.8888888888888888,1,False,,,,
1328,1.0,0,False,,,,
1329,1.0,0,False,,,,
1330,1.0,0,False,,,,
1331,1.0,0,False,,,,
1332,1.0,0,False,,,,
1333,1.0,0,False,,,,
1334,1.0,0,False,,,,
1335,1.0,0,False,,,,
1336,1.0,0,False,,,,
1337,1.0,0,False,,,,
1338,1.0,0,False,,,,
1339,1.0,0,False,,,,
1340,1.0,0,False,,,,
1341,1.0,0,False,,,,
1342,1.0,0,False,,,,
1343,1.0,0,False,,,,
1344,1.0,0,False,,,,
1345,1.0,0,False,,,,
1346,0.1111111111111111,8,True,0.4857142857142857,0.75,0.2766916661858959,1.061278124459133
1347,0.1111111111111111,8,True,0.2785714285714286,0.5,0.11331711999846616,1.75
1348,0.1111111111111111,8,True,0.3333333333333333,0.5,0.11331711999846616,1.75
1349,0.1111111111111111,8,True,0.3,0.5,0.11331711999846616,1.75
1350,0.1111111111111111,8,True,0.37380952380952387,0.625,0.19034316658358497,1.5487949406953985
1351,0.1111111111111111,8,True,0.37380952380952387,0.375,0.05373481277819914,1.9056390622295665
1352,0.1111111111111111,8,True,0.5666666666666667,0.875,0.3776340271255507,0.5435644431995964
1353,0.1111111111111111,8,True,0.36666666666666664,0.625,0.17112863674755563,1.2987949406953985
1354,0.2222222222222222,7,True,0.36507936507936506,0.5714285714285714,0.08170416594551055,1.3787834934861753
1355,0.2222222222222222,7,True,0.3619047619047619,0.5714285714285714,0.08170416594551055,1.3787834934861753
1356,0.2222222222222222,7,True,0.33015873015873015,0.5714285714285714,0.11331711999846616,1.6644977792004614
1357,0.2222222222222222,7,True,0.2984126984126984,0.5714285714285714,0.08170416594551055,1.3787834934861753
1358,0.2222222222222222,7,True,0.3619047619047619,0.5714285714285714,0.08170416594551055,1.3787834934861753
1359,0.3333333333333333,6,True,0.5333333333333333,1.0,0.08170416594551044,0.0
1360,0.3333333333333333,6,True,0.3466666666666667,0.3333333333333333,0.012531249399036382,1.584962500721156
1361,0.3333333333333333,6,True,0.2622222222222222,0.3333333333333333,0.012531249399036382,1.584962500721156
1362,0.2222222222222222,7,True,0.5428571428571428,0.8571428571428571,0.22749311428573982,0.5916727785823275
1363,0.2222222222222222,7,True,0.3142857142857143,0.2857142857142857,0.01761121820437861,1.950212064914747
1364,0.1111111111111111,8,True,0.36428571428571427,0.375,0.08985840735201955,1.811278124459133
1365,0.1111111111111111,8,True,0.7333333333333333,1.0,0.49674166522435426,0.0
1366,0.2222222222222222,7,True,0.32380952380952377,0.42857142857142855,0.0544694439636737,1.4488156357251847
1367,0.2222222222222222,7,True,0.44761904761904764,0.5714285714285714,0.03436639285717491,0.9852281360342515
1368,0.2222222222222222,7,True,0.4031746031746032,0.5714285714285714,0.08170416594551055,1.3787834934861753
1369,0.2222222222222222,7,True,0.24761904761904763,0.2857142857142857,0.029164237274183935,2.5216406363433186
1370,0.2222222222222222,7,True,0.26031746031746034,0.42857142857142855,0.05373481277819914,1.8423709931771088
1371,0.2222222222222222,7,True,0.3079365079365079,0.5714285714285714,0.11331711999846616,1.6644977792004614
1372,0.2222222222222222,7,True,0.24444444444444444,0.2857142857142857,0.01761121820437861,1.9502120649147465
1373,0.2222222222222222,7,True,0.3333333333333333,0.5714285714285714,0.11331711999846616,1.6644977792004614
1374,0.2222222222222222,7,True,0.32380952380952377,0.5714285714285714,0.11331711999846616,1.6644977792004614
1375,0.1111111111111111,8,True,0.2380952380952381,0.5,0.11331711999846616,1.75
1376,0.1111111111111111,8,True,0.25952380952380955,0.625,0.19034316658358497,1.5487949406953985
1377,0.1111111111111111,8,True,0.3333333333333333,0.5,0.11757477645534242,2.0
1378,0.1111111111111111,8,True,0.2738095238095238,0.5,0.11757477645534242,2.0
1379,0.1111111111111111,8,True,0.2785714285714286,0.5,0.11331711999846616,1.75
1380,0.2222222222222222,7,True,0.4095238095238095,0.42857142857142855,0.0544694439636737,1.4488156357251847
1381,0.7777777777777778,2,False,,,,
1382,0.3333333333333333,6,True,0.2977777777777778,0.6666666666666666,0.0343663928571748,0.9182958340544896
1383,0.3333333333333333,6,True,0.38222222222222224,0.6666666666666666,0.12364236051014776,1.2516291673878228
1384,0.3333333333333333,6,True,0.19555555555555557,0.3333333333333333,0.06405530255413405,2.2516291673878226
1385,0.0,9,True,0.22407407407407406,0.3333333333333333,0.08985840735201955,2.113283334294875
1386,0.0,9,True,0.3333333333333333,0.4444444444444444,0.11331711999846616,2.058813890331201
1387,0.0,9,True,0.2925925925925926,0.3333333333333333,0.0544694439636737,1.8910611120726526
1388,0.0,9,True,0.2796296296296296,0.3333333333333333,0.08985840735201955,2.113283334294875
1389,0.0,9,True,0.32407407407407407,0.4444444444444444,0.11331711999846616,2.058813890331201
1390,0.0,9,True,0.40185185185185185,0.6666666666666666,0.22749311428573982,1.224394445405986
1391,0.0,9,True,0.40185185185185185,0.6666666666666666,0.2766916661858959,1.4466166676282082
1392,0.0,9,True,0.4074074074074074,0.7777777777777778,0.3776340271255507,0.9864267287308424
1393,0.0,9,True,0.3351851851851852,0.6666666666666666,0.2766916661858959,1.4466166676282082
1394,0.0,9,True,0.3074074074074074,0.5555555555555556,0.19034316658358497,1.8799649487271108
1395,0.0,9,True,0.18888888888888886,0.2222222222222222,0.029164237274183935,2.725480556997868
1396,0.0,9,True,0.4055555555555556,0.6666666666666666,0.22749311428573982,1.224394445405986
1397,0.6666666666666666,3,False,,,,
1398,0.6666666666666666,3,False,,,,
1399,0.6666666666666666,3,False,,,,
1400,0.6666666666666666,3,False,,,,
1401,0.3333333333333333,6,True,0.2,0.3333333333333333,0.06405530255413405,2.2516291673878226
1402,0.1111111111111111,8,True,0.3404761904761905,0.5,0.11757477645534242,2.0
1403,0.1111111111111111,8,True,0.32857142857142857,0.625,0.19034316658358497,1.5487949406953985
1404,0.1111111111111111,8,True,0.2523809523809524,0.25,0.03160748595877738,2.25
1405,0.1111111111111111,8,True,0.4071428571428572,0.75,0.2766916661858959,1.061278124459133
1406,0.1111111111111111,8,True,0.29047619047619044,0.5,0.08170416594551055,1.5
1407,0.1111111111111111,8,True,0.30238095238095236,0.375,0.06405530255413405,2.1556390622295662
1408,0.1111111111111111,8,True,0.3357142857142857,0.375,0.05373481277819914,1.9056390622295665
1409,0.1111111111111111,8,True,0.2857142857142857,0.375,0.06405530255413405,2.1556390622295662
1410,1.0,0,False,,,,
1411,1.0,0,False,,,,
1412,1.0,0,False,,,,
1413,1.0,0,False,,,,
1414,1.0,0,False,,,,
1415,1.0,0,False,,,,
1416,1.0,0,False,,,,
1417,1.0,0,False,,,,
1418,1.0,0,False,,,,
1419,1.0,0,False,,,,
1420,1.0,0,False,,,,
1421,1.0,0,False,,,,
1422,1.0,0,False,,,,
1423,0.1111111111111111,8,True,0.38333333333333336,0.5,0.08170416594551055,1.5
1424,0.8888888888888888,1,False,,,,
1425,0.8888888888888888,1,False,,,,
1426,0.8888888888888888,1,False,,,,
1427,0.8888888888888888,1,False,,,,
1428,0.8888888888888888,1,False,,,,
1429,0.8888888888888888,1,False,,,,
1430,0.8888888888888888,1,False,,,,
1431,1.0,0,False,,,,
1432,1.0,0,False,,,,
1433,1.0,0,False,,,,
1434,1.0,0,False,,,,
1435,1.0,0,False,,,,
1436,1.0,0,False,,,,
1437,0.8888888888888888,1,False,,,,
1438,0.8888888888888888,1,False,,,,
1439,0.8888888888888888,1,False,,,,
1440,0.8888888888888888,1,False,,,,
1441,0.8888888888888888,1,False,,,,
1442,0.8888888888888888,1,False,,,,
1443,0.8888888888888888,1,False,,,,
1444,0.8888888888888888,1,False,,,,
1445,0.8888888888888888,1,False,,,,
1446,0.8888888888888888,1,False,,,,
1447,0.8888888888888888,1,False,,,,
1448,0.8888888888888888,1,False,,,,
1449,0.8888888888888888,1,False,,,,
1450,1.0,0,False,,,,
1451,1.0,0,False,,,,
1452,0.8888888888888888,1,False,,,,
1453,0.8888888888888888,1,False,,,,
1454,0.1111111111111111,8,True,0.22380952380952382,0.375,0.06405530255413405,2.1556390622295662
1455,0.1111111111111111,8,True,0.2976190476190476,0.25,0.029164237274183935,2.5
1456,0.1111111111111111,8,True,0.26666666666666666,0.375,0.06405530255413405,2.1556390622295662
1457,0.1111111111111111,8,True,0.3785714285714286,0.375,0.0544694439636737,1.561278124459133
1458,0.1111111111111111,8,True,0.430952380952381,0.625,0.19034316658358497,1.5487949406953985
1459,0.1111111111111111,8,True,0.55,0.875,0.3776340271255507,0.5435644431995964
1460,0.1111111111111111,8,True,0.3119047619047619,0.375,0.06405530255413405,2.1556390622295662
1461,0.0,9,True,0.26296296296296295,0.3333333333333333,0.06405530255413405,2.4193819456463714
1462,0.0,9,True,0.4166666666666667,0.6666666666666666,0.22749311428573982,1.224394445405986
1463,0.0,9,True,0.274074074074074,0.3333333333333333,0.06405530255413405,2.4193819456463714
1464,0.0,9,True,0.362962962962963,0.5555555555555556,0.17112863674755563,1.6577427265048887
1465,0.0,9,True,0.3925925925925926,0.5555555555555556,0.1472075115099596,1.3516441151533922
1466,0.1111111111111111,8,True,0.3142857142857143,0.5,0.11331711999846616,1.75
1467,1.0,0,False,,,,
1468,0.1111111111111111,8,True,0.20714285714285716,0.25,0.029164237274183935,2.5
1469,0.8888888888888888,1,False,,,,
1470,0.8888888888888888,1,False,,,,
1471,1.0,0,False,,,,
1472,1.0,0,False,,,,
1473,1.0,0,False,,,,
1474,0.8888888888888888,1,False,,,,
1475,0.8888888888888888,1,False,,,,
1476,0.5555555555555556,4,False,,,,
1477,1.0,0,False,,,,
1478,1.0,0,False,,,,
1479,1.0,0,False,,,,
1480,1.0,0,False,,,,
1481,1.0,0,False,,,,
1482,1.0,0,False,,,,
1483,1.0,0,False,,,,
1484,1.0,0,False,,,,
1485,1.0,0,False,,,,
1486,1.0,0,False,,,,
1487,1.0,0,False,,,,
1488,0.1111111111111111,8,True,0.21190476190476193,0.25,0.029164237274183935,2.5
1489,0.5555555555555556,4,False,,,,
1490,0.0,9,True,0.4055555555555556,0.6666666666666666,0.22749311428573982,1.224394445405986
1491,0.0,9,True,0.3462962962962963,0.5555555555555556,0.19034316658358497,1.8799649487271108
1492,0.0,9,True,0.28518518518518515,0.3333333333333333,0.08985840735201955,2.113283334294875
1493,0.0,9,True,0.3,0.5555555555555556,0.19034316658358497,1.8799649487271108
1494,0.0,9,True,0.2351851851851852,0.3333333333333333,0.06405530255413405,2.4193819456463714
1495,0.1111111111111111,8,True,0.33809523809523806,0.625,0.19034316658358497,1.5487949406953985
1496,0.1111111111111111,8,True,0.42142857142857143,0.75,0.2766916661858959,1.061278124459133
1497,1.0,0,False,,,,
1498,1.0,0,False,,,,
1499,1.0,0,False,,,,
1500,1.0,0,False,,,,
1501,1.0,0,False,,,,
1502,1.0,0,False,,,,
1503,1.0,0,False,,,,
1504,1.0,0,False,,,,
1505,0.6666666666666666,3,False,,,,
1506,0.8888888888888888,1,False,,,,
1507,0.1111111111111111,8,True,0.2,0.5,0.11757477645534242,2.0
1508,0.0,9,True,0.3,0.4444444444444444,0.11331711999846616,2.058813890331201
1509,0.0,9,True,0.24074074074074076,0.4444444444444444,0.08170416594551055,1.836591668108979
1510,0.0,9,True,0.32592592592592595,0.4444444444444444,0.08170416594551055,1.836591668108979
1511,0.0,9,True,0.3462962962962963,0.5555555555555556,0.17112863674755563,1.6577427265048887
1512,0.0,9,True,0.21666666666666667,0.2222222222222222,0.031607485958777604,2.5032583347756456
1513,0.0,9,True,0.20555555555555557,0.4444444444444444,0.11331711999846616,2.058813890331201
1514,0.0,9,True,0.4962962962962963,0.8888888888888888,0.49674166522435426,0.5032583347756457
1515,0.0,9,True,0.3574074074074074,0.7777777777777778,0.3776340271255507,0.9864267287308424
1516,0.0,9,True,0.4462962962962963,0.7777777777777778,0.3776340271255507,0.9864267287308424
1517,1.0,0,False,,,,
1518,1.0,0,False,,,,
1519,1.0,0,False,,,,
1520,1.0,0,False,,,,
1521,1.0,0,False,,,,
1522,0.0,9,True,0.3055555555555555,0.4444444444444444,0.11331711999846616,2.058813890331201
1523,0.0,9,True,0.3574074074074074,0.5555555555555556,0.09428740198616281,1.4355205042826666
1524,0.0,9,True,0.3277777777777778,0.5555555555555556,0.19034316658358497,1.8799649487271108
1525,0.0,9,True,0.4592592592592593,0.7777777777777778,0.3776340271255507,0.9864267287308424
1526,0.0,9,True,0.27037037037037037,0.4444444444444444,0.11331711999846594,2.0588138903312014
1527,0.0,9,True,0.4055555555555556,0.6666666666666666,0.2766916661858959,1.4466166676282082
1528,0.0,9,True,0.3907407407407407,0.5555555555555556,0.17112863674755563,1.6577427265048887
1529,0.0,9,True,0.4592592592592593,0.7777777777777778,0.3776340271255507,0.9864267287308424
1530,0.0,9,True,0.6,1.0,1.0,0.0
1531,0.0,9,True,0.3777777777777778,0.7777777777777778,0.23579549349137974,0.7642045065086203
1532,0.0,9,True,0.4222222222222223,0.6666666666666666,0.22749311428573982,1.224394445405986
1533,0.0,9,True,0.42962962962962964,0.8888888888888888,0.49674166522435426,0.5032583347756457
1534,0.0,9,True,0.6074074074074074,0.8888888888888888,0.49674166522435426,0.5032583347756457
1535,0.0,9,True,0.47407407407407404,0.8888888888888888,0.49674166522435426,0.5032583347756457
1536,0.0,9,True,0.6666666666666666,1.0,1.0,0.0
1537,0.0,9,True,0.475925925925926,0.7777777777777778,0.23579549349137974,0.7642045065086203
1538,0.0,9,True,0.5111111111111111,0.8888888888888888,0.49674166522435426,0.5032583347756457
1539,0.0,9,True,0.5111111111111111,0.8888888888888888,0.49674166522435426,0.5032583347756457
1540,0.0,9,True,0.5777777777777778,0.8888888888888888,0.49674166522435426,0.5032583347756457
1541,0.0,9,True,0.6666666666666666,1.0,1.0,0.0
1542,0.0,9,True,0.47407407407407404,0.8888888888888888,0.49674166522435426,0.5032583347756457
1543,0.0,9,True,0.4111111111111111,0.5555555555555556,0.1472075115099596,1.3516441151533922
1544,0.0,9,True,0.4574074074074074,0.7777777777777778,0.23579549349137974,0.7642045065086203
1545,0.0,9,True,0.8666666666666667,1.0,1.0,0.0
1546,0.0,9,True,0.5925925925925927,0.8888888888888888,0.49674166522435426,0.5032583347756457
1547,0.0,9,True,0.437037037037037,0.4444444444444444,0.1216528952381466,1.3921472236645345
1548,0.0,9,True,0.8666666666666667,1.0,1.0,0.0
1549,0.0,9,True,0.6666666666666666,1.0,1.0,0.0
1550,0.0,9,True,0.6,1.0,1.0,0.0
1551,0.0,9,True,0.5037037037037037,0.8888888888888888,0.49674166522435426,0.5032583347756457
1552,0.0,9,True,0.7333333333333333,1.0,1.0,0.0
1553,0.0,9,True,0.4944444444444444,0.7777777777777778,0.23579549349137974,0.7642045065086203
1554,0.0,9,True,0.4592592592592593,0.8888888888888888,0.49674166522435426,0.5032583347756457
1555,1.0,0,False,,,,
1556,1.0,0,False,,,,
1557,0.0,9,True,0.44814814814814813,0.7777777777777778,0.3776340271255507,0.9864267287308424
1558,0.0,9,True,0.5333333333333333,0.7777777777777778,0.23579549349137974,0.7642045065086203
1559,0.0,9,True,0.6148148148148148,0.8888888888888888,0.49674166522435426,0.5032583347756457
1560,0.0,9,True,0.6,1.0,1.0,0.0
1561,0.0,9,True,0.6666666666666666,1.0,1.0,0.0
1562,0.0,9,True,0.6,1.0,1.0,0.0
1563,0.0,9,True,0.42777777777777776,0.6666666666666666,0.22749311428573982,1.224394445405986
1564,0.0,9,True,0.6,1.0,1.0,0.0
1565,0.0,9,True,0.8,1.0,1.0,0.0
1566,0.0,9,True,0.5333333333333333,1.0,1.0,0.0
1567,0.0,9,True,0.4444444444444444,0.8888888888888888,0.49674166522435426,0.5032583347756457
1568,0.0,9,True,0.6666666666666666,1.0,1.0,0.0
1569,0.0,9,True,0.8,1.0,1.0,0.0
1570,0.0,9,True,0.5777777777777778,0.8888888888888888,0.49674166522435426,0.5032583347756457
1571,0.0,9,True,0.5407407407407407,0.8888888888888888,0.49674166522435426,0.5032583347756457
1572,0.0,9,True,0.6666666666666666,1.0,1.0,0.0
1573,0.0,9,True,0.5333333333333333,1.0,1.0,0.0
1574,0.0,9,True,0.5333333333333333,1.0,1.0,0.0
1575,0.0,9,True,0.47407407407407404,0.8888888888888888,0.49674166522435426,0.5032583347756457
1576,0.0,9,True,0.5185185185185185,0.8888888888888888,0.49674166522435426,0.5032583347756457
1577,0.0,9,True,0.5222222222222223,0.7777777777777778,0.23579549349137974,0.7642045065086203
1578,0.0,9,True,0.674074074074074,0.8888888888888888,0.49674166522435426,0.5032583347756457
1579,0.0,9,True,0.5333333333333333,1.0,1.0,0.0
1580,0.0,9,True,0.6666666666666666,1.0,1.0,0.0
1581,0.0,9,True,1.0,1.0,1.0,0.0
1582,0.0,9,True,0.6,1.0,1.0,0.0
1583,0.0,9,True,0.6,1.0,1.0,0.0
1584,0.0,9,True,0.6,1.0,1.0,0.0
1585,0.0,9,True,0.6,1.0,1.0,0.0
1586,0.0,9,True,0.5185185185185185,0.8888888888888888,0.49674166522435426,0.5032583347756457
1587,0.0,9,True,0.4666666666666667,0.7777777777777778,0.3776340271255507,0.9864267287308424
1588,0.0,9,True,0.3777777777777778,0.5555555555555556,0.09428740198616281,1.4355205042826666
1589,0.0,9,True,0.6,1.0,1.0,0.0
1590,1.0,0,False,,,,
1591,1.0,0,False,,,,
1592,1.0,0,False,,,,
1593,1.0,0,False,,,,
1594,0.0,9,True,0.674074074074074,0.8888888888888888,0.49674166522435426,0.5032583347756457
1595,0.0,9,True,0.7333333333333333,1.0,1.0,0.0
1596,0.0,9,True,0.6666666666666666,1.0,1.0,0.0
1597,0.0,9,True,0.6666666666666666,1.0,1.0,0.0
1598,0.0,9,True,0.5,0.6666666666666666,0.08170416594551044,0.9182958340544896
1599,0.0,9,True,0.5333333333333333,1.0,1.0,0.0
1600,0.0,9,True,0.5333333333333333,1.0,1.0,0.0
1601,0.0,9,True,0.5203703703703704,0.7777777777777778,0.23579549349137974,0.7642045065086203
1602,0.0,9,True,0.5333333333333333,1.0,1.0,0.0
1603,0.0,9,True,0.5333333333333333,1.0,1.0,0.0
1604,0.0,9,True,0.7333333333333333,1.0,1.0,0.0
1605,0.0,9,True,0.42592592592592593,0.4444444444444444,0.1216528952381466,1.3921472236645345
1606,0.0,9,True,0.6666666666666666,1.0,1.0,0.0
1607,0.0,9,True,0.7333333333333333,1.0,1.0,0.0
1608,0.0,9,True,0.6,1.0,1.0,0.0
1609,0.0,9,True,0.7333333333333333,1.0,1.0,0.0
1610,0.0,9,True,0.5333333333333333,1.0,1.0,0.0
1611,0.0,9,True,0.5333333333333333,1.0,1.0,0.0
1612,0.0,9,True,0.5555555555555555,0.8888888888888888,0.49674166522435426,0.5032583347756457
1613,0.0,9,True,0.6,1.0,1.0,0.0
1614,0.0,9,True,0.5333333333333333,1.0,1.0,0.0
1615,0.0,9,True,0.5277777777777778,0.6666666666666666,0.08170416594551044,0.9182958340544896
1616,0.0,9,True,0.6,1.0,1.0,0.0
1617,0.0,9,True,0.5185185185185185,0.8888888888888888,0.49674166522435426,0.5032583347756457
1618,0.0,9,True,0.6,1.0,1.0,0.0
1619,0.0,9,True,0.6,1.0,1.0,0.0
1620,0.0,9,True,0.5555555555555555,0.8888888888888888,0.49674166522435426,0.5032583347756457
1621,0.0,9,True,0.5333333333333333,1.0,1.0,0.0
1622,0.0,9,True,0.6666666666666666,1.0,1.0,0.0
1623,0.0,9,True,0.548148148148148,0.8888888888888888,0.49674166522435426,0.5032583347756457
1624,0.0,9,True,0.6666666666666666,1.0,1.0,0.0
1625,0.0,9,True,0.5333333333333333,1.0,1.0,0.0
1626,0.0,9,True,0.6666666666666666,1.0,1.0,0.0
1627,0.0,9,True,0.6666666666666666,1.0,1.0,0.0
1628,0.0,9,True,0.5259259259259259,0.8888888888888888,0.49674166522435426,0.5032583347756457
1629,0.0,9,True,0.4962962962962963,0.8888888888888888,0.49674166522435426,0.5032583347756457
1630,0.0,9,True,0.42962962962962964,0.7777777777777778,0.23579549349137974,0.7642045065086203
1631,0.0,9,True,0.4962962962962963,0.7777777777777778,0.3776340271255507,0.9864267287308424
1632,0.0,9,True,0.4444444444444444,0.8888888888888888,0.49674166522435426,0.5032583347756457
1633,0.0,9,True,0.3333333333333333,0.5555555555555556,0.17112863674755563,1.6577427265048887
1634,0.0,9,True,0.45185185185185184,0.6666666666666666,0.2766916661858959,1.4466166676282082
1635,1.0,0,False,,,,
1636,0.1111111111111111,8,True,0.39285714285714285,0.625,0.17112863674755563,1.2987949406953985
1637,0.0,9,True,0.5333333333333333,1.0,1.0,0.0
1638,0.0,9,True,0.5407407407407407,0.8888888888888888,0.49674166522435426,0.5032583347756457
1639,0.0,9,True,0.6,1.0,1.0,0.0
1640,0.0,9,True,0.6,1.0,1.0,0.0
1641,0.0,9,True,0.6,1.0,1.0,0.0
1642,0.0,9,True,0.47407407407407404,0.8888888888888888,0.49674166522435426,0.5032583347756457
1643,0.0,9,True,0.5333333333333333,1.0,1.0,0.0
1644,0.0,9,True,0.6666666666666666,1.0,1.0,0.0
1645,0.0,9,True,0.5185185185185185,0.8888888888888888,0.49674166522435426,0.5032583347756457
1646,0.0,9,True,0.5333333333333333,1.0,1.0,0.0
1647,1.0,0,False,,,,
1648,0.0,9,True,0.5925925925925927,0.8888888888888888,0.49674166522435426,0.5032583347756457
1649,0.0,9,True,0.6666666666666666,1.0,1.0,0.0
1650,0.0,9,True,0.6,1.0,1.0,0.0
1651,0.0,9,True,0.6,1.0,1.0,0.0
1652,0.0,9,True,0.5333333333333333,1.0,1.0,0.0
1653,0.0,9,True,0.4037037037037037,0.5555555555555556,0.09428740198616281,1.4355205042826666
1654,0.0,9,True,0.6666666666666666,1.0,1.0,0.0
1655,0.0,9,True,0.8666666666666667,1.0,1.0,0.0
1656,0.0,9,True,0.5333333333333333,1.0,1.0,0.0
1657,0.0,9,True,0.5333333333333333,1.0,1.0,0.0
1658,0.0,9,True,0.5333333333333333,1.0,1.0,0.0
1659,0.0,9,True,0.6,1.0,1.0,0.0
1660,0.0,9,True,0.8,1.0,1.0,0.0
1661,0.0,9,True,0.5333333333333333,1.0,1.0,0.0
1662,0.0,9,True,0.5111111111111111,0.8888888888888888,0.49674166522435426,0.5032583347756457
1663,0.0,9,True,0.6185185185185186,0.7777777777777778,0.3776340271255507,0.9864267287308424
1664,0.0,9,True,0.6666666666666666,1.0,1.0,0.0
1665,0.0,9,True,0.674074074074074,0.8888888888888888,0.49674166522435426,0.5032583347756457
1666,0.0,9,True,0.4814814814814815,0.8888888888888888,0.49674166522435426,0.5032583347756457
1667,0.6666666666666666,3,False,,,,
1668,0.6666666666666666,3,False,,,,
1669,0.6666666666666666,3,False,,,,
1670,0.6666666666666666,3,False,,,,
1671,0.7777777777777778,2,False,,,,
1672,0.7777777777777778,2,False,,,,
1673,0.7777777777777778,2,False,,,,
1674,0.7777777777777778,2,False,,,,
1675,0.7777777777777778,2,False,,,,
1676,0.7777777777777778,2,False,,,,
1677,0.7777777777777778,2,False,,,,
1678,0.7777777777777778,2,False,,,,
1679,0.7777777777777778,2,False,,,,
1680,1.0,0,False,,,,
1681,1.0,0,False,,,,
1682,0.8888888888888888,1,False,,,,
1683,0.8888888888888888,1,False,,,,
1684,0.8888888888888888,1,False,,,,
1685,0.8888888888888888,1,False,,,,
1686,0.8888888888888888,1,False,,,,
1687,0.8888888888888888,1,False,,,,
1688,0.8888888888888888,1,False,,,,
1689,0.7777777777777778,2,False,,,,
1690,0.7777777777777778,2,False,,,,
1691,0.7777777777777778,2,False,,,,
1692,0.7777777777777778,2,False,,,,
1693,0.7777777777777778,2,False,,,,
1694,0.7777777777777778,2,False,,,,
1695,0.7777777777777778,2,False,,,,
1696,0.7777777777777778,2,False,,,,
1697,0.7777777777777778,2,False,,,,
1698,0.7777777777777778,2,False,,,,
1699,0.7777777777777778,2,False,,,,
1700,0.7777777777777778,2,False,,,,
1701,0.8888888888888888,1,False,,,,
1702,0.8888888888888888,1,False,,,,
1703,0.8888888888888888,1,False,,,,
1704,0.8888888888888888,1,False,,,,
1705,0.8888888888888888,1,False,,,,
1706,0.8888888888888888,1,False,,,,
1707,0.8888888888888888,1,False,,,,
1708,0.8888888888888888,1,False,,,,
1709,0.8888888888888888,1,False,,,,
1710,0.8888888888888888,1,False,,,,
1711,0.8888888888888888,1,False,,,,
1712,0.8888888888888888,1,False,,,,
1713,0.8888888888888888,1,False,,,,
1714,0.8888888888888888,1,False,,,,
1715,0.7777777777777778,2,False,,,,
1716,0.7777777777777778,2,False,,,,
1717,0.7777777777777778,2,False,,,,
1718,0.7777777777777778,2,False,,,,
1719,0.7777777777777778,2,False,,,,
1720,0.7777777777777778,2,False,,,,
1721,0.7777777777777778,2,False,,,,
1722,0.7777777777777778,2,False,,,,
1723,0.7777777777777778,2,False,,,,
1724,0.7777777777777778,2,False,,,,
1725,0.7777777777777778,2,False,,,,
1726,0.7777777777777778,2,False,,,,
1727,0.7777777777777778,2,False,,,,
1728,0.7777777777777778,2,False,,,,
1729,0.7777777777777778,2,False,,,,
1730,0.8888888888888888,1,False,,,,
1731,0.8888888888888888,1,False,,,,
1732,0.8888888888888888,1,False,,,,
1733,0.7777777777777778,2,False,,,,
1734,0.7777777777777778,2,False,,,,
1735,0.7777777777777778,2,False,,,,
1736,0.7777777777777778,2,False,,,,
1737,0.7777777777777778,2,False,,,,
1738,0.7777777777777778,2,False,,,,
1739,0.7777777777777778,2,False,,,,
1740,0.7777777777777778,2,False,,,,
1741,0.7777777777777778,2,False,,,,
1742,0.7777777777777778,2,False,,,,
1743,0.7777777777777778,2,False,,,,
1744,0.7777777777777778,2,False,,,,
1745,0.7777777777777778,2,False,,,,
1746,0.7777777777777778,2,False,,,,
1747,0.7777777777777778,2,False,,,,
1748,0.7777777777777778,2,False,,,,
1749,0.7777777777777778,2,False,,,,
1750,0.7777777777777778,2,False,,,,
1751,0.7777777777777778,2,False,,,,
1752,0.7777777777777778,2,False,,,,
1753,0.7777777777777778,2,False,,,,
1754,0.7777777777777778,2,False,,,,
1755,0.7777777777777778,2,False,,,,
1756,0.7777777777777778,2,False,,,,
1757,0.7777777777777778,2,False,,,,
1758,0.8888888888888888,1,False,,,,
1759,0.7777777777777778,2,False,,,,
1760,0.7777777777777778,2,False,,,,
1761,0.7777777777777778,2,False,,,,
1762,0.7777777777777778,2,False,,,,
1763,0.7777777777777778,2,False,,,,
1764,0.7777777777777778,2,False,,,,
1765,0.7777777777777778,2,False,,,,
1766,0.7777777777777778,2,False,,,,
1767,0.7777777777777778,2,False,,,,
1768,0.7777777777777778,2,False,,,,
1769,0.8888888888888888,1,False,,,,
1770,0.8888888888888888,1,False,,,,
1771,0.8888888888888888,1,False,,,,
1772,0.8888888888888888,1,False,,,,
1773,0.8888888888888888,1,False,,,,
1774,0.8888888888888888,1,False,,,,
1775,0.8888888888888888,1,False,,,,
1776,0.8888888888888888,1,False,,,,
1777,0.8888888888888888,1,False,,,,
1778,0.8888888888888888,1,False,,,,
1779,0.8888888888888888,1,False,,,,
1780,0.7777777777777778,2,False,,,,
1781,0.7777777777777778,2,False,,,,
1782,0.1111111111111111,8,True,0.5333333333333333,1.0,0.49674166522435426,0.0
1783,0.1111111111111111,8,True,0.5166666666666667,0.875,0.3776340271255507,0.5435644431995964
1784,0.2222222222222222,7,True,0.5428571428571428,0.8571428571428571,0.22749311428573982,0.5916727785823275
1785,0.1111111111111111,8,True,0.45476190476190476,0.75,0.2766916661858959,1.061278124459133
1786,0.1111111111111111,8,True,0.4,0.75,0.2766916661858959,1.061278124459133
1787,0.0,9,True,0.3314814814814815,0.4444444444444444,0.11331711999846616,2.058813890331201
1788,0.0,9,True,0.5,0.7777777777777778,0.3776340271255507,0.9864267287308424
1789,0.0,9,True,0.2537037037037037,0.4444444444444444,0.11331711999846616,2.058813890331201
1790,0.0,9,True,0.25925925925925924,0.6666666666666666,0.22749311428573982,1.224394445405986
1791,0.0,9,True,0.2611111111111111,0.4444444444444444,0.11331711999846616,2.058813890331201
1792,0.0,9,True,0.47407407407407404,0.8888888888888888,0.49674166522435426,0.5032583347756457
1793,0.0,9,True,0.6,1.0,1.0,0.0
1794,0.0,9,True,0.30185185185185187,0.4444444444444444,0.11331711999846616,2.058813890331201
1795,0.0,9,True,0.4407407407407407,0.7777777777777778,0.3776340271255507,0.9864267287308424
1796,0.0,9,True,0.4574074074074074,0.7777777777777778,0.3776340271255507,0.9864267287308424
1797,0.0,9,True,0.3925925925925926,0.6666666666666666,0.22749311428573982,1.224394445405986
1798,0.0,9,True,0.2722222222222222,0.4444444444444444,0.11331711999846616,2.058813890331201
1799,0.0,9,True,0.4351851851851852,0.6666666666666666,0.2766916661858959,1.4466166676282082
1800,0.0,9,True,0.6,1.0,1.0,0.0
1801,0.0,9,True,0.6,1.0,1.0,0.0
1802,0.0,9,True,0.4962962962962963,0.8888888888888888,0.49674166522435426,0.5032583347756457
1803,0.0,9,True,0.5018518518518519,0.7777777777777778,0.3776340271255507,0.9864267287308424
1804,0.0,9,True,0.5333333333333333,1.0,1.0,0.0
1805,0.0,9,True,1.0,1.0,1.0,0.0
1806,0.0,9,True,0.8666666666666667,1.0,1.0,0.0
1807,0.0,9,True,0.8666666666666667,1.0,1.0,0.0
1808,0.0,9,True,0.5333333333333333,1.0,1.0,0.0
1809,0.0,9,True,0.5407407407407407,0.8888888888888888,0.49674166522435426,0.5032583347756457
1810,0.0,9,True,0.2925925925925926,0.4444444444444444,0.08170416594551055,1.836591668108979
1811,0.0,9,True,0.6148148148148148,0.8888888888888888,0.49674166522435426,0.5032583347756457
1812,0.0,9,True,0.6,1.0,1.0,0.0
1813,0.0,9,True,0.7333333333333333,1.0,1.0,0.0
1814,0.0,9,True,0.5333333333333333,1.0,1.0,0.0
1815,0.0,9,True,0.5037037037037037,0.8888888888888888,0.49674166522435426,0.5032583347756457
1816,0.0,9,True,0.8666666666666667,1.0,1.0,0.0
1817,0.0,9,True,0.6666666666666666,1.0,1.0,0.0
1818,0.0,9,True,0.5074074074074074,0.7777777777777778,0.23579549349137974,0.7642045065086203
1819,0.0,9,True,0.5333333333333333,1.0,1.0,0.0
1820,0.0,9,True,0.6,1.0,1.0,0.0
1821,0.0,9,True,0.5333333333333333,1.0,1.0,0.0
1822,0.0,9,True,1.0,1.0,1.0,0.0
1823,0.0,9,True,0.5333333333333333,1.0,1.0,0.0
1824,0.0,9,True,0.6666666666666666,1.0,1.0,0.0
1825,0.0,9,True,0.5333333333333333,1.0,1.0,0.0
1826,0.0,9,True,0.5555555555555555,0.8888888888888888,0.49674166522435426,0.5032583347756457
1827,0.0,9,True,0.6,1.0,1.0,0.0
1828,0.0,9,True,0.6,1.0,1.0,0.0
1829,0.0,9,True,0.6,1.0,1.0,0.0
1830,0.0,9,True,0.5222222222222223,0.7777777777777778,0.23579549349137974,0.7642045065086203
1831,0.0,9,True,0.42037037037037034,0.7777777777777778,0.23579549349137974,0.7642045065086203
1832,0.0,9,True,0.5333333333333333,1.0,1.0,0.0
1833,0.0,9,True,0.5333333333333333,1.0,1.0,0.0
1834,0.0,9,True,0.48888888888888893,0.8888888888888888,0.49674166522435426,0.5032583347756457
1835,0.0,9,True,0.6,1.0,1.0,0.0
1836,0.0,9,True,0.6,1.0,1.0,0.0
1837,0.0,9,True,0.4666666666666667,0.6666666666666666,0.22749311428573982,1.224394445405986
1838,0.0,9,True,0.5555555555555555,0.8888888888888888,0.49674166522435426,0.5032583347756457
1839,0.0,9,True,0.8666666666666667,1.0,1.0,0.0
1840,0.0,9,True,0.5333333333333333,1.0,1.0,0.0
1841,0.0,9,True,0.6,1.0,1.0,0.0
1842,0.0,9,True,0.3314814814814815,0.5555555555555556,0.17112863674755563,1.6577427265048887
1843,0.0,9,True,0.5333333333333333,0.8888888888888888,0.49674166522435426,0.5032583347756457
1844,0.1111111111111111,8,True,0.6666666666666666,1.0,0.49674166522435426,0.0
1845,0.0,9,True,0.3574074074074074,0.7777777777777778,0.3776340271255507,0.9864267287308424
1846,1.0,0,False,,,,
1847,0.0,9,True,0.7333333333333333,1.0,1.0,0.0
1848,0.0,9,True,0.5777777777777778,0.8888888888888888,0.49674166522435426,0.5032583347756457
1849,0.0,9,True,0.4444444444444444,0.8888888888888888,0.49674166522435426,0.5032583347756457
1850,0.0,9,True,0.6018518518518519,0.7777777777777778,0.3776340271255507,0.9864267287308424
1851,0.0,9,True,0.5333333333333333,1.0,1.0,0.0
1852,0.0,9,True,0.4037037037037037,0.7777777777777778,0.3776340271255507,0.9864267287308424
1853,0.0,9,True,0.4814814814814815,0.8888888888888888,0.49674166522435426,0.5032583347756457
1854,0.0,9,True,0.42592592592592593,0.5555555555555556,0.09428740198616281,1.4355205042826666
1855,0.0,9,True,0.5259259259259259,0.8888888888888888,0.49674166522435426,0.5032583347756457
1856,0.0,9,True,0.4055555555555556,0.7777777777777778,0.3776340271255507,0.9864267287308424
1857,0.1111111111111111,8,True,0.5333333333333333,1.0,0.49674166522435426,0.0
1858,0.1111111111111111,8,True,0.6666666666666666,1.0,0.49674166522435426,0.0
1859,0.1111111111111111,8,True,0.5333333333333333,1.0,0.49674166522435426,0.0
1860,0.1111111111111111,8,True,0.6666666666666666,1.0,0.49674166522435426,0.0
1861,0.1111111111111111,8,True,0.7333333333333333,1.0,0.49674166522435426,0.0
1862,0.1111111111111111,8,True,0.6,1.0,0.49674166522435426,0.0
1863,0.1111111111111111,8,True,0.7333333333333333,1.0,0.49674166522435426,0.0
1864,0.1111111111111111,8,True,0.6666666666666666,1.0,0.49674166522435426,0.0
1865,0.1111111111111111,8,True,0.6666666666666666,1.0,0.49674166522435426,0.0
1866,0.1111111111111111,8,True,0.6,1.0,0.49674166522435426,0.0
1867,0.1111111111111111,8,True,0.5333333333333333,1.0,0.49674166522435426,0.0
1868,0.1111111111111111,8,True,0.6666666666666666,1.0,0.49674166522435426,0.0
1869,0.1111111111111111,8,True,0.5333333333333333,1.0,0.49674166522435426,0.0
1870,0.1111111111111111,8,True,0.5,0.875,0.3776340271255507,0.5435644431995964
1871,0.1111111111111111,8,True,0.42142857142857143,0.625,0.17112863674755563,1.2987949406953985
1872,0.1111111111111111,8,True,0.7333333333333333,1.0,0.49674166522435426,0.0
1873,0.1111111111111111,8,True,0.8666666666666667,1.0,0.49674166522435426,0.0
1874,0.1111111111111111,8,True,0.5333333333333333,0.875,0.3776340271255507,0.5435644431995964
1875,0.1111111111111111,8,True,0.6,1.0,0.49674166522435426,0.0
1876,0.1111111111111111,8,True,0.39047619047619053,0.625,0.17112863674755563,1.2987949406953985
1877,1.0,0,False,,,,
1878,1.0,0,False,,,,
1879,1.0,0,False,,,,
1880,1.0,0,False,,,,
1881,1.0,0,False,,,,
1882,1.0,0,False,,,,
1883,1.0,0,False,,,,
1884,1.0,0,False,,,,
1885,1.0,0,False,,,,
1886,0.1111111111111111,8,True,0.5333333333333333,0.875,0.3776340271255507,0.5435644431995964
1887,0.1111111111111111,8,True,0.6666666666666666,1.0,0.49674166522435426,0.0
1888,0.1111111111111111,8,True,0.5333333333333333,1.0,0.49674166522435426,0.0
1889,0.1111111111111111,8,True,0.5333333333333333,1.0,0.49674166522435426,0.0
1890,0.1111111111111111,8,True,0.7333333333333333,1.0,0.49674166522435426,0.0
1891,0.1111111111111111,8,True,0.6666666666666666,1.0,0.49674166522435426,0.0
1892,0.1111111111111111,8,True,0.6666666666666666,1.0,0.49674166522435426,0.0
1893,0.1111111111111111,8,True,0.48333333333333334,0.75,0.2766916661858959,1.061278124459133
1894,0.1111111111111111,8,True,0.5190476190476191,0.75,0.22749311428573982,0.8112781244591328
1895,0.2222222222222222,7,True,0.6666666666666666,1.0,0.23579549349137974,0.0
1896,0.2222222222222222,7,True,0.4380952380952381,0.7142857142857143,0.17112863674755563,1.1488348542809166
1897,0.2222222222222222,7,True,0.4,0.5714285714285714,0.11331711999846616,1.6644977792004614
1898,0.3333333333333333,6,True,0.36000000000000004,0.5,0.0544694439636737,1.4591479170272448
1899,0.3333333333333333,6,True,0.48888888888888893,0.8333333333333334,0.14720751150995937,0.6500224216483541
1900,1.0,0,False,,,,
