col_index,gap_frac,nongap_n,keep,cons_similarity,cons_identity,cons_entropy22,cons_entropy_nogap
1,0.9473684210526315,1,False,,,,
2,0.9473684210526315,1,False,,,,
3,0.9473684210526315,1,False,,,,
4,0.9473684210526315,1,False,,,,
5,0.8947368421052632,2,False,,,,
6,0.8947368421052632,2,False,,,,
7,0.8947368421052632,2,False,,,,
8,0.8947368421052632,2,False,,,,
9,0.8947368421052632,2,False,,,,
10,0.8947368421052632,2,False,,,,
11,0.8947368421052632,2,False,,,,
12,0.8947368421052632,2,False,,,,
13,0.8947368421052632,2,False,,,,
14,0.8947368421052632,2,False,,,,
15,0.8947368421052632,2,False,,,,
16,0.8947368421052632,2,False,,,,
17,0.8947368421052632,2,False,,,,
18,0.8947368421052632,2,False,,,,
19,0.8947368421052632,2,False,,,,
20,0.8947368421052632,2,False,,,,
21,0.8947368421052632,2,False,,,,
22,0.8947368421052632,2,False,,,,
23,0.8947368421052632,2,False,,,,
24,0.8947368421052632,2,False,,,,
25,0.8947368421052632,2,False,,,,
26,0.8947368421052632,2,False,,,,
27,0.8947368421052632,2,False,,,,
28,0.8947368421052632,2,False,,,,
29,0.8947368421052632,2,False,,,,
30,0.8947368421052632,2,False,,,,
31,0.8947368421052632,2,False,,,,
32,0.8947368421052632,2,False,,,,
33,0.8947368421052632,2,False,,,,
34,0.8947368421052632,2,False,,,,
35,0.8947368421052632,2,False,,,,
36,0.8947368421052632,2,False,,,,
37,0.8947368421052632,2,False,,,,
38,0.8947368421052632,2,False,,,,
39,0.8947368421052632,2,False,,,,
40,0.8947368421052632,2,False,,,,
41,0.8947368421052632,2,False,,,,
42,0.8947368421052632,2,False,,,,
43,0.8947368421052632,2,False,,,,
44,0.8947368421052632,2,False,,,,
45,0.8947368421052632,2,False,,,,
46,0.8947368421052632,2,False,,,,
47,0.8947368421052632,2,False,,,,
48,0.8947368421052632,2,False,,,,
49,0.8947368421052632,2,False,,,,
50,0.8947368421052632,2,False,,,,
51,0.8947368421052632,2,False,,,,
52,0.8947368421052632,2,False,,,,
53,0.8947368421052632,2,False,,,,
54,0.9473684210526315,1,False,,,,
55,0.9473684210526315,1,False,,,,
56,0.9473684210526315,1,False,,,,
57,0.9473684210526315,1,False,,,,
58,0.9473684210526315,1,False,,,,
59,0.9473684210526315,1,False,,,,
60,0.9473684210526315,1,False,,,,
61,0.9473684210526315,1,False,,,,
62,0.9473684210526315,1,False,,,,
63,0.9473684210526315,1,False,,,,
64,0.9473684210526315,1,False,,,,
65,0.9473684210526315,1,False,,,,
66,0.9473684210526315,1,False,,,,
67,0.9473684210526315,1,False,,,,
68,0.9473684210526315,1,False,,,,
69,0.9473684210526315,1,False,,,,
70,0.9473684210526315,1,False,,,,
71,0.9473684210526315,1,False,,,,
72,0.9473684210526315,1,False,,,,
73,0.9473684210526315,1,False,,,,
74,0.9473684210526315,1,False,,,,
75,0.9473684210526315,1,False,,,,
76,0.9473684210526315,1,False,,,,
77,0.9473684210526315,1,False,,,,
78,0.9473684210526315,1,False,,,,
79,0.9473684210526315,1,False,,,,
80,0.9473684210526315,1,False,,,,
81,0.9473684210526315,1,False,,,,
82,0.9473684210526315,1,False,,,,
83,0.9473684210526315,1,False,,,,
84,0.9473684210526315,1,False,,,,
85,0.9473684210526315,1,False,,,,
86,0.9473684210526315,1,False,,,,
87,0.9473684210526315,1,False,,,,
88,0.9473684210526315,1,False,,,,
89,0.9473684210526315,1,False,,,,
90,0.9473684210526315,1,False,,,,
91,0.9473684210526315,1,False,,,,
92,0.9473684210526315,1,False,,,,
93,0.9473684210526315,1,False,,,,
94,0.9473684210526315,1,False,,,,
95,0.9473684210526315,1,False,,,,
96,0.9473684210526315,1,False,,,,
97,0.9473684210526315,1,False,,,,
98,0.9473684210526315,1,False,,,,
99,0.9473684210526315,1,False,,,,
100,0.9473684210526315,1,False,,,,
101,0.9473684210526315,1,False,,,,
102,0.9473684210526315,1,False,,,,
103,0.9473684210526315,1,False,,,,
104,0.9473684210526315,1,False,,,,
105,0.9473684210526315,1,False,,,,
106,0.9473684210526315,1,False,,,,
107,0.9473684210526315,1,False,,,,
108,0.9473684210526315,1,False,,,,
109,0.9473684210526315,1,False,,,,
110,0.9473684210526315,1,False,,,,
111,0.9473684210526315,1,False,,,,
112,0.9473684210526315,1,False,,,,
113,0.9473684210526315,1,False,,,,
114,0.9473684210526315,1,False,,,,
115,0.9473684210526315,1,False,,,,
116,0.9473684210526315,1,False,,,,
117,0.9473684210526315,1,False,,,,
118,0.9473684210526315,1,False,,,,
119,0.9473684210526315,1,False,,,,
120,0.9473684210526315,1,False,,,,
121,0.9473684210526315,1,False,,,,
122,0.9473684210526315,1,False,,,,
123,0.9473684210526315,1,False,,,,
124,0.9473684210526315,1,False,,,,
125,0.9473684210526315,1,False,,,,
126,0.9473684210526315,1,False,,,,
127,0.9473684210526315,1,False,,,,
128,0.9473684210526315,1,False,,,,
129,0.9473684210526315,1,False,,,,
130,0.9473684210526315,1,False,,,,
131,0.9473684210526315,1,False,,,,
132,0.9473684210526315,1,False,,,,
133,0.9473684210526315,1,False,,,,
134,0.9473684210526315,1,False,,,,
135,0.9473684210526315,1,False,,,,
136,0.9473684210526315,1,False,,,,
137,0.9473684210526315,1,False,,,,
138,0.9473684210526315,1,False,,,,
139,0.9473684210526315,1,False,,,,
140,0.8947368421052632,2,False,,,,
141,0.8947368421052632,2,False,,,,
142,0.8947368421052632,2,False,,,,
143,0.8947368421052632,2,False,,,,
144,0.8947368421052632,2,False,,,,
145,0.8947368421052632,2,False,,,,
146,0.8947368421052632,2,False,,,,
147,0.8947368421052632,2,False,,,,
148,0.8947368421052632,2,False,,,,
149,0.8947368421052632,2,False,,,,
150,0.8947368421052632,2,False,,,,
151,0.8947368421052632,2,False,,,,
152,0.8947368421052632,2,False,,,,
153,0.8947368421052632,2,False,,,,
154,0.8947368421052632,2,False,,,,
155,0.8947368421052632,2,False,,,,
156,0.8947368421052632,2,False,,,,
157,0.8947368421052632,2,False,,,,
158,0.8947368421052632,2,False,,,,
159,0.8947368421052632,2,False,,,,
160,0.8947368421052632,2,False,,,,
161,0.8947368421052632,2,False,,,,
162,0.8947368421052632,2,False,,,,
163,0.8947368421052632,2,False,,,,
164,0.8947368421052632,2,False,,,,
165,0.8947368421052632,2,False,,,,
166,0.8947368421052632,2,False,,,,
167,0.8947368421052632,2,False,,,,
168,0.8947368421052632,2,False,,,,
169,0.8421052631578947,3,False,,,,
170,0.8421052631578947,3,False,,,,
171,0.8421052631578947,3,False,,,,
172,0.8421052631578947,3,False,,,,
173,0.8421052631578947,3,False,,,,
174,0.8421052631578947,3,False,,,,
175,0.8421052631578947,3,False,,,,
176,0.8421052631578947,3,False,,,,
177,0.8421052631578947,3,False,,,,
178,0.8421052631578947,3,False,,,,
179,0.8421052631578947,3,False,,,,
180,0.9473684210526315,1,False,,,,
181,0.9473684210526315,1,False,,,,
182,0.8421052631578947,3,False,,,,
183,0.8421052631578947,3,False,,,,
184,0.8421052631578947,3,False,,,,
185,0.8421052631578947,3,False,,,,
186,0.8421052631578947,3,False,,,,
187,0.8421052631578947,3,False,,,,
188,0.8421052631578947,3,False,,,,
189,0.8421052631578947,3,False,,,,
190,0.8947368421052632,2,False,,,,
191,0.8421052631578947,3,False,,,,
192,0.8421052631578947,3,False,,,,
193,0.8421052631578947,3,False,,,,
194,0.8421052631578947,3,False,,,,
195,0.8421052631578947,3,False,,,,
196,0.8421052631578947,3,False,,,,
197,0.8421052631578947,3,False,,,,
198,0.8421052631578947,3,False,,,,
199,0.8421052631578947,3,False,,,,
200,0.8421052631578947,3,False,,,,
201,0.7894736842105263,4,False,,,,
202,0.7894736842105263,4,False,,,,
203,0.7894736842105263,4,False,,,,
204,0.7894736842105263,4,False,,,,
205,0.7894736842105263,4,False,,,,
206,0.7894736842105263,4,False,,,,
207,0.7894736842105263,4,False,,,,
208,0.7894736842105263,4,False,,,,
209,0.8947368421052632,2,False,,,,
210,0.8947368421052632,2,False,,,,
211,0.8947368421052632,2,False,,,,
212,0.8947368421052632,2,False,,,,
213,0.8947368421052632,2,False,,,,
214,0.8947368421052632,2,False,,,,
215,0.8947368421052632,2,False,,,,
216,0.8947368421052632,2,False,,,,
217,0.8947368421052632,2,False,,,,
218,0.7894736842105263,4,False,,,,
219,0.7894736842105263,4,False,,,,
220,0.7894736842105263,4,False,,,,
221,0.7894736842105263,4,False,,,,
222,0.7894736842105263,4,False,,,,
223,0.7894736842105263,4,False,,,,
224,0.7894736842105263,4,False,,,,
225,0.7894736842105263,4,False,,,,
226,0.7894736842105263,4,False,,,,
227,0.7894736842105263,4,False,,,,
228,0.7894736842105263,4,False,,,,
229,0.7894736842105263,4,False,,,,
230,0.7894736842105263,4,False,,,,
231,0.7894736842105263,4,False,,,,
232,0.7894736842105263,4,False,,,,
233,0.7894736842105263,4,False,,,,
234,0.7894736842105263,4,False,,,,
235,0.7894736842105263,4,False,,,,
236,0.7894736842105263,4,False,,,,
237,0.7894736842105263,4,False,,,,
238,0.7894736842105263,4,False,,,,
239,0.8947368421052632,2,False,,,,
240,0.8947368421052632,2,False,,,,
241,0.8947368421052632,2,False,,,,
242,0.8947368421052632,2,False,,,,
243,0.8947368421052632,2,False,,,,
244,0.8947368421052632,2,False,,,,
245,0.8947368421052632,2,False,,,,
246,0.8947368421052632,2,False,,,,
247,0.8947368421052632,2,False,,,,
248,0.7894736842105263,4,False,,,,
249,0.7894736842105263,4,False,,,,
250,0.7894736842105263,4,False,,,,
251,0.7894736842105263,4,False,,,,
252,0.7894736842105263,4,False,,,,
253,0.7894736842105263,4,False,,,,
254,0.7894736842105263,4,False,,,,
255,0.7894736842105263,4,False,,,,
256,0.7894736842105263,4,False,,,,
257,0.8947368421052632,2,False,,,,
258,0.8947368421052632,2,False,,,,
259,0.8947368421052632,2,False,,,,
260,0.8947368421052632,2,False,,,,
261,0.8947368421052632,2,False,,,,
262,0.8947368421052632,2,False,,,,
263,0.8947368421052632,2,False,,,,
264,0.8947368421052632,2,False,,,,
265,0.8947368421052632,2,False,,,,
266,0.8947368421052632,2,False,,,,
267,0.8947368421052632,2,False,,,,
268,0.7894736842105263,4,False,,,,
269,0.7894736842105263,4,False,,,,
270,0.7894736842105263,4,False,,,,
271,0.7894736842105263,4,False,,,,
272,0.7894736842105263,4,False,,,,
273,0.7894736842105263,4,False,,,,
274,0.7894736842105263,4,False,,,,
275,0.7894736842105263,4,False,,,,
276,0.7894736842105263,4,False,,,,
277,0.8947368421052632,2,False,,,,
278,0.7894736842105263,4,False,,,,
279,0.7894736842105263,4,False,,,,
280,0.7894736842105263,4,False,,,,
281,0.7894736842105263,4,False,,,,
282,0.7894736842105263,4,False,,,,
283,0.7894736842105263,4,False,,,,
284,0.7894736842105263,4,False,,,,
285,0.7894736842105263,4,False,,,,
286,0.7894736842105263,4,False,,,,
287,0.7894736842105263,4,False,,,,
288,0.7894736842105263,4,False,,,,
289,0.7894736842105263,4,False,,,,
290,0.7894736842105263,4,False,,,,
291,0.7894736842105263,4,False,,,,
292,0.7894736842105263,4,False,,,,
293,0.7894736842105263,4,False,,,,
294,0.7894736842105263,4,False,,,,
295,0.7894736842105263,4,False,,,,
296,0.8947368421052632,2,False,,,,
297,0.8947368421052632,2,False,,,,
298,0.8947368421052632,2,False,,,,
299,0.8947368421052632,2,False,,,,
300,0.8947368421052632,2,False,,,,
301,0.8947368421052632,2,False,,,,
302,0.8947368421052632,2,False,,,,
303,0.8947368421052632,2,False,,,,
304,0.8947368421052632,2,False,,,,
305,0.7894736842105263,4,False,,,,
306,0.7894736842105263,4,False,,,,
307,0.7894736842105263,4,False,,,,
308,0.7894736842105263,4,False,,,,
309,0.7894736842105263,4,False,,,,
310,0.7894736842105263,4,False,,,,
311,0.7894736842105263,4,False,,,,
312,0.7894736842105263,4,False,,,,
313,0.7894736842105263,4,False,,,,
314,0.7368421052631579,5,True,0.31333333333333335,0.4,0.3840091092994299,1.5219280948873621
315,0.7368421052631579,5,True,0.31333333333333335,0.4,0.3840091092994299,1.5219280948873621
316,0.6842105263157895,6,True,0.2622222222222222,0.3333333333333333,0.3516072294314623,1.9182958340544893
317,0.7368421052631579,5,True,0.2866666666666667,0.4,0.3840091092994298,1.5219280948873621
318,0.6842105263157895,6,True,0.2533333333333333,0.3333333333333333,0.3516072294314623,1.9182958340544893
319,0.631578947368421,7,True,0.380952380952381,0.5714285714285714,0.2712875592954145,1.3787834934861753
320,0.631578947368421,7,True,0.2920634920634921,0.42857142857142855,0.2987636957331653,1.8423709931771088
321,0.631578947368421,7,True,0.2634920634920635,0.2857142857142857,0.31402704890353816,2.2359263506290326
322,0.6842105263157895,6,True,0.4311111111111111,0.5,0.3197363442781459,1.4591479170272448
323,0.631578947368421,7,True,0.4857142857142857,0.5714285714285714,0.17194835729502644,0.9852281360342515
324,0.631578947368421,7,True,0.380952380952381,0.42857142857142855,0.23852144093129524,1.5566567074628228
325,0.631578947368421,7,True,0.273015873015873,0.42857142857142855,0.2987636957331653,1.8423709931771088
326,0.631578947368421,7,True,0.3777777777777778,0.7142857142857143,0.31364651914901476,1.1488348542809166
327,0.631578947368421,7,True,0.20317460317460317,0.2857142857142857,0.3308728090528291,2.5216406363433186
328,0.5789473684210527,8,True,0.31666666666666665,0.25,0.2536413168939634,2.25
329,0.5263157894736842,9,True,0.2907407407407407,0.4444444444444444,0.23665100921814008,2.058813890331201
330,0.5263157894736842,9,True,0.3962962962962963,0.5555555555555556,0.07413710786178984,0.9910760598382222
331,0.5263157894736842,9,True,0.2777777777777778,0.4444444444444444,0.1712804787748815,1.3921472236645345
332,0.7368421052631579,5,True,0.3266666666666667,0.6,0.403874569882679,1.3709505944546687
333,0.7368421052631579,5,True,0.35333333333333333,0.6,0.403874569882679,1.3709505944546687
334,0.7368421052631579,5,True,0.52,0.8,0.35553335479741277,0.7219280948873623
335,0.7368421052631579,5,True,0.26,0.4,0.4240799522429881,1.9219280948873623
336,0.7368421052631579,5,True,0.26,0.4,0.4240799522429881,1.9219280948873623
337,0.7368421052631579,5,True,0.43333333333333335,0.6,0.403874569882679,1.3709505944546687
338,0.7368421052631579,5,True,0.48000000000000004,0.8,0.35553335479741277,0.7219280948873623
339,0.5263157894736842,9,True,0.3962962962962963,0.4444444444444444,0.1712804787748815,1.3921472236645345
340,0.5263157894736842,9,True,0.3888888888888889,0.4444444444444444,0.21262228529006166,1.7527152789797045
341,0.5263157894736842,9,True,0.362962962962963,0.4444444444444444,0.13851436041076226,1.5304930567574824
342,0.5263157894736842,9,True,0.3074074074074074,0.5555555555555556,0.26942437427994104,1.8799649487271108
343,0.5263157894736842,9,True,0.37962962962962965,0.6666666666666666,0.2750678362011758,1.4466166676282082
344,0.5263157894736842,9,True,0.3574074074074074,0.5555555555555556,0.26942437427994104,1.8799649487271108
345,0.5263157894736842,9,True,0.2907407407407407,0.4444444444444444,0.23665100921814008,2.058813890331201
346,0.5263157894736842,9,True,0.43333333333333335,0.7777777777777778,0.14194027202555703,0.7642045065086203
347,0.5789473684210527,8,True,0.3142857142857143,0.5,0.29436266502391517,2.0
348,0.5789473684210527,8,True,0.2523809523809524,0.375,0.26901133528123755,2.1556390622295662
349,0.5789473684210527,8,True,0.2761904761904762,0.5,0.2597604999432016,1.75
350,0.5789473684210527,8,True,0.2357142857142857,0.25,0.21442612540916017,2.0
351,0.5789473684210527,8,True,0.3880952380952381,0.625,0.2962465220098368,1.5487949406953985
352,0.5789473684210527,8,True,0.38571428571428573,0.5,0.21310559346698987,1.4056390622295665
353,0.5789473684210527,8,True,0.2785714285714286,0.375,0.26901133528123755,2.1556390622295662
354,0.5789473684210527,8,True,0.30238095238095236,0.375,0.26901133528123755,2.1556390622295662
355,0.5789473684210527,8,True,0.35714285714285715,0.625,0.2962465220098368,1.5487949406953985
356,0.5789473684210527,8,True,0.2785714285714286,0.25,0.2536413168939634,2.25
357,0.7894736842105263,4,False,,,,
358,0.5789473684210527,8,True,0.32857142857142857,0.5,0.29436266502391517,2.0
359,0.5789473684210527,8,True,0.2761904761904762,0.375,0.18033947510287063,1.561278124459133
360,0.5789473684210527,8,True,0.35,0.5,0.2597604999432016,1.75
361,0.5789473684210527,8,True,0.25,0.25,0.27527070060658376,2.5
362,0.5789473684210527,8,True,0.30476190476190473,0.375,0.26901133528123755,2.1556390622295662
363,0.5789473684210527,8,True,0.21666666666666667,0.25,0.27527070060658376,2.5
364,0.5789473684210527,8,True,0.2642857142857143,0.25,0.2536413168939634,2.25
365,0.5789473684210527,8,True,0.2619047619047619,0.375,0.231537301786233,1.9056390622295665
366,0.8421052631578947,3,False,,,,
367,0.8421052631578947,3,False,,,,
368,0.8421052631578947,3,False,,,,
369,0.8421052631578947,3,False,,,,
370,0.8421052631578947,3,False,,,,
371,0.8421052631578947,3,False,,,,
372,0.8421052631578947,3,False,,,,
373,0.8421052631578947,3,False,,,,
374,0.8421052631578947,3,False,,,,
375,0.8421052631578947,3,False,,,,
376,0.8421052631578947,3,False,,,,
377,0.8421052631578947,3,False,,,,
378,0.8947368421052632,2,False,,,,
379,0.8947368421052632,2,False,,,,
380,0.8421052631578947,3,False,,,,
381,0.8421052631578947,3,False,,,,
382,0.8421052631578947,3,False,,,,
383,0.8421052631578947,3,False,,,,
384,0.8421052631578947,3,False,,,,
385,0.8421052631578947,3,False,,,,
386,0.8421052631578947,3,False,,,,
387,0.8421052631578947,3,False,,,,
388,0.8421052631578947,3,False,,,,
389,0.8421052631578947,3,False,,,,
390,0.5263157894736842,9,True,0.31666666666666665,0.4444444444444444,0.19551110891298873,1.836591668108979
391,0.5263157894736842,9,True,0.4185185185185185,0.7777777777777778,0.2673721749433876,0.9864267287308424
392,0.5789473684210527,8,True,0.3214285714285714,0.5,0.2597604999432015,1.75
393,0.5789473684210527,8,True,0.3547619047619047,0.5,0.21310559346698976,1.4056390622295665
394,0.5789473684210527,8,True,0.23333333333333334,0.5,0.2597604999432016,1.75
395,0.8421052631578947,3,False,,,,
396,0.8421052631578947,3,False,,,,
397,0.8421052631578947,3,False,,,,
398,0.8421052631578947,3,False,,,,
399,0.8421052631578947,3,False,,,,
400,0.8421052631578947,3,False,,,,
401,0.8421052631578947,3,False,,,,
402,0.7894736842105263,4,False,,,,
403,0.8421052631578947,3,False,,,,
404,0.8421052631578947,3,False,,,,
405,0.8421052631578947,3,False,,,,
406,0.8421052631578947,3,False,,,,
407,0.8421052631578947,3,False,,,,
408,0.8421052631578947,3,False,,,,
409,0.8421052631578947,3,False,,,,
410,0.8421052631578947,3,False,,,,
411,0.631578947368421,7,True,0.2507936507936508,0.42857142857142855,0.3293970672908122,2.1280852788913944
412,0.5789473684210527,8,True,0.4166666666666667,0.75,0.28560263299760746,1.061278124459133
413,0.5263157894736842,9,True,0.3092592592592593,0.4444444444444444,0.23665100921813997,2.058813890331201
414,0.5263157894736842,9,True,0.3814814814814815,0.5555555555555556,0.23199713097962404,1.6577427265048887
415,0.5263157894736842,9,True,0.2111111111111111,0.3333333333333333,0.2362832736567574,2.4193819456463714
416,0.47368421052631576,10,True,0.2874074074074074,0.3,0.18585266116365706,2.4464393446710155
417,0.47368421052631576,10,True,0.31555555555555553,0.4,0.1818816931582794,2.121928094887362
418,0.47368421052631576,10,True,0.3274074074074074,0.4,0.20919571487351973,2.321928094887362
419,0.47368421052631576,10,True,0.31555555555555553,0.4,0.19725171154555354,2.0464393446710156
420,0.47368421052631576,10,True,0.1837037037037037,0.2,0.18980179399215258,2.721928094887362
421,0.5263157894736842,9,True,0.312962962962963,0.5555555555555556,0.23199713097962404,1.6577427265048887
422,0.5263157894736842,9,True,0.2833333333333333,0.4444444444444444,0.23665100921814008,2.058813890331201
423,0.5263157894736842,9,True,0.2351851851851852,0.2222222222222222,0.23699400339378085,2.725480556997868
424,0.5263157894736842,9,True,0.3111111111111111,0.4444444444444444,0.23665100921814008,2.058813890331201
425,0.5263157894736842,9,True,0.28888888888888886,0.3333333333333333,0.2362832736567574,2.4193819456463714
426,0.5263157894736842,9,True,0.23333333333333334,0.2222222222222222,0.22213083398682842,2.5032583347756456
427,0.5263157894736842,9,True,0.43148148148148147,0.7777777777777778,0.14194027202555703,0.7642045065086203
428,0.5263157894736842,9,True,0.3425925925925926,0.4444444444444444,0.23665100921814008,2.058813890331201
429,0.5263157894736842,9,True,0.2722222222222222,0.2222222222222222,0.2221308339868283,2.5032583347756456
430,0.631578947368421,7,True,0.3428571428571428,0.7142857142857143,0.31364651914901476,1.1488348542809166
431,0.5263157894736842,9,True,0.35185185185185186,0.6666666666666666,0.2750678362011758,1.4466166676282082
432,0.5263157894736842,9,True,0.24259259259259258,0.2222222222222222,0.2221308339868283,2.5032583347756456
433,0.5263157894736842,9,True,0.37037037037037035,0.5555555555555556,0.26942437427994104,1.8799649487271108
434,0.47368421052631576,10,True,0.3125925925925926,0.3,0.15653036341560167,2.2464393446710154
435,0.47368421052631576,10,True,0.2637037037037037,0.3,0.18585266116365706,2.4464393446710155
436,0.47368421052631576,10,True,0.29037037037037033,0.5,0.21465505822008046,1.9609640474436814
437,0.47368421052631576,10,True,0.27851851851851855,0.3,0.18585266116365706,2.4464393446710155
438,0.47368421052631576,10,True,0.4666666666666667,0.8,0.25838690151454435,0.9219280948873623
439,0.47368421052631576,10,True,0.29037037037037033,0.4,0.1345373739740725,1.9219280948873623
440,0.9473684210526315,1,False,,,,
441,0.9473684210526315,1,False,,,,
442,0.9473684210526315,1,False,,,,
443,0.9473684210526315,1,False,,,,
444,0.9473684210526315,1,False,,,,
445,0.9473684210526315,1,False,,,,
446,0.5263157894736842,9,True,0.37592592592592594,0.6666666666666666,0.2750678362011758,1.4466166676282082
447,0.5789473684210527,8,True,0.36428571428571427,0.625,0.23559909273734103,1.2987949406953985
448,0.5263157894736842,9,True,0.3555555555555555,0.5555555555555556,0.23199713097962404,1.6577427265048887
449,0.5263157894736842,9,True,0.3888888888888889,0.6666666666666666,0.2750678362011758,1.4466166676282082
450,0.5263157894736842,9,True,0.6,1.0,0.001999116127700429,0.0
451,0.5263157894736842,9,True,0.3074074074074074,0.5555555555555556,0.23199713097962404,1.6577427265048887
452,0.5263157894736842,9,True,0.26666666666666666,0.3333333333333333,0.21129967947546247,2.197159723424149
453,0.5263157894736842,9,True,0.2833333333333333,0.4444444444444444,0.19551110891298873,1.836591668108979
454,0.5263157894736842,9,True,0.1925925925925926,0.2222222222222222,0.23699400339378085,2.725480556997868
455,0.5789473684210527,8,True,0.32857142857142857,0.375,0.23153730178623289,1.9056390622295665
456,0.6842105263157895,6,True,0.41333333333333333,0.5,0.2330839172350091,1.0
457,0.7368421052631579,5,True,0.36666666666666664,0.6,0.403874569882679,1.3709505944546687
458,0.7368421052631579,5,True,0.44,0.8,0.35553335479741277,0.7219280948873623
459,0.6842105263157895,6,True,0.2977777777777778,0.3333333333333333,0.3768634756015604,2.2516291673878226
460,0.6842105263157895,6,True,0.32,0.6666666666666666,0.35250246264226515,1.2516291673878228
461,0.6842105263157895,6,True,0.32,0.5,0.3197363442781458,1.4591479170272446
462,0.6842105263157895,6,True,0.32,0.3333333333333333,0.3516072294314623,1.9182958340544893
463,0.6842105263157895,6,True,0.39111111111111113,0.6666666666666666,0.35250246264226515,1.2516291673878228
464,0.631578947368421,7,True,0.21587301587301588,0.2857142857142857,0.3308728090528291,2.5216406363433186
465,0.631578947368421,7,True,0.41269841269841273,0.5714285714285714,0.2712875592954145,1.3787834934861753
466,0.631578947368421,7,True,0.6,1.0,0.050547984612051566,0.0
467,0.631578947368421,7,True,0.41904761904761906,0.7142857142857143,0.31364651914901476,1.1488348542809166
468,0.631578947368421,7,True,0.32380952380952377,0.2857142857142857,0.28165251935609226,1.9502120649147465
469,0.5789473684210527,8,True,0.2714285714285714,0.625,0.2962465220098368,1.5487949406953985
470,0.5789473684210527,8,True,0.3357142857142857,0.375,0.24864847816330582,1.811278124459133
471,0.5789473684210527,8,True,0.2357142857142857,0.375,0.2894231402765127,2.4056390622295662
472,0.5263157894736842,9,True,0.3425925925925926,0.4444444444444444,0.23665100921814008,2.058813890331201
473,0.5263157894736842,9,True,0.3685185185185185,0.5555555555555556,0.23199713097962404,1.6577427265048887
474,0.5263157894736842,9,True,0.32037037037037036,0.3333333333333333,0.2266696978627366,2.113283334294875
475,0.5263157894736842,9,True,0.32962962962962966,0.5555555555555556,0.26942437427994104,1.8799649487271108
476,0.5263157894736842,9,True,0.4037037037037037,0.5555555555555556,0.18087332026436265,1.3516441151533924
477,0.5263157894736842,9,True,0.24074074074074076,0.3333333333333333,0.2362832736567574,2.4193819456463714
478,0.5263157894736842,9,True,0.3611111111111111,0.5555555555555556,0.23199713097962404,1.6577427265048887
479,0.5263157894736842,9,True,0.3111111111111111,0.5555555555555556,0.26942437427994104,1.8799649487271108
480,0.6842105263157895,6,True,0.3466666666666667,0.5,0.3197363442781459,1.4591479170272448
481,0.5789473684210527,8,True,0.4571428571428572,0.75,0.28560263299760746,1.061278124459133
482,0.5263157894736842,9,True,0.32037037037037036,0.3333333333333333,0.16728791075602023,1.9749375012019272
483,0.47368421052631576,10,True,0.33185185185185184,0.6,0.21409410126225947,1.5709505944546687
484,0.5789473684210527,8,True,0.3547619047619047,0.5,0.29436266502391517,2.0
485,0.5789473684210527,8,True,0.42142857142857143,0.5,0.21310559346698987,1.4056390622295665
486,0.5789473684210527,8,True,0.2976190476190476,0.375,0.24864847816330582,1.811278124459133
487,0.5789473684210527,8,True,0.3952380952380953,0.625,0.2962465220098368,1.5487949406953985
488,0.5789473684210527,8,True,0.3785714285714286,0.5,0.19324013288374065,1.5
489,0.5789473684210527,8,True,0.4571428571428572,0.75,0.28560263299760746,1.061278124459133
490,0.5789473684210527,8,True,0.24047619047619048,0.375,0.2894231402765127,2.4056390622295662
491,0.9473684210526315,1,False,,,,
492,0.9473684210526315,1,False,,,,
493,0.5789473684210527,8,True,0.2547619047619048,0.375,0.26901133528123755,2.1556390622295662
494,0.5789473684210527,8,True,0.20952380952380953,0.25,0.2867214920979325,2.75
495,0.5789473684210527,8,True,0.2261904761904762,0.375,0.26901133528123755,2.1556390622295662
496,0.5789473684210527,8,True,0.24047619047619048,0.25,0.2752707006065839,2.5
497,0.5789473684210527,8,True,0.26666666666666666,0.5,0.29436266502391517,2.0
498,0.5789473684210527,8,True,0.3952380952380953,0.625,0.2962465220098368,1.5487949406953985
499,0.5789473684210527,8,True,0.26666666666666666,0.375,0.23153730178623289,1.9056390622295665
500,0.7894736842105263,4,False,,,,
501,0.7894736842105263,4,False,,,,
502,0.7894736842105263,4,False,,,,
503,0.7894736842105263,4,False,,,,
504,0.7894736842105263,4,False,,,,
505,0.8947368421052632,2,False,,,,
506,0.9473684210526315,1,False,,,,
507,0.8947368421052632,2,False,,,,
508,0.8947368421052632,2,False,,,,
509,0.7894736842105263,4,False,,,,
510,0.5263157894736842,9,True,0.34074074074074073,0.4444444444444444,0.19551110891298873,1.836591668108979
511,0.5263157894736842,9,True,0.362962962962963,0.5555555555555556,0.23199713097962393,1.6577427265048887
512,0.5263157894736842,9,True,0.3111111111111111,0.4444444444444444,0.23665100921814008,2.058813890331201
513,0.5263157894736842,9,True,0.2111111111111111,0.4444444444444444,0.19551110891298873,1.836591668108979
514,0.5263157894736842,9,True,0.24259259259259258,0.3333333333333333,0.2502376437826136,2.6416041678685933
515,0.5263157894736842,9,True,0.5222222222222223,0.7777777777777778,0.14194027202555715,0.7642045065086203
516,0.5263157894736842,9,True,0.47407407407407404,0.7777777777777778,0.2673721749433876,0.9864267287308424
517,0.5263157894736842,9,True,0.4592592592592593,0.8888888888888888,0.2199270264698785,0.5032583347756457
518,0.5263157894736842,9,True,0.3925925925925926,0.6666666666666666,0.21101139994137985,1.224394445405986
519,0.5263157894736842,9,True,0.5555555555555555,0.8888888888888888,0.2199270264698785,0.5032583347756457
520,0.5263157894736842,9,True,0.3351851851851852,0.6666666666666666,0.2750678362011758,1.4466166676282082
521,0.5263157894736842,9,True,0.29629629629629634,0.5555555555555556,0.26942437427994104,1.8799649487271108
522,0.5263157894736842,9,True,0.39814814814814814,0.6666666666666666,0.2750678362011758,1.4466166676282082
523,0.5263157894736842,9,True,0.4592592592592593,0.8888888888888888,0.2199270264698785,0.5032583347756457
524,0.5263157894736842,9,True,0.3537037037037037,0.5555555555555556,0.23199713097962393,1.6577427265048887
525,0.5263157894736842,9,True,0.3351851851851852,0.4444444444444444,0.19551110891298884,1.836591668108979
526,0.5263157894736842,9,True,0.20555555555555557,0.3333333333333333,0.21129967947546247,2.197159723424149
527,0.5263157894736842,9,True,0.20925925925925926,0.2222222222222222,0.2446883927462009,2.94770277922009
528,0.6842105263157895,6,True,0.22222222222222224,0.16666666666666666,0.38873147359769233,2.584962500721156
529,0.6842105263157895,6,True,0.24444444444444444,0.16666666666666666,0.38873147359769233,2.584962500721156
530,0.47368421052631576,10,True,0.2696296296296296,0.3,0.20000510083358602,2.3709505944546683
531,0.47368421052631576,10,True,0.35259259259259257,0.6,0.25334307806277945,1.7709505944546688
532,0.47368421052631576,10,True,0.3851851851851852,0.7,0.2626406304386867,1.3567796494470397
533,0.7368421052631579,5,True,0.35333333333333333,0.6,0.403874569882679,1.3709505944546687
534,0.7894736842105263,4,False,,,,
535,0.7894736842105263,4,False,,,,
536,0.7894736842105263,4,False,,,,
537,0.7894736842105263,4,False,,,,
538,0.7894736842105263,4,False,,,,
539,0.7894736842105263,4,False,,,,
540,0.7894736842105263,4,False,,,,
541,0.7894736842105263,4,False,,,,
542,0.7894736842105263,4,False,,,,
543,0.7894736842105263,4,False,,,,
544,0.8421052631578947,3,False,,,,
545,0.8421052631578947,3,False,,,,
546,0.8421052631578947,3,False,,,,
547,0.8421052631578947,3,False,,,,
548,0.8421052631578947,3,False,,,,
549,0.7894736842105263,4,False,,,,
550,0.7894736842105263,4,False,,,,
551,0.7894736842105263,4,False,,,,
552,0.8421052631578947,3,False,,,,
553,0.7894736842105263,4,False,,,,
554,0.8421052631578947,3,False,,,,
555,0.8421052631578947,3,False,,,,
556,0.8421052631578947,3,False,,,,
557,0.9473684210526315,1,False,,,,
558,0.7894736842105263,4,False,,,,
559,0.7894736842105263,4,False,,,,
560,0.7894736842105263,4,False,,,,
561,0.7894736842105263,4,False,,,,
562,0.7894736842105263,4,False,,,,
563,0.7894736842105263,4,False,,,,
564,0.7894736842105263,4,False,,,,
565,0.7894736842105263,4,False,,,,
566,0.7894736842105263,4,False,,,,
567,0.7894736842105263,4,False,,,,
568,0.7894736842105263,4,False,,,,
569,0.7894736842105263,4,False,,,,
570,0.5263157894736842,9,True,0.3,0.6666666666666666,0.21101139994137996,1.224394445405986
571,0.5263157894736842,9,True,0.38333333333333336,0.6666666666666666,0.21101139994137996,1.224394445405986
572,0.5263157894736842,9,True,0.3092592592592593,0.5555555555555556,0.26942437427994104,1.8799649487271108
573,0.47368421052631576,10,True,0.2874074074074074,0.5,0.21465505822008046,1.9609640474436814
574,0.47368421052631576,10,True,0.42370370370370375,0.7,0.2626406304386867,1.3567796494470397
575,0.47368421052631576,10,True,0.2755555555555556,0.4,0.20919571487351996,2.321928094887362
576,0.47368421052631576,10,True,0.39111111111111113,0.4,0.17987174850811383,1.7219280948873623
577,0.47368421052631576,10,True,0.36444444444444446,0.6,0.16008854642218662,1.295461844238322
578,0.47368421052631576,10,True,0.3792592592592593,0.5,0.18813457241778064,1.6854752972273346
579,0.47368421052631576,10,True,0.21185185185185187,0.2,0.20002593917380795,2.9219280948873623
580,0.47368421052631576,10,True,0.3022222222222222,0.5,0.21465505822008046,1.9609640474436814
581,0.7368421052631579,5,True,0.35333333333333333,0.6,0.403874569882679,1.3709505944546687
582,0.5789473684210527,8,True,0.2285714285714286,0.25,0.2752707006065839,2.5
583,0.5789473684210527,8,True,0.369047619047619,0.625,0.2962465220098368,1.5487949406953985
584,0.5789473684210527,8,True,0.3071428571428571,0.625,0.2962465220098368,1.5487949406953985
585,0.5263157894736842,9,True,0.45,0.7777777777777778,0.2673721749433876,0.9864267287308424
586,0.47368421052631576,10,True,0.27851851851851855,0.3,0.20304543438098532,2.6464393446710153
587,0.47368421052631576,10,True,0.3377777777777778,0.6,0.25334307806277945,1.7709505944546688
588,0.47368421052631576,10,True,0.3674074074074074,0.5,0.18813457241778053,1.6854752972273346
589,0.47368421052631576,10,True,0.32,0.4,0.15164855035114533,1.8464393446710154
590,0.47368421052631576,10,True,0.3111111111111111,0.3,0.1719003818028758,2.1709505944546685
591,0.47368421052631576,10,True,0.33185185185185184,0.4,0.19725171154555354,2.0464393446710156
592,0.47368421052631576,10,True,0.362962962962963,0.5,0.18813457241778064,1.6854752972273346
593,0.47368421052631576,10,True,0.2711111111111111,0.4,0.2248895132903982,2.5219280948873624
594,0.47368421052631576,10,True,0.2948148148148148,0.4,0.19725171154555354,2.0464393446710156
595,0.47368421052631576,10,True,0.28444444444444444,0.4,0.1345373739740725,1.9219280948873623
596,0.47368421052631576,10,True,0.23111111111111113,0.3,0.20304543438098532,2.6464393446710153
597,0.47368421052631576,10,True,0.30666666666666664,0.4,0.1818816931582794,2.121928094887362
598,0.47368421052631576,10,True,0.25925925925925924,0.4,0.20919571487351973,2.321928094887362
599,0.7368421052631579,5,True,0.38666666666666666,0.6,0.403874569882679,1.3709505944546687
600,0.5263157894736842,9,True,0.3537037037037037,0.5555555555555556,0.23199713097962404,1.6577427265048887
601,0.5263157894736842,9,True,0.2833333333333333,0.4444444444444444,0.25962632736662017,2.2810361125534233
602,0.5789473684210527,8,True,0.4071428571428572,0.625,0.2962465220098368,1.5487949406953985
603,0.8947368421052632,2,False,,,,
604,0.8947368421052632,2,False,,,,
605,0.9473684210526315,1,False,,,,
606,0.9473684210526315,1,False,,,,
607,0.9473684210526315,1,False,,,,
608,0.9473684210526315,1,False,,,,
609,0.9473684210526315,1,False,,,,
610,0.9473684210526315,1,False,,,,
611,0.9473684210526315,1,False,,,,
612,0.9473684210526315,1,False,,,,
613,0.9473684210526315,1,False,,,,
614,0.9473684210526315,1,False,,,,
615,0.9473684210526315,1,False,,,,
616,0.8947368421052632,2,False,,,,
617,0.8421052631578947,3,False,,,,
618,0.8421052631578947,3,False,,,,
619,0.8421052631578947,3,False,,,,
620,0.7894736842105263,4,False,,,,
621,0.7368421052631579,5,True,0.2866666666666667,0.4,0.4240799522429881,1.9219280948873623
622,0.7368421052631579,5,True,0.29333333333333333,0.4,0.4240799522429881,1.9219280948873623
623,0.7368421052631579,5,True,0.20666666666666667,0.4,0.4240799522429881,1.9219280948873623
624,0.7368421052631579,5,True,0.31333333333333335,0.4,0.4240799522429881,1.9219280948873623
625,0.7368421052631579,5,True,0.33999999999999997,0.6,0.403874569882679,1.3709505944546687
626,0.47368421052631576,10,True,0.28296296296296297,0.4,0.15164855035114533,1.8464393446710154
627,0.47368421052631576,10,True,0.24888888888888888,0.4,0.15164855035114533,1.8464393446710154
628,0.47368421052631576,10,True,0.34074074074074073,0.5,0.18813457241778064,1.6854752972273344
629,0.5263157894736842,9,True,0.28703703703703703,0.4444444444444444,0.21262228529006166,1.7527152789797047
630,0.5789473684210527,8,True,0.32857142857142857,0.5,0.29436266502391517,2.0
631,0.8947368421052632,2,False,,,,
632,0.5789473684210527,8,True,0.24761904761904763,0.25,0.2867214920979325,2.75
633,0.47368421052631576,10,True,0.32,0.3,0.17190038180287592,2.1709505944546685
634,0.47368421052631576,10,True,0.3555555555555555,0.6,0.21409410126225947,1.5709505944546687
635,0.7894736842105263,4,False,,,,
636,0.47368421052631576,10,True,0.3925925925925926,0.7,0.2626406304386867,1.3567796494470397
637,0.47368421052631576,10,True,0.437037037037037,0.6,0.21409410126225947,1.5709505944546687
638,0.47368421052631576,10,True,0.2622222222222222,0.4,0.20919571487351973,2.321928094887362
639,0.47368421052631576,10,True,0.48592592592592593,0.8,0.25838690151454435,0.9219280948873623
640,0.7368421052631579,5,True,0.31333333333333335,0.6,0.403874569882679,1.3709505944546687
641,0.7368421052631579,5,True,0.29333333333333333,0.4,0.3840091092994299,1.5219280948873621
642,0.7894736842105263,4,False,,,,
643,0.7894736842105263,4,False,,,,
644,0.7894736842105263,4,False,,,,
645,0.5789473684210527,8,True,0.35952380952380947,0.5,0.2597604999432015,1.75
646,0.5789473684210527,8,True,0.32380952380952377,0.625,0.2962465220098368,1.5487949406953985
647,0.5789473684210527,8,True,0.30238095238095236,0.625,0.2962465220098368,1.5487949406953985
648,0.5789473684210527,8,True,0.2761904761904762,0.5,0.29436266502391517,2.0
649,0.5789473684210527,8,True,0.3952380952380953,0.5,0.2597604999432015,1.75
650,0.5263157894736842,9,True,0.2925925925925926,0.3333333333333333,0.21129967947546247,2.197159723424149
651,0.5263157894736842,9,True,0.5407407407407407,0.8888888888888888,0.2199270264698785,0.5032583347756457
652,0.5263157894736842,9,True,0.33888888888888885,0.5555555555555556,0.1610078596811133,1.4355205042826666
653,0.5789473684210527,8,True,0.3476190476190476,0.625,0.2962465220098368,1.5487949406953985
654,0.5789473684210527,8,True,0.26904761904761904,0.375,0.231537301786233,1.9056390622295665
655,0.47368421052631576,10,True,0.28888888888888886,0.4,0.2248895132903982,2.5219280948873624
656,0.5789473684210527,8,True,0.35952380952380947,0.5,0.29436266502391517,2.0
657,0.5789473684210527,8,True,0.3071428571428571,0.375,0.26901133528123755,2.1556390622295662
658,0.5789473684210527,8,True,0.30238095238095236,0.25,0.2752707006065839,2.5
659,0.5789473684210527,8,True,0.33095238095238094,0.375,0.231537301786233,1.9056390622295665
660,0.5789473684210527,8,True,0.2738095238095238,0.375,0.24864847816330582,1.811278124459133
661,0.5789473684210527,8,True,0.2976190476190476,0.5,0.2597604999432016,1.75
662,0.5789473684210527,8,True,0.3071428571428571,0.5,0.2597604999432016,1.75
663,0.5263157894736842,9,True,0.2907407407407407,0.4444444444444444,0.25962632736662017,2.2810361125534233
664,0.9473684210526315,1,False,,,,
665,0.9473684210526315,1,False,,,,
666,0.47368421052631576,10,True,0.3288888888888889,0.5,0.21465505822008046,1.9609640474436814
667,0.47368421052631576,10,True,0.2696296296296296,0.5,0.21465505822008046,1.9609640474436814
668,0.47368421052631576,10,True,0.2651851851851852,0.5,0.21465505822008046,1.9609640474436814
669,0.47368421052631576,10,True,0.23703703703703702,0.4,0.20919571487351973,2.321928094887362
670,0.47368421052631576,10,True,0.3851851851851852,0.7,0.19658386084094515,1.1567796494470395
671,0.47368421052631576,10,True,0.7333333333333333,1.0,0.001999116127700429,0.0
672,0.47368421052631576,10,True,0.33925925925925926,0.6,0.25334307806277945,1.7709505944546688
673,0.47368421052631576,10,True,0.3022222222222222,0.5,0.21465505822008046,1.9609640474436814
674,0.47368421052631576,10,True,0.3496296296296296,0.5,0.21465505822008046,1.9609640474436814
675,0.47368421052631576,10,True,0.3733333333333333,0.7,0.2626406304386867,1.3567796494470397
676,0.47368421052631576,10,True,0.3214814814814815,0.6,0.25334307806277945,1.7709505944546688
677,0.47368421052631576,10,True,0.4414814814814815,0.7,0.2626406304386868,1.3567796494470397
678,0.47368421052631576,10,True,0.2237037037037037,0.5,0.2393728467500651,2.1609640474436813
679,0.47368421052631576,10,True,0.26814814814814814,0.3,0.20304543438098532,2.6464393446710153
680,0.47368421052631576,10,True,0.3214814814814815,0.4,0.20919571487351973,2.321928094887362
681,0.47368421052631576,10,True,0.3422222222222222,0.5,0.21465505822008046,1.9609640474436814
682,0.47368421052631576,10,True,0.31407407407407406,0.4,0.1818816931582794,2.121928094887362
683,0.47368421052631576,10,True,0.2859259259259259,0.4,0.20919571487351973,2.321928094887362
684,0.47368421052631576,10,True,0.1985185185185185,0.2,0.20002593917380795,2.9219280948873623
685,0.47368421052631576,10,True,0.30518518518518517,0.5,0.2393728467500651,2.1609640474436813
686,0.8947368421052632,2,False,,,,
687,0.8947368421052632,2,False,,,,
688,0.8947368421052632,2,False,,,,
689,0.9473684210526315,1,False,,,,
690,0.9473684210526315,1,False,,,,
691,0.9473684210526315,1,False,,,,
692,0.9473684210526315,1,False,,,,
693,0.9473684210526315,1,False,,,,
694,0.9473684210526315,1,False,,,,
695,0.9473684210526315,1,False,,,,
696,0.9473684210526315,1,False,,,,
697,0.8947368421052632,2,False,,,,
698,0.9473684210526315,1,False,,,,
699,0.8947368421052632,2,False,,,,
700,0.8947368421052632,2,False,,,,
701,0.8947368421052632,2,False,,,,
702,0.47368421052631576,10,True,0.23851851851851852,0.3,0.20304543438098532,2.6464393446710153
703,0.8947368421052632,2,False,,,,
704,0.8947368421052632,2,False,,,,
705,0.8947368421052632,2,False,,,,
706,0.8947368421052632,2,False,,,,
707,0.8947368421052632,2,False,,,,
708,0.7368421052631579,5,True,0.22,0.4,0.3840091092994299,1.5219280948873621
709,0.7368421052631579,5,True,0.2533333333333333,0.4,0.4240799522429881,1.9219280948873623
710,0.7368421052631579,5,True,0.23333333333333334,0.2,0.44196169314325406,2.321928094887362
711,0.7368421052631579,5,True,0.2733333333333333,0.6,0.403874569882679,1.3709505944546687
712,0.7368421052631579,5,True,0.23333333333333334,0.4,0.4240799522429881,1.9219280948873623
713,0.8421052631578947,3,False,,,,
714,0.8421052631578947,3,False,,,,
715,0.8421052631578947,3,False,,,,
716,0.7894736842105263,4,False,,,,
717,0.47368421052631576,10,True,0.2325925925925926,0.4,0.19725171154555354,2.0464393446710156
718,0.47368421052631576,10,True,0.2992592592592593,0.4,0.1818816931582794,2.1219280948873624
719,0.47368421052631576,10,True,0.28444444444444444,0.4,0.2248895132903982,2.5219280948873624
720,0.47368421052631576,10,True,0.29037037037037033,0.4,0.15164855035114533,1.8464393446710154
721,0.47368421052631576,10,True,0.26814814814814814,0.4,0.20919571487351996,2.3219280948873626
722,0.47368421052631576,10,True,0.3718518518518518,0.5,0.18813457241778064,1.6854752972273346
723,0.47368421052631576,10,True,0.35259259259259257,0.6,0.25334307806277945,1.7709505944546688
724,0.47368421052631576,10,True,0.3496296296296296,0.6,0.25334307806277945,1.7709505944546688
725,0.47368421052631576,10,True,0.3037037037037037,0.4,0.20919571487351996,2.321928094887362
726,0.5263157894736842,9,True,0.30185185185185187,0.5555555555555556,0.26942437427994104,1.8799649487271108
727,0.47368421052631576,10,True,0.29629629629629634,0.5,0.1710233960407077,1.7609640474436812
728,0.47368421052631576,10,True,0.23555555555555555,0.3,0.18585266116365706,2.4464393446710155
729,0.7368421052631579,5,True,0.24000000000000002,0.4,0.4240799522429881,1.9219280948873623
730,0.7368421052631579,5,True,0.2533333333333333,0.4,0.3840091092994298,1.5219280948873621
731,0.6842105263157895,6,True,0.22666666666666666,0.3333333333333333,0.3516072294314623,1.9182958340544893
732,0.6842105263157895,6,True,0.18666666666666665,0.16666666666666666,0.38873147359769233,2.584962500721156
733,0.6842105263157895,6,True,0.3244444444444445,0.6666666666666666,0.35250246264226515,1.2516291673878228
734,0.6842105263157895,6,True,0.3333333333333333,0.5,0.368718405808535,1.7924812503605778
735,0.6842105263157895,6,True,0.28444444444444444,0.3333333333333333,0.3768634756015603,2.2516291673878226
736,0.6842105263157895,6,True,0.31555555555555553,0.5,0.3197363442781458,1.4591479170272446
737,0.7368421052631579,5,True,0.24000000000000002,0.4,0.4240799522429881,1.9219280948873623
738,0.7368421052631579,5,True,0.24000000000000002,0.2,0.44196169314325406,2.321928094887362
739,0.7368421052631579,5,True,0.26666666666666666,0.4,0.4240799522429881,1.9219280948873623
740,0.7368421052631579,5,True,0.32,0.4,0.4240799522429881,1.9219280948873623
741,0.7368421052631579,5,True,0.18666666666666665,0.2,0.44196169314325406,2.321928094887362
742,0.7368421052631579,5,True,0.36000000000000004,0.6,0.403874569882679,1.3709505944546687
743,0.42105263157894735,11,True,0.23030303030303031,0.2727272727272727,0.17056421755728335,2.8453509366224368
744,0.42105263157894735,11,True,0.3296969696969697,0.2727272727272727,0.152585956193804,2.413088436425758
745,0.42105263157894735,11,True,0.2678787878787879,0.45454545454545453,0.1919537021102833,2.2221915755066783
746,0.3684210526315789,12,True,0.23030303030303031,0.25,0.13962061144647375,3.0220552088742
747,0.3684210526315789,12,True,0.303030303030303,0.25,0.12270902131760208,2.396240625180289
748,0.3684210526315789,12,True,0.24343434343434342,0.25,0.13157084033512245,2.8553885422075336
749,0.5789473684210527,8,True,0.2833333333333333,0.5,0.29436266502391517,2.0
750,0.7368421052631579,5,True,0.20666666666666667,0.4,0.4240799522429881,1.9219280948873623
751,0.7368421052631579,5,True,0.3,0.4,0.4240799522429881,1.9219280948873623
752,0.7368421052631579,5,True,0.11333333333333334,0.2,0.44196169314325406,2.321928094887362
753,0.7894736842105263,4,False,,,,
754,0.7894736842105263,4,False,,,,
755,0.7894736842105263,4,False,,,,
756,0.7894736842105263,4,False,,,,
757,0.8421052631578947,3,False,,,,
758,0.8421052631578947,3,False,,,,
759,0.8421052631578947,3,False,,,,
760,0.8421052631578947,3,False,,,,
761,0.8421052631578947,3,False,,,,
762,0.8421052631578947,3,False,,,,
763,0.8421052631578947,3,False,,,,
764,0.8421052631578947,3,False,,,,
765,0.8421052631578947,3,False,,,,
766,0.8421052631578947,3,False,,,,
767,0.8421052631578947,3,False,,,,
768,0.7894736842105263,4,False,,,,
769,0.7894736842105263,4,False,,,,
770,0.8421052631578947,3,False,,,,
771,0.8421052631578947,3,False,,,,
772,0.7894736842105263,4,False,,,,
773,0.7894736842105263,4,False,,,,
774,0.631578947368421,7,True,0.3111111111111111,0.42857142857142855,0.3293970672908122,2.1280852788913944
775,0.631578947368421,7,True,0.24761904761904763,0.42857142857142855,0.2987636957331652,1.8423709931771084
776,0.8947368421052632,2,False,,,,
777,0.8947368421052632,2,False,,,,
778,0.9473684210526315,1,False,,,,
779,0.9473684210526315,1,False,,,,
780,0.9473684210526315,1,False,,,,
781,0.9473684210526315,1,False,,,,
782,0.9473684210526315,1,False,,,,
783,0.9473684210526315,1,False,,,,
784,0.9473684210526315,1,False,,,,
785,0.9473684210526315,1,False,,,,
786,0.9473684210526315,1,False,,,,
787,0.9473684210526315,1,False,,,,
788,0.9473684210526315,1,False,,,,
789,0.9473684210526315,1,False,,,,
790,0.9473684210526315,1,False,,,,
791,0.9473684210526315,1,False,,,,
792,0.9473684210526315,1,False,,,,
793,0.9473684210526315,1,False,,,,
794,0.9473684210526315,1,False,,,,
795,0.9473684210526315,1,False,,,,
796,0.42105263157894735,11,True,0.35878787878787877,0.36363636363636365,0.14575294935186045,2.1180782093497093
797,0.42105263157894735,11,True,0.3612121212121212,0.45454545454545453,0.16315629602638737,2.0403733936884962
798,0.5263157894736842,9,True,0.27037037037037037,0.3333333333333333,0.2362832736567574,2.4193819456463714
799,0.5263157894736842,9,True,0.2574074074074074,0.3333333333333333,0.2362832736567574,2.4193819456463714
800,0.47368421052631576,10,True,0.3688888888888889,0.6,0.25334307806277934,1.7709505944546688
801,0.5263157894736842,9,True,0.37037037037037035,0.5555555555555556,0.23199713097962404,1.6577427265048887
802,0.47368421052631576,10,True,0.2518518518518518,0.3,0.20000510083358602,2.3709505944546687
803,0.42105263157894735,11,True,0.2424242424242424,0.36363636363636365,0.14575294935186045,2.1180782093497093
804,0.42105263157894735,11,True,0.2812121212121212,0.2727272727272727,0.12040161960918283,2.2312702546075758
805,0.42105263157894735,11,True,0.3115151515151515,0.45454545454545453,0.1785263144136614,1.971747257128181
806,0.42105263157894735,11,True,0.25212121212121213,0.36363636363636365,0.1805153902556471,2.5503407095463886
807,0.6842105263157895,6,True,0.2711111111111111,0.3333333333333333,0.3768634756015603,2.2516291673878226
808,0.42105263157894735,11,True,0.23515151515151517,0.2727272727272727,0.152585956193804,2.4130884364257574
809,0.42105263157894735,11,True,0.34909090909090906,0.36363636363636365,0.14575294935186023,2.1180782093497093
810,0.8421052631578947,3,False,,,,
811,0.8421052631578947,3,False,,,,
812,0.8421052631578947,3,False,,,,
813,0.8947368421052632,2,False,,,,
814,0.8947368421052632,2,False,,,,
815,0.8421052631578947,3,False,,,,
816,0.8421052631578947,3,False,,,,
817,0.8421052631578947,3,False,,,,
818,0.8421052631578947,3,False,,,,
819,0.8421052631578947,3,False,,,,
820,0.9473684210526315,1,False,,,,
821,0.9473684210526315,1,False,,,,
822,0.9473684210526315,1,False,,,,
823,0.9473684210526315,1,False,,,,
824,0.9473684210526315,1,False,,,,
825,0.9473684210526315,1,False,,,,
826,0.8947368421052632,2,False,,,,
827,0.8947368421052632,2,False,,,,
828,0.8947368421052632,2,False,,,,
829,0.8947368421052632,2,False,,,,
830,0.8947368421052632,2,False,,,,
831,0.8947368421052632,2,False,,,,
832,0.8947368421052632,2,False,,,,
833,0.8947368421052632,2,False,,,,
834,0.5789473684210527,8,True,0.3,0.375,0.26901133528123755,2.1556390622295662
835,0.5789473684210527,8,True,0.2380952380952381,0.375,0.24864847816330582,1.811278124459133
836,0.5789473684210527,8,True,0.35238095238095235,0.625,0.2962465220098368,1.5487949406953985
837,0.5789473684210527,8,True,0.2976190476190476,0.375,0.26901133528123755,2.1556390622295662
838,0.8421052631578947,3,False,,,,
839,0.8421052631578947,3,False,,,,
840,0.8421052631578947,3,False,,,,
841,0.8421052631578947,3,False,,,,
842,0.7894736842105263,4,False,,,,
843,0.7894736842105263,4,False,,,,
844,0.7894736842105263,4,False,,,,
845,0.7894736842105263,4,False,,,,
846,0.7894736842105263,4,False,,,,
847,0.7894736842105263,4,False,,,,
848,0.7894736842105263,4,False,,,,
849,0.7894736842105263,4,False,,,,
850,0.7894736842105263,4,False,,,,
851,0.7894736842105263,4,False,,,,
852,0.7894736842105263,4,False,,,,
853,0.7894736842105263,4,False,,,,
854,0.7894736842105263,4,False,,,,
855,0.42105263157894735,11,True,0.26666666666666666,0.45454545454545453,0.1919537021102833,2.2221915755066783
856,0.42105263157894735,11,True,0.36848484848484847,0.45454545454545453,0.15902508684635352,1.676737030052133
857,0.42105263157894735,11,True,0.28363636363636363,0.5454545454545454,0.2275769429533877,2.049452072789394
858,0.42105263157894735,11,True,0.26545454545454544,0.45454545454545453,0.1919537021102833,2.2221915755066783
859,0.7368421052631579,5,True,0.3333333333333333,0.6,0.403874569882679,1.3709505944546687
860,0.7368421052631579,5,True,0.2733333333333333,0.4,0.4240799522429881,1.9219280948873623
861,0.3684210526315789,12,True,0.22525252525252526,0.3333333333333333,0.13931336313991416,2.584962500721156
862,0.3684210526315789,12,True,0.2808080808080808,0.3333333333333333,0.13189963535753602,2.355388542207534
863,0.3684210526315789,12,True,0.302020202020202,0.4166666666666667,0.13070895485323664,2.054585169337799
864,0.3684210526315789,12,True,0.2696969696969697,0.3333333333333333,0.13189963535753602,2.355388542207534
865,0.3684210526315789,12,True,0.27070707070707073,0.3333333333333333,0.13931336313991427,2.584962500721156
866,0.3684210526315789,12,True,0.30101010101010106,0.3333333333333333,0.11774719568760694,2.4182958340544896
867,0.3684210526315789,12,True,0.25252525252525254,0.25,0.11746928423050129,2.6887218755408666
868,0.3684210526315789,12,True,0.39191919191919194,0.4166666666666667,0.15606028459591426,1.9508257945180885
869,0.3684210526315789,12,True,0.38181818181818183,0.5833333333333334,0.22369979466064327,1.9473387961875537
870,0.3684210526315789,12,True,0.29696969696969694,0.5833333333333334,0.22369979466064327,1.9473387961875537
871,0.3684210526315789,12,True,0.32626262626262625,0.5,0.12063835223938546,1.7295739585136223
872,0.3684210526315789,12,True,0.43030303030303035,0.5833333333333334,0.1976336043635435,1.780672129520887
873,0.3684210526315789,12,True,0.2585858585858586,0.3333333333333333,0.1552426890673989,2.251629167387823
874,0.3684210526315789,12,True,0.28888888888888886,0.4166666666666667,0.1479243275641523,2.2841591278514217
875,0.3684210526315789,12,True,0.28383838383838383,0.4166666666666667,0.1675526697089812,2.4508257945180882
876,0.42105263157894735,11,True,0.28484848484848485,0.2727272727272727,0.15867131134623425,2.663532754804255
877,0.9473684210526315,1,False,,,,
878,0.9473684210526315,1,False,,,,
879,0.9473684210526315,1,False,,,,
880,0.9473684210526315,1,False,,,,
881,0.9473684210526315,1,False,,,,
882,0.47368421052631576,10,True,0.2562962962962963,0.3,0.20304543438098532,2.6464393446710153
883,0.42105263157894735,11,True,0.31636363636363635,0.45454545454545453,0.1919537021102833,2.2221915755066783
884,0.47368421052631576,10,True,0.25037037037037035,0.3,0.20304543438098532,2.6464393446710153
885,0.47368421052631576,10,True,0.3718518518518518,0.6,0.21409410126225958,1.5709505944546687
886,0.5263157894736842,9,True,0.21481481481481482,0.3333333333333333,0.2266696978627366,2.113283334294875
887,0.5263157894736842,9,True,0.2777777777777778,0.3333333333333333,0.21129967947546247,2.197159723424149
888,0.5263157894736842,9,True,0.3574074074074074,0.5555555555555556,0.23199713097962404,1.6577427265048887
889,0.47368421052631576,10,True,0.2607407407407407,0.2,0.171700221493728,2.521928094887362
890,0.42105263157894735,11,True,0.29333333333333333,0.45454545454545453,0.1919537021102833,2.2221915755066783
891,0.42105263157894735,11,True,0.23393939393939395,0.36363636363636365,0.175929009903667,2.2998963911678914
892,0.42105263157894735,11,True,0.2703030303030303,0.45454545454545453,0.1919537021102833,2.2221915755066783
893,0.42105263157894735,11,True,0.2412121212121212,0.2727272727272727,0.152585956193804,2.413088436425758
894,0.42105263157894735,11,True,0.36848484848484847,0.6363636363636364,0.24545096392396826,1.6729330318733675
895,0.3684210526315789,12,True,0.26161616161616164,0.3333333333333333,0.13931336313991427,2.584962500721156
896,0.3684210526315789,12,True,0.3151515151515152,0.5,0.18354756840725672,2.125814583693911
897,0.42105263157894735,11,True,0.2096969696969697,0.18181818181818182,0.15803050740691038,2.9139770731827523
898,0.47368421052631576,10,True,0.2992592592592593,0.3,0.17190038180287592,2.1709505944546685
899,0.3684210526315789,12,True,0.2595959595959596,0.4166666666666667,0.1675526697089812,2.4508257945180882
900,0.3684210526315789,12,True,0.25757575757575757,0.3333333333333333,0.13189963535753602,2.355388542207534
901,0.3684210526315789,12,True,0.21919191919191922,0.16666666666666666,0.12766041241999648,3.084962500721156
902,0.3684210526315789,12,True,0.26464646464646463,0.25,0.13071292461933404,2.6258145836939115
903,0.3684210526315789,12,True,0.27474747474747474,0.5833333333333334,0.22369979466064327,1.9473387961875537
904,0.3684210526315789,12,True,0.29292929292929293,0.5,0.18354756840725672,2.125814583693911
905,0.3684210526315789,12,True,0.3404040404040404,0.3333333333333333,0.11774719568760694,2.4182958340544896
906,0.3684210526315789,12,True,0.21313131313131314,0.25,0.11746928423050129,2.688721875540867
907,0.3684210526315789,12,True,0.2909090909090909,0.5,0.12063835223938557,1.7295739585136223
908,0.3684210526315789,12,True,0.2797979797979798,0.4166666666666667,0.13070895485323664,2.054585169337799
909,0.3684210526315789,12,True,0.3515151515151515,0.5,0.051589781779709964,1.5
910,0.42105263157894735,11,True,0.4072727272727273,0.6363636363636364,0.24545096392396837,1.6729330318733675
911,0.42105263157894735,11,True,0.47878787878787876,0.7272727272727273,0.1918257169624178,1.0957952550009336
912,0.47368421052631576,10,True,0.2533333333333333,0.5,0.21465505822008046,1.9609640474436814
913,0.42105263157894735,11,True,0.36484848484848487,0.6363636363636364,0.20530794671029118,1.4911148500551858
914,0.3684210526315789,12,True,0.37676767676767675,0.6666666666666666,0.20530794671029118,1.4182958340544896
915,0.3684210526315789,12,True,0.3757575757575758,0.6666666666666666,0.20530794671029107,1.4182958340544896
916,0.3684210526315789,12,True,0.295959595959596,0.3333333333333333,0.13931336313991427,2.584962500721156
917,0.3684210526315789,12,True,0.39191919191919194,0.6666666666666666,0.20530794671029107,1.4182958340544896
918,0.3684210526315789,12,True,0.5262626262626263,0.75,0.2626406304386867,1.207518749639422
919,0.8421052631578947,3,False,,,,
920,0.3684210526315789,12,True,0.44545454545454544,0.5833333333333334,0.0880850961984685,1.384431504340598
921,0.3684210526315789,12,True,0.40404040404040403,0.75,0.2626406304386867,1.207518749639422
922,0.3684210526315789,12,True,0.40606060606060607,0.8333333333333334,0.2673721749433876,0.8166890883150209
923,0.3684210526315789,12,True,0.3484848484848485,0.6666666666666666,0.24545096392396826,1.584962500721156
924,0.3684210526315789,12,True,0.39191919191919194,0.6666666666666666,0.24545096392396837,1.584962500721156
925,0.3684210526315789,12,True,0.4848484848484849,0.75,0.2626406304386868,1.207518749639422
926,0.3684210526315789,12,True,0.34242424242424246,0.6666666666666666,0.24545096392396826,1.584962500721156
927,0.8421052631578947,3,False,,,,
928,0.8421052631578947,3,False,,,,
929,0.8947368421052632,2,False,,,,
930,0.8947368421052632,2,False,,,,
931,0.3684210526315789,12,True,0.3191919191919192,0.5833333333333334,0.1976336043635436,1.780672129520887
932,0.42105263157894735,11,True,0.4848484848484849,0.9090909090909091,0.2199270264698785,0.4394969869215134
933,0.42105263157894735,11,True,0.4145454545454546,0.7272727272727273,0.2585421883818424,1.2776134368191154
934,0.42105263157894735,11,True,0.3418181818181818,0.5454545454545454,0.20184431586908624,1.8676338909712125
935,0.42105263157894735,11,True,0.303030303030303,0.6363636363636364,0.24545096392396837,1.6729330318733675
936,0.42105263157894735,11,True,0.38666666666666666,0.7272727272727273,0.2585421883818424,1.2776134368191154
937,0.42105263157894735,11,True,0.4193939393939394,0.6363636363636364,0.2053079467102913,1.4911148500551854
938,0.42105263157894735,11,True,0.4957575757575758,0.8181818181818182,0.25838690151454435,0.8658566174572235
939,0.42105263157894735,11,True,0.4096969696969697,0.6363636363636364,0.20530794671029107,1.4911148500551854
940,0.42105263157894735,11,True,0.3284848484848485,0.36363636363636365,0.16177657023373804,2.3685225277282065
941,0.42105263157894735,11,True,0.3878787878787879,0.6363636363636364,0.20530794671029118,1.4911148500551854
942,0.42105263157894735,11,True,0.28,0.36363636363636365,0.14575294935186045,2.1180782093497093
943,0.47368421052631576,10,True,0.2607407407407407,0.4,0.1818816931582794,2.1219280948873624
944,0.47368421052631576,10,True,0.2711111111111111,0.3,0.18585266116365706,2.4464393446710155
945,0.47368421052631576,10,True,0.34074074074074073,0.5,0.21465505822008046,1.9609640474436814
946,0.47368421052631576,10,True,0.2711111111111111,0.4,0.20919571487351973,2.3219280948873626
947,0.42105263157894735,11,True,0.25696969696969696,0.36363636363636365,0.180515390255647,2.5503407095463886
948,0.42105263157894735,11,True,0.3939393939393939,0.5454545454545454,0.20184431586908624,1.867633890971212
949,0.3684210526315789,12,True,0.30909090909090914,0.4166666666666667,0.1479243275641523,2.2841591278514217
950,0.3684210526315789,12,True,0.3656565656565656,0.6666666666666666,0.24545096392396837,1.584962500721156
951,0.3684210526315789,12,True,0.43333333333333335,0.5,0.10684939941418026,1.3250112108241772
952,0.3684210526315789,12,True,0.2595959595959596,0.3333333333333333,0.15255700352874701,2.5220552088742005
953,0.3684210526315789,12,True,0.2686868686868687,0.3333333333333333,0.13931336313991427,2.584962500721156
954,0.3684210526315789,12,True,0.25252525252525254,0.3333333333333333,0.15934778038462638,2.9182958340544896
955,0.3684210526315789,12,True,0.36464646464646466,0.5,0.1693969746959355,1.896240625180289
956,0.7368421052631579,5,True,0.24000000000000002,0.2,0.44196169314325406,2.321928094887362
957,0.7368421052631579,5,True,0.4666666666666667,0.8,0.35553335479741277,0.7219280948873623
958,0.7368421052631579,5,True,0.4266666666666667,0.6,0.403874569882679,1.3709505944546687
959,0.7368421052631579,5,True,0.18666666666666665,0.2,0.44196169314325406,2.321928094887362
960,0.7894736842105263,4,False,,,,
961,0.7894736842105263,4,False,,,,
962,0.7894736842105263,4,False,,,,
963,0.7894736842105263,4,False,,,,
964,0.7894736842105263,4,False,,,,
965,0.7894736842105263,4,False,,,,
966,0.7894736842105263,4,False,,,,
967,0.9473684210526315,1,False,,,,
968,0.8947368421052632,2,False,,,,
969,0.8947368421052632,2,False,,,,
970,0.7894736842105263,4,False,,,,
971,0.7894736842105263,4,False,,,,
972,0.7894736842105263,4,False,,,,
973,0.7894736842105263,4,False,,,,
974,0.7894736842105263,4,False,,,,
975,0.7894736842105263,4,False,,,,
976,0.7894736842105263,4,False,,,,
977,0.7894736842105263,4,False,,,,
978,0.8421052631578947,3,False,,,,
979,0.8421052631578947,3,False,,,,
980,0.8421052631578947,3,False,,,,
981,0.8947368421052632,2,False,,,,
982,0.8947368421052632,2,False,,,,
983,0.8947368421052632,2,False,,,,
984,0.8947368421052632,2,False,,,,
985,0.8947368421052632,2,False,,,,
986,0.9473684210526315,1,False,,,,
987,0.8947368421052632,2,False,,,,
988,0.8947368421052632,2,False,,,,
989,0.8947368421052632,2,False,,,,
990,0.8947368421052632,2,False,,,,
991,0.8947368421052632,2,False,,,,
992,0.8947368421052632,2,False,,,,
993,0.8947368421052632,2,False,,,,
994,0.8947368421052632,2,False,,,,
995,0.8947368421052632,2,False,,,,
996,0.8947368421052632,2,False,,,,
997,0.8947368421052632,2,False,,,,
998,0.8947368421052632,2,False,,,,
999,0.7894736842105263,4,False,,,,
1000,0.7894736842105263,4,False,,,,
1001,0.7894736842105263,4,False,,,,
1002,0.7894736842105263,4,False,,,,
1003,0.7894736842105263,4,False,,,,
1004,0.7894736842105263,4,False,,,,
1005,0.7894736842105263,4,False,,,,
1006,0.7894736842105263,4,False,,,,
1007,0.7894736842105263,4,False,,,,
1008,0.8421052631578947,3,False,,,,
1009,0.8421052631578947,3,False,,,,
1010,0.8947368421052632,2,False,,,,
1011,0.8947368421052632,2,False,,,,
1012,0.8421052631578947,3,False,,,,
1013,0.8421052631578947,3,False,,,,
1014,0.8421052631578947,3,False,,,,
1015,0.7894736842105263,4,False,,,,
1016,0.7894736842105263,4,False,,,,
1017,0.7894736842105263,4,False,,,,
1018,0.7894736842105263,4,False,,,,
1019,0.8421052631578947,3,False,,,,
1020,0.8421052631578947,3,False,,,,
1021,0.8421052631578947,3,False,,,,
1022,0.8421052631578947,3,False,,,,
1023,0.8421052631578947,3,False,,,,
1024,0.8421052631578947,3,False,,,,
1025,0.8421052631578947,3,False,,,,
1026,0.8421052631578947,3,False,,,,
1027,0.8421052631578947,3,False,,,,
1028,0.8421052631578947,3,False,,,,
1029,0.8421052631578947,3,False,,,,
1030,0.8421052631578947,3,False,,,,
1031,0.8421052631578947,3,False,,,,
1032,0.8421052631578947,3,False,,,,
1033,0.8421052631578947,3,False,,,,
1034,0.8421052631578947,3,False,,,,
1035,0.8421052631578947,3,False,,,,
1036,0.8947368421052632,2,False,,,,
1037,0.8421052631578947,3,False,,,,
1038,0.42105263157894735,11,True,0.37212121212121213,0.6363636363636364,0.20530794671029118,1.4911148500551858
1039,0.42105263157894735,11,True,0.23272727272727275,0.36363636363636365,0.16177657023373804,2.3685225277282065
1040,0.42105263157894735,11,True,0.3660606060606061,0.45454545454545453,0.1785263144136614,1.971747257128181
1041,0.8421052631578947,3,False,,,,
1042,0.8421052631578947,3,False,,,,
1043,0.5789473684210527,8,True,0.32380952380952377,0.5,0.29436266502391517,2.0
1044,0.5789473684210527,8,True,0.37380952380952387,0.625,0.2962465220098368,1.5487949406953985
1045,0.7894736842105263,4,False,,,,
1046,0.42105263157894735,11,True,0.19151515151515153,0.18181818181818182,0.1648695505519856,3.0957952550009344
1047,0.42105263157894735,11,True,0.26181818181818184,0.2727272727272727,0.1525859561938041,2.413088436425758
1048,0.3684210526315789,12,True,0.30505050505050507,0.4166666666666667,0.1479243275641523,2.2841591278514217
1049,0.3684210526315789,12,True,0.26565656565656565,0.3333333333333333,0.15255700352874724,2.5220552088742005
1050,0.3684210526315789,12,True,0.27575757575757576,0.3333333333333333,0.13189963535753602,2.355388542207534
1051,0.3684210526315789,12,True,0.2676767676767677,0.4166666666666667,0.17896948742206487,2.617492461184755
1052,0.3684210526315789,12,True,0.302020202020202,0.5,0.18354756840725672,2.125814583693911
1053,0.3684210526315789,12,True,0.2686868686868687,0.4166666666666667,0.17896948742206487,2.617492461184755
1054,0.3684210526315789,12,True,0.3585858585858586,0.4166666666666667,0.1153389364659625,2.117492461184755
1055,0.3684210526315789,12,True,0.27070707070707073,0.4166666666666667,0.1675526697089812,2.4508257945180882
1056,0.3684210526315789,12,True,0.30404040404040406,0.4166666666666667,0.16207676723408138,2.221251836004466
1057,0.3684210526315789,12,True,0.24343434343434342,0.16666666666666666,0.11903713018474982,2.9182958340544896
1058,0.3684210526315789,12,True,0.3515151515151515,0.5,0.15402695630866137,1.9591479170272446
1059,0.3684210526315789,12,True,0.3484848484848485,0.5,0.15402695630866137,1.9591479170272446
1060,0.3684210526315789,12,True,0.30808080808080807,0.3333333333333333,0.13931336313991427,2.584962500721156
1061,0.7894736842105263,4,False,,,,
1062,0.7894736842105263,4,False,,,,
1063,0.7894736842105263,4,False,,,,
1064,0.7894736842105263,4,False,,,,
1065,0.7894736842105263,4,False,,,,
1066,0.3684210526315789,12,True,0.25353535353535356,0.3333333333333333,0.11774719568760694,2.4182958340544896
1067,0.3684210526315789,12,True,0.2737373737373738,0.5,0.15402695630866137,1.9591479170272446
1068,0.8421052631578947,3,False,,,,
1069,0.3684210526315789,12,True,0.28181818181818186,0.4166666666666667,0.1479243275641523,2.2841591278514217
1070,0.3684210526315789,12,True,0.3939393939393939,0.5,0.14886155039635407,1.6258145836939115
1071,0.3684210526315789,12,True,0.4171717171717172,0.6666666666666666,0.20530794671029107,1.4182958340544896
1072,0.3684210526315789,12,True,0.5414141414141415,0.8333333333333334,0.2673721749433876,0.8166890883150209
1073,0.3684210526315789,12,True,0.495959595959596,0.75,0.19658386084094503,1.0408520829727552
1074,0.3684210526315789,12,True,0.3222222222222222,0.5,0.1693969746959355,1.896240625180289
1075,0.3684210526315789,12,True,0.48888888888888893,0.9166666666666666,0.2360639286070707,0.41381685030363374
1076,0.3684210526315789,12,True,0.3585858585858586,0.5,0.18354756840725672,2.125814583693911
1077,0.47368421052631576,10,True,0.33037037037037037,0.6,0.25334307806277934,1.7709505944546688
1078,0.3684210526315789,12,True,0.2484848484848485,0.3333333333333333,0.13931336313991427,2.584962500721156
1079,0.3684210526315789,12,True,0.28585858585858587,0.4166666666666667,0.1479243275641523,2.2841591278514217
1080,0.42105263157894735,11,True,0.46787878787878784,0.7272727272727273,0.1918257169624178,1.0957952550009336
1081,0.42105263157894735,11,True,0.3224242424242424,0.5454545454545454,0.1738725939109368,1.6171895725927152
1082,0.42105263157894735,11,True,0.4521212121212121,0.8181818181818182,0.25838690151454435,0.8658566174572235
1083,0.42105263157894735,11,True,0.503030303030303,0.7272727272727273,0.2585421883818424,1.2776134368191154
1084,0.3684210526315789,12,True,0.2595959595959596,0.25,0.11746928423050129,2.688721875540867
1085,0.3684210526315789,12,True,0.2737373737373738,0.5,0.18354756840725672,2.125814583693911
1086,0.3684210526315789,12,True,0.3525252525252525,0.5833333333333334,0.1976336043635435,1.780672129520887
1087,0.3684210526315789,12,True,0.32626262626262625,0.5833333333333334,0.1976336043635435,1.780672129520887
1088,0.3684210526315789,12,True,0.26262626262626265,0.4166666666666667,0.09467882339490674,1.8250112108241772
1089,0.3684210526315789,12,True,0.3707070707070707,0.5833333333333334,0.22369979466064327,1.9473387961875537
1090,0.3684210526315789,12,True,0.33535353535353535,0.5,0.18354756840725694,2.125814583693911
1091,0.9473684210526315,1,False,,,,
1092,0.9473684210526315,1,False,,,,
1093,0.9473684210526315,1,False,,,,
1094,0.9473684210526315,1,False,,,,
1095,0.9473684210526315,1,False,,,,
1096,0.9473684210526315,1,False,,,,
1097,0.47368421052631576,10,True,0.34074074074074073,0.6,0.25334307806277945,1.7709505944546688
1098,0.47368421052631576,10,True,0.2755555555555556,0.3,0.18585266116365706,2.4464393446710155
1099,0.47368421052631576,10,True,0.3348148148148148,0.5,0.21465505822008046,1.9609640474436814
1100,0.8947368421052632,2,False,,,,
1101,0.8947368421052632,2,False,,,,
1102,0.8421052631578947,3,False,,,,
1103,0.8421052631578947,3,False,,,,
1104,0.8421052631578947,3,False,,,,
1105,0.8421052631578947,3,False,,,,
1106,0.8421052631578947,3,False,,,,
1107,0.8421052631578947,3,False,,,,
1108,0.8421052631578947,3,False,,,,
1109,0.7894736842105263,4,False,,,,
1110,0.7894736842105263,4,False,,,,
1111,0.7894736842105263,4,False,,,,
1112,0.7894736842105263,4,False,,,,
1113,0.7894736842105263,4,False,,,,
1114,0.8421052631578947,3,False,,,,
1115,0.8421052631578947,3,False,,,,
1116,0.8947368421052632,2,False,,,,
1117,0.8947368421052632,2,False,,,,
1118,0.8947368421052632,2,False,,,,
1119,0.8947368421052632,2,False,,,,
1120,0.8947368421052632,2,False,,,,
1121,0.8947368421052632,2,False,,,,
1122,0.8947368421052632,2,False,,,,
1123,0.8947368421052632,2,False,,,,
1124,0.9473684210526315,1,False,,,,
1125,0.9473684210526315,1,False,,,,
1126,0.9473684210526315,1,False,,,,
1127,0.9473684210526315,1,False,,,,
1128,0.9473684210526315,1,False,,,,
1129,0.9473684210526315,1,False,,,,
1130,0.9473684210526315,1,False,,,,
1131,0.9473684210526315,1,False,,,,
1132,0.8947368421052632,2,False,,,,
1133,0.8947368421052632,2,False,,,,
1134,0.8947368421052632,2,False,,,,
1135,0.7894736842105263,4,False,,,,
1136,0.6842105263157895,6,True,0.2,0.3333333333333333,0.3768634756015604,2.2516291673878226
1137,0.6842105263157895,6,True,0.19111111111111112,0.16666666666666666,0.38873147359769233,2.584962500721156
1138,0.6842105263157895,6,True,0.3022222222222222,0.5,0.368718405808535,1.7924812503605778
1139,0.3157894736842105,13,True,0.3333333333333333,0.6153846153846154,0.20184431586908624,1.7004397181410922
1140,0.3157894736842105,13,True,0.3786324786324787,0.5384615384615384,0.18354756840725694,2.0349409139562287
1141,0.3157894736842105,13,True,0.3111111111111111,0.5384615384615384,0.18354756840725694,2.0349409139562287
1142,0.3157894736842105,13,True,0.3128205128205128,0.3076923076923077,0.11509046281401236,2.3158243335257076
1143,0.3157894736842105,13,True,0.5136752136752137,0.6153846153846154,0.20184431586908624,1.7004397181410922
1144,0.3157894736842105,13,True,0.31196581196581197,0.5384615384615384,0.16939697469593573,1.8230264907128848
1145,0.3157894736842105,13,True,0.47435897435897434,0.7692307692307693,0.2750678362011758,1.1451104143815827
1146,0.3157894736842105,13,True,0.43333333333333335,0.7692307692307693,0.2750678362011758,1.1451104143815827
1147,0.3157894736842105,13,True,0.34615384615384615,0.6153846153846154,0.2275769429533877,1.8542858719872461
1148,0.8947368421052632,2,False,,,,
1149,0.8947368421052632,2,False,,,,
1150,0.8947368421052632,2,False,,,,
1151,0.8947368421052632,2,False,,,,
1152,0.8947368421052632,2,False,,,,
1153,0.8947368421052632,2,False,,,,
1154,0.8947368421052632,2,False,,,,
1155,0.8947368421052632,2,False,,,,
1156,0.3157894736842105,13,True,0.34188034188034183,0.6923076923076923,0.21409410126225947,1.3520301017579528
1157,0.3157894736842105,13,True,0.26837606837606837,0.3076923076923077,0.11498315352740862,2.5654483718208256
1158,0.3684210526315789,12,True,0.4848484848484849,0.75,0.19658386084094503,1.0408520829727552
1159,0.3157894736842105,13,True,0.24957264957264957,0.3076923076923077,0.11668426943697652,2.7773627950641693
1160,0.3157894736842105,13,True,0.34957264957264955,0.5384615384615384,0.15402695630866137,1.8810947601100747
1161,0.3157894736842105,13,True,0.3085470085470085,0.3076923076923077,0.1292179795873496,2.7192945256669794
1162,0.3157894736842105,13,True,0.25811965811965815,0.46153846153846156,0.17495851887306213,2.5073801024236357
1163,0.3157894736842105,13,True,0.288034188034188,0.3076923076923077,0.11498315352740862,2.5654483718208256
1164,0.3157894736842105,13,True,0.32564102564102565,0.46153846153846156,0.15114165638373123,1.8919954870390203
1165,0.9473684210526315,1,False,,,,
1166,0.9473684210526315,1,False,,,,
1167,0.9473684210526315,1,False,,,,
1168,0.42105263157894735,11,True,0.22787878787878788,0.18181818181818182,0.1648695505519856,3.0957952550009344
1169,0.47368421052631576,10,True,0.3570370370370371,0.6,0.21409410126225947,1.5709505944546687
1170,0.8421052631578947,3,False,,,,
1171,0.8421052631578947,3,False,,,,
1172,0.8421052631578947,3,False,,,,
1173,0.8421052631578947,3,False,,,,
1174,0.8421052631578947,3,False,,,,
1175,0.8421052631578947,3,False,,,,
1176,0.8421052631578947,3,False,,,,
1177,0.8421052631578947,3,False,,,,
1178,0.7894736842105263,4,False,,,,
1179,0.7894736842105263,4,False,,,,
1180,0.7894736842105263,4,False,,,,
1181,0.7894736842105263,4,False,,,,
1182,0.42105263157894735,11,True,0.32727272727272727,0.45454545454545453,0.13080188868938503,1.789929075309999
1183,0.42105263157894735,11,True,0.30666666666666664,0.36363636363636365,0.14575294935186045,2.1180782093497093
1184,0.42105263157894735,11,True,0.41575757575757577,0.7272727272727273,0.19182571696241768,1.0957952550009336
1185,0.42105263157894735,11,True,0.2703030303030303,0.36363636363636365,0.16177657023373804,2.3685225277282065
1186,0.6842105263157895,6,True,0.22222222222222224,0.16666666666666666,0.38873147359769233,2.584962500721156
1187,0.7894736842105263,4,False,,,,
1188,0.8947368421052632,2,False,,,,
1189,0.9473684210526315,1,False,,,,
1190,0.8947368421052632,2,False,,,,
1191,0.8947368421052632,2,False,,,,
1192,0.8947368421052632,2,False,,,,
1193,0.8947368421052632,2,False,,,,
1194,0.7894736842105263,4,False,,,,
1195,0.8947368421052632,2,False,,,,
1196,0.631578947368421,7,True,0.2,0.2857142857142857,0.2816525193560925,1.9502120649147465
1197,0.5789473684210527,8,True,0.2285714285714286,0.375,0.26901133528123744,2.1556390622295662
1198,0.5789473684210527,8,True,0.31666666666666665,0.5,0.2597604999432015,1.75
1199,0.2631578947368421,14,True,0.23076923076923078,0.35714285714285715,0.12439478635521439,2.6384600665861564
1200,0.2631578947368421,14,True,0.3084249084249084,0.5,0.17896948742206487,2.403677461028802
1201,0.2631578947368421,14,True,0.46080586080586083,0.7142857142857143,0.26942437427994104,1.4345491399952024
1202,0.2631578947368421,14,True,0.2937728937728938,0.42857142857142855,0.1434097975389519,2.5566567074628237
1203,0.2631578947368421,14,True,0.2725274725274725,0.42857142857142855,0.1434097975389519,2.5566567074628237
1204,0.9473684210526315,1,False,,,,
1205,0.9473684210526315,1,False,,,,
1206,0.9473684210526315,1,False,,,,
1207,0.9473684210526315,1,False,,,,
1208,0.9473684210526315,1,False,,,,
1209,0.9473684210526315,1,False,,,,
1210,0.9473684210526315,1,False,,,,
1211,0.9473684210526315,1,False,,,,
1212,0.9473684210526315,1,False,,,,
1213,0.9473684210526315,1,False,,,,
1214,0.9473684210526315,1,False,,,,
1215,0.9473684210526315,1,False,,,,
1216,0.9473684210526315,1,False,,,,
1217,0.9473684210526315,1,False,,,,
1218,0.2631578947368421,14,True,0.315018315018315,0.35714285714285715,0.10964435384745297,2.263809173883546
1219,0.2631578947368421,14,True,0.25860805860805863,0.35714285714285715,0.08630130013759008,2.35274578087187
1220,0.2631578947368421,14,True,0.3172161172161172,0.5,0.1479243275641523,2.1179631753145163
1221,0.2631578947368421,14,True,0.2681318681318681,0.2857142857142857,0.08164746002056444,2.610577243331642
1222,0.2631578947368421,14,True,0.2813186813186813,0.2857142857142857,0.07946722197090761,2.3787834934861753
1223,0.2631578947368421,14,True,0.2402930402930403,0.35714285714285715,0.10988676658963126,2.495602923729013
1224,0.2631578947368421,14,True,0.23882783882783884,0.35714285714285715,0.12439478635521428,2.6384600665861555
1225,0.2631578947368421,14,True,0.28424908424908424,0.35714285714285715,0.0966431262007984,2.549523459597832
1226,0.2631578947368421,14,True,0.23882783882783884,0.2857142857142857,0.09766925825323913,2.7534343861887853
1227,0.2631578947368421,14,True,0.24615384615384617,0.21428571428571427,0.08952984941864506,2.78845045730829
1228,0.3157894736842105,13,True,0.22905982905982908,0.23076923076923078,0.06840435539428646,2.5073801024236353
1229,0.8421052631578947,3,False,,,,
1230,0.631578947368421,7,True,0.1746031746031746,0.14285714285714285,0.3387531097057149,2.807354922057604
1231,0.6842105263157895,6,True,0.20888888888888887,0.16666666666666666,0.38873147359769233,2.584962500721156
1232,0.631578947368421,7,True,0.20317460317460317,0.14285714285714285,0.3387531097057149,2.807354922057604
1233,0.631578947368421,7,True,0.273015873015873,0.5714285714285714,0.3269868938901337,1.6644977792004614
1234,0.5789473684210527,8,True,0.29047619047619044,0.375,0.26901133528123755,2.1556390622295662
1235,0.47368421052631576,10,True,0.33629629629629626,0.4,0.17987174850811383,1.7219280948873623
1236,0.47368421052631576,10,True,0.38074074074074077,0.6,0.21409410126225947,1.5709505944546687
1237,0.42105263157894735,11,True,0.3054545454545455,0.45454545454545453,0.1919537021102833,2.2221915755066783
1238,0.3684210526315789,12,True,0.24444444444444444,0.25,0.11746928423050129,2.688721875540867
1239,0.3157894736842105,13,True,0.3,0.46153846153846156,0.1633145132144871,2.353533948577482
1240,0.3157894736842105,13,True,0.36153846153846153,0.5384615384615384,0.18354756840725672,2.0349409139562287
1241,0.3157894736842105,13,True,0.3188034188034188,0.5384615384615384,0.15402695630866137,1.8810947601100747
1242,0.3684210526315789,12,True,0.30909090909090914,0.4166666666666667,0.09467882339490674,1.8250112108241772
1243,0.3684210526315789,12,True,0.3343434343434344,0.5,0.15402695630866137,1.9591479170272446
1244,0.3684210526315789,12,True,0.2909090909090909,0.4166666666666667,0.1675526697089812,2.4508257945180882
1245,0.3684210526315789,12,True,0.2878787878787879,0.5,0.18354756840725672,2.125814583693911
1246,0.42105263157894735,11,True,0.29454545454545455,0.45454545454545453,0.1919537021102833,2.2221915755066783
1247,0.42105263157894735,11,True,0.3187878787878788,0.45454545454545453,0.1919537021102833,2.2221915755066783
1248,0.3684210526315789,12,True,0.21515151515151518,0.25,0.13157084033512267,2.8553885422075336
1249,0.42105263157894735,11,True,0.2703030303030303,0.2727272727272727,0.13843351652387503,2.481714572986073
1250,0.42105263157894735,11,True,0.3624242424242424,0.5454545454545454,0.2275769429533877,2.049452072789394
1251,0.631578947368421,7,True,0.26666666666666666,0.42857142857142855,0.25838690151454435,1.4488156357251847
1252,0.5789473684210527,8,True,0.2547619047619048,0.375,0.2894231402765127,2.4056390622295662
1253,0.5789473684210527,8,True,0.3119047619047619,0.5,0.2597604999432016,1.75
1254,0.6842105263157895,6,True,0.3244444444444445,0.3333333333333333,0.3516072294314623,1.9182958340544893
1255,0.6842105263157895,6,True,0.3111111111111111,0.3333333333333333,0.3516072294314623,1.9182958340544893
1256,0.5263157894736842,9,True,0.28888888888888886,0.3333333333333333,0.2266696978627366,2.113283334294875
1257,0.47368421052631576,10,True,0.2474074074074074,0.2,0.18980179399215247,2.721928094887362
1258,0.47368421052631576,10,True,0.26666666666666666,0.4,0.20919571487351996,2.321928094887362
1259,0.47368421052631576,10,True,0.38962962962962966,0.6,0.25334307806277945,1.7709505944546688
1260,0.42105263157894735,11,True,0.3612121212121212,0.6363636363636364,0.24545096392396837,1.6729330318733675
1261,0.3157894736842105,13,True,0.29059829059829057,0.46153846153846156,0.17495851887306224,2.5073801024236357
1262,0.42105263157894735,11,True,0.2775757575757576,0.2727272727272727,0.15867131134623425,2.663532754804255
1263,0.42105263157894735,11,True,0.2484848484848485,0.45454545454545453,0.19195370211028306,2.2221915755066783
1264,0.3684210526315789,12,True,0.32828282828282823,0.4166666666666667,0.13070895485323664,2.054585169337799
1265,0.8421052631578947,3,False,,,,
1266,0.3684210526315789,12,True,0.3202020202020202,0.4166666666666667,0.1479243275641522,2.2841591278514217
1267,0.42105263157894735,11,True,0.2957575757575758,0.2727272727272727,0.13577163799645708,2.1626441180472606
1268,0.2631578947368421,14,True,0.2175824175824176,0.2857142857142857,0.09531008166021682,2.950212064914747
1269,0.21052631578947367,15,True,0.27365079365079364,0.2,0.05027061116629672,2.872905595320056
1270,0.2631578947368421,14,True,0.25641025641025644,0.42857142857142855,0.1434097975389519,2.5566567074628237
1271,0.2631578947368421,14,True,0.38241758241758245,0.5,0.1422768672414375,1.5744174271404585
1272,0.2631578947368421,14,True,0.2512820512820513,0.2857142857142857,0.08513554810286617,2.8073549220576046
1273,0.3157894736842105,13,True,0.2692307692307692,0.38461538461538464,0.12997881970764258,2.4996981431844145
1274,0.3157894736842105,13,True,0.3145299145299145,0.46153846153846156,0.16331451321448698,2.353533948577482
1275,0.3157894736842105,13,True,0.1965811965811966,0.3076923076923077,0.11668426943697652,2.7773627950641693
1276,0.3157894736842105,13,True,0.2863247863247863,0.3076923076923077,0.09174740910414936,2.4116022179746714
1277,0.3157894736842105,13,True,0.29572649572649573,0.3076923076923077,0.11498315352740862,2.5654483718208256
1278,0.3157894736842105,13,True,0.25641025641025644,0.38461538461538464,0.10777210131076542,2.345851989338261
1279,0.3157894736842105,13,True,0.26324786324786326,0.3076923076923077,0.12921797958734937,2.7192945256669794
1280,0.2631578947368421,14,True,0.2945054945054945,0.2857142857142857,0.07946722197090783,2.378783493486175
1281,0.21052631578947367,15,True,0.2914285714285715,0.3333333333333333,0.08164746002056411,2.5492553971685
1282,0.21052631578947367,15,True,0.2679365079365079,0.26666666666666666,0.08176764568457373,2.923231428797621
1283,0.21052631578947367,15,True,0.23365079365079364,0.26666666666666666,0.06980744665809668,2.9735572622751856
1284,0.21052631578947367,15,True,0.32,0.4666666666666667,0.13931336313991427,2.33012496531497
1285,0.21052631578947367,15,True,0.2203174603174603,0.2,0.06204047674642099,3.0062389286533895
1286,0.21052631578947367,15,True,0.31555555555555553,0.4666666666666667,0.09793558979143546,2.0131324651707385
1287,0.21052631578947367,15,True,0.266031746031746,0.3333333333333333,0.08164746002056422,2.5492553971685
1288,0.21052631578947367,15,True,0.24571428571428572,0.3333333333333333,0.09531008166021693,2.8662478973127308
1289,0.21052631578947367,15,True,0.26095238095238094,0.26666666666666666,0.07094373015126376,2.789898095464287
1290,0.21052631578947367,15,True,0.4076190476190476,0.6666666666666666,0.23665100921814008,1.5589385323502771
1291,0.21052631578947367,15,True,0.3504761904761905,0.6,0.1818816931582794,1.7382689280764647
1292,0.7894736842105263,4,False,,,,
1293,0.8947368421052632,2,False,,,,
1294,0.8947368421052632,2,False,,,,
1295,0.8947368421052632,2,False,,,,
1296,0.9473684210526315,1,False,,,,
1297,0.9473684210526315,1,False,,,,
1298,0.42105263157894735,11,True,0.47515151515151516,0.7272727272727273,0.2585421883818424,1.2776134368191154
1299,0.42105263157894735,11,True,0.273939393939394,0.45454545454545453,0.13080188868938503,1.789929075309999
1300,0.42105263157894735,11,True,0.2218181818181818,0.2727272727272727,0.15867131134623425,2.663532754804255
1301,0.42105263157894735,11,True,0.31272727272727274,0.5454545454545454,0.15676141753386397,1.6858157091530304
1302,0.47368421052631576,10,True,0.23703703703703702,0.3,0.2125596493241808,2.8464393446710154
1303,0.3684210526315789,12,True,0.4242424242424242,0.6666666666666666,0.20530794671029107,1.4182958340544896
1304,0.5263157894736842,9,True,0.23148148148148148,0.2222222222222222,0.23699400339378085,2.725480556997868
1305,0.5789473684210527,8,True,0.3,0.625,0.2962465220098368,1.5487949406953985
1306,0.5263157894736842,9,True,0.2796296296296296,0.5555555555555556,0.26942437427994104,1.8799649487271108
1307,0.5263157894736842,9,True,0.4055555555555556,0.6666666666666666,0.21101139994137996,1.224394445405986
1308,0.9473684210526315,1,False,,,,
1309,0.9473684210526315,1,False,,,,
1310,0.47368421052631576,10,True,0.23555555555555555,0.3,0.17190038180287592,2.170950594454669
1311,0.5263157894736842,9,True,0.2351851851851852,0.2222222222222222,0.23699400339378085,2.725480556997868
1312,0.3684210526315789,12,True,0.28888888888888886,0.5,0.18354756840725672,2.125814583693911
1313,0.3684210526315789,12,True,0.2494949494949495,0.3333333333333333,0.1522439593200895,2.751629167387823
1314,0.3684210526315789,12,True,0.1909090909090909,0.25,0.09440414197774416,2.5220552088742
1315,0.3684210526315789,12,True,0.3414141414141414,0.4166666666666667,0.11533893646596238,2.117492461184755
1316,0.3684210526315789,12,True,0.4161616161616161,0.6666666666666666,0.24545096392396826,1.584962500721156
1317,0.3684210526315789,12,True,0.30101010101010106,0.3333333333333333,0.13189963535753602,2.355388542207534
1318,0.2631578947368421,14,True,0.23736263736263735,0.35714285714285715,0.13173084549904412,2.406666316740689
1319,0.2631578947368421,14,True,0.2205128205128205,0.21428571428571427,0.08468403539732838,3.3248629576173574
1320,0.2631578947368421,14,True,0.3384615384615384,0.5,0.1675526697089812,2.2608203181716595
1321,0.2631578947368421,14,True,0.27326007326007323,0.2857142857142857,0.1034915389299772,2.521640636343318
1322,0.3157894736842105,13,True,0.2512820512820513,0.3076923076923077,0.12541521267568045,2.9312089489103235
1323,0.3157894736842105,13,True,0.18974358974358976,0.23076923076923078,0.10568804373752783,3.0269868333592873
1324,0.7368421052631579,5,True,0.19333333333333333,0.4,0.4240799522429881,1.9219280948873623
1325,0.7894736842105263,4,False,,,,
1326,0.7894736842105263,4,False,,,,
1327,0.7894736842105263,4,False,,,,
1328,0.8421052631578947,3,False,,,,
1329,0.8421052631578947,3,False,,,,
1330,0.8421052631578947,3,False,,,,
1331,0.8421052631578947,3,False,,,,
1332,0.8421052631578947,3,False,,,,
1333,0.8421052631578947,3,False,,,,
1334,0.8421052631578947,3,False,,,,
1335,0.8421052631578947,3,False,,,,
1336,0.8421052631578947,3,False,,,,
1337,0.8421052631578947,3,False,,,,
1338,0.8421052631578947,3,False,,,,
1339,0.8421052631578947,3,False,,,,
1340,0.8421052631578947,3,False,,,,
1341,0.8421052631578947,3,False,,,,
1342,0.8421052631578947,3,False,,,,
1343,0.8421052631578947,3,False,,,,
1344,0.8421052631578947,3,False,,,,
1345,0.8421052631578947,3,False,,,,
1346,0.3684210526315789,12,True,0.32828282828282823,0.5,0.18354756840725672,2.125814583693911
1347,0.3684210526315789,12,True,0.24141414141414141,0.3333333333333333,0.15255700352874701,2.5220552088742005
1348,0.42105263157894735,11,True,0.273939393939394,0.36363636363636365,0.16177657023373804,2.3685225277282065
1349,0.42105263157894735,11,True,0.25696969696969696,0.36363636363636365,0.175929009903667,2.2998963911678914
1350,0.42105263157894735,11,True,0.31272727272727274,0.45454545454545453,0.1919537021102833,2.2221915755066783
1351,0.3684210526315789,12,True,0.2808080808080808,0.25,0.11746928423050151,2.6887218755408666
1352,0.3684210526315789,12,True,0.4,0.5833333333333334,0.1976336043635436,1.780672129520887
1353,0.3684210526315789,12,True,0.30606060606060603,0.5,0.18354756840725672,2.125814583693911
1354,0.3684210526315789,12,True,0.34444444444444444,0.5,0.18354756840725694,2.125814583693911
1355,0.3684210526315789,12,True,0.2909090909090909,0.5,0.18354756840725672,2.125814583693911
1356,0.47368421052631576,10,True,0.2637037037037037,0.4,0.20919571487351973,2.321928094887362
1357,0.5263157894736842,9,True,0.26666666666666666,0.4444444444444444,0.21262228529006166,1.7527152789797045
1358,0.5263157894736842,9,True,0.3537037037037037,0.5555555555555556,0.23199713097962404,1.6577427265048887
1359,0.5263157894736842,9,True,0.38333333333333336,0.6666666666666666,0.2750678362011758,1.4466166676282082
1360,0.5263157894736842,9,True,0.28703703703703703,0.3333333333333333,0.21129967947546247,2.197159723424149
1361,0.47368421052631576,10,True,0.2074074074074074,0.2,0.18980179399215258,2.721928094887362
1362,0.42105263157894735,11,True,0.32606060606060605,0.5454545454545454,0.2275769429533877,2.049452072789394
1363,0.42105263157894735,11,True,0.22787878787878788,0.18181818181818182,0.1580305074069105,2.9139770731827523
1364,0.3684210526315789,12,True,0.3686868686868687,0.5,0.1693969746959355,1.896240625180289
1365,0.3684210526315789,12,True,0.7333333333333333,1.0,0.050547984612051566,0.0
1366,0.42105263157894735,11,True,0.2703030303030303,0.45454545454545453,0.1785263144136614,1.971747257128181
1367,0.42105263157894735,11,True,0.41696969696969693,0.45454545454545453,0.15902508684635352,1.676737030052133
1368,0.42105263157894735,11,True,0.2412121212121212,0.36363636363636365,0.16177657023373804,2.3685225277282065
1369,0.42105263157894735,11,True,0.2642424242424243,0.36363636363636365,0.19123733654225028,2.7321588913645707
1370,0.5263157894736842,9,True,0.23703703703703702,0.3333333333333333,0.21129967947546247,2.197159723424149
1371,0.5263157894736842,9,True,0.25925925925925924,0.4444444444444444,0.25962632736662017,2.2810361125534233
1372,0.5263157894736842,9,True,0.274074074074074,0.4444444444444444,0.19551110891298873,1.8365916681089791
1373,0.47368421052631576,10,True,0.29333333333333333,0.4,0.20919571487351996,2.321928094887362
1374,0.47368421052631576,10,True,0.30074074074074075,0.5,0.2393728467500651,2.1609640474436813
1375,0.42105263157894735,11,True,0.22424242424242424,0.36363636363636365,0.175929009903667,2.2998963911678914
1376,0.42105263157894735,11,True,0.2593939393939394,0.5454545454545454,0.2275769429533877,2.049452072789394
1377,0.42105263157894735,11,True,0.2824242424242424,0.36363636363636365,0.1805153902556471,2.5503407095463886
1378,0.42105263157894735,11,True,0.26666666666666666,0.36363636363636365,0.180515390255647,2.5503407095463886
1379,0.42105263157894735,11,True,0.2424242424242424,0.36363636363636365,0.1805153902556471,2.5503407095463886
1380,0.5263157894736842,9,True,0.36666666666666664,0.4444444444444444,0.21262228529006166,1.7527152789797045
1381,0.7894736842105263,4,False,,,,
1382,0.5263157894736842,9,True,0.18703703703703703,0.4444444444444444,0.19551110891298873,1.836591668108979
1383,0.5263157894736842,9,True,0.3277777777777778,0.4444444444444444,0.21262228529006166,1.7527152789797045
1384,0.47368421052631576,10,True,0.17629629629629628,0.2,0.20002593917380795,2.9219280948873623
1385,0.3157894736842105,13,True,0.19572649572649575,0.3076923076923077,0.09174740910414936,2.411602217974672
1386,0.3157894736842105,13,True,0.2811965811965812,0.38461538461538464,0.1299788197076427,2.4996981431844145
1387,0.15789473684210525,16,True,0.24388888888888888,0.25,0.07400067577289826,2.9056390622295662
1388,0.15789473684210525,16,True,0.2533333333333333,0.3125,0.07699613926827209,2.7272170014624826
1389,0.15789473684210525,16,True,0.2866666666666667,0.25,0.03156407454208443,2.702819531114783
1390,0.15789473684210525,16,True,0.3188888888888889,0.5,0.14575294935186045,1.875
1391,0.15789473684210525,16,True,0.24444444444444444,0.375,0.1056880437375276,2.7806390622295662
1392,0.15789473684210525,16,True,0.37444444444444447,0.5625,0.19725171154555354,1.7169171866886992
1393,0.15789473684210525,16,True,0.2977777777777778,0.5,0.15867131134623413,2.25
1394,0.15789473684210525,16,True,0.21055555555555555,0.3125,0.08189824177870186,3.024397470347699
1395,0.15789473684210525,16,True,0.22,0.1875,0.049951018230899535,3.1556390622295662
1396,0.15789473684210525,16,True,0.3188888888888889,0.4375,0.12270902131760197,2.1774212838293647
1397,0.47368421052631576,10,True,0.35851851851851857,0.6,0.21409410126225947,1.5709505944546687
1398,0.47368421052631576,10,True,0.31555555555555553,0.4,0.20919571487351973,2.321928094887362
1399,0.47368421052631576,10,True,0.23111111111111113,0.2,0.171700221493728,2.5219280948873624
1400,0.5263157894736842,9,True,0.2074074074074074,0.2222222222222222,0.2446883927462009,2.94770277922009
1401,0.3157894736842105,13,True,0.20854700854700856,0.15384615384615385,0.0834774403016364,2.9312089489103235
1402,0.21052631578947367,15,True,0.266031746031746,0.26666666666666666,0.07094373015126354,2.7898980954642876
1403,0.2631578947368421,14,True,0.24542124542124544,0.35714285714285715,0.12081271666233717,2.835237745312118
1404,0.21052631578947367,15,True,0.23238095238095238,0.13333333333333333,0.04592445920608346,3.2402239289418517
1405,0.21052631578947367,15,True,0.27936507936507937,0.4666666666666667,0.15255700352874701,2.279799131837405
1406,0.21052631578947367,15,True,0.2622222222222222,0.4666666666666667,0.13931336313991427,2.33012496531497
1407,0.2631578947368421,14,True,0.26373626373626374,0.21428571428571427,0.059803381111151466,2.699513850319966
1408,0.2631578947368421,14,True,0.2271062271062271,0.21428571428571427,0.0755829127220643,3.039148671903071
1409,0.2631578947368421,14,True,0.25860805860805863,0.2857142857142857,0.09531008166021693,2.950212064914747
1410,0.8421052631578947,3,False,,,,
1411,0.8421052631578947,3,False,,,,
1412,0.9473684210526315,1,False,,,,
1413,0.9473684210526315,1,False,,,,
1414,0.9473684210526315,1,False,,,,
1415,0.9473684210526315,1,False,,,,
1416,0.9473684210526315,1,False,,,,
1417,0.9473684210526315,1,False,,,,
1418,0.9473684210526315,1,False,,,,
1419,0.9473684210526315,1,False,,,,
1420,0.9473684210526315,1,False,,,,
1421,0.9473684210526315,1,False,,,,
1422,0.8421052631578947,3,False,,,,
1423,0.2631578947368421,14,True,0.2805860805860806,0.2857142857142857,0.08164746002056422,2.610577243331642
1424,0.7368421052631579,5,True,0.28,0.4,0.4240799522429881,1.9219280948873623
1425,0.6842105263157895,6,True,0.3733333333333333,0.6666666666666666,0.35250246264226515,1.2516291673878228
1426,0.6842105263157895,6,True,0.2,0.3333333333333333,0.3768634756015604,2.2516291673878226
1427,0.631578947368421,7,True,0.23492063492063492,0.2857142857142857,0.3308728090528291,2.5216406363433186
1428,0.631578947368421,7,True,0.20634920634920637,0.2857142857142857,0.31402704890353816,2.2359263506290326
1429,0.7368421052631579,5,True,0.3466666666666667,0.6,0.403874569882679,1.3709505944546687
1430,0.7894736842105263,4,False,,,,
1431,0.9473684210526315,1,False,,,,
1432,0.9473684210526315,1,False,,,,
1433,0.9473684210526315,1,False,,,,
1434,0.9473684210526315,1,False,,,,
1435,0.9473684210526315,1,False,,,,
1436,0.9473684210526315,1,False,,,,
1437,0.7894736842105263,4,False,,,,
1438,0.7894736842105263,4,False,,,,
1439,0.7894736842105263,4,False,,,,
1440,0.7894736842105263,4,False,,,,
1441,0.7894736842105263,4,False,,,,
1442,0.7894736842105263,4,False,,,,
1443,0.7894736842105263,4,False,,,,
1444,0.7894736842105263,4,False,,,,
1445,0.7894736842105263,4,False,,,,
1446,0.7894736842105263,4,False,,,,
1447,0.7894736842105263,4,False,,,,
1448,0.7894736842105263,4,False,,,,
1449,0.7894736842105263,4,False,,,,
1450,0.8947368421052632,2,False,,,,
1451,0.8947368421052632,2,False,,,,
1452,0.7894736842105263,4,False,,,,
1453,0.7894736842105263,4,False,,,,
1454,0.21052631578947367,15,True,0.22222222222222224,0.2,0.03773690101592375,2.9232314287976204
1455,0.21052631578947367,15,True,0.2438095238095238,0.2,0.050080277719944055,3.056564762130954
1456,0.21052631578947367,15,True,0.2507936507936508,0.2,0.05027061116629672,2.8729055953200557
1457,0.21052631578947367,15,True,0.2704761904761905,0.26666666666666666,0.05340815345149741,2.656564762130954
1458,0.21052631578947367,15,True,0.3161904761904762,0.4,0.10173951313857588,2.472905595320056
1459,0.15789473684210525,16,True,0.37444444444444447,0.6875,0.2894231402765127,1.6216407621868583
1460,0.15789473684210525,16,True,0.29555555555555557,0.1875,0.0546649124820755,2.811278124459133
1461,0.10526315789473684,17,True,0.26862745098039215,0.35294117647058826,0.09372784471105056,2.822181958642873
1462,0.10526315789473684,17,True,0.25098039215686274,0.35294117647058826,0.10854486060238244,2.615724605447171
1463,0.10526315789473684,17,True,0.275,0.23529411764705882,0.03773690101592364,2.8665871058289594
1464,0.10526315789473684,17,True,0.35637254901960785,0.5294117647058824,0.18980179399215258,2.1739731346044096
1465,0.10526315789473684,17,True,0.25882352941176473,0.35294117647058826,0.09601115045200959,2.6601297526332575
1466,0.15789473684210525,16,True,0.2577777777777778,0.375,0.09601115045200936,2.6556390622295662
1467,0.7368421052631579,5,True,0.2533333333333333,0.2,0.44196169314325406,2.321928094887362
1468,0.21052631578947367,15,True,0.23873015873015874,0.26666666666666666,0.08176764568457373,2.923231428797621
1469,0.631578947368421,7,True,0.22222222222222224,0.42857142857142855,0.3293970672908122,2.1280852788913944
1470,0.5789473684210527,8,True,0.26666666666666666,0.5,0.29436266502391517,2.0
1471,0.631578947368421,7,True,0.46031746031746035,0.7142857142857143,0.31364651914901476,1.1488348542809166
1472,0.631578947368421,7,True,0.3873015873015873,0.5714285714285714,0.27128755929541437,1.3787834934861753
1473,0.631578947368421,7,True,0.2920634920634921,0.5714285714285714,0.3269868938901337,1.6644977792004614
1474,0.5789473684210527,8,True,0.24285714285714285,0.375,0.2894231402765127,2.4056390622295662
1475,0.5789473684210527,8,True,0.39285714285714285,0.375,0.231537301786233,1.9056390622295665
1476,0.42105263157894735,11,True,0.21696969696969695,0.18181818181818182,0.1580305074069105,2.9139770731827523
1477,0.8421052631578947,3,False,,,,
1478,0.8947368421052632,2,False,,,,
1479,0.8947368421052632,2,False,,,,
1480,0.8947368421052632,2,False,,,,
1481,0.8947368421052632,2,False,,,,
1482,0.8947368421052632,2,False,,,,
1483,0.8947368421052632,2,False,,,,
1484,0.8947368421052632,2,False,,,,
1485,0.8947368421052632,2,False,,,,
1486,0.8947368421052632,2,False,,,,
1487,0.8947368421052632,2,False,,,,
1488,0.2631578947368421,14,True,0.2065934065934066,0.21428571428571427,0.07558291272206419,3.039148671903071
1489,0.631578947368421,7,True,0.2380952380952381,0.2857142857142857,0.3308728090528291,2.5216406363433186
1490,0.15789473684210525,16,True,0.26611111111111113,0.375,0.09601115045200947,2.6556390622295662
1491,0.15789473684210525,16,True,0.265,0.375,0.10854486060238233,2.60845859334435
1492,0.15789473684210525,16,True,0.27444444444444444,0.3125,0.08164746002056411,2.524397470347699
1493,0.15789473684210525,16,True,0.2694444444444445,0.3125,0.07304702149998421,2.5550365325772657
1494,0.15789473684210525,16,True,0.225,0.25,0.05027061116629672,2.827819531114783
1495,0.2631578947368421,14,True,0.35018315018315016,0.5,0.15606028459591426,1.8322488896002305
1496,0.2631578947368421,14,True,0.40073260073260075,0.5714285714285714,0.15902508684635352,1.5216406363433184
1497,0.7368421052631579,5,True,0.2533333333333333,0.4,0.4240799522429881,1.9219280948873623
1498,0.8421052631578947,3,False,,,,
1499,0.8421052631578947,3,False,,,,
1500,0.8421052631578947,3,False,,,,
1501,0.8421052631578947,3,False,,,,
1502,0.7894736842105263,4,False,,,,
1503,0.7894736842105263,4,False,,,,
1504,0.8421052631578947,3,False,,,,
1505,0.5263157894736842,9,True,0.22592592592592592,0.2222222222222222,0.2221308339868283,2.5032583347756456
1506,0.6842105263157895,6,True,0.1688888888888889,0.16666666666666666,0.38873147359769233,2.584962500721156
1507,0.21052631578947367,15,True,0.19682539682539685,0.26666666666666666,0.08176764568457373,2.923231428797621
1508,0.10526315789473684,17,True,0.26519607843137255,0.23529411764705882,0.018320434153251575,2.74894004700543
1509,0.10526315789473684,17,True,0.22156862745098038,0.23529411764705882,0.03773690101592375,2.8665871058289594
1510,0.10526315789473684,17,True,0.26176470588235295,0.29411764705882354,0.0755829127220643,2.8895494308620884
1511,0.10526315789473684,17,True,0.275,0.4117647058823529,0.13157084033512267,2.5341468438052397
1512,0.10526315789473684,17,True,0.2088235294117647,0.17647058823529413,0.03169015399306796,3.3371753411230776
1513,0.10526315789473684,17,True,0.19362745098039216,0.23529411764705882,0.05740927103252713,3.1018812234760182
1514,0.10526315789473684,17,True,0.346078431372549,0.5882352941176471,0.23699400339378085,2.0157404324930677
1515,0.10526315789473684,17,True,0.27941176470588236,0.5294117647058824,0.18585266116365695,2.011920928594794
1516,0.10526315789473684,17,True,0.3161764705882353,0.47058823529411764,0.15867131134623425,2.278351811711312
1517,0.8947368421052632,2,False,,,,
1518,0.8947368421052632,2,False,,,,
1519,0.8947368421052632,2,False,,,,
1520,0.8947368421052632,2,False,,,,
1521,0.8947368421052632,2,False,,,,
1522,0.10526315789473684,17,True,0.2485294117647059,0.23529411764705882,0.05740927103252702,3.1018812234760182
1523,0.10526315789473684,17,True,0.26666666666666666,0.29411764705882354,0.09766925825323902,2.654255313215029
1524,0.10526315789473684,17,True,0.29068627450980394,0.29411764705882354,0.08513554810286617,2.6986604604011157
1525,0.10526315789473684,17,True,0.33137254901960783,0.5294117647058824,0.1717002214937282,2.05632607578088
1526,0.10526315789473684,17,True,0.23333333333333334,0.35294117647058826,0.09601115045200947,2.660129752633257
1527,0.10526315789473684,17,True,0.2980392156862745,0.35294117647058826,0.06840435539428635,2.380430487800112
1528,0.05263157894736842,18,True,0.26753812636165575,0.3333333333333333,0.09372784471105067,2.8638263900908156
1529,0.05263157894736842,18,True,0.30152505446623096,0.3888888888888889,0.12766041241999648,2.744842531753244
1530,0.05263157894736842,18,True,0.548148148148148,0.9444444444444444,0.6272947035832889,0.3095434291503252
1531,0.05263157894736842,18,True,0.3093681917211329,0.5,0.20304543438098532,2.2096909728231857
1532,0.05263157894736842,18,True,0.2710239651416122,0.3888888888888889,0.13071292461933404,2.4387439204017474
1533,0.05263157894736842,18,True,0.39346405228758174,0.6111111111111112,0.2962465220098368,1.4108478748063633
1534,0.05263157894736842,18,True,0.5869281045751634,0.8333333333333334,0.42378260447830396,0.6500224216483541
1535,0.05263157894736842,18,True,0.3690631808278867,0.6666666666666666,0.3293970672908122,1.5157895841746822
1536,0.05263157894736842,18,True,0.5655773420479303,0.8888888888888888,0.5602467695939968,0.6143694458867568
1537,0.05263157894736842,18,True,0.46143790849673205,0.7777777777777778,0.4240799522429881,1.0975378398419535
1538,0.15789473684210525,16,True,0.47944444444444445,0.8125,0.3197363442781458,0.8683927290103626
1539,0.15789473684210525,16,True,0.33166666666666667,0.5625,0.20304543438098532,2.091917186688699
1540,0.15789473684210525,16,True,0.5294444444444444,0.75,0.2987636957331652,1.186278124459133
1541,0.05263157894736842,18,True,0.5010893246187363,0.8333333333333334,0.4988905110011538,0.9141828384352135
1542,0.05263157894736842,18,True,0.4034858387799564,0.7222222222222222,0.3768634756015604,1.386274093895968
1543,0.05263157894736842,18,True,0.2901960784313725,0.3888888888888889,0.10855658164767323,2.327632809290636
1544,0.05263157894736842,18,True,0.3276688453159042,0.3888888888888889,0.1552426890673989,2.1892869761976885
1545,0.05263157894736842,18,True,0.7925925925925926,0.9444444444444444,0.6272947035832889,0.3095434291503252
1546,0.05263157894736842,18,True,0.31198257080610026,0.4444444444444444,0.15803050740691038,2.5032583347756456
1547,0.05263157894736842,18,True,0.269281045751634,0.2777777777777778,0.0702766079309739,2.441068585955437
1548,0.05263157894736842,18,True,0.8666666666666667,1.0,0.7025277510807104,0.0
1549,0.05263157894736842,18,True,0.46448801742919393,0.7777777777777778,0.44196169314325406,1.2086489509530647
1550,0.05263157894736842,18,True,0.4544662309368192,0.7222222222222222,0.3768634756015603,1.386274093895968
1551,0.05263157894736842,18,True,0.3359477124183006,0.5,0.20919571487351996,2.0294069451656007
1552,0.05263157894736842,18,True,0.6666666666666666,0.9444444444444444,0.6272947035832889,0.3095434291503252
1553,0.05263157894736842,18,True,0.3721132897603486,0.5555555555555556,0.2362832736567574,1.949137865273585
1554,0.05263157894736842,18,True,0.31895424836601305,0.5,0.19725171154555354,1.8763576394898522
1555,0.9473684210526315,1,False,,,,
1556,0.9473684210526315,1,False,,,,
1557,0.05263157894736842,18,True,0.281917211328976,0.3888888888888889,0.10422564384166855,2.5226203095310216
1558,0.05263157894736842,18,True,0.38300653594771245,0.4444444444444444,0.14575294935186023,2.016875695766564
1559,0.05263157894736842,18,True,0.5220043572984749,0.7777777777777778,0.3840091092994298,0.9864267287308424
1560,0.05263157894736842,18,True,0.5058823529411764,0.8888888888888888,0.5602467695939968,0.6143694458867568
1561,0.05263157894736842,18,True,0.548148148148148,0.8333333333333334,0.470861478386833,0.8030717273241024
1562,0.05263157894736842,18,True,0.42962962962962964,0.7777777777777778,0.44196169314325406,1.2086489509530647
1563,0.05263157894736842,18,True,0.2875816993464052,0.3888888888888889,0.1525570035287469,2.3695710038552735
1564,0.05263157894736842,18,True,0.32113289760348585,0.5555555555555556,0.23699400339378085,2.102187170949333
1565,0.05263157894736842,18,True,0.7185185185185186,0.9444444444444444,0.6272947035832889,0.3095434291503252
1566,0.05263157894736842,18,True,0.2718954248366013,0.5555555555555556,0.2446883927462009,2.2132982820604443
1567,0.05263157894736842,18,True,0.25838779956427016,0.5,0.20002593917380795,2.3627402784989338
1568,0.05263157894736842,18,True,0.5651416122004357,0.7777777777777778,0.403874569882679,0.9444885341662053
1569,0.05263157894736842,18,True,0.7407407407407407,0.9444444444444444,0.6272947035832889,0.3095434291503252
1570,0.05263157894736842,18,True,0.45620915032679743,0.6666666666666666,0.3293970672908122,1.5157895841746822
1571,0.05263157894736842,18,True,0.3485838779956427,0.4444444444444444,0.175929009903667,2.127986806877675
1572,0.05263157894736842,18,True,0.4074074074074074,0.5555555555555556,0.2362832736567574,1.949137865273585
1573,0.21052631578947367,15,True,0.35873015873015873,0.6,0.1818816931582794,1.7382689280764647
1574,0.05263157894736842,18,True,0.2901960784313725,0.5555555555555556,0.2446883927462009,2.2132982820604443
1575,0.05263157894736842,18,True,0.28888888888888886,0.4444444444444444,0.15867131134623413,2.350209029099897
1576,0.05263157894736842,18,True,0.41612200435729846,0.5,0.18813457241778053,1.675822057576696
1577,0.05263157894736842,18,True,0.38605664488017427,0.5,0.2393728467500651,1.9399824743635556
1578,0.05263157894736842,18,True,0.45795206971677566,0.4444444444444444,0.24545096392396826,1.7448425317532439
1579,0.15789473684210525,16,True,0.3022222222222222,0.5625,0.17190038180287592,1.7947367178034825
1580,0.10526315789473684,17,True,0.5225490196078432,0.8235294117647058,0.3840091092994298,0.8343470230852537
1581,0.10526315789473684,17,True,0.8328431372549019,0.8823529411764706,0.470861478386833,0.6402064333604701
1582,0.10526315789473684,17,True,0.45,0.7647058823529411,0.3516072294314623,1.1400677626718572
1583,0.15789473684210525,16,True,0.3638888888888889,0.5625,0.19725171154555354,1.7169171866886992
1584,0.15789473684210525,16,True,0.5583333333333333,0.9375,0.42378260447830396,0.3372900666170139
1585,0.15789473684210525,16,True,0.39666666666666667,0.6875,0.26901133528123766,1.4966407621868583
1586,0.15789473684210525,16,True,0.43833333333333335,0.6875,0.24864847816330582,1.3244602933016414
1587,0.15789473684210525,16,True,0.385,0.5,0.14575294935186023,1.875
1588,0.15789473684210525,16,True,0.30833333333333335,0.4375,0.13071292461933426,2.349601752714581
1589,0.15789473684210525,16,True,0.37,0.625,0.18439908713309305,1.5016144718101818
1590,0.7368421052631579,5,True,0.14,0.2,0.44196169314325406,2.321928094887362
1591,0.8947368421052632,2,False,,,,
1592,0.8421052631578947,3,False,,,,
1593,0.7368421052631579,5,True,0.17333333333333334,0.4,0.4240799522429881,1.9219280948873623
1594,0.15789473684210525,16,True,0.44166666666666665,0.5625,0.19725171154555354,1.7169171866886992
1595,0.15789473684210525,16,True,0.34111111111111114,0.5625,0.18585266116365706,1.9669171866886992
1596,0.15789473684210525,16,True,0.48666666666666664,0.75,0.25838690151454446,1.014097655573916
1597,0.15789473684210525,16,True,0.5205555555555555,0.8125,0.368718405808535,0.9933927290103626
1598,0.15789473684210525,16,True,0.47333333333333333,0.75,0.25838690151454446,1.014097655573916
1599,0.15789473684210525,16,True,0.525,0.9375,0.42378260447830396,0.3372900666170139
1600,0.15789473684210525,16,True,0.46166666666666667,0.75,0.2987636957331653,1.186278124459133
1601,0.15789473684210525,16,True,0.3505555555555555,0.5,0.171914951735067,2.202819531114783
1602,0.10526315789473684,17,True,0.503921568627451,0.7058823529411765,0.20033199319823125,0.8739810481273578
1603,0.10526315789473684,17,True,0.275,0.5882352941176471,0.22213083398682842,1.8980933736695382
1604,0.10526315789473684,17,True,0.39558823529411763,0.6470588235294118,0.27527070060658376,1.731360029190912
1605,0.10526315789473684,17,True,0.29705882352941176,0.35294117647058826,0.10173951313857577,2.469240782172285
1606,0.10526315789473684,17,True,0.425,0.7058823529411765,0.2987636957331652,1.2772018112022603
1607,0.10526315789473684,17,True,0.5098039215686274,0.7647058823529411,0.3197363442781459,0.9780155566622414
1608,0.10526315789473684,17,True,0.3588235294117647,0.6470588235294118,0.2752707006065839,1.731360029190912
1609,0.10526315789473684,17,True,0.39362745098039215,0.5882352941176471,0.23699400339378085,2.0157404324930677
1610,0.10526315789473684,17,True,0.32156862745098036,0.6470588235294118,0.2867214920979325,1.8490070880144414
1611,0.10526315789473684,17,True,0.3073529411764706,0.6470588235294118,0.2752707006065839,1.731360029190912
1612,0.10526315789473684,17,True,0.40784313725490196,0.6470588235294118,0.2752707006065839,1.731360029190912
1613,0.10526315789473684,17,True,0.5764705882352942,0.9411764705882353,0.5115068636860557,0.3227569588973982
1614,0.10526315789473684,17,True,0.4725490196078431,0.8235294117647058,0.4240799522429881,0.951994081908783
1615,0.10526315789473684,17,True,0.4176470588235294,0.47058823529411764,0.16315629602638715,1.8751310486364097
1616,0.10526315789473684,17,True,0.5034313725490196,0.8235294117647058,0.3840091092994298,0.8343470230852537
1617,0.05263157894736842,18,True,0.42309368191721136,0.6111111111111112,0.29436266502391517,1.6113834567195195
1618,0.05263157894736842,18,True,0.3193899782135076,0.6111111111111112,0.29436266502391517,1.6113834567195195
1619,0.05263157894736842,18,True,0.34814814814814815,0.6111111111111112,0.2867214920979323,1.9447167900528528
1620,0.05263157894736842,18,True,0.39869281045751637,0.5,0.14053652857124954,1.7924812503605778
1621,0.05263157894736842,18,True,0.4435729847494553,0.7777777777777778,0.4240799522429881,1.0975378398419535
1622,0.05263157894736842,18,True,0.5529411764705882,0.8333333333333334,0.4988905110011538,0.9141828384352135
1623,0.05263157894736842,18,True,0.3503267973856209,0.5555555555555556,0.2502376437826136,2.0602489763846963
1624,0.05263157894736842,18,True,0.4453159041394335,0.5555555555555556,0.2750678362011758,1.4627552262645036
1625,0.05263157894736842,18,True,0.5333333333333333,1.0,0.7025277510807104,0.0
1626,0.05263157894736842,18,True,0.5411764705882353,0.8333333333333334,0.4988905110011538,0.9141828384352135
1627,0.05263157894736842,18,True,0.4727668845315904,0.7222222222222222,0.3768634756015604,1.386274093895968
1628,0.05263157894736842,18,True,0.3137254901960784,0.4444444444444444,0.1648695505519856,2.614369445886757
1629,0.05263157894736842,18,True,0.3172113289760349,0.5,0.20494337674621776,2.473851389610045
1630,0.05263157894736842,18,True,0.26666666666666666,0.4444444444444444,0.1648695505519855,2.6143694458867563
1631,0.05263157894736842,18,True,0.23485838779956428,0.3888888888888889,0.1190371301847496,2.6337314206421327
1632,0.05263157894736842,18,True,0.24662309368191723,0.4444444444444444,0.17056421755728335,2.4613201402110083
1633,0.05263157894736842,18,True,0.24270152505446624,0.2777777777777778,0.0846840353973285,3.149673447186741
1634,0.15789473684210525,16,True,0.24888888888888888,0.375,0.10854486060238244,2.60845859334435
1635,0.9473684210526315,1,False,,,,
1636,0.3684210526315789,12,True,0.3101010101010101,0.5,0.15402695630866137,1.9591479170272446
1637,0.3157894736842105,13,True,0.4,0.6923076923076923,0.21409410126225947,1.3520301017579528
1638,0.3157894736842105,13,True,0.40341880341880343,0.6923076923076923,0.25334307806277945,1.5058762556041068
1639,0.05263157894736842,18,True,0.2849673202614379,0.5,0.20002593917380795,2.3627402784989338
1640,0.05263157894736842,18,True,0.39041394335511986,0.7222222222222222,0.38873147359769233,1.497385205007079
1641,0.05263157894736842,18,True,0.4091503267973856,0.6666666666666666,0.2987636957331652,1.404678473063571
1642,0.05263157894736842,18,True,0.36427015250544664,0.5555555555555556,0.19551110891298873,1.6577427265048887
1643,0.05263157894736842,18,True,0.4418300653594771,0.8333333333333334,0.4988905110011538,0.9141828384352135
1644,0.05263157894736842,18,True,0.5673202614379085,0.7777777777777778,0.403874569882679,0.9444885341662053
1645,0.05263157894736842,18,True,0.47015250544662307,0.7777777777777778,0.4240799522429881,1.0975378398419535
1646,0.05263157894736842,18,True,0.4217864923747277,0.7222222222222222,0.3516072294314623,1.275162982784857
1647,0.8421052631578947,3,False,,,,
1648,0.2631578947368421,14,True,0.3948717948717949,0.6428571428571429,0.2393728467500651,1.7695459925589747
1649,0.05263157894736842,18,True,0.43224400871459695,0.6666666666666666,0.3308728090528291,1.6688388898504305
1650,0.05263157894736842,18,True,0.4400871459694989,0.7222222222222222,0.368718405808535,1.2332247882202196
1651,0.05263157894736842,18,True,0.4008714596949891,0.6111111111111112,0.2752707006065839,1.8336056789417416
1652,0.05263157894736842,18,True,0.43529411764705883,0.7222222222222222,0.368718405808535,1.2332247882202196
1653,0.05263157894736842,18,True,0.3111111111111111,0.4444444444444444,0.15803050740691038,2.5032583347756456
1654,0.05263157894736842,18,True,0.6074074074074074,0.9444444444444444,0.6272947035832889,0.3095434291503252
1655,0.05263157894736842,18,True,0.5250544662309369,0.7222222222222222,0.38873147359769233,1.497385205007079
1656,0.05263157894736842,18,True,0.44618736383442265,0.8333333333333334,0.470861478386833,0.8030717273241024
1657,0.05263157894736842,18,True,0.45795206971677566,0.6666666666666666,0.2987636957331652,1.404678473063571
1658,0.05263157894736842,18,True,0.46056644880174297,0.8888888888888888,0.5602467695939968,0.6143694458867568
1659,0.05263157894736842,18,True,0.5581699346405228,0.8888888888888888,0.5115068636860557,0.5032583347756457
1660,0.05263157894736842,18,True,0.40871459694989104,0.5555555555555556,0.18439908713309294,1.6849774484867255
1661,0.05263157894736842,18,True,0.485838779956427,0.8333333333333334,0.470861478386833,0.8030717273241024
1662,0.05263157894736842,18,True,0.38300653594771245,0.5555555555555556,0.18439908713309305,1.6849774484867255
1663,0.05263157894736842,18,True,0.29586056644880177,0.3888888888888889,0.13157084033512279,2.5917932260774954
1664,0.05263157894736842,18,True,0.4148148148148148,0.6111111111111112,0.28560263299760746,1.1941737342569119
1665,0.05263157894736842,18,True,0.4893246187363835,0.6111111111111112,0.2597604999432015,1.5002723456084084
1666,0.05263157894736842,18,True,0.39607843137254906,0.7222222222222222,0.3768634756015603,1.3862740938959681
1667,0.3684210526315789,12,True,0.30909090909090914,0.4166666666666667,0.16207676723408126,2.221251836004466
1668,0.3684210526315789,12,True,0.3747474747474747,0.4166666666666667,0.14227686724143762,1.650022421648354
1669,0.3684210526315789,12,True,0.2383838383838384,0.25,0.14410455048549553,2.792481250360578
1670,0.42105263157894735,11,True,0.2084848484848485,0.18181818181818182,0.1648695505519856,3.0957952550009344
1671,0.631578947368421,7,True,0.23492063492063492,0.42857142857142855,0.3293970672908122,2.1280852788913944
1672,0.7368421052631579,5,True,0.20666666666666667,0.4,0.4240799522429881,1.9219280948873623
1673,0.7368421052631579,5,True,0.26666666666666666,0.4,0.4240799522429881,1.9219280948873623
1674,0.7368421052631579,5,True,0.33999999999999997,0.4,0.4240799522429881,1.9219280948873623
1675,0.7368421052631579,5,True,0.26,0.4,0.4240799522429881,1.9219280948873623
1676,0.7368421052631579,5,True,0.3,0.4,0.4240799522429881,1.9219280948873623
1677,0.7368421052631579,5,True,0.17333333333333334,0.4,0.4240799522429881,1.9219280948873623
1678,0.7368421052631579,5,True,0.14,0.2,0.44196169314325406,2.321928094887362
1679,0.7368421052631579,5,True,0.26,0.4,0.4240799522429881,1.9219280948873623
1680,0.9473684210526315,1,False,,,,
1681,0.9473684210526315,1,False,,,,
1682,0.8947368421052632,2,False,,,,
1683,0.8947368421052632,2,False,,,,
1684,0.8947368421052632,2,False,,,,
1685,0.8947368421052632,2,False,,,,
1686,0.8947368421052632,2,False,,,,
1687,0.8947368421052632,2,False,,,,
1688,0.8947368421052632,2,False,,,,
1689,0.8421052631578947,3,False,,,,
1690,0.8421052631578947,3,False,,,,
1691,0.8421052631578947,3,False,,,,
1692,0.8421052631578947,3,False,,,,
1693,0.8421052631578947,3,False,,,,
1694,0.8421052631578947,3,False,,,,
1695,0.8421052631578947,3,False,,,,
1696,0.8947368421052632,2,False,,,,
1697,0.8947368421052632,2,False,,,,
1698,0.8947368421052632,2,False,,,,
1699,0.8947368421052632,2,False,,,,
1700,0.8947368421052632,2,False,,,,
1701,0.9473684210526315,1,False,,,,
1702,0.9473684210526315,1,False,,,,
1703,0.9473684210526315,1,False,,,,
1704,0.9473684210526315,1,False,,,,
1705,0.9473684210526315,1,False,,,,
1706,0.9473684210526315,1,False,,,,
1707,0.9473684210526315,1,False,,,,
1708,0.9473684210526315,1,False,,,,
1709,0.9473684210526315,1,False,,,,
1710,0.9473684210526315,1,False,,,,
1711,0.9473684210526315,1,False,,,,
1712,0.9473684210526315,1,False,,,,
1713,0.9473684210526315,1,False,,,,
1714,0.9473684210526315,1,False,,,,
1715,0.8947368421052632,2,False,,,,
1716,0.8947368421052632,2,False,,,,
1717,0.8947368421052632,2,False,,,,
1718,0.8947368421052632,2,False,,,,
1719,0.8947368421052632,2,False,,,,
1720,0.8947368421052632,2,False,,,,
1721,0.8947368421052632,2,False,,,,
1722,0.8947368421052632,2,False,,,,
1723,0.8947368421052632,2,False,,,,
1724,0.8947368421052632,2,False,,,,
1725,0.8947368421052632,2,False,,,,
1726,0.8947368421052632,2,False,,,,
1727,0.8947368421052632,2,False,,,,
1728,0.8947368421052632,2,False,,,,
1729,0.8947368421052632,2,False,,,,
1730,0.9473684210526315,1,False,,,,
1731,0.9473684210526315,1,False,,,,
1732,0.9473684210526315,1,False,,,,
1733,0.8947368421052632,2,False,,,,
1734,0.8947368421052632,2,False,,,,
1735,0.8421052631578947,3,False,,,,
1736,0.8421052631578947,3,False,,,,
1737,0.8421052631578947,3,False,,,,
1738,0.8421052631578947,3,False,,,,
1739,0.8421052631578947,3,False,,,,
1740,0.8421052631578947,3,False,,,,
1741,0.8421052631578947,3,False,,,,
1742,0.8421052631578947,3,False,,,,
1743,0.8421052631578947,3,False,,,,
1744,0.8421052631578947,3,False,,,,
1745,0.8421052631578947,3,False,,,,
1746,0.8421052631578947,3,False,,,,
1747,0.8421052631578947,3,False,,,,
1748,0.8421052631578947,3,False,,,,
1749,0.8421052631578947,3,False,,,,
1750,0.8421052631578947,3,False,,,,
1751,0.8421052631578947,3,False,,,,
1752,0.8421052631578947,3,False,,,,
1753,0.8421052631578947,3,False,,,,
1754,0.8421052631578947,3,False,,,,
1755,0.8421052631578947,3,False,,,,
1756,0.8421052631578947,3,False,,,,
1757,0.8421052631578947,3,False,,,,
1758,0.9473684210526315,1,False,,,,
1759,0.8421052631578947,3,False,,,,
1760,0.8421052631578947,3,False,,,,
1761,0.8421052631578947,3,False,,,,
1762,0.8421052631578947,3,False,,,,
1763,0.8421052631578947,3,False,,,,
1764,0.8421052631578947,3,False,,,,
1765,0.8421052631578947,3,False,,,,
1766,0.8421052631578947,3,False,,,,
1767,0.8421052631578947,3,False,,,,
1768,0.8421052631578947,3,False,,,,
1769,0.8947368421052632,2,False,,,,
1770,0.9473684210526315,1,False,,,,
1771,0.9473684210526315,1,False,,,,
1772,0.9473684210526315,1,False,,,,
1773,0.8947368421052632,2,False,,,,
1774,0.8947368421052632,2,False,,,,
1775,0.8947368421052632,2,False,,,,
1776,0.8947368421052632,2,False,,,,
1777,0.8947368421052632,2,False,,,,
1778,0.8947368421052632,2,False,,,,
1779,0.8947368421052632,2,False,,,,
1780,0.8421052631578947,3,False,,,,
1781,0.8421052631578947,3,False,,,,
1782,0.5263157894736842,9,True,0.5333333333333333,1.0,0.001999116127700429,0.0
1783,0.5263157894736842,9,True,0.48888888888888893,0.7777777777777778,0.2673721749433876,0.9864267287308424
1784,0.5789473684210527,8,True,0.5166666666666667,0.75,0.16494454884084453,0.8112781244591328
1785,0.47368421052631576,10,True,0.39111111111111113,0.7,0.2626406304386868,1.3567796494470397
1786,0.47368421052631576,10,True,0.3466666666666667,0.6,0.25334307806277945,1.7709505944546688
1787,0.42105263157894735,11,True,0.273939393939394,0.36363636363636365,0.16177657023373804,2.3685225277282065
1788,0.42105263157894735,11,True,0.3927272727272727,0.6363636363636364,0.20530794671029118,1.4911148500551858
1789,0.42105263157894735,11,True,0.26181818181818184,0.45454545454545453,0.1919537021102833,2.2221915755066783
1790,0.42105263157894735,11,True,0.22666666666666666,0.5454545454545454,0.15676141753386397,1.6858157091530304
1791,0.42105263157894735,11,True,0.2484848484848485,0.36363636363636365,0.1805153902556471,2.5503407095463886
1792,0.3684210526315789,12,True,0.3696969696969697,0.6666666666666666,0.20530794671029118,1.4182958340544896
1793,0.3684210526315789,12,True,0.3828282828282828,0.75,0.19658386084094515,1.0408520829727552
1794,0.2631578947368421,14,True,0.30256410256410254,0.35714285714285715,0.0966431262007984,2.5495234595978316
1795,0.2631578947368421,14,True,0.3567765567765568,0.5714285714285714,0.1919537021102833,1.950212064914747
1796,0.2631578947368421,14,True,0.391941391941392,0.6428571428571429,0.21465505822008046,1.626688849701832
1797,0.2631578947368421,14,True,0.2424908424908425,0.42857142857142855,0.1434097975389519,2.5566567074628237
1798,0.2631578947368421,14,True,0.20732600732600734,0.2857142857142857,0.09531008166021693,2.950212064914747
1799,0.15789473684210525,16,True,0.25833333333333336,0.4375,0.14339060641412238,2.771782221599798
1800,0.15789473684210525,16,True,0.2983333333333333,0.5625,0.2000051008335858,1.9197367178034823
1801,0.0,19,True,0.27524366471734896,0.47368421052631576,0.20304543438098532,2.390863696857044
1802,0.0,19,True,0.2705653021442495,0.47368421052631576,0.2125596493241808,2.4961268547517808
1803,0.0,19,True,0.2939571150097466,0.42105263157894735,0.1805153902556471,2.4584538292330587
1804,0.0,19,True,0.3025341130604289,0.5789473684210527,0.2917502210369577,2.2450986816009393
1805,0.0,19,True,0.4448343079922027,0.631578947368421,0.2987636957331653,1.6282202760321463
1806,0.0,19,True,0.4853801169590643,0.6842105263157895,0.3768634756015604,1.61078454839968
1807,0.0,19,True,0.5840155945419103,0.7894736842105263,0.4988905110011538,1.1635402011210707
1808,0.0,19,True,0.39103313840155945,0.631578947368421,0.2987636957331652,1.6282202760321465
1809,0.0,19,True,0.3423001949317739,0.5263157894736842,0.22213083398682842,2.183754831923921
1810,0.0,19,True,0.24483430799220274,0.3157894736842105,0.12997881970764258,2.6100635408770723
1811,0.0,19,True,0.3138401559454191,0.47368421052631576,0.18585266116365706,2.2856005389623073
1812,0.0,19,True,0.3169590643274854,0.5263157894736842,0.22213083398682842,2.183754831923921
1813,0.0,19,True,0.5680311890838207,0.8421052631578947,0.5602467695939968,0.8795064608120066
1814,0.0,19,True,0.4,0.7894736842105263,0.470861478386833,1.058277043226334
1815,0.0,19,True,0.34814814814814815,0.47368421052631576,0.1818816931582794,2.114805144339332
1816,0.0,19,True,0.7309941520467835,0.8947368421052632,0.6272947035832889,0.5907239186406502
1817,0.0,19,True,0.6666666666666666,1.0,1.0,0.0
1818,0.0,19,True,0.5060428849902534,0.7368421052631579,0.16852561199027072,0.8314743880097293
1819,0.0,19,True,0.4385964912280702,0.7894736842105263,0.470861478386833,1.058277043226334
1820,0.0,19,True,0.5052631578947369,0.8947368421052632,0.6272947035832889,0.5907239186406502
1821,0.0,19,True,0.5200779727095516,0.8947368421052632,0.5145392392540866,0.4854607607459134
1822,0.0,19,True,1.0,1.0,1.0,0.0
1823,0.0,19,True,0.44873294346978554,0.8421052631578947,0.5115068636860557,0.7742433029172697
1824,0.0,19,True,0.2994152046783626,0.5263157894736842,0.23665100921814008,1.9732285161344474
1825,0.0,19,True,0.31851851851851853,0.5263157894736842,0.21129967947546247,2.038760752862686
1826,0.0,19,True,0.2943469785575049,0.42105263157894735,0.175929009903667,2.3134597501718237
1827,0.0,19,True,0.2818713450292398,0.47368421052631576,0.20494337674621788,2.6411209338130157
1828,0.0,19,True,0.6,1.0,1.0,0.0
1829,0.0,19,True,0.4499025341130604,0.6842105263157895,0.35250246264226515,1.2949950747154697
1830,0.0,19,True,0.42729044834307994,0.5789473684210527,0.2597604999432015,1.7187828921272557
1831,0.0,19,True,0.3543859649122807,0.47368421052631576,0.21459298285888773,1.2448406699719212
1832,0.0,19,True,0.5099415204678363,0.7894736842105263,0.2575124304578764,0.7424875695421236
1833,0.0,19,True,0.5333333333333333,1.0,1.0,0.0
1834,0.0,19,True,0.4237816764132553,0.6842105263157895,0.35250246264226515,1.2949950747154697
1835,0.0,19,True,0.397270955165692,0.6842105263157895,0.3768634756015603,1.6107845483996803
1836,0.0,19,True,0.48615984405458085,0.5789473684210527,0.018059213135902308,0.9819407868640977
1837,0.0,19,True,0.4331384015594542,0.3684210526315789,0.12085121456258774,1.7582975708748245
1838,0.0,19,True,0.44405458089668615,0.47368421052631576,0.25838690151454435,1.4832261969709113
1839,0.0,19,True,0.43040935672514624,0.5789473684210527,0.231537301786233,1.784315128855494
1840,0.0,19,True,0.40935672514619886,0.7368421052631579,0.4240799522429881,1.3372449392958772
1841,0.0,19,True,0.4865497076023392,0.8421052631578947,0.5602467695939968,0.8795064608120066
1842,0.0,19,True,0.3017543859649123,0.47368421052631576,0.18980179399215258,2.4305946180235423
1843,0.0,19,True,0.38128654970760234,0.5263157894736842,0.21129967947546247,2.038760752862686
1844,0.05263157894736842,18,True,0.5450980392156862,0.8888888888888888,0.5602467695939968,0.6143694458867568
1845,0.0,19,True,0.3087719298245614,0.47368421052631576,0.2125596493241808,2.4961268547517808
1846,0.8947368421052632,2,False,,,,
1847,0.0,19,True,0.45614035087719296,0.5789473684210527,0.2597604999432015,1.7187828921272557
1848,0.0,19,True,0.5715399610136452,0.8947368421052632,0.6272947035832889,0.5907239186406502
1849,0.0,19,True,0.2604288499025341,0.42105263157894735,0.17056421755728335,2.629249223856034
1850,0.0,19,True,0.28849902534113064,0.3684210526315789,0.1675526697089812,2.4973419908730565
1851,0.0,19,True,0.44951267056530214,0.7894736842105263,0.470861478386833,1.058277043226334
1852,0.0,19,True,0.38362573099415204,0.6842105263157895,0.3768634756015604,1.61078454839968
1853,0.0,19,True,0.30955165692007797,0.5263157894736842,0.22213083398682842,2.183754831923921
1854,0.0,19,True,0.34307992202729043,0.3157894736842105,0.15754778182379925,2.3650623812953038
1855,0.0,19,True,0.3992202729044834,0.5789473684210527,0.231537301786233,1.784315128855494
1856,0.0,19,True,0.4300194931773879,0.5789473684210527,0.21310559346698987,1.5737888130660203
1857,0.05263157894736842,18,True,0.5333333333333333,1.0,0.7025277510807104,0.0
1858,0.05263157894736842,18,True,0.6666666666666666,1.0,0.7025277510807104,0.0
1859,0.05263157894736842,18,True,0.4753812636165577,0.8888888888888888,0.5602467695939968,0.6143694458867568
1860,0.05263157894736842,18,True,0.4335511982570806,0.7222222222222222,0.3768634756015604,1.386274093895968
1861,0.05263157894736842,18,True,0.7333333333333333,1.0,0.7025277510807104,0.0
1862,0.05263157894736842,18,True,0.5437908496732026,0.8888888888888888,0.5115068636860557,0.5032583347756457
1863,0.05263157894736842,18,True,0.428322440087146,0.6666666666666666,0.31402704890353816,1.5577277787393193
1864,0.05263157894736842,18,True,0.4457516339869281,0.7222222222222222,0.368718405808535,1.2332247882202196
1865,0.05263157894736842,18,True,0.6666666666666666,1.0,0.7025277510807104,0.0
1866,0.05263157894736842,18,True,0.4727668845315904,0.7222222222222222,0.35250246264226515,1.0529407605626346
1867,0.05263157894736842,18,True,0.25272331154684097,0.4444444444444444,0.17056421755728335,2.4613201402110083
1868,0.05263157894736842,18,True,0.5464052287581699,0.8333333333333334,0.42378260447830396,0.6500224216483541
1869,0.05263157894736842,18,True,0.46710239651416124,0.8888888888888888,0.5602467695939968,0.6143694458867568
1870,0.05263157894736842,18,True,0.3159041394335512,0.5,0.20304543438098532,2.2096909728231857
1871,0.05263157894736842,18,True,0.31851851851851853,0.3333333333333333,0.12921797958734937,2.5996659733039564
1872,0.05263157894736842,18,True,0.5882352941176471,0.7777777777777778,0.4240799522429881,1.0975378398419535
1873,0.05263157894736842,18,True,0.3638344226579521,0.5,0.21465505822008046,1.8288713632524445
1874,0.05263157894736842,18,True,0.4209150326797386,0.7222222222222222,0.3768634756015604,1.386274093895968
1875,0.05263157894736842,18,True,0.48671023965141613,0.8333333333333334,0.4988905110011538,0.9141828384352135
1876,0.05263157894736842,18,True,0.2344226579520697,0.2777777777777778,0.07699613926827209,2.7744019192887706
1877,0.8947368421052632,2,False,,,,
1878,0.8947368421052632,2,False,,,,
1879,0.8947368421052632,2,False,,,,
1880,0.8947368421052632,2,False,,,,
1881,0.8947368421052632,2,False,,,,
1882,0.9473684210526315,1,False,,,,
1883,0.8947368421052632,2,False,,,,
1884,0.8947368421052632,2,False,,,,
1885,0.8947368421052632,2,False,,,,
1886,0.05263157894736842,18,True,0.3333333333333333,0.3888888888888889,0.14410455048549553,2.5498550315128585
1887,0.05263157894736842,18,True,0.6008714596949891,0.8888888888888888,0.5602467695939968,0.6143694458867568
1888,0.05263157894736842,18,True,0.4544662309368192,0.8888888888888888,0.5602467695939968,0.6143694458867568
1889,0.05263157894736842,18,True,0.4139433551198257,0.6666666666666666,0.31402704890353816,1.5577277787393193
1890,0.05263157894736842,18,True,0.7333333333333333,1.0,0.7025277510807104,0.0
1891,0.10526315789473684,17,True,0.40637254901960784,0.5882352941176471,0.23665100921814008,1.6627992560224794
1892,0.3157894736842105,13,True,0.3598290598290598,0.6153846153846154,0.2275769429533877,1.8542858719872461
1893,0.42105263157894735,11,True,0.3006060606060606,0.5454545454545454,0.2275769429533877,2.049452072789394
1894,0.47368421052631576,10,True,0.3925925925925926,0.6,0.21409410126225947,1.5709505944546687
1895,0.5789473684210527,8,True,0.5,0.875,0.2360639286070707,0.5435644431995964
1896,0.5789473684210527,8,True,0.39047619047619053,0.625,0.2962465220098368,1.5487949406953985
1897,0.5789473684210527,8,True,0.3619047619047619,0.5,0.29436266502391517,2.0
1898,0.631578947368421,7,True,0.3111111111111111,0.42857142857142855,0.2987636957331652,1.8423709931771088
1899,0.631578947368421,7,True,0.3873015873015873,0.7142857142857143,0.31364651914901476,1.1488348542809166
1900,0.9473684210526315,1,False,,,,
