col_index,gap_frac,nongap_n,keep,cons_similarity,cons_identity,cons_entropy22,cons_entropy_nogap
1,0.9,1,False,,,,
2,0.9,1,False,,,,
3,0.9,1,False,,,,
4,0.9,1,False,,,,
5,0.9,1,False,,,,
6,0.9,1,False,,,,
7,0.9,1,False,,,,
8,0.9,1,False,,,,
9,0.9,1,False,,,,
10,0.9,1,False,,,,
11,0.9,1,False,,,,
12,0.9,1,False,,,,
13,0.9,1,False,,,,
14,0.9,1,False,,,,
15,0.9,1,False,,,,
16,0.9,1,False,,,,
17,0.9,1,False,,,,
18,0.9,1,False,,,,
19,0.9,1,False,,,,
20,0.9,1,False,,,,
21,0.9,1,False,,,,
22,0.9,1,False,,,,
23,0.9,1,False,,,,
24,0.9,1,False,,,,
25,0.9,1,False,,,,
26,0.9,1,False,,,,
27,0.9,1,False,,,,
28,0.9,1,False,,,,
29,0.9,1,False,,,,
30,0.9,1,False,,,,
31,0.9,1,False,,,,
32,0.9,1,False,,,,
33,0.9,1,False,,,,
34,0.9,1,False,,,,
35,0.9,1,False,,,,
36,0.9,1,False,,,,
37,0.9,1,False,,,,
38,0.9,1,False,,,,
39,0.9,1,False,,,,
40,0.9,1,False,,,,
41,0.9,1,False,,,,
42,0.9,1,False,,,,
43,0.9,1,False,,,,
44,0.9,1,False,,,,
45,0.9,1,False,,,,
46,0.9,1,False,,,,
47,0.9,1,False,,,,
48,0.9,1,False,,,,
49,0.9,1,False,,,,
50,0.9,1,False,,,,
51,0.9,1,False,,,,
52,0.9,1,False,,,,
53,0.9,1,False,,,,
54,0.9,1,False,,,,
55,0.9,1,False,,,,
56,0.9,1,False,,,,
57,0.9,1,False,,,,
58,0.9,1,False,,,,
59,0.9,1,False,,,,
60,0.9,1,False,,,,
61,0.9,1,False,,,,
62,0.9,1,False,,,,
63,0.9,1,False,,,,
64,0.9,1,False,,,,
65,0.9,1,False,,,,
66,0.9,1,False,,,,
67,0.9,1,False,,,,
68,0.9,1,False,,,,
69,0.9,1,False,,,,
70,0.9,1,False,,,,
71,0.9,1,False,,,,
72,0.9,1,False,,,,
73,0.9,1,False,,,,
74,0.9,1,False,,,,
75,0.9,1,False,,,,
76,0.9,1,False,,,,
77,0.9,1,False,,,,
78,0.9,1,False,,,,
79,0.9,1,False,,,,
80,0.9,1,False,,,,
81,0.9,1,False,,,,
82,0.9,1,False,,,,
83,0.9,1,False,,,,
84,0.9,1,False,,,,
85,0.9,1,False,,,,
86,0.9,1,False,,,,
87,0.9,1,False,,,,
88,0.9,1,False,,,,
89,0.9,1,False,,,,
90,0.9,1,False,,,,
91,0.9,1,False,,,,
92,0.9,1,False,,,,
93,0.9,1,False,,,,
94,0.9,1,False,,,,
95,0.9,1,False,,,,
96,0.9,1,False,,,,
97,0.9,1,False,,,,
98,0.9,1,False,,,,
99,0.9,1,False,,,,
100,0.9,1,False,,,,
101,0.9,1,False,,,,
102,0.9,1,False,,,,
103,0.9,1,False,,,,
104,0.9,1,False,,,,
105,0.9,1,False,,,,
106,0.9,1,False,,,,
107,0.9,1,False,,,,
108,0.9,1,False,,,,
109,0.9,1,False,,,,
110,0.9,1,False,,,,
111,0.9,1,False,,,,
112,0.9,1,False,,,,
113,0.9,1,False,,,,
114,0.9,1,False,,,,
115,0.9,1,False,,,,
116,1.0,0,False,,,,
117,1.0,0,False,,,,
118,1.0,0,False,,,,
119,1.0,0,False,,,,
120,1.0,0,False,,,,
121,1.0,0,False,,,,
122,1.0,0,False,,,,
123,0.9,1,False,,,,
124,0.9,1,False,,,,
125,0.9,1,False,,,,
126,0.9,1,False,,,,
127,0.9,1,False,,,,
128,0.9,1,False,,,,
129,0.9,1,False,,,,
130,0.9,1,False,,,,
131,0.9,1,False,,,,
132,0.9,1,False,,,,
133,0.9,1,False,,,,
134,0.9,1,False,,,,
135,0.9,1,False,,,,
136,0.9,1,False,,,,
137,0.9,1,False,,,,
138,0.9,1,False,,,,
139,0.9,1,False,,,,
140,0.9,1,False,,,,
141,0.9,1,False,,,,
142,0.9,1,False,,,,
143,0.3,7,True,0.5047619047619047,0.8571428571428571,0.1826545778534897,0.5916727785823275
144,0.3,7,True,0.5714285714285714,0.8571428571428571,0.1826545778534897,0.5916727785823275
145,0.3,7,True,0.5142857142857143,0.8571428571428571,0.1826545778534897,0.5916727785823275
146,0.3,7,True,0.5333333333333333,0.8571428571428571,0.1826545778534897,0.5916727785823275
147,0.3,7,True,0.4857142857142857,0.8571428571428571,0.1826545778534897,0.5916727785823275
148,0.3,7,True,0.580952380952381,0.8571428571428571,0.1826545778534897,0.5916727785823275
149,0.3,7,True,0.6285714285714286,0.8571428571428571,0.1826545778534897,0.5916727785823275
150,0.3,7,True,0.4380952380952381,0.8571428571428571,0.1826545778534897,0.5916727785823275
151,0.3,7,True,0.7333333333333333,1.0,0.1187091007693073,0.0
152,0.3,7,True,0.49523809523809526,0.8571428571428571,0.1826545778534897,0.5916727785823275
153,0.3,7,True,0.5047619047619047,0.8571428571428571,0.1826545778534897,0.5916727785823275
154,0.4,6,True,0.6,1.0,0.02904940554533142,0.0
155,0.4,6,True,0.5333333333333333,1.0,0.02904940554533142,0.0
156,0.4,6,True,0.5333333333333333,1.0,0.02904940554533142,0.0
157,0.4,6,True,0.6666666666666666,1.0,0.02904940554533142,0.0
158,0.4,6,True,0.5333333333333333,1.0,0.02904940554533142,0.0
159,0.3,7,True,0.4380952380952381,0.8571428571428571,0.1826545778534897,0.5916727785823275
160,0.3,7,True,0.41904761904761906,0.8571428571428571,0.1826545778534897,0.5916727785823275
161,0.3,7,True,0.4571428571428572,0.8571428571428571,0.1826545778534897,0.5916727785823275
162,0.3,7,True,0.5047619047619047,0.8571428571428571,0.1826545778534897,0.5916727785823275
163,0.3,7,True,0.49523809523809526,0.8571428571428571,0.1826545778534897,0.5916727785823275
164,0.3,7,True,0.3682539682539682,0.7142857142857143,0.15726235138633282,1.1488348542809166
165,0.3,7,True,0.41904761904761906,0.8571428571428571,0.1826545778534897,0.5916727785823275
166,0.3,7,True,0.6666666666666666,1.0,0.1187091007693073,0.0
167,0.3,7,True,0.4857142857142857,0.8571428571428571,0.1826545778534897,0.5916727785823275
168,0.3,7,True,0.4380952380952381,0.8571428571428571,0.1826545778534897,0.5916727785823275
169,0.3,7,True,0.5428571428571428,0.8571428571428571,0.1826545778534897,0.5916727785823275
170,0.3,7,True,0.49523809523809526,0.8571428571428571,0.1826545778534897,0.5916727785823275
171,0.3,7,True,0.580952380952381,0.8571428571428571,0.1826545778534897,0.5916727785823275
172,0.3,7,True,0.4571428571428572,0.8571428571428571,0.1826545778534897,0.5916727785823275
173,0.3,7,True,0.580952380952381,0.8571428571428571,0.1826545778534897,0.5916727785823275
174,0.3,7,True,0.5333333333333333,1.0,0.1187091007693073,0.0
175,0.3,7,True,0.5428571428571428,0.8571428571428571,0.1826545778534897,0.5916727785823275
176,0.3,7,True,0.4380952380952381,0.8571428571428571,0.1826545778534897,0.5916727785823275
177,0.3,7,True,0.4857142857142857,0.8571428571428571,0.1826545778534897,0.5916727785823275
178,1.0,0,False,,,,
179,0.3,7,True,0.4857142857142857,0.8571428571428571,0.1826545778534897,0.5916727785823275
180,0.3,7,True,0.4857142857142857,0.8571428571428571,0.1826545778534897,0.5916727785823275
181,0.3,7,True,0.44761904761904764,0.8571428571428571,0.1826545778534897,0.5916727785823275
182,0.3,7,True,0.4380952380952381,0.8571428571428571,0.1826545778534897,0.5916727785823275
183,0.3,7,True,0.5333333333333333,1.0,0.1187091007693073,0.0
184,0.3,7,True,0.41904761904761906,0.8571428571428571,0.1826545778534897,0.5916727785823275
185,0.3,7,True,0.6095238095238095,0.8571428571428571,0.1826545778534897,0.5916727785823275
186,0.3,7,True,0.49523809523809526,0.8571428571428571,0.1826545778534897,0.5916727785823275
187,0.3,7,True,0.3619047619047619,0.5714285714285714,0.07678032766449228,1.3787834934861753
188,0.3,7,True,0.44761904761904764,0.8571428571428571,0.1826545778534897,0.5916727785823275
189,0.2,8,True,0.48333333333333334,0.875,0.27015330083790245,0.5435644431995964
190,0.2,8,True,0.41904761904761906,0.75,0.21452470277266567,1.061278124459133
191,0.2,8,True,0.4857142857142857,0.75,0.21452470277266567,1.061278124459133
192,0.2,8,True,0.36428571428571427,0.75,0.21452470277266567,1.061278124459133
193,0.2,8,True,0.3880952380952381,0.75,0.21452470277266567,1.061278124459133
194,0.2,8,True,0.3880952380952381,0.625,0.15545875354128547,1.5487949406953985
195,0.4,6,True,0.8666666666666667,1.0,0.02904940554533142,0.0
196,0.4,6,True,0.5333333333333333,1.0,0.02904940554533142,0.0
197,0.4,6,True,0.5333333333333333,1.0,0.02904940554533142,0.0
198,0.4,6,True,0.39555555555555555,0.6666666666666666,0.13903595255631884,1.2516291673878228
199,0.4,6,True,0.6,0.8333333333333334,0.14132728892674484,0.6500224216483541
200,0.4,6,True,0.6,1.0,0.02904940554533142,0.0
201,0.4,6,True,0.6666666666666666,1.0,0.02904940554533142,0.0
202,0.4,6,True,0.49333333333333335,0.5,0.008840528567781392,1.0
203,0.4,6,True,0.3511111111111111,0.6666666666666666,0.13903595255631884,1.2516291673878228
204,0.4,6,True,0.5333333333333333,1.0,0.02904940554533142,0.0
205,0.4,6,True,0.5333333333333333,1.0,0.02904940554533142,0.0
206,0.4,6,True,0.5333333333333333,1.0,0.02904940554533142,0.0
207,0.3,7,True,0.44761904761904764,0.8571428571428571,0.1826545778534897,0.5916727785823275
208,0.3,7,True,0.4571428571428572,0.8571428571428571,0.1826545778534897,0.5916727785823275
209,0.3,7,True,0.3142857142857143,0.42857142857142855,0.06502247023287666,1.8423709931771084
210,0.3,7,True,0.6095238095238095,0.8571428571428571,0.1826545778534897,0.5916727785823275
211,0.3,7,True,0.41904761904761906,0.8571428571428571,0.1826545778534897,0.5916727785823275
212,0.3,7,True,0.5333333333333333,1.0,0.1187091007693073,0.0
213,0.3,7,True,0.5142857142857143,0.8571428571428571,0.1826545778534897,0.5916727785823275
214,0.3,7,True,0.4666666666666667,0.8571428571428571,0.1826545778534897,0.5916727785823275
215,0.3,7,True,0.41904761904761906,0.8571428571428571,0.1826545778534897,0.5916727785823275
216,0.2,8,True,0.35238095238095235,0.75,0.21452470277266567,1.061278124459133
217,0.2,8,True,0.39761904761904765,0.75,0.21452470277266567,1.061278124459133
218,0.2,8,True,0.48095238095238096,0.625,0.11951797627815941,1.2987949406953985
219,0.2,8,True,0.48095238095238096,0.75,0.21452470277266567,1.061278124459133
220,0.2,8,True,0.35,0.75,0.21452470277266567,1.061278124459133
221,0.2,8,True,0.6,1.0,0.2780719051126377,0.0
222,0.2,8,True,0.5333333333333333,1.0,0.2780719051126377,0.0
223,0.2,8,True,0.6,1.0,0.2780719051126377,0.0
224,0.2,8,True,0.6666666666666666,1.0,0.2780719051126377,0.0
225,0.2,8,True,0.6666666666666666,1.0,0.2780719051126377,0.0
226,0.2,8,True,0.5333333333333333,1.0,0.2780719051126377,0.0
227,0.2,8,True,0.6666666666666666,1.0,0.2780719051126377,0.0
228,0.2,8,True,0.5333333333333333,1.0,0.2780719051126377,0.0
229,0.2,8,True,0.6666666666666666,1.0,0.2780719051126377,0.0
230,1.0,0,False,,,,
231,1.0,0,False,,,,
232,1.0,0,False,,,,
233,1.0,0,False,,,,
234,0.2,8,True,0.6666666666666666,1.0,0.2780719051126377,0.0
235,0.2,8,True,0.7333333333333333,1.0,0.2780719051126377,0.0
236,0.2,8,True,0.6,1.0,0.2780719051126377,0.0
237,0.2,8,True,0.6666666666666666,1.0,0.2780719051126377,0.0
238,0.2,8,True,0.6666666666666666,1.0,0.2780719051126377,0.0
239,0.2,8,True,0.4380952380952381,0.75,0.21452470277266567,1.061278124459133
240,0.2,8,True,0.7333333333333333,1.0,0.2780719051126377,0.0
241,0.2,8,True,0.48333333333333334,0.875,0.27015330083790245,0.5435644431995964
242,0.2,8,True,0.5333333333333333,1.0,0.2780719051126377,0.0
243,0.2,8,True,0.5333333333333333,1.0,0.2780719051126377,0.0
244,0.2,8,True,0.6,1.0,0.2780719051126377,0.0
245,0.2,8,True,0.4666666666666667,0.875,0.27015330083790245,0.5435644431995964
246,0.2,8,True,0.45,0.75,0.21452470277266567,1.061278124459133
247,0.2,8,True,0.5333333333333333,1.0,0.2780719051126377,0.0
248,0.2,8,True,0.48333333333333334,0.875,0.27015330083790245,0.5435644431995964
249,0.2,8,True,0.6,1.0,0.2780719051126377,0.0
250,0.2,8,True,0.44761904761904764,0.5,0.03977028213923883,1.0
251,0.2,8,True,0.7333333333333333,1.0,0.2780719051126377,0.0
252,0.2,8,True,0.6666666666666666,1.0,0.2780719051126377,0.0
253,0.2,8,True,0.5333333333333333,1.0,0.2780719051126377,0.0
254,0.2,8,True,0.6666666666666666,1.0,0.2780719051126377,0.0
255,0.2,8,True,0.6,1.0,0.2780719051126377,0.0
256,0.2,8,True,0.6,1.0,0.2780719051126377,0.0
257,0.2,8,True,0.6,1.0,0.2780719051126377,0.0
258,0.2,8,True,0.5333333333333333,1.0,0.2780719051126377,0.0
259,0.2,8,True,0.4571428571428572,0.75,0.21452470277266567,1.061278124459133
260,0.2,8,True,0.5,0.875,0.27015330083790245,0.5435644431995964
261,0.2,8,True,0.5666666666666667,0.875,0.27015330083790245,0.5435644431995964
262,0.2,8,True,0.6,1.0,0.2780719051126377,0.0
263,0.2,8,True,0.7333333333333333,1.0,0.2780719051126377,0.0
264,0.6,4,False,,,,
265,0.2,8,True,0.5333333333333333,1.0,0.2780719051126377,0.0
266,0.2,8,True,0.6,1.0,0.2780719051126377,0.0
267,0.2,8,True,0.4666666666666667,0.875,0.27015330083790245,0.5435644431995964
268,0.2,8,True,0.6666666666666666,1.0,0.2780719051126377,0.0
269,0.2,8,True,0.511904761904762,0.75,0.13502647928207268,0.8112781244591328
270,0.2,8,True,0.6,1.0,0.2780719051126377,0.0
271,0.9,1,False,,,,
272,0.9,1,False,,,,
273,0.9,1,False,,,,
274,0.9,1,False,,,,
275,0.2,8,True,0.48333333333333334,0.75,0.13502647928207268,0.8112781244591328
276,0.2,8,True,0.38571428571428573,0.5,0.03977028213923883,1.0
277,0.2,8,True,0.5166666666666667,0.875,0.27015330083790245,0.5435644431995964
278,0.2,8,True,0.6666666666666666,0.875,0.27015330083790245,0.5435644431995964
279,0.2,8,True,0.5166666666666667,0.875,0.27015330083790245,0.5435644431995964
280,0.2,8,True,0.46904761904761905,0.75,0.21452470277266567,1.061278124459133
281,0.2,8,True,0.39761904761904765,0.75,0.13502647928207268,0.8112781244591328
282,0.2,8,True,0.6,1.0,0.2780719051126377,0.0
283,0.2,8,True,0.6666666666666666,1.0,0.2780719051126377,0.0
284,0.2,8,True,0.5333333333333333,1.0,0.2780719051126377,0.0
285,0.2,8,True,0.6,1.0,0.2780719051126377,0.0
286,0.2,8,True,0.6666666666666666,0.875,0.27015330083790245,0.5435644431995964
287,0.2,8,True,0.4095238095238095,0.5,0.03977028213923883,1.0
288,0.2,8,True,0.5333333333333333,1.0,0.2780719051126377,0.0
289,0.2,8,True,0.7333333333333333,1.0,0.2780719051126377,0.0
290,0.2,8,True,0.5333333333333333,1.0,0.2780719051126377,0.0
291,0.3,7,True,0.5333333333333333,1.0,0.1187091007693073,0.0
292,0.2,8,True,0.5333333333333333,1.0,0.2780719051126377,0.0
293,0.2,8,True,0.6666666666666666,1.0,0.2780719051126377,0.0
294,0.2,8,True,0.7333333333333333,1.0,0.2780719051126377,0.0
295,0.2,8,True,0.6,1.0,0.2780719051126377,0.0
296,0.2,8,True,0.6,1.0,0.2780719051126377,0.0
297,0.2,8,True,0.6,1.0,0.2780719051126377,0.0
298,0.2,8,True,0.6,1.0,0.2780719051126377,0.0
299,0.2,8,True,0.5333333333333333,1.0,0.2780719051126377,0.0
300,0.2,8,True,0.48333333333333334,0.875,0.27015330083790245,0.5435644431995964
301,0.2,8,True,0.6333333333333333,0.875,0.27015330083790245,0.5435644431995964
302,0.2,8,True,0.5333333333333333,1.0,0.2780719051126377,0.0
303,0.2,8,True,0.7333333333333333,1.0,0.2780719051126377,0.0
304,0.2,8,True,0.45,0.875,0.27015330083790245,0.5435644431995964
305,0.2,8,True,0.5333333333333333,1.0,0.2780719051126377,0.0
306,0.2,8,True,0.6,1.0,0.2780719051126377,0.0
307,0.2,8,True,0.6166666666666667,0.875,0.27015330083790245,0.5435644431995964
308,0.2,8,True,0.5333333333333333,1.0,0.2780719051126377,0.0
309,0.2,8,True,0.6,0.875,0.27015330083790245,0.5435644431995964
310,0.2,8,True,0.6,0.875,0.27015330083790245,0.5435644431995964
311,0.2,8,True,0.6,1.0,0.2780719051126377,0.0
312,0.2,8,True,0.42380952380952386,0.625,0.11951797627815941,1.2987949406953985
313,0.2,8,True,0.4666666666666667,0.875,0.27015330083790245,0.5435644431995964
314,0.2,8,True,0.5333333333333333,1.0,0.2780719051126377,0.0
315,0.2,8,True,0.5333333333333333,0.875,0.27015330083790245,0.5435644431995964
316,0.2,8,True,0.5190476190476191,0.75,0.13502647928207268,0.8112781244591328
317,1.0,0,False,,,,
318,1.0,0,False,,,,
319,1.0,0,False,,,,
320,1.0,0,False,,,,
321,1.0,0,False,,,,
322,1.0,0,False,,,,
323,1.0,0,False,,,,
324,1.0,0,False,,,,
325,1.0,0,False,,,,
326,1.0,0,False,,,,
327,1.0,0,False,,,,
328,1.0,0,False,,,,
329,1.0,0,False,,,,
330,0.2,8,True,0.6,1.0,0.2780719051126377,0.0
331,0.2,8,True,0.6166666666666667,0.875,0.27015330083790245,0.5435644431995964
332,0.2,8,True,0.4928571428571428,0.75,0.21452470277266567,1.061278124459133
333,0.2,8,True,0.3952380952380953,0.625,0.11951797627815941,1.2987949406953985
334,1.0,0,False,,,,
335,1.0,0,False,,,,
336,1.0,0,False,,,,
337,1.0,0,False,,,,
338,1.0,0,False,,,,
339,1.0,0,False,,,,
340,1.0,0,False,,,,
341,1.0,0,False,,,,
342,1.0,0,False,,,,
343,1.0,0,False,,,,
344,1.0,0,False,,,,
345,1.0,0,False,,,,
346,1.0,0,False,,,,
347,1.0,0,False,,,,
348,1.0,0,False,,,,
349,1.0,0,False,,,,
350,1.0,0,False,,,,
351,1.0,0,False,,,,
352,1.0,0,False,,,,
353,1.0,0,False,,,,
354,0.2,8,True,0.5,0.875,0.27015330083790245,0.5435644431995964
355,0.2,8,True,0.6,1.0,0.2780719051126377,0.0
356,0.2,8,True,0.6666666666666666,1.0,0.2780719051126377,0.0
357,0.2,8,True,0.5333333333333333,1.0,0.2780719051126377,0.0
358,0.2,8,True,0.7333333333333333,1.0,0.2780719051126377,0.0
359,0.2,8,True,0.5333333333333333,1.0,0.2780719051126377,0.0
360,0.2,8,True,0.7333333333333333,1.0,0.2780719051126377,0.0
361,0.2,8,True,0.5333333333333333,1.0,0.2780719051126377,0.0
362,0.2,8,True,0.7333333333333333,1.0,0.2780719051126377,0.0
363,0.2,8,True,0.7333333333333333,1.0,0.2780719051126377,0.0
364,0.2,8,True,0.5333333333333333,1.0,0.2780719051126377,0.0
365,0.2,8,True,0.7333333333333333,1.0,0.2780719051126377,0.0
366,0.2,8,True,0.6,1.0,0.2780719051126377,0.0
367,0.2,8,True,0.5333333333333333,1.0,0.2780719051126377,0.0
368,0.2,8,True,0.7333333333333333,1.0,0.2780719051126377,0.0
369,1.0,0,False,,,,
370,1.0,0,False,,,,
371,1.0,0,False,,,,
372,1.0,0,False,,,,
373,1.0,0,False,,,,
374,0.2,8,True,0.5333333333333333,1.0,0.2780719051126377,0.0
375,0.2,8,True,0.6666666666666666,1.0,0.2780719051126377,0.0
376,0.2,8,True,0.7333333333333333,1.0,0.2780719051126377,0.0
377,0.2,8,True,0.55,0.875,0.27015330083790245,0.5435644431995964
378,0.2,8,True,0.6,0.875,0.27015330083790245,0.5435644431995964
379,0.2,8,True,0.7333333333333333,1.0,0.2780719051126377,0.0
380,0.2,8,True,0.5333333333333333,1.0,0.2780719051126377,0.0
381,0.2,8,True,0.8,1.0,0.2780719051126377,0.0
382,0.2,8,True,0.7333333333333333,1.0,0.2780719051126377,0.0
383,0.2,8,True,0.33095238095238094,0.5,0.07678032766449228,1.4056390622295665
384,0.2,8,True,0.5333333333333333,1.0,0.2780719051126377,0.0
385,0.2,8,True,0.7333333333333333,1.0,0.2780719051126377,0.0
386,0.2,8,True,0.4142857142857143,0.75,0.21452470277266567,1.061278124459133
387,0.2,8,True,0.319047619047619,0.5,0.039035952556318865,1.5
388,0.2,8,True,0.6666666666666666,0.875,0.27015330083790245,0.5435644431995964
389,0.2,8,True,0.6,0.875,0.27015330083790245,0.5435644431995964
390,0.2,8,True,0.5,0.875,0.27015330083790245,0.5435644431995964
391,0.3,7,True,0.4793650793650794,0.7142857142857143,0.15726235138633282,1.1488348542809166
392,0.3,7,True,0.6,1.0,0.1187091007693073,0.0
393,0.3,7,True,0.6,1.0,0.1187091007693073,0.0
394,0.3,7,True,0.3365079365079365,0.5714285714285714,0.07678032766449228,1.3787834934861753
395,0.3,7,True,0.41904761904761906,0.8571428571428571,0.1826545778534897,0.5916727785823275
396,0.3,7,True,0.4,0.8571428571428571,0.1826545778534897,0.5916727785823275
397,0.3,7,True,0.47619047619047616,0.8571428571428571,0.1826545778534897,0.5916727785823275
398,0.3,7,True,0.4571428571428572,0.8571428571428571,0.1826545778534897,0.5916727785823275
399,0.3,7,True,0.580952380952381,0.8571428571428571,0.1826545778534897,0.5916727785823275
400,0.3,7,True,0.4,0.8571428571428571,0.1826545778534897,0.5916727785823275
401,0.4,6,True,0.5333333333333333,1.0,0.02904940554533142,0.0
402,0.3,7,True,0.35873015873015873,0.7142857142857143,0.15726235138633282,1.1488348542809166
403,0.3,7,True,0.4285714285714286,0.7142857142857143,0.15726235138633282,1.1488348542809166
404,0.3,7,True,0.6666666666666666,1.0,0.1187091007693073,0.0
405,0.3,7,True,0.473015873015873,0.7142857142857143,0.06276943678387037,0.863120568566631
406,0.3,7,True,0.6,1.0,0.1187091007693073,0.0
407,0.3,7,True,0.5714285714285714,0.8571428571428571,0.1826545778534897,0.5916727785823275
408,0.3,7,True,0.3492063492063492,0.5714285714285714,0.07678032766449228,1.3787834934861753
409,0.3,7,True,0.8,1.0,0.1187091007693073,0.0
410,0.3,7,True,0.43492063492063493,0.7142857142857143,0.15726235138633282,1.1488348542809166
411,0.3,7,True,0.47619047619047616,0.8571428571428571,0.1826545778534897,0.5916727785823275
412,0.3,7,True,0.4857142857142857,0.8571428571428571,0.1826545778534897,0.5916727785823275
413,0.3,7,True,0.47619047619047616,0.8571428571428571,0.1826545778534897,0.5916727785823275
414,0.3,7,True,0.41904761904761906,0.8571428571428571,0.1826545778534897,0.5916727785823275
415,0.3,7,True,0.3492063492063492,0.7142857142857143,0.15726235138633282,1.1488348542809166
416,0.3,7,True,0.3428571428571428,0.42857142857142855,0.05226907788083901,1.4488156357251847
417,0.3,7,True,0.3714285714285714,0.7142857142857143,0.1572623513863327,1.1488348542809166
418,0.3,7,True,0.4571428571428572,0.8571428571428571,0.1826545778534897,0.5916727785823275
419,0.3,7,True,0.5523809523809523,0.8571428571428571,0.1826545778534897,0.5916727785823275
420,0.3,7,True,0.4857142857142857,0.7142857142857143,0.15726235138633282,1.1488348542809166
421,0.4,6,True,0.5333333333333333,1.0,0.02904940554533142,0.0
422,0.4,6,True,0.3377777777777778,0.6666666666666666,0.13903595255631884,1.2516291673878228
423,0.4,6,True,0.5555555555555555,0.8333333333333334,0.14132728892674484,0.6500224216483541
424,0.5,5,True,0.8,1.0,0.0,0.0
425,0.5,5,True,0.8,1.0,0.0,0.0
426,0.5,5,True,0.5333333333333333,1.0,0.0,0.0
427,0.5,5,True,0.6666666666666666,1.0,0.0,0.0
428,0.4,6,True,0.6666666666666666,1.0,0.02904940554533142,0.0
429,0.3,7,True,0.3619047619047619,0.5714285714285714,0.11864654673111685,1.6644977792004614
430,0.3,7,True,0.4857142857142857,0.8571428571428571,0.1826545778534897,0.5916727785823275
431,0.3,7,True,0.6095238095238095,0.8571428571428571,0.1826545778534897,0.5916727785823275
432,0.3,7,True,0.49523809523809526,0.8571428571428571,0.1826545778534897,0.5916727785823275
433,0.3,7,True,0.37460317460317455,0.7142857142857143,0.15726235138633282,1.1488348542809166
434,0.3,7,True,0.47619047619047616,0.8571428571428571,0.1826545778534897,0.5916727785823275
435,0.3,7,True,0.5047619047619047,0.5714285714285714,0.008840528567781392,0.9852281360342515
436,0.3,7,True,0.46984126984126984,0.7142857142857143,0.15726235138633282,1.1488348542809166
437,0.3,7,True,0.638095238095238,0.8571428571428571,0.1826545778534897,0.5916727785823275
438,0.3,7,True,0.49523809523809526,0.8571428571428571,0.1826545778534897,0.5916727785823275
439,0.3,7,True,0.4222222222222223,0.5714285714285714,0.11864654673111685,1.6644977792004614
440,0.3,7,True,0.46984126984126984,0.7142857142857143,0.06276943678387037,0.863120568566631
441,0.3,7,True,0.47619047619047616,0.8571428571428571,0.1826545778534897,0.5916727785823275
442,0.3,7,True,0.4285714285714286,0.5714285714285714,0.07678032766449228,1.3787834934861753
443,0.3,7,True,0.5047619047619047,0.8571428571428571,0.1826545778534897,0.5916727785823275
444,0.3,7,True,0.49523809523809526,0.8571428571428571,0.1826545778534897,0.5916727785823275
445,0.3,7,True,0.3555555555555555,0.5714285714285714,0.07678032766449228,1.3787834934861753
446,0.3,7,True,0.3142857142857143,0.5714285714285714,0.11864654673111685,1.6644977792004614
447,0.3,7,True,0.43492063492063493,0.7142857142857143,0.15726235138633282,1.1488348542809166
448,0.3,7,True,0.26031746031746034,0.42857142857142855,0.06502247023287666,1.8423709931771088
449,0.3,7,True,0.2857142857142857,0.42857142857142855,0.06502247023287666,1.8423709931771088
450,0.3,7,True,0.4,0.42857142857142855,0.05226907788083901,1.4488156357251847
451,0.5,5,True,0.16666666666666666,0.2,0.16402499191349473,2.321928094887362
452,0.8,2,False,,,,
453,0.8,2,False,,,,
454,0.8,2,False,,,,
455,0.9,1,False,,,,
456,0.9,1,False,,,,
457,0.9,1,False,,,,
458,0.8,2,False,,,,
459,0.8,2,False,,,,
460,0.8,2,False,,,,
461,0.4,6,True,0.26666666666666666,0.5,0.07678032766449228,1.4591479170272448
462,0.4,6,True,0.3466666666666667,0.5,0.07678032766449228,1.4591479170272448
463,0.4,6,True,0.36000000000000004,0.5,0.11864654673111708,1.7924812503605778
464,0.4,6,True,0.3288888888888889,0.5,0.11864654673111685,1.7924812503605778
465,0.4,6,True,0.2,0.5,0.11864654673111685,1.7924812503605778
466,0.4,6,True,0.3333333333333333,0.5,0.07678032766449228,1.4591479170272448
467,0.6,4,False,,,,
468,0.6,4,False,,,,
469,0.5,5,True,0.4266666666666667,0.8,0.14132728892674484,0.7219280948873623
470,0.5,5,True,0.2533333333333333,0.4,0.15545875354128547,1.9219280948873623
471,0.5,5,True,0.24666666666666667,0.6,0.1572623513863327,1.3709505944546687
472,0.5,5,True,0.2866666666666667,0.6,0.06276943678387037,0.9709505944546686
473,0.5,5,True,0.33999999999999997,0.6,0.1572623513863327,1.3709505944546687
474,0.4,6,True,0.3111111111111111,0.5,0.07678032766449228,1.4591479170272448
475,0.3,7,True,0.32380952380952377,0.42857142857142855,0.05226907788083912,1.4488156357251847
476,0.3,7,True,0.273015873015873,0.2857142857142857,0.05358807178498537,2.2359263506290326
477,0.3,7,True,0.3111111111111111,0.42857142857142855,0.06502247023287666,1.8423709931771088
478,0.3,7,True,0.638095238095238,0.8571428571428571,0.1826545778534897,0.5916727785823275
479,0.3,7,True,0.3428571428571428,0.7142857142857143,0.06276943678387037,0.863120568566631
480,0.3,7,True,0.3492063492063492,0.5714285714285714,0.07678032766449228,1.3787834934861753
481,0.3,7,True,0.41904761904761906,0.8571428571428571,0.1826545778534897,0.5916727785823275
482,0.3,7,True,0.29523809523809524,0.5714285714285714,0.07678032766449228,1.3787834934861753
483,0.5,5,True,0.3733333333333333,0.8,0.14132728892674484,0.7219280948873623
484,0.3,7,True,0.3428571428571428,0.42857142857142855,0.06502247023287666,1.8423709931771088
485,0.3,7,True,0.273015873015873,0.5714285714285714,0.07678032766449228,1.3787834934861753
486,0.3,7,True,0.28253968253968254,0.5714285714285714,0.11864654673111685,1.6644977792004614
487,0.3,7,True,0.31746031746031744,0.5714285714285714,0.11864654673111685,1.6644977792004614
488,0.3,7,True,0.4095238095238095,0.7142857142857143,0.06276943678387037,0.863120568566631
489,0.2,8,True,0.4023809523809524,0.75,0.21452470277266567,1.061278124459133
490,0.2,8,True,0.4666666666666667,0.875,0.27015330083790245,0.5435644431995964
491,0.3,7,True,0.4666666666666667,0.8571428571428571,0.1826545778534897,0.5916727785823275
492,0.2,8,True,0.4714285714285714,0.75,0.13502647928207268,0.8112781244591328
493,0.2,8,True,0.6,0.875,0.27015330083790245,0.5435644431995964
494,0.2,8,True,0.4166666666666667,0.875,0.27015330083790245,0.5435644431995964
495,0.2,8,True,0.5,0.875,0.27015330083790245,0.5435644431995964
496,0.2,8,True,0.5,0.875,0.27015330083790245,0.5435644431995964
497,0.2,8,True,0.3952380952380953,0.75,0.21452470277266567,1.061278124459133
498,0.2,8,True,0.42142857142857143,0.75,0.21452470277266567,1.061278124459133
499,0.2,8,True,0.5166666666666667,0.875,0.27015330083790245,0.5435644431995964
500,0.2,8,True,0.38571428571428573,0.5,0.03977028213923883,1.0
501,0.2,8,True,0.30952380952380953,0.5,0.03977028213923883,1.0
502,0.2,8,True,0.7333333333333333,1.0,0.2780719051126377,0.0
503,0.2,8,True,0.41904761904761906,0.5,0.03977028213923883,1.0
504,0.2,8,True,0.48333333333333334,0.875,0.27015330083790245,0.5435644431995964
505,0.2,8,True,0.5333333333333333,1.0,0.2780719051126377,0.0
506,0.2,8,True,0.7333333333333333,1.0,0.2780719051126377,0.0
507,0.2,8,True,0.5,0.875,0.27015330083790245,0.5435644431995964
508,0.2,8,True,0.6666666666666666,1.0,0.2780719051126377,0.0
509,0.2,8,True,0.4095238095238095,0.75,0.21452470277266567,1.061278124459133
510,0.2,8,True,0.6,0.875,0.27015330083790245,0.5435644431995964
511,0.2,8,True,0.7333333333333333,1.0,0.2780719051126377,0.0
512,0.2,8,True,0.6666666666666666,1.0,0.2780719051126377,0.0
513,0.2,8,True,0.5,0.875,0.27015330083790245,0.5435644431995964
514,0.2,8,True,0.5333333333333333,1.0,0.2780719051126377,0.0
515,0.2,8,True,0.5333333333333333,1.0,0.2780719051126377,0.0
516,0.2,8,True,0.6666666666666666,1.0,0.2780719051126377,0.0
517,0.2,8,True,0.5333333333333333,1.0,0.2780719051126377,0.0
518,0.2,8,True,0.7333333333333333,1.0,0.2780719051126377,0.0
519,0.2,8,True,0.55,0.875,0.27015330083790245,0.5435644431995964
520,0.2,8,True,0.6,1.0,0.2780719051126377,0.0
521,0.2,8,True,0.6,1.0,0.2780719051126377,0.0
522,0.2,8,True,0.5333333333333333,0.875,0.27015330083790245,0.5435644431995964
523,0.2,8,True,0.55,0.875,0.27015330083790245,0.5435644431995964
524,0.2,8,True,0.4904761904761905,0.75,0.21452470277266567,1.061278124459133
525,0.2,8,True,0.44285714285714284,0.75,0.21452470277266567,1.061278124459133
526,0.2,8,True,0.55,0.875,0.27015330083790245,0.5435644431995964
527,0.2,8,True,0.48333333333333334,0.875,0.27015330083790245,0.5435644431995964
528,0.2,8,True,0.4642857142857143,0.625,0.11951797627815941,1.2987949406953985
529,0.2,8,True,0.6,1.0,0.2780719051126377,0.0
530,0.2,8,True,0.4166666666666667,0.875,0.27015330083790245,0.5435644431995964
531,0.3,7,True,0.4031746031746032,0.7142857142857143,0.1572623513863327,1.1488348542809166
532,0.3,7,True,0.6,1.0,0.1187091007693073,0.0
533,0.3,7,True,0.6666666666666666,1.0,0.1187091007693073,0.0
534,0.3,7,True,0.6,1.0,0.1187091007693073,0.0
535,0.3,7,True,0.6,1.0,0.1187091007693073,0.0
536,0.3,7,True,0.5365079365079365,0.7142857142857143,0.06276943678387037,0.863120568566631
537,0.2,8,True,0.55,0.875,0.27015330083790245,0.5435644431995964
538,0.2,8,True,0.34523809523809523,0.375,0.06502247023287655,1.811278124459133
539,0.2,8,True,0.48333333333333334,0.875,0.27015330083790245,0.5435644431995964
540,1.0,0,False,,,,
541,1.0,0,False,,,,
542,1.0,0,False,,,,
543,1.0,0,False,,,,
544,1.0,0,False,,,,
545,1.0,0,False,,,,
546,1.0,0,False,,,,
547,0.2,8,True,0.6,1.0,0.2780719051126377,0.0
548,0.2,8,True,0.42380952380952386,0.75,0.21452470277266567,1.061278124459133
549,0.2,8,True,0.5333333333333333,1.0,0.2780719051126377,0.0
550,0.2,8,True,0.6,1.0,0.2780719051126377,0.0
551,0.2,8,True,0.7333333333333333,1.0,0.2780719051126377,0.0
552,0.2,8,True,0.55,0.875,0.27015330083790245,0.5435644431995964
553,0.2,8,True,0.5333333333333333,1.0,0.2780719051126377,0.0
554,0.2,8,True,0.5166666666666667,0.875,0.27015330083790245,0.5435644431995964
555,0.2,8,True,0.5333333333333333,1.0,0.2780719051126377,0.0
556,0.2,8,True,0.5333333333333333,1.0,0.2780719051126377,0.0
557,0.2,8,True,0.7333333333333333,1.0,0.2780719051126377,0.0
558,0.2,8,True,0.45,0.75,0.13502647928207268,0.8112781244591328
559,0.2,8,True,0.6,1.0,0.2780719051126377,0.0
560,0.2,8,True,0.6666666666666666,1.0,0.2780719051126377,0.0
561,0.2,8,True,0.5333333333333333,1.0,0.2780719051126377,0.0
562,0.2,8,True,0.6,1.0,0.2780719051126377,0.0
563,1.0,0,False,,,,
564,1.0,0,False,,,,
565,0.2,8,True,0.6,1.0,0.2780719051126377,0.0
566,0.2,8,True,0.5333333333333333,1.0,0.2780719051126377,0.0
567,0.2,8,True,0.6,1.0,0.2780719051126377,0.0
568,0.2,8,True,0.5,0.875,0.27015330083790245,0.5435644431995964
569,0.2,8,True,0.55,0.875,0.27015330083790245,0.5435644431995964
570,0.2,8,True,0.5333333333333333,1.0,0.2780719051126377,0.0
571,0.2,8,True,0.43333333333333335,0.625,0.06276943678387037,0.954434002924965
572,0.2,8,True,0.6,1.0,0.2780719051126377,0.0
573,0.2,8,True,0.5166666666666667,0.875,0.27015330083790245,0.5435644431995964
574,0.2,8,True,0.55,0.875,0.27015330083790245,0.5435644431995964
575,0.2,8,True,0.5333333333333333,1.0,0.2780719051126377,0.0
576,0.2,8,True,0.5333333333333333,1.0,0.2780719051126377,0.0
577,0.2,8,True,0.55,0.75,0.13502647928207268,0.8112781244591328
578,0.2,8,True,0.4571428571428572,0.75,0.21452470277266567,1.061278124459133
579,0.2,8,True,0.6,0.875,0.27015330083790245,0.5435644431995964
580,0.2,8,True,0.6,1.0,0.2780719051126377,0.0
581,0.2,8,True,0.5166666666666667,0.875,0.27015330083790245,0.5435644431995964
582,0.2,8,True,0.34523809523809523,0.375,0.06502247023287655,1.811278124459133
583,0.2,8,True,0.6,0.875,0.27015330083790245,0.5435644431995964
584,0.2,8,True,0.48333333333333334,0.875,0.27015330083790245,0.5435644431995964
585,0.2,8,True,0.4595238095238095,0.75,0.21452470277266567,1.061278124459133
586,0.2,8,True,0.43333333333333335,0.875,0.27015330083790245,0.5435644431995964
587,0.2,8,True,0.45,0.75,0.21452470277266567,1.061278124459133
588,0.2,8,True,0.42380952380952386,0.5,0.039035952556318865,1.5
589,0.2,8,True,0.48333333333333334,0.875,0.27015330083790245,0.5435644431995964
590,0.2,8,True,0.5833333333333334,0.875,0.27015330083790245,0.5435644431995964
591,0.9,1,False,,,,
592,0.2,8,True,0.4666666666666667,0.875,0.27015330083790245,0.5435644431995964
593,0.2,8,True,0.5190476190476191,0.75,0.13502647928207268,0.8112781244591328
594,0.2,8,True,0.3476190476190476,0.625,0.15545875354128547,1.5487949406953985
595,0.2,8,True,0.48333333333333334,0.875,0.27015330083790245,0.5435644431995964
596,0.2,8,True,0.6,1.0,0.2780719051126377,0.0
597,0.2,8,True,0.4523809523809524,0.625,0.06276943678387037,0.954434002924965
598,0.2,8,True,0.6,0.875,0.27015330083790245,0.5435644431995964
599,0.2,8,True,0.41904761904761906,0.75,0.21452470277266567,1.061278124459133
600,0.2,8,True,0.4261904761904762,0.625,0.06276943678387037,0.954434002924965
601,0.2,8,True,0.5333333333333333,0.875,0.27015330083790245,0.5435644431995964
602,0.2,8,True,0.6666666666666666,1.0,0.2780719051126377,0.0
603,0.2,8,True,0.43333333333333335,0.875,0.27015330083790245,0.5435644431995964
604,0.2,8,True,0.48333333333333334,0.875,0.27015330083790245,0.5435644431995964
605,0.3,7,True,0.6571428571428571,0.8571428571428571,0.1826545778534897,0.5916727785823275
606,0.3,7,True,0.7333333333333333,1.0,0.1187091007693073,0.0
607,0.3,7,True,0.6666666666666666,1.0,0.1187091007693073,0.0
608,0.3,7,True,0.5047619047619047,0.8571428571428571,0.1826545778534897,0.5916727785823275
609,0.3,7,True,0.5047619047619047,0.8571428571428571,0.1826545778534897,0.5916727785823275
610,0.3,7,True,0.5333333333333333,1.0,0.1187091007693073,0.0
611,0.3,7,True,0.6,1.0,0.1187091007693073,0.0
612,0.3,7,True,0.6,1.0,0.1187091007693073,0.0
613,0.3,7,True,0.7333333333333333,1.0,0.1187091007693073,0.0
614,0.2,8,True,0.40476190476190477,0.5,0.07678032766449228,1.4056390622295665
615,0.2,8,True,0.48333333333333334,0.875,0.27015330083790245,0.5435644431995964
616,0.2,8,True,0.5833333333333334,0.875,0.27015330083790245,0.5435644431995964
617,0.2,8,True,0.5333333333333333,0.875,0.27015330083790245,0.5435644431995964
618,0.2,8,True,0.5833333333333334,0.875,0.27015330083790245,0.5435644431995964
619,0.2,8,True,0.369047619047619,0.5,0.08613531161467847,1.75
620,0.2,8,True,0.49523809523809526,0.75,0.21452470277266567,1.061278124459133
621,0.2,8,True,0.5166666666666667,0.875,0.27015330083790245,0.5435644431995964
622,0.2,8,True,0.4714285714285714,0.75,0.21452470277266567,1.061278124459133
623,0.2,8,True,0.5333333333333333,1.0,0.2780719051126377,0.0
624,0.2,8,True,0.5833333333333334,0.875,0.27015330083790245,0.5435644431995964
625,0.2,8,True,0.5333333333333333,1.0,0.2780719051126377,0.0
626,0.2,8,True,0.4666666666666667,0.875,0.27015330083790245,0.5435644431995964
627,0.2,8,True,0.5,0.875,0.27015330083790245,0.5435644431995964
628,0.2,8,True,0.8666666666666667,1.0,0.2780719051126377,0.0
629,0.2,8,True,0.4666666666666667,0.875,0.27015330083790245,0.5435644431995964
630,0.2,8,True,0.35,0.625,0.11951797627815941,1.2987949406953985
631,0.2,8,True,0.4404761904761905,0.75,0.21452470277266567,1.061278124459133
632,0.3,7,True,0.41269841269841273,0.5714285714285714,0.07678032766449228,1.3787834934861753
633,0.3,7,True,0.5428571428571428,0.8571428571428571,0.1826545778534897,0.5916727785823275
634,0.3,7,True,0.6,1.0,0.1187091007693073,0.0
635,0.3,7,True,0.6,1.0,0.1187091007693073,0.0
636,1.0,0,False,,,,
637,1.0,0,False,,,,
638,1.0,0,False,,,,
639,1.0,0,False,,,,
640,1.0,0,False,,,,
641,1.0,0,False,,,,
642,1.0,0,False,,,,
643,1.0,0,False,,,,
644,1.0,0,False,,,,
645,1.0,0,False,,,,
646,1.0,0,False,,,,
647,1.0,0,False,,,,
648,0.3,7,True,0.4380952380952381,0.8571428571428571,0.1826545778534897,0.5916727785823275
649,0.3,7,True,0.6666666666666666,1.0,0.1187091007693073,0.0
650,0.2,8,True,0.43333333333333335,0.875,0.27015330083790245,0.5435644431995964
651,0.2,8,True,0.35714285714285715,0.5,0.07678032766449228,1.4056390622295665
652,0.2,8,True,0.3785714285714286,0.75,0.21452470277266567,1.061278124459133
653,0.2,8,True,0.42380952380952386,0.5,0.03977028213923883,1.0
654,0.2,8,True,0.6,1.0,0.2780719051126377,0.0
655,0.2,8,True,0.5333333333333333,1.0,0.2780719051126377,0.0
656,0.2,8,True,0.7333333333333333,1.0,0.2780719051126377,0.0
657,0.2,8,True,0.5333333333333333,1.0,0.2780719051126377,0.0
658,0.2,8,True,0.5333333333333333,1.0,0.2780719051126377,0.0
659,0.2,8,True,0.6,1.0,0.2780719051126377,0.0
660,0.2,8,True,0.369047619047619,0.625,0.11951797627815941,1.2987949406953985
661,0.2,8,True,0.430952380952381,0.75,0.21452470277266567,1.061278124459133
662,0.2,8,True,0.48333333333333334,0.875,0.27015330083790245,0.5435644431995964
663,0.2,8,True,0.48333333333333334,0.875,0.27015330083790245,0.5435644431995964
664,0.2,8,True,0.42142857142857143,0.75,0.21452470277266567,1.061278124459133
665,0.2,8,True,0.48333333333333334,0.875,0.27015330083790245,0.5435644431995964
666,0.2,8,True,0.39761904761904765,0.625,0.06276943678387037,0.954434002924965
667,1.0,0,False,,,,
668,1.0,0,False,,,,
669,1.0,0,False,,,,
670,1.0,0,False,,,,
671,1.0,0,False,,,,
672,1.0,0,False,,,,
673,1.0,0,False,,,,
674,1.0,0,False,,,,
675,1.0,0,False,,,,
676,1.0,0,False,,,,
677,1.0,0,False,,,,
678,1.0,0,False,,,,
679,1.0,0,False,,,,
680,1.0,0,False,,,,
681,1.0,0,False,,,,
682,1.0,0,False,,,,
683,1.0,0,False,,,,
684,1.0,0,False,,,,
685,1.0,0,False,,,,
686,1.0,0,False,,,,
687,1.0,0,False,,,,
688,1.0,0,False,,,,
689,1.0,0,False,,,,
690,1.0,0,False,,,,
691,1.0,0,False,,,,
692,1.0,0,False,,,,
693,1.0,0,False,,,,
694,1.0,0,False,,,,
695,1.0,0,False,,,,
696,1.0,0,False,,,,
697,1.0,0,False,,,,
698,1.0,0,False,,,,
699,1.0,0,False,,,,
700,1.0,0,False,,,,
701,1.0,0,False,,,,
702,1.0,0,False,,,,
703,1.0,0,False,,,,
704,1.0,0,False,,,,
705,1.0,0,False,,,,
706,1.0,0,False,,,,
707,1.0,0,False,,,,
708,1.0,0,False,,,,
709,1.0,0,False,,,,
710,1.0,0,False,,,,
711,1.0,0,False,,,,
712,1.0,0,False,,,,
713,1.0,0,False,,,,
714,1.0,0,False,,,,
715,1.0,0,False,,,,
716,1.0,0,False,,,,
717,0.2,8,True,0.6,1.0,0.2780719051126377,0.0
718,0.2,8,True,0.5,0.875,0.27015330083790245,0.5435644431995964
719,0.2,8,True,0.7333333333333333,1.0,0.2780719051126377,0.0
720,0.3,7,True,0.6,1.0,0.1187091007693073,0.0
721,0.3,7,True,0.4031746031746032,0.7142857142857143,0.1572623513863327,1.1488348542809166
722,0.3,7,True,0.29523809523809524,0.5714285714285714,0.07678032766449228,1.3787834934861753
723,0.3,7,True,0.47619047619047616,0.8571428571428571,0.1826545778534897,0.5916727785823275
724,0.3,7,True,0.4571428571428572,0.8571428571428571,0.1826545778534897,0.5916727785823275
725,0.3,7,True,0.3682539682539682,0.7142857142857143,0.1572623513863327,1.1488348542809166
726,0.3,7,True,0.4158730158730159,0.5714285714285714,0.07678032766449228,1.3787834934861753
727,0.3,7,True,0.5047619047619047,0.8571428571428571,0.1826545778534897,0.5916727785823275
728,0.3,7,True,0.4158730158730159,0.7142857142857143,0.06276943678387037,0.863120568566631
729,0.4,6,True,0.6,1.0,0.02904940554533142,0.0
730,0.4,6,True,0.5111111111111111,0.8333333333333334,0.14132728892674495,0.6500224216483541
731,0.3,7,True,0.4571428571428572,0.8571428571428571,0.1826545778534897,0.5916727785823275
732,0.2,8,True,0.48333333333333334,0.875,0.27015330083790245,0.5435644431995964
733,0.2,8,True,0.33809523809523806,0.625,0.15545875354128547,1.5487949406953985
734,0.2,8,True,0.5166666666666667,0.875,0.27015330083790245,0.5435644431995964
735,1.0,0,False,,,,
736,1.0,0,False,,,,
737,0.2,8,True,0.35952380952380947,0.5,0.039035952556318865,1.5
738,0.6,4,False,,,,
739,0.6,4,False,,,,
740,0.2,8,True,0.2619047619047619,0.5,0.07678032766449228,1.4056390622295665
741,0.2,8,True,0.7333333333333333,1.0,0.2780719051126377,0.0
742,0.2,8,True,0.6666666666666666,1.0,0.2780719051126377,0.0
743,0.2,8,True,0.6,1.0,0.2780719051126377,0.0
744,0.2,8,True,0.4666666666666667,0.875,0.27015330083790245,0.5435644431995964
745,0.2,8,True,0.6,1.0,0.2780719051126377,0.0
746,0.2,8,True,0.5333333333333333,1.0,0.2780719051126377,0.0
747,1.0,0,False,,,,
748,1.0,0,False,,,,
749,1.0,0,False,,,,
750,1.0,0,False,,,,
751,1.0,0,False,,,,
752,1.0,0,False,,,,
753,1.0,0,False,,,,
754,1.0,0,False,,,,
755,1.0,0,False,,,,
756,1.0,0,False,,,,
757,1.0,0,False,,,,
758,1.0,0,False,,,,
759,1.0,0,False,,,,
760,1.0,0,False,,,,
761,1.0,0,False,,,,
762,1.0,0,False,,,,
763,1.0,0,False,,,,
764,1.0,0,False,,,,
765,1.0,0,False,,,,
766,1.0,0,False,,,,
767,1.0,0,False,,,,
768,1.0,0,False,,,,
769,1.0,0,False,,,,
770,1.0,0,False,,,,
771,1.0,0,False,,,,
772,1.0,0,False,,,,
773,1.0,0,False,,,,
774,1.0,0,False,,,,
775,1.0,0,False,,,,
776,1.0,0,False,,,,
777,1.0,0,False,,,,
778,1.0,0,False,,,,
779,1.0,0,False,,,,
780,1.0,0,False,,,,
781,1.0,0,False,,,,
782,1.0,0,False,,,,
783,1.0,0,False,,,,
784,1.0,0,False,,,,
785,0.2,8,True,0.6666666666666666,1.0,0.2780719051126377,0.0
786,0.2,8,True,0.5333333333333333,1.0,0.2780719051126377,0.0
787,0.2,8,True,0.5333333333333333,1.0,0.2780719051126377,0.0
788,0.2,8,True,0.5333333333333333,1.0,0.2780719051126377,0.0
789,0.2,8,True,0.6,1.0,0.2780719051126377,0.0
790,0.2,8,True,0.5333333333333333,1.0,0.2780719051126377,0.0
791,0.2,8,True,0.6,1.0,0.2780719051126377,0.0
792,0.2,8,True,0.6,1.0,0.2780719051126377,0.0
793,0.2,8,True,0.5333333333333333,1.0,0.2780719051126377,0.0
794,0.2,8,True,0.6,1.0,0.2780719051126377,0.0
795,0.2,8,True,0.6,1.0,0.2780719051126377,0.0
796,0.2,8,True,0.6,1.0,0.2780719051126377,0.0
797,0.2,8,True,0.5333333333333333,1.0,0.2780719051126377,0.0
798,0.2,8,True,0.5333333333333333,1.0,0.2780719051126377,0.0
799,0.2,8,True,0.5333333333333333,1.0,0.2780719051126377,0.0
800,0.2,8,True,0.6,1.0,0.2780719051126377,0.0
801,0.2,8,True,0.6,1.0,0.2780719051126377,0.0
802,0.2,8,True,0.6,1.0,0.2780719051126377,0.0
803,0.2,8,True,0.6,1.0,0.2780719051126377,0.0
804,0.2,8,True,0.5333333333333333,0.875,0.27015330083790245,0.5435644431995964
805,0.2,8,True,0.5333333333333333,1.0,0.2780719051126377,0.0
806,0.2,8,True,0.6,1.0,0.2780719051126377,0.0
807,0.2,8,True,0.6,1.0,0.2780719051126377,0.0
808,0.2,8,True,0.5333333333333333,1.0,0.2780719051126377,0.0
809,0.2,8,True,0.6,1.0,0.2780719051126377,0.0
810,0.2,8,True,0.6666666666666666,1.0,0.2780719051126377,0.0
811,0.2,8,True,0.6,1.0,0.2780719051126377,0.0
812,0.9,1,False,,,,
813,0.9,1,False,,,,
814,1.0,0,False,,,,
815,1.0,0,False,,,,
816,1.0,0,False,,,,
817,1.0,0,False,,,,
818,1.0,0,False,,,,
819,1.0,0,False,,,,
820,1.0,0,False,,,,
821,0.9,1,False,,,,
822,0.9,1,False,,,,
823,0.9,1,False,,,,
824,0.9,1,False,,,,
825,0.9,1,False,,,,
826,0.9,1,False,,,,
827,0.9,1,False,,,,
828,0.9,1,False,,,,
829,0.9,1,False,,,,
830,0.9,1,False,,,,
831,0.9,1,False,,,,
832,0.9,1,False,,,,
833,0.9,1,False,,,,
834,0.9,1,False,,,,
835,0.9,1,False,,,,
836,0.9,1,False,,,,
837,0.9,1,False,,,,
838,0.2,8,True,0.6666666666666666,1.0,0.2780719051126377,0.0
839,0.2,8,True,0.6,1.0,0.2780719051126377,0.0
840,0.2,8,True,0.7333333333333333,1.0,0.2780719051126377,0.0
841,0.2,8,True,0.5333333333333333,1.0,0.2780719051126377,0.0
842,0.2,8,True,0.6,1.0,0.2780719051126377,0.0
843,0.2,8,True,0.6,1.0,0.2780719051126377,0.0
844,0.2,8,True,0.6,1.0,0.2780719051126377,0.0
845,0.2,8,True,0.6,1.0,0.2780719051126377,0.0
846,0.2,8,True,0.6,1.0,0.2780719051126377,0.0
847,0.2,8,True,0.6,0.875,0.27015330083790245,0.5435644431995964
848,0.2,8,True,0.48333333333333334,0.875,0.27015330083790245,0.5435644431995964
849,0.2,8,True,0.5238095238095238,0.75,0.21452470277266567,1.061278124459133
850,0.2,8,True,0.7333333333333333,1.0,0.2780719051126377,0.0
851,0.2,8,True,0.48333333333333334,0.875,0.27015330083790245,0.5435644431995964
852,0.2,8,True,0.6,1.0,0.2780719051126377,0.0
853,0.2,8,True,0.45,0.875,0.27015330083790245,0.5435644431995964
854,0.2,8,True,0.6666666666666666,1.0,0.2780719051126377,0.0
855,0.2,8,True,0.5666666666666667,0.875,0.27015330083790245,0.5435644431995964
856,0.2,8,True,0.5333333333333333,1.0,0.2780719051126377,0.0
857,0.2,8,True,0.4166666666666667,0.75,0.21452470277266567,1.061278124459133
858,0.2,8,True,0.5333333333333333,0.875,0.27015330083790245,0.5435644431995964
859,0.9,1,False,,,,
860,0.9,1,False,,,,
861,0.9,1,False,,,,
862,0.9,1,False,,,,
863,0.9,1,False,,,,
864,0.9,1,False,,,,
865,0.9,1,False,,,,
866,0.9,1,False,,,,
867,0.9,1,False,,,,
868,0.9,1,False,,,,
869,0.9,1,False,,,,
870,0.9,1,False,,,,
871,0.9,1,False,,,,
872,0.9,1,False,,,,
873,0.9,1,False,,,,
874,0.2,8,True,0.6666666666666666,1.0,0.2780719051126377,0.0
875,0.2,8,True,0.6666666666666666,1.0,0.2780719051126377,0.0
876,0.2,8,True,0.5142857142857143,0.75,0.13502647928207268,0.8112781244591328
877,0.2,8,True,0.5666666666666667,0.875,0.27015330083790245,0.5435644431995964
878,0.2,8,True,0.4666666666666667,0.875,0.27015330083790245,0.5435644431995964
879,0.2,8,True,0.45,0.875,0.27015330083790245,0.5435644431995964
880,0.2,8,True,0.6,1.0,0.2780719051126377,0.0
881,0.2,8,True,0.6,1.0,0.2780719051126377,0.0
882,0.2,8,True,0.46190476190476193,0.75,0.21452470277266567,1.061278124459133
883,0.2,8,True,0.430952380952381,0.75,0.21452470277266567,1.061278124459133
884,0.2,8,True,0.48333333333333334,0.875,0.27015330083790245,0.5435644431995964
885,0.2,8,True,0.3952380952380953,0.5,0.03977028213923883,1.0
886,0.9,1,False,,,,
887,0.2,8,True,0.5666666666666667,0.875,0.27015330083790245,0.5435644431995964
888,0.2,8,True,0.5666666666666667,0.875,0.27015330083790245,0.5435644431995964
889,0.2,8,True,0.5666666666666667,0.875,0.27015330083790245,0.5435644431995964
890,0.2,8,True,0.48333333333333334,0.875,0.27015330083790245,0.5435644431995964
891,0.2,8,True,0.6,1.0,0.2780719051126377,0.0
892,0.2,8,True,0.7333333333333333,1.0,0.2780719051126377,0.0
893,0.2,8,True,0.5333333333333333,1.0,0.2780719051126377,0.0
894,0.2,8,True,0.5333333333333333,1.0,0.2780719051126377,0.0
895,0.2,8,True,0.6,1.0,0.2780719051126377,0.0
896,0.2,8,True,0.5333333333333333,1.0,0.2780719051126377,0.0
897,0.2,8,True,0.5333333333333333,1.0,0.2780719051126377,0.0
898,0.2,8,True,0.5333333333333333,1.0,0.2780719051126377,0.0
899,0.2,8,True,0.6666666666666666,1.0,0.2780719051126377,0.0
900,0.2,8,True,0.5333333333333333,1.0,0.2780719051126377,0.0
901,0.2,8,True,0.4523809523809524,0.5,0.03977028213923883,1.0
902,0.2,8,True,0.6,1.0,0.2780719051126377,0.0
903,0.2,8,True,0.5333333333333333,1.0,0.2780719051126377,0.0
904,0.2,8,True,0.6666666666666666,1.0,0.2780719051126377,0.0
905,0.2,8,True,0.6,1.0,0.2780719051126377,0.0
906,0.2,8,True,0.32380952380952377,0.5,0.07678032766449228,1.4056390622295665
907,0.2,8,True,0.6,0.875,0.27015330083790245,0.5435644431995964
908,0.2,8,True,0.4666666666666667,0.875,0.27015330083790245,0.5435644431995964
909,0.2,8,True,0.5,0.875,0.27015330083790245,0.5435644431995964
910,0.2,8,True,0.4666666666666667,0.875,0.27015330083790245,0.5435644431995964
911,0.2,8,True,0.32380952380952377,0.5,0.08613531161467847,1.75
912,0.2,8,True,0.3714285714285714,0.5,0.08613531161467847,1.75
913,0.2,8,True,0.5,0.875,0.27015330083790245,0.5435644431995964
914,0.2,8,True,0.5,0.875,0.27015330083790245,0.5435644431995964
915,0.2,8,True,0.46190476190476193,0.75,0.21452470277266567,1.061278124459133
916,0.2,8,True,0.2857142857142857,0.625,0.15545875354128547,1.5487949406953985
917,0.2,8,True,0.4785714285714286,0.75,0.21452470277266567,1.061278124459133
918,0.3,7,True,0.2507936507936508,0.42857142857142855,0.08279110672080625,2.1280852788913944
919,0.3,7,True,0.4380952380952381,0.8571428571428571,0.1826545778534897,0.5916727785823275
920,0.3,7,True,0.5428571428571428,0.8571428571428571,0.1826545778534897,0.5916727785823275
921,0.3,7,True,0.6,1.0,0.1187091007693073,0.0
922,0.2,8,True,0.4880952380952381,0.75,0.21452470277266567,1.061278124459133
923,0.2,8,True,0.55,0.875,0.27015330083790245,0.5435644431995964
924,0.2,8,True,0.45476190476190476,0.75,0.21452470277266567,1.061278124459133
925,0.2,8,True,0.30952380952380953,0.625,0.11951797627815941,1.2987949406953985
926,0.2,8,True,0.55,0.875,0.27015330083790245,0.5435644431995964
927,0.2,8,True,0.4071428571428572,0.75,0.21452470277266567,1.061278124459133
928,0.2,8,True,0.5404761904761906,0.75,0.21452470277266567,1.061278124459133
929,0.2,8,True,0.5666666666666667,0.875,0.27015330083790245,0.5435644431995964
930,0.2,8,True,0.6666666666666666,1.0,0.2780719051126377,0.0
931,0.2,8,True,0.3619047619047619,0.5,0.07678032766449228,1.4056390622295665
932,0.2,8,True,0.2785714285714286,0.5,0.08613531161467847,1.75
933,0.3,7,True,0.49523809523809526,0.5714285714285714,0.008840528567781392,0.9852281360342515
934,0.3,7,True,0.33968253968253964,0.7142857142857143,0.1572623513863327,1.1488348542809166
935,0.3,7,True,0.380952380952381,0.7142857142857143,0.1572623513863327,1.1488348542809166
936,0.3,7,True,0.29523809523809524,0.5714285714285714,0.008840528567781392,0.9852281360342515
937,0.3,7,True,0.6,1.0,0.1187091007693073,0.0
938,0.3,7,True,0.5428571428571428,0.8571428571428571,0.1826545778534897,0.5916727785823275
939,0.2,8,True,0.55,0.75,0.13502647928207268,0.8112781244591328
940,0.2,8,True,0.29523809523809524,0.375,0.032511235116438164,1.9056390622295665
941,0.2,8,True,0.4380952380952381,0.625,0.11951797627815941,1.2987949406953985
942,0.3,7,True,0.6666666666666666,1.0,0.1187091007693073,0.0
943,0.3,7,True,0.26666666666666666,0.42857142857142855,0.05226907788083901,1.4488156357251847
944,0.2,8,True,0.4666666666666667,0.875,0.27015330083790245,0.5435644431995964
945,0.2,8,True,0.55,0.875,0.27015330083790245,0.5435644431995964
946,0.2,8,True,0.2642857142857143,0.5,0.07678032766449228,1.4056390622295665
947,0.2,8,True,0.24285714285714285,0.375,0.032511235116438164,1.9056390622295665
948,0.2,8,True,0.4904761904761905,0.75,0.21452470277266567,1.061278124459133
949,0.2,8,True,0.5333333333333333,0.875,0.27015330083790245,0.5435644431995964
950,0.2,8,True,0.5666666666666667,0.875,0.27015330083790245,0.5435644431995964
951,0.2,8,True,0.5166666666666667,0.75,0.21452470277266567,1.061278124459133
952,0.2,8,True,0.5833333333333334,0.875,0.27015330083790245,0.5435644431995964
953,0.2,8,True,0.48333333333333334,0.875,0.27015330083790245,0.5435644431995964
954,0.2,8,True,0.35714285714285715,0.625,0.15545875354128547,1.5487949406953985
955,0.2,8,True,0.2547619047619048,0.5,0.08613531161467847,1.75
956,0.2,8,True,0.4857142857142857,0.5,0.03977028213923883,1.0
957,0.2,8,True,0.430952380952381,0.75,0.21452470277266567,1.061278124459133
958,0.2,8,True,0.4023809523809524,0.75,0.21452470277266567,1.061278124459133
959,1.0,0,False,,,,
960,1.0,0,False,,,,
961,1.0,0,False,,,,
962,1.0,0,False,,,,
963,0.2,8,True,0.4142857142857143,0.75,0.21452470277266567,1.061278124459133
964,0.2,8,True,0.4666666666666667,0.75,0.21452470277266567,1.061278124459133
965,0.2,8,True,0.2619047619047619,0.5,0.10175559829607272,2.0
966,0.2,8,True,0.39761904761904765,0.75,0.21452470277266567,1.061278124459133
967,0.2,8,True,0.22380952380952382,0.5,0.08613531161467847,1.75
968,0.2,8,True,0.23095238095238096,0.375,0.05358807178498537,2.1556390622295662
969,0.2,8,True,0.380952380952381,0.75,0.21452470277266567,1.061278124459133
970,0.8,2,False,,,,
971,0.2,8,True,0.31666666666666665,0.5,0.10175559829607272,2.0
972,1.0,0,False,,,,
973,1.0,0,False,,,,
974,1.0,0,False,,,,
975,1.0,0,False,,,,
976,1.0,0,False,,,,
977,1.0,0,False,,,,
978,1.0,0,False,,,,
979,1.0,0,False,,,,
980,1.0,0,False,,,,
981,1.0,0,False,,,,
982,1.0,0,False,,,,
983,1.0,0,False,,,,
984,0.2,8,True,0.4023809523809524,0.625,0.15545875354128547,1.5487949406953985
985,0.2,8,True,0.42380952380952386,0.5,0.07678032766449228,1.4056390622295665
986,0.8,2,False,,,,
987,0.8,2,False,,,,
988,0.8,2,False,,,,
989,0.8,2,False,,,,
990,0.8,2,False,,,,
991,0.8,2,False,,,,
992,0.8,2,False,,,,
993,0.8,2,False,,,,
994,1.0,0,False,,,,
995,1.0,0,False,,,,
996,1.0,0,False,,,,
997,1.0,0,False,,,,
998,1.0,0,False,,,,
999,1.0,0,False,,,,
1000,1.0,0,False,,,,
1001,1.0,0,False,,,,
1002,1.0,0,False,,,,
1003,0.8,2,False,,,,
1004,0.8,2,False,,,,
1005,0.8,2,False,,,,
1006,0.8,2,False,,,,
1007,0.8,2,False,,,,
1008,0.8,2,False,,,,
1009,0.8,2,False,,,,
1010,0.2,8,True,0.35238095238095235,0.5,0.08613531161467847,1.75
1011,0.2,8,True,0.41190476190476194,0.625,0.11951797627815941,1.2987949406953985
1012,0.2,8,True,0.49523809523809526,0.75,0.21452470277266567,1.061278124459133
1013,0.2,8,True,0.5333333333333333,0.875,0.27015330083790245,0.5435644431995964
1014,0.9,1,False,,,,
1015,0.9,1,False,,,,
1016,0.9,1,False,,,,
1017,0.9,1,False,,,,
1018,0.9,1,False,,,,
1019,0.9,1,False,,,,
1020,0.9,1,False,,,,
1021,0.9,1,False,,,,
1022,0.9,1,False,,,,
1023,0.9,1,False,,,,
1024,0.9,1,False,,,,
1025,0.9,1,False,,,,
1026,0.9,1,False,,,,
1027,0.9,1,False,,,,
1028,0.9,1,False,,,,
1029,0.9,1,False,,,,
1030,0.9,1,False,,,,
1031,0.9,1,False,,,,
1032,0.9,1,False,,,,
1033,0.9,1,False,,,,
1034,0.9,1,False,,,,
1035,0.9,1,False,,,,
1036,0.9,1,False,,,,
1037,0.9,1,False,,,,
1038,0.9,1,False,,,,
1039,0.2,8,True,0.3952380952380953,0.5,0.07678032766449228,1.4056390622295665
1040,0.2,8,True,0.4928571428571428,0.625,0.06276943678387037,0.954434002924965
1041,0.2,8,True,0.30952380952380953,0.625,0.11951797627815941,1.2987949406953985
1042,0.2,8,True,0.2571428571428572,0.25,0.030429649809874948,2.5
1043,0.2,8,True,0.3880952380952381,0.625,0.15545875354128547,1.5487949406953985
1044,0.2,8,True,0.2761904761904762,0.5,0.07678032766449228,1.4056390622295665
1045,0.9,1,False,,,,
1046,0.9,1,False,,,,
1047,1.0,0,False,,,,
1048,1.0,0,False,,,,
1049,1.0,0,False,,,,
1050,0.9,1,False,,,,
1051,0.9,1,False,,,,
1052,0.9,1,False,,,,
1053,0.9,1,False,,,,
1054,0.2,8,True,0.4095238095238095,0.625,0.11951797627815941,1.2987949406953985
1055,1.0,0,False,,,,
1056,1.0,0,False,,,,
1057,1.0,0,False,,,,
1058,0.2,8,True,0.35,0.5,0.08613531161467847,1.75
1059,0.2,8,True,0.4785714285714286,0.75,0.21452470277266567,1.061278124459133
1060,0.2,8,True,0.4285714285714286,0.75,0.21452470277266567,1.061278124459133
1061,0.2,8,True,0.3071428571428571,0.5,0.10175559829607272,2.0
1062,0.2,8,True,0.39285714285714285,0.375,0.032511235116438164,1.9056390622295665
1063,0.2,8,True,0.2380952380952381,0.5,0.08613531161467847,1.75
1064,0.8,2,False,,,,
1065,0.8,2,False,,,,
1066,0.7,3,False,,,,
1067,0.7,3,False,,,,
1068,0.7,3,False,,,,
1069,0.7,3,False,,,,
1070,0.7,3,False,,,,
1071,0.7,3,False,,,,
1072,0.7,3,False,,,,
1073,0.7,3,False,,,,
1074,0.7,3,False,,,,
1075,0.7,3,False,,,,
1076,0.7,3,False,,,,
1077,0.7,3,False,,,,
1078,0.7,3,False,,,,
1079,0.7,3,False,,,,
1080,0.7,3,False,,,,
1081,0.7,3,False,,,,
1082,0.9,1,False,,,,
1083,0.9,1,False,,,,
1084,0.9,1,False,,,,
1085,1.0,0,False,,,,
1086,1.0,0,False,,,,
1087,1.0,0,False,,,,
1088,1.0,0,False,,,,
1089,1.0,0,False,,,,
1090,1.0,0,False,,,,
1091,1.0,0,False,,,,
1092,1.0,0,False,,,,
1093,1.0,0,False,,,,
1094,1.0,0,False,,,,
1095,0.8,2,False,,,,
1096,0.8,2,False,,,,
1097,0.8,2,False,,,,
1098,0.8,2,False,,,,
1099,0.8,2,False,,,,
1100,0.8,2,False,,,,
1101,0.9,1,False,,,,
1102,0.9,1,False,,,,
1103,0.9,1,False,,,,
1104,0.9,1,False,,,,
1105,0.9,1,False,,,,
1106,0.9,1,False,,,,
1107,0.9,1,False,,,,
1108,0.9,1,False,,,,
1109,0.9,1,False,,,,
1110,0.9,1,False,,,,
1111,0.9,1,False,,,,
1112,0.9,1,False,,,,
1113,0.3,7,True,0.20317460317460317,0.2857142857142857,0.05358807178498537,2.2359263506290326
1114,0.3,7,True,0.6,1.0,0.1187091007693073,0.0
1115,0.3,7,True,0.3619047619047619,0.42857142857142855,0.05226907788083901,1.4488156357251847
1116,0.7,3,False,,,,
1117,0.7,3,False,,,,
1118,0.7,3,False,,,,
1119,0.7,3,False,,,,
1120,0.7,3,False,,,,
1121,0.3,7,True,0.4666666666666667,0.8571428571428571,0.1826545778534897,0.5916727785823275
1122,0.3,7,True,0.3206349206349206,0.5714285714285714,0.07678032766449228,1.3787834934861753
1123,0.3,7,True,0.30158730158730157,0.42857142857142855,0.06502247023287666,1.8423709931771088
1124,0.3,7,True,0.6,1.0,0.1187091007693073,0.0
1125,0.2,8,True,0.2642857142857143,0.25,0.030429649809874948,2.5
1126,0.3,7,True,0.4285714285714286,0.7142857142857143,0.1572623513863327,1.1488348542809166
1127,0.3,7,True,0.28888888888888886,0.5714285714285714,0.07678032766449228,1.3787834934861753
1128,0.3,7,True,0.3619047619047619,0.5714285714285714,0.07678032766449228,1.3787834934861753
1129,0.3,7,True,0.3555555555555555,0.5714285714285714,0.11864654673111685,1.6644977792004614
1130,0.3,7,True,0.4857142857142857,0.8571428571428571,0.1826545778534897,0.5916727785823275
1131,0.3,7,True,0.23492063492063492,0.2857142857142857,0.0573192851827401,2.5216406363433186
1132,0.4,6,True,0.3511111111111111,0.6666666666666666,0.13903595255631884,1.2516291673878228
1133,0.4,6,True,0.3111111111111111,0.5,0.11864654673111708,1.7924812503605778
1134,0.4,6,True,0.24000000000000002,0.3333333333333333,0.08613531161467869,1.9182958340544893
1135,0.4,6,True,0.38666666666666666,0.6666666666666666,0.03977028213923883,0.9182958340544896
1136,0.4,6,True,0.38666666666666666,0.6666666666666666,0.13903595255631884,1.2516291673878228
1137,0.4,6,True,0.6,1.0,0.02904940554533142,0.0
1138,0.4,6,True,0.2622222222222222,0.5,0.11864654673111708,1.7924812503605778
1139,0.3,7,True,0.4666666666666667,0.8571428571428571,0.1826545778534897,0.5916727785823275
1140,0.3,7,True,0.473015873015873,0.7142857142857143,0.1572623513863327,1.1488348542809166
1141,0.3,7,True,0.46984126984126984,0.7142857142857143,0.15726235138633282,1.1488348542809166
1142,0.3,7,True,0.5047619047619047,0.8571428571428571,0.1826545778534897,0.5916727785823275
1143,0.3,7,True,0.48888888888888893,0.7142857142857143,0.15726235138633282,1.1488348542809166
1144,0.3,7,True,0.36507936507936506,0.42857142857142855,0.06502247023287666,1.8423709931771088
1145,0.3,7,True,0.3206349206349206,0.42857142857142855,0.06502247023287666,1.8423709931771084
1146,0.3,7,True,0.273015873015873,0.42857142857142855,0.06502247023287666,1.8423709931771084
1147,0.3,7,True,0.4380952380952381,0.7142857142857143,0.06276943678387037,0.863120568566631
1148,0.3,7,True,0.4380952380952381,0.8571428571428571,0.1826545778534897,0.5916727785823275
1149,0.3,7,True,0.5047619047619047,0.7142857142857143,0.06276943678387037,0.863120568566631
1150,0.3,7,True,0.37460317460317455,0.7142857142857143,0.06276943678387037,0.863120568566631
1151,0.3,7,True,0.3714285714285714,0.42857142857142855,0.06502247023287666,1.8423709931771088
1152,0.3,7,True,0.4285714285714286,0.7142857142857143,0.1572623513863327,1.1488348542809166
1153,0.3,7,True,0.3936507936507937,0.7142857142857143,0.1572623513863327,1.1488348542809166
1154,0.3,7,True,0.2507936507936508,0.2857142857142857,0.05358807178498537,2.2359263506290326
1155,0.3,7,True,0.2253968253968254,0.2857142857142857,0.0573192851827401,2.5216406363433186
1156,0.2,8,True,0.2857142857142857,0.375,0.032511235116438386,1.9056390622295665
1157,0.3,7,True,0.42539682539682544,0.7142857142857143,0.1572623513863327,1.1488348542809166
1158,0.8,2,False,,,,
1159,0.8,2,False,,,,
1160,0.9,1,False,,,,
1161,0.9,1,False,,,,
1162,0.9,1,False,,,,
1163,0.9,1,False,,,,
1164,0.8,2,False,,,,
1165,0.8,2,False,,,,
1166,0.8,2,False,,,,
1167,0.8,2,False,,,,
1168,0.8,2,False,,,,
1169,0.8,2,False,,,,
1170,0.8,2,False,,,,
1171,0.8,2,False,,,,
1172,0.8,2,False,,,,
1173,0.8,2,False,,,,
1174,0.8,2,False,,,,
1175,0.8,2,False,,,,
1176,0.8,2,False,,,,
1177,0.8,2,False,,,,
1178,0.9,1,False,,,,
1179,0.9,1,False,,,,
1180,0.9,1,False,,,,
1181,0.8,2,False,,,,
1182,0.8,2,False,,,,
1183,0.8,2,False,,,,
1184,0.8,2,False,,,,
1185,0.8,2,False,,,,
1186,0.8,2,False,,,,
1187,0.8,2,False,,,,
1188,0.7,3,False,,,,
1189,0.7,3,False,,,,
1190,0.7,3,False,,,,
1191,0.7,3,False,,,,
1192,0.7,3,False,,,,
1193,0.7,3,False,,,,
1194,0.7,3,False,,,,
1195,0.7,3,False,,,,
1196,0.7,3,False,,,,
1197,0.7,3,False,,,,
1198,0.7,3,False,,,,
1199,0.7,3,False,,,,
1200,0.7,3,False,,,,
1201,0.8,2,False,,,,
1202,0.7,3,False,,,,
1203,0.7,3,False,,,,
1204,0.7,3,False,,,,
1205,0.7,3,False,,,,
1206,0.7,3,False,,,,
1207,0.7,3,False,,,,
1208,0.9,1,False,,,,
1209,0.9,1,False,,,,
1210,0.9,1,False,,,,
1211,0.9,1,False,,,,
1212,0.9,1,False,,,,
1213,0.9,1,False,,,,
1214,0.9,1,False,,,,
1215,0.7,3,False,,,,
1216,0.7,3,False,,,,
1217,0.7,3,False,,,,
1218,0.8,2,False,,,,
1219,0.8,2,False,,,,
1220,0.8,2,False,,,,
1221,0.7,3,False,,,,
1222,0.7,3,False,,,,
1223,0.7,3,False,,,,
1224,0.7,3,False,,,,
1225,0.7,3,False,,,,
1226,0.2,8,True,0.38333333333333336,0.625,0.15545875354128547,1.5487949406953985
1227,0.2,8,True,0.3476190476190476,0.625,0.15545875354128547,1.5487949406953985
1228,0.2,8,True,0.45,0.625,0.11951797627815941,1.2987949406953985
1229,0.2,8,True,0.3714285714285714,0.5,0.10175559829607284,2.0
1230,0.2,8,True,0.3547619047619047,0.625,0.15545875354128547,1.5487949406953985
1231,0.2,8,True,0.3619047619047619,0.625,0.15545875354128547,1.5487949406953985
1232,0.2,8,True,0.35,0.625,0.15545875354128547,1.5487949406953985
1233,0.3,7,True,0.1746031746031746,0.42857142857142855,0.08279110672080625,2.1280852788913944
1234,0.4,6,True,0.23111111111111113,0.3333333333333333,0.08613531161467869,1.9182958340544893
1235,0.9,1,False,,,,
1236,0.9,1,False,,,,
1237,0.9,1,False,,,,
1238,0.9,1,False,,,,
1239,0.9,1,False,,,,
1240,0.9,1,False,,,,
1241,0.9,1,False,,,,
1242,0.9,1,False,,,,
1243,0.9,1,False,,,,
1244,0.9,1,False,,,,
1245,0.9,1,False,,,,
1246,0.9,1,False,,,,
1247,0.9,1,False,,,,
1248,0.9,1,False,,,,
1249,0.9,1,False,,,,
1250,0.9,1,False,,,,
1251,0.9,1,False,,,,
1252,0.9,1,False,,,,
1253,0.2,8,True,0.5166666666666667,0.625,0.06276943678387037,0.954434002924965
1254,0.2,8,True,0.319047619047619,0.5,0.10175559829607272,2.0
1255,0.2,8,True,0.5333333333333333,0.875,0.27015330083790245,0.5435644431995964
1256,0.2,8,True,0.4142857142857143,0.625,0.11951797627815941,1.2987949406953985
1257,0.2,8,True,0.43333333333333335,0.75,0.21452470277266567,1.061278124459133
1258,0.3,7,True,0.3619047619047619,0.5714285714285714,0.11864654673111685,1.6644977792004614
1259,0.8,2,False,,,,
1260,0.3,7,True,0.38412698412698415,0.5714285714285714,0.07678032766449228,1.3787834934861753
1261,0.3,7,True,0.4634920634920635,0.7142857142857143,0.1572623513863327,1.1488348542809166
1262,0.3,7,True,0.5238095238095238,0.8571428571428571,0.1826545778534897,0.5916727785823275
1263,0.3,7,True,0.49523809523809526,0.8571428571428571,0.1826545778534897,0.5916727785823275
1264,0.3,7,True,0.46984126984126984,0.7142857142857143,0.1572623513863327,1.1488348542809166
1265,0.3,7,True,0.4095238095238095,0.7142857142857143,0.06276943678387037,0.863120568566631
1266,0.8,2,False,,,,
1267,0.8,2,False,,,,
1268,0.8,2,False,,,,
1269,0.3,7,True,0.4095238095238095,0.5714285714285714,0.07678032766449228,1.3787834934861753
1270,0.3,7,True,0.3111111111111111,0.5714285714285714,0.11864654673111685,1.6644977792004614
1271,0.4,6,True,0.41777777777777775,0.6666666666666666,0.13903595255631884,1.2516291673878228
1272,1.0,0,False,,,,
1273,1.0,0,False,,,,
1274,1.0,0,False,,,,
1275,1.0,0,False,,,,
1276,0.3,7,True,0.273015873015873,0.2857142857142857,0.05358807178498537,2.2359263506290326
1277,0.3,7,True,0.346031746031746,0.5714285714285714,0.11864654673111685,1.6644977792004614
1278,0.3,7,True,0.31746031746031744,0.5714285714285714,0.11864654673111685,1.6644977792004614
1279,0.3,7,True,0.3079365079365079,0.2857142857142857,0.032511235116438164,1.9502120649147465
1280,0.3,7,True,0.46031746031746035,0.7142857142857143,0.1572623513863327,1.1488348542809166
1281,0.3,7,True,0.3079365079365079,0.5714285714285714,0.11864654673111685,1.6644977792004614
1282,0.3,7,True,0.42539682539682544,0.7142857142857143,0.1572623513863327,1.1488348542809166
1283,0.9,1,False,,,,
1284,0.9,1,False,,,,
1285,0.9,1,False,,,,
1286,0.9,1,False,,,,
1287,0.9,1,False,,,,
1288,0.9,1,False,,,,
1289,0.3,7,True,0.4095238095238095,0.7142857142857143,0.06276943678387037,0.863120568566631
1290,0.3,7,True,0.4380952380952381,0.7142857142857143,0.1572623513863327,1.1488348542809166
1291,0.3,7,True,0.43492063492063493,0.7142857142857143,0.1572623513863327,1.1488348542809166
1292,0.3,7,True,0.4857142857142857,0.8571428571428571,0.1826545778534897,0.5916727785823275
1293,0.3,7,True,0.41269841269841273,0.7142857142857143,0.06276943678387037,0.863120568566631
1294,0.3,7,True,0.3111111111111111,0.42857142857142855,0.06502247023287666,1.8423709931771088
1295,0.3,7,True,0.5047619047619047,0.8571428571428571,0.1826545778534897,0.5916727785823275
1296,0.3,7,True,0.37460317460317455,0.7142857142857143,0.1572623513863327,1.1488348542809166
1297,0.3,7,True,0.44126984126984126,0.7142857142857143,0.06276943678387037,0.863120568566631
1298,0.3,7,True,0.46031746031746035,0.7142857142857143,0.1572623513863327,1.1488348542809166
1299,0.4,6,True,0.4311111111111111,0.6666666666666666,0.13903595255631884,1.2516291673878228
1300,0.4,6,True,0.4666666666666667,0.8333333333333334,0.14132728892674484,0.6500224216483541
1301,0.4,6,True,0.7333333333333333,1.0,0.02904940554533142,0.0
1302,0.4,6,True,0.4666666666666667,0.8333333333333334,0.14132728892674484,0.6500224216483541
1303,0.4,6,True,0.4666666666666667,0.8333333333333334,0.14132728892674484,0.6500224216483541
1304,0.3,7,True,0.44126984126984126,0.7142857142857143,0.1572623513863327,1.1488348542809166
1305,0.3,7,True,0.3492063492063492,0.7142857142857143,0.1572623513863327,1.1488348542809166
1306,0.1,9,True,0.3648148148148148,0.4444444444444444,0.11864654673111685,1.7527152789797045
1307,0.1,9,True,0.32592592592592595,0.5555555555555556,0.16402499191349473,1.8799649487271108
1308,0.1,9,True,0.3907407407407407,0.5555555555555556,0.15545875354128547,1.6577427265048887
1309,0.9,1,False,,,,
1310,0.9,1,False,,,,
1311,0.9,1,False,,,,
1312,0.9,1,False,,,,
1313,1.0,0,False,,,,
1314,1.0,0,False,,,,
1315,1.0,0,False,,,,
1316,1.0,0,False,,,,
1317,1.0,0,False,,,,
1318,0.2,8,True,0.4904761904761905,0.75,0.21452470277266567,1.061278124459133
1319,0.2,8,True,0.4285714285714286,0.625,0.11951797627815941,1.2987949406953985
1320,0.2,8,True,0.430952380952381,0.75,0.21452470277266567,1.061278124459133
1321,1.0,0,False,,,,
1322,1.0,0,False,,,,
1323,1.0,0,False,,,,
1324,0.2,8,True,0.4714285714285714,0.75,0.21452470277266567,1.061278124459133
1325,0.2,8,True,0.6,1.0,0.2780719051126377,0.0
1326,0.2,8,True,0.55,0.875,0.27015330083790245,0.5435644431995964
1327,0.2,8,True,0.42380952380952386,0.75,0.21452470277266567,1.061278124459133
1328,0.2,8,True,0.2380952380952381,0.5,0.08613531161467847,1.75
1329,0.1,9,True,0.3555555555555555,0.4444444444444444,0.10175559829607284,2.058813890331201
1330,0.1,9,True,0.43148148148148147,0.7777777777777778,0.32161017527648017,0.9864267287308424
1331,0.1,9,True,0.4814814814814815,0.8888888888888888,0.41832813428211324,0.5032583347756457
1332,0.8,2,False,,,,
1333,0.1,9,True,0.4166666666666667,0.6666666666666666,0.23729309346223382,1.4466166676282082
1334,0.1,9,True,0.437037037037037,0.5555555555555556,0.1572623513863327,1.3516441151533922
1335,0.1,9,True,0.43333333333333335,0.7777777777777778,0.32161017527648017,0.9864267287308424
1336,0.1,9,True,0.524074074074074,0.7777777777777778,0.27015330083790245,0.7642045065086203
1337,0.1,9,True,0.47222222222222227,0.7777777777777778,0.32161017527648017,0.9864267287308424
1338,0.1,9,True,0.48703703703703705,0.7777777777777778,0.32161017527648017,0.9864267287308424
1339,0.1,9,True,0.40185185185185185,0.7777777777777778,0.32161017527648017,0.9864267287308424
1340,0.1,9,True,0.3462962962962963,0.4444444444444444,0.11864654673111685,1.7527152789797045
1341,0.1,9,True,0.5407407407407407,0.8888888888888888,0.41832813428211324,0.5032583347756457
1342,0.1,9,True,0.47222222222222227,0.7777777777777778,0.32161017527648017,0.9864267287308424
1343,0.1,9,True,0.6,1.0,0.5310044064107188,0.0
1344,0.1,9,True,0.5166666666666667,0.7777777777777778,0.32161017527648017,0.9864267287308424
1345,0.1,9,True,0.4981481481481482,0.7777777777777778,0.32161017527648017,0.9864267287308424
1346,0.1,9,True,0.3777777777777778,0.6666666666666666,0.23729309346223382,1.4466166676282082
1347,0.1,9,True,0.42037037037037034,0.6666666666666666,0.21452470277266567,1.224394445405986
1348,0.1,9,True,0.3851851851851852,0.6666666666666666,0.23729309346223382,1.4466166676282082
1349,0.1,9,True,0.5018518518518519,0.7777777777777778,0.32161017527648017,0.9864267287308424
1350,0.8,2,False,,,,
1351,0.8,2,False,,,,
1352,0.8,2,False,,,,
1353,0.8,2,False,,,,
1354,0.8,2,False,,,,
1355,0.8,2,False,,,,
1356,0.8,2,False,,,,
1357,0.8,2,False,,,,
1358,0.7,3,False,,,,
1359,0.7,3,False,,,,
1360,0.7,3,False,,,,
1361,0.7,3,False,,,,
1362,0.7,3,False,,,,
1363,0.1,9,True,0.4148148148148148,0.7777777777777778,0.32161017527648017,0.9864267287308424
1364,0.1,9,True,0.312962962962963,0.3333333333333333,0.05358807178498537,2.197159723424149
1365,0.1,9,True,0.437037037037037,0.6666666666666666,0.23729309346223382,1.4466166676282082
1366,0.1,9,True,0.6666666666666666,1.0,0.5310044064107188,0.0
1367,0.1,9,True,0.4962962962962963,0.8888888888888888,0.41832813428211324,0.5032583347756457
1368,0.1,9,True,0.5222222222222223,0.7777777777777778,0.27015330083790245,0.7642045065086203
1369,0.1,9,True,0.47222222222222227,0.7777777777777778,0.32161017527648017,0.9864267287308424
1370,0.1,9,True,0.43148148148148147,0.7777777777777778,0.32161017527648017,0.9864267287308424
1371,0.1,9,True,0.6148148148148148,0.8888888888888888,0.41832813428211324,0.5032583347756457
1372,0.1,9,True,0.4462962962962963,0.7777777777777778,0.27015330083790245,0.7642045065086203
1373,0.1,9,True,0.537037037037037,0.7777777777777778,0.32161017527648017,0.9864267287308424
1374,0.1,9,True,0.4185185185185185,0.6666666666666666,0.23729309346223382,1.4466166676282082
1375,0.1,9,True,0.5055555555555556,0.7777777777777778,0.32161017527648017,0.9864267287308424
1376,0.2,8,True,0.5,0.625,0.06276943678387037,0.954434002924965
1377,0.2,8,True,0.45,0.75,0.21452470277266567,1.061278124459133
1378,0.2,8,True,0.4404761904761905,0.75,0.21452470277266567,1.061278124459133
1379,0.2,8,True,0.46190476190476193,0.625,0.11951797627815941,1.2987949406953985
1380,0.2,8,True,0.6,0.875,0.27015330083790245,0.5435644431995964
1381,0.2,8,True,0.39285714285714285,0.75,0.21452470277266567,1.061278124459133
1382,0.2,8,True,0.35952380952380947,0.5,0.08613531161467847,1.75
1383,0.2,8,True,0.5142857142857143,0.75,0.13502647928207268,0.8112781244591328
1384,1.0,0,False,,,,
1385,1.0,0,False,,,,
1386,1.0,0,False,,,,
1387,1.0,0,False,,,,
1388,1.0,0,False,,,,
1389,1.0,0,False,,,,
1390,1.0,0,False,,,,
1391,0.2,8,True,0.35952380952380947,0.625,0.15545875354128547,1.5487949406953985
1392,0.9,1,False,,,,
1393,0.2,8,True,0.3547619047619047,0.75,0.21452470277266567,1.061278124459133
1394,0.1,9,True,0.3111111111111111,0.5555555555555556,0.16402499191349473,1.8799649487271108
1395,0.1,9,True,0.6,1.0,0.5310044064107188,0.0
1396,0.1,9,True,0.5111111111111111,0.8888888888888888,0.41832813428211324,0.5032583347756457
1397,0.1,9,True,0.4703703703703704,0.7777777777777778,0.32161017527648017,0.9864267287308424
1398,0.1,9,True,0.4685185185185185,0.7777777777777778,0.32161017527648017,0.9864267287308424
1399,0.1,9,True,0.5277777777777778,0.6666666666666666,0.1826545778534897,0.9182958340544896
1400,0.9,1,False,,,,
1401,1.0,0,False,,,,
1402,1.0,0,False,,,,
1403,1.0,0,False,,,,
1404,1.0,0,False,,,,
1405,1.0,0,False,,,,
1406,1.0,0,False,,,,
1407,1.0,0,False,,,,
1408,1.0,0,False,,,,
1409,1.0,0,False,,,,
1410,1.0,0,False,,,,
1411,0.2,8,True,0.3547619047619047,0.5,0.08613531161467847,1.75
1412,0.2,8,True,0.43333333333333335,0.875,0.27015330083790245,0.5435644431995964
1413,0.3,7,True,0.5428571428571428,0.8571428571428571,0.1826545778534897,0.5916727785823275
1414,0.3,7,True,0.6857142857142856,0.8571428571428571,0.1826545778534897,0.5916727785823275
1415,0.3,7,True,0.6,1.0,0.1187091007693073,0.0
1416,0.3,7,True,0.32380952380952377,0.5714285714285714,0.11864654673111685,1.6644977792004614
1417,0.3,7,True,0.6666666666666666,1.0,0.1187091007693073,0.0
1418,0.2,8,True,0.2619047619047619,0.375,0.05731928518273999,2.4056390622295662
1419,0.2,8,True,0.5,0.875,0.27015330083790245,0.5435644431995964
1420,0.2,8,True,0.3880952380952381,0.75,0.21452470277266567,1.061278124459133
1421,0.2,8,True,0.6666666666666666,1.0,0.2780719051126377,0.0
1422,0.2,8,True,0.3404761904761905,0.625,0.15545875354128547,1.5487949406953985
1423,0.2,8,True,0.35714285714285715,0.5,0.07678032766449228,1.4056390622295665
1424,0.2,8,True,0.5142857142857143,0.75,0.13502647928207268,0.8112781244591328
1425,0.1,9,True,0.3555555555555555,0.4444444444444444,0.13903595255631884,1.3921472236645345
1426,0.1,9,True,0.4574074074074074,0.7777777777777778,0.32161017527648017,0.9864267287308424
1427,0.1,9,True,0.3722222222222222,0.6666666666666666,0.21452470277266567,1.224394445405986
1428,0.1,9,True,0.4981481481481482,0.7777777777777778,0.32161017527648017,0.9864267287308424
1429,0.6,4,False,,,,
1430,0.1,9,True,0.6,1.0,0.5310044064107188,0.0
1431,0.1,9,True,0.3055555555555555,0.4444444444444444,0.10175559829607284,2.058813890331201
1432,0.2,8,True,0.5,0.5,0.03977028213923883,1.0
1433,0.2,8,True,0.3547619047619047,0.625,0.15545875354128547,1.5487949406953985
1434,0.2,8,True,0.3357142857142857,0.625,0.15545875354128547,1.5487949406953985
1435,0.1,9,True,0.4962962962962963,0.8888888888888888,0.41832813428211324,0.5032583347756457
1436,0.1,9,True,0.4574074074074074,0.7777777777777778,0.32161017527648017,0.9864267287308424
1437,0.2,8,True,0.6,1.0,0.2780719051126377,0.0
1438,0.2,8,True,0.46904761904761905,0.75,0.21452470277266567,1.061278124459133
1439,0.2,8,True,0.55,0.875,0.27015330083790245,0.5435644431995964
1440,0.2,8,True,0.55,0.875,0.27015330083790245,0.5435644431995964
1441,0.2,8,True,0.6,1.0,0.2780719051126377,0.0
1442,1.0,0,False,,,,
1443,0.2,8,True,0.29285714285714287,0.625,0.15545875354128547,1.5487949406953985
1444,0.3,7,True,0.2253968253968254,0.2857142857142857,0.032511235116438386,1.950212064914747
1445,0.5,5,True,0.4,0.8,0.14132728892674484,0.7219280948873623
1446,0.4,6,True,0.41777777777777775,0.5,0.07678032766449228,1.4591479170272448
1447,0.2,8,True,0.39285714285714285,0.75,0.21452470277266567,1.061278124459133
1448,0.2,8,True,0.25952380952380955,0.5,0.10175559829607272,2.0
1449,0.2,8,True,0.47619047619047616,0.75,0.21452470277266567,1.061278124459133
1450,0.2,8,True,0.55,0.875,0.27015330083790245,0.5435644431995964
1451,0.2,8,True,0.6666666666666666,1.0,0.2780719051126377,0.0
1452,0.2,8,True,0.5190476190476191,0.75,0.21452470277266567,1.061278124459133
1453,0.2,8,True,0.55,0.75,0.13502647928207268,0.8112781244591328
1454,1.0,0,False,,,,
1455,1.0,0,False,,,,
1456,1.0,0,False,,,,
1457,1.0,0,False,,,,
1458,1.0,0,False,,,,
1459,1.0,0,False,,,,
1460,1.0,0,False,,,,
1461,1.0,0,False,,,,
1462,1.0,0,False,,,,
1463,1.0,0,False,,,,
1464,1.0,0,False,,,,
1465,1.0,0,False,,,,
1466,1.0,0,False,,,,
1467,1.0,0,False,,,,
1468,1.0,0,False,,,,
1469,1.0,0,False,,,,
1470,1.0,0,False,,,,
1471,1.0,0,False,,,,
1472,1.0,0,False,,,,
1473,1.0,0,False,,,,
1474,1.0,0,False,,,,
1475,1.0,0,False,,,,
1476,1.0,0,False,,,,
1477,0.2,8,True,0.4,0.625,0.11951797627815941,1.2987949406953985
1478,0.2,8,True,0.25952380952380955,0.5,0.08613531161467847,1.75
1479,0.2,8,True,0.4261904761904762,0.5,0.07678032766449228,1.4056390622295665
1480,1.0,0,False,,,,
1481,1.0,0,False,,,,
1482,0.2,8,True,0.4261904761904762,0.5,0.07678032766449228,1.4056390622295665
1483,0.6,4,False,,,,
1484,0.1,9,True,0.2925925925925926,0.4444444444444444,0.10175559829607284,2.058813890331201
1485,0.1,9,True,0.3648148148148148,0.5555555555555556,0.15545875354128547,1.6577427265048887
1486,0.1,9,True,0.5111111111111111,0.7777777777777778,0.32161017527648017,0.9864267287308424
1487,0.1,9,True,0.3722222222222222,0.5555555555555556,0.11951797627815941,1.4355205042826666
1488,0.1,9,True,0.47222222222222227,0.7777777777777778,0.32161017527648017,0.9864267287308424
1489,0.1,9,True,0.4592592592592593,0.7777777777777778,0.32161017527648017,0.9864267287308424
1490,0.1,9,True,0.4185185185185185,0.7777777777777778,0.32161017527648017,0.9864267287308424
1491,0.1,9,True,0.5407407407407407,0.8888888888888888,0.41832813428211324,0.5032583347756457
1492,0.2,8,True,0.47619047619047616,0.75,0.21452470277266567,1.061278124459133
1493,0.2,8,True,0.6261904761904762,0.75,0.13502647928207268,0.8112781244591328
1494,0.2,8,True,0.5142857142857143,0.75,0.13502647928207268,0.8112781244591328
1495,0.2,8,True,0.5333333333333333,0.875,0.27015330083790245,0.5435644431995964
1496,0.2,8,True,0.6,0.875,0.27015330083790245,0.5435644431995964
1497,0.2,8,True,0.30476190476190473,0.5,0.08613531161467847,1.75
1498,0.2,8,True,0.5333333333333333,1.0,0.2780719051126377,0.0
1499,0.2,8,True,0.4285714285714286,0.625,0.11951797627815941,1.2987949406953985
1500,0.1,9,True,0.2925925925925926,0.4444444444444444,0.10175559829607284,2.058813890331201
1501,0.1,9,True,0.5259259259259259,0.8888888888888888,0.41832813428211324,0.5032583347756457
1502,0.1,9,True,0.43333333333333335,0.7777777777777778,0.32161017527648017,0.9864267287308424
1503,0.1,9,True,0.4166666666666667,0.6666666666666666,0.23729309346223382,1.4466166676282082
1504,0.1,9,True,0.5111111111111111,0.8888888888888888,0.41832813428211324,0.5032583347756457
1505,0.1,9,True,0.26481481481481484,0.4444444444444444,0.10167108723147944,2.2810361125534233
1506,0.1,9,True,0.4222222222222223,0.7777777777777778,0.32161017527648017,0.9864267287308424
1507,0.1,9,True,0.47407407407407404,0.7777777777777778,0.32161017527648017,0.9864267287308424
1508,0.2,8,True,0.48333333333333334,0.875,0.27015330083790245,0.5435644431995964
1509,0.2,8,True,0.35952380952380947,0.75,0.21452470277266567,1.061278124459133
1510,0.2,8,True,0.4,0.625,0.11951797627815941,1.2987949406953985
1511,0.2,8,True,0.4928571428571428,0.625,0.06276943678387037,0.954434002924965
1512,0.3,7,True,0.5523809523809523,0.8571428571428571,0.1826545778534897,0.5916727785823275
1513,0.3,7,True,0.49523809523809526,0.5714285714285714,0.008840528567781392,0.9852281360342515
1514,0.2,8,True,0.5380952380952381,0.75,0.21452470277266567,1.061278124459133
1515,0.6,4,False,,,,
1516,0.6,4,False,,,,
1517,0.6,4,False,,,,
1518,0.6,4,False,,,,
1519,0.2,8,True,0.2833333333333333,0.5,0.08613531161467847,1.75
1520,0.2,8,True,0.3119047619047619,0.5,0.08613531161467847,1.75
1521,0.2,8,True,0.55,0.875,0.27015330083790245,0.5435644431995964
1522,0.1,9,True,0.37037037037037035,0.6666666666666666,0.23729309346223382,1.4466166676282082
1523,0.2,8,True,0.5333333333333333,0.875,0.27015330083790245,0.5435644431995964
1524,0.2,8,True,0.32857142857142857,0.5,0.10175559829607272,2.0
1525,0.2,8,True,0.3547619047619047,0.625,0.15545875354128547,1.5487949406953985
1526,0.1,9,True,0.4962962962962963,0.7777777777777778,0.27015330083790245,0.7642045065086203
1527,0.1,9,True,0.24629629629629632,0.3333333333333333,0.0573192851827401,2.4193819456463714
1528,0.1,9,True,0.4425925925925926,0.5555555555555556,0.1572623513863327,1.3516441151533922
1529,0.1,9,True,0.5222222222222223,0.7777777777777778,0.27015330083790245,0.7642045065086203
1530,0.1,9,True,0.29444444444444445,0.5555555555555556,0.16402499191349473,1.8799649487271108
1531,0.8,2,False,,,,
1532,0.8,2,False,,,,
1533,0.8,2,False,,,,
1534,0.8,2,False,,,,
1535,0.1,9,True,0.5259259259259259,0.8888888888888888,0.41832813428211324,0.5032583347756457
1536,0.1,9,True,0.40925925925925927,0.6666666666666666,0.23729309346223382,1.4466166676282082
1537,0.1,9,True,0.47407407407407404,0.7777777777777778,0.32161017527648017,0.9864267287308424
1538,0.1,9,True,0.5611111111111112,0.7777777777777778,0.32161017527648017,0.9864267287308424
1539,0.1,9,True,0.4962962962962963,0.8888888888888888,0.41832813428211324,0.5032583347756457
1540,0.1,9,True,0.562962962962963,0.7777777777777778,0.27015330083790245,0.7642045065086203
1541,0.1,9,True,0.4074074074074074,0.5555555555555556,0.15545875354128547,1.6577427265048887
1542,0.1,9,True,0.47407407407407404,0.8888888888888888,0.41832813428211324,0.5032583347756457
1543,0.1,9,True,0.4592592592592593,0.7777777777777778,0.32161017527648017,0.9864267287308424
1544,0.1,9,True,0.47962962962962963,0.6666666666666666,0.21452470277266567,1.224394445405986
1545,0.1,9,True,0.40925925925925927,0.7777777777777778,0.32161017527648017,0.9864267287308424
1546,0.1,9,True,0.46296296296296297,0.7777777777777778,0.32161017527648017,0.9864267287308424
1547,0.1,9,True,0.3944444444444445,0.4444444444444444,0.11864654673111685,1.7527152789797045
1548,0.1,9,True,0.3851851851851852,0.5555555555555556,0.15545875354128547,1.6577427265048887
1549,0.1,9,True,0.22037037037037036,0.4444444444444444,0.10175559829607284,2.058813890331201
1550,0.3,7,True,0.42539682539682544,0.7142857142857143,0.1572623513863327,1.1488348542809166
1551,0.1,9,True,0.47407407407407404,0.8888888888888888,0.41832813428211324,0.5032583347756457
1552,0.1,9,True,0.562962962962963,0.8888888888888888,0.41832813428211324,0.5032583347756457
1553,0.1,9,True,0.4685185185185185,0.6666666666666666,0.21452470277266567,1.224394445405986
1554,0.1,9,True,0.5555555555555555,0.8888888888888888,0.41832813428211324,0.5032583347756457
1555,0.1,9,True,0.4,0.6666666666666666,0.23729309346223382,1.4466166676282082
1556,0.7,3,False,,,,
1557,0.7,3,False,,,,
1558,0.7,3,False,,,,
1559,0.7,3,False,,,,
1560,0.1,9,True,0.4592592592592593,0.8888888888888888,0.41832813428211324,0.5032583347756457
1561,0.1,9,True,0.4962962962962963,0.8888888888888888,0.41832813428211324,0.5032583347756457
1562,0.1,9,True,0.6148148148148148,0.8888888888888888,0.41832813428211324,0.5032583347756457
1563,0.1,9,True,0.5,0.7777777777777778,0.32161017527648017,0.9864267287308424
1564,0.1,9,True,0.4592592592592593,0.8888888888888888,0.41832813428211324,0.5032583347756457
1565,0.1,9,True,0.7333333333333333,1.0,0.5310044064107188,0.0
1566,0.1,9,True,0.5407407407407407,0.8888888888888888,0.41832813428211324,0.5032583347756457
1567,0.1,9,True,0.5074074074074074,0.7777777777777778,0.27015330083790245,0.7642045065086203
1568,0.1,9,True,0.4962962962962963,0.8888888888888888,0.41832813428211324,0.5032583347756457
1569,0.1,9,True,0.4962962962962963,0.8888888888888888,0.41832813428211324,0.5032583347756457
1570,0.1,9,True,0.30185185185185187,0.4444444444444444,0.08613531161467847,1.836591668108979
1571,0.5,5,True,0.33999999999999997,0.6,0.1572623513863327,1.3709505944546687
1572,0.6,4,False,,,,
1573,0.6,4,False,,,,
1574,0.8,2,False,,,,
1575,0.9,1,False,,,,
1576,0.9,1,False,,,,
1577,0.9,1,False,,,,
1578,0.9,1,False,,,,
1579,0.9,1,False,,,,
1580,0.9,1,False,,,,
1581,0.9,1,False,,,,
1582,0.9,1,False,,,,
1583,0.9,1,False,,,,
1584,0.9,1,False,,,,
1585,0.9,1,False,,,,
1586,0.9,1,False,,,,
1587,0.9,1,False,,,,
1588,0.9,1,False,,,,
1589,0.9,1,False,,,,
1590,0.9,1,False,,,,
1591,0.9,1,False,,,,
1592,0.9,1,False,,,,
1593,0.9,1,False,,,,
1594,0.9,1,False,,,,
1595,0.9,1,False,,,,
1596,0.9,1,False,,,,
1597,1.0,0,False,,,,
1598,1.0,0,False,,,,
1599,0.9,1,False,,,,
1600,0.9,1,False,,,,
1601,0.9,1,False,,,,
1602,0.9,1,False,,,,
1603,0.9,1,False,,,,
1604,0.9,1,False,,,,
1605,0.9,1,False,,,,
1606,0.9,1,False,,,,
1607,0.8,2,False,,,,
1608,0.3,7,True,0.5904761904761905,0.8571428571428571,0.1826545778534897,0.5916727785823275
1609,1.0,0,False,,,,
1610,1.0,0,False,,,,
1611,1.0,0,False,,,,
1612,1.0,0,False,,,,
1613,1.0,0,False,,,,
1614,0.3,7,True,0.3142857142857143,0.42857142857142855,0.06502247023287666,1.8423709931771088
1615,0.3,7,True,0.4571428571428572,0.5714285714285714,0.008840528567781392,0.9852281360342515
1616,0.2,8,True,0.6,1.0,0.2780719051126377,0.0
1617,0.2,8,True,0.35714285714285715,0.75,0.21452470277266567,1.061278124459133
1618,0.4,6,True,0.49333333333333335,0.6666666666666666,0.03977028213923883,0.9182958340544896
1619,0.4,6,True,0.43555555555555553,0.6666666666666666,0.03977028213923883,0.9182958340544896
1620,1.0,0,False,,,,
1621,1.0,0,False,,,,
1622,1.0,0,False,,,,
1623,1.0,0,False,,,,
1624,1.0,0,False,,,,
1625,1.0,0,False,,,,
1626,1.0,0,False,,,,
1627,1.0,0,False,,,,
1628,1.0,0,False,,,,
1629,1.0,0,False,,,,
1630,1.0,0,False,,,,
1631,1.0,0,False,,,,
1632,0.4,6,True,0.5777777777777778,0.8333333333333334,0.14132728892674484,0.6500224216483541
1633,0.1,9,True,0.4,0.4444444444444444,0.13903595255631884,1.3921472236645345
1634,0.1,9,True,0.38333333333333336,0.6666666666666666,0.21452470277266567,1.224394445405986
1635,0.1,9,True,0.36666666666666664,0.6666666666666666,0.21452470277266567,1.224394445405986
1636,0.1,9,True,0.4148148148148148,0.6666666666666666,0.21452470277266567,1.224394445405986
1637,0.1,9,True,0.47222222222222227,0.7777777777777778,0.32161017527648017,0.9864267287308424
1638,0.1,9,True,0.4166666666666667,0.7777777777777778,0.32161017527648017,0.9864267287308424
1639,0.1,9,True,0.512962962962963,0.7777777777777778,0.32161017527648017,0.9864267287308424
1640,0.1,9,True,0.3944444444444445,0.6666666666666666,0.23729309346223382,1.4466166676282082
1641,0.1,9,True,0.4351851851851852,0.7777777777777778,0.32161017527648017,0.9864267287308424
1642,0.1,9,True,0.4962962962962963,0.8888888888888888,0.41832813428211324,0.5032583347756457
1643,0.2,8,True,0.6666666666666666,1.0,0.2780719051126377,0.0
1644,0.2,8,True,0.55,0.75,0.13502647928207268,0.8112781244591328
1645,0.2,8,True,0.4928571428571428,0.625,0.06276943678387037,0.954434002924965
1646,0.2,8,True,0.6,1.0,0.2780719051126377,0.0
1647,0.2,8,True,0.39285714285714285,0.75,0.21452470277266567,1.061278124459133
1648,0.2,8,True,0.41190476190476194,0.5,0.07678032766449228,1.4056390622295665
1649,0.2,8,True,0.3404761904761905,0.625,0.15545875354128547,1.5487949406953985
1650,0.2,8,True,0.5833333333333334,0.875,0.27015330083790245,0.5435644431995964
1651,0.2,8,True,0.5142857142857143,0.75,0.13502647928207268,0.8112781244591328
1652,0.2,8,True,0.48333333333333334,0.875,0.27015330083790245,0.5435644431995964
1653,0.2,8,True,0.5333333333333333,0.875,0.27015330083790245,0.5435644431995964
1654,0.2,8,True,0.44285714285714284,0.75,0.21452470277266567,1.061278124459133
1655,0.2,8,True,0.55,0.75,0.13502647928207268,0.8112781244591328
1656,1.0,0,False,,,,
1657,1.0,0,False,,,,
1658,1.0,0,False,,,,
1659,1.0,0,False,,,,
1660,1.0,0,False,,,,
1661,1.0,0,False,,,,
1662,1.0,0,False,,,,
1663,1.0,0,False,,,,
1664,1.0,0,False,,,,
1665,1.0,0,False,,,,
1666,1.0,0,False,,,,
1667,1.0,0,False,,,,
1668,1.0,0,False,,,,
1669,0.2,8,True,0.3785714285714286,0.625,0.11951797627815941,1.2987949406953985
1670,0.2,8,True,0.5071428571428572,0.75,0.21452470277266567,1.061278124459133
1671,0.2,8,True,0.6,1.0,0.2780719051126377,0.0
1672,0.2,8,True,0.33809523809523806,0.625,0.15545875354128547,1.5487949406953985
1673,0.2,8,True,0.6666666666666666,0.875,0.27015330083790245,0.5435644431995964
1674,0.2,8,True,0.3357142857142857,0.375,0.01452470277266571,1.561278124459133
1675,0.2,8,True,0.5166666666666667,0.875,0.27015330083790245,0.5435644431995964
1676,0.9,1,False,,,,
1677,0.9,1,False,,,,
1678,0.2,8,True,0.49523809523809526,0.75,0.21452470277266567,1.061278124459133
1679,0.2,8,True,0.5,0.875,0.27015330083790245,0.5435644431995964
1680,0.2,8,True,0.4666666666666667,0.875,0.27015330083790245,0.5435644431995964
1681,0.2,8,True,0.44285714285714284,0.75,0.21452470277266567,1.061278124459133
1682,0.2,8,True,0.6666666666666666,1.0,0.2780719051126377,0.0
1683,1.0,0,False,,,,
1684,0.2,8,True,0.7333333333333333,1.0,0.2780719051126377,0.0
1685,0.2,8,True,0.48333333333333334,0.875,0.27015330083790245,0.5435644431995964
1686,0.2,8,True,0.7333333333333333,1.0,0.2780719051126377,0.0
1687,0.2,8,True,0.5333333333333333,1.0,0.2780719051126377,0.0
1688,0.2,8,True,0.5333333333333333,1.0,0.2780719051126377,0.0
1689,0.2,8,True,0.6666666666666666,1.0,0.2780719051126377,0.0
1690,0.2,8,True,0.5666666666666667,0.875,0.27015330083790245,0.5435644431995964
1691,0.2,8,True,0.47380952380952385,0.75,0.21452470277266567,1.061278124459133
1692,0.2,8,True,0.4666666666666667,0.875,0.27015330083790245,0.5435644431995964
1693,0.2,8,True,0.4904761904761905,0.75,0.13502647928207268,0.8112781244591328
1694,0.2,8,True,0.4666666666666667,0.875,0.27015330083790245,0.5435644431995964
1695,0.2,8,True,0.5333333333333333,1.0,0.2780719051126377,0.0
1696,0.2,8,True,0.6,1.0,0.2780719051126377,0.0
1697,0.2,8,True,0.5285714285714286,0.75,0.13502647928207268,0.8112781244591328
1698,0.2,8,True,0.6666666666666666,1.0,0.2780719051126377,0.0
1699,0.2,8,True,0.5166666666666667,0.875,0.27015330083790245,0.5435644431995964
1700,0.2,8,True,0.5333333333333333,1.0,0.2780719051126377,0.0
1701,0.2,8,True,0.7333333333333333,1.0,0.2780719051126377,0.0
1702,0.2,8,True,0.6,1.0,0.2780719051126377,0.0
1703,0.2,8,True,0.47619047619047616,0.75,0.13502647928207268,0.8112781244591328
1704,0.2,8,True,0.6,1.0,0.2780719051126377,0.0
1705,0.2,8,True,0.6,1.0,0.2780719051126377,0.0
1706,1.0,0,False,,,,
1707,0.2,8,True,0.6666666666666666,1.0,0.2780719051126377,0.0
1708,0.2,8,True,0.6,1.0,0.2780719051126377,0.0
1709,0.2,8,True,0.6,0.875,0.27015330083790245,0.5435644431995964
1710,0.2,8,True,0.6666666666666666,1.0,0.2780719051126377,0.0
1711,0.2,8,True,0.6666666666666666,1.0,0.2780719051126377,0.0
1712,0.2,8,True,0.49523809523809526,0.5,0.03977028213923883,1.0
1713,1.0,0,False,,,,
1714,1.0,0,False,,,,
1715,1.0,0,False,,,,
1716,1.0,0,False,,,,
1717,0.2,8,True,0.4285714285714286,0.75,0.13502647928207268,0.8112781244591328
1718,0.2,8,True,0.5166666666666667,0.875,0.27015330083790245,0.5435644431995964
1719,0.2,8,True,0.6,1.0,0.2780719051126377,0.0
1720,0.2,8,True,0.3619047619047619,0.5,0.08613531161467847,1.75
1721,0.3,7,True,0.5047619047619047,0.7142857142857143,0.06276943678387037,0.863120568566631
1722,0.2,8,True,0.5142857142857143,0.75,0.13502647928207268,0.8112781244591328
1723,0.2,8,True,0.3214285714285714,0.5,0.08613531161467847,1.75
1724,0.2,8,True,0.5166666666666667,0.75,0.13502647928207268,0.8112781244591328
1725,0.2,8,True,0.380952380952381,0.5,0.08613531161467847,1.75
1726,0.2,8,True,0.4666666666666667,0.875,0.27015330083790245,0.5435644431995964
1727,0.2,8,True,0.4904761904761905,0.75,0.13502647928207268,0.8112781244591328
1728,0.2,8,True,0.6,1.0,0.2780719051126377,0.0
1729,0.2,8,True,0.37380952380952387,0.625,0.11951797627815941,1.2987949406953985
1730,0.2,8,True,0.55,0.875,0.27015330083790245,0.5435644431995964
1731,0.2,8,True,0.44523809523809527,0.75,0.21452470277266567,1.061278124459133
1732,1.0,0,False,,,,
1733,1.0,0,False,,,,
1734,0.2,8,True,0.6,1.0,0.2780719051126377,0.0
1735,0.2,8,True,0.3880952380952381,0.75,0.21452470277266567,1.061278124459133
1736,0.2,8,True,0.6,1.0,0.2780719051126377,0.0
1737,0.2,8,True,0.6,1.0,0.2780719051126377,0.0
1738,0.2,8,True,0.4285714285714286,0.5,0.07678032766449228,1.4056390622295665
1739,0.2,8,True,0.55,0.875,0.27015330083790245,0.5435644431995964
1740,0.2,8,True,0.4666666666666667,0.875,0.27015330083790245,0.5435644431995964
1741,0.2,8,True,0.5333333333333333,1.0,0.2780719051126377,0.0
1742,0.2,8,True,0.6,1.0,0.2780719051126377,0.0
1743,0.2,8,True,0.6666666666666666,1.0,0.2780719051126377,0.0
1744,0.2,8,True,0.5333333333333333,1.0,0.2780719051126377,0.0
1745,0.2,8,True,0.6666666666666666,1.0,0.2780719051126377,0.0
1746,0.2,8,True,0.6,1.0,0.2780719051126377,0.0
1747,0.2,8,True,0.6666666666666666,1.0,0.2780719051126377,0.0
1748,0.2,8,True,0.5333333333333333,1.0,0.2780719051126377,0.0
1749,0.2,8,True,0.6,1.0,0.2780719051126377,0.0
1750,0.2,8,True,0.7333333333333333,1.0,0.2780719051126377,0.0
1751,0.2,8,True,0.5333333333333333,1.0,0.2780719051126377,0.0
1752,0.2,8,True,0.5333333333333333,1.0,0.2780719051126377,0.0
1753,0.2,8,True,0.5333333333333333,1.0,0.2780719051126377,0.0
1754,0.2,8,True,0.5333333333333333,1.0,0.2780719051126377,0.0
1755,0.2,8,True,0.5333333333333333,0.875,0.27015330083790245,0.5435644431995964
1756,1.0,0,False,,,,
1757,1.0,0,False,,,,
1758,1.0,0,False,,,,
1759,1.0,0,False,,,,
1760,1.0,0,False,,,,
1761,1.0,0,False,,,,
1762,1.0,0,False,,,,
1763,1.0,0,False,,,,
1764,1.0,0,False,,,,
1765,1.0,0,False,,,,
1766,1.0,0,False,,,,
1767,1.0,0,False,,,,
1768,1.0,0,False,,,,
1769,1.0,0,False,,,,
1770,1.0,0,False,,,,
1771,1.0,0,False,,,,
1772,1.0,0,False,,,,
1773,1.0,0,False,,,,
1774,1.0,0,False,,,,
1775,1.0,0,False,,,,
1776,1.0,0,False,,,,
1777,0.2,8,True,0.6,1.0,0.2780719051126377,0.0
1778,0.2,8,True,0.5333333333333333,1.0,0.2780719051126377,0.0
1779,0.2,8,True,0.5333333333333333,1.0,0.2780719051126377,0.0
1780,0.2,8,True,0.5,0.875,0.27015330083790245,0.5435644431995964
1781,0.2,8,True,0.6666666666666666,1.0,0.2780719051126377,0.0
1782,0.2,8,True,0.55,0.75,0.13502647928207268,0.8112781244591328
1783,0.2,8,True,0.5333333333333333,1.0,0.2780719051126377,0.0
1784,0.2,8,True,0.6,1.0,0.2780719051126377,0.0
1785,1.0,0,False,,,,
1786,1.0,0,False,,,,
1787,1.0,0,False,,,,
1788,1.0,0,False,,,,
1789,0.2,8,True,0.6,1.0,0.2780719051126377,0.0
1790,0.2,8,True,0.4,0.625,0.11951797627815941,1.2987949406953985
1791,0.2,8,True,0.5333333333333333,1.0,0.2780719051126377,0.0
1792,0.2,8,True,0.5166666666666667,0.875,0.27015330083790245,0.5435644431995964
1793,0.2,8,True,0.5238095238095238,0.75,0.21452470277266567,1.061278124459133
1794,0.2,8,True,0.5,0.875,0.27015330083790245,0.5435644431995964
1795,0.2,8,True,0.46904761904761905,0.75,0.21452470277266567,1.061278124459133
1796,0.2,8,True,0.46904761904761905,0.625,0.11951797627815941,1.2987949406953985
1797,0.2,8,True,0.5166666666666667,0.875,0.27015330083790245,0.5435644431995964
1798,0.2,8,True,0.4666666666666667,0.875,0.27015330083790245,0.5435644431995964
1799,0.2,8,True,0.4595238095238095,0.75,0.21452470277266567,1.061278124459133
1800,0.2,8,True,0.42380952380952386,0.75,0.13502647928207268,0.8112781244591328
1801,0.8,2,False,,,,
1802,0.3,7,True,0.39047619047619053,0.7142857142857143,0.06276943678387037,0.863120568566631
1803,0.3,7,True,0.41269841269841273,0.7142857142857143,0.06276943678387037,0.863120568566631
1804,0.3,7,True,0.6,1.0,0.1187091007693073,0.0
1805,0.3,7,True,0.3714285714285714,0.5714285714285714,0.008840528567781392,0.9852281360342515
1806,0.3,7,True,0.26666666666666666,0.42857142857142855,0.05226907788083901,1.4488156357251847
1807,0.3,7,True,0.6,1.0,0.1187091007693073,0.0
1808,0.3,7,True,0.6666666666666666,1.0,0.1187091007693073,0.0
1809,0.3,7,True,0.5428571428571428,0.8571428571428571,0.1826545778534897,0.5916727785823275
1810,0.3,7,True,0.46984126984126984,0.7142857142857143,0.06276943678387037,0.863120568566631
1811,0.3,7,True,0.5333333333333333,1.0,0.1187091007693073,0.0
1812,0.3,7,True,0.6,1.0,0.1187091007693073,0.0
1813,0.3,7,True,0.5333333333333333,1.0,0.1187091007693073,0.0
1814,0.3,7,True,0.5714285714285714,0.8571428571428571,0.1826545778534897,0.5916727785823275
1815,0.3,7,True,0.6,1.0,0.1187091007693073,0.0
1816,0.3,7,True,0.6666666666666666,1.0,0.1187091007693073,0.0
1817,0.3,7,True,0.4571428571428572,0.8571428571428571,0.1826545778534897,0.5916727785823275
1818,0.3,7,True,0.5333333333333333,1.0,0.1187091007693073,0.0
1819,0.3,7,True,0.6666666666666666,1.0,0.1187091007693073,0.0
1820,0.3,7,True,0.6,1.0,0.1187091007693073,0.0
1821,0.3,7,True,0.5333333333333333,1.0,0.1187091007693073,0.0
1822,0.3,7,True,0.5333333333333333,1.0,0.1187091007693073,0.0
1823,0.3,7,True,0.5333333333333333,1.0,0.1187091007693073,0.0
1824,0.3,7,True,0.6,1.0,0.1187091007693073,0.0
1825,0.2,8,True,0.5166666666666667,0.875,0.27015330083790245,0.5435644431995964
1826,1.0,0,False,,,,
1827,1.0,0,False,,,,
1828,1.0,0,False,,,,
1829,0.2,8,True,0.43333333333333335,0.875,0.27015330083790245,0.5435644431995964
1830,0.2,8,True,0.6,0.875,0.27015330083790245,0.5435644431995964
1831,0.2,8,True,0.5833333333333334,0.875,0.27015330083790245,0.5435644431995964
1832,0.2,8,True,0.48333333333333334,0.875,0.27015330083790245,0.5435644431995964
1833,0.2,8,True,0.43333333333333335,0.875,0.27015330083790245,0.5435644431995964
1834,0.2,8,True,0.42142857142857143,0.75,0.21452470277266567,1.061278124459133
1835,0.2,8,True,0.45,0.875,0.27015330083790245,0.5435644431995964
1836,0.2,8,True,0.6,1.0,0.2780719051126377,0.0
1837,0.2,8,True,0.45,0.875,0.27015330083790245,0.5435644431995964
1838,0.2,8,True,0.55,0.875,0.27015330083790245,0.5435644431995964
1839,0.2,8,True,0.5333333333333333,1.0,0.2780719051126377,0.0
1840,0.2,8,True,0.44285714285714284,0.75,0.21452470277266567,1.061278124459133
1841,0.2,8,True,0.55,0.875,0.27015330083790245,0.5435644431995964
1842,0.2,8,True,0.7333333333333333,1.0,0.2780719051126377,0.0
1843,0.2,8,True,0.5333333333333333,1.0,0.2780719051126377,0.0
1844,0.2,8,True,0.8666666666666667,1.0,0.2780719051126377,0.0
1845,0.2,8,True,0.6,1.0,0.2780719051126377,0.0
1846,0.2,8,True,0.6,1.0,0.2780719051126377,0.0
1847,0.2,8,True,0.5333333333333333,1.0,0.2780719051126377,0.0
1848,0.2,8,True,0.6,1.0,0.2780719051126377,0.0
1849,0.2,8,True,0.6,1.0,0.2780719051126377,0.0
1850,0.2,8,True,0.6666666666666666,1.0,0.2780719051126377,0.0
1851,0.2,8,True,0.5,0.875,0.27015330083790245,0.5435644431995964
1852,0.2,8,True,0.6,1.0,0.2780719051126377,0.0
1853,0.2,8,True,0.55,0.875,0.27015330083790245,0.5435644431995964
1854,0.2,8,True,0.6,1.0,0.2780719051126377,0.0
1855,0.2,8,True,0.5333333333333333,1.0,0.2780719051126377,0.0
1856,0.2,8,True,0.5333333333333333,0.875,0.27015330083790245,0.5435644431995964
1857,0.2,8,True,0.4666666666666667,0.875,0.27015330083790245,0.5435644431995964
1858,0.2,8,True,0.5666666666666667,0.875,0.27015330083790245,0.5435644431995964
1859,0.2,8,True,0.6,1.0,0.2780719051126377,0.0
1860,0.2,8,True,0.6,1.0,0.2780719051126377,0.0
1861,0.2,8,True,0.7333333333333333,1.0,0.2780719051126377,0.0
1862,0.2,8,True,0.6,1.0,0.2780719051126377,0.0
1863,0.2,8,True,0.7333333333333333,1.0,0.2780719051126377,0.0
1864,0.2,8,True,0.4666666666666667,0.875,0.27015330083790245,0.5435644431995964
1865,0.2,8,True,0.6,1.0,0.2780719051126377,0.0
1866,0.2,8,True,0.5166666666666667,0.875,0.27015330083790245,0.5435644431995964
1867,0.2,8,True,0.5333333333333333,1.0,0.2780719051126377,0.0
1868,0.2,8,True,0.5333333333333333,1.0,0.2780719051126377,0.0
1869,0.2,8,True,0.55,0.875,0.27015330083790245,0.5435644431995964
1870,0.2,8,True,0.55,0.875,0.27015330083790245,0.5435644431995964
1871,0.2,8,True,0.6666666666666666,1.0,0.2780719051126377,0.0
1872,0.2,8,True,0.49523809523809526,0.75,0.21452470277266567,1.061278124459133
1873,0.2,8,True,0.5095238095238095,0.75,0.21452470277266567,1.061278124459133
1874,0.2,8,True,0.5333333333333333,1.0,0.2780719051126377,0.0
1875,0.2,8,True,0.44523809523809527,0.5,0.07678032766449228,1.4056390622295665
1876,0.2,8,True,0.48333333333333334,0.875,0.27015330083790245,0.5435644431995964
1877,0.2,8,True,0.35714285714285715,0.625,0.11951797627815941,1.2987949406953985
1878,0.2,8,True,0.5666666666666667,0.875,0.27015330083790245,0.5435644431995964
1879,0.2,8,True,0.5,0.875,0.27015330083790245,0.5435644431995964
1880,0.2,8,True,0.3619047619047619,0.625,0.11951797627815941,1.2987949406953985
1881,1.0,0,False,,,,
1882,0.2,8,True,0.4666666666666667,0.875,0.27015330083790245,0.5435644431995964
1883,0.2,8,True,0.6,1.0,0.2780719051126377,0.0
1884,0.2,8,True,0.5166666666666667,0.875,0.27015330083790245,0.5435644431995964
1885,0.2,8,True,0.55,0.875,0.27015330083790245,0.5435644431995964
1886,0.2,8,True,0.5071428571428572,0.75,0.21452470277266567,1.061278124459133
1887,1.0,0,False,,,,
1888,0.3,7,True,0.6,1.0,0.1187091007693073,0.0
1889,0.3,7,True,0.6,1.0,0.1187091007693073,0.0
1890,0.8,2,False,,,,
1891,0.8,2,False,,,,
1892,0.3,7,True,0.6666666666666666,1.0,0.1187091007693073,0.0
1893,0.2,8,True,0.369047619047619,0.625,0.11951797627815941,1.2987949406953985
1894,0.2,8,True,0.6666666666666666,1.0,0.2780719051126377,0.0
1895,0.2,8,True,0.44285714285714284,0.75,0.21452470277266567,1.061278124459133
1896,0.2,8,True,0.3785714285714286,0.75,0.21452470277266567,1.061278124459133
1897,0.2,8,True,1.0,1.0,0.2780719051126377,0.0
1898,0.2,8,True,0.55,0.875,0.27015330083790245,0.5435644431995964
1899,0.2,8,True,0.7333333333333333,1.0,0.2780719051126377,0.0
1900,0.2,8,True,0.55,0.875,0.27015330083790245,0.5435644431995964
1901,0.2,8,True,0.48333333333333334,0.875,0.27015330083790245,0.5435644431995964
1902,0.9,1,False,,,,
1903,0.2,8,True,0.42380952380952386,0.625,0.11951797627815941,1.2987949406953985
1904,0.2,8,True,0.6,0.875,0.27015330083790245,0.5435644431995964
1905,0.3,7,True,0.6,1.0,0.1187091007693073,0.0
1906,0.2,8,True,0.6,1.0,0.2780719051126377,0.0
1907,0.2,8,True,0.39047619047619053,0.75,0.21452470277266567,1.061278124459133
1908,0.2,8,True,0.5333333333333333,1.0,0.2780719051126377,0.0
1909,0.2,8,True,0.6666666666666666,1.0,0.2780719051126377,0.0
1910,0.2,8,True,0.6666666666666666,1.0,0.2780719051126377,0.0
1911,0.2,8,True,0.8,1.0,0.2780719051126377,0.0
1912,0.2,8,True,0.55,0.875,0.27015330083790245,0.5435644431995964
1913,0.2,8,True,0.6,1.0,0.2780719051126377,0.0
1914,0.2,8,True,0.5333333333333333,1.0,0.2780719051126377,0.0
1915,0.2,8,True,0.43333333333333335,0.75,0.21452470277266567,1.061278124459133
1916,0.2,8,True,0.5547619047619048,0.75,0.21452470277266567,1.061278124459133
1917,0.3,7,True,0.35238095238095235,0.7142857142857143,0.06276943678387037,0.863120568566631
1918,0.4,6,True,0.8,1.0,0.02904940554533142,0.0
1919,0.4,6,True,0.49777777777777776,0.6666666666666666,0.03977028213923883,0.9182958340544896
1920,0.4,6,True,0.6666666666666666,1.0,0.02904940554533142,0.0
1921,0.4,6,True,0.6,1.0,0.02904940554533142,0.0
1922,0.2,8,True,0.48333333333333334,0.875,0.27015330083790245,0.5435644431995964
1923,0.2,8,True,0.4071428571428572,0.75,0.21452470277266567,1.061278124459133
1924,0.2,8,True,0.45,0.875,0.27015330083790245,0.5435644431995964
1925,0.2,8,True,0.45,0.75,0.21452470277266567,1.061278124459133
1926,0.2,8,True,0.4904761904761905,0.75,0.13502647928207268,0.8112781244591328
1927,0.2,8,True,0.4904761904761905,0.75,0.13502647928207268,0.8112781244591328
1928,0.2,8,True,0.6,1.0,0.2780719051126377,0.0
1929,0.2,8,True,0.65,0.875,0.27015330083790245,0.5435644431995964
1930,0.2,8,True,0.6,1.0,0.2780719051126377,0.0
1931,0.2,8,True,0.4166666666666667,0.625,0.11951797627815941,1.2987949406953985
1932,0.2,8,True,0.6,1.0,0.2780719051126377,0.0
1933,0.2,8,True,0.5333333333333333,1.0,0.2780719051126377,0.0
1934,0.2,8,True,0.6,0.875,0.27015330083790245,0.5435644431995964
1935,0.2,8,True,0.369047619047619,0.5,0.039035952556318865,1.5
1936,0.2,8,True,0.6666666666666666,1.0,0.2780719051126377,0.0
1937,0.2,8,True,0.5333333333333333,1.0,0.2780719051126377,0.0
1938,0.2,8,True,0.6,0.875,0.27015330083790245,0.5435644431995964
1939,0.2,8,True,0.4380952380952381,0.75,0.21452470277266567,1.061278124459133
1940,0.3,7,True,0.5079365079365079,0.7142857142857143,0.06276943678387037,0.863120568566631
1941,0.3,7,True,0.5904761904761905,0.8571428571428571,0.1826545778534897,0.5916727785823275
1942,0.3,7,True,0.5428571428571428,0.8571428571428571,0.1826545778534897,0.5916727785823275
1943,0.2,8,True,0.5333333333333333,1.0,0.2780719051126377,0.0
1944,0.2,8,True,0.7333333333333333,1.0,0.2780719051126377,0.0
1945,0.2,8,True,0.7333333333333333,1.0,0.2780719051126377,0.0
1946,0.2,8,True,0.7333333333333333,1.0,0.2780719051126377,0.0
1947,0.2,8,True,0.45,0.875,0.27015330083790245,0.5435644431995964
1948,0.2,8,True,0.5333333333333333,1.0,0.2780719051126377,0.0
1949,0.1,9,True,0.4592592592592593,0.8888888888888888,0.41832813428211324,0.5032583347756457
1950,0.1,9,True,0.4555555555555556,0.7777777777777778,0.32161017527648017,0.9864267287308424
1951,1.0,0,False,,,,
1952,1.0,0,False,,,,
1953,1.0,0,False,,,,
1954,1.0,0,False,,,,
1955,1.0,0,False,,,,
1956,1.0,0,False,,,,
1957,1.0,0,False,,,,
1958,1.0,0,False,,,,
1959,1.0,0,False,,,,
1960,1.0,0,False,,,,
1961,1.0,0,False,,,,
1962,1.0,0,False,,,,
1963,1.0,0,False,,,,
1964,1.0,0,False,,,,
1965,1.0,0,False,,,,
1966,1.0,0,False,,,,
1967,1.0,0,False,,,,
1968,1.0,0,False,,,,
1969,1.0,0,False,,,,
1970,1.0,0,False,,,,
1971,1.0,0,False,,,,
1972,1.0,0,False,,,,
1973,1.0,0,False,,,,
1974,1.0,0,False,,,,
1975,1.0,0,False,,,,
1976,1.0,0,False,,,,
1977,1.0,0,False,,,,
1978,0.2,8,True,0.42142857142857143,0.75,0.21452470277266567,1.061278124459133
1979,0.2,8,True,0.45,0.875,0.27015330083790245,0.5435644431995964
1980,0.2,8,True,0.55,0.875,0.27015330083790245,0.5435644431995964
1981,0.2,8,True,0.5142857142857143,0.75,0.13502647928207268,0.8112781244591328
1982,0.2,8,True,0.43333333333333335,0.625,0.11951797627815941,1.2987949406953985
1983,0.2,8,True,0.55,0.875,0.27015330083790245,0.5435644431995964
1984,0.3,7,True,0.5238095238095238,0.8571428571428571,0.1826545778534897,0.5916727785823275
1985,0.2,8,True,0.55,0.875,0.27015330083790245,0.5435644431995964
1986,0.2,8,True,0.6,1.0,0.2780719051126377,0.0
1987,0.2,8,True,0.5142857142857143,0.75,0.13502647928207268,0.8112781244591328
1988,0.2,8,True,0.48333333333333334,0.875,0.27015330083790245,0.5435644431995964
1989,0.2,8,True,0.6,1.0,0.2780719051126377,0.0
1990,0.2,8,True,0.6,1.0,0.2780719051126377,0.0
1991,0.2,8,True,0.55,0.875,0.27015330083790245,0.5435644431995964
1992,0.2,8,True,0.5142857142857143,0.75,0.13502647928207268,0.8112781244591328
1993,0.2,8,True,0.5333333333333333,1.0,0.2780719051126377,0.0
1994,0.2,8,True,0.7333333333333333,1.0,0.2780719051126377,0.0
1995,0.2,8,True,0.6,1.0,0.2780719051126377,0.0
1996,0.2,8,True,0.7333333333333333,1.0,0.2780719051126377,0.0
1997,0.2,8,True,0.6,1.0,0.2780719051126377,0.0
1998,0.2,8,True,0.4166666666666667,0.875,0.27015330083790245,0.5435644431995964
1999,1.0,0,False,,,,
2000,0.2,8,True,0.6,1.0,0.2780719051126377,0.0
2001,0.2,8,True,0.5833333333333334,0.875,0.27015330083790245,0.5435644431995964
2002,0.2,8,True,0.55,0.875,0.27015330083790245,0.5435644431995964
2003,0.2,8,True,0.6,1.0,0.2780719051126377,0.0
2004,0.2,8,True,0.511904761904762,0.75,0.13502647928207268,0.8112781244591328
2005,0.2,8,True,0.6,1.0,0.2780719051126377,0.0
2006,0.2,8,True,0.6,0.875,0.27015330083790245,0.5435644431995964
2007,0.2,8,True,0.48333333333333334,0.875,0.27015330083790245,0.5435644431995964
2008,0.2,8,True,0.45,0.875,0.27015330083790245,0.5435644431995964
2009,0.2,8,True,0.6,1.0,0.2780719051126377,0.0
2010,0.2,8,True,0.6666666666666666,1.0,0.2780719051126377,0.0
2011,0.2,8,True,0.55,0.875,0.27015330083790245,0.5435644431995964
2012,0.2,8,True,0.6,1.0,0.2780719051126377,0.0
2013,0.2,8,True,0.6666666666666666,1.0,0.2780719051126377,0.0
2014,0.2,8,True,0.37619047619047613,0.625,0.15545875354128547,1.5487949406953985
2015,0.2,8,True,0.32380952380952377,0.625,0.15545875354128547,1.5487949406953985
2016,0.2,8,True,0.44761904761904764,0.75,0.13502647928207268,0.8112781244591328
2017,0.2,8,True,0.4714285714285714,0.625,0.11951797627815941,1.2987949406953985
2018,0.2,8,True,0.47380952380952385,0.75,0.21452470277266567,1.061278124459133
2019,0.2,8,True,0.5833333333333334,0.875,0.27015330083790245,0.5435644431995964
2020,0.2,8,True,0.5333333333333333,1.0,0.2780719051126377,0.0
2021,0.2,8,True,0.4666666666666667,0.875,0.27015330083790245,0.5435644431995964
2022,0.2,8,True,0.5166666666666667,0.625,0.06276943678387037,0.954434002924965
2023,0.2,8,True,0.5666666666666667,0.875,0.27015330083790245,0.5435644431995964
2024,0.2,8,True,0.5,0.875,0.27015330083790245,0.5435644431995964
2025,0.2,8,True,0.6,1.0,0.2780719051126377,0.0
2026,0.2,8,True,0.6666666666666666,1.0,0.2780719051126377,0.0
2027,0.2,8,True,0.5333333333333333,0.875,0.27015330083790245,0.5435644431995964
2028,0.2,8,True,0.6666666666666666,1.0,0.2780719051126377,0.0
2029,0.2,8,True,0.4904761904761905,0.75,0.13502647928207268,0.8112781244591328
2030,0.2,8,True,0.48333333333333334,0.75,0.13502647928207268,0.8112781244591328
2031,0.2,8,True,0.3714285714285714,0.625,0.15545875354128547,1.5487949406953985
2032,0.9,1,False,,,,
2033,1.0,0,False,,,,
2034,1.0,0,False,,,,
2035,1.0,0,False,,,,
2036,1.0,0,False,,,,
2037,1.0,0,False,,,,
2038,1.0,0,False,,,,
2039,1.0,0,False,,,,
2040,1.0,0,False,,,,
2041,1.0,0,False,,,,
2042,1.0,0,False,,,,
2043,1.0,0,False,,,,
2044,1.0,0,False,,,,
2045,1.0,0,False,,,,
2046,1.0,0,False,,,,
2047,1.0,0,False,,,,
2048,1.0,0,False,,,,
2049,1.0,0,False,,,,
2050,1.0,0,False,,,,
2051,1.0,0,False,,,,
2052,1.0,0,False,,,,
2053,1.0,0,False,,,,
2054,1.0,0,False,,,,
2055,1.0,0,False,,,,
2056,1.0,0,False,,,,
2057,1.0,0,False,,,,
2058,1.0,0,False,,,,
2059,0.2,8,True,0.4285714285714286,0.625,0.11951797627815941,1.2987949406953985
2060,0.2,8,True,0.5666666666666667,0.875,0.27015330083790245,0.5435644431995964
2061,0.1,9,True,0.6666666666666666,1.0,0.5310044064107188,0.0
2062,0.1,9,True,0.6666666666666666,1.0,0.5310044064107188,0.0
2063,0.1,9,True,0.6666666666666666,1.0,0.5310044064107188,0.0
2064,0.1,9,True,0.5555555555555555,0.8888888888888888,0.41832813428211324,0.5032583347756457
2065,0.1,9,True,0.5333333333333333,1.0,0.5310044064107188,0.0
2066,0.1,9,True,0.7333333333333333,1.0,0.5310044064107188,0.0
2067,0.1,9,True,0.5555555555555555,0.8888888888888888,0.41832813428211324,0.5032583347756457
2068,0.1,9,True,0.6,1.0,0.5310044064107188,0.0
2069,0.1,9,True,0.48333333333333334,0.7777777777777778,0.27015330083790245,0.7642045065086203
2070,0.1,9,True,0.5333333333333333,1.0,0.5310044064107188,0.0
2071,0.1,9,True,0.5333333333333333,1.0,0.5310044064107188,0.0
2072,0.1,9,True,0.5777777777777778,0.8888888888888888,0.41832813428211324,0.5032583347756457
2073,0.1,9,True,0.6,1.0,0.5310044064107188,0.0
2074,0.1,9,True,0.6814814814814815,0.8888888888888888,0.41832813428211324,0.5032583347756457
2075,0.1,9,True,0.5259259259259259,0.8888888888888888,0.41832813428211324,0.5032583347756457
2076,0.1,9,True,0.5333333333333333,1.0,0.5310044064107188,0.0
2077,0.1,9,True,0.4148148148148148,0.5555555555555556,0.1572623513863327,1.3516441151533922
2078,0.1,9,True,0.6,1.0,0.5310044064107188,0.0
2079,0.1,9,True,0.5333333333333333,1.0,0.5310044064107188,0.0
2080,0.1,9,True,0.5074074074074074,0.7777777777777778,0.27015330083790245,0.7642045065086203
2081,0.1,9,True,0.5333333333333333,1.0,0.5310044064107188,0.0
2082,0.1,9,True,0.6,1.0,0.5310044064107188,0.0
2083,0.1,9,True,0.48888888888888893,0.8888888888888888,0.41832813428211324,0.5032583347756457
2084,0.1,9,True,0.5333333333333333,1.0,0.5310044064107188,0.0
2085,0.1,9,True,0.6,1.0,0.5310044064107188,0.0
2086,0.1,9,True,0.5037037037037037,0.8888888888888888,0.41832813428211324,0.5032583347756457
2087,0.1,9,True,0.6,1.0,0.5310044064107188,0.0
2088,0.1,9,True,0.48888888888888893,0.8888888888888888,0.41832813428211324,0.5032583347756457
2089,0.1,9,True,0.6,1.0,0.5310044064107188,0.0
2090,0.1,9,True,0.6666666666666666,1.0,0.5310044064107188,0.0
2091,0.1,9,True,0.5333333333333333,1.0,0.5310044064107188,0.0
2092,0.1,9,True,0.5111111111111111,0.8888888888888888,0.41832813428211324,0.5032583347756457
2093,0.1,9,True,0.4592592592592593,0.6666666666666666,0.21452470277266567,1.224394445405986
2094,0.1,9,True,0.5555555555555555,0.8888888888888888,0.41832813428211324,0.5032583347756457
2095,0.2,8,True,0.46190476190476193,0.625,0.06276943678387037,0.954434002924965
2096,0.2,8,True,0.48333333333333334,0.875,0.27015330083790245,0.5435644431995964
2097,0.2,8,True,0.4285714285714286,0.75,0.21452470277266567,1.061278124459133
2098,0.2,8,True,0.5166666666666667,0.625,0.06276943678387037,0.954434002924965
2099,0.2,8,True,0.55,0.875,0.27015330083790245,0.5435644431995964
2100,0.2,8,True,0.36666666666666664,0.625,0.11951797627815941,1.2987949406953985
2101,0.2,8,True,0.5333333333333333,1.0,0.2780719051126377,0.0
2102,0.2,8,True,0.6,1.0,0.2780719051126377,0.0
2103,0.2,8,True,0.44761904761904764,0.75,0.13502647928207268,0.8112781244591328
2104,0.2,8,True,0.43333333333333335,0.875,0.27015330083790245,0.5435644431995964
2105,1.0,0,False,,,,
2106,0.2,8,True,0.49523809523809526,0.75,0.21452470277266567,1.061278124459133
2107,0.2,8,True,0.5166666666666667,0.875,0.27015330083790245,0.5435644431995964
2108,0.2,8,True,0.5333333333333333,1.0,0.2780719051126377,0.0
2109,0.2,8,True,0.6,1.0,0.2780719051126377,0.0
2110,0.2,8,True,0.6,1.0,0.2780719051126377,0.0
2111,0.2,8,True,0.6666666666666666,1.0,0.2780719051126377,0.0
2112,0.2,8,True,0.48333333333333334,0.875,0.27015330083790245,0.5435644431995964
2113,0.2,8,True,0.5333333333333333,0.875,0.27015330083790245,0.5435644431995964
2114,0.2,8,True,0.6666666666666666,1.0,0.2780719051126377,0.0
2115,0.2,8,True,0.6666666666666666,1.0,0.2780719051126377,0.0
2116,0.2,8,True,0.4261904761904762,0.625,0.06276943678387037,0.954434002924965
2117,0.2,8,True,0.6,1.0,0.2780719051126377,0.0
2118,0.2,8,True,0.5333333333333333,1.0,0.2780719051126377,0.0
2119,0.2,8,True,0.45,0.875,0.27015330083790245,0.5435644431995964
2120,1.0,0,False,,,,
2121,1.0,0,False,,,,
2122,1.0,0,False,,,,
2123,0.2,8,True,0.6,1.0,0.2780719051126377,0.0
2124,0.2,8,True,0.5,0.875,0.27015330083790245,0.5435644431995964
2125,0.2,8,True,0.5,0.875,0.27015330083790245,0.5435644431995964
2126,0.2,8,True,0.5833333333333334,0.875,0.27015330083790245,0.5435644431995964
2127,0.2,8,True,0.8,1.0,0.2780719051126377,0.0
2128,0.1,9,True,0.5166666666666667,0.7777777777777778,0.32161017527648017,0.9864267287308424
2129,0.2,8,True,0.5833333333333334,0.875,0.27015330083790245,0.5435644431995964
2130,0.1,9,True,0.6074074074074074,0.8888888888888888,0.41832813428211324,0.5032583347756457
2131,0.1,9,True,0.4592592592592593,0.7777777777777778,0.32161017527648017,0.9864267287308424
2132,0.1,9,True,0.5555555555555555,0.8888888888888888,0.41832813428211324,0.5032583347756457
2133,0.1,9,True,0.4111111111111111,0.4444444444444444,0.13903595255631884,1.3921472236645345
2134,0.1,9,True,0.6,1.0,0.5310044064107188,0.0
2135,0.1,9,True,0.6,1.0,0.5310044064107188,0.0
2136,0.1,9,True,0.6,1.0,0.5310044064107188,0.0
2137,0.1,9,True,0.5333333333333333,1.0,0.5310044064107188,0.0
2138,0.1,9,True,1.0,1.0,0.5310044064107188,0.0
2139,0.1,9,True,0.6,1.0,0.5310044064107188,0.0
2140,0.1,9,True,0.6666666666666666,1.0,0.5310044064107188,0.0
2141,0.1,9,True,0.5333333333333333,1.0,0.5310044064107188,0.0
2142,0.1,9,True,0.5333333333333333,1.0,0.5310044064107188,0.0
2143,0.1,9,True,0.5555555555555555,0.8888888888888888,0.41832813428211324,0.5032583347756457
2144,0.1,9,True,0.6,1.0,0.5310044064107188,0.0
2145,0.1,9,True,0.6,1.0,0.5310044064107188,0.0
2146,0.1,9,True,0.5333333333333333,1.0,0.5310044064107188,0.0
2147,0.1,9,True,0.5407407407407407,0.8888888888888888,0.41832813428211324,0.5032583347756457
2148,0.1,9,True,0.6,1.0,0.5310044064107188,0.0
2149,0.1,9,True,0.5333333333333333,1.0,0.5310044064107188,0.0
2150,0.1,9,True,0.5333333333333333,1.0,0.5310044064107188,0.0
2151,0.1,9,True,0.6666666666666666,1.0,0.5310044064107188,0.0
2152,0.1,9,True,0.5333333333333333,1.0,0.5310044064107188,0.0
2153,0.1,9,True,0.7333333333333333,0.8888888888888888,0.41832813428211324,0.5032583347756457
2154,0.1,9,True,0.5333333333333333,1.0,0.5310044064107188,0.0
2155,0.1,9,True,0.5259259259259259,0.8888888888888888,0.41832813428211324,0.5032583347756457
2156,0.1,9,True,0.3962962962962963,0.5555555555555556,0.14132728892674484,0.9910760598382222
2157,0.1,9,True,0.4814814814814815,0.7777777777777778,0.27015330083790245,0.7642045065086203
2158,0.1,9,True,0.5777777777777778,0.8888888888888888,0.41832813428211324,0.5032583347756457
2159,0.1,9,True,0.5333333333333333,1.0,0.5310044064107188,0.0
2160,0.1,9,True,0.5555555555555555,0.8888888888888888,0.41832813428211324,0.5032583347756457
2161,0.1,9,True,0.6,1.0,0.5310044064107188,0.0
2162,0.1,9,True,0.5333333333333333,1.0,0.5310044064107188,0.0
2163,0.1,9,True,0.6148148148148148,0.8888888888888888,0.41832813428211324,0.5032583347756457
2164,0.1,9,True,0.42037037037037034,0.6666666666666666,0.23729309346223382,1.4466166676282082
2165,0.1,9,True,0.6,1.0,0.5310044064107188,0.0
2166,0.1,9,True,0.7333333333333333,1.0,0.5310044064107188,0.0
2167,0.1,9,True,0.6,1.0,0.5310044064107188,0.0
2168,0.1,9,True,0.5333333333333333,1.0,0.5310044064107188,0.0
2169,0.1,9,True,0.47407407407407404,0.8888888888888888,0.41832813428211324,0.5032583347756457
2170,0.1,9,True,0.7333333333333333,1.0,0.5310044064107188,0.0
2171,0.1,9,True,0.5333333333333333,1.0,0.5310044064107188,0.0
2172,0.1,9,True,0.5555555555555555,0.8888888888888888,0.41832813428211324,0.5032583347756457
2173,0.1,9,True,0.6666666666666666,1.0,0.5310044064107188,0.0
2174,0.1,9,True,0.5333333333333333,1.0,0.5310044064107188,0.0
2175,0.1,9,True,0.5333333333333333,1.0,0.5310044064107188,0.0
2176,0.1,9,True,0.6,1.0,0.5310044064107188,0.0
2177,0.1,9,True,0.5259259259259259,0.8888888888888888,0.41832813428211324,0.5032583347756457
2178,0.1,9,True,0.47407407407407404,0.8888888888888888,0.41832813428211324,0.5032583347756457
2179,0.1,9,True,0.5074074074074074,0.7777777777777778,0.27015330083790245,0.7642045065086203
2180,0.1,9,True,0.5111111111111111,0.8888888888888888,0.41832813428211324,0.5032583347756457
2181,0.1,9,True,0.674074074074074,0.8888888888888888,0.41832813428211324,0.5032583347756457
2182,0.1,9,True,0.6,1.0,0.5310044064107188,0.0
2183,0.1,9,True,0.6,1.0,0.5310044064107188,0.0
2184,0.1,9,True,0.6666666666666666,1.0,0.5310044064107188,0.0
2185,0.1,9,True,0.8,1.0,0.5310044064107188,0.0
2186,0.1,9,True,0.5333333333333333,1.0,0.5310044064107188,0.0
2187,0.1,9,True,0.6,1.0,0.5310044064107188,0.0
2188,0.1,9,True,0.6666666666666666,1.0,0.5310044064107188,0.0
2189,0.1,9,True,0.6,1.0,0.5310044064107188,0.0
2190,0.1,9,True,0.5333333333333333,1.0,0.5310044064107188,0.0
2191,0.1,9,True,0.7333333333333333,1.0,0.5310044064107188,0.0
2192,0.1,9,True,0.7333333333333333,1.0,0.5310044064107188,0.0
2193,0.1,9,True,0.5555555555555555,0.8888888888888888,0.41832813428211324,0.5032583347756457
2194,0.1,9,True,0.7333333333333333,1.0,0.5310044064107188,0.0
2195,0.1,9,True,0.6666666666666666,1.0,0.5310044064107188,0.0
2196,0.1,9,True,0.7333333333333333,1.0,0.5310044064107188,0.0
2197,0.1,9,True,0.5333333333333333,1.0,0.5310044064107188,0.0
2198,0.1,9,True,0.7333333333333333,1.0,0.5310044064107188,0.0
2199,0.1,9,True,0.6,1.0,0.5310044064107188,0.0
2200,0.1,9,True,0.4222222222222223,0.5555555555555556,0.14132728892674484,0.9910760598382222
2201,0.1,9,True,0.562962962962963,0.8888888888888888,0.41832813428211324,0.5032583347756457
2202,0.1,9,True,0.6,0.8888888888888888,0.41832813428211324,0.5032583347756457
2203,0.1,9,True,0.5185185185185185,0.7777777777777778,0.32161017527648017,0.9864267287308424
2204,0.1,9,True,0.6666666666666666,1.0,0.5310044064107188,0.0
2205,0.1,9,True,0.562962962962963,0.8888888888888888,0.41832813428211324,0.5032583347756457
2206,0.1,9,True,0.5185185185185185,0.8888888888888888,0.41832813428211324,0.5032583347756457
2207,0.1,9,True,0.4222222222222223,0.7777777777777778,0.32161017527648017,0.9864267287308424
2208,1.0,0,False,,,,
2209,0.1,9,True,0.43333333333333335,0.7777777777777778,0.32161017527648017,0.9864267287308424
2210,1.0,0,False,,,,
2211,1.0,0,False,,,,
2212,1.0,0,False,,,,
2213,1.0,0,False,,,,
2214,0.1,9,True,0.5333333333333333,1.0,0.5310044064107188,0.0
2215,0.1,9,True,0.5333333333333333,1.0,0.5310044064107188,0.0
2216,0.1,9,True,0.5555555555555555,0.8888888888888888,0.41832813428211324,0.5032583347756457
2217,0.1,9,True,0.48888888888888893,0.8888888888888888,0.41832813428211324,0.5032583347756457
2218,0.1,9,True,0.6,1.0,0.5310044064107188,0.0
2219,0.9,1,False,,,,
2220,0.9,1,False,,,,
2221,0.1,9,True,0.6,1.0,0.5310044064107188,0.0
2222,0.1,9,True,0.4444444444444444,0.8888888888888888,0.41832813428211324,0.5032583347756457
2223,0.1,9,True,0.5111111111111111,0.8888888888888888,0.41832813428211324,0.5032583347756457
2224,0.1,9,True,0.6888888888888888,0.8888888888888888,0.41832813428211324,0.5032583347756457
2225,0.1,9,True,0.48888888888888893,0.8888888888888888,0.41832813428211324,0.5032583347756457
2226,0.1,9,True,0.5259259259259259,0.8888888888888888,0.41832813428211324,0.5032583347756457
2227,0.1,9,True,0.8,1.0,0.5310044064107188,0.0
2228,0.1,9,True,0.5555555555555555,0.8888888888888888,0.41832813428211324,0.5032583347756457
2229,0.1,9,True,0.6,1.0,0.5310044064107188,0.0
2230,0.1,9,True,0.5555555555555555,0.8888888888888888,0.41832813428211324,0.5032583347756457
2231,0.1,9,True,0.47407407407407404,0.8888888888888888,0.41832813428211324,0.5032583347756457
2232,0.1,9,True,0.44814814814814813,0.7777777777777778,0.32161017527648017,0.9864267287308424
2233,0.1,9,True,0.5333333333333333,1.0,0.5310044064107188,0.0
2234,0.1,9,True,0.5555555555555555,0.8888888888888888,0.41832813428211324,0.5032583347756457
2235,0.1,9,True,0.5333333333333333,1.0,0.5310044064107188,0.0
2236,0.1,9,True,0.7333333333333333,1.0,0.5310044064107188,0.0
2237,0.1,9,True,0.6666666666666666,1.0,0.5310044064107188,0.0
2238,0.1,9,True,0.5555555555555555,0.8888888888888888,0.41832813428211324,0.5032583347756457
2239,0.1,9,True,0.44814814814814813,0.6666666666666666,0.21452470277266567,1.224394445405986
2240,0.1,9,True,0.8666666666666667,1.0,0.5310044064107188,0.0
2241,0.1,9,True,0.6666666666666666,1.0,0.5310044064107188,0.0
2242,0.1,9,True,0.5037037037037037,0.8888888888888888,0.41832813428211324,0.5032583347756457
2243,0.1,9,True,0.5185185185185185,0.8888888888888888,0.41832813428211324,0.5032583347756457
2244,0.1,9,True,0.44814814814814813,0.7777777777777778,0.32161017527648017,0.9864267287308424
2245,0.1,9,True,0.4351851851851852,0.7777777777777778,0.32161017527648017,0.9864267287308424
2246,0.1,9,True,0.5333333333333333,1.0,0.5310044064107188,0.0
2247,0.1,9,True,0.4555555555555556,0.7777777777777778,0.27015330083790245,0.7642045065086203
2248,0.1,9,True,0.6,1.0,0.5310044064107188,0.0
2249,0.1,9,True,0.5333333333333333,1.0,0.5310044064107188,0.0
2250,0.1,9,True,0.5333333333333333,1.0,0.5310044064107188,0.0
2251,0.1,9,True,0.5555555555555555,0.8888888888888888,0.41832813428211324,0.5032583347756457
2252,0.1,9,True,0.5333333333333333,1.0,0.5310044064107188,0.0
2253,0.1,9,True,0.6,1.0,0.5310044064107188,0.0
2254,0.1,9,True,0.5333333333333333,1.0,0.5310044064107188,0.0
2255,0.1,9,True,0.5333333333333333,1.0,0.5310044064107188,0.0
2256,0.1,9,True,0.6,1.0,0.5310044064107188,0.0
2257,0.1,9,True,0.6666666666666666,1.0,0.5310044064107188,0.0
2258,0.1,9,True,0.6,1.0,0.5310044064107188,0.0
2259,0.1,9,True,0.6,1.0,0.5310044064107188,0.0
2260,0.1,9,True,0.5333333333333333,1.0,0.5310044064107188,0.0
2261,0.1,9,True,0.5333333333333333,1.0,0.5310044064107188,0.0
2262,0.1,9,True,0.6,1.0,0.5310044064107188,0.0
2263,0.3,7,True,0.5015873015873016,0.7142857142857143,0.06276943678387037,0.863120568566631
2264,0.3,7,True,0.5333333333333333,1.0,0.1187091007693073,0.0
2265,0.3,7,True,0.5333333333333333,1.0,0.1187091007693073,0.0
2266,0.3,7,True,0.5428571428571428,0.8571428571428571,0.1826545778534897,0.5916727785823275
2267,0.3,7,True,0.6666666666666666,1.0,0.1187091007693073,0.0
2268,0.3,7,True,0.5333333333333333,1.0,0.1187091007693073,0.0
2269,0.3,7,True,0.6,1.0,0.1187091007693073,0.0
2270,0.3,7,True,0.7333333333333333,1.0,0.1187091007693073,0.0
2271,0.3,7,True,0.6666666666666666,1.0,0.1187091007693073,0.0
2272,0.3,7,True,0.6666666666666666,1.0,0.1187091007693073,0.0
2273,0.3,7,True,0.5333333333333333,1.0,0.1187091007693073,0.0
2274,0.3,7,True,0.6,1.0,0.1187091007693073,0.0
2275,0.3,7,True,0.6666666666666666,1.0,0.1187091007693073,0.0
2276,0.3,7,True,0.5333333333333333,1.0,0.1187091007693073,0.0
2277,0.3,7,True,0.4380952380952381,0.8571428571428571,0.1826545778534897,0.5916727785823275
2278,0.3,7,True,0.4666666666666667,0.8571428571428571,0.1826545778534897,0.5916727785823275
2279,0.3,7,True,0.49523809523809526,0.8571428571428571,0.1826545778534897,0.5916727785823275
2280,0.3,7,True,0.4666666666666667,0.8571428571428571,0.1826545778534897,0.5916727785823275
2281,0.3,7,True,0.47619047619047616,0.8571428571428571,0.1826545778534897,0.5916727785823275
2282,0.3,7,True,0.6761904761904761,0.8571428571428571,0.1826545778534897,0.5916727785823275
2283,0.3,7,True,0.4571428571428572,0.8571428571428571,0.1826545778534897,0.5916727785823275
2284,0.3,7,True,0.5142857142857143,0.8571428571428571,0.1826545778534897,0.5916727785823275
2285,0.9,1,False,,,,
2286,0.9,1,False,,,,
2287,0.9,1,False,,,,
2288,0.9,1,False,,,,
2289,0.9,1,False,,,,
2290,0.9,1,False,,,,
2291,0.9,1,False,,,,
2292,0.9,1,False,,,,
2293,0.9,1,False,,,,
2294,0.9,1,False,,,,
2295,0.9,1,False,,,,
2296,0.9,1,False,,,,
2297,0.9,1,False,,,,
2298,0.9,1,False,,,,
2299,0.9,1,False,,,,
2300,0.9,1,False,,,,
2301,0.9,1,False,,,,
2302,0.9,1,False,,,,
2303,0.9,1,False,,,,
2304,0.9,1,False,,,,
2305,0.9,1,False,,,,
2306,0.9,1,False,,,,
2307,0.9,1,False,,,,
2308,0.9,1,False,,,,
2309,0.9,1,False,,,,
2310,0.9,1,False,,,,
2311,0.9,1,False,,,,
2312,0.9,1,False,,,,
2313,0.9,1,False,,,,
2314,0.9,1,False,,,,
2315,0.9,1,False,,,,
2316,0.9,1,False,,,,
2317,0.9,1,False,,,,
2318,0.9,1,False,,,,
2319,0.9,1,False,,,,
2320,0.9,1,False,,,,
2321,0.9,1,False,,,,
2322,0.9,1,False,,,,
2323,0.9,1,False,,,,
2324,0.9,1,False,,,,
2325,0.9,1,False,,,,
2326,0.9,1,False,,,,
2327,0.9,1,False,,,,
2328,0.9,1,False,,,,
2329,0.9,1,False,,,,
2330,0.9,1,False,,,,
2331,0.9,1,False,,,,
2332,0.9,1,False,,,,
2333,0.9,1,False,,,,
2334,0.9,1,False,,,,
2335,0.9,1,False,,,,
2336,0.9,1,False,,,,
2337,0.9,1,False,,,,
2338,0.9,1,False,,,,
2339,0.9,1,False,,,,
2340,0.9,1,False,,,,
2341,0.9,1,False,,,,
2342,0.9,1,False,,,,
2343,0.9,1,False,,,,
2344,0.9,1,False,,,,
2345,0.9,1,False,,,,
2346,0.9,1,False,,,,
2347,0.9,1,False,,,,
2348,0.9,1,False,,,,
2349,0.9,1,False,,,,
2350,0.9,1,False,,,,
2351,0.9,1,False,,,,
2352,0.9,1,False,,,,
2353,0.9,1,False,,,,
2354,0.9,1,False,,,,
2355,0.9,1,False,,,,
2356,0.9,1,False,,,,
2357,0.9,1,False,,,,
2358,0.9,1,False,,,,
2359,0.9,1,False,,,,
2360,0.9,1,False,,,,
2361,0.9,1,False,,,,
2362,0.9,1,False,,,,
2363,0.9,1,False,,,,
2364,0.9,1,False,,,,
2365,0.9,1,False,,,,
2366,0.9,1,False,,,,
2367,0.9,1,False,,,,
2368,0.9,1,False,,,,
2369,0.9,1,False,,,,
2370,0.9,1,False,,,,
2371,0.9,1,False,,,,
2372,0.9,1,False,,,,
2373,0.9,1,False,,,,
2374,0.9,1,False,,,,
2375,0.9,1,False,,,,
2376,0.9,1,False,,,,
2377,0.9,1,False,,,,
2378,0.9,1,False,,,,
2379,0.9,1,False,,,,
2380,0.9,1,False,,,,
2381,0.9,1,False,,,,
2382,0.9,1,False,,,,
2383,0.9,1,False,,,,
2384,0.9,1,False,,,,
2385,0.9,1,False,,,,
2386,0.9,1,False,,,,
2387,0.9,1,False,,,,
2388,0.9,1,False,,,,
2389,0.9,1,False,,,,
2390,0.9,1,False,,,,
2391,0.9,1,False,,,,
2392,0.9,1,False,,,,
2393,0.9,1,False,,,,
2394,0.9,1,False,,,,
2395,0.9,1,False,,,,
2396,0.9,1,False,,,,
2397,0.9,1,False,,,,
2398,0.9,1,False,,,,
2399,0.9,1,False,,,,
2400,0.9,1,False,,,,
2401,0.9,1,False,,,,
2402,0.9,1,False,,,,
2403,0.9,1,False,,,,
2404,0.9,1,False,,,,
2405,0.9,1,False,,,,
2406,0.9,1,False,,,,
2407,0.9,1,False,,,,
2408,0.9,1,False,,,,
2409,0.9,1,False,,,,
2410,0.9,1,False,,,,
2411,0.9,1,False,,,,
2412,0.9,1,False,,,,
2413,0.9,1,False,,,,
2414,0.9,1,False,,,,
2415,0.9,1,False,,,,
2416,0.9,1,False,,,,
2417,0.9,1,False,,,,
2418,0.9,1,False,,,,
2419,0.9,1,False,,,,
2420,0.9,1,False,,,,
2421,0.9,1,False,,,,
2422,0.9,1,False,,,,
2423,0.9,1,False,,,,
2424,0.9,1,False,,,,
2425,0.9,1,False,,,,
2426,0.9,1,False,,,,
2427,0.9,1,False,,,,
2428,0.9,1,False,,,,
2429,0.9,1,False,,,,
2430,0.9,1,False,,,,
2431,0.9,1,False,,,,
2432,0.9,1,False,,,,
2433,0.9,1,False,,,,
2434,0.9,1,False,,,,
2435,0.9,1,False,,,,
2436,0.9,1,False,,,,
2437,0.9,1,False,,,,
2438,0.9,1,False,,,,
2439,0.9,1,False,,,,
2440,0.9,1,False,,,,
2441,0.9,1,False,,,,
2442,0.3,7,True,0.4666666666666667,0.8571428571428571,0.1826545778534897,0.5916727785823275
2443,0.3,7,True,0.47619047619047616,0.8571428571428571,0.1826545778534897,0.5916727785823275
2444,0.3,7,True,0.5333333333333333,1.0,0.1187091007693073,0.0
2445,0.3,7,True,0.5047619047619047,0.8571428571428571,0.1826545778534897,0.5916727785823275
2446,0.3,7,True,0.4380952380952381,0.8571428571428571,0.1826545778534897,0.5916727785823275
2447,0.2,8,True,0.5333333333333333,1.0,0.2780719051126377,0.0
2448,0.2,8,True,0.6666666666666666,1.0,0.2780719051126377,0.0
2449,0.2,8,True,0.5333333333333333,1.0,0.2780719051126377,0.0
2450,0.2,8,True,0.6,1.0,0.2780719051126377,0.0
2451,0.2,8,True,0.7333333333333333,1.0,0.2780719051126377,0.0
2452,0.2,8,True,0.6,1.0,0.2780719051126377,0.0
2453,0.2,8,True,0.6,1.0,0.2780719051126377,0.0
2454,1.0,0,False,,,,
2455,0.2,8,True,0.8,1.0,0.2780719051126377,0.0
2456,0.2,8,True,0.6,1.0,0.2780719051126377,0.0
2457,0.2,8,True,0.6,1.0,0.2780719051126377,0.0
2458,0.2,8,True,0.5,0.875,0.27015330083790245,0.5435644431995964
2459,0.2,8,True,0.5333333333333333,1.0,0.2780719051126377,0.0
2460,0.2,8,True,0.5333333333333333,1.0,0.2780719051126377,0.0
2461,0.2,8,True,0.6,1.0,0.2780719051126377,0.0
2462,0.2,8,True,0.55,0.875,0.27015330083790245,0.5435644431995964
2463,0.2,8,True,0.5,0.875,0.27015330083790245,0.5435644431995964
2464,0.2,8,True,0.6666666666666666,1.0,0.2780719051126377,0.0
2465,0.2,8,True,0.5166666666666667,0.875,0.27015330083790245,0.5435644431995964
2466,0.2,8,True,0.5333333333333333,1.0,0.2780719051126377,0.0
2467,0.2,8,True,0.5333333333333333,1.0,0.2780719051126377,0.0
2468,0.2,8,True,0.5333333333333333,1.0,0.2780719051126377,0.0
2469,0.2,8,True,0.6,1.0,0.2780719051126377,0.0
2470,0.2,8,True,0.5333333333333333,1.0,0.2780719051126377,0.0
2471,0.2,8,True,0.7333333333333333,1.0,0.2780719051126377,0.0
2472,0.2,8,True,0.6,1.0,0.2780719051126377,0.0
2473,0.2,8,True,0.5333333333333333,1.0,0.2780719051126377,0.0
2474,0.2,8,True,0.6,1.0,0.2780719051126377,0.0
2475,0.2,8,True,0.6,1.0,0.2780719051126377,0.0
2476,0.2,8,True,0.48333333333333334,0.875,0.27015330083790245,0.5435644431995964
2477,0.2,8,True,0.5333333333333333,1.0,0.2780719051126377,0.0
2478,0.2,8,True,0.6,1.0,0.2780719051126377,0.0
2479,0.2,8,True,0.6666666666666666,1.0,0.2780719051126377,0.0
2480,1.0,0,False,,,,
2481,1.0,0,False,,,,
2482,0.2,8,True,0.5833333333333334,0.75,0.13502647928207268,0.8112781244591328
2483,0.2,8,True,0.6,1.0,0.2780719051126377,0.0
2484,0.2,8,True,0.5333333333333333,1.0,0.2780719051126377,0.0
2485,0.2,8,True,0.6666666666666666,1.0,0.2780719051126377,0.0
2486,0.2,8,True,0.4666666666666667,0.875,0.27015330083790245,0.5435644431995964
2487,0.2,8,True,0.45,0.875,0.27015330083790245,0.5435644431995964
2488,0.2,8,True,0.6666666666666666,1.0,0.2780719051126377,0.0
2489,1.0,0,False,,,,
2490,1.0,0,False,,,,
2491,1.0,0,False,,,,
2492,1.0,0,False,,,,
2493,1.0,0,False,,,,
2494,1.0,0,False,,,,
2495,1.0,0,False,,,,
2496,1.0,0,False,,,,
2497,1.0,0,False,,,,
2498,1.0,0,False,,,,
2499,1.0,0,False,,,,
2500,1.0,0,False,,,,
2501,1.0,0,False,,,,
2502,1.0,0,False,,,,
2503,1.0,0,False,,,,
2504,1.0,0,False,,,,
2505,0.2,8,True,0.2357142857142857,0.375,0.05358807178498548,2.1556390622295662
2506,0.2,8,True,0.6,0.875,0.27015330083790245,0.5435644431995964
2507,0.2,8,True,0.6666666666666666,1.0,0.2780719051126377,0.0
2508,0.2,8,True,0.55,0.875,0.27015330083790245,0.5435644431995964
2509,0.2,8,True,0.4857142857142857,0.75,0.21452470277266567,1.061278124459133
2510,0.2,8,True,0.55,0.875,0.27015330083790245,0.5435644431995964
2511,0.2,8,True,0.65,0.875,0.27015330083790245,0.5435644431995964
2512,0.2,8,True,0.5333333333333333,1.0,0.2780719051126377,0.0
2513,0.2,8,True,0.6,1.0,0.2780719051126377,0.0
2514,0.2,8,True,0.6,1.0,0.2780719051126377,0.0
2515,0.2,8,True,0.5333333333333333,1.0,0.2780719051126377,0.0
2516,0.2,8,True,0.5333333333333333,0.875,0.27015330083790245,0.5435644431995964
2517,0.2,8,True,0.5333333333333333,1.0,0.2780719051126377,0.0
2518,0.2,8,True,0.5333333333333333,1.0,0.2780719051126377,0.0
2519,0.2,8,True,0.5333333333333333,1.0,0.2780719051126377,0.0
2520,0.2,8,True,0.5333333333333333,1.0,0.2780719051126377,0.0
2521,0.2,8,True,0.6,1.0,0.2780719051126377,0.0
2522,0.2,8,True,0.5333333333333333,1.0,0.2780719051126377,0.0
2523,0.2,8,True,0.5333333333333333,1.0,0.2780719051126377,0.0
2524,0.2,8,True,0.5166666666666667,0.875,0.27015330083790245,0.5435644431995964
2525,0.2,8,True,0.8666666666666667,1.0,0.2780719051126377,0.0
2526,0.2,8,True,0.5333333333333333,1.0,0.2780719051126377,0.0
2527,0.2,8,True,0.5333333333333333,1.0,0.2780719051126377,0.0
2528,0.2,8,True,0.5523809523809523,0.75,0.21452470277266567,1.061278124459133
2529,0.2,8,True,0.5333333333333333,1.0,0.2780719051126377,0.0
2530,0.2,8,True,0.7333333333333333,1.0,0.2780719051126377,0.0
2531,0.2,8,True,0.45,0.875,0.27015330083790245,0.5435644431995964
2532,0.2,8,True,0.3333333333333333,0.5,0.08613531161467869,1.75
2533,0.2,8,True,0.35952380952380947,0.625,0.11951797627815941,1.2987949406953985
2534,0.2,8,True,0.37619047619047613,0.625,0.11951797627815941,1.2987949406953985
2535,0.2,8,True,0.369047619047619,0.625,0.15545875354128547,1.5487949406953985
2536,0.2,8,True,0.35,0.625,0.11951797627815941,1.2987949406953985
2537,0.2,8,True,0.44523809523809527,0.625,0.06276943678387037,0.954434002924965
2538,0.2,8,True,0.3547619047619047,0.5,0.039035952556318865,1.5
2539,0.2,8,True,0.39285714285714285,0.625,0.15545875354128547,1.5487949406953985
2540,0.3,7,True,0.40634920634920635,0.7142857142857143,0.1572623513863327,1.1488348542809166
2541,0.4,6,True,0.4444444444444444,0.6666666666666666,0.13903595255631884,1.2516291673878228
2542,0.5,5,True,0.4533333333333333,0.8,0.14132728892674484,0.7219280948873623
2543,0.6,4,False,,,,
2544,0.9,1,False,,,,
2545,0.9,1,False,,,,
2546,0.9,1,False,,,,
2547,0.9,1,False,,,,
2548,0.9,1,False,,,,
2549,0.9,1,False,,,,
2550,0.9,1,False,,,,
2551,0.9,1,False,,,,
2552,0.9,1,False,,,,
2553,0.9,1,False,,,,
2554,0.9,1,False,,,,
2555,0.9,1,False,,,,
2556,0.9,1,False,,,,
2557,0.9,1,False,,,,
2558,0.9,1,False,,,,
2559,0.9,1,False,,,,
2560,0.9,1,False,,,,
2561,0.9,1,False,,,,
2562,0.9,1,False,,,,
2563,0.9,1,False,,,,
2564,0.9,1,False,,,,
2565,0.9,1,False,,,,
2566,0.9,1,False,,,,
2567,0.9,1,False,,,,
2568,0.9,1,False,,,,
2569,0.9,1,False,,,,
2570,0.9,1,False,,,,
2571,0.9,1,False,,,,
2572,0.9,1,False,,,,
2573,0.9,1,False,,,,
2574,0.9,1,False,,,,
2575,0.9,1,False,,,,
2576,0.9,1,False,,,,
2577,0.9,1,False,,,,
2578,0.9,1,False,,,,
2579,0.9,1,False,,,,
2580,0.9,1,False,,,,
2581,0.9,1,False,,,,
2582,0.9,1,False,,,,
2583,0.9,1,False,,,,
2584,0.9,1,False,,,,
2585,0.9,1,False,,,,
2586,0.9,1,False,,,,
2587,0.9,1,False,,,,
2588,0.7,3,False,,,,
2589,0.7,3,False,,,,
2590,0.8,2,False,,,,
2591,0.7,3,False,,,,
2592,0.5,5,True,0.24000000000000002,0.4,0.15545875354128547,1.9219280948873623
2593,0.4,6,True,0.28444444444444444,0.5,0.11864654673111685,1.7924812503605778
2594,0.4,6,True,0.30666666666666664,0.6666666666666666,0.13903595255631884,1.2516291673878228
2595,0.2,8,True,0.4642857142857143,0.625,0.11951797627815941,1.2987949406953985
2596,0.2,8,True,0.5166666666666667,0.875,0.27015330083790245,0.5435644431995964
2597,0.2,8,True,0.36428571428571427,0.625,0.11951797627815941,1.2987949406953985
2598,0.2,8,True,0.5833333333333334,0.875,0.27015330083790245,0.5435644431995964
2599,0.2,8,True,0.43333333333333335,0.875,0.27015330083790245,0.5435644431995964
2600,0.2,8,True,0.35,0.5,0.10175559829607284,2.0
2601,0.2,8,True,0.4166666666666667,0.875,0.27015330083790245,0.5435644431995964
2602,0.2,8,True,0.6,1.0,0.2780719051126377,0.0
2603,0.2,8,True,0.5333333333333333,0.875,0.27015330083790245,0.5435644431995964
2604,0.2,8,True,0.45,0.875,0.27015330083790245,0.5435644431995964
2605,0.2,8,True,0.5833333333333334,0.875,0.27015330083790245,0.5435644431995964
2606,0.2,8,True,0.5,0.875,0.27015330083790245,0.5435644431995964
2607,0.2,8,True,0.5166666666666667,0.875,0.27015330083790245,0.5435644431995964
2608,0.2,8,True,0.45,0.875,0.27015330083790245,0.5435644431995964
2609,0.2,8,True,0.48333333333333334,0.875,0.27015330083790245,0.5435644431995964
2610,0.2,8,True,0.4666666666666667,0.875,0.27015330083790245,0.5435644431995964
2611,0.2,8,True,0.5,0.875,0.27015330083790245,0.5435644431995964
2612,0.2,8,True,0.48333333333333334,0.875,0.27015330083790245,0.5435644431995964
2613,0.2,8,True,0.4666666666666667,0.875,0.27015330083790245,0.5435644431995964
2614,0.2,8,True,0.5166666666666667,0.875,0.27015330083790245,0.5435644431995964
2615,0.2,8,True,0.5666666666666667,0.875,0.27015330083790245,0.5435644431995964
2616,0.2,8,True,0.43333333333333335,0.875,0.27015330083790245,0.5435644431995964
2617,0.2,8,True,0.4666666666666667,0.875,0.27015330083790245,0.5435644431995964
2618,0.2,8,True,0.4357142857142857,0.75,0.21452470277266567,1.061278124459133
2619,0.2,8,True,0.5166666666666667,0.875,0.27015330083790245,0.5435644431995964
2620,0.2,8,True,0.43333333333333335,0.875,0.27015330083790245,0.5435644431995964
2621,0.2,8,True,0.6,1.0,0.2780719051126377,0.0
2622,0.9,1,False,,,,
2623,0.9,1,False,,,,
2624,0.9,1,False,,,,
2625,0.9,1,False,,,,
2626,0.9,1,False,,,,
2627,0.9,1,False,,,,
2628,0.9,1,False,,,,
2629,0.9,1,False,,,,
2630,0.9,1,False,,,,
2631,0.9,1,False,,,,
2632,0.9,1,False,,,,
2633,0.9,1,False,,,,
2634,0.9,1,False,,,,
2635,0.9,1,False,,,,
2636,0.9,1,False,,,,
2637,0.9,1,False,,,,
2638,0.9,1,False,,,,
2639,0.9,1,False,,,,
2640,0.9,1,False,,,,
2641,0.9,1,False,,,,
2642,0.9,1,False,,,,
2643,0.9,1,False,,,,
2644,0.9,1,False,,,,
2645,0.9,1,False,,,,
2646,0.9,1,False,,,,
2647,0.9,1,False,,,,
2648,0.9,1,False,,,,
2649,0.9,1,False,,,,
2650,0.9,1,False,,,,
2651,0.9,1,False,,,,
2652,0.2,8,True,0.4904761904761905,0.75,0.21452470277266567,1.061278124459133
2653,0.3,7,True,0.8666666666666667,1.0,0.1187091007693073,0.0
2654,0.3,7,True,0.6666666666666666,1.0,0.1187091007693073,0.0
2655,1.0,0,False,,,,
2656,1.0,0,False,,,,
2657,1.0,0,False,,,,
2658,1.0,0,False,,,,
2659,0.3,7,True,0.5333333333333333,1.0,0.1187091007693073,0.0
2660,0.3,7,True,0.5428571428571428,0.8571428571428571,0.1826545778534897,0.5916727785823275
2661,0.3,7,True,0.6,1.0,0.1187091007693073,0.0
2662,0.2,8,True,0.5666666666666667,0.875,0.27015330083790245,0.5435644431995964
2663,0.2,8,True,0.6,1.0,0.2780719051126377,0.0
2664,0.2,8,True,0.55,0.875,0.27015330083790245,0.5435644431995964
2665,0.2,8,True,0.6666666666666666,1.0,0.2780719051126377,0.0
2666,0.2,8,True,0.7333333333333333,1.0,0.2780719051126377,0.0
2667,0.2,8,True,0.6,1.0,0.2780719051126377,0.0
2668,0.2,8,True,0.7333333333333333,1.0,0.2780719051126377,0.0
2669,0.2,8,True,0.5333333333333333,1.0,0.2780719051126377,0.0
2670,0.2,8,True,0.6666666666666666,1.0,0.2780719051126377,0.0
2671,0.2,8,True,0.6,1.0,0.2780719051126377,0.0
2672,0.2,8,True,0.6666666666666666,1.0,0.2780719051126377,0.0
2673,0.2,8,True,0.6666666666666666,1.0,0.2780719051126377,0.0
2674,0.2,8,True,0.5166666666666667,0.875,0.27015330083790245,0.5435644431995964
2675,0.2,8,True,0.6,1.0,0.2780719051126377,0.0
2676,0.2,8,True,0.6666666666666666,1.0,0.2780719051126377,0.0
2677,0.2,8,True,0.5333333333333333,1.0,0.2780719051126377,0.0
2678,0.2,8,True,0.5333333333333333,1.0,0.2780719051126377,0.0
2679,0.2,8,True,0.5333333333333333,1.0,0.2780719051126377,0.0
2680,0.2,8,True,0.6,1.0,0.2780719051126377,0.0
2681,0.2,8,True,0.5333333333333333,1.0,0.2780719051126377,0.0
2682,0.2,8,True,0.6666666666666666,1.0,0.2780719051126377,0.0
2683,0.2,8,True,0.6,1.0,0.2780719051126377,0.0
2684,0.2,8,True,0.7333333333333333,1.0,0.2780719051126377,0.0
2685,0.2,8,True,0.55,0.875,0.27015330083790245,0.5435644431995964
2686,0.2,8,True,1.0,1.0,0.2780719051126377,0.0
2687,0.2,8,True,0.7333333333333333,1.0,0.2780719051126377,0.0
2688,0.2,8,True,0.5333333333333333,1.0,0.2780719051126377,0.0
2689,0.2,8,True,0.5333333333333333,1.0,0.2780719051126377,0.0
2690,0.2,8,True,0.6,1.0,0.2780719051126377,0.0
2691,0.2,8,True,0.5333333333333333,1.0,0.2780719051126377,0.0
2692,0.2,8,True,0.5333333333333333,1.0,0.2780719051126377,0.0
2693,0.2,8,True,0.5333333333333333,1.0,0.2780719051126377,0.0
2694,0.2,8,True,0.5333333333333333,1.0,0.2780719051126377,0.0
2695,0.2,8,True,0.5333333333333333,1.0,0.2780719051126377,0.0
2696,0.2,8,True,0.5333333333333333,1.0,0.2780719051126377,0.0
2697,0.2,8,True,0.6666666666666666,1.0,0.2780719051126377,0.0
2698,0.1,9,True,0.5259259259259259,0.8888888888888888,0.41832813428211324,0.5032583347756457
2699,0.1,9,True,0.4444444444444444,0.8888888888888888,0.41832813428211324,0.5032583347756457
2700,0.9,1,False,,,,
2701,0.9,1,False,,,,
2702,0.9,1,False,,,,
2703,0.9,1,False,,,,
2704,0.9,1,False,,,,
2705,0.9,1,False,,,,
2706,0.9,1,False,,,,
2707,0.9,1,False,,,,
2708,0.9,1,False,,,,
2709,0.9,1,False,,,,
2710,0.9,1,False,,,,
2711,0.9,1,False,,,,
2712,0.9,1,False,,,,
2713,0.9,1,False,,,,
2714,0.9,1,False,,,,
2715,0.9,1,False,,,,
2716,0.9,1,False,,,,
2717,0.9,1,False,,,,
2718,0.9,1,False,,,,
2719,0.9,1,False,,,,
2720,0.9,1,False,,,,
2721,0.9,1,False,,,,
2722,0.9,1,False,,,,
2723,0.9,1,False,,,,
2724,0.9,1,False,,,,
2725,0.9,1,False,,,,
2726,0.9,1,False,,,,
2727,0.9,1,False,,,,
2728,0.9,1,False,,,,
2729,0.9,1,False,,,,
2730,0.9,1,False,,,,
2731,0.9,1,False,,,,
2732,0.9,1,False,,,,
2733,0.9,1,False,,,,
2734,0.9,1,False,,,,
2735,0.9,1,False,,,,
2736,0.9,1,False,,,,
2737,0.9,1,False,,,,
2738,0.9,1,False,,,,
2739,0.9,1,False,,,,
2740,0.9,1,False,,,,
2741,0.9,1,False,,,,
2742,0.9,1,False,,,,
2743,0.9,1,False,,,,
2744,0.9,1,False,,,,
2745,0.9,1,False,,,,
2746,0.9,1,False,,,,
2747,0.9,1,False,,,,
2748,0.9,1,False,,,,
2749,0.9,1,False,,,,
2750,0.1,9,True,0.4444444444444444,0.8888888888888888,0.41832813428211324,0.5032583347756457
2751,0.1,9,True,0.5333333333333333,1.0,0.5310044064107188,0.0
2752,0.1,9,True,0.8,1.0,0.5310044064107188,0.0
2753,0.1,9,True,0.6,1.0,0.5310044064107188,0.0
2754,0.1,9,True,0.6666666666666666,1.0,0.5310044064107188,0.0
2755,0.1,9,True,0.5333333333333333,1.0,0.5310044064107188,0.0
2756,0.1,9,True,0.6666666666666666,1.0,0.5310044064107188,0.0
2757,0.1,9,True,0.6,1.0,0.5310044064107188,0.0
2758,0.1,9,True,0.47407407407407404,0.8888888888888888,0.41832813428211324,0.5032583347756457
2759,0.1,9,True,0.6,1.0,0.5310044064107188,0.0
2760,0.1,9,True,0.6,1.0,0.5310044064107188,0.0
2761,0.1,9,True,0.6,1.0,0.5310044064107188,0.0
2762,0.1,9,True,0.48888888888888893,0.8888888888888888,0.41832813428211324,0.5032583347756457
2763,0.1,9,True,0.5333333333333333,1.0,0.5310044064107188,0.0
2764,0.1,9,True,0.6,1.0,0.5310044064107188,0.0
2765,0.1,9,True,0.5333333333333333,1.0,0.5310044064107188,0.0
2766,0.1,9,True,0.5333333333333333,1.0,0.5310044064107188,0.0
2767,0.1,9,True,0.5333333333333333,1.0,0.5310044064107188,0.0
2768,0.1,9,True,0.5333333333333333,1.0,0.5310044064107188,0.0
2769,0.1,9,True,0.6666666666666666,1.0,0.5310044064107188,0.0
2770,0.1,9,True,0.7333333333333333,1.0,0.5310044064107188,0.0
2771,0.1,9,True,0.5333333333333333,1.0,0.5310044064107188,0.0
2772,0.1,9,True,0.6666666666666666,1.0,0.5310044064107188,0.0
2773,0.1,9,True,0.5111111111111111,0.8888888888888888,0.41832813428211324,0.5032583347756457
2774,0.1,9,True,0.5333333333333333,1.0,0.5310044064107188,0.0
2775,0.1,9,True,0.5333333333333333,1.0,0.5310044064107188,0.0
2776,0.1,9,True,0.48888888888888893,0.8888888888888888,0.41832813428211324,0.5032583347756457
2777,0.1,9,True,0.6,1.0,0.5310044064107188,0.0
2778,0.1,9,True,0.5333333333333333,1.0,0.5310044064107188,0.0
2779,0.1,9,True,0.6,1.0,0.5310044064107188,0.0
2780,0.1,9,True,0.6,1.0,0.5310044064107188,0.0
2781,0.1,9,True,0.6666666666666666,1.0,0.5310044064107188,0.0
2782,0.1,9,True,0.5333333333333333,1.0,0.5310044064107188,0.0
2783,0.1,9,True,0.5333333333333333,1.0,0.5310044064107188,0.0
2784,0.1,9,True,0.4962962962962963,0.8888888888888888,0.41832813428211324,0.5032583347756457
2785,0.1,9,True,0.5333333333333333,1.0,0.5310044064107188,0.0
2786,0.1,9,True,0.5555555555555555,0.8888888888888888,0.41832813428211324,0.5032583347756457
2787,0.1,9,True,0.5555555555555555,0.8888888888888888,0.41832813428211324,0.5032583347756457
2788,0.1,9,True,0.562962962962963,0.8888888888888888,0.41832813428211324,0.5032583347756457
2789,0.1,9,True,0.5407407407407407,0.8888888888888888,0.41832813428211324,0.5032583347756457
2790,0.1,9,True,0.47222222222222227,0.7777777777777778,0.32161017527648017,0.9864267287308424
2791,0.1,9,True,0.48888888888888893,0.8888888888888888,0.41832813428211324,0.5032583347756457
2792,0.1,9,True,0.5333333333333333,1.0,0.5310044064107188,0.0
2793,0.1,9,True,0.3111111111111111,0.4444444444444444,0.07678032766449228,1.5304930567574824
2794,1.0,0,False,,,,
2795,1.0,0,False,,,,
2796,1.0,0,False,,,,
2797,1.0,0,False,,,,
2798,1.0,0,False,,,,
2799,1.0,0,False,,,,
2800,1.0,0,False,,,,
2801,1.0,0,False,,,,
2802,1.0,0,False,,,,
2803,1.0,0,False,,,,
2804,1.0,0,False,,,,
2805,1.0,0,False,,,,
2806,1.0,0,False,,,,
2807,1.0,0,False,,,,
2808,1.0,0,False,,,,
2809,1.0,0,False,,,,
2810,1.0,0,False,,,,
2811,1.0,0,False,,,,
2812,1.0,0,False,,,,
2813,1.0,0,False,,,,
2814,1.0,0,False,,,,
2815,1.0,0,False,,,,
2816,1.0,0,False,,,,
2817,1.0,0,False,,,,
2818,1.0,0,False,,,,
2819,1.0,0,False,,,,
2820,1.0,0,False,,,,
2821,1.0,0,False,,,,
2822,1.0,0,False,,,,
2823,1.0,0,False,,,,
2824,1.0,0,False,,,,
2825,0.1,9,True,0.5111111111111111,0.8888888888888888,0.41832813428211324,0.5032583347756457
2826,0.1,9,True,0.5333333333333333,1.0,0.5310044064107188,0.0
2827,0.1,9,True,0.48888888888888893,0.8888888888888888,0.41832813428211324,0.5032583347756457
2828,0.2,8,True,0.4404761904761905,0.75,0.21452470277266567,1.061278124459133
2829,0.2,8,True,0.55,0.875,0.27015330083790245,0.5435644431995964
2830,0.2,8,True,0.3261904761904762,0.625,0.11951797627815941,1.2987949406953985
2831,0.3,7,True,0.39047619047619053,0.7142857142857143,0.1572623513863327,1.1488348542809166
2832,0.2,8,True,0.4523809523809524,0.75,0.21452470277266567,1.061278124459133
2833,0.2,8,True,0.6666666666666666,1.0,0.2780719051126377,0.0
2834,1.0,0,False,,,,
2835,1.0,0,False,,,,
2836,1.0,0,False,,,,
2837,1.0,0,False,,,,
2838,1.0,0,False,,,,
2839,1.0,0,False,,,,
2840,1.0,0,False,,,,
2841,1.0,0,False,,,,
2842,1.0,0,False,,,,
2843,1.0,0,False,,,,
2844,1.0,0,False,,,,
2845,1.0,0,False,,,,
2846,1.0,0,False,,,,
2847,1.0,0,False,,,,
2848,1.0,0,False,,,,
2849,1.0,0,False,,,,
2850,1.0,0,False,,,,
2851,1.0,0,False,,,,
2852,1.0,0,False,,,,
2853,1.0,0,False,,,,
2854,1.0,0,False,,,,
2855,1.0,0,False,,,,
2856,1.0,0,False,,,,
2857,1.0,0,False,,,,
2858,1.0,0,False,,,,
2859,1.0,0,False,,,,
2860,1.0,0,False,,,,
2861,1.0,0,False,,,,
2862,1.0,0,False,,,,
2863,1.0,0,False,,,,
2864,1.0,0,False,,,,
2865,1.0,0,False,,,,
2866,1.0,0,False,,,,
2867,1.0,0,False,,,,
2868,1.0,0,False,,,,
2869,1.0,0,False,,,,
2870,1.0,0,False,,,,
2871,1.0,0,False,,,,
2872,1.0,0,False,,,,
2873,1.0,0,False,,,,
2874,1.0,0,False,,,,
2875,1.0,0,False,,,,
2876,1.0,0,False,,,,
2877,1.0,0,False,,,,
2878,1.0,0,False,,,,
2879,1.0,0,False,,,,
2880,1.0,0,False,,,,
2881,1.0,0,False,,,,
2882,1.0,0,False,,,,
2883,1.0,0,False,,,,
2884,1.0,0,False,,,,
2885,1.0,0,False,,,,
2886,1.0,0,False,,,,
2887,1.0,0,False,,,,
2888,1.0,0,False,,,,
2889,1.0,0,False,,,,
2890,1.0,0,False,,,,
2891,1.0,0,False,,,,
2892,0.2,8,True,0.4166666666666667,0.75,0.21452470277266567,1.061278124459133
2893,0.2,8,True,0.55,0.875,0.27015330083790245,0.5435644431995964
2894,0.3,7,True,0.5079365079365079,0.7142857142857143,0.06276943678387037,0.863120568566631
2895,0.3,7,True,0.5333333333333333,1.0,0.1187091007693073,0.0
2896,0.3,7,True,0.6,1.0,0.1187091007693073,0.0
2897,0.3,7,True,0.6,1.0,0.1187091007693073,0.0
2898,0.3,7,True,0.5333333333333333,1.0,0.1187091007693073,0.0
2899,0.3,7,True,0.6,1.0,0.1187091007693073,0.0
2900,0.3,7,True,0.6,1.0,0.1187091007693073,0.0
2901,0.3,7,True,0.5333333333333333,1.0,0.1187091007693073,0.0
2902,0.3,7,True,0.5333333333333333,1.0,0.1187091007693073,0.0
2903,0.3,7,True,0.5333333333333333,1.0,0.1187091007693073,0.0
2904,0.3,7,True,0.5714285714285714,0.8571428571428571,0.1826545778534897,0.5916727785823275
2905,0.3,7,True,0.7333333333333333,1.0,0.1187091007693073,0.0
2906,0.3,7,True,0.5333333333333333,1.0,0.1187091007693073,0.0
2907,0.3,7,True,0.5365079365079365,0.7142857142857143,0.06276943678387037,0.863120568566631
2908,0.3,7,True,0.6,1.0,0.1187091007693073,0.0
2909,0.3,7,True,0.6666666666666666,1.0,0.1187091007693073,0.0
2910,0.3,7,True,0.5047619047619047,0.8571428571428571,0.1826545778534897,0.5916727785823275
2911,0.3,7,True,0.6,1.0,0.1187091007693073,0.0
2912,0.3,7,True,0.6,1.0,0.1187091007693073,0.0
2913,0.3,7,True,0.6666666666666666,1.0,0.1187091007693073,0.0
2914,1.0,0,False,,,,
2915,0.3,7,True,0.46984126984126984,0.7142857142857143,0.06276943678387037,0.863120568566631
2916,0.3,7,True,0.41904761904761906,0.8571428571428571,0.1826545778534897,0.5916727785823275
2917,0.2,8,True,0.43333333333333335,0.875,0.27015330083790245,0.5435644431995964
2918,0.2,8,True,0.39047619047619053,0.75,0.21452470277266567,1.061278124459133
2919,0.2,8,True,0.6666666666666666,1.0,0.2780719051126377,0.0
2920,0.2,8,True,0.48333333333333334,0.875,0.27015330083790245,0.5435644431995964
2921,0.2,8,True,0.6,1.0,0.2780719051126377,0.0
2922,0.2,8,True,0.6,1.0,0.2780719051126377,0.0
2923,0.2,8,True,0.6666666666666666,1.0,0.2780719051126377,0.0
2924,0.2,8,True,0.7333333333333333,1.0,0.2780719051126377,0.0
2925,0.2,8,True,0.5,0.875,0.27015330083790245,0.5435644431995964
2926,0.2,8,True,0.5333333333333333,1.0,0.2780719051126377,0.0
2927,0.2,8,True,0.6,1.0,0.2780719051126377,0.0
2928,0.2,8,True,1.0,1.0,0.2780719051126377,0.0
2929,0.2,8,True,0.6166666666666667,0.875,0.27015330083790245,0.5435644431995964
2930,0.2,8,True,0.6,1.0,0.2780719051126377,0.0
2931,0.2,8,True,0.6666666666666666,1.0,0.2780719051126377,0.0
2932,0.2,8,True,0.6,1.0,0.2780719051126377,0.0
2933,0.2,8,True,0.5333333333333333,0.875,0.27015330083790245,0.5435644431995964
2934,0.2,8,True,0.4,0.5,0.07678032766449228,1.4056390622295665
2935,0.2,8,True,0.6,1.0,0.2780719051126377,0.0
2936,0.2,8,True,0.6,1.0,0.2780719051126377,0.0
2937,0.2,8,True,0.6,1.0,0.2780719051126377,0.0
2938,0.2,8,True,0.6,1.0,0.2780719051126377,0.0
2939,0.2,8,True,0.5333333333333333,1.0,0.2780719051126377,0.0
2940,0.2,8,True,0.5333333333333333,0.875,0.27015330083790245,0.5435644431995964
2941,0.2,8,True,0.6,1.0,0.2780719051126377,0.0
2942,0.2,8,True,0.5333333333333333,1.0,0.2780719051126377,0.0
2943,0.2,8,True,0.6,1.0,0.2780719051126377,0.0
2944,0.2,8,True,0.55,0.875,0.27015330083790245,0.5435644431995964
2945,0.2,8,True,0.6666666666666666,1.0,0.2780719051126377,0.0
2946,0.2,8,True,0.5166666666666667,0.75,0.13502647928207268,0.8112781244591328
2947,0.2,8,True,0.5,0.5,0.03977028213923883,1.0
2948,1.0,0,False,,,,
2949,1.0,0,False,,,,
2950,1.0,0,False,,,,
2951,1.0,0,False,,,,
2952,1.0,0,False,,,,
2953,1.0,0,False,,,,
2954,1.0,0,False,,,,
2955,1.0,0,False,,,,
2956,1.0,0,False,,,,
2957,1.0,0,False,,,,
2958,1.0,0,False,,,,
2959,1.0,0,False,,,,
2960,1.0,0,False,,,,
2961,1.0,0,False,,,,
2962,1.0,0,False,,,,
2963,1.0,0,False,,,,
2964,1.0,0,False,,,,
2965,1.0,0,False,,,,
2966,1.0,0,False,,,,
2967,1.0,0,False,,,,
2968,1.0,0,False,,,,
2969,1.0,0,False,,,,
2970,1.0,0,False,,,,
2971,1.0,0,False,,,,
2972,1.0,0,False,,,,
2973,1.0,0,False,,,,
2974,0.3,7,True,0.5333333333333333,1.0,0.1187091007693073,0.0
2975,1.0,0,False,,,,
2976,1.0,0,False,,,,
2977,1.0,0,False,,,,
2978,1.0,0,False,,,,
2979,1.0,0,False,,,,
2980,1.0,0,False,,,,
2981,1.0,0,False,,,,
2982,1.0,0,False,,,,
2983,1.0,0,False,,,,
2984,1.0,0,False,,,,
2985,1.0,0,False,,,,
2986,1.0,0,False,,,,
2987,1.0,0,False,,,,
2988,1.0,0,False,,,,
2989,1.0,0,False,,,,
2990,1.0,0,False,,,,
2991,0.2,8,True,0.5333333333333333,1.0,0.2780719051126377,0.0
2992,0.2,8,True,0.5,0.625,0.06276943678387037,0.954434002924965
2993,0.2,8,True,0.5666666666666667,0.875,0.27015330083790245,0.5435644431995964
2994,0.2,8,True,0.34523809523809523,0.5,0.08613531161467847,1.75
2995,0.2,8,True,0.8,1.0,0.2780719051126377,0.0
2996,0.2,8,True,0.8,1.0,0.2780719051126377,0.0
2997,0.2,8,True,0.48333333333333334,0.875,0.27015330083790245,0.5435644431995964
2998,0.2,8,True,0.6,1.0,0.2780719051126377,0.0
2999,0.2,8,True,0.5166666666666667,0.75,0.13502647928207268,0.8112781244591328
3000,0.2,8,True,0.4642857142857143,0.625,0.11951797627815941,1.2987949406953985
3001,0.2,8,True,0.6,1.0,0.2780719051126377,0.0
3002,0.2,8,True,0.5333333333333333,0.875,0.27015330083790245,0.5435644431995964
3003,0.2,8,True,0.6,1.0,0.2780719051126377,0.0
3004,1.0,0,False,,,,
3005,1.0,0,False,,,,
3006,1.0,0,False,,,,
3007,1.0,0,False,,,,
3008,1.0,0,False,,,,
3009,1.0,0,False,,,,
3010,1.0,0,False,,,,
3011,1.0,0,False,,,,
3012,1.0,0,False,,,,
3013,0.2,8,True,0.5666666666666667,0.875,0.27015330083790245,0.5435644431995964
3014,0.2,8,True,0.4785714285714286,0.75,0.21452470277266567,1.061278124459133
3015,0.2,8,True,0.5333333333333333,1.0,0.2780719051126377,0.0
3016,0.2,8,True,0.55,0.875,0.27015330083790245,0.5435644431995964
3017,0.2,8,True,0.6666666666666666,0.875,0.27015330083790245,0.5435644431995964
3018,0.2,8,True,0.55,0.875,0.27015330083790245,0.5435644431995964
3019,0.2,8,True,0.5333333333333333,1.0,0.2780719051126377,0.0
3020,0.2,8,True,0.6,1.0,0.2780719051126377,0.0
3021,0.2,8,True,0.35,0.375,0.06502247023287655,1.811278124459133
3022,0.2,8,True,0.6,1.0,0.2780719051126377,0.0
3023,0.2,8,True,0.6,1.0,0.2780719051126377,0.0
3024,0.2,8,True,0.55,0.875,0.27015330083790245,0.5435644431995964
3025,0.2,8,True,0.6666666666666666,1.0,0.2780719051126377,0.0
3026,0.2,8,True,0.5333333333333333,1.0,0.2780719051126377,0.0
3027,0.2,8,True,0.6,1.0,0.2780719051126377,0.0
3028,0.2,8,True,0.3880952380952381,0.75,0.21452470277266567,1.061278124459133
3029,0.2,8,True,0.5166666666666667,0.875,0.27015330083790245,0.5435644431995964
3030,0.2,8,True,0.5333333333333333,1.0,0.2780719051126377,0.0
3031,0.2,8,True,0.6,1.0,0.2780719051126377,0.0
3032,0.2,8,True,0.6,1.0,0.2780719051126377,0.0
3033,0.2,8,True,0.4142857142857143,0.625,0.06276943678387037,0.954434002924965
3034,0.2,8,True,0.6,0.875,0.27015330083790245,0.5435644431995964
3035,0.2,8,True,0.5333333333333333,1.0,0.2780719051126377,0.0
3036,0.2,8,True,0.5333333333333333,0.875,0.27015330083790245,0.5435644431995964
3037,0.2,8,True,0.6666666666666666,1.0,0.2780719051126377,0.0
3038,0.2,8,True,0.5333333333333333,1.0,0.2780719051126377,0.0
3039,0.2,8,True,0.5333333333333333,0.875,0.27015330083790245,0.5435644431995964
3040,0.2,8,True,0.5333333333333333,1.0,0.2780719051126377,0.0
3041,0.2,8,True,0.55,0.875,0.27015330083790245,0.5435644431995964
3042,0.2,8,True,0.3952380952380953,0.625,0.15545875354128547,1.5487949406953985
3043,0.2,8,True,0.5333333333333333,0.875,0.27015330083790245,0.5435644431995964
3044,0.2,8,True,0.5333333333333333,1.0,0.2780719051126377,0.0
3045,0.2,8,True,0.6666666666666666,1.0,0.2780719051126377,0.0
3046,0.2,8,True,0.6,1.0,0.2780719051126377,0.0
3047,0.2,8,True,0.5333333333333333,1.0,0.2780719051126377,0.0
3048,0.2,8,True,0.6666666666666666,1.0,0.2780719051126377,0.0
3049,0.2,8,True,0.7333333333333333,1.0,0.2780719051126377,0.0
3050,0.2,8,True,0.5166666666666667,0.625,0.06276943678387037,0.954434002924965
3051,0.2,8,True,0.6666666666666666,1.0,0.2780719051126377,0.0
3052,0.2,8,True,0.48333333333333334,0.875,0.27015330083790245,0.5435644431995964
3053,0.2,8,True,0.8666666666666667,1.0,0.2780719051126377,0.0
3054,0.2,8,True,0.5333333333333333,1.0,0.2780719051126377,0.0
3055,0.2,8,True,0.5166666666666667,0.875,0.27015330083790245,0.5435644431995964
3056,0.2,8,True,0.5333333333333333,1.0,0.2780719051126377,0.0
3057,0.2,8,True,0.6,1.0,0.2780719051126377,0.0
3058,0.2,8,True,0.7333333333333333,1.0,0.2780719051126377,0.0
3059,0.2,8,True,0.5333333333333333,1.0,0.2780719051126377,0.0
3060,0.2,8,True,0.5333333333333333,1.0,0.2780719051126377,0.0
3061,1.0,0,False,,,,
3062,1.0,0,False,,,,
3063,1.0,0,False,,,,
3064,1.0,0,False,,,,
3065,1.0,0,False,,,,
3066,1.0,0,False,,,,
3067,1.0,0,False,,,,
3068,1.0,0,False,,,,
3069,1.0,0,False,,,,
3070,1.0,0,False,,,,
3071,1.0,0,False,,,,
3072,1.0,0,False,,,,
3073,0.2,8,True,0.5333333333333333,1.0,0.2780719051126377,0.0
3074,0.2,8,True,0.6,1.0,0.2780719051126377,0.0
3075,0.2,8,True,0.6,1.0,0.2780719051126377,0.0
3076,0.2,8,True,0.7333333333333333,1.0,0.2780719051126377,0.0
3077,0.2,8,True,0.6666666666666666,1.0,0.2780719051126377,0.0
3078,0.2,8,True,0.5333333333333333,1.0,0.2780719051126377,0.0
3079,0.2,8,True,0.6,1.0,0.2780719051126377,0.0
3080,0.2,8,True,0.5333333333333333,1.0,0.2780719051126377,0.0
3081,0.2,8,True,0.6666666666666666,1.0,0.2780719051126377,0.0
3082,0.2,8,True,0.6666666666666666,1.0,0.2780719051126377,0.0
3083,0.2,8,True,0.5333333333333333,1.0,0.2780719051126377,0.0
3084,0.2,8,True,0.7333333333333333,1.0,0.2780719051126377,0.0
3085,0.2,8,True,0.5333333333333333,1.0,0.2780719051126377,0.0
3086,0.2,8,True,0.6,1.0,0.2780719051126377,0.0
3087,0.2,8,True,0.6,1.0,0.2780719051126377,0.0
3088,0.2,8,True,0.5,0.875,0.27015330083790245,0.5435644431995964
3089,0.9,1,False,,,,
3090,0.9,1,False,,,,
3091,0.9,1,False,,,,
3092,0.9,1,False,,,,
3093,0.9,1,False,,,,
3094,0.9,1,False,,,,
3095,0.9,1,False,,,,
3096,0.9,1,False,,,,
3097,0.9,1,False,,,,
3098,0.9,1,False,,,,
3099,0.9,1,False,,,,
3100,0.9,1,False,,,,
3101,0.9,1,False,,,,
3102,0.9,1,False,,,,
3103,0.9,1,False,,,,
3104,0.2,8,True,0.5333333333333333,1.0,0.2780719051126377,0.0
3105,0.2,8,True,0.6,1.0,0.2780719051126377,0.0
3106,0.2,8,True,0.5333333333333333,1.0,0.2780719051126377,0.0
3107,0.2,8,True,0.5333333333333333,1.0,0.2780719051126377,0.0
3108,1.0,0,False,,,,
3109,0.2,8,True,0.6666666666666666,1.0,0.2780719051126377,0.0
3110,0.2,8,True,0.6,1.0,0.2780719051126377,0.0
3111,0.2,8,True,0.5833333333333334,0.875,0.27015330083790245,0.5435644431995964
3112,0.2,8,True,0.5333333333333333,1.0,0.2780719051126377,0.0
3113,0.2,8,True,0.5333333333333333,1.0,0.2780719051126377,0.0
3114,0.2,8,True,0.5333333333333333,1.0,0.2780719051126377,0.0
3115,0.2,8,True,0.5333333333333333,1.0,0.2780719051126377,0.0
3116,0.2,8,True,0.6,1.0,0.2780719051126377,0.0
3117,0.2,8,True,0.6,1.0,0.2780719051126377,0.0
3118,0.2,8,True,0.6,1.0,0.2780719051126377,0.0
3119,0.2,8,True,0.5333333333333333,1.0,0.2780719051126377,0.0
3120,0.2,8,True,0.6,1.0,0.2780719051126377,0.0
3121,0.2,8,True,0.6,1.0,0.2780719051126377,0.0
3122,0.2,8,True,0.8666666666666667,1.0,0.2780719051126377,0.0
3123,0.2,8,True,0.5333333333333333,1.0,0.2780719051126377,0.0
3124,0.2,8,True,0.5333333333333333,1.0,0.2780719051126377,0.0
3125,1.0,0,False,,,,
3126,1.0,0,False,,,,
3127,1.0,0,False,,,,
3128,1.0,0,False,,,,
3129,1.0,0,False,,,,
3130,1.0,0,False,,,,
3131,1.0,0,False,,,,
3132,1.0,0,False,,,,
3133,1.0,0,False,,,,
3134,1.0,0,False,,,,
3135,1.0,0,False,,,,
3136,1.0,0,False,,,,
3137,1.0,0,False,,,,
3138,1.0,0,False,,,,
3139,1.0,0,False,,,,
3140,1.0,0,False,,,,
3141,1.0,0,False,,,,
3142,1.0,0,False,,,,
3143,1.0,0,False,,,,
3144,1.0,0,False,,,,
3145,1.0,0,False,,,,
3146,1.0,0,False,,,,
3147,1.0,0,False,,,,
3148,1.0,0,False,,,,
3149,1.0,0,False,,,,
3150,1.0,0,False,,,,
3151,1.0,0,False,,,,
3152,1.0,0,False,,,,
3153,1.0,0,False,,,,
3154,1.0,0,False,,,,
3155,1.0,0,False,,,,
3156,1.0,0,False,,,,
3157,1.0,0,False,,,,
3158,1.0,0,False,,,,
3159,1.0,0,False,,,,
3160,1.0,0,False,,,,
3161,1.0,0,False,,,,
3162,1.0,0,False,,,,
3163,1.0,0,False,,,,
3164,1.0,0,False,,,,
3165,1.0,0,False,,,,
3166,1.0,0,False,,,,
3167,1.0,0,False,,,,
3168,1.0,0,False,,,,
3169,1.0,0,False,,,,
3170,1.0,0,False,,,,
3171,1.0,0,False,,,,
3172,1.0,0,False,,,,
3173,1.0,0,False,,,,
3174,1.0,0,False,,,,
3175,1.0,0,False,,,,
3176,1.0,0,False,,,,
3177,1.0,0,False,,,,
3178,1.0,0,False,,,,
3179,1.0,0,False,,,,
3180,1.0,0,False,,,,
3181,1.0,0,False,,,,
3182,1.0,0,False,,,,
3183,1.0,0,False,,,,
3184,1.0,0,False,,,,
3185,1.0,0,False,,,,
3186,1.0,0,False,,,,
3187,1.0,0,False,,,,
3188,1.0,0,False,,,,
3189,0.2,8,True,0.6,1.0,0.2780719051126377,0.0
3190,0.2,8,True,0.5333333333333333,1.0,0.2780719051126377,0.0
3191,0.2,8,True,0.5333333333333333,1.0,0.2780719051126377,0.0
3192,0.2,8,True,0.5333333333333333,1.0,0.2780719051126377,0.0
3193,0.2,8,True,0.5333333333333333,1.0,0.2780719051126377,0.0
3194,0.2,8,True,0.6666666666666666,1.0,0.2780719051126377,0.0
3195,0.2,8,True,0.7333333333333333,1.0,0.2780719051126377,0.0
3196,0.2,8,True,0.5333333333333333,1.0,0.2780719051126377,0.0
3197,0.2,8,True,0.5333333333333333,1.0,0.2780719051126377,0.0
3198,0.2,8,True,0.5333333333333333,1.0,0.2780719051126377,0.0
3199,0.2,8,True,0.5333333333333333,1.0,0.2780719051126377,0.0
3200,0.2,8,True,0.6,1.0,0.2780719051126377,0.0
3201,0.2,8,True,0.4166666666666667,0.875,0.27015330083790245,0.5435644431995964
3202,0.2,8,True,0.6666666666666666,1.0,0.2780719051126377,0.0
3203,0.2,8,True,0.6,1.0,0.2780719051126377,0.0
3204,0.2,8,True,0.6,1.0,0.2780719051126377,0.0
3205,0.2,8,True,0.6,1.0,0.2780719051126377,0.0
3206,0.2,8,True,0.6666666666666666,1.0,0.2780719051126377,0.0
3207,0.2,8,True,0.5333333333333333,1.0,0.2780719051126377,0.0
3208,0.2,8,True,0.8,1.0,0.2780719051126377,0.0
3209,0.2,8,True,0.6666666666666666,1.0,0.2780719051126377,0.0
3210,0.2,8,True,0.6,1.0,0.2780719051126377,0.0
3211,0.2,8,True,0.5333333333333333,1.0,0.2780719051126377,0.0
3212,0.2,8,True,0.6,1.0,0.2780719051126377,0.0
3213,0.2,8,True,0.6666666666666666,1.0,0.2780719051126377,0.0
3214,0.2,8,True,0.6666666666666666,1.0,0.2780719051126377,0.0
3215,0.2,8,True,0.5333333333333333,1.0,0.2780719051126377,0.0
3216,0.2,8,True,0.6,1.0,0.2780719051126377,0.0
3217,0.2,8,True,0.5333333333333333,1.0,0.2780719051126377,0.0
3218,1.0,0,False,,,,
3219,1.0,0,False,,,,
3220,1.0,0,False,,,,
3221,0.2,8,True,0.5333333333333333,1.0,0.2780719051126377,0.0
3222,0.2,8,True,0.6,1.0,0.2780719051126377,0.0
3223,0.2,8,True,0.6,1.0,0.2780719051126377,0.0
3224,0.2,8,True,0.5333333333333333,1.0,0.2780719051126377,0.0
3225,0.2,8,True,0.5333333333333333,1.0,0.2780719051126377,0.0
3226,0.2,8,True,0.5333333333333333,1.0,0.2780719051126377,0.0
3227,0.2,8,True,0.6,1.0,0.2780719051126377,0.0
3228,0.2,8,True,0.5333333333333333,1.0,0.2780719051126377,0.0
3229,0.2,8,True,0.5333333333333333,1.0,0.2780719051126377,0.0
3230,0.2,8,True,0.6666666666666666,1.0,0.2780719051126377,0.0
3231,0.2,8,True,0.6,1.0,0.2780719051126377,0.0
3232,0.2,8,True,0.6666666666666666,1.0,0.2780719051126377,0.0
3233,0.2,8,True,0.5333333333333333,1.0,0.2780719051126377,0.0
3234,0.2,8,True,0.5333333333333333,1.0,0.2780719051126377,0.0
3235,0.2,8,True,0.7,0.875,0.27015330083790245,0.5435644431995964
3236,0.2,8,True,0.6,1.0,0.2780719051126377,0.0
3237,0.2,8,True,0.7333333333333333,1.0,0.2780719051126377,0.0
3238,0.2,8,True,0.6,1.0,0.2780719051126377,0.0
3239,0.2,8,True,0.5333333333333333,1.0,0.2780719051126377,0.0
3240,0.2,8,True,0.4666666666666667,0.875,0.27015330083790245,0.5435644431995964
3241,0.2,8,True,0.6,1.0,0.2780719051126377,0.0
3242,0.2,8,True,0.6,1.0,0.2780719051126377,0.0
3243,0.2,8,True,0.7333333333333333,1.0,0.2780719051126377,0.0
3244,0.2,8,True,0.7333333333333333,1.0,0.2780719051126377,0.0
3245,0.2,8,True,0.6666666666666666,1.0,0.2780719051126377,0.0
3246,0.2,8,True,0.6,1.0,0.2780719051126377,0.0
3247,0.2,8,True,0.5333333333333333,1.0,0.2780719051126377,0.0
3248,0.2,8,True,0.5166666666666667,0.875,0.27015330083790245,0.5435644431995964
3249,0.2,8,True,0.6,1.0,0.2780719051126377,0.0
3250,0.2,8,True,0.6,1.0,0.2780719051126377,0.0
3251,0.2,8,True,0.5333333333333333,1.0,0.2780719051126377,0.0
3252,0.9,1,False,,,,
3253,0.9,1,False,,,,
3254,0.9,1,False,,,,
3255,0.9,1,False,,,,
3256,0.9,1,False,,,,
3257,0.9,1,False,,,,
3258,0.9,1,False,,,,
3259,0.2,8,True,0.5,0.875,0.27015330083790245,0.5435644431995964
3260,0.2,8,True,0.6666666666666666,1.0,0.2780719051126377,0.0
3261,0.2,8,True,0.6,1.0,0.2780719051126377,0.0
3262,0.2,8,True,0.6666666666666666,1.0,0.2780719051126377,0.0
3263,0.2,8,True,0.5333333333333333,1.0,0.2780719051126377,0.0
3264,0.2,8,True,0.5333333333333333,1.0,0.2780719051126377,0.0
3265,0.2,8,True,0.5333333333333333,1.0,0.2780719051126377,0.0
3266,0.2,8,True,0.6,1.0,0.2780719051126377,0.0
3267,0.2,8,True,0.6,1.0,0.2780719051126377,0.0
3268,0.2,8,True,0.6,1.0,0.2780719051126377,0.0
3269,0.2,8,True,0.5333333333333333,1.0,0.2780719051126377,0.0
3270,0.2,8,True,0.5333333333333333,1.0,0.2780719051126377,0.0
3271,0.2,8,True,0.6,1.0,0.2780719051126377,0.0
3272,0.2,8,True,0.5333333333333333,1.0,0.2780719051126377,0.0
3273,0.2,8,True,0.5333333333333333,1.0,0.2780719051126377,0.0
3274,0.2,8,True,0.6,1.0,0.2780719051126377,0.0
3275,0.2,8,True,0.6666666666666666,1.0,0.2780719051126377,0.0
3276,0.2,8,True,0.5333333333333333,1.0,0.2780719051126377,0.0
3277,0.2,8,True,0.8666666666666667,1.0,0.2780719051126377,0.0
3278,0.2,8,True,0.47619047619047616,0.75,0.13502647928207268,0.8112781244591328
3279,0.2,8,True,0.5,0.875,0.27015330083790245,0.5435644431995964
3280,0.2,8,True,0.6,1.0,0.2780719051126377,0.0
3281,0.2,8,True,0.7333333333333333,1.0,0.2780719051126377,0.0
3282,0.2,8,True,0.6,1.0,0.2780719051126377,0.0
3283,0.2,8,True,0.6666666666666666,1.0,0.2780719051126377,0.0
3284,0.2,8,True,0.5833333333333334,0.875,0.27015330083790245,0.5435644431995964
3285,0.2,8,True,0.6,1.0,0.2780719051126377,0.0
3286,0.2,8,True,0.5166666666666667,0.875,0.27015330083790245,0.5435644431995964
3287,0.2,8,True,0.6,1.0,0.2780719051126377,0.0
3288,0.2,8,True,0.6,1.0,0.2780719051126377,0.0
3289,0.2,8,True,0.6,1.0,0.2780719051126377,0.0
3290,0.2,8,True,0.8666666666666667,1.0,0.2780719051126377,0.0
3291,0.2,8,True,0.5333333333333333,1.0,0.2780719051126377,0.0
3292,0.2,8,True,0.6,1.0,0.2780719051126377,0.0
3293,0.2,8,True,0.6,1.0,0.2780719051126377,0.0
3294,0.2,8,True,0.5333333333333333,1.0,0.2780719051126377,0.0
3295,0.2,8,True,0.6,1.0,0.2780719051126377,0.0
3296,0.2,8,True,0.6,1.0,0.2780719051126377,0.0
3297,0.2,8,True,0.5333333333333333,1.0,0.2780719051126377,0.0
3298,0.2,8,True,0.6666666666666666,1.0,0.2780719051126377,0.0
3299,0.2,8,True,0.6666666666666666,1.0,0.2780719051126377,0.0
3300,0.2,8,True,0.6,1.0,0.2780719051126377,0.0
3301,0.2,8,True,0.6,1.0,0.2780719051126377,0.0
3302,1.0,0,False,,,,
3303,0.2,8,True,0.6666666666666666,1.0,0.2780719051126377,0.0
3304,0.2,8,True,0.5333333333333333,1.0,0.2780719051126377,0.0
3305,0.2,8,True,0.6,1.0,0.2780719051126377,0.0
3306,0.3,7,True,0.6,1.0,0.1187091007693073,0.0
3307,1.0,0,False,,,,
3308,1.0,0,False,,,,
3309,1.0,0,False,,,,
3310,1.0,0,False,,,,
3311,1.0,0,False,,,,
3312,1.0,0,False,,,,
3313,1.0,0,False,,,,
3314,1.0,0,False,,,,
3315,1.0,0,False,,,,
3316,1.0,0,False,,,,
3317,1.0,0,False,,,,
3318,1.0,0,False,,,,
3319,1.0,0,False,,,,
3320,1.0,0,False,,,,
3321,1.0,0,False,,,,
3322,1.0,0,False,,,,
3323,1.0,0,False,,,,
3324,1.0,0,False,,,,
3325,1.0,0,False,,,,
3326,1.0,0,False,,,,
3327,1.0,0,False,,,,
3328,1.0,0,False,,,,
3329,1.0,0,False,,,,
3330,1.0,0,False,,,,
3331,1.0,0,False,,,,
3332,1.0,0,False,,,,
3333,1.0,0,False,,,,
3334,1.0,0,False,,,,
3335,1.0,0,False,,,,
3336,1.0,0,False,,,,
3337,1.0,0,False,,,,
3338,1.0,0,False,,,,
3339,1.0,0,False,,,,
3340,1.0,0,False,,,,
3341,1.0,0,False,,,,
3342,1.0,0,False,,,,
3343,1.0,0,False,,,,
3344,1.0,0,False,,,,
3345,1.0,0,False,,,,
3346,1.0,0,False,,,,
3347,1.0,0,False,,,,
3348,1.0,0,False,,,,
3349,1.0,0,False,,,,
3350,1.0,0,False,,,,
3351,1.0,0,False,,,,
3352,1.0,0,False,,,,
3353,1.0,0,False,,,,
3354,1.0,0,False,,,,
3355,1.0,0,False,,,,
3356,1.0,0,False,,,,
3357,1.0,0,False,,,,
3358,1.0,0,False,,,,
3359,1.0,0,False,,,,
3360,1.0,0,False,,,,
3361,1.0,0,False,,,,
3362,1.0,0,False,,,,
3363,1.0,0,False,,,,
3364,1.0,0,False,,,,
3365,1.0,0,False,,,,
3366,1.0,0,False,,,,
3367,1.0,0,False,,,,
3368,1.0,0,False,,,,
3369,1.0,0,False,,,,
3370,1.0,0,False,,,,
3371,1.0,0,False,,,,
3372,1.0,0,False,,,,
3373,1.0,0,False,,,,
3374,1.0,0,False,,,,
3375,1.0,0,False,,,,
3376,1.0,0,False,,,,
3377,1.0,0,False,,,,
3378,1.0,0,False,,,,
3379,1.0,0,False,,,,
3380,1.0,0,False,,,,
3381,1.0,0,False,,,,
3382,1.0,0,False,,,,
3383,1.0,0,False,,,,
3384,1.0,0,False,,,,
3385,1.0,0,False,,,,
3386,1.0,0,False,,,,
3387,1.0,0,False,,,,
3388,1.0,0,False,,,,
3389,1.0,0,False,,,,
3390,1.0,0,False,,,,
3391,1.0,0,False,,,,
3392,1.0,0,False,,,,
3393,1.0,0,False,,,,
3394,1.0,0,False,,,,
3395,1.0,0,False,,,,
3396,1.0,0,False,,,,
3397,1.0,0,False,,,,
3398,1.0,0,False,,,,
3399,1.0,0,False,,,,
3400,1.0,0,False,,,,
3401,1.0,0,False,,,,
3402,1.0,0,False,,,,
3403,1.0,0,False,,,,
3404,1.0,0,False,,,,
3405,1.0,0,False,,,,
3406,1.0,0,False,,,,
3407,1.0,0,False,,,,
3408,1.0,0,False,,,,
3409,1.0,0,False,,,,
3410,1.0,0,False,,,,
3411,1.0,0,False,,,,
3412,1.0,0,False,,,,
3413,1.0,0,False,,,,
3414,1.0,0,False,,,,
3415,1.0,0,False,,,,
3416,1.0,0,False,,,,
3417,1.0,0,False,,,,
3418,1.0,0,False,,,,
3419,1.0,0,False,,,,
3420,1.0,0,False,,,,
3421,1.0,0,False,,,,
3422,1.0,0,False,,,,
3423,1.0,0,False,,,,
3424,1.0,0,False,,,,
3425,1.0,0,False,,,,
3426,1.0,0,False,,,,
3427,1.0,0,False,,,,
3428,1.0,0,False,,,,
3429,1.0,0,False,,,,
3430,1.0,0,False,,,,
3431,1.0,0,False,,,,
3432,1.0,0,False,,,,
3433,1.0,0,False,,,,
3434,1.0,0,False,,,,
3435,1.0,0,False,,,,
3436,1.0,0,False,,,,
3437,1.0,0,False,,,,
3438,1.0,0,False,,,,
3439,1.0,0,False,,,,
3440,1.0,0,False,,,,
3441,1.0,0,False,,,,
3442,1.0,0,False,,,,
3443,1.0,0,False,,,,
3444,1.0,0,False,,,,
3445,1.0,0,False,,,,
3446,1.0,0,False,,,,
3447,1.0,0,False,,,,
3448,1.0,0,False,,,,
3449,1.0,0,False,,,,
3450,1.0,0,False,,,,
3451,1.0,0,False,,,,
3452,1.0,0,False,,,,
3453,1.0,0,False,,,,
3454,1.0,0,False,,,,
3455,1.0,0,False,,,,
3456,1.0,0,False,,,,
3457,1.0,0,False,,,,
3458,1.0,0,False,,,,
3459,1.0,0,False,,,,
3460,1.0,0,False,,,,
3461,1.0,0,False,,,,
3462,1.0,0,False,,,,
3463,1.0,0,False,,,,
3464,1.0,0,False,,,,
3465,1.0,0,False,,,,
3466,1.0,0,False,,,,
3467,1.0,0,False,,,,
3468,1.0,0,False,,,,
3469,1.0,0,False,,,,
3470,1.0,0,False,,,,
3471,1.0,0,False,,,,
3472,1.0,0,False,,,,
3473,1.0,0,False,,,,
3474,1.0,0,False,,,,
3475,1.0,0,False,,,,
3476,1.0,0,False,,,,
3477,1.0,0,False,,,,
3478,1.0,0,False,,,,
3479,1.0,0,False,,,,
3480,1.0,0,False,,,,
3481,1.0,0,False,,,,
3482,1.0,0,False,,,,
3483,1.0,0,False,,,,
3484,1.0,0,False,,,,
3485,1.0,0,False,,,,
3486,1.0,0,False,,,,
3487,1.0,0,False,,,,
3488,1.0,0,False,,,,
3489,1.0,0,False,,,,
3490,1.0,0,False,,,,
3491,1.0,0,False,,,,
3492,1.0,0,False,,,,
3493,1.0,0,False,,,,
3494,1.0,0,False,,,,
3495,1.0,0,False,,,,
3496,1.0,0,False,,,,
3497,1.0,0,False,,,,
3498,1.0,0,False,,,,
3499,1.0,0,False,,,,
3500,1.0,0,False,,,,
3501,1.0,0,False,,,,
3502,1.0,0,False,,,,
3503,1.0,0,False,,,,
3504,1.0,0,False,,,,
3505,1.0,0,False,,,,
3506,1.0,0,False,,,,
3507,1.0,0,False,,,,
3508,1.0,0,False,,,,
3509,1.0,0,False,,,,
3510,1.0,0,False,,,,
3511,1.0,0,False,,,,
3512,1.0,0,False,,,,
3513,1.0,0,False,,,,
3514,1.0,0,False,,,,
3515,1.0,0,False,,,,
3516,1.0,0,False,,,,
3517,1.0,0,False,,,,
3518,1.0,0,False,,,,
3519,1.0,0,False,,,,
3520,1.0,0,False,,,,
3521,1.0,0,False,,,,
3522,1.0,0,False,,,,
3523,1.0,0,False,,,,
3524,1.0,0,False,,,,
3525,1.0,0,False,,,,
3526,1.0,0,False,,,,
3527,0.3,7,True,0.5333333333333333,1.0,0.1187091007693073,0.0
3528,0.3,7,True,0.5333333333333333,1.0,0.1187091007693073,0.0
3529,0.3,7,True,0.6666666666666666,1.0,0.1187091007693073,0.0
3530,0.3,7,True,0.6,1.0,0.1187091007693073,0.0
3531,1.0,0,False,,,,
3532,1.0,0,False,,,,
3533,1.0,0,False,,,,
3534,1.0,0,False,,,,
3535,1.0,0,False,,,,
3536,0.3,7,True,0.6,1.0,0.1187091007693073,0.0
3537,0.3,7,True,0.6666666666666666,1.0,0.1187091007693073,0.0
3538,0.3,7,True,0.6,1.0,0.1187091007693073,0.0
3539,0.3,7,True,0.6,1.0,0.1187091007693073,0.0
3540,0.3,7,True,0.5333333333333333,1.0,0.1187091007693073,0.0
3541,0.3,7,True,1.0,1.0,0.1187091007693073,0.0
3542,0.3,7,True,0.6666666666666666,1.0,0.1187091007693073,0.0
3543,0.3,7,True,0.6,1.0,0.1187091007693073,0.0
3544,0.3,7,True,0.7333333333333333,1.0,0.1187091007693073,0.0
3545,0.3,7,True,0.5047619047619047,0.8571428571428571,0.1826545778534897,0.5916727785823275
3546,0.3,7,True,0.7333333333333333,1.0,0.1187091007693073,0.0
3547,0.3,7,True,0.5365079365079365,0.7142857142857143,0.1572623513863327,1.1488348542809166
3548,0.3,7,True,0.5142857142857143,0.7142857142857143,0.06276943678387037,0.863120568566631
3549,1.0,0,False,,,,
3550,1.0,0,False,,,,
3551,1.0,0,False,,,,
3552,0.3,7,True,0.6666666666666666,1.0,0.1187091007693073,0.0
3553,0.3,7,True,0.6,1.0,0.1187091007693073,0.0
3554,0.3,7,True,0.6,1.0,0.1187091007693073,0.0
3555,0.3,7,True,0.5333333333333333,1.0,0.1187091007693073,0.0
3556,0.3,7,True,0.6,1.0,0.1187091007693073,0.0
3557,0.3,7,True,0.6,1.0,0.1187091007693073,0.0
3558,0.3,7,True,0.6,1.0,0.1187091007693073,0.0
3559,0.3,7,True,0.6,1.0,0.1187091007693073,0.0
3560,0.3,7,True,0.5333333333333333,1.0,0.1187091007693073,0.0
3561,0.3,7,True,0.49523809523809526,0.8571428571428571,0.1826545778534897,0.5916727785823275
3562,0.3,7,True,0.6666666666666666,1.0,0.1187091007693073,0.0
3563,0.3,7,True,0.5333333333333333,1.0,0.1187091007693073,0.0
3564,0.3,7,True,0.6,1.0,0.1187091007693073,0.0
3565,0.3,7,True,0.6666666666666666,1.0,0.1187091007693073,0.0
3566,0.3,7,True,0.5333333333333333,1.0,0.1187091007693073,0.0
3567,1.0,0,False,,,,
3568,1.0,0,False,,,,
3569,1.0,0,False,,,,
3570,1.0,0,False,,,,
3571,1.0,0,False,,,,
3572,1.0,0,False,,,,
3573,1.0,0,False,,,,
3574,1.0,0,False,,,,
3575,1.0,0,False,,,,
3576,1.0,0,False,,,,
3577,1.0,0,False,,,,
3578,1.0,0,False,,,,
3579,1.0,0,False,,,,
3580,1.0,0,False,,,,
3581,1.0,0,False,,,,
3582,1.0,0,False,,,,
3583,1.0,0,False,,,,
3584,1.0,0,False,,,,
3585,1.0,0,False,,,,
3586,1.0,0,False,,,,
3587,1.0,0,False,,,,
3588,1.0,0,False,,,,
3589,1.0,0,False,,,,
3590,1.0,0,False,,,,
3591,1.0,0,False,,,,
3592,1.0,0,False,,,,
3593,1.0,0,False,,,,
3594,1.0,0,False,,,,
3595,1.0,0,False,,,,
3596,1.0,0,False,,,,
3597,1.0,0,False,,,,
3598,1.0,0,False,,,,
3599,1.0,0,False,,,,
3600,1.0,0,False,,,,
3601,1.0,0,False,,,,
3602,1.0,0,False,,,,
3603,1.0,0,False,,,,
3604,1.0,0,False,,,,
3605,1.0,0,False,,,,
3606,1.0,0,False,,,,
3607,1.0,0,False,,,,
3608,1.0,0,False,,,,
3609,1.0,0,False,,,,
3610,0.3,7,True,0.5333333333333333,1.0,0.1187091007693073,0.0
3611,0.3,7,True,0.5333333333333333,1.0,0.1187091007693073,0.0
3612,0.3,7,True,0.5333333333333333,1.0,0.1187091007693073,0.0
3613,0.3,7,True,0.8666666666666667,1.0,0.1187091007693073,0.0
3614,0.3,7,True,0.5428571428571428,0.8571428571428571,0.1826545778534897,0.5916727785823275
3615,0.3,7,True,0.6666666666666666,1.0,0.1187091007693073,0.0
3616,0.3,7,True,0.5238095238095238,0.8571428571428571,0.1826545778534897,0.5916727785823275
3617,0.3,7,True,0.6666666666666666,1.0,0.1187091007693073,0.0
3618,0.3,7,True,0.7333333333333333,1.0,0.1187091007693073,0.0
3619,0.3,7,True,0.6666666666666666,1.0,0.1187091007693073,0.0
3620,0.3,7,True,1.0,1.0,0.1187091007693073,0.0
3621,0.3,7,True,0.6666666666666666,1.0,0.1187091007693073,0.0
3622,0.3,7,True,0.6,1.0,0.1187091007693073,0.0
3623,1.0,0,False,,,,
3624,1.0,0,False,,,,
3625,0.3,7,True,0.6,1.0,0.1187091007693073,0.0
3626,0.3,7,True,0.5333333333333333,1.0,0.1187091007693073,0.0
3627,0.3,7,True,0.5333333333333333,1.0,0.1187091007693073,0.0
3628,0.3,7,True,0.6,1.0,0.1187091007693073,0.0
3629,0.3,7,True,0.6666666666666666,1.0,0.1187091007693073,0.0
3630,0.2,8,True,0.5333333333333333,1.0,0.2780719051126377,0.0
3631,0.2,8,True,0.5333333333333333,1.0,0.2780719051126377,0.0
3632,0.2,8,True,0.6,1.0,0.2780719051126377,0.0
3633,0.2,8,True,0.5333333333333333,1.0,0.2780719051126377,0.0
3634,0.2,8,True,0.6,1.0,0.2780719051126377,0.0
3635,0.2,8,True,0.6,1.0,0.2780719051126377,0.0
3636,0.2,8,True,0.6666666666666666,1.0,0.2780719051126377,0.0
3637,0.2,8,True,0.41904761904761906,0.5,0.03977028213923883,1.0
3638,0.2,8,True,0.5333333333333333,1.0,0.2780719051126377,0.0
3639,0.2,8,True,0.7333333333333333,1.0,0.2780719051126377,0.0
3640,0.2,8,True,0.6,1.0,0.2780719051126377,0.0
3641,1.0,0,False,,,,
3642,1.0,0,False,,,,
3643,1.0,0,False,,,,
3644,1.0,0,False,,,,
3645,1.0,0,False,,,,
3646,1.0,0,False,,,,
3647,1.0,0,False,,,,
3648,1.0,0,False,,,,
3649,1.0,0,False,,,,
3650,0.2,8,True,0.7333333333333333,1.0,0.2780719051126377,0.0
3651,0.2,8,True,0.4666666666666667,0.875,0.27015330083790245,0.5435644431995964
3652,0.2,8,True,0.55,0.875,0.27015330083790245,0.5435644431995964
3653,0.2,8,True,0.6,1.0,0.2780719051126377,0.0
3654,0.2,8,True,0.5333333333333333,1.0,0.2780719051126377,0.0
3655,0.2,8,True,0.8666666666666667,1.0,0.2780719051126377,0.0
3656,0.2,8,True,0.5166666666666667,0.875,0.27015330083790245,0.5435644431995964
3657,0.2,8,True,0.6,1.0,0.2780719051126377,0.0
3658,0.2,8,True,0.5333333333333333,1.0,0.2780719051126377,0.0
3659,0.2,8,True,0.5333333333333333,1.0,0.2780719051126377,0.0
3660,0.2,8,True,0.6666666666666666,1.0,0.2780719051126377,0.0
3661,0.2,8,True,0.5833333333333334,0.875,0.27015330083790245,0.5435644431995964
3662,0.2,8,True,0.5333333333333333,1.0,0.2780719051126377,0.0
3663,0.2,8,True,0.5333333333333333,1.0,0.2780719051126377,0.0
3664,0.2,8,True,0.6,1.0,0.2780719051126377,0.0
3665,0.2,8,True,0.8,1.0,0.2780719051126377,0.0
3666,0.2,8,True,0.5333333333333333,1.0,0.2780719051126377,0.0
3667,0.2,8,True,0.5333333333333333,1.0,0.2780719051126377,0.0
3668,0.2,8,True,0.6,1.0,0.2780719051126377,0.0
3669,0.2,8,True,0.7333333333333333,1.0,0.2780719051126377,0.0
3670,0.2,8,True,0.6,1.0,0.2780719051126377,0.0
3671,0.2,8,True,0.6,1.0,0.2780719051126377,0.0
3672,0.2,8,True,0.5333333333333333,1.0,0.2780719051126377,0.0
3673,0.2,8,True,0.5333333333333333,1.0,0.2780719051126377,0.0
3674,0.2,8,True,0.48333333333333334,0.875,0.27015330083790245,0.5435644431995964
3675,0.2,8,True,0.6666666666666666,1.0,0.2780719051126377,0.0
3676,0.2,8,True,0.45,0.875,0.27015330083790245,0.5435644431995964
3677,0.2,8,True,0.6,0.875,0.27015330083790245,0.5435644431995964
3678,1.0,0,False,,,,
3679,1.0,0,False,,,,
3680,1.0,0,False,,,,
3681,1.0,0,False,,,,
3682,1.0,0,False,,,,
3683,1.0,0,False,,,,
3684,1.0,0,False,,,,
3685,1.0,0,False,,,,
3686,1.0,0,False,,,,
3687,1.0,0,False,,,,
3688,1.0,0,False,,,,
3689,1.0,0,False,,,,
3690,0.2,8,True,0.5833333333333334,0.875,0.27015330083790245,0.5435644431995964
3691,1.0,0,False,,,,
3692,1.0,0,False,,,,
3693,1.0,0,False,,,,
3694,0.2,8,True,0.6,1.0,0.2780719051126377,0.0
3695,0.2,8,True,0.6666666666666666,1.0,0.2780719051126377,0.0
3696,0.2,8,True,0.48333333333333334,0.875,0.27015330083790245,0.5435644431995964
3697,0.2,8,True,0.5666666666666667,0.875,0.27015330083790245,0.5435644431995964
3698,0.2,8,True,0.5333333333333333,1.0,0.2780719051126377,0.0
3699,0.2,8,True,0.4904761904761905,0.75,0.13502647928207268,0.8112781244591328
3700,0.2,8,True,0.6,1.0,0.2780719051126377,0.0
3701,0.2,8,True,0.5333333333333333,1.0,0.2780719051126377,0.0
3702,0.2,8,True,0.5333333333333333,1.0,0.2780719051126377,0.0
3703,0.2,8,True,0.48333333333333334,0.875,0.27015330083790245,0.5435644431995964
3704,0.2,8,True,0.8666666666666667,1.0,0.2780719051126377,0.0
3705,0.2,8,True,0.5333333333333333,1.0,0.2780719051126377,0.0
3706,0.2,8,True,0.6,1.0,0.2780719051126377,0.0
3707,0.2,8,True,0.6,1.0,0.2780719051126377,0.0
3708,0.2,8,True,0.5333333333333333,1.0,0.2780719051126377,0.0
3709,0.2,8,True,0.6166666666666667,0.875,0.27015330083790245,0.5435644431995964
3710,0.2,8,True,0.5333333333333333,1.0,0.2780719051126377,0.0
3711,0.2,8,True,0.6666666666666666,1.0,0.2780719051126377,0.0
3712,0.2,8,True,0.5333333333333333,1.0,0.2780719051126377,0.0
3713,0.2,8,True,0.6,1.0,0.2780719051126377,0.0
3714,0.2,8,True,0.5333333333333333,1.0,0.2780719051126377,0.0
3715,0.2,8,True,0.6,1.0,0.2780719051126377,0.0
3716,0.2,8,True,0.7333333333333333,1.0,0.2780719051126377,0.0
3717,0.2,8,True,0.5166666666666667,0.875,0.27015330083790245,0.5435644431995964
3718,0.2,8,True,0.5333333333333333,1.0,0.2780719051126377,0.0
3719,0.2,8,True,0.6,1.0,0.2780719051126377,0.0
3720,0.2,8,True,0.5333333333333333,1.0,0.2780719051126377,0.0
3721,1.0,0,False,,,,
3722,1.0,0,False,,,,
3723,1.0,0,False,,,,
3724,1.0,0,False,,,,
3725,1.0,0,False,,,,
3726,1.0,0,False,,,,
3727,0.2,8,True,0.6,1.0,0.2780719051126377,0.0
3728,0.2,8,True,0.8,1.0,0.2780719051126377,0.0
3729,0.2,8,True,0.5333333333333333,1.0,0.2780719051126377,0.0
3730,0.2,8,True,0.6,1.0,0.2780719051126377,0.0
3731,0.2,8,True,0.6,1.0,0.2780719051126377,0.0
3732,0.2,8,True,0.6,1.0,0.2780719051126377,0.0
3733,0.2,8,True,0.6,1.0,0.2780719051126377,0.0
3734,0.2,8,True,0.7333333333333333,1.0,0.2780719051126377,0.0
3735,0.2,8,True,0.7333333333333333,1.0,0.2780719051126377,0.0
3736,0.2,8,True,0.5333333333333333,1.0,0.2780719051126377,0.0
3737,0.2,8,True,0.5166666666666667,0.875,0.27015330083790245,0.5435644431995964
3738,0.2,8,True,0.6,1.0,0.2780719051126377,0.0
3739,0.2,8,True,0.6,1.0,0.2780719051126377,0.0
3740,0.2,8,True,0.8666666666666667,1.0,0.2780719051126377,0.0
3741,0.2,8,True,0.48333333333333334,0.875,0.27015330083790245,0.5435644431995964
3742,1.0,0,False,,,,
3743,0.3,7,True,0.5047619047619047,0.8571428571428571,0.1826545778534897,0.5916727785823275
3744,0.3,7,True,0.6,1.0,0.1187091007693073,0.0
3745,0.3,7,True,0.5714285714285714,0.8571428571428571,0.1826545778534897,0.5916727785823275
3746,0.3,7,True,0.6666666666666666,1.0,0.1187091007693073,0.0
3747,0.3,7,True,0.6666666666666666,1.0,0.1187091007693073,0.0
3748,0.3,7,True,0.6,1.0,0.1187091007693073,0.0
3749,0.3,7,True,0.5333333333333333,1.0,0.1187091007693073,0.0
3750,0.3,7,True,0.5333333333333333,1.0,0.1187091007693073,0.0
3751,0.3,7,True,0.8666666666666667,1.0,0.1187091007693073,0.0
3752,0.3,7,True,0.6666666666666666,1.0,0.1187091007693073,0.0
3753,0.3,7,True,0.5333333333333333,1.0,0.1187091007693073,0.0
3754,0.3,7,True,0.5333333333333333,1.0,0.1187091007693073,0.0
3755,0.3,7,True,0.6,1.0,0.1187091007693073,0.0
3756,0.3,7,True,0.5333333333333333,1.0,0.1187091007693073,0.0
3757,0.3,7,True,0.5333333333333333,1.0,0.1187091007693073,0.0
3758,0.3,7,True,0.6,1.0,0.1187091007693073,0.0
3759,0.3,7,True,0.5333333333333333,1.0,0.1187091007693073,0.0
3760,0.3,7,True,0.5333333333333333,1.0,0.1187091007693073,0.0
3761,0.3,7,True,0.5333333333333333,1.0,0.1187091007693073,0.0
3762,0.3,7,True,0.7333333333333333,1.0,0.1187091007693073,0.0
3763,0.3,7,True,0.5333333333333333,1.0,0.1187091007693073,0.0
3764,0.3,7,True,0.6,1.0,0.1187091007693073,0.0
3765,0.3,7,True,0.5428571428571428,0.8571428571428571,0.1826545778534897,0.5916727785823275
3766,0.3,7,True,0.8,1.0,0.1187091007693073,0.0
3767,0.3,7,True,0.7333333333333333,1.0,0.1187091007693073,0.0
3768,0.3,7,True,0.5333333333333333,1.0,0.1187091007693073,0.0
3769,0.3,7,True,0.6,1.0,0.1187091007693073,0.0
3770,0.3,7,True,0.5238095238095238,0.8571428571428571,0.1826545778534897,0.5916727785823275
3771,0.3,7,True,0.6666666666666666,1.0,0.1187091007693073,0.0
3772,0.3,7,True,0.5333333333333333,1.0,0.1187091007693073,0.0
3773,0.3,7,True,0.4571428571428572,0.8571428571428571,0.1826545778534897,0.5916727785823275
3774,0.3,7,True,0.6,1.0,0.1187091007693073,0.0
3775,0.3,7,True,0.47619047619047616,0.8571428571428571,0.1826545778534897,0.5916727785823275
3776,0.3,7,True,0.6,1.0,0.1187091007693073,0.0
3777,0.3,7,True,0.6,1.0,0.1187091007693073,0.0
3778,0.3,7,True,0.6666666666666666,1.0,0.1187091007693073,0.0
3779,0.3,7,True,0.5333333333333333,1.0,0.1187091007693073,0.0
3780,0.3,7,True,0.6,1.0,0.1187091007693073,0.0
3781,0.3,7,True,0.6,1.0,0.1187091007693073,0.0
3782,0.3,7,True,0.5333333333333333,1.0,0.1187091007693073,0.0
3783,0.3,7,True,0.5333333333333333,1.0,0.1187091007693073,0.0
3784,0.3,7,True,0.5333333333333333,1.0,0.1187091007693073,0.0
3785,0.3,7,True,0.6,1.0,0.1187091007693073,0.0
3786,0.3,7,True,0.7333333333333333,1.0,0.1187091007693073,0.0
3787,0.3,7,True,0.6666666666666666,1.0,0.1187091007693073,0.0
3788,0.3,7,True,0.6,1.0,0.1187091007693073,0.0
3789,1.0,0,False,,,,
3790,0.3,7,True,0.6,1.0,0.1187091007693073,0.0
3791,0.2,8,True,0.5333333333333333,1.0,0.2780719051126377,0.0
3792,0.4,6,True,0.5333333333333333,1.0,0.02904940554533142,0.0
3793,0.4,6,True,0.6,1.0,0.02904940554533142,0.0
3794,0.4,6,True,0.8,1.0,0.02904940554533142,0.0
3795,0.4,6,True,0.8666666666666667,1.0,0.02904940554533142,0.0
3796,0.4,6,True,0.5333333333333333,1.0,0.02904940554533142,0.0
3797,0.4,6,True,0.5333333333333333,1.0,0.02904940554533142,0.0
3798,0.4,6,True,0.8666666666666667,1.0,0.02904940554533142,0.0
3799,0.4,6,True,0.5333333333333333,1.0,0.02904940554533142,0.0
3800,0.4,6,True,0.6666666666666666,1.0,0.02904940554533142,0.0
3801,0.4,6,True,0.4666666666666667,0.8333333333333334,0.14132728892674495,0.6500224216483541
3802,0.4,6,True,0.5333333333333333,1.0,0.02904940554533142,0.0
3803,0.4,6,True,0.5333333333333333,1.0,0.02904940554533142,0.0
3804,0.4,6,True,0.6666666666666666,1.0,0.02904940554533142,0.0
3805,0.4,6,True,0.5333333333333333,0.8333333333333334,0.14132728892674484,0.6500224216483541
3806,0.4,6,True,0.5333333333333333,1.0,0.02904940554533142,0.0
3807,0.4,6,True,0.6,1.0,0.02904940554533142,0.0
3808,0.4,6,True,0.48888888888888893,0.8333333333333334,0.14132728892674484,0.6500224216483541
3809,0.4,6,True,0.6666666666666666,1.0,0.02904940554533142,0.0
3810,1.0,0,False,,,,
3811,1.0,0,False,,,,
3812,1.0,0,False,,,,
3813,0.4,6,True,0.5644444444444444,0.6666666666666666,0.03977028213923883,0.9182958340544896
3814,0.4,6,True,0.6,1.0,0.02904940554533142,0.0
3815,0.4,6,True,0.6666666666666666,1.0,0.02904940554533142,0.0
3816,0.4,6,True,0.5333333333333333,1.0,0.02904940554533142,0.0
3817,0.4,6,True,1.0,1.0,0.02904940554533142,0.0
3818,0.4,6,True,0.4666666666666667,0.8333333333333334,0.14132728892674484,0.6500224216483541
3819,0.4,6,True,0.8666666666666667,1.0,0.02904940554533142,0.0
3820,0.4,6,True,0.6666666666666666,1.0,0.02904940554533142,0.0
3821,0.4,6,True,0.6666666666666666,1.0,0.02904940554533142,0.0
3822,0.4,6,True,0.6,1.0,0.02904940554533142,0.0
3823,0.4,6,True,0.7333333333333333,1.0,0.02904940554533142,0.0
3824,0.4,6,True,0.7333333333333333,1.0,0.02904940554533142,0.0
3825,0.4,6,True,0.6666666666666666,1.0,0.02904940554533142,0.0
3826,0.4,6,True,0.5333333333333333,1.0,0.02904940554533142,0.0
3827,1.0,0,False,,,,
3828,1.0,0,False,,,,
3829,1.0,0,False,,,,
3830,1.0,0,False,,,,
3831,1.0,0,False,,,,
3832,1.0,0,False,,,,
3833,1.0,0,False,,,,
3834,1.0,0,False,,,,
3835,1.0,0,False,,,,
3836,1.0,0,False,,,,
3837,1.0,0,False,,,,
3838,1.0,0,False,,,,
3839,1.0,0,False,,,,
3840,1.0,0,False,,,,
3841,1.0,0,False,,,,
3842,1.0,0,False,,,,
3843,1.0,0,False,,,,
3844,1.0,0,False,,,,
3845,0.4,6,True,0.46222222222222226,0.6666666666666666,0.03977028213923883,0.9182958340544896
3846,0.4,6,True,0.5333333333333333,1.0,0.02904940554533142,0.0
3847,0.4,6,True,0.6,1.0,0.02904940554533142,0.0
3848,0.4,6,True,0.5333333333333333,1.0,0.02904940554533142,0.0
3849,0.4,6,True,0.6,1.0,0.02904940554533142,0.0
3850,0.4,6,True,0.4222222222222223,0.8333333333333334,0.14132728892674484,0.6500224216483541
3851,0.4,6,True,0.6,1.0,0.02904940554533142,0.0
3852,0.4,6,True,0.8,1.0,0.02904940554533142,0.0
3853,0.4,6,True,0.6,1.0,0.02904940554533142,0.0
3854,0.4,6,True,0.6,1.0,0.02904940554533142,0.0
3855,0.4,6,True,0.6666666666666666,1.0,0.02904940554533142,0.0
3856,0.4,6,True,0.7333333333333333,1.0,0.02904940554533142,0.0
3857,0.4,6,True,0.6666666666666666,1.0,0.02904940554533142,0.0
3858,0.4,6,True,0.48000000000000004,0.6666666666666666,0.03977028213923883,0.9182958340544896
3859,0.4,6,True,0.6,1.0,0.02904940554533142,0.0
3860,0.4,6,True,0.31555555555555553,0.6666666666666666,0.13903595255631884,1.2516291673878228
3861,0.4,6,True,0.5333333333333333,1.0,0.02904940554533142,0.0
3862,0.4,6,True,0.3733333333333333,0.6666666666666666,0.13903595255631884,1.2516291673878228
3863,0.4,6,True,0.4222222222222223,0.6666666666666666,0.13903595255631884,1.2516291673878228
3864,0.4,6,True,0.6666666666666666,1.0,0.02904940554533142,0.0
3865,0.4,6,True,0.6,1.0,0.02904940554533142,0.0
3866,0.4,6,True,0.7333333333333333,1.0,0.02904940554533142,0.0
3867,0.4,6,True,0.5333333333333333,1.0,0.02904940554533142,0.0
3868,0.4,6,True,0.5333333333333333,1.0,0.02904940554533142,0.0
3869,0.4,6,True,0.5333333333333333,1.0,0.02904940554533142,0.0
3870,0.4,6,True,0.6,1.0,0.02904940554533142,0.0
3871,0.4,6,True,0.5333333333333333,1.0,0.02904940554533142,0.0
3872,0.4,6,True,0.5333333333333333,1.0,0.02904940554533142,0.0
3873,0.4,6,True,0.6666666666666666,1.0,0.02904940554533142,0.0
3874,0.4,6,True,0.6,1.0,0.02904940554533142,0.0
3875,0.4,6,True,0.5333333333333333,1.0,0.02904940554533142,0.0
3876,0.4,6,True,0.6666666666666666,1.0,0.02904940554533142,0.0
3877,0.4,6,True,0.5333333333333333,1.0,0.02904940554533142,0.0
3878,0.4,6,True,0.5333333333333333,1.0,0.02904940554533142,0.0
3879,0.4,6,True,0.8666666666666667,1.0,0.02904940554533142,0.0
3880,0.4,6,True,0.6,1.0,0.02904940554533142,0.0
3881,0.4,6,True,0.8,1.0,0.02904940554533142,0.0
3882,0.4,6,True,0.6666666666666666,1.0,0.02904940554533142,0.0
3883,0.4,6,True,0.6666666666666666,1.0,0.02904940554533142,0.0
3884,0.4,6,True,0.6666666666666666,1.0,0.02904940554533142,0.0
3885,0.4,6,True,0.6666666666666666,1.0,0.02904940554533142,0.0
3886,0.4,6,True,0.28444444444444444,0.6666666666666666,0.13903595255631884,1.2516291673878228
3887,0.4,6,True,0.6,1.0,0.02904940554533142,0.0
3888,0.4,6,True,0.5777777777777778,0.8333333333333334,0.14132728892674484,0.6500224216483541
3889,0.4,6,True,0.6666666666666666,1.0,0.02904940554533142,0.0
3890,0.4,6,True,0.6,1.0,0.02904940554533142,0.0
3891,1.0,0,False,,,,
3892,1.0,0,False,,,,
3893,1.0,0,False,,,,
3894,1.0,0,False,,,,
3895,1.0,0,False,,,,
3896,1.0,0,False,,,,
3897,1.0,0,False,,,,
3898,0.4,6,True,0.6666666666666666,1.0,0.02904940554533142,0.0
3899,0.4,6,True,0.5555555555555555,0.8333333333333334,0.14132728892674484,0.6500224216483541
3900,0.4,6,True,0.4666666666666667,0.8333333333333334,0.14132728892674484,0.6500224216483541
3901,0.4,6,True,0.6,1.0,0.02904940554533142,0.0
3902,0.4,6,True,0.5333333333333333,1.0,0.02904940554533142,0.0
3903,0.2,8,True,0.5166666666666667,0.875,0.27015330083790245,0.5435644431995964
3904,0.2,8,True,0.5333333333333333,1.0,0.2780719051126377,0.0
3905,0.2,8,True,0.6,1.0,0.2780719051126377,0.0
3906,0.2,8,True,0.6666666666666666,1.0,0.2780719051126377,0.0
3907,1.0,0,False,,,,
3908,0.2,8,True,0.6,1.0,0.2780719051126377,0.0
3909,0.2,8,True,0.5333333333333333,1.0,0.2780719051126377,0.0
3910,0.2,8,True,0.5333333333333333,1.0,0.2780719051126377,0.0
3911,0.2,8,True,0.6,1.0,0.2780719051126377,0.0
3912,0.2,8,True,0.5333333333333333,1.0,0.2780719051126377,0.0
3913,0.2,8,True,0.5333333333333333,1.0,0.2780719051126377,0.0
3914,0.2,8,True,0.511904761904762,0.75,0.13502647928207268,0.8112781244591328
3915,0.2,8,True,0.7333333333333333,1.0,0.2780719051126377,0.0
3916,0.2,8,True,0.6666666666666666,1.0,0.2780719051126377,0.0
3917,0.2,8,True,0.6,1.0,0.2780719051126377,0.0
3918,0.2,8,True,0.6,1.0,0.2780719051126377,0.0
3919,0.2,8,True,0.6833333333333333,0.875,0.27015330083790245,0.5435644431995964
3920,0.2,8,True,0.4666666666666667,0.875,0.27015330083790245,0.5435644431995964
3921,1.0,0,False,,,,
3922,1.0,0,False,,,,
3923,1.0,0,False,,,,
3924,1.0,0,False,,,,
3925,1.0,0,False,,,,
3926,1.0,0,False,,,,
3927,1.0,0,False,,,,
3928,0.2,8,True,0.6666666666666666,1.0,0.2780719051126377,0.0
3929,0.2,8,True,0.6,1.0,0.2780719051126377,0.0
3930,0.2,8,True,0.6,1.0,0.2780719051126377,0.0
3931,0.2,8,True,0.5333333333333333,1.0,0.2780719051126377,0.0
3932,0.2,8,True,0.6,1.0,0.2780719051126377,0.0
3933,0.2,8,True,0.6,1.0,0.2780719051126377,0.0
3934,0.2,8,True,0.6,1.0,0.2780719051126377,0.0
3935,0.2,8,True,0.5333333333333333,1.0,0.2780719051126377,0.0
3936,0.2,8,True,0.5333333333333333,1.0,0.2780719051126377,0.0
3937,0.2,8,True,0.5333333333333333,1.0,0.2780719051126377,0.0
3938,0.2,8,True,0.6666666666666666,1.0,0.2780719051126377,0.0
3939,0.2,8,True,0.5333333333333333,1.0,0.2780719051126377,0.0
3940,0.2,8,True,0.6666666666666666,1.0,0.2780719051126377,0.0
3941,0.2,8,True,0.6666666666666666,1.0,0.2780719051126377,0.0
3942,0.2,8,True,0.40476190476190477,0.75,0.21452470277266567,1.061278124459133
3943,0.2,8,True,0.6666666666666666,1.0,0.2780719051126377,0.0
3944,0.2,8,True,0.5333333333333333,1.0,0.2780719051126377,0.0
3945,0.2,8,True,0.6,1.0,0.2780719051126377,0.0
3946,0.2,8,True,0.65,0.875,0.27015330083790245,0.5435644431995964
3947,0.2,8,True,0.7333333333333333,1.0,0.2780719051126377,0.0
3948,0.2,8,True,0.37380952380952387,0.75,0.21452470277266567,1.061278124459133
3949,0.2,8,True,0.5333333333333333,1.0,0.2780719051126377,0.0
3950,0.2,8,True,0.6,1.0,0.2780719051126377,0.0
3951,0.2,8,True,0.6666666666666666,1.0,0.2780719051126377,0.0
3952,0.2,8,True,0.48333333333333334,0.875,0.27015330083790245,0.5435644431995964
3953,0.2,8,True,0.4023809523809524,0.75,0.21452470277266567,1.061278124459133
3954,0.2,8,True,0.6,1.0,0.2780719051126377,0.0
3955,0.2,8,True,0.5333333333333333,1.0,0.2780719051126377,0.0
3956,0.2,8,True,0.6,1.0,0.2780719051126377,0.0
3957,0.2,8,True,0.4928571428571428,0.75,0.13502647928207268,0.8112781244591328
3958,0.2,8,True,0.5333333333333333,1.0,0.2780719051126377,0.0
3959,0.2,8,True,0.7333333333333333,1.0,0.2780719051126377,0.0
3960,0.2,8,True,0.6666666666666666,1.0,0.2780719051126377,0.0
3961,0.2,8,True,0.32857142857142857,0.375,0.06502247023287655,1.811278124459133
3962,0.2,8,True,0.5,0.875,0.27015330083790245,0.5435644431995964
3963,0.2,8,True,0.5333333333333333,1.0,0.2780719051126377,0.0
3964,0.2,8,True,0.48333333333333334,0.875,0.27015330083790245,0.5435644431995964
3965,0.2,8,True,0.6666666666666666,1.0,0.2780719051126377,0.0
3966,0.2,8,True,0.55,0.875,0.27015330083790245,0.5435644431995964
3967,0.2,8,True,0.5666666666666667,0.875,0.27015330083790245,0.5435644431995964
3968,0.2,8,True,0.3619047619047619,0.5,0.07678032766449228,1.4056390622295665
3969,0.2,8,True,0.5333333333333333,1.0,0.2780719051126377,0.0
3970,1.0,0,False,,,,
3971,1.0,0,False,,,,
3972,0.2,8,True,0.5333333333333333,1.0,0.2780719051126377,0.0
3973,0.2,8,True,0.6666666666666666,1.0,0.2780719051126377,0.0
3974,0.2,8,True,0.5333333333333333,1.0,0.2780719051126377,0.0
3975,0.2,8,True,0.6,1.0,0.2780719051126377,0.0
3976,0.2,8,True,0.5333333333333333,1.0,0.2780719051126377,0.0
3977,0.2,8,True,0.6,1.0,0.2780719051126377,0.0
3978,0.2,8,True,0.5333333333333333,1.0,0.2780719051126377,0.0
3979,0.2,8,True,0.5333333333333333,1.0,0.2780719051126377,0.0
3980,0.2,8,True,0.6,1.0,0.2780719051126377,0.0
3981,0.2,8,True,0.6666666666666666,1.0,0.2780719051126377,0.0
3982,0.2,8,True,0.5333333333333333,1.0,0.2780719051126377,0.0
3983,0.2,8,True,0.6,1.0,0.2780719051126377,0.0
3984,0.2,8,True,0.6,1.0,0.2780719051126377,0.0
3985,0.2,8,True,0.7333333333333333,1.0,0.2780719051126377,0.0
3986,0.2,8,True,0.5333333333333333,1.0,0.2780719051126377,0.0
3987,0.2,8,True,0.6,1.0,0.2780719051126377,0.0
3988,0.2,8,True,0.6,1.0,0.2780719051126377,0.0
3989,0.2,8,True,0.6,1.0,0.2780719051126377,0.0
3990,0.2,8,True,0.6666666666666666,1.0,0.2780719051126377,0.0
3991,0.2,8,True,0.5333333333333333,0.875,0.27015330083790245,0.5435644431995964
3992,0.2,8,True,0.6,1.0,0.2780719051126377,0.0
3993,0.2,8,True,0.6,1.0,0.2780719051126377,0.0
3994,0.2,8,True,0.6,1.0,0.2780719051126377,0.0
3995,0.2,8,True,0.55,0.875,0.27015330083790245,0.5435644431995964
3996,0.2,8,True,0.5333333333333333,1.0,0.2780719051126377,0.0
3997,0.2,8,True,0.6666666666666666,1.0,0.2780719051126377,0.0
3998,0.2,8,True,0.6,1.0,0.2780719051126377,0.0
3999,0.2,8,True,0.55,0.75,0.13502647928207268,0.8112781244591328
4000,0.2,8,True,0.8333333333333334,0.875,0.27015330083790245,0.5435644431995964
4001,0.2,8,True,0.4166666666666667,0.75,0.21452470277266567,1.061278124459133
4002,0.2,8,True,0.48333333333333334,0.875,0.27015330083790245,0.5435644431995964
4003,1.0,0,False,,,,
4004,1.0,0,False,,,,
4005,1.0,0,False,,,,
4006,1.0,0,False,,,,
4007,1.0,0,False,,,,
4008,1.0,0,False,,,,
4009,1.0,0,False,,,,
4010,1.0,0,False,,,,
4011,1.0,0,False,,,,
4012,1.0,0,False,,,,
4013,1.0,0,False,,,,
4014,1.0,0,False,,,,
4015,1.0,0,False,,,,
4016,1.0,0,False,,,,
4017,1.0,0,False,,,,
4018,1.0,0,False,,,,
4019,1.0,0,False,,,,
4020,1.0,0,False,,,,
4021,1.0,0,False,,,,
4022,1.0,0,False,,,,
4023,0.2,8,True,0.33809523809523806,0.625,0.15545875354128547,1.5487949406953985
4024,0.2,8,True,0.4261904761904762,0.625,0.06276943678387037,0.954434002924965
4025,0.2,8,True,0.48333333333333334,0.875,0.27015330083790245,0.5435644431995964
4026,0.2,8,True,0.4261904761904762,0.75,0.21452470277266567,1.061278124459133
4027,0.2,8,True,0.6,1.0,0.2780719051126377,0.0
4028,0.2,8,True,0.5166666666666667,0.875,0.27015330083790245,0.5435644431995964
4029,0.2,8,True,0.43333333333333335,0.875,0.27015330083790245,0.5435644431995964
4030,0.2,8,True,0.48333333333333334,0.875,0.27015330083790245,0.5435644431995964
4031,0.2,8,True,0.6,1.0,0.2780719051126377,0.0
4032,0.2,8,True,0.5,0.875,0.27015330083790245,0.5435644431995964
4033,1.0,0,False,,,,
4034,1.0,0,False,,,,
4035,0.3,7,True,0.6666666666666666,1.0,0.1187091007693073,0.0
4036,0.2,8,True,0.55,0.875,0.27015330083790245,0.5435644431995964
4037,0.2,8,True,0.45476190476190476,0.5,0.07678032766449228,1.4056390622295665
4038,0.2,8,True,0.4166666666666667,0.875,0.27015330083790245,0.5435644431995964
4039,0.2,8,True,0.4666666666666667,0.875,0.27015330083790245,0.5435644431995964
4040,0.2,8,True,0.5166666666666667,0.875,0.27015330083790245,0.5435644431995964
4041,0.2,8,True,0.55,0.875,0.27015330083790245,0.5435644431995964
4042,0.2,8,True,0.4666666666666667,0.875,0.27015330083790245,0.5435644431995964
4043,0.2,8,True,0.4666666666666667,0.875,0.27015330083790245,0.5435644431995964
4044,0.2,8,True,0.5333333333333333,1.0,0.2780719051126377,0.0
4045,0.2,8,True,0.5,0.875,0.27015330083790245,0.5435644431995964
4046,0.2,8,True,0.55,0.875,0.27015330083790245,0.5435644431995964
4047,0.2,8,True,0.48333333333333334,0.875,0.27015330083790245,0.5435644431995964
4048,0.2,8,True,0.4166666666666667,0.875,0.27015330083790245,0.5435644431995964
4049,0.2,8,True,0.6666666666666666,0.875,0.27015330083790245,0.5435644431995964
4050,0.2,8,True,0.5333333333333333,1.0,0.2780719051126377,0.0
4051,0.2,8,True,0.4666666666666667,0.875,0.27015330083790245,0.5435644431995964
4052,0.2,8,True,0.5166666666666667,0.875,0.27015330083790245,0.5435644431995964
4053,0.2,8,True,0.5166666666666667,0.875,0.27015330083790245,0.5435644431995964
4054,0.2,8,True,0.45,0.875,0.27015330083790245,0.5435644431995964
4055,0.2,8,True,0.5166666666666667,0.875,0.27015330083790245,0.5435644431995964
4056,0.2,8,True,0.4071428571428572,0.75,0.21452470277266567,1.061278124459133
4057,0.2,8,True,0.5333333333333333,0.875,0.27015330083790245,0.5435644431995964
4058,0.2,8,True,0.5666666666666667,0.875,0.27015330083790245,0.5435644431995964
4059,0.2,8,True,0.511904761904762,0.75,0.21452470277266567,1.061278124459133
4060,0.2,8,True,0.5,0.875,0.27015330083790245,0.5435644431995964
4061,0.2,8,True,0.4666666666666667,0.875,0.27015330083790245,0.5435644431995964
4062,0.3,7,True,0.5333333333333333,1.0,0.1187091007693073,0.0
4063,0.3,7,True,0.47619047619047616,0.8571428571428571,0.1826545778534897,0.5916727785823275
4064,0.2,8,True,0.5166666666666667,0.875,0.27015330083790245,0.5435644431995964
4065,0.2,8,True,0.5166666666666667,0.875,0.27015330083790245,0.5435644431995964
4066,0.2,8,True,0.6666666666666666,0.875,0.27015330083790245,0.5435644431995964
4067,0.2,8,True,0.6166666666666667,0.875,0.27015330083790245,0.5435644431995964
4068,0.2,8,True,0.5333333333333333,1.0,0.2780719051126377,0.0
4069,0.2,8,True,0.5333333333333333,1.0,0.2780719051126377,0.0
4070,0.2,8,True,0.5666666666666667,0.875,0.27015330083790245,0.5435644431995964
4071,0.2,8,True,0.4666666666666667,0.875,0.27015330083790245,0.5435644431995964
4072,0.2,8,True,0.45,0.875,0.27015330083790245,0.5435644431995964
4073,0.2,8,True,0.48333333333333334,0.875,0.27015330083790245,0.5435644431995964
4074,0.3,7,True,0.5333333333333333,1.0,0.1187091007693073,0.0
4075,0.3,7,True,0.6,1.0,0.1187091007693073,0.0
4076,0.3,7,True,0.5333333333333333,1.0,0.1187091007693073,0.0
4077,0.3,7,True,0.6666666666666666,1.0,0.1187091007693073,0.0
4078,0.3,7,True,0.6,1.0,0.1187091007693073,0.0
4079,0.3,7,True,0.6666666666666666,1.0,0.1187091007693073,0.0
4080,0.2,8,True,0.5,0.875,0.27015330083790245,0.5435644431995964
4081,0.2,8,True,0.5,0.875,0.27015330083790245,0.5435644431995964
4082,0.2,8,True,0.6333333333333333,0.875,0.27015330083790245,0.5435644431995964
4083,0.2,8,True,0.5666666666666667,0.875,0.27015330083790245,0.5435644431995964
4084,0.2,8,True,0.48333333333333334,0.875,0.27015330083790245,0.5435644431995964
4085,0.2,8,True,0.5166666666666667,0.875,0.27015330083790245,0.5435644431995964
4086,0.2,8,True,0.8666666666666667,1.0,0.2780719051126377,0.0
4087,0.2,8,True,0.5166666666666667,0.875,0.27015330083790245,0.5435644431995964
4088,0.2,8,True,0.6,0.875,0.27015330083790245,0.5435644431995964
4089,0.3,7,True,0.7333333333333333,1.0,0.1187091007693073,0.0
4090,0.3,7,True,0.5333333333333333,1.0,0.1187091007693073,0.0
4091,0.3,7,True,0.5333333333333333,1.0,0.1187091007693073,0.0
4092,0.3,7,True,0.5333333333333333,1.0,0.1187091007693073,0.0
4093,0.3,7,True,0.6,1.0,0.1187091007693073,0.0
4094,0.3,7,True,0.6666666666666666,1.0,0.1187091007693073,0.0
4095,0.3,7,True,0.6,1.0,0.1187091007693073,0.0
4096,0.3,7,True,0.6666666666666666,1.0,0.1187091007693073,0.0
4097,0.3,7,True,0.580952380952381,0.8571428571428571,0.1826545778534897,0.5916727785823275
4098,0.3,7,True,0.6,1.0,0.1187091007693073,0.0
4099,0.3,7,True,0.7333333333333333,1.0,0.1187091007693073,0.0
4100,0.3,7,True,0.3873015873015873,0.5714285714285714,0.07678032766449228,1.3787834934861753
4101,0.3,7,True,0.6,1.0,0.1187091007693073,0.0
4102,0.3,7,True,0.6,1.0,0.1187091007693073,0.0
4103,0.3,7,True,0.6666666666666666,1.0,0.1187091007693073,0.0
4104,0.3,7,True,0.6,1.0,0.1187091007693073,0.0
4105,0.3,7,True,0.47619047619047616,0.8571428571428571,0.1826545778534897,0.5916727785823275
4106,0.3,7,True,0.6666666666666666,1.0,0.1187091007693073,0.0
4107,0.3,7,True,0.6,1.0,0.1187091007693073,0.0
4108,0.3,7,True,0.6,1.0,0.1187091007693073,0.0
4109,0.3,7,True,0.5333333333333333,1.0,0.1187091007693073,0.0
4110,0.3,7,True,0.5142857142857143,0.8571428571428571,0.1826545778534897,0.5916727785823275
4111,0.3,7,True,0.6,1.0,0.1187091007693073,0.0
4112,0.3,7,True,0.5333333333333333,1.0,0.1187091007693073,0.0
4113,0.3,7,True,0.6666666666666666,1.0,0.1187091007693073,0.0
4114,0.3,7,True,0.6,1.0,0.1187091007693073,0.0
4115,0.3,7,True,0.6,1.0,0.1187091007693073,0.0
4116,0.3,7,True,0.7333333333333333,1.0,0.1187091007693073,0.0
4117,0.3,7,True,0.4095238095238095,0.7142857142857143,0.06276943678387037,0.863120568566631
4118,0.3,7,True,0.6666666666666666,1.0,0.1187091007693073,0.0
4119,0.3,7,True,0.6666666666666666,1.0,0.1187091007693073,0.0
4120,0.3,7,True,0.5333333333333333,1.0,0.1187091007693073,0.0
4121,0.3,7,True,0.8,1.0,0.1187091007693073,0.0
4122,0.3,7,True,0.4857142857142857,0.8571428571428571,0.1826545778534897,0.5916727785823275
4123,0.3,7,True,0.4857142857142857,0.8571428571428571,0.1826545778534897,0.5916727785823275
4124,0.3,7,True,0.4571428571428572,0.8571428571428571,0.1826545778534897,0.5916727785823275
4125,0.3,7,True,0.41904761904761906,0.8571428571428571,0.1826545778534897,0.5916727785823275
4126,0.3,7,True,0.41904761904761906,0.8571428571428571,0.1826545778534897,0.5916727785823275
4127,0.3,7,True,0.5142857142857143,0.8571428571428571,0.1826545778534897,0.5916727785823275
4128,0.3,7,True,0.4158730158730159,0.7142857142857143,0.15726235138633282,1.1488348542809166
4129,0.3,7,True,0.6,1.0,0.1187091007693073,0.0
4130,0.3,7,True,0.4666666666666667,0.8571428571428571,0.1826545778534897,0.5916727785823275
4131,0.3,7,True,0.4380952380952381,0.8571428571428571,0.1826545778534897,0.5916727785823275
4132,0.3,7,True,0.5619047619047619,0.8571428571428571,0.1826545778534897,0.5916727785823275
4133,0.3,7,True,0.4857142857142857,0.8571428571428571,0.1826545778534897,0.5916727785823275
4134,0.3,7,True,0.41904761904761906,0.8571428571428571,0.1826545778534897,0.5916727785823275
4135,0.3,7,True,0.5047619047619047,0.8571428571428571,0.1826545778534897,0.5916727785823275
4136,0.3,7,True,0.5047619047619047,0.8571428571428571,0.1826545778534897,0.5916727785823275
4137,0.3,7,True,0.4380952380952381,0.8571428571428571,0.1826545778534897,0.5916727785823275
4138,0.3,7,True,0.4,0.8571428571428571,0.1826545778534897,0.5916727785823275
4139,0.3,7,True,0.4095238095238095,0.7142857142857143,0.15726235138633282,1.1488348542809166
4140,0.3,7,True,0.33015873015873015,0.5714285714285714,0.11864654673111685,1.6644977792004614
4141,0.4,6,True,0.44,0.6666666666666666,0.13903595255631884,1.2516291673878228
4142,1.0,0,False,,,,
4143,0.4,6,True,0.31555555555555553,0.6666666666666666,0.13903595255631884,1.2516291673878228
4144,0.4,6,True,0.38666666666666666,0.6666666666666666,0.13903595255631884,1.2516291673878228
4145,0.4,6,True,0.40444444444444444,0.6666666666666666,0.13903595255631884,1.2516291673878228
4146,1.0,0,False,,,,
4147,1.0,0,False,,,,
4148,1.0,0,False,,,,
4149,1.0,0,False,,,,
4150,0.5,5,True,0.3266666666666667,0.6,0.1572623513863327,1.3709505944546687
4151,0.5,5,True,0.5066666666666666,0.8,0.14132728892674484,0.7219280948873623
4152,0.5,5,True,0.6,1.0,0.0,0.0
4153,0.5,5,True,0.6666666666666666,1.0,0.0,0.0
4154,0.5,5,True,0.6666666666666666,1.0,0.0,0.0
4155,0.5,5,True,0.6,1.0,0.0,0.0
4156,0.5,5,True,0.41333333333333333,0.8,0.14132728892674484,0.7219280948873623
4157,1.0,0,False,,,,
4158,1.0,0,False,,,,
4159,1.0,0,False,,,,
4160,1.0,0,False,,,,
4161,1.0,0,False,,,,
4162,1.0,0,False,,,,
4163,1.0,0,False,,,,
4164,1.0,0,False,,,,
4165,1.0,0,False,,,,
4166,1.0,0,False,,,,
4167,1.0,0,False,,,,
4168,1.0,0,False,,,,
4169,1.0,0,False,,,,
4170,1.0,0,False,,,,
4171,1.0,0,False,,,,
4172,1.0,0,False,,,,
4173,1.0,0,False,,,,
4174,1.0,0,False,,,,
4175,1.0,0,False,,,,
4176,1.0,0,False,,,,
4177,1.0,0,False,,,,
4178,0.5,5,True,0.6666666666666666,1.0,0.0,0.0
4179,0.5,5,True,0.6,1.0,0.0,0.0
4180,0.5,5,True,0.5333333333333333,1.0,0.0,0.0
4181,0.5,5,True,0.4533333333333333,0.8,0.14132728892674484,0.7219280948873623
4182,0.5,5,True,0.4533333333333333,0.8,0.14132728892674484,0.7219280948873623
4183,0.5,5,True,0.5333333333333333,1.0,0.0,0.0
4184,0.5,5,True,0.5333333333333333,1.0,0.0,0.0
4185,0.5,5,True,0.8666666666666667,1.0,0.0,0.0
4186,0.5,5,True,0.5333333333333333,1.0,0.0,0.0
4187,0.5,5,True,0.8,1.0,0.0,0.0
4188,0.5,5,True,0.5333333333333333,1.0,0.0,0.0
4189,0.5,5,True,0.7333333333333333,1.0,0.0,0.0
4190,0.5,5,True,0.4533333333333333,0.8,0.14132728892674484,0.7219280948873623
4191,0.5,5,True,0.6,1.0,0.0,0.0
4192,0.5,5,True,0.5066666666666666,0.8,0.14132728892674484,0.7219280948873623
4193,0.5,5,True,0.6,1.0,0.0,0.0
4194,0.5,5,True,0.5066666666666666,0.8,0.14132728892674484,0.7219280948873623
4195,0.5,5,True,0.6666666666666666,1.0,0.0,0.0
4196,1.0,0,False,,,,
4197,1.0,0,False,,,,
4198,0.5,5,True,0.6,1.0,0.0,0.0
4199,0.5,5,True,0.6,1.0,0.0,0.0
4200,0.5,5,True,0.8,1.0,0.0,0.0
4201,0.5,5,True,0.6,1.0,0.0,0.0
4202,0.5,5,True,0.6,1.0,0.0,0.0
4203,0.5,5,True,0.5333333333333333,1.0,0.0,0.0
4204,0.5,5,True,0.6666666666666666,1.0,0.0,0.0
4205,0.5,5,True,0.5333333333333333,1.0,0.0,0.0
4206,0.5,5,True,0.5333333333333333,1.0,0.0,0.0
4207,0.5,5,True,0.5333333333333333,1.0,0.0,0.0
4208,0.5,5,True,0.5333333333333333,1.0,0.0,0.0
4209,0.5,5,True,0.5333333333333333,1.0,0.0,0.0
4210,0.5,5,True,0.6666666666666666,1.0,0.0,0.0
4211,0.5,5,True,0.5333333333333333,1.0,0.0,0.0
4212,0.5,5,True,0.6666666666666666,1.0,0.0,0.0
4213,0.5,5,True,0.6666666666666666,1.0,0.0,0.0
4214,0.5,5,True,0.6666666666666666,1.0,0.0,0.0
4215,0.5,5,True,0.35333333333333333,0.6,0.1572623513863327,1.3709505944546687
4216,1.0,0,False,,,,
4217,1.0,0,False,,,,
4218,1.0,0,False,,,,
4219,1.0,0,False,,,,
4220,0.4,6,True,0.3511111111111111,0.6666666666666666,0.13903595255631884,1.2516291673878228
4221,0.4,6,True,0.48888888888888893,0.8333333333333334,0.14132728892674495,0.6500224216483541
4222,1.0,0,False,,,,
4223,1.0,0,False,,,,
4224,1.0,0,False,,,,
4225,0.5,5,True,0.49333333333333335,0.8,0.14132728892674484,0.7219280948873623
4226,0.5,5,True,0.48666666666666664,0.6,0.06276943678387037,0.9709505944546686
4227,0.5,5,True,0.5333333333333333,1.0,0.0,0.0
4228,0.5,5,True,0.4066666666666666,0.6,0.06276943678387037,0.9709505944546686
4229,0.5,5,True,0.6,1.0,0.0,0.0
4230,0.5,5,True,0.5333333333333333,1.0,0.0,0.0
4231,0.5,5,True,0.5333333333333333,1.0,0.0,0.0
4232,0.5,5,True,0.7333333333333333,1.0,0.0,0.0
4233,0.5,5,True,0.5333333333333333,1.0,0.0,0.0
4234,0.5,5,True,0.5333333333333333,1.0,0.0,0.0
4235,0.5,5,True,0.6666666666666666,1.0,0.0,0.0
4236,0.5,5,True,0.6666666666666666,1.0,0.0,0.0
4237,0.5,5,True,0.5333333333333333,1.0,0.0,0.0
4238,0.5,5,True,0.5333333333333333,1.0,0.0,0.0
4239,0.5,5,True,0.6,0.8,0.14132728892674484,0.7219280948873623
4240,0.5,5,True,0.6666666666666666,1.0,0.0,0.0
4241,0.5,5,True,0.7333333333333333,1.0,0.0,0.0
4242,0.5,5,True,0.7333333333333333,1.0,0.0,0.0
4243,0.5,5,True,0.6,1.0,0.0,0.0
4244,0.5,5,True,0.49333333333333335,0.8,0.14132728892674484,0.7219280948873623
4245,0.5,5,True,0.6,1.0,0.0,0.0
4246,0.5,5,True,0.6,1.0,0.0,0.0
4247,0.5,5,True,0.6,1.0,0.0,0.0
4248,0.5,5,True,0.7333333333333333,1.0,0.0,0.0
4249,0.5,5,True,0.48000000000000004,0.8,0.14132728892674484,0.7219280948873623
4250,0.5,5,True,0.6666666666666666,1.0,0.0,0.0
4251,0.5,5,True,0.5333333333333333,1.0,0.0,0.0
4252,0.5,5,True,0.6,1.0,0.0,0.0
4253,0.5,5,True,0.8,1.0,0.0,0.0
4254,0.5,5,True,0.8,1.0,0.0,0.0
4255,0.5,5,True,0.5066666666666666,0.8,0.14132728892674484,0.7219280948873623
4256,0.5,5,True,0.6666666666666666,1.0,0.0,0.0
4257,0.5,5,True,0.5333333333333333,1.0,0.0,0.0
4258,0.5,5,True,0.6,1.0,0.0,0.0
4259,0.5,5,True,0.5333333333333333,1.0,0.0,0.0
4260,0.5,5,True,0.5333333333333333,1.0,0.0,0.0
4261,0.5,5,True,0.5333333333333333,1.0,0.0,0.0
4262,0.5,5,True,0.5333333333333333,1.0,0.0,0.0
4263,0.5,5,True,0.6666666666666666,1.0,0.0,0.0
4264,0.5,5,True,0.5333333333333333,1.0,0.0,0.0
4265,0.5,5,True,0.6666666666666666,1.0,0.0,0.0
4266,0.5,5,True,0.5333333333333333,1.0,0.0,0.0
4267,0.5,5,True,0.5333333333333333,1.0,0.0,0.0
4268,0.5,5,True,0.6,1.0,0.0,0.0
4269,0.5,5,True,0.5333333333333333,1.0,0.0,0.0
4270,0.5,5,True,0.6666666666666666,1.0,0.0,0.0
4271,0.5,5,True,0.6,1.0,0.0,0.0
4272,0.5,5,True,0.6,1.0,0.0,0.0
4273,0.5,5,True,0.5333333333333333,1.0,0.0,0.0
4274,0.4,6,True,0.5333333333333333,0.8333333333333334,0.14132728892674484,0.6500224216483541
4275,0.4,6,True,0.4666666666666667,0.8333333333333334,0.14132728892674484,0.6500224216483541
4276,0.4,6,True,0.4666666666666667,0.8333333333333334,0.14132728892674484,0.6500224216483541
4277,0.4,6,True,0.4222222222222223,0.6666666666666666,0.13903595255631884,1.2516291673878228
4278,0.4,6,True,0.4666666666666667,0.8333333333333334,0.14132728892674484,0.6500224216483541
4279,0.4,6,True,0.5111111111111111,0.8333333333333334,0.14132728892674484,0.6500224216483541
4280,0.4,6,True,0.6,1.0,0.02904940554533142,0.0
4281,0.4,6,True,0.3466666666666667,0.6666666666666666,0.03977028213923883,0.9182958340544896
4282,0.4,6,True,0.44,0.6666666666666666,0.13903595255631884,1.2516291673878228
4283,0.4,6,True,0.3466666666666667,0.6666666666666666,0.13903595255631884,1.2516291673878228
4284,0.4,6,True,0.28,0.3333333333333333,0.08613531161467847,1.9182958340544893
4285,0.3,7,True,0.4571428571428572,0.8571428571428571,0.1826545778534897,0.5916727785823275
4286,0.9,1,False,,,,
4287,0.9,1,False,,,,
4288,0.9,1,False,,,,
4289,0.9,1,False,,,,
4290,0.9,1,False,,,,
4291,0.9,1,False,,,,
4292,0.9,1,False,,,,
4293,0.9,1,False,,,,
4294,0.9,1,False,,,,
4295,0.9,1,False,,,,
4296,0.9,1,False,,,,
4297,0.9,1,False,,,,
4298,0.9,1,False,,,,
4299,0.9,1,False,,,,
4300,0.9,1,False,,,,
4301,0.9,1,False,,,,
4302,0.9,1,False,,,,
4303,0.9,1,False,,,,
4304,0.9,1,False,,,,
4305,0.9,1,False,,,,
4306,0.9,1,False,,,,
4307,0.9,1,False,,,,
4308,0.9,1,False,,,,
4309,0.9,1,False,,,,
4310,0.9,1,False,,,,
4311,0.9,1,False,,,,
4312,1.0,0,False,,,,
4313,1.0,0,False,,,,
4314,1.0,0,False,,,,
4315,1.0,0,False,,,,
4316,1.0,0,False,,,,
4317,0.9,1,False,,,,
4318,0.9,1,False,,,,
4319,0.9,1,False,,,,
4320,0.9,1,False,,,,
4321,0.9,1,False,,,,
4322,0.9,1,False,,,,
4323,0.9,1,False,,,,
4324,0.9,1,False,,,,
4325,0.9,1,False,,,,
4326,0.9,1,False,,,,
4327,0.9,1,False,,,,
4328,1.0,0,False,,,,
4329,1.0,0,False,,,,
4330,1.0,0,False,,,,
4331,1.0,0,False,,,,
4332,0.4,6,True,0.41777777777777775,0.6666666666666666,0.13903595255631884,1.2516291673878228
4333,0.4,6,True,0.36444444444444446,0.5,0.07678032766449228,1.4591479170272448
4334,0.3,7,True,0.380952380952381,0.5714285714285714,0.07678032766449228,1.3787834934861753
4335,0.3,7,True,0.380952380952381,0.5714285714285714,0.07678032766449228,1.3787834934861753
4336,0.3,7,True,0.3873015873015873,0.5714285714285714,0.11864654673111685,1.6644977792004614
4337,0.3,7,True,0.43174603174603177,0.5714285714285714,0.07678032766449228,1.3787834934861753
4338,1.0,0,False,,,,
4339,0.3,7,True,0.4571428571428572,0.8571428571428571,0.1826545778534897,0.5916727785823275
4340,0.3,7,True,0.4571428571428572,0.8571428571428571,0.1826545778534897,0.5916727785823275
4341,0.3,7,True,0.4,0.5714285714285714,0.07678032766449228,1.3787834934861753
4342,0.3,7,True,0.4571428571428572,0.8571428571428571,0.1826545778534897,0.5916727785823275
4343,0.3,7,True,0.5047619047619047,0.8571428571428571,0.1826545778534897,0.5916727785823275
4344,0.3,7,True,0.5428571428571428,0.8571428571428571,0.1826545778534897,0.5916727785823275
4345,0.3,7,True,0.6,1.0,0.1187091007693073,0.0
4346,0.3,7,True,0.4571428571428572,0.8571428571428571,0.1826545778534897,0.5916727785823275
4347,0.3,7,True,0.3428571428571428,0.7142857142857143,0.15726235138633282,1.1488348542809166
4348,0.3,7,True,0.45396825396825397,0.7142857142857143,0.15726235138633282,1.1488348542809166
4349,0.3,7,True,0.5619047619047619,0.8571428571428571,0.1826545778534897,0.5916727785823275
4350,0.3,7,True,0.5428571428571428,0.8571428571428571,0.1826545778534897,0.5916727785823275
4351,0.3,7,True,0.5428571428571428,0.8571428571428571,0.1826545778534897,0.5916727785823275
4352,0.3,7,True,0.31746031746031744,0.5714285714285714,0.11864654673111685,1.6644977792004614
4353,1.0,0,False,,,,
4354,1.0,0,False,,,,
4355,0.3,7,True,0.4666666666666667,0.8571428571428571,0.1826545778534897,0.5916727785823275
4356,0.3,7,True,0.5047619047619047,0.7142857142857143,0.06276943678387037,0.863120568566631
4357,0.3,7,True,0.6,1.0,0.1187091007693073,0.0
4358,0.3,7,True,0.33968253968253964,0.7142857142857143,0.1572623513863327,1.1488348542809166
4359,0.3,7,True,0.4571428571428572,0.7142857142857143,0.1572623513863327,1.1488348542809166
4360,0.3,7,True,0.47619047619047616,0.8571428571428571,0.1826545778534897,0.5916727785823275
4361,0.3,7,True,0.4380952380952381,0.42857142857142855,0.05226907788083912,1.4488156357251847
4362,0.3,7,True,0.5333333333333333,1.0,0.1187091007693073,0.0
4363,0.3,7,True,0.6666666666666666,1.0,0.1187091007693073,0.0
4364,0.3,7,True,0.5333333333333333,1.0,0.1187091007693073,0.0
4365,0.3,7,True,0.6666666666666666,1.0,0.1187091007693073,0.0
4366,0.3,7,True,0.40634920634920635,0.7142857142857143,0.15726235138633282,1.1488348542809166
4367,0.3,7,True,0.5428571428571428,0.8571428571428571,0.1826545778534897,0.5916727785823275
4368,0.9,1,False,,,,
4369,0.9,1,False,,,,
4370,0.9,1,False,,,,
4371,0.3,7,True,0.5047619047619047,0.7142857142857143,0.15726235138633282,1.1488348542809166
4372,0.3,7,True,0.6666666666666666,1.0,0.1187091007693073,0.0
4373,0.3,7,True,0.49523809523809526,0.5714285714285714,0.008840528567781392,0.9852281360342515
4374,0.3,7,True,0.4793650793650794,0.7142857142857143,0.1572623513863327,1.1488348542809166
4375,0.3,7,True,0.3142857142857143,0.5714285714285714,0.11864654673111685,1.6644977792004614
4376,0.3,7,True,0.5333333333333333,1.0,0.1187091007693073,0.0
4377,0.3,7,True,0.5428571428571428,0.8571428571428571,0.1826545778534897,0.5916727785823275
4378,0.3,7,True,0.41904761904761906,0.7142857142857143,0.1572623513863327,1.1488348542809166
4379,0.3,7,True,0.638095238095238,0.8571428571428571,0.1826545778534897,0.5916727785823275
4380,0.3,7,True,0.5333333333333333,1.0,0.1187091007693073,0.0
4381,0.3,7,True,0.7333333333333333,1.0,0.1187091007693073,0.0
4382,0.3,7,True,0.4571428571428572,0.7142857142857143,0.1572623513863327,1.1488348542809166
4383,1.0,0,False,,,,
4384,1.0,0,False,,,,
4385,0.3,7,True,0.6666666666666666,1.0,0.1187091007693073,0.0
4386,0.3,7,True,0.39047619047619053,0.7142857142857143,0.1572623513863327,1.1488348542809166
4387,0.3,7,True,0.3936507936507937,0.7142857142857143,0.1572623513863327,1.1488348542809166
4388,0.3,7,True,0.7333333333333333,1.0,0.1187091007693073,0.0
4389,0.3,7,True,0.5333333333333333,1.0,0.1187091007693073,0.0
4390,0.3,7,True,0.49523809523809526,0.8571428571428571,0.1826545778534897,0.5916727785823275
4391,0.3,7,True,0.5428571428571428,0.8571428571428571,0.1826545778534897,0.5916727785823275
4392,0.3,7,True,0.6666666666666666,1.0,0.1187091007693073,0.0
4393,0.3,7,True,0.5333333333333333,1.0,0.1187091007693073,0.0
4394,0.3,7,True,0.6666666666666666,1.0,0.1187091007693073,0.0
4395,0.3,7,True,0.40634920634920635,0.7142857142857143,0.06276943678387037,0.863120568566631
4396,0.3,7,True,0.5333333333333333,1.0,0.1187091007693073,0.0
4397,0.3,7,True,0.6,1.0,0.1187091007693073,0.0
4398,0.3,7,True,0.6666666666666666,1.0,0.1187091007693073,0.0
4399,0.3,7,True,0.5333333333333333,1.0,0.1187091007693073,0.0
4400,0.3,7,True,0.5333333333333333,1.0,0.1187091007693073,0.0
4401,0.3,7,True,0.5333333333333333,1.0,0.1187091007693073,0.0
4402,0.3,7,True,0.5333333333333333,1.0,0.1187091007693073,0.0
4403,0.3,7,True,0.5333333333333333,1.0,0.1187091007693073,0.0
4404,0.3,7,True,0.6,1.0,0.1187091007693073,0.0
4405,0.3,7,True,0.5333333333333333,1.0,0.1187091007693073,0.0
4406,0.3,7,True,0.6,1.0,0.1187091007693073,0.0
4407,0.3,7,True,0.6,1.0,0.1187091007693073,0.0
4408,0.3,7,True,0.8,1.0,0.1187091007693073,0.0
4409,0.3,7,True,0.49523809523809526,0.8571428571428571,0.1826545778534897,0.5916727785823275
4410,0.3,7,True,0.6,1.0,0.1187091007693073,0.0
4411,0.3,7,True,0.6666666666666666,1.0,0.1187091007693073,0.0
4412,0.3,7,True,0.5333333333333333,1.0,0.1187091007693073,0.0
4413,0.3,7,True,0.6571428571428571,0.8571428571428571,0.1826545778534897,0.5916727785823275
4414,0.3,7,True,0.6666666666666666,1.0,0.1187091007693073,0.0
4415,0.3,7,True,0.6666666666666666,1.0,0.1187091007693073,0.0
4416,0.3,7,True,0.5333333333333333,1.0,0.1187091007693073,0.0
4417,0.3,7,True,0.6666666666666666,1.0,0.1187091007693073,0.0
4418,0.3,7,True,0.5333333333333333,1.0,0.1187091007693073,0.0
4419,0.3,7,True,0.6,1.0,0.1187091007693073,0.0
4420,0.3,7,True,0.5333333333333333,1.0,0.1187091007693073,0.0
4421,0.3,7,True,0.6,1.0,0.1187091007693073,0.0
4422,0.3,7,True,0.6,1.0,0.1187091007693073,0.0
4423,0.3,7,True,0.7333333333333333,1.0,0.1187091007693073,0.0
4424,0.3,7,True,0.5333333333333333,1.0,0.1187091007693073,0.0
4425,0.3,7,True,0.7333333333333333,1.0,0.1187091007693073,0.0
4426,0.3,7,True,0.47619047619047616,0.8571428571428571,0.1826545778534897,0.5916727785823275
4427,0.3,7,True,0.6,1.0,0.1187091007693073,0.0
4428,0.3,7,True,0.5333333333333333,1.0,0.1187091007693073,0.0
4429,0.3,7,True,0.5333333333333333,1.0,0.1187091007693073,0.0
4430,0.3,7,True,0.6,1.0,0.1187091007693073,0.0
4431,0.3,7,True,0.5142857142857143,0.8571428571428571,0.1826545778534897,0.5916727785823275
4432,0.3,7,True,0.7333333333333333,1.0,0.1187091007693073,0.0
4433,0.3,7,True,0.6666666666666666,1.0,0.1187091007693073,0.0
4434,0.3,7,True,0.6,1.0,0.1187091007693073,0.0
4435,0.3,7,True,0.5333333333333333,1.0,0.1187091007693073,0.0
4436,0.3,7,True,0.5142857142857143,0.8571428571428571,0.1826545778534897,0.5916727785823275
4437,0.3,7,True,0.6666666666666666,1.0,0.1187091007693073,0.0
4438,0.3,7,True,0.6,1.0,0.1187091007693073,0.0
4439,0.3,7,True,0.6,1.0,0.1187091007693073,0.0
4440,1.0,0,False,,,,
4441,0.3,7,True,0.40634920634920635,0.7142857142857143,0.1572623513863327,1.1488348542809166
4442,0.3,7,True,0.46031746031746035,0.7142857142857143,0.1572623513863327,1.1488348542809166
4443,0.3,7,True,0.5333333333333333,1.0,0.1187091007693073,0.0
4444,0.3,7,True,0.8,1.0,0.1187091007693073,0.0
4445,0.3,7,True,0.6666666666666666,1.0,0.1187091007693073,0.0
4446,0.3,7,True,0.6666666666666666,0.8571428571428571,0.1826545778534897,0.5916727785823275
4447,0.3,7,True,0.7333333333333333,1.0,0.1187091007693073,0.0
4448,0.3,7,True,0.5428571428571428,0.8571428571428571,0.1826545778534897,0.5916727785823275
4449,0.3,7,True,0.6,1.0,0.1187091007693073,0.0
4450,0.3,7,True,0.6,1.0,0.1187091007693073,0.0
4451,0.3,7,True,0.5333333333333333,1.0,0.1187091007693073,0.0
4452,0.3,7,True,0.5904761904761905,0.8571428571428571,0.1826545778534897,0.5916727785823275
4453,0.3,7,True,0.5746031746031746,0.7142857142857143,0.06276943678387037,0.863120568566631
4454,0.3,7,True,0.5333333333333333,1.0,0.1187091007693073,0.0
4455,0.3,7,True,0.4380952380952381,0.7142857142857143,0.1572623513863327,1.1488348542809166
4456,0.3,7,True,0.3936507936507937,0.7142857142857143,0.1572623513863327,1.1488348542809166
4457,0.3,7,True,0.47619047619047616,0.7142857142857143,0.1572623513863327,1.1488348542809166
4458,0.3,7,True,0.5428571428571428,0.8571428571428571,0.1826545778534897,0.5916727785823275
4459,0.3,7,True,0.41269841269841273,0.7142857142857143,0.1572623513863327,1.1488348542809166
4460,0.3,7,True,0.49523809523809526,0.8571428571428571,0.1826545778534897,0.5916727785823275
4461,0.3,7,True,0.42539682539682544,0.7142857142857143,0.1572623513863327,1.1488348542809166
4462,0.3,7,True,0.4857142857142857,0.8571428571428571,0.1826545778534897,0.5916727785823275
4463,0.3,7,True,0.4571428571428572,0.5714285714285714,0.008840528567781392,0.9852281360342515
4464,0.3,7,True,0.4444444444444444,0.7142857142857143,0.1572623513863327,1.1488348542809166
4465,0.3,7,True,0.46031746031746035,0.7142857142857143,0.1572623513863327,1.1488348542809166
4466,0.3,7,True,0.5047619047619047,0.5714285714285714,0.008840528567781392,0.9852281360342515
4467,0.3,7,True,0.5333333333333333,1.0,0.1187091007693073,0.0
4468,0.3,7,True,0.6,1.0,0.1187091007693073,0.0
4469,0.3,7,True,0.6,1.0,0.1187091007693073,0.0
4470,0.3,7,True,0.4380952380952381,0.8571428571428571,0.1826545778534897,0.5916727785823275
4471,0.3,7,True,0.5142857142857143,0.8571428571428571,0.1826545778534897,0.5916727785823275
4472,1.0,0,False,,,,
4473,1.0,0,False,,,,
4474,1.0,0,False,,,,
4475,1.0,0,False,,,,
4476,1.0,0,False,,,,
4477,1.0,0,False,,,,
4478,1.0,0,False,,,,
4479,0.3,7,True,0.4571428571428572,0.8571428571428571,0.1826545778534897,0.5916727785823275
4480,0.3,7,True,0.4857142857142857,0.5714285714285714,0.008840528567781392,0.9852281360342515
4481,0.3,7,True,0.6,1.0,0.1187091007693073,0.0
4482,0.3,7,True,0.7333333333333333,1.0,0.1187091007693073,0.0
4483,0.3,7,True,0.5333333333333333,1.0,0.1187091007693073,0.0
4484,0.3,7,True,0.6666666666666666,1.0,0.1187091007693073,0.0
4485,0.3,7,True,0.6666666666666666,1.0,0.1187091007693073,0.0
4486,0.3,7,True,0.6,1.0,0.1187091007693073,0.0
4487,0.3,7,True,0.4444444444444444,0.7142857142857143,0.1572623513863327,1.1488348542809166
4488,0.3,7,True,0.5333333333333333,1.0,0.1187091007693073,0.0
4489,0.3,7,True,0.6,1.0,0.1187091007693073,0.0
4490,0.3,7,True,0.6,1.0,0.1187091007693073,0.0
4491,0.3,7,True,0.8,1.0,0.1187091007693073,0.0
4492,0.3,7,True,0.5333333333333333,1.0,0.1187091007693073,0.0
4493,0.3,7,True,0.6666666666666666,1.0,0.1187091007693073,0.0
4494,0.3,7,True,0.7333333333333333,1.0,0.1187091007693073,0.0
4495,0.3,7,True,0.6666666666666666,1.0,0.1187091007693073,0.0
4496,0.3,7,True,0.6,1.0,0.1187091007693073,0.0
4497,0.3,7,True,0.6,1.0,0.1187091007693073,0.0
4498,0.3,7,True,0.6,1.0,0.1187091007693073,0.0
4499,0.3,7,True,0.6,1.0,0.1187091007693073,0.0
4500,0.3,7,True,0.5428571428571428,0.8571428571428571,0.1826545778534897,0.5916727785823275
4501,0.3,7,True,0.6666666666666666,1.0,0.1187091007693073,0.0
4502,0.3,7,True,0.6,1.0,0.1187091007693073,0.0
4503,0.3,7,True,0.4571428571428572,0.8571428571428571,0.1826545778534897,0.5916727785823275
4504,0.3,7,True,0.5333333333333333,1.0,0.1187091007693073,0.0
4505,0.3,7,True,0.5333333333333333,1.0,0.1187091007693073,0.0
4506,0.3,7,True,0.5333333333333333,1.0,0.1187091007693073,0.0
4507,0.3,7,True,0.5238095238095238,0.8571428571428571,0.1826545778534897,0.5916727785823275
4508,0.3,7,True,0.4857142857142857,0.7142857142857143,0.1572623513863327,1.1488348542809166
4509,1.0,0,False,,,,
4510,0.3,7,True,0.5333333333333333,1.0,0.1187091007693073,0.0
4511,0.3,7,True,0.6,1.0,0.1187091007693073,0.0
4512,0.3,7,True,0.6666666666666666,1.0,0.1187091007693073,0.0
4513,0.3,7,True,0.6,1.0,0.1187091007693073,0.0
4514,0.3,7,True,0.5333333333333333,1.0,0.1187091007693073,0.0
4515,0.3,7,True,0.5333333333333333,1.0,0.1187091007693073,0.0
4516,0.3,7,True,0.5047619047619047,0.8571428571428571,0.1826545778534897,0.5916727785823275
4517,0.3,7,True,0.41904761904761906,0.7142857142857143,0.1572623513863327,1.1488348542809166
4518,0.3,7,True,0.5333333333333333,1.0,0.1187091007693073,0.0
4519,0.3,7,True,0.5333333333333333,1.0,0.1187091007693073,0.0
4520,0.3,7,True,0.6666666666666666,1.0,0.1187091007693073,0.0
4521,0.3,7,True,0.6666666666666666,1.0,0.1187091007693073,0.0
4522,0.3,7,True,0.46031746031746035,0.7142857142857143,0.1572623513863327,1.1488348542809166
4523,0.3,7,True,0.5333333333333333,1.0,0.1187091007693073,0.0
4524,0.3,7,True,0.7333333333333333,1.0,0.1187091007693073,0.0
4525,0.3,7,True,0.6,1.0,0.1187091007693073,0.0
4526,0.3,7,True,0.6666666666666666,1.0,0.1187091007693073,0.0
4527,0.3,7,True,0.6666666666666666,1.0,0.1187091007693073,0.0
4528,0.3,7,True,0.2984126984126984,0.42857142857142855,0.06502247023287666,1.8423709931771084
4529,1.0,0,False,,,,
4530,0.3,7,True,0.5333333333333333,1.0,0.1187091007693073,0.0
4531,0.3,7,True,0.35238095238095235,0.5714285714285714,0.008840528567781392,0.9852281360342515
4532,0.5,5,True,0.39333333333333337,0.4,0.11951797627815941,1.5219280948873621
4533,0.3,7,True,0.4666666666666667,0.8571428571428571,0.1826545778534897,0.5916727785823275
4534,0.3,7,True,0.5428571428571428,0.8571428571428571,0.1826545778534897,0.5916727785823275
4535,0.3,7,True,0.5904761904761905,0.8571428571428571,0.1826545778534897,0.5916727785823275
4536,0.3,7,True,0.5047619047619047,0.5714285714285714,0.008840528567781392,0.9852281360342515
4537,0.3,7,True,0.5047619047619047,0.8571428571428571,0.1826545778534897,0.5916727785823275
4538,0.3,7,True,0.4571428571428572,0.8571428571428571,0.1826545778534897,0.5916727785823275
4539,0.4,6,True,0.6666666666666666,1.0,0.02904940554533142,0.0
4540,0.4,6,True,0.6666666666666666,1.0,0.02904940554533142,0.0
4541,0.4,6,True,0.6,1.0,0.02904940554533142,0.0
4542,1.0,0,False,,,,
4543,1.0,0,False,,,,
4544,1.0,0,False,,,,
4545,1.0,0,False,,,,
4546,1.0,0,False,,,,
4547,1.0,0,False,,,,
4548,1.0,0,False,,,,
4549,1.0,0,False,,,,
4550,1.0,0,False,,,,
4551,1.0,0,False,,,,
4552,1.0,0,False,,,,
4553,1.0,0,False,,,,
4554,0.4,6,True,0.5777777777777778,0.8333333333333334,0.14132728892674484,0.6500224216483541
4555,0.3,7,True,0.4031746031746032,0.7142857142857143,0.1572623513863327,1.1488348542809166
4556,0.3,7,True,0.4222222222222223,0.7142857142857143,0.1572623513863327,1.1488348542809166
4557,0.3,7,True,0.5142857142857143,0.8571428571428571,0.1826545778534897,0.5916727785823275
4558,0.3,7,True,0.5142857142857143,0.8571428571428571,0.1826545778534897,0.5916727785823275
4559,0.3,7,True,0.6,1.0,0.1187091007693073,0.0
4560,0.3,7,True,0.4380952380952381,0.8571428571428571,0.1826545778534897,0.5916727785823275
4561,0.3,7,True,0.6666666666666666,1.0,0.1187091007693073,0.0
4562,0.3,7,True,0.41904761904761906,0.8571428571428571,0.1826545778534897,0.5916727785823275
4563,0.3,7,True,0.326984126984127,0.7142857142857143,0.1572623513863327,1.1488348542809166
4564,1.0,0,False,,,,
4565,1.0,0,False,,,,
4566,0.4,6,True,0.6,1.0,0.02904940554533142,0.0
4567,0.3,7,True,0.5047619047619047,0.7142857142857143,0.06276943678387037,0.863120568566631
4568,0.3,7,True,0.5333333333333333,1.0,0.1187091007693073,0.0
4569,0.3,7,True,0.5428571428571428,0.8571428571428571,0.1826545778534897,0.5916727785823275
4570,0.3,7,True,0.6,1.0,0.1187091007693073,0.0
4571,0.3,7,True,0.40634920634920635,0.7142857142857143,0.1572623513863327,1.1488348542809166
4572,0.3,7,True,0.4571428571428572,0.8571428571428571,0.1826545778534897,0.5916727785823275
4573,0.3,7,True,0.6666666666666666,1.0,0.1187091007693073,0.0
4574,0.3,7,True,0.5333333333333333,1.0,0.1187091007693073,0.0
4575,0.3,7,True,0.4444444444444444,0.7142857142857143,0.1572623513863327,1.1488348542809166
4576,0.3,7,True,0.5428571428571428,0.8571428571428571,0.1826545778534897,0.5916727785823275
4577,0.3,7,True,0.3936507936507937,0.7142857142857143,0.1572623513863327,1.1488348542809166
4578,0.3,7,True,0.47619047619047616,0.8571428571428571,0.1826545778534897,0.5916727785823275
4579,0.3,7,True,0.33968253968253964,0.5714285714285714,0.11864654673111685,1.6644977792004614
4580,1.0,0,False,,,,
4581,1.0,0,False,,,,
4582,1.0,0,False,,,,
4583,1.0,0,False,,,,
4584,1.0,0,False,,,,
4585,1.0,0,False,,,,
4586,1.0,0,False,,,,
4587,1.0,0,False,,,,
4588,1.0,0,False,,,,
4589,1.0,0,False,,,,
4590,1.0,0,False,,,,
4591,1.0,0,False,,,,
4592,0.3,7,True,0.5047619047619047,0.8571428571428571,0.1826545778534897,0.5916727785823275
4593,0.3,7,True,0.4857142857142857,0.8571428571428571,0.1826545778534897,0.5916727785823275
4594,0.3,7,True,0.6666666666666666,1.0,0.1187091007693073,0.0
4595,0.3,7,True,0.6,1.0,0.1187091007693073,0.0
4596,0.3,7,True,0.44126984126984126,0.7142857142857143,0.06276943678387037,0.863120568566631
4597,0.3,7,True,0.5333333333333333,1.0,0.1187091007693073,0.0
4598,1.0,0,False,,,,
4599,0.3,7,True,0.5904761904761905,0.8571428571428571,0.1826545778534897,0.5916727785823275
4600,0.3,7,True,0.4571428571428572,0.8571428571428571,0.1826545778534897,0.5916727785823275
4601,0.3,7,True,0.40634920634920635,0.7142857142857143,0.1572623513863327,1.1488348542809166
4602,0.3,7,True,0.6666666666666666,1.0,0.1187091007693073,0.0
4603,0.3,7,True,0.5333333333333333,1.0,0.1187091007693073,0.0
4604,0.3,7,True,0.5333333333333333,1.0,0.1187091007693073,0.0
4605,0.3,7,True,0.5333333333333333,1.0,0.1187091007693073,0.0
4606,0.3,7,True,0.49523809523809526,0.8571428571428571,0.1826545778534897,0.5916727785823275
4607,0.3,7,True,0.8666666666666667,1.0,0.1187091007693073,0.0
4608,0.3,7,True,0.6761904761904761,0.8571428571428571,0.1826545778534897,0.5916727785823275
4609,0.3,7,True,0.7333333333333333,1.0,0.1187091007693073,0.0
4610,0.3,7,True,0.6,1.0,0.1187091007693073,0.0
4611,0.3,7,True,0.7333333333333333,1.0,0.1187091007693073,0.0
4612,0.3,7,True,0.6,1.0,0.1187091007693073,0.0
4613,0.3,7,True,0.6666666666666666,1.0,0.1187091007693073,0.0
4614,0.3,7,True,0.6,1.0,0.1187091007693073,0.0
4615,0.3,7,True,0.7333333333333333,1.0,0.1187091007693073,0.0
4616,0.3,7,True,0.6,1.0,0.1187091007693073,0.0
4617,0.3,7,True,0.5333333333333333,1.0,0.1187091007693073,0.0
4618,0.3,7,True,0.5333333333333333,1.0,0.1187091007693073,0.0
4619,0.3,7,True,0.5428571428571428,0.8571428571428571,0.1826545778534897,0.5916727785823275
4620,0.3,7,True,0.5333333333333333,1.0,0.1187091007693073,0.0
4621,0.3,7,True,0.5142857142857143,0.8571428571428571,0.1826545778534897,0.5916727785823275
4622,0.3,7,True,0.6,1.0,0.1187091007693073,0.0
4623,0.3,7,True,0.5047619047619047,0.7142857142857143,0.06276943678387037,0.863120568566631
4624,0.3,7,True,0.6,1.0,0.1187091007693073,0.0
4625,0.3,7,True,0.5333333333333333,1.0,0.1187091007693073,0.0
4626,0.3,7,True,0.3428571428571428,0.5714285714285714,0.11864654673111685,1.6644977792004614
4627,0.3,7,True,0.6666666666666666,1.0,0.1187091007693073,0.0
4628,0.3,7,True,0.3428571428571428,0.42857142857142855,0.06502247023287666,1.8423709931771088
4629,0.3,7,True,0.5333333333333333,1.0,0.1187091007693073,0.0
4630,1.0,0,False,,,,
4631,0.3,7,True,0.5015873015873016,0.7142857142857143,0.06276943678387037,0.863120568566631
4632,0.3,7,True,0.44126984126984126,0.7142857142857143,0.1572623513863327,1.1488348542809166
4633,0.3,7,True,1.0,1.0,0.1187091007693073,0.0
4634,0.3,7,True,0.6,1.0,0.1187091007693073,0.0
4635,0.3,7,True,0.5333333333333333,1.0,0.1187091007693073,0.0
4636,0.3,7,True,0.6666666666666666,1.0,0.1187091007693073,0.0
4637,0.3,7,True,0.5333333333333333,1.0,0.1187091007693073,0.0
4638,0.3,7,True,0.7333333333333333,1.0,0.1187091007693073,0.0
4639,0.3,7,True,0.5333333333333333,1.0,0.1187091007693073,0.0
4640,1.0,0,False,,,,
4641,1.0,0,False,,,,
4642,1.0,0,False,,,,
4643,1.0,0,False,,,,
4644,0.3,7,True,0.6666666666666666,1.0,0.1187091007693073,0.0
4645,0.3,7,True,0.44126984126984126,0.7142857142857143,0.06276943678387037,0.863120568566631
4646,0.3,7,True,1.0,1.0,0.1187091007693073,0.0
4647,0.3,7,True,0.4380952380952381,0.7142857142857143,0.06276943678387037,0.863120568566631
4648,0.3,7,True,0.6,1.0,0.1187091007693073,0.0
4649,0.3,7,True,0.5333333333333333,1.0,0.1187091007693073,0.0
4650,0.3,7,True,0.6,1.0,0.1187091007693073,0.0
4651,0.3,7,True,0.5428571428571428,0.8571428571428571,0.1826545778534897,0.5916727785823275
4652,0.3,7,True,0.6,1.0,0.1187091007693073,0.0
4653,0.3,7,True,0.6666666666666666,1.0,0.1187091007693073,0.0
4654,0.3,7,True,0.6666666666666666,1.0,0.1187091007693073,0.0
4655,0.3,7,True,0.6,1.0,0.1187091007693073,0.0
4656,0.3,7,True,0.6,1.0,0.1187091007693073,0.0
4657,0.3,7,True,0.5333333333333333,1.0,0.1187091007693073,0.0
4658,0.3,7,True,0.5333333333333333,1.0,0.1187091007693073,0.0
4659,0.3,7,True,0.7333333333333333,1.0,0.1187091007693073,0.0
4660,0.3,7,True,1.0,1.0,0.1187091007693073,0.0
4661,0.3,7,True,0.5333333333333333,1.0,0.1187091007693073,0.0
4662,0.3,7,True,0.6666666666666666,1.0,0.1187091007693073,0.0
4663,0.3,7,True,0.6,1.0,0.1187091007693073,0.0
4664,0.3,7,True,0.5333333333333333,1.0,0.1187091007693073,0.0
4665,0.3,7,True,0.6,1.0,0.1187091007693073,0.0
4666,0.3,7,True,0.6,1.0,0.1187091007693073,0.0
4667,0.3,7,True,0.5333333333333333,1.0,0.1187091007693073,0.0
4668,0.3,7,True,0.6666666666666666,1.0,0.1187091007693073,0.0
4669,0.3,7,True,0.5333333333333333,1.0,0.1187091007693073,0.0
4670,0.3,7,True,0.5333333333333333,1.0,0.1187091007693073,0.0
4671,0.3,7,True,0.7333333333333333,1.0,0.1187091007693073,0.0
4672,0.3,7,True,0.6,1.0,0.1187091007693073,0.0
4673,0.3,7,True,0.6,1.0,0.1187091007693073,0.0
4674,0.3,7,True,0.5333333333333333,1.0,0.1187091007693073,0.0
4675,0.3,7,True,0.5333333333333333,1.0,0.1187091007693073,0.0
4676,0.3,7,True,0.5333333333333333,1.0,0.1187091007693073,0.0
4677,0.3,7,True,0.6,1.0,0.1187091007693073,0.0
4678,0.3,7,True,0.5333333333333333,1.0,0.1187091007693073,0.0
4679,0.3,7,True,0.5333333333333333,1.0,0.1187091007693073,0.0
4680,0.3,7,True,0.5714285714285714,0.8571428571428571,0.1826545778534897,0.5916727785823275
4681,0.3,7,True,0.6,1.0,0.1187091007693073,0.0
4682,0.3,7,True,0.5333333333333333,1.0,0.1187091007693073,0.0
4683,0.3,7,True,0.5238095238095238,0.8571428571428571,0.1826545778534897,0.5916727785823275
4684,0.3,7,True,0.6666666666666666,1.0,0.1187091007693073,0.0
4685,0.3,7,True,0.6,1.0,0.1187091007693073,0.0
4686,0.3,7,True,0.5333333333333333,1.0,0.1187091007693073,0.0
4687,0.3,7,True,0.4571428571428572,0.8571428571428571,0.1826545778534897,0.5916727785823275
4688,0.3,7,True,0.6,1.0,0.1187091007693073,0.0
4689,0.3,7,True,0.6,1.0,0.1187091007693073,0.0
4690,0.3,7,True,0.5333333333333333,1.0,0.1187091007693073,0.0
4691,0.3,7,True,0.6,1.0,0.1187091007693073,0.0
4692,0.3,7,True,0.5333333333333333,1.0,0.1187091007693073,0.0
4693,0.3,7,True,0.5333333333333333,1.0,0.1187091007693073,0.0
4694,0.3,7,True,0.7333333333333333,1.0,0.1187091007693073,0.0
4695,0.3,7,True,0.5333333333333333,1.0,0.1187091007693073,0.0
4696,0.3,7,True,0.5333333333333333,1.0,0.1187091007693073,0.0
4697,0.3,7,True,0.6,1.0,0.1187091007693073,0.0
4698,0.3,7,True,0.5904761904761905,0.8571428571428571,0.1826545778534897,0.5916727785823275
4699,0.3,7,True,0.6666666666666666,1.0,0.1187091007693073,0.0
4700,0.3,7,True,0.5238095238095238,0.8571428571428571,0.1826545778534897,0.5916727785823275
4701,0.3,7,True,0.5333333333333333,1.0,0.1187091007693073,0.0
4702,0.3,7,True,0.5333333333333333,1.0,0.1187091007693073,0.0
4703,1.0,0,False,,,,
4704,1.0,0,False,,,,
4705,1.0,0,False,,,,
4706,1.0,0,False,,,,
4707,1.0,0,False,,,,
4708,1.0,0,False,,,,
4709,1.0,0,False,,,,
4710,1.0,0,False,,,,
4711,1.0,0,False,,,,
4712,1.0,0,False,,,,
4713,1.0,0,False,,,,
4714,1.0,0,False,,,,
4715,1.0,0,False,,,,
4716,1.0,0,False,,,,
4717,1.0,0,False,,,,
4718,1.0,0,False,,,,
4719,1.0,0,False,,,,
4720,1.0,0,False,,,,
4721,1.0,0,False,,,,
4722,1.0,0,False,,,,
4723,1.0,0,False,,,,
4724,1.0,0,False,,,,
4725,1.0,0,False,,,,
4726,1.0,0,False,,,,
4727,1.0,0,False,,,,
4728,1.0,0,False,,,,
4729,1.0,0,False,,,,
4730,1.0,0,False,,,,
4731,1.0,0,False,,,,
4732,1.0,0,False,,,,
4733,1.0,0,False,,,,
4734,1.0,0,False,,,,
4735,1.0,0,False,,,,
4736,1.0,0,False,,,,
4737,1.0,0,False,,,,
4738,1.0,0,False,,,,
4739,1.0,0,False,,,,
4740,1.0,0,False,,,,
4741,1.0,0,False,,,,
4742,1.0,0,False,,,,
4743,1.0,0,False,,,,
