col_index,gap_frac,nongap_n,keep,cons_similarity,cons_identity,cons_entropy22,cons_entropy_nogap
1,0.9473684210526315,1,False,,,,
2,0.9473684210526315,1,False,,,,
3,0.9473684210526315,1,False,,,,
4,0.9473684210526315,1,False,,,,
5,0.9473684210526315,1,False,,,,
6,0.9473684210526315,1,False,,,,
7,0.9473684210526315,1,False,,,,
8,0.9473684210526315,1,False,,,,
9,0.9473684210526315,1,False,,,,
10,0.9473684210526315,1,False,,,,
11,0.9473684210526315,1,False,,,,
12,0.9473684210526315,1,False,,,,
13,0.9473684210526315,1,False,,,,
14,0.9473684210526315,1,False,,,,
15,0.9473684210526315,1,False,,,,
16,0.9473684210526315,1,False,,,,
17,0.9473684210526315,1,False,,,,
18,0.9473684210526315,1,False,,,,
19,0.9473684210526315,1,False,,,,
20,0.9473684210526315,1,False,,,,
21,0.9473684210526315,1,False,,,,
22,0.9473684210526315,1,False,,,,
23,0.9473684210526315,1,False,,,,
24,0.9473684210526315,1,False,,,,
25,0.9473684210526315,1,False,,,,
26,0.9473684210526315,1,False,,,,
27,0.9473684210526315,1,False,,,,
28,0.9473684210526315,1,False,,,,
29,0.9473684210526315,1,False,,,,
30,0.9473684210526315,1,False,,,,
31,0.9473684210526315,1,False,,,,
32,0.9473684210526315,1,False,,,,
33,0.9473684210526315,1,False,,,,
34,0.9473684210526315,1,False,,,,
35,0.9473684210526315,1,False,,,,
36,0.9473684210526315,1,False,,,,
37,0.9473684210526315,1,False,,,,
38,0.9473684210526315,1,False,,,,
39,0.9473684210526315,1,False,,,,
40,0.9473684210526315,1,False,,,,
41,0.9473684210526315,1,False,,,,
42,0.9473684210526315,1,False,,,,
43,0.9473684210526315,1,False,,,,
44,0.9473684210526315,1,False,,,,
45,0.9473684210526315,1,False,,,,
46,0.9473684210526315,1,False,,,,
47,0.9473684210526315,1,False,,,,
48,0.9473684210526315,1,False,,,,
49,0.9473684210526315,1,False,,,,
50,0.9473684210526315,1,False,,,,
51,0.9473684210526315,1,False,,,,
52,0.9473684210526315,1,False,,,,
53,0.9473684210526315,1,False,,,,
54,0.9473684210526315,1,False,,,,
55,0.9473684210526315,1,False,,,,
56,0.9473684210526315,1,False,,,,
57,0.9473684210526315,1,False,,,,
58,0.9473684210526315,1,False,,,,
59,0.9473684210526315,1,False,,,,
60,0.9473684210526315,1,False,,,,
61,0.9473684210526315,1,False,,,,
62,0.9473684210526315,1,False,,,,
63,0.9473684210526315,1,False,,,,
64,0.9473684210526315,1,False,,,,
65,0.9473684210526315,1,False,,,,
66,0.9473684210526315,1,False,,,,
67,0.9473684210526315,1,False,,,,
68,0.9473684210526315,1,False,,,,
69,0.9473684210526315,1,False,,,,
70,0.9473684210526315,1,False,,,,
71,0.9473684210526315,1,False,,,,
72,0.9473684210526315,1,False,,,,
73,0.9473684210526315,1,False,,,,
74,0.9473684210526315,1,False,,,,
75,0.9473684210526315,1,False,,,,
76,0.9473684210526315,1,False,,,,
77,0.9473684210526315,1,False,,,,
78,0.9473684210526315,1,False,,,,
79,0.9473684210526315,1,False,,,,
80,0.9473684210526315,1,False,,,,
81,0.9473684210526315,1,False,,,,
82,0.9473684210526315,1,False,,,,
83,0.9473684210526315,1,False,,,,
84,0.9473684210526315,1,False,,,,
85,0.9473684210526315,1,False,,,,
86,0.9473684210526315,1,False,,,,
87,0.9473684210526315,1,False,,,,
88,0.9473684210526315,1,False,,,,
89,0.9473684210526315,1,False,,,,
90,0.9473684210526315,1,False,,,,
91,0.9473684210526315,1,False,,,,
92,0.9473684210526315,1,False,,,,
93,0.9473684210526315,1,False,,,,
94,0.9473684210526315,1,False,,,,
95,0.9473684210526315,1,False,,,,
96,0.9473684210526315,1,False,,,,
97,0.9473684210526315,1,False,,,,
98,0.9473684210526315,1,False,,,,
99,0.9473684210526315,1,False,,,,
100,0.9473684210526315,1,False,,,,
101,0.9473684210526315,1,False,,,,
102,0.9473684210526315,1,False,,,,
103,0.9473684210526315,1,False,,,,
104,0.9473684210526315,1,False,,,,
105,0.9473684210526315,1,False,,,,
106,0.9473684210526315,1,False,,,,
107,0.9473684210526315,1,False,,,,
108,0.9473684210526315,1,False,,,,
109,0.9473684210526315,1,False,,,,
110,0.9473684210526315,1,False,,,,
111,0.9473684210526315,1,False,,,,
112,0.9473684210526315,1,False,,,,
113,0.9473684210526315,1,False,,,,
114,0.9473684210526315,1,False,,,,
115,0.9473684210526315,1,False,,,,
116,0.9473684210526315,1,False,,,,
117,0.9473684210526315,1,False,,,,
118,0.9473684210526315,1,False,,,,
119,0.9473684210526315,1,False,,,,
120,0.9473684210526315,1,False,,,,
121,0.9473684210526315,1,False,,,,
122,0.9473684210526315,1,False,,,,
123,0.9473684210526315,1,False,,,,
124,0.9473684210526315,1,False,,,,
125,0.9473684210526315,1,False,,,,
126,0.9473684210526315,1,False,,,,
127,0.9473684210526315,1,False,,,,
128,0.9473684210526315,1,False,,,,
129,0.9473684210526315,1,False,,,,
130,0.9473684210526315,1,False,,,,
131,0.9473684210526315,1,False,,,,
132,0.9473684210526315,1,False,,,,
133,0.9473684210526315,1,False,,,,
134,0.9473684210526315,1,False,,,,
135,0.9473684210526315,1,False,,,,
136,0.9473684210526315,1,False,,,,
137,0.9473684210526315,1,False,,,,
138,0.9473684210526315,1,False,,,,
139,0.9473684210526315,1,False,,,,
140,0.9473684210526315,1,False,,,,
141,0.9473684210526315,1,False,,,,
142,0.9473684210526315,1,False,,,,
143,0.9473684210526315,1,False,,,,
144,0.9473684210526315,1,False,,,,
145,0.9473684210526315,1,False,,,,
146,0.9473684210526315,1,False,,,,
147,0.9473684210526315,1,False,,,,
148,0.9473684210526315,1,False,,,,
149,0.9473684210526315,1,False,,,,
150,0.9473684210526315,1,False,,,,
151,0.9473684210526315,1,False,,,,
152,0.9473684210526315,1,False,,,,
153,0.9473684210526315,1,False,,,,
154,0.9473684210526315,1,False,,,,
155,0.9473684210526315,1,False,,,,
156,0.9473684210526315,1,False,,,,
157,0.9473684210526315,1,False,,,,
158,0.9473684210526315,1,False,,,,
159,0.9473684210526315,1,False,,,,
160,0.9473684210526315,1,False,,,,
161,0.9473684210526315,1,False,,,,
162,0.9473684210526315,1,False,,,,
163,0.9473684210526315,1,False,,,,
164,0.9473684210526315,1,False,,,,
165,0.9473684210526315,1,False,,,,
166,0.9473684210526315,1,False,,,,
167,0.9473684210526315,1,False,,,,
168,0.9473684210526315,1,False,,,,
169,0.9473684210526315,1,False,,,,
170,0.9473684210526315,1,False,,,,
171,0.9473684210526315,1,False,,,,
172,0.9473684210526315,1,False,,,,
173,0.9473684210526315,1,False,,,,
174,0.9473684210526315,1,False,,,,
175,0.9473684210526315,1,False,,,,
176,0.9473684210526315,1,False,,,,
177,0.9473684210526315,1,False,,,,
178,0.9473684210526315,1,False,,,,
179,0.9473684210526315,1,False,,,,
180,0.9473684210526315,1,False,,,,
181,0.9473684210526315,1,False,,,,
182,0.9473684210526315,1,False,,,,
183,0.9473684210526315,1,False,,,,
184,0.9473684210526315,1,False,,,,
185,0.9473684210526315,1,False,,,,
186,0.9473684210526315,1,False,,,,
187,0.9473684210526315,1,False,,,,
188,0.9473684210526315,1,False,,,,
189,0.9473684210526315,1,False,,,,
190,0.9473684210526315,1,False,,,,
191,0.9473684210526315,1,False,,,,
192,0.9473684210526315,1,False,,,,
193,0.9473684210526315,1,False,,,,
194,0.9473684210526315,1,False,,,,
195,0.9473684210526315,1,False,,,,
196,0.9473684210526315,1,False,,,,
197,0.9473684210526315,1,False,,,,
198,0.9473684210526315,1,False,,,,
199,0.9473684210526315,1,False,,,,
200,0.9473684210526315,1,False,,,,
201,0.9473684210526315,1,False,,,,
202,0.9473684210526315,1,False,,,,
203,0.9473684210526315,1,False,,,,
204,0.9473684210526315,1,False,,,,
205,0.9473684210526315,1,False,,,,
206,0.9473684210526315,1,False,,,,
207,0.9473684210526315,1,False,,,,
208,0.9473684210526315,1,False,,,,
209,0.9473684210526315,1,False,,,,
210,0.9473684210526315,1,False,,,,
211,0.9473684210526315,1,False,,,,
212,0.9473684210526315,1,False,,,,
213,0.9473684210526315,1,False,,,,
214,0.9473684210526315,1,False,,,,
215,0.9473684210526315,1,False,,,,
216,0.9473684210526315,1,False,,,,
217,0.9473684210526315,1,False,,,,
218,0.9473684210526315,1,False,,,,
219,0.9473684210526315,1,False,,,,
220,0.9473684210526315,1,False,,,,
221,0.9473684210526315,1,False,,,,
222,0.9473684210526315,1,False,,,,
223,0.9473684210526315,1,False,,,,
224,0.9473684210526315,1,False,,,,
225,0.9473684210526315,1,False,,,,
226,0.9473684210526315,1,False,,,,
227,0.9473684210526315,1,False,,,,
228,0.9473684210526315,1,False,,,,
229,0.9473684210526315,1,False,,,,
230,0.9473684210526315,1,False,,,,
231,0.9473684210526315,1,False,,,,
232,0.9473684210526315,1,False,,,,
233,0.9473684210526315,1,False,,,,
234,0.9473684210526315,1,False,,,,
235,0.9473684210526315,1,False,,,,
236,0.9473684210526315,1,False,,,,
237,0.9473684210526315,1,False,,,,
238,0.9473684210526315,1,False,,,,
239,0.9473684210526315,1,False,,,,
240,0.9473684210526315,1,False,,,,
241,0.9473684210526315,1,False,,,,
242,0.9473684210526315,1,False,,,,
243,0.9473684210526315,1,False,,,,
244,0.9473684210526315,1,False,,,,
245,0.9473684210526315,1,False,,,,
246,0.9473684210526315,1,False,,,,
247,0.9473684210526315,1,False,,,,
248,0.9473684210526315,1,False,,,,
249,0.9473684210526315,1,False,,,,
250,0.9473684210526315,1,False,,,,
251,0.9473684210526315,1,False,,,,
252,0.9473684210526315,1,False,,,,
253,0.9473684210526315,1,False,,,,
254,0.9473684210526315,1,False,,,,
255,0.9473684210526315,1,False,,,,
256,0.9473684210526315,1,False,,,,
257,0.9473684210526315,1,False,,,,
258,0.9473684210526315,1,False,,,,
259,0.9473684210526315,1,False,,,,
260,0.9473684210526315,1,False,,,,
261,0.9473684210526315,1,False,,,,
262,0.9473684210526315,1,False,,,,
263,0.9473684210526315,1,False,,,,
264,0.9473684210526315,1,False,,,,
265,0.9473684210526315,1,False,,,,
266,0.9473684210526315,1,False,,,,
267,0.9473684210526315,1,False,,,,
268,0.9473684210526315,1,False,,,,
269,0.9473684210526315,1,False,,,,
270,0.9473684210526315,1,False,,,,
271,0.9473684210526315,1,False,,,,
272,0.9473684210526315,1,False,,,,
273,0.9473684210526315,1,False,,,,
274,0.9473684210526315,1,False,,,,
275,0.9473684210526315,1,False,,,,
276,0.9473684210526315,1,False,,,,
277,0.9473684210526315,1,False,,,,
278,0.9473684210526315,1,False,,,,
279,0.9473684210526315,1,False,,,,
280,0.9473684210526315,1,False,,,,
281,0.9473684210526315,1,False,,,,
282,0.9473684210526315,1,False,,,,
283,0.9473684210526315,1,False,,,,
284,0.9473684210526315,1,False,,,,
285,0.9473684210526315,1,False,,,,
286,0.9473684210526315,1,False,,,,
287,0.9473684210526315,1,False,,,,
288,0.9473684210526315,1,False,,,,
289,0.9473684210526315,1,False,,,,
290,0.9473684210526315,1,False,,,,
291,0.9473684210526315,1,False,,,,
292,0.9473684210526315,1,False,,,,
293,0.9473684210526315,1,False,,,,
294,0.9473684210526315,1,False,,,,
295,0.9473684210526315,1,False,,,,
296,0.9473684210526315,1,False,,,,
297,0.9473684210526315,1,False,,,,
298,0.9473684210526315,1,False,,,,
299,0.9473684210526315,1,False,,,,
300,0.9473684210526315,1,False,,,,
301,0.9473684210526315,1,False,,,,
302,0.9473684210526315,1,False,,,,
303,0.9473684210526315,1,False,,,,
304,0.9473684210526315,1,False,,,,
305,0.9473684210526315,1,False,,,,
306,0.9473684210526315,1,False,,,,
307,0.9473684210526315,1,False,,,,
308,0.9473684210526315,1,False,,,,
309,0.9473684210526315,1,False,,,,
310,0.9473684210526315,1,False,,,,
311,0.9473684210526315,1,False,,,,
312,0.9473684210526315,1,False,,,,
313,0.9473684210526315,1,False,,,,
314,0.9473684210526315,1,False,,,,
315,0.9473684210526315,1,False,,,,
316,0.9473684210526315,1,False,,,,
317,0.9473684210526315,1,False,,,,
318,0.9473684210526315,1,False,,,,
319,0.9473684210526315,1,False,,,,
320,0.9473684210526315,1,False,,,,
321,0.9473684210526315,1,False,,,,
322,0.9473684210526315,1,False,,,,
323,0.9473684210526315,1,False,,,,
324,0.9473684210526315,1,False,,,,
325,0.9473684210526315,1,False,,,,
326,0.9473684210526315,1,False,,,,
327,0.9473684210526315,1,False,,,,
328,0.9473684210526315,1,False,,,,
329,0.9473684210526315,1,False,,,,
330,0.9473684210526315,1,False,,,,
331,0.9473684210526315,1,False,,,,
332,0.9473684210526315,1,False,,,,
333,0.9473684210526315,1,False,,,,
334,0.9473684210526315,1,False,,,,
335,0.9473684210526315,1,False,,,,
336,0.9473684210526315,1,False,,,,
337,0.9473684210526315,1,False,,,,
338,0.9473684210526315,1,False,,,,
339,0.9473684210526315,1,False,,,,
340,0.9473684210526315,1,False,,,,
341,0.9473684210526315,1,False,,,,
342,0.9473684210526315,1,False,,,,
343,0.9473684210526315,1,False,,,,
344,0.9473684210526315,1,False,,,,
345,0.9473684210526315,1,False,,,,
346,0.9473684210526315,1,False,,,,
347,0.9473684210526315,1,False,,,,
348,0.9473684210526315,1,False,,,,
349,0.9473684210526315,1,False,,,,
350,0.9473684210526315,1,False,,,,
351,0.9473684210526315,1,False,,,,
352,0.9473684210526315,1,False,,,,
353,0.9473684210526315,1,False,,,,
354,0.9473684210526315,1,False,,,,
355,0.9473684210526315,1,False,,,,
356,0.9473684210526315,1,False,,,,
357,0.9473684210526315,1,False,,,,
358,0.9473684210526315,1,False,,,,
359,0.9473684210526315,1,False,,,,
360,0.9473684210526315,1,False,,,,
361,0.9473684210526315,1,False,,,,
362,0.9473684210526315,1,False,,,,
363,0.9473684210526315,1,False,,,,
364,0.9473684210526315,1,False,,,,
365,0.9473684210526315,1,False,,,,
366,0.9473684210526315,1,False,,,,
367,0.9473684210526315,1,False,,,,
368,0.9473684210526315,1,False,,,,
369,0.9473684210526315,1,False,,,,
370,0.9473684210526315,1,False,,,,
371,0.9473684210526315,1,False,,,,
372,0.9473684210526315,1,False,,,,
373,0.9473684210526315,1,False,,,,
374,0.9473684210526315,1,False,,,,
375,0.9473684210526315,1,False,,,,
376,0.9473684210526315,1,False,,,,
377,0.9473684210526315,1,False,,,,
378,0.9473684210526315,1,False,,,,
379,0.9473684210526315,1,False,,,,
380,0.9473684210526315,1,False,,,,
381,0.9473684210526315,1,False,,,,
382,0.9473684210526315,1,False,,,,
383,0.9473684210526315,1,False,,,,
384,0.9473684210526315,1,False,,,,
385,0.9473684210526315,1,False,,,,
386,0.9473684210526315,1,False,,,,
387,0.9473684210526315,1,False,,,,
388,0.9473684210526315,1,False,,,,
389,0.9473684210526315,1,False,,,,
390,0.9473684210526315,1,False,,,,
391,0.9473684210526315,1,False,,,,
392,0.9473684210526315,1,False,,,,
393,0.9473684210526315,1,False,,,,
394,0.9473684210526315,1,False,,,,
395,0.9473684210526315,1,False,,,,
396,0.9473684210526315,1,False,,,,
397,0.9473684210526315,1,False,,,,
398,0.9473684210526315,1,False,,,,
399,0.9473684210526315,1,False,,,,
400,0.9473684210526315,1,False,,,,
401,0.9473684210526315,1,False,,,,
402,0.9473684210526315,1,False,,,,
403,0.9473684210526315,1,False,,,,
404,0.9473684210526315,1,False,,,,
405,0.9473684210526315,1,False,,,,
406,0.9473684210526315,1,False,,,,
407,0.9473684210526315,1,False,,,,
408,0.9473684210526315,1,False,,,,
409,0.9473684210526315,1,False,,,,
410,0.9473684210526315,1,False,,,,
411,0.9473684210526315,1,False,,,,
412,0.9473684210526315,1,False,,,,
413,0.9473684210526315,1,False,,,,
414,0.9473684210526315,1,False,,,,
415,0.9473684210526315,1,False,,,,
416,0.9473684210526315,1,False,,,,
417,0.9473684210526315,1,False,,,,
418,0.9473684210526315,1,False,,,,
419,0.9473684210526315,1,False,,,,
420,0.9473684210526315,1,False,,,,
421,0.9473684210526315,1,False,,,,
422,0.9473684210526315,1,False,,,,
423,0.9473684210526315,1,False,,,,
424,0.9473684210526315,1,False,,,,
425,0.9473684210526315,1,False,,,,
426,0.9473684210526315,1,False,,,,
427,0.9473684210526315,1,False,,,,
428,0.9473684210526315,1,False,,,,
429,0.9473684210526315,1,False,,,,
430,0.9473684210526315,1,False,,,,
431,0.9473684210526315,1,False,,,,
432,0.9473684210526315,1,False,,,,
433,0.9473684210526315,1,False,,,,
434,0.9473684210526315,1,False,,,,
435,0.9473684210526315,1,False,,,,
436,0.9473684210526315,1,False,,,,
437,0.9473684210526315,1,False,,,,
438,0.9473684210526315,1,False,,,,
439,0.9473684210526315,1,False,,,,
440,0.9473684210526315,1,False,,,,
441,0.9473684210526315,1,False,,,,
442,0.9473684210526315,1,False,,,,
443,0.9473684210526315,1,False,,,,
444,0.9473684210526315,1,False,,,,
445,0.9473684210526315,1,False,,,,
446,0.9473684210526315,1,False,,,,
447,0.9473684210526315,1,False,,,,
448,0.9473684210526315,1,False,,,,
449,0.9473684210526315,1,False,,,,
450,0.9473684210526315,1,False,,,,
451,0.9473684210526315,1,False,,,,
452,0.9473684210526315,1,False,,,,
453,0.9473684210526315,1,False,,,,
454,0.9473684210526315,1,False,,,,
455,0.9473684210526315,1,False,,,,
456,0.9473684210526315,1,False,,,,
457,0.9473684210526315,1,False,,,,
458,0.9473684210526315,1,False,,,,
459,0.9473684210526315,1,False,,,,
460,0.9473684210526315,1,False,,,,
461,0.9473684210526315,1,False,,,,
462,0.9473684210526315,1,False,,,,
463,0.9473684210526315,1,False,,,,
464,0.9473684210526315,1,False,,,,
465,0.9473684210526315,1,False,,,,
466,0.9473684210526315,1,False,,,,
467,0.9473684210526315,1,False,,,,
468,0.9473684210526315,1,False,,,,
469,0.9473684210526315,1,False,,,,
470,0.9473684210526315,1,False,,,,
471,0.9473684210526315,1,False,,,,
472,0.9473684210526315,1,False,,,,
473,0.9473684210526315,1,False,,,,
474,0.9473684210526315,1,False,,,,
475,0.9473684210526315,1,False,,,,
476,0.9473684210526315,1,False,,,,
477,0.9473684210526315,1,False,,,,
478,0.9473684210526315,1,False,,,,
479,0.9473684210526315,1,False,,,,
480,0.9473684210526315,1,False,,,,
481,0.9473684210526315,1,False,,,,
482,0.9473684210526315,1,False,,,,
483,0.9473684210526315,1,False,,,,
484,0.9473684210526315,1,False,,,,
485,0.9473684210526315,1,False,,,,
486,0.9473684210526315,1,False,,,,
487,0.9473684210526315,1,False,,,,
488,0.9473684210526315,1,False,,,,
489,0.9473684210526315,1,False,,,,
490,0.9473684210526315,1,False,,,,
491,0.9473684210526315,1,False,,,,
492,0.9473684210526315,1,False,,,,
493,0.9473684210526315,1,False,,,,
494,0.9473684210526315,1,False,,,,
495,0.9473684210526315,1,False,,,,
496,0.9473684210526315,1,False,,,,
497,0.9473684210526315,1,False,,,,
498,0.9473684210526315,1,False,,,,
499,0.9473684210526315,1,False,,,,
500,0.9473684210526315,1,False,,,,
501,0.9473684210526315,1,False,,,,
502,0.9473684210526315,1,False,,,,
503,0.9473684210526315,1,False,,,,
504,0.9473684210526315,1,False,,,,
505,0.9473684210526315,1,False,,,,
506,0.9473684210526315,1,False,,,,
507,0.9473684210526315,1,False,,,,
508,0.9473684210526315,1,False,,,,
509,0.9473684210526315,1,False,,,,
510,0.9473684210526315,1,False,,,,
511,0.9473684210526315,1,False,,,,
512,0.9473684210526315,1,False,,,,
513,0.9473684210526315,1,False,,,,
514,0.9473684210526315,1,False,,,,
515,0.9473684210526315,1,False,,,,
516,0.9473684210526315,1,False,,,,
517,0.9473684210526315,1,False,,,,
518,0.9473684210526315,1,False,,,,
519,0.9473684210526315,1,False,,,,
520,0.9473684210526315,1,False,,,,
521,0.9473684210526315,1,False,,,,
522,0.9473684210526315,1,False,,,,
523,0.9473684210526315,1,False,,,,
524,0.9473684210526315,1,False,,,,
525,0.9473684210526315,1,False,,,,
526,0.9473684210526315,1,False,,,,
527,0.9473684210526315,1,False,,,,
528,0.9473684210526315,1,False,,,,
529,0.9473684210526315,1,False,,,,
530,0.9473684210526315,1,False,,,,
531,0.9473684210526315,1,False,,,,
532,0.9473684210526315,1,False,,,,
533,0.9473684210526315,1,False,,,,
534,0.9473684210526315,1,False,,,,
535,0.9473684210526315,1,False,,,,
536,0.9473684210526315,1,False,,,,
537,0.9473684210526315,1,False,,,,
538,0.9473684210526315,1,False,,,,
539,0.9473684210526315,1,False,,,,
540,0.9473684210526315,1,False,,,,
541,0.9473684210526315,1,False,,,,
542,0.9473684210526315,1,False,,,,
543,0.9473684210526315,1,False,,,,
544,0.9473684210526315,1,False,,,,
545,0.9473684210526315,1,False,,,,
546,0.9473684210526315,1,False,,,,
547,0.9473684210526315,1,False,,,,
548,0.9473684210526315,1,False,,,,
549,0.9473684210526315,1,False,,,,
550,0.9473684210526315,1,False,,,,
551,0.9473684210526315,1,False,,,,
552,0.9473684210526315,1,False,,,,
553,0.9473684210526315,1,False,,,,
554,0.9473684210526315,1,False,,,,
555,0.9473684210526315,1,False,,,,
556,0.9473684210526315,1,False,,,,
557,0.9473684210526315,1,False,,,,
558,0.9473684210526315,1,False,,,,
559,0.9473684210526315,1,False,,,,
560,0.9473684210526315,1,False,,,,
561,0.9473684210526315,1,False,,,,
562,0.9473684210526315,1,False,,,,
563,0.9473684210526315,1,False,,,,
564,0.9473684210526315,1,False,,,,
565,0.9473684210526315,1,False,,,,
566,0.9473684210526315,1,False,,,,
567,0.9473684210526315,1,False,,,,
568,0.9473684210526315,1,False,,,,
569,0.9473684210526315,1,False,,,,
570,0.9473684210526315,1,False,,,,
571,0.9473684210526315,1,False,,,,
572,0.9473684210526315,1,False,,,,
573,0.9473684210526315,1,False,,,,
574,0.9473684210526315,1,False,,,,
575,0.9473684210526315,1,False,,,,
576,0.9473684210526315,1,False,,,,
577,0.9473684210526315,1,False,,,,
578,0.9473684210526315,1,False,,,,
579,0.9473684210526315,1,False,,,,
580,0.9473684210526315,1,False,,,,
581,0.9473684210526315,1,False,,,,
582,0.9473684210526315,1,False,,,,
583,0.9473684210526315,1,False,,,,
584,0.9473684210526315,1,False,,,,
585,0.9473684210526315,1,False,,,,
586,0.9473684210526315,1,False,,,,
587,0.9473684210526315,1,False,,,,
588,0.9473684210526315,1,False,,,,
589,0.9473684210526315,1,False,,,,
590,0.9473684210526315,1,False,,,,
591,0.9473684210526315,1,False,,,,
592,0.9473684210526315,1,False,,,,
593,0.9473684210526315,1,False,,,,
594,0.9473684210526315,1,False,,,,
595,0.9473684210526315,1,False,,,,
596,0.9473684210526315,1,False,,,,
597,0.9473684210526315,1,False,,,,
598,0.9473684210526315,1,False,,,,
599,0.9473684210526315,1,False,,,,
600,0.9473684210526315,1,False,,,,
601,0.9473684210526315,1,False,,,,
602,0.9473684210526315,1,False,,,,
603,0.9473684210526315,1,False,,,,
604,0.9473684210526315,1,False,,,,
605,0.9473684210526315,1,False,,,,
606,0.9473684210526315,1,False,,,,
607,0.9473684210526315,1,False,,,,
608,0.9473684210526315,1,False,,,,
609,0.9473684210526315,1,False,,,,
610,0.9473684210526315,1,False,,,,
611,0.9473684210526315,1,False,,,,
612,0.9473684210526315,1,False,,,,
613,0.9473684210526315,1,False,,,,
614,0.9473684210526315,1,False,,,,
615,0.9473684210526315,1,False,,,,
616,0.9473684210526315,1,False,,,,
617,0.9473684210526315,1,False,,,,
618,0.9473684210526315,1,False,,,,
619,0.9473684210526315,1,False,,,,
620,0.9473684210526315,1,False,,,,
621,0.9473684210526315,1,False,,,,
622,0.9473684210526315,1,False,,,,
623,0.9473684210526315,1,False,,,,
624,0.9473684210526315,1,False,,,,
625,0.9473684210526315,1,False,,,,
626,0.9473684210526315,1,False,,,,
627,0.9473684210526315,1,False,,,,
628,0.9473684210526315,1,False,,,,
629,0.9473684210526315,1,False,,,,
630,0.9473684210526315,1,False,,,,
631,0.9473684210526315,1,False,,,,
632,0.9473684210526315,1,False,,,,
633,0.9473684210526315,1,False,,,,
634,0.9473684210526315,1,False,,,,
635,0.9473684210526315,1,False,,,,
636,0.9473684210526315,1,False,,,,
637,0.9473684210526315,1,False,,,,
638,0.9473684210526315,1,False,,,,
639,0.9473684210526315,1,False,,,,
640,0.9473684210526315,1,False,,,,
641,0.9473684210526315,1,False,,,,
642,0.9473684210526315,1,False,,,,
643,0.9473684210526315,1,False,,,,
644,0.9473684210526315,1,False,,,,
645,0.9473684210526315,1,False,,,,
646,0.9473684210526315,1,False,,,,
647,0.9473684210526315,1,False,,,,
648,0.9473684210526315,1,False,,,,
649,0.9473684210526315,1,False,,,,
650,0.9473684210526315,1,False,,,,
651,0.9473684210526315,1,False,,,,
652,0.9473684210526315,1,False,,,,
653,0.9473684210526315,1,False,,,,
654,0.9473684210526315,1,False,,,,
655,0.9473684210526315,1,False,,,,
656,0.9473684210526315,1,False,,,,
657,0.9473684210526315,1,False,,,,
658,0.9473684210526315,1,False,,,,
659,0.9473684210526315,1,False,,,,
660,0.9473684210526315,1,False,,,,
661,0.9473684210526315,1,False,,,,
662,0.9473684210526315,1,False,,,,
663,0.9473684210526315,1,False,,,,
664,0.9473684210526315,1,False,,,,
665,0.9473684210526315,1,False,,,,
666,0.9473684210526315,1,False,,,,
667,0.9473684210526315,1,False,,,,
668,0.9473684210526315,1,False,,,,
669,0.9473684210526315,1,False,,,,
670,0.9473684210526315,1,False,,,,
671,0.9473684210526315,1,False,,,,
672,0.9473684210526315,1,False,,,,
673,0.9473684210526315,1,False,,,,
674,0.9473684210526315,1,False,,,,
675,0.9473684210526315,1,False,,,,
676,0.9473684210526315,1,False,,,,
677,0.9473684210526315,1,False,,,,
678,0.9473684210526315,1,False,,,,
679,0.9473684210526315,1,False,,,,
680,0.9473684210526315,1,False,,,,
681,0.9473684210526315,1,False,,,,
682,0.9473684210526315,1,False,,,,
683,0.9473684210526315,1,False,,,,
684,0.9473684210526315,1,False,,,,
685,0.9473684210526315,1,False,,,,
686,0.9473684210526315,1,False,,,,
687,0.9473684210526315,1,False,,,,
688,0.9473684210526315,1,False,,,,
689,0.9473684210526315,1,False,,,,
690,0.9473684210526315,1,False,,,,
691,0.9473684210526315,1,False,,,,
692,0.9473684210526315,1,False,,,,
693,0.9473684210526315,1,False,,,,
694,0.9473684210526315,1,False,,,,
695,0.9473684210526315,1,False,,,,
696,0.9473684210526315,1,False,,,,
697,0.9473684210526315,1,False,,,,
698,0.9473684210526315,1,False,,,,
699,0.9473684210526315,1,False,,,,
700,0.9473684210526315,1,False,,,,
701,0.9473684210526315,1,False,,,,
702,0.9473684210526315,1,False,,,,
703,0.9473684210526315,1,False,,,,
704,0.9473684210526315,1,False,,,,
705,0.9473684210526315,1,False,,,,
706,0.9473684210526315,1,False,,,,
707,0.9473684210526315,1,False,,,,
708,0.9473684210526315,1,False,,,,
709,0.9473684210526315,1,False,,,,
710,0.9473684210526315,1,False,,,,
711,0.9473684210526315,1,False,,,,
712,0.9473684210526315,1,False,,,,
713,0.9473684210526315,1,False,,,,
714,0.9473684210526315,1,False,,,,
715,0.9473684210526315,1,False,,,,
716,0.9473684210526315,1,False,,,,
717,0.9473684210526315,1,False,,,,
718,0.9473684210526315,1,False,,,,
719,0.9473684210526315,1,False,,,,
720,0.9473684210526315,1,False,,,,
721,0.9473684210526315,1,False,,,,
722,0.9473684210526315,1,False,,,,
723,0.9473684210526315,1,False,,,,
724,0.9473684210526315,1,False,,,,
725,0.9473684210526315,1,False,,,,
726,0.9473684210526315,1,False,,,,
727,0.9473684210526315,1,False,,,,
728,0.9473684210526315,1,False,,,,
729,0.9473684210526315,1,False,,,,
730,0.9473684210526315,1,False,,,,
731,0.9473684210526315,1,False,,,,
732,0.9473684210526315,1,False,,,,
733,0.9473684210526315,1,False,,,,
734,0.9473684210526315,1,False,,,,
735,0.9473684210526315,1,False,,,,
736,0.9473684210526315,1,False,,,,
737,0.9473684210526315,1,False,,,,
738,0.9473684210526315,1,False,,,,
739,0.9473684210526315,1,False,,,,
740,0.9473684210526315,1,False,,,,
741,0.9473684210526315,1,False,,,,
742,0.9473684210526315,1,False,,,,
743,0.9473684210526315,1,False,,,,
744,0.9473684210526315,1,False,,,,
745,0.9473684210526315,1,False,,,,
746,0.9473684210526315,1,False,,,,
747,0.9473684210526315,1,False,,,,
748,0.9473684210526315,1,False,,,,
749,0.9473684210526315,1,False,,,,
750,0.9473684210526315,1,False,,,,
751,0.9473684210526315,1,False,,,,
752,0.9473684210526315,1,False,,,,
753,0.9473684210526315,1,False,,,,
754,0.9473684210526315,1,False,,,,
755,0.9473684210526315,1,False,,,,
756,0.9473684210526315,1,False,,,,
757,0.9473684210526315,1,False,,,,
758,0.9473684210526315,1,False,,,,
759,0.9473684210526315,1,False,,,,
760,0.9473684210526315,1,False,,,,
761,0.9473684210526315,1,False,,,,
762,0.9473684210526315,1,False,,,,
763,0.9473684210526315,1,False,,,,
764,0.9473684210526315,1,False,,,,
765,0.9473684210526315,1,False,,,,
766,0.9473684210526315,1,False,,,,
767,0.9473684210526315,1,False,,,,
768,0.9473684210526315,1,False,,,,
769,0.9473684210526315,1,False,,,,
770,0.9473684210526315,1,False,,,,
771,0.9473684210526315,1,False,,,,
772,0.9473684210526315,1,False,,,,
773,0.9473684210526315,1,False,,,,
774,0.9473684210526315,1,False,,,,
775,0.9473684210526315,1,False,,,,
776,0.9473684210526315,1,False,,,,
777,0.9473684210526315,1,False,,,,
778,0.9473684210526315,1,False,,,,
779,0.9473684210526315,1,False,,,,
780,0.9473684210526315,1,False,,,,
781,0.9473684210526315,1,False,,,,
782,0.9473684210526315,1,False,,,,
783,0.9473684210526315,1,False,,,,
784,0.9473684210526315,1,False,,,,
785,0.9473684210526315,1,False,,,,
786,0.9473684210526315,1,False,,,,
787,0.9473684210526315,1,False,,,,
788,0.9473684210526315,1,False,,,,
789,0.9473684210526315,1,False,,,,
790,0.9473684210526315,1,False,,,,
791,0.9473684210526315,1,False,,,,
792,0.9473684210526315,1,False,,,,
793,0.9473684210526315,1,False,,,,
794,0.9473684210526315,1,False,,,,
795,0.9473684210526315,1,False,,,,
796,0.9473684210526315,1,False,,,,
797,0.9473684210526315,1,False,,,,
798,0.9473684210526315,1,False,,,,
799,0.9473684210526315,1,False,,,,
800,0.9473684210526315,1,False,,,,
801,0.9473684210526315,1,False,,,,
802,0.9473684210526315,1,False,,,,
803,0.9473684210526315,1,False,,,,
804,0.9473684210526315,1,False,,,,
805,0.9473684210526315,1,False,,,,
806,0.9473684210526315,1,False,,,,
807,0.9473684210526315,1,False,,,,
808,0.9473684210526315,1,False,,,,
809,0.9473684210526315,1,False,,,,
810,0.9473684210526315,1,False,,,,
811,0.9473684210526315,1,False,,,,
812,0.9473684210526315,1,False,,,,
813,0.9473684210526315,1,False,,,,
814,0.9473684210526315,1,False,,,,
815,0.9473684210526315,1,False,,,,
816,0.9473684210526315,1,False,,,,
817,0.9473684210526315,1,False,,,,
818,0.9473684210526315,1,False,,,,
819,0.9473684210526315,1,False,,,,
820,0.9473684210526315,1,False,,,,
821,0.9473684210526315,1,False,,,,
822,0.9473684210526315,1,False,,,,
823,0.9473684210526315,1,False,,,,
824,0.9473684210526315,1,False,,,,
825,0.9473684210526315,1,False,,,,
826,0.9473684210526315,1,False,,,,
827,0.9473684210526315,1,False,,,,
828,0.9473684210526315,1,False,,,,
829,0.9473684210526315,1,False,,,,
830,0.9473684210526315,1,False,,,,
831,0.9473684210526315,1,False,,,,
832,0.9473684210526315,1,False,,,,
833,0.9473684210526315,1,False,,,,
834,0.9473684210526315,1,False,,,,
835,0.9473684210526315,1,False,,,,
836,0.9473684210526315,1,False,,,,
837,0.9473684210526315,1,False,,,,
838,0.9473684210526315,1,False,,,,
839,0.9473684210526315,1,False,,,,
840,0.9473684210526315,1,False,,,,
841,0.9473684210526315,1,False,,,,
842,0.9473684210526315,1,False,,,,
843,0.9473684210526315,1,False,,,,
844,0.9473684210526315,1,False,,,,
845,0.9473684210526315,1,False,,,,
846,0.9473684210526315,1,False,,,,
847,0.9473684210526315,1,False,,,,
848,0.9473684210526315,1,False,,,,
849,0.9473684210526315,1,False,,,,
850,0.9473684210526315,1,False,,,,
851,0.9473684210526315,1,False,,,,
852,0.9473684210526315,1,False,,,,
853,0.9473684210526315,1,False,,,,
854,0.9473684210526315,1,False,,,,
855,0.9473684210526315,1,False,,,,
856,0.9473684210526315,1,False,,,,
857,0.9473684210526315,1,False,,,,
858,0.9473684210526315,1,False,,,,
859,0.9473684210526315,1,False,,,,
860,0.9473684210526315,1,False,,,,
861,0.9473684210526315,1,False,,,,
862,0.9473684210526315,1,False,,,,
863,0.9473684210526315,1,False,,,,
864,0.9473684210526315,1,False,,,,
865,0.9473684210526315,1,False,,,,
866,0.9473684210526315,1,False,,,,
867,0.9473684210526315,1,False,,,,
868,0.9473684210526315,1,False,,,,
869,0.9473684210526315,1,False,,,,
870,0.9473684210526315,1,False,,,,
871,0.9473684210526315,1,False,,,,
872,0.9473684210526315,1,False,,,,
873,0.9473684210526315,1,False,,,,
874,0.9473684210526315,1,False,,,,
875,0.9473684210526315,1,False,,,,
876,0.9473684210526315,1,False,,,,
877,0.9473684210526315,1,False,,,,
878,0.9473684210526315,1,False,,,,
879,0.9473684210526315,1,False,,,,
880,0.9473684210526315,1,False,,,,
881,0.9473684210526315,1,False,,,,
882,0.9473684210526315,1,False,,,,
883,0.9473684210526315,1,False,,,,
884,0.9473684210526315,1,False,,,,
885,0.9473684210526315,1,False,,,,
886,0.9473684210526315,1,False,,,,
887,0.9473684210526315,1,False,,,,
888,0.9473684210526315,1,False,,,,
889,0.9473684210526315,1,False,,,,
890,0.9473684210526315,1,False,,,,
891,0.9473684210526315,1,False,,,,
892,0.9473684210526315,1,False,,,,
893,0.9473684210526315,1,False,,,,
894,0.9473684210526315,1,False,,,,
895,0.9473684210526315,1,False,,,,
896,0.9473684210526315,1,False,,,,
897,0.9473684210526315,1,False,,,,
898,0.9473684210526315,1,False,,,,
899,0.9473684210526315,1,False,,,,
900,0.9473684210526315,1,False,,,,
901,0.9473684210526315,1,False,,,,
902,0.9473684210526315,1,False,,,,
903,0.9473684210526315,1,False,,,,
904,0.9473684210526315,1,False,,,,
905,0.9473684210526315,1,False,,,,
906,0.9473684210526315,1,False,,,,
907,0.9473684210526315,1,False,,,,
908,0.9473684210526315,1,False,,,,
909,0.9473684210526315,1,False,,,,
910,0.9473684210526315,1,False,,,,
911,0.9473684210526315,1,False,,,,
912,0.9473684210526315,1,False,,,,
913,0.9473684210526315,1,False,,,,
914,0.9473684210526315,1,False,,,,
915,0.9473684210526315,1,False,,,,
916,0.9473684210526315,1,False,,,,
917,0.9473684210526315,1,False,,,,
918,0.9473684210526315,1,False,,,,
919,0.9473684210526315,1,False,,,,
920,0.9473684210526315,1,False,,,,
921,0.9473684210526315,1,False,,,,
922,0.9473684210526315,1,False,,,,
923,0.9473684210526315,1,False,,,,
924,0.9473684210526315,1,False,,,,
925,0.9473684210526315,1,False,,,,
926,0.9473684210526315,1,False,,,,
927,0.9473684210526315,1,False,,,,
928,0.9473684210526315,1,False,,,,
929,0.9473684210526315,1,False,,,,
930,0.9473684210526315,1,False,,,,
931,0.9473684210526315,1,False,,,,
932,0.9473684210526315,1,False,,,,
933,0.9473684210526315,1,False,,,,
934,0.9473684210526315,1,False,,,,
935,0.9473684210526315,1,False,,,,
936,0.9473684210526315,1,False,,,,
937,0.9473684210526315,1,False,,,,
938,0.9473684210526315,1,False,,,,
939,0.9473684210526315,1,False,,,,
940,0.9473684210526315,1,False,,,,
941,0.9473684210526315,1,False,,,,
942,0.9473684210526315,1,False,,,,
943,0.9473684210526315,1,False,,,,
944,0.9473684210526315,1,False,,,,
945,0.9473684210526315,1,False,,,,
946,0.9473684210526315,1,False,,,,
947,0.9473684210526315,1,False,,,,
948,0.9473684210526315,1,False,,,,
949,0.9473684210526315,1,False,,,,
950,0.9473684210526315,1,False,,,,
951,0.9473684210526315,1,False,,,,
952,0.9473684210526315,1,False,,,,
953,0.9473684210526315,1,False,,,,
954,0.9473684210526315,1,False,,,,
955,0.9473684210526315,1,False,,,,
956,0.9473684210526315,1,False,,,,
957,0.9473684210526315,1,False,,,,
958,0.9473684210526315,1,False,,,,
959,0.9473684210526315,1,False,,,,
960,0.9473684210526315,1,False,,,,
961,0.9473684210526315,1,False,,,,
962,0.9473684210526315,1,False,,,,
963,0.9473684210526315,1,False,,,,
964,0.9473684210526315,1,False,,,,
965,0.9473684210526315,1,False,,,,
966,0.9473684210526315,1,False,,,,
967,0.9473684210526315,1,False,,,,
968,0.9473684210526315,1,False,,,,
969,0.9473684210526315,1,False,,,,
970,0.9473684210526315,1,False,,,,
971,0.9473684210526315,1,False,,,,
972,0.9473684210526315,1,False,,,,
973,0.9473684210526315,1,False,,,,
974,0.9473684210526315,1,False,,,,
975,0.9473684210526315,1,False,,,,
976,0.9473684210526315,1,False,,,,
977,0.9473684210526315,1,False,,,,
978,0.9473684210526315,1,False,,,,
979,0.9473684210526315,1,False,,,,
980,0.9473684210526315,1,False,,,,
981,0.9473684210526315,1,False,,,,
982,0.9473684210526315,1,False,,,,
983,0.9473684210526315,1,False,,,,
984,0.9473684210526315,1,False,,,,
985,0.9473684210526315,1,False,,,,
986,0.9473684210526315,1,False,,,,
987,0.9473684210526315,1,False,,,,
988,0.9473684210526315,1,False,,,,
989,0.9473684210526315,1,False,,,,
990,0.9473684210526315,1,False,,,,
991,0.9473684210526315,1,False,,,,
992,0.9473684210526315,1,False,,,,
993,0.9473684210526315,1,False,,,,
994,0.9473684210526315,1,False,,,,
995,0.9473684210526315,1,False,,,,
996,0.9473684210526315,1,False,,,,
997,0.9473684210526315,1,False,,,,
998,0.9473684210526315,1,False,,,,
999,0.9473684210526315,1,False,,,,
1000,0.9473684210526315,1,False,,,,
1001,0.9473684210526315,1,False,,,,
1002,0.9473684210526315,1,False,,,,
1003,0.9473684210526315,1,False,,,,
1004,0.9473684210526315,1,False,,,,
1005,0.9473684210526315,1,False,,,,
1006,0.9473684210526315,1,False,,,,
1007,0.9473684210526315,1,False,,,,
1008,0.9473684210526315,1,False,,,,
1009,0.9473684210526315,1,False,,,,
1010,0.9473684210526315,1,False,,,,
1011,0.9473684210526315,1,False,,,,
1012,0.9473684210526315,1,False,,,,
1013,0.9473684210526315,1,False,,,,
1014,0.9473684210526315,1,False,,,,
1015,0.9473684210526315,1,False,,,,
1016,0.9473684210526315,1,False,,,,
1017,0.9473684210526315,1,False,,,,
1018,0.9473684210526315,1,False,,,,
1019,0.9473684210526315,1,False,,,,
1020,0.9473684210526315,1,False,,,,
1021,0.9473684210526315,1,False,,,,
1022,0.9473684210526315,1,False,,,,
1023,0.9473684210526315,1,False,,,,
1024,0.9473684210526315,1,False,,,,
1025,0.9473684210526315,1,False,,,,
1026,0.9473684210526315,1,False,,,,
1027,0.9473684210526315,1,False,,,,
1028,0.9473684210526315,1,False,,,,
1029,0.9473684210526315,1,False,,,,
1030,0.9473684210526315,1,False,,,,
1031,0.9473684210526315,1,False,,,,
1032,0.9473684210526315,1,False,,,,
1033,0.9473684210526315,1,False,,,,
1034,0.9473684210526315,1,False,,,,
1035,0.9473684210526315,1,False,,,,
1036,0.9473684210526315,1,False,,,,
1037,0.9473684210526315,1,False,,,,
1038,0.9473684210526315,1,False,,,,
1039,0.9473684210526315,1,False,,,,
1040,0.9473684210526315,1,False,,,,
1041,0.9473684210526315,1,False,,,,
1042,0.9473684210526315,1,False,,,,
1043,0.9473684210526315,1,False,,,,
1044,0.9473684210526315,1,False,,,,
1045,0.9473684210526315,1,False,,,,
1046,0.9473684210526315,1,False,,,,
1047,0.9473684210526315,1,False,,,,
1048,0.9473684210526315,1,False,,,,
1049,0.9473684210526315,1,False,,,,
1050,0.9473684210526315,1,False,,,,
1051,0.9473684210526315,1,False,,,,
1052,0.9473684210526315,1,False,,,,
1053,0.9473684210526315,1,False,,,,
1054,0.9473684210526315,1,False,,,,
1055,0.9473684210526315,1,False,,,,
1056,0.9473684210526315,1,False,,,,
1057,0.9473684210526315,1,False,,,,
1058,0.9473684210526315,1,False,,,,
1059,0.9473684210526315,1,False,,,,
1060,0.9473684210526315,1,False,,,,
1061,0.9473684210526315,1,False,,,,
1062,0.9473684210526315,1,False,,,,
1063,0.8947368421052632,2,False,,,,
1064,0.8947368421052632,2,False,,,,
1065,0.8947368421052632,2,False,,,,
1066,0.8947368421052632,2,False,,,,
1067,0.8947368421052632,2,False,,,,
1068,0.8947368421052632,2,False,,,,
1069,0.9473684210526315,1,False,,,,
1070,0.9473684210526315,1,False,,,,
1071,0.9473684210526315,1,False,,,,
1072,0.9473684210526315,1,False,,,,
1073,0.9473684210526315,1,False,,,,
1074,0.9473684210526315,1,False,,,,
1075,0.9473684210526315,1,False,,,,
1076,0.9473684210526315,1,False,,,,
1077,0.9473684210526315,1,False,,,,
1078,0.9473684210526315,1,False,,,,
1079,0.9473684210526315,1,False,,,,
1080,0.9473684210526315,1,False,,,,
1081,0.8947368421052632,2,False,,,,
1082,0.8947368421052632,2,False,,,,
1083,0.8947368421052632,2,False,,,,
1084,0.8947368421052632,2,False,,,,
1085,0.8947368421052632,2,False,,,,
1086,0.8947368421052632,2,False,,,,
1087,0.8947368421052632,2,False,,,,
1088,0.8947368421052632,2,False,,,,
1089,0.8947368421052632,2,False,,,,
1090,0.8947368421052632,2,False,,,,
1091,0.8947368421052632,2,False,,,,
1092,0.8947368421052632,2,False,,,,
1093,0.9473684210526315,1,False,,,,
1094,0.9473684210526315,1,False,,,,
1095,0.9473684210526315,1,False,,,,
1096,0.9473684210526315,1,False,,,,
1097,0.9473684210526315,1,False,,,,
1098,0.9473684210526315,1,False,,,,
1099,0.9473684210526315,1,False,,,,
1100,0.9473684210526315,1,False,,,,
1101,0.9473684210526315,1,False,,,,
1102,0.9473684210526315,1,False,,,,
1103,0.9473684210526315,1,False,,,,
1104,0.9473684210526315,1,False,,,,
1105,0.9473684210526315,1,False,,,,
1106,0.9473684210526315,1,False,,,,
1107,0.9473684210526315,1,False,,,,
1108,0.9473684210526315,1,False,,,,
1109,0.9473684210526315,1,False,,,,
1110,0.9473684210526315,1,False,,,,
1111,0.8947368421052632,2,False,,,,
1112,0.8947368421052632,2,False,,,,
1113,0.8947368421052632,2,False,,,,
1114,0.8947368421052632,2,False,,,,
1115,0.8947368421052632,2,False,,,,
1116,0.8947368421052632,2,False,,,,
1117,0.8947368421052632,2,False,,,,
1118,0.8947368421052632,2,False,,,,
1119,0.8947368421052632,2,False,,,,
1120,0.8947368421052632,2,False,,,,
1121,0.8947368421052632,2,False,,,,
1122,0.8947368421052632,2,False,,,,
1123,0.8947368421052632,2,False,,,,
1124,0.8947368421052632,2,False,,,,
1125,0.8947368421052632,2,False,,,,
1126,0.9473684210526315,1,False,,,,
1127,0.9473684210526315,1,False,,,,
1128,0.9473684210526315,1,False,,,,
1129,0.8947368421052632,2,False,,,,
1130,0.8947368421052632,2,False,,,,
1131,0.8947368421052632,2,False,,,,
1132,0.8947368421052632,2,False,,,,
1133,0.8947368421052632,2,False,,,,
1134,0.8947368421052632,2,False,,,,
1135,0.8947368421052632,2,False,,,,
1136,0.8947368421052632,2,False,,,,
1137,0.8947368421052632,2,False,,,,
1138,0.8947368421052632,2,False,,,,
1139,0.8947368421052632,2,False,,,,
1140,0.8947368421052632,2,False,,,,
1141,0.8947368421052632,2,False,,,,
1142,0.8947368421052632,2,False,,,,
1143,0.8947368421052632,2,False,,,,
1144,0.8947368421052632,2,False,,,,
1145,0.9473684210526315,1,False,,,,
1146,0.9473684210526315,1,False,,,,
1147,0.8947368421052632,2,False,,,,
1148,0.8947368421052632,2,False,,,,
1149,0.8947368421052632,2,False,,,,
1150,0.8947368421052632,2,False,,,,
1151,0.8947368421052632,2,False,,,,
1152,0.8947368421052632,2,False,,,,
1153,0.8947368421052632,2,False,,,,
1154,0.8947368421052632,2,False,,,,
1155,0.8947368421052632,2,False,,,,
1156,0.9473684210526315,1,False,,,,
1157,0.9473684210526315,1,False,,,,
1158,0.8947368421052632,2,False,,,,
1159,0.8947368421052632,2,False,,,,
1160,0.8947368421052632,2,False,,,,
1161,0.8947368421052632,2,False,,,,
1162,0.8947368421052632,2,False,,,,
1163,0.8947368421052632,2,False,,,,
1164,0.8947368421052632,2,False,,,,
1165,0.8947368421052632,2,False,,,,
1166,0.8947368421052632,2,False,,,,
1167,0.8947368421052632,2,False,,,,
1168,0.8947368421052632,2,False,,,,
1169,0.8947368421052632,2,False,,,,
1170,0.8947368421052632,2,False,,,,
1171,0.8947368421052632,2,False,,,,
1172,0.8947368421052632,2,False,,,,
1173,0.8947368421052632,2,False,,,,
1174,0.8947368421052632,2,False,,,,
1175,0.8947368421052632,2,False,,,,
1176,0.8947368421052632,2,False,,,,
1177,0.8947368421052632,2,False,,,,
1178,0.8947368421052632,2,False,,,,
1179,0.8947368421052632,2,False,,,,
1180,0.8947368421052632,2,False,,,,
1181,0.8947368421052632,2,False,,,,
1182,0.8947368421052632,2,False,,,,
1183,0.8947368421052632,2,False,,,,
1184,0.9473684210526315,1,False,,,,
1185,0.9473684210526315,1,False,,,,
1186,0.9473684210526315,1,False,,,,
1187,0.9473684210526315,1,False,,,,
1188,0.9473684210526315,1,False,,,,
1189,0.9473684210526315,1,False,,,,
1190,0.8947368421052632,2,False,,,,
1191,0.8947368421052632,2,False,,,,
1192,0.8947368421052632,2,False,,,,
1193,0.8947368421052632,2,False,,,,
1194,0.8947368421052632,2,False,,,,
1195,0.8947368421052632,2,False,,,,
1196,0.8947368421052632,2,False,,,,
1197,0.8947368421052632,2,False,,,,
1198,0.8947368421052632,2,False,,,,
1199,0.8947368421052632,2,False,,,,
1200,0.8947368421052632,2,False,,,,
1201,0.8947368421052632,2,False,,,,
1202,0.8947368421052632,2,False,,,,
1203,0.8947368421052632,2,False,,,,
1204,0.8947368421052632,2,False,,,,
1205,0.8947368421052632,2,False,,,,
1206,0.8947368421052632,2,False,,,,
1207,0.9473684210526315,1,False,,,,
1208,0.9473684210526315,1,False,,,,
1209,0.9473684210526315,1,False,,,,
1210,0.9473684210526315,1,False,,,,
1211,0.9473684210526315,1,False,,,,
1212,0.9473684210526315,1,False,,,,
1213,0.8947368421052632,2,False,,,,
1214,0.8947368421052632,2,False,,,,
1215,0.8947368421052632,2,False,,,,
1216,0.8947368421052632,2,False,,,,
1217,0.8947368421052632,2,False,,,,
1218,0.8947368421052632,2,False,,,,
1219,0.8947368421052632,2,False,,,,
1220,0.8947368421052632,2,False,,,,
1221,0.8947368421052632,2,False,,,,
1222,0.8947368421052632,2,False,,,,
1223,0.8947368421052632,2,False,,,,
1224,0.8947368421052632,2,False,,,,
1225,0.8947368421052632,2,False,,,,
1226,0.8947368421052632,2,False,,,,
1227,0.8947368421052632,2,False,,,,
1228,0.8947368421052632,2,False,,,,
1229,0.8947368421052632,2,False,,,,
1230,0.9473684210526315,1,False,,,,
1231,0.9473684210526315,1,False,,,,
1232,0.9473684210526315,1,False,,,,
1233,0.9473684210526315,1,False,,,,
1234,0.8947368421052632,2,False,,,,
1235,0.8947368421052632,2,False,,,,
1236,0.8947368421052632,2,False,,,,
1237,0.8947368421052632,2,False,,,,
1238,0.8947368421052632,2,False,,,,
1239,0.8947368421052632,2,False,,,,
1240,0.8947368421052632,2,False,,,,
1241,0.8947368421052632,2,False,,,,
1242,0.8947368421052632,2,False,,,,
1243,0.8947368421052632,2,False,,,,
1244,0.8947368421052632,2,False,,,,
1245,0.9473684210526315,1,False,,,,
1246,0.9473684210526315,1,False,,,,
1247,0.8947368421052632,2,False,,,,
1248,0.8947368421052632,2,False,,,,
1249,0.8947368421052632,2,False,,,,
1250,0.8947368421052632,2,False,,,,
1251,0.8947368421052632,2,False,,,,
1252,0.8947368421052632,2,False,,,,
1253,0.8947368421052632,2,False,,,,
1254,0.8947368421052632,2,False,,,,
1255,0.8947368421052632,2,False,,,,
1256,0.9473684210526315,1,False,,,,
1257,0.8947368421052632,2,False,,,,
1258,0.8947368421052632,2,False,,,,
1259,0.8947368421052632,2,False,,,,
1260,0.8947368421052632,2,False,,,,
1261,0.8947368421052632,2,False,,,,
1262,0.8947368421052632,2,False,,,,
1263,0.8947368421052632,2,False,,,,
1264,0.8947368421052632,2,False,,,,
1265,0.8947368421052632,2,False,,,,
1266,0.8947368421052632,2,False,,,,
1267,0.8947368421052632,2,False,,,,
1268,0.8947368421052632,2,False,,,,
1269,0.8947368421052632,2,False,,,,
1270,0.8947368421052632,2,False,,,,
1271,0.8947368421052632,2,False,,,,
1272,0.9473684210526315,1,False,,,,
1273,0.9473684210526315,1,False,,,,
1274,0.9473684210526315,1,False,,,,
1275,0.9473684210526315,1,False,,,,
1276,0.8947368421052632,2,False,,,,
1277,0.8947368421052632,2,False,,,,
1278,0.8947368421052632,2,False,,,,
1279,0.8947368421052632,2,False,,,,
1280,0.8947368421052632,2,False,,,,
1281,0.8947368421052632,2,False,,,,
1282,0.8947368421052632,2,False,,,,
1283,0.9473684210526315,1,False,,,,
1284,0.8947368421052632,2,False,,,,
1285,0.8947368421052632,2,False,,,,
1286,0.8947368421052632,2,False,,,,
1287,0.8947368421052632,2,False,,,,
1288,0.8947368421052632,2,False,,,,
1289,0.8947368421052632,2,False,,,,
1290,0.8947368421052632,2,False,,,,
1291,0.8947368421052632,2,False,,,,
1292,0.8947368421052632,2,False,,,,
1293,0.8947368421052632,2,False,,,,
1294,0.8947368421052632,2,False,,,,
1295,0.8947368421052632,2,False,,,,
1296,0.8947368421052632,2,False,,,,
1297,0.8947368421052632,2,False,,,,
1298,0.8947368421052632,2,False,,,,
1299,0.8947368421052632,2,False,,,,
1300,0.8947368421052632,2,False,,,,
1301,0.8947368421052632,2,False,,,,
1302,0.8947368421052632,2,False,,,,
1303,0.8947368421052632,2,False,,,,
1304,0.8947368421052632,2,False,,,,
1305,0.8947368421052632,2,False,,,,
1306,0.8947368421052632,2,False,,,,
1307,0.8947368421052632,2,False,,,,
1308,0.8947368421052632,2,False,,,,
1309,0.9473684210526315,1,False,,,,
1310,0.9473684210526315,1,False,,,,
1311,0.9473684210526315,1,False,,,,
1312,0.9473684210526315,1,False,,,,
1313,0.8947368421052632,2,False,,,,
1314,0.8947368421052632,2,False,,,,
1315,0.8947368421052632,2,False,,,,
1316,0.8947368421052632,2,False,,,,
1317,0.8947368421052632,2,False,,,,
1318,0.8947368421052632,2,False,,,,
1319,0.8947368421052632,2,False,,,,
1320,0.8947368421052632,2,False,,,,
1321,0.8947368421052632,2,False,,,,
1322,0.8947368421052632,2,False,,,,
1323,0.8947368421052632,2,False,,,,
1324,0.8947368421052632,2,False,,,,
1325,0.8947368421052632,2,False,,,,
1326,0.8947368421052632,2,False,,,,
1327,0.8947368421052632,2,False,,,,
1328,0.8947368421052632,2,False,,,,
1329,0.8947368421052632,2,False,,,,
1330,0.8947368421052632,2,False,,,,
1331,0.8947368421052632,2,False,,,,
1332,0.9473684210526315,1,False,,,,
1333,0.9473684210526315,1,False,,,,
1334,0.9473684210526315,1,False,,,,
1335,0.9473684210526315,1,False,,,,
1336,0.9473684210526315,1,False,,,,
1337,0.9473684210526315,1,False,,,,
1338,0.8947368421052632,2,False,,,,
1339,0.8947368421052632,2,False,,,,
1340,0.8947368421052632,2,False,,,,
1341,0.8947368421052632,2,False,,,,
1342,0.8947368421052632,2,False,,,,
1343,0.8947368421052632,2,False,,,,
1344,0.8947368421052632,2,False,,,,
1345,0.8947368421052632,2,False,,,,
1346,0.8947368421052632,2,False,,,,
1347,0.8947368421052632,2,False,,,,
1348,0.8947368421052632,2,False,,,,
1349,0.8947368421052632,2,False,,,,
1350,0.8947368421052632,2,False,,,,
1351,0.8947368421052632,2,False,,,,
1352,0.8947368421052632,2,False,,,,
1353,0.8947368421052632,2,False,,,,
1354,0.8947368421052632,2,False,,,,
1355,0.8947368421052632,2,False,,,,
1356,0.8947368421052632,2,False,,,,
1357,0.8947368421052632,2,False,,,,
1358,0.8421052631578947,3,False,,,,
1359,0.8421052631578947,3,False,,,,
1360,0.8947368421052632,2,False,,,,
1361,0.8947368421052632,2,False,,,,
1362,0.8947368421052632,2,False,,,,
1363,0.8947368421052632,2,False,,,,
1364,0.8947368421052632,2,False,,,,
1365,0.8947368421052632,2,False,,,,
1366,0.9473684210526315,1,False,,,,
1367,0.9473684210526315,1,False,,,,
1368,0.9473684210526315,1,False,,,,
1369,0.8947368421052632,2,False,,,,
1370,0.8947368421052632,2,False,,,,
1371,0.8947368421052632,2,False,,,,
1372,0.8947368421052632,2,False,,,,
1373,0.8947368421052632,2,False,,,,
1374,0.8947368421052632,2,False,,,,
1375,0.8947368421052632,2,False,,,,
1376,0.8947368421052632,2,False,,,,
1377,0.8947368421052632,2,False,,,,
1378,0.8947368421052632,2,False,,,,
1379,0.8947368421052632,2,False,,,,
1380,0.8947368421052632,2,False,,,,
1381,0.8947368421052632,2,False,,,,
1382,0.8947368421052632,2,False,,,,
1383,0.8947368421052632,2,False,,,,
1384,0.8947368421052632,2,False,,,,
1385,0.8947368421052632,2,False,,,,
1386,0.8947368421052632,2,False,,,,
1387,0.8947368421052632,2,False,,,,
1388,0.8947368421052632,2,False,,,,
1389,0.8947368421052632,2,False,,,,
1390,0.8947368421052632,2,False,,,,
1391,0.8947368421052632,2,False,,,,
1392,0.8947368421052632,2,False,,,,
1393,0.8947368421052632,2,False,,,,
1394,0.8947368421052632,2,False,,,,
1395,0.8947368421052632,2,False,,,,
1396,0.8947368421052632,2,False,,,,
1397,0.8947368421052632,2,False,,,,
1398,0.8947368421052632,2,False,,,,
1399,0.8421052631578947,3,False,,,,
1400,0.8421052631578947,3,False,,,,
1401,0.8421052631578947,3,False,,,,
1402,0.8421052631578947,3,False,,,,
1403,0.8421052631578947,3,False,,,,
1404,0.7894736842105263,4,False,,,,
1405,0.7894736842105263,4,False,,,,
1406,0.7894736842105263,4,False,,,,
1407,0.7894736842105263,4,False,,,,
1408,0.7894736842105263,4,False,,,,
1409,0.7894736842105263,4,False,,,,
1410,0.7894736842105263,4,False,,,,
1411,0.21052631578947367,15,True,0.4533333333333333,0.7333333333333333,0.2597604999432015,1.2366407419411674
1412,0.21052631578947367,15,True,0.31746031746031744,0.4666666666666667,0.13931336313991427,2.33012496531497
1413,0.21052631578947367,15,True,0.33015873015873015,0.7333333333333333,0.2597604999432015,1.2366407419411674
1414,0.21052631578947367,15,True,0.3352380952380952,0.6,0.2248895132903982,2.0049355947431313
1415,0.21052631578947367,15,True,0.4571428571428572,0.6,0.08759150689156892,1.3709505944546687
1416,0.21052631578947367,15,True,0.5168253968253969,0.8666666666666667,0.24936273490419736,0.5665095065529053
1417,0.21052631578947367,15,True,0.3815873015873016,0.7333333333333333,0.29436266502391517,1.3699740752745009
1418,0.21052631578947367,15,True,0.5333333333333333,1.0,0.2575124304578764,0.0
1419,0.21052631578947367,15,True,0.521904761904762,0.8666666666666667,0.35250246264226515,0.6998428398862386
1420,0.21052631578947367,15,True,0.6666666666666666,1.0,0.2575124304578764,0.0
1421,0.21052631578947367,15,True,0.6666666666666666,1.0,0.2575124304578764,0.0
1422,0.21052631578947367,15,True,0.5161904761904762,0.7333333333333333,0.11480970823935288,0.8366407419411672
1423,0.21052631578947367,15,True,0.5333333333333333,1.0,0.2575124304578764,0.0
1424,0.21052631578947367,15,True,0.7333333333333333,1.0,0.2575124304578764,0.0
1425,0.21052631578947367,15,True,0.5161904761904762,0.7333333333333333,0.11480970823935288,0.8366407419411672
1426,0.21052631578947367,15,True,0.5733333333333334,0.8,0.17194835729502644,0.7219280948873623
1427,0.21052631578947367,15,True,0.4666666666666667,0.8,0.3269868938901337,1.0389205950315936
1428,0.21052631578947367,15,True,0.5555555555555555,0.9333333333333333,0.35553335479741277,0.35335933502142136
1429,0.21052631578947367,15,True,0.3384126984126984,0.5333333333333333,0.175929009903667,1.9898980954642875
1430,0.21052631578947367,15,True,0.4749206349206349,0.7333333333333333,0.21310559346698976,1.0529815751302694
1431,0.21052631578947367,15,True,0.49269841269841275,0.6,0.14285112452603943,1.2309595631140104
1432,0.21052631578947367,15,True,0.5873015873015873,0.8666666666666667,0.35250246264226515,0.6998428398862386
1433,0.21052631578947367,15,True,0.6133333333333333,0.9333333333333333,0.35553335479741277,0.35335933502142136
1434,0.21052631578947367,15,True,0.4685714285714286,0.8666666666666667,0.24936273490419736,0.5665095065529053
1435,0.21052631578947367,15,True,0.35238095238095235,0.5333333333333333,0.15902508684635352,1.532914563979398
1436,0.21052631578947367,15,True,0.4857142857142857,0.7333333333333333,0.21310559346698976,1.0529815751302694
1437,0.21052631578947367,15,True,0.6285714285714286,0.8666666666666667,0.35250246264226515,0.6998428398862386
1438,0.21052631578947367,15,True,0.6666666666666666,1.0,0.2575124304578764,0.0
1439,0.21052631578947367,15,True,0.48063492063492064,0.8666666666666667,0.35250246264226515,0.6998428398862386
1440,0.21052631578947367,15,True,0.4990476190476191,0.6,0.04790964338522474,0.9709505944546686
1441,0.9473684210526315,1,False,,,,
1442,0.9473684210526315,1,False,,,,
1443,0.9473684210526315,1,False,,,,
1444,0.9473684210526315,1,False,,,,
1445,0.9473684210526315,1,False,,,,
1446,0.9473684210526315,1,False,,,,
1447,0.9473684210526315,1,False,,,,
1448,0.9473684210526315,1,False,,,,
1449,0.9473684210526315,1,False,,,,
1450,0.9473684210526315,1,False,,,,
1451,0.9473684210526315,1,False,,,,
1452,0.9473684210526315,1,False,,,,
1453,0.9473684210526315,1,False,,,,
1454,0.9473684210526315,1,False,,,,
1455,0.9473684210526315,1,False,,,,
1456,0.9473684210526315,1,False,,,,
1457,0.9473684210526315,1,False,,,,
1458,0.9473684210526315,1,False,,,,
1459,0.9473684210526315,1,False,,,,
1460,0.9473684210526315,1,False,,,,
1461,0.9473684210526315,1,False,,,,
1462,0.9473684210526315,1,False,,,,
1463,0.9473684210526315,1,False,,,,
1464,0.9473684210526315,1,False,,,,
1465,0.9473684210526315,1,False,,,,
1466,0.9473684210526315,1,False,,,,
1467,0.9473684210526315,1,False,,,,
1468,0.9473684210526315,1,False,,,,
1469,0.9473684210526315,1,False,,,,
1470,0.9473684210526315,1,False,,,,
1471,0.9473684210526315,1,False,,,,
1472,0.9473684210526315,1,False,,,,
1473,0.9473684210526315,1,False,,,,
1474,0.9473684210526315,1,False,,,,
1475,0.9473684210526315,1,False,,,,
1476,0.9473684210526315,1,False,,,,
1477,0.9473684210526315,1,False,,,,
1478,0.9473684210526315,1,False,,,,
1479,0.9473684210526315,1,False,,,,
1480,0.9473684210526315,1,False,,,,
1481,0.9473684210526315,1,False,,,,
1482,0.9473684210526315,1,False,,,,
1483,0.9473684210526315,1,False,,,,
1484,0.9473684210526315,1,False,,,,
1485,0.9473684210526315,1,False,,,,
1486,0.9473684210526315,1,False,,,,
1487,0.9473684210526315,1,False,,,,
1488,0.9473684210526315,1,False,,,,
1489,0.9473684210526315,1,False,,,,
1490,0.9473684210526315,1,False,,,,
1491,0.9473684210526315,1,False,,,,
1492,0.9473684210526315,1,False,,,,
1493,0.9473684210526315,1,False,,,,
1494,0.9473684210526315,1,False,,,,
1495,0.9473684210526315,1,False,,,,
1496,0.9473684210526315,1,False,,,,
1497,0.9473684210526315,1,False,,,,
1498,0.9473684210526315,1,False,,,,
1499,0.9473684210526315,1,False,,,,
1500,0.9473684210526315,1,False,,,,
1501,0.9473684210526315,1,False,,,,
1502,0.9473684210526315,1,False,,,,
1503,0.9473684210526315,1,False,,,,
1504,0.9473684210526315,1,False,,,,
1505,0.9473684210526315,1,False,,,,
1506,0.9473684210526315,1,False,,,,
1507,0.9473684210526315,1,False,,,,
1508,0.9473684210526315,1,False,,,,
1509,0.9473684210526315,1,False,,,,
1510,0.9473684210526315,1,False,,,,
1511,0.9473684210526315,1,False,,,,
1512,0.9473684210526315,1,False,,,,
1513,0.9473684210526315,1,False,,,,
1514,0.9473684210526315,1,False,,,,
1515,0.9473684210526315,1,False,,,,
1516,0.9473684210526315,1,False,,,,
1517,0.42105263157894735,11,True,0.44848484848484843,0.9090909090909091,0.2199270264698785,0.4394969869215134
1518,0.42105263157894735,11,True,0.593939393939394,0.9090909090909091,0.2199270264698785,0.4394969869215134
1519,0.42105263157894735,11,True,0.4521212121212121,0.8181818181818182,0.25838690151454435,0.8658566174572235
1520,0.42105263157894735,11,True,0.5575757575757575,0.9090909090909091,0.2199270264698785,0.4394969869215134
1521,0.8947368421052632,2,False,,,,
1522,0.9473684210526315,1,False,,,,
1523,0.9473684210526315,1,False,,,,
1524,0.9473684210526315,1,False,,,,
1525,0.9473684210526315,1,False,,,,
1526,0.9473684210526315,1,False,,,,
1527,0.9473684210526315,1,False,,,,
1528,0.9473684210526315,1,False,,,,
1529,0.9473684210526315,1,False,,,,
1530,0.9473684210526315,1,False,,,,
1531,0.9473684210526315,1,False,,,,
1532,0.9473684210526315,1,False,,,,
1533,0.9473684210526315,1,False,,,,
1534,0.47368421052631576,10,True,0.56,0.9,0.21459298285888773,0.4689955935892812
1535,0.42105263157894735,11,True,0.46060606060606063,0.9090909090909091,0.2199270264698785,0.4394969869215134
1536,0.42105263157894735,11,True,0.5454545454545454,0.9090909090909091,0.2199270264698785,0.4394969869215134
1537,0.42105263157894735,11,True,0.5151515151515151,0.9090909090909091,0.2199270264698785,0.4394969869215134
1538,0.42105263157894735,11,True,0.46060606060606063,0.9090909090909091,0.2199270264698785,0.4394969869215134
1539,0.42105263157894735,11,True,0.593939393939394,0.9090909090909091,0.2199270264698785,0.4394969869215134
1540,0.42105263157894735,11,True,0.5575757575757575,0.9090909090909091,0.2199270264698785,0.4394969869215134
1541,0.42105263157894735,11,True,0.606060606060606,0.9090909090909091,0.2199270264698785,0.4394969869215134
1542,0.42105263157894735,11,True,0.37212121212121213,0.5454545454545454,0.20184431586908624,1.867633890971212
1543,0.21052631578947367,15,True,0.5333333333333333,1.0,0.2575124304578764,0.0
1544,0.21052631578947367,15,True,0.5333333333333333,1.0,0.2575124304578764,0.0
1545,0.21052631578947367,15,True,0.533968253968254,0.8666666666666667,0.24936273490419736,0.5665095065529053
1546,0.21052631578947367,15,True,0.6666666666666666,1.0,0.2575124304578764,0.0
1547,0.21052631578947367,15,True,0.5333333333333333,1.0,0.2575124304578764,0.0
1548,0.21052631578947367,15,True,0.5333333333333333,1.0,0.2575124304578764,0.0
1549,0.21052631578947367,15,True,0.5333333333333333,1.0,0.2575124304578764,0.0
1550,0.21052631578947367,15,True,0.6666666666666666,1.0,0.2575124304578764,0.0
1551,0.21052631578947367,15,True,0.48063492063492064,0.8666666666666667,0.35250246264226515,0.6998428398862386
1552,0.21052631578947367,15,True,0.5866666666666667,0.7333333333333333,0.11480970823935288,0.8366407419411672
1553,0.21052631578947367,15,True,0.38920634920634917,0.6,0.1818816931582793,1.7382689280764647
1554,0.21052631578947367,15,True,0.6361904761904762,0.8,0.17194835729502644,0.7219280948873623
1555,0.21052631578947367,15,True,0.5333333333333333,1.0,0.2575124304578764,0.0
1556,0.21052631578947367,15,True,0.5225396825396825,0.8666666666666667,0.35250246264226515,0.6998428398862386
1557,0.21052631578947367,15,True,0.4749206349206349,0.7333333333333333,0.29436266502391517,1.3699740752745009
1558,0.21052631578947367,15,True,0.6,1.0,0.2575124304578764,0.0
1559,0.21052631578947367,15,True,0.532063492063492,0.8666666666666667,0.35250246264226515,0.6998428398862386
1560,0.21052631578947367,15,True,0.6,1.0,0.2575124304578764,0.0
1561,0.21052631578947367,15,True,0.30920634920634915,0.5333333333333333,0.1262934802341792,1.272905595320056
1562,0.21052631578947367,15,True,0.4076190476190476,0.7333333333333333,0.2597604999432016,1.2366407419411674
1563,0.21052631578947367,15,True,0.5333333333333333,1.0,0.2575124304578764,0.0
1564,0.21052631578947367,15,True,0.5333333333333333,1.0,0.2575124304578764,0.0
1565,0.21052631578947367,15,True,0.8,1.0,0.2575124304578764,0.0
1566,0.3684210526315789,12,True,0.6,1.0,0.050547984612051566,0.0
1567,0.3684210526315789,12,True,0.6,0.9166666666666666,0.2360639286070707,0.41381685030363374
1568,0.3684210526315789,12,True,0.48282828282828283,0.8333333333333334,0.2673721749433876,0.8166890883150209
1569,0.3684210526315789,12,True,0.6666666666666666,1.0,0.050547984612051566,0.0
1570,0.3684210526315789,12,True,0.4848484848484849,0.75,0.19658386084094503,1.0408520829727552
1571,0.3684210526315789,12,True,0.4656565656565656,0.75,0.2626406304386867,1.207518749639422
1572,0.3684210526315789,12,True,0.5333333333333333,1.0,0.050547984612051566,0.0
1573,0.3684210526315789,12,True,0.4393939393939394,0.75,0.2626406304386867,1.207518749639422
1574,0.3684210526315789,12,True,0.47777777777777775,0.9166666666666666,0.2360639286070707,0.41381685030363374
1575,0.3684210526315789,12,True,0.5333333333333333,1.0,0.050547984612051566,0.0
1576,0.3684210526315789,12,True,0.4595959595959596,0.6666666666666666,0.20530794671029118,1.4182958340544896
1577,0.3684210526315789,12,True,0.5333333333333333,1.0,0.050547984612051566,0.0
1578,0.3684210526315789,12,True,0.6,1.0,0.050547984612051566,0.0
1579,0.3684210526315789,12,True,0.5222222222222223,0.9166666666666666,0.2360639286070707,0.41381685030363374
1580,0.3684210526315789,12,True,0.4262626262626263,0.75,0.19658386084094503,1.0408520829727552
1581,0.3684210526315789,12,True,0.6666666666666666,1.0,0.050547984612051566,0.0
1582,0.3157894736842105,13,True,0.4683760683760684,0.7692307692307693,0.2750678362011758,1.1451104143815827
1583,0.3157894736842105,13,True,0.6051282051282051,0.9230769230769231,0.2634294358664522,0.39124356362925566
1584,0.3157894736842105,13,True,0.44358974358974357,0.8461538461538461,0.28560263299760746,0.7732283485249176
1585,0.3157894736842105,13,True,0.5358974358974359,0.8461538461538461,0.28560263299760746,0.7732283485249176
1586,0.3157894736842105,13,True,0.4641025641025641,0.7692307692307693,0.2750678362011758,1.1451104143815827
1587,0.3157894736842105,13,True,0.5282051282051282,0.9230769230769231,0.2634294358664522,0.39124356362925566
1588,0.3157894736842105,13,True,0.36837606837606834,0.6153846153846154,0.20184431586908624,1.7004397181410922
1589,0.9473684210526315,1,False,,,,
1590,0.3157894736842105,13,True,0.5760683760683761,0.8461538461538461,0.28560263299760746,0.7732283485249176
1591,0.15789473684210525,16,True,0.4527777777777777,0.8125,0.368718405808535,0.9933927290103626
1592,0.15789473684210525,16,True,0.548888888888889,0.8125,0.3197363442781459,0.8683927290103626
1593,0.15789473684210525,16,True,0.5583333333333333,0.9375,0.42378260447830396,0.3372900666170139
1594,0.15789473684210525,16,True,0.4683333333333334,0.6875,0.18033947510287063,1.1994602933016414
1595,0.15789473684210525,16,True,0.6,1.0,0.37075077614396545,0.0
1596,0.15789473684210525,16,True,0.5116666666666666,0.8125,0.2330839172350091,0.6962122601251458
1597,0.15789473684210525,16,True,0.27944444444444444,0.4375,0.13071292461933437,2.349601752714581
1598,0.15789473684210525,16,True,0.5166666666666667,0.9375,0.42378260447830396,0.3372900666170139
1599,0.15789473684210525,16,True,0.5333333333333333,0.9375,0.42378260447830396,0.3372900666170139
1600,0.15789473684210525,16,True,0.6,1.0,0.37075077614396545,0.0
1601,0.15789473684210525,16,True,0.4272222222222222,0.8125,0.3197363442781458,0.8683927290103626
1602,0.15789473684210525,16,True,0.5177777777777778,0.875,0.3141871168274789,0.5435644431995964
1603,0.15789473684210525,16,True,0.6666666666666666,1.0,0.37075077614396545,0.0
1604,0.15789473684210525,16,True,0.3561111111111111,0.5625,0.15164855035114533,1.5919171866886992
1605,0.15789473684210525,16,True,0.6,1.0,0.37075077614396545,0.0
1606,0.15789473684210525,16,True,0.6,1.0,0.37075077614396545,0.0
1607,0.15789473684210525,16,True,0.6666666666666666,1.0,0.37075077614396545,0.0
1608,0.15789473684210525,16,True,0.5361111111111112,0.875,0.403874569882679,0.6685644431995964
1609,0.15789473684210525,16,True,0.7333333333333333,1.0,0.37075077614396545,0.0
1610,0.15789473684210525,16,True,0.5766666666666667,0.875,0.403874569882679,0.6685644431995964
1611,0.15789473684210525,16,True,0.5166666666666667,0.9375,0.42378260447830396,0.3372900666170139
1612,0.15789473684210525,16,True,0.5583333333333333,0.8125,0.2330839172350091,0.6962122601251458
1613,0.15789473684210525,16,True,0.5038888888888889,0.875,0.403874569882679,0.6685644431995964
1614,0.15789473684210525,16,True,0.6,1.0,0.37075077614396545,0.0
1615,0.15789473684210525,16,True,0.41833333333333333,0.6875,0.26901133528123755,1.4966407621868583
1616,0.15789473684210525,16,True,0.525,0.9375,0.42378260447830396,0.3372900666170139
1617,0.15789473684210525,16,True,0.44666666666666666,0.75,0.25838690151454446,1.014097655573916
1618,0.15789473684210525,16,True,0.52,0.75,0.17194835729502667,0.8112781244591328
1619,0.15789473684210525,16,True,0.41833333333333333,0.625,0.22666969786273672,1.6266144718101818
1620,0.15789473684210525,16,True,0.5388888888888889,0.6875,0.12691452647336954,0.8960382325345574
1621,0.15789473684210525,16,True,0.5333333333333333,1.0,0.37075077614396545,0.0
1622,0.15789473684210525,16,True,0.47055555555555556,0.6875,0.24864847816330582,1.3244602933016414
1623,0.15789473684210525,16,True,0.6666666666666666,1.0,0.37075077614396545,0.0
1624,0.15789473684210525,16,True,0.5333333333333333,1.0,0.37075077614396545,0.0
1625,0.15789473684210525,16,True,0.5166666666666667,0.9375,0.42378260447830396,0.3372900666170139
1626,0.15789473684210525,16,True,0.6,1.0,0.37075077614396545,0.0
1627,0.15789473684210525,16,True,0.5333333333333333,1.0,0.37075077614396545,0.0
1628,0.15789473684210525,16,True,0.5333333333333333,1.0,0.37075077614396545,0.0
1629,0.15789473684210525,16,True,0.6666666666666666,1.0,0.37075077614396545,0.0
1630,0.15789473684210525,16,True,0.6666666666666666,1.0,0.37075077614396545,0.0
1631,0.15789473684210525,16,True,0.5333333333333333,1.0,0.37075077614396545,0.0
1632,0.15789473684210525,16,True,0.5122222222222222,0.875,0.403874569882679,0.6685644431995964
1633,0.15789473684210525,16,True,0.5083333333333333,0.9375,0.42378260447830396,0.3372900666170139
1634,0.15789473684210525,16,True,0.6666666666666666,1.0,0.37075077614396545,0.0
1635,0.15789473684210525,16,True,0.7333333333333333,1.0,0.37075077614396545,0.0
1636,0.15789473684210525,16,True,0.7333333333333333,1.0,0.37075077614396545,0.0
1637,0.15789473684210525,16,True,0.7333333333333333,1.0,0.37075077614396545,0.0
1638,0.15789473684210525,16,True,0.5177777777777778,0.875,0.3141871168274789,0.5435644431995964
1639,0.15789473684210525,16,True,0.5333333333333333,1.0,0.37075077614396545,0.0
1640,0.15789473684210525,16,True,0.5188888888888888,0.875,0.403874569882679,0.6685644431995964
1641,0.15789473684210525,16,True,0.6,1.0,0.37075077614396545,0.0
1642,0.15789473684210525,16,True,0.6666666666666666,1.0,0.37075077614396545,0.0
1643,0.15789473684210525,16,True,0.575,0.9375,0.42378260447830396,0.3372900666170139
1644,0.15789473684210525,16,True,0.525,0.9375,0.42378260447830396,0.3372900666170139
1645,0.15789473684210525,16,True,0.5544444444444444,0.875,0.403874569882679,0.6685644431995964
1646,0.15789473684210525,16,True,0.5,0.8125,0.3197363442781458,0.8683927290103626
1647,0.15789473684210525,16,True,0.5333333333333333,0.8125,0.2330839172350091,0.6962122601251458
1648,0.15789473684210525,16,True,0.4716666666666667,0.875,0.3141871168274789,0.5435644431995964
1649,0.15789473684210525,16,True,0.51,0.875,0.403874569882679,0.6685644431995964
1650,0.15789473684210525,16,True,0.4683333333333334,0.875,0.403874569882679,0.6685644431995964
1651,0.15789473684210525,16,True,0.55,0.8125,0.3197363442781458,0.8683927290103626
1652,0.15789473684210525,16,True,0.6666666666666666,1.0,0.37075077614396545,0.0
1653,0.15789473684210525,16,True,0.46055555555555555,0.875,0.403874569882679,0.6685644431995964
1654,0.15789473684210525,16,True,0.4083333333333333,0.625,0.18439908713309316,1.5016144718101818
1655,0.15789473684210525,16,True,0.575,0.9375,0.42378260447830396,0.3372900666170139
1656,0.15789473684210525,16,True,0.5333333333333333,1.0,0.37075077614396545,0.0
1657,0.15789473684210525,16,True,0.4766666666666667,0.8125,0.368718405808535,0.9933927290103626
1658,0.15789473684210525,16,True,0.5333333333333333,1.0,0.37075077614396545,0.0
1659,0.15789473684210525,16,True,0.5333333333333333,1.0,0.37075077614396545,0.0
1660,0.15789473684210525,16,True,0.5533333333333333,0.875,0.3141871168274789,0.5435644431995964
1661,0.15789473684210525,16,True,0.6,1.0,0.37075077614396545,0.0
1662,0.15789473684210525,16,True,0.525,0.9375,0.42378260447830396,0.3372900666170139
1663,0.15789473684210525,16,True,0.5,0.9375,0.42378260447830396,0.3372900666170139
1664,0.15789473684210525,16,True,0.6666666666666666,1.0,0.37075077614396545,0.0
1665,0.15789473684210525,16,True,0.6,1.0,0.37075077614396545,0.0
1666,0.15789473684210525,16,True,0.5666666666666667,0.9375,0.42378260447830396,0.3372900666170139
1667,0.15789473684210525,16,True,0.525,0.9375,0.42378260447830396,0.3372900666170139
1668,0.15789473684210525,16,True,0.7333333333333333,1.0,0.37075077614396545,0.0
1669,0.15789473684210525,16,True,0.6038888888888889,0.875,0.3141871168274789,0.5435644431995964
1670,0.15789473684210525,16,True,0.5355555555555556,0.875,0.403874569882679,0.6685644431995964
1671,0.15789473684210525,16,True,0.575,0.9375,0.42378260447830396,0.3372900666170139
1672,0.15789473684210525,16,True,0.535,0.8125,0.2330839172350091,0.6962122601251458
1673,0.15789473684210525,16,True,0.4216666666666667,0.6875,0.26901133528123755,1.4966407621868583
1674,0.15789473684210525,16,True,0.6,1.0,0.37075077614396545,0.0
1675,0.15789473684210525,16,True,0.5333333333333333,1.0,0.37075077614396545,0.0
1676,0.15789473684210525,16,True,0.2761111111111111,0.4375,0.13071292461933426,2.349601752714581
1677,0.15789473684210525,16,True,0.3377777777777778,0.5,0.1525859561938041,2.077819531114783
1678,0.15789473684210525,16,True,0.4633333333333333,0.5625,0.07768278518151694,0.9886994082884974
1679,0.15789473684210525,16,True,0.49166666666666664,0.625,0.0958883125600768,0.954434002924965
1680,0.15789473684210525,16,True,0.4972222222222223,0.8125,0.368718405808535,0.9933927290103626
1681,0.10526315789473684,17,True,0.5450980392156862,0.9411764705882353,0.5115068636860557,0.3227569588973982
1682,0.10526315789473684,17,True,0.5318627450980392,0.8823529411764706,0.470861478386833,0.6402064333604701
1683,0.10526315789473684,17,True,0.38676470588235295,0.6470588235294118,0.2752707006065839,1.731360029190912
1684,0.9473684210526315,1,False,,,,
1685,0.9473684210526315,1,False,,,,
1686,0.9473684210526315,1,False,,,,
1687,0.9473684210526315,1,False,,,,
1688,0.9473684210526315,1,False,,,,
1689,0.9473684210526315,1,False,,,,
1690,0.10526315789473684,17,True,0.37352941176470594,0.6470588235294118,0.2752707006065839,1.731360029190912
1691,0.10526315789473684,17,True,0.5686274509803921,0.9411764705882353,0.5115068636860557,0.3227569588973982
1692,0.10526315789473684,17,True,0.3068627450980392,0.5294117647058824,0.18980179399215258,2.1739731346044096
1693,0.10526315789473684,17,True,0.48970588235294116,0.8235294117647058,0.4240799522429881,0.951994081908783
1694,0.10526315789473684,17,True,0.5686274509803921,0.9411764705882353,0.5115068636860557,0.3227569588973982
1695,0.10526315789473684,17,True,0.5254901960784314,0.9411764705882353,0.5115068636860557,0.3227569588973982
1696,0.15789473684210525,16,True,0.3383333333333333,0.4375,0.13071292461933426,2.349601752714581
1697,0.15789473684210525,16,True,0.5,0.8125,0.3197363442781459,0.8683927290103626
1698,0.15789473684210525,16,True,0.41833333333333333,0.75,0.2987636957331653,1.186278124459133
1699,0.15789473684210525,16,True,0.5083333333333333,0.9375,0.42378260447830396,0.3372900666170139
1700,0.15789473684210525,16,True,0.455,0.75,0.3293970672908122,1.311278124459133
1701,0.15789473684210525,16,True,0.48333333333333334,0.75,0.25838690151454435,1.014097655573916
1702,0.15789473684210525,16,True,0.5166666666666667,0.9375,0.42378260447830396,0.3372900666170139
1703,0.15789473684210525,16,True,0.5538888888888889,0.875,0.3141871168274789,0.5435644431995964
1704,0.15789473684210525,16,True,0.5233333333333333,0.75,0.17194835729502667,0.8112781244591328
1705,0.15789473684210525,16,True,0.6,1.0,0.37075077614396545,0.0
1706,0.15789473684210525,16,True,0.5333333333333333,1.0,0.37075077614396545,0.0
1707,0.15789473684210525,16,True,0.3561111111111111,0.4375,0.07258426004875784,2.099601752714581
1708,0.15789473684210525,16,True,0.5066666666666666,0.875,0.3141871168274789,0.5435644431995964
1709,0.15789473684210525,16,True,0.5333333333333333,1.0,0.37075077614396545,0.0
1710,0.15789473684210525,16,True,0.5422222222222222,0.875,0.403874569882679,0.6685644431995964
1711,0.15789473684210525,16,True,0.4944444444444444,0.75,0.2987636957331653,1.186278124459133
1712,0.15789473684210525,16,True,0.6,1.0,0.37075077614396545,0.0
1713,0.15789473684210525,16,True,0.6,1.0,0.37075077614396545,0.0
1714,0.10526315789473684,17,True,0.5245098039215687,0.8823529411764706,0.470861478386833,0.6402064333604701
1715,0.10526315789473684,17,True,0.5210784313725491,0.8235294117647058,0.3840091092994298,0.8343470230852537
1716,0.10526315789473684,17,True,0.5019607843137255,0.9411764705882353,0.5115068636860557,0.3227569588973982
1717,0.10526315789473684,17,True,0.3122549019607843,0.5294117647058824,0.21465505822008046,1.7263472243434204
1718,0.10526315789473684,17,True,0.41568627450980394,0.5882352941176471,0.23665100921814008,1.6627992560224794
1719,0.10526315789473684,17,True,0.6627450980392157,0.9411764705882353,0.5115068636860557,0.3227569588973982
1720,0.10526315789473684,17,True,0.4803921568627451,0.8235294117647058,0.4240799522429881,0.951994081908783
1721,0.10526315789473684,17,True,0.45147058823529407,0.8235294117647058,0.4240799522429881,0.951994081908783
1722,0.10526315789473684,17,True,0.5705882352941176,0.7058823529411765,0.31402704890353816,1.439254017211876
1723,0.10526315789473684,17,True,0.6352941176470588,0.9411764705882353,0.5115068636860557,0.3227569588973982
1724,0.10526315789473684,17,True,0.5269607843137255,0.8823529411764706,0.39871518417755814,0.5225593745369408
1725,0.10526315789473684,17,True,0.32401960784313727,0.5294117647058824,0.18585266116365706,2.011920928594794
1726,0.10526315789473684,17,True,0.5392156862745098,0.8823529411764706,0.470861478386833,0.6402064333604701
1727,0.10526315789473684,17,True,0.5313725490196078,0.8823529411764706,0.470861478386833,0.6402064333604701
1728,0.10526315789473684,17,True,0.3446078431372549,0.4117647058823529,0.11533893646596238,2.0132790219068077
1729,0.10526315789473684,17,True,0.5098039215686274,0.9411764705882353,0.5115068636860557,0.3227569588973982
1730,0.10526315789473684,17,True,0.5686274509803921,0.9411764705882353,0.5115068636860557,0.3227569588973982
1731,0.10526315789473684,17,True,0.6627450980392157,0.9411764705882353,0.5115068636860557,0.3227569588973982
1732,0.10526315789473684,17,True,0.4294117647058824,0.7647058823529411,0.3516072294314623,1.1400677626718572
1733,0.10526315789473684,17,True,0.4573529411764706,0.8823529411764706,0.470861478386833,0.6402064333604701
1734,0.10526315789473684,17,True,0.5303921568627451,0.6470588235294118,0.23559909273734103,1.1660870601063933
1735,0.10526315789473684,17,True,0.41813725490196074,0.5294117647058824,0.17190038180287592,1.8498687225851778
1736,0.10526315789473684,17,True,0.36470588235294116,0.5294117647058824,0.171700221493728,2.05632607578088
1737,0.10526315789473684,17,True,0.49411764705882355,0.8823529411764706,0.470861478386833,0.6402064333604701
1738,0.10526315789473684,17,True,0.38186274509803925,0.8235294117647058,0.4240799522429881,0.951994081908783
1739,0.10526315789473684,17,True,0.3598039215686274,0.47058823529411764,0.1805153902556471,2.205109900073869
1740,0.10526315789473684,17,True,0.4745098039215686,0.7058823529411765,0.2987636957331653,1.2772018112022603
1741,0.10526315789473684,17,True,0.3848039215686274,0.6470588235294118,0.2536413168939634,1.6137129703673825
1742,0.10526315789473684,17,True,0.41911764705882354,0.6470588235294118,0.26901133528123755,1.5693078231812958
1743,0.10526315789473684,17,True,0.29705882352941176,0.4117647058823529,0.1675526697089812,2.2485731395538666
1744,0.10526315789473684,17,True,0.37156862745098035,0.6470588235294118,0.2867214920979325,1.8490070880144414
1745,0.10526315789473684,17,True,0.42892156862745096,0.8235294117647058,0.4240799522429881,0.951994081908783
1746,0.10526315789473684,17,True,0.47401960784313724,0.6470588235294118,0.19324013288374065,1.2607717938967942
1747,0.10526315789473684,17,True,0.3593137254901961,0.5294117647058824,0.20304543438098532,2.1295679874183233
1748,0.10526315789473684,17,True,0.5098039215686274,0.9411764705882353,0.5115068636860557,0.3227569588973982
1749,0.10526315789473684,17,True,0.37892156862745097,0.5882352941176471,0.23665100921814008,1.6627992560224794
1750,0.10526315789473684,17,True,0.2607843137254902,0.35294117647058826,0.10568804373752783,2.7777768114567865
1751,0.10526315789473684,17,True,0.4122549019607843,0.6470588235294118,0.26901133528123755,1.5693078231812958
1752,0.10526315789473684,17,True,0.5764705882352942,0.9411764705882353,0.5115068636860557,0.3227569588973982
1753,0.10526315789473684,17,True,0.3529411764705882,0.5882352941176471,0.23699400339378085,2.0157404324930677
1754,0.10526315789473684,17,True,0.34509803921568627,0.47058823529411764,0.13843351652387526,2.1607047528877827
1755,0.10526315789473684,17,True,0.39166666666666666,0.7058823529411765,0.31402704890353805,1.439254017211876
1756,0.10526315789473684,17,True,0.4401960784313726,0.7058823529411765,0.2987636957331653,1.2772018112022603
1757,0.10526315789473684,17,True,0.4426470588235294,0.5882352941176471,0.18439908713309305,1.5739889616503064
1758,0.10526315789473684,17,True,0.4387254901960784,0.6470588235294118,0.2536413168939634,1.6137129703673825
1759,0.10526315789473684,17,True,0.37156862745098035,0.5882352941176471,0.22213083398682842,1.8980933736695382
1760,0.10526315789473684,17,True,0.3843137254901961,0.5294117647058824,0.20919571487351973,1.9386790169573507
1761,0.10526315789473684,17,True,0.32745098039215687,0.47058823529411764,0.1648695505519856,2.5580510765444577
1762,0.10526315789473684,17,True,0.36911764705882355,0.6470588235294118,0.2867214920979325,1.8490070880144414
1763,0.10526315789473684,17,True,0.3730392156862745,0.6470588235294118,0.2867214920979325,1.8490070880144414
1764,0.10526315789473684,17,True,0.38088235294117645,0.6470588235294118,0.2752707006065839,1.731360029190912
1765,0.10526315789473684,17,True,0.33921568627450976,0.5882352941176471,0.21129967947546247,1.7360411676599221
1766,0.10526315789473684,17,True,0.3073529411764706,0.5882352941176471,0.22213083398682842,1.8980933736695382
1767,0.10526315789473684,17,True,0.4245098039215686,0.6470588235294118,0.26901133528123755,1.5693078231812962
1768,0.10526315789473684,17,True,0.3946078431372549,0.5294117647058824,0.1565303634156019,1.8942738697712644
1769,0.10526315789473684,17,True,0.46372549019607845,0.8823529411764706,0.470861478386833,0.6402064333604701
1770,0.10526315789473684,17,True,0.34313725490196073,0.47058823529411764,0.1919537021102833,1.992778107459939
1771,0.10526315789473684,17,True,0.4411764705882353,0.6470588235294118,0.26901133528123766,1.5693078231812958
1772,0.10526315789473684,17,True,0.42990196078431375,0.6470588235294118,0.26901133528123755,1.5693078231812962
1773,0.10526315789473684,17,True,0.36127450980392156,0.47058823529411764,0.16177657023373804,2.0874628412503395
1774,0.10526315789473684,17,True,0.41617647058823526,0.5294117647058824,0.21409410126225947,1.49692754611459
1775,0.10526315789473684,17,True,0.346078431372549,0.35294117647058826,0.1434097975389519,2.4922031072054134
1776,0.05263157894736842,18,True,0.3599128540305011,0.5,0.2030454343809852,2.2096909728231857
1777,0.05263157894736842,18,True,0.3895424836601307,0.5,0.20304543438098532,2.2096909728231857
1778,0.05263157894736842,18,True,0.41350762527233115,0.5,0.25334307806277934,1.7233083338141042
1779,0.05263157894736842,18,True,0.32200435729847493,0.3888888888888889,0.12766041241999682,2.744842531753244
1780,0.05263157894736842,18,True,0.39869281045751637,0.4444444444444444,0.1738725939109368,1.7107770844150676
1781,0.05263157894736842,18,True,0.43485838779956426,0.6111111111111112,0.2962465220098368,1.4108478748063633
1782,0.05263157894736842,18,True,0.5071895424836601,0.8333333333333334,0.4988905110011538,0.9141828384352135
1783,0.05263157894736842,18,True,0.40610021786492373,0.7777777777777778,0.403874569882679,0.9444885341662053
1784,0.05263157894736842,18,True,0.46710239651416124,0.7777777777777778,0.4240799522429881,1.0975378398419535
1785,0.05263157894736842,18,True,0.2984749455337691,0.3333333333333333,0.10589984877407843,2.3355055565170972
1786,0.05263157894736842,18,True,0.37603485838779954,0.5,0.20000510083358614,2.0566416671474372
1787,0.05263157894736842,18,True,0.41655773420479303,0.5555555555555556,0.21262228529006155,1.6158045319402516
1788,0.05263157894736842,18,True,0.3464052287581699,0.5,0.19725171154555354,1.8763576394898522
1789,0.05263157894736842,18,True,0.33769063180827885,0.5,0.20000510083358602,2.0566416671474372
1790,0.05263157894736842,18,True,0.3786492374727669,0.5,0.21465505822008046,1.8288713632524445
1791,0.05263157894736842,18,True,0.38649237472766884,0.6111111111111112,0.2894231402765127,1.7916674843771045
1792,0.05263157894736842,18,True,0.4993464052287582,0.8333333333333334,0.4988905110011538,0.9141828384352135
1793,0.05263157894736842,18,True,0.5777777777777778,0.9444444444444444,0.6272947035832889,0.3095434291503252
1794,0.05263157894736842,18,True,0.5411764705882353,0.8333333333333334,0.42378260447830396,0.6500224216483541
1795,0.05263157894736842,18,True,0.4618736383442266,0.6666666666666666,0.2987636957331652,1.404678473063571
1796,0.05263157894736842,18,True,0.3769063180827886,0.6666666666666666,0.2987636957331653,1.404678473063571
1797,0.05263157894736842,18,True,0.4217864923747277,0.8333333333333334,0.4988905110011538,0.9141828384352135
1798,0.05263157894736842,18,True,0.3442265795206972,0.5555555555555556,0.23699400339378085,2.102187170949333
1799,0.05263157894736842,18,True,0.3664488017429194,0.5555555555555556,0.23665100921813997,1.768853837616
1800,0.05263157894736842,18,True,0.5372549019607843,0.8333333333333334,0.470861478386833,0.8030717273241024
1801,0.05263157894736842,18,True,0.42352941176470593,0.6666666666666666,0.3293970672908122,1.5157895841746822
1802,0.05263157894736842,18,True,0.43834422657952066,0.7777777777777778,0.403874569882679,0.9444885341662053
1803,0.05263157894736842,18,True,0.4300653594771242,0.5555555555555556,0.21129967947546247,1.8380267541624737
1804,0.05263157894736842,18,True,0.30980392156862746,0.5,0.2393728467500651,1.9399824743635556
1805,0.05263157894736842,18,True,0.43572984749455335,0.6111111111111112,0.29436266502391517,1.6113834567195195
1806,0.05263157894736842,18,True,0.5302832244008715,0.8333333333333334,0.470861478386833,0.8030717273241024
1807,0.05263157894736842,18,True,0.41568627450980394,0.5,0.1818816931582794,1.9182958340544893
1808,0.05263157894736842,18,True,0.4993464052287582,0.6111111111111112,0.2360639286070707,0.964078764808229
1809,0.9473684210526315,1,False,,,,
1810,0.9473684210526315,1,False,,,,
1811,0.9473684210526315,1,False,,,,
1812,0.9473684210526315,1,False,,,,
1813,0.9473684210526315,1,False,,,,
1814,0.9473684210526315,1,False,,,,
1815,0.9473684210526315,1,False,,,,
1816,0.9473684210526315,1,False,,,,
1817,0.9473684210526315,1,False,,,,
1818,0.9473684210526315,1,False,,,,
1819,0.9473684210526315,1,False,,,,
1820,0.9473684210526315,1,False,,,,
1821,0.9473684210526315,1,False,,,,
1822,0.9473684210526315,1,False,,,,
1823,0.9473684210526315,1,False,,,,
1824,0.9473684210526315,1,False,,,,
1825,0.9473684210526315,1,False,,,,
1826,0.9473684210526315,1,False,,,,
1827,0.9473684210526315,1,False,,,,
1828,0.9473684210526315,1,False,,,,
1829,0.9473684210526315,1,False,,,,
1830,0.05263157894736842,18,True,0.4047930283224401,0.6666666666666666,0.3293970672908122,1.5157895841746822
1831,0.05263157894736842,18,True,0.465359477124183,0.7777777777777778,0.4240799522429881,1.0975378398419535
1832,0.05263157894736842,18,True,0.5333333333333333,1.0,0.7025277510807104,0.0
1833,0.05263157894736842,18,True,0.48888888888888893,0.7777777777777778,0.4240799522429881,1.0975378398419535
1834,0.05263157894736842,18,True,0.5037037037037037,0.9444444444444444,0.6272947035832889,0.3095434291503252
1835,0.05263157894736842,18,True,0.3394335511982571,0.4444444444444444,0.15867131134623425,2.350209029099897
1836,0.05263157894736842,18,True,0.32854030501089326,0.4444444444444444,0.14575294935186045,2.016875695766564
1837,0.05263157894736842,18,True,0.36775599128540304,0.6111111111111112,0.2867214920979325,1.9447167900528528
1838,0.05263157894736842,18,True,0.5803921568627451,0.8888888888888888,0.5602467695939968,0.6143694458867568
1839,0.05263157894736842,18,True,0.489760348583878,0.8888888888888888,0.5602467695939968,0.6143694458867568
1840,0.05263157894736842,18,True,0.37298474945533766,0.6111111111111112,0.2867214920979323,1.9447167900528528
1841,0.05263157894736842,18,True,0.4875816993464053,0.6666666666666666,0.3269868938901338,1.3355055565170972
1842,0.05263157894736842,18,True,0.5424836601307189,0.8888888888888888,0.5602467695939968,0.6143694458867568
1843,0.05263157894736842,18,True,0.4013071895424837,0.6111111111111112,0.2597604999432015,1.5002723456084084
1844,0.05263157894736842,18,True,0.2919389978213508,0.4444444444444444,0.15867131134623425,2.350209029099897
1845,0.05263157894736842,18,True,0.5058823529411764,0.8333333333333334,0.4988905110011538,0.9141828384352135
1846,0.05263157894736842,18,True,0.4592592592592593,0.5555555555555556,0.2750678362011758,1.4627552262645034
1847,0.05263157894736842,18,True,0.30980392156862746,0.4444444444444444,0.1805153902556471,2.2810361125534233
1848,0.05263157894736842,18,True,0.41220043572984744,0.5,0.17190038180287592,1.945530556036326
1849,0.05263157894736842,18,True,0.3424836601307189,0.4444444444444444,0.2275769429533877,1.9749375012019268
1850,0.05263157894736842,18,True,0.4444444444444444,0.5555555555555556,0.2750678362011758,1.4627552262645034
1851,0.05263157894736842,18,True,0.3559912854030501,0.5555555555555556,0.23699400339378085,2.102187170949333
1852,0.05263157894736842,18,True,0.39389978213507626,0.6666666666666666,0.3387531097057149,1.7799500009615414
1853,0.05263157894736842,18,True,0.3311546840958606,0.5,0.2626406304386867,1.4932133643654213
1854,0.05263157894736842,18,True,0.28627450980392155,0.6111111111111112,0.29436266502391517,1.6113834567195195
1855,0.05263157894736842,18,True,0.33681917211328977,0.5,0.2125596493241808,2.3208020839342964
1856,0.05263157894736842,18,True,0.46971677559912856,0.7777777777777778,0.4240799522429881,1.0975378398419535
1857,0.05263157894736842,18,True,0.33420479302832246,0.5,0.25838690151454435,1.2516291673878228
1858,0.05263157894736842,18,True,0.37995642701525056,0.5555555555555556,0.2221308339868283,1.991076059838222
1859,0.05263157894736842,18,True,0.38300653594771245,0.6111111111111112,0.2752707006065839,1.8336056789417416
1860,0.05263157894736842,18,True,0.49150326797385624,0.8888888888888888,0.5115068636860557,0.5032583347756457
1861,0.05263157894736842,18,True,0.24575163398692812,0.5,0.2030454343809852,2.2096909728231857
1862,0.05263157894736842,18,True,0.3525054466230937,0.6111111111111112,0.2917502210369577,2.0558279011639637
1863,0.05263157894736842,18,True,0.40784313725490196,0.6111111111111112,0.2597604999432015,1.5002723456084084
1864,0.05263157894736842,18,True,0.5111111111111111,0.9444444444444444,0.6272947035832889,0.3095434291503252
1865,0.05263157894736842,18,True,0.3167755991285403,0.5,0.20919571487351996,2.0294069451656007
1866,0.05263157894736842,18,True,0.3917211328976035,0.6666666666666666,0.3308728090528291,1.6688388898504305
1867,0.05263157894736842,18,True,0.47625272331154683,0.7222222222222222,0.368718405808535,1.2332247882202196
1868,0.05263157894736842,18,True,0.4326797385620915,0.6111111111111112,0.2962465220098368,1.4108478748063633
1869,0.05263157894736842,18,True,0.403921568627451,0.6111111111111112,0.2894231402765127,1.7916674843771045
1870,0.05263157894736842,18,True,0.6,1.0,0.7025277510807104,0.0
1871,0.05263157894736842,18,True,0.48888888888888893,0.9444444444444444,0.6272947035832889,0.3095434291503252
1872,0.05263157894736842,18,True,0.31023965141612203,0.4444444444444444,0.175929009903667,2.127986806877675
1873,0.05263157894736842,18,True,0.4100217864923747,0.6111111111111112,0.2536413168939634,1.7224945678306305
1874,0.05263157894736842,18,True,0.3498910675381264,0.4444444444444444,0.20184431586908624,1.8638263900908156
1875,0.05263157894736842,18,True,0.3276688453159042,0.5,0.2248895132903982,2.1405180562767114
1876,0.05263157894736842,18,True,0.674074074074074,0.9444444444444444,0.6272947035832889,0.3095434291503252
1877,0.05263157894736842,18,True,0.42962962962962964,0.6666666666666666,0.3293970672908122,1.5157895841746822
1878,0.05263157894736842,18,True,0.5764705882352942,0.5,0.21459298285888773,1.0
1879,0.05263157894736842,18,True,0.39041394335511986,0.5,0.21465505822008046,1.8288713632524445
1880,0.05263157894736842,18,True,0.34553376906318084,0.4444444444444444,0.1919537021102833,2.080500530640267
1881,0.05263157894736842,18,True,0.3952069716775599,0.5555555555555556,0.2266696978627366,1.7960885595978366
1882,0.05263157894736842,18,True,0.38039215686274513,0.6111111111111112,0.2752707006065839,1.8336056789417416
1883,0.05263157894736842,18,True,0.35076252723311546,0.5,0.2248895132903982,2.1405180562767114
1884,0.05263157894736842,18,True,0.4335511982570806,0.6666666666666666,0.2987636957331653,1.404678473063571
1885,0.05263157894736842,18,True,0.5555555555555555,0.9444444444444444,0.6272947035832889,0.3095434291503252
1886,0.05263157894736842,18,True,0.46797385620915033,0.7222222222222222,0.3768634756015603,1.3862740938959681
1887,0.05263157894736842,18,True,0.35773420479302837,0.4444444444444444,0.13843351652387503,2.239097917988786
1888,0.05263157894736842,18,True,0.26710239651416123,0.5,0.19725171154555354,1.8763576394898522
1889,0.05263157894736842,18,True,0.2736383442265795,0.5,0.20304543438098532,2.2096909728231857
1890,0.05263157894736842,18,True,0.32374727668845316,0.5555555555555556,0.2362832736567574,1.949137865273585
1891,0.05263157894736842,18,True,0.4618736383442266,0.7777777777777778,0.403874569882679,0.9444885341662053
1892,0.05263157894736842,18,True,0.49411764705882355,0.8333333333333334,0.42378260447830396,0.6500224216483541
1893,0.05263157894736842,18,True,0.29760348583878,0.5,0.20304543438098532,2.2096909728231857
1894,0.05263157894736842,18,True,0.31633986928104574,0.5555555555555556,0.23665100921814008,1.768853837616
1895,0.05263157894736842,18,True,0.29324618736383445,0.5,0.18585266116365706,2.0985798617120746
1896,0.05263157894736842,18,True,0.36427015250544664,0.4444444444444444,0.2585421883818424,1.5032583347756456
1897,0.05263157894736842,18,True,0.50239651416122,0.8333333333333334,0.4988905110011538,0.9141828384352135
1898,0.05263157894736842,18,True,0.39433551198257083,0.5,0.19725171154555354,1.8763576394898522
1899,0.05263157894736842,18,True,0.48714596949891065,0.8333333333333334,0.4988905110011538,0.9141828384352135
1900,0.05263157894736842,18,True,0.36470588235294116,0.5555555555555556,0.26942437427994115,1.679429366813955
1901,0.05263157894736842,18,True,0.4095860566448801,0.5,0.25334307806277945,1.7233083338141042
1902,0.05263157894736842,18,True,0.5185185185185185,0.9444444444444444,0.6272947035832889,0.3095434291503252
1903,0.05263157894736842,18,True,0.59520697167756,0.8333333333333334,0.470861478386833,0.8030717273241024
1904,0.05263157894736842,18,True,0.4549019607843138,0.8888888888888888,0.5602467695939968,0.6143694458867568
1905,0.05263157894736842,18,True,0.6,1.0,0.7025277510807104,0.0
1906,0.05263157894736842,18,True,0.6,1.0,0.7025277510807104,0.0
1907,0.05263157894736842,18,True,0.6222222222222221,0.9444444444444444,0.6272947035832889,0.3095434291503252
1908,0.05263157894736842,18,True,0.5703703703703703,0.9444444444444444,0.6272947035832889,0.3095434291503252
1909,0.05263157894736842,18,True,0.514161220043573,0.8333333333333334,0.4988905110011538,0.9141828384352135
1910,0.05263157894736842,18,True,0.4575163398692811,0.7777777777777778,0.403874569882679,0.9444885341662053
1911,0.05263157894736842,18,True,0.6,1.0,0.7025277510807104,0.0
1912,0.05263157894736842,18,True,0.6666666666666666,1.0,0.7025277510807104,0.0
1913,0.05263157894736842,18,True,0.4466230936819172,0.6666666666666666,0.31364651914901487,1.134969974603941
1914,0.05263157894736842,18,True,0.4274509803921569,0.6666666666666666,0.25838690151454446,1.2516291673878228
1915,0.05263157894736842,18,True,0.4540305010893246,0.6666666666666666,0.3269868938901338,1.3355055565170972
1916,0.05263157894736842,18,True,0.46230936819172114,0.6666666666666666,0.3269868938901337,1.3355055565170972
1917,0.05263157894736842,18,True,0.5006535947712418,0.7777777777777778,0.403874569882679,0.9444885341662053
1918,0.05263157894736842,18,True,0.6,1.0,0.7025277510807104,0.0
1919,0.05263157894736842,18,True,0.6666666666666666,1.0,0.7025277510807104,0.0
1920,0.05263157894736842,18,True,0.5289760348583878,0.8888888888888888,0.5602467695939968,0.6143694458867568
1921,0.05263157894736842,18,True,0.9259259259259259,0.9444444444444444,0.6272947035832889,0.3095434291503252
1922,0.05263157894736842,18,True,0.5054466230936819,0.8888888888888888,0.5115068636860557,0.5032583347756457
1923,0.05263157894736842,18,True,0.4152505446623094,0.5555555555555556,0.19551110891298873,1.6577427265048887
1924,0.05263157894736842,18,True,0.4252723311546841,0.6666666666666666,0.3269868938901337,1.3355055565170972
1925,0.05263157894736842,18,True,0.5777777777777778,0.9444444444444444,0.6272947035832889,0.3095434291503252
1926,0.05263157894736842,18,True,0.5054466230936819,0.8888888888888888,0.5115068636860557,0.5032583347756457
1927,0.05263157894736842,18,True,0.45141612200435727,0.7222222222222222,0.3768634756015603,1.3862740938959681
1928,0.05263157894736842,18,True,0.3851851851851852,0.6666666666666666,0.3308728090528291,1.6688388898504305
1929,0.05263157894736842,18,True,0.49411764705882355,0.8333333333333334,0.42378260447830396,0.6500224216483541
1930,0.05263157894736842,18,True,0.38344226579520696,0.5,0.18585266116365695,2.0985798617120746
1931,0.05263157894736842,18,True,0.37995642701525056,0.4444444444444444,0.1785263144136614,1.9274512249645188
1932,0.05263157894736842,18,True,0.3071895424836601,0.5,0.20304543438098532,2.2096909728231857
1933,0.05263157894736842,18,True,0.47581699346405226,0.8333333333333334,0.4988905110011538,0.9141828384352135
1934,0.05263157894736842,18,True,0.38300653594771245,0.5555555555555556,0.2362832736567574,1.949137865273585
1935,0.05263157894736842,18,True,0.5821350762527234,0.8888888888888888,0.5115068636860557,0.5032583347756457
1936,0.05263157894736842,18,True,0.49150326797385624,0.8333333333333334,0.470861478386833,0.8030717273241024
1937,0.05263157894736842,18,True,0.3877995642701525,0.6666666666666666,0.2987636957331652,1.404678473063571
1938,0.05263157894736842,18,True,0.33420479302832246,0.5,0.21465505822008046,1.8288713632524445
1939,0.05263157894736842,18,True,0.4540305010893246,0.7222222222222222,0.368718405808535,1.2332247882202196
1940,0.05263157894736842,18,True,0.3002178649237473,0.6666666666666666,0.31402704890353816,1.5577277787393193
1941,0.05263157894736842,18,True,0.3089324618736383,0.5555555555555556,0.24756218852085543,2.3244093931715555
1942,0.05263157894736842,18,True,0.3002178649237473,0.4444444444444444,0.20875469682471393,2.1916116417513782
1943,0.05263157894736842,18,True,0.4662309368191721,0.6111111111111112,0.2360639286070707,0.964078764808229
1944,0.05263157894736842,18,True,0.3381263616557734,0.3888888888888889,0.13071292461933404,2.438743920401748
1945,0.05263157894736842,18,True,0.3930283224400872,0.5555555555555556,0.21262228529006155,1.6158045319402516
1946,0.05263157894736842,18,True,0.5869281045751634,0.8333333333333334,0.42378260447830396,0.6500224216483541
1947,0.05263157894736842,18,True,0.45098039215686275,0.7222222222222222,0.35250246264226515,1.0529407605626346
1948,0.05263157894736842,18,True,0.3607843137254902,0.5555555555555556,0.2502376437826136,2.0602489763846963
1949,0.05263157894736842,18,True,0.37298474945533766,0.5,0.17190038180287592,1.945530556036326
1950,0.05263157894736842,18,True,0.31023965141612203,0.4444444444444444,0.1805153902556471,2.2810361125534233
1951,0.05263157894736842,18,True,0.3559912854030501,0.6111111111111112,0.2894231402765127,1.7916674843771045
1952,0.05263157894736842,18,True,0.26753812636165575,0.3888888888888889,0.1276604124199967,2.744842531753244
1953,0.05263157894736842,18,True,0.3625272331154684,0.4444444444444444,0.15867131134623425,2.350209029099897
1954,0.05263157894736842,18,True,0.3464052287581699,0.5,0.18585266116365695,2.0985798617120746
1955,0.05263157894736842,18,True,0.38039215686274513,0.6666666666666666,0.3293970672908122,1.5157895841746822
1956,0.05263157894736842,18,True,0.35076252723311546,0.5,0.1818816931582794,1.9182958340544893
1957,0.05263157894736842,18,True,0.3037037037037037,0.5,0.2626406304386867,1.4932133643654213
1958,0.05263157894736842,18,True,0.23921568627450981,0.5555555555555556,0.23665100921814008,1.768853837616
1959,0.05263157894736842,18,True,0.3686274509803921,0.5555555555555556,0.22213083398682842,1.991076059838222
1960,0.05263157894736842,18,True,0.4013071895424837,0.5555555555555556,0.2362832736567574,1.949137865273585
1961,0.05263157894736842,18,True,0.3067538126361656,0.4444444444444444,0.2275769429533877,1.9749375012019268
1962,0.9473684210526315,1,False,,,,
1963,0.9473684210526315,1,False,,,,
1964,0.9473684210526315,1,False,,,,
1965,0.9473684210526315,1,False,,,,
1966,0.9473684210526315,1,False,,,,
1967,0.9473684210526315,1,False,,,,
1968,0.9473684210526315,1,False,,,,
1969,0.9473684210526315,1,False,,,,
1970,0.9473684210526315,1,False,,,,
1971,0.9473684210526315,1,False,,,,
1972,0.9473684210526315,1,False,,,,
1973,0.9473684210526315,1,False,,,,
1974,0.9473684210526315,1,False,,,,
1975,0.9473684210526315,1,False,,,,
1976,0.9473684210526315,1,False,,,,
1977,0.9473684210526315,1,False,,,,
1978,0.9473684210526315,1,False,,,,
1979,0.9473684210526315,1,False,,,,
1980,0.9473684210526315,1,False,,,,
1981,0.9473684210526315,1,False,,,,
1982,0.9473684210526315,1,False,,,,
1983,0.9473684210526315,1,False,,,,
1984,0.9473684210526315,1,False,,,,
1985,0.9473684210526315,1,False,,,,
1986,0.9473684210526315,1,False,,,,
1987,0.9473684210526315,1,False,,,,
1988,0.9473684210526315,1,False,,,,
1989,0.9473684210526315,1,False,,,,
1990,0.9473684210526315,1,False,,,,
1991,0.9473684210526315,1,False,,,,
1992,0.9473684210526315,1,False,,,,
1993,0.10526315789473684,17,True,0.29411764705882354,0.35294117647058826,0.09372784471105056,2.822181958642873
1994,0.10526315789473684,17,True,0.3857843137254902,0.5294117647058824,0.21465505822008046,1.7263472243434204
1995,0.15789473684210525,16,True,0.2833333333333333,0.5,0.14575294935186045,1.875
1996,0.15789473684210525,16,True,0.36333333333333334,0.4375,0.09793558979143546,2.021782221599798
1997,0.15789473684210525,16,True,0.2961111111111111,0.4375,0.09440414197774416,2.271782221599798
1998,0.15789473684210525,16,True,0.3988888888888889,0.5,0.14575294935186045,1.875
1999,0.15789473684210525,16,True,0.4272222222222222,0.5625,0.15164855035114533,1.5919171866886992
2000,0.15789473684210525,16,True,0.38722222222222225,0.4375,0.16939697469593573,1.8024212838293647
2001,0.15789473684210525,16,True,0.435,0.625,0.2266696978627366,1.6266144718101818
2002,0.15789473684210525,16,True,0.29055555555555557,0.4375,0.13189963535753602,2.146782221599798
2003,0.15789473684210525,16,True,0.4327777777777778,0.5625,0.18813457241778053,1.4913146570363986
2004,0.15789473684210525,16,True,0.2511111111111111,0.3125,0.07699613926827209,2.7272170014624826
2005,0.15789473684210525,16,True,0.3777777777777778,0.5625,0.17190038180287592,1.7947367178034825
2006,0.15789473684210525,16,True,0.43888888888888894,0.5,0.0537964407035616,1.5
2007,0.15789473684210525,16,True,0.45,0.5,0.09352736187006006,1.4056390622295665
2008,0.15789473684210525,16,True,0.41611111111111115,0.6875,0.2894231402765127,1.6216407621868583
2009,0.15789473684210525,16,True,0.3027777777777778,0.625,0.18439908713309305,1.5016144718101818
2010,0.15789473684210525,16,True,0.3494444444444445,0.4375,0.16207676723408126,2.0461796919474975
2011,0.15789473684210525,16,True,0.40611111111111114,0.5,0.13080188868938503,1.6493974703476992
2012,0.15789473684210525,16,True,0.36777777777777776,0.625,0.2502376437826136,1.9237949406953985
2013,0.15789473684210525,16,True,0.475,0.6875,0.26901133528123755,1.4966407621868583
2014,0.15789473684210525,16,True,0.4766666666666667,0.75,0.2987636957331652,1.186278124459133
2015,0.15789473684210525,16,True,0.43,0.6875,0.26901133528123766,1.4966407621868583
2016,0.15789473684210525,16,True,0.35666666666666663,0.4375,0.1693969746959355,1.8024212838293647
2017,0.15789473684210525,16,True,0.5116666666666666,0.875,0.403874569882679,0.6685644431995964
2018,0.15789473684210525,16,True,0.36722222222222217,0.4375,0.13189963535753602,2.146782221599798
2019,0.15789473684210525,16,True,0.35444444444444445,0.4375,0.13071292461933426,2.349601752714581
2020,0.15789473684210525,16,True,0.5183333333333333,0.875,0.403874569882679,0.6685644431995964
2021,0.15789473684210525,16,True,0.6333333333333333,0.9375,0.42378260447830396,0.3372900666170139
2022,0.15789473684210525,16,True,0.3938888888888889,0.5625,0.18585266116365706,1.9669171866886992
2023,0.10526315789473684,17,True,0.30833333333333335,0.6470588235294118,0.2867214920979325,1.8490070880144414
2024,0.10526315789473684,17,True,0.4872549019607843,0.8235294117647058,0.4240799522429881,0.951994081908783
2025,0.10526315789473684,17,True,0.328921568627451,0.5294117647058824,0.18980179399215258,2.1739731346044096
2026,0.10526315789473684,17,True,0.3348039215686274,0.5294117647058824,0.20002593917380784,2.291620193427939
2027,0.9473684210526315,1,False,,,,
2028,0.9473684210526315,1,False,,,,
2029,0.9473684210526315,1,False,,,,
2030,0.9473684210526315,1,False,,,,
2031,0.9473684210526315,1,False,,,,
2032,0.9473684210526315,1,False,,,,
2033,0.9473684210526315,1,False,,,,
2034,0.9473684210526315,1,False,,,,
2035,0.9473684210526315,1,False,,,,
2036,0.9473684210526315,1,False,,,,
2037,0.9473684210526315,1,False,,,,
2038,0.9473684210526315,1,False,,,,
2039,0.9473684210526315,1,False,,,,
2040,0.9473684210526315,1,False,,,,
2041,0.9473684210526315,1,False,,,,
2042,0.9473684210526315,1,False,,,,
2043,0.9473684210526315,1,False,,,,
2044,0.9473684210526315,1,False,,,,
2045,0.9473684210526315,1,False,,,,
2046,0.9473684210526315,1,False,,,,
2047,0.9473684210526315,1,False,,,,
2048,0.9473684210526315,1,False,,,,
2049,0.9473684210526315,1,False,,,,
2050,0.9473684210526315,1,False,,,,
2051,0.9473684210526315,1,False,,,,
2052,0.9473684210526315,1,False,,,,
2053,0.9473684210526315,1,False,,,,
2054,0.9473684210526315,1,False,,,,
2055,0.9473684210526315,1,False,,,,
2056,0.9473684210526315,1,False,,,,
2057,0.9473684210526315,1,False,,,,
2058,0.9473684210526315,1,False,,,,
2059,0.9473684210526315,1,False,,,,
2060,0.9473684210526315,1,False,,,,
2061,0.9473684210526315,1,False,,,,
2062,0.9473684210526315,1,False,,,,
2063,0.9473684210526315,1,False,,,,
2064,0.9473684210526315,1,False,,,,
2065,0.9473684210526315,1,False,,,,
2066,0.9473684210526315,1,False,,,,
2067,0.9473684210526315,1,False,,,,
2068,0.9473684210526315,1,False,,,,
2069,0.9473684210526315,1,False,,,,
2070,0.9473684210526315,1,False,,,,
2071,0.9473684210526315,1,False,,,,
2072,0.9473684210526315,1,False,,,,
2073,0.9473684210526315,1,False,,,,
2074,0.9473684210526315,1,False,,,,
2075,0.9473684210526315,1,False,,,,
2076,0.9473684210526315,1,False,,,,
2077,0.9473684210526315,1,False,,,,
2078,0.9473684210526315,1,False,,,,
2079,0.9473684210526315,1,False,,,,
2080,0.9473684210526315,1,False,,,,
2081,0.9473684210526315,1,False,,,,
2082,0.9473684210526315,1,False,,,,
2083,0.9473684210526315,1,False,,,,
2084,0.9473684210526315,1,False,,,,
2085,0.9473684210526315,1,False,,,,
2086,0.9473684210526315,1,False,,,,
2087,0.9473684210526315,1,False,,,,
2088,0.9473684210526315,1,False,,,,
2089,0.9473684210526315,1,False,,,,
2090,0.9473684210526315,1,False,,,,
2091,0.9473684210526315,1,False,,,,
2092,0.9473684210526315,1,False,,,,
2093,0.9473684210526315,1,False,,,,
2094,0.9473684210526315,1,False,,,,
2095,0.9473684210526315,1,False,,,,
2096,0.9473684210526315,1,False,,,,
2097,0.9473684210526315,1,False,,,,
2098,0.9473684210526315,1,False,,,,
2099,0.9473684210526315,1,False,,,,
2100,0.9473684210526315,1,False,,,,
2101,0.9473684210526315,1,False,,,,
2102,0.9473684210526315,1,False,,,,
2103,0.9473684210526315,1,False,,,,
2104,0.9473684210526315,1,False,,,,
2105,0.9473684210526315,1,False,,,,
2106,0.9473684210526315,1,False,,,,
2107,0.9473684210526315,1,False,,,,
2108,0.9473684210526315,1,False,,,,
2109,0.9473684210526315,1,False,,,,
2110,0.9473684210526315,1,False,,,,
2111,0.10526315789473684,17,True,0.475,0.8235294117647058,0.4240799522429881,0.951994081908783
2112,0.10526315789473684,17,True,0.38284313725490193,0.5882352941176471,0.21129967947546247,1.7360411676599221
2113,0.10526315789473684,17,True,0.27941176470588236,0.4117647058823529,0.13157084033512245,2.5341468438052397
2114,0.10526315789473684,17,True,0.39656862745098037,0.7647058823529411,0.3768634756015603,1.2577148214953864
2115,0.10526315789473684,17,True,0.8245098039215686,0.8823529411764706,0.470861478386833,0.6402064333604701
2116,0.10526315789473684,17,True,0.5230392156862745,0.8823529411764706,0.470861478386833,0.6402064333604701
2117,0.10526315789473684,17,True,0.4284313725490196,0.6470588235294118,0.21442612540916017,1.496065911543853
2118,0.10526315789473684,17,True,0.6,1.0,0.5145392392540866,0.0
2119,0.10526315789473684,17,True,0.4102941176470588,0.5882352941176471,0.21129967947546247,1.7360411676599226
2120,0.10526315789473684,17,True,0.3112745098039216,0.47058823529411764,0.15867131134623425,2.2783518117113117
2121,0.10526315789473684,17,True,0.27303921568627454,0.4117647058823529,0.10855658164767301,2.254447578972094
2122,0.10526315789473684,17,True,0.4303921568627451,0.7058823529411765,0.31402704890353816,1.439254017211876
2123,0.10526315789473684,17,True,0.44313725490196076,0.7647058823529411,0.3516072294314623,1.1400677626718572
2124,0.10526315789473684,17,True,0.3127450980392157,0.4117647058823529,0.13071292461933426,2.372094637795624
2125,0.10526315789473684,17,True,0.4745098039215686,0.7058823529411765,0.20033199319823147,0.8739810481273578
2126,0.10526315789473684,17,True,0.34019607843137256,0.5882352941176471,0.22213083398682842,1.8980933736695382
2127,0.10526315789473684,17,True,0.3122549019607843,0.47058823529411764,0.13843351652387503,2.1607047528877827
2128,0.10526315789473684,17,True,0.27941176470588236,0.47058823529411764,0.15867131134623425,2.278351811711312
2129,0.10526315789473684,17,True,0.42598039215686273,0.5294117647058824,0.21465505822008046,1.7263472243434204
2130,0.10526315789473684,17,True,0.4764705882352941,0.7647058823529411,0.3768634756015603,1.2577148214953864
2131,0.10526315789473684,17,True,0.5191176470588236,0.5882352941176471,0.14194027202555715,0.9774178175281716
2132,0.10526315789473684,17,True,0.503921568627451,0.8823529411764706,0.39871518417755814,0.5225593745369408
2133,0.10526315789473684,17,True,0.3627450980392157,0.5294117647058824,0.1818816931582793,1.8210319581338212
2134,0.10526315789473684,17,True,0.4583333333333333,0.7058823529411765,0.23852144093129524,1.1595547523787308
2135,0.10526315789473684,17,True,0.3700980392156863,0.5882352941176471,0.23199713097962404,1.450467463408549
2136,0.10526315789473684,17,True,0.4122549019607843,0.5294117647058824,0.17190038180287592,1.8498687225851778
2137,0.10526315789473684,17,True,0.47058823529411764,0.7647058823529411,0.3516072294314623,1.1400677626718572
2138,0.10526315789473684,17,True,0.2725490196078431,0.47058823529411764,0.13843351652387526,2.1607047528877827
2139,0.10526315789473684,17,True,0.48627450980392156,0.9411764705882353,0.5115068636860557,0.3227569588973982
2140,0.10526315789473684,17,True,0.4622549019607843,0.8235294117647058,0.4240799522429881,0.951994081908783
2141,0.10526315789473684,17,True,0.35833333333333334,0.47058823529411764,0.20184431586908624,1.7633584292311082
2142,0.10526315789473684,17,True,0.33137254901960783,0.5294117647058824,0.1818816931582794,1.8210319581338212
2143,0.10526315789473684,17,True,0.3700980392156863,0.5882352941176471,0.21129967947546247,1.7360411676599221
2144,0.10526315789473684,17,True,0.5117647058823529,0.8235294117647058,0.4240799522429881,0.951994081908783
2145,0.05263157894736842,18,True,0.47668845315904135,0.7777777777777778,0.4240799522429881,1.0975378398419535
2146,0.05263157894736842,18,True,0.3533769063180828,0.6666666666666666,0.3269868938901338,1.3355055565170972
2147,0.05263157894736842,18,True,0.4474945533769063,0.7222222222222222,0.368718405808535,1.2332247882202196
2148,0.05263157894736842,18,True,0.39607843137254906,0.7777777777777778,0.44196169314325406,1.2086489509530647
2149,0.05263157894736842,18,True,0.5498910675381263,0.8333333333333334,0.470861478386833,0.8030717273241024
2150,0.05263157894736842,18,True,0.6666666666666666,1.0,0.7025277510807104,0.0
2151,0.05263157894736842,18,True,0.3394335511982571,0.6111111111111112,0.2752707006065839,1.8336056789417416
2152,0.05263157894736842,18,True,0.5037037037037037,0.7777777777777778,0.44196169314325406,1.2086489509530647
2153,0.05263157894736842,18,True,0.48278867102396517,0.8888888888888888,0.5602467695939968,0.6143694458867568
2154,0.05263157894736842,18,True,0.48714596949891065,0.6111111111111112,0.28560263299760746,1.1941737342569119
2155,0.05263157894736842,18,True,0.3843137254901961,0.4444444444444444,0.1785263144136614,1.927451224964519
2156,0.05263157894736842,18,True,0.5154684095860567,0.8333333333333334,0.470861478386833,0.8030717273241024
2157,0.05263157894736842,18,True,0.5137254901960785,0.8333333333333334,0.42378260447830396,0.6500224216483541
2158,0.05263157894736842,18,True,0.4091503267973856,0.7777777777777778,0.44196169314325406,1.2086489509530647
2159,0.05263157894736842,18,True,0.47015250544662307,0.5,0.25838690151454435,1.2516291673878228
2160,0.05263157894736842,18,True,0.3394335511982571,0.4444444444444444,0.17682974957846265,2.5724312513221195
2161,0.05263157894736842,18,True,0.566884531590414,0.8333333333333334,0.4988905110011538,0.9141828384352135
2162,0.05263157894736842,18,True,0.46448801742919393,0.7777777777777778,0.4240799522429881,1.0975378398419535
2163,0.15789473684210525,16,True,0.4038888888888889,0.625,0.21129967947546247,1.6737949406953985
2164,0.15789473684210525,16,True,0.3983333333333333,0.5625,0.15164855035114533,1.5919171866886992
2165,0.15789473684210525,16,True,0.46444444444444444,0.75,0.2987636957331652,1.186278124459133
2166,0.9473684210526315,1,False,,,,
2167,0.9473684210526315,1,False,,,,
2168,0.7894736842105263,4,False,,,,
2169,0.21052631578947367,15,True,0.31936507936507935,0.6666666666666666,0.21262228529006166,1.3752793655393791
2170,0.21052631578947367,15,True,0.4361904761904762,0.6666666666666666,0.23665100921814008,1.5589385323502771
2171,0.15789473684210525,16,True,0.345,0.5625,0.20000510083358602,1.9197367178034823
2172,0.15789473684210525,16,True,0.43444444444444447,0.5625,0.17190038180287592,1.7947367178034825
2173,0.15789473684210525,16,True,0.44611111111111107,0.75,0.2987636957331653,1.186278124459133
2174,0.05263157894736842,18,True,0.27538126361655774,0.2777777777777778,0.06378430534292956,2.2405330040422813
2175,0.05263157894736842,18,True,0.4069716775599128,0.5555555555555556,0.21129967947546247,1.8380267541624737
2176,0.05263157894736842,18,True,0.5437908496732026,0.8333333333333334,0.470861478386833,0.8030717273241024
2177,0.05263157894736842,18,True,0.674074074074074,0.9444444444444444,0.6272947035832889,0.3095434291503252
2178,0.05263157894736842,18,True,0.4849673202614379,0.5555555555555556,0.26942437427994115,1.679429366813955
2179,0.05263157894736842,18,True,0.6666666666666666,1.0,0.7025277510807104,0.0
2180,0.05263157894736842,18,True,0.29760348583878,0.5,0.21465505822008046,1.8288713632524445
2181,0.05263157894736842,18,True,0.44488017429193893,0.7222222222222222,0.35250246264226515,1.0529407605626346
2182,0.05263157894736842,18,True,0.4148148148148148,0.5,0.2626406304386867,1.4932133643654213
2183,0.05263157894736842,18,True,0.4392156862745098,0.5,0.21459298285888773,1.0
2184,0.05263157894736842,18,True,0.4875816993464053,0.8333333333333334,0.42378260447830396,0.6500224216483541
2185,0.05263157894736842,18,True,0.5594771241830065,0.8888888888888888,0.5602467695939968,0.6143694458867568
2186,0.05263157894736842,18,True,0.40522875816993464,0.5555555555555556,0.22213083398682842,1.991076059838222
2187,0.05263157894736842,18,True,0.7250544662309368,0.8888888888888888,0.5115068636860557,0.5032583347756457
2188,0.05263157894736842,18,True,0.4152505446623094,0.5,0.25334307806277934,1.7233083338141042
2189,0.05263157894736842,18,True,0.379520697167756,0.5555555555555556,0.25962632736662017,1.879964948727111
2190,0.05263157894736842,18,True,0.3093681917211329,0.5,0.18980179399215247,2.2516291673878226
2191,0.05263157894736842,18,True,0.5389978213507625,0.8333333333333334,0.470861478386833,0.8030717273241024
2192,0.05263157894736842,18,True,0.48061002178649237,0.6666666666666666,0.3293970672908122,1.5157895841746822
2193,0.05263157894736842,18,True,0.5215686274509804,0.8888888888888888,0.5602467695939968,0.6143694458867568
2194,0.05263157894736842,18,True,0.5516339869281045,0.6666666666666666,0.2634294358664522,0.9182958340544896
2195,0.05263157894736842,18,True,0.5333333333333333,1.0,0.7025277510807104,0.0
2196,0.05263157894736842,18,True,0.6,1.0,0.7025277510807104,0.0
2197,0.05263157894736842,18,True,0.5037037037037037,0.9444444444444444,0.6272947035832889,0.3095434291503252
2198,0.05263157894736842,18,True,0.5555555555555555,0.9444444444444444,0.6272947035832889,0.3095434291503252
2199,0.05263157894736842,18,True,0.5333333333333333,1.0,0.7025277510807104,0.0
2200,0.05263157894736842,18,True,0.5660130718954248,0.8888888888888888,0.5602467695939968,0.6143694458867568
2201,0.05263157894736842,18,True,0.5185185185185185,0.7777777777777778,0.4240799522429881,1.0975378398419535
2202,0.05263157894736842,18,True,0.49716775599128543,0.8333333333333334,0.470861478386833,0.8030717273241024
2203,0.05263157894736842,18,True,0.5333333333333333,1.0,0.7025277510807104,0.0
2204,0.05263157894736842,18,True,0.6444444444444445,0.9444444444444444,0.6272947035832889,0.3095434291503252
2205,0.05263157894736842,18,True,0.5159041394335512,0.6666666666666666,0.2712875592954145,1.224394445405986
2206,0.05263157894736842,18,True,0.6444444444444445,0.8888888888888888,0.5602467695939968,0.6143694458867568
2207,0.05263157894736842,18,True,0.5137254901960785,0.8333333333333334,0.42378260447830396,0.6500224216483541
2208,0.05263157894736842,18,True,0.5333333333333333,1.0,0.7025277510807104,0.0
2209,0.05263157894736842,18,True,0.48366013071895425,0.5555555555555556,0.2673721749433876,1.2326602568158205
2210,0.05263157894736842,18,True,0.4095860566448801,0.5555555555555556,0.18087332026436254,1.4152689500270954
2211,0.05263157894736842,18,True,0.5799564270152506,0.8888888888888888,0.5602467695939968,0.6143694458867568
2212,0.05263157894736842,18,True,0.3572984749455338,0.5,0.20000510083358602,2.0566416671474372
2213,0.05263157894736842,18,True,0.4034858387799564,0.5555555555555556,0.26942437427994104,1.6794293668139548
2214,0.05263157894736842,18,True,0.3978213507625272,0.6111111111111112,0.21310559346698976,1.3472230399326601
2215,0.05263157894736842,18,True,0.6,1.0,0.7025277510807104,0.0
2216,0.05263157894736842,18,True,0.4984749455337691,0.7777777777777778,0.403874569882679,0.9444885341662053
2217,0.05263157894736842,18,True,0.4962962962962963,0.9444444444444444,0.6272947035832889,0.3095434291503252
2218,0.05263157894736842,18,True,0.5185185185185185,0.9444444444444444,0.6272947035832889,0.3095434291503252
2219,0.05263157894736842,18,True,0.2984749455337691,0.4444444444444444,0.180515390255647,2.2810361125534233
2220,0.05263157894736842,18,True,0.48627450980392156,0.8333333333333334,0.4988905110011538,0.9141828384352135
2221,0.05263157894736842,18,True,0.4257080610021787,0.5555555555555556,0.2750678362011758,1.4627552262645034
2222,0.05263157894736842,18,True,0.6074074074074074,0.9444444444444444,0.6272947035832889,0.3095434291503252
2223,0.05263157894736842,18,True,0.50239651416122,0.8333333333333334,0.4988905110011538,0.9141828384352135
2224,0.05263157894736842,18,True,0.3333333333333333,0.5,0.20304543438098532,2.2096909728231857
2225,0.15789473684210525,16,True,0.4233333333333333,0.5625,0.18813457241778053,1.4913146570363986
2226,0.05263157894736842,18,True,0.41873638344226577,0.7777777777777778,0.4240799522429881,1.0975378398419535
2227,0.05263157894736842,18,True,0.5625272331154684,0.8333333333333334,0.470861478386833,0.8030717273241024
2228,0.05263157894736842,18,True,0.6666666666666666,1.0,0.7025277510807104,0.0
2229,0.05263157894736842,18,True,0.5302832244008715,0.8888888888888888,0.5115068636860557,0.5032583347756457
2230,0.05263157894736842,18,True,0.4893246187363835,0.8888888888888888,0.5602467695939968,0.6143694458867568
2231,0.05263157894736842,18,True,0.530718954248366,0.8888888888888888,0.5115068636860557,0.5032583347756457
2232,0.05263157894736842,18,True,0.6666666666666666,1.0,0.7025277510807104,0.0
2233,0.05263157894736842,18,True,0.4527233115468409,0.6111111111111112,0.28560263299760746,1.1941737342569119
2234,0.05263157894736842,18,True,0.7333333333333333,1.0,0.7025277510807104,0.0
2235,0.05263157894736842,18,True,0.5185185185185185,0.9444444444444444,0.6272947035832889,0.3095434291503252
2236,0.05263157894736842,18,True,0.6296296296296297,0.9444444444444444,0.6272947035832889,0.3095434291503252
2237,0.05263157894736842,18,True,0.4993464052287582,0.6111111111111112,0.2360639286070707,0.964078764808229
2238,0.05263157894736842,18,True,0.4980392156862745,0.8888888888888888,0.5602467695939968,0.6143694458867568
2239,0.05263157894736842,18,True,0.39433551198257083,0.5555555555555556,0.23699400339378085,2.102187170949333
2240,0.05263157894736842,18,True,0.43747276688453157,0.8333333333333334,0.470861478386833,0.8030717273241024
2241,0.9473684210526315,1,False,,,,
2242,0.05263157894736842,18,True,0.4945533769063181,0.7777777777777778,0.403874569882679,0.9444885341662053
2243,0.05263157894736842,18,True,0.371677559912854,0.6666666666666666,0.3308728090528291,1.6688388898504305
2244,0.05263157894736842,18,True,0.35468409586056643,0.6111111111111112,0.26901133528123766,1.6805563732659934
2245,0.05263157894736842,18,True,0.2766884531590414,0.4444444444444444,0.180515390255647,2.2810361125534233
2246,0.05263157894736842,18,True,0.674074074074074,0.9444444444444444,0.6272947035832889,0.3095434291503252
2247,0.05263157894736842,18,True,0.674074074074074,0.9444444444444444,0.6272947035832889,0.3095434291503252
2248,0.05263157894736842,18,True,0.4657952069716776,0.6666666666666666,0.3293970672908122,1.5157895841746822
2249,0.05263157894736842,18,True,0.4065359477124183,0.6666666666666666,0.3293970672908122,1.5157895841746822
2250,0.05263157894736842,18,True,0.35076252723311546,0.5,0.19725171154555354,1.8763576394898522
2251,0.05263157894736842,18,True,0.6296296296296297,0.9444444444444444,0.6272947035832889,0.3095434291503252
2252,0.05263157894736842,18,True,0.49150326797385624,0.8888888888888888,0.5115068636860557,0.5032583347756457
2253,0.05263157894736842,18,True,0.44618736383442265,0.7777777777777778,0.403874569882679,0.9444885341662053
2254,0.05263157894736842,18,True,0.7333333333333333,1.0,0.7025277510807104,0.0
2255,0.05263157894736842,18,True,0.5577342047930283,0.8888888888888888,0.5115068636860557,0.5032583347756457
2256,0.05263157894736842,18,True,0.46797385620915033,0.8333333333333334,0.4988905110011538,0.9141828384352135
2257,0.05263157894736842,18,True,0.41307189542483663,0.7222222222222222,0.38873147359769233,1.497385205007079
2258,0.05263157894736842,18,True,0.4427015250544662,0.7777777777777778,0.44196169314325406,1.2086489509530647
2259,0.05263157894736842,18,True,0.5041394335511983,0.8888888888888888,0.5602467695939968,0.6143694458867568
2260,0.05263157894736842,18,True,0.37298474945533766,0.5,0.2030454343809852,2.2096909728231857
2261,0.05263157894736842,18,True,0.6535947712418301,0.8333333333333334,0.42378260447830396,0.6500224216483541
2262,0.05263157894736842,18,True,0.41045751633986927,0.3888888888888889,0.1976336043635435,1.8753156176197312
2263,0.05263157894736842,18,True,0.3054466230936819,0.4444444444444444,0.1454276709574014,2.3921472236645345
2264,0.05263157894736842,18,True,0.32941176470588235,0.3888888888888889,0.1525570035287469,2.3695710038552735
2265,0.05263157894736842,18,True,0.4453159041394335,0.6666666666666666,0.31402704890353805,1.5577277787393193
2266,0.05263157894736842,18,True,0.5172113289760348,0.7777777777777778,0.4240799522429881,1.0975378398419535
2267,0.9473684210526315,1,False,,,,
2268,0.05263157894736842,18,True,0.44488017429193893,0.7777777777777778,0.4240799522429881,1.0975378398419535
2269,0.05263157894736842,18,True,0.47015250544662307,0.8888888888888888,0.5602467695939968,0.6143694458867568
2270,0.05263157894736842,18,True,0.4400871459694989,0.6111111111111112,0.29436266502391517,1.6113834567195195
2271,0.05263157894736842,18,True,0.469281045751634,0.7222222222222222,0.3687184058085351,1.2332247882202196
2272,0.05263157894736842,18,True,0.5054466230936819,0.6111111111111112,0.2597604999432015,1.5002723456084084
2273,0.05263157894736842,18,True,0.5089324618736383,0.7777777777777778,0.3555333547974129,0.7642045065086203
2274,0.05263157894736842,18,True,0.6074074074074074,0.9444444444444444,0.6272947035832889,0.3095434291503252
2275,0.05263157894736842,18,True,0.5808278867102398,0.8888888888888888,0.5602467695939968,0.6143694458867568
2276,0.05263157894736842,18,True,0.5420479302832244,0.8888888888888888,0.5602467695939968,0.6143694458867568
2277,0.05263157894736842,18,True,0.562962962962963,0.9444444444444444,0.6272947035832889,0.3095434291503252
2278,0.05263157894736842,18,True,0.48671023965141613,0.8333333333333334,0.470861478386833,0.8030717273241024
2279,0.05263157894736842,18,True,0.5193899782135076,0.8888888888888888,0.5115068636860557,0.5032583347756457
2280,0.05263157894736842,18,True,0.7925925925925926,0.9444444444444444,0.6272947035832889,0.3095434291503252
2281,0.05263157894736842,18,True,0.548148148148148,0.9444444444444444,0.6272947035832889,0.3095434291503252
2282,0.05263157894736842,18,True,0.40610021786492373,0.6666666666666666,0.3293970672908122,1.5157895841746822
2283,0.05263157894736842,18,True,0.4718954248366013,0.6111111111111112,0.23559909273734103,1.2997367636952522
2284,0.05263157894736842,18,True,0.5250544662309369,0.8333333333333334,0.470861478386833,0.8030717273241024
2285,0.05263157894736842,18,True,0.35773420479302837,0.7222222222222222,0.3768634756015604,1.386274093895968
2286,0.05263157894736842,18,True,0.42875816993464055,0.5555555555555556,0.2199270264698785,0.9910760598382222
2287,0.05263157894736842,18,True,0.5355119825708061,0.8888888888888888,0.5602467695939968,0.6143694458867568
2288,0.05263157894736842,18,True,0.4387799564270152,0.6666666666666666,0.31402704890353805,1.5577277787393193
2289,0.05263157894736842,18,True,0.3786492374727669,0.7222222222222222,0.3768634756015603,1.3862740938959681
2290,0.05263157894736842,18,True,0.4749455337690632,0.8888888888888888,0.5602467695939968,0.6143694458867568
2291,0.05263157894736842,18,True,0.5411764705882353,0.8333333333333334,0.42378260447830396,0.6500224216483541
2292,0.05263157894736842,18,True,0.34727668845315907,0.5555555555555556,0.21129967947546247,1.8380267541624737
2293,0.05263157894736842,18,True,0.2849673202614379,0.5,0.18980179399215258,2.2516291673878226
2294,0.05263157894736842,18,True,0.30762527233115466,0.4444444444444444,0.14575294935186045,2.016875695766564
2295,0.05263157894736842,18,True,0.4531590413943355,0.5,0.25838690151454435,1.2516291673878228
2296,0.05263157894736842,18,True,0.6296296296296297,0.9444444444444444,0.6272947035832889,0.3095434291503252
2297,0.05263157894736842,18,True,0.7080610021786492,0.8888888888888888,0.5602467695939968,0.6143694458867568
2298,0.05263157894736842,18,True,0.5019607843137255,0.6666666666666666,0.2634294358664522,0.9182958340544896
2299,0.05263157894736842,18,True,0.5703703703703703,0.9444444444444444,0.6272947035832889,0.3095434291503252
2300,0.05263157894736842,18,True,0.49716775599128543,0.8888888888888888,0.5602467695939968,0.6143694458867568
2301,0.05263157894736842,18,True,0.5241830065359477,0.8333333333333334,0.470861478386833,0.8030717273241024
2302,0.05263157894736842,18,True,0.6666666666666666,1.0,0.7025277510807104,0.0
2303,0.05263157894736842,18,True,0.6666666666666666,1.0,0.7025277510807104,0.0
2304,0.05263157894736842,18,True,0.5703703703703703,0.9444444444444444,0.6272947035832889,0.3095434291503252
2305,0.05263157894736842,18,True,0.4684095860566449,0.8888888888888888,0.5602467695939968,0.6143694458867568
2306,0.05263157894736842,18,True,0.5037037037037037,0.9444444444444444,0.6272947035832889,0.3095434291503252
2307,0.05263157894736842,18,True,0.3947712418300654,0.5,0.15164855035114533,1.765246528378741
2308,0.05263157894736842,18,True,0.4993464052287582,0.6111111111111112,0.2360639286070707,0.964078764808229
2309,0.05263157894736842,18,True,0.6666666666666666,1.0,0.7025277510807104,0.0
2310,0.05263157894736842,18,True,0.4100217864923747,0.7222222222222222,0.3768634756015604,1.3862740938959681
2311,0.05263157894736842,18,True,0.4919389978213508,0.8333333333333334,0.470861478386833,0.8030717273241024
2312,0.05263157894736842,18,True,0.6,1.0,0.7025277510807104,0.0
2313,0.05263157894736842,18,True,0.6222222222222221,0.9444444444444444,0.6272947035832889,0.3095434291503252
2314,0.05263157894736842,18,True,0.6666666666666666,1.0,0.7025277510807104,0.0
2315,0.05263157894736842,18,True,0.6130718954248365,0.8333333333333334,0.470861478386833,0.8030717273241024
2316,0.05263157894736842,18,True,0.4727668845315904,0.6666666666666666,0.31402704890353816,1.5577277787393193
2317,0.05263157894736842,18,True,0.534640522875817,0.8333333333333334,0.470861478386833,0.8030717273241024
2318,0.05263157894736842,18,True,0.3747276688453159,0.6666666666666666,0.3387531097057149,1.7799500009615414
2319,0.05263157894736842,18,True,0.47058823529411764,0.7777777777777778,0.4240799522429881,1.0975378398419535
2320,0.05263157894736842,18,True,0.44313725490196076,0.6666666666666666,0.3269868938901338,1.3355055565170972
2321,0.10526315789473684,17,True,0.5333333333333333,1.0,0.5145392392540866,0.0
2322,0.10526315789473684,17,True,0.5558823529411765,0.8823529411764706,0.39871518417755814,0.5225593745369408
2323,0.10526315789473684,17,True,0.5333333333333333,1.0,0.5145392392540866,0.0
2324,0.10526315789473684,17,True,0.5181372549019607,0.8235294117647058,0.3840091092994299,0.8343470230852538
2325,0.10526315789473684,17,True,0.4372549019607843,0.7647058823529411,0.3768634756015603,1.2577148214953864
2326,0.10526315789473684,17,True,0.4382352941176471,0.7647058823529411,0.3516072294314623,1.1400677626718572
2327,0.10526315789473684,17,True,0.42205882352941176,0.7058823529411765,0.3308728090528291,1.5569010760354054
2328,0.10526315789473684,17,True,0.33627450980392154,0.5294117647058824,0.20002593917380795,2.291620193427939
2329,0.10526315789473684,17,True,0.2995098039215686,0.47058823529411764,0.13843351652387492,2.1607047528877827
2330,0.10526315789473684,17,True,0.30147058823529416,0.47058823529411764,0.15803050740691038,2.4404040177209283
2331,0.10526315789473684,17,True,0.3745098039215686,0.47058823529411764,0.13843351652387526,2.1607047528877827
2332,0.10526315789473684,17,True,0.2656862745098039,0.4117647058823529,0.13931336313991416,2.343257873344267
2333,0.10526315789473684,17,True,0.3299019607843137,0.5294117647058824,0.20919571487351973,1.9386790169573507
2334,0.10526315789473684,17,True,0.3254901960784314,0.47058823529411764,0.15803050740691016,2.440404017720928
2335,0.10526315789473684,17,True,0.4401960784313726,0.5882352941176471,0.23665100921814008,1.6627992560224794
2336,0.10526315789473684,17,True,0.46372549019607845,0.7647058823529411,0.3197363442781459,0.9780155566622414
2337,0.10526315789473684,17,True,0.2950980392156863,0.4117647058823529,0.13157084033512245,2.5341468438052397
2338,0.15789473684210525,16,True,0.36944444444444446,0.625,0.2362832736567574,1.7987949406953985
2339,0.15789473684210525,16,True,0.34111111111111114,0.6875,0.231537301786233,1.3716407621868583
2340,0.15789473684210525,16,True,0.5533333333333333,0.875,0.3141871168274789,0.5435644431995964
2341,0.15789473684210525,16,True,0.3205555555555556,0.5,0.14575294935186045,1.875
2342,0.15789473684210525,16,True,0.3983333333333333,0.5,0.14575294935186045,1.875
2343,0.15789473684210525,16,True,0.45722222222222225,0.875,0.3141871168274789,0.5435644431995964
2344,0.21052631578947367,15,True,0.34730158730158733,0.5333333333333333,0.1805153902556471,2.1735572622751858
2345,0.21052631578947367,15,True,0.3936507936507937,0.6666666666666666,0.23665100921814008,1.5589385323502771
2346,0.631578947368421,7,True,0.24761904761904763,0.42857142857142855,0.3293970672908122,2.1280852788913944
2347,0.631578947368421,7,True,0.4285714285714286,0.42857142857142855,0.25838690151454446,1.4488156357251847
2348,0.631578947368421,7,True,0.3142857142857143,0.2857142857142857,0.3308728090528291,2.5216406363433186
2349,0.631578947368421,7,True,0.3111111111111111,0.42857142857142855,0.2987636957331652,1.8423709931771084
2350,0.631578947368421,7,True,0.33968253968253964,0.42857142857142855,0.2987636957331652,1.8423709931771084
2351,0.631578947368421,7,True,0.3365079365079365,0.2857142857142857,0.31402704890353805,2.2359263506290326
2352,0.21052631578947367,15,True,0.3752380952380952,0.4666666666666667,0.11774719568760694,2.1967916319816365
2353,0.21052631578947367,15,True,0.3428571428571428,0.6,0.2248895132903982,2.0049355947431313
2354,0.15789473684210525,16,True,0.3605555555555556,0.5,0.13080188868938503,1.6493974703476992
2355,0.15789473684210525,16,True,0.3138888888888889,0.5,0.1525859561938041,2.077819531114783
2356,0.15789473684210525,16,True,0.4311111111111111,0.625,0.2362832736567574,1.7987949406953985
2357,0.15789473684210525,16,True,0.43944444444444447,0.8125,0.368718405808535,0.9933927290103626
2358,0.15789473684210525,16,True,0.37277777777777776,0.5625,0.18813457241778053,1.4913146570363986
2359,0.21052631578947367,15,True,0.3568253968253969,0.4666666666666667,0.15255700352874701,2.279799131837405
2360,0.21052631578947367,15,True,0.40507936507936504,0.6,0.1818816931582793,1.7382689280764647
2361,0.21052631578947367,15,True,0.3942857142857143,0.6,0.15164855035114522,1.5546097612655667
2362,0.21052631578947367,15,True,0.22666666666666666,0.26666666666666666,0.08347744030163662,2.739572261986723
2363,0.21052631578947367,15,True,0.23936507936507936,0.3333333333333333,0.08164746002056411,2.5492553971685004
2364,0.15789473684210525,16,True,0.26333333333333336,0.375,0.11764824276400454,2.7334585933443494
2365,0.21052631578947367,15,True,0.3403174603174603,0.6,0.22488951329039797,2.0049355947431313
2366,0.21052631578947367,15,True,0.34158730158730155,0.4666666666666667,0.13931336313991427,2.33012496531497
2367,0.21052631578947367,15,True,0.20952380952380953,0.2,0.06105256932476577,3.323231428797621
2368,0.21052631578947367,15,True,0.3142857142857143,0.5333333333333333,0.19123733654225017,2.3068905956085186
2369,0.42105263157894735,11,True,0.3236363636363636,0.5454545454545454,0.2275769429533877,2.049452072789394
2370,0.631578947368421,7,True,0.39047619047619053,0.42857142857142855,0.25838690151454446,1.4488156357251847
2371,0.631578947368421,7,True,0.3873015873015873,0.7142857142857143,0.31364651914901476,1.1488348542809166
2372,0.631578947368421,7,True,0.2857142857142857,0.42857142857142855,0.3293970672908122,2.1280852788913944
2373,0.631578947368421,7,True,0.4031746031746032,0.7142857142857143,0.31364651914901476,1.1488348542809166
2374,0.631578947368421,7,True,0.33015873015873015,0.5714285714285714,0.3269868938901337,1.6644977792004614
2375,0.9473684210526315,1,False,,,,
2376,0.9473684210526315,1,False,,,,
2377,0.9473684210526315,1,False,,,,
2378,0.9473684210526315,1,False,,,,
2379,0.9473684210526315,1,False,,,,
2380,0.9473684210526315,1,False,,,,
2381,0.9473684210526315,1,False,,,,
2382,0.9473684210526315,1,False,,,,
2383,0.9473684210526315,1,False,,,,
2384,0.9473684210526315,1,False,,,,
2385,0.9473684210526315,1,False,,,,
2386,0.9473684210526315,1,False,,,,
2387,0.9473684210526315,1,False,,,,
2388,0.9473684210526315,1,False,,,,
2389,0.9473684210526315,1,False,,,,
2390,0.9473684210526315,1,False,,,,
2391,0.9473684210526315,1,False,,,,
2392,0.8421052631578947,3,False,,,,
2393,0.8421052631578947,3,False,,,,
2394,0.8421052631578947,3,False,,,,
2395,0.8421052631578947,3,False,,,,
2396,0.8421052631578947,3,False,,,,
2397,0.8421052631578947,3,False,,,,
2398,0.8421052631578947,3,False,,,,
2399,0.8947368421052632,2,False,,,,
2400,0.8947368421052632,2,False,,,,
2401,0.8947368421052632,2,False,,,,
2402,0.7894736842105263,4,False,,,,
2403,0.7894736842105263,4,False,,,,
2404,0.7894736842105263,4,False,,,,
2405,0.7894736842105263,4,False,,,,
2406,0.7894736842105263,4,False,,,,
2407,0.8421052631578947,3,False,,,,
2408,0.8421052631578947,3,False,,,,
2409,0.8421052631578947,3,False,,,,
2410,0.8421052631578947,3,False,,,,
2411,0.8421052631578947,3,False,,,,
2412,0.8947368421052632,2,False,,,,
2413,0.8947368421052632,2,False,,,,
2414,0.8947368421052632,2,False,,,,
2415,0.8947368421052632,2,False,,,,
2416,0.8947368421052632,2,False,,,,
2417,0.8947368421052632,2,False,,,,
2418,0.7368421052631579,5,True,0.23333333333333334,0.2,0.44196169314325406,2.321928094887362
2419,0.7368421052631579,5,True,0.26666666666666666,0.2,0.44196169314325406,2.321928094887362
2420,0.6842105263157895,6,True,0.21777777777777776,0.5,0.368718405808535,1.7924812503605778
2421,0.6842105263157895,6,True,0.2977777777777778,0.6666666666666666,0.35250246264226515,1.2516291673878228
2422,0.7368421052631579,5,True,0.5066666666666666,0.8,0.35553335479741277,0.7219280948873623
2423,0.6842105263157895,6,True,0.44,0.6666666666666666,0.35250246264226515,1.2516291673878228
2424,0.6842105263157895,6,True,0.41777777777777775,0.6666666666666666,0.24936273490419725,0.9182958340544896
2425,0.6842105263157895,6,True,0.5333333333333333,1.0,0.10025624130173738,0.0
2426,0.6842105263157895,6,True,0.6666666666666666,1.0,0.10025624130173738,0.0
2427,0.6842105263157895,6,True,0.3555555555555555,0.6666666666666666,0.24936273490419725,0.9182958340544896
2428,0.6842105263157895,6,True,0.4666666666666667,0.6666666666666666,0.24936273490419725,0.9182958340544896
2429,0.6842105263157895,6,True,0.40444444444444444,0.6666666666666666,0.24936273490419725,0.9182958340544896
2430,0.6842105263157895,6,True,0.36000000000000004,0.6666666666666666,0.24936273490419725,0.9182958340544896
2431,0.5789473684210527,8,True,0.3357142857142857,0.625,0.2962465220098368,1.5487949406953985
2432,0.631578947368421,7,True,0.43174603174603177,0.5714285714285714,0.3269868938901337,1.6644977792004614
2433,0.631578947368421,7,True,0.3206349206349206,0.5714285714285714,0.3269868938901337,1.6644977792004614
2434,0.6842105263157895,6,True,0.48888888888888893,0.8333333333333334,0.3028137911081479,0.6500224216483541
2435,0.6842105263157895,6,True,0.4,0.6666666666666666,0.24936273490419736,0.9182958340544896
2436,0.6842105263157895,6,True,0.48888888888888893,0.8333333333333334,0.3028137911081479,0.6500224216483541
2437,0.6842105263157895,6,True,0.38666666666666666,0.6666666666666666,0.24936273490419736,0.9182958340544896
2438,0.6842105263157895,6,True,0.41333333333333333,0.6666666666666666,0.35250246264226515,1.2516291673878228
2439,0.6842105263157895,6,True,0.43555555555555553,0.6666666666666666,0.24936273490419736,0.9182958340544896
2440,0.6842105263157895,6,True,0.4222222222222223,0.8333333333333334,0.3028137911081479,0.6500224216483541
2441,0.6842105263157895,6,True,0.39555555555555555,0.6666666666666666,0.35250246264226515,1.2516291673878228
2442,0.6842105263157895,6,True,0.4444444444444444,0.6666666666666666,0.24936273490419736,0.9182958340544896
2443,0.3684210526315789,12,True,0.5333333333333333,0.9166666666666666,0.2360639286070707,0.41381685030363374
2444,0.3684210526315789,12,True,0.3101010101010101,0.5,0.14886155039635396,1.6258145836939115
2445,0.3157894736842105,13,True,0.26837606837606837,0.3076923076923077,0.11509046281401236,2.3158243335257076
2446,0.3157894736842105,13,True,0.2641025641025641,0.3076923076923077,0.10589984877407854,2.353533948577482
2447,0.3157894736842105,13,True,0.4427350427350427,0.6153846153846154,0.17387259391093668,1.4885252948977485
2448,0.3157894736842105,13,True,0.3376068376068376,0.38461538461538464,0.11245363654103213,2.038159681645953
2449,0.3157894736842105,13,True,0.42820512820512824,0.46153846153846156,0.10031502121992697,1.7381493331928664
2450,0.3157894736842105,13,True,0.2709401709401709,0.3076923076923077,0.11509046281401236,2.3158243335257076
2451,0.3157894736842105,13,True,0.3376068376068376,0.46153846153846156,0.07209182306295825,1.8339272176418302
2452,0.3157894736842105,13,True,0.48547008547008547,0.6153846153846154,0.1262934802341792,1.2389012566026305
2453,0.3684210526315789,12,True,0.3878787878787879,0.4166666666666667,0.15606028459591426,1.9508257945180887
2454,0.3684210526315789,12,True,0.36464646464646466,0.4166666666666667,0.1057908451748023,1.7841591278514217
2455,0.3684210526315789,12,True,0.2878787878787879,0.3333333333333333,0.13189963535753602,2.355388542207534
2456,0.42105263157894735,11,True,0.4218181818181818,0.5454545454545454,0.1262934802341792,1.3221793455166666
2457,0.42105263157894735,11,True,0.4921212121212121,0.8181818181818182,0.13060211932509258,0.6840384356390417
2458,0.42105263157894735,11,True,0.4836363636363636,0.8181818181818182,0.25838690151454435,0.8658566174572235
2459,0.42105263157894735,11,True,0.43636363636363634,0.45454545454545453,0.11864889982751314,1.3485878960124222
2460,0.9473684210526315,1,False,,,,
2461,0.9473684210526315,1,False,,,,
2462,0.3684210526315789,12,True,0.2545454545454546,0.4166666666666667,0.16207676723408126,2.221251836004466
2463,0.3684210526315789,12,True,0.28989898989898993,0.5,0.20088836321582537,2.292481250360578
2464,0.3684210526315789,12,True,0.27878787878787875,0.3333333333333333,0.1552426890673989,2.251629167387823
2465,0.3157894736842105,13,True,0.30256410256410254,0.3076923076923077,0.09505028986650521,2.103909910282364
2466,0.3157894736842105,13,True,0.3726495726495726,0.46153846153846156,0.11042030825377935,2.0458416408851736
2467,0.3157894736842105,13,True,0.3777777777777778,0.46153846153846156,0.15754778182379914,2.1416195253341384
2468,0.3157894736842105,13,True,0.30427350427350425,0.38461538461538464,0.12192454098069472,2.287783719941071
2469,0.3157894736842105,13,True,0.2512820512820513,0.3076923076923077,0.10173951313857577,2.6235166412180155
2470,0.3157894736842105,13,True,0.2555555555555556,0.3076923076923077,0.11498315352740862,2.5654483718208256
2471,0.3157894736842105,13,True,0.4846153846153846,0.7692307692307693,0.2750678362011758,1.1451104143815827
2472,0.3157894736842105,13,True,0.5384615384615384,0.9230769230769231,0.2634294358664522,0.39124356362925566
2473,0.3157894736842105,13,True,0.4393162393162393,0.5384615384615384,0.14886155039635407,1.573402452417767
2474,0.3157894736842105,13,True,0.5008547008547009,0.8461538461538461,0.28560263299760746,0.7732283485249176
2475,0.3157894736842105,13,True,0.3572649572649573,0.6923076923076923,0.25334307806277934,1.5058762556041068
2476,0.3157894736842105,13,True,0.5333333333333333,1.0,0.10025624130173738,0.0
2477,0.3157894736842105,13,True,0.28034188034188035,0.38461538461538464,0.1452675946905575,2.1920058354921066
2478,0.3157894736842105,13,True,0.3384615384615384,0.6153846153846154,0.20184431586908624,1.7004397181410922
2479,0.3157894736842105,13,True,0.34358974358974353,0.5384615384615384,0.15402695630866137,1.8810947601100745
2480,0.3157894736842105,13,True,0.2965811965811966,0.3076923076923077,0.1166842694369764,2.7773627950641693
2481,0.3157894736842105,13,True,0.32905982905982906,0.38461538461538464,0.11245363654103213,2.038159681645953
2482,0.3157894736842105,13,True,0.3393162393162393,0.5384615384615384,0.15402695630866137,1.8810947601100747
2483,0.3157894736842105,13,True,0.46324786324786327,0.8461538461538461,0.28560263299760746,0.7732283485249176
2484,0.3157894736842105,13,True,0.38119658119658123,0.38461538461538464,0.1452270016028332,1.914341183612352
2485,0.3157894736842105,13,True,0.3675213675213675,0.6153846153846154,0.20184431586908624,1.7004397181410922
2486,0.3157894736842105,13,True,0.48717948717948717,0.6923076923076923,0.1600885464221865,1.1401156785146092
2487,0.3157894736842105,13,True,0.32564102564102565,0.38461538461538464,0.1452675946905575,2.1920058354921066
2488,0.3157894736842105,13,True,0.4393162393162393,0.7692307692307693,0.21101139994137996,0.9912642605354288
2489,0.3157894736842105,13,True,0.45470085470085475,0.7692307692307693,0.21101139994137996,0.9912642605354288
2490,0.3157894736842105,13,True,0.31794871794871793,0.3076923076923077,0.11509046281401236,2.3158243335257076
2491,0.3157894736842105,13,True,0.3367521367521367,0.46153846153846156,0.15754778182379914,2.1416195253341384
2492,0.3157894736842105,13,True,0.38290598290598293,0.6923076923076923,0.25334307806277934,1.5058762556041068
2493,0.3157894736842105,13,True,0.43333333333333335,0.8461538461538461,0.28560263299760746,0.7732283485249176
2494,0.3157894736842105,13,True,0.42307692307692313,0.46153846153846156,0.13680104328656217,1.6143308351592656
2495,0.3157894736842105,13,True,0.3564102564102564,0.5384615384615384,0.12063835223938557,1.6691803368667308
2496,0.3157894736842105,13,True,0.6,1.0,0.10025624130173738,0.0
2497,0.3157894736842105,13,True,0.45213675213675214,0.6153846153846154,0.09352736187005983,1.3346791410515946
2498,0.3157894736842105,13,True,0.4042735042735043,0.6923076923076923,0.25334307806277934,1.5058762556041068
2499,0.3157894736842105,13,True,0.39572649572649576,0.6153846153846154,0.09352736187005983,1.3346791410515946
2500,0.3157894736842105,13,True,0.45470085470085475,0.5384615384615384,0.14886155039635407,1.573402452417767
2501,0.3684210526315789,12,True,0.5111111111111111,0.9166666666666666,0.2360639286070707,0.41381685030363374
2502,0.3157894736842105,13,True,0.4042735042735043,0.5384615384615384,0.14886155039635407,1.573402452417767
2503,0.3157894736842105,13,True,0.40683760683760684,0.6923076923076923,0.21409410126225947,1.3520301017579528
2504,0.3157894736842105,13,True,0.46495726495726497,0.7692307692307693,0.2750678362011758,1.1451104143815827
2505,0.3157894736842105,13,True,0.5333333333333333,1.0,0.10025624130173738,0.0
2506,0.3157894736842105,13,True,0.42307692307692313,0.6923076923076923,0.1600885464221865,1.1401156785146092
2507,0.3157894736842105,13,True,0.2555555555555556,0.3076923076923077,0.06969896012382759,2.199687794731328
2508,0.3157894736842105,13,True,0.335042735042735,0.46153846153846156,0.1633145132144871,2.353533948577482
2509,0.3157894736842105,13,True,0.5905982905982905,0.8461538461538461,0.16494454884084453,0.6193821946787638
2510,0.3157894736842105,13,True,0.46324786324786327,0.7692307692307693,0.2750678362011758,1.1451104143815827
2511,0.3157894736842105,13,True,0.335042735042735,0.3076923076923077,0.09174740910414936,2.4116022179746714
2512,0.3157894736842105,13,True,0.34444444444444444,0.38461538461538464,0.11245363654103213,2.038159681645953
2513,0.3157894736842105,13,True,0.4700854700854701,0.7692307692307693,0.21101139994137985,0.9912642605354287
2514,0.3157894736842105,13,True,0.4846153846153846,0.7692307692307693,0.21101139994137996,0.9912642605354288
2515,0.3157894736842105,13,True,0.26324786324786326,0.23076923076923078,0.09601115045200947,2.8731406795131336
2516,0.3157894736842105,13,True,0.5333333333333333,1.0,0.10025624130173738,0.0
2517,0.3157894736842105,13,True,0.5572649572649572,0.8461538461538461,0.28560263299760746,0.7732283485249176
2518,0.2631578947368421,14,True,0.432967032967033,0.7142857142857143,0.23199713097962393,1.2916919971380596
2519,0.2631578947368421,14,True,0.4336996336996337,0.5714285714285714,0.1785263144136614,1.7534343861887849
2520,0.2631578947368421,14,True,0.45860805860805864,0.8571428571428571,0.31364651914901476,0.7345299214394703
2521,0.2631578947368421,14,True,0.3626373626373626,0.5,0.16207676723408126,2.064042639445697
2522,0.2631578947368421,14,True,0.2725274725274725,0.2857142857142857,0.09531008166021693,2.950212064914747
2523,0.2631578947368421,14,True,0.44981684981684983,0.8571428571428571,0.31364651914901476,0.7345299214394703
2524,0.2631578947368421,14,True,0.31355311355311355,0.2857142857142857,0.07946722197090783,2.378783493486176
2525,0.2631578947368421,14,True,0.4087912087912088,0.5714285714285714,0.1785263144136614,1.7534343861887849
2526,0.2631578947368421,14,True,0.48717948717948717,0.7142857142857143,0.23199713097962404,1.2916919971380596
2527,0.2631578947368421,14,True,0.4205128205128205,0.7142857142857143,0.26942437427994104,1.4345491399952024
2528,0.2631578947368421,14,True,0.3531135531135531,0.42857142857142855,0.1452270016028332,1.870253816431622
2529,0.2631578947368421,14,True,0.3399267399267399,0.35714285714285715,0.10964435384745297,2.263809173883546
2530,0.2631578947368421,14,True,0.3120879120879121,0.35714285714285715,0.10964435384745308,2.263809173883546
2531,0.2631578947368421,14,True,0.31868131868131866,0.5,0.16207676723408126,2.064042639445697
2532,0.2631578947368421,14,True,0.30036630036630035,0.35714285714285715,0.10988676658963126,2.495602923729013
2533,0.2631578947368421,14,True,0.4212454212454213,0.5714285714285714,0.16315629602638715,1.8073549220576042
2534,0.2631578947368421,14,True,0.6,1.0,0.16852561199027072,0.0
2535,0.2631578947368421,14,True,0.36776556776556774,0.42857142857142855,0.11245363654103213,1.9852281360342514
2536,0.2631578947368421,14,True,0.35238095238095235,0.42857142857142855,0.10777210131076564,2.270942421748537
2537,0.2631578947368421,14,True,0.4087912087912088,0.7142857142857143,0.26942437427994104,1.4345491399952024
2538,0.2631578947368421,14,True,0.5333333333333333,0.9285714285714286,0.3028137911081479,0.37123232664087563
2539,0.2631578947368421,14,True,0.2901098901098901,0.42857142857142855,0.14322246009647543,2.359879028736861
2540,0.2631578947368421,14,True,0.252014652014652,0.35714285714285715,0.10964435384745297,2.263809173883546
2541,0.2631578947368421,14,True,0.3333333333333333,0.6428571428571429,0.14285112452603943,1.1981174211304033
2542,0.2631578947368421,14,True,0.40073260073260075,0.5,0.10684939941418026,1.2958363892911637
2543,0.2631578947368421,14,True,0.36556776556776555,0.42857142857142855,0.11245363654103213,1.9852281360342514
2544,0.2631578947368421,14,True,0.4285714285714286,0.5,0.056845859153913825,1.4315602842833157
2545,0.2631578947368421,14,True,0.5062271062271062,0.8571428571428571,0.31364651914901476,0.7345299214394703
2546,0.2631578947368421,14,True,0.3663003663003663,0.5,0.1422768672414375,1.5744174271404585
2547,0.2631578947368421,14,True,0.295970695970696,0.42857142857142855,0.1452270016028332,1.8702538164316223
2548,0.2631578947368421,14,True,0.4981684981684982,0.8571428571428571,0.20033199319823125,0.5916727785823275
2549,0.2631578947368421,14,True,0.3428571428571428,0.5,0.16207676723408126,2.064042639445697
2550,0.2631578947368421,14,True,0.32087912087912085,0.35714285714285715,0.08630130013759008,2.35274578087187
2551,0.2631578947368421,14,True,0.6095238095238095,0.9285714285714286,0.3028137911081479,0.37123232664087563
2552,0.2631578947368421,14,True,0.5333333333333333,1.0,0.16852561199027072,0.0
2553,0.2631578947368421,14,True,0.2468864468864469,0.35714285714285715,0.12439478635521439,2.6384600665861564
2554,0.2631578947368421,14,True,0.441025641025641,0.5,0.10684939941418026,1.2958363892911637
2555,0.2631578947368421,14,True,0.5164835164835165,0.8571428571428571,0.31364651914901476,0.7345299214394703
2556,0.2631578947368421,14,True,0.2783882783882784,0.35714285714285715,0.10653898176013432,2.005977711423774
2557,0.2631578947368421,14,True,0.4556776556776557,0.5714285714285714,0.15902508684635352,1.5216406363433184
2558,0.2631578947368421,14,True,0.4285714285714286,0.5714285714285714,0.15902508684635352,1.5216406363433184
2559,0.2631578947368421,14,True,0.43443223443223444,0.6428571428571429,0.03826325692095467,0.9402859586706311
2560,0.2631578947368421,14,True,0.28717948717948716,0.42857142857142855,0.12997881970764258,2.4137995646056805
2561,0.2631578947368421,14,True,0.3868131868131868,0.6428571428571429,0.14285112452603943,1.1981174211304033
2562,0.2631578947368421,14,True,0.37802197802197807,0.6428571428571429,0.18813457241778053,1.4299111709758698
2563,0.2631578947368421,14,True,0.4593406593406594,0.7142857142857143,0.23199713097962393,1.2916919971380594
2564,0.2631578947368421,14,True,0.3465201465201465,0.42857142857142855,0.1452270016028332,1.870253816431622
2565,0.2631578947368421,14,True,0.46813186813186813,0.7142857142857143,0.1610078596811133,1.1488348542809166
2566,0.2631578947368421,14,True,0.40073260073260075,0.5,0.10684939941418026,1.2958363892911637
2567,0.2631578947368421,14,True,0.3377289377289377,0.5,0.1422768672414375,1.5744174271404585
2568,0.2631578947368421,14,True,0.2725274725274725,0.35714285714285715,0.10653898176013432,2.005977711423774
2569,0.2631578947368421,14,True,0.31355311355311355,0.35714285714285715,0.10653898176013432,2.005977711423774
2570,0.2631578947368421,14,True,0.3897435897435898,0.42857142857142855,0.09373033806501008,1.7273966735744795
2571,0.2631578947368421,14,True,0.28937728937728935,0.42857142857142855,0.1452270016028332,1.8702538164316223
2572,0.3157894736842105,13,True,0.2811965811965812,0.38461538461538464,0.0871023067983544,2.133937566094917
2573,0.2631578947368421,14,True,0.30769230769230765,0.35714285714285715,0.06378430534292956,2.155968102145908
2574,0.2631578947368421,14,True,0.27912087912087913,0.35714285714285715,0.13982148572399833,2.148834854280917
2575,0.2631578947368421,14,True,0.4857142857142857,0.9285714285714286,0.3028137911081479,0.37123232664087563
2576,0.2631578947368421,14,True,0.28498168498168497,0.35714285714285715,0.08630130013759008,2.35274578087187
2577,0.2631578947368421,14,True,0.31062271062271063,0.35714285714285715,0.07376561669833304,2.120952031026403
2578,0.2631578947368421,14,True,0.2761904761904762,0.35714285714285715,0.11186107620484143,2.692380602454975
2579,0.2631578947368421,14,True,0.32454212454212455,0.42857142857142855,0.0871023067983544,2.0741647430225756
2580,0.2631578947368421,14,True,0.2967032967032967,0.35714285714285715,0.11186107620484154,2.692380602454975
2581,0.2631578947368421,14,True,0.4791208791208791,0.7142857142857143,0.23199713097962404,1.2916919971380596
2582,0.2631578947368421,14,True,0.4600732600732601,0.8571428571428571,0.31364651914901476,0.7345299214394703
2583,0.2631578947368421,14,True,0.26666666666666666,0.2857142857142857,0.08513554810286594,2.8073549220576046
2584,0.2631578947368421,14,True,0.2695970695970696,0.35714285714285715,0.0966431262007984,2.5495234595978316
2585,0.2631578947368421,14,True,0.3216117216117216,0.5,0.13070895485323664,1.9211854965885542
2586,0.2631578947368421,14,True,0.3098901098901099,0.35714285714285715,0.13173084549904412,2.406666316740689
2587,0.2631578947368421,14,True,0.3128205128205128,0.5,0.1675526697089812,2.2608203181716595
2588,0.2631578947368421,14,True,0.389010989010989,0.6428571428571429,0.2393728467500651,1.7695459925589747
2589,0.2631578947368421,14,True,0.4205128205128205,0.35714285714285715,0.03128478715389604,1.9241743523004413
2590,0.2631578947368421,14,True,0.3465201465201465,0.42857142857142855,0.12192454098069472,2.217021885879718
2591,0.2631578947368421,14,True,0.2915750915750916,0.42857142857142855,0.10777210131076564,2.270942421748537
2592,0.2631578947368421,14,True,0.3443223443223443,0.5,0.13070895485323664,1.9211854965885542
2593,0.2631578947368421,14,True,0.23223443223443224,0.21428571428571427,0.07699613926827209,2.8423709931771093
2594,0.2631578947368421,14,True,0.3223443223443223,0.42857142857142855,0.10247232518562865,2.0202442071537563
2595,0.2631578947368421,14,True,0.3567765567765568,0.5714285714285714,0.1919537021102833,1.950212064914747
2596,0.2631578947368421,14,True,0.2996336996336996,0.42857142857142855,0.13680104328656195,1.5916727785823275
2597,0.2631578947368421,14,True,0.35457875457875454,0.42857142857142855,0.12192454098069472,2.217021885879718
2598,0.2631578947368421,14,True,0.3384615384615384,0.5,0.1479243275641522,2.1179631753145163
2599,0.2631578947368421,14,True,0.3765567765567765,0.5714285714285714,0.1785263144136614,1.7534343861887849
2600,0.2631578947368421,14,True,0.35531135531135527,0.42857142857142855,0.1452270016028332,1.870253816431622
2601,0.2631578947368421,14,True,0.2600732600732601,0.21428571428571427,0.08754311174854135,2.9852281360342516
2602,0.2631578947368421,14,True,0.2967032967032967,0.2857142857142857,0.08164746002056411,2.610577243331642
2603,0.2631578947368421,14,True,0.4043956043956044,0.42857142857142855,0.0871023067983544,2.0741647430225756
2604,0.2631578947368421,14,True,0.34139194139194134,0.5,0.1479243275641522,2.1179631753145163
2605,0.2631578947368421,14,True,0.3194139194139194,0.42857142857142855,0.1299788197076427,2.4137995646056805
2606,0.2631578947368421,14,True,0.25934065934065936,0.35714285714285715,0.11186107620484154,2.692380602454975
2607,0.2631578947368421,14,True,0.32087912087912085,0.5,0.16207676723408126,2.064042639445697
2608,0.2631578947368421,14,True,0.2673992673992674,0.21428571428571427,0.059803381111151466,2.699513850319966
2609,0.2631578947368421,14,True,0.2937728937728938,0.42857142857142855,0.12192454098069472,2.217021885879718
2610,0.2631578947368421,14,True,0.2571428571428572,0.42857142857142855,0.11245363654103202,1.9852281360342512
2611,0.2631578947368421,14,True,0.4285714285714286,0.7142857142857143,0.23199713097962393,1.2916919971380594
2612,0.2631578947368421,14,True,0.32380952380952377,0.42857142857142855,0.12192454098069472,2.217021885879718
2613,0.2631578947368421,14,True,0.30256410256410254,0.5714285714285714,0.16315629602638737,1.807354922057604
2614,0.2631578947368421,14,True,0.3868131868131868,0.6428571428571429,0.2393728467500651,1.7695459925589747
2615,0.2631578947368421,14,True,0.2835164835164835,0.42857142857142855,0.1434097975389519,2.5566567074628237
2616,0.2631578947368421,14,True,0.3626373626373626,0.42857142857142855,0.1452270016028332,1.870253816431622
2617,0.2631578947368421,14,True,0.3860805860805861,0.35714285714285715,0.10653898176013432,2.005977711423774
2618,0.2631578947368421,14,True,0.4937728937728938,0.7857142857142857,0.23559909273734092,0.9463729359854419
2619,0.2631578947368421,14,True,0.32454212454212455,0.35714285714285715,0.10988676658963126,2.4956029237290123
2620,0.2631578947368421,14,True,0.48131868131868133,0.6428571428571429,0.1710233960407077,1.483831706844689
2621,0.2631578947368421,14,True,0.4175824175824176,0.7142857142857143,0.26942437427994104,1.4345491399952024
2622,0.2631578947368421,14,True,0.2681318681318681,0.35714285714285715,0.11186107620484143,2.692380602454975
2623,0.2631578947368421,14,True,0.3062271062271062,0.35714285714285715,0.07376561669833304,2.120952031026403
2624,0.2631578947368421,14,True,0.5472527472527472,0.8571428571428571,0.20033199319823125,0.5916727785823275
2625,0.2631578947368421,14,True,0.39120879120879126,0.5,0.15606028459591426,1.8322488896002307
2626,0.2631578947368421,14,True,0.5164835164835165,0.7142857142857143,0.07413710786178984,0.863120568566631
2627,0.2631578947368421,14,True,0.23736263736263735,0.35714285714285715,0.11186107620484143,2.6923806024549757
2628,0.2631578947368421,14,True,0.2556776556776557,0.2857142857142857,0.09531008166021682,2.950212064914747
2629,0.2631578947368421,14,True,0.3860805860805861,0.42857142857142855,0.1452270016028332,1.870253816431622
2630,0.2631578947368421,14,True,0.2996336996336996,0.35714285714285715,0.10964435384745308,2.263809173883546
2631,0.2631578947368421,14,True,0.4358974358974359,0.7857142857142857,0.23559909273734092,0.9463729359854419
2632,0.2631578947368421,14,True,0.3948717948717949,0.5714285714285714,0.16315629602638737,1.807354922057604
2633,0.2631578947368421,14,True,0.33699633699633696,0.35714285714285715,0.13982148572399833,2.148834854280917
2634,0.2631578947368421,14,True,0.49523809523809526,0.8571428571428571,0.31364651914901476,0.7345299214394703
2635,0.2631578947368421,14,True,0.3347985347985348,0.42857142857142855,0.1452270016028332,1.870253816431622
2636,0.2631578947368421,14,True,0.5069597069597069,0.8571428571428571,0.31364651914901476,0.7345299214394703
2637,0.2631578947368421,14,True,0.3567765567765568,0.5,0.1479243275641523,2.1179631753145163
2638,0.2631578947368421,14,True,0.3941391941391942,0.7857142857142857,0.2962465220098368,1.0892300788425848
2639,0.2631578947368421,14,True,0.5714285714285714,0.9285714285714286,0.3028137911081479,0.37123232664087563
2640,0.2631578947368421,14,True,0.5347985347985348,0.8571428571428571,0.31364651914901476,0.7345299214394703
2641,0.2631578947368421,14,True,0.36043956043956044,0.5714285714285714,0.1919537021102833,1.950212064914747
2642,0.2631578947368421,14,True,0.4241758241758242,0.7142857142857143,0.23199713097962393,1.2916919971380596
2643,0.2631578947368421,14,True,0.4021978021978022,0.5714285714285714,0.13080188868938503,1.610577243331642
2644,0.2631578947368421,14,True,0.4454212454212454,0.5714285714285714,0.11864889982751314,1.2638091738835462
2645,0.2631578947368421,14,True,0.42490842490842495,0.6428571428571429,0.1710233960407077,1.483831706844689
2646,0.2631578947368421,14,True,0.3626373626373626,0.35714285714285715,0.06777080922053147,1.809200032697812
2647,0.2631578947368421,14,True,0.3641025641025641,0.42857142857142855,0.1452675946905575,2.1280852788913944
2648,0.2631578947368421,14,True,0.5047619047619047,0.9285714285714286,0.3028137911081479,0.37123232664087563
2649,0.2631578947368421,14,True,0.356043956043956,0.7142857142857143,0.26942437427994104,1.4345491399952024
2650,0.2631578947368421,14,True,0.41025641025641024,0.6428571428571429,0.1710233960407077,1.483831706844689
2651,0.2631578947368421,14,True,0.5472527472527472,0.8571428571428571,0.20033199319823125,0.5916727785823275
2652,0.2631578947368421,14,True,0.3868131868131868,0.6428571428571429,0.1710233960407076,1.4838317068446891
2653,0.2631578947368421,14,True,0.45054945054945056,0.7142857142857143,0.23199713097962404,1.2916919971380596
2654,0.2631578947368421,14,True,0.5479853479853479,0.8571428571428571,0.20033199319823125,0.5916727785823275
2655,0.2631578947368421,14,True,0.5882783882783883,0.7857142857142857,0.2962465220098368,1.0892300788425848
2656,0.2631578947368421,14,True,0.34358974358974353,0.5,0.15606028459591426,1.8322488896002307
2657,0.2631578947368421,14,True,0.4315018315018315,0.5,0.1057908451748023,1.6893917467430875
2658,0.2631578947368421,14,True,0.6,1.0,0.16852561199027072,0.0
2659,0.2631578947368421,14,True,0.5047619047619047,0.9285714285714286,0.3028137911081479,0.37123232664087563
2660,0.2631578947368421,14,True,0.4666666666666667,0.7857142857142857,0.2962465220098368,1.0892300788425848
2661,0.2631578947368421,14,True,0.3721611721611721,0.6428571428571429,0.21465505822008046,1.6266888497018317
2662,0.2631578947368421,14,True,0.5333333333333333,1.0,0.16852561199027072,0.0
2663,0.2631578947368421,14,True,0.6666666666666666,1.0,0.16852561199027072,0.0
2664,0.2631578947368421,14,True,0.37728937728937734,0.6428571428571429,0.18813457241778053,1.4299111709758698
2665,0.2631578947368421,14,True,0.4805860805860806,0.8571428571428571,0.20033199319823125,0.5916727785823275
2666,0.2631578947368421,14,True,0.6571428571428571,0.9285714285714286,0.3028137911081479,0.37123232664087563
2667,0.2631578947368421,14,True,0.33919413919413915,0.42857142857142855,0.1452270016028332,1.870253816431622
2668,0.2631578947368421,14,True,0.4256410256410257,0.42857142857142855,0.13680104328656195,1.5916727785823275
2669,0.8947368421052632,2,False,,,,
2670,0.3157894736842105,13,True,0.4444444444444444,0.8461538461538461,0.28560263299760746,0.7732283485249176
2671,0.3157894736842105,13,True,0.6358974358974359,0.9230769230769231,0.2634294358664522,0.39124356362925566
2672,0.2631578947368421,14,True,0.3619047619047619,0.5714285714285714,0.1919537021102833,1.950212064914747
2673,0.2631578947368421,14,True,0.5003663003663004,0.8571428571428571,0.31364651914901476,0.7345299214394703
2674,0.2631578947368421,14,True,0.6498168498168498,0.8571428571428571,0.31364651914901476,0.7345299214394703
2675,0.2631578947368421,14,True,0.37728937728937734,0.6428571428571429,0.21465505822008046,1.626688849701832
2676,0.2631578947368421,14,True,0.3062271062271062,0.35714285714285715,0.08630130013758996,2.35274578087187
2677,0.2631578947368421,14,True,0.34945054945054943,0.5714285714285714,0.1919537021102833,1.950212064914747
2678,0.2631578947368421,14,True,0.4241758241758242,0.7142857142857143,0.23199713097962404,1.2916919971380596
2679,0.2631578947368421,14,True,0.28644688644688643,0.5714285714285714,0.20875469682471393,2.0930692077718898
2680,0.2631578947368421,14,True,0.504029304029304,0.7857142857142857,0.23559909273734092,0.9463729359854419
2681,0.2631578947368421,14,True,0.3787545787545788,0.5714285714285714,0.13080188868938503,1.610577243331642
2682,0.2631578947368421,14,True,0.4981684981684982,0.8571428571428571,0.20033199319823125,0.5916727785823275
2683,0.2631578947368421,14,True,0.3926739926739927,0.6428571428571429,0.2393728467500651,1.7695459925589747
2684,0.2631578947368421,14,True,0.4945054945054945,0.5714285714285714,0.017369836055380228,0.9852281360342515
2685,0.2631578947368421,14,True,0.4769230769230769,0.7857142857142857,0.23559909273734092,0.9463729359854419
2686,0.2631578947368421,14,True,0.5142857142857143,0.9285714285714286,0.3028137911081479,0.37123232664087563
2687,0.2631578947368421,14,True,0.4454212454212454,0.7857142857142857,0.23559909273734103,0.9463729359854419
2688,0.2631578947368421,14,True,0.43956043956043955,0.5714285714285714,0.13080188868938503,1.610577243331642
2689,0.2631578947368421,14,True,0.6227106227106226,0.7857142857142857,0.23559909273734092,0.9463729359854419
2690,0.2631578947368421,14,True,0.5377289377289377,0.8571428571428571,0.31364651914901476,0.7345299214394703
2691,0.2631578947368421,14,True,0.3069597069597069,0.35714285714285715,0.048414286955655306,2.209888638014727
2692,0.2631578947368421,14,True,0.441025641025641,0.7142857142857143,0.23199713097962393,1.2916919971380596
2693,0.2631578947368421,14,True,0.5333333333333333,1.0,0.16852561199027072,0.0
2694,0.2631578947368421,14,True,0.5619047619047619,0.9285714285714286,0.3028137911081479,0.37123232664087563
2695,0.2631578947368421,14,True,0.5084249084249084,0.8571428571428571,0.31364651914901476,0.7345299214394703
2696,0.2631578947368421,14,True,0.6952380952380952,0.9285714285714286,0.3028137911081479,0.37123232664087563
2697,0.2631578947368421,14,True,0.43443223443223444,0.7857142857142857,0.2962465220098368,1.0892300788425848
2698,0.2631578947368421,14,True,0.6542124542124542,0.8571428571428571,0.31364651914901476,0.7345299214394703
2699,0.2631578947368421,14,True,0.5333333333333333,1.0,0.16852561199027072,0.0
2700,0.2631578947368421,14,True,0.6666666666666666,1.0,0.16852561199027072,0.0
2701,0.2631578947368421,14,True,0.6,1.0,0.16852561199027072,0.0
2702,0.2631578947368421,14,True,0.6,1.0,0.16852561199027072,0.0
2703,0.2631578947368421,14,True,0.5333333333333333,1.0,0.16852561199027072,0.0
2704,0.2631578947368421,14,True,0.4857142857142857,0.9285714285714286,0.3028137911081479,0.37123232664087563
2705,0.2631578947368421,14,True,0.6285714285714286,0.9285714285714286,0.3028137911081479,0.37123232664087563
2706,0.2631578947368421,14,True,0.6,1.0,0.16852561199027072,0.0
2707,0.2631578947368421,14,True,0.5963369963369963,0.7857142857142857,0.12691452647336954,0.74959525725948
2708,0.2631578947368421,14,True,0.3941391941391942,0.6428571428571429,0.21465505822008046,1.6266888497018317
2709,0.2631578947368421,14,True,0.4717948717948718,0.6428571428571429,0.14285112452603943,1.1981174211304033
2710,0.2631578947368421,14,True,0.5904761904761905,0.9285714285714286,0.3028137911081479,0.37123232664087563
2711,0.2631578947368421,14,True,0.48131868131868133,0.8571428571428571,0.20033199319823125,0.5916727785823275
2712,0.2631578947368421,14,True,0.47106227106227105,0.7142857142857143,0.23199713097962393,1.2916919971380596
2713,0.2631578947368421,14,True,0.5714285714285714,0.9285714285714286,0.3028137911081479,0.37123232664087563
2714,0.2631578947368421,14,True,0.5472527472527472,0.8571428571428571,0.20033199319823125,0.5916727785823275
2715,0.2631578947368421,14,True,0.5714285714285714,0.9285714285714286,0.3028137911081479,0.37123232664087563
2716,0.2631578947368421,14,True,0.44395604395604393,0.6428571428571429,0.1710233960407076,1.4838317068446891
2717,0.2631578947368421,14,True,0.5333333333333333,1.0,0.16852561199027072,0.0
2718,0.2631578947368421,14,True,0.34139194139194134,0.42857142857142855,0.12192454098069472,2.217021885879718
2719,0.2631578947368421,14,True,0.4073260073260073,0.6428571428571429,0.21465505822008046,1.6266888497018317
2720,0.2631578947368421,14,True,0.6,1.0,0.16852561199027072,0.0
2721,0.2631578947368421,14,True,0.4021978021978022,0.42857142857142855,0.0937303380650103,1.7273966735744792
2722,0.2631578947368421,14,True,0.3868131868131868,0.5,0.034352359883562666,1.4926140680171256
2723,0.2631578947368421,14,True,0.6,1.0,0.16852561199027072,0.0
2724,0.2631578947368421,14,True,0.4578754578754579,0.8571428571428571,0.31364651914901476,0.7345299214394703
2725,0.2631578947368421,14,True,0.5318681318681319,0.8571428571428571,0.31364651914901476,0.7345299214394703
2726,0.2631578947368421,14,True,0.4095238095238095,0.7142857142857143,0.26942437427994104,1.4345491399952024
2727,0.2631578947368421,14,True,0.5597069597069597,0.8571428571428571,0.20033199319823125,0.5916727785823275
2728,0.2631578947368421,14,True,0.31575091575091574,0.35714285714285715,0.10045373980751915,2.2988252450030506
2729,0.2631578947368421,14,True,0.3626373626373626,0.42857142857142855,0.1452675946905575,2.1280852788913944
2730,0.2631578947368421,14,True,0.3948717948717949,0.6428571428571429,0.11008500616192007,1.287054028118727
2731,0.2631578947368421,14,True,0.5333333333333333,1.0,0.16852561199027072,0.0
2732,0.2631578947368421,14,True,0.2783882783882784,0.42857142857142855,0.1434097975389519,2.5566567074628237
2733,0.2631578947368421,14,True,0.46373626373626375,0.7857142857142857,0.2962465220098368,1.0892300788425848
2734,0.2631578947368421,14,True,0.5333333333333333,1.0,0.16852561199027072,0.0
2735,0.2631578947368421,14,True,0.4571428571428572,0.7142857142857143,0.23199713097962393,1.2916919971380596
2736,0.2631578947368421,14,True,0.3721611721611721,0.5,0.16755266970898097,2.260820318171659
2737,0.2631578947368421,14,True,0.4153846153846154,0.8571428571428571,0.31364651914901476,0.7345299214394703
2738,0.2631578947368421,14,True,0.5333333333333333,1.0,0.16852561199027072,0.0
2739,0.2631578947368421,14,True,0.5479853479853479,0.8571428571428571,0.20033199319823125,0.5916727785823275
2740,0.2631578947368421,14,True,0.2754578754578755,0.5,0.13070895485323664,1.9211854965885542
2741,0.2631578947368421,14,True,0.5186813186813187,0.8571428571428571,0.31364651914901476,0.7345299214394703
2742,0.2631578947368421,14,True,0.6,1.0,0.16852561199027072,0.0
2743,0.2631578947368421,14,True,0.4,0.6428571428571429,0.21465505822008046,1.6266888497018317
2744,0.2631578947368421,14,True,0.6,1.0,0.16852561199027072,0.0
2745,0.2631578947368421,14,True,0.5047619047619047,0.9285714285714286,0.3028137911081479,0.37123232664087563
2746,0.2631578947368421,14,True,0.5333333333333333,1.0,0.16852561199027072,0.0
2747,0.2631578947368421,14,True,0.5069597069597069,0.7857142857142857,0.23559909273734103,0.9463729359854419
2748,0.2631578947368421,14,True,0.34945054945054943,0.6428571428571429,0.11008500616192007,1.2870540281187268
2749,0.2631578947368421,14,True,0.6,1.0,0.16852561199027072,0.0
2750,0.2631578947368421,14,True,0.6666666666666666,1.0,0.16852561199027072,0.0
2751,0.2631578947368421,14,True,0.5472527472527472,0.8571428571428571,0.20033199319823125,0.5916727785823275
2752,0.2631578947368421,14,True,0.5333333333333333,0.9285714285714286,0.3028137911081479,0.37123232664087563
2753,0.2631578947368421,14,True,0.5333333333333333,1.0,0.16852561199027072,0.0
2754,0.2631578947368421,14,True,0.42710622710622714,0.7142857142857143,0.18087332026436254,1.0949143184120975
2755,0.2631578947368421,14,True,0.5084249084249084,0.8571428571428571,0.31364651914901476,0.7345299214394703
2756,0.2631578947368421,14,True,0.38461538461538464,0.5714285714285714,0.15902508684635352,1.5216406363433184
2757,0.2631578947368421,14,True,0.6666666666666666,1.0,0.16852561199027072,0.0
2758,0.2631578947368421,14,True,0.4263736263736264,0.7857142857142857,0.2962465220098368,1.0892300788425848
2759,0.2631578947368421,14,True,0.5084249084249084,0.7857142857142857,0.2962465220098368,1.0892300788425848
2760,0.2631578947368421,14,True,0.5238095238095238,0.9285714285714286,0.3028137911081479,0.37123232664087563
2761,0.2631578947368421,14,True,0.6666666666666666,1.0,0.16852561199027072,0.0
2762,0.2631578947368421,14,True,0.33186813186813185,0.35714285714285715,0.07376561669833304,2.1209520310264027
2763,0.2631578947368421,14,True,0.5274725274725275,0.8571428571428571,0.31364651914901476,0.7345299214394703
2764,0.2631578947368421,14,True,0.5333333333333333,1.0,0.16852561199027072,0.0
2765,0.2631578947368421,14,True,0.5333333333333333,1.0,0.16852561199027072,0.0
2766,0.2631578947368421,14,True,0.6571428571428571,0.9285714285714286,0.3028137911081479,0.37123232664087563
2767,0.2631578947368421,14,True,0.3333333333333333,0.5714285714285714,0.20875469682471393,2.0930692077718898
2768,0.2631578947368421,14,True,0.6666666666666666,1.0,0.16852561199027072,0.0
2769,0.2631578947368421,14,True,0.367032967032967,0.5714285714285714,0.16315629602638737,1.807354922057604
2770,0.2631578947368421,14,True,0.41611721611721614,0.6428571428571429,0.03826325692095467,0.9402859586706311
2771,0.2631578947368421,14,True,0.295970695970696,0.5,0.1675526697089812,2.260820318171659
2772,0.2631578947368421,14,True,0.5142857142857143,0.9285714285714286,0.3028137911081479,0.37123232664087563
2773,0.2631578947368421,14,True,0.4014652014652015,0.6428571428571429,0.18813457241778053,1.4299111709758698
2774,0.2631578947368421,14,True,0.5164835164835165,0.8571428571428571,0.31364651914901476,0.7345299214394703
2775,0.2631578947368421,14,True,0.4556776556776557,0.7142857142857143,0.23199713097962393,1.2916919971380596
2776,0.2631578947368421,14,True,0.33406593406593404,0.42857142857142855,0.11245363654103213,1.9852281360342516
2777,0.2631578947368421,14,True,0.2813186813186813,0.5,0.16755266970898097,2.2608203181716595
2778,0.2631578947368421,14,True,0.4146520146520147,0.6428571428571429,0.21465505822008046,1.6266888497018317
2779,0.2631578947368421,14,True,0.21391941391941394,0.2857142857142857,0.09531008166021693,2.950212064914747
2780,0.47368421052631576,10,True,0.36000000000000004,0.7,0.2626406304386867,1.3567796494470397
2781,0.9473684210526315,1,False,,,,
2782,0.9473684210526315,1,False,,,,
2783,0.9473684210526315,1,False,,,,
2784,0.9473684210526315,1,False,,,,
2785,0.9473684210526315,1,False,,,,
2786,0.9473684210526315,1,False,,,,
2787,0.5263157894736842,9,True,0.32592592592592595,0.5555555555555556,0.26942437427994104,1.8799649487271108
2788,0.5263157894736842,9,True,0.28703703703703703,0.5555555555555556,0.26942437427994104,1.8799649487271108
2789,0.5263157894736842,9,True,0.3851851851851852,0.6666666666666666,0.2750678362011758,1.4466166676282082
2790,0.5789473684210527,8,True,0.38571428571428573,0.625,0.23559909273734092,1.2987949406953985
2791,0.5789473684210527,8,True,0.3214285714285714,0.625,0.23559909273734092,1.2987949406953985
2792,0.5789473684210527,8,True,0.55,0.75,0.16494454884084453,0.8112781244591328
2793,0.631578947368421,7,True,0.4571428571428572,0.7142857142857143,0.31364651914901476,1.1488348542809166
2794,0.6842105263157895,6,True,0.5111111111111111,0.8333333333333334,0.3028137911081479,0.6500224216483541
2795,0.6842105263157895,6,True,0.5333333333333333,0.8333333333333334,0.3028137911081479,0.6500224216483541
2796,0.6842105263157895,6,True,0.48888888888888893,0.8333333333333334,0.3028137911081479,0.6500224216483541
2797,0.6842105263157895,6,True,0.3688888888888889,0.6666666666666666,0.35250246264226515,1.2516291673878228
2798,0.7368421052631579,5,True,0.17333333333333334,0.4,0.4240799522429881,1.9219280948873623
2799,0.5789473684210527,8,True,0.4571428571428572,0.5,0.21310559346698976,1.4056390622295665
2800,0.5789473684210527,8,True,0.29047619047619044,0.5,0.2597604999432016,1.75
2801,0.42105263157894735,11,True,0.31636363636363635,0.36363636363636365,0.16177657023373804,2.3685225277282065
2802,0.3684210526315789,12,True,0.2727272727272727,0.3333333333333333,0.1318996353575359,2.355388542207534
2803,0.42105263157894735,11,True,0.3709090909090909,0.6363636363636364,0.24545096392396826,1.6729330318733675
2804,0.3684210526315789,12,True,0.25757575757575757,0.3333333333333333,0.13931336313991427,2.584962500721156
2805,0.3684210526315789,12,True,0.302020202020202,0.3333333333333333,0.11330560817870983,2.1258145836939115
2806,0.2631578947368421,14,True,0.3032967032967033,0.42857142857142855,0.12192454098069472,2.217021885879718
2807,0.2631578947368421,14,True,0.3626373626373626,0.5,0.16207676723408126,2.064042639445697
2808,0.2631578947368421,14,True,0.3282051282051282,0.5,0.1675526697089812,2.2608203181716595
2809,0.2631578947368421,14,True,0.32893772893772893,0.5,0.1479243275641523,2.1179631753145163
2810,0.2631578947368421,14,True,0.29523809523809524,0.42857142857142855,0.1299788197076427,2.4137995646056805
2811,0.2631578947368421,14,True,0.3377289377289377,0.5,0.16207676723408126,2.064042639445697
2812,0.2631578947368421,14,True,0.2989010989010989,0.5714285714285714,0.20875469682471393,2.0930692077718898
2813,0.2631578947368421,14,True,0.4197802197802198,0.7857142857142857,0.23559909273734092,0.9463729359854419
2814,0.2631578947368421,14,True,0.5274725274725275,0.6428571428571429,0.03826325692095467,0.9402859586706311
2815,0.2631578947368421,14,True,0.38461538461538464,0.6428571428571429,0.2393728467500651,1.7695459925589747
2816,0.2631578947368421,14,True,0.5963369963369963,0.7857142857142857,0.12691452647336954,0.74959525725948
2817,0.2631578947368421,14,True,0.3794871794871795,0.6428571428571429,0.18813457241778064,1.4299111709758698
2818,0.2631578947368421,14,True,0.6666666666666666,1.0,0.16852561199027072,0.0
2819,0.2631578947368421,14,True,0.5091575091575091,0.7857142857142857,0.12691452647336954,0.74959525725948
2820,0.2631578947368421,14,True,0.49523809523809526,0.7857142857142857,0.23559909273734092,0.9463729359854419
2821,0.2631578947368421,14,True,0.5157509157509158,0.8571428571428571,0.20033199319823125,0.5916727785823275
2822,0.2631578947368421,14,True,0.45421245421245426,0.6428571428571429,0.14285112452603943,1.1981174211304033
2823,0.2631578947368421,14,True,0.5333333333333333,1.0,0.16852561199027072,0.0
2824,0.2631578947368421,14,True,0.5333333333333333,1.0,0.16852561199027072,0.0
2825,0.2631578947368421,14,True,0.6666666666666666,1.0,0.16852561199027072,0.0
2826,0.2631578947368421,14,True,0.4146520146520147,0.6428571428571429,0.1710233960407076,1.4838317068446891
2827,0.2631578947368421,14,True,0.4534798534798535,0.7142857142857143,0.23199713097962393,1.2916919971380594
2828,0.2631578947368421,14,True,0.38241758241758245,0.6428571428571429,0.2393728467500651,1.7695459925589747
2829,0.2631578947368421,14,True,0.2937728937728938,0.35714285714285715,0.11186107620484143,2.692380602454975
2830,0.3157894736842105,13,True,0.39401709401709406,0.6153846153846154,0.17387259391093668,1.4885252948977485
2831,0.9473684210526315,1,False,,,,
2832,0.9473684210526315,1,False,,,,
2833,0.2631578947368421,14,True,0.5333333333333333,0.9285714285714286,0.3028137911081479,0.37123232664087563
2834,0.2631578947368421,14,True,0.39120879120879126,0.6428571428571429,0.14285112452603943,1.1981174211304033
2835,0.2631578947368421,14,True,0.45421245421245426,0.7142857142857143,0.23199713097962393,1.2916919971380596
2836,0.2631578947368421,14,True,0.47985347985347987,0.8571428571428571,0.31364651914901476,0.7345299214394703
2837,0.2631578947368421,14,True,0.5619047619047619,0.9285714285714286,0.3028137911081479,0.37123232664087563
2838,0.2631578947368421,14,True,0.41098901098901097,0.6428571428571429,0.18813457241778053,1.4299111709758698
2839,0.2631578947368421,14,True,0.6,1.0,0.16852561199027072,0.0
2840,0.2631578947368421,14,True,0.5333333333333333,1.0,0.16852561199027072,0.0
2841,0.2631578947368421,14,True,0.5333333333333333,1.0,0.16852561199027072,0.0
2842,0.2631578947368421,14,True,0.6666666666666666,1.0,0.16852561199027072,0.0
2843,0.2631578947368421,14,True,0.6666666666666666,1.0,0.16852561199027072,0.0
2844,0.2631578947368421,14,True,0.6,1.0,0.16852561199027072,0.0
2845,0.2631578947368421,14,True,0.6,1.0,0.16852561199027072,0.0
2846,0.2631578947368421,14,True,0.5047619047619047,0.9285714285714286,0.3028137911081479,0.37123232664087563
2847,0.2631578947368421,14,True,0.5047619047619047,0.9285714285714286,0.3028137911081479,0.37123232664087563
2848,0.2631578947368421,14,True,0.4857142857142857,0.9285714285714286,0.3028137911081479,0.37123232664087563
2849,0.2631578947368421,14,True,0.5333333333333333,1.0,0.16852561199027072,0.0
2850,0.2631578947368421,14,True,0.5333333333333333,1.0,0.16852561199027072,0.0
2851,0.2631578947368421,14,True,0.4388278388278388,0.7857142857142857,0.12691452647336954,0.74959525725948
2852,0.2631578947368421,14,True,0.5142857142857143,0.9285714285714286,0.3028137911081479,0.37123232664087563
2853,0.2631578947368421,14,True,0.5333333333333333,1.0,0.16852561199027072,0.0
2854,0.2631578947368421,14,True,0.6666666666666666,1.0,0.16852561199027072,0.0
2855,0.2631578947368421,14,True,0.4805860805860806,0.8571428571428571,0.20033199319823125,0.5916727785823275
2856,0.2631578947368421,14,True,0.5333333333333333,1.0,0.16852561199027072,0.0
2857,0.2631578947368421,14,True,0.6,1.0,0.16852561199027072,0.0
2858,0.2631578947368421,14,True,0.5472527472527472,0.8571428571428571,0.20033199319823125,0.5916727785823275
2859,0.2631578947368421,14,True,0.8666666666666667,1.0,0.16852561199027072,0.0
2860,0.2631578947368421,14,True,0.6666666666666666,1.0,0.16852561199027072,0.0
2861,0.2631578947368421,14,True,0.7333333333333333,1.0,0.16852561199027072,0.0
2862,0.2631578947368421,14,True,0.5333333333333333,1.0,0.16852561199027072,0.0
2863,0.2631578947368421,14,True,0.7333333333333333,1.0,0.16852561199027072,0.0
2864,0.2631578947368421,14,True,0.6666666666666666,1.0,0.16852561199027072,0.0
2865,0.2631578947368421,14,True,0.6476190476190476,0.9285714285714286,0.3028137911081479,0.37123232664087563
2866,0.2631578947368421,14,True,0.5142857142857143,0.9285714285714286,0.3028137911081479,0.37123232664087563
2867,0.2631578947368421,14,True,0.6095238095238095,0.9285714285714286,0.3028137911081479,0.37123232664087563
2868,0.2631578947368421,14,True,0.6666666666666666,1.0,0.16852561199027072,0.0
2869,0.2631578947368421,14,True,0.6,1.0,0.16852561199027072,0.0
2870,0.2631578947368421,14,True,0.4857142857142857,0.9285714285714286,0.3028137911081479,0.37123232664087563
2871,0.2631578947368421,14,True,0.6666666666666666,1.0,0.16852561199027072,0.0
2872,0.2631578947368421,14,True,0.3926739926739927,0.6428571428571429,0.14285112452603943,1.1981174211304033
2873,0.2631578947368421,14,True,0.47619047619047616,0.9285714285714286,0.3028137911081479,0.37123232664087563
2874,0.2631578947368421,14,True,0.5333333333333333,1.0,0.16852561199027072,0.0
2875,0.2631578947368421,14,True,0.6666666666666666,1.0,0.16852561199027072,0.0
2876,0.2631578947368421,14,True,0.40366300366300367,0.7142857142857143,0.1610078596811133,1.1488348542809166
2877,0.2631578947368421,14,True,0.4212454212454213,0.7142857142857143,0.23199713097962393,1.2916919971380594
2878,0.2631578947368421,14,True,0.6937728937728938,0.8571428571428571,0.20033199319823125,0.5916727785823275
2879,0.2631578947368421,14,True,0.6,1.0,0.16852561199027072,0.0
2880,0.2631578947368421,14,True,0.4263736263736264,0.7142857142857143,0.1610078596811133,1.1488348542809166
2881,0.2631578947368421,14,True,0.4805860805860806,0.8571428571428571,0.20033199319823125,0.5916727785823275
2882,0.2631578947368421,14,True,0.5238095238095238,0.9285714285714286,0.3028137911081479,0.37123232664087563
2883,0.2631578947368421,14,True,0.40293040293040294,0.5,0.10684939941418026,1.2958363892911637
2884,0.2631578947368421,14,True,0.43956043956043955,0.6428571428571429,0.18813457241778064,1.4299111709758698
2885,0.2631578947368421,14,True,0.5714285714285714,0.9285714285714286,0.3028137911081479,0.37123232664087563
2886,0.2631578947368421,14,True,0.5047619047619047,0.8571428571428571,0.31364651914901476,0.7345299214394703
2887,0.2631578947368421,14,True,0.3098901098901099,0.35714285714285715,0.07376561669833304,2.1209520310264027
2888,0.2631578947368421,14,True,0.5076923076923077,0.8571428571428571,0.31364651914901476,0.7345299214394703
2889,0.2631578947368421,14,True,0.5142857142857143,0.9285714285714286,0.3028137911081479,0.37123232664087563
2890,0.2631578947368421,14,True,0.39853479853479856,0.5,0.10684939941418026,1.2958363892911637
2891,0.2631578947368421,14,True,0.2571428571428572,0.2857142857142857,0.09766925825323902,2.7534343861887853
2892,0.2631578947368421,14,True,0.32380952380952377,0.35714285714285715,0.10964435384745297,2.263809173883546
2893,0.9473684210526315,1,False,,,,
2894,0.9473684210526315,1,False,,,,
2895,0.2631578947368421,14,True,0.4695970695970696,0.8571428571428571,0.31364651914901476,0.7345299214394703
2896,0.2631578947368421,14,True,0.6,1.0,0.16852561199027072,0.0
2897,0.2631578947368421,14,True,0.6666666666666666,1.0,0.16852561199027072,0.0
2898,0.2631578947368421,14,True,0.5238095238095238,0.9285714285714286,0.3028137911081479,0.37123232664087563
2899,0.2631578947368421,14,True,0.5428571428571428,0.9285714285714286,0.3028137911081479,0.37123232664087563
2900,0.2631578947368421,14,True,0.6,1.0,0.16852561199027072,0.0
2901,0.2631578947368421,14,True,0.6,1.0,0.16852561199027072,0.0
2902,0.2631578947368421,14,True,0.6666666666666666,1.0,0.16852561199027072,0.0
2903,0.2631578947368421,14,True,0.6,1.0,0.16852561199027072,0.0
2904,0.2631578947368421,14,True,0.7333333333333333,1.0,0.16852561199027072,0.0
2905,0.2631578947368421,14,True,0.6,1.0,0.16852561199027072,0.0
2906,0.2631578947368421,14,True,0.5142857142857143,0.9285714285714286,0.3028137911081479,0.37123232664087563
2907,0.2631578947368421,14,True,0.4805860805860806,0.8571428571428571,0.20033199319823125,0.5916727785823275
2908,0.2631578947368421,14,True,0.4021978021978022,0.5714285714285714,0.1919537021102833,1.950212064914747
2909,0.2631578947368421,14,True,0.3084249084249084,0.5,0.1479243275641522,2.1179631753145163
2910,0.2631578947368421,14,True,0.5333333333333333,1.0,0.16852561199027072,0.0
2911,0.2631578947368421,14,True,0.5252747252747253,0.7857142857142857,0.2962465220098368,1.0892300788425848
2912,0.2631578947368421,14,True,0.5523809523809523,0.9285714285714286,0.3028137911081479,0.37123232664087563
2913,0.2631578947368421,14,True,0.6095238095238095,0.9285714285714286,0.3028137911081479,0.37123232664087563
2914,0.2631578947368421,14,True,0.7333333333333333,1.0,0.16852561199027072,0.0
2915,0.2631578947368421,14,True,0.6666666666666666,1.0,0.16852561199027072,0.0
2916,0.2631578947368421,14,True,0.5333333333333333,1.0,0.16852561199027072,0.0
2917,0.2631578947368421,14,True,0.3787545787545788,0.6428571428571429,0.21465505822008046,1.6266888497018317
2918,0.2631578947368421,14,True,0.5567765567765567,0.7857142857142857,0.23559909273734092,0.9463729359854419
2919,0.2631578947368421,14,True,0.526007326007326,0.8571428571428571,0.31364651914901476,0.7345299214394703
2920,0.2631578947368421,14,True,0.619047619047619,0.9285714285714286,0.3028137911081479,0.37123232664087563
2921,0.2631578947368421,14,True,0.5714285714285714,0.9285714285714286,0.3028137911081479,0.37123232664087563
2922,0.2631578947368421,14,True,0.5333333333333333,1.0,0.16852561199027072,0.0
2923,0.2631578947368421,14,True,0.49523809523809526,0.9285714285714286,0.3028137911081479,0.37123232664087563
2924,0.2631578947368421,14,True,0.5619047619047619,0.7857142857142857,0.2962465220098368,1.0892300788425848
2925,0.2631578947368421,14,True,0.44468864468864466,0.7142857142857143,0.18087332026436265,1.0949143184120975
2926,0.2631578947368421,14,True,0.44835164835164837,0.5714285714285714,0.15902508684635352,1.5216406363433184
2927,0.2631578947368421,14,True,0.28424908424908424,0.5,0.1479243275641522,2.1179631753145163
2928,0.2631578947368421,14,True,0.45641025641025645,0.5714285714285714,0.11864889982751314,1.2638091738835462
2929,0.2631578947368421,14,True,0.4014652014652015,0.5714285714285714,0.07628993997391276,1.3787834934861753
2930,0.2631578947368421,14,True,0.31868131868131866,0.35714285714285715,0.07376561669833304,2.120952031026403
2931,0.2631578947368421,14,True,0.4263736263736264,0.7142857142857143,0.23199713097962404,1.2916919971380596
2932,0.2631578947368421,14,True,0.3714285714285714,0.42857142857142855,0.07435549237544792,1.7884504573082896
2933,0.2631578947368421,14,True,0.49523809523809526,0.9285714285714286,0.3028137911081479,0.37123232664087563
2934,0.2631578947368421,14,True,0.2761904761904762,0.42857142857142855,0.1434097975389519,2.5566567074628237
2935,0.2631578947368421,14,True,0.4725274725274725,0.7857142857142857,0.2962465220098368,1.0892300788425848
2936,0.3157894736842105,13,True,0.6666666666666666,1.0,0.10025624130173738,0.0
2937,0.3157894736842105,13,True,0.49401709401709404,0.8461538461538461,0.28560263299760746,0.7732283485249176
2938,0.3157894736842105,13,True,0.6,1.0,0.10025624130173738,0.0
2939,0.3157894736842105,13,True,0.5282051282051282,0.8461538461538461,0.28560263299760746,0.7732283485249176
2940,0.3684210526315789,12,True,0.6666666666666666,1.0,0.050547984612051566,0.0
2941,0.3684210526315789,12,True,0.4444444444444444,0.75,0.2626406304386867,1.207518749639422
2942,0.3684210526315789,12,True,0.44747474747474747,0.75,0.2626406304386867,1.207518749639422
2943,0.3684210526315789,12,True,0.7111111111111111,0.9166666666666666,0.2360639286070707,0.41381685030363374
2944,0.3684210526315789,12,True,0.32626262626262625,0.5,0.18354756840725672,2.125814583693911
2945,0.9473684210526315,1,False,,,,
