col_index,gap_frac,nongap_n,keep,cons_similarity,cons_identity,cons_entropy22,cons_entropy_nogap
1,0.9,1,False,,,,
2,0.9,1,False,,,,
3,0.9,1,False,,,,
4,0.9,1,False,,,,
5,0.9,1,False,,,,
6,0.9,1,False,,,,
7,0.9,1,False,,,,
8,0.9,1,False,,,,
9,0.9,1,False,,,,
10,0.9,1,False,,,,
11,0.9,1,False,,,,
12,0.9,1,False,,,,
13,0.9,1,False,,,,
14,0.9,1,False,,,,
15,0.9,1,False,,,,
16,0.9,1,False,,,,
17,0.9,1,False,,,,
18,0.9,1,False,,,,
19,0.9,1,False,,,,
20,0.9,1,False,,,,
21,0.9,1,False,,,,
22,0.9,1,False,,,,
23,0.9,1,False,,,,
24,0.9,1,False,,,,
25,0.9,1,False,,,,
26,0.9,1,False,,,,
27,0.9,1,False,,,,
28,0.9,1,False,,,,
29,0.9,1,False,,,,
30,0.9,1,False,,,,
31,0.9,1,False,,,,
32,0.9,1,False,,,,
33,0.9,1,False,,,,
34,0.9,1,False,,,,
35,0.9,1,False,,,,
36,0.9,1,False,,,,
37,0.9,1,False,,,,
38,0.9,1,False,,,,
39,0.9,1,False,,,,
40,0.9,1,False,,,,
41,0.9,1,False,,,,
42,0.9,1,False,,,,
43,0.9,1,False,,,,
44,0.9,1,False,,,,
45,0.9,1,False,,,,
46,0.9,1,False,,,,
47,0.9,1,False,,,,
48,0.9,1,False,,,,
49,0.9,1,False,,,,
50,0.9,1,False,,,,
51,0.9,1,False,,,,
52,0.9,1,False,,,,
53,0.9,1,False,,,,
54,0.9,1,False,,,,
55,0.9,1,False,,,,
56,0.9,1,False,,,,
57,0.9,1,False,,,,
58,0.9,1,False,,,,
59,0.9,1,False,,,,
60,0.9,1,False,,,,
61,0.9,1,False,,,,
62,0.9,1,False,,,,
63,0.9,1,False,,,,
64,0.9,1,False,,,,
65,0.9,1,False,,,,
66,0.9,1,False,,,,
67,0.9,1,False,,,,
68,0.9,1,False,,,,
69,0.9,1,False,,,,
70,0.9,1,False,,,,
71,0.9,1,False,,,,
72,0.9,1,False,,,,
73,0.9,1,False,,,,
74,0.9,1,False,,,,
75,0.9,1,False,,,,
76,0.9,1,False,,,,
77,0.9,1,False,,,,
78,0.9,1,False,,,,
79,0.9,1,False,,,,
80,0.9,1,False,,,,
81,0.9,1,False,,,,
82,0.9,1,False,,,,
83,0.9,1,False,,,,
84,0.9,1,False,,,,
85,0.9,1,False,,,,
86,0.9,1,False,,,,
87,0.9,1,False,,,,
88,0.9,1,False,,,,
89,0.9,1,False,,,,
90,0.9,1,False,,,,
91,0.9,1,False,,,,
92,0.9,1,False,,,,
93,0.9,1,False,,,,
94,0.9,1,False,,,,
95,0.9,1,False,,,,
96,0.9,1,False,,,,
97,0.9,1,False,,,,
98,0.9,1,False,,,,
99,0.9,1,False,,,,
100,0.9,1,False,,,,
101,0.9,1,False,,,,
102,0.9,1,False,,,,
103,0.9,1,False,,,,
104,0.9,1,False,,,,
105,0.9,1,False,,,,
106,0.9,1,False,,,,
107,0.9,1,False,,,,
108,0.9,1,False,,,,
109,0.9,1,False,,,,
110,0.9,1,False,,,,
111,0.9,1,False,,,,
112,0.9,1,False,,,,
113,0.9,1,False,,,,
114,0.9,1,False,,,,
115,0.9,1,False,,,,
116,0.9,1,False,,,,
117,0.9,1,False,,,,
118,0.9,1,False,,,,
119,0.9,1,False,,,,
120,0.9,1,False,,,,
121,0.9,1,False,,,,
122,0.9,1,False,,,,
123,0.9,1,False,,,,
124,0.9,1,False,,,,
125,0.9,1,False,,,,
126,0.9,1,False,,,,
127,0.9,1,False,,,,
128,0.9,1,False,,,,
129,0.9,1,False,,,,
130,0.9,1,False,,,,
131,0.9,1,False,,,,
132,0.9,1,False,,,,
133,0.9,1,False,,,,
134,0.9,1,False,,,,
135,0.9,1,False,,,,
136,0.9,1,False,,,,
137,0.9,1,False,,,,
138,0.9,1,False,,,,
139,0.9,1,False,,,,
140,0.9,1,False,,,,
141,0.9,1,False,,,,
142,0.9,1,False,,,,
143,0.9,1,False,,,,
144,0.9,1,False,,,,
145,0.9,1,False,,,,
146,0.9,1,False,,,,
147,0.9,1,False,,,,
148,0.9,1,False,,,,
149,0.9,1,False,,,,
150,0.9,1,False,,,,
151,0.9,1,False,,,,
152,0.9,1,False,,,,
153,0.9,1,False,,,,
154,0.9,1,False,,,,
155,0.9,1,False,,,,
156,0.9,1,False,,,,
157,0.9,1,False,,,,
158,0.9,1,False,,,,
159,0.9,1,False,,,,
160,0.9,1,False,,,,
161,0.9,1,False,,,,
162,0.9,1,False,,,,
163,0.9,1,False,,,,
164,0.9,1,False,,,,
165,0.9,1,False,,,,
166,0.9,1,False,,,,
167,0.9,1,False,,,,
168,0.9,1,False,,,,
169,0.9,1,False,,,,
170,0.9,1,False,,,,
171,0.9,1,False,,,,
172,0.9,1,False,,,,
173,0.9,1,False,,,,
174,0.9,1,False,,,,
175,0.9,1,False,,,,
176,0.9,1,False,,,,
177,0.9,1,False,,,,
178,0.9,1,False,,,,
179,0.9,1,False,,,,
180,0.9,1,False,,,,
181,0.9,1,False,,,,
182,0.9,1,False,,,,
183,0.9,1,False,,,,
184,0.9,1,False,,,,
185,0.9,1,False,,,,
186,0.9,1,False,,,,
187,0.9,1,False,,,,
188,0.9,1,False,,,,
189,0.9,1,False,,,,
190,0.9,1,False,,,,
191,0.9,1,False,,,,
192,0.9,1,False,,,,
193,0.9,1,False,,,,
194,0.9,1,False,,,,
195,0.9,1,False,,,,
196,0.9,1,False,,,,
197,0.9,1,False,,,,
198,0.9,1,False,,,,
199,0.9,1,False,,,,
200,0.9,1,False,,,,
201,0.9,1,False,,,,
202,0.9,1,False,,,,
203,0.9,1,False,,,,
204,0.9,1,False,,,,
205,0.9,1,False,,,,
206,0.9,1,False,,,,
207,0.9,1,False,,,,
208,0.9,1,False,,,,
209,0.9,1,False,,,,
210,0.9,1,False,,,,
211,0.9,1,False,,,,
212,0.9,1,False,,,,
213,0.9,1,False,,,,
214,0.9,1,False,,,,
215,0.9,1,False,,,,
216,0.9,1,False,,,,
217,0.9,1,False,,,,
218,0.9,1,False,,,,
219,0.9,1,False,,,,
220,0.9,1,False,,,,
221,0.9,1,False,,,,
222,0.9,1,False,,,,
223,0.9,1,False,,,,
224,0.9,1,False,,,,
225,0.9,1,False,,,,
226,0.9,1,False,,,,
227,0.9,1,False,,,,
228,0.9,1,False,,,,
229,0.9,1,False,,,,
230,0.9,1,False,,,,
231,0.9,1,False,,,,
232,0.9,1,False,,,,
233,0.9,1,False,,,,
234,0.9,1,False,,,,
235,0.9,1,False,,,,
236,0.9,1,False,,,,
237,0.9,1,False,,,,
238,0.9,1,False,,,,
239,0.9,1,False,,,,
240,0.9,1,False,,,,
241,0.9,1,False,,,,
242,0.9,1,False,,,,
243,0.9,1,False,,,,
244,0.9,1,False,,,,
245,0.9,1,False,,,,
246,0.9,1,False,,,,
247,0.9,1,False,,,,
248,0.9,1,False,,,,
249,0.9,1,False,,,,
250,0.9,1,False,,,,
251,0.9,1,False,,,,
252,0.9,1,False,,,,
253,0.9,1,False,,,,
254,0.9,1,False,,,,
255,0.9,1,False,,,,
256,0.9,1,False,,,,
257,0.9,1,False,,,,
258,0.9,1,False,,,,
259,0.9,1,False,,,,
260,0.9,1,False,,,,
261,0.9,1,False,,,,
262,0.9,1,False,,,,
263,0.9,1,False,,,,
264,0.9,1,False,,,,
265,0.9,1,False,,,,
266,0.9,1,False,,,,
267,0.9,1,False,,,,
268,0.9,1,False,,,,
269,0.9,1,False,,,,
270,0.9,1,False,,,,
271,0.9,1,False,,,,
272,0.9,1,False,,,,
273,0.9,1,False,,,,
274,0.9,1,False,,,,
275,0.9,1,False,,,,
276,0.9,1,False,,,,
277,0.9,1,False,,,,
278,0.9,1,False,,,,
279,0.9,1,False,,,,
280,0.9,1,False,,,,
281,0.9,1,False,,,,
282,0.9,1,False,,,,
283,0.9,1,False,,,,
284,0.9,1,False,,,,
285,0.9,1,False,,,,
286,0.9,1,False,,,,
287,0.9,1,False,,,,
288,0.9,1,False,,,,
289,0.9,1,False,,,,
290,0.9,1,False,,,,
291,0.9,1,False,,,,
292,0.9,1,False,,,,
293,0.9,1,False,,,,
294,0.9,1,False,,,,
295,0.9,1,False,,,,
296,0.9,1,False,,,,
297,0.9,1,False,,,,
298,0.9,1,False,,,,
299,0.9,1,False,,,,
300,0.9,1,False,,,,
301,0.9,1,False,,,,
302,0.9,1,False,,,,
303,0.9,1,False,,,,
304,0.9,1,False,,,,
305,0.9,1,False,,,,
306,0.9,1,False,,,,
307,0.9,1,False,,,,
308,0.9,1,False,,,,
309,0.9,1,False,,,,
310,0.9,1,False,,,,
311,0.9,1,False,,,,
312,0.9,1,False,,,,
313,0.9,1,False,,,,
314,0.9,1,False,,,,
315,0.9,1,False,,,,
316,0.9,1,False,,,,
317,0.9,1,False,,,,
318,0.9,1,False,,,,
319,0.9,1,False,,,,
320,0.9,1,False,,,,
321,0.9,1,False,,,,
322,0.9,1,False,,,,
323,0.9,1,False,,,,
324,0.9,1,False,,,,
325,0.9,1,False,,,,
326,0.9,1,False,,,,
327,0.9,1,False,,,,
328,0.9,1,False,,,,
329,0.9,1,False,,,,
330,0.9,1,False,,,,
331,0.9,1,False,,,,
332,0.9,1,False,,,,
333,0.9,1,False,,,,
334,0.9,1,False,,,,
335,0.9,1,False,,,,
336,0.9,1,False,,,,
337,0.9,1,False,,,,
338,0.9,1,False,,,,
339,0.9,1,False,,,,
340,0.9,1,False,,,,
341,0.9,1,False,,,,
342,0.9,1,False,,,,
343,0.9,1,False,,,,
344,0.9,1,False,,,,
345,0.9,1,False,,,,
346,0.9,1,False,,,,
347,0.9,1,False,,,,
348,0.9,1,False,,,,
349,0.9,1,False,,,,
350,0.9,1,False,,,,
351,0.9,1,False,,,,
352,0.9,1,False,,,,
353,0.9,1,False,,,,
354,0.9,1,False,,,,
355,0.9,1,False,,,,
356,0.9,1,False,,,,
357,0.9,1,False,,,,
358,0.9,1,False,,,,
359,0.9,1,False,,,,
360,0.9,1,False,,,,
361,0.9,1,False,,,,
362,0.9,1,False,,,,
363,0.9,1,False,,,,
364,0.9,1,False,,,,
365,0.9,1,False,,,,
366,0.9,1,False,,,,
367,0.9,1,False,,,,
368,0.9,1,False,,,,
369,0.9,1,False,,,,
370,0.9,1,False,,,,
371,0.9,1,False,,,,
372,0.9,1,False,,,,
373,0.9,1,False,,,,
374,0.9,1,False,,,,
375,0.9,1,False,,,,
376,0.9,1,False,,,,
377,0.9,1,False,,,,
378,0.9,1,False,,,,
379,0.9,1,False,,,,
380,0.9,1,False,,,,
381,0.9,1,False,,,,
382,0.9,1,False,,,,
383,0.9,1,False,,,,
384,0.9,1,False,,,,
385,0.9,1,False,,,,
386,0.9,1,False,,,,
387,0.9,1,False,,,,
388,0.9,1,False,,,,
389,0.9,1,False,,,,
390,0.9,1,False,,,,
391,0.9,1,False,,,,
392,0.9,1,False,,,,
393,0.9,1,False,,,,
394,0.9,1,False,,,,
395,0.9,1,False,,,,
396,0.9,1,False,,,,
397,0.9,1,False,,,,
398,0.9,1,False,,,,
399,0.9,1,False,,,,
400,0.9,1,False,,,,
401,0.9,1,False,,,,
402,0.9,1,False,,,,
403,0.9,1,False,,,,
404,0.9,1,False,,,,
405,0.9,1,False,,,,
406,0.9,1,False,,,,
407,0.9,1,False,,,,
408,0.9,1,False,,,,
409,0.9,1,False,,,,
410,0.9,1,False,,,,
411,0.9,1,False,,,,
412,0.9,1,False,,,,
413,0.9,1,False,,,,
414,0.9,1,False,,,,
415,0.9,1,False,,,,
416,0.9,1,False,,,,
417,0.9,1,False,,,,
418,0.9,1,False,,,,
419,0.9,1,False,,,,
420,0.9,1,False,,,,
421,0.9,1,False,,,,
422,0.9,1,False,,,,
423,0.9,1,False,,,,
424,0.9,1,False,,,,
425,0.9,1,False,,,,
426,0.9,1,False,,,,
427,0.9,1,False,,,,
428,0.9,1,False,,,,
429,0.9,1,False,,,,
430,0.9,1,False,,,,
431,0.9,1,False,,,,
432,0.9,1,False,,,,
433,0.9,1,False,,,,
434,0.9,1,False,,,,
435,0.9,1,False,,,,
436,0.9,1,False,,,,
437,0.9,1,False,,,,
438,0.9,1,False,,,,
439,0.9,1,False,,,,
440,0.9,1,False,,,,
441,0.9,1,False,,,,
442,0.9,1,False,,,,
443,0.9,1,False,,,,
444,0.9,1,False,,,,
445,0.9,1,False,,,,
446,0.9,1,False,,,,
447,0.9,1,False,,,,
448,0.9,1,False,,,,
449,0.9,1,False,,,,
450,0.9,1,False,,,,
451,0.9,1,False,,,,
452,0.9,1,False,,,,
453,0.9,1,False,,,,
454,0.9,1,False,,,,
455,0.9,1,False,,,,
456,0.9,1,False,,,,
457,0.9,1,False,,,,
458,0.9,1,False,,,,
459,0.9,1,False,,,,
460,0.9,1,False,,,,
461,0.9,1,False,,,,
462,0.9,1,False,,,,
463,0.9,1,False,,,,
464,0.9,1,False,,,,
465,0.9,1,False,,,,
466,0.9,1,False,,,,
467,0.9,1,False,,,,
468,0.9,1,False,,,,
469,0.9,1,False,,,,
470,0.9,1,False,,,,
471,0.9,1,False,,,,
472,0.9,1,False,,,,
473,0.9,1,False,,,,
474,0.9,1,False,,,,
475,0.9,1,False,,,,
476,0.9,1,False,,,,
477,0.9,1,False,,,,
478,0.9,1,False,,,,
479,0.9,1,False,,,,
480,0.9,1,False,,,,
481,0.9,1,False,,,,
482,0.9,1,False,,,,
483,0.9,1,False,,,,
484,0.9,1,False,,,,
485,0.9,1,False,,,,
486,0.9,1,False,,,,
487,0.9,1,False,,,,
488,0.9,1,False,,,,
489,0.9,1,False,,,,
490,0.9,1,False,,,,
491,0.9,1,False,,,,
492,0.9,1,False,,,,
493,0.9,1,False,,,,
494,0.9,1,False,,,,
495,0.9,1,False,,,,
496,0.9,1,False,,,,
497,0.9,1,False,,,,
498,0.9,1,False,,,,
499,0.9,1,False,,,,
500,0.9,1,False,,,,
501,0.9,1,False,,,,
502,0.9,1,False,,,,
503,0.9,1,False,,,,
504,0.9,1,False,,,,
505,0.9,1,False,,,,
506,0.9,1,False,,,,
507,0.9,1,False,,,,
508,0.9,1,False,,,,
509,0.9,1,False,,,,
510,0.9,1,False,,,,
511,0.9,1,False,,,,
512,0.9,1,False,,,,
513,0.9,1,False,,,,
514,0.9,1,False,,,,
515,0.9,1,False,,,,
516,0.9,1,False,,,,
517,0.9,1,False,,,,
518,0.9,1,False,,,,
519,0.9,1,False,,,,
520,0.9,1,False,,,,
521,0.9,1,False,,,,
522,0.9,1,False,,,,
523,0.9,1,False,,,,
524,0.9,1,False,,,,
525,0.9,1,False,,,,
526,0.9,1,False,,,,
527,0.9,1,False,,,,
528,0.9,1,False,,,,
529,0.9,1,False,,,,
530,0.9,1,False,,,,
531,0.9,1,False,,,,
532,0.9,1,False,,,,
533,0.9,1,False,,,,
534,0.9,1,False,,,,
535,0.9,1,False,,,,
536,0.9,1,False,,,,
537,0.9,1,False,,,,
538,0.9,1,False,,,,
539,0.9,1,False,,,,
540,0.9,1,False,,,,
541,0.9,1,False,,,,
542,0.9,1,False,,,,
543,0.9,1,False,,,,
544,0.9,1,False,,,,
545,0.9,1,False,,,,
546,0.9,1,False,,,,
547,0.9,1,False,,,,
548,0.9,1,False,,,,
549,0.9,1,False,,,,
550,0.9,1,False,,,,
551,0.9,1,False,,,,
552,0.9,1,False,,,,
553,0.9,1,False,,,,
554,0.9,1,False,,,,
555,0.9,1,False,,,,
556,0.9,1,False,,,,
557,0.9,1,False,,,,
558,0.9,1,False,,,,
559,0.9,1,False,,,,
560,0.9,1,False,,,,
561,0.9,1,False,,,,
562,0.9,1,False,,,,
563,0.9,1,False,,,,
564,0.9,1,False,,,,
565,0.9,1,False,,,,
566,0.9,1,False,,,,
567,0.9,1,False,,,,
568,0.9,1,False,,,,
569,0.9,1,False,,,,
570,0.9,1,False,,,,
571,0.9,1,False,,,,
572,0.9,1,False,,,,
573,0.9,1,False,,,,
574,0.9,1,False,,,,
575,0.9,1,False,,,,
576,0.9,1,False,,,,
577,0.9,1,False,,,,
578,0.9,1,False,,,,
579,0.9,1,False,,,,
580,0.9,1,False,,,,
581,0.9,1,False,,,,
582,0.9,1,False,,,,
583,0.9,1,False,,,,
584,0.9,1,False,,,,
585,0.9,1,False,,,,
586,0.9,1,False,,,,
587,0.9,1,False,,,,
588,0.9,1,False,,,,
589,0.9,1,False,,,,
590,0.9,1,False,,,,
591,0.9,1,False,,,,
592,0.9,1,False,,,,
593,0.9,1,False,,,,
594,0.9,1,False,,,,
595,0.9,1,False,,,,
596,0.9,1,False,,,,
597,0.9,1,False,,,,
598,0.9,1,False,,,,
599,0.9,1,False,,,,
600,0.9,1,False,,,,
601,0.9,1,False,,,,
602,0.9,1,False,,,,
603,0.9,1,False,,,,
604,0.9,1,False,,,,
605,0.9,1,False,,,,
606,0.9,1,False,,,,
607,0.9,1,False,,,,
608,0.9,1,False,,,,
609,0.9,1,False,,,,
610,0.9,1,False,,,,
611,0.9,1,False,,,,
612,0.9,1,False,,,,
613,0.9,1,False,,,,
614,0.9,1,False,,,,
615,0.9,1,False,,,,
616,0.9,1,False,,,,
617,0.9,1,False,,,,
618,0.9,1,False,,,,
619,0.9,1,False,,,,
620,0.9,1,False,,,,
621,0.9,1,False,,,,
622,0.9,1,False,,,,
623,0.9,1,False,,,,
624,0.9,1,False,,,,
625,0.9,1,False,,,,
626,0.9,1,False,,,,
627,0.9,1,False,,,,
628,0.9,1,False,,,,
629,0.9,1,False,,,,
630,0.9,1,False,,,,
631,0.9,1,False,,,,
632,0.9,1,False,,,,
633,0.9,1,False,,,,
634,0.9,1,False,,,,
635,0.9,1,False,,,,
636,0.9,1,False,,,,
637,0.9,1,False,,,,
638,0.9,1,False,,,,
639,0.9,1,False,,,,
640,0.9,1,False,,,,
641,0.9,1,False,,,,
642,0.9,1,False,,,,
643,0.9,1,False,,,,
644,0.9,1,False,,,,
645,0.9,1,False,,,,
646,0.9,1,False,,,,
647,0.9,1,False,,,,
648,0.9,1,False,,,,
649,0.9,1,False,,,,
650,0.9,1,False,,,,
651,0.9,1,False,,,,
652,0.9,1,False,,,,
653,0.9,1,False,,,,
654,0.9,1,False,,,,
655,0.9,1,False,,,,
656,0.9,1,False,,,,
657,0.9,1,False,,,,
658,0.9,1,False,,,,
659,0.9,1,False,,,,
660,0.9,1,False,,,,
661,0.9,1,False,,,,
662,0.9,1,False,,,,
663,0.9,1,False,,,,
664,0.9,1,False,,,,
665,0.9,1,False,,,,
666,0.9,1,False,,,,
667,0.9,1,False,,,,
668,0.9,1,False,,,,
669,0.9,1,False,,,,
670,0.9,1,False,,,,
671,0.9,1,False,,,,
672,0.9,1,False,,,,
673,0.9,1,False,,,,
674,0.9,1,False,,,,
675,0.9,1,False,,,,
676,0.9,1,False,,,,
677,0.9,1,False,,,,
678,0.9,1,False,,,,
679,0.9,1,False,,,,
680,0.9,1,False,,,,
681,0.9,1,False,,,,
682,0.9,1,False,,,,
683,0.9,1,False,,,,
684,0.9,1,False,,,,
685,0.9,1,False,,,,
686,0.9,1,False,,,,
687,0.9,1,False,,,,
688,0.9,1,False,,,,
689,0.9,1,False,,,,
690,0.9,1,False,,,,
691,0.9,1,False,,,,
692,0.9,1,False,,,,
693,0.9,1,False,,,,
694,0.9,1,False,,,,
695,0.9,1,False,,,,
696,0.9,1,False,,,,
697,0.9,1,False,,,,
698,0.9,1,False,,,,
699,0.9,1,False,,,,
700,0.9,1,False,,,,
701,0.9,1,False,,,,
702,0.9,1,False,,,,
703,0.9,1,False,,,,
704,0.9,1,False,,,,
705,0.9,1,False,,,,
706,0.9,1,False,,,,
707,0.9,1,False,,,,
708,0.9,1,False,,,,
709,0.9,1,False,,,,
710,0.9,1,False,,,,
711,0.9,1,False,,,,
712,0.9,1,False,,,,
713,0.9,1,False,,,,
714,0.9,1,False,,,,
715,0.9,1,False,,,,
716,0.9,1,False,,,,
717,0.9,1,False,,,,
718,0.9,1,False,,,,
719,0.9,1,False,,,,
720,0.9,1,False,,,,
721,0.9,1,False,,,,
722,0.9,1,False,,,,
723,0.9,1,False,,,,
724,0.9,1,False,,,,
725,0.9,1,False,,,,
726,0.9,1,False,,,,
727,0.9,1,False,,,,
728,0.9,1,False,,,,
729,0.9,1,False,,,,
730,0.9,1,False,,,,
731,0.9,1,False,,,,
732,0.9,1,False,,,,
733,0.9,1,False,,,,
734,0.9,1,False,,,,
735,0.9,1,False,,,,
736,0.9,1,False,,,,
737,0.9,1,False,,,,
738,0.9,1,False,,,,
739,0.9,1,False,,,,
740,0.9,1,False,,,,
741,0.9,1,False,,,,
742,0.9,1,False,,,,
743,0.9,1,False,,,,
744,0.9,1,False,,,,
745,0.9,1,False,,,,
746,0.9,1,False,,,,
747,0.9,1,False,,,,
748,0.9,1,False,,,,
749,0.9,1,False,,,,
750,0.9,1,False,,,,
751,0.9,1,False,,,,
752,0.9,1,False,,,,
753,0.9,1,False,,,,
754,0.9,1,False,,,,
755,0.9,1,False,,,,
756,0.9,1,False,,,,
757,0.9,1,False,,,,
758,0.9,1,False,,,,
759,0.9,1,False,,,,
760,0.9,1,False,,,,
761,0.9,1,False,,,,
762,0.9,1,False,,,,
763,0.9,1,False,,,,
764,0.9,1,False,,,,
765,0.9,1,False,,,,
766,0.9,1,False,,,,
767,0.9,1,False,,,,
768,0.9,1,False,,,,
769,0.9,1,False,,,,
770,0.9,1,False,,,,
771,0.9,1,False,,,,
772,0.9,1,False,,,,
773,0.9,1,False,,,,
774,0.9,1,False,,,,
775,0.9,1,False,,,,
776,0.9,1,False,,,,
777,0.9,1,False,,,,
778,0.9,1,False,,,,
779,0.9,1,False,,,,
780,0.9,1,False,,,,
781,0.9,1,False,,,,
782,0.9,1,False,,,,
783,0.9,1,False,,,,
784,0.9,1,False,,,,
785,0.9,1,False,,,,
786,0.9,1,False,,,,
787,0.9,1,False,,,,
788,0.9,1,False,,,,
789,0.9,1,False,,,,
790,0.9,1,False,,,,
791,0.9,1,False,,,,
792,0.9,1,False,,,,
793,0.9,1,False,,,,
794,0.9,1,False,,,,
795,0.9,1,False,,,,
796,0.9,1,False,,,,
797,0.9,1,False,,,,
798,0.9,1,False,,,,
799,0.9,1,False,,,,
800,0.9,1,False,,,,
801,0.9,1,False,,,,
802,0.9,1,False,,,,
803,0.9,1,False,,,,
804,0.9,1,False,,,,
805,0.9,1,False,,,,
806,0.9,1,False,,,,
807,0.9,1,False,,,,
808,0.9,1,False,,,,
809,0.9,1,False,,,,
810,0.9,1,False,,,,
811,0.9,1,False,,,,
812,0.9,1,False,,,,
813,0.9,1,False,,,,
814,0.9,1,False,,,,
815,0.9,1,False,,,,
816,0.9,1,False,,,,
817,0.9,1,False,,,,
818,0.9,1,False,,,,
819,0.9,1,False,,,,
820,0.9,1,False,,,,
821,0.9,1,False,,,,
822,0.9,1,False,,,,
823,0.9,1,False,,,,
824,0.9,1,False,,,,
825,0.9,1,False,,,,
826,0.9,1,False,,,,
827,0.9,1,False,,,,
828,0.9,1,False,,,,
829,0.9,1,False,,,,
830,0.9,1,False,,,,
831,0.9,1,False,,,,
832,0.9,1,False,,,,
833,0.9,1,False,,,,
834,0.9,1,False,,,,
835,0.9,1,False,,,,
836,0.9,1,False,,,,
837,0.9,1,False,,,,
838,0.9,1,False,,,,
839,0.9,1,False,,,,
840,0.9,1,False,,,,
841,0.9,1,False,,,,
842,0.9,1,False,,,,
843,0.9,1,False,,,,
844,0.9,1,False,,,,
845,0.9,1,False,,,,
846,0.9,1,False,,,,
847,0.9,1,False,,,,
848,0.9,1,False,,,,
849,0.9,1,False,,,,
850,0.9,1,False,,,,
851,0.9,1,False,,,,
852,0.9,1,False,,,,
853,0.9,1,False,,,,
854,0.9,1,False,,,,
855,0.9,1,False,,,,
856,0.9,1,False,,,,
857,0.9,1,False,,,,
858,0.9,1,False,,,,
859,0.9,1,False,,,,
860,0.9,1,False,,,,
861,0.9,1,False,,,,
862,0.9,1,False,,,,
863,0.9,1,False,,,,
864,0.9,1,False,,,,
865,0.9,1,False,,,,
866,0.9,1,False,,,,
867,0.9,1,False,,,,
868,0.9,1,False,,,,
869,0.9,1,False,,,,
870,0.9,1,False,,,,
871,0.9,1,False,,,,
872,0.9,1,False,,,,
873,0.9,1,False,,,,
874,0.9,1,False,,,,
875,0.9,1,False,,,,
876,0.9,1,False,,,,
877,0.9,1,False,,,,
878,0.9,1,False,,,,
879,0.9,1,False,,,,
880,0.9,1,False,,,,
881,0.9,1,False,,,,
882,0.9,1,False,,,,
883,0.9,1,False,,,,
884,0.9,1,False,,,,
885,0.9,1,False,,,,
886,0.9,1,False,,,,
887,0.9,1,False,,,,
888,0.9,1,False,,,,
889,0.9,1,False,,,,
890,0.9,1,False,,,,
891,0.9,1,False,,,,
892,0.9,1,False,,,,
893,0.9,1,False,,,,
894,0.9,1,False,,,,
895,0.9,1,False,,,,
896,0.9,1,False,,,,
897,0.9,1,False,,,,
898,0.9,1,False,,,,
899,0.9,1,False,,,,
900,0.9,1,False,,,,
901,0.9,1,False,,,,
902,0.9,1,False,,,,
903,0.9,1,False,,,,
904,0.9,1,False,,,,
905,0.9,1,False,,,,
906,0.9,1,False,,,,
907,0.9,1,False,,,,
908,0.9,1,False,,,,
909,0.9,1,False,,,,
910,0.9,1,False,,,,
911,0.9,1,False,,,,
912,0.9,1,False,,,,
913,0.9,1,False,,,,
914,0.9,1,False,,,,
915,0.9,1,False,,,,
916,0.9,1,False,,,,
917,0.9,1,False,,,,
918,0.9,1,False,,,,
919,0.9,1,False,,,,
920,0.9,1,False,,,,
921,0.9,1,False,,,,
922,0.9,1,False,,,,
923,0.9,1,False,,,,
924,0.9,1,False,,,,
925,0.9,1,False,,,,
926,0.9,1,False,,,,
927,0.9,1,False,,,,
928,0.9,1,False,,,,
929,0.9,1,False,,,,
930,0.9,1,False,,,,
931,0.9,1,False,,,,
932,0.9,1,False,,,,
933,0.9,1,False,,,,
934,0.9,1,False,,,,
935,0.9,1,False,,,,
936,0.9,1,False,,,,
937,0.9,1,False,,,,
938,0.9,1,False,,,,
939,0.9,1,False,,,,
940,0.9,1,False,,,,
941,0.9,1,False,,,,
942,0.9,1,False,,,,
943,0.9,1,False,,,,
944,0.9,1,False,,,,
945,0.9,1,False,,,,
946,0.9,1,False,,,,
947,0.9,1,False,,,,
948,0.9,1,False,,,,
949,0.9,1,False,,,,
950,0.9,1,False,,,,
951,0.9,1,False,,,,
952,0.9,1,False,,,,
953,0.9,1,False,,,,
954,0.9,1,False,,,,
955,0.9,1,False,,,,
956,0.9,1,False,,,,
957,0.9,1,False,,,,
958,0.9,1,False,,,,
959,0.9,1,False,,,,
960,0.9,1,False,,,,
961,0.9,1,False,,,,
962,0.9,1,False,,,,
963,0.9,1,False,,,,
964,0.9,1,False,,,,
965,0.9,1,False,,,,
966,0.9,1,False,,,,
967,0.9,1,False,,,,
968,0.9,1,False,,,,
969,0.9,1,False,,,,
970,0.9,1,False,,,,
971,0.9,1,False,,,,
972,0.9,1,False,,,,
973,0.9,1,False,,,,
974,0.9,1,False,,,,
975,0.9,1,False,,,,
976,0.9,1,False,,,,
977,0.9,1,False,,,,
978,0.9,1,False,,,,
979,0.9,1,False,,,,
980,0.9,1,False,,,,
981,0.9,1,False,,,,
982,0.9,1,False,,,,
983,0.9,1,False,,,,
984,0.9,1,False,,,,
985,0.9,1,False,,,,
986,0.9,1,False,,,,
987,0.9,1,False,,,,
988,0.9,1,False,,,,
989,0.9,1,False,,,,
990,0.9,1,False,,,,
991,0.9,1,False,,,,
992,0.9,1,False,,,,
993,0.9,1,False,,,,
994,0.9,1,False,,,,
995,0.9,1,False,,,,
996,0.9,1,False,,,,
997,0.9,1,False,,,,
998,0.9,1,False,,,,
999,0.9,1,False,,,,
1000,0.9,1,False,,,,
1001,0.9,1,False,,,,
1002,0.9,1,False,,,,
1003,0.9,1,False,,,,
1004,0.9,1,False,,,,
1005,0.9,1,False,,,,
1006,0.9,1,False,,,,
1007,0.9,1,False,,,,
1008,0.9,1,False,,,,
1009,0.9,1,False,,,,
1010,0.9,1,False,,,,
1011,0.9,1,False,,,,
1012,0.9,1,False,,,,
1013,0.9,1,False,,,,
1014,0.9,1,False,,,,
1015,0.9,1,False,,,,
1016,0.9,1,False,,,,
1017,0.9,1,False,,,,
1018,0.9,1,False,,,,
1019,0.9,1,False,,,,
1020,0.9,1,False,,,,
1021,0.9,1,False,,,,
1022,0.9,1,False,,,,
1023,0.9,1,False,,,,
1024,0.9,1,False,,,,
1025,0.9,1,False,,,,
1026,0.9,1,False,,,,
1027,0.9,1,False,,,,
1028,0.9,1,False,,,,
1029,0.9,1,False,,,,
1030,0.9,1,False,,,,
1031,0.9,1,False,,,,
1032,0.9,1,False,,,,
1033,0.9,1,False,,,,
1034,0.9,1,False,,,,
1035,0.9,1,False,,,,
1036,0.9,1,False,,,,
1037,0.9,1,False,,,,
1038,0.9,1,False,,,,
1039,0.9,1,False,,,,
1040,0.9,1,False,,,,
1041,0.9,1,False,,,,
1042,0.9,1,False,,,,
1043,0.9,1,False,,,,
1044,0.9,1,False,,,,
1045,0.9,1,False,,,,
1046,0.9,1,False,,,,
1047,0.9,1,False,,,,
1048,0.9,1,False,,,,
1049,0.9,1,False,,,,
1050,0.9,1,False,,,,
1051,0.9,1,False,,,,
1052,0.9,1,False,,,,
1053,0.9,1,False,,,,
1054,0.9,1,False,,,,
1055,0.9,1,False,,,,
1056,0.9,1,False,,,,
1057,0.9,1,False,,,,
1058,0.9,1,False,,,,
1059,0.9,1,False,,,,
1060,0.9,1,False,,,,
1061,0.9,1,False,,,,
1062,0.9,1,False,,,,
1063,0.8,2,False,,,,
1064,0.8,2,False,,,,
1065,0.8,2,False,,,,
1066,0.8,2,False,,,,
1067,0.8,2,False,,,,
1068,0.8,2,False,,,,
1069,0.9,1,False,,,,
1070,0.9,1,False,,,,
1071,0.9,1,False,,,,
1072,0.9,1,False,,,,
1073,0.9,1,False,,,,
1074,0.9,1,False,,,,
1075,0.9,1,False,,,,
1076,0.9,1,False,,,,
1077,0.9,1,False,,,,
1078,0.9,1,False,,,,
1079,0.9,1,False,,,,
1080,0.9,1,False,,,,
1081,0.8,2,False,,,,
1082,0.8,2,False,,,,
1083,0.8,2,False,,,,
1084,0.8,2,False,,,,
1085,0.8,2,False,,,,
1086,0.8,2,False,,,,
1087,0.8,2,False,,,,
1088,0.8,2,False,,,,
1089,0.8,2,False,,,,
1090,0.8,2,False,,,,
1091,0.8,2,False,,,,
1092,0.8,2,False,,,,
1093,0.9,1,False,,,,
1094,0.9,1,False,,,,
1095,0.9,1,False,,,,
1096,0.9,1,False,,,,
1097,0.9,1,False,,,,
1098,0.9,1,False,,,,
1099,0.9,1,False,,,,
1100,0.9,1,False,,,,
1101,0.9,1,False,,,,
1102,0.9,1,False,,,,
1103,0.9,1,False,,,,
1104,0.9,1,False,,,,
1105,0.9,1,False,,,,
1106,0.9,1,False,,,,
1107,0.9,1,False,,,,
1108,0.9,1,False,,,,
1109,0.9,1,False,,,,
1110,0.9,1,False,,,,
1111,0.8,2,False,,,,
1112,0.8,2,False,,,,
1113,0.8,2,False,,,,
1114,0.8,2,False,,,,
1115,0.8,2,False,,,,
1116,0.8,2,False,,,,
1117,0.8,2,False,,,,
1118,0.8,2,False,,,,
1119,0.8,2,False,,,,
1120,0.8,2,False,,,,
1121,0.8,2,False,,,,
1122,0.8,2,False,,,,
1123,0.8,2,False,,,,
1124,0.8,2,False,,,,
1125,0.8,2,False,,,,
1126,0.9,1,False,,,,
1127,0.9,1,False,,,,
1128,0.9,1,False,,,,
1129,0.8,2,False,,,,
1130,0.8,2,False,,,,
1131,0.8,2,False,,,,
1132,0.8,2,False,,,,
1133,0.8,2,False,,,,
1134,0.8,2,False,,,,
1135,0.8,2,False,,,,
1136,0.8,2,False,,,,
1137,0.8,2,False,,,,
1138,0.8,2,False,,,,
1139,0.8,2,False,,,,
1140,0.8,2,False,,,,
1141,0.8,2,False,,,,
1142,0.8,2,False,,,,
1143,0.8,2,False,,,,
1144,0.8,2,False,,,,
1145,0.9,1,False,,,,
1146,0.9,1,False,,,,
1147,0.8,2,False,,,,
1148,0.8,2,False,,,,
1149,0.8,2,False,,,,
1150,0.8,2,False,,,,
1151,0.8,2,False,,,,
1152,0.8,2,False,,,,
1153,0.8,2,False,,,,
1154,0.8,2,False,,,,
1155,0.8,2,False,,,,
1156,0.9,1,False,,,,
1157,0.9,1,False,,,,
1158,0.8,2,False,,,,
1159,0.8,2,False,,,,
1160,0.8,2,False,,,,
1161,0.8,2,False,,,,
1162,0.8,2,False,,,,
1163,0.8,2,False,,,,
1164,0.8,2,False,,,,
1165,0.8,2,False,,,,
1166,0.8,2,False,,,,
1167,0.8,2,False,,,,
1168,0.8,2,False,,,,
1169,0.8,2,False,,,,
1170,0.8,2,False,,,,
1171,0.8,2,False,,,,
1172,0.8,2,False,,,,
1173,0.8,2,False,,,,
1174,0.8,2,False,,,,
1175,0.8,2,False,,,,
1176,0.8,2,False,,,,
1177,0.8,2,False,,,,
1178,0.8,2,False,,,,
1179,0.8,2,False,,,,
1180,0.8,2,False,,,,
1181,0.8,2,False,,,,
1182,0.8,2,False,,,,
1183,0.8,2,False,,,,
1184,0.9,1,False,,,,
1185,0.9,1,False,,,,
1186,0.9,1,False,,,,
1187,0.9,1,False,,,,
1188,0.9,1,False,,,,
1189,0.9,1,False,,,,
1190,0.8,2,False,,,,
1191,0.8,2,False,,,,
1192,0.8,2,False,,,,
1193,0.8,2,False,,,,
1194,0.8,2,False,,,,
1195,0.8,2,False,,,,
1196,0.8,2,False,,,,
1197,0.8,2,False,,,,
1198,0.8,2,False,,,,
1199,0.8,2,False,,,,
1200,0.8,2,False,,,,
1201,0.8,2,False,,,,
1202,0.8,2,False,,,,
1203,0.8,2,False,,,,
1204,0.8,2,False,,,,
1205,0.8,2,False,,,,
1206,0.8,2,False,,,,
1207,0.9,1,False,,,,
1208,0.9,1,False,,,,
1209,0.9,1,False,,,,
1210,0.9,1,False,,,,
1211,0.9,1,False,,,,
1212,0.9,1,False,,,,
1213,0.8,2,False,,,,
1214,0.8,2,False,,,,
1215,0.8,2,False,,,,
1216,0.8,2,False,,,,
1217,0.8,2,False,,,,
1218,0.8,2,False,,,,
1219,0.8,2,False,,,,
1220,0.8,2,False,,,,
1221,0.8,2,False,,,,
1222,0.8,2,False,,,,
1223,0.8,2,False,,,,
1224,0.8,2,False,,,,
1225,0.8,2,False,,,,
1226,0.8,2,False,,,,
1227,0.8,2,False,,,,
1228,0.8,2,False,,,,
1229,0.8,2,False,,,,
1230,0.9,1,False,,,,
1231,0.9,1,False,,,,
1232,0.9,1,False,,,,
1233,0.9,1,False,,,,
1234,0.8,2,False,,,,
1235,0.8,2,False,,,,
1236,0.8,2,False,,,,
1237,0.8,2,False,,,,
1238,0.8,2,False,,,,
1239,0.8,2,False,,,,
1240,0.8,2,False,,,,
1241,0.8,2,False,,,,
1242,0.8,2,False,,,,
1243,0.8,2,False,,,,
1244,0.8,2,False,,,,
1245,0.9,1,False,,,,
1246,0.9,1,False,,,,
1247,0.8,2,False,,,,
1248,0.8,2,False,,,,
1249,0.8,2,False,,,,
1250,0.8,2,False,,,,
1251,0.8,2,False,,,,
1252,0.8,2,False,,,,
1253,0.8,2,False,,,,
1254,0.8,2,False,,,,
1255,0.8,2,False,,,,
1256,0.9,1,False,,,,
1257,0.8,2,False,,,,
1258,0.8,2,False,,,,
1259,0.8,2,False,,,,
1260,0.8,2,False,,,,
1261,0.8,2,False,,,,
1262,0.8,2,False,,,,
1263,0.8,2,False,,,,
1264,0.8,2,False,,,,
1265,0.8,2,False,,,,
1266,0.8,2,False,,,,
1267,0.8,2,False,,,,
1268,0.8,2,False,,,,
1269,0.8,2,False,,,,
1270,0.8,2,False,,,,
1271,0.8,2,False,,,,
1272,0.9,1,False,,,,
1273,0.9,1,False,,,,
1274,0.9,1,False,,,,
1275,0.9,1,False,,,,
1276,0.8,2,False,,,,
1277,0.8,2,False,,,,
1278,0.8,2,False,,,,
1279,0.8,2,False,,,,
1280,0.8,2,False,,,,
1281,0.8,2,False,,,,
1282,0.8,2,False,,,,
1283,0.9,1,False,,,,
1284,0.8,2,False,,,,
1285,0.8,2,False,,,,
1286,0.8,2,False,,,,
1287,0.8,2,False,,,,
1288,0.8,2,False,,,,
1289,0.8,2,False,,,,
1290,0.8,2,False,,,,
1291,0.8,2,False,,,,
1292,0.8,2,False,,,,
1293,0.8,2,False,,,,
1294,0.8,2,False,,,,
1295,0.8,2,False,,,,
1296,0.8,2,False,,,,
1297,0.8,2,False,,,,
1298,0.8,2,False,,,,
1299,0.8,2,False,,,,
1300,0.8,2,False,,,,
1301,0.8,2,False,,,,
1302,0.8,2,False,,,,
1303,0.8,2,False,,,,
1304,0.8,2,False,,,,
1305,0.8,2,False,,,,
1306,0.8,2,False,,,,
1307,0.8,2,False,,,,
1308,0.8,2,False,,,,
1309,0.9,1,False,,,,
1310,0.9,1,False,,,,
1311,0.9,1,False,,,,
1312,0.9,1,False,,,,
1313,0.8,2,False,,,,
1314,0.8,2,False,,,,
1315,0.8,2,False,,,,
1316,0.8,2,False,,,,
1317,0.8,2,False,,,,
1318,0.8,2,False,,,,
1319,0.8,2,False,,,,
1320,0.8,2,False,,,,
1321,0.8,2,False,,,,
1322,0.8,2,False,,,,
1323,0.8,2,False,,,,
1324,0.8,2,False,,,,
1325,0.8,2,False,,,,
1326,0.8,2,False,,,,
1327,0.8,2,False,,,,
1328,0.8,2,False,,,,
1329,0.8,2,False,,,,
1330,0.8,2,False,,,,
1331,0.8,2,False,,,,
1332,0.9,1,False,,,,
1333,0.9,1,False,,,,
1334,0.9,1,False,,,,
1335,0.9,1,False,,,,
1336,0.9,1,False,,,,
1337,0.9,1,False,,,,
1338,0.8,2,False,,,,
1339,0.8,2,False,,,,
1340,0.8,2,False,,,,
1341,0.8,2,False,,,,
1342,0.8,2,False,,,,
1343,0.8,2,False,,,,
1344,0.8,2,False,,,,
1345,0.8,2,False,,,,
1346,0.8,2,False,,,,
1347,0.8,2,False,,,,
1348,0.8,2,False,,,,
1349,0.8,2,False,,,,
1350,0.8,2,False,,,,
1351,0.8,2,False,,,,
1352,0.8,2,False,,,,
1353,0.8,2,False,,,,
1354,0.8,2,False,,,,
1355,0.8,2,False,,,,
1356,0.8,2,False,,,,
1357,0.8,2,False,,,,
1358,0.7,3,False,,,,
1359,0.7,3,False,,,,
1360,0.8,2,False,,,,
1361,0.8,2,False,,,,
1362,0.8,2,False,,,,
1363,0.8,2,False,,,,
1364,0.8,2,False,,,,
1365,0.8,2,False,,,,
1366,0.9,1,False,,,,
1367,0.9,1,False,,,,
1368,0.9,1,False,,,,
1369,0.8,2,False,,,,
1370,0.8,2,False,,,,
1371,0.8,2,False,,,,
1372,0.8,2,False,,,,
1373,0.8,2,False,,,,
1374,0.8,2,False,,,,
1375,0.8,2,False,,,,
1376,0.8,2,False,,,,
1377,0.8,2,False,,,,
1378,0.8,2,False,,,,
1379,0.8,2,False,,,,
1380,0.8,2,False,,,,
1381,0.8,2,False,,,,
1382,0.8,2,False,,,,
1383,0.8,2,False,,,,
1384,0.8,2,False,,,,
1385,0.8,2,False,,,,
1386,0.8,2,False,,,,
1387,0.8,2,False,,,,
1388,0.8,2,False,,,,
1389,0.8,2,False,,,,
1390,0.8,2,False,,,,
1391,0.8,2,False,,,,
1392,0.8,2,False,,,,
1393,0.8,2,False,,,,
1394,0.8,2,False,,,,
1395,0.8,2,False,,,,
1396,0.8,2,False,,,,
1397,0.8,2,False,,,,
1398,0.8,2,False,,,,
1399,0.7,3,False,,,,
1400,0.7,3,False,,,,
1401,0.7,3,False,,,,
1402,0.7,3,False,,,,
1403,0.7,3,False,,,,
1404,0.7,3,False,,,,
1405,0.7,3,False,,,,
1406,0.7,3,False,,,,
1407,0.7,3,False,,,,
1408,0.7,3,False,,,,
1409,0.7,3,False,,,,
1410,0.7,3,False,,,,
1411,0.2,8,True,0.42142857142857143,0.625,0.11951797627815941,1.2987949406953985
1412,0.2,8,True,0.2357142857142857,0.25,0.03042964980987506,2.5
1413,0.2,8,True,0.2380952380952381,0.5,0.08613531161467847,1.75
1414,0.2,8,True,0.2571428571428572,0.375,0.0573192851827401,2.4056390622295662
1415,0.2,8,True,0.4142857142857143,0.375,0.01452470277266571,1.561278124459133
1416,0.2,8,True,0.5047619047619047,0.75,0.13502647928207268,0.8112781244591328
1417,0.2,8,True,0.28095238095238095,0.5,0.10175559829607284,2.0
1418,0.2,8,True,0.5333333333333333,1.0,0.2780719051126377,0.0
1419,0.2,8,True,0.4571428571428572,0.75,0.21452470277266567,1.061278124459133
1420,0.2,8,True,0.6666666666666666,1.0,0.2780719051126377,0.0
1421,0.2,8,True,0.6666666666666666,1.0,0.2780719051126377,0.0
1422,0.2,8,True,0.4857142857142857,0.5,0.03977028213923883,1.0
1423,0.2,8,True,0.5333333333333333,1.0,0.2780719051126377,0.0
1424,0.2,8,True,0.7333333333333333,1.0,0.2780719051126377,0.0
1425,0.2,8,True,0.4857142857142857,0.5,0.03977028213923883,1.0
1426,0.2,8,True,0.5166666666666667,0.625,0.06276943678387037,0.954434002924965
1427,0.2,8,True,0.36666666666666664,0.625,0.15545875354128547,1.5487949406953985
1428,0.2,8,True,0.5166666666666667,0.875,0.27015330083790245,0.5435644431995964
1429,0.2,8,True,0.24285714285714285,0.25,0.03042964980987506,2.5
1430,0.2,8,True,0.430952380952381,0.5,0.07678032766449228,1.4056390622295665
1431,0.2,8,True,0.44761904761904764,0.625,0.11951797627815941,1.2987949406953985
1432,0.2,8,True,0.46904761904761905,0.75,0.21452470277266567,1.061278124459133
1433,0.2,8,True,0.5666666666666667,0.875,0.27015330083790245,0.5435644431995964
1434,0.2,8,True,0.42380952380952386,0.75,0.13502647928207268,0.8112781244591328
1435,0.2,8,True,0.3880952380952381,0.625,0.15545875354128547,1.5487949406953985
1436,0.2,8,True,0.42142857142857143,0.5,0.07678032766449228,1.4056390622295665
1437,0.2,8,True,0.4904761904761905,0.75,0.21452470277266567,1.061278124459133
1438,0.2,8,True,0.6666666666666666,1.0,0.2780719051126377,0.0
1439,0.2,8,True,0.4357142857142857,0.75,0.21452470277266567,1.061278124459133
1440,0.2,8,True,0.5047619047619047,0.75,0.13502647928207268,0.8112781244591328
1441,0.9,1,False,,,,
1442,0.9,1,False,,,,
1443,0.9,1,False,,,,
1444,0.9,1,False,,,,
1445,0.9,1,False,,,,
1446,0.9,1,False,,,,
1447,0.9,1,False,,,,
1448,0.9,1,False,,,,
1449,0.9,1,False,,,,
1450,0.9,1,False,,,,
1451,0.9,1,False,,,,
1452,0.9,1,False,,,,
1453,0.9,1,False,,,,
1454,0.9,1,False,,,,
1455,0.9,1,False,,,,
1456,0.9,1,False,,,,
1457,0.9,1,False,,,,
1458,0.9,1,False,,,,
1459,0.9,1,False,,,,
1460,0.9,1,False,,,,
1461,0.9,1,False,,,,
1462,0.9,1,False,,,,
1463,0.9,1,False,,,,
1464,0.9,1,False,,,,
1465,0.9,1,False,,,,
1466,0.9,1,False,,,,
1467,0.9,1,False,,,,
1468,0.9,1,False,,,,
1469,0.9,1,False,,,,
1470,0.9,1,False,,,,
1471,0.9,1,False,,,,
1472,0.9,1,False,,,,
1473,0.9,1,False,,,,
1474,0.9,1,False,,,,
1475,0.9,1,False,,,,
1476,0.9,1,False,,,,
1477,0.9,1,False,,,,
1478,0.9,1,False,,,,
1479,0.9,1,False,,,,
1480,0.9,1,False,,,,
1481,0.9,1,False,,,,
1482,0.9,1,False,,,,
1483,0.9,1,False,,,,
1484,0.9,1,False,,,,
1485,0.9,1,False,,,,
1486,0.9,1,False,,,,
1487,0.9,1,False,,,,
1488,0.9,1,False,,,,
1489,0.9,1,False,,,,
1490,0.9,1,False,,,,
1491,0.9,1,False,,,,
1492,0.9,1,False,,,,
1493,0.9,1,False,,,,
1494,0.9,1,False,,,,
1495,0.9,1,False,,,,
1496,0.9,1,False,,,,
1497,0.9,1,False,,,,
1498,0.9,1,False,,,,
1499,0.9,1,False,,,,
1500,0.9,1,False,,,,
1501,0.9,1,False,,,,
1502,0.9,1,False,,,,
1503,0.9,1,False,,,,
1504,0.9,1,False,,,,
1505,0.9,1,False,,,,
1506,0.9,1,False,,,,
1507,0.9,1,False,,,,
1508,0.9,1,False,,,,
1509,0.9,1,False,,,,
1510,0.9,1,False,,,,
1511,0.9,1,False,,,,
1512,0.9,1,False,,,,
1513,0.9,1,False,,,,
1514,0.9,1,False,,,,
1515,0.9,1,False,,,,
1516,0.9,1,False,,,,
1517,0.2,8,True,0.5333333333333333,1.0,0.2780719051126377,0.0
1518,0.2,8,True,0.6666666666666666,1.0,0.2780719051126377,0.0
1519,0.2,8,True,0.5,0.875,0.27015330083790245,0.5435644431995964
1520,0.2,8,True,0.6666666666666666,1.0,0.2780719051126377,0.0
1521,1.0,0,False,,,,
1522,1.0,0,False,,,,
1523,1.0,0,False,,,,
1524,1.0,0,False,,,,
1525,1.0,0,False,,,,
1526,1.0,0,False,,,,
1527,1.0,0,False,,,,
1528,1.0,0,False,,,,
1529,1.0,0,False,,,,
1530,1.0,0,False,,,,
1531,1.0,0,False,,,,
1532,1.0,0,False,,,,
1533,1.0,0,False,,,,
1534,0.2,8,True,0.6666666666666666,1.0,0.2780719051126377,0.0
1535,0.2,8,True,0.5333333333333333,1.0,0.2780719051126377,0.0
1536,0.2,8,True,0.6666666666666666,1.0,0.2780719051126377,0.0
1537,0.2,8,True,0.6,1.0,0.2780719051126377,0.0
1538,0.2,8,True,0.5333333333333333,1.0,0.2780719051126377,0.0
1539,0.2,8,True,0.6666666666666666,1.0,0.2780719051126377,0.0
1540,0.2,8,True,0.6666666666666666,1.0,0.2780719051126377,0.0
1541,0.2,8,True,0.6666666666666666,1.0,0.2780719051126377,0.0
1542,0.2,8,True,0.3619047619047619,0.5,0.08613531161467869,1.75
1543,0.2,8,True,0.5333333333333333,1.0,0.2780719051126377,0.0
1544,0.2,8,True,0.5333333333333333,1.0,0.2780719051126377,0.0
1545,0.2,8,True,0.4857142857142857,0.75,0.13502647928207268,0.8112781244591328
1546,0.2,8,True,0.6666666666666666,1.0,0.2780719051126377,0.0
1547,0.2,8,True,0.5333333333333333,1.0,0.2780719051126377,0.0
1548,0.2,8,True,0.5333333333333333,1.0,0.2780719051126377,0.0
1549,0.2,8,True,0.5333333333333333,1.0,0.2780719051126377,0.0
1550,0.2,8,True,0.6666666666666666,1.0,0.2780719051126377,0.0
1551,0.2,8,True,0.38571428571428573,0.75,0.21452470277266567,1.061278124459133
1552,0.2,8,True,0.5666666666666667,0.5,0.03977028213923883,1.0
1553,0.2,8,True,0.30952380952380953,0.25,0.0243850368491646,2.25
1554,0.2,8,True,0.5357142857142857,0.625,0.06276943678387037,0.954434002924965
1555,0.2,8,True,0.5333333333333333,1.0,0.2780719051126377,0.0
1556,0.2,8,True,0.4595238095238095,0.75,0.21452470277266567,1.061278124459133
1557,0.2,8,True,0.3142857142857143,0.5,0.10175559829607284,2.0
1558,0.2,8,True,0.6,1.0,0.2780719051126377,0.0
1559,0.2,8,True,0.4785714285714286,0.75,0.21452470277266567,1.061278124459133
1560,0.2,8,True,0.6,1.0,0.2780719051126377,0.0
1561,0.2,8,True,0.4095238095238095,0.75,0.21452470277266567,1.061278124459133
1562,0.2,8,True,0.32857142857142857,0.5,0.08613531161467869,1.75
1563,0.2,8,True,0.5333333333333333,1.0,0.2780719051126377,0.0
1564,0.2,8,True,0.5333333333333333,1.0,0.2780719051126377,0.0
1565,0.2,8,True,0.8,1.0,0.2780719051126377,0.0
1566,0.4,6,True,0.6,1.0,0.02904940554533142,0.0
1567,0.4,6,True,0.5333333333333333,0.8333333333333334,0.14132728892674484,0.6500224216483541
1568,0.4,6,True,0.3777777777777778,0.6666666666666666,0.13903595255631884,1.2516291673878228
1569,0.4,6,True,0.6666666666666666,1.0,0.02904940554533142,0.0
1570,0.4,6,True,0.30666666666666664,0.5,0.07678032766449228,1.4591479170272448
1571,0.4,6,True,0.3555555555555555,0.5,0.11864654673111685,1.7924812503605778
1572,0.4,6,True,0.5333333333333333,1.0,0.02904940554533142,0.0
1573,0.4,6,True,0.36000000000000004,0.5,0.11864654673111685,1.7924812503605778
1574,0.4,6,True,0.4222222222222223,0.8333333333333334,0.14132728892674484,0.6500224216483541
1575,0.4,6,True,0.5333333333333333,1.0,0.02904940554533142,0.0
1576,0.4,6,True,0.3422222222222222,0.3333333333333333,0.08613531161467869,1.9182958340544893
1577,0.4,6,True,0.5333333333333333,1.0,0.02904940554533142,0.0
1578,0.4,6,True,0.6,1.0,0.02904940554533142,0.0
1579,0.4,6,True,0.5111111111111111,0.8333333333333334,0.14132728892674484,0.6500224216483541
1580,0.4,6,True,0.3555555555555555,0.5,0.07678032766449228,1.4591479170272448
1581,0.4,6,True,0.6666666666666666,1.0,0.02904940554533142,0.0
1582,0.3,7,True,0.33015873015873015,0.5714285714285714,0.11864654673111685,1.6644977792004614
1583,0.3,7,True,0.5523809523809523,0.8571428571428571,0.1826545778534897,0.5916727785823275
1584,0.3,7,True,0.3714285714285714,0.7142857142857143,0.1572623513863327,1.1488348542809166
1585,0.3,7,True,0.4285714285714286,0.7142857142857143,0.1572623513863327,1.1488348542809166
1586,0.3,7,True,0.3142857142857143,0.5714285714285714,0.11864654673111685,1.6644977792004614
1587,0.3,7,True,0.4666666666666667,0.8571428571428571,0.1826545778534897,0.5916727785823275
1588,0.3,7,True,0.28253968253968254,0.2857142857142857,0.05358807178498537,2.2359263506290326
1589,0.9,1,False,,,,
1590,0.3,7,True,0.45396825396825397,0.7142857142857143,0.1572623513863327,1.1488348542809166
1591,0.1,9,True,0.3944444444444445,0.6666666666666666,0.23729309346223382,1.4466166676282082
1592,0.1,9,True,0.4685185185185185,0.6666666666666666,0.21452470277266567,1.224394445405986
1593,0.1,9,True,0.5259259259259259,0.8888888888888888,0.41832813428211324,0.5032583347756457
1594,0.1,9,True,0.4074074074074074,0.4444444444444444,0.07678032766449228,1.5304930567574824
1595,0.1,9,True,0.6,1.0,0.5310044064107188,0.0
1596,0.1,9,True,0.5,0.6666666666666666,0.1826545778534897,0.9182958340544896
1597,0.1,9,True,0.23148148148148148,0.3333333333333333,0.0573192851827401,2.4193819456463714
1598,0.1,9,True,0.5037037037037037,0.8888888888888888,0.41832813428211324,0.5032583347756457
1599,0.1,9,True,0.4814814814814815,0.8888888888888888,0.41832813428211324,0.5032583347756457
1600,0.1,9,True,0.6,1.0,0.5310044064107188,0.0
1601,0.1,9,True,0.3611111111111111,0.6666666666666666,0.21452470277266567,1.224394445405986
1602,0.1,9,True,0.5074074074074074,0.7777777777777778,0.27015330083790245,0.7642045065086203
1603,0.1,9,True,0.6666666666666666,1.0,0.5310044064107188,0.0
1604,0.1,9,True,0.2925925925925926,0.4444444444444444,0.08613531161467847,1.836591668108979
1605,0.1,9,True,0.6,1.0,0.5310044064107188,0.0
1606,0.1,9,True,0.6,1.0,0.5310044064107188,0.0
1607,0.1,9,True,0.6666666666666666,1.0,0.5310044064107188,0.0
1608,0.1,9,True,0.4907407407407407,0.7777777777777778,0.32161017527648017,0.9864267287308424
1609,0.1,9,True,0.7333333333333333,1.0,0.5310044064107188,0.0
1610,0.1,9,True,0.5092592592592593,0.7777777777777778,0.32161017527648017,0.9864267287308424
1611,0.1,9,True,0.5037037037037037,0.8888888888888888,0.41832813428211324,0.5032583347756457
1612,0.1,9,True,0.5,0.6666666666666666,0.1826545778534897,0.9182958340544896
1613,0.1,9,True,0.4351851851851852,0.7777777777777778,0.32161017527648017,0.9864267287308424
1614,0.1,9,True,0.6,1.0,0.5310044064107188,0.0
1615,0.1,9,True,0.31851851851851853,0.4444444444444444,0.10175559829607284,2.058813890331201
1616,0.1,9,True,0.5185185185185185,0.8888888888888888,0.41832813428211324,0.5032583347756457
1617,0.1,9,True,0.37407407407407406,0.5555555555555556,0.15726235138633282,1.3516441151533922
1618,0.1,9,True,0.48888888888888893,0.5555555555555556,0.14132728892674495,0.9910760598382222
1619,0.1,9,True,0.31851851851851853,0.3333333333333333,0.08279110672080625,2.113283334294875
1620,0.1,9,True,0.5,0.5555555555555556,0.14132728892674495,0.9910760598382222
1621,0.1,9,True,0.5333333333333333,1.0,0.5310044064107188,0.0
1622,0.1,9,True,0.4148148148148148,0.4444444444444444,0.11864654673111708,1.7527152789797045
1623,0.1,9,True,0.6666666666666666,1.0,0.5310044064107188,0.0
1624,0.1,9,True,0.5333333333333333,1.0,0.5310044064107188,0.0
1625,0.1,9,True,0.5037037037037037,0.8888888888888888,0.41832813428211324,0.5032583347756457
1626,0.1,9,True,0.6,1.0,0.5310044064107188,0.0
1627,0.1,9,True,0.5333333333333333,1.0,0.5310044064107188,0.0
1628,0.1,9,True,0.5333333333333333,1.0,0.5310044064107188,0.0
1629,0.1,9,True,0.6666666666666666,1.0,0.5310044064107188,0.0
1630,0.1,9,True,0.6666666666666666,1.0,0.5310044064107188,0.0
1631,0.1,9,True,0.5333333333333333,1.0,0.5310044064107188,0.0
1632,0.1,9,True,0.45,0.7777777777777778,0.32161017527648017,0.9864267287308424
1633,0.1,9,True,0.48888888888888893,0.8888888888888888,0.41832813428211324,0.5032583347756457
1634,0.1,9,True,0.6666666666666666,1.0,0.5310044064107188,0.0
1635,0.1,9,True,0.7333333333333333,1.0,0.5310044064107188,0.0
1636,0.1,9,True,0.7333333333333333,1.0,0.5310044064107188,0.0
1637,0.1,9,True,0.7333333333333333,1.0,0.5310044064107188,0.0
1638,0.1,9,True,0.5074074074074074,0.7777777777777778,0.27015330083790245,0.7642045065086203
1639,0.1,9,True,0.5333333333333333,1.0,0.5310044064107188,0.0
1640,0.1,9,True,0.4592592592592593,0.7777777777777778,0.32161017527648017,0.9864267287308424
1641,0.1,9,True,0.6,1.0,0.5310044064107188,0.0
1642,0.1,9,True,0.6666666666666666,1.0,0.5310044064107188,0.0
1643,0.1,9,True,0.5555555555555555,0.8888888888888888,0.41832813428211324,0.5032583347756457
1644,0.1,9,True,0.5185185185185185,0.8888888888888888,0.41832813428211324,0.5032583347756457
1645,0.1,9,True,0.47407407407407404,0.7777777777777778,0.32161017527648017,0.9864267287308424
1646,0.1,9,True,0.4351851851851852,0.6666666666666666,0.21452470277266567,1.224394445405986
1647,0.1,9,True,0.4944444444444444,0.6666666666666666,0.1826545778534897,0.9182958340544896
1648,0.1,9,True,0.43148148148148147,0.7777777777777778,0.27015330083790245,0.7642045065086203
1649,0.1,9,True,0.4425925925925926,0.7777777777777778,0.32161017527648017,0.9864267287308424
1650,0.1,9,True,0.42037037037037034,0.7777777777777778,0.32161017527648017,0.9864267287308424
1651,0.1,9,True,0.43333333333333335,0.6666666666666666,0.21452470277266567,1.224394445405986
1652,0.1,9,True,0.6666666666666666,1.0,0.5310044064107188,0.0
1653,0.1,9,True,0.4074074074074074,0.7777777777777778,0.32161017527648017,0.9864267287308424
1654,0.1,9,True,0.337037037037037,0.3333333333333333,0.06502247023287655,1.8910611120726526
1655,0.1,9,True,0.5555555555555555,0.8888888888888888,0.41832813428211324,0.5032583347756457
1656,0.1,9,True,0.5333333333333333,1.0,0.5310044064107188,0.0
1657,0.1,9,True,0.3962962962962963,0.6666666666666666,0.23729309346223382,1.4466166676282082
1658,0.1,9,True,0.5333333333333333,1.0,0.5310044064107188,0.0
1659,0.1,9,True,0.5333333333333333,1.0,0.5310044064107188,0.0
1660,0.1,9,True,0.5222222222222223,0.7777777777777778,0.27015330083790245,0.7642045065086203
1661,0.1,9,True,0.6,1.0,0.5310044064107188,0.0
1662,0.1,9,True,0.5185185185185185,0.8888888888888888,0.41832813428211324,0.5032583347756457
1663,0.1,9,True,0.47407407407407404,0.8888888888888888,0.41832813428211324,0.5032583347756457
1664,0.1,9,True,0.6666666666666666,1.0,0.5310044064107188,0.0
1665,0.1,9,True,0.6,1.0,0.5310044064107188,0.0
1666,0.1,9,True,0.5407407407407407,0.8888888888888888,0.41832813428211324,0.5032583347756457
1667,0.1,9,True,0.5185185185185185,0.8888888888888888,0.41832813428211324,0.5032583347756457
1668,0.1,9,True,0.7333333333333333,1.0,0.5310044064107188,0.0
1669,0.1,9,True,0.5611111111111112,0.7777777777777778,0.27015330083790245,0.7642045065086203
1670,0.1,9,True,0.48888888888888893,0.7777777777777778,0.32161017527648017,0.9864267287308424
1671,0.1,9,True,0.5555555555555555,0.8888888888888888,0.41832813428211324,0.5032583347756457
1672,0.1,9,True,0.5,0.6666666666666666,0.1826545778534897,0.9182958340544896
1673,0.1,9,True,0.32962962962962966,0.4444444444444444,0.10175559829607272,2.058813890331201
1674,0.1,9,True,0.6,1.0,0.5310044064107188,0.0
1675,0.1,9,True,0.5333333333333333,1.0,0.5310044064107188,0.0
1676,0.1,9,True,0.24629629629629632,0.3333333333333333,0.0573192851827401,2.4193819456463714
1677,0.1,9,True,0.2833333333333333,0.3333333333333333,0.05731928518273999,2.4193819456463714
1678,0.1,9,True,0.4814814814814815,0.7777777777777778,0.27015330083790245,0.7642045065086203
1679,0.1,9,True,0.47222222222222227,0.6666666666666666,0.1826545778534897,0.9182958340544896
1680,0.1,9,True,0.42592592592592593,0.6666666666666666,0.23729309346223382,1.4466166676282082
1681,0.1,9,True,0.6,1.0,0.5310044064107188,0.0
1682,0.1,9,True,0.5407407407407407,0.8888888888888888,0.41832813428211324,0.5032583347756457
1683,0.1,9,True,0.29814814814814816,0.4444444444444444,0.10175559829607284,2.058813890331201
1684,0.9,1,False,,,,
1685,0.9,1,False,,,,
1686,0.9,1,False,,,,
1687,0.9,1,False,,,,
1688,0.9,1,False,,,,
1689,0.9,1,False,,,,
1690,0.1,9,True,0.274074074074074,0.4444444444444444,0.10175559829607284,2.058813890331201
1691,0.1,9,True,0.6,1.0,0.5310044064107188,0.0
1692,0.1,9,True,0.21481481481481482,0.2222222222222222,0.02602396837087928,2.725480556997868
1693,0.1,9,True,0.4592592592592593,0.7777777777777778,0.32161017527648017,0.9864267287308424
1694,0.1,9,True,0.5407407407407407,0.8888888888888888,0.41832813428211324,0.5032583347756457
1695,0.1,9,True,0.5333333333333333,1.0,0.5310044064107188,0.0
1696,0.1,9,True,0.28518518518518515,0.3333333333333333,0.0573192851827401,2.4193819456463714
1697,0.1,9,True,0.4351851851851852,0.6666666666666666,0.21452470277266567,1.224394445405986
1698,0.1,9,True,0.3574074074074074,0.5555555555555556,0.15545875354128547,1.6577427265048887
1699,0.1,9,True,0.48888888888888893,0.8888888888888888,0.41832813428211324,0.5032583347756457
1700,0.1,9,True,0.362962962962963,0.5555555555555556,0.16402499191349473,1.8799649487271108
1701,0.1,9,True,0.3537037037037037,0.5555555555555556,0.1572623513863327,1.3516441151533924
1702,0.1,9,True,0.5037037037037037,0.8888888888888888,0.41832813428211324,0.5032583347756457
1703,0.1,9,True,0.524074074074074,0.7777777777777778,0.27015330083790245,0.7642045065086203
1704,0.1,9,True,0.5,0.5555555555555556,0.14132728892674484,0.9910760598382222
1705,0.1,9,True,0.6,1.0,0.5310044064107188,0.0
1706,0.1,9,True,0.5333333333333333,1.0,0.5310044064107188,0.0
1707,0.1,9,True,0.3314814814814815,0.3333333333333333,0.032511235116438386,1.974937501201927
1708,0.1,9,True,0.4444444444444444,0.7777777777777778,0.27015330083790245,0.7642045065086203
1709,0.1,9,True,0.5333333333333333,1.0,0.5310044064107188,0.0
1710,0.1,9,True,0.4981481481481482,0.7777777777777778,0.32161017527648017,0.9864267287308424
1711,0.1,9,True,0.45185185185185184,0.6666666666666666,0.23729309346223382,1.4466166676282082
1712,0.1,9,True,0.6,1.0,0.5310044064107188,0.0
1713,0.1,9,True,0.6,1.0,0.5310044064107188,0.0
1714,0.1,9,True,0.5259259259259259,0.8888888888888888,0.41832813428211324,0.5032583347756457
1715,0.1,9,True,0.524074074074074,0.7777777777777778,0.27015330083790245,0.7642045065086203
1716,0.1,9,True,0.5333333333333333,1.0,0.5310044064107188,0.0
1717,0.1,9,True,0.3555555555555555,0.5555555555555556,0.15545875354128547,1.6577427265048887
1718,0.1,9,True,0.3777777777777778,0.4444444444444444,0.11864654673111685,1.7527152789797045
1719,0.1,9,True,0.7333333333333333,1.0,0.5310044064107188,0.0
1720,0.1,9,True,0.42962962962962964,0.7777777777777778,0.32161017527648017,0.9864267287308424
1721,0.1,9,True,0.42962962962962964,0.7777777777777778,0.32161017527648017,0.9864267287308424
1722,0.1,9,True,0.4166666666666667,0.5555555555555556,0.15545875354128547,1.6577427265048887
1723,0.1,9,True,0.6666666666666666,1.0,0.5310044064107188,0.0
1724,0.1,9,True,0.5259259259259259,0.8888888888888888,0.41832813428211324,0.5032583347756457
1725,0.1,9,True,0.27592592592592596,0.3333333333333333,0.05358807178498548,2.197159723424149
1726,0.1,9,True,0.5555555555555555,0.8888888888888888,0.41832813428211324,0.5032583347756457
1727,0.1,9,True,0.5555555555555555,0.8888888888888888,0.41832813428211324,0.5032583347756457
1728,0.1,9,True,0.3111111111111111,0.4444444444444444,0.08613531161467847,1.836591668108979
1729,0.1,9,True,0.48888888888888893,0.8888888888888888,0.41832813428211324,0.5032583347756457
1730,0.1,9,True,0.6,1.0,0.5310044064107188,0.0
1731,0.1,9,True,0.7333333333333333,1.0,0.5310044064107188,0.0
1732,0.1,9,True,0.387037037037037,0.6666666666666666,0.21452470277266567,1.224394445405986
1733,0.1,9,True,0.3944444444444445,0.7777777777777778,0.32161017527648017,0.9864267287308424
1734,0.1,9,True,0.5666666666666667,0.5555555555555556,0.14132728892674495,0.9910760598382222
1735,0.1,9,True,0.387037037037037,0.3333333333333333,0.06502247023287666,1.8910611120726526
1736,0.1,9,True,0.28703703703703703,0.2222222222222222,0.03042964980987506,2.5032583347756456
1737,0.1,9,True,0.5111111111111111,0.8888888888888888,0.41832813428211324,0.5032583347756457
1738,0.1,9,True,0.3462962962962963,0.7777777777777778,0.32161017527648017,0.9864267287308424
1739,0.1,9,True,0.29814814814814816,0.4444444444444444,0.10167108723147955,2.2810361125534233
1740,0.1,9,True,0.45370370370370366,0.5555555555555556,0.15726235138633282,1.3516441151533924
1741,0.1,9,True,0.3037037037037037,0.4444444444444444,0.08613531161467869,1.836591668108979
1742,0.1,9,True,0.35,0.4444444444444444,0.11864654673111685,1.7527152789797045
1743,0.1,9,True,0.34814814814814815,0.5555555555555556,0.16402499191349473,1.8799649487271108
1744,0.1,9,True,0.2907407407407407,0.4444444444444444,0.10167108723147944,2.2810361125534233
1745,0.1,9,True,0.4166666666666667,0.7777777777777778,0.32161017527648017,0.9864267287308424
1746,0.1,9,True,0.43333333333333335,0.4444444444444444,0.13903595255631884,1.3921472236645345
1747,0.1,9,True,0.2777777777777778,0.3333333333333333,0.0573192851827401,2.4193819456463714
1748,0.1,9,True,0.48888888888888893,0.8888888888888888,0.41832813428211324,0.5032583347756457
1749,0.1,9,True,0.35,0.4444444444444444,0.10175559829607272,2.058813890331201
1750,0.1,9,True,0.24444444444444444,0.3333333333333333,0.05118688510966152,2.6416041678685933
1751,0.1,9,True,0.32037037037037036,0.3333333333333333,0.08279110672080636,2.113283334294875
1752,0.1,9,True,0.5555555555555555,0.8888888888888888,0.41832813428211324,0.5032583347756457
1753,0.1,9,True,0.22962962962962966,0.2222222222222222,0.02602396837087928,2.725480556997868
1754,0.1,9,True,0.31851851851851853,0.3333333333333333,0.05358807178498548,2.197159723424149
1755,0.1,9,True,0.34074074074074073,0.5555555555555556,0.15545875354128547,1.6577427265048887
1756,0.1,9,True,0.3148148148148148,0.4444444444444444,0.11864654673111685,1.7527152789797045
1757,0.1,9,True,0.37037037037037035,0.3333333333333333,0.06502247023287655,1.8910611120726526
1758,0.1,9,True,0.3462962962962963,0.3333333333333333,0.05358807178498537,2.197159723424149
1759,0.1,9,True,0.2925925925925926,0.2222222222222222,0.03042964980987506,2.5032583347756456
1760,0.1,9,True,0.31851851851851853,0.4444444444444444,0.10167108723147944,2.2810361125534233
1761,0.1,9,True,0.22222222222222224,0.2222222222222222,0.015141338212453448,2.94770277922009
1762,0.1,9,True,0.2685185185185185,0.3333333333333333,0.05118688510966152,2.6416041678685933
1763,0.1,9,True,0.24629629629629632,0.3333333333333333,0.05118688510966152,2.6416041678685933
1764,0.1,9,True,0.2388888888888889,0.3333333333333333,0.0573192851827401,2.4193819456463714
1765,0.1,9,True,0.3037037037037037,0.3333333333333333,0.05358807178498537,2.197159723424149
1766,0.1,9,True,0.2351851851851852,0.2222222222222222,0.03042964980987506,2.5032583347756456
1767,0.1,9,True,0.3222222222222222,0.3333333333333333,0.08279110672080625,2.113283334294875
1768,0.1,9,True,0.32037037037037036,0.3333333333333333,0.05358807178498548,2.197159723424149
1769,0.1,9,True,0.4037037037037037,0.7777777777777778,0.32161017527648017,0.9864267287308424
1770,0.1,9,True,0.3111111111111111,0.5555555555555556,0.16402499191349473,1.8799649487271108
1771,0.1,9,True,0.3333333333333333,0.3333333333333333,0.08279110672080625,2.113283334294875
1772,0.1,9,True,0.3277777777777778,0.3333333333333333,0.08279110672080625,2.113283334294875
1773,0.1,9,True,0.3,0.4444444444444444,0.10167108723147944,2.2810361125534233
1774,0.1,9,True,0.42407407407407405,0.6666666666666666,0.23729309346223382,1.4466166676282082
1775,0.1,9,True,0.26666666666666666,0.2222222222222222,0.015141338212453448,2.94770277922009
1776,0.1,9,True,0.3148148148148148,0.3333333333333333,0.05358807178498537,2.197159723424149
1777,0.1,9,True,0.3055555555555555,0.3333333333333333,0.05731928518273999,2.4193819456463714
1778,0.1,9,True,0.3907407407407407,0.6666666666666666,0.23729309346223382,1.4466166676282082
1779,0.1,9,True,0.28518518518518515,0.2222222222222222,0.02602396837087928,2.725480556997868
1780,0.1,9,True,0.3962962962962963,0.6666666666666666,0.21452470277266567,1.224394445405986
1781,0.1,9,True,0.3648148148148148,0.5555555555555556,0.15545875354128547,1.6577427265048887
1782,0.1,9,True,0.4222222222222223,0.6666666666666666,0.23729309346223382,1.4466166676282082
1783,0.1,9,True,0.32592592592592595,0.5555555555555556,0.1572623513863327,1.3516441151533924
1784,0.1,9,True,0.3685185185185185,0.5555555555555556,0.15545875354128547,1.6577427265048887
1785,0.1,9,True,0.2833333333333333,0.4444444444444444,0.10175559829607272,2.058813890331201
1786,0.1,9,True,0.2777777777777778,0.3333333333333333,0.05731928518273999,2.4193819456463714
1787,0.1,9,True,0.337037037037037,0.4444444444444444,0.11864654673111685,1.7527152789797045
1788,0.1,9,True,0.3722222222222222,0.4444444444444444,0.11864654673111685,1.7527152789797045
1789,0.1,9,True,0.28518518518518515,0.3333333333333333,0.08279110672080625,2.113283334294875
1790,0.1,9,True,0.3092592592592593,0.5555555555555556,0.15545875354128547,1.6577427265048887
1791,0.1,9,True,0.2611111111111111,0.3333333333333333,0.0573192851827401,2.4193819456463714
1792,0.1,9,True,0.4055555555555556,0.6666666666666666,0.23729309346223382,1.4466166676282082
1793,0.1,9,True,0.5555555555555555,0.8888888888888888,0.41832813428211324,0.5032583347756457
1794,0.1,9,True,0.5,0.6666666666666666,0.1826545778534897,0.9182958340544896
1795,0.1,9,True,0.37962962962962965,0.3333333333333333,0.06502247023287666,1.8910611120726526
1796,0.1,9,True,0.2685185185185185,0.3333333333333333,0.06502247023287666,1.8910611120726528
1797,0.1,9,True,0.32592592592592595,0.6666666666666666,0.23729309346223382,1.4466166676282082
1798,0.1,9,True,0.24629629629629632,0.2222222222222222,0.02602396837087928,2.725480556997868
1799,0.1,9,True,0.3074074074074074,0.3333333333333333,0.05358807178498537,2.197159723424149
1800,0.1,9,True,0.48333333333333334,0.6666666666666666,0.21452470277266567,1.224394445405986
1801,0.1,9,True,0.3333333333333333,0.3333333333333333,0.08279110672080625,2.113283334294875
1802,0.1,9,True,0.4,0.6666666666666666,0.1826545778534897,0.9182958340544896
1803,0.1,9,True,0.34444444444444444,0.3333333333333333,0.05358807178498537,2.197159723424149
1804,0.1,9,True,0.38333333333333336,0.5555555555555556,0.16402499191349473,1.8799649487271108
1805,0.1,9,True,0.3851851851851852,0.4444444444444444,0.10175559829607272,2.058813890331201
1806,0.1,9,True,0.4703703703703704,0.6666666666666666,0.21452470277266567,1.224394445405986
1807,0.1,9,True,0.36666666666666664,0.4444444444444444,0.08613531161467869,1.8365916681089791
1808,0.1,9,True,0.5222222222222223,0.7777777777777778,0.27015330083790245,0.7642045065086203
1809,0.9,1,False,,,,
1810,0.9,1,False,,,,
1811,0.9,1,False,,,,
1812,0.9,1,False,,,,
1813,0.9,1,False,,,,
1814,0.9,1,False,,,,
1815,0.9,1,False,,,,
1816,0.9,1,False,,,,
1817,0.9,1,False,,,,
1818,0.9,1,False,,,,
1819,0.9,1,False,,,,
1820,0.9,1,False,,,,
1821,0.9,1,False,,,,
1822,0.9,1,False,,,,
1823,0.9,1,False,,,,
1824,0.9,1,False,,,,
1825,0.9,1,False,,,,
1826,0.9,1,False,,,,
1827,0.9,1,False,,,,
1828,0.9,1,False,,,,
1829,0.9,1,False,,,,
1830,0.1,9,True,0.28703703703703703,0.3333333333333333,0.08279110672080636,2.113283334294875
1831,0.1,9,True,0.3907407407407407,0.6666666666666666,0.23729309346223382,1.4466166676282082
1832,0.1,9,True,0.5333333333333333,1.0,0.5310044064107188,0.0
1833,0.1,9,True,0.3944444444444445,0.5555555555555556,0.15545875354128547,1.6577427265048887
1834,0.1,9,True,0.47407407407407404,0.8888888888888888,0.41832813428211324,0.5032583347756457
1835,0.1,9,True,0.2925925925925926,0.3333333333333333,0.05731928518273999,2.4193819456463714
1836,0.1,9,True,0.3555555555555555,0.4444444444444444,0.07678032766449228,1.5304930567574826
1837,0.1,9,True,0.24629629629629632,0.2222222222222222,0.02602396837087928,2.725480556997868
1838,0.1,9,True,0.5,0.7777777777777778,0.32161017527648017,0.9864267287308424
1839,0.1,9,True,0.44814814814814813,0.7777777777777778,0.32161017527648017,0.9864267287308424
1840,0.1,9,True,0.2518518518518518,0.2222222222222222,0.02602396837087928,2.725480556997868
1841,0.1,9,True,0.4055555555555556,0.4444444444444444,0.11864654673111708,1.7527152789797045
1842,0.1,9,True,0.48888888888888893,0.7777777777777778,0.32161017527648017,0.9864267287308424
1843,0.1,9,True,0.3555555555555555,0.4444444444444444,0.08613531161467847,1.836591668108979
1844,0.1,9,True,0.312962962962963,0.3333333333333333,0.05358807178498537,2.197159723424149
1845,0.1,9,True,0.36666666666666664,0.6666666666666666,0.23729309346223382,1.4466166676282082
1846,0.1,9,True,0.4685185185185185,0.6666666666666666,0.23729309346223382,1.4466166676282082
1847,0.1,9,True,0.25,0.3333333333333333,0.0573192851827401,2.4193819456463714
1848,0.1,9,True,0.3351851851851852,0.3333333333333333,0.06502247023287666,1.8910611120726528
1849,0.1,9,True,0.38333333333333336,0.6666666666666666,0.23729309346223382,1.4466166676282082
1850,0.1,9,True,0.4222222222222223,0.6666666666666666,0.23729309346223382,1.4466166676282082
1851,0.1,9,True,0.26296296296296295,0.2222222222222222,0.02602396837087928,2.725480556997868
1852,0.1,9,True,0.274074074074074,0.3333333333333333,0.05118688510966163,2.6416041678685933
1853,0.1,9,True,0.3907407407407407,0.7777777777777778,0.32161017527648017,0.9864267287308424
1854,0.1,9,True,0.2833333333333333,0.4444444444444444,0.10175559829607272,2.058813890331201
1855,0.1,9,True,0.24814814814814815,0.3333333333333333,0.05118688510966163,2.6416041678685933
1856,0.1,9,True,0.362962962962963,0.5555555555555556,0.15545875354128547,1.6577427265048887
1857,0.1,9,True,0.5037037037037037,0.8888888888888888,0.41832813428211324,0.5032583347756457
1858,0.1,9,True,0.3333333333333333,0.2222222222222222,0.024385036849164488,2.2810361125534238
1859,0.1,9,True,0.2611111111111111,0.2222222222222222,0.03042964980987506,2.5032583347756456
1860,0.1,9,True,0.4555555555555556,0.7777777777777778,0.27015330083790245,0.7642045065086203
1861,0.1,9,True,0.3111111111111111,0.3333333333333333,0.0573192851827401,2.4193819456463714
1862,0.1,9,True,0.21481481481481482,0.2222222222222222,0.015141338212453448,2.94770277922009
1863,0.1,9,True,0.3333333333333333,0.4444444444444444,0.08613531161467847,1.836591668108979
1864,0.1,9,True,0.48888888888888893,0.8888888888888888,0.41832813428211324,0.5032583347756457
1865,0.1,9,True,0.2796296296296296,0.4444444444444444,0.10175559829607284,2.058813890331201
1866,0.1,9,True,0.24814814814814815,0.3333333333333333,0.05731928518273999,2.4193819456463714
1867,0.1,9,True,0.3907407407407407,0.4444444444444444,0.11864654673111685,1.7527152789797045
1868,0.1,9,True,0.3555555555555555,0.5555555555555556,0.15545875354128547,1.6577427265048887
1869,0.1,9,True,0.32407407407407407,0.3333333333333333,0.08279110672080636,2.113283334294875
1870,0.1,9,True,0.6,1.0,0.5310044064107188,0.0
1871,0.1,9,True,0.4444444444444444,0.8888888888888888,0.41832813428211324,0.5032583347756457
1872,0.1,9,True,0.4074074074074074,0.4444444444444444,0.11864654673111685,1.7527152789797045
1873,0.1,9,True,0.3055555555555555,0.3333333333333333,0.05358807178498537,2.197159723424149
1874,0.1,9,True,0.47777777777777775,0.6666666666666666,0.21452470277266567,1.224394445405986
1875,0.1,9,True,0.27592592592592596,0.4444444444444444,0.10167108723147955,2.2810361125534233
1876,0.1,9,True,0.6148148148148148,0.8888888888888888,0.41832813428211324,0.5032583347756457
1877,0.1,9,True,0.3092592592592593,0.3333333333333333,0.08279110672080636,2.113283334294875
1878,0.1,9,True,0.674074074074074,0.8888888888888888,0.41832813428211324,0.5032583347756457
1879,0.1,9,True,0.3722222222222222,0.5555555555555556,0.15545875354128547,1.6577427265048887
1880,0.1,9,True,0.3,0.4444444444444444,0.10175559829607284,2.058813890331201
1881,0.1,9,True,0.362962962962963,0.3333333333333333,0.08279110672080636,2.113283334294875
1882,0.1,9,True,0.25,0.2222222222222222,0.030429649809874948,2.503258334775646
1883,0.1,9,True,0.27037037037037037,0.4444444444444444,0.10167108723147944,2.2810361125534233
1884,0.1,9,True,0.3425925925925926,0.4444444444444444,0.11864654673111685,1.7527152789797045
1885,0.1,9,True,0.5111111111111111,0.8888888888888888,0.41832813428211324,0.5032583347756457
1886,0.1,9,True,0.3722222222222222,0.4444444444444444,0.10175559829607284,2.058813890331201
1887,0.1,9,True,0.3648148148148148,0.3333333333333333,0.05358807178498537,2.197159723424149
1888,0.1,9,True,0.35185185185185186,0.4444444444444444,0.11864654673111685,1.7527152789797047
1889,0.1,9,True,0.2796296296296296,0.3333333333333333,0.0573192851827401,2.4193819456463714
1890,0.1,9,True,0.3092592592592593,0.3333333333333333,0.05731928518273999,2.4193819456463714
1891,0.1,9,True,0.37962962962962965,0.5555555555555556,0.15726235138633282,1.3516441151533922
1892,0.1,9,True,0.4666666666666667,0.6666666666666666,0.1826545778534897,0.9182958340544896
1893,0.1,9,True,0.2907407407407407,0.3333333333333333,0.0573192851827401,2.4193819456463714
1894,0.1,9,True,0.2777777777777778,0.4444444444444444,0.10175559829607284,2.0588138903312014
1895,0.1,9,True,0.21296296296296297,0.3333333333333333,0.05358807178498515,2.197159723424149
1896,0.1,9,True,0.5407407407407407,0.8888888888888888,0.41832813428211324,0.5032583347756457
1897,0.1,9,True,0.4185185185185185,0.6666666666666666,0.23729309346223382,1.4466166676282082
1898,0.1,9,True,0.3925925925925926,0.4444444444444444,0.11864654673111685,1.7527152789797045
1899,0.1,9,True,0.387037037037037,0.6666666666666666,0.23729309346223382,1.4466166676282082
1900,0.1,9,True,0.35,0.5555555555555556,0.16402499191349473,1.8799649487271108
1901,0.1,9,True,0.3574074074074074,0.6666666666666666,0.23729309346223382,1.4466166676282082
1902,0.1,9,True,0.5037037037037037,0.8888888888888888,0.41832813428211324,0.5032583347756457
1903,0.1,9,True,0.47962962962962963,0.6666666666666666,0.21452470277266567,1.224394445405986
1904,0.1,9,True,0.38333333333333336,0.7777777777777778,0.32161017527648017,0.9864267287308424
1905,0.1,9,True,0.6,1.0,0.5310044064107188,0.0
1906,0.1,9,True,0.6,1.0,0.5310044064107188,0.0
1907,0.1,9,True,0.5777777777777778,0.8888888888888888,0.41832813428211324,0.5032583347756457
1908,0.1,9,True,0.5407407407407407,0.8888888888888888,0.41832813428211324,0.5032583347756457
1909,0.1,9,True,0.3851851851851852,0.6666666666666666,0.23729309346223382,1.4466166676282082
1910,0.1,9,True,0.4111111111111111,0.5555555555555556,0.15726235138633282,1.3516441151533922
1911,0.1,9,True,0.6,1.0,0.5310044064107188,0.0
1912,0.1,9,True,0.6666666666666666,1.0,0.5310044064107188,0.0
1913,0.1,9,True,0.3814814814814815,0.5555555555555556,0.15726235138633282,1.3516441151533924
1914,0.1,9,True,0.38333333333333336,0.3333333333333333,0.05226907788083901,1.584962500721156
1915,0.1,9,True,0.362962962962963,0.4444444444444444,0.11864654673111708,1.7527152789797045
1916,0.1,9,True,0.3814814814814815,0.4444444444444444,0.11864654673111685,1.7527152789797045
1917,0.1,9,True,0.42777777777777776,0.5555555555555556,0.1572623513863327,1.3516441151533922
1918,0.1,9,True,0.6,1.0,0.5310044064107188,0.0
1919,0.1,9,True,0.6666666666666666,1.0,0.5310044064107188,0.0
1920,0.1,9,True,0.46481481481481485,0.7777777777777778,0.32161017527648017,0.9864267287308424
1921,0.1,9,True,0.8518518518518519,0.8888888888888888,0.41832813428211324,0.5032583347756457
1922,0.1,9,True,0.4814814814814815,0.7777777777777778,0.27015330083790245,0.7642045065086203
1923,0.1,9,True,0.34814814814814815,0.4444444444444444,0.08613531161467847,1.836591668108979
1924,0.1,9,True,0.3574074074074074,0.4444444444444444,0.11864654673111708,1.7527152789797047
1925,0.1,9,True,0.5555555555555555,0.8888888888888888,0.41832813428211324,0.5032583347756457
1926,0.1,9,True,0.4814814814814815,0.7777777777777778,0.27015330083790245,0.7642045065086203
1927,0.1,9,True,0.3537037037037037,0.5555555555555556,0.16402499191349473,1.8799649487271108
1928,0.1,9,True,0.28703703703703703,0.3333333333333333,0.0573192851827401,2.4193819456463714
1929,0.1,9,True,0.4666666666666667,0.6666666666666666,0.1826545778534897,0.9182958340544896
1930,0.1,9,True,0.32962962962962966,0.3333333333333333,0.05358807178498537,2.197159723424149
1931,0.1,9,True,0.412962962962963,0.5555555555555556,0.1572623513863327,1.3516441151533922
1932,0.1,9,True,0.2555555555555556,0.3333333333333333,0.05731928518273999,2.4193819456463714
1933,0.1,9,True,0.4222222222222223,0.6666666666666666,0.23729309346223382,1.4466166676282082
1934,0.1,9,True,0.3074074074074074,0.3333333333333333,0.05358807178498537,2.197159723424149
1935,0.1,9,True,0.5074074074074074,0.7777777777777778,0.27015330083790245,0.7642045065086203
1936,0.1,9,True,0.4055555555555556,0.6666666666666666,0.21452470277266567,1.224394445405986
1937,0.1,9,True,0.26481481481481484,0.3333333333333333,0.06502247023287666,1.8910611120726526
1938,0.1,9,True,0.32037037037037036,0.5555555555555556,0.15545875354128547,1.6577427265048887
1939,0.1,9,True,0.37962962962962965,0.4444444444444444,0.11864654673111685,1.7527152789797045
1940,0.1,9,True,0.22592592592592592,0.3333333333333333,0.05358807178498537,2.197159723424149
1941,0.1,9,True,0.24629629629629632,0.1111111111111111,0.0,3.169925001442312
1942,0.1,9,True,0.337037037037037,0.5555555555555556,0.16402499191349473,1.8799649487271108
1943,0.1,9,True,0.4814814814814815,0.7777777777777778,0.27015330083790245,0.7642045065086203
1944,0.1,9,True,0.312962962962963,0.3333333333333333,0.05358807178498537,2.197159723424149
1945,0.1,9,True,0.387037037037037,0.4444444444444444,0.11864654673111685,1.7527152789797045
1946,0.1,9,True,0.5277777777777778,0.6666666666666666,0.1826545778534897,0.9182958340544896
1947,0.1,9,True,0.4,0.4444444444444444,0.13903595255631884,1.3921472236645345
1948,0.1,9,True,0.25,0.3333333333333333,0.05118688510966163,2.6416041678685933
1949,0.1,9,True,0.3092592592592593,0.3333333333333333,0.05358807178498548,2.197159723424149
1950,0.1,9,True,0.2518518518518518,0.4444444444444444,0.10167108723147944,2.2810361125534233
1951,0.1,9,True,0.22962962962962966,0.3333333333333333,0.0573192851827401,2.4193819456463714
1952,0.1,9,True,0.2722222222222222,0.2222222222222222,0.02602396837087928,2.725480556997868
1953,0.1,9,True,0.3111111111111111,0.3333333333333333,0.05731928518273999,2.4193819456463714
1954,0.1,9,True,0.2722222222222222,0.3333333333333333,0.05358807178498537,2.197159723424149
1955,0.1,9,True,0.25,0.3333333333333333,0.08279110672080625,2.113283334294875
1956,0.1,9,True,0.3351851851851852,0.4444444444444444,0.08613531161467869,1.836591668108979
1957,0.1,9,True,0.37407407407407406,0.7777777777777778,0.32161017527648017,0.9864267287308424
1958,0.1,9,True,0.26666666666666666,0.4444444444444444,0.10175559829607284,2.058813890331201
1959,0.1,9,True,0.2833333333333333,0.2222222222222222,0.03042964980987506,2.5032583347756456
1960,0.1,9,True,0.3222222222222222,0.3333333333333333,0.0573192851827401,2.4193819456463714
1961,0.1,9,True,0.33888888888888885,0.6666666666666666,0.23729309346223382,1.4466166676282082
1962,0.9,1,False,,,,
1963,0.9,1,False,,,,
1964,0.9,1,False,,,,
1965,0.9,1,False,,,,
1966,0.9,1,False,,,,
1967,0.9,1,False,,,,
1968,0.9,1,False,,,,
1969,0.9,1,False,,,,
1970,0.9,1,False,,,,
1971,0.9,1,False,,,,
1972,0.9,1,False,,,,
1973,0.9,1,False,,,,
1974,0.9,1,False,,,,
1975,0.9,1,False,,,,
1976,0.9,1,False,,,,
1977,0.9,1,False,,,,
1978,0.9,1,False,,,,
1979,0.9,1,False,,,,
1980,0.9,1,False,,,,
1981,0.9,1,False,,,,
1982,0.9,1,False,,,,
1983,0.9,1,False,,,,
1984,0.9,1,False,,,,
1985,0.9,1,False,,,,
1986,0.9,1,False,,,,
1987,0.9,1,False,,,,
1988,0.9,1,False,,,,
1989,0.9,1,False,,,,
1990,0.9,1,False,,,,
1991,0.9,1,False,,,,
1992,0.9,1,False,,,,
1993,0.1,9,True,0.24259259259259258,0.2222222222222222,0.02602396837087928,2.725480556997868
1994,0.1,9,True,0.40185185185185185,0.5555555555555556,0.15545875354128547,1.6577427265048887
1995,0.1,9,True,0.27037037037037037,0.4444444444444444,0.10175559829607284,2.0588138903312014
1996,0.1,9,True,0.3425925925925926,0.4444444444444444,0.08613531161467847,1.836591668108979
1997,0.1,9,True,0.22222222222222224,0.2222222222222222,0.024385036849164488,2.2810361125534238
1998,0.1,9,True,0.31851851851851853,0.4444444444444444,0.10175559829607284,2.058813890331201
1999,0.1,9,True,0.387037037037037,0.4444444444444444,0.08613531161467869,1.836591668108979
2000,0.1,9,True,0.4222222222222223,0.6666666666666666,0.23729309346223382,1.4466166676282082
2001,0.1,9,True,0.3611111111111111,0.3333333333333333,0.08279110672080625,2.113283334294875
2002,0.1,9,True,0.2555555555555556,0.4444444444444444,0.10175559829607284,2.058813890331201
2003,0.1,9,True,0.37962962962962965,0.5555555555555556,0.15545875354128547,1.6577427265048887
2004,0.1,9,True,0.19074074074074074,0.2222222222222222,0.02602396837087928,2.725480556997868
2005,0.1,9,True,0.312962962962963,0.3333333333333333,0.05358807178498537,2.197159723424149
2006,0.1,9,True,0.42592592592592593,0.4444444444444444,0.13903595255631895,1.3921472236645345
2007,0.1,9,True,0.46296296296296297,0.6666666666666666,0.21452470277266567,1.224394445405986
2008,0.1,9,True,0.3111111111111111,0.4444444444444444,0.10167108723147944,2.2810361125534233
2009,0.1,9,True,0.24444444444444444,0.3333333333333333,0.06502247023287666,1.8910611120726526
2010,0.1,9,True,0.3351851851851852,0.5555555555555556,0.16402499191349473,1.8799649487271108
2011,0.1,9,True,0.3425925925925926,0.3333333333333333,0.06502247023287666,1.8910611120726526
2012,0.1,9,True,0.2537037037037037,0.3333333333333333,0.05118688510966152,2.6416041678685933
2013,0.1,9,True,0.32592592592592595,0.4444444444444444,0.10175559829607284,2.058813890331201
2014,0.1,9,True,0.3314814814814815,0.5555555555555556,0.15545875354128547,1.6577427265048887
2015,0.1,9,True,0.34444444444444444,0.4444444444444444,0.10175559829607284,2.058813890331201
2016,0.1,9,True,0.3462962962962963,0.6666666666666666,0.23729309346223382,1.4466166676282082
2017,0.1,9,True,0.44814814814814813,0.7777777777777778,0.32161017527648017,0.9864267287308424
2018,0.1,9,True,0.3685185185185185,0.4444444444444444,0.10175559829607284,2.058813890331201
2019,0.1,9,True,0.2777777777777778,0.2222222222222222,0.02602396837087928,2.725480556997868
2020,0.1,9,True,0.4574074074074074,0.7777777777777778,0.32161017527648017,0.9864267287308424
2021,0.1,9,True,0.6074074074074074,0.8888888888888888,0.41832813428211324,0.5032583347756457
2022,0.1,9,True,0.30185185185185187,0.2222222222222222,0.03042964980987506,2.5032583347756456
2023,0.1,9,True,0.2185185185185185,0.4444444444444444,0.10167108723147944,2.2810361125534233
2024,0.1,9,True,0.43148148148148147,0.7777777777777778,0.32161017527648017,0.9864267287308424
2025,0.1,9,True,0.25,0.2222222222222222,0.02602396837087928,2.725480556997868
2026,0.1,9,True,0.24074074074074076,0.2222222222222222,0.02602396837087928,2.725480556997868
2027,0.9,1,False,,,,
2028,0.9,1,False,,,,
2029,0.9,1,False,,,,
2030,0.9,1,False,,,,
2031,0.9,1,False,,,,
2032,0.9,1,False,,,,
2033,0.9,1,False,,,,
2034,0.9,1,False,,,,
2035,0.9,1,False,,,,
2036,0.9,1,False,,,,
2037,0.9,1,False,,,,
2038,0.9,1,False,,,,
2039,0.9,1,False,,,,
2040,0.9,1,False,,,,
2041,0.9,1,False,,,,
2042,0.9,1,False,,,,
2043,0.9,1,False,,,,
2044,0.9,1,False,,,,
2045,0.9,1,False,,,,
2046,0.9,1,False,,,,
2047,0.9,1,False,,,,
2048,0.9,1,False,,,,
2049,0.9,1,False,,,,
2050,0.9,1,False,,,,
2051,0.9,1,False,,,,
2052,0.9,1,False,,,,
2053,0.9,1,False,,,,
2054,0.9,1,False,,,,
2055,0.9,1,False,,,,
2056,0.9,1,False,,,,
2057,0.9,1,False,,,,
2058,0.9,1,False,,,,
2059,0.9,1,False,,,,
2060,0.9,1,False,,,,
2061,0.9,1,False,,,,
2062,0.9,1,False,,,,
2063,0.9,1,False,,,,
2064,0.9,1,False,,,,
2065,0.9,1,False,,,,
2066,0.9,1,False,,,,
2067,0.9,1,False,,,,
2068,0.9,1,False,,,,
2069,0.9,1,False,,,,
2070,0.9,1,False,,,,
2071,0.9,1,False,,,,
2072,0.9,1,False,,,,
2073,0.9,1,False,,,,
2074,0.9,1,False,,,,
2075,0.9,1,False,,,,
2076,0.9,1,False,,,,
2077,0.9,1,False,,,,
2078,0.9,1,False,,,,
2079,0.9,1,False,,,,
2080,0.9,1,False,,,,
2081,0.9,1,False,,,,
2082,0.9,1,False,,,,
2083,0.9,1,False,,,,
2084,0.9,1,False,,,,
2085,0.9,1,False,,,,
2086,0.9,1,False,,,,
2087,0.9,1,False,,,,
2088,0.9,1,False,,,,
2089,0.9,1,False,,,,
2090,0.9,1,False,,,,
2091,0.9,1,False,,,,
2092,0.9,1,False,,,,
2093,0.9,1,False,,,,
2094,0.9,1,False,,,,
2095,0.9,1,False,,,,
2096,0.9,1,False,,,,
2097,0.9,1,False,,,,
2098,0.9,1,False,,,,
2099,0.9,1,False,,,,
2100,0.9,1,False,,,,
2101,0.9,1,False,,,,
2102,0.9,1,False,,,,
2103,0.9,1,False,,,,
2104,0.9,1,False,,,,
2105,0.9,1,False,,,,
2106,0.9,1,False,,,,
2107,0.9,1,False,,,,
2108,0.9,1,False,,,,
2109,0.9,1,False,,,,
2110,0.9,1,False,,,,
2111,0.1,9,True,0.4611111111111111,0.7777777777777778,0.32161017527648017,0.9864267287308424
2112,0.1,9,True,0.3037037037037037,0.3333333333333333,0.06502247023287666,1.8910611120726526
2113,0.1,9,True,0.2925925925925926,0.3333333333333333,0.0573192851827401,2.4193819456463714
2114,0.1,9,True,0.29814814814814816,0.5555555555555556,0.16402499191349473,1.8799649487271108
2115,0.1,9,True,0.6777777777777778,0.7777777777777778,0.32161017527648017,0.9864267287308424
2116,0.1,9,True,0.4574074074074074,0.7777777777777778,0.32161017527648017,0.9864267287308424
2117,0.1,9,True,0.337037037037037,0.3333333333333333,0.032511235116438386,1.9749375012019272
2118,0.1,9,True,0.6,1.0,0.5310044064107188,0.0
2119,0.1,9,True,0.32037037037037036,0.3333333333333333,0.05358807178498548,2.197159723424149
2120,0.1,9,True,0.2611111111111111,0.3333333333333333,0.0573192851827401,2.4193819456463714
2121,0.1,9,True,0.412962962962963,0.3333333333333333,0.06502247023287666,1.8910611120726526
2122,0.1,9,True,0.32962962962962966,0.4444444444444444,0.10175559829607284,2.058813890331201
2123,0.1,9,True,0.3333333333333333,0.5555555555555556,0.15545875354128547,1.6577427265048887
2124,0.1,9,True,0.31851851851851853,0.3333333333333333,0.0573192851827401,2.4193819456463714
2125,0.1,9,True,0.4592592592592593,0.5555555555555556,0.14132728892674484,0.9910760598382222
2126,0.1,9,True,0.2777777777777778,0.2222222222222222,0.03042964980987506,2.5032583347756456
2127,0.1,9,True,0.2907407407407407,0.3333333333333333,0.05358807178498537,2.197159723424149
2128,0.1,9,True,0.24814814814814815,0.3333333333333333,0.0573192851827401,2.4193819456463714
2129,0.1,9,True,0.387037037037037,0.5555555555555556,0.16402499191349473,1.879964948727111
2130,0.1,9,True,0.3851851851851852,0.5555555555555556,0.16402499191349473,1.8799649487271108
2131,0.1,9,True,0.5055555555555556,0.6666666666666666,0.1826545778534897,0.9182958340544896
2132,0.1,9,True,0.4814814814814815,0.7777777777777778,0.27015330083790245,0.7642045065086203
2133,0.1,9,True,0.3111111111111111,0.4444444444444444,0.10175559829607284,2.058813890331201
2134,0.1,9,True,0.37592592592592594,0.4444444444444444,0.07678032766449228,1.5304930567574826
2135,0.1,9,True,0.33888888888888885,0.5555555555555556,0.15545875354128547,1.6577427265048887
2136,0.1,9,True,0.37962962962962965,0.3333333333333333,0.08279110672080636,2.113283334294875
2137,0.1,9,True,0.3777777777777778,0.5555555555555556,0.15545875354128547,1.6577427265048887
2138,0.1,9,True,0.28888888888888886,0.3333333333333333,0.05358807178498537,2.197159723424149
2139,0.1,9,True,0.5333333333333333,1.0,0.5310044064107188,0.0
2140,0.1,9,True,0.3611111111111111,0.6666666666666666,0.23729309346223382,1.4466166676282082
2141,0.1,9,True,0.3611111111111111,0.6666666666666666,0.23729309346223382,1.4466166676282082
2142,0.1,9,True,0.34814814814814815,0.4444444444444444,0.10175559829607284,2.058813890331201
2143,0.1,9,True,0.29444444444444445,0.3333333333333333,0.05358807178498548,2.197159723424149
2144,0.1,9,True,0.3925925925925926,0.6666666666666666,0.23729309346223382,1.4466166676282082
2145,0.1,9,True,0.42962962962962964,0.6666666666666666,0.21452470277266567,1.224394445405986
2146,0.1,9,True,0.30185185185185187,0.4444444444444444,0.11864654673111685,1.7527152789797045
2147,0.1,9,True,0.3851851851851852,0.4444444444444444,0.11864654673111685,1.7527152789797045
2148,0.1,9,True,0.2833333333333333,0.5555555555555556,0.16402499191349473,1.8799649487271108
2149,0.1,9,True,0.45370370370370366,0.6666666666666666,0.21452470277266567,1.224394445405986
2150,0.1,9,True,0.6666666666666666,1.0,0.5310044064107188,0.0
2151,0.1,9,True,0.2388888888888889,0.3333333333333333,0.0573192851827401,2.4193819456463714
2152,0.1,9,True,0.37407407407407406,0.5555555555555556,0.16402499191349473,1.8799649487271108
2153,0.1,9,True,0.4351851851851852,0.7777777777777778,0.32161017527648017,0.9864267287308424
2154,0.1,9,True,0.4703703703703704,0.6666666666666666,0.21452470277266567,1.224394445405986
2155,0.1,9,True,0.437037037037037,0.5555555555555556,0.15726235138633282,1.3516441151533924
2156,0.1,9,True,0.4407407407407407,0.6666666666666666,0.21452470277266567,1.224394445405986
2157,0.1,9,True,0.5,0.6666666666666666,0.1826545778534897,0.9182958340544896
2158,0.1,9,True,0.3055555555555555,0.5555555555555556,0.16402499191349473,1.8799649487271108
2159,0.1,9,True,0.42592592592592593,0.4444444444444444,0.13903595255631884,1.3921472236645345
2160,0.1,9,True,0.2685185185185185,0.3333333333333333,0.05118688510966152,2.6416041678685933
2161,0.1,9,True,0.475925925925926,0.6666666666666666,0.23729309346223382,1.4466166676282082
2162,0.1,9,True,0.3574074074074074,0.5555555555555556,0.15545875354128547,1.6577427265048887
2163,0.3,7,True,0.3079365079365079,0.2857142857142857,0.05358807178498548,2.2359263506290326
2164,0.3,7,True,0.28253968253968254,0.42857142857142855,0.06502247023287655,1.8423709931771086
2165,0.3,7,True,0.28253968253968254,0.42857142857142855,0.06502247023287666,1.8423709931771084
2166,0.9,1,False,,,,
2167,0.9,1,False,,,,
2168,0.6,4,False,,,,
2169,0.4,6,True,0.2755555555555556,0.5,0.11864654673111685,1.792481250360578
2170,0.4,6,True,0.2533333333333333,0.3333333333333333,0.10175559829607272,2.2516291673878226
2171,0.3,7,True,0.2285714285714286,0.42857142857142855,0.08279110672080625,2.128085278891394
2172,0.3,7,True,0.39682539682539686,0.42857142857142855,0.06502247023287655,1.8423709931771084
2173,0.3,7,True,0.3492063492063492,0.42857142857142855,0.06502247023287655,1.8423709931771084
2174,0.1,9,True,0.2925925925925926,0.3333333333333333,0.05358807178498537,2.197159723424149
2175,0.1,9,True,0.3222222222222222,0.3333333333333333,0.05358807178498537,2.197159723424149
2176,0.1,9,True,0.4444444444444444,0.6666666666666666,0.21452470277266567,1.224394445405986
2177,0.1,9,True,0.6148148148148148,0.8888888888888888,0.41832813428211324,0.5032583347756457
2178,0.1,9,True,0.4444444444444444,0.5555555555555556,0.15545875354128547,1.6577427265048887
2179,0.1,9,True,0.6666666666666666,1.0,0.5310044064107188,0.0
2180,0.1,9,True,0.34814814814814815,0.5555555555555556,0.15545875354128547,1.657742726504889
2181,0.1,9,True,0.4074074074074074,0.4444444444444444,0.13903595255631895,1.3921472236645345
2182,0.1,9,True,0.4462962962962963,0.7777777777777778,0.32161017527648017,0.9864267287308424
2183,0.1,9,True,0.6,1.0,0.5310044064107188,0.0
2184,0.1,9,True,0.3555555555555555,0.6666666666666666,0.1826545778534897,0.9182958340544896
2185,0.1,9,True,0.4611111111111111,0.7777777777777778,0.32161017527648017,0.9864267287308424
2186,0.1,9,True,0.32407407407407407,0.2222222222222222,0.03042964980987506,2.5032583347756456
2187,0.1,9,True,0.5981481481481481,0.7777777777777778,0.27015330083790245,0.7642045065086203
2188,0.1,9,True,0.39814814814814814,0.6666666666666666,0.23729309346223382,1.4466166676282082
2189,0.1,9,True,0.312962962962963,0.4444444444444444,0.10167108723147944,2.2810361125534233
2190,0.1,9,True,0.2814814814814815,0.2222222222222222,0.03042964980987506,2.5032583347756456
2191,0.1,9,True,0.4407407407407407,0.6666666666666666,0.21452470277266567,1.224394445405986
2192,0.1,9,True,0.3092592592592593,0.3333333333333333,0.08279110672080636,2.113283334294875
2193,0.1,9,True,0.45,0.7777777777777778,0.32161017527648017,0.9864267287308424
2194,0.1,9,True,0.42777777777777776,0.6666666666666666,0.1826545778534897,0.9182958340544896
2195,0.1,9,True,0.5333333333333333,1.0,0.5310044064107188,0.0
2196,0.1,9,True,0.6,1.0,0.5310044064107188,0.0
2197,0.1,9,True,0.47407407407407404,0.8888888888888888,0.41832813428211324,0.5032583347756457
2198,0.1,9,True,0.5111111111111111,0.8888888888888888,0.41832813428211324,0.5032583347756457
2199,0.1,9,True,0.5333333333333333,1.0,0.5310044064107188,0.0
2200,0.1,9,True,0.47222222222222227,0.7777777777777778,0.32161017527648017,0.9864267287308424
2201,0.1,9,True,0.46296296296296297,0.6666666666666666,0.21452470277266555,1.224394445405986
2202,0.1,9,True,0.412962962962963,0.6666666666666666,0.21452470277266567,1.224394445405986
2203,0.1,9,True,0.5333333333333333,1.0,0.5310044064107188,0.0
2204,0.1,9,True,0.6222222222222221,0.8888888888888888,0.41832813428211324,0.5032583347756457
2205,0.1,9,True,0.4425925925925926,0.4444444444444444,0.07678032766449228,1.5304930567574826
2206,0.1,9,True,0.5055555555555556,0.7777777777777778,0.32161017527648017,0.9864267287308424
2207,0.1,9,True,0.5,0.6666666666666666,0.1826545778534897,0.9182958340544896
2208,0.1,9,True,0.5333333333333333,1.0,0.5310044064107188,0.0
2209,0.1,9,True,0.43333333333333335,0.5555555555555556,0.15726235138633282,1.3516441151533924
2210,0.1,9,True,0.3888888888888889,0.4444444444444444,0.07678032766449228,1.5304930567574824
2211,0.1,9,True,0.4981481481481482,0.7777777777777778,0.32161017527648017,0.9864267287308424
2212,0.1,9,True,0.2537037037037037,0.3333333333333333,0.0573192851827401,2.4193819456463714
2213,0.1,9,True,0.3148148148148148,0.5555555555555556,0.16402499191349473,1.8799649487271108
2214,0.1,9,True,0.37407407407407406,0.4444444444444444,0.07678032766449228,1.5304930567574824
2215,0.1,9,True,0.6,1.0,0.5310044064107188,0.0
2216,0.1,9,True,0.4351851851851852,0.5555555555555556,0.1572623513863327,1.3516441151533924
2217,0.1,9,True,0.4592592592592593,0.8888888888888888,0.41832813428211324,0.5032583347756457
2218,0.1,9,True,0.5037037037037037,0.8888888888888888,0.41832813428211324,0.5032583347756457
2219,0.1,9,True,0.3462962962962963,0.4444444444444444,0.10175559829607284,2.058813890331201
2220,0.1,9,True,0.38333333333333336,0.6666666666666666,0.23729309346223382,1.4466166676282082
2221,0.1,9,True,0.4425925925925926,0.6666666666666666,0.23729309346223382,1.4466166676282082
2222,0.1,9,True,0.548148148148148,0.8888888888888888,0.41832813428211324,0.5032583347756457
2223,0.1,9,True,0.4185185185185185,0.6666666666666666,0.23729309346223382,1.4466166676282082
2224,0.1,9,True,0.23148148148148148,0.2222222222222222,0.02602396837087928,2.725480556997868
2225,0.3,7,True,0.47619047619047616,0.7142857142857143,0.1572623513863327,1.1488348542809166
2226,0.1,9,True,0.32962962962962966,0.5555555555555556,0.15545875354128547,1.6577427265048887
2227,0.1,9,True,0.42407407407407405,0.6666666666666666,0.21452470277266567,1.224394445405986
2228,0.1,9,True,0.6666666666666666,1.0,0.5310044064107188,0.0
2229,0.1,9,True,0.4703703703703704,0.7777777777777778,0.27015330083790245,0.7642045065086203
2230,0.1,9,True,0.4462962962962963,0.7777777777777778,0.32161017527648017,0.9864267287308424
2231,0.1,9,True,0.47222222222222227,0.7777777777777778,0.27015330083790245,0.7642045065086203
2232,0.1,9,True,0.6666666666666666,1.0,0.5310044064107188,0.0
2233,0.1,9,True,0.4574074074074074,0.6666666666666666,0.21452470277266567,1.224394445405986
2234,0.1,9,True,0.7333333333333333,1.0,0.5310044064107188,0.0
2235,0.1,9,True,0.5037037037037037,0.8888888888888888,0.41832813428211324,0.5032583347756457
2236,0.1,9,True,0.6666666666666666,1.0,0.5310044064107188,0.0
2237,0.1,9,True,0.5222222222222223,0.7777777777777778,0.27015330083790245,0.7642045065086203
2238,0.1,9,True,0.4666666666666667,0.7777777777777778,0.32161017527648017,0.9864267287308424
2239,0.1,9,True,0.3092592592592593,0.2222222222222222,0.02602396837087928,2.725480556997868
2240,0.1,9,True,0.3592592592592593,0.6666666666666666,0.21452470277266567,1.224394445405986
2241,0.9,1,False,,,,
2242,0.1,9,True,0.4185185185185185,0.5555555555555556,0.15726235138633282,1.3516441151533922
2243,0.1,9,True,0.1962962962962963,0.3333333333333333,0.0573192851827401,2.4193819456463714
2244,0.1,9,True,0.24074074074074076,0.3333333333333333,0.05358807178498537,2.197159723424149
2245,0.1,9,True,0.31851851851851853,0.4444444444444444,0.10175559829607284,2.0588138903312014
2246,0.1,9,True,0.6148148148148148,0.8888888888888888,0.41832813428211324,0.5032583347756457
2247,0.1,9,True,0.6148148148148148,0.8888888888888888,0.41832813428211324,0.5032583347756457
2248,0.1,9,True,0.387037037037037,0.4444444444444444,0.10175559829607284,2.058813890331201
2249,0.1,9,True,0.3111111111111111,0.3333333333333333,0.08279110672080636,2.113283334294875
2250,0.1,9,True,0.34074074074074073,0.4444444444444444,0.11864654673111685,1.7527152789797045
2251,0.1,9,True,0.5925925925925927,0.8888888888888888,0.41832813428211324,0.5032583347756457
2252,0.1,9,True,0.4555555555555556,0.7777777777777778,0.27015330083790245,0.7642045065086203
2253,0.1,9,True,0.37962962962962965,0.5555555555555556,0.1572623513863327,1.3516441151533922
2254,0.1,9,True,0.7333333333333333,1.0,0.5310044064107188,0.0
2255,0.1,9,True,0.5203703703703704,0.7777777777777778,0.27015330083790245,0.7642045065086203
2256,0.1,9,True,0.4055555555555556,0.6666666666666666,0.23729309346223382,1.4466166676282082
2257,0.1,9,True,0.3222222222222222,0.4444444444444444,0.10167108723147944,2.2810361125534233
2258,0.1,9,True,0.3148148148148148,0.5555555555555556,0.16402499191349473,1.8799649487271108
2259,0.1,9,True,0.475925925925926,0.7777777777777778,0.32161017527648017,0.9864267287308424
2260,0.1,9,True,0.34074074074074073,0.3333333333333333,0.05731928518273999,2.4193819456463714
2261,0.1,9,True,0.5944444444444446,0.6666666666666666,0.1826545778534897,0.9182958340544896
2262,0.1,9,True,0.4685185185185185,0.6666666666666666,0.21452470277266567,1.224394445405986
2263,0.1,9,True,0.26666666666666666,0.2222222222222222,0.03042964980987506,2.5032583347756456
2264,0.1,9,True,0.3333333333333333,0.4444444444444444,0.11864654673111685,1.7527152789797045
2265,0.1,9,True,0.2925925925925926,0.3333333333333333,0.05358807178498515,2.197159723424149
2266,0.1,9,True,0.39814814814814814,0.5555555555555556,0.15545875354128547,1.6577427265048887
2267,0.9,1,False,,,,
2268,0.1,9,True,0.32407407407407407,0.5555555555555556,0.15545875354128547,1.6577427265048887
2269,0.1,9,True,0.4148148148148148,0.7777777777777778,0.32161017527648017,0.9864267287308424
2270,0.1,9,True,0.3537037037037037,0.4444444444444444,0.10175559829607284,2.0588138903312014
2271,0.1,9,True,0.3777777777777778,0.4444444444444444,0.11864654673111708,1.7527152789797045
2272,0.1,9,True,0.3648148148148148,0.4444444444444444,0.08613531161467847,1.836591668108979
2273,0.1,9,True,0.4962962962962963,0.5555555555555556,0.14132728892674495,0.9910760598382222
2274,0.1,9,True,0.548148148148148,0.8888888888888888,0.41832813428211324,0.5032583347756457
2275,0.1,9,True,0.5018518518518519,0.7777777777777778,0.32161017527648017,0.9864267287308424
2276,0.1,9,True,0.48703703703703705,0.7777777777777778,0.32161017527648017,0.9864267287308424
2277,0.1,9,True,0.5259259259259259,0.8888888888888888,0.41832813428211324,0.5032583347756457
2278,0.1,9,True,0.45185185185185184,0.6666666666666666,0.21452470277266567,1.224394445405986
2279,0.1,9,True,0.5074074074074074,0.7777777777777778,0.27015330083790245,0.7642045065086203
2280,0.1,9,True,0.7185185185185186,0.8888888888888888,0.41832813428211324,0.5032583347756457
2281,0.1,9,True,0.4962962962962963,0.8888888888888888,0.41832813428211324,0.5032583347756457
2282,0.1,9,True,0.3425925925925926,0.3333333333333333,0.08279110672080625,2.113283334294875
2283,0.1,9,True,0.43888888888888894,0.5555555555555556,0.11951797627815941,1.4355205042826666
2284,0.1,9,True,0.48888888888888893,0.7777777777777778,0.32161017527648017,0.9864267287308424
2285,0.1,9,True,0.2537037037037037,0.4444444444444444,0.10175559829607284,2.058813890331201
2286,0.1,9,True,0.48888888888888893,0.8888888888888888,0.41832813428211324,0.5032583347756457
2287,0.1,9,True,0.475925925925926,0.7777777777777778,0.32161017527648017,0.9864267287308424
2288,0.1,9,True,0.3314814814814815,0.3333333333333333,0.05358807178498537,2.197159723424149
2289,0.1,9,True,0.27592592592592596,0.4444444444444444,0.10175559829607284,2.058813890331201
2290,0.1,9,True,0.4185185185185185,0.7777777777777778,0.32161017527648017,0.9864267287308424
2291,0.1,9,True,0.5,0.6666666666666666,0.1826545778534897,0.9182958340544896
2292,0.1,9,True,0.32592592592592595,0.3333333333333333,0.05358807178498537,2.1971597234241496
2293,0.1,9,True,0.2777777777777778,0.2222222222222222,0.03042964980987506,2.5032583347756456
2294,0.1,9,True,0.32037037037037036,0.4444444444444444,0.08613531161467869,1.8365916681089791
2295,0.1,9,True,0.47407407407407404,0.8888888888888888,0.41832813428211324,0.5032583347756457
2296,0.1,9,True,0.5925925925925927,0.8888888888888888,0.41832813428211324,0.5032583347756457
2297,0.1,9,True,0.5592592592592592,0.7777777777777778,0.32161017527648017,0.9864267287308424
2298,0.1,9,True,0.5,0.6666666666666666,0.1826545778534897,0.9182958340544896
2299,0.1,9,True,0.5407407407407407,0.8888888888888888,0.41832813428211324,0.5032583347756457
2300,0.1,9,True,0.46296296296296297,0.7777777777777778,0.32161017527648017,0.9864267287308424
2301,0.1,9,True,0.4611111111111111,0.6666666666666666,0.21452470277266567,1.224394445405986
2302,0.1,9,True,0.6666666666666666,1.0,0.5310044064107188,0.0
2303,0.1,9,True,0.6666666666666666,1.0,0.5310044064107188,0.0
2304,0.1,9,True,0.5407407407407407,0.8888888888888888,0.41832813428211324,0.5032583347756457
2305,0.1,9,True,0.4074074074074074,0.7777777777777778,0.32161017527648017,0.9864267287308424
2306,0.1,9,True,0.47407407407407404,0.8888888888888888,0.41832813428211324,0.5032583347756457
2307,0.1,9,True,0.3611111111111111,0.4444444444444444,0.07678032766449228,1.5304930567574824
2308,0.1,9,True,0.5222222222222223,0.7777777777777778,0.27015330083790245,0.7642045065086203
2309,0.1,9,True,0.6666666666666666,1.0,0.5310044064107188,0.0
2310,0.1,9,True,0.3092592592592593,0.4444444444444444,0.10175559829607284,2.058813890331201
2311,0.1,9,True,0.4574074074074074,0.6666666666666666,0.21452470277266567,1.224394445405986
2312,0.1,9,True,0.6,1.0,0.5310044064107188,0.0
2313,0.1,9,True,0.5777777777777778,0.8888888888888888,0.41832813428211324,0.5032583347756457
2314,0.1,9,True,0.6666666666666666,1.0,0.5310044064107188,0.0
2315,0.1,9,True,0.5055555555555556,0.6666666666666666,0.21452470277266567,1.224394445405986
2316,0.1,9,True,0.3092592592592593,0.3333333333333333,0.05358807178498537,2.197159723424149
2317,0.1,9,True,0.4222222222222223,0.6666666666666666,0.21452470277266567,1.224394445405986
2318,0.1,9,True,0.25925925925925924,0.4444444444444444,0.10167108723147944,2.2810361125534233
2319,0.1,9,True,0.36666666666666664,0.5555555555555556,0.15545875354128547,1.6577427265048887
2320,0.1,9,True,0.35,0.4444444444444444,0.11864654673111685,1.7527152789797045
2321,0.2,8,True,0.5333333333333333,1.0,0.2780719051126377,0.0
2322,0.2,8,True,0.5142857142857143,0.75,0.13502647928207268,0.8112781244591328
2323,0.2,8,True,0.5333333333333333,1.0,0.2780719051126377,0.0
2324,0.2,8,True,0.4380952380952381,0.625,0.11951797627815941,1.2987949406953985
2325,0.2,8,True,0.34523809523809523,0.5,0.10175559829607284,2.0
2326,0.2,8,True,0.3071428571428571,0.5,0.08613531161467847,1.75
2327,0.2,8,True,0.29285714285714287,0.375,0.0573192851827401,2.4056390622295662
2328,0.2,8,True,0.21904761904761905,0.25,0.02602396837087928,2.75
2329,0.2,8,True,0.26666666666666666,0.375,0.032511235116438386,1.9056390622295665
2330,0.2,8,True,0.21904761904761905,0.25,0.02602396837087928,2.75
2331,0.2,8,True,0.31666666666666665,0.375,0.05358807178498537,2.1556390622295662
2332,0.2,8,True,0.29047619047619044,0.5,0.08613531161467847,1.75
2333,0.2,8,True,0.29523809523809524,0.5,0.10175559829607284,2.0
2334,0.2,8,True,0.2571428571428572,0.25,0.03042964980987506,2.5
2335,0.2,8,True,0.380952380952381,0.5,0.10175559829607284,2.0
2336,0.2,8,True,0.4095238095238095,0.5,0.07678032766449228,1.4056390622295665
2337,0.2,8,True,0.30952380952380953,0.375,0.05358807178498537,2.1556390622295662
2338,0.2,8,True,0.2642857142857143,0.375,0.0573192851827401,2.4056390622295662
2339,0.2,8,True,0.24285714285714285,0.375,0.032511235116438386,1.9056390622295665
2340,0.2,8,True,0.5142857142857143,0.75,0.13502647928207268,0.8112781244591328
2341,0.2,8,True,0.34523809523809523,0.5,0.08613531161467869,1.75
2342,0.2,8,True,0.3785714285714286,0.5,0.08613531161467847,1.75
2343,0.2,8,True,0.39761904761904765,0.75,0.13502647928207268,0.8112781244591328
2344,0.3,7,True,0.2380952380952381,0.2857142857142857,0.05731928518273999,2.5216406363433186
2345,0.3,7,True,0.25396825396825395,0.2857142857142857,0.05358807178498515,2.2359263506290326
2346,0.3,7,True,0.24761904761904763,0.42857142857142855,0.08279110672080636,2.1280852788913944
2347,0.3,7,True,0.4285714285714286,0.42857142857142855,0.05226907788083912,1.4488156357251847
2348,0.3,7,True,0.3142857142857143,0.2857142857142857,0.05731928518273999,2.5216406363433186
2349,0.3,7,True,0.3111111111111111,0.42857142857142855,0.06502247023287666,1.8423709931771084
2350,0.3,7,True,0.33968253968253964,0.42857142857142855,0.06502247023287666,1.8423709931771084
2351,0.3,7,True,0.3365079365079365,0.2857142857142857,0.05358807178498548,2.2359263506290326
2352,0.3,7,True,0.3142857142857143,0.2857142857142857,0.05358807178498537,2.2359263506290326
2353,0.3,7,True,0.21587301587301588,0.14285714285714285,0.05118688510966152,2.807354922057604
2354,0.2,8,True,0.430952380952381,0.625,0.11951797627815941,1.2987949406953985
2355,0.2,8,True,0.25,0.375,0.05358807178498548,2.1556390622295662
2356,0.2,8,True,0.32380952380952377,0.25,0.03042964980987506,2.5
2357,0.2,8,True,0.35952380952380947,0.625,0.15545875354128547,1.5487949406953985
2358,0.2,8,True,0.3880952380952381,0.625,0.15545875354128547,1.5487949406953985
2359,0.2,8,True,0.29285714285714287,0.375,0.0573192851827401,2.4056390622295662
2360,0.2,8,True,0.319047619047619,0.25,0.024385036849164488,2.25
2361,0.2,8,True,0.32857142857142857,0.375,0.032511235116438386,1.9056390622295665
2362,0.2,8,True,0.35714285714285715,0.5,0.08613531161467847,1.75
2363,0.2,8,True,0.4380952380952381,0.625,0.11951797627815941,1.2987949406953985
2364,0.1,9,True,0.45,0.6666666666666666,0.21452470277266567,1.224394445405986
2365,0.1,9,True,0.6,1.0,0.5310044064107188,0.0
2366,0.1,9,True,0.5018518518518519,0.7777777777777778,0.32161017527648017,0.9864267287308424
2367,0.1,9,True,0.22407407407407406,0.2222222222222222,0.03042964980987506,2.5032583347756456
2368,0.1,9,True,0.5555555555555555,0.8888888888888888,0.41832813428211324,0.5032583347756457
2369,0.1,9,True,0.38333333333333336,0.6666666666666666,0.23729309346223382,1.4466166676282082
2370,0.3,7,True,0.39047619047619053,0.42857142857142855,0.05226907788083912,1.4488156357251847
2371,0.3,7,True,0.3873015873015873,0.7142857142857143,0.15726235138633282,1.1488348542809166
2372,0.3,7,True,0.2857142857142857,0.42857142857142855,0.08279110672080625,2.1280852788913944
2373,0.3,7,True,0.4031746031746032,0.7142857142857143,0.15726235138633282,1.1488348542809166
2374,0.3,7,True,0.33015873015873015,0.5714285714285714,0.11864654673111708,1.6644977792004614
2375,0.9,1,False,,,,
2376,0.9,1,False,,,,
2377,0.9,1,False,,,,
2378,0.9,1,False,,,,
2379,0.9,1,False,,,,
2380,0.9,1,False,,,,
2381,0.9,1,False,,,,
2382,0.9,1,False,,,,
2383,0.9,1,False,,,,
2384,0.9,1,False,,,,
2385,0.9,1,False,,,,
2386,0.9,1,False,,,,
2387,0.9,1,False,,,,
2388,0.9,1,False,,,,
2389,0.9,1,False,,,,
2390,0.9,1,False,,,,
2391,0.9,1,False,,,,
2392,0.9,1,False,,,,
2393,0.9,1,False,,,,
2394,0.9,1,False,,,,
2395,0.9,1,False,,,,
2396,0.9,1,False,,,,
2397,0.9,1,False,,,,
2398,0.9,1,False,,,,
2399,0.9,1,False,,,,
2400,0.9,1,False,,,,
2401,0.9,1,False,,,,
2402,0.9,1,False,,,,
2403,0.9,1,False,,,,
2404,0.9,1,False,,,,
2405,0.9,1,False,,,,
2406,0.9,1,False,,,,
2407,0.9,1,False,,,,
2408,0.9,1,False,,,,
2409,0.9,1,False,,,,
2410,0.9,1,False,,,,
2411,0.9,1,False,,,,
2412,1.0,0,False,,,,
2413,1.0,0,False,,,,
2414,1.0,0,False,,,,
2415,1.0,0,False,,,,
2416,1.0,0,False,,,,
2417,1.0,0,False,,,,
2418,1.0,0,False,,,,
2419,1.0,0,False,,,,
2420,1.0,0,False,,,,
2421,1.0,0,False,,,,
2422,1.0,0,False,,,,
2423,1.0,0,False,,,,
2424,1.0,0,False,,,,
2425,1.0,0,False,,,,
2426,1.0,0,False,,,,
2427,1.0,0,False,,,,
2428,1.0,0,False,,,,
2429,1.0,0,False,,,,
2430,1.0,0,False,,,,
2431,0.8,2,False,,,,
2432,0.8,2,False,,,,
2433,0.8,2,False,,,,
2434,0.8,2,False,,,,
2435,0.8,2,False,,,,
2436,0.8,2,False,,,,
2437,0.8,2,False,,,,
2438,0.8,2,False,,,,
2439,0.8,2,False,,,,
2440,0.8,2,False,,,,
2441,0.8,2,False,,,,
2442,0.8,2,False,,,,
2443,0.2,8,True,0.5,0.875,0.27015330083790245,0.5435644431995964
2444,0.2,8,True,0.44523809523809527,0.75,0.21452470277266567,1.061278124459133
2445,0.1,9,True,0.3074074074074074,0.4444444444444444,0.10175559829607284,2.058813890331201
2446,0.1,9,True,0.33888888888888885,0.3333333333333333,0.08279110672080625,2.113283334294875
2447,0.1,9,True,0.37407407407407406,0.4444444444444444,0.11864654673111685,1.7527152789797045
2448,0.1,9,True,0.3611111111111111,0.5555555555555556,0.15545875354128547,1.6577427265048887
2449,0.1,9,True,0.4166666666666667,0.4444444444444444,0.08613531161467847,1.836591668108979
2450,0.1,9,True,0.3574074074074074,0.4444444444444444,0.10175559829607284,2.058813890331201
2451,0.1,9,True,0.30185185185185187,0.3333333333333333,0.032511235116438164,1.974937501201927
2452,0.1,9,True,0.46296296296296297,0.4444444444444444,0.13903595255631884,1.3921472236645345
2453,0.2,8,True,0.37619047619047613,0.5,0.10175559829607284,2.0
2454,0.2,8,True,0.35952380952380947,0.625,0.11951797627815941,1.2987949406953985
2455,0.2,8,True,0.2357142857142857,0.375,0.05358807178498548,2.1556390622295662
2456,0.3,7,True,0.40634920634920635,0.5714285714285714,0.07678032766449228,1.3787834934861753
2457,0.3,7,True,0.4444444444444444,0.7142857142857143,0.06276943678387037,0.863120568566631
2458,0.3,7,True,0.4222222222222223,0.7142857142857143,0.15726235138633282,1.1488348542809166
2459,0.3,7,True,0.47619047619047616,0.7142857142857143,0.15726235138633282,1.1488348542809166
2460,0.9,1,False,,,,
2461,0.9,1,False,,,,
2462,0.2,8,True,0.22380952380952382,0.375,0.0573192851827401,2.4056390622295662
2463,0.2,8,True,0.21190476190476193,0.25,0.02602396837087928,2.75
2464,0.2,8,True,0.29047619047619044,0.5,0.10175559829607284,2.0
2465,0.1,9,True,0.42592592592592593,0.4444444444444444,0.11864654673111685,1.7527152789797047
2466,0.1,9,True,0.3148148148148148,0.2222222222222222,0.0243850368491646,2.2810361125534238
2467,0.1,9,True,0.32592592592592595,0.3333333333333333,0.0573192851827401,2.4193819456463714
2468,0.1,9,True,0.26296296296296295,0.3333333333333333,0.0573192851827401,2.4193819456463714
2469,0.1,9,True,0.24074074074074076,0.2222222222222222,0.03042964980987506,2.5032583347756456
2470,0.1,9,True,0.27592592592592596,0.3333333333333333,0.0573192851827401,2.4193819456463714
2471,0.1,9,True,0.3944444444444445,0.6666666666666666,0.23729309346223382,1.4466166676282082
2472,0.1,9,True,0.5111111111111111,0.8888888888888888,0.41832813428211324,0.5032583347756457
2473,0.1,9,True,0.47407407407407404,0.7777777777777778,0.32161017527648017,0.9864267287308424
2474,0.1,9,True,0.4592592592592593,0.7777777777777778,0.32161017527648017,0.9864267287308424
2475,0.1,9,True,0.3,0.5555555555555556,0.16402499191349473,1.8799649487271108
2476,0.1,9,True,0.5333333333333333,1.0,0.5310044064107188,0.0
2477,0.1,9,True,0.24814814814814815,0.4444444444444444,0.10167108723147944,2.2810361125534233
2478,0.1,9,True,0.274074074074074,0.4444444444444444,0.10175559829607284,2.058813890331201
2479,0.1,9,True,0.2925925925925926,0.3333333333333333,0.05358807178498537,2.197159723424149
2480,0.1,9,True,0.24629629629629632,0.2222222222222222,0.02602396837087928,2.725480556997868
2481,0.1,9,True,0.32037037037037036,0.4444444444444444,0.10175559829607284,2.058813890331201
2482,0.1,9,True,0.3055555555555555,0.3333333333333333,0.05358807178498548,2.197159723424149
2483,0.1,9,True,0.43333333333333335,0.7777777777777778,0.32161017527648017,0.9864267287308424
2484,0.1,9,True,0.3814814814814815,0.5555555555555556,0.16402499191349473,1.8799649487271108
2485,0.1,9,True,0.3222222222222222,0.4444444444444444,0.10175559829607284,2.058813890331201
2486,0.1,9,True,0.45185185185185184,0.5555555555555556,0.1572623513863327,1.3516441151533922
2487,0.1,9,True,0.3092592592592593,0.4444444444444444,0.10167108723147944,2.2810361125534233
2488,0.1,9,True,0.4037037037037037,0.6666666666666666,0.21452470277266567,1.224394445405986
2489,0.1,9,True,0.4037037037037037,0.6666666666666666,0.21452470277266567,1.224394445405986
2490,0.1,9,True,0.2925925925925926,0.4444444444444444,0.10175559829607284,2.058813890331201
2491,0.1,9,True,0.2814814814814815,0.3333333333333333,0.0573192851827401,2.4193819456463714
2492,0.1,9,True,0.32592592592592595,0.5555555555555556,0.16402499191349473,1.8799649487271108
2493,0.1,9,True,0.3907407407407407,0.7777777777777778,0.32161017527648017,0.9864267287308424
2494,0.1,9,True,0.4462962962962963,0.6666666666666666,0.23729309346223382,1.4466166676282082
2495,0.1,9,True,0.3277777777777778,0.3333333333333333,0.06502247023287666,1.8910611120726526
2496,0.1,9,True,0.6,1.0,0.5310044064107188,0.0
2497,0.1,9,True,0.43148148148148147,0.4444444444444444,0.07678032766449228,1.5304930567574826
2498,0.1,9,True,0.32037037037037036,0.5555555555555556,0.16402499191349473,1.8799649487271108
2499,0.1,9,True,0.35,0.4444444444444444,0.07678032766449228,1.5304930567574824
2500,0.1,9,True,0.4074074074074074,0.4444444444444444,0.11864654673111685,1.7527152789797047
2501,0.2,8,True,0.5,0.875,0.27015330083790245,0.5435644431995964
2502,0.1,9,True,0.37962962962962965,0.4444444444444444,0.11864654673111685,1.7527152789797045
2503,0.1,9,True,0.362962962962963,0.5555555555555556,0.15545875354128547,1.6577427265048887
2504,0.1,9,True,0.4111111111111111,0.6666666666666666,0.23729309346223382,1.4466166676282082
2505,0.1,9,True,0.5333333333333333,1.0,0.5310044064107188,0.0
2506,0.1,9,True,0.3907407407407407,0.5555555555555556,0.1572623513863327,1.3516441151533922
2507,0.1,9,True,0.25,0.3333333333333333,0.06502247023287655,1.8910611120726526
2508,0.1,9,True,0.26296296296296295,0.2222222222222222,0.02602396837087928,2.725480556997868
2509,0.1,9,True,0.5611111111111112,0.7777777777777778,0.27015330083790245,0.7642045065086203
2510,0.1,9,True,0.4074074074074074,0.6666666666666666,0.23729309346223382,1.4466166676282082
2511,0.1,9,True,0.3092592592592593,0.3333333333333333,0.05358807178498537,2.197159723424149
2512,0.1,9,True,0.37962962962962965,0.5555555555555556,0.15545875354128547,1.6577427265048887
2513,0.1,9,True,0.44814814814814813,0.6666666666666666,0.21452470277266567,1.224394445405986
2514,0.1,9,True,0.42037037037037034,0.6666666666666666,0.21452470277266567,1.224394445405986
2515,0.1,9,True,0.2796296296296296,0.2222222222222222,0.030429649809874948,2.503258334775646
2516,0.1,9,True,0.5333333333333333,1.0,0.5310044064107188,0.0
2517,0.1,9,True,0.5111111111111111,0.7777777777777778,0.32161017527648017,0.9864267287308424
2518,0.1,9,True,0.3907407407407407,0.6666666666666666,0.23729309346223382,1.4466166676282082
2519,0.1,9,True,0.4185185185185185,0.4444444444444444,0.11864654673111685,1.7527152789797045
2520,0.1,9,True,0.5185185185185185,0.8888888888888888,0.41832813428211324,0.5032583347756457
2521,0.1,9,True,0.3314814814814815,0.3333333333333333,0.08279110672080625,2.113283334294875
2522,0.1,9,True,0.23148148148148148,0.2222222222222222,0.02602396837087928,2.725480556997868
2523,0.1,9,True,0.5037037037037037,0.8888888888888888,0.41832813428211324,0.5032583347756457
2524,0.1,9,True,0.3314814814814815,0.4444444444444444,0.10175559829607284,2.058813890331201
2525,0.1,9,True,0.3592592592592593,0.4444444444444444,0.10175559829607284,2.058813890331201
2526,0.1,9,True,0.47407407407407404,0.6666666666666666,0.21452470277266567,1.224394445405986
2527,0.1,9,True,0.312962962962963,0.5555555555555556,0.16402499191349473,1.8799649487271108
2528,0.1,9,True,0.337037037037037,0.6666666666666666,0.23729309346223382,1.4466166676282082
2529,0.1,9,True,0.3037037037037037,0.4444444444444444,0.10175559829607272,2.058813890331201
2530,0.1,9,True,0.29814814814814816,0.4444444444444444,0.10175559829607284,2.058813890331201
2531,0.1,9,True,0.25925925925925924,0.3333333333333333,0.0573192851827401,2.4193819456463714
2532,0.1,9,True,0.28703703703703703,0.3333333333333333,0.0573192851827401,2.4193819456463714
2533,0.1,9,True,0.3611111111111111,0.3333333333333333,0.05358807178498537,2.197159723424149
2534,0.1,9,True,0.6,1.0,0.5310044064107188,0.0
2535,0.1,9,True,0.337037037037037,0.4444444444444444,0.10175559829607284,2.058813890331201
2536,0.1,9,True,0.3074074074074074,0.2222222222222222,0.03042964980987506,2.5032583347756456
2537,0.1,9,True,0.34814814814814815,0.5555555555555556,0.16402499191349473,1.8799649487271108
2538,0.1,9,True,0.4962962962962963,0.8888888888888888,0.41832813428211324,0.5032583347756457
2539,0.1,9,True,0.24259259259259258,0.3333333333333333,0.05118688510966152,2.6416041678685933
2540,0.1,9,True,0.40925925925925927,0.5555555555555556,0.15545875354128547,1.6577427265048887
2541,0.1,9,True,0.6,1.0,0.5310044064107188,0.0
2542,0.1,9,True,0.42037037037037034,0.6666666666666666,0.21452470277266567,1.224394445405986
2543,0.1,9,True,0.3314814814814815,0.4444444444444444,0.10175559829607284,2.0588138903312014
2544,0.1,9,True,0.4814814814814815,0.7777777777777778,0.27015330083790245,0.7642045065086203
2545,0.1,9,True,0.4555555555555556,0.7777777777777778,0.32161017527648017,0.9864267287308424
2546,0.1,9,True,0.4444444444444444,0.7777777777777778,0.32161017527648017,0.9864267287308424
2547,0.1,9,True,0.24814814814814815,0.5555555555555556,0.16402499191349473,1.8799649487271108
2548,0.1,9,True,0.4814814814814815,0.7777777777777778,0.27015330083790245,0.7642045065086203
2549,0.1,9,True,0.274074074074074,0.3333333333333333,0.0573192851827401,2.4193819456463714
2550,0.1,9,True,0.30185185185185187,0.3333333333333333,0.05358807178498537,2.197159723424149
2551,0.1,9,True,0.5777777777777778,0.8888888888888888,0.41832813428211324,0.5032583347756457
2552,0.1,9,True,0.5333333333333333,1.0,0.5310044064107188,0.0
2553,0.1,9,True,0.2537037037037037,0.3333333333333333,0.05118688510966152,2.6416041678685933
2554,0.1,9,True,0.4574074074074074,0.7777777777777778,0.32161017527648017,0.9864267287308424
2555,0.1,9,True,0.47222222222222227,0.7777777777777778,0.32161017527648017,0.9864267287308424
2556,0.1,9,True,0.3611111111111111,0.5555555555555556,0.15545875354128547,1.6577427265048887
2557,0.1,9,True,0.3925925925925926,0.4444444444444444,0.11864654673111685,1.7527152789797045
2558,0.1,9,True,0.37962962962962965,0.4444444444444444,0.11864654673111685,1.7527152789797045
2559,0.1,9,True,0.5333333333333333,1.0,0.5310044064107188,0.0
2560,0.1,9,True,0.2351851851851852,0.2222222222222222,0.02602396837087928,2.725480556997868
2561,0.1,9,True,0.32962962962962966,0.4444444444444444,0.13903595255631884,1.3921472236645345
2562,0.1,9,True,0.3074074074074074,0.4444444444444444,0.11864654673111685,1.7527152789797045
2563,0.1,9,True,0.42962962962962964,0.5555555555555556,0.15545875354128547,1.6577427265048887
2564,0.1,9,True,0.36666666666666664,0.6666666666666666,0.23729309346223382,1.4466166676282082
2565,0.1,9,True,0.4148148148148148,0.5555555555555556,0.11951797627815941,1.4355205042826666
2566,0.1,9,True,0.40185185185185185,0.7777777777777778,0.32161017527648017,0.9864267287308424
2567,0.1,9,True,0.437037037037037,0.7777777777777778,0.32161017527648017,0.9864267287308424
2568,0.1,9,True,0.2722222222222222,0.5555555555555556,0.15545875354128547,1.6577427265048887
2569,0.1,9,True,0.36666666666666664,0.5555555555555556,0.15545875354128547,1.6577427265048887
2570,0.1,9,True,0.3648148148148148,0.5555555555555556,0.15545875354128547,1.6577427265048887
2571,0.1,9,True,0.39814814814814814,0.6666666666666666,0.23729309346223382,1.4466166676282082
2572,0.2,8,True,0.3547619047619047,0.375,0.032511235116438386,1.9056390622295665
2573,0.1,9,True,0.3148148148148148,0.3333333333333333,0.06502247023287666,1.8910611120726526
2574,0.1,9,True,0.4,0.5555555555555556,0.16402499191349473,1.8799649487271108
2575,0.1,9,True,0.4592592592592593,0.8888888888888888,0.41832813428211324,0.5032583347756457
2576,0.1,9,True,0.29444444444444445,0.3333333333333333,0.05358807178498548,2.197159723424149
2577,0.1,9,True,0.3685185185185185,0.4444444444444444,0.08613531161467869,1.836591668108979
2578,0.1,9,True,0.21666666666666667,0.2222222222222222,0.02602396837087928,2.725480556997868
2579,0.1,9,True,0.32962962962962966,0.3333333333333333,0.05358807178498548,2.197159723424149
2580,0.1,9,True,0.24074074074074076,0.2222222222222222,0.02602396837087928,2.725480556997868
2581,0.1,9,True,0.42407407407407405,0.5555555555555556,0.15545875354128547,1.6577427265048887
2582,0.1,9,True,0.4222222222222223,0.7777777777777778,0.32161017527648017,0.9864267287308424
2583,0.1,9,True,0.22777777777777777,0.2222222222222222,0.02602396837087928,2.725480556997868
2584,0.1,9,True,0.2518518518518518,0.2222222222222222,0.03042964980987506,2.5032583347756456
2585,0.1,9,True,0.26666666666666666,0.3333333333333333,0.05358807178498548,2.197159723424149
2586,0.1,9,True,0.2925925925925926,0.4444444444444444,0.10167108723147944,2.2810361125534233
2587,0.1,9,True,0.22592592592592592,0.2222222222222222,0.02602396837087928,2.725480556997868
2588,0.1,9,True,0.3074074074074074,0.4444444444444444,0.10167108723147944,2.2810361125534233
2589,0.1,9,True,0.412962962962963,0.3333333333333333,0.06502247023287666,1.8910611120726526
2590,0.1,9,True,0.3111111111111111,0.3333333333333333,0.0573192851827401,2.4193819456463714
2591,0.1,9,True,0.22777777777777777,0.2222222222222222,0.03042964980987506,2.5032583347756456
2592,0.1,9,True,0.29629629629629634,0.3333333333333333,0.05358807178498548,2.197159723424149
2593,0.1,9,True,0.25925925925925924,0.3333333333333333,0.05731928518273999,2.4193819456463714
2594,0.1,9,True,0.3055555555555555,0.3333333333333333,0.08279110672080636,2.113283334294875
2595,0.1,9,True,0.3,0.3333333333333333,0.0573192851827401,2.4193819456463714
2596,0.1,9,True,0.387037037037037,0.6666666666666666,0.23729309346223382,1.4466166676282082
2597,0.1,9,True,0.3092592592592593,0.3333333333333333,0.0573192851827401,2.4193819456463714
2598,0.1,9,True,0.274074074074074,0.3333333333333333,0.0573192851827401,2.4193819456463714
2599,0.1,9,True,0.3222222222222222,0.3333333333333333,0.08279110672080625,2.113283334294875
2600,0.1,9,True,0.3148148148148148,0.6666666666666666,0.23729309346223382,1.4466166676282082
2601,0.1,9,True,0.2925925925925926,0.3333333333333333,0.0573192851827401,2.4193819456463714
2602,0.1,9,True,0.362962962962963,0.3333333333333333,0.05358807178498537,2.197159723424149
2603,0.1,9,True,0.3648148148148148,0.3333333333333333,0.05358807178498537,2.197159723424149
2604,0.1,9,True,0.2611111111111111,0.2222222222222222,0.030429649809874948,2.503258334775646
2605,0.1,9,True,0.2611111111111111,0.2222222222222222,0.02602396837087928,2.725480556997868
2606,0.1,9,True,0.2388888888888889,0.2222222222222222,0.02602396837087928,2.725480556997868
2607,0.1,9,True,0.26481481481481484,0.3333333333333333,0.0573192851827401,2.4193819456463714
2608,0.1,9,True,0.3277777777777778,0.3333333333333333,0.05358807178498537,2.197159723424149
2609,0.1,9,True,0.3351851851851852,0.4444444444444444,0.10175559829607284,2.058813890331201
2610,0.1,9,True,0.2833333333333333,0.4444444444444444,0.08613531161467847,1.836591668108979
2611,0.1,9,True,0.3611111111111111,0.5555555555555556,0.15545875354128547,1.657742726504889
2612,0.1,9,True,0.2685185185185185,0.3333333333333333,0.0573192851827401,2.4193819456463714
2613,0.1,9,True,0.27592592592592596,0.4444444444444444,0.08613531161467847,1.836591668108979
2614,0.1,9,True,0.3685185185185185,0.5555555555555556,0.16402499191349473,1.8799649487271108
2615,0.1,9,True,0.22592592592592592,0.2222222222222222,0.015141338212453448,2.94770277922009
2616,0.1,9,True,0.3888888888888889,0.5555555555555556,0.16402499191349473,1.879964948727111
2617,0.1,9,True,0.3648148148148148,0.5555555555555556,0.15545875354128547,1.6577427265048887
2618,0.1,9,True,0.4703703703703704,0.7777777777777778,0.32161017527648017,0.9864267287308424
2619,0.1,9,True,0.30185185185185187,0.3333333333333333,0.0573192851827401,2.4193819456463714
2620,0.1,9,True,0.3,0.4444444444444444,0.08613531161467847,1.836591668108979
2621,0.1,9,True,0.3333333333333333,0.5555555555555556,0.16402499191349473,1.8799649487271108
2622,0.1,9,True,0.22407407407407406,0.2222222222222222,0.02602396837087928,2.725480556997868
2623,0.1,9,True,0.3425925925925926,0.5555555555555556,0.11951797627815941,1.4355205042826666
2624,0.1,9,True,0.5222222222222223,0.7777777777777778,0.27015330083790245,0.7642045065086203
2625,0.1,9,True,0.34074074074074073,0.4444444444444444,0.10175559829607284,2.058813890331201
2626,0.1,9,True,0.5055555555555556,0.6666666666666666,0.1826545778534897,0.9182958340544896
2627,0.1,9,True,0.20185185185185184,0.2222222222222222,0.02602396837087928,2.725480556997868
2628,0.1,9,True,0.2814814814814815,0.2222222222222222,0.02602396837087939,2.725480556997868
2629,0.1,9,True,0.34444444444444444,0.5555555555555556,0.16402499191349473,1.8799649487271108
2630,0.1,9,True,0.3592592592592593,0.4444444444444444,0.10175559829607284,2.058813890331201
2631,0.1,9,True,0.3888888888888889,0.6666666666666666,0.21452470277266567,1.224394445405986
2632,0.1,9,True,0.3222222222222222,0.3333333333333333,0.05358807178498548,2.197159723424149
2633,0.1,9,True,0.37037037037037035,0.5555555555555556,0.16402499191349473,1.8799649487271108
2634,0.1,9,True,0.40925925925925927,0.7777777777777778,0.32161017527648017,0.9864267287308424
2635,0.1,9,True,0.3555555555555555,0.6666666666666666,0.23729309346223382,1.4466166676282082
2636,0.1,9,True,0.4574074074074074,0.7777777777777778,0.32161017527648017,0.9864267287308424
2637,0.1,9,True,0.2722222222222222,0.2222222222222222,0.03042964980987506,2.5032583347756456
2638,0.1,9,True,0.32962962962962966,0.6666666666666666,0.23729309346223382,1.4466166676282082
2639,0.1,9,True,0.5555555555555555,0.8888888888888888,0.41832813428211324,0.5032583347756457
2640,0.1,9,True,0.5,0.7777777777777778,0.32161017527648017,0.9864267287308424
2641,0.1,9,True,0.26296296296296295,0.3333333333333333,0.0573192851827401,2.4193819456463714
2642,0.1,9,True,0.35,0.5555555555555556,0.15545875354128547,1.6577427265048887
2643,0.1,9,True,0.34074074074074073,0.3333333333333333,0.06502247023287655,1.8910611120726526
2644,0.1,9,True,0.4962962962962963,0.8888888888888888,0.41832813428211324,0.5032583347756457
2645,0.1,9,True,0.35185185185185186,0.4444444444444444,0.08613531161467847,1.836591668108979
2646,0.1,9,True,0.4074074074074074,0.5555555555555556,0.1572623513863327,1.3516441151533922
2647,0.1,9,True,0.3092592592592593,0.4444444444444444,0.10167108723147944,2.2810361125534233
2648,0.1,9,True,0.48888888888888893,0.8888888888888888,0.41832813428211324,0.5032583347756457
2649,0.1,9,True,0.2796296296296296,0.5555555555555556,0.16402499191349473,1.8799649487271108
2650,0.1,9,True,0.3425925925925926,0.4444444444444444,0.08613531161467847,1.836591668108979
2651,0.1,9,True,0.5222222222222223,0.7777777777777778,0.27015330083790245,0.7642045065086203
2652,0.1,9,True,0.30185185185185187,0.4444444444444444,0.08613531161467847,1.836591668108979
2653,0.1,9,True,0.37962962962962965,0.5555555555555556,0.15545875354128547,1.6577427265048887
2654,0.1,9,True,0.524074074074074,0.7777777777777778,0.27015330083790245,0.7642045065086203
2655,0.1,9,True,0.4592592592592593,0.6666666666666666,0.23729309346223382,1.4466166676282082
2656,0.1,9,True,0.3037037037037037,0.4444444444444444,0.10175559829607284,2.058813890331201
2657,0.1,9,True,0.3962962962962963,0.4444444444444444,0.08613531161467847,1.836591668108979
2658,0.1,9,True,0.6,1.0,0.5310044064107188,0.0
2659,0.1,9,True,0.48888888888888893,0.8888888888888888,0.41832813428211324,0.5032583347756457
2660,0.1,9,True,0.40185185185185185,0.6666666666666666,0.23729309346223382,1.4466166676282082
2661,0.1,9,True,0.2833333333333333,0.4444444444444444,0.10175559829607284,2.058813890331201
2662,0.1,9,True,0.5333333333333333,1.0,0.5310044064107188,0.0
2663,0.1,9,True,0.6666666666666666,1.0,0.5310044064107188,0.0
2664,0.1,9,True,0.32407407407407407,0.4444444444444444,0.11864654673111685,1.7527152789797045
2665,0.1,9,True,0.4555555555555556,0.7777777777777778,0.27015330083790245,0.7642045065086203
2666,0.1,9,True,0.6148148148148148,0.8888888888888888,0.41832813428211324,0.5032583347756457
2667,0.1,9,True,0.32037037037037036,0.5555555555555556,0.16402499191349473,1.8799649487271108
2668,0.1,9,True,0.4185185185185185,0.6666666666666666,0.23729309346223382,1.4466166676282082
2669,0.8,2,False,,,,
2670,0.2,8,True,0.39285714285714285,0.75,0.21452470277266567,1.061278124459133
2671,0.2,8,True,0.6166666666666667,0.875,0.27015330083790245,0.5435644431995964
2672,0.1,9,True,0.27592592592592596,0.3333333333333333,0.0573192851827401,2.4193819456463714
2673,0.1,9,True,0.45,0.7777777777777778,0.32161017527648017,0.9864267287308424
2674,0.1,9,True,0.6055555555555555,0.7777777777777778,0.32161017527648017,0.9864267287308424
2675,0.1,9,True,0.29629629629629634,0.4444444444444444,0.10175559829607284,2.058813890331201
2676,0.1,9,True,0.3111111111111111,0.3333333333333333,0.05358807178498537,2.1971597234241496
2677,0.1,9,True,0.2814814814814815,0.3333333333333333,0.0573192851827401,2.4193819456463714
2678,0.1,9,True,0.4111111111111111,0.6666666666666666,0.21452470277266567,1.224394445405986
2679,0.1,9,True,0.20555555555555557,0.3333333333333333,0.05118688510966152,2.6416041678685933
2680,0.1,9,True,0.4592592592592593,0.6666666666666666,0.21452470277266567,1.224394445405986
2681,0.1,9,True,0.3092592592592593,0.3333333333333333,0.06502247023287655,1.8910611120726526
2682,0.1,9,True,0.4814814814814815,0.7777777777777778,0.27015330083790245,0.7642045065086203
2683,0.1,9,True,0.28888888888888886,0.4444444444444444,0.10167108723147944,2.2810361125534233
2684,0.1,9,True,0.5555555555555555,0.8888888888888888,0.41832813428211324,0.5032583347756457
2685,0.1,9,True,0.4185185185185185,0.6666666666666666,0.21452470277266567,1.224394445405986
2686,0.1,9,True,0.5037037037037037,0.8888888888888888,0.41832813428211324,0.5032583347756457
2687,0.1,9,True,0.37592592592592594,0.6666666666666666,0.21452470277266567,1.224394445405986
2688,0.1,9,True,0.39814814814814814,0.3333333333333333,0.06502247023287666,1.8910611120726526
2689,0.1,9,True,0.5092592592592593,0.6666666666666666,0.21452470277266567,1.224394445405986
2690,0.1,9,True,0.4703703703703704,0.7777777777777778,0.32161017527648017,0.9864267287308424
2691,0.1,9,True,0.3592592592592593,0.3333333333333333,0.032511235116438164,1.974937501201927
2692,0.1,9,True,0.37407407407407406,0.5555555555555556,0.15545875354128547,1.6577427265048887
2693,0.1,9,True,0.5333333333333333,1.0,0.5310044064107188,0.0
2694,0.1,9,True,0.5407407407407407,0.8888888888888888,0.41832813428211324,0.5032583347756457
2695,0.1,9,True,0.4611111111111111,0.7777777777777778,0.32161017527648017,0.9864267287308424
2696,0.1,9,True,0.674074074074074,0.8888888888888888,0.41832813428211324,0.5032583347756457
2697,0.1,9,True,0.3851851851851852,0.6666666666666666,0.23729309346223382,1.4466166676282082
2698,0.1,9,True,0.5796296296296296,0.7777777777777778,0.32161017527648017,0.9864267287308424
2699,0.1,9,True,0.5333333333333333,1.0,0.5310044064107188,0.0
2700,0.1,9,True,0.6666666666666666,1.0,0.5310044064107188,0.0
2701,0.1,9,True,0.6,1.0,0.5310044064107188,0.0
2702,0.1,9,True,0.6,1.0,0.5310044064107188,0.0
2703,0.1,9,True,0.5333333333333333,1.0,0.5310044064107188,0.0
2704,0.1,9,True,0.4592592592592593,0.8888888888888888,0.41832813428211324,0.5032583347756457
2705,0.1,9,True,0.6074074074074074,0.8888888888888888,0.41832813428211324,0.5032583347756457
2706,0.1,9,True,0.6,1.0,0.5310044064107188,0.0
2707,0.1,9,True,0.5722222222222222,0.6666666666666666,0.1826545778534897,0.9182958340544896
2708,0.1,9,True,0.33888888888888885,0.4444444444444444,0.10175559829607284,2.058813890331201
2709,0.1,9,True,0.4148148148148148,0.4444444444444444,0.13903595255631884,1.3921472236645345
2710,0.1,9,True,0.548148148148148,0.8888888888888888,0.41832813428211324,0.5032583347756457
2711,0.1,9,True,0.4574074074074074,0.7777777777777778,0.27015330083790245,0.7642045065086203
2712,0.1,9,True,0.412962962962963,0.5555555555555556,0.15545875354128547,1.6577427265048887
2713,0.1,9,True,0.5555555555555555,0.8888888888888888,0.41832813428211324,0.5032583347756457
2714,0.1,9,True,0.5222222222222223,0.7777777777777778,0.27015330083790245,0.7642045065086203
2715,0.1,9,True,0.5555555555555555,0.8888888888888888,0.41832813428211324,0.5032583347756457
2716,0.1,9,True,0.3814814814814815,0.4444444444444444,0.08613531161467869,1.836591668108979
2717,0.1,9,True,0.5333333333333333,1.0,0.5310044064107188,0.0
2718,0.1,9,True,0.2796296296296296,0.3333333333333333,0.0573192851827401,2.4193819456463714
2719,0.1,9,True,0.3351851851851852,0.4444444444444444,0.10175559829607284,2.058813890331201
2720,0.1,9,True,0.6,1.0,0.5310044064107188,0.0
2721,0.1,9,True,0.4055555555555556,0.5555555555555556,0.15545875354128547,1.6577427265048887
2722,0.1,9,True,0.3333333333333333,0.3333333333333333,0.05226907788083912,1.584962500721156
2723,0.1,9,True,0.6,1.0,0.5310044064107188,0.0
2724,0.1,9,True,0.4166666666666667,0.7777777777777778,0.32161017527648017,0.9864267287308424
2725,0.1,9,True,0.46481481481481485,0.7777777777777778,0.32161017527648017,0.9864267287308424
2726,0.1,9,True,0.3222222222222222,0.5555555555555556,0.16402499191349473,1.8799649487271108
2727,0.1,9,True,0.5074074074074074,0.7777777777777778,0.27015330083790245,0.7642045065086203
2728,0.1,9,True,0.29444444444444445,0.3333333333333333,0.05731928518273999,2.4193819456463714
2729,0.1,9,True,0.3425925925925926,0.4444444444444444,0.10167108723147944,2.2810361125534233
2730,0.1,9,True,0.35,0.4444444444444444,0.07678032766449228,1.5304930567574826
2731,0.1,9,True,0.5333333333333333,1.0,0.5310044064107188,0.0
2732,0.1,9,True,0.21296296296296297,0.2222222222222222,0.015141338212453448,2.94770277922009
2733,0.1,9,True,0.3944444444444445,0.6666666666666666,0.23729309346223382,1.4466166676282082
2734,0.1,9,True,0.5333333333333333,1.0,0.5310044064107188,0.0
2735,0.1,9,True,0.3962962962962963,0.5555555555555556,0.15545875354128547,1.6577427265048887
2736,0.1,9,True,0.2925925925925926,0.2222222222222222,0.02602396837087928,2.725480556997868
2737,0.1,9,True,0.3555555555555555,0.7777777777777778,0.32161017527648017,0.9864267287308424
2738,0.1,9,True,0.5333333333333333,1.0,0.5310044064107188,0.0
2739,0.1,9,True,0.524074074074074,0.7777777777777778,0.27015330083790245,0.7642045065086203
2740,0.1,9,True,0.2611111111111111,0.3333333333333333,0.05358807178498537,2.197159723424149
2741,0.1,9,True,0.47777777777777775,0.7777777777777778,0.32161017527648017,0.9864267287308424
2742,0.1,9,True,0.6,1.0,0.5310044064107188,0.0
2743,0.1,9,True,0.27037037037037037,0.4444444444444444,0.10175559829607272,2.058813890331201
2744,0.1,9,True,0.6,1.0,0.5310044064107188,0.0
2745,0.1,9,True,0.48888888888888893,0.8888888888888888,0.41832813428211324,0.5032583347756457
2746,0.1,9,True,0.5333333333333333,1.0,0.5310044064107188,0.0
2747,0.1,9,True,0.4666666666666667,0.6666666666666666,0.21452470277266567,1.224394445405986
2748,0.1,9,True,0.2907407407407407,0.4444444444444444,0.07678032766449228,1.5304930567574824
2749,0.1,9,True,0.6,1.0,0.5310044064107188,0.0
2750,0.1,9,True,0.6666666666666666,1.0,0.5310044064107188,0.0
2751,0.1,9,True,0.5222222222222223,0.7777777777777778,0.27015330083790245,0.7642045065086203
2752,0.1,9,True,0.4962962962962963,0.8888888888888888,0.41832813428211324,0.5032583347756457
2753,0.1,9,True,0.5333333333333333,1.0,0.5310044064107188,0.0
2754,0.1,9,True,0.3851851851851852,0.5555555555555556,0.1572623513863327,1.3516441151533922
2755,0.1,9,True,0.4611111111111111,0.7777777777777778,0.32161017527648017,0.9864267287308424
2756,0.1,9,True,0.3425925925925926,0.4444444444444444,0.11864654673111685,1.7527152789797045
2757,0.1,9,True,0.6666666666666666,1.0,0.5310044064107188,0.0
2758,0.1,9,True,0.37407407407407406,0.6666666666666666,0.23729309346223382,1.4466166676282082
2759,0.1,9,True,0.4611111111111111,0.6666666666666666,0.23729309346223382,1.4466166676282082
2760,0.1,9,True,0.5185185185185185,0.8888888888888888,0.41832813428211324,0.5032583347756457
2761,0.1,9,True,0.6666666666666666,1.0,0.5310044064107188,0.0
2762,0.1,9,True,0.30185185185185187,0.4444444444444444,0.08613531161467847,1.8365916681089791
2763,0.1,9,True,0.4907407407407407,0.7777777777777778,0.32161017527648017,0.9864267287308424
2764,0.1,9,True,0.5333333333333333,1.0,0.5310044064107188,0.0
2765,0.1,9,True,0.5333333333333333,1.0,0.5310044064107188,0.0
2766,0.1,9,True,0.6148148148148148,0.8888888888888888,0.41832813428211324,0.5032583347756457
2767,0.1,9,True,0.23148148148148148,0.3333333333333333,0.05118688510966152,2.6416041678685933
2768,0.1,9,True,0.6666666666666666,1.0,0.5310044064107188,0.0
2769,0.1,9,True,0.29814814814814816,0.3333333333333333,0.05358807178498537,2.197159723424149
2770,0.1,9,True,0.4222222222222223,0.5555555555555556,0.14132728892674484,0.9910760598382222
2771,0.1,9,True,0.22037037037037036,0.2222222222222222,0.02602396837087928,2.725480556997868
2772,0.1,9,True,0.5037037037037037,0.8888888888888888,0.41832813428211324,0.5032583347756457
2773,0.1,9,True,0.33888888888888885,0.4444444444444444,0.11864654673111685,1.7527152789797045
2774,0.1,9,True,0.47222222222222227,0.7777777777777778,0.32161017527648017,0.9864267287308424
2775,0.1,9,True,0.3925925925925926,0.5555555555555556,0.15545875354128547,1.6577427265048887
2776,0.1,9,True,0.3074074074074074,0.4444444444444444,0.10175559829607284,2.058813890331201
2777,0.1,9,True,0.20185185185185184,0.2222222222222222,0.02602396837087928,2.725480556997868
2778,0.1,9,True,0.31666666666666665,0.4444444444444444,0.10175559829607284,2.058813890331201
2779,0.1,9,True,0.20555555555555557,0.2222222222222222,0.015141338212453448,2.94770277922009
2780,0.5,5,True,0.22,0.4,0.15545875354128547,1.9219280948873623
2781,0.9,1,False,,,,
2782,0.9,1,False,,,,
2783,0.9,1,False,,,,
2784,0.9,1,False,,,,
2785,0.9,1,False,,,,
2786,0.9,1,False,,,,
2787,0.6,4,False,,,,
2788,0.6,4,False,,,,
2789,0.6,4,False,,,,
2790,0.7,3,False,,,,
2791,0.7,3,False,,,,
2792,0.7,3,False,,,,
2793,0.8,2,False,,,,
2794,0.9,1,False,,,,
2795,0.9,1,False,,,,
2796,0.9,1,False,,,,
2797,0.9,1,False,,,,
2798,0.8,2,False,,,,
2799,0.6,4,False,,,,
2800,0.6,4,False,,,,
2801,0.3,7,True,0.28888888888888886,0.2857142857142857,0.05358807178498537,2.2359263506290326
2802,0.2,8,True,0.2761904761904762,0.375,0.05358807178498548,2.1556390622295662
2803,0.3,7,True,0.3111111111111111,0.5714285714285714,0.11864654673111708,1.6644977792004614
2804,0.2,8,True,0.19761904761904764,0.25,0.03042964980987506,2.5
2805,0.2,8,True,0.33095238095238094,0.375,0.06502247023287666,1.811278124459133
2806,0.1,9,True,0.2518518518518518,0.3333333333333333,0.0573192851827401,2.4193819456463714
2807,0.1,9,True,0.29629629629629634,0.3333333333333333,0.0573192851827401,2.4193819456463714
2808,0.1,9,True,0.26481481481481484,0.2222222222222222,0.02602396837087928,2.725480556997868
2809,0.1,9,True,0.26666666666666666,0.2222222222222222,0.03042964980987506,2.5032583347756456
2810,0.1,9,True,0.2185185185185185,0.2222222222222222,0.02602396837087928,2.725480556997868
2811,0.1,9,True,0.27037037037037037,0.3333333333333333,0.0573192851827401,2.4193819456463714
2812,0.1,9,True,0.20925925925925926,0.3333333333333333,0.05118688510966152,2.6416041678685933
2813,0.1,9,True,0.36666666666666664,0.6666666666666666,0.21452470277266567,1.224394445405986
2814,0.1,9,True,0.5,0.5555555555555556,0.14132728892674484,0.9910760598382222
2815,0.1,9,True,0.29629629629629634,0.4444444444444444,0.10167108723147944,2.2810361125534233
2816,0.1,9,True,0.5722222222222222,0.6666666666666666,0.1826545778534897,0.9182958340544896
2817,0.1,9,True,0.3111111111111111,0.4444444444444444,0.11864654673111685,1.7527152789797045
2818,0.1,9,True,0.6666666666666666,1.0,0.5310044064107188,0.0
2819,0.1,9,True,0.5,0.6666666666666666,0.1826545778534897,0.9182958340544896
2820,0.1,9,True,0.4185185185185185,0.6666666666666666,0.21452470277266567,1.224394445405986
2821,0.1,9,True,0.5074074074074074,0.7777777777777778,0.27015330083790245,0.7642045065086203
2822,0.1,9,True,0.4074074074074074,0.4444444444444444,0.13903595255631884,1.3921472236645345
2823,0.1,9,True,0.5333333333333333,1.0,0.5310044064107188,0.0
2824,0.1,9,True,0.5333333333333333,1.0,0.5310044064107188,0.0
2825,0.1,9,True,0.6666666666666666,1.0,0.5310044064107188,0.0
2826,0.1,9,True,0.34444444444444444,0.4444444444444444,0.08613531161467847,1.8365916681089791
2827,0.1,9,True,0.3685185185185185,0.5555555555555556,0.15545875354128547,1.6577427265048887
2828,0.1,9,True,0.2907407407407407,0.4444444444444444,0.10167108723147944,2.2810361125534233
2829,0.1,9,True,0.2518518518518518,0.2222222222222222,0.02602396837087928,2.725480556997868
2830,0.2,8,True,0.32380952380952377,0.5,0.08613531161467869,1.75
2831,0.9,1,False,,,,
2832,0.9,1,False,,,,
2833,0.1,9,True,0.4962962962962963,0.8888888888888888,0.41832813428211324,0.5032583347756457
2834,0.1,9,True,0.34074074074074073,0.4444444444444444,0.13903595255631884,1.3921472236645345
2835,0.1,9,True,0.3888888888888889,0.5555555555555556,0.15545875354128547,1.6577427265048887
2836,0.1,9,True,0.4166666666666667,0.7777777777777778,0.32161017527648017,0.9864267287308424
2837,0.1,9,True,0.5407407407407407,0.8888888888888888,0.41832813428211324,0.5032583347756457
2838,0.1,9,True,0.3537037037037037,0.4444444444444444,0.11864654673111685,1.7527152789797045
2839,0.1,9,True,0.6,1.0,0.5310044064107188,0.0
2840,0.1,9,True,0.5333333333333333,1.0,0.5310044064107188,0.0
2841,0.1,9,True,0.5333333333333333,1.0,0.5310044064107188,0.0
2842,0.1,9,True,0.6666666666666666,1.0,0.5310044064107188,0.0
2843,0.1,9,True,0.6666666666666666,1.0,0.5310044064107188,0.0
2844,0.1,9,True,0.6,1.0,0.5310044064107188,0.0
2845,0.1,9,True,0.6,1.0,0.5310044064107188,0.0
2846,0.1,9,True,0.48888888888888893,0.8888888888888888,0.41832813428211324,0.5032583347756457
2847,0.1,9,True,0.48888888888888893,0.8888888888888888,0.41832813428211324,0.5032583347756457
2848,0.1,9,True,0.4592592592592593,0.8888888888888888,0.41832813428211324,0.5032583347756457
2849,0.1,9,True,0.5333333333333333,1.0,0.5310044064107188,0.0
2850,0.1,9,True,0.5333333333333333,1.0,0.5310044064107188,0.0
2851,0.1,9,True,0.4055555555555556,0.6666666666666666,0.1826545778534897,0.9182958340544896
2852,0.1,9,True,0.5037037037037037,0.8888888888888888,0.41832813428211324,0.5032583347756457
2853,0.1,9,True,0.5333333333333333,1.0,0.5310044064107188,0.0
2854,0.1,9,True,0.6666666666666666,1.0,0.5310044064107188,0.0
2855,0.1,9,True,0.4555555555555556,0.7777777777777778,0.27015330083790245,0.7642045065086203
2856,0.1,9,True,0.5333333333333333,1.0,0.5310044064107188,0.0
2857,0.1,9,True,0.6,1.0,0.5310044064107188,0.0
2858,0.1,9,True,0.5222222222222223,0.7777777777777778,0.27015330083790245,0.7642045065086203
2859,0.1,9,True,0.8666666666666667,1.0,0.5310044064107188,0.0
2860,0.1,9,True,0.6666666666666666,1.0,0.5310044064107188,0.0
2861,0.1,9,True,0.7333333333333333,1.0,0.5310044064107188,0.0
2862,0.1,9,True,0.5333333333333333,1.0,0.5310044064107188,0.0
2863,0.1,9,True,0.7333333333333333,1.0,0.5310044064107188,0.0
2864,0.1,9,True,0.6666666666666666,1.0,0.5310044064107188,0.0
2865,0.1,9,True,0.6,0.8888888888888888,0.41832813428211324,0.5032583347756457
2866,0.1,9,True,0.5037037037037037,0.8888888888888888,0.41832813428211324,0.5032583347756457
2867,0.1,9,True,0.5777777777777778,0.8888888888888888,0.41832813428211324,0.5032583347756457
2868,0.1,9,True,0.6666666666666666,1.0,0.5310044064107188,0.0
2869,0.1,9,True,0.6,1.0,0.5310044064107188,0.0
2870,0.1,9,True,0.4592592592592593,0.8888888888888888,0.41832813428211324,0.5032583347756457
2871,0.1,9,True,0.6666666666666666,1.0,0.5310044064107188,0.0
2872,0.1,9,True,0.34444444444444444,0.4444444444444444,0.13903595255631884,1.3921472236645345
2873,0.1,9,True,0.4444444444444444,0.8888888888888888,0.41832813428211324,0.5032583347756457
2874,0.1,9,True,0.5333333333333333,1.0,0.5310044064107188,0.0
2875,0.1,9,True,0.6666666666666666,1.0,0.5310044064107188,0.0
2876,0.1,9,True,0.3537037037037037,0.5555555555555556,0.11951797627815941,1.4355205042826666
2877,0.1,9,True,0.3425925925925926,0.5555555555555556,0.15545875354128547,1.657742726504889
2878,0.1,9,True,0.6425925925925926,0.7777777777777778,0.27015330083790245,0.7642045065086203
2879,0.1,9,True,0.6,1.0,0.5310044064107188,0.0
2880,0.1,9,True,0.3648148148148148,0.5555555555555556,0.11951797627815941,1.4355205042826666
2881,0.1,9,True,0.4555555555555556,0.7777777777777778,0.27015330083790245,0.7642045065086203
2882,0.1,9,True,0.5185185185185185,0.8888888888888888,0.41832813428211324,0.5032583347756457
2883,0.1,9,True,0.4351851851851852,0.7777777777777778,0.32161017527648017,0.9864267287308424
2884,0.1,9,True,0.3611111111111111,0.4444444444444444,0.11864654673111685,1.7527152789797047
2885,0.1,9,True,0.5555555555555555,0.8888888888888888,0.41832813428211324,0.5032583347756457
2886,0.1,9,True,0.48888888888888893,0.7777777777777778,0.32161017527648017,0.9864267287308424
2887,0.1,9,True,0.3851851851851852,0.4444444444444444,0.08613531161467847,1.8365916681089791
2888,0.1,9,True,0.4592592592592593,0.7777777777777778,0.32161017527648017,0.9864267287308424
2889,0.1,9,True,0.5037037037037037,0.8888888888888888,0.41832813428211324,0.5032583347756457
2890,0.1,9,True,0.3962962962962963,0.6666666666666666,0.21452470277266567,1.224394445405986
2891,0.1,9,True,0.3092592592592593,0.3333333333333333,0.08279110672080636,2.113283334294875
2892,0.1,9,True,0.337037037037037,0.4444444444444444,0.10175559829607284,2.058813890331201
2893,0.9,1,False,,,,
2894,0.9,1,False,,,,
2895,0.1,9,True,0.437037037037037,0.7777777777777778,0.32161017527648017,0.9864267287308424
2896,0.1,9,True,0.6,1.0,0.5310044064107188,0.0
2897,0.1,9,True,0.6666666666666666,1.0,0.5310044064107188,0.0
2898,0.1,9,True,0.5185185185185185,0.8888888888888888,0.41832813428211324,0.5032583347756457
2899,0.1,9,True,0.5111111111111111,0.8888888888888888,0.41832813428211324,0.5032583347756457
2900,0.1,9,True,0.6,1.0,0.5310044064107188,0.0
2901,0.1,9,True,0.6,1.0,0.5310044064107188,0.0
2902,0.1,9,True,0.6666666666666666,1.0,0.5310044064107188,0.0
2903,0.1,9,True,0.6,1.0,0.5310044064107188,0.0
2904,0.1,9,True,0.7333333333333333,1.0,0.5310044064107188,0.0
2905,0.1,9,True,0.6,1.0,0.5310044064107188,0.0
2906,0.1,9,True,0.5037037037037037,0.8888888888888888,0.41832813428211324,0.5032583347756457
2907,0.1,9,True,0.4555555555555556,0.7777777777777778,0.27015330083790245,0.7642045065086203
2908,0.1,9,True,0.3222222222222222,0.3333333333333333,0.0573192851827401,2.4193819456463714
2909,0.1,9,True,0.24259259259259258,0.2222222222222222,0.030429649809874948,2.503258334775646
2910,0.1,9,True,0.5333333333333333,1.0,0.5310044064107188,0.0
2911,0.1,9,True,0.4574074074074074,0.6666666666666666,0.23729309346223382,1.4466166676282082
2912,0.1,9,True,0.5259259259259259,0.8888888888888888,0.41832813428211324,0.5032583347756457
2913,0.1,9,True,0.5777777777777778,0.8888888888888888,0.41832813428211324,0.5032583347756457
2914,0.1,9,True,0.7333333333333333,1.0,0.5310044064107188,0.0
2915,0.1,9,True,0.6666666666666666,1.0,0.5310044064107188,0.0
2916,0.1,9,True,0.5333333333333333,1.0,0.5310044064107188,0.0
2917,0.1,9,True,0.2907407407407407,0.4444444444444444,0.10175559829607284,2.058813890331201
2918,0.1,9,True,0.5092592592592593,0.6666666666666666,0.21452470277266567,1.224394445405986
2919,0.1,9,True,0.48703703703703705,0.7777777777777778,0.32161017527648017,0.9864267287308424
2920,0.1,9,True,0.5925925925925927,0.8888888888888888,0.41832813428211324,0.5032583347756457
2921,0.1,9,True,0.5555555555555555,0.8888888888888888,0.41832813428211324,0.5032583347756457
2922,0.1,9,True,0.5333333333333333,1.0,0.5310044064107188,0.0
2923,0.1,9,True,0.47407407407407404,0.8888888888888888,0.41832813428211324,0.5032583347756457
2924,0.1,9,True,0.44814814814814813,0.6666666666666666,0.23729309346223382,1.4466166676282082
2925,0.1,9,True,0.40185185185185185,0.5555555555555556,0.15726235138633282,1.3516441151533924
2926,0.1,9,True,0.38333333333333336,0.4444444444444444,0.11864654673111685,1.7527152789797045
2927,0.1,9,True,0.24629629629629632,0.2222222222222222,0.030429649809874948,2.503258334775646
2928,0.1,9,True,0.43148148148148147,0.5555555555555556,0.15726235138633282,1.3516441151533924
2929,0.1,9,True,0.35185185185185186,0.4444444444444444,0.07678032766449228,1.5304930567574826
2930,0.1,9,True,0.3888888888888889,0.4444444444444444,0.08613531161467869,1.836591668108979
2931,0.1,9,True,0.3462962962962963,0.5555555555555556,0.15545875354128547,1.6577427265048887
2932,0.1,9,True,0.45185185185185184,0.4444444444444444,0.13903595255631884,1.3921472236645345
2933,0.1,9,True,0.47407407407407404,0.8888888888888888,0.41832813428211324,0.5032583347756457
2934,0.1,9,True,0.2074074074074074,0.2222222222222222,0.015141338212453448,2.94770277922009
2935,0.1,9,True,0.37962962962962965,0.6666666666666666,0.23729309346223382,1.4466166676282082
2936,0.2,8,True,0.6666666666666666,1.0,0.2780719051126377,0.0
2937,0.2,8,True,0.4714285714285714,0.75,0.21452470277266567,1.061278124459133
2938,0.2,8,True,0.6,1.0,0.2780719051126377,0.0
2939,0.2,8,True,0.44761904761904764,0.75,0.21452470277266567,1.061278124459133
2940,0.3,7,True,0.6666666666666666,1.0,0.1187091007693073,0.0
2941,0.3,7,True,0.3492063492063492,0.5714285714285714,0.11864654673111685,1.6644977792004614
2942,0.3,7,True,0.35873015873015873,0.5714285714285714,0.11864654673111685,1.6644977792004614
2943,0.3,7,True,0.6476190476190476,0.8571428571428571,0.1826545778534897,0.5916727785823275
2944,0.3,7,True,0.24761904761904763,0.2857142857142857,0.0573192851827401,2.521640636343318
2945,0.9,1,False,,,,
