alignment_col,human_pos,human_residue,cons_vert_gapaware,cons_invert_gapaware,cons_all_gapaware,delta_vert_minus_invert
1,,,0.0,5.56,2.86,-5.56
2,,,0.0,5.56,2.86,-5.56
3,,,0.0,5.56,2.86,-5.56
4,,,0.0,5.56,2.86,-5.56
5,,,0.0,5.56,2.86,-5.56
6,,,0.0,5.56,2.86,-5.56
7,,,0.0,5.56,2.86,-5.56
8,,,0.0,5.56,2.86,-5.56
9,,,0.0,5.56,2.86,-5.56
10,,,0.0,5.56,2.86,-5.56
11,,,0.0,5.56,2.86,-5.56
12,,,0.0,5.56,2.86,-5.56
13,,,0.0,5.56,2.86,-5.56
14,,,0.0,5.56,2.86,-5.56
15,,,0.0,5.56,2.86,-5.56
16,,,0.0,5.56,2.86,-5.56
17,,,0.0,5.56,2.86,-5.56
18,,,0.0,5.56,2.86,-5.56
19,,,0.0,5.56,2.86,-5.56
20,,,0.0,5.56,2.86,-5.56
21,,,0.0,5.56,2.86,-5.56
22,,,0.0,5.56,2.86,-5.56
23,,,0.0,11.11,5.71,-11.11
24,,,0.0,11.11,5.71,-11.11
25,,,0.0,5.56,2.86,-5.56
26,,,0.0,5.56,2.86,-5.56
27,,,5.88,5.56,2.86,0.33
28,,,5.88,11.11,5.71,-5.23
29,,,5.88,5.56,2.86,0.33
30,,,5.88,5.56,2.86,0.33
31,,,5.88,5.56,2.86,0.33
32,,,5.88,5.56,2.86,0.33
33,,,5.88,5.56,2.86,0.33
34,,,5.88,11.11,5.71,-5.23
35,,,5.88,5.56,5.71,0.33
36,,,5.88,5.56,2.86,0.33
37,,,5.88,5.56,5.71,0.33
38,,,5.88,11.11,5.71,-5.23
39,,,17.65,5.56,8.57,12.09
40,,,17.65,5.56,8.57,12.09
41,,,17.65,5.56,8.57,12.09
42,,,17.65,11.11,8.57,6.54
43,,,17.65,5.56,11.43,12.09
44,,,17.65,5.56,8.57,12.09
45,,,11.76,5.56,5.71,6.21
46,,,17.65,5.56,8.57,12.09
47,,,17.65,5.56,8.57,12.09
48,,,17.65,5.56,8.57,12.09
49,,,17.65,5.56,8.57,12.09
50,,,17.65,5.56,8.57,12.09
51,,,17.65,5.56,8.57,12.09
52,,,17.65,5.56,8.57,12.09
53,,,17.65,11.11,8.57,6.54
54,,,17.65,5.56,8.57,12.09
55,,,17.65,5.56,11.43,12.09
56,,,17.65,5.56,11.43,12.09
57,,,17.65,5.56,8.57,12.09
58,,,17.65,5.56,8.57,12.09
59,,,17.65,5.56,8.57,12.09
60,,,17.65,5.56,8.57,12.09
61,,,17.65,5.56,11.43,12.09
62,,,17.65,16.67,8.57,0.98
63,,,17.65,5.56,11.43,12.09
64,,,23.53,5.56,11.43,17.97
65,,,17.65,5.56,8.57,12.09
66,,,17.65,5.56,8.57,12.09
67,,,11.76,5.56,5.71,6.21
68,,,17.65,11.11,11.43,6.54
69,,,17.65,5.56,11.43,12.09
70,,,17.65,5.56,8.57,12.09
71,,,17.65,11.11,8.57,6.54
72,,,17.65,5.56,8.57,12.09
73,,,17.65,5.56,8.57,12.09
74,,,17.65,5.56,11.43,12.09
75,,,17.65,5.56,8.57,12.09
76,,,11.76,5.56,5.71,6.21
77,,,17.65,5.56,11.43,12.09
78,,,17.65,5.56,8.57,12.09
79,,,17.65,11.11,8.57,6.54
80,,,17.65,5.56,8.57,12.09
81,,,11.76,5.56,8.57,6.21
82,,,23.53,5.56,11.43,17.97
83,,,17.65,5.56,8.57,12.09
84,,,17.65,5.56,8.57,12.09
85,,,17.65,5.56,8.57,12.09
86,,,17.65,5.56,8.57,12.09
87,,,17.65,5.56,11.43,12.09
88,,,17.65,5.56,8.57,12.09
89,,,17.65,11.11,8.57,6.54
90,,,17.65,11.11,8.57,6.54
91,,,17.65,5.56,8.57,12.09
92,,,17.65,5.56,8.57,12.09
93,,,11.76,5.56,5.71,6.21
94,,,17.65,5.56,8.57,12.09
95,,,17.65,5.56,8.57,12.09
96,,,17.65,5.56,8.57,12.09
97,,,17.65,11.11,8.57,6.54
98,,,17.65,11.11,11.43,6.54
99,,,17.65,5.56,8.57,12.09
100,,,17.65,16.67,8.57,0.98
101,,,23.53,5.56,11.43,17.97
102,,,17.65,11.11,8.57,6.54
103,,,23.53,11.11,11.43,12.42
104,,,23.53,11.11,14.29,12.42
105,,,17.65,16.67,8.57,0.98
106,,,17.65,11.11,8.57,6.54
107,,,17.65,11.11,11.43,6.54
108,,,17.65,11.11,8.57,6.54
109,,,23.53,11.11,14.29,12.42
110,,,17.65,33.33,17.14,-15.69
111,,,23.53,16.67,20.0,6.86
112,,,29.41,22.22,17.14,7.19
113,,,17.65,16.67,14.29,0.98
114,1.0,M,76.47,27.78,51.43,48.69
115,2.0,E,76.47,22.22,48.57,54.25
116,3.0,G,82.35,44.44,62.86,37.91
117,4.0,D,52.94,27.78,31.43,25.16
118,5.0,A,47.06,16.67,25.71,30.39
119,6.0,V,76.47,22.22,40.0,54.25
120,,,17.65,5.56,8.57,12.09
121,,,17.65,11.11,8.57,6.54
122,,,17.65,11.11,8.57,6.54
123,,,23.53,5.56,11.43,17.97
124,,,11.76,5.56,5.71,6.21
125,,,17.65,5.56,8.57,12.09
126,,,17.65,5.56,8.57,12.09
127,,,17.65,5.56,8.57,12.09
128,,,17.65,5.56,11.43,12.09
129,,,17.65,5.56,8.57,12.09
130,,,17.65,5.56,8.57,12.09
131,,,17.65,5.56,8.57,12.09
132,,,17.65,5.56,8.57,12.09
133,,,23.53,5.56,11.43,17.97
134,,,17.65,5.56,8.57,12.09
135,,,17.65,11.11,8.57,6.54
136,,,17.65,11.11,8.57,6.54
137,,,17.65,5.56,11.43,12.09
138,,,23.53,11.11,11.43,12.42
139,,,17.65,5.56,8.57,12.09
140,,,17.65,5.56,11.43,12.09
141,,,17.65,5.56,8.57,12.09
142,,,17.65,5.56,8.57,12.09
143,,,17.65,5.56,11.43,12.09
144,,,17.65,5.56,8.57,12.09
145,,,17.65,5.56,8.57,12.09
146,,,17.65,5.56,11.43,12.09
147,,,17.65,5.56,8.57,12.09
148,,,17.65,11.11,8.57,6.54
149,,,17.65,11.11,8.57,6.54
150,,,17.65,5.56,8.57,12.09
151,,,17.65,5.56,8.57,12.09
152,,,17.65,5.56,8.57,12.09
153,,,17.65,11.11,8.57,6.54
154,,,17.65,5.56,11.43,12.09
155,,,23.53,11.11,17.14,12.42
156,,,17.65,11.11,14.29,6.54
157,,,17.65,11.11,8.57,6.54
158,,,17.65,11.11,8.57,6.54
159,,,17.65,11.11,8.57,6.54
160,,,11.76,11.11,8.57,0.65
161,,,17.65,11.11,11.43,6.54
162,,,17.65,11.11,8.57,6.54
163,,,17.65,5.56,8.57,12.09
164,,,23.53,5.56,14.29,17.97
165,,,11.76,5.56,8.57,6.21
166,,,17.65,11.11,8.57,6.54
167,,,17.65,11.11,8.57,6.54
168,,,17.65,5.56,11.43,12.09
169,,,17.65,11.11,11.43,6.54
170,,,17.65,5.56,11.43,12.09
171,,,17.65,11.11,11.43,6.54
172,,,17.65,11.11,14.29,6.54
173,,,17.65,11.11,11.43,6.54
174,,,17.65,11.11,14.29,6.54
175,,,17.65,5.56,11.43,12.09
176,,,17.65,16.67,8.57,0.98
177,,,17.65,11.11,8.57,6.54
178,,,17.65,11.11,11.43,6.54
179,,,17.65,11.11,8.57,6.54
180,,,17.65,5.56,8.57,12.09
181,,,17.65,5.56,8.57,12.09
182,,,17.65,5.56,11.43,12.09
183,,,17.65,11.11,11.43,6.54
184,,,23.53,11.11,11.43,12.42
185,,,17.65,11.11,8.57,6.54
186,,,17.65,11.11,11.43,6.54
187,,,23.53,11.11,11.43,12.42
188,,,17.65,11.11,11.43,6.54
189,,,17.65,11.11,8.57,6.54
190,,,17.65,11.11,14.29,6.54
191,,,17.65,16.67,11.43,0.98
192,7.0,E,94.12,22.22,57.14,71.9
193,8.0,A,52.94,16.67,28.57,36.27
194,9.0,I,58.82,22.22,31.43,36.6
195,,,17.65,5.56,8.57,12.09
196,,,17.65,11.11,8.57,6.54
197,,,17.65,5.56,8.57,12.09
198,,,17.65,5.56,8.57,12.09
199,,,17.65,5.56,8.57,12.09
200,,,17.65,5.56,11.43,12.09
201,,,17.65,11.11,8.57,6.54
202,,,17.65,5.56,11.43,12.09
203,,,11.76,5.56,5.71,6.21
204,,,17.65,5.56,8.57,12.09
205,,,17.65,5.56,8.57,12.09
206,,,17.65,5.56,11.43,12.09
207,,,11.76,5.56,5.71,6.21
208,,,17.65,5.56,8.57,12.09
209,,,17.65,5.56,8.57,12.09
210,,,17.65,5.56,8.57,12.09
211,,,17.65,5.56,8.57,12.09
212,,,17.65,5.56,8.57,12.09
213,,,17.65,5.56,8.57,12.09
214,,,11.76,11.11,5.71,0.65
215,,,17.65,5.56,8.57,12.09
216,,,17.65,11.11,8.57,6.54
217,,,17.65,5.56,8.57,12.09
218,,,17.65,11.11,8.57,6.54
219,,,17.65,5.56,11.43,12.09
220,,,17.65,5.56,8.57,12.09
221,,,17.65,11.11,8.57,6.54
222,,,17.65,5.56,8.57,12.09
223,,,17.65,5.56,8.57,12.09
224,,,17.65,11.11,8.57,6.54
225,,,17.65,5.56,8.57,12.09
226,,,17.65,11.11,8.57,6.54
227,,,17.65,5.56,8.57,12.09
228,,,17.65,5.56,8.57,12.09
229,,,17.65,11.11,8.57,6.54
230,,,17.65,5.56,11.43,12.09
231,,,17.65,5.56,11.43,12.09
232,,,17.65,5.56,8.57,12.09
233,,,17.65,5.56,8.57,12.09
234,,,17.65,5.56,8.57,12.09
235,,,17.65,5.56,8.57,12.09
236,,,17.65,5.56,8.57,12.09
237,,,17.65,5.56,8.57,12.09
238,,,17.65,5.56,8.57,12.09
239,,,17.65,5.56,8.57,12.09
240,,,17.65,5.56,8.57,12.09
241,,,17.65,5.56,8.57,12.09
242,,,11.76,5.56,5.71,6.21
243,,,17.65,5.56,8.57,12.09
244,,,17.65,5.56,11.43,12.09
245,,,17.65,5.56,8.57,12.09
246,,,17.65,5.56,8.57,12.09
247,,,17.65,5.56,8.57,12.09
248,,,17.65,5.56,11.43,12.09
249,,,17.65,5.56,8.57,12.09
250,,,17.65,5.56,8.57,12.09
251,,,17.65,5.56,8.57,12.09
252,,,17.65,5.56,8.57,12.09
253,,,17.65,5.56,8.57,12.09
254,,,17.65,5.56,8.57,12.09
255,,,17.65,5.56,8.57,12.09
256,,,17.65,5.56,8.57,12.09
257,,,17.65,5.56,11.43,12.09
258,,,17.65,5.56,8.57,12.09
259,,,17.65,5.56,11.43,12.09
260,,,17.65,5.56,11.43,12.09
261,,,17.65,5.56,8.57,12.09
262,,,17.65,5.56,11.43,12.09
263,,,17.65,5.56,8.57,12.09
264,,,17.65,5.56,8.57,12.09
265,,,17.65,5.56,8.57,12.09
266,,,17.65,5.56,8.57,12.09
267,,,17.65,5.56,8.57,12.09
268,,,11.76,5.56,5.71,6.21
269,,,17.65,5.56,8.57,12.09
270,,,17.65,5.56,8.57,12.09
271,,,17.65,5.56,8.57,12.09
272,,,17.65,5.56,8.57,12.09
273,,,17.65,5.56,8.57,12.09
274,,,17.65,5.56,11.43,12.09
275,,,17.65,5.56,8.57,12.09
276,,,17.65,5.56,8.57,12.09
277,,,17.65,5.56,8.57,12.09
278,,,17.65,5.56,8.57,12.09
279,,,17.65,5.56,11.43,12.09
280,,,17.65,5.56,11.43,12.09
281,,,17.65,5.56,8.57,12.09
282,,,17.65,5.56,11.43,12.09
283,,,17.65,11.11,8.57,6.54
284,,,17.65,5.56,8.57,12.09
285,,,17.65,5.56,8.57,12.09
286,,,17.65,5.56,8.57,12.09
287,,,17.65,11.11,8.57,6.54
288,,,17.65,5.56,8.57,12.09
289,,,17.65,5.56,8.57,12.09
290,,,11.76,5.56,5.71,6.21
291,,,17.65,5.56,8.57,12.09
292,,,11.76,5.56,5.71,6.21
293,,,17.65,5.56,8.57,12.09
294,,,17.65,5.56,8.57,12.09
295,,,17.65,5.56,8.57,12.09
296,,,17.65,5.56,11.43,12.09
297,,,11.76,5.56,5.71,6.21
298,,,17.65,5.56,11.43,12.09
299,,,17.65,5.56,8.57,12.09
300,,,17.65,5.56,8.57,12.09
301,,,17.65,5.56,8.57,12.09
302,,,17.65,5.56,8.57,12.09
303,,,17.65,5.56,8.57,12.09
304,,,17.65,5.56,8.57,12.09
305,,,17.65,5.56,8.57,12.09
306,,,17.65,5.56,8.57,12.09
307,,,17.65,5.56,8.57,12.09
308,,,17.65,5.56,8.57,12.09
309,,,17.65,11.11,8.57,6.54
310,,,17.65,5.56,8.57,12.09
311,,,11.76,5.56,8.57,6.21
312,,,17.65,5.56,8.57,12.09
313,,,17.65,5.56,8.57,12.09
314,,,17.65,5.56,8.57,12.09
315,,,17.65,5.56,8.57,12.09
316,,,0.0,5.56,2.86,-5.56
317,,,0.0,5.56,2.86,-5.56
318,,,0.0,5.56,2.86,-5.56
319,,,0.0,5.56,2.86,-5.56
320,,,0.0,5.56,2.86,-5.56
321,,,0.0,5.56,2.86,-5.56
322,,,0.0,5.56,2.86,-5.56
323,,,0.0,5.56,2.86,-5.56
324,,,0.0,5.56,2.86,-5.56
325,,,0.0,5.56,2.86,-5.56
326,,,0.0,5.56,2.86,-5.56
327,,,0.0,5.56,2.86,-5.56
328,,,0.0,5.56,2.86,-5.56
329,,,0.0,5.56,2.86,-5.56
330,,,0.0,5.56,2.86,-5.56
331,,,0.0,5.56,2.86,-5.56
332,,,0.0,5.56,2.86,-5.56
333,,,0.0,5.56,2.86,-5.56
334,,,0.0,5.56,2.86,-5.56
335,,,0.0,5.56,2.86,-5.56
336,,,0.0,5.56,2.86,-5.56
337,,,0.0,5.56,2.86,-5.56
338,,,0.0,5.56,2.86,-5.56
339,,,0.0,5.56,2.86,-5.56
340,10.0,V,76.47,16.67,42.86,59.8
341,11.0,E,70.59,33.33,51.43,37.25
342,12.0,E,52.94,27.78,28.57,25.16
343,13.0,S,70.59,16.67,40.0,53.92
344,14.0,E,88.24,16.67,51.43,71.57
345,,,5.88,11.11,5.71,-5.23
346,15.0,T,58.82,16.67,37.14,42.16
347,16.0,F,64.71,22.22,42.86,42.48
348,,,0.0,5.56,2.86,-5.56
349,,,0.0,5.56,2.86,-5.56
350,,,0.0,5.56,2.86,-5.56
351,,,0.0,5.56,2.86,-5.56
352,,,0.0,5.56,2.86,-5.56
353,,,0.0,5.56,2.86,-5.56
354,,,0.0,5.56,2.86,-5.56
355,,,0.0,5.56,2.86,-5.56
356,,,0.0,5.56,2.86,-5.56
357,,,0.0,5.56,2.86,-5.56
358,,,0.0,5.56,2.86,-5.56
359,,,0.0,5.56,2.86,-5.56
360,,,0.0,5.56,2.86,-5.56
361,,,0.0,5.56,2.86,-5.56
362,,,0.0,5.56,2.86,-5.56
363,,,0.0,5.56,2.86,-5.56
364,,,0.0,5.56,2.86,-5.56
365,,,0.0,5.56,2.86,-5.56
366,,,0.0,5.56,2.86,-5.56
367,,,0.0,5.56,2.86,-5.56
368,,,0.0,5.56,2.86,-5.56
369,17.0,I,52.94,16.67,25.71,36.27
370,18.0,K,70.59,16.67,37.14,53.92
371,19.0,G,52.94,11.11,31.43,41.83
372,20.0,K,76.47,22.22,37.14,54.25
373,21.0,E,70.59,11.11,40.0,59.48
374,22.0,R,47.06,11.11,28.57,35.95
375,23.0,K,70.59,11.11,34.29,59.48
376,24.0,T,70.59,11.11,40.0,59.48
377,25.0,Y,70.59,22.22,40.0,48.37
378,26.0,Q,70.59,16.67,37.14,53.92
379,27.0,R,70.59,16.67,37.14,53.92
380,28.0,R,70.59,11.11,34.29,59.48
381,29.0,R,70.59,11.11,34.29,59.48
382,30.0,E,94.12,22.22,57.14,71.9
383,,,0.0,5.56,2.86,-5.56
384,,,0.0,5.56,2.86,-5.56
385,,,0.0,5.56,2.86,-5.56
386,,,0.0,5.56,2.86,-5.56
387,,,0.0,5.56,2.86,-5.56
388,,,0.0,5.56,2.86,-5.56
389,,,0.0,5.56,2.86,-5.56
390,,,0.0,5.56,2.86,-5.56
391,,,0.0,5.56,2.86,-5.56
392,,,5.88,5.56,2.86,0.33
393,,,5.88,5.56,2.86,0.33
394,,,5.88,5.56,2.86,0.33
395,,,5.88,5.56,2.86,0.33
396,31.0,G,76.47,16.67,45.71,59.8
397,32.0,G,82.35,27.78,54.29,54.58
398,33.0,Q,52.94,11.11,25.71,41.83
399,34.0,E,47.06,27.78,28.57,19.28
400,35.0,E,52.94,27.78,31.43,25.16
401,36.0,D,52.94,33.33,42.86,19.61
402,37.0,A,47.06,16.67,31.43,30.39
403,38.0,C,58.82,16.67,34.29,42.16
404,39.0,H,41.18,16.67,28.57,24.51
405,40.0,L,41.18,16.67,22.86,24.51
406,41.0,P,35.29,22.22,28.57,13.07
407,42.0,Q,47.06,22.22,25.71,24.84
408,43.0,N,47.06,16.67,28.57,30.39
409,,,0.0,5.56,2.86,-5.56
410,,,0.0,5.56,2.86,-5.56
411,,,0.0,11.11,5.71,-11.11
412,,,0.0,5.56,2.86,-5.56
413,,,0.0,5.56,2.86,-5.56
414,,,0.0,5.56,2.86,-5.56
415,,,0.0,5.56,2.86,-5.56
416,,,0.0,5.56,2.86,-5.56
417,,,0.0,5.56,2.86,-5.56
418,,,0.0,5.56,2.86,-5.56
419,,,0.0,5.56,2.86,-5.56
420,,,0.0,5.56,2.86,-5.56
421,,,0.0,5.56,2.86,-5.56
422,,,0.0,5.56,2.86,-5.56
423,,,0.0,5.56,2.86,-5.56
424,,,0.0,5.56,2.86,-5.56
425,,,0.0,5.56,2.86,-5.56
426,,,0.0,5.56,2.86,-5.56
427,,,0.0,5.56,2.86,-5.56
428,,,0.0,5.56,2.86,-5.56
429,,,0.0,5.56,2.86,-5.56
430,,,0.0,5.56,2.86,-5.56
431,,,0.0,5.56,2.86,-5.56
432,,,0.0,5.56,2.86,-5.56
433,,,0.0,5.56,2.86,-5.56
434,,,0.0,5.56,2.86,-5.56
435,,,0.0,5.56,2.86,-5.56
436,,,0.0,5.56,2.86,-5.56
437,,,0.0,11.11,5.71,-11.11
438,,,0.0,5.56,2.86,-5.56
439,,,0.0,5.56,2.86,-5.56
440,,,0.0,5.56,2.86,-5.56
441,,,0.0,5.56,2.86,-5.56
442,,,0.0,11.11,5.71,-11.11
443,,,0.0,5.56,2.86,-5.56
444,,,0.0,11.11,5.71,-11.11
445,,,0.0,5.56,2.86,-5.56
446,,,0.0,5.56,2.86,-5.56
447,,,0.0,5.56,2.86,-5.56
448,,,0.0,5.56,2.86,-5.56
449,,,0.0,5.56,2.86,-5.56
450,,,0.0,5.56,2.86,-5.56
451,,,0.0,5.56,2.86,-5.56
452,,,0.0,11.11,5.71,-11.11
453,,,0.0,5.56,2.86,-5.56
454,,,0.0,5.56,2.86,-5.56
455,,,0.0,5.56,2.86,-5.56
456,,,0.0,5.56,2.86,-5.56
457,,,0.0,5.56,2.86,-5.56
458,,,0.0,5.56,2.86,-5.56
459,,,0.0,5.56,2.86,-5.56
460,,,0.0,5.56,2.86,-5.56
461,,,0.0,5.56,2.86,-5.56
462,,,0.0,5.56,2.86,-5.56
463,,,0.0,5.56,2.86,-5.56
464,,,0.0,5.56,2.86,-5.56
465,,,0.0,5.56,2.86,-5.56
466,,,0.0,5.56,2.86,-5.56
467,,,0.0,5.56,2.86,-5.56
468,,,0.0,5.56,2.86,-5.56
469,,,0.0,5.56,2.86,-5.56
470,,,0.0,5.56,2.86,-5.56
471,,,0.0,5.56,2.86,-5.56
472,,,0.0,5.56,2.86,-5.56
473,,,0.0,5.56,2.86,-5.56
474,,,0.0,5.56,2.86,-5.56
475,,,0.0,5.56,2.86,-5.56
476,,,0.0,5.56,2.86,-5.56
477,,,0.0,5.56,2.86,-5.56
478,,,0.0,5.56,2.86,-5.56
479,,,0.0,5.56,2.86,-5.56
480,,,0.0,5.56,2.86,-5.56
481,,,0.0,5.56,2.86,-5.56
482,,,0.0,5.56,2.86,-5.56
483,,,0.0,5.56,2.86,-5.56
484,,,0.0,5.56,2.86,-5.56
485,,,0.0,5.56,2.86,-5.56
486,44.0,Q,70.59,27.78,37.14,42.81
487,45.0,T,52.94,22.22,37.14,30.72
488,46.0,D,64.71,16.67,40.0,48.04
489,47.0,G,52.94,27.78,40.0,25.16
490,48.0,G,35.29,11.11,22.86,24.18
491,49.0,E,58.82,22.22,40.0,36.6
492,50.0,V,76.47,11.11,40.0,65.36
493,51.0,V,52.94,5.56,28.57,47.39
494,52.0,Q,47.06,11.11,22.86,35.95
495,53.0,D,58.82,27.78,34.29,31.05
496,,,17.65,11.11,8.57,6.54
497,,,17.65,11.11,14.29,6.54
498,,,17.65,11.11,8.57,6.54
499,,,17.65,16.67,8.57,0.98
500,,,23.53,11.11,11.43,12.42
501,,,17.65,11.11,8.57,6.54
502,,,17.65,11.11,8.57,6.54
503,,,17.65,11.11,8.57,6.54
504,,,17.65,11.11,8.57,6.54
505,,,17.65,5.56,8.57,12.09
506,,,17.65,5.56,8.57,12.09
507,,,11.76,5.56,5.71,6.21
508,,,17.65,5.56,11.43,12.09
509,,,17.65,5.56,8.57,12.09
510,,,17.65,11.11,8.57,6.54
511,,,17.65,5.56,8.57,12.09
512,,,17.65,5.56,8.57,12.09
513,,,17.65,5.56,11.43,12.09
514,,,17.65,5.56,8.57,12.09
515,,,17.65,5.56,8.57,12.09
516,,,17.65,5.56,8.57,12.09
517,,,17.65,11.11,8.57,6.54
518,,,17.65,5.56,8.57,12.09
519,,,17.65,11.11,8.57,6.54
520,,,17.65,5.56,8.57,12.09
521,,,17.65,5.56,11.43,12.09
522,54.0,V,70.59,16.67,37.14,53.92
523,55.0,N,70.59,16.67,40.0,53.92
524,,,0.0,11.11,5.71,-11.11
525,,,0.0,5.56,2.86,-5.56
526,,,0.0,16.67,8.57,-16.67
527,56.0,S,64.71,27.78,45.71,36.93
528,57.0,S,52.94,22.22,34.29,30.72
529,,,0.0,5.56,2.86,-5.56
530,,,0.0,5.56,2.86,-5.56
531,,,0.0,5.56,2.86,-5.56
532,,,0.0,5.56,2.86,-5.56
533,,,0.0,5.56,2.86,-5.56
534,,,0.0,5.56,2.86,-5.56
535,,,0.0,5.56,2.86,-5.56
536,,,0.0,5.56,2.86,-5.56
537,,,0.0,5.56,2.86,-5.56
538,,,0.0,5.56,2.86,-5.56
539,,,0.0,5.56,2.86,-5.56
540,,,0.0,5.56,2.86,-5.56
541,,,0.0,5.56,2.86,-5.56
542,,,0.0,5.56,2.86,-5.56
543,,,0.0,5.56,2.86,-5.56
544,,,0.0,5.56,2.86,-5.56
545,,,0.0,5.56,2.86,-5.56
546,,,0.0,5.56,2.86,-5.56
547,,,0.0,5.56,2.86,-5.56
548,,,0.0,5.56,2.86,-5.56
549,,,0.0,5.56,2.86,-5.56
550,,,0.0,5.56,2.86,-5.56
551,,,0.0,5.56,2.86,-5.56
552,,,0.0,5.56,2.86,-5.56
553,,,0.0,5.56,2.86,-5.56
554,,,0.0,5.56,2.86,-5.56
555,,,0.0,5.56,2.86,-5.56
556,,,0.0,5.56,2.86,-5.56
557,,,0.0,5.56,2.86,-5.56
558,,,0.0,5.56,2.86,-5.56
559,,,0.0,5.56,2.86,-5.56
560,,,0.0,5.56,2.86,-5.56
561,,,0.0,5.56,2.86,-5.56
562,,,0.0,5.56,2.86,-5.56
563,,,0.0,5.56,2.86,-5.56
564,,,0.0,5.56,2.86,-5.56
565,,,0.0,5.56,2.86,-5.56
566,,,0.0,5.56,2.86,-5.56
567,,,0.0,5.56,2.86,-5.56
568,,,0.0,5.56,2.86,-5.56
569,,,0.0,5.56,2.86,-5.56
570,,,0.0,5.56,2.86,-5.56
571,,,0.0,5.56,2.86,-5.56
572,,,0.0,5.56,2.86,-5.56
573,,,0.0,5.56,2.86,-5.56
574,,,0.0,5.56,2.86,-5.56
575,,,0.0,5.56,2.86,-5.56
576,,,0.0,5.56,2.86,-5.56
577,,,0.0,5.56,2.86,-5.56
578,58.0,V,64.71,16.67,40.0,48.04
579,59.0,Q,70.59,27.78,37.14,42.81
580,60.0,M,76.47,16.67,37.14,59.8
581,61.0,V,64.71,22.22,31.43,42.48
582,62.0,M,70.59,16.67,37.14,53.92
583,63.0,M,76.47,11.11,42.86,65.36
584,64.0,E,82.35,27.78,54.29,54.58
585,65.0,Q,64.71,16.67,40.0,48.04
586,66.0,L,94.12,27.78,60.0,66.34
587,67.0,D,76.47,27.78,51.43,48.69
588,68.0,P,76.47,22.22,48.57,54.25
589,69.0,T,70.59,16.67,34.29,53.92
590,70.0,L,76.47,11.11,42.86,65.36
591,71.0,L,76.47,16.67,42.86,59.8
592,,,17.65,11.11,8.57,6.54
593,,,17.65,5.56,8.57,12.09
594,,,17.65,11.11,8.57,6.54
595,,,17.65,5.56,8.57,12.09
596,,,17.65,5.56,8.57,12.09
597,,,17.65,11.11,8.57,6.54
598,,,17.65,5.56,11.43,12.09
599,,,17.65,5.56,8.57,12.09
600,,,17.65,5.56,8.57,12.09
601,,,17.65,11.11,8.57,6.54
602,,,17.65,5.56,8.57,12.09
603,,,17.65,11.11,8.57,6.54
604,,,17.65,11.11,14.29,6.54
605,,,17.65,5.56,8.57,12.09
606,,,11.76,11.11,5.71,0.65
607,,,5.88,5.56,2.86,0.33
608,72.0,Q,76.47,22.22,42.86,54.25
609,73.0,M,76.47,11.11,37.14,65.36
610,74.0,K,76.47,16.67,37.14,59.8
611,75.0,T,88.24,16.67,42.86,71.57
612,76.0,E,70.59,22.22,45.71,48.37
613,77.0,V,76.47,33.33,54.29,43.14
614,,,11.76,5.56,5.71,6.21
615,,,17.65,5.56,8.57,12.09
616,,,17.65,5.56,8.57,12.09
617,,,17.65,11.11,8.57,6.54
618,,,17.65,11.11,8.57,6.54
619,78.0,M,64.71,11.11,31.43,53.59
620,79.0,E,64.71,16.67,37.14,48.04
621,,,17.65,11.11,11.43,6.54
622,,,17.65,5.56,11.43,12.09
623,,,17.65,11.11,8.57,6.54
624,,,17.65,11.11,8.57,6.54
625,,,11.76,5.56,5.71,6.21
626,,,17.65,5.56,11.43,12.09
627,,,17.65,16.67,8.57,0.98
628,,,17.65,5.56,11.43,12.09
629,,,17.65,11.11,11.43,6.54
630,,,17.65,5.56,11.43,12.09
631,,,17.65,5.56,8.57,12.09
632,80.0,G,76.47,38.89,57.14,37.58
633,81.0,T,29.41,16.67,14.29,12.75
634,82.0,V,58.82,11.11,34.29,47.71
635,83.0,A,52.94,11.11,31.43,41.83
636,84.0,P,35.29,22.22,22.86,13.07
637,85.0,E,64.71,16.67,37.14,48.04
638,86.0,A,52.94,16.67,31.43,36.27
639,87.0,E,47.06,38.89,42.86,8.17
640,88.0,A,52.94,22.22,31.43,30.72
641,89.0,A,41.18,11.11,25.71,30.07
642,90.0,V,82.35,22.22,48.57,60.13
643,,,0.0,5.56,2.86,-5.56
644,,,0.0,5.56,2.86,-5.56
645,,,0.0,5.56,2.86,-5.56
646,,,5.88,5.56,2.86,0.33
647,,,5.88,5.56,2.86,0.33
648,,,5.88,5.56,2.86,0.33
649,,,5.88,5.56,2.86,0.33
650,,,5.88,5.56,2.86,0.33
651,,,5.88,5.56,5.71,0.33
652,,,5.88,11.11,5.71,-5.23
653,,,5.88,5.56,5.71,0.33
654,,,5.88,5.56,2.86,0.33
655,,,5.88,5.56,2.86,0.33
656,,,5.88,5.56,2.86,0.33
657,,,5.88,5.56,2.86,0.33
658,91.0,D,82.35,38.89,60.0,43.46
659,92.0,D,76.47,27.78,48.57,48.69
660,,,17.65,11.11,11.43,6.54
661,,,17.65,5.56,8.57,12.09
662,,,17.65,5.56,8.57,12.09
663,,,17.65,11.11,8.57,6.54
664,,,17.65,11.11,8.57,6.54
665,,,17.65,11.11,8.57,6.54
666,,,17.65,5.56,11.43,12.09
667,,,17.65,5.56,8.57,12.09
668,,,17.65,11.11,8.57,6.54
669,,,17.65,11.11,8.57,6.54
670,,,17.65,11.11,8.57,6.54
671,,,17.65,11.11,8.57,6.54
672,,,17.65,11.11,11.43,6.54
673,,,17.65,5.56,8.57,12.09
674,93.0,T,94.12,27.78,60.0,66.34
675,94.0,Q,76.47,33.33,45.71,43.14
676,95.0,I,100.0,16.67,51.43,83.33
677,96.0,I,100.0,22.22,60.0,77.78
678,97.0,T,100.0,22.22,54.29,77.78
679,,,0.0,5.56,2.86,-5.56
680,,,0.0,5.56,2.86,-5.56
681,,,0.0,5.56,2.86,-5.56
682,98.0,L,100.0,16.67,57.14,83.33
683,99.0,Q,76.47,11.11,42.86,65.36
684,100.0,V,76.47,16.67,45.71,59.8
685,101.0,V,100.0,33.33,65.71,66.67
686,102.0,N,76.47,11.11,42.86,65.36
687,103.0,M,76.47,16.67,40.0,59.8
688,104.0,E,100.0,16.67,57.14,83.33
689,105.0,E,100.0,38.89,68.57,61.11
690,106.0,Q,76.47,22.22,48.57,54.25
691,,,17.65,5.56,11.43,12.09
692,,,17.65,5.56,8.57,12.09
693,,,23.53,5.56,11.43,17.97
694,,,23.53,5.56,11.43,17.97
695,,,17.65,5.56,8.57,12.09
696,,,17.65,11.11,8.57,6.54
697,,,23.53,5.56,11.43,17.97
698,,,17.65,5.56,8.57,12.09
699,,,17.65,5.56,11.43,12.09
700,,,17.65,5.56,8.57,12.09
701,,,23.53,5.56,11.43,17.97
702,,,23.53,5.56,11.43,17.97
703,,,23.53,5.56,11.43,17.97
704,,,23.53,11.11,14.29,12.42
705,,,17.65,11.11,8.57,6.54
706,,,17.65,5.56,8.57,12.09
707,,,0.0,5.56,2.86,-5.56
708,,,0.0,5.56,2.86,-5.56
709,,,0.0,5.56,2.86,-5.56
710,,,17.65,5.56,8.57,12.09
711,,,17.65,5.56,8.57,12.09
712,,,17.65,11.11,11.43,6.54
713,,,17.65,5.56,8.57,12.09
714,,,17.65,5.56,8.57,12.09
715,,,17.65,5.56,11.43,12.09
716,,,17.65,5.56,8.57,12.09
717,,,17.65,5.56,8.57,12.09
718,,,17.65,5.56,8.57,12.09
719,,,17.65,5.56,11.43,12.09
720,,,17.65,5.56,8.57,12.09
721,,,17.65,5.56,11.43,12.09
722,,,17.65,5.56,8.57,12.09
723,,,17.65,11.11,8.57,6.54
724,,,17.65,5.56,8.57,12.09
725,,,17.65,5.56,8.57,12.09
726,,,17.65,5.56,8.57,12.09
727,,,17.65,11.11,8.57,6.54
728,,,17.65,11.11,11.43,6.54
729,,,17.65,11.11,8.57,6.54
730,,,17.65,11.11,8.57,6.54
731,107.0,P,82.35,27.78,54.29,54.58
732,108.0,I,58.82,16.67,31.43,42.16
733,,,17.65,5.56,11.43,12.09
734,,,17.65,16.67,8.57,0.98
735,,,17.65,11.11,11.43,6.54
736,109.0,N,64.71,22.22,40.0,42.48
737,110.0,I,70.59,16.67,37.14,53.92
738,,,17.65,11.11,11.43,6.54
739,111.0,G,76.47,33.33,54.29,43.14
740,112.0,E,88.24,44.44,65.71,43.79
741,113.0,L,76.47,22.22,48.57,54.25
742,114.0,Q,76.47,27.78,51.43,48.69
743,,,0.0,5.56,2.86,-5.56
744,,,0.0,5.56,2.86,-5.56
745,,,0.0,5.56,2.86,-5.56
746,,,0.0,5.56,2.86,-5.56
747,,,0.0,5.56,2.86,-5.56
748,,,0.0,5.56,2.86,-5.56
749,,,0.0,5.56,2.86,-5.56
750,,,0.0,5.56,2.86,-5.56
751,,,0.0,5.56,2.86,-5.56
752,,,0.0,5.56,2.86,-5.56
753,,,0.0,5.56,2.86,-5.56
754,,,0.0,5.56,2.86,-5.56
755,,,0.0,11.11,5.71,-11.11
756,,,0.0,5.56,2.86,-5.56
757,,,0.0,5.56,2.86,-5.56
758,,,0.0,5.56,2.86,-5.56
759,,,0.0,5.56,2.86,-5.56
760,,,0.0,11.11,5.71,-11.11
761,,,0.0,5.56,2.86,-5.56
762,,,0.0,5.56,2.86,-5.56
763,,,0.0,5.56,2.86,-5.56
764,,,0.0,5.56,2.86,-5.56
765,,,0.0,5.56,2.86,-5.56
766,,,0.0,5.56,2.86,-5.56
767,,,0.0,5.56,2.86,-5.56
768,,,0.0,5.56,2.86,-5.56
769,,,0.0,5.56,2.86,-5.56
770,,,0.0,5.56,2.86,-5.56
771,,,0.0,5.56,2.86,-5.56
772,,,0.0,5.56,2.86,-5.56
773,,,0.0,5.56,2.86,-5.56
774,,,0.0,5.56,2.86,-5.56
775,115.0,L,76.47,16.67,40.0,59.8
776,116.0,V,94.12,11.11,48.57,83.01
777,117.0,Q,76.47,16.67,42.86,59.8
778,,,17.65,11.11,8.57,6.54
779,,,17.65,11.11,8.57,6.54
780,,,17.65,16.67,8.57,0.98
781,,,17.65,11.11,11.43,6.54
782,,,17.65,5.56,11.43,12.09
783,,,17.65,11.11,14.29,6.54
784,,,17.65,5.56,11.43,12.09
785,118.0,V,70.59,22.22,45.71,48.37
786,119.0,P,52.94,16.67,34.29,36.27
787,120.0,V,70.59,11.11,40.0,59.48
788,121.0,P,58.82,22.22,40.0,36.6
789,122.0,V,58.82,16.67,34.29,42.16
790,123.0,T,41.18,22.22,31.43,18.95
791,124.0,V,70.59,16.67,37.14,53.92
792,125.0,P,70.59,11.11,40.0,59.48
793,126.0,V,88.24,16.67,51.43,71.57
794,127.0,A,64.71,16.67,40.0,48.04
795,,,0.0,5.56,2.86,-5.56
796,,,0.0,5.56,2.86,-5.56
797,,,0.0,5.56,2.86,-5.56
798,,,0.0,5.56,2.86,-5.56
799,,,0.0,5.56,2.86,-5.56
800,,,0.0,5.56,2.86,-5.56
801,,,0.0,5.56,2.86,-5.56
802,,,0.0,5.56,2.86,-5.56
803,,,0.0,5.56,2.86,-5.56
804,,,0.0,5.56,2.86,-5.56
805,128.0,T,64.71,16.67,40.0,48.04
806,129.0,T,82.35,16.67,45.71,65.69
807,130.0,S,64.71,16.67,37.14,48.04
808,131.0,V,70.59,16.67,40.0,53.92
809,132.0,E,82.35,38.89,60.0,43.46
810,133.0,E,82.35,33.33,57.14,49.02
811,134.0,L,100.0,22.22,57.14,77.78
812,,,17.65,11.11,8.57,6.54
813,,,17.65,11.11,8.57,6.54
814,,,17.65,5.56,11.43,12.09
815,,,17.65,5.56,8.57,12.09
816,,,17.65,5.56,8.57,12.09
817,,,17.65,5.56,8.57,12.09
818,,,17.65,5.56,11.43,12.09
819,,,17.65,5.56,11.43,12.09
820,,,17.65,11.11,14.29,6.54
821,,,23.53,5.56,11.43,17.97
822,,,17.65,5.56,8.57,12.09
823,,,17.65,5.56,8.57,12.09
824,,,17.65,5.56,11.43,12.09
825,,,17.65,5.56,11.43,12.09
826,135.0,Q,64.71,33.33,37.14,31.37
827,136.0,G,82.35,27.78,54.29,54.58
828,137.0,A,58.82,22.22,37.14,36.6
829,138.0,Y,58.82,27.78,31.43,31.05
830,139.0,E,82.35,27.78,54.29,54.58
831,140.0,N,64.71,22.22,34.29,42.48
832,141.0,E,58.82,16.67,34.29,42.16
833,,,5.88,5.56,2.86,0.33
834,,,5.88,5.56,2.86,0.33
835,,,5.88,5.56,2.86,0.33
836,,,5.88,5.56,2.86,0.33
837,,,5.88,5.56,5.71,0.33
838,,,5.88,5.56,2.86,0.33
839,,,5.88,5.56,2.86,0.33
840,,,5.88,5.56,2.86,0.33
841,,,5.88,5.56,2.86,0.33
842,,,5.88,5.56,2.86,0.33
843,,,5.88,5.56,2.86,0.33
844,,,5.88,5.56,2.86,0.33
845,,,5.88,5.56,2.86,0.33
846,,,5.88,5.56,2.86,0.33
847,,,5.88,5.56,2.86,0.33
848,,,5.88,5.56,2.86,0.33
849,,,5.88,5.56,2.86,0.33
850,,,5.88,5.56,2.86,0.33
851,,,5.88,5.56,2.86,0.33
852,,,5.88,5.56,5.71,0.33
853,,,5.88,5.56,2.86,0.33
854,,,5.88,5.56,2.86,0.33
855,,,5.88,5.56,2.86,0.33
856,,,5.88,5.56,2.86,0.33
857,,,5.88,5.56,2.86,0.33
858,,,5.88,5.56,2.86,0.33
859,,,5.88,5.56,2.86,0.33
860,,,5.88,5.56,2.86,0.33
861,,,5.88,5.56,2.86,0.33
862,,,5.88,5.56,5.71,0.33
863,,,5.88,5.56,2.86,0.33
864,,,5.88,5.56,2.86,0.33
865,,,5.88,5.56,2.86,0.33
866,,,5.88,5.56,5.71,0.33
867,142.0,V,58.82,16.67,31.43,42.16
868,143.0,S,58.82,11.11,28.57,47.71
869,,,17.65,5.56,8.57,12.09
870,,,17.65,5.56,8.57,12.09
871,,,17.65,11.11,8.57,6.54
872,,,17.65,11.11,8.57,6.54
873,,,17.65,11.11,11.43,6.54
874,144.0,K,64.71,11.11,37.14,53.59
875,145.0,E,58.82,27.78,42.86,31.05
876,146.0,G,58.82,22.22,37.14,36.6
877,147.0,L,70.59,27.78,48.57,42.81
878,148.0,A,41.18,22.22,28.57,18.95
879,149.0,E,64.71,16.67,31.43,48.04
880,150.0,S,70.59,27.78,48.57,42.81
881,151.0,E,70.59,33.33,42.86,37.25
882,152.0,P,76.47,16.67,40.0,59.8
883,153.0,M,52.94,16.67,25.71,36.27
884,,,17.65,11.11,8.57,6.54
885,154.0,I,100.0,11.11,51.43,88.89
886,,,0.0,5.56,2.86,-5.56
887,,,0.0,5.56,2.86,-5.56
888,,,0.0,5.56,2.86,-5.56
889,,,0.0,5.56,2.86,-5.56
890,,,0.0,5.56,2.86,-5.56
891,,,0.0,5.56,2.86,-5.56
892,155.0,C,76.47,11.11,42.86,65.36
893,,,0.0,5.56,2.86,-5.56
894,,,0.0,5.56,2.86,-5.56
895,,,0.0,5.56,2.86,-5.56
896,,,0.0,5.56,2.86,-5.56
897,,,0.0,5.56,2.86,-5.56
898,,,0.0,5.56,2.86,-5.56
899,,,0.0,5.56,2.86,-5.56
900,,,0.0,5.56,2.86,-5.56
901,,,0.0,5.56,2.86,-5.56
902,,,0.0,5.56,2.86,-5.56
903,,,0.0,5.56,2.86,-5.56
904,,,0.0,5.56,2.86,-5.56
905,,,0.0,5.56,2.86,-5.56
906,,,0.0,5.56,2.86,-5.56
907,,,0.0,5.56,2.86,-5.56
908,,,0.0,5.56,2.86,-5.56
909,,,0.0,5.56,2.86,-5.56
910,,,0.0,5.56,2.86,-5.56
911,,,0.0,5.56,2.86,-5.56
912,156.0,H,100.0,22.22,60.0,77.78
913,157.0,T,100.0,16.67,54.29,83.33
914,158.0,L,100.0,22.22,57.14,77.78
915,159.0,P,100.0,16.67,57.14,83.33
916,160.0,L,100.0,22.22,54.29,77.78
917,161.0,P,100.0,27.78,62.86,72.22
918,,,0.0,5.56,2.86,-5.56
919,,,0.0,5.56,2.86,-5.56
920,,,0.0,11.11,5.71,-11.11
921,,,0.0,5.56,2.86,-5.56
922,162.0,E,94.12,38.89,65.71,55.23
923,163.0,G,100.0,44.44,71.43,55.56
924,,,0.0,11.11,5.71,-11.11
925,,,0.0,5.56,2.86,-5.56
926,,,0.0,5.56,2.86,-5.56
927,164.0,F,76.47,16.67,42.86,59.8
928,165.0,Q,100.0,22.22,54.29,77.78
929,166.0,V,100.0,22.22,60.0,77.78
930,,,0.0,5.56,2.86,-5.56
931,,,0.0,5.56,2.86,-5.56
932,167.0,V,100.0,16.67,51.43,83.33
933,168.0,K,100.0,22.22,60.0,77.78
934,,,0.0,11.11,5.71,-11.11
935,,,0.0,11.11,5.71,-11.11
936,169.0,V,100.0,11.11,54.29,88.89
937,170.0,G,100.0,33.33,65.71,66.67
938,171.0,A,76.47,22.22,48.57,54.25
939,172.0,N,100.0,22.22,60.0,77.78
940,173.0,G,100.0,66.67,82.86,33.33
941,,,0.0,5.56,2.86,-5.56
942,,,0.0,5.56,2.86,-5.56
943,,,0.0,5.56,2.86,-5.56
944,,,0.0,5.56,2.86,-5.56
945,,,0.0,5.56,2.86,-5.56
946,174.0,E,100.0,27.78,62.86,72.22
947,175.0,V,82.35,27.78,54.29,54.58
948,176.0,E,94.12,22.22,57.14,71.9
949,177.0,T,76.47,27.78,51.43,48.69
950,,,5.88,11.11,5.71,-5.23
951,,,5.88,5.56,2.86,0.33
952,,,5.88,11.11,5.71,-5.23
953,,,5.88,5.56,2.86,0.33
954,,,5.88,5.56,2.86,0.33
955,178.0,L,64.71,11.11,37.14,53.59
956,179.0,E,100.0,27.78,57.14,72.22
957,180.0,Q,70.59,11.11,37.14,59.48
958,,,5.88,5.56,2.86,0.33
959,,,5.88,5.56,2.86,0.33
960,,,5.88,5.56,2.86,0.33
961,,,5.88,5.56,5.71,0.33
962,,,5.88,5.56,2.86,0.33
963,,,5.88,5.56,2.86,0.33
964,,,5.88,5.56,2.86,0.33
965,,,5.88,5.56,2.86,0.33
966,,,5.88,5.56,2.86,0.33
967,,,5.88,5.56,2.86,0.33
968,,,5.88,5.56,2.86,0.33
969,,,5.88,5.56,2.86,0.33
970,,,5.88,5.56,2.86,0.33
971,,,5.88,5.56,2.86,0.33
972,,,5.88,5.56,2.86,0.33
973,,,5.88,5.56,5.71,0.33
974,,,5.88,5.56,2.86,0.33
975,,,5.88,11.11,5.71,-5.23
976,,,0.0,5.56,2.86,-5.56
977,,,0.0,5.56,2.86,-5.56
978,181.0,G,58.82,16.67,37.14,42.16
979,182.0,E,70.59,16.67,40.0,53.92
980,183.0,L,76.47,38.89,57.14,37.58
981,184.0,P,47.06,11.11,25.71,35.95
982,185.0,P,64.71,33.33,48.57,31.37
983,,,5.88,11.11,5.71,-5.23
984,,,5.88,11.11,5.71,-5.23
985,,,5.88,11.11,5.71,-5.23
986,,,5.88,5.56,2.86,0.33
987,,,5.88,5.56,5.71,0.33
988,,,5.88,5.56,5.71,0.33
989,,,11.76,5.56,5.71,6.21
990,,,5.88,11.11,8.57,-5.23
991,,,11.76,11.11,5.71,0.65
992,,,11.76,5.56,5.71,6.21
993,,,11.76,5.56,5.71,6.21
994,,,5.88,11.11,5.71,-5.23
995,,,17.65,5.56,8.57,12.09
996,,,17.65,11.11,14.29,6.54
997,,,11.76,11.11,8.57,0.65
998,,,11.76,5.56,8.57,6.21
999,,,11.76,11.11,8.57,0.65
1000,,,11.76,16.67,11.43,-4.9
1001,,,11.76,11.11,8.57,0.65
1002,,,11.76,16.67,11.43,-4.9
1003,,,11.76,11.11,8.57,0.65
1004,,,11.76,5.56,5.71,6.21
1005,,,11.76,5.56,8.57,6.21
1006,,,11.76,11.11,11.43,0.65
1007,,,17.65,11.11,14.29,6.54
1008,,,11.76,11.11,5.71,0.65
1009,,,23.53,11.11,14.29,12.42
1010,,,17.65,11.11,14.29,6.54
1011,,,23.53,11.11,11.43,12.42
1012,,,17.65,5.56,11.43,12.09
1013,186.0,Q,64.71,22.22,34.29,42.48
1014,187.0,E,94.12,44.44,68.57,49.67
1015,188.0,D,58.82,11.11,31.43,47.71
1016,189.0,P,64.71,22.22,31.43,42.48
1017,190.0,S,41.18,16.67,22.86,24.51
1018,191.0,W,76.47,16.67,37.14,59.8
1019,192.0,Q,70.59,11.11,40.0,59.48
1020,193.0,K,94.12,11.11,45.71,83.01
1021,194.0,D,100.0,27.78,62.86,72.22
1022,195.0,P,100.0,33.33,65.71,66.67
1023,196.0,D,100.0,27.78,62.86,72.22
1024,,,0.0,5.56,2.86,-5.56
1025,,,0.0,11.11,5.71,-11.11
1026,,,0.0,5.56,2.86,-5.56
1027,,,0.0,5.56,2.86,-5.56
1028,,,0.0,11.11,5.71,-11.11
1029,,,0.0,5.56,2.86,-5.56
1030,,,0.0,5.56,2.86,-5.56
1031,,,0.0,5.56,2.86,-5.56
1032,,,0.0,5.56,2.86,-5.56
1033,,,0.0,5.56,2.86,-5.56
1034,,,0.0,5.56,2.86,-5.56
1035,,,0.0,5.56,2.86,-5.56
1036,,,0.0,5.56,2.86,-5.56
1037,,,0.0,5.56,2.86,-5.56
1038,,,0.0,5.56,2.86,-5.56
1039,,,0.0,5.56,2.86,-5.56
1040,,,0.0,5.56,2.86,-5.56
1041,,,0.0,5.56,2.86,-5.56
1042,,,0.0,5.56,2.86,-5.56
1043,,,0.0,5.56,2.86,-5.56
1044,,,0.0,5.56,2.86,-5.56
1045,,,0.0,5.56,2.86,-5.56
1046,,,0.0,11.11,5.71,-11.11
1047,,,0.0,5.56,2.86,-5.56
1048,,,0.0,5.56,2.86,-5.56
1049,,,0.0,5.56,2.86,-5.56
1050,,,0.0,5.56,2.86,-5.56
1051,,,0.0,5.56,2.86,-5.56
1052,,,0.0,5.56,2.86,-5.56
1053,,,0.0,5.56,2.86,-5.56
1054,,,0.0,5.56,2.86,-5.56
1055,,,0.0,5.56,2.86,-5.56
1056,,,0.0,5.56,2.86,-5.56
1057,,,0.0,5.56,2.86,-5.56
1058,,,0.0,5.56,2.86,-5.56
1059,,,0.0,5.56,2.86,-5.56
1060,,,0.0,5.56,2.86,-5.56
1061,,,0.0,5.56,2.86,-5.56
1062,,,0.0,5.56,2.86,-5.56
1063,,,0.0,5.56,2.86,-5.56
1064,197.0,Y,100.0,22.22,60.0,77.78
1065,198.0,Q,82.35,22.22,48.57,60.13
1066,199.0,P,76.47,16.67,45.71,59.8
1067,,,5.88,11.11,5.71,-5.23
1068,,,5.88,11.11,5.71,-5.23
1069,200.0,P,94.12,27.78,60.0,66.34
1070,201.0,A,41.18,16.67,22.86,24.51
1071,202.0,K,94.12,22.22,51.43,71.9
1072,203.0,K,100.0,22.22,48.57,77.78
1073,,,23.53,16.67,11.43,6.86
1074,204.0,T,47.06,16.67,25.71,30.39
1075,205.0,K,70.59,16.67,40.0,53.92
1076,206.0,K,100.0,16.67,51.43,83.33
1077,207.0,T,52.94,16.67,28.57,36.27
1078,208.0,K,82.35,11.11,42.86,71.24
1079,209.0,K,100.0,22.22,51.43,77.78
1080,210.0,S,70.59,11.11,37.14,59.48
1081,211.0,K,94.12,16.67,45.71,77.45
1082,212.0,L,100.0,22.22,48.57,77.78
1083,213.0,R,100.0,16.67,51.43,83.33
1084,214.0,Y,100.0,11.11,54.29,88.89
1085,215.0,T,58.82,11.11,31.43,47.71
1086,,,17.65,16.67,11.43,0.98
1087,,,17.65,11.11,8.57,6.54
1088,,,11.76,5.56,5.71,6.21
1089,,,11.76,11.11,5.71,0.65
1090,,,11.76,11.11,8.57,0.65
1091,,,11.76,11.11,8.57,0.65
1092,,,11.76,5.56,5.71,6.21
1093,,,11.76,5.56,5.71,6.21
1094,,,11.76,5.56,8.57,6.21
1095,,,11.76,5.56,5.71,6.21
1096,,,11.76,5.56,5.71,6.21
1097,,,11.76,5.56,5.71,6.21
1098,,,11.76,5.56,5.71,6.21
1099,,,11.76,5.56,5.71,6.21
1100,,,11.76,5.56,5.71,6.21
1101,,,11.76,11.11,5.71,0.65
1102,,,11.76,5.56,5.71,6.21
1103,,,11.76,5.56,5.71,6.21
1104,,,5.88,5.56,2.86,0.33
1105,,,0.0,5.56,2.86,-5.56
1106,,,0.0,5.56,2.86,-5.56
1107,,,0.0,5.56,2.86,-5.56
1108,,,0.0,5.56,2.86,-5.56
1109,,,0.0,5.56,2.86,-5.56
1110,,,0.0,5.56,2.86,-5.56
1111,,,0.0,5.56,2.86,-5.56
1112,,,0.0,5.56,2.86,-5.56
1113,,,0.0,5.56,2.86,-5.56
1114,,,0.0,5.56,2.86,-5.56
1115,,,0.0,5.56,2.86,-5.56
1116,,,0.0,5.56,2.86,-5.56
1117,,,0.0,5.56,2.86,-5.56
1118,,,0.0,5.56,2.86,-5.56
1119,,,0.0,5.56,2.86,-5.56
1120,,,0.0,5.56,2.86,-5.56
1121,,,0.0,5.56,2.86,-5.56
1122,,,0.0,5.56,2.86,-5.56
1123,,,0.0,5.56,2.86,-5.56
1124,,,0.0,5.56,2.86,-5.56
1125,,,0.0,5.56,2.86,-5.56
1126,,,0.0,5.56,2.86,-5.56
1127,,,0.0,5.56,2.86,-5.56
1128,,,0.0,5.56,2.86,-5.56
1129,,,0.0,5.56,2.86,-5.56
1130,,,0.0,5.56,2.86,-5.56
1131,,,0.0,5.56,2.86,-5.56
1132,,,0.0,5.56,2.86,-5.56
1133,,,0.0,5.56,2.86,-5.56
1134,,,0.0,5.56,2.86,-5.56
1135,,,0.0,5.56,2.86,-5.56
1136,,,0.0,5.56,2.86,-5.56
1137,,,0.0,5.56,2.86,-5.56
1138,,,0.0,5.56,2.86,-5.56
1139,,,0.0,5.56,2.86,-5.56
1140,216.0,E,76.47,33.33,54.29,43.14
1141,217.0,E,82.35,33.33,57.14,49.02
1142,218.0,G,58.82,27.78,42.86,31.05
1143,219.0,K,70.59,22.22,45.71,48.37
1144,,,0.0,5.56,2.86,-5.56
1145,,,0.0,5.56,2.86,-5.56
1146,,,0.0,5.56,2.86,-5.56
1147,,,0.0,5.56,2.86,-5.56
1148,,,0.0,5.56,2.86,-5.56
1149,,,0.0,5.56,2.86,-5.56
1150,220.0,D,94.12,33.33,60.0,60.78
1151,221.0,V,64.71,16.67,37.14,48.04
1152,,,0.0,11.11,5.71,-11.11
1153,222.0,D,100.0,50.0,74.29,50.0
1154,223.0,V,70.59,33.33,37.14,37.25
1155,224.0,S,100.0,33.33,65.71,66.67
1156,,,0.0,5.56,2.86,-5.56
1157,,,0.0,5.56,2.86,-5.56
1158,,,0.0,5.56,2.86,-5.56
1159,,,0.0,5.56,2.86,-5.56
1160,,,0.0,5.56,2.86,-5.56
1161,,,0.0,5.56,2.86,-5.56
1162,,,0.0,5.56,2.86,-5.56
1163,,,0.0,5.56,2.86,-5.56
1164,,,0.0,5.56,2.86,-5.56
1165,,,0.0,5.56,2.86,-5.56
1166,,,0.0,5.56,2.86,-5.56
1167,,,0.0,5.56,2.86,-5.56
1168,,,0.0,5.56,2.86,-5.56
1169,,,0.0,5.56,2.86,-5.56
1170,,,0.0,5.56,2.86,-5.56
1171,,,0.0,5.56,2.86,-5.56
1172,,,0.0,5.56,2.86,-5.56
1173,,,0.0,5.56,2.86,-5.56
1174,,,0.0,5.56,2.86,-5.56
1175,,,0.0,5.56,2.86,-5.56
1176,,,0.0,5.56,2.86,-5.56
1177,,,0.0,5.56,2.86,-5.56
1178,,,0.0,5.56,2.86,-5.56
1179,,,0.0,5.56,2.86,-5.56
1180,,,0.0,5.56,2.86,-5.56
1181,,,0.0,5.56,2.86,-5.56
1182,,,0.0,5.56,2.86,-5.56
1183,,,0.0,5.56,2.86,-5.56
1184,,,0.0,5.56,2.86,-5.56
1185,225.0,V,100.0,61.11,80.0,38.89
1186,226.0,Y,100.0,61.11,80.0,38.89
1187,227.0,D,100.0,38.89,68.57,61.11
1188,228.0,F,100.0,55.56,77.14,44.44
1189,229.0,E,100.0,44.44,71.43,55.56
1190,230.0,E,94.12,50.0,71.43,44.12
1191,231.0,E,76.47,27.78,51.43,48.69
1192,232.0,Q,76.47,22.22,37.14,54.25
1193,233.0,Q,76.47,16.67,37.14,59.8
1194,234.0,E,82.35,22.22,51.43,60.13
1195,235.0,G,76.47,44.44,60.0,32.03
1196,236.0,L,100.0,16.67,51.43,83.33
1197,237.0,L,76.47,16.67,37.14,59.8
1198,238.0,S,100.0,27.78,60.0,72.22
1199,239.0,E,58.82,27.78,34.29,31.05
1200,240.0,V,100.0,22.22,60.0,77.78
1201,241.0,N,76.47,27.78,40.0,48.69
1202,242.0,A,70.59,16.67,37.14,53.92
1203,243.0,E,100.0,27.78,60.0,72.22
1204,244.0,K,100.0,22.22,57.14,77.78
1205,245.0,V,70.59,16.67,37.14,53.92
1206,246.0,V,76.47,27.78,42.86,48.69
1207,247.0,G,76.47,16.67,45.71,59.8
1208,248.0,N,70.59,27.78,37.14,42.81
1209,249.0,M,76.47,27.78,37.14,48.69
1210,250.0,K,100.0,55.56,77.14,44.44
1211,251.0,P,100.0,22.22,54.29,77.78
1212,252.0,P,100.0,22.22,60.0,77.78
1213,253.0,K,100.0,27.78,62.86,72.22
1214,254.0,P,100.0,27.78,62.86,72.22
1215,255.0,T,94.12,11.11,45.71,83.01
1216,256.0,K,82.35,22.22,51.43,60.13
1217,257.0,I,100.0,33.33,65.71,66.67
1218,258.0,K,100.0,27.78,62.86,72.22
1219,259.0,K,100.0,22.22,54.29,77.78
1220,260.0,K,100.0,22.22,54.29,77.78
1221,261.0,G,82.35,33.33,57.14,49.02
1222,262.0,V,58.82,16.67,31.43,42.16
1223,263.0,K,82.35,22.22,42.86,60.13
1224,264.0,K,82.35,22.22,51.43,60.13
1225,265.0,T,82.35,22.22,51.43,60.13
1226,266.0,F,82.35,38.89,51.43,43.46
1227,267.0,Q,82.35,27.78,54.29,54.58
1228,268.0,C,82.35,77.78,80.0,4.58
1229,269.0,E,82.35,33.33,40.0,49.02
1230,270.0,L,82.35,16.67,40.0,65.69
1231,271.0,C,82.35,83.33,82.86,-0.98
1232,272.0,S,82.35,33.33,57.14,49.02
1233,273.0,Y,82.35,61.11,71.43,21.24
1234,274.0,T,82.35,50.0,65.71,32.35
1235,275.0,C,82.35,50.0,48.57,32.35
1236,276.0,P,82.35,16.67,45.71,65.69
1237,277.0,R,82.35,50.0,65.71,32.35
1238,278.0,R,82.35,33.33,57.14,49.02
1239,279.0,S,82.35,22.22,45.71,60.13
1240,280.0,N,82.35,33.33,45.71,49.02
1241,,,0.0,5.56,2.86,-5.56
1242,,,0.0,5.56,2.86,-5.56
1243,281.0,L,82.35,83.33,82.86,-0.98
1244,282.0,D,82.35,22.22,40.0,60.13
1245,283.0,R,82.35,72.22,77.14,10.13
1246,284.0,H,82.35,88.89,85.71,-6.54
1247,285.0,M,82.35,50.0,65.71,32.35
1248,286.0,K,82.35,66.67,74.29,15.69
1249,287.0,S,82.35,50.0,65.71,32.35
1250,,,0.0,5.56,2.86,-5.56
1251,288.0,H,82.35,88.89,85.71,-6.54
1252,289.0,T,82.35,38.89,60.0,43.46
1253,290.0,D,82.35,38.89,60.0,43.46
1254,291.0,E,82.35,66.67,74.29,15.69
1255,292.0,R,82.35,72.22,77.14,10.13
1256,293.0,P,82.35,83.33,82.86,-0.98
1257,,,0.0,5.56,2.86,-5.56
1258,,,0.0,5.56,2.86,-5.56
1259,294.0,H,82.35,38.89,60.0,43.46
1260,295.0,K,58.82,61.11,60.0,-2.29
1261,296.0,C,82.35,94.44,88.57,-12.09
1262,297.0,H,82.35,27.78,51.43,54.58
1263,298.0,L,82.35,27.78,51.43,54.58
1264,299.0,C,82.35,94.44,88.57,-12.09
1265,300.0,G,58.82,66.67,40.0,-7.84
1266,301.0,R,82.35,66.67,74.29,15.69
1267,302.0,A,82.35,27.78,48.57,54.58
1268,303.0,F,82.35,94.44,88.57,-12.09
1269,304.0,R,82.35,44.44,62.86,37.91
1270,305.0,T,82.35,61.11,71.43,21.24
1271,306.0,V,82.35,16.67,40.0,65.69
1272,307.0,T,82.35,27.78,51.43,54.58
1273,308.0,L,82.35,44.44,48.57,37.91
1274,309.0,L,82.35,94.44,88.57,-12.09
1275,310.0,R,82.35,61.11,51.43,21.24
1276,311.0,N,82.35,72.22,77.14,10.13
1277,312.0,H,82.35,94.44,88.57,-12.09
1278,313.0,L,58.82,33.33,34.29,25.49
1279,314.0,N,82.35,72.22,77.14,10.13
1280,315.0,T,82.35,61.11,71.43,21.24
1281,,,0.0,5.56,2.86,-5.56
1282,316.0,H,82.35,94.44,88.57,-12.09
1283,317.0,T,82.35,44.44,62.86,37.91
1284,318.0,G,100.0,94.44,97.14,5.56
1285,319.0,T,100.0,44.44,60.0,55.56
1286,320.0,R,70.59,72.22,51.43,-1.63
1287,321.0,P,100.0,88.89,94.29,11.11
1288,322.0,H,100.0,50.0,74.29,50.0
1289,323.0,K,100.0,50.0,74.29,50.0
1290,324.0,C,100.0,94.44,97.14,5.56
1291,325.0,P,70.59,44.44,34.29,26.14
1292,,,0.0,5.56,2.86,-5.56
1293,,,0.0,5.56,2.86,-5.56
1294,326.0,D,76.47,22.22,37.14,54.25
1295,327.0,C,100.0,100.0,100.0,0.0
1296,328.0,D,100.0,33.33,51.43,66.67
1297,329.0,M,100.0,33.33,65.71,66.67
1298,330.0,A,100.0,55.56,77.14,44.44
1299,331.0,F,100.0,100.0,100.0,0.0
1300,332.0,V,100.0,38.89,65.71,61.11
1301,333.0,T,100.0,77.78,88.57,22.22
1302,334.0,S,100.0,72.22,85.71,27.78
1303,335.0,G,100.0,94.44,97.14,5.56
1304,336.0,E,100.0,77.78,88.57,22.22
1305,337.0,L,100.0,88.89,94.29,11.11
1306,338.0,V,100.0,33.33,65.71,66.67
1307,339.0,R,100.0,77.78,88.57,22.22
1308,340.0,H,100.0,100.0,100.0,0.0
1309,341.0,R,100.0,38.89,60.0,61.11
1310,342.0,R,100.0,77.78,88.57,22.22
1311,,,0.0,5.56,2.86,-5.56
1312,,,0.0,5.56,2.86,-5.56
1313,,,0.0,5.56,2.86,-5.56
1314,,,0.0,5.56,2.86,-5.56
1315,,,0.0,5.56,2.86,-5.56
1316,,,0.0,5.56,2.86,-5.56
1317,,,0.0,5.56,2.86,-5.56
1318,343.0,Y,100.0,83.33,91.43,16.67
1319,344.0,K,76.47,38.89,51.43,37.58
1320,345.0,H,100.0,94.44,97.14,5.56
1321,346.0,T,100.0,88.89,94.29,11.11
1322,,,0.0,11.11,5.71,-11.11
1323,347.0,H,100.0,66.67,82.86,33.33
1324,348.0,E,100.0,94.44,97.14,5.56
1325,349.0,K,100.0,88.89,94.29,11.11
1326,350.0,P,100.0,94.44,97.14,5.56
1327,351.0,F,100.0,66.67,57.14,33.33
1328,352.0,K,100.0,61.11,80.0,38.89
1329,353.0,C,100.0,100.0,100.0,0.0
1330,354.0,S,100.0,61.11,51.43,38.89
1331,355.0,M,100.0,33.33,57.14,66.67
1332,356.0,C,100.0,100.0,100.0,0.0
1333,357.0,D,100.0,77.78,88.57,22.22
1334,358.0,Y,100.0,77.78,88.57,22.22
1335,359.0,A,94.12,77.78,85.71,16.34
1336,360.0,S,100.0,77.78,88.57,22.22
1337,361.0,V,100.0,77.78,88.57,22.22
1338,362.0,E,100.0,83.33,91.43,16.67
1339,363.0,V,94.12,38.89,45.71,55.23
1340,364.0,S,94.12,83.33,88.57,10.78
1341,365.0,K,94.12,83.33,88.57,10.78
1342,366.0,L,94.12,94.44,94.29,-0.33
1343,367.0,K,94.12,44.44,68.57,49.67
1344,368.0,R,94.12,83.33,88.57,10.78
1345,369.0,H,94.12,100.0,97.14,-5.88
1346,370.0,I,94.12,33.33,51.43,60.78
1347,371.0,R,94.12,77.78,85.71,16.34
1348,372.0,S,94.12,44.44,68.57,49.67
1349,,,0.0,5.56,2.86,-5.56
1350,373.0,H,94.12,100.0,97.14,-5.88
1351,374.0,T,94.12,88.89,91.43,5.23
1352,375.0,G,94.12,100.0,97.14,-5.88
1353,376.0,E,94.12,88.89,91.43,5.23
1354,377.0,R,94.12,77.78,85.71,16.34
1355,378.0,P,94.12,94.44,94.29,-0.33
1356,379.0,F,94.12,72.22,57.14,21.9
1357,380.0,Q,94.12,55.56,74.29,38.56
1358,381.0,C,94.12,100.0,97.14,-5.88
1359,382.0,S,70.59,38.89,40.0,31.7
1360,383.0,L,94.12,38.89,48.57,55.23
1361,384.0,C,94.12,100.0,97.14,-5.88
1362,385.0,S,94.12,33.33,54.29,60.78
1363,386.0,Y,94.12,61.11,77.14,33.01
1364,387.0,A,94.12,88.89,91.43,5.23
1365,388.0,S,94.12,61.11,77.14,33.01
1366,389.0,R,94.12,50.0,45.71,44.12
1367,390.0,D,94.12,77.78,85.71,16.34
1368,391.0,T,94.12,38.89,62.86,55.23
1369,392.0,Y,94.12,50.0,60.0,44.12
1370,393.0,K,94.12,61.11,77.14,33.01
1371,394.0,L,94.12,100.0,97.14,-5.88
1372,395.0,K,94.12,94.44,94.29,-0.33
1373,396.0,R,94.12,77.78,85.71,16.34
1374,397.0,H,94.12,100.0,97.14,-5.88
1375,398.0,M,94.12,38.89,60.0,55.23
1376,,,0.0,5.56,2.86,-5.56
1377,399.0,R,94.12,66.67,80.0,27.45
1378,400.0,T,94.12,33.33,62.86,60.78
1379,401.0,H,94.12,100.0,97.14,-5.88
1380,,,0.0,5.56,2.86,-5.56
1381,402.0,S,94.12,88.89,45.71,5.23
1382,403.0,G,94.12,94.44,94.29,-0.33
1383,404.0,E,94.12,88.89,91.43,5.23
1384,405.0,K,94.12,83.33,88.57,10.78
1385,406.0,P,94.12,88.89,91.43,5.23
1386,407.0,Y,94.12,83.33,88.57,10.78
1387,408.0,E,94.12,55.56,74.29,38.56
1388,409.0,C,94.12,100.0,97.14,-5.88
1389,410.0,Y,70.59,27.78,34.29,42.81
1390,411.0,I,76.47,27.78,42.86,48.69
1391,412.0,C,94.12,100.0,97.14,-5.88
1392,413.0,H,88.24,27.78,57.14,60.46
1393,414.0,A,94.12,33.33,62.86,60.78
1394,415.0,R,94.12,50.0,71.43,44.12
1395,416.0,F,94.12,100.0,97.14,-5.88
1396,417.0,T,94.12,77.78,85.71,16.34
1397,418.0,Q,94.12,83.33,88.57,10.78
1398,419.0,S,94.12,55.56,74.29,38.56
1399,420.0,G,100.0,50.0,74.29,50.0
1400,421.0,T,100.0,83.33,51.43,16.67
1401,422.0,M,94.12,77.78,45.71,16.34
1402,423.0,K,94.12,88.89,91.43,5.23
1403,424.0,M,94.12,33.33,62.86,60.78
1404,425.0,H,94.12,100.0,97.14,-5.88
1405,426.0,I,70.59,38.89,42.86,31.7
1406,427.0,L,94.12,44.44,68.57,49.67
1407,428.0,Q,94.12,38.89,62.86,55.23
1408,429.0,K,94.12,27.78,48.57,66.34
1409,430.0,H,94.12,66.67,80.0,27.45
1410,431.0,T,94.12,33.33,62.86,60.78
1411,432.0,E,76.47,61.11,37.14,15.36
1412,433.0,N,94.12,33.33,51.43,60.78
1413,434.0,V,94.12,44.44,45.71,49.67
1414,435.0,A,70.59,94.44,60.0,-23.86
1415,436.0,K,94.12,27.78,54.29,66.34
1416,437.0,F,70.59,44.44,57.14,26.14
1417,438.0,H,94.12,27.78,48.57,66.34
1418,439.0,C,94.12,100.0,97.14,-5.88
1419,440.0,P,94.12,50.0,45.71,44.12
1420,441.0,H,94.12,38.89,48.57,55.23
1421,442.0,C,94.12,100.0,97.14,-5.88
1422,443.0,D,94.12,44.44,48.57,49.67
1423,444.0,T,70.59,61.11,65.71,9.48
1424,445.0,V,94.12,33.33,45.71,60.78
1425,446.0,I,94.12,38.89,45.71,55.23
1426,447.0,A,94.12,61.11,51.43,33.01
1427,448.0,R,94.12,83.33,88.57,10.78
1428,449.0,K,94.12,77.78,85.71,16.34
1429,450.0,S,94.12,33.33,62.86,60.78
1430,451.0,D,94.12,77.78,85.71,16.34
1431,452.0,L,94.12,94.44,94.29,-0.33
1432,453.0,G,94.12,38.89,45.71,55.23
1433,454.0,V,94.12,33.33,57.14,60.78
1434,455.0,H,94.12,100.0,97.14,-5.88
1435,456.0,L,94.12,55.56,45.71,38.56
1436,457.0,R,94.12,55.56,74.29,38.56
1437,,,0.0,5.56,2.86,-5.56
1438,,,0.0,5.56,2.86,-5.56
1439,,,0.0,5.56,2.86,-5.56
1440,,,0.0,5.56,2.86,-5.56
1441,,,0.0,5.56,2.86,-5.56
1442,,,0.0,5.56,2.86,-5.56
1443,,,0.0,5.56,2.86,-5.56
1444,,,0.0,5.56,2.86,-5.56
1445,,,0.0,5.56,2.86,-5.56
1446,,,0.0,5.56,2.86,-5.56
1447,,,0.0,5.56,2.86,-5.56
1448,,,0.0,5.56,2.86,-5.56
1449,,,0.0,5.56,2.86,-5.56
1450,,,0.0,5.56,2.86,-5.56
1451,,,0.0,5.56,2.86,-5.56
1452,,,0.0,5.56,2.86,-5.56
1453,,,0.0,5.56,2.86,-5.56
1454,,,0.0,5.56,2.86,-5.56
1455,,,0.0,5.56,2.86,-5.56
1456,,,0.0,5.56,2.86,-5.56
1457,,,0.0,5.56,2.86,-5.56
1458,,,0.0,5.56,2.86,-5.56
1459,,,0.0,5.56,2.86,-5.56
1460,,,0.0,5.56,2.86,-5.56
1461,,,0.0,5.56,2.86,-5.56
1462,,,0.0,5.56,2.86,-5.56
1463,,,0.0,5.56,2.86,-5.56
1464,458.0,K,94.12,66.67,80.0,27.45
1465,459.0,Q,94.12,44.44,54.29,49.67
1466,460.0,H,94.12,100.0,97.14,-5.88
1467,461.0,S,76.47,77.78,40.0,-1.31
1468,462.0,Y,64.71,33.33,34.29,31.37
1469,,,0.0,5.56,2.86,-5.56
1470,,,0.0,5.56,2.86,-5.56
1471,,,0.0,5.56,2.86,-5.56
1472,,,0.0,5.56,2.86,-5.56
1473,463.0,I,70.59,11.11,34.29,59.48
1474,464.0,E,94.12,55.56,60.0,38.56
1475,465.0,Q,64.71,55.56,31.43,9.15
1476,466.0,G,70.59,77.78,40.0,-7.19
1477,467.0,K,64.71,50.0,37.14,14.71
1478,468.0,K,76.47,27.78,51.43,48.69
1479,469.0,C,94.12,94.44,94.29,-0.33
1480,470.0,R,94.12,50.0,60.0,44.12
1481,471.0,Y,94.12,38.89,65.71,55.23
1482,472.0,C,94.12,88.89,91.43,5.23
1483,473.0,D,76.47,38.89,48.57,37.58
1484,474.0,A,76.47,38.89,37.14,37.58
1485,475.0,V,70.59,38.89,37.14,31.7
1486,476.0,F,94.12,77.78,85.71,16.34
1487,477.0,H,94.12,44.44,51.43,49.67
1488,478.0,E,94.12,66.67,45.71,27.45
1489,479.0,R,94.12,55.56,74.29,38.56
1490,480.0,Y,94.12,50.0,71.43,44.12
1491,481.0,A,94.12,27.78,48.57,66.34
1492,482.0,L,94.12,44.44,68.57,49.67
1493,483.0,I,70.59,38.89,34.29,31.7
1494,484.0,Q,94.12,22.22,51.43,71.9
1495,485.0,H,94.12,94.44,94.29,-0.33
1496,486.0,Q,94.12,16.67,54.29,77.45
1497,487.0,K,70.59,55.56,62.86,15.03
1498,488.0,S,70.59,61.11,42.86,9.48
1499,489.0,H,94.12,88.89,91.43,5.23
1500,490.0,K,76.47,27.78,37.14,48.69
1501,,,0.0,5.56,2.86,-5.56
1502,,,0.0,5.56,2.86,-5.56
1503,,,0.0,5.56,2.86,-5.56
1504,,,0.0,5.56,2.86,-5.56
1505,,,0.0,5.56,2.86,-5.56
1506,,,0.0,5.56,2.86,-5.56
1507,,,0.0,5.56,2.86,-5.56
1508,,,0.0,5.56,2.86,-5.56
1509,,,0.0,5.56,2.86,-5.56
1510,,,0.0,5.56,2.86,-5.56
1511,,,0.0,5.56,2.86,-5.56
1512,,,0.0,5.56,2.86,-5.56
1513,,,0.0,5.56,2.86,-5.56
1514,,,0.0,5.56,2.86,-5.56
1515,,,0.0,5.56,2.86,-5.56
1516,,,0.0,5.56,2.86,-5.56
1517,,,0.0,5.56,2.86,-5.56
1518,,,0.0,5.56,2.86,-5.56
1519,,,0.0,5.56,2.86,-5.56
1520,,,0.0,5.56,2.86,-5.56
1521,,,0.0,5.56,2.86,-5.56
1522,,,0.0,5.56,2.86,-5.56
1523,,,0.0,5.56,2.86,-5.56
1524,,,0.0,5.56,2.86,-5.56
1525,,,0.0,5.56,2.86,-5.56
1526,,,0.0,5.56,2.86,-5.56
1527,,,0.0,5.56,2.86,-5.56
1528,,,0.0,5.56,2.86,-5.56
1529,,,0.0,5.56,2.86,-5.56
1530,,,0.0,5.56,2.86,-5.56
1531,,,0.0,5.56,2.86,-5.56
1532,,,0.0,5.56,2.86,-5.56
1533,,,0.0,5.56,2.86,-5.56
1534,,,0.0,5.56,2.86,-5.56
1535,,,0.0,5.56,2.86,-5.56
1536,,,0.0,5.56,2.86,-5.56
1537,,,0.0,5.56,2.86,-5.56
1538,,,0.0,5.56,2.86,-5.56
1539,,,0.0,5.56,2.86,-5.56
1540,,,0.0,5.56,2.86,-5.56
1541,,,0.0,5.56,2.86,-5.56
1542,,,0.0,5.56,2.86,-5.56
1543,,,0.0,5.56,2.86,-5.56
1544,,,0.0,5.56,2.86,-5.56
1545,,,0.0,5.56,2.86,-5.56
1546,,,0.0,5.56,2.86,-5.56
1547,,,0.0,5.56,2.86,-5.56
1548,,,0.0,5.56,2.86,-5.56
1549,,,0.0,5.56,2.86,-5.56
1550,,,0.0,5.56,2.86,-5.56
1551,,,0.0,5.56,2.86,-5.56
1552,,,0.0,5.56,2.86,-5.56
1553,,,0.0,5.56,2.86,-5.56
1554,,,0.0,5.56,2.86,-5.56
1555,,,0.0,5.56,2.86,-5.56
1556,,,0.0,5.56,2.86,-5.56
1557,,,0.0,5.56,2.86,-5.56
1558,,,0.0,5.56,2.86,-5.56
1559,,,0.0,5.56,2.86,-5.56
1560,,,0.0,5.56,2.86,-5.56
1561,,,0.0,5.56,2.86,-5.56
1562,,,0.0,5.56,2.86,-5.56
1563,,,0.0,5.56,2.86,-5.56
1564,,,0.0,5.56,2.86,-5.56
1565,,,0.0,5.56,2.86,-5.56
1566,,,0.0,5.56,2.86,-5.56
1567,,,0.0,5.56,2.86,-5.56
1568,,,0.0,5.56,2.86,-5.56
1569,,,0.0,5.56,2.86,-5.56
1570,,,0.0,5.56,2.86,-5.56
1571,491.0,N,94.12,61.11,45.71,33.01
1572,,,0.0,5.56,2.86,-5.56
1573,492.0,E,94.12,72.22,82.86,21.9
1574,493.0,K,94.12,77.78,85.71,16.34
1575,494.0,R,94.12,38.89,57.14,55.23
1576,,,0.0,5.56,2.86,-5.56
1577,,,0.0,5.56,2.86,-5.56
1578,,,0.0,5.56,2.86,-5.56
1579,,,0.0,5.56,2.86,-5.56
1580,,,0.0,5.56,2.86,-5.56
1581,,,0.0,5.56,2.86,-5.56
1582,,,0.0,5.56,2.86,-5.56
1583,,,0.0,5.56,2.86,-5.56
1584,,,0.0,5.56,2.86,-5.56
1585,,,0.0,5.56,2.86,-5.56
1586,,,0.0,5.56,2.86,-5.56
1587,,,0.0,5.56,2.86,-5.56
1588,,,0.0,5.56,2.86,-5.56
1589,,,0.0,5.56,2.86,-5.56
1590,,,0.0,5.56,2.86,-5.56
1591,,,0.0,5.56,2.86,-5.56
1592,,,0.0,5.56,2.86,-5.56
1593,,,0.0,5.56,2.86,-5.56
1594,,,0.0,5.56,2.86,-5.56
1595,,,0.0,5.56,2.86,-5.56
1596,,,0.0,5.56,2.86,-5.56
1597,,,0.0,5.56,2.86,-5.56
1598,,,0.0,5.56,2.86,-5.56
1599,,,0.0,5.56,2.86,-5.56
1600,,,0.0,5.56,2.86,-5.56
1601,,,0.0,5.56,2.86,-5.56
1602,495.0,F,94.12,44.44,68.57,49.67
1603,496.0,K,94.12,38.89,65.71,55.23
1604,497.0,C,94.12,83.33,88.57,10.78
1605,498.0,D,94.12,38.89,60.0,55.23
1606,499.0,Q,88.24,50.0,42.86,38.24
1607,500.0,C,94.12,83.33,88.57,10.78
1608,501.0,D,58.82,33.33,28.57,25.49
1609,,,0.0,5.56,2.86,-5.56
1610,,,0.0,5.56,2.86,-5.56
1611,502.0,Y,94.12,66.67,80.0,27.45
1612,503.0,A,82.35,38.89,60.0,43.46
1613,504.0,C,94.12,33.33,54.29,60.78
1614,505.0,R,70.59,27.78,40.0,42.81
1615,506.0,Q,94.12,27.78,60.0,66.34
1616,507.0,E,94.12,27.78,57.14,66.34
1617,,,0.0,5.56,2.86,-5.56
1618,,,0.0,5.56,2.86,-5.56
1619,508.0,R,94.12,72.22,82.86,21.9
1620,509.0,H,94.12,66.67,80.0,27.45
1621,510.0,M,94.12,77.78,48.57,16.34
1622,511.0,I,70.59,22.22,45.71,48.37
1623,512.0,M,94.12,38.89,48.57,55.23
1624,513.0,H,94.12,77.78,85.71,16.34
1625,514.0,K,94.12,38.89,54.29,55.23
1626,515.0,R,94.12,44.44,68.57,49.67
1627,516.0,T,70.59,22.22,42.86,48.37
1628,517.0,H,94.12,83.33,88.57,10.78
1629,518.0,T,94.12,77.78,85.71,16.34
1630,519.0,G,94.12,44.44,68.57,49.67
1631,520.0,E,94.12,66.67,80.0,27.45
1632,521.0,K,94.12,66.67,80.0,27.45
1633,522.0,P,94.12,83.33,88.57,10.78
1634,523.0,Y,64.71,44.44,48.57,20.26
1635,524.0,A,76.47,22.22,37.14,54.25
1636,525.0,C,94.12,83.33,88.57,10.78
1637,526.0,S,70.59,38.89,37.14,31.7
1638,527.0,H,58.82,27.78,34.29,31.05
1639,528.0,C,94.12,83.33,88.57,10.78
1640,529.0,D,82.35,33.33,57.14,49.02
1641,530.0,K,94.12,38.89,54.29,55.23
1642,531.0,T,94.12,27.78,60.0,66.34
1643,532.0,F,94.12,83.33,88.57,10.78
1644,533.0,R,94.12,55.56,74.29,38.56
1645,534.0,Q,94.12,61.11,77.14,33.01
1646,535.0,K,94.12,55.56,74.29,38.56
1647,536.0,Q,94.12,55.56,74.29,38.56
1648,537.0,L,94.12,61.11,77.14,33.01
1649,538.0,L,94.12,83.33,88.57,10.78
1650,539.0,D,94.12,50.0,45.71,44.12
1651,540.0,M,70.59,38.89,34.29,31.7
1652,541.0,H,94.12,88.89,91.43,5.23
1653,,,0.0,5.56,2.86,-5.56
1654,,,0.0,5.56,2.86,-5.56
1655,,,0.0,5.56,2.86,-5.56
1656,,,0.0,5.56,2.86,-5.56
1657,,,0.0,5.56,2.86,-5.56
1658,,,0.0,5.56,2.86,-5.56
1659,542.0,F,94.12,22.22,51.43,71.9
1660,,,0.0,11.11,5.71,-11.11
1661,,,0.0,5.56,2.86,-5.56
1662,,,0.0,5.56,2.86,-5.56
1663,,,0.0,5.56,2.86,-5.56
1664,,,0.0,5.56,2.86,-5.56
1665,,,0.0,5.56,2.86,-5.56
1666,,,0.0,5.56,2.86,-5.56
1667,,,0.0,5.56,2.86,-5.56
1668,543.0,K,88.24,38.89,57.14,49.35
1669,,,0.0,5.56,2.86,-5.56
1670,,,0.0,5.56,2.86,-5.56
1671,,,0.0,5.56,2.86,-5.56
1672,,,0.0,5.56,2.86,-5.56
1673,,,0.0,5.56,2.86,-5.56
1674,,,0.0,5.56,2.86,-5.56
1675,,,0.0,5.56,2.86,-5.56
1676,,,0.0,5.56,2.86,-5.56
1677,,,0.0,5.56,2.86,-5.56
1678,,,0.0,5.56,2.86,-5.56
1679,,,0.0,5.56,2.86,-5.56
1680,,,0.0,5.56,2.86,-5.56
1681,,,0.0,5.56,2.86,-5.56
1682,,,0.0,5.56,2.86,-5.56
1683,,,0.0,5.56,2.86,-5.56
1684,,,0.0,5.56,2.86,-5.56
1685,544.0,R,94.12,38.89,57.14,55.23
1686,545.0,Y,94.12,33.33,62.86,60.78
1687,546.0,H,94.12,72.22,82.86,21.9
1688,,,0.0,5.56,2.86,-5.56
1689,,,0.0,5.56,2.86,-5.56
1690,,,0.0,5.56,2.86,-5.56
1691,,,0.0,5.56,2.86,-5.56
1692,,,0.0,5.56,2.86,-5.56
1693,,,0.0,5.56,2.86,-5.56
1694,,,0.0,5.56,2.86,-5.56
1695,547.0,D,94.12,33.33,57.14,60.78
1696,548.0,P,94.12,44.44,68.57,49.67
1697,549.0,N,64.71,16.67,40.0,48.04
1698,550.0,F,94.12,50.0,48.57,44.12
1699,,,0.0,5.56,2.86,-5.56
1700,551.0,V,88.24,22.22,54.29,66.01
1701,552.0,P,94.12,44.44,68.57,49.67
1702,553.0,A,58.82,38.89,37.14,19.93
1703,,,0.0,16.67,8.57,-16.67
1704,,,0.0,33.33,17.14,-33.33
1705,,,0.0,22.22,11.43,-22.22
1706,,,0.0,27.78,14.29,-27.78
1707,,,0.0,44.44,22.86,-44.44
1708,554.0,A,64.71,38.89,34.29,25.82
1709,555.0,F,70.59,44.44,34.29,26.14
1710,556.0,V,70.59,22.22,37.14,48.37
1711,557.0,C,94.12,77.78,85.71,16.34
1712,558.0,S,82.35,27.78,42.86,54.58
1713,559.0,K,94.12,27.78,45.71,66.34
1714,560.0,C,94.12,77.78,85.71,16.34
1715,561.0,G,64.71,27.78,45.71,36.93
1716,562.0,K,76.47,50.0,62.86,26.47
1717,563.0,T,70.59,33.33,40.0,37.25
1718,564.0,F,94.12,77.78,85.71,16.34
1719,565.0,T,94.12,27.78,60.0,66.34
1720,566.0,R,94.12,38.89,62.86,55.23
1721,567.0,R,94.12,55.56,54.29,38.56
1722,,,0.0,5.56,2.86,-5.56
1723,,,0.0,5.56,2.86,-5.56
1724,,,0.0,5.56,2.86,-5.56
1725,,,0.0,5.56,2.86,-5.56
1726,,,0.0,5.56,2.86,-5.56
1727,,,0.0,5.56,2.86,-5.56
1728,,,0.0,5.56,2.86,-5.56
1729,,,0.0,5.56,2.86,-5.56
1730,,,0.0,5.56,2.86,-5.56
1731,,,0.0,5.56,2.86,-5.56
1732,568.0,N,76.47,61.11,42.86,15.36
1733,569.0,T,94.12,50.0,54.29,44.12
1734,570.0,M,94.12,72.22,51.43,21.9
1735,571.0,A,52.94,27.78,25.71,25.16
1736,572.0,R,70.59,33.33,51.43,37.25
1737,573.0,H,94.12,77.78,85.71,16.34
1738,574.0,A,70.59,27.78,34.29,42.81
1739,,,0.0,5.56,2.86,-5.56
1740,,,0.0,5.56,2.86,-5.56
1741,,,0.0,11.11,5.71,-11.11
1742,,,0.0,11.11,5.71,-11.11
1743,,,0.0,11.11,5.71,-11.11
1744,,,0.0,11.11,5.71,-11.11
1745,,,0.0,11.11,5.71,-11.11
1746,,,0.0,11.11,5.71,-11.11
1747,,,0.0,11.11,5.71,-11.11
1748,,,0.0,5.56,2.86,-5.56
1749,,,0.0,11.11,5.71,-11.11
1750,575.0,D,76.47,38.89,40.0,37.58
1751,576.0,N,64.71,22.22,37.14,42.48
1752,577.0,C,94.12,22.22,57.14,71.9
1753,578.0,A,23.53,44.44,22.86,-20.92
1754,,,0.0,11.11,5.71,-11.11
1755,,,0.0,11.11,5.71,-11.11
1756,,,0.0,11.11,5.71,-11.11
1757,,,0.0,16.67,8.57,-16.67
1758,,,0.0,16.67,8.57,-16.67
1759,,,0.0,5.56,2.86,-5.56
1760,,,0.0,5.56,2.86,-5.56
1761,579.0,G,94.12,44.44,51.43,49.67
1762,580.0,P,47.06,38.89,42.86,8.17
1763,581.0,D,64.71,22.22,40.0,42.48
1764,582.0,G,58.82,27.78,28.57,31.05
1765,583.0,V,47.06,22.22,34.29,24.84
1766,584.0,E,52.94,27.78,34.29,25.16
1767,585.0,G,70.59,16.67,37.14,53.92
1768,586.0,E,76.47,27.78,51.43,48.69
1769,587.0,N,88.24,16.67,48.57,71.57
1770,588.0,G,88.24,16.67,42.86,71.57
1771,589.0,G,52.94,27.78,40.0,25.16
1772,590.0,E,58.82,27.78,42.86,31.05
1773,,,5.88,16.67,8.57,-10.78
1774,591.0,T,41.18,11.11,20.0,30.07
1775,592.0,K,58.82,5.56,31.43,53.27
1776,,,0.0,5.56,2.86,-5.56
1777,,,0.0,5.56,2.86,-5.56
1778,,,0.0,5.56,2.86,-5.56
1779,,,0.0,5.56,2.86,-5.56
1780,,,0.0,11.11,5.71,-11.11
1781,,,0.0,5.56,2.86,-5.56
1782,,,0.0,5.56,2.86,-5.56
1783,593.0,K,52.94,11.11,25.71,41.83
1784,594.0,S,35.29,27.78,28.57,7.52
1785,595.0,K,47.06,33.33,40.0,13.73
1786,596.0,R,70.59,16.67,42.86,53.92
1787,597.0,G,82.35,55.56,68.57,26.8
1788,598.0,R,82.35,27.78,54.29,54.58
1789,599.0,K,82.35,22.22,45.71,60.13
1790,600.0,R,82.35,27.78,42.86,54.58
1791,601.0,K,82.35,27.78,54.29,54.58
1792,602.0,M,82.35,16.67,42.86,65.69
1793,603.0,R,52.94,22.22,37.14,30.72
1794,,,0.0,5.56,2.86,-5.56
1795,,,0.0,5.56,2.86,-5.56
1796,,,0.0,5.56,2.86,-5.56
1797,,,0.0,11.11,5.71,-11.11
1798,604.0,S,76.47,22.22,40.0,54.25
1799,605.0,K,47.06,22.22,25.71,24.84
1800,606.0,K,76.47,22.22,37.14,54.25
1801,,,17.65,16.67,11.43,0.98
1802,,,0.0,11.11,5.71,-11.11
1803,,,0.0,11.11,5.71,-11.11
1804,,,0.0,16.67,8.57,-16.67
1805,,,0.0,11.11,5.71,-11.11
1806,,,0.0,11.11,5.71,-11.11
1807,,,5.88,22.22,11.43,-16.34
1808,607.0,E,58.82,22.22,34.29,36.6
1809,608.0,D,76.47,22.22,45.71,54.25
1810,609.0,S,64.71,16.67,37.14,48.04
1811,610.0,S,70.59,16.67,42.86,53.92
1812,611.0,D,64.71,44.44,37.14,20.26
1813,612.0,S,76.47,33.33,45.71,43.14
1814,,,41.18,33.33,34.29,7.84
1815,613.0,E,70.59,22.22,45.71,48.37
1816,614.0,N,47.06,27.78,28.57,19.28
1817,615.0,A,47.06,27.78,22.86,19.28
1818,616.0,E,58.82,33.33,45.71,25.49
1819,,,0.0,5.56,2.86,-5.56
1820,,,0.0,5.56,2.86,-5.56
1821,,,0.0,5.56,2.86,-5.56
1822,,,0.0,5.56,2.86,-5.56
1823,,,0.0,5.56,2.86,-5.56
1824,,,0.0,5.56,2.86,-5.56
1825,,,0.0,5.56,2.86,-5.56
1826,,,0.0,5.56,2.86,-5.56
1827,,,0.0,5.56,2.86,-5.56
1828,,,0.0,5.56,2.86,-5.56
1829,,,0.0,5.56,2.86,-5.56
1830,,,0.0,5.56,2.86,-5.56
1831,,,0.0,5.56,2.86,-5.56
1832,,,0.0,5.56,2.86,-5.56
1833,,,0.0,5.56,2.86,-5.56
1834,,,0.0,5.56,2.86,-5.56
1835,,,0.0,5.56,2.86,-5.56
1836,,,0.0,5.56,2.86,-5.56
1837,,,0.0,11.11,5.71,-11.11
1838,,,0.0,5.56,2.86,-5.56
1839,,,0.0,5.56,2.86,-5.56
1840,,,0.0,11.11,5.71,-11.11
1841,,,0.0,5.56,2.86,-5.56
1842,,,0.0,5.56,2.86,-5.56
1843,,,0.0,5.56,2.86,-5.56
1844,,,0.0,5.56,2.86,-5.56
1845,617.0,P,58.82,16.67,37.14,42.16
1846,618.0,D,47.06,16.67,31.43,30.39
1847,619.0,L,52.94,27.78,37.14,25.16
1848,620.0,D,52.94,33.33,42.86,19.61
1849,621.0,D,64.71,33.33,40.0,31.37
1850,622.0,N,47.06,27.78,25.71,19.28
1851,623.0,E,76.47,38.89,57.14,37.58
1852,,,0.0,16.67,8.57,-16.67
1853,,,0.0,16.67,8.57,-16.67
1854,,,0.0,16.67,8.57,-16.67
1855,,,0.0,16.67,8.57,-16.67
1856,,,0.0,16.67,8.57,-16.67
1857,,,0.0,22.22,11.43,-22.22
1858,,,0.0,11.11,5.71,-11.11
1859,,,0.0,16.67,8.57,-16.67
1860,,,0.0,22.22,11.43,-22.22
1861,624.0,D,52.94,22.22,34.29,30.72
1862,625.0,E,70.59,22.22,42.86,48.37
1863,,,0.0,16.67,8.57,-16.67
1864,,,0.0,16.67,8.57,-16.67
1865,626.0,E,58.82,16.67,31.43,42.16
1866,627.0,E,82.35,22.22,51.43,60.13
1867,628.0,P,35.29,22.22,20.0,13.07
1868,629.0,A,47.06,22.22,25.71,24.84
1869,630.0,V,76.47,22.22,45.71,54.25
1870,631.0,E,88.24,38.89,48.57,49.35
1871,632.0,I,52.94,16.67,31.43,36.27
1872,633.0,E,76.47,38.89,57.14,37.58
1873,634.0,P,35.29,33.33,28.57,1.96
1874,635.0,E,52.94,22.22,31.43,30.72
1875,636.0,P,64.71,22.22,42.86,42.48
1876,637.0,E,64.71,22.22,40.0,42.48
1877,,,5.88,16.67,8.57,-10.78
1878,,,5.88,16.67,8.57,-10.78
1879,,,5.88,16.67,8.57,-10.78
1880,,,11.76,22.22,11.43,-10.46
1881,,,5.88,16.67,8.57,-10.78
1882,,,11.76,27.78,14.29,-16.01
1883,,,11.76,22.22,11.43,-10.46
1884,,,17.65,16.67,8.57,0.98
1885,638.0,P,29.41,16.67,20.0,12.75
1886,639.0,Q,58.82,27.78,42.86,31.05
1887,,,0.0,11.11,5.71,-11.11
1888,,,0.0,5.56,2.86,-5.56
1889,,,0.0,5.56,2.86,-5.56
1890,640.0,P,58.82,27.78,28.57,31.05
1891,641.0,V,52.94,16.67,28.57,36.27
1892,642.0,T,23.53,22.22,17.14,1.31
1893,643.0,P,88.24,16.67,42.86,71.57
1894,644.0,A,52.94,16.67,31.43,36.27
1895,645.0,P,88.24,44.44,65.71,43.79
1896,,,0.0,5.56,2.86,-5.56
1897,,,0.0,5.56,2.86,-5.56
1898,,,0.0,5.56,2.86,-5.56
1899,,,0.0,5.56,2.86,-5.56
1900,,,5.88,5.56,2.86,0.33
1901,,,5.88,5.56,2.86,0.33
1902,,,5.88,5.56,2.86,0.33
1903,,,5.88,5.56,2.86,0.33
1904,646.0,P,94.12,22.22,54.29,71.9
1905,647.0,P,94.12,16.67,51.43,77.45
1906,648.0,A,47.06,22.22,28.57,24.84
1907,649.0,K,94.12,27.78,54.29,66.34
1908,650.0,K,58.82,16.67,37.14,42.16
1909,651.0,R,82.35,16.67,48.57,65.69
1910,652.0,R,94.12,22.22,48.57,71.9
1911,653.0,G,94.12,33.33,62.86,60.78
1912,654.0,R,94.12,16.67,51.43,77.45
1913,655.0,P,94.12,22.22,51.43,71.9
1914,656.0,P,94.12,38.89,65.71,55.23
1915,657.0,G,58.82,22.22,34.29,36.6
1916,,,0.0,5.56,2.86,-5.56
1917,,,0.0,11.11,5.71,-11.11
1918,,,0.0,5.56,2.86,-5.56
1919,,,0.0,5.56,2.86,-5.56
1920,,,0.0,5.56,2.86,-5.56
1921,,,0.0,5.56,2.86,-5.56
1922,,,0.0,5.56,2.86,-5.56
1923,,,0.0,5.56,2.86,-5.56
1924,,,0.0,5.56,2.86,-5.56
1925,,,0.0,5.56,2.86,-5.56
1926,,,0.0,5.56,2.86,-5.56
1927,,,0.0,5.56,2.86,-5.56
1928,,,0.0,5.56,2.86,-5.56
1929,,,0.0,11.11,5.71,-11.11
1930,,,0.0,5.56,2.86,-5.56
1931,,,0.0,5.56,2.86,-5.56
1932,,,0.0,5.56,2.86,-5.56
1933,,,0.0,5.56,2.86,-5.56
1934,,,0.0,11.11,5.71,-11.11
1935,,,0.0,5.56,2.86,-5.56
1936,658.0,R,35.29,22.22,17.14,13.07
1937,,,17.65,27.78,14.29,-10.13
1938,659.0,T,35.29,11.11,17.14,24.18
1939,,,5.88,11.11,5.71,-5.23
1940,,,5.88,11.11,5.71,-5.23
1941,,,5.88,11.11,8.57,-5.23
1942,,,5.88,11.11,5.71,-5.23
1943,,,5.88,11.11,8.57,-5.23
1944,,,17.65,16.67,8.57,0.98
1945,660.0,N,47.06,22.22,25.71,24.84
1946,661.0,Q,58.82,11.11,31.43,47.71
1947,662.0,P,41.18,16.67,22.86,24.51
1948,663.0,K,82.35,16.67,45.71,65.69
1949,664.0,Q,58.82,16.67,34.29,42.16
1950,665.0,N,23.53,16.67,11.43,6.86
1951,666.0,Q,47.06,22.22,28.57,24.84
1952,667.0,P,47.06,16.67,25.71,30.39
1953,668.0,T,35.29,11.11,20.0,24.18
1954,669.0,A,88.24,22.22,42.86,66.01
1955,670.0,I,58.82,22.22,40.0,36.6
1956,671.0,I,88.24,33.33,60.0,54.9
1957,672.0,Q,64.71,27.78,37.14,36.93
1958,673.0,V,76.47,22.22,40.0,54.25
1959,674.0,E,82.35,38.89,60.0,43.46
1960,675.0,D,70.59,38.89,42.86,31.7
1961,676.0,Q,47.06,16.67,28.57,30.39
1962,677.0,N,52.94,22.22,28.57,30.72
1963,,,17.65,11.11,11.43,6.54
1964,,,17.65,22.22,11.43,-4.58
1965,,,17.65,11.11,8.57,6.54
1966,,,23.53,16.67,14.29,6.86
1967,,,23.53,11.11,14.29,12.42
1968,678.0,T,70.59,22.22,42.86,48.37
1969,,,0.0,5.56,2.86,-5.56
1970,,,0.0,11.11,5.71,-11.11
1971,,,0.0,5.56,2.86,-5.56
1972,,,0.0,5.56,2.86,-5.56
1973,679.0,G,58.82,44.44,51.43,14.38
1974,680.0,A,52.94,16.67,34.29,36.27
1975,681.0,I,88.24,27.78,42.86,60.46
1976,682.0,E,64.71,16.67,37.14,48.04
1977,683.0,N,64.71,22.22,42.86,42.48
1978,684.0,I,70.59,16.67,37.14,53.92
1979,685.0,I,70.59,16.67,34.29,53.92
1980,686.0,V,70.59,16.67,37.14,53.92
1981,687.0,E,47.06,22.22,31.43,24.84
1982,,,17.65,11.11,8.57,6.54
1983,,,17.65,11.11,11.43,6.54
1984,,,23.53,5.56,11.43,17.97
1985,,,23.53,11.11,11.43,12.42
1986,,,23.53,16.67,11.43,6.86
1987,,,23.53,5.56,11.43,17.97
1988,,,23.53,11.11,11.43,12.42
1989,,,23.53,5.56,11.43,17.97
1990,,,29.41,11.11,17.14,18.3
1991,,,17.65,11.11,8.57,6.54
1992,,,23.53,5.56,14.29,17.97
1993,,,17.65,5.56,8.57,12.09
1994,,,17.65,5.56,8.57,12.09
1995,,,17.65,11.11,8.57,6.54
1996,,,17.65,5.56,8.57,12.09
1997,,,23.53,5.56,11.43,17.97
1998,,,17.65,5.56,8.57,12.09
1999,,,17.65,5.56,8.57,12.09
2000,,,17.65,5.56,8.57,12.09
2001,,,29.41,5.56,14.29,23.86
2002,,,17.65,5.56,8.57,12.09
2003,,,17.65,5.56,8.57,12.09
2004,,,23.53,5.56,11.43,17.97
2005,,,17.65,5.56,8.57,12.09
2006,,,17.65,5.56,8.57,12.09
2007,,,17.65,5.56,8.57,12.09
2008,,,17.65,5.56,8.57,12.09
2009,,,17.65,5.56,8.57,12.09
2010,,,11.76,5.56,5.71,6.21
2011,,,11.76,5.56,5.71,6.21
2012,,,11.76,5.56,5.71,6.21
2013,,,17.65,5.56,8.57,12.09
2014,,,5.88,5.56,2.86,0.33
2015,,,5.88,5.56,2.86,0.33
2016,,,5.88,5.56,2.86,0.33
2017,,,5.88,5.56,2.86,0.33
2018,,,5.88,5.56,2.86,0.33
2019,,,5.88,5.56,2.86,0.33
2020,,,5.88,5.56,2.86,0.33
2021,,,5.88,5.56,2.86,0.33
2022,,,5.88,5.56,2.86,0.33
2023,,,5.88,5.56,2.86,0.33
2024,,,5.88,0.0,2.86,5.88
2025,,,5.88,0.0,2.86,5.88
2026,,,5.88,0.0,2.86,5.88
2027,,,5.88,0.0,2.86,5.88
2028,,,5.88,0.0,2.86,5.88
2029,,,5.88,0.0,2.86,5.88
2030,,,5.88,0.0,2.86,5.88
2031,,,5.88,0.0,2.86,5.88
2032,,,5.88,0.0,2.86,5.88
2033,,,5.88,0.0,2.86,5.88
2034,,,5.88,0.0,2.86,5.88
2035,,,5.88,0.0,2.86,5.88
2036,,,5.88,0.0,2.86,5.88
2037,,,5.88,0.0,2.86,5.88
2038,,,5.88,0.0,2.86,5.88
2039,,,5.88,0.0,2.86,5.88
2040,,,5.88,0.0,2.86,5.88
2041,,,5.88,0.0,2.86,5.88
2042,,,5.88,0.0,2.86,5.88
2043,,,5.88,0.0,2.86,5.88
2044,,,5.88,0.0,2.86,5.88
2045,,,5.88,0.0,2.86,5.88
2046,,,5.88,0.0,2.86,5.88
2047,,,5.88,0.0,2.86,5.88
2048,,,5.88,0.0,2.86,5.88
2049,,,5.88,0.0,2.86,5.88
2050,,,5.88,0.0,2.86,5.88
2051,,,5.88,0.0,2.86,5.88
2052,,,5.88,0.0,2.86,5.88
2053,,,5.88,0.0,2.86,5.88
2054,,,5.88,0.0,2.86,5.88
2055,,,5.88,0.0,2.86,5.88
2056,,,5.88,0.0,2.86,5.88
2057,,,5.88,0.0,2.86,5.88
2058,,,5.88,0.0,2.86,5.88
2059,,,5.88,0.0,2.86,5.88
2060,,,5.88,0.0,2.86,5.88
2061,,,5.88,0.0,2.86,5.88
2062,,,5.88,0.0,2.86,5.88
2063,,,5.88,0.0,2.86,5.88
2064,,,5.88,0.0,2.86,5.88
2065,,,5.88,0.0,2.86,5.88
2066,,,5.88,0.0,2.86,5.88
2067,,,5.88,0.0,2.86,5.88
2068,,,5.88,0.0,2.86,5.88
2069,,,5.88,0.0,2.86,5.88
2070,,,5.88,0.0,2.86,5.88
2071,,,5.88,0.0,2.86,5.88
2072,,,5.88,0.0,2.86,5.88
2073,,,5.88,0.0,2.86,5.88
2074,,,5.88,0.0,2.86,5.88
2075,,,5.88,0.0,2.86,5.88
2076,,,5.88,0.0,2.86,5.88
2077,,,5.88,0.0,2.86,5.88
2078,,,5.88,0.0,2.86,5.88
2079,,,5.88,0.0,2.86,5.88
2080,,,5.88,0.0,2.86,5.88
2081,,,5.88,0.0,2.86,5.88
2082,,,5.88,0.0,2.86,5.88
2083,,,5.88,0.0,2.86,5.88
2084,,,5.88,0.0,2.86,5.88
2085,,,5.88,0.0,2.86,5.88
2086,,,5.88,0.0,2.86,5.88
2087,,,5.88,0.0,2.86,5.88
2088,,,5.88,0.0,2.86,5.88
2089,,,5.88,0.0,2.86,5.88
2090,,,5.88,0.0,2.86,5.88
2091,,,5.88,0.0,2.86,5.88
2092,,,5.88,0.0,2.86,5.88
2093,,,5.88,0.0,2.86,5.88
2094,,,5.88,0.0,2.86,5.88
2095,,,5.88,0.0,2.86,5.88
2096,,,5.88,0.0,2.86,5.88
2097,,,5.88,0.0,2.86,5.88
2098,,,5.88,0.0,2.86,5.88
2099,,,5.88,0.0,2.86,5.88
2100,,,5.88,0.0,2.86,5.88
2101,,,5.88,0.0,2.86,5.88
2102,,,5.88,0.0,2.86,5.88
2103,,,5.88,0.0,2.86,5.88
2104,,,5.88,0.0,2.86,5.88
2105,,,5.88,0.0,2.86,5.88
2106,,,5.88,0.0,2.86,5.88
2107,,,5.88,0.0,2.86,5.88
2108,,,5.88,0.0,2.86,5.88
2109,,,5.88,0.0,2.86,5.88
2110,,,5.88,0.0,2.86,5.88
2111,,,5.88,0.0,2.86,5.88
2112,,,5.88,0.0,2.86,5.88
2113,,,5.88,0.0,2.86,5.88
2114,,,5.88,0.0,2.86,5.88
2115,,,5.88,0.0,2.86,5.88
2116,,,5.88,0.0,2.86,5.88
2117,,,5.88,0.0,2.86,5.88
2118,,,5.88,0.0,2.86,5.88
2119,,,5.88,0.0,2.86,5.88
2120,,,5.88,0.0,2.86,5.88
2121,,,5.88,0.0,2.86,5.88
2122,,,5.88,0.0,2.86,5.88
2123,,,5.88,0.0,2.86,5.88
2124,,,5.88,0.0,2.86,5.88
2125,,,5.88,0.0,2.86,5.88
2126,,,5.88,0.0,2.86,5.88
2127,,,5.88,0.0,2.86,5.88
2128,,,5.88,0.0,2.86,5.88
2129,,,5.88,0.0,2.86,5.88
2130,,,5.88,0.0,2.86,5.88
2131,,,5.88,0.0,2.86,5.88
2132,,,5.88,0.0,2.86,5.88
2133,,,5.88,0.0,2.86,5.88
2134,,,5.88,0.0,2.86,5.88
2135,,,5.88,0.0,2.86,5.88
2136,,,5.88,0.0,2.86,5.88
2137,,,5.88,0.0,2.86,5.88
2138,,,5.88,0.0,2.86,5.88
2139,,,5.88,0.0,2.86,5.88
2140,,,5.88,0.0,2.86,5.88
2141,,,5.88,0.0,2.86,5.88
2142,,,5.88,0.0,2.86,5.88
2143,,,5.88,0.0,2.86,5.88
2144,,,5.88,0.0,2.86,5.88
2145,,,5.88,0.0,2.86,5.88
2146,,,5.88,0.0,2.86,5.88
2147,,,5.88,0.0,2.86,5.88
2148,,,5.88,0.0,2.86,5.88
2149,,,5.88,0.0,2.86,5.88
2150,,,5.88,0.0,2.86,5.88
2151,,,5.88,0.0,2.86,5.88
2152,,,5.88,0.0,2.86,5.88
2153,,,5.88,0.0,2.86,5.88
2154,,,5.88,0.0,2.86,5.88
2155,,,5.88,0.0,2.86,5.88
2156,,,5.88,0.0,2.86,5.88
2157,,,5.88,0.0,2.86,5.88
2158,,,5.88,0.0,2.86,5.88
2159,,,5.88,0.0,2.86,5.88
2160,,,5.88,0.0,2.86,5.88
2161,,,5.88,0.0,2.86,5.88
2162,,,5.88,0.0,2.86,5.88
2163,,,5.88,0.0,2.86,5.88
2164,,,5.88,0.0,2.86,5.88
2165,,,5.88,0.0,2.86,5.88
2166,,,5.88,0.0,2.86,5.88
2167,,,5.88,0.0,2.86,5.88
2168,,,5.88,0.0,2.86,5.88
2169,,,5.88,0.0,2.86,5.88
2170,,,5.88,0.0,2.86,5.88
2171,,,5.88,0.0,2.86,5.88
2172,,,5.88,0.0,2.86,5.88
2173,,,5.88,0.0,2.86,5.88
2174,,,5.88,0.0,2.86,5.88
2175,,,5.88,0.0,2.86,5.88
2176,,,5.88,0.0,2.86,5.88
2177,,,5.88,0.0,2.86,5.88
2178,,,5.88,0.0,2.86,5.88
2179,,,5.88,0.0,2.86,5.88
2180,,,5.88,0.0,2.86,5.88
2181,,,5.88,0.0,2.86,5.88
2182,,,5.88,0.0,2.86,5.88
2183,,,5.88,0.0,2.86,5.88
2184,,,5.88,0.0,2.86,5.88
2185,,,5.88,0.0,2.86,5.88
2186,,,5.88,0.0,2.86,5.88
2187,,,5.88,0.0,2.86,5.88
2188,,,5.88,0.0,2.86,5.88
2189,,,5.88,0.0,2.86,5.88
2190,,,5.88,0.0,2.86,5.88
2191,,,5.88,0.0,2.86,5.88
2192,,,5.88,0.0,2.86,5.88
2193,,,5.88,0.0,2.86,5.88
2194,,,5.88,0.0,2.86,5.88
2195,,,5.88,0.0,2.86,5.88
2196,,,5.88,0.0,2.86,5.88
2197,,,5.88,0.0,2.86,5.88
2198,,,5.88,0.0,2.86,5.88
2199,,,5.88,0.0,2.86,5.88
2200,,,5.88,0.0,2.86,5.88
2201,,,5.88,0.0,2.86,5.88
2202,,,5.88,0.0,2.86,5.88
2203,,,5.88,0.0,2.86,5.88
2204,,,5.88,0.0,2.86,5.88
2205,,,5.88,0.0,2.86,5.88
2206,,,5.88,0.0,2.86,5.88
2207,,,5.88,0.0,2.86,5.88
2208,,,5.88,0.0,2.86,5.88
2209,,,5.88,0.0,2.86,5.88
2210,,,5.88,0.0,2.86,5.88
2211,,,5.88,0.0,2.86,5.88
2212,,,5.88,0.0,2.86,5.88
2213,,,5.88,0.0,2.86,5.88
2214,,,5.88,0.0,2.86,5.88
2215,,,5.88,0.0,2.86,5.88
2216,,,5.88,0.0,2.86,5.88
2217,,,5.88,0.0,2.86,5.88
2218,,,5.88,0.0,2.86,5.88
2219,,,5.88,0.0,2.86,5.88
2220,,,5.88,0.0,2.86,5.88
2221,,,5.88,0.0,2.86,5.88
2222,,,5.88,0.0,2.86,5.88
2223,,,5.88,0.0,2.86,5.88
2224,,,5.88,0.0,2.86,5.88
2225,,,5.88,0.0,2.86,5.88
2226,,,5.88,0.0,2.86,5.88
2227,,,5.88,0.0,2.86,5.88
2228,,,5.88,0.0,2.86,5.88
2229,,,5.88,0.0,2.86,5.88
2230,,,5.88,0.0,2.86,5.88
2231,,,5.88,0.0,2.86,5.88
2232,,,5.88,0.0,2.86,5.88
2233,,,5.88,0.0,2.86,5.88
2234,,,5.88,0.0,2.86,5.88
2235,,,5.88,0.0,2.86,5.88
2236,,,5.88,0.0,2.86,5.88
2237,,,5.88,0.0,2.86,5.88
2238,,,5.88,0.0,2.86,5.88
2239,,,5.88,0.0,2.86,5.88
2240,,,5.88,0.0,2.86,5.88
2241,,,5.88,0.0,2.86,5.88
2242,,,5.88,0.0,2.86,5.88
2243,,,5.88,0.0,2.86,5.88
2244,,,5.88,0.0,2.86,5.88
2245,,,5.88,0.0,2.86,5.88
2246,,,5.88,0.0,2.86,5.88
2247,,,5.88,0.0,2.86,5.88
2248,,,5.88,0.0,2.86,5.88
2249,,,5.88,0.0,2.86,5.88
2250,,,5.88,0.0,2.86,5.88
2251,,,5.88,0.0,2.86,5.88
2252,,,5.88,0.0,2.86,5.88
2253,,,5.88,0.0,2.86,5.88
2254,,,5.88,0.0,2.86,5.88
2255,,,5.88,0.0,2.86,5.88
2256,,,5.88,0.0,2.86,5.88
2257,,,5.88,0.0,2.86,5.88
2258,,,5.88,0.0,2.86,5.88
2259,,,5.88,0.0,2.86,5.88
2260,,,5.88,0.0,2.86,5.88
2261,,,5.88,0.0,2.86,5.88
2262,,,5.88,0.0,2.86,5.88
2263,,,5.88,0.0,2.86,5.88
2264,,,5.88,0.0,2.86,5.88
2265,,,5.88,0.0,2.86,5.88
2266,,,5.88,0.0,2.86,5.88
2267,,,5.88,0.0,2.86,5.88
2268,,,5.88,0.0,2.86,5.88
2269,,,5.88,0.0,2.86,5.88
2270,,,5.88,0.0,2.86,5.88
2271,,,5.88,0.0,2.86,5.88
2272,,,5.88,0.0,2.86,5.88
2273,,,5.88,0.0,2.86,5.88
2274,,,5.88,0.0,2.86,5.88
2275,,,5.88,0.0,2.86,5.88
2276,,,5.88,0.0,2.86,5.88
2277,,,5.88,0.0,2.86,5.88
2278,,,5.88,0.0,2.86,5.88
2279,,,5.88,0.0,2.86,5.88
2280,,,5.88,0.0,2.86,5.88
2281,,,5.88,0.0,2.86,5.88
2282,,,5.88,0.0,2.86,5.88
2283,,,5.88,0.0,2.86,5.88
2284,,,5.88,0.0,2.86,5.88
2285,,,5.88,0.0,2.86,5.88
2286,,,5.88,0.0,2.86,5.88
2287,,,5.88,0.0,2.86,5.88
2288,,,5.88,0.0,2.86,5.88
2289,,,5.88,0.0,2.86,5.88
2290,,,5.88,0.0,2.86,5.88
2291,,,5.88,0.0,2.86,5.88
2292,,,5.88,0.0,2.86,5.88
2293,,,5.88,0.0,2.86,5.88
2294,,,5.88,0.0,2.86,5.88
2295,,,5.88,0.0,2.86,5.88
2296,,,5.88,0.0,2.86,5.88
2297,,,5.88,0.0,2.86,5.88
2298,,,5.88,0.0,2.86,5.88
2299,,,5.88,0.0,2.86,5.88
2300,,,5.88,0.0,2.86,5.88
2301,,,5.88,0.0,2.86,5.88
2302,,,5.88,0.0,2.86,5.88
2303,,,5.88,0.0,2.86,5.88
2304,,,5.88,0.0,2.86,5.88
2305,,,5.88,0.0,2.86,5.88
2306,,,5.88,0.0,2.86,5.88
2307,,,5.88,0.0,2.86,5.88
2308,,,5.88,0.0,2.86,5.88
2309,,,5.88,0.0,2.86,5.88
2310,,,5.88,0.0,2.86,5.88
2311,,,5.88,0.0,2.86,5.88
2312,,,5.88,0.0,2.86,5.88
2313,,,5.88,0.0,2.86,5.88
2314,,,5.88,0.0,2.86,5.88
2315,,,5.88,0.0,2.86,5.88
2316,,,5.88,0.0,2.86,5.88
2317,,,5.88,0.0,2.86,5.88
2318,,,5.88,0.0,2.86,5.88
2319,,,5.88,0.0,2.86,5.88
2320,,,5.88,0.0,2.86,5.88
2321,,,5.88,0.0,2.86,5.88
2322,,,5.88,0.0,2.86,5.88
2323,,,5.88,0.0,2.86,5.88
2324,,,5.88,0.0,2.86,5.88
2325,,,5.88,0.0,2.86,5.88
2326,,,5.88,0.0,2.86,5.88
2327,,,5.88,0.0,2.86,5.88
2328,,,5.88,0.0,2.86,5.88
2329,,,5.88,0.0,2.86,5.88
2330,,,5.88,0.0,2.86,5.88
2331,,,5.88,0.0,2.86,5.88
2332,,,5.88,0.0,2.86,5.88
2333,,,5.88,0.0,2.86,5.88
2334,,,5.88,0.0,2.86,5.88
2335,,,5.88,0.0,2.86,5.88
2336,,,5.88,0.0,2.86,5.88
2337,,,5.88,0.0,2.86,5.88
2338,,,5.88,0.0,2.86,5.88
2339,,,5.88,0.0,2.86,5.88
2340,,,5.88,0.0,2.86,5.88
2341,,,5.88,0.0,2.86,5.88
2342,,,5.88,0.0,2.86,5.88
2343,,,5.88,0.0,2.86,5.88
2344,,,5.88,0.0,2.86,5.88
2345,,,5.88,0.0,2.86,5.88
2346,,,5.88,0.0,2.86,5.88
2347,,,5.88,0.0,2.86,5.88
2348,,,5.88,0.0,2.86,5.88
2349,,,5.88,0.0,2.86,5.88
2350,,,5.88,0.0,2.86,5.88
2351,,,5.88,0.0,2.86,5.88
2352,,,5.88,0.0,2.86,5.88
2353,,,5.88,0.0,2.86,5.88
2354,,,5.88,0.0,2.86,5.88
2355,,,5.88,0.0,2.86,5.88
2356,,,5.88,0.0,2.86,5.88
2357,,,5.88,0.0,2.86,5.88
2358,,,5.88,0.0,2.86,5.88
2359,,,5.88,0.0,2.86,5.88
2360,,,5.88,0.0,2.86,5.88
2361,,,5.88,0.0,2.86,5.88
2362,,,5.88,0.0,2.86,5.88
2363,,,5.88,0.0,2.86,5.88
2364,,,5.88,0.0,2.86,5.88
2365,,,5.88,0.0,2.86,5.88
2366,,,5.88,0.0,2.86,5.88
2367,,,5.88,0.0,2.86,5.88
2368,,,5.88,0.0,2.86,5.88
2369,,,5.88,0.0,2.86,5.88
2370,,,5.88,0.0,2.86,5.88
2371,,,5.88,0.0,2.86,5.88
2372,,,5.88,0.0,2.86,5.88
2373,,,5.88,0.0,2.86,5.88
2374,,,5.88,0.0,2.86,5.88
2375,,,5.88,0.0,2.86,5.88
2376,,,5.88,0.0,2.86,5.88
2377,,,5.88,0.0,2.86,5.88
2378,,,5.88,0.0,2.86,5.88
2379,,,5.88,0.0,2.86,5.88
2380,,,5.88,0.0,2.86,5.88
2381,,,5.88,0.0,2.86,5.88
2382,,,5.88,0.0,2.86,5.88
2383,,,5.88,0.0,2.86,5.88
2384,,,5.88,0.0,2.86,5.88
2385,,,5.88,0.0,2.86,5.88
2386,,,5.88,0.0,2.86,5.88
2387,,,5.88,0.0,2.86,5.88
2388,,,5.88,0.0,2.86,5.88
2389,,,5.88,0.0,2.86,5.88
2390,,,5.88,0.0,2.86,5.88
2391,,,5.88,0.0,2.86,5.88
2392,,,5.88,0.0,2.86,5.88
2393,,,5.88,0.0,2.86,5.88
2394,,,5.88,0.0,2.86,5.88
2395,,,5.88,0.0,2.86,5.88
2396,,,5.88,0.0,2.86,5.88
2397,,,5.88,0.0,2.86,5.88
2398,,,5.88,0.0,2.86,5.88
2399,,,5.88,0.0,2.86,5.88
2400,,,5.88,0.0,2.86,5.88
2401,,,5.88,0.0,2.86,5.88
2402,,,5.88,0.0,2.86,5.88
2403,,,5.88,0.0,2.86,5.88
2404,,,5.88,0.0,2.86,5.88
2405,,,5.88,0.0,2.86,5.88
2406,,,5.88,0.0,2.86,5.88
2407,,,5.88,0.0,2.86,5.88
2408,,,5.88,0.0,2.86,5.88
2409,,,5.88,0.0,2.86,5.88
2410,,,5.88,0.0,2.86,5.88
2411,,,5.88,0.0,2.86,5.88
2412,,,5.88,0.0,2.86,5.88
2413,,,5.88,0.0,2.86,5.88
2414,,,5.88,0.0,2.86,5.88
2415,,,5.88,0.0,2.86,5.88
2416,,,5.88,0.0,2.86,5.88
2417,,,5.88,0.0,2.86,5.88
2418,,,5.88,0.0,2.86,5.88
2419,,,5.88,0.0,2.86,5.88
2420,,,5.88,0.0,2.86,5.88
2421,,,5.88,0.0,2.86,5.88
2422,,,5.88,0.0,2.86,5.88
2423,,,5.88,0.0,2.86,5.88
2424,,,5.88,0.0,2.86,5.88
2425,,,5.88,0.0,2.86,5.88
2426,,,5.88,0.0,2.86,5.88
2427,,,5.88,0.0,2.86,5.88
2428,,,5.88,0.0,2.86,5.88
2429,,,5.88,0.0,2.86,5.88
2430,,,5.88,0.0,2.86,5.88
2431,,,5.88,0.0,2.86,5.88
2432,,,5.88,0.0,2.86,5.88
2433,,,5.88,0.0,2.86,5.88
2434,,,5.88,0.0,2.86,5.88
2435,,,5.88,0.0,2.86,5.88
2436,,,5.88,0.0,2.86,5.88
2437,,,5.88,0.0,2.86,5.88
2438,,,5.88,0.0,2.86,5.88
2439,,,5.88,0.0,2.86,5.88
2440,,,5.88,0.0,2.86,5.88
2441,,,5.88,0.0,2.86,5.88
2442,,,5.88,0.0,2.86,5.88
2443,,,5.88,0.0,2.86,5.88
2444,,,5.88,0.0,2.86,5.88
2445,,,5.88,0.0,2.86,5.88
2446,,,5.88,0.0,2.86,5.88
2447,,,5.88,0.0,2.86,5.88
2448,,,5.88,0.0,2.86,5.88
2449,,,5.88,0.0,2.86,5.88
2450,,,5.88,0.0,2.86,5.88
2451,,,5.88,0.0,2.86,5.88
2452,,,5.88,0.0,2.86,5.88
2453,,,5.88,0.0,2.86,5.88
2454,,,5.88,0.0,2.86,5.88
2455,,,5.88,0.0,2.86,5.88
2456,,,5.88,0.0,2.86,5.88
2457,,,5.88,0.0,2.86,5.88
2458,,,5.88,0.0,2.86,5.88
2459,,,5.88,0.0,2.86,5.88
2460,,,5.88,0.0,2.86,5.88
2461,,,5.88,0.0,2.86,5.88
2462,,,5.88,0.0,2.86,5.88
2463,,,5.88,0.0,2.86,5.88
2464,,,5.88,0.0,2.86,5.88
2465,,,5.88,0.0,2.86,5.88
2466,,,5.88,0.0,2.86,5.88
2467,,,5.88,0.0,2.86,5.88
2468,,,5.88,0.0,2.86,5.88
2469,,,5.88,0.0,2.86,5.88
2470,,,5.88,0.0,2.86,5.88
2471,,,5.88,0.0,2.86,5.88
2472,,,5.88,0.0,2.86,5.88
2473,,,5.88,0.0,2.86,5.88
2474,,,5.88,0.0,2.86,5.88
2475,,,5.88,0.0,2.86,5.88
2476,,,5.88,0.0,2.86,5.88
2477,,,5.88,0.0,2.86,5.88
2478,,,5.88,0.0,2.86,5.88
2479,,,5.88,0.0,2.86,5.88
2480,,,5.88,0.0,2.86,5.88
2481,,,5.88,0.0,2.86,5.88
2482,,,5.88,0.0,2.86,5.88
2483,,,5.88,0.0,2.86,5.88
2484,,,5.88,0.0,2.86,5.88
2485,,,5.88,0.0,2.86,5.88
2486,,,5.88,0.0,2.86,5.88
2487,,,5.88,0.0,2.86,5.88
2488,,,5.88,0.0,2.86,5.88
2489,,,5.88,0.0,2.86,5.88
2490,,,5.88,0.0,2.86,5.88
2491,,,5.88,0.0,2.86,5.88
2492,,,5.88,0.0,2.86,5.88
2493,,,5.88,0.0,2.86,5.88
2494,,,5.88,0.0,2.86,5.88
2495,,,5.88,0.0,2.86,5.88
2496,,,5.88,0.0,2.86,5.88
2497,,,5.88,0.0,2.86,5.88
2498,,,5.88,0.0,2.86,5.88
2499,,,5.88,0.0,2.86,5.88
2500,,,5.88,0.0,2.86,5.88
2501,,,5.88,0.0,2.86,5.88
2502,,,5.88,0.0,2.86,5.88
2503,,,5.88,0.0,2.86,5.88
2504,,,5.88,0.0,2.86,5.88
2505,,,5.88,0.0,2.86,5.88
2506,,,5.88,0.0,2.86,5.88
2507,,,5.88,0.0,2.86,5.88
2508,,,5.88,0.0,2.86,5.88
2509,,,5.88,0.0,2.86,5.88
2510,,,5.88,0.0,2.86,5.88
2511,,,5.88,0.0,2.86,5.88
2512,,,5.88,0.0,2.86,5.88
2513,,,5.88,0.0,2.86,5.88
2514,,,5.88,0.0,2.86,5.88
2515,,,5.88,0.0,2.86,5.88
2516,,,5.88,0.0,2.86,5.88
2517,,,5.88,0.0,2.86,5.88
2518,,,5.88,0.0,2.86,5.88
2519,,,5.88,0.0,2.86,5.88
2520,,,5.88,0.0,2.86,5.88
2521,,,5.88,0.0,2.86,5.88
2522,,,5.88,0.0,2.86,5.88
2523,,,5.88,0.0,2.86,5.88
2524,,,5.88,0.0,2.86,5.88
2525,,,5.88,0.0,2.86,5.88
2526,,,5.88,0.0,2.86,5.88
2527,,,5.88,0.0,2.86,5.88
2528,,,5.88,0.0,2.86,5.88
2529,,,5.88,0.0,2.86,5.88
2530,,,5.88,0.0,2.86,5.88
2531,,,5.88,0.0,2.86,5.88
2532,,,5.88,0.0,2.86,5.88
2533,,,5.88,0.0,2.86,5.88
2534,,,5.88,0.0,2.86,5.88
2535,,,5.88,0.0,2.86,5.88
2536,,,5.88,0.0,2.86,5.88
2537,,,5.88,0.0,2.86,5.88
2538,,,5.88,0.0,2.86,5.88
2539,,,5.88,0.0,2.86,5.88
2540,,,5.88,0.0,2.86,5.88
2541,,,5.88,0.0,2.86,5.88
2542,,,5.88,0.0,2.86,5.88
2543,,,5.88,0.0,2.86,5.88
2544,,,5.88,0.0,2.86,5.88
2545,,,5.88,0.0,2.86,5.88
2546,,,5.88,0.0,2.86,5.88
2547,,,5.88,0.0,2.86,5.88
2548,,,5.88,0.0,2.86,5.88
2549,,,5.88,0.0,2.86,5.88
2550,,,5.88,0.0,2.86,5.88
2551,,,5.88,0.0,2.86,5.88
2552,,,5.88,0.0,2.86,5.88
2553,,,5.88,0.0,2.86,5.88
2554,,,5.88,0.0,2.86,5.88
2555,,,5.88,0.0,2.86,5.88
2556,,,5.88,0.0,2.86,5.88
2557,,,5.88,0.0,2.86,5.88
2558,,,5.88,0.0,2.86,5.88
2559,,,5.88,0.0,2.86,5.88
2560,,,5.88,0.0,2.86,5.88
2561,,,5.88,0.0,2.86,5.88
2562,,,5.88,0.0,2.86,5.88
2563,,,5.88,0.0,2.86,5.88
2564,,,5.88,0.0,2.86,5.88
2565,,,5.88,0.0,2.86,5.88
2566,,,5.88,0.0,2.86,5.88
2567,,,5.88,0.0,2.86,5.88
2568,,,5.88,0.0,2.86,5.88
2569,,,5.88,0.0,2.86,5.88
2570,,,5.88,0.0,2.86,5.88
2571,,,5.88,0.0,2.86,5.88
2572,,,5.88,0.0,2.86,5.88
2573,,,5.88,0.0,2.86,5.88
2574,,,5.88,0.0,2.86,5.88
2575,,,5.88,0.0,2.86,5.88
2576,,,5.88,0.0,2.86,5.88
2577,,,5.88,0.0,2.86,5.88
2578,,,5.88,0.0,2.86,5.88
2579,,,5.88,0.0,2.86,5.88
2580,,,5.88,0.0,2.86,5.88
2581,,,5.88,0.0,2.86,5.88
2582,,,5.88,0.0,2.86,5.88
2583,,,5.88,0.0,2.86,5.88
2584,,,5.88,0.0,2.86,5.88
2585,,,5.88,0.0,2.86,5.88
2586,,,5.88,0.0,2.86,5.88
2587,,,5.88,0.0,2.86,5.88
2588,,,5.88,0.0,2.86,5.88
2589,,,5.88,0.0,2.86,5.88
2590,,,5.88,0.0,2.86,5.88
2591,,,5.88,0.0,2.86,5.88
2592,,,5.88,0.0,2.86,5.88
2593,,,5.88,0.0,2.86,5.88
2594,,,5.88,0.0,2.86,5.88
2595,,,5.88,0.0,2.86,5.88
2596,,,5.88,0.0,2.86,5.88
2597,,,5.88,0.0,2.86,5.88
2598,,,5.88,0.0,2.86,5.88
2599,,,5.88,0.0,2.86,5.88
2600,,,5.88,0.0,2.86,5.88
2601,,,5.88,0.0,2.86,5.88
2602,,,5.88,0.0,2.86,5.88
2603,,,5.88,0.0,2.86,5.88
2604,,,5.88,0.0,2.86,5.88
2605,,,5.88,0.0,2.86,5.88
2606,,,5.88,0.0,2.86,5.88
2607,,,5.88,0.0,2.86,5.88
2608,,,5.88,0.0,2.86,5.88
2609,,,5.88,0.0,2.86,5.88
2610,,,5.88,0.0,2.86,5.88
2611,,,5.88,0.0,2.86,5.88
2612,,,5.88,0.0,2.86,5.88
2613,,,5.88,0.0,2.86,5.88
2614,,,5.88,0.0,2.86,5.88
2615,,,5.88,0.0,2.86,5.88
2616,,,5.88,0.0,2.86,5.88
2617,,,5.88,0.0,2.86,5.88
2618,,,5.88,0.0,2.86,5.88
2619,,,5.88,0.0,2.86,5.88
2620,,,5.88,0.0,2.86,5.88
2621,,,5.88,0.0,2.86,5.88
2622,,,5.88,0.0,2.86,5.88
2623,,,5.88,0.0,2.86,5.88
2624,,,5.88,0.0,2.86,5.88
2625,,,5.88,0.0,2.86,5.88
2626,,,5.88,0.0,2.86,5.88
2627,,,5.88,0.0,2.86,5.88
2628,,,5.88,0.0,2.86,5.88
2629,,,5.88,0.0,2.86,5.88
2630,,,5.88,0.0,2.86,5.88
2631,,,5.88,0.0,2.86,5.88
2632,,,5.88,0.0,2.86,5.88
2633,,,5.88,0.0,2.86,5.88
2634,,,5.88,0.0,2.86,5.88
2635,,,5.88,0.0,2.86,5.88
2636,,,5.88,0.0,2.86,5.88
2637,,,5.88,0.0,2.86,5.88
2638,,,5.88,0.0,2.86,5.88
2639,,,5.88,0.0,2.86,5.88
2640,,,5.88,0.0,2.86,5.88
2641,,,5.88,0.0,2.86,5.88
2642,,,5.88,0.0,2.86,5.88
2643,,,5.88,0.0,2.86,5.88
2644,,,5.88,0.0,2.86,5.88
2645,,,5.88,0.0,2.86,5.88
2646,,,5.88,0.0,2.86,5.88
2647,,,5.88,0.0,2.86,5.88
2648,,,5.88,0.0,2.86,5.88
2649,,,5.88,0.0,2.86,5.88
2650,,,5.88,0.0,2.86,5.88
2651,,,5.88,0.0,2.86,5.88
2652,,,5.88,0.0,2.86,5.88
2653,,,5.88,0.0,2.86,5.88
2654,,,5.88,0.0,2.86,5.88
2655,,,5.88,0.0,2.86,5.88
2656,,,5.88,0.0,2.86,5.88
2657,,,5.88,0.0,2.86,5.88
2658,,,5.88,0.0,2.86,5.88
2659,,,5.88,0.0,2.86,5.88
2660,,,5.88,0.0,2.86,5.88
2661,,,5.88,0.0,2.86,5.88
2662,,,5.88,0.0,2.86,5.88
2663,,,5.88,0.0,2.86,5.88
2664,,,5.88,0.0,2.86,5.88
2665,,,5.88,0.0,2.86,5.88
2666,,,5.88,0.0,2.86,5.88
2667,,,5.88,0.0,2.86,5.88
2668,,,5.88,0.0,2.86,5.88
2669,,,5.88,0.0,2.86,5.88
2670,,,5.88,0.0,2.86,5.88
2671,,,5.88,0.0,2.86,5.88
2672,,,5.88,0.0,2.86,5.88
2673,,,5.88,0.0,2.86,5.88
2674,,,5.88,0.0,2.86,5.88
2675,,,5.88,0.0,2.86,5.88
2676,,,5.88,0.0,2.86,5.88
2677,,,5.88,0.0,2.86,5.88
2678,,,5.88,0.0,2.86,5.88
2679,,,5.88,0.0,2.86,5.88
2680,,,5.88,0.0,2.86,5.88
2681,,,5.88,0.0,2.86,5.88
2682,,,5.88,0.0,2.86,5.88
2683,,,5.88,0.0,2.86,5.88
2684,,,5.88,0.0,2.86,5.88
2685,,,5.88,0.0,2.86,5.88
2686,,,5.88,0.0,2.86,5.88
2687,,,5.88,0.0,2.86,5.88
2688,,,5.88,0.0,2.86,5.88
2689,,,5.88,0.0,2.86,5.88
2690,,,5.88,0.0,2.86,5.88
2691,,,5.88,0.0,2.86,5.88
2692,,,5.88,0.0,2.86,5.88
2693,,,5.88,0.0,2.86,5.88
2694,,,5.88,0.0,2.86,5.88
2695,,,5.88,0.0,2.86,5.88
2696,,,5.88,0.0,2.86,5.88
2697,,,5.88,0.0,2.86,5.88
2698,,,5.88,0.0,2.86,5.88
2699,,,5.88,0.0,2.86,5.88
2700,,,5.88,0.0,2.86,5.88
2701,,,5.88,0.0,2.86,5.88
2702,,,5.88,0.0,2.86,5.88
2703,,,5.88,0.0,2.86,5.88
2704,,,5.88,0.0,2.86,5.88
2705,,,5.88,0.0,2.86,5.88
2706,,,5.88,0.0,2.86,5.88
2707,,,5.88,0.0,2.86,5.88
2708,,,5.88,0.0,2.86,5.88
2709,,,5.88,0.0,2.86,5.88
2710,,,5.88,0.0,2.86,5.88
2711,,,5.88,0.0,2.86,5.88
2712,,,5.88,0.0,2.86,5.88
2713,,,5.88,0.0,2.86,5.88
2714,,,5.88,0.0,2.86,5.88
2715,,,5.88,0.0,2.86,5.88
2716,,,5.88,0.0,2.86,5.88
2717,,,5.88,0.0,2.86,5.88
2718,,,5.88,0.0,2.86,5.88
2719,,,5.88,0.0,2.86,5.88
2720,,,5.88,0.0,2.86,5.88
2721,,,5.88,0.0,2.86,5.88
2722,,,5.88,0.0,2.86,5.88
2723,,,5.88,0.0,2.86,5.88
2724,,,5.88,0.0,2.86,5.88
2725,,,5.88,0.0,2.86,5.88
2726,,,5.88,0.0,2.86,5.88
2727,,,5.88,0.0,2.86,5.88
2728,,,5.88,0.0,2.86,5.88
2729,,,5.88,0.0,2.86,5.88
2730,,,5.88,0.0,2.86,5.88
2731,,,5.88,0.0,2.86,5.88
2732,,,5.88,0.0,2.86,5.88
2733,,,5.88,0.0,2.86,5.88
2734,,,5.88,0.0,2.86,5.88
2735,,,5.88,0.0,2.86,5.88
2736,,,5.88,0.0,2.86,5.88
2737,,,5.88,0.0,2.86,5.88
2738,,,5.88,0.0,2.86,5.88
2739,,,5.88,0.0,2.86,5.88
2740,,,5.88,0.0,2.86,5.88
2741,,,5.88,0.0,2.86,5.88
2742,,,5.88,0.0,2.86,5.88
2743,,,5.88,0.0,2.86,5.88
2744,,,5.88,0.0,2.86,5.88
2745,,,5.88,0.0,2.86,5.88
2746,,,5.88,0.0,2.86,5.88
2747,,,5.88,0.0,2.86,5.88
2748,,,5.88,0.0,2.86,5.88
2749,,,5.88,0.0,2.86,5.88
2750,,,5.88,0.0,2.86,5.88
2751,,,5.88,0.0,2.86,5.88
2752,,,5.88,0.0,2.86,5.88
2753,,,5.88,0.0,2.86,5.88
2754,,,5.88,0.0,2.86,5.88
2755,,,5.88,0.0,2.86,5.88
2756,,,5.88,0.0,2.86,5.88
2757,,,5.88,0.0,2.86,5.88
2758,,,5.88,0.0,2.86,5.88
2759,,,5.88,0.0,2.86,5.88
2760,,,5.88,0.0,2.86,5.88
2761,,,5.88,0.0,2.86,5.88
2762,,,5.88,0.0,2.86,5.88
2763,,,5.88,0.0,2.86,5.88
2764,,,5.88,0.0,2.86,5.88
2765,,,5.88,0.0,2.86,5.88
2766,,,5.88,0.0,2.86,5.88
2767,,,5.88,0.0,2.86,5.88
2768,,,5.88,0.0,2.86,5.88
2769,,,5.88,0.0,2.86,5.88
2770,,,5.88,0.0,2.86,5.88
2771,,,5.88,0.0,2.86,5.88
2772,,,5.88,0.0,2.86,5.88
2773,,,5.88,0.0,2.86,5.88
2774,,,5.88,0.0,2.86,5.88
2775,,,5.88,0.0,2.86,5.88
2776,,,5.88,0.0,2.86,5.88
2777,,,5.88,0.0,2.86,5.88
2778,,,5.88,0.0,2.86,5.88
2779,,,5.88,0.0,2.86,5.88
2780,,,5.88,0.0,2.86,5.88
2781,,,5.88,0.0,2.86,5.88
2782,,,5.88,0.0,2.86,5.88
2783,,,5.88,0.0,2.86,5.88
2784,,,5.88,0.0,2.86,5.88
2785,,,5.88,0.0,2.86,5.88
2786,,,5.88,0.0,2.86,5.88
2787,,,5.88,0.0,2.86,5.88
2788,,,5.88,0.0,2.86,5.88
2789,,,5.88,0.0,2.86,5.88
2790,,,5.88,0.0,2.86,5.88
2791,,,5.88,0.0,2.86,5.88
2792,,,5.88,0.0,2.86,5.88
2793,,,5.88,0.0,2.86,5.88
2794,,,5.88,0.0,2.86,5.88
2795,,,5.88,0.0,2.86,5.88
2796,,,5.88,0.0,2.86,5.88
2797,,,5.88,0.0,2.86,5.88
2798,,,5.88,0.0,2.86,5.88
2799,,,5.88,0.0,2.86,5.88
2800,,,5.88,0.0,2.86,5.88
2801,,,5.88,0.0,2.86,5.88
2802,,,5.88,0.0,2.86,5.88
2803,,,5.88,0.0,2.86,5.88
2804,,,5.88,0.0,2.86,5.88
2805,,,5.88,0.0,2.86,5.88
2806,,,5.88,0.0,2.86,5.88
2807,,,5.88,0.0,2.86,5.88
2808,,,5.88,0.0,2.86,5.88
2809,,,5.88,0.0,2.86,5.88
2810,,,5.88,0.0,2.86,5.88
2811,,,5.88,0.0,2.86,5.88
2812,,,5.88,0.0,2.86,5.88
2813,,,5.88,0.0,2.86,5.88
2814,,,5.88,0.0,2.86,5.88
2815,,,5.88,0.0,2.86,5.88
2816,,,5.88,0.0,2.86,5.88
2817,,,5.88,0.0,2.86,5.88
2818,,,5.88,0.0,2.86,5.88
2819,,,5.88,0.0,2.86,5.88
2820,,,5.88,0.0,2.86,5.88
2821,,,5.88,0.0,2.86,5.88
2822,,,5.88,0.0,2.86,5.88
2823,,,5.88,0.0,2.86,5.88
2824,,,5.88,0.0,2.86,5.88
2825,,,5.88,0.0,2.86,5.88
2826,,,5.88,0.0,2.86,5.88
2827,,,5.88,0.0,2.86,5.88
2828,,,5.88,0.0,2.86,5.88
2829,,,5.88,0.0,2.86,5.88
2830,,,5.88,0.0,2.86,5.88
2831,,,5.88,0.0,2.86,5.88
2832,,,5.88,0.0,2.86,5.88
2833,,,5.88,0.0,2.86,5.88
2834,,,5.88,0.0,2.86,5.88
2835,,,5.88,0.0,2.86,5.88
2836,,,5.88,0.0,2.86,5.88
2837,,,5.88,0.0,2.86,5.88
2838,,,5.88,0.0,2.86,5.88
2839,,,5.88,0.0,2.86,5.88
2840,,,5.88,0.0,2.86,5.88
2841,,,5.88,0.0,2.86,5.88
2842,,,5.88,0.0,2.86,5.88
2843,,,5.88,0.0,2.86,5.88
2844,,,5.88,0.0,2.86,5.88
2845,,,5.88,0.0,2.86,5.88
2846,,,5.88,0.0,2.86,5.88
2847,,,5.88,0.0,2.86,5.88
2848,,,5.88,0.0,2.86,5.88
2849,,,5.88,0.0,2.86,5.88
2850,,,5.88,0.0,2.86,5.88
2851,,,5.88,0.0,2.86,5.88
2852,,,5.88,0.0,2.86,5.88
2853,,,5.88,0.0,2.86,5.88
2854,,,5.88,0.0,2.86,5.88
2855,,,5.88,0.0,2.86,5.88
2856,,,5.88,0.0,2.86,5.88
2857,,,5.88,0.0,2.86,5.88
2858,,,5.88,0.0,2.86,5.88
2859,,,5.88,0.0,2.86,5.88
2860,,,5.88,0.0,2.86,5.88
2861,,,5.88,0.0,2.86,5.88
2862,,,5.88,0.0,2.86,5.88
2863,,,5.88,0.0,2.86,5.88
2864,,,5.88,0.0,2.86,5.88
2865,,,5.88,0.0,2.86,5.88
2866,,,5.88,0.0,2.86,5.88
2867,,,5.88,0.0,2.86,5.88
2868,,,5.88,0.0,2.86,5.88
2869,,,5.88,0.0,2.86,5.88
2870,,,5.88,0.0,2.86,5.88
2871,,,5.88,0.0,2.86,5.88
2872,,,5.88,0.0,2.86,5.88
2873,,,5.88,0.0,2.86,5.88
2874,,,5.88,0.0,2.86,5.88
2875,,,5.88,0.0,2.86,5.88
2876,,,5.88,0.0,2.86,5.88
2877,,,5.88,0.0,2.86,5.88
2878,,,5.88,0.0,2.86,5.88
2879,,,5.88,0.0,2.86,5.88
2880,,,5.88,0.0,2.86,5.88
2881,,,5.88,0.0,2.86,5.88
2882,,,5.88,0.0,2.86,5.88
2883,,,5.88,0.0,2.86,5.88
2884,,,5.88,0.0,2.86,5.88
2885,,,5.88,0.0,2.86,5.88
2886,,,5.88,0.0,2.86,5.88
2887,,,5.88,0.0,2.86,5.88
2888,,,5.88,0.0,2.86,5.88
2889,,,5.88,0.0,2.86,5.88
2890,,,5.88,0.0,2.86,5.88
2891,,,5.88,0.0,2.86,5.88
2892,,,5.88,0.0,2.86,5.88
2893,,,5.88,0.0,2.86,5.88
2894,,,5.88,0.0,2.86,5.88
2895,,,5.88,0.0,2.86,5.88
2896,,,5.88,0.0,2.86,5.88
2897,,,5.88,0.0,2.86,5.88
2898,,,5.88,0.0,2.86,5.88
2899,,,5.88,0.0,2.86,5.88
2900,,,5.88,0.0,2.86,5.88
2901,,,5.88,0.0,2.86,5.88
2902,,,5.88,0.0,2.86,5.88
2903,,,5.88,0.0,2.86,5.88
2904,,,5.88,0.0,2.86,5.88
2905,,,5.88,0.0,2.86,5.88
2906,,,5.88,0.0,2.86,5.88
2907,,,5.88,0.0,2.86,5.88
2908,,,5.88,0.0,2.86,5.88
2909,,,5.88,0.0,2.86,5.88
2910,,,5.88,0.0,2.86,5.88
2911,,,5.88,0.0,2.86,5.88
2912,,,5.88,0.0,2.86,5.88
2913,,,5.88,0.0,2.86,5.88
2914,,,5.88,0.0,2.86,5.88
2915,,,5.88,0.0,2.86,5.88
2916,,,5.88,0.0,2.86,5.88
2917,,,5.88,0.0,2.86,5.88
2918,,,5.88,0.0,2.86,5.88
2919,,,5.88,0.0,2.86,5.88
2920,,,5.88,0.0,2.86,5.88
2921,,,5.88,0.0,2.86,5.88
2922,,,5.88,0.0,2.86,5.88
2923,,,5.88,0.0,2.86,5.88
2924,,,5.88,0.0,2.86,5.88
2925,,,5.88,0.0,2.86,5.88
2926,,,5.88,0.0,2.86,5.88
2927,,,5.88,0.0,2.86,5.88
2928,,,5.88,0.0,2.86,5.88
2929,,,5.88,0.0,2.86,5.88
2930,,,5.88,0.0,2.86,5.88
2931,,,5.88,0.0,2.86,5.88
2932,,,5.88,0.0,2.86,5.88
2933,,,5.88,0.0,2.86,5.88
2934,,,5.88,0.0,2.86,5.88
2935,,,5.88,0.0,2.86,5.88
2936,,,5.88,0.0,2.86,5.88
2937,,,5.88,0.0,2.86,5.88
2938,,,5.88,0.0,2.86,5.88
2939,,,5.88,0.0,2.86,5.88
2940,,,5.88,0.0,2.86,5.88
2941,,,5.88,0.0,2.86,5.88
2942,,,5.88,0.0,2.86,5.88
2943,,,5.88,0.0,2.86,5.88
2944,,,5.88,0.0,2.86,5.88
2945,,,5.88,0.0,2.86,5.88
2946,,,5.88,0.0,2.86,5.88
2947,,,5.88,0.0,2.86,5.88
2948,,,5.88,0.0,2.86,5.88
2949,,,5.88,0.0,2.86,5.88
2950,,,5.88,0.0,2.86,5.88
2951,,,5.88,0.0,2.86,5.88
2952,,,5.88,0.0,2.86,5.88
2953,,,5.88,0.0,2.86,5.88
2954,,,5.88,0.0,2.86,5.88
2955,,,5.88,0.0,2.86,5.88
2956,,,5.88,0.0,2.86,5.88
2957,,,5.88,0.0,2.86,5.88
2958,,,5.88,0.0,2.86,5.88
2959,,,5.88,0.0,2.86,5.88
2960,,,5.88,0.0,2.86,5.88
2961,,,5.88,0.0,2.86,5.88
2962,,,5.88,0.0,2.86,5.88
2963,,,5.88,0.0,2.86,5.88
2964,,,5.88,0.0,2.86,5.88
2965,,,5.88,0.0,2.86,5.88
2966,,,5.88,0.0,2.86,5.88
2967,,,5.88,0.0,2.86,5.88
2968,,,5.88,0.0,2.86,5.88
2969,,,5.88,0.0,2.86,5.88
2970,,,5.88,0.0,2.86,5.88
2971,,,5.88,0.0,2.86,5.88
2972,,,5.88,0.0,2.86,5.88
2973,,,5.88,0.0,2.86,5.88
2974,,,5.88,0.0,2.86,5.88
2975,,,5.88,0.0,2.86,5.88
2976,,,5.88,0.0,2.86,5.88
2977,,,5.88,0.0,2.86,5.88
2978,,,5.88,0.0,2.86,5.88
2979,,,5.88,0.0,2.86,5.88
2980,,,5.88,0.0,2.86,5.88
2981,,,5.88,0.0,2.86,5.88
2982,,,5.88,0.0,2.86,5.88
2983,,,5.88,0.0,2.86,5.88
2984,,,5.88,0.0,2.86,5.88
2985,,,5.88,0.0,2.86,5.88
2986,,,5.88,0.0,2.86,5.88
2987,,,5.88,0.0,2.86,5.88
2988,,,5.88,0.0,2.86,5.88
2989,,,5.88,0.0,2.86,5.88
2990,,,5.88,0.0,2.86,5.88
2991,,,5.88,0.0,2.86,5.88
2992,,,5.88,0.0,2.86,5.88
2993,,,5.88,0.0,2.86,5.88
2994,,,5.88,0.0,2.86,5.88
2995,,,5.88,0.0,2.86,5.88
2996,,,5.88,0.0,2.86,5.88
2997,,,5.88,0.0,2.86,5.88
2998,,,5.88,0.0,2.86,5.88
2999,,,5.88,0.0,2.86,5.88
3000,,,5.88,0.0,2.86,5.88
3001,,,5.88,0.0,2.86,5.88
3002,,,5.88,0.0,2.86,5.88
3003,,,5.88,0.0,2.86,5.88
3004,,,5.88,0.0,2.86,5.88
3005,,,5.88,0.0,2.86,5.88
3006,,,5.88,0.0,2.86,5.88
3007,,,5.88,0.0,2.86,5.88
3008,,,5.88,0.0,2.86,5.88
3009,,,5.88,0.0,2.86,5.88
3010,,,5.88,0.0,2.86,5.88
3011,,,5.88,0.0,2.86,5.88
3012,,,5.88,0.0,2.86,5.88
3013,,,5.88,0.0,2.86,5.88
3014,,,5.88,0.0,2.86,5.88
3015,,,5.88,0.0,2.86,5.88
3016,,,5.88,0.0,2.86,5.88
3017,,,5.88,0.0,2.86,5.88
3018,,,5.88,0.0,2.86,5.88
3019,,,5.88,0.0,2.86,5.88
3020,,,5.88,0.0,2.86,5.88
3021,,,5.88,0.0,2.86,5.88
3022,,,5.88,0.0,2.86,5.88
3023,,,5.88,0.0,2.86,5.88
3024,,,5.88,0.0,2.86,5.88
3025,,,5.88,0.0,2.86,5.88
3026,,,5.88,0.0,2.86,5.88
3027,,,5.88,0.0,2.86,5.88
3028,,,5.88,0.0,2.86,5.88
3029,,,5.88,0.0,2.86,5.88
3030,,,5.88,0.0,2.86,5.88
3031,,,5.88,0.0,2.86,5.88
3032,,,5.88,0.0,2.86,5.88
3033,,,5.88,0.0,2.86,5.88
3034,,,5.88,0.0,2.86,5.88
3035,,,5.88,0.0,2.86,5.88
3036,,,5.88,0.0,2.86,5.88
3037,,,5.88,0.0,2.86,5.88
3038,,,5.88,0.0,2.86,5.88
3039,,,5.88,0.0,2.86,5.88
3040,,,5.88,0.0,2.86,5.88
3041,,,5.88,0.0,2.86,5.88
3042,,,5.88,0.0,2.86,5.88
3043,,,5.88,0.0,2.86,5.88
3044,,,5.88,0.0,2.86,5.88
3045,,,5.88,0.0,2.86,5.88
3046,,,5.88,0.0,2.86,5.88
3047,,,5.88,0.0,2.86,5.88
3048,,,5.88,0.0,2.86,5.88
3049,,,5.88,0.0,2.86,5.88
3050,,,5.88,0.0,2.86,5.88
3051,,,5.88,0.0,2.86,5.88
3052,,,5.88,0.0,2.86,5.88
3053,,,5.88,0.0,2.86,5.88
3054,,,5.88,0.0,2.86,5.88
3055,,,5.88,0.0,2.86,5.88
3056,,,5.88,0.0,2.86,5.88
3057,,,5.88,0.0,2.86,5.88
3058,,,5.88,0.0,2.86,5.88
3059,,,5.88,0.0,2.86,5.88
3060,,,5.88,0.0,2.86,5.88
3061,,,5.88,0.0,2.86,5.88
3062,,,5.88,0.0,2.86,5.88
3063,,,5.88,0.0,2.86,5.88
3064,,,11.76,0.0,5.71,11.76
3065,,,17.65,0.0,8.57,17.65
3066,,,11.76,0.0,5.71,11.76
3067,,,5.88,0.0,2.86,5.88
3068,,,5.88,0.0,2.86,5.88
3069,688.0,V,58.82,33.33,45.71,25.49
3070,689.0,K,58.82,22.22,40.0,36.6
3071,690.0,K,58.82,16.67,31.43,42.16
3072,691.0,E,76.47,38.89,57.14,37.58
3073,692.0,P,47.06,22.22,31.43,24.84
3074,693.0,D,58.82,38.89,37.14,19.93
3075,694.0,A,52.94,16.67,34.29,36.27
3076,695.0,E,82.35,16.67,48.57,65.69
3077,696.0,P,23.53,27.78,20.0,-4.25
3078,697.0,A,29.41,22.22,22.86,7.19
3079,698.0,E,64.71,22.22,42.86,42.48
3080,699.0,G,70.59,38.89,54.29,31.7
3081,,,5.88,5.56,2.86,0.33
3082,,,5.88,5.56,5.71,0.33
3083,,,5.88,5.56,5.71,0.33
3084,,,5.88,5.56,2.86,0.33
3085,,,5.88,5.56,2.86,0.33
3086,,,5.88,5.56,2.86,0.33
3087,,,5.88,11.11,5.71,-5.23
3088,700.0,E,47.06,33.33,40.0,13.73
3089,701.0,E,76.47,38.89,57.14,37.58
3090,702.0,E,47.06,16.67,31.43,30.39
3091,703.0,E,64.71,27.78,45.71,36.93
3092,,,17.65,5.56,8.57,12.09
3093,,,23.53,5.56,14.29,17.97
3094,,,17.65,5.56,11.43,12.09
3095,,,23.53,11.11,11.43,12.42
3096,,,17.65,5.56,8.57,12.09
3097,,,17.65,11.11,8.57,6.54
3098,704.0,A,35.29,16.67,25.71,18.63
3099,705.0,Q,47.06,27.78,25.71,19.28
3100,706.0,P,35.29,16.67,22.86,18.63
3101,707.0,A,64.71,22.22,40.0,42.48
3102,708.0,A,52.94,16.67,25.71,36.27
3103,709.0,T,29.41,22.22,22.86,7.19
3104,710.0,D,64.71,33.33,48.57,31.37
3105,711.0,A,70.59,16.67,42.86,53.92
3106,712.0,P,88.24,16.67,51.43,71.57
3107,,,5.88,0.0,2.86,5.88
3108,,,5.88,0.0,2.86,5.88
3109,,,5.88,0.0,2.86,5.88
3110,,,5.88,0.0,2.86,5.88
3111,,,5.88,0.0,2.86,5.88
3112,,,5.88,0.0,2.86,5.88
3113,,,5.88,0.0,2.86,5.88
3114,,,5.88,0.0,2.86,5.88
3115,,,5.88,0.0,2.86,5.88
3116,,,5.88,0.0,2.86,5.88
3117,,,5.88,0.0,2.86,5.88
3118,,,5.88,0.0,2.86,5.88
3119,,,5.88,0.0,2.86,5.88
3120,,,5.88,0.0,2.86,5.88
3121,,,5.88,0.0,2.86,5.88
3122,,,5.88,0.0,2.86,5.88
3123,,,5.88,0.0,2.86,5.88
3124,,,5.88,0.0,2.86,5.88
3125,,,5.88,0.0,2.86,5.88
3126,,,5.88,0.0,2.86,5.88
3127,,,5.88,0.0,2.86,5.88
3128,,,5.88,0.0,2.86,5.88
3129,,,5.88,0.0,2.86,5.88
3130,,,5.88,0.0,2.86,5.88
3131,,,5.88,0.0,2.86,5.88
3132,,,5.88,0.0,2.86,5.88
3133,,,5.88,0.0,2.86,5.88
3134,,,5.88,0.0,2.86,5.88
3135,,,5.88,0.0,2.86,5.88
3136,,,5.88,0.0,2.86,5.88
3137,,,5.88,0.0,2.86,5.88
3138,,,5.88,0.0,2.86,5.88
3139,,,5.88,0.0,2.86,5.88
3140,,,5.88,0.0,2.86,5.88
3141,,,5.88,5.56,2.86,0.33
3142,,,5.88,5.56,2.86,0.33
3143,,,5.88,5.56,2.86,0.33
3144,,,5.88,5.56,2.86,0.33
3145,,,5.88,5.56,2.86,0.33
3146,,,5.88,5.56,2.86,0.33
3147,,,5.88,5.56,2.86,0.33
3148,,,5.88,5.56,2.86,0.33
3149,,,5.88,5.56,2.86,0.33
3150,,,5.88,5.56,2.86,0.33
3151,,,5.88,11.11,5.71,-5.23
3152,,,5.88,5.56,2.86,0.33
3153,,,5.88,5.56,2.86,0.33
3154,,,5.88,5.56,2.86,0.33
3155,,,5.88,5.56,2.86,0.33
3156,,,5.88,5.56,2.86,0.33
3157,,,5.88,5.56,2.86,0.33
3158,,,5.88,5.56,2.86,0.33
3159,,,5.88,11.11,5.71,-5.23
3160,,,5.88,5.56,2.86,0.33
3161,,,5.88,5.56,2.86,0.33
3162,,,5.88,5.56,2.86,0.33
3163,,,5.88,5.56,5.71,0.33
3164,,,5.88,5.56,5.71,0.33
3165,,,5.88,11.11,8.57,-5.23
3166,,,11.76,5.56,8.57,6.21
3167,,,5.88,5.56,5.71,0.33
3168,713.0,N,64.71,22.22,31.43,42.48
3169,714.0,G,70.59,11.11,40.0,59.48
3170,715.0,D,94.12,27.78,51.43,66.34
3171,716.0,L,64.71,16.67,40.0,48.04
3172,717.0,T,88.24,11.11,45.71,77.12
3173,,,0.0,5.56,2.86,-5.56
3174,,,0.0,5.56,2.86,-5.56
3175,,,0.0,5.56,2.86,-5.56
3176,,,0.0,5.56,2.86,-5.56
3177,,,0.0,5.56,2.86,-5.56
3178,718.0,P,94.12,27.78,60.0,66.34
3179,719.0,E,94.12,27.78,60.0,66.34
3180,,,5.88,0.0,2.86,5.88
3181,,,5.88,0.0,2.86,5.88
3182,,,5.88,0.0,2.86,5.88
3183,,,5.88,0.0,2.86,5.88
3184,,,5.88,0.0,2.86,5.88
3185,,,5.88,0.0,2.86,5.88
3186,,,5.88,0.0,2.86,5.88
3187,,,5.88,0.0,2.86,5.88
3188,,,5.88,0.0,2.86,5.88
3189,,,5.88,0.0,2.86,5.88
3190,,,5.88,0.0,2.86,5.88
3191,,,5.88,0.0,2.86,5.88
3192,,,5.88,0.0,2.86,5.88
3193,,,5.88,0.0,2.86,5.88
3194,,,5.88,0.0,2.86,5.88
3195,,,5.88,0.0,2.86,5.88
3196,,,5.88,0.0,2.86,5.88
3197,,,5.88,0.0,2.86,5.88
3198,,,5.88,0.0,2.86,5.88
3199,,,5.88,0.0,2.86,5.88
3200,,,5.88,0.0,2.86,5.88
3201,,,5.88,0.0,2.86,5.88
3202,,,5.88,0.0,2.86,5.88
3203,,,5.88,0.0,2.86,5.88
3204,,,5.88,0.0,2.86,5.88
3205,,,5.88,0.0,2.86,5.88
3206,,,5.88,0.0,2.86,5.88
3207,,,5.88,0.0,2.86,5.88
3208,,,5.88,0.0,2.86,5.88
3209,,,5.88,0.0,2.86,5.88
3210,,,5.88,0.0,2.86,5.88
3211,,,5.88,0.0,2.86,5.88
3212,,,5.88,0.0,2.86,5.88
3213,,,5.88,0.0,2.86,5.88
3214,,,5.88,0.0,2.86,5.88
3215,,,5.88,0.0,2.86,5.88
3216,,,5.88,0.0,2.86,5.88
3217,,,5.88,0.0,2.86,5.88
3218,,,5.88,0.0,2.86,5.88
3219,,,5.88,0.0,2.86,5.88
3220,,,5.88,0.0,2.86,5.88
3221,,,5.88,0.0,2.86,5.88
3222,,,5.88,0.0,2.86,5.88
3223,,,5.88,0.0,2.86,5.88
3224,,,5.88,0.0,2.86,5.88
3225,,,5.88,0.0,2.86,5.88
3226,,,5.88,0.0,2.86,5.88
3227,,,5.88,0.0,2.86,5.88
3228,,,5.88,0.0,2.86,5.88
3229,,,5.88,0.0,2.86,5.88
3230,,,5.88,0.0,2.86,5.88
3231,,,5.88,0.0,2.86,5.88
3232,,,5.88,0.0,2.86,5.88
3233,,,5.88,0.0,2.86,5.88
3234,,,5.88,0.0,2.86,5.88
3235,,,5.88,0.0,2.86,5.88
3236,,,5.88,0.0,2.86,5.88
3237,,,5.88,0.0,2.86,5.88
3238,,,5.88,0.0,2.86,5.88
3239,,,5.88,0.0,2.86,5.88
3240,,,5.88,0.0,2.86,5.88
3241,,,5.88,0.0,2.86,5.88
3242,,,5.88,0.0,2.86,5.88
3243,720.0,M,88.24,16.67,48.57,71.57
3244,721.0,I,94.12,16.67,51.43,77.45
3245,722.0,L,94.12,22.22,57.14,71.9
3246,723.0,S,88.24,16.67,42.86,71.57
3247,724.0,M,88.24,16.67,51.43,71.57
3248,725.0,M,88.24,16.67,48.57,71.57
3249,726.0,D,94.12,27.78,48.57,66.34
3250,727.0,R,64.71,33.33,34.29,31.37
3251,,,5.88,11.11,8.57,-5.23
3252,,,11.76,11.11,8.57,0.65
3253,,,5.88,5.56,2.86,0.33
3254,,,5.88,22.22,11.43,-16.34
3255,,,5.88,11.11,8.57,-5.23
3256,,,5.88,11.11,5.71,-5.23
3257,,,5.88,11.11,5.71,-5.23
3258,,,5.88,5.56,5.71,0.33
3259,,,5.88,5.56,2.86,0.33
3260,,,5.88,5.56,5.71,0.33
3261,,,5.88,11.11,8.57,-5.23
3262,,,5.88,5.56,5.71,0.33
3263,,,5.88,5.56,5.71,0.33
3264,,,5.88,11.11,5.71,-5.23
3265,,,5.88,5.56,2.86,0.33
3266,,,5.88,5.56,2.86,0.33
3267,,,5.88,5.56,5.71,0.33
3268,,,5.88,5.56,2.86,0.33
3269,,,5.88,5.56,2.86,0.33
3270,,,5.88,11.11,5.71,-5.23
3271,,,5.88,5.56,5.71,0.33
3272,,,5.88,5.56,2.86,0.33
3273,,,5.88,11.11,5.71,-5.23
3274,,,5.88,5.56,5.71,0.33
3275,,,11.76,5.56,5.71,6.21
3276,,,5.88,5.56,5.71,0.33
3277,,,5.88,5.56,5.71,0.33
3278,,,5.88,5.56,2.86,0.33
3279,,,5.88,5.56,5.71,0.33
3280,,,5.88,5.56,2.86,0.33
3281,,,5.88,5.56,2.86,0.33
3282,,,5.88,5.56,2.86,0.33
3283,,,5.88,5.56,2.86,0.33
3284,,,5.88,5.56,2.86,0.33
3285,,,5.88,5.56,2.86,0.33
3286,,,5.88,5.56,2.86,0.33
3287,,,5.88,5.56,2.86,0.33
3288,,,5.88,5.56,2.86,0.33
3289,,,5.88,5.56,2.86,0.33
3290,,,5.88,5.56,2.86,0.33
3291,,,5.88,5.56,2.86,0.33
3292,,,5.88,5.56,2.86,0.33
3293,,,5.88,5.56,5.71,0.33
3294,,,5.88,5.56,2.86,0.33
3295,,,5.88,5.56,2.86,0.33
3296,,,5.88,5.56,2.86,0.33
3297,,,5.88,5.56,2.86,0.33
3298,,,5.88,5.56,2.86,0.33
3299,,,5.88,5.56,2.86,0.33
3300,,,5.88,5.56,2.86,0.33
3301,,,5.88,5.56,2.86,0.33
3302,,,5.88,5.56,2.86,0.33
3303,,,5.88,5.56,5.71,0.33
3304,,,5.88,5.56,2.86,0.33
3305,,,5.88,5.56,2.86,0.33
3306,,,5.88,0.0,2.86,5.88
3307,,,5.88,0.0,2.86,5.88
3308,,,5.88,0.0,2.86,5.88
3309,,,5.88,0.0,2.86,5.88
3310,,,5.88,0.0,2.86,5.88
3311,,,5.88,0.0,2.86,5.88
3312,,,5.88,0.0,2.86,5.88
3313,,,5.88,0.0,2.86,5.88
3314,,,5.88,0.0,2.86,5.88
3315,,,5.88,0.0,2.86,5.88
3316,,,5.88,0.0,2.86,5.88
3317,,,5.88,0.0,2.86,5.88
3318,,,5.88,0.0,2.86,5.88
3319,,,5.88,0.0,2.86,5.88
3320,,,5.88,0.0,2.86,5.88
3321,,,5.88,0.0,2.86,5.88
3322,,,5.88,0.0,2.86,5.88
3323,,,5.88,0.0,2.86,5.88
3324,,,5.88,0.0,2.86,5.88
3325,,,5.88,0.0,2.86,5.88
3326,,,5.88,0.0,2.86,5.88
3327,,,5.88,0.0,2.86,5.88
3328,,,5.88,0.0,2.86,5.88
3329,,,5.88,0.0,2.86,5.88
3330,,,5.88,0.0,2.86,5.88
3331,,,5.88,0.0,2.86,5.88
3332,,,5.88,0.0,2.86,5.88
3333,,,5.88,0.0,2.86,5.88
3334,,,5.88,0.0,2.86,5.88
3335,,,5.88,0.0,2.86,5.88
3336,,,5.88,0.0,2.86,5.88
3337,,,5.88,0.0,2.86,5.88
3338,,,5.88,0.0,2.86,5.88
3339,,,5.88,0.0,2.86,5.88
3340,,,5.88,0.0,2.86,5.88
3341,,,5.88,0.0,2.86,5.88
3342,,,5.88,0.0,2.86,5.88
3343,,,5.88,0.0,2.86,5.88
3344,,,5.88,0.0,2.86,5.88
3345,,,5.88,0.0,2.86,5.88
3346,,,5.88,0.0,2.86,5.88
3347,,,5.88,0.0,2.86,5.88
3348,,,5.88,0.0,2.86,5.88
3349,,,5.88,0.0,2.86,5.88
3350,,,5.88,0.0,2.86,5.88
3351,,,5.88,0.0,2.86,5.88
3352,,,5.88,0.0,2.86,5.88
3353,,,5.88,0.0,2.86,5.88
3354,,,5.88,0.0,2.86,5.88
3355,,,5.88,0.0,2.86,5.88
3356,,,5.88,0.0,2.86,5.88
3357,,,5.88,0.0,2.86,5.88
3358,,,5.88,0.0,2.86,5.88
3359,,,5.88,0.0,2.86,5.88
3360,,,5.88,0.0,2.86,5.88
3361,,,5.88,0.0,2.86,5.88
3362,,,5.88,0.0,2.86,5.88
3363,,,5.88,0.0,2.86,5.88
3364,,,5.88,0.0,2.86,5.88
3365,,,5.88,0.0,2.86,5.88
3366,,,5.88,0.0,2.86,5.88
3367,,,5.88,0.0,2.86,5.88
3368,,,5.88,0.0,2.86,5.88
3369,,,5.88,0.0,2.86,5.88
3370,,,5.88,0.0,2.86,5.88
3371,,,5.88,0.0,2.86,5.88
3372,,,5.88,0.0,2.86,5.88
3373,,,5.88,0.0,2.86,5.88
3374,,,5.88,0.0,2.86,5.88
3375,,,5.88,0.0,2.86,5.88
3376,,,5.88,0.0,2.86,5.88
3377,,,5.88,0.0,2.86,5.88
3378,,,5.88,0.0,2.86,5.88
3379,,,5.88,0.0,2.86,5.88
3380,,,5.88,0.0,2.86,5.88
3381,,,5.88,0.0,2.86,5.88
3382,,,5.88,0.0,2.86,5.88
3383,,,5.88,0.0,2.86,5.88
3384,,,5.88,0.0,2.86,5.88
3385,,,5.88,0.0,2.86,5.88
3386,,,5.88,0.0,2.86,5.88
3387,,,5.88,0.0,2.86,5.88
3388,,,5.88,0.0,2.86,5.88
3389,,,5.88,0.0,2.86,5.88
3390,,,5.88,0.0,2.86,5.88
3391,,,5.88,0.0,2.86,5.88
3392,,,5.88,0.0,2.86,5.88
3393,,,5.88,0.0,2.86,5.88
3394,,,5.88,0.0,2.86,5.88
3395,,,5.88,0.0,2.86,5.88
3396,,,5.88,0.0,2.86,5.88
3397,,,5.88,0.0,2.86,5.88
3398,,,5.88,0.0,2.86,5.88
3399,,,5.88,0.0,2.86,5.88
3400,,,5.88,0.0,2.86,5.88
3401,,,5.88,0.0,2.86,5.88
3402,,,5.88,0.0,2.86,5.88
3403,,,5.88,0.0,2.86,5.88
3404,,,5.88,0.0,2.86,5.88
3405,,,5.88,0.0,2.86,5.88
3406,,,5.88,0.0,2.86,5.88
3407,,,5.88,0.0,2.86,5.88
3408,,,5.88,0.0,2.86,5.88
3409,,,5.88,0.0,2.86,5.88
3410,,,5.88,0.0,2.86,5.88
3411,,,5.88,0.0,2.86,5.88
3412,,,5.88,0.0,2.86,5.88
3413,,,5.88,0.0,2.86,5.88
3414,,,5.88,0.0,2.86,5.88
3415,,,5.88,0.0,2.86,5.88
3416,,,5.88,0.0,2.86,5.88
3417,,,5.88,0.0,2.86,5.88
3418,,,5.88,0.0,2.86,5.88
3419,,,5.88,0.0,2.86,5.88
3420,,,5.88,0.0,2.86,5.88
3421,,,5.88,0.0,2.86,5.88
3422,,,5.88,0.0,2.86,5.88
3423,,,5.88,0.0,2.86,5.88
3424,,,5.88,0.0,2.86,5.88
3425,,,5.88,0.0,2.86,5.88
3426,,,5.88,0.0,2.86,5.88
3427,,,5.88,0.0,2.86,5.88
3428,,,5.88,0.0,2.86,5.88
3429,,,5.88,0.0,2.86,5.88
3430,,,5.88,0.0,2.86,5.88
3431,,,5.88,0.0,2.86,5.88
3432,,,5.88,0.0,2.86,5.88
3433,,,5.88,0.0,2.86,5.88
3434,,,5.88,0.0,2.86,5.88
3435,,,5.88,0.0,2.86,5.88
3436,,,5.88,0.0,2.86,5.88
3437,,,5.88,0.0,2.86,5.88
3438,,,5.88,0.0,2.86,5.88
3439,,,5.88,0.0,2.86,5.88
3440,,,5.88,0.0,2.86,5.88
3441,,,5.88,0.0,2.86,5.88
3442,,,5.88,0.0,2.86,5.88
3443,,,5.88,0.0,2.86,5.88
3444,,,5.88,0.0,2.86,5.88
3445,,,5.88,0.0,2.86,5.88
3446,,,5.88,0.0,2.86,5.88
3447,,,5.88,0.0,2.86,5.88
3448,,,5.88,0.0,2.86,5.88
3449,,,5.88,0.0,2.86,5.88
3450,,,5.88,0.0,2.86,5.88
3451,,,5.88,0.0,2.86,5.88
3452,,,5.88,0.0,2.86,5.88
3453,,,5.88,0.0,2.86,5.88
3454,,,5.88,0.0,2.86,5.88
3455,,,5.88,0.0,2.86,5.88
3456,,,5.88,0.0,2.86,5.88
3457,,,5.88,0.0,2.86,5.88
3458,,,5.88,0.0,2.86,5.88
3459,,,5.88,0.0,2.86,5.88
3460,,,5.88,0.0,2.86,5.88
3461,,,5.88,0.0,2.86,5.88
3462,,,5.88,0.0,2.86,5.88
3463,,,5.88,0.0,2.86,5.88
3464,,,5.88,0.0,2.86,5.88
3465,,,5.88,0.0,2.86,5.88
3466,,,5.88,0.0,2.86,5.88
3467,,,5.88,0.0,2.86,5.88
3468,,,5.88,0.0,2.86,5.88
3469,,,5.88,0.0,2.86,5.88
3470,,,5.88,0.0,2.86,5.88
3471,,,5.88,0.0,2.86,5.88
3472,,,5.88,0.0,2.86,5.88
3473,,,5.88,0.0,2.86,5.88
3474,,,5.88,0.0,2.86,5.88
3475,,,5.88,0.0,2.86,5.88
3476,,,5.88,0.0,2.86,5.88
3477,,,5.88,0.0,2.86,5.88
3478,,,5.88,0.0,2.86,5.88
3479,,,5.88,0.0,2.86,5.88
3480,,,5.88,0.0,2.86,5.88
3481,,,5.88,0.0,2.86,5.88
3482,,,5.88,0.0,2.86,5.88
3483,,,5.88,0.0,2.86,5.88
3484,,,5.88,0.0,2.86,5.88
3485,,,5.88,0.0,2.86,5.88
3486,,,5.88,0.0,2.86,5.88
3487,,,5.88,0.0,2.86,5.88
3488,,,5.88,0.0,2.86,5.88
3489,,,5.88,0.0,2.86,5.88
3490,,,5.88,0.0,2.86,5.88
3491,,,5.88,0.0,2.86,5.88
3492,,,5.88,0.0,2.86,5.88
3493,,,5.88,0.0,2.86,5.88
3494,,,5.88,0.0,2.86,5.88
3495,,,5.88,0.0,2.86,5.88
3496,,,5.88,0.0,2.86,5.88
3497,,,5.88,0.0,2.86,5.88
3498,,,5.88,0.0,2.86,5.88
3499,,,5.88,0.0,2.86,5.88
3500,,,5.88,0.0,2.86,5.88
3501,,,5.88,0.0,2.86,5.88
3502,,,5.88,0.0,2.86,5.88
3503,,,5.88,0.0,2.86,5.88
3504,,,5.88,0.0,2.86,5.88
3505,,,5.88,0.0,2.86,5.88
3506,,,5.88,0.0,2.86,5.88
3507,,,5.88,0.0,2.86,5.88
3508,,,5.88,0.0,2.86,5.88
3509,,,5.88,0.0,2.86,5.88
3510,,,5.88,0.0,2.86,5.88
3511,,,5.88,0.0,2.86,5.88
3512,,,5.88,0.0,2.86,5.88
3513,,,5.88,0.0,2.86,5.88
3514,,,5.88,0.0,2.86,5.88
3515,,,5.88,0.0,2.86,5.88
3516,,,5.88,0.0,2.86,5.88
3517,,,5.88,0.0,2.86,5.88
3518,,,5.88,0.0,2.86,5.88
3519,,,5.88,0.0,2.86,5.88
3520,,,5.88,0.0,2.86,5.88
3521,,,5.88,0.0,2.86,5.88
3522,,,5.88,0.0,2.86,5.88
3523,,,5.88,0.0,2.86,5.88
3524,,,5.88,0.0,2.86,5.88
3525,,,5.88,0.0,2.86,5.88
3526,,,5.88,0.0,2.86,5.88
3527,,,5.88,0.0,2.86,5.88
3528,,,5.88,0.0,2.86,5.88
3529,,,5.88,0.0,2.86,5.88
3530,,,5.88,0.0,2.86,5.88
3531,,,5.88,0.0,2.86,5.88
3532,,,5.88,0.0,2.86,5.88
3533,,,5.88,0.0,2.86,5.88
3534,,,5.88,0.0,2.86,5.88
3535,,,5.88,0.0,2.86,5.88
3536,,,5.88,0.0,2.86,5.88
3537,,,5.88,0.0,2.86,5.88
3538,,,5.88,0.0,2.86,5.88
3539,,,5.88,0.0,2.86,5.88
3540,,,5.88,0.0,2.86,5.88
3541,,,5.88,0.0,2.86,5.88
3542,,,5.88,0.0,2.86,5.88
3543,,,5.88,0.0,2.86,5.88
3544,,,5.88,0.0,2.86,5.88
3545,,,5.88,0.0,2.86,5.88
3546,,,5.88,0.0,2.86,5.88
3547,,,5.88,0.0,2.86,5.88
3548,,,5.88,0.0,2.86,5.88
3549,,,5.88,0.0,2.86,5.88
3550,,,5.88,0.0,2.86,5.88
3551,,,5.88,0.0,2.86,5.88
3552,,,5.88,0.0,2.86,5.88
3553,,,5.88,0.0,2.86,5.88
3554,,,5.88,0.0,2.86,5.88
3555,,,5.88,0.0,2.86,5.88
3556,,,5.88,0.0,2.86,5.88
3557,,,5.88,0.0,2.86,5.88
3558,,,5.88,0.0,2.86,5.88
3559,,,5.88,0.0,2.86,5.88
3560,,,5.88,0.0,2.86,5.88
3561,,,5.88,0.0,2.86,5.88
3562,,,5.88,0.0,2.86,5.88
3563,,,5.88,0.0,2.86,5.88
3564,,,5.88,0.0,2.86,5.88
3565,,,5.88,0.0,2.86,5.88
3566,,,5.88,0.0,2.86,5.88
3567,,,5.88,0.0,2.86,5.88
3568,,,5.88,0.0,2.86,5.88
3569,,,5.88,0.0,2.86,5.88
3570,,,5.88,0.0,2.86,5.88
3571,,,5.88,0.0,2.86,5.88
3572,,,5.88,0.0,2.86,5.88
3573,,,5.88,0.0,2.86,5.88
3574,,,5.88,0.0,2.86,5.88
3575,,,5.88,0.0,2.86,5.88
3576,,,5.88,0.0,2.86,5.88
3577,,,5.88,0.0,2.86,5.88
3578,,,5.88,0.0,2.86,5.88
3579,,,5.88,0.0,2.86,5.88
3580,,,5.88,0.0,2.86,5.88
3581,,,5.88,0.0,2.86,5.88
3582,,,5.88,0.0,2.86,5.88
3583,,,5.88,0.0,2.86,5.88
3584,,,5.88,0.0,2.86,5.88
3585,,,5.88,0.0,2.86,5.88
3586,,,5.88,0.0,2.86,5.88
3587,,,5.88,0.0,2.86,5.88
3588,,,5.88,0.0,2.86,5.88
3589,,,5.88,0.0,2.86,5.88
3590,,,5.88,0.0,2.86,5.88
3591,,,5.88,0.0,2.86,5.88
3592,,,5.88,0.0,2.86,5.88
3593,,,5.88,0.0,2.86,5.88
3594,,,5.88,0.0,2.86,5.88
3595,,,5.88,0.0,2.86,5.88
3596,,,5.88,0.0,2.86,5.88
3597,,,5.88,0.0,2.86,5.88
3598,,,5.88,0.0,2.86,5.88
3599,,,5.88,0.0,2.86,5.88
3600,,,5.88,0.0,2.86,5.88
3601,,,5.88,0.0,2.86,5.88
3602,,,5.88,0.0,2.86,5.88
3603,,,5.88,0.0,2.86,5.88
3604,,,5.88,0.0,2.86,5.88
3605,,,5.88,0.0,2.86,5.88
3606,,,5.88,0.0,2.86,5.88
3607,,,5.88,0.0,2.86,5.88
3608,,,5.88,0.0,2.86,5.88
3609,,,5.88,0.0,2.86,5.88
3610,,,5.88,0.0,2.86,5.88
3611,,,5.88,0.0,2.86,5.88
3612,,,5.88,0.0,2.86,5.88
3613,,,5.88,0.0,2.86,5.88
3614,,,5.88,0.0,2.86,5.88
3615,,,5.88,0.0,2.86,5.88
3616,,,5.88,0.0,2.86,5.88
3617,,,5.88,0.0,2.86,5.88
3618,,,5.88,0.0,2.86,5.88
3619,,,5.88,0.0,2.86,5.88
3620,,,5.88,0.0,2.86,5.88
3621,,,5.88,0.0,2.86,5.88
3622,,,5.88,0.0,2.86,5.88
3623,,,5.88,0.0,2.86,5.88
3624,,,5.88,0.0,2.86,5.88
3625,,,5.88,0.0,2.86,5.88
3626,,,5.88,0.0,2.86,5.88
3627,,,5.88,0.0,2.86,5.88
3628,,,5.88,0.0,2.86,5.88
3629,,,5.88,0.0,2.86,5.88
3630,,,5.88,0.0,2.86,5.88
3631,,,5.88,0.0,2.86,5.88
3632,,,5.88,0.0,2.86,5.88
3633,,,5.88,0.0,2.86,5.88
3634,,,5.88,0.0,2.86,5.88
3635,,,5.88,0.0,2.86,5.88
3636,,,5.88,0.0,2.86,5.88
3637,,,5.88,0.0,2.86,5.88
3638,,,5.88,0.0,2.86,5.88
3639,,,5.88,0.0,2.86,5.88
3640,,,5.88,0.0,2.86,5.88
3641,,,5.88,0.0,2.86,5.88
3642,,,5.88,0.0,2.86,5.88
3643,,,5.88,0.0,2.86,5.88
3644,,,5.88,0.0,2.86,5.88
3645,,,5.88,0.0,2.86,5.88
3646,,,5.88,0.0,2.86,5.88
3647,,,5.88,0.0,2.86,5.88
3648,,,5.88,0.0,2.86,5.88
3649,,,5.88,0.0,2.86,5.88
3650,,,5.88,0.0,2.86,5.88
3651,,,5.88,0.0,2.86,5.88
3652,,,5.88,0.0,2.86,5.88
3653,,,5.88,0.0,2.86,5.88
3654,,,5.88,0.0,2.86,5.88
3655,,,5.88,0.0,2.86,5.88
3656,,,5.88,0.0,2.86,5.88
3657,,,5.88,0.0,2.86,5.88
3658,,,5.88,0.0,2.86,5.88
3659,,,5.88,0.0,2.86,5.88
3660,,,5.88,0.0,2.86,5.88
3661,,,5.88,0.0,2.86,5.88
3662,,,5.88,0.0,2.86,5.88
3663,,,5.88,0.0,2.86,5.88
3664,,,5.88,0.0,2.86,5.88
3665,,,5.88,0.0,2.86,5.88
3666,,,5.88,0.0,2.86,5.88
3667,,,5.88,0.0,2.86,5.88
3668,,,5.88,0.0,2.86,5.88
3669,,,5.88,0.0,2.86,5.88
3670,,,5.88,0.0,2.86,5.88
3671,,,5.88,0.0,2.86,5.88
3672,,,5.88,0.0,2.86,5.88
3673,,,5.88,0.0,2.86,5.88
3674,,,5.88,0.0,2.86,5.88
3675,,,5.88,0.0,2.86,5.88
3676,,,5.88,0.0,2.86,5.88
3677,,,5.88,0.0,2.86,5.88
3678,,,5.88,0.0,2.86,5.88
3679,,,5.88,0.0,2.86,5.88
3680,,,5.88,0.0,2.86,5.88
3681,,,5.88,0.0,2.86,5.88
3682,,,5.88,0.0,2.86,5.88
3683,,,5.88,0.0,2.86,5.88
3684,,,5.88,0.0,2.86,5.88
3685,,,5.88,0.0,2.86,5.88
3686,,,5.88,0.0,2.86,5.88
3687,,,5.88,0.0,2.86,5.88
3688,,,5.88,0.0,2.86,5.88
3689,,,5.88,0.0,2.86,5.88
3690,,,5.88,0.0,2.86,5.88
3691,,,5.88,0.0,2.86,5.88
3692,,,5.88,0.0,2.86,5.88
3693,,,5.88,0.0,2.86,5.88
3694,,,5.88,0.0,2.86,5.88
3695,,,5.88,0.0,2.86,5.88
3696,,,5.88,0.0,2.86,5.88
3697,,,5.88,0.0,2.86,5.88
