col_index,gap_frac,nongap_n,keep,cons_similarity,cons_identity,cons_entropy22,cons_entropy_nogap
1,1.0,0,False,,,,
2,1.0,0,False,,,,
3,1.0,0,False,,,,
4,1.0,0,False,,,,
5,1.0,0,False,,,,
6,1.0,0,False,,,,
7,1.0,0,False,,,,
8,1.0,0,False,,,,
9,1.0,0,False,,,,
10,1.0,0,False,,,,
11,1.0,0,False,,,,
12,1.0,0,False,,,,
13,1.0,0,False,,,,
14,1.0,0,False,,,,
15,1.0,0,False,,,,
16,1.0,0,False,,,,
17,1.0,0,False,,,,
18,1.0,0,False,,,,
19,1.0,0,False,,,,
20,1.0,0,False,,,,
21,1.0,0,False,,,,
22,1.0,0,False,,,,
23,1.0,0,False,,,,
24,1.0,0,False,,,,
25,1.0,0,False,,,,
26,1.0,0,False,,,,
27,1.0,0,False,,,,
28,1.0,0,False,,,,
29,1.0,0,False,,,,
30,1.0,0,False,,,,
31,1.0,0,False,,,,
32,1.0,0,False,,,,
33,1.0,0,False,,,,
34,1.0,0,False,,,,
35,1.0,0,False,,,,
36,1.0,0,False,,,,
37,1.0,0,False,,,,
38,1.0,0,False,,,,
39,1.0,0,False,,,,
40,1.0,0,False,,,,
41,1.0,0,False,,,,
42,1.0,0,False,,,,
43,1.0,0,False,,,,
44,1.0,0,False,,,,
45,1.0,0,False,,,,
46,1.0,0,False,,,,
47,1.0,0,False,,,,
48,1.0,0,False,,,,
49,1.0,0,False,,,,
50,1.0,0,False,,,,
51,1.0,0,False,,,,
52,1.0,0,False,,,,
53,1.0,0,False,,,,
54,1.0,0,False,,,,
55,1.0,0,False,,,,
56,1.0,0,False,,,,
57,1.0,0,False,,,,
58,1.0,0,False,,,,
59,1.0,0,False,,,,
60,1.0,0,False,,,,
61,1.0,0,False,,,,
62,1.0,0,False,,,,
63,1.0,0,False,,,,
64,1.0,0,False,,,,
65,1.0,0,False,,,,
66,1.0,0,False,,,,
67,1.0,0,False,,,,
68,1.0,0,False,,,,
69,1.0,0,False,,,,
70,1.0,0,False,,,,
71,1.0,0,False,,,,
72,1.0,0,False,,,,
73,1.0,0,False,,,,
74,1.0,0,False,,,,
75,1.0,0,False,,,,
76,1.0,0,False,,,,
77,1.0,0,False,,,,
78,1.0,0,False,,,,
79,1.0,0,False,,,,
80,1.0,0,False,,,,
81,1.0,0,False,,,,
82,1.0,0,False,,,,
83,1.0,0,False,,,,
84,1.0,0,False,,,,
85,1.0,0,False,,,,
86,1.0,0,False,,,,
87,1.0,0,False,,,,
88,1.0,0,False,,,,
89,1.0,0,False,,,,
90,1.0,0,False,,,,
91,1.0,0,False,,,,
92,1.0,0,False,,,,
93,1.0,0,False,,,,
94,1.0,0,False,,,,
95,1.0,0,False,,,,
96,1.0,0,False,,,,
97,1.0,0,False,,,,
98,1.0,0,False,,,,
99,1.0,0,False,,,,
100,1.0,0,False,,,,
101,1.0,0,False,,,,
102,1.0,0,False,,,,
103,1.0,0,False,,,,
104,1.0,0,False,,,,
105,1.0,0,False,,,,
106,1.0,0,False,,,,
107,1.0,0,False,,,,
108,1.0,0,False,,,,
109,1.0,0,False,,,,
110,1.0,0,False,,,,
111,1.0,0,False,,,,
112,1.0,0,False,,,,
113,1.0,0,False,,,,
114,1.0,0,False,,,,
115,1.0,0,False,,,,
116,1.0,0,False,,,,
117,1.0,0,False,,,,
118,1.0,0,False,,,,
119,1.0,0,False,,,,
120,1.0,0,False,,,,
121,1.0,0,False,,,,
122,1.0,0,False,,,,
123,1.0,0,False,,,,
124,1.0,0,False,,,,
125,1.0,0,False,,,,
126,1.0,0,False,,,,
127,1.0,0,False,,,,
128,1.0,0,False,,,,
129,1.0,0,False,,,,
130,1.0,0,False,,,,
131,1.0,0,False,,,,
132,1.0,0,False,,,,
133,1.0,0,False,,,,
134,1.0,0,False,,,,
135,1.0,0,False,,,,
136,1.0,0,False,,,,
137,1.0,0,False,,,,
138,1.0,0,False,,,,
139,1.0,0,False,,,,
140,1.0,0,False,,,,
141,1.0,0,False,,,,
142,1.0,0,False,,,,
143,1.0,0,False,,,,
144,1.0,0,False,,,,
145,1.0,0,False,,,,
146,1.0,0,False,,,,
147,1.0,0,False,,,,
148,1.0,0,False,,,,
149,1.0,0,False,,,,
150,1.0,0,False,,,,
151,1.0,0,False,,,,
152,1.0,0,False,,,,
153,1.0,0,False,,,,
154,1.0,0,False,,,,
155,1.0,0,False,,,,
156,1.0,0,False,,,,
157,1.0,0,False,,,,
158,1.0,0,False,,,,
159,1.0,0,False,,,,
160,1.0,0,False,,,,
161,1.0,0,False,,,,
162,1.0,0,False,,,,
163,1.0,0,False,,,,
164,1.0,0,False,,,,
165,1.0,0,False,,,,
166,1.0,0,False,,,,
167,1.0,0,False,,,,
168,1.0,0,False,,,,
169,1.0,0,False,,,,
170,1.0,0,False,,,,
171,1.0,0,False,,,,
172,1.0,0,False,,,,
173,1.0,0,False,,,,
174,1.0,0,False,,,,
175,1.0,0,False,,,,
176,1.0,0,False,,,,
177,1.0,0,False,,,,
178,1.0,0,False,,,,
179,1.0,0,False,,,,
180,1.0,0,False,,,,
181,1.0,0,False,,,,
182,1.0,0,False,,,,
183,1.0,0,False,,,,
184,1.0,0,False,,,,
185,1.0,0,False,,,,
186,1.0,0,False,,,,
187,1.0,0,False,,,,
188,1.0,0,False,,,,
189,1.0,0,False,,,,
190,1.0,0,False,,,,
191,1.0,0,False,,,,
192,1.0,0,False,,,,
193,1.0,0,False,,,,
194,1.0,0,False,,,,
195,1.0,0,False,,,,
196,1.0,0,False,,,,
197,1.0,0,False,,,,
198,1.0,0,False,,,,
199,1.0,0,False,,,,
200,1.0,0,False,,,,
201,1.0,0,False,,,,
202,1.0,0,False,,,,
203,1.0,0,False,,,,
204,1.0,0,False,,,,
205,1.0,0,False,,,,
206,1.0,0,False,,,,
207,1.0,0,False,,,,
208,1.0,0,False,,,,
209,1.0,0,False,,,,
210,1.0,0,False,,,,
211,1.0,0,False,,,,
212,1.0,0,False,,,,
213,1.0,0,False,,,,
214,1.0,0,False,,,,
215,1.0,0,False,,,,
216,1.0,0,False,,,,
217,1.0,0,False,,,,
218,1.0,0,False,,,,
219,1.0,0,False,,,,
220,1.0,0,False,,,,
221,1.0,0,False,,,,
222,1.0,0,False,,,,
223,1.0,0,False,,,,
224,1.0,0,False,,,,
225,1.0,0,False,,,,
226,1.0,0,False,,,,
227,1.0,0,False,,,,
228,1.0,0,False,,,,
229,1.0,0,False,,,,
230,1.0,0,False,,,,
231,1.0,0,False,,,,
232,1.0,0,False,,,,
233,1.0,0,False,,,,
234,1.0,0,False,,,,
235,1.0,0,False,,,,
236,1.0,0,False,,,,
237,1.0,0,False,,,,
238,1.0,0,False,,,,
239,1.0,0,False,,,,
240,1.0,0,False,,,,
241,1.0,0,False,,,,
242,1.0,0,False,,,,
243,1.0,0,False,,,,
244,1.0,0,False,,,,
245,1.0,0,False,,,,
246,1.0,0,False,,,,
247,1.0,0,False,,,,
248,1.0,0,False,,,,
249,1.0,0,False,,,,
250,1.0,0,False,,,,
251,1.0,0,False,,,,
252,1.0,0,False,,,,
253,1.0,0,False,,,,
254,1.0,0,False,,,,
255,1.0,0,False,,,,
256,1.0,0,False,,,,
257,1.0,0,False,,,,
258,1.0,0,False,,,,
259,1.0,0,False,,,,
260,1.0,0,False,,,,
261,1.0,0,False,,,,
262,1.0,0,False,,,,
263,1.0,0,False,,,,
264,1.0,0,False,,,,
265,1.0,0,False,,,,
266,1.0,0,False,,,,
267,1.0,0,False,,,,
268,1.0,0,False,,,,
269,1.0,0,False,,,,
270,1.0,0,False,,,,
271,1.0,0,False,,,,
272,1.0,0,False,,,,
273,1.0,0,False,,,,
274,1.0,0,False,,,,
275,1.0,0,False,,,,
276,1.0,0,False,,,,
277,1.0,0,False,,,,
278,1.0,0,False,,,,
279,1.0,0,False,,,,
280,1.0,0,False,,,,
281,1.0,0,False,,,,
282,1.0,0,False,,,,
283,1.0,0,False,,,,
284,1.0,0,False,,,,
285,1.0,0,False,,,,
286,1.0,0,False,,,,
287,1.0,0,False,,,,
288,1.0,0,False,,,,
289,1.0,0,False,,,,
290,1.0,0,False,,,,
291,1.0,0,False,,,,
292,1.0,0,False,,,,
293,1.0,0,False,,,,
294,1.0,0,False,,,,
295,1.0,0,False,,,,
296,1.0,0,False,,,,
297,1.0,0,False,,,,
298,1.0,0,False,,,,
299,1.0,0,False,,,,
300,1.0,0,False,,,,
301,1.0,0,False,,,,
302,1.0,0,False,,,,
303,1.0,0,False,,,,
304,1.0,0,False,,,,
305,1.0,0,False,,,,
306,1.0,0,False,,,,
307,1.0,0,False,,,,
308,1.0,0,False,,,,
309,1.0,0,False,,,,
310,1.0,0,False,,,,
311,1.0,0,False,,,,
312,1.0,0,False,,,,
313,1.0,0,False,,,,
314,1.0,0,False,,,,
315,1.0,0,False,,,,
316,1.0,0,False,,,,
317,1.0,0,False,,,,
318,1.0,0,False,,,,
319,1.0,0,False,,,,
320,1.0,0,False,,,,
321,1.0,0,False,,,,
322,1.0,0,False,,,,
323,1.0,0,False,,,,
324,1.0,0,False,,,,
325,1.0,0,False,,,,
326,1.0,0,False,,,,
327,1.0,0,False,,,,
328,1.0,0,False,,,,
329,1.0,0,False,,,,
330,1.0,0,False,,,,
331,1.0,0,False,,,,
332,1.0,0,False,,,,
333,1.0,0,False,,,,
334,1.0,0,False,,,,
335,1.0,0,False,,,,
336,1.0,0,False,,,,
337,1.0,0,False,,,,
338,1.0,0,False,,,,
339,1.0,0,False,,,,
340,1.0,0,False,,,,
341,1.0,0,False,,,,
342,1.0,0,False,,,,
343,1.0,0,False,,,,
344,1.0,0,False,,,,
345,1.0,0,False,,,,
346,1.0,0,False,,,,
347,1.0,0,False,,,,
348,1.0,0,False,,,,
349,1.0,0,False,,,,
350,1.0,0,False,,,,
351,1.0,0,False,,,,
352,1.0,0,False,,,,
353,1.0,0,False,,,,
354,1.0,0,False,,,,
355,1.0,0,False,,,,
356,1.0,0,False,,,,
357,1.0,0,False,,,,
358,1.0,0,False,,,,
359,1.0,0,False,,,,
360,1.0,0,False,,,,
361,1.0,0,False,,,,
362,1.0,0,False,,,,
363,1.0,0,False,,,,
364,1.0,0,False,,,,
365,1.0,0,False,,,,
366,1.0,0,False,,,,
367,1.0,0,False,,,,
368,1.0,0,False,,,,
369,1.0,0,False,,,,
370,1.0,0,False,,,,
371,1.0,0,False,,,,
372,1.0,0,False,,,,
373,1.0,0,False,,,,
374,1.0,0,False,,,,
375,1.0,0,False,,,,
376,1.0,0,False,,,,
377,1.0,0,False,,,,
378,1.0,0,False,,,,
379,1.0,0,False,,,,
380,1.0,0,False,,,,
381,1.0,0,False,,,,
382,1.0,0,False,,,,
383,1.0,0,False,,,,
384,1.0,0,False,,,,
385,1.0,0,False,,,,
386,1.0,0,False,,,,
387,1.0,0,False,,,,
388,1.0,0,False,,,,
389,1.0,0,False,,,,
390,1.0,0,False,,,,
391,1.0,0,False,,,,
392,1.0,0,False,,,,
393,1.0,0,False,,,,
394,1.0,0,False,,,,
395,1.0,0,False,,,,
396,1.0,0,False,,,,
397,1.0,0,False,,,,
398,1.0,0,False,,,,
399,1.0,0,False,,,,
400,1.0,0,False,,,,
401,1.0,0,False,,,,
402,1.0,0,False,,,,
403,1.0,0,False,,,,
404,1.0,0,False,,,,
405,1.0,0,False,,,,
406,1.0,0,False,,,,
407,1.0,0,False,,,,
408,1.0,0,False,,,,
409,1.0,0,False,,,,
410,1.0,0,False,,,,
411,1.0,0,False,,,,
412,1.0,0,False,,,,
413,1.0,0,False,,,,
414,1.0,0,False,,,,
415,1.0,0,False,,,,
416,1.0,0,False,,,,
417,1.0,0,False,,,,
418,1.0,0,False,,,,
419,1.0,0,False,,,,
420,1.0,0,False,,,,
421,1.0,0,False,,,,
422,1.0,0,False,,,,
423,1.0,0,False,,,,
424,1.0,0,False,,,,
425,1.0,0,False,,,,
426,1.0,0,False,,,,
427,1.0,0,False,,,,
428,1.0,0,False,,,,
429,1.0,0,False,,,,
430,1.0,0,False,,,,
431,1.0,0,False,,,,
432,1.0,0,False,,,,
433,1.0,0,False,,,,
434,1.0,0,False,,,,
435,1.0,0,False,,,,
436,1.0,0,False,,,,
437,1.0,0,False,,,,
438,1.0,0,False,,,,
439,1.0,0,False,,,,
440,1.0,0,False,,,,
441,1.0,0,False,,,,
442,1.0,0,False,,,,
443,1.0,0,False,,,,
444,1.0,0,False,,,,
445,1.0,0,False,,,,
446,1.0,0,False,,,,
447,1.0,0,False,,,,
448,1.0,0,False,,,,
449,1.0,0,False,,,,
450,1.0,0,False,,,,
451,1.0,0,False,,,,
452,1.0,0,False,,,,
453,1.0,0,False,,,,
454,1.0,0,False,,,,
455,1.0,0,False,,,,
456,1.0,0,False,,,,
457,1.0,0,False,,,,
458,1.0,0,False,,,,
459,1.0,0,False,,,,
460,1.0,0,False,,,,
461,1.0,0,False,,,,
462,1.0,0,False,,,,
463,1.0,0,False,,,,
464,1.0,0,False,,,,
465,1.0,0,False,,,,
466,1.0,0,False,,,,
467,1.0,0,False,,,,
468,1.0,0,False,,,,
469,1.0,0,False,,,,
470,1.0,0,False,,,,
471,1.0,0,False,,,,
472,1.0,0,False,,,,
473,1.0,0,False,,,,
474,1.0,0,False,,,,
475,1.0,0,False,,,,
476,1.0,0,False,,,,
477,1.0,0,False,,,,
478,1.0,0,False,,,,
479,1.0,0,False,,,,
480,1.0,0,False,,,,
481,1.0,0,False,,,,
482,1.0,0,False,,,,
483,1.0,0,False,,,,
484,1.0,0,False,,,,
485,1.0,0,False,,,,
486,1.0,0,False,,,,
487,1.0,0,False,,,,
488,1.0,0,False,,,,
489,1.0,0,False,,,,
490,1.0,0,False,,,,
491,1.0,0,False,,,,
492,1.0,0,False,,,,
493,1.0,0,False,,,,
494,1.0,0,False,,,,
495,1.0,0,False,,,,
496,1.0,0,False,,,,
497,1.0,0,False,,,,
498,1.0,0,False,,,,
499,1.0,0,False,,,,
500,1.0,0,False,,,,
501,1.0,0,False,,,,
502,1.0,0,False,,,,
503,1.0,0,False,,,,
504,1.0,0,False,,,,
505,1.0,0,False,,,,
506,1.0,0,False,,,,
507,1.0,0,False,,,,
508,1.0,0,False,,,,
509,1.0,0,False,,,,
510,1.0,0,False,,,,
511,1.0,0,False,,,,
512,1.0,0,False,,,,
513,1.0,0,False,,,,
514,1.0,0,False,,,,
515,1.0,0,False,,,,
516,1.0,0,False,,,,
517,1.0,0,False,,,,
518,1.0,0,False,,,,
519,1.0,0,False,,,,
520,1.0,0,False,,,,
521,1.0,0,False,,,,
522,1.0,0,False,,,,
523,1.0,0,False,,,,
524,1.0,0,False,,,,
525,1.0,0,False,,,,
526,1.0,0,False,,,,
527,1.0,0,False,,,,
528,1.0,0,False,,,,
529,1.0,0,False,,,,
530,1.0,0,False,,,,
531,1.0,0,False,,,,
532,1.0,0,False,,,,
533,1.0,0,False,,,,
534,1.0,0,False,,,,
535,1.0,0,False,,,,
536,1.0,0,False,,,,
537,1.0,0,False,,,,
538,1.0,0,False,,,,
539,1.0,0,False,,,,
540,1.0,0,False,,,,
541,1.0,0,False,,,,
542,1.0,0,False,,,,
543,1.0,0,False,,,,
544,1.0,0,False,,,,
545,1.0,0,False,,,,
546,1.0,0,False,,,,
547,1.0,0,False,,,,
548,1.0,0,False,,,,
549,1.0,0,False,,,,
550,1.0,0,False,,,,
551,1.0,0,False,,,,
552,1.0,0,False,,,,
553,1.0,0,False,,,,
554,1.0,0,False,,,,
555,1.0,0,False,,,,
556,1.0,0,False,,,,
557,1.0,0,False,,,,
558,1.0,0,False,,,,
559,1.0,0,False,,,,
560,1.0,0,False,,,,
561,1.0,0,False,,,,
562,1.0,0,False,,,,
563,1.0,0,False,,,,
564,1.0,0,False,,,,
565,1.0,0,False,,,,
566,1.0,0,False,,,,
567,1.0,0,False,,,,
568,1.0,0,False,,,,
569,1.0,0,False,,,,
570,1.0,0,False,,,,
571,1.0,0,False,,,,
572,1.0,0,False,,,,
573,1.0,0,False,,,,
574,1.0,0,False,,,,
575,1.0,0,False,,,,
576,1.0,0,False,,,,
577,1.0,0,False,,,,
578,1.0,0,False,,,,
579,1.0,0,False,,,,
580,1.0,0,False,,,,
581,1.0,0,False,,,,
582,1.0,0,False,,,,
583,1.0,0,False,,,,
584,1.0,0,False,,,,
585,1.0,0,False,,,,
586,1.0,0,False,,,,
587,1.0,0,False,,,,
588,0.8,2,False,,,,
589,0.7,3,False,,,,
590,0.7,3,False,,,,
591,0.7,3,False,,,,
592,0.7,3,False,,,,
593,0.7,3,False,,,,
594,0.7,3,False,,,,
595,0.7,3,False,,,,
596,0.7,3,False,,,,
597,0.7,3,False,,,,
598,0.7,3,False,,,,
599,0.7,3,False,,,,
600,0.7,3,False,,,,
601,0.7,3,False,,,,
602,0.7,3,False,,,,
603,0.7,3,False,,,,
604,0.7,3,False,,,,
605,0.7,3,False,,,,
606,0.7,3,False,,,,
607,0.7,3,False,,,,
608,0.7,3,False,,,,
609,0.7,3,False,,,,
610,0.7,3,False,,,,
611,0.7,3,False,,,,
612,0.7,3,False,,,,
613,0.8,2,False,,,,
614,0.8,2,False,,,,
615,0.8,2,False,,,,
616,0.8,2,False,,,,
617,0.8,2,False,,,,
618,0.7,3,False,,,,
619,0.7,3,False,,,,
620,0.7,3,False,,,,
621,0.8,2,False,,,,
622,0.8,2,False,,,,
623,0.8,2,False,,,,
624,0.8,2,False,,,,
625,0.7,3,False,,,,
626,0.7,3,False,,,,
627,0.8,2,False,,,,
628,0.8,2,False,,,,
629,0.8,2,False,,,,
630,0.8,2,False,,,,
631,0.8,2,False,,,,
632,0.8,2,False,,,,
633,0.8,2,False,,,,
634,0.8,2,False,,,,
635,0.8,2,False,,,,
636,1.0,0,False,,,,
637,1.0,0,False,,,,
638,1.0,0,False,,,,
639,1.0,0,False,,,,
640,1.0,0,False,,,,
641,1.0,0,False,,,,
642,1.0,0,False,,,,
643,1.0,0,False,,,,
644,1.0,0,False,,,,
645,1.0,0,False,,,,
646,1.0,0,False,,,,
647,1.0,0,False,,,,
648,1.0,0,False,,,,
649,1.0,0,False,,,,
650,1.0,0,False,,,,
651,0.9,1,False,,,,
652,0.9,1,False,,,,
653,0.9,1,False,,,,
654,0.9,1,False,,,,
655,0.9,1,False,,,,
656,0.9,1,False,,,,
657,0.9,1,False,,,,
658,0.9,1,False,,,,
659,0.9,1,False,,,,
660,0.9,1,False,,,,
661,0.9,1,False,,,,
662,0.8,2,False,,,,
663,0.8,2,False,,,,
664,1.0,0,False,,,,
665,1.0,0,False,,,,
666,1.0,0,False,,,,
667,1.0,0,False,,,,
668,0.8,2,False,,,,
669,0.8,2,False,,,,
670,0.8,2,False,,,,
671,0.7,3,False,,,,
672,0.7,3,False,,,,
673,0.7,3,False,,,,
674,0.7,3,False,,,,
675,0.7,3,False,,,,
676,0.7,3,False,,,,
677,0.8,2,False,,,,
678,0.8,2,False,,,,
679,0.6,4,False,,,,
680,0.8,2,False,,,,
681,0.8,2,False,,,,
682,0.8,2,False,,,,
683,0.8,2,False,,,,
684,0.8,2,False,,,,
685,0.8,2,False,,,,
686,0.8,2,False,,,,
687,0.8,2,False,,,,
688,0.8,2,False,,,,
689,0.8,2,False,,,,
690,0.8,2,False,,,,
691,0.9,1,False,,,,
692,0.9,1,False,,,,
693,1.0,0,False,,,,
694,1.0,0,False,,,,
695,1.0,0,False,,,,
696,1.0,0,False,,,,
697,0.8,2,False,,,,
698,0.7,3,False,,,,
699,0.7,3,False,,,,
700,0.7,3,False,,,,
701,0.7,3,False,,,,
702,0.7,3,False,,,,
703,0.7,3,False,,,,
704,0.7,3,False,,,,
705,0.7,3,False,,,,
706,0.7,3,False,,,,
707,0.6,4,False,,,,
708,0.6,4,False,,,,
709,0.6,4,False,,,,
710,0.6,4,False,,,,
711,0.6,4,False,,,,
712,0.6,4,False,,,,
713,0.6,4,False,,,,
714,0.6,4,False,,,,
715,0.4,6,True,0.24444444444444444,0.3333333333333333,0.10175559829607284,2.2516291673878226
716,0.3,7,True,0.16507936507936508,0.2857142857142857,0.05731928518273999,2.521640636343318
717,0.3,7,True,0.15555555555555553,0.14285714285714285,0.05118688510966152,2.807354922057604
718,0.3,7,True,0.2507936507936508,0.42857142857142855,0.08279110672080625,2.1280852788913944
719,0.9,1,False,,,,
720,0.8,2,False,,,,
721,0.8,2,False,,,,
722,0.8,2,False,,,,
723,0.9,1,False,,,,
724,0.5,5,True,0.24666666666666667,0.6,0.1572623513863327,1.3709505944546687
725,0.9,1,False,,,,
726,0.9,1,False,,,,
727,0.4,6,True,0.2,0.3333333333333333,0.10175559829607284,2.251629167387823
728,0.4,6,True,0.3511111111111111,0.6666666666666666,0.13903595255631895,1.2516291673878228
729,0.4,6,True,0.29333333333333333,0.5,0.07678032766449228,1.4591479170272448
730,0.4,6,True,0.28,0.5,0.07678032766449228,1.4591479170272448
731,0.4,6,True,0.3244444444444445,0.6666666666666666,0.13903595255631884,1.2516291673878228
732,0.4,6,True,0.21333333333333335,0.3333333333333333,0.10175559829607284,2.251629167387823
733,0.4,6,True,0.2622222222222222,0.5,0.11864654673111708,1.7924812503605778
734,0.4,6,True,0.6666666666666666,1.0,0.02904940554533142,0.0
735,0.4,6,True,0.3377777777777778,0.6666666666666666,0.13903595255631895,1.2516291673878228
736,0.4,6,True,0.3777777777777778,0.8333333333333334,0.14132728892674484,0.6500224216483541
737,0.7,3,False,,,,
738,0.8,2,False,,,,
739,0.8,2,False,,,,
740,0.8,2,False,,,,
741,0.8,2,False,,,,
742,0.8,2,False,,,,
743,0.8,2,False,,,,
744,0.8,2,False,,,,
745,0.8,2,False,,,,
746,0.7,3,False,,,,
747,0.3,7,True,0.16825396825396824,0.2857142857142857,0.0573192851827401,2.5216406363433186
748,0.3,7,True,0.19365079365079366,0.14285714285714285,0.05118688510966152,2.807354922057604
749,0.3,7,True,0.3365079365079365,0.42857142857142855,0.06502247023287666,1.8423709931771084
750,0.3,7,True,0.2253968253968254,0.2857142857142857,0.0573192851827401,2.521640636343318
751,0.3,7,True,0.2571428571428572,0.42857142857142855,0.06502247023287655,1.8423709931771084
752,0.3,7,True,0.27936507936507937,0.42857142857142855,0.06502247023287666,1.8423709931771088
753,0.3,7,True,0.2,0.2857142857142857,0.05358807178498537,2.2359263506290326
754,0.3,7,True,0.23492063492063492,0.2857142857142857,0.05358807178498537,2.2359263506290326
755,0.1,9,True,0.1925925925925926,0.2222222222222222,0.02602396837087928,2.725480556997868
756,0.1,9,True,0.3092592592592593,0.5555555555555556,0.16402499191349473,1.8799649487271108
757,0.4,6,True,0.30666666666666664,0.5,0.11864654673111685,1.792481250360578
758,0.4,6,True,0.4444444444444444,0.6666666666666666,0.03977028213923883,0.9182958340544896
759,0.4,6,True,0.24000000000000002,0.3333333333333333,0.10175559829607284,2.2516291673878226
760,0.4,6,True,0.17777777777777778,0.16666666666666666,0.10167108723147944,2.584962500721156
761,0.4,6,True,0.3022222222222222,0.5,0.07678032766449228,1.4591479170272448
762,0.4,6,True,0.20888888888888887,0.16666666666666666,0.10167108723147944,2.584962500721156
763,0.4,6,True,0.2711111111111111,0.5,0.11864654673111685,1.7924812503605778
764,0.5,5,True,0.17333333333333334,0.2,0.16402499191349473,2.321928094887362
765,0.7,3,False,,,,
766,0.8,2,False,,,,
767,0.8,2,False,,,,
768,0.8,2,False,,,,
769,0.8,2,False,,,,
770,0.8,2,False,,,,
771,0.8,2,False,,,,
772,0.8,2,False,,,,
773,0.8,2,False,,,,
774,0.8,2,False,,,,
775,0.8,2,False,,,,
776,0.8,2,False,,,,
777,0.4,6,True,0.24000000000000002,0.3333333333333333,0.10175559829607284,2.2516291673878226
778,0.4,6,True,0.21777777777777776,0.3333333333333333,0.10175559829607284,2.2516291673878226
779,0.3,7,True,0.25396825396825395,0.42857142857142855,0.08279110672080625,2.128085278891394
780,0.3,7,True,0.4380952380952381,0.7142857142857143,0.1572623513863327,1.1488348542809166
781,0.4,6,True,0.1688888888888889,0.3333333333333333,0.10175559829607284,2.2516291673878226
782,0.4,6,True,0.2533333333333333,0.5,0.11864654673111685,1.7924812503605778
783,0.4,6,True,0.3288888888888889,0.3333333333333333,0.10175559829607284,2.2516291673878226
784,0.5,5,True,0.31333333333333335,0.6,0.1572623513863327,1.3709505944546687
785,0.5,5,True,0.20666666666666667,0.2,0.16402499191349473,2.321928094887362
786,0.5,5,True,0.3733333333333333,0.4,0.11951797627815941,1.5219280948873621
787,0.7,3,False,,,,
788,0.4,6,True,0.2577777777777778,0.3333333333333333,0.10175559829607284,2.2516291673878226
789,0.4,6,True,0.2755555555555556,0.3333333333333333,0.10175559829607284,2.2516291673878226
790,0.9,1,False,,,,
791,0.9,1,False,,,,
792,0.9,1,False,,,,
793,0.9,1,False,,,,
794,0.9,1,False,,,,
795,0.9,1,False,,,,
796,0.9,1,False,,,,
797,0.9,1,False,,,,
798,0.9,1,False,,,,
799,0.9,1,False,,,,
800,0.9,1,False,,,,
801,0.8,2,False,,,,
802,0.3,7,True,0.20634920634920637,0.2857142857142857,0.05358807178498537,2.2359263506290326
803,0.0,10,True,0.2859259259259259,0.3,0.05358807178498537,2.4464393446710155
804,0.0,10,True,0.23111111111111113,0.2,0.03042964980987506,2.721928094887362
805,0.0,10,True,0.24296296296296296,0.3,0.05731928518273999,2.6464393446710157
806,0.0,10,True,0.24592592592592594,0.2,0.030429649809874948,2.7219280948873625
807,0.0,10,True,0.20592592592592593,0.2,0.015141338212453448,3.121928094887362
808,0.0,10,True,0.2562962962962963,0.3,0.05358807178498537,2.4464393446710155
809,0.0,10,True,0.39555555555555555,0.4,0.13903595255631895,1.721928094887362
810,0.0,10,True,0.2548148148148148,0.4,0.08613531161467847,2.1219280948873624
811,0.0,10,True,0.2696296296296296,0.4,0.10175559829607272,2.3219280948873626
812,0.0,10,True,0.3511111111111111,0.6,0.21452470277266567,1.5709505944546687
813,0.0,10,True,0.3037037037037037,0.5,0.15545875354128547,1.9609640474436814
814,0.0,10,True,0.36000000000000004,0.6,0.1826545778534897,1.295461844238322
815,0.7,3,False,,,,
816,0.7,3,False,,,,
817,0.0,10,True,0.2948148148148148,0.3,0.08279110672080625,2.3709505944546687
818,0.0,10,True,0.22814814814814816,0.4,0.10167108723147944,2.5219280948873624
819,0.0,10,True,0.4311111111111111,0.7,0.32161017527648017,1.3567796494470397
820,0.0,10,True,0.2577777777777778,0.4,0.10175559829607284,2.321928094887362
821,0.0,10,True,0.2533333333333333,0.3,0.0573192851827401,2.6464393446710153
822,0.1,9,True,0.4425925925925926,0.7777777777777778,0.32161017527648017,0.9864267287308424
823,0.0,10,True,0.21925925925925924,0.2,0.02602396837087928,2.9219280948873623
824,0.2,8,True,0.24285714285714285,0.25,0.024385036849164488,2.25
825,0.4,6,True,0.2533333333333333,0.3333333333333333,0.10175559829607284,2.2516291673878226
826,0.5,5,True,0.2733333333333333,0.4,0.11951797627815941,1.5219280948873621
827,0.5,5,True,0.2866666666666667,0.4,0.15545875354128547,1.9219280948873623
828,0.5,5,True,0.28,0.4,0.11951797627815941,1.5219280948873621
829,0.6,4,False,,,,
830,0.9,1,False,,,,
831,0.9,1,False,,,,
832,0.7,3,False,,,,
833,0.6,4,False,,,,
834,0.6,4,False,,,,
835,0.6,4,False,,,,
836,0.7,3,False,,,,
837,0.6,4,False,,,,
838,0.4,6,True,0.19111111111111112,0.3333333333333333,0.10175559829607284,2.2516291673878226
839,0.1,9,True,0.24259259259259258,0.2222222222222222,0.024385036849164488,2.2810361125534238
840,0.1,9,True,0.22037037037037036,0.2222222222222222,0.030429649809874948,2.5032583347756456
841,0.0,10,True,0.24000000000000002,0.2,0.02602396837087928,2.9219280948873623
842,0.0,10,True,0.30666666666666664,0.4,0.10167108723147944,2.5219280948873624
843,0.0,10,True,0.29629629629629634,0.3,0.06502247023287666,2.1709505944546685
844,0.0,10,True,0.2414814814814815,0.3,0.0573192851827401,2.6464393446710153
845,0.0,10,True,0.28296296296296297,0.3,0.08279110672080625,2.3709505944546687
846,0.0,10,True,0.2474074074074074,0.3,0.06502247023287666,2.1709505944546685
847,0.0,10,True,0.23555555555555555,0.3,0.0573192851827401,2.6464393446710153
848,0.0,10,True,0.32296296296296295,0.5,0.15545875354128547,1.9609640474436814
849,0.0,10,True,0.2414814814814815,0.3,0.05731928518273999,2.6464393446710157
850,0.0,10,True,0.2533333333333333,0.4,0.08613531161467847,2.1219280948873624
851,0.0,10,True,0.35851851851851857,0.4,0.07678032766449228,1.8464393446710154
852,0.0,10,True,0.5066666666666666,0.9,0.5310044064107188,0.4689955935892812
853,0.0,10,True,0.44,0.4,0.13903595255631884,1.7219280948873623
854,0.0,10,True,0.2814814814814815,0.5,0.11951797627815941,1.7609640474436812
855,0.0,10,True,0.3940740740740741,0.4,0.13903595255631884,1.7219280948873623
856,0.0,10,True,0.45481481481481484,0.7,0.27015330083790245,1.1567796494470395
857,0.0,10,True,0.41777777777777775,0.5,0.14132728892674484,1.3609640474436813
858,0.0,10,True,0.2533333333333333,0.3,0.0573192851827401,2.6464393446710153
859,0.0,10,True,0.3614814814814815,0.5,0.11951797627815941,1.7609640474436812
860,0.0,10,True,0.4444444444444444,0.7,0.27015330083790245,1.1567796494470395
861,0.0,10,True,0.29185185185185186,0.5,0.16402499191349473,2.1609640474436813
862,0.1,9,True,0.2925925925925926,0.5555555555555556,0.16402499191349473,1.8799649487271108
863,0.0,10,True,0.3792592592592593,0.4,0.07678032766449228,1.8464393446710154
864,0.0,10,True,0.3022222222222222,0.3,0.06502247023287666,2.1709505944546685
865,0.0,10,True,0.2548148148148148,0.3,0.0573192851827401,2.6464393446710153
866,0.0,10,True,0.40296296296296297,0.4,0.03977028213923883,1.5219280948873621
867,0.0,10,True,0.48000000000000004,0.9,0.5310044064107188,0.4689955935892812
868,0.0,10,True,0.4651851851851852,0.8,0.41832813428211324,0.9219280948873623
869,0.0,10,True,0.32,0.5,0.16402499191349473,2.1609640474436813
870,0.0,10,True,1.0,1.0,1.0,0.0
871,0.0,10,True,0.4666666666666667,0.8,0.41832813428211324,0.9219280948873623
872,0.0,10,True,0.38666666666666666,0.6,0.21452470277266567,1.5709505944546687
873,0.0,10,True,0.28296296296296297,0.3,0.05358807178498537,2.4464393446710155
874,0.0,10,True,0.7333333333333333,1.0,1.0,0.0
875,0.0,10,True,0.41777777777777775,0.7,0.32161017527648017,1.3567796494470397
876,0.0,10,True,0.22222222222222224,0.2,0.015141338212453448,3.121928094887362
877,0.0,10,True,0.4014814814814815,0.5,0.1572623513863327,1.6854752972273346
878,0.0,10,True,0.33185185185185184,0.6,0.23729309346223382,1.7709505944546688
879,0.0,10,True,0.31555555555555553,0.3,0.08279110672080625,2.3709505944546687
880,0.0,10,True,0.20888888888888887,0.2,0.015141338212453337,3.1219280948873624
881,0.0,10,True,0.5333333333333333,1.0,1.0,0.0
882,0.0,10,True,0.44296296296296295,0.8,0.41832813428211324,0.9219280948873623
883,0.0,10,True,0.33185185185185184,0.5,0.15545875354128547,1.9609640474436814
884,0.0,10,True,0.2977777777777778,0.4,0.08613531161467869,2.121928094887362
885,0.0,10,True,0.5066666666666666,0.9,0.5310044064107188,0.4689955935892812
886,0.0,10,True,0.36000000000000004,0.4,0.13903595255631884,1.7219280948873623
887,0.0,10,True,0.40888888888888886,0.6,0.1826545778534897,1.295461844238322
888,0.0,10,True,0.5866666666666667,0.9,0.5310044064107188,0.4689955935892812
889,0.0,10,True,0.5185185185185185,0.8,0.41832813428211324,0.9219280948873623
890,0.0,10,True,0.4074074074074074,0.6,0.21452470277266567,1.5709505944546687
891,0.0,10,True,0.3214814814814815,0.3,0.06502247023287666,2.1709505944546685
892,0.0,10,True,0.35407407407407404,0.5,0.1572623513863327,1.6854752972273346
893,0.0,10,True,0.3777777777777778,0.6,0.1826545778534897,1.295461844238322
894,0.0,10,True,0.6666666666666666,1.0,1.0,0.0
895,0.0,10,True,0.7466666666666666,0.9,0.5310044064107188,0.4689955935892812
896,0.0,10,True,0.5333333333333333,0.9,0.5310044064107188,0.4689955935892812
897,0.0,10,True,0.4533333333333333,0.8,0.41832813428211324,0.9219280948873623
898,0.0,10,True,0.24592592592592594,0.2,0.03042964980987506,2.721928094887362
899,0.0,10,True,0.49777777777777776,0.6,0.02904940554533142,0.9709505944546686
900,0.0,10,True,0.42370370370370375,0.7,0.32161017527648017,1.3567796494470397
901,0.0,10,True,0.28,0.4,0.10175559829607284,2.321928094887362
902,0.0,10,True,0.34074074074074073,0.4,0.08613531161467869,2.121928094887362
903,0.0,10,True,0.4148148148148148,0.7,0.32161017527648017,1.3567796494470397
904,0.0,10,True,0.2948148148148148,0.4,0.08613531161467847,2.1219280948873624
905,0.0,10,True,0.2325925925925926,0.3,0.0573192851827401,2.6464393446710153
906,0.0,10,True,0.31851851851851853,0.5,0.15545875354128547,1.9609640474436814
907,0.0,10,True,0.36000000000000004,0.5,0.15545875354128547,1.9609640474436814
908,0.0,10,True,0.4014814814814815,0.5,0.15726235138633282,1.6854752972273344
909,0.9,1,False,,,,
910,0.9,1,False,,,,
911,0.9,1,False,,,,
912,0.9,1,False,,,,
913,0.9,1,False,,,,
914,0.9,1,False,,,,
915,0.9,1,False,,,,
916,0.9,1,False,,,,
917,0.9,1,False,,,,
918,0.9,1,False,,,,
919,0.9,1,False,,,,
920,0.9,1,False,,,,
921,0.9,1,False,,,,
922,0.9,1,False,,,,
923,0.9,1,False,,,,
924,0.9,1,False,,,,
925,0.9,1,False,,,,
926,0.9,1,False,,,,
927,0.9,1,False,,,,
928,0.9,1,False,,,,
929,0.9,1,False,,,,
930,0.9,1,False,,,,
931,0.9,1,False,,,,
932,0.9,1,False,,,,
933,0.9,1,False,,,,
934,0.9,1,False,,,,
935,0.9,1,False,,,,
936,0.9,1,False,,,,
937,0.9,1,False,,,,
938,0.9,1,False,,,,
939,0.9,1,False,,,,
940,0.9,1,False,,,,
941,0.9,1,False,,,,
942,0.9,1,False,,,,
943,0.9,1,False,,,,
944,0.9,1,False,,,,
945,0.9,1,False,,,,
946,0.9,1,False,,,,
947,0.9,1,False,,,,
948,0.9,1,False,,,,
949,0.9,1,False,,,,
950,0.9,1,False,,,,
951,0.9,1,False,,,,
952,0.9,1,False,,,,
953,0.9,1,False,,,,
954,0.9,1,False,,,,
955,0.9,1,False,,,,
956,0.9,1,False,,,,
957,0.9,1,False,,,,
958,0.9,1,False,,,,
959,0.8,2,False,,,,
960,0.0,10,True,0.40444444444444444,0.6,0.23729309346223382,1.7709505944546688
961,0.0,10,True,0.2711111111111111,0.3,0.0573192851827401,2.6464393446710153
962,0.0,10,True,0.3288888888888889,0.5,0.15726235138633282,1.6854752972273344
963,0.0,10,True,0.4488888888888889,0.7,0.27015330083790245,1.1567796494470395
964,0.0,10,True,0.49333333333333335,0.8,0.41832813428211324,0.9219280948873623
965,0.0,10,True,0.32,0.6,0.23729309346223382,1.7709505944546688
966,0.0,10,True,0.3925925925925926,0.4,0.07678032766449228,1.8464393446710154
967,0.0,10,True,0.5125925925925926,0.8,0.41832813428211324,0.9219280948873623
968,0.0,10,True,0.4592592592592593,0.8,0.41832813428211324,0.9219280948873623
969,0.0,10,True,0.43407407407407406,0.8,0.41832813428211324,0.9219280948873623
970,0.8,2,False,,,,
971,0.0,10,True,0.37481481481481477,0.6,0.23729309346223382,1.7709505944546688
972,0.0,10,True,0.4444444444444444,0.8,0.41832813428211324,0.9219280948873623
973,0.0,10,True,0.40296296296296297,0.6,0.21452470277266567,1.5709505944546687
974,0.0,10,True,0.43555555555555553,0.8,0.41832813428211324,0.9219280948873623
975,0.0,10,True,0.4533333333333333,0.5,0.14132728892674484,1.3609640474436813
976,0.0,10,True,0.39555555555555555,0.7,0.27015330083790245,1.1567796494470395
977,0.0,10,True,0.34074074074074073,0.6,0.23729309346223382,1.7709505944546688
978,0.0,10,True,0.5377777777777778,0.7,0.1187091007693073,0.8812908992306927
979,0.0,10,True,0.7333333333333333,1.0,1.0,0.0
980,0.0,10,True,0.6266666666666667,0.9,0.5310044064107188,0.4689955935892812
981,0.0,10,True,0.4533333333333333,0.9,0.5310044064107188,0.4689955935892812
982,0.1,9,True,0.4166666666666667,0.7777777777777778,0.32161017527648017,0.9864267287308424
983,0.0,10,True,0.3022222222222222,0.5,0.15545875354128547,1.9609640474436814
984,0.0,10,True,0.27851851851851855,0.3,0.08279110672080625,2.3709505944546687
985,0.0,10,True,0.4918518518518519,0.8,0.41832813428211324,0.9219280948873623
986,0.1,9,True,0.24629629629629632,0.3333333333333333,0.0573192851827401,2.4193819456463714
987,0.0,10,True,0.32592592592592595,0.5,0.16402499191349473,2.1609640474436813
988,0.0,10,True,0.3733333333333333,0.4,0.08613531161467869,2.121928094887362
989,0.0,10,True,0.5066666666666666,0.7,0.1187091007693073,0.8812908992306927
990,0.0,10,True,0.45185185185185184,0.7,0.27015330083790245,1.1567796494470395
991,0.0,10,True,0.5733333333333334,0.9,0.5310044064107188,0.4689955935892812
992,0.0,10,True,0.48888888888888893,0.5,0.0,1.0
993,0.0,10,True,0.2651851851851852,0.2,0.03042964980987506,2.721928094887362
994,0.0,10,True,0.477037037037037,0.7,0.27015330083790245,1.1567796494470395
995,0.0,10,True,0.4711111111111111,0.7,0.1187091007693073,0.8812908992306927
996,0.0,10,True,0.4874074074074074,0.7,0.32161017527648017,1.3567796494470397
997,0.0,10,True,0.37037037037037035,0.4,0.11864654673111685,2.0464393446710156
998,0.0,10,True,0.5866666666666667,0.9,0.5310044064107188,0.4689955935892812
999,0.0,10,True,0.39111111111111113,0.6,0.21452470277266567,1.5709505944546687
1000,0.0,10,True,0.3377777777777778,0.5,0.15545875354128547,1.9609640474436814
1001,0.0,10,True,0.2814814814814815,0.3,0.06502247023287666,2.1709505944546685
1002,0.0,10,True,0.4562962962962963,0.8,0.41832813428211324,0.9219280948873623
1003,0.0,10,True,0.5096296296296295,0.8,0.2780719051126377,0.7219280948873623
1004,0.0,10,True,0.3081481481481481,0.5,0.11951797627815941,1.7609640474436812
1005,0.0,10,True,0.5096296296296295,0.8,0.41832813428211324,0.9219280948873623
1006,0.0,10,True,0.6148148148148148,0.8,0.41832813428211324,0.9219280948873623
1007,0.0,10,True,0.48592592592592593,0.8,0.41832813428211324,0.9219280948873623
1008,0.9,1,False,,,,
1009,0.0,10,True,0.41777777777777775,0.7,0.32161017527648017,1.3567796494470397
1010,0.0,10,True,0.39851851851851855,0.7,0.32161017527648017,1.3567796494470397
1011,0.0,10,True,0.3511111111111111,0.7,0.32161017527648017,1.3567796494470397
1012,0.0,10,True,0.46222222222222226,0.6,0.02904940554533142,0.9709505944546686
1013,0.0,10,True,0.6370370370370371,0.8,0.2780719051126377,0.7219280948873623
1014,0.0,10,True,0.6,0.9,0.5310044064107188,0.4689955935892812
1015,0.0,10,True,0.43555555555555553,0.7,0.27015330083790245,1.1567796494470395
1016,0.0,10,True,0.3422222222222222,0.4,0.11864654673111685,2.0464393446710156
1017,0.0,10,True,0.4444444444444444,0.6,0.1826545778534897,1.295461844238322
1018,0.0,10,True,0.4148148148148148,0.7,0.27015330083790245,1.1567796494470395
1019,0.0,10,True,0.6133333333333333,0.9,0.5310044064107188,0.4689955935892812
1020,0.0,10,True,0.4577777777777778,0.7,0.32161017527648017,1.3567796494470397
1021,0.0,10,True,0.38814814814814813,0.5,0.1572623513863327,1.6854752972273346
1022,0.0,10,True,0.43555555555555553,0.6,0.21452470277266567,1.5709505944546687
1023,0.0,10,True,0.39851851851851855,0.7,0.32161017527648017,1.3567796494470397
1024,0.0,10,True,0.4,0.8,0.41832813428211324,0.9219280948873623
1025,0.0,10,True,0.47259259259259256,0.8,0.41832813428211324,0.9219280948873623
1026,0.0,10,True,0.4666666666666667,0.8,0.41832813428211324,0.9219280948873623
1027,0.0,10,True,0.43555555555555553,0.7,0.27015330083790245,1.1567796494470395
1028,0.0,10,True,0.4874074074074074,0.8,0.2780719051126377,0.7219280948873623
1029,0.0,10,True,0.49333333333333335,0.9,0.5310044064107188,0.4689955935892812
1030,0.0,10,True,0.36444444444444446,0.6,0.23729309346223382,1.7709505944546688
1031,0.0,10,True,0.49333333333333335,0.9,0.5310044064107188,0.4689955935892812
1032,0.0,10,True,0.4488888888888889,0.8,0.41832813428211324,0.9219280948873623
1033,0.0,10,True,0.41777777777777775,0.8,0.41832813428211324,0.9219280948873623
1034,0.0,10,True,0.6,1.0,1.0,0.0
1035,0.0,10,True,0.41777777777777775,0.8,0.41832813428211324,0.9219280948873623
1036,0.0,10,True,0.5496296296296296,0.8,0.41832813428211324,0.9219280948873623
1037,0.0,10,True,0.6,1.0,1.0,0.0
1038,0.0,10,True,0.6933333333333334,0.9,0.5310044064107188,0.4689955935892812
1039,0.0,10,True,0.6,1.0,1.0,0.0
1040,0.0,10,True,0.44,0.7,0.1187091007693073,0.8812908992306927
1041,0.0,10,True,0.6,1.0,1.0,0.0
1042,0.0,10,True,0.44296296296296295,0.8,0.41832813428211324,0.9219280948873623
1043,0.0,10,True,0.3555555555555555,0.7,0.32161017527648017,1.3567796494470397
1044,0.0,10,True,0.42814814814814817,0.8,0.41832813428211324,0.9219280948873623
1045,0.0,10,True,0.5274074074074074,0.8,0.2780719051126377,0.7219280948873623
1046,0.0,10,True,0.48592592592592593,0.8,0.41832813428211324,0.9219280948873623
1047,0.0,10,True,0.48592592592592593,0.8,0.2780719051126377,0.7219280948873623
1048,0.0,10,True,0.47407407407407404,0.8,0.41832813428211324,0.9219280948873623
1049,0.0,10,True,0.5466666666666666,0.9,0.5310044064107188,0.4689955935892812
1050,0.0,10,True,0.3733333333333333,0.7,0.32161017527648017,1.3567796494470397
1051,0.0,10,True,0.48000000000000004,0.9,0.5310044064107188,0.4689955935892812
1052,0.0,10,True,0.45481481481481484,0.8,0.41832813428211324,0.9219280948873623
1053,0.0,10,True,0.42370370370370375,0.5,0.1572623513863327,1.6854752972273346
1054,0.0,10,True,0.4533333333333333,0.9,0.5310044064107188,0.4689955935892812
1055,0.0,10,True,0.44592592592592595,0.8,0.41832813428211324,0.9219280948873623
1056,0.0,10,True,0.3511111111111111,0.7,0.32161017527648017,1.3567796494470397
1057,0.0,10,True,0.2533333333333333,0.3,0.032511235116438386,2.2464393446710154
1058,0.0,10,True,0.44,0.7,0.1187091007693073,0.8812908992306927
1059,0.0,10,True,0.37037037037037035,0.7,0.32161017527648017,1.3567796494470397
1060,0.9,1,False,,,,
1061,0.9,1,False,,,,
1062,0.9,1,False,,,,
1063,0.9,1,False,,,,
1064,0.9,1,False,,,,
1065,0.9,1,False,,,,
1066,0.9,1,False,,,,
1067,0.9,1,False,,,,
1068,0.9,1,False,,,,
1069,0.9,1,False,,,,
1070,0.9,1,False,,,,
1071,0.9,1,False,,,,
1072,0.9,1,False,,,,
1073,0.9,1,False,,,,
1074,0.9,1,False,,,,
1075,0.9,1,False,,,,
1076,0.9,1,False,,,,
1077,0.9,1,False,,,,
1078,0.9,1,False,,,,
1079,0.9,1,False,,,,
1080,0.9,1,False,,,,
1081,0.9,1,False,,,,
1082,0.9,1,False,,,,
1083,0.9,1,False,,,,
1084,0.9,1,False,,,,
1085,0.9,1,False,,,,
1086,0.9,1,False,,,,
1087,0.9,1,False,,,,
1088,0.9,1,False,,,,
1089,0.9,1,False,,,,
1090,0.9,1,False,,,,
1091,0.9,1,False,,,,
1092,0.9,1,False,,,,
1093,0.9,1,False,,,,
1094,0.9,1,False,,,,
1095,0.9,1,False,,,,
1096,0.9,1,False,,,,
1097,0.9,1,False,,,,
1098,0.9,1,False,,,,
1099,0.9,1,False,,,,
1100,0.9,1,False,,,,
1101,0.9,1,False,,,,
1102,0.9,1,False,,,,
1103,0.9,1,False,,,,
1104,0.9,1,False,,,,
1105,0.9,1,False,,,,
1106,0.9,1,False,,,,
1107,0.9,1,False,,,,
1108,0.9,1,False,,,,
1109,0.9,1,False,,,,
1110,0.9,1,False,,,,
1111,0.9,1,False,,,,
1112,0.9,1,False,,,,
1113,0.9,1,False,,,,
1114,0.9,1,False,,,,
1115,0.9,1,False,,,,
1116,0.9,1,False,,,,
1117,0.9,1,False,,,,
1118,0.9,1,False,,,,
1119,0.9,1,False,,,,
1120,0.9,1,False,,,,
1121,0.9,1,False,,,,
1122,0.9,1,False,,,,
1123,0.9,1,False,,,,
1124,0.9,1,False,,,,
1125,0.9,1,False,,,,
1126,0.9,1,False,,,,
1127,0.9,1,False,,,,
1128,0.9,1,False,,,,
1129,0.9,1,False,,,,
1130,0.9,1,False,,,,
1131,0.9,1,False,,,,
1132,0.9,1,False,,,,
1133,0.9,1,False,,,,
1134,0.9,1,False,,,,
1135,0.9,1,False,,,,
1136,0.9,1,False,,,,
1137,0.9,1,False,,,,
1138,0.9,1,False,,,,
1139,0.9,1,False,,,,
1140,0.9,1,False,,,,
1141,0.9,1,False,,,,
1142,0.9,1,False,,,,
1143,0.9,1,False,,,,
1144,0.9,1,False,,,,
1145,0.9,1,False,,,,
1146,0.9,1,False,,,,
1147,0.9,1,False,,,,
1148,0.9,1,False,,,,
1149,0.9,1,False,,,,
1150,0.9,1,False,,,,
1151,0.9,1,False,,,,
1152,0.9,1,False,,,,
1153,0.0,10,True,0.2637037037037037,0.4,0.08613531161467847,2.1219280948873624
1154,0.0,10,True,0.39851851851851855,0.5,0.1572623513863327,1.6854752972273346
1155,0.0,10,True,0.2637037037037037,0.5,0.15545875354128547,1.9609640474436814
1156,0.0,10,True,0.47851851851851845,0.7,0.27015330083790245,1.1567796494470395
1157,0.0,10,True,0.4148148148148148,0.7,0.32161017527648017,1.3567796494470397
1158,0.0,10,True,0.44,0.7,0.1187091007693073,0.8812908992306927
1159,0.0,10,True,0.3614814814814815,0.6,0.21452470277266567,1.5709505944546687
1160,0.0,10,True,0.5066666666666666,0.7,0.1187091007693073,0.8812908992306927
1161,0.0,10,True,0.6,1.0,1.0,0.0
1162,0.0,10,True,0.38222222222222224,0.5,0.15545875354128547,1.9609640474436814
1163,0.0,10,True,0.46222222222222226,0.6,0.1826545778534897,1.295461844238322
1164,0.0,10,True,0.4325925925925926,0.8,0.41832813428211324,0.9219280948873623
1165,0.0,10,True,0.6,1.0,1.0,0.0
1166,0.0,10,True,0.3851851851851852,0.6,0.23729309346223382,1.7709505944546688
1167,0.0,10,True,0.25037037037037035,0.3,0.05358807178498537,2.4464393446710155
1168,0.0,10,True,0.56,0.9,0.5310044064107188,0.4689955935892812
1169,0.0,10,True,0.23407407407407407,0.2,0.02602396837087928,2.9219280948873623
1170,0.0,10,True,0.3125925925925926,0.5,0.16402499191349473,2.1609640474436813
1171,0.1,9,True,0.3555555555555555,0.4444444444444444,0.10175559829607284,2.058813890331201
1172,0.1,9,True,0.40185185185185185,0.6666666666666666,0.23729309346223382,1.4466166676282082
1173,0.9,1,False,,,,
1174,0.1,9,True,0.40925925925925927,0.7777777777777778,0.32161017527648017,0.9864267287308424
1175,0.1,9,True,0.3962962962962963,0.7777777777777778,0.32161017527648017,0.9864267287308424
1176,0.1,9,True,0.3,0.4444444444444444,0.10167108723147944,2.2810361125534233
1177,0.0,10,True,0.4014814814814815,0.5,0.1572623513863327,1.6854752972273346
1178,0.0,10,True,0.5066666666666666,0.7,0.1187091007693073,0.8812908992306927
1179,0.0,10,True,0.4014814814814815,0.6,0.21452470277266567,1.5709505944546687
1180,0.0,10,True,0.46222222222222226,0.6,0.1826545778534897,1.295461844238322
1181,0.0,10,True,0.2607407407407407,0.4,0.10175559829607272,2.3219280948873626
1182,0.0,10,True,0.5333333333333333,1.0,1.0,0.0
1183,0.0,10,True,0.3614814814814815,0.6,0.21452470277266567,1.5709505944546687
1184,0.0,10,True,0.2874074074074074,0.4,0.10175559829607284,2.321928094887362
1185,0.0,10,True,0.4533333333333333,0.7,0.32161017527648017,1.3567796494470397
1186,0.0,10,True,0.4325925925925926,0.8,0.2780719051126377,0.7219280948873623
1187,0.0,10,True,0.274074074074074,0.2,0.024385036849164488,2.5219280948873624
1188,0.0,10,True,0.43555555555555553,0.7,0.32161017527648017,1.3567796494470397
1189,0.0,10,True,0.38074074074074077,0.6,0.13502647928207268,1.3709505944546687
1190,0.0,10,True,0.3511111111111111,0.6,0.23729309346223382,1.7709505944546688
1191,0.0,10,True,0.5466666666666666,0.9,0.5310044064107188,0.4689955935892812
1192,0.0,10,True,0.4266666666666667,0.6,0.1826545778534897,1.295461844238322
1193,0.0,10,True,0.3022222222222222,0.4,0.11864654673111685,2.0464393446710156
1194,0.0,10,True,0.4014814814814815,0.4,0.13903595255631884,1.7219280948873623
1195,0.0,10,True,0.4577777777777778,0.8,0.2780719051126377,0.7219280948873623
1196,0.0,10,True,0.47259259259259256,0.7,0.27015330083790245,1.1567796494470395
1197,0.0,10,True,0.36592592592592593,0.4,0.11864654673111685,2.0464393446710156
1198,0.0,10,True,0.29185185185185186,0.3,0.05731928518273999,2.6464393446710157
1199,0.0,10,True,0.47259259259259256,0.8,0.41832813428211324,0.9219280948873623
1200,0.0,10,True,0.4533333333333333,0.6,0.1826545778534897,1.295461844238322
1201,0.0,10,True,0.3437037037037037,0.4,0.13903595255631884,1.7219280948873623
1202,0.0,10,True,0.27851851851851855,0.5,0.16402499191349473,2.1609640474436813
1203,0.0,10,True,0.38074074074074077,0.4,0.13903595255631884,1.7219280948873623
1204,0.0,10,True,0.6666666666666666,1.0,1.0,0.0
1205,0.0,10,True,0.4162962962962963,0.7,0.32161017527648017,1.3567796494470397
1206,0.0,10,True,0.40888888888888886,0.6,0.02904940554533142,0.9709505944546686
1207,0.0,10,True,0.4755555555555555,0.7,0.27015330083790245,1.1567796494470395
1208,0.0,10,True,0.6666666666666666,1.0,1.0,0.0
1209,0.0,10,True,0.52,0.9,0.5310044064107188,0.4689955935892812
1210,0.0,10,True,0.6533333333333334,0.9,0.5310044064107188,0.4689955935892812
1211,0.0,10,True,0.6,1.0,1.0,0.0
1212,0.0,10,True,0.7333333333333333,1.0,1.0,0.0
1213,0.0,10,True,0.6,1.0,1.0,0.0
1214,0.0,10,True,0.6666666666666666,1.0,1.0,0.0
1215,0.0,10,True,0.2992592592592593,0.4,0.08613531161467869,2.121928094887362
1216,0.0,10,True,0.26814814814814814,0.5,0.16402499191349473,2.1609640474436813
1217,0.0,10,True,0.5185185185185185,0.8,0.41832813428211324,0.9219280948873623
1218,0.0,10,True,0.46222222222222226,0.6,0.1826545778534897,1.295461844238322
1219,0.0,10,True,0.5333333333333333,1.0,1.0,0.0
1220,0.0,10,True,0.6,1.0,1.0,0.0
1221,0.0,10,True,0.30518518518518517,0.5,0.16402499191349473,2.1609640474436813
1222,0.0,10,True,0.3511111111111111,0.7,0.32161017527648017,1.3567796494470397
1223,0.0,10,True,0.8666666666666667,1.0,1.0,0.0
1224,0.0,10,True,0.4755555555555555,0.7,0.27015330083790245,1.1567796494470395
1225,0.0,10,True,0.2533333333333333,0.3,0.05731928518273999,2.6464393446710157
1226,0.0,10,True,0.5333333333333333,0.9,0.5310044064107188,0.4689955935892812
1227,0.0,10,True,0.4711111111111111,0.7,0.1187091007693073,0.8812908992306927
1228,0.0,10,True,0.6666666666666666,1.0,1.0,0.0
1229,0.0,10,True,0.2755555555555556,0.3,0.08279110672080625,2.3709505944546687
1230,0.0,10,True,1.0,1.0,1.0,0.0
1231,0.0,10,True,0.5037037037037037,0.8,0.2780719051126377,0.7219280948873623
1232,0.0,10,True,0.29037037037037033,0.3,0.0573192851827401,2.6464393446710153
1233,0.0,10,True,0.2651851851851852,0.3,0.05731928518273999,2.6464393446710157
1234,0.0,10,True,0.49925925925925924,0.5,0.14132728892674484,1.3609640474436813
1235,0.0,10,True,0.31703703703703706,0.4,0.03977028213923883,1.5219280948873621
1236,0.0,10,True,0.3614814814814815,0.4,0.08613531161467847,2.1219280948873624
1237,0.0,10,True,0.23703703703703702,0.3,0.0573192851827401,2.6464393446710153
1238,0.0,10,True,0.6666666666666666,1.0,1.0,0.0
1239,0.0,10,True,0.44296296296296295,0.8,0.41832813428211324,0.9219280948873623
1240,0.0,10,True,0.32296296296296295,0.4,0.10175559829607272,2.3219280948873626
1241,0.0,10,True,0.5733333333333334,0.9,0.5310044064107188,0.4689955935892812
1242,0.0,10,True,0.4533333333333333,0.9,0.5310044064107188,0.4689955935892812
1243,0.0,10,True,0.7333333333333333,1.0,1.0,0.0
1244,0.0,10,True,0.5333333333333333,1.0,1.0,0.0
1245,0.0,10,True,0.56,0.9,0.5310044064107188,0.4689955935892812
1246,0.0,10,True,0.7333333333333333,1.0,1.0,0.0
1247,0.0,10,True,0.45481481481481484,0.5,0.06276943678387037,1.4854752972273344
1248,0.0,10,True,0.6666666666666666,1.0,1.0,0.0
1249,0.0,10,True,1.0,1.0,1.0,0.0
1250,0.0,10,True,0.47259259259259256,0.8,0.41832813428211324,0.9219280948873623
1251,0.0,10,True,0.5066666666666666,0.9,0.5310044064107188,0.4689955935892812
1252,0.0,10,True,0.49925925925925924,0.7,0.32161017527648017,1.3567796494470397
1253,0.0,10,True,0.6666666666666666,1.0,1.0,0.0
1254,0.0,10,True,0.49333333333333335,0.9,0.5310044064107188,0.4689955935892812
1255,0.0,10,True,0.30666666666666664,0.6,0.21452470277266567,1.5709505944546687
1256,0.0,10,True,0.40888888888888886,0.7,0.32161017527648017,1.3567796494470397
1257,0.0,10,True,0.3777777777777778,0.5,0.1572623513863327,1.6854752972273346
1258,0.0,10,True,0.48000000000000004,0.9,0.5310044064107188,0.4689955935892812
1259,0.0,10,True,0.6,1.0,1.0,0.0
1260,0.0,10,True,0.2577777777777778,0.5,0.15545875354128547,1.9609640474436814
1261,0.0,10,True,0.3244444444444445,0.4,0.11864654673111685,2.0464393446710156
1262,0.0,10,True,0.6133333333333333,0.8,0.41832813428211324,0.9219280948873623
1263,0.0,10,True,0.4577777777777778,0.7,0.27015330083790245,1.1567796494470395
1264,0.0,10,True,0.2755555555555556,0.4,0.10167108723147944,2.5219280948873624
1265,0.0,10,True,0.3718518518518518,0.6,0.21452470277266567,1.5709505944546687
1266,0.0,10,True,0.5333333333333333,1.0,1.0,0.0
1267,0.0,10,True,0.24888888888888888,0.3,0.06502247023287666,2.1709505944546685
1268,0.0,10,True,0.31851851851851853,0.5,0.15545875354128547,1.9609640474436811
1269,0.0,10,True,0.48000000000000004,0.9,0.5310044064107188,0.4689955935892812
1270,0.0,10,True,0.6370370370370371,0.8,0.2780719051126377,0.7219280948873623
1271,0.0,10,True,0.27259259259259255,0.5,0.15726235138633282,1.6854752972273344
1272,0.0,10,True,0.2696296296296296,0.3,0.0573192851827401,2.6464393446710153
1273,0.0,10,True,0.2992592592592593,0.3,0.08279110672080625,2.3709505944546687
1274,0.0,10,True,0.40296296296296297,0.7,0.32161017527648017,1.3567796494470397
1275,0.0,10,True,0.2977777777777778,0.5,0.15545875354128547,1.9609640474436814
1276,0.0,10,True,0.2548148148148148,0.3,0.05358807178498548,2.446439344671015
1277,0.0,10,True,0.23111111111111113,0.3,0.05731928518273999,2.6464393446710157
1278,0.0,10,True,0.37481481481481477,0.7,0.32161017527648017,1.3567796494470397
1279,0.0,10,True,0.5066666666666666,0.9,0.5310044064107188,0.4689955935892812
1280,0.0,10,True,0.40888888888888886,0.7,0.32161017527648017,1.3567796494470397
1281,0.0,10,True,0.44,0.9,0.5310044064107188,0.4689955935892812
1282,0.0,10,True,0.6666666666666666,1.0,1.0,0.0
1283,0.0,10,True,0.482962962962963,0.8,0.41832813428211324,0.9219280948873623
1284,0.0,10,True,0.40888888888888886,0.5,0.14132728892674484,1.3609640474436813
1285,0.0,10,True,0.48888888888888893,0.5,0.0,1.0
1286,0.0,10,True,0.6666666666666666,1.0,1.0,0.0
1287,0.0,10,True,0.5333333333333333,0.9,0.5310044064107188,0.4689955935892812
1288,0.0,10,True,0.551111111111111,0.8,0.41832813428211324,0.9219280948873623
1289,0.0,10,True,0.6,1.0,1.0,0.0
1290,0.0,10,True,0.4592592592592593,0.7,0.32161017527648017,1.3567796494470397
1291,0.0,10,True,0.482962962962963,0.8,0.41832813428211324,0.9219280948873623
1292,0.0,10,True,0.3570370370370371,0.4,0.03977028213923883,1.5219280948873621
1293,0.0,10,True,0.6,1.0,1.0,0.0
1294,0.0,10,True,0.4192592592592593,0.7,0.32161017527648017,1.3567796494470397
1295,0.9,1,False,,,,
1296,0.0,10,True,0.3925925925925926,0.8,0.41832813428211324,0.9219280948873623
1297,0.0,10,True,0.6666666666666666,1.0,1.0,0.0
1298,0.0,10,True,0.4385185185185185,0.8,0.41832813428211324,0.9219280948873623
1299,0.0,10,True,0.5022222222222222,0.6,0.02904940554533142,0.9709505944546686
1300,0.0,10,True,0.31407407407407406,0.3,0.05358807178498548,2.446439344671015
1301,0.0,10,True,0.4059259259259259,0.5,0.1572623513863327,1.6854752972273346
1302,0.0,10,True,0.397037037037037,0.7,0.27015330083790245,1.1567796494470395
1303,0.0,10,True,0.38666666666666666,0.6,0.1826545778534897,1.295461844238322
1304,0.0,10,True,0.52,0.9,0.5310044064107188,0.4689955935892812
1305,0.0,10,True,0.24000000000000002,0.3,0.05731928518273999,2.6464393446710157
1306,0.0,10,True,0.44592592592592595,0.8,0.41832813428211324,0.9219280948873623
1307,0.0,10,True,0.4962962962962963,0.5,0.0,1.0
1308,0.0,10,True,0.4059259259259259,0.7,0.32161017527648017,1.3567796494470397
1309,0.0,10,True,0.49333333333333335,0.9,0.5310044064107188,0.4689955935892812
1310,0.0,10,True,0.4014814814814815,0.7,0.32161017527648017,1.3567796494470397
1311,0.0,10,True,0.22074074074074074,0.4,0.10175559829607284,2.321928094887362
1312,0.0,10,True,0.24444444444444444,0.3,0.0573192851827401,2.6464393446710153
1313,0.0,10,True,0.45481481481481484,0.7,0.27015330083790245,1.1567796494470395
1314,0.0,10,True,0.31407407407407406,0.6,0.23729309346223382,1.7709505944546688
1315,0.9,1,False,,,,
1316,0.9,1,False,,,,
1317,0.9,1,False,,,,
1318,0.3,7,True,0.3714285714285714,0.7142857142857143,0.15726235138633282,1.1488348542809166
1319,0.3,7,True,0.326984126984127,0.42857142857142855,0.06502247023287666,1.8423709931771084
1320,0.0,10,True,0.3111111111111111,0.4,0.10175559829607284,2.321928094887362
1321,0.0,10,True,0.2074074074074074,0.2,0.02602396837087939,2.921928094887362
1322,0.0,10,True,0.30666666666666664,0.3,0.08279110672080625,2.3709505944546687
1323,0.0,10,True,0.4251851851851852,0.6,0.21452470277266567,1.5709505944546687
1324,0.0,10,True,0.5066666666666666,0.9,0.5310044064107188,0.4689955935892812
1325,0.0,10,True,0.36444444444444446,0.6,0.23729309346223382,1.7709505944546688
1326,0.0,10,True,0.32296296296296295,0.5,0.15545875354128547,1.9609640474436814
1327,0.0,10,True,0.3674074074074074,0.5,0.11951797627815941,1.7609640474436812
1328,0.0,10,True,0.6133333333333333,0.9,0.5310044064107188,0.4689955935892812
1329,0.0,10,True,0.5244444444444445,0.7,0.32161017527648017,1.3567796494470397
1330,0.0,10,True,0.34074074074074073,0.7,0.32161017527648017,1.3567796494470397
1331,0.0,10,True,0.20888888888888887,0.2,0.024385036849164488,2.5219280948873624
1332,0.0,10,True,0.482962962962963,0.8,0.41832813428211324,0.9219280948873623
1333,0.0,10,True,0.6266666666666667,0.9,0.5310044064107188,0.4689955935892812
1334,0.0,10,True,0.4325925925925926,0.5,0.1572623513863327,1.6854752972273346
1335,0.0,10,True,0.5333333333333333,1.0,1.0,0.0
1336,0.0,10,True,0.4755555555555555,0.7,0.27015330083790245,1.1567796494470395
1337,0.0,10,True,0.49777777777777776,0.7,0.32161017527648017,1.3567796494470397
1338,0.0,10,True,0.40444444444444444,0.7,0.27015330083790245,1.1567796494470395
1339,0.0,10,True,0.3496296296296296,0.7,0.32161017527648017,1.3567796494470397
1340,0.0,10,True,0.44,0.6,0.21452470277266567,1.5709505944546687
1341,0.0,10,True,0.4607407407407408,0.8,0.41832813428211324,0.9219280948873623
1342,0.0,10,True,0.2651851851851852,0.4,0.08613531161467847,2.1219280948873624
1343,0.0,10,True,0.482962962962963,0.8,0.41832813428211324,0.9219280948873623
1344,0.0,10,True,0.41037037037037033,0.8,0.41832813428211324,0.9219280948873623
1345,0.0,10,True,0.3555555555555555,0.6,0.13502647928207268,1.3709505944546687
1346,0.0,10,True,0.4666666666666667,0.9,0.5310044064107188,0.4689955935892812
1347,0.0,10,True,0.4666666666666667,0.9,0.5310044064107188,0.4689955935892812
1348,0.0,10,True,0.39111111111111113,0.6,0.1826545778534897,1.295461844238322
1349,0.0,10,True,0.41777777777777775,0.8,0.41832813428211324,0.9219280948873623
1350,0.0,10,True,0.5866666666666667,0.9,0.5310044064107188,0.4689955935892812
1351,0.0,10,True,0.49333333333333335,0.9,0.5310044064107188,0.4689955935892812
1352,0.0,10,True,0.4533333333333333,0.8,0.41832813428211324,0.9219280948873623
1353,0.0,10,True,0.28,0.3,0.06502247023287666,2.1709505944546685
1354,0.0,10,True,0.3674074074074074,0.6,0.23729309346223382,1.7709505944546688
1355,0.0,10,True,0.46222222222222226,0.8,0.2780719051126377,0.7219280948873623
1356,0.0,10,True,0.4755555555555555,0.8,0.41832813428211324,0.9219280948873623
1357,0.0,10,True,0.24444444444444444,0.2,0.02602396837087928,2.9219280948873623
1358,0.0,10,True,0.21333333333333335,0.2,0.024385036849164488,2.5219280948873624
1359,0.0,10,True,0.27259259259259255,0.3,0.05358807178498537,2.4464393446710155
1360,0.0,10,True,0.2696296296296296,0.3,0.032511235116438386,2.2464393446710154
1361,0.0,10,True,0.30074074074074075,0.3,0.0573192851827401,2.6464393446710153
1362,0.2,8,True,0.25,0.375,0.0573192851827401,2.4056390622295662
1363,0.9,1,False,,,,
1364,0.9,1,False,,,,
1365,0.9,1,False,,,,
1366,0.9,1,False,,,,
1367,0.6,4,False,,,,
1368,0.1,9,True,0.28888888888888886,0.3333333333333333,0.0573192851827401,2.4193819456463714
1369,0.1,9,True,0.22407407407407406,0.2222222222222222,0.015141338212453448,2.94770277922009
1370,0.1,9,True,0.21296296296296297,0.2222222222222222,0.02602396837087928,2.725480556997868
1371,0.1,9,True,0.29629629629629634,0.4444444444444444,0.11864654673111685,1.7527152789797045
1372,0.1,9,True,0.45370370370370366,0.7777777777777778,0.32161017527648017,0.9864267287308424
1373,0.1,9,True,0.3685185185185185,0.6666666666666666,0.23729309346223382,1.4466166676282082
1374,0.1,9,True,0.4574074074074074,0.7777777777777778,0.32161017527648017,0.9864267287308424
1375,0.0,10,True,0.33629629629629626,0.6,0.23729309346223382,1.7709505944546688
1376,0.0,10,True,0.36000000000000004,0.7,0.32161017527648017,1.3567796494470397
1377,0.0,10,True,0.2814814814814815,0.4,0.10175559829607284,2.321928094887362
1378,0.0,10,True,0.4118518518518518,0.7,0.32161017527648017,1.3567796494470397
1379,0.0,10,True,0.24444444444444444,0.3,0.0573192851827401,2.6464393446710153
1380,0.0,10,True,0.26666666666666666,0.4,0.08613531161467847,2.1219280948873624
1381,0.0,10,True,0.4755555555555555,0.8,0.41832813428211324,0.9219280948873623
1382,0.0,10,True,0.36592592592592593,0.6,0.13502647928207268,1.3709505944546687
1383,0.0,10,True,0.5185185185185185,0.8,0.41832813428211324,0.9219280948873623
1384,0.0,10,True,0.3925925925925926,0.6,0.21452470277266567,1.5709505944546687
1385,0.9,1,False,,,,
1386,0.9,1,False,,,,
1387,0.9,1,False,,,,
1388,0.9,1,False,,,,
1389,0.9,1,False,,,,
1390,0.9,1,False,,,,
1391,0.0,10,True,0.41777777777777775,0.6,0.13502647928207268,1.3709505944546687
1392,0.0,10,True,0.4014814814814815,0.6,0.21452470277266567,1.5709505944546687
1393,0.0,10,True,0.48000000000000004,0.8,0.41832813428211324,0.9219280948873623
1394,0.0,10,True,0.5066666666666666,0.9,0.5310044064107188,0.4689955935892812
1395,0.0,10,True,0.35259259259259257,0.7,0.32161017527648017,1.3567796494470397
1396,0.0,10,True,0.28444444444444444,0.5,0.15545875354128547,1.9609640474436814
1397,0.0,10,True,0.5214814814814815,0.8,0.2780719051126377,0.7219280948873623
1398,0.0,10,True,0.44592592592592595,0.7,0.32161017527648017,1.3567796494470397
1399,0.0,10,True,0.34074074074074073,0.7,0.27015330083790245,1.1567796494470395
1400,0.0,10,True,0.49333333333333335,0.9,0.5310044064107188,0.4689955935892812
1401,0.0,10,True,0.40444444444444444,0.8,0.41832813428211324,0.9219280948873623
1402,0.0,10,True,0.4266666666666667,0.7,0.32161017527648017,1.3567796494470397
1403,0.0,10,True,0.4266666666666667,0.9,0.5310044064107188,0.4689955935892812
1404,0.0,10,True,0.5614814814814815,0.8,0.41832813428211324,0.9219280948873623
1405,0.0,10,True,0.3837037037037037,0.7,0.32161017527648017,1.3567796494470397
1406,0.0,10,True,0.56,0.8,0.41832813428211324,0.9219280948873623
1407,0.0,10,True,0.3422222222222222,0.4,0.13903595255631884,1.7219280948873623
1408,0.0,10,True,0.3718518518518518,0.6,0.21452470277266567,1.5709505944546687
1409,0.0,10,True,0.6799999999999999,0.9,0.5310044064107188,0.4689955935892812
1410,0.0,10,True,0.3925925925925926,0.8,0.41832813428211324,0.9219280948873623
1411,0.0,10,True,0.45481481481481484,0.8,0.41832813428211324,0.9219280948873623
1412,0.0,10,True,0.6666666666666666,1.0,1.0,0.0
1413,0.0,10,True,0.4074074074074074,0.7,0.32161017527648017,1.3567796494470397
1414,0.0,10,True,0.4074074074074074,0.7,0.27015330083790245,1.1567796494470395
1415,0.9,1,False,,,,
1416,0.9,1,False,,,,
1417,0.9,1,False,,,,
1418,0.9,1,False,,,,
1419,0.9,1,False,,,,
1420,0.9,1,False,,,,
1421,0.9,1,False,,,,
1422,0.9,1,False,,,,
1423,0.9,1,False,,,,
1424,0.9,1,False,,,,
1425,0.9,1,False,,,,
1426,0.9,1,False,,,,
1427,0.9,1,False,,,,
1428,0.9,1,False,,,,
1429,0.9,1,False,,,,
1430,0.9,1,False,,,,
1431,0.9,1,False,,,,
1432,0.9,1,False,,,,
1433,0.9,1,False,,,,
1434,0.9,1,False,,,,
1435,0.9,1,False,,,,
1436,0.0,10,True,0.31407407407407406,0.4,0.13903595255631884,1.7219280948873623
1437,0.0,10,True,0.5022222222222222,0.6,0.02904940554533142,0.9709505944546686
1438,0.0,10,True,0.27259259259259255,0.4,0.08613531161467869,2.121928094887362
1439,0.9,1,False,,,,
1440,0.0,10,True,0.4325925925925926,0.7,0.32161017527648017,1.3567796494470397
1441,0.0,10,True,0.2948148148148148,0.3,0.05358807178498537,2.4464393446710155
1442,0.0,10,True,0.43555555555555553,0.7,0.27015330083790245,1.1567796494470395
1443,0.0,10,True,0.362962962962963,0.3,0.06502247023287666,2.1709505944546685
1444,0.0,10,True,0.48444444444444446,0.7,0.27015330083790245,1.1567796494470395
1445,0.0,10,True,0.5866666666666667,0.9,0.5310044064107188,0.4689955935892812
1446,0.0,10,True,1.0,1.0,1.0,0.0
1447,0.0,10,True,0.437037037037037,0.7,0.32161017527648017,1.3567796494470397
1448,0.0,10,True,0.5911111111111111,0.8,0.41832813428211324,0.9219280948873623
1449,0.0,10,True,0.5037037037037037,0.8,0.2780719051126377,0.7219280948873623
1450,0.0,10,True,0.362962962962963,0.6,0.21452470277266567,1.5709505944546687
1451,0.0,10,True,0.4533333333333333,0.6,0.21452470277266567,1.5709505944546687
1452,0.0,10,True,0.44,0.7,0.27015330083790245,1.1567796494470395
1453,0.0,10,True,0.49333333333333335,0.9,0.5310044064107188,0.4689955935892812
1454,0.0,10,True,0.5066666666666666,0.9,0.5310044064107188,0.4689955935892812
1455,0.0,10,True,0.40444444444444444,0.7,0.32161017527648017,1.3567796494470397
1456,0.0,10,True,0.4755555555555555,0.6,0.1826545778534897,1.295461844238322
1457,0.0,10,True,0.37037037037037035,0.6,0.21452470277266567,1.5709505944546687
1458,0.0,10,True,0.32296296296296295,0.6,0.21452470277266567,1.5709505944546687
1459,0.1,9,True,0.3,0.4444444444444444,0.11864654673111685,1.7527152789797047
1460,0.1,9,True,0.2388888888888889,0.2222222222222222,0.02602396837087928,2.725480556997868
1461,0.1,9,True,0.362962962962963,0.6666666666666666,0.23729309346223382,1.4466166676282082
1462,0.1,9,True,0.38333333333333336,0.6666666666666666,0.23729309346223382,1.4466166676282082
1463,0.8,2,False,,,,
1464,0.8,2,False,,,,
1465,0.8,2,False,,,,
1466,0.8,2,False,,,,
1467,0.8,2,False,,,,
1468,0.9,1,False,,,,
1469,0.9,1,False,,,,
1470,0.9,1,False,,,,
1471,0.9,1,False,,,,
1472,0.9,1,False,,,,
1473,0.9,1,False,,,,
1474,0.9,1,False,,,,
1475,0.9,1,False,,,,
1476,0.9,1,False,,,,
1477,0.9,1,False,,,,
1478,0.9,1,False,,,,
1479,0.9,1,False,,,,
1480,0.9,1,False,,,,
1481,0.9,1,False,,,,
1482,0.9,1,False,,,,
1483,0.9,1,False,,,,
1484,0.9,1,False,,,,
1485,0.9,1,False,,,,
1486,0.9,1,False,,,,
1487,0.9,1,False,,,,
1488,0.9,1,False,,,,
1489,0.9,1,False,,,,
1490,0.9,1,False,,,,
1491,0.9,1,False,,,,
1492,0.9,1,False,,,,
1493,0.9,1,False,,,,
1494,0.9,1,False,,,,
1495,0.9,1,False,,,,
1496,0.9,1,False,,,,
1497,0.9,1,False,,,,
1498,0.9,1,False,,,,
1499,0.9,1,False,,,,
1500,0.9,1,False,,,,
1501,0.9,1,False,,,,
1502,0.9,1,False,,,,
1503,0.9,1,False,,,,
1504,0.9,1,False,,,,
1505,0.9,1,False,,,,
1506,0.9,1,False,,,,
1507,0.9,1,False,,,,
1508,0.9,1,False,,,,
1509,0.9,1,False,,,,
1510,0.9,1,False,,,,
1511,0.9,1,False,,,,
1512,0.9,1,False,,,,
1513,0.9,1,False,,,,
1514,0.9,1,False,,,,
1515,0.8,2,False,,,,
1516,0.8,2,False,,,,
1517,0.8,2,False,,,,
1518,0.8,2,False,,,,
1519,0.8,2,False,,,,
1520,0.8,2,False,,,,
1521,0.1,9,True,0.22407407407407406,0.2222222222222222,0.015141338212453448,2.94770277922009
1522,0.0,10,True,0.4666666666666667,0.9,0.5310044064107188,0.4689955935892812
1523,0.0,10,True,0.45037037037037037,0.7,0.27015330083790245,1.1567796494470395
1524,0.0,10,True,0.40888888888888886,0.5,0.15726235138633282,1.6854752972273344
1525,0.0,10,True,0.30666666666666664,0.3,0.05358807178498537,2.4464393446710155
1526,0.0,10,True,0.39111111111111113,0.7,0.32161017527648017,1.3567796494470397
1527,0.0,10,True,0.5333333333333333,0.9,0.5310044064107188,0.4689955935892812
1528,0.0,10,True,0.4488888888888889,0.6,0.02904940554533142,0.9709505944546686
1529,0.0,10,True,0.2770370370370371,0.3,0.05358807178498537,2.4464393446710155
1530,0.0,10,True,0.5333333333333333,1.0,1.0,0.0
1531,0.0,10,True,0.482962962962963,0.7,0.27015330083790245,1.1567796494470395
1532,0.0,10,True,0.46222222222222226,0.7,0.32161017527648017,1.3567796494470397
1533,0.0,10,True,0.4711111111111111,0.7,0.1187091007693073,0.8812908992306927
1534,0.0,10,True,0.5022222222222222,0.7,0.1187091007693073,0.8812908992306927
1535,0.0,10,True,0.33037037037037037,0.6,0.21452470277266567,1.5709505944546687
1536,0.0,10,True,0.3837037037037037,0.5,0.1572623513863327,1.6854752972273346
1537,0.0,10,True,0.36444444444444446,0.5,0.06276943678387037,1.4854752972273344
1538,0.0,10,True,0.49777777777777776,0.6,0.02904940554533142,0.9709505944546686
1539,0.0,10,True,0.38222222222222224,0.4,0.13903595255631884,1.7219280948873623
1540,0.0,10,True,0.47259259259259256,0.8,0.41832813428211324,0.9219280948873623
1541,0.0,10,True,0.39111111111111113,0.6,0.1826545778534897,1.295461844238322
1542,0.0,10,True,0.39555555555555555,0.7,0.32161017527648017,1.3567796494470397
1543,0.1,9,True,0.32407407407407407,0.5555555555555556,0.15545875354128547,1.6577427265048887
1544,0.0,10,True,0.5866666666666667,0.9,0.5310044064107188,0.4689955935892812
1545,0.0,10,True,0.3214814814814815,0.6,0.23729309346223382,1.7709505944546688
1546,0.0,10,True,0.3377777777777778,0.6,0.23729309346223382,1.7709505944546688
1547,0.0,10,True,0.4918518518518519,0.8,0.2780719051126377,0.7219280948873623
1548,0.0,10,True,0.40888888888888886,0.5,0.06276943678387037,1.4854752972273344
1549,0.0,10,True,0.47851851851851845,0.8,0.2780719051126377,0.7219280948873623
1550,0.0,10,True,0.48592592592592593,0.8,0.41832813428211324,0.9219280948873623
1551,0.0,10,True,0.26814814814814814,0.4,0.08613531161467847,2.1219280948873624
1552,0.0,10,True,0.23703703703703702,0.4,0.10175559829607284,2.321928094887362
1553,0.0,10,True,0.24444444444444444,0.3,0.0573192851827401,2.6464393446710153
1554,0.0,10,True,0.4014814814814815,0.5,0.15726235138633282,1.6854752972273344
1555,0.0,10,True,0.6,1.0,1.0,0.0
1556,0.0,10,True,0.20296296296296296,0.3,0.05118688510966152,2.8464393446710154
1557,0.5,5,True,0.23333333333333334,0.4,0.15545875354128547,1.9219280948873623
1558,0.1,9,True,0.2111111111111111,0.4444444444444444,0.10175559829607284,2.0588138903312014
1559,0.0,10,True,0.40444444444444444,0.6,0.13502647928207268,1.3709505944546687
1560,0.0,10,True,0.3274074074074074,0.5,0.11951797627815941,1.7609640474436812
1561,0.0,10,True,0.4162962962962963,0.6,0.21452470277266567,1.5709505944546687
1562,0.0,10,True,0.45037037037037037,0.7,0.32161017527648017,1.3567796494470397
1563,0.0,10,True,0.2325925925925926,0.2,0.0243850368491646,2.521928094887362
1564,0.0,10,True,0.4533333333333333,0.7,0.32161017527648017,1.3567796494470397
1565,0.0,10,True,0.24592592592592594,0.4,0.08613531161467847,2.1219280948873624
1566,0.0,10,True,0.3125925925925926,0.4,0.10175559829607284,2.321928094887362
1567,0.0,10,True,0.23703703703703702,0.3,0.05118688510966152,2.8464393446710154
1568,0.0,10,True,0.4266666666666667,0.5,0.1572623513863327,1.6854752972273346
1569,0.0,10,True,0.551111111111111,0.8,0.41832813428211324,0.9219280948873623
1570,0.0,10,True,0.49333333333333335,0.6,0.02904940554533142,0.9709505944546686
1571,0.0,10,True,0.23111111111111113,0.3,0.05118688510966163,2.846439344671015
1572,0.0,10,True,0.4,0.7,0.32161017527648017,1.3567796494470397
1573,0.0,10,True,0.5066666666666666,0.9,0.5310044064107188,0.4689955935892812
1574,0.0,10,True,0.5066666666666666,0.9,0.5310044064107188,0.4689955935892812
1575,0.0,10,True,0.4162962962962963,0.8,0.41832813428211324,0.9219280948873623
1576,0.0,10,True,0.4814814814814815,0.7,0.32161017527648017,1.3567796494470397
1577,0.0,10,True,0.4266666666666667,0.6,0.1826545778534897,1.295461844238322
1578,0.0,10,True,0.4118518518518518,0.7,0.32161017527648017,1.3567796494470397
1579,0.0,10,True,0.21925925925925924,0.2,0.030429649809874948,2.7219280948873625
1580,0.0,10,True,0.2874074074074074,0.5,0.16402499191349473,2.1609640474436813
1581,0.0,10,True,0.4251851851851852,0.7,0.27015330083790245,1.1567796494470395
1582,0.0,10,True,0.6133333333333333,0.9,0.5310044064107188,0.4689955935892812
1583,0.0,10,True,0.2607407407407407,0.4,0.10175559829607284,2.321928094887362
1584,0.0,10,True,0.5066666666666666,0.9,0.5310044064107188,0.4689955935892812
1585,0.0,10,True,0.44296296296296295,0.8,0.41832813428211324,0.9219280948873623
1586,0.0,10,True,0.23111111111111113,0.2,0.02602396837087928,2.9219280948873623
1587,0.0,10,True,0.56,0.9,0.5310044064107188,0.4689955935892812
1588,0.0,10,True,0.47259259259259256,0.5,0.14132728892674484,1.3609640474436813
1589,0.0,10,True,0.24296296296296296,0.3,0.05118688510966152,2.8464393446710154
1590,0.0,10,True,0.36592592592592593,0.6,0.21452470277266567,1.5709505944546687
1591,0.0,10,True,0.5866666666666667,0.9,0.5310044064107188,0.4689955935892812
1592,0.0,10,True,0.21481481481481482,0.2,0.03042964980987506,2.721928094887362
1593,0.0,10,True,0.41777777777777775,0.7,0.32161017527648017,1.3567796494470397
1594,0.0,10,True,0.5066666666666666,0.9,0.5310044064107188,0.4689955935892812
1595,0.0,10,True,0.4266666666666667,0.4,0.03977028213923883,1.5219280948873621
1596,0.0,10,True,0.2711111111111111,0.4,0.10175559829607284,2.321928094887362
1597,0.0,10,True,0.47259259259259256,0.7,0.32161017527648017,1.3567796494470397
1598,0.0,10,True,0.4533333333333333,0.9,0.5310044064107188,0.4689955935892812
1599,0.0,10,True,0.4414814814814815,0.7,0.27015330083790245,1.1567796494470395
1600,0.0,10,True,0.22222222222222224,0.3,0.0573192851827401,2.6464393446710153
1601,0.0,10,True,0.49333333333333335,0.8,0.41832813428211324,0.9219280948873623
1602,0.0,10,True,0.48888888888888893,0.8,0.41832813428211324,0.9219280948873623
1603,0.0,10,True,0.30666666666666664,0.6,0.23729309346223382,1.7709505944546688
1604,0.0,10,True,0.4696296296296296,0.6,0.21452470277266567,1.5709505944546687
1605,0.0,10,True,0.522962962962963,0.8,0.2780719051126377,0.7219280948873623
1606,0.0,10,True,0.42962962962962964,0.5,0.1572623513863327,1.6854752972273346
1607,0.0,10,True,0.49333333333333335,0.9,0.5310044064107188,0.4689955935892812
1608,0.0,10,True,0.41333333333333333,0.6,0.21452470277266567,1.5709505944546687
1609,0.0,10,True,0.2948148148148148,0.4,0.11864654673111685,2.0464393446710156
1610,0.0,10,True,0.6266666666666667,0.9,0.5310044064107188,0.4689955935892812
1611,0.0,10,True,0.4711111111111111,0.8,0.41832813428211324,0.9219280948873623
1612,0.0,10,True,0.3466666666666667,0.6,0.23729309346223382,1.7709505944546688
1613,0.0,10,True,0.3111111111111111,0.4,0.10175559829607284,2.321928094887362
1614,0.0,10,True,0.5466666666666666,0.9,0.5310044064107188,0.4689955935892812
1615,0.0,10,True,0.32,0.5,0.15726235138633282,1.6854752972273344
1616,0.0,10,True,0.46370370370370373,0.7,0.32161017527648017,1.3567796494470397
1617,0.0,10,True,0.2562962962962963,0.4,0.10167108723147944,2.5219280948873624
1618,0.0,10,True,0.4666666666666667,0.5,0.14132728892674484,1.3609640474436813
1619,0.0,10,True,0.4414814814814815,0.8,0.2780719051126377,0.7219280948873623
1620,0.0,10,True,0.35407407407407404,0.5,0.15545875354128547,1.9609640474436814
1621,0.0,10,True,0.2755555555555556,0.3,0.014524702772665599,1.9709505944546688
1622,0.0,10,True,0.4666666666666667,0.9,0.5310044064107188,0.4689955935892812
1623,0.0,10,True,0.45037037037037037,0.7,0.32161017527648017,1.3567796494470397
1624,0.0,10,True,0.24592592592592594,0.2,0.02602396837087928,2.9219280948873623
1625,0.0,10,True,0.2237037037037037,0.2,0.03042964980987506,2.721928094887362
1626,0.0,10,True,0.4222222222222223,0.4,0.008840528567781392,1.5709505944546684
1627,0.0,10,True,0.2770370370370371,0.2,0.02602396837087928,2.9219280948873623
1628,0.0,10,True,0.2518518518518518,0.3,0.05118688510966152,2.8464393446710154
1629,0.0,10,True,0.3792592592592593,0.5,0.15545875354128547,1.9609640474436814
1630,0.0,10,True,0.3614814814814815,0.4,0.07678032766449228,1.8464393446710154
1631,0.0,10,True,0.2814814814814815,0.5,0.16402499191349473,2.1609640474436813
1632,0.0,10,True,0.3422222222222222,0.6,0.23729309346223382,1.7709505944546688
1633,0.0,10,True,0.5022222222222222,0.7,0.32161017527648017,1.3567796494470397
1634,0.0,10,True,0.2237037037037037,0.3,0.0573192851827401,2.6464393446710153
1635,0.0,10,True,0.44,0.5,0.14132728892674484,1.3609640474436813
1636,0.0,10,True,0.2474074074074074,0.2,0.015141338212453448,3.121928094887362
1637,0.0,10,True,0.4755555555555555,0.6,0.1826545778534897,1.295461844238322
1638,0.0,10,True,0.4325925925925926,0.7,0.32161017527648017,1.3567796494470397
1639,0.0,10,True,0.5066666666666666,0.9,0.5310044064107188,0.4689955935892812
1640,0.0,10,True,0.39851851851851855,0.5,0.15545875354128547,1.9609640474436814
1641,0.0,10,True,0.29037037037037033,0.3,0.06502247023287666,2.1709505944546685
1642,0.0,10,True,0.5318518518518519,0.7,0.27015330083790245,1.1567796494470395
1643,0.0,10,True,0.37629629629629624,0.6,0.21452470277266567,1.5709505944546687
1644,0.0,10,True,0.41333333333333333,0.7,0.32161017527648017,1.3567796494470397
1645,0.0,10,True,0.3674074074074074,0.6,0.21452470277266567,1.5709505944546687
1646,0.0,10,True,0.40296296296296297,0.4,0.07678032766449228,1.8464393446710154
1647,0.0,10,True,0.2696296296296296,0.5,0.16402499191349473,2.1609640474436813
1648,0.0,10,True,0.21333333333333335,0.3,0.05358807178498537,2.4464393446710155
1649,0.0,10,True,0.44296296296296295,0.8,0.41832813428211324,0.9219280948873623
1650,0.0,10,True,0.40888888888888886,0.6,0.23729309346223382,1.7709505944546688
1651,0.0,10,True,0.27259259259259255,0.3,0.05731928518273999,2.6464393446710157
1652,0.0,10,True,0.40444444444444444,0.7,0.32161017527648017,1.3567796494470397
1653,0.0,10,True,0.2562962962962963,0.3,0.05358807178498537,2.4464393446710155
1654,0.1,9,True,0.22777777777777777,0.2222222222222222,0.02602396837087928,2.725480556997868
1655,0.0,10,True,0.30962962962962964,0.5,0.15545875354128547,1.9609640474436814
1656,0.0,10,True,0.2874074074074074,0.6,0.21452470277266567,1.5709505944546687
1657,0.0,10,True,0.2533333333333333,0.2,0.03042964980987506,2.721928094887362
1658,0.0,10,True,0.3022222222222222,0.4,0.10175559829607284,2.321928094887362
1659,0.0,10,True,0.3125925925925926,0.5,0.11951797627815941,1.7609640474436812
1660,0.0,10,True,0.2948148148148148,0.4,0.11864654673111685,2.0464393446710156
1661,0.0,10,True,0.24296296296296296,0.2,0.02602396837087928,2.9219280948873623
1662,0.1,9,True,0.31851851851851853,0.5555555555555556,0.15545875354128547,1.6577427265048887
1663,0.1,9,True,0.3611111111111111,0.6666666666666666,0.23729309346223382,1.4466166676282082
1664,0.8,2,False,,,,
1665,0.0,10,True,0.3511111111111111,0.6,0.23729309346223382,1.7709505944546688
1666,0.0,10,True,0.30074074074074075,0.5,0.16402499191349473,2.1609640474436813
1667,0.0,10,True,0.26814814814814814,0.3,0.05358807178498537,2.4464393446710155
1668,0.0,10,True,0.4385185185185185,0.6,0.13502647928207268,1.3709505944546687
1669,0.0,10,True,0.2977777777777778,0.4,0.10175559829607284,2.321928094887362
1670,0.0,10,True,0.6133333333333333,0.9,0.5310044064107188,0.4689955935892812
1671,0.0,10,True,0.29037037037037033,0.3,0.0573192851827401,2.6464393446710153
1672,0.0,10,True,0.26814814814814814,0.4,0.10167108723147944,2.5219280948873624
1673,0.0,10,True,0.3777777777777778,0.6,0.1826545778534897,1.295461844238322
1674,0.0,10,True,0.29185185185185186,0.3,0.05731928518273999,2.6464393446710157
1675,0.0,10,True,0.3451851851851852,0.5,0.15545875354128547,1.9609640474436814
1676,0.0,10,True,0.3733333333333333,0.4,0.039035952556318865,1.9219280948873623
1677,0.0,10,True,0.3837037037037037,0.6,0.21452470277266567,1.5709505944546687
1678,0.0,10,True,0.2814814814814815,0.2,0.030429649809874948,2.7219280948873625
1679,0.0,10,True,0.38222222222222224,0.5,0.14132728892674484,1.3609640474436813
1680,0.0,10,True,0.33925925925925926,0.4,0.10175559829607272,2.3219280948873626
1681,0.1,9,True,0.32037037037037036,0.4444444444444444,0.10167108723147944,2.2810361125534233
1682,0.1,9,True,0.2574074074074074,0.2222222222222222,0.03042964980987506,2.5032583347756456
1683,0.1,9,True,0.5203703703703704,0.5555555555555556,0.1572623513863327,1.3516441151533922
1684,0.6,4,False,,,,
1685,0.7,3,False,,,,
1686,0.7,3,False,,,,
1687,0.3,7,True,0.2285714285714286,0.42857142857142855,0.08279110672080625,2.128085278891394
1688,0.3,7,True,0.30158730158730157,0.42857142857142855,0.06502247023287666,1.8423709931771088
1689,0.1,9,True,0.24259259259259258,0.3333333333333333,0.05731928518273999,2.4193819456463714
1690,0.0,10,True,0.27851851851851855,0.3,0.06502247023287666,2.1709505944546685
1691,0.0,10,True,0.42370370370370375,0.6,0.21452470277266567,1.5709505944546687
1692,0.0,10,True,0.26666666666666666,0.3,0.032511235116438164,2.246439344671016
1693,0.0,10,True,0.26666666666666666,0.4,0.10175559829607284,2.321928094887362
1694,0.0,10,True,0.35851851851851857,0.5,0.11951797627815941,1.7609640474436812
1695,0.0,10,True,0.4266666666666667,0.7,0.32161017527648017,1.3567796494470397
1696,0.0,10,True,0.5125925925925926,0.7,0.27015330083790245,1.1567796494470395
1697,0.0,10,True,0.5022222222222222,0.6,0.02904940554533142,0.9709505944546686
1698,0.0,10,True,0.2977777777777778,0.4,0.08613531161467869,2.121928094887362
1699,0.0,10,True,0.4488888888888889,0.6,0.21452470277266567,1.5709505944546687
1700,0.0,10,True,0.33185185185185184,0.6,0.21452470277266567,1.5709505944546687
1701,0.0,10,True,0.3837037037037037,0.5,0.11951797627815941,1.7609640474436812
1702,0.0,10,True,0.2651851851851852,0.3,0.08279110672080625,2.3709505944546687
1703,0.0,10,True,0.2651851851851852,0.4,0.08613531161467847,2.1219280948873624
1704,0.0,10,True,0.26814814814814814,0.3,0.05358807178498537,2.4464393446710155
1705,0.0,10,True,0.39111111111111113,0.6,0.21452470277266567,1.5709505944546687
1706,0.0,10,True,0.48444444444444446,0.8,0.41832813428211324,0.9219280948873623
1707,0.0,10,True,0.41777777777777775,0.6,0.1826545778534897,1.295461844238322
1708,0.0,10,True,0.41333333333333333,0.4,0.07678032766449228,1.8464393446710154
1709,0.0,10,True,0.28296296296296297,0.4,0.10175559829607272,2.3219280948873626
1710,0.0,10,True,0.2,0.4,0.10175559829607272,2.3219280948873626
1711,0.0,10,True,0.37037037037037035,0.5,0.14132728892674484,1.3609640474436813
1712,0.0,10,True,0.39111111111111113,0.6,0.23729309346223382,1.7709505944546688
1713,0.0,10,True,0.31407407407407406,0.6,0.23729309346223382,1.7709505944546688
1714,0.0,10,True,0.3451851851851852,0.5,0.11951797627815941,1.7609640474436812
1715,0.0,10,True,0.4192592592592593,0.6,0.21452470277266567,1.5709505944546687
1716,0.0,10,True,0.4192592592592593,0.5,0.14132728892674484,1.3609640474436813
1717,0.0,10,True,0.4059259259259259,0.6,0.23729309346223382,1.7709505944546688
1718,0.0,10,True,0.2755555555555556,0.3,0.05358807178498548,2.446439344671015
1719,0.0,10,True,0.21777777777777776,0.3,0.05118688510966152,2.8464393446710154
1720,0.0,10,True,0.6237037037037036,0.7,0.27015330083790245,1.1567796494470395
1721,0.0,10,True,0.30518518518518517,0.3,0.05358807178498537,2.4464393446710155
1722,0.0,10,True,0.3792592592592593,0.6,0.21452470277266567,1.5709505944546687
1723,0.0,10,True,0.49925925925925924,0.5,0.06276943678387037,1.4854752972273344
1724,0.0,10,True,0.45185185185185184,0.7,0.32161017527648017,1.3567796494470397
1725,0.0,10,True,0.2814814814814815,0.5,0.15545875354128547,1.9609640474436814
1726,0.0,10,True,0.3733333333333333,0.5,0.1572623513863327,1.6854752972273346
1727,0.0,10,True,0.3111111111111111,0.4,0.10175559829607272,2.3219280948873626
1728,0.0,10,True,0.2325925925925926,0.2,0.02602396837087928,2.9219280948873623
1729,0.0,10,True,0.20148148148148148,0.3,0.0573192851827401,2.6464393446710153
1730,0.0,10,True,0.37481481481481477,0.4,0.07678032766449228,1.8464393446710154
1731,0.0,10,True,0.26814814814814814,0.3,0.05358807178498548,2.446439344671015
1732,0.0,10,True,0.26666666666666666,0.2,0.02602396837087928,2.9219280948873623
1733,0.0,10,True,0.21185185185185187,0.3,0.05118688510966152,2.8464393446710154
1734,0.0,10,True,0.2325925925925926,0.2,0.02602396837087928,2.9219280948873623
1735,0.6,4,False,,,,
1736,0.6,4,False,,,,
1737,0.7,3,False,,,,
1738,0.4,6,True,0.2,0.16666666666666666,0.10167108723147944,2.584962500721156
1739,0.1,9,True,0.18888888888888886,0.2222222222222222,0.015141338212453448,2.94770277922009
1740,0.1,9,True,0.2518518518518518,0.3333333333333333,0.05731928518273999,2.4193819456463714
1741,0.1,9,True,0.27037037037037037,0.2222222222222222,0.030429649809874948,2.503258334775646
1742,0.0,10,True,0.22962962962962966,0.3,0.0573192851827401,2.6464393446710153
1743,0.0,10,True,0.3022222222222222,0.4,0.11864654673111685,2.0464393446710156
1744,0.0,10,True,0.4666666666666667,0.7,0.27015330083790245,1.1567796494470395
1745,0.1,9,True,0.34074074074074073,0.3333333333333333,0.0573192851827401,2.4193819456463714
1746,0.1,9,True,0.3425925925925926,0.4444444444444444,0.10175559829607284,2.058813890331201
1747,0.1,9,True,0.32592592592592595,0.3333333333333333,0.05358807178498548,2.197159723424149
1748,0.1,9,True,0.3222222222222222,0.4444444444444444,0.10175559829607284,2.058813890331201
1749,0.1,9,True,0.22407407407407406,0.3333333333333333,0.0573192851827401,2.4193819456463714
1750,0.0,10,True,0.26814814814814814,0.4,0.10175559829607272,2.3219280948873626
1751,0.0,10,True,0.3348148148148148,0.4,0.07678032766449228,1.8464393446710154
1752,0.0,10,True,0.43555555555555553,0.6,0.21452470277266567,1.5709505944546687
1753,0.0,10,True,0.27259259259259255,0.3,0.0573192851827401,2.6464393446710153
1754,0.0,10,True,0.25925925925925924,0.3,0.08279110672080625,2.3709505944546687
1755,0.0,10,True,0.3837037037037037,0.5,0.15545875354128547,1.9609640474436814
1756,0.0,10,True,0.2948148148148148,0.3,0.05358807178498548,2.446439344671015
1757,0.0,10,True,0.3422222222222222,0.4,0.07678032766449228,1.8464393446710154
1758,0.0,10,True,0.20888888888888887,0.2,0.02602396837087928,2.9219280948873623
1759,0.0,10,True,0.46222222222222226,0.6,0.02904940554533142,0.9709505944546686
1760,0.0,10,True,0.2414814814814815,0.3,0.05118688510966152,2.8464393446710154
1761,0.0,10,True,0.762962962962963,0.8,0.41832813428211324,0.9219280948873623
1762,0.0,10,True,0.20592592592592593,0.3,0.0573192851827401,2.6464393446710153
1763,0.0,10,True,0.3037037037037037,0.5,0.15545875354128547,1.9609640474436814
1764,0.0,10,True,0.21481481481481482,0.2,0.015141338212453448,3.121928094887362
1765,0.0,10,True,0.20888888888888887,0.2,0.015141338212453448,3.121928094887362
1766,0.0,10,True,0.3851851851851852,0.6,0.21452470277266567,1.5709505944546687
1767,0.0,10,True,0.29185185185185186,0.4,0.08613531161467869,2.121928094887362
1768,0.0,10,True,0.38666666666666666,0.5,0.11951797627815941,1.7609640474436812
1769,0.0,10,True,0.22518518518518518,0.2,0.02602396837087928,2.9219280948873623
1770,0.3,7,True,0.18730158730158727,0.14285714285714285,0.05118688510966152,2.807354922057604
1771,0.3,7,True,0.3365079365079365,0.42857142857142855,0.06502247023287666,1.8423709931771084
1772,0.3,7,True,0.2571428571428572,0.42857142857142855,0.08279110672080625,2.1280852788913944
1773,0.3,7,True,0.2380952380952381,0.42857142857142855,0.08279110672080625,2.1280852788913944
1774,0.0,10,True,0.28,0.2,0.030429649809874948,2.7219280948873625
1775,0.0,10,True,0.2474074074074074,0.3,0.06502247023287666,2.1709505944546685
1776,0.4,6,True,0.18222222222222223,0.3333333333333333,0.10175559829607284,2.2516291673878226
1777,0.3,7,True,0.24126984126984127,0.2857142857142857,0.05731928518273999,2.5216406363433186
1778,0.9,1,False,,,,
1779,0.9,1,False,,,,
1780,0.9,1,False,,,,
1781,0.9,1,False,,,,
1782,0.2,8,True,0.2761904761904762,0.375,0.0573192851827401,2.4056390622295662
1783,0.0,10,True,0.2859259259259259,0.3,0.05358807178498537,2.4464393446710155
1784,0.0,10,True,0.3214814814814815,0.4,0.10175559829607284,2.321928094887362
1785,0.0,10,True,0.2518518518518518,0.3,0.0573192851827401,2.6464393446710153
1786,0.0,10,True,0.2874074074074074,0.3,0.05358807178498537,2.4464393446710155
1787,0.0,10,True,0.4577777777777778,0.7,0.27015330083790245,1.1567796494470395
1788,0.0,10,True,0.2696296296296296,0.4,0.10175559829607284,2.321928094887362
1789,0.0,10,True,0.28888888888888886,0.3,0.05358807178498548,2.446439344671015
1790,0.0,10,True,0.29185185185185186,0.4,0.07678032766449228,1.8464393446710154
1791,0.0,10,True,0.29629629629629634,0.5,0.11951797627815941,1.7609640474436812
1792,0.0,10,True,0.23555555555555555,0.3,0.0573192851827401,2.6464393446710153
1793,0.0,10,True,0.29629629629629634,0.3,0.0573192851827401,2.6464393446710153
1794,0.0,10,True,0.38074074074074077,0.4,0.07678032766449228,1.8464393446710154
1795,0.0,10,True,0.38666666666666666,0.4,0.08613531161467869,2.121928094887362
1796,0.0,10,True,0.2770370370370371,0.2,0.030429649809874948,2.7219280948873625
1797,0.0,10,True,0.2414814814814815,0.2,0.03042964980987506,2.721928094887362
1798,0.0,10,True,0.3466666666666667,0.5,0.15545875354128547,1.9609640474436814
1799,0.0,10,True,0.27259259259259255,0.4,0.10175559829607284,2.321928094887362
1800,0.0,10,True,0.2562962962962963,0.3,0.05118688510966152,2.8464393446710154
1801,0.0,10,True,0.3214814814814815,0.6,0.21452470277266567,1.5709505944546687
1802,0.0,10,True,0.3792592592592593,0.5,0.15545875354128547,1.9609640474436814
1803,0.0,10,True,0.2474074074074074,0.4,0.10167108723147944,2.5219280948873624
1804,0.9,1,False,,,,
1805,0.9,1,False,,,,
1806,0.9,1,False,,,,
1807,0.9,1,False,,,,
1808,0.9,1,False,,,,
1809,0.9,1,False,,,,
1810,0.9,1,False,,,,
1811,0.9,1,False,,,,
1812,0.9,1,False,,,,
1813,0.9,1,False,,,,
1814,0.9,1,False,,,,
1815,0.9,1,False,,,,
1816,0.9,1,False,,,,
1817,0.9,1,False,,,,
1818,0.9,1,False,,,,
1819,0.9,1,False,,,,
1820,0.9,1,False,,,,
1821,0.9,1,False,,,,
1822,0.9,1,False,,,,
1823,0.9,1,False,,,,
1824,0.9,1,False,,,,
1825,0.9,1,False,,,,
1826,0.9,1,False,,,,
1827,0.0,10,True,0.23851851851851852,0.2,0.02602396837087928,2.9219280948873623
1828,0.0,10,True,0.21185185185185187,0.3,0.0573192851827401,2.6464393446710153
1829,0.7,3,False,,,,
1830,0.7,3,False,,,,
1831,0.3,7,True,0.23174603174603176,0.2857142857142857,0.05358807178498548,2.2359263506290326
1832,0.2,8,True,0.21190476190476193,0.25,0.02602396837087928,2.75
1833,0.9,1,False,,,,
1834,0.9,1,False,,,,
1835,0.9,1,False,,,,
1836,0.9,1,False,,,,
1837,0.9,1,False,,,,
1838,0.9,1,False,,,,
1839,0.9,1,False,,,,
1840,0.9,1,False,,,,
1841,0.0,10,True,0.2770370370370371,0.4,0.10175559829607284,2.321928094887362
1842,0.0,10,True,0.25037037037037035,0.3,0.06502247023287666,2.1709505944546685
1843,0.0,10,True,0.29629629629629634,0.4,0.10175559829607284,2.321928094887362
1844,0.0,10,True,0.26666666666666666,0.4,0.10175559829607284,2.321928094887362
1845,0.0,10,True,0.49925925925925924,0.8,0.41832813428211324,0.9219280948873623
1846,0.0,10,True,0.31703703703703706,0.4,0.07678032766449228,1.8464393446710154
1847,0.0,10,True,0.38074074074074077,0.7,0.27015330083790245,1.1567796494470395
1848,0.0,10,True,0.42962962962962964,0.5,0.1572623513863327,1.6854752972273346
1849,0.0,10,True,0.2562962962962963,0.3,0.0573192851827401,2.6464393446710153
1850,0.1,9,True,0.28518518518518515,0.4444444444444444,0.10175559829607284,2.058813890331201
1851,0.1,9,True,0.5333333333333333,1.0,0.5310044064107188,0.0
1852,0.1,9,True,0.7185185185185186,0.8888888888888888,0.41832813428211324,0.5032583347756457
1853,0.1,9,True,0.548148148148148,0.8888888888888888,0.41832813428211324,0.5032583347756457
1854,0.1,9,True,0.4814814814814815,0.7777777777777778,0.27015330083790245,0.7642045065086203
1855,0.0,10,True,0.46370370370370373,0.7,0.27015330083790245,1.1567796494470395
1856,0.8,2,False,,,,
1857,0.8,2,False,,,,
1858,0.8,2,False,,,,
1859,0.8,2,False,,,,
1860,0.0,10,True,0.41333333333333333,0.4,0.13903595255631884,1.7219280948873623
1861,0.0,10,True,0.37481481481481477,0.4,0.08613531161467869,2.121928094887362
1862,0.0,10,True,0.56,0.9,0.5310044064107188,0.4689955935892812
1863,0.0,10,True,0.2474074074074074,0.3,0.05358807178498537,2.4464393446710155
1864,0.0,10,True,0.2548148148148148,0.2,0.03042964980987506,2.721928094887362
1865,0.0,10,True,0.45037037037037037,0.7,0.27015330083790245,1.1567796494470395
1866,0.0,10,True,0.3777777777777778,0.7,0.27015330083790245,1.1567796494470395
1867,0.0,10,True,0.3733333333333333,0.7,0.32161017527648017,1.3567796494470397
1868,0.0,10,True,0.2696296296296296,0.2,0.03042964980987506,2.721928094887362
1869,0.1,9,True,0.32592592592592595,0.3333333333333333,0.05358807178498548,2.197159723424149
1870,0.7,3,False,,,,
1871,0.5,5,True,0.29333333333333333,0.4,0.11951797627815941,1.5219280948873621
1872,0.0,10,True,0.25037037037037035,0.4,0.10175559829607284,2.321928094887362
1873,0.0,10,True,0.18518518518518517,0.2,0.015141338212453448,3.121928094887362
1874,0.0,10,True,0.40444444444444444,0.5,0.11951797627815941,1.7609640474436812
1875,0.0,10,True,0.2992592592592593,0.3,0.05358807178498537,2.4464393446710155
1876,0.0,10,True,0.2533333333333333,0.3,0.05731928518273999,2.6464393446710157
1877,0.0,10,True,0.5333333333333333,1.0,1.0,0.0
1878,0.0,10,True,0.3081481481481481,0.5,0.15545875354128547,1.9609640474436814
1879,0.0,10,True,0.4385185185185185,0.6,0.21452470277266567,1.5709505944546687
1880,0.0,10,True,0.24444444444444444,0.3,0.0573192851827401,2.6464393446710153
1881,0.0,10,True,0.36592592592592593,0.5,0.06276943678387037,1.4854752972273344
1882,0.0,10,True,0.36592592592592593,0.5,0.1572623513863327,1.6854752972273346
1883,0.0,10,True,0.2162962962962963,0.2,0.015141338212453448,3.121928094887362
1884,0.0,10,True,0.2074074074074074,0.3,0.05118688510966152,2.8464393446710154
1885,0.0,10,True,0.24444444444444444,0.3,0.0573192851827401,2.6464393446710153
1886,0.0,10,True,0.34814814814814815,0.6,0.21452470277266567,1.5709505944546687
1887,0.0,10,True,0.18666666666666665,0.2,0.02602396837087928,2.9219280948873623
1888,0.0,10,True,0.22666666666666666,0.2,0.02602396837087928,2.9219280948873623
1889,0.0,10,True,0.48000000000000004,0.9,0.5310044064107188,0.4689955935892812
1890,0.0,10,True,0.22666666666666666,0.2,0.03042964980987506,2.721928094887362
1891,0.1,9,True,0.22962962962962966,0.2222222222222222,0.015141338212453448,2.94770277922009
1892,0.1,9,True,0.5074074074074074,0.7777777777777778,0.27015330083790245,0.7642045065086203
1893,0.1,9,True,0.387037037037037,0.5555555555555556,0.15545875354128547,1.6577427265048887
1894,0.1,9,True,0.32592592592592595,0.5555555555555556,0.16402499191349473,1.8799649487271108
1895,0.1,9,True,0.2925925925925926,0.4444444444444444,0.10167108723147944,2.2810361125534233
1896,0.2,8,True,0.25952380952380955,0.25,0.030429649809874948,2.5
1897,0.1,9,True,0.48888888888888893,0.8888888888888888,0.41832813428211324,0.5032583347756457
1898,0.1,9,True,0.6666666666666666,1.0,0.5310044064107188,0.0
1899,0.1,9,True,0.21666666666666667,0.2222222222222222,0.02602396837087928,2.725480556997868
1900,0.1,9,True,0.21666666666666667,0.3333333333333333,0.0573192851827401,2.4193819456463714
1901,0.1,9,True,0.3037037037037037,0.3333333333333333,0.05358807178498537,2.197159723424149
1902,0.1,9,True,0.39814814814814814,0.3333333333333333,0.06502247023287666,1.8910611120726526
1903,0.1,9,True,0.3962962962962963,0.4444444444444444,0.13903595255631884,1.3921472236645345
1904,0.1,9,True,0.37592592592592594,0.5555555555555556,0.15545875354128547,1.6577427265048887
1905,0.1,9,True,0.32407407407407407,0.4444444444444444,0.10175559829607284,2.058813890331201
1906,0.7,3,False,,,,
1907,0.9,1,False,,,,
1908,0.9,1,False,,,,
1909,0.8,2,False,,,,
1910,1.0,0,False,,,,
1911,0.7,3,False,,,,
1912,0.7,3,False,,,,
1913,0.1,9,True,0.2685185185185185,0.2222222222222222,0.03042964980987506,2.5032583347756456
1914,0.1,9,True,0.6074074074074074,0.8888888888888888,0.41832813428211324,0.5032583347756457
1915,0.3,7,True,0.39682539682539686,0.42857142857142855,0.06502247023287666,1.8423709931771088
1916,0.1,9,True,0.27037037037037037,0.2222222222222222,0.02602396837087939,2.725480556997868
1917,0.1,9,True,0.2796296296296296,0.3333333333333333,0.05731928518273999,2.4193819456463714
1918,0.1,9,True,0.42962962962962964,0.6666666666666666,0.21452470277266567,1.224394445405986
1919,0.1,9,True,0.5333333333333333,1.0,0.5310044064107188,0.0
1920,0.1,9,True,0.5555555555555555,0.8888888888888888,0.41832813428211324,0.5032583347756457
1921,0.1,9,True,0.31851851851851853,0.5555555555555556,0.11951797627815941,1.4355205042826666
1922,0.1,9,True,0.43333333333333335,0.7777777777777778,0.32161017527648017,0.9864267287308424
1923,0.1,9,True,0.6962962962962963,0.8888888888888888,0.41832813428211324,0.5032583347756457
1924,0.0,10,True,0.5111111111111111,0.8,0.41832813428211324,0.9219280948873623
1925,0.0,10,True,0.36000000000000004,0.6,0.23729309346223382,1.7709505944546688
1926,0.9,1,False,,,,
1927,1.0,0,False,,,,
1928,1.0,0,False,,,,
1929,1.0,0,False,,,,
1930,1.0,0,False,,,,
1931,1.0,0,False,,,,
1932,1.0,0,False,,,,
1933,1.0,0,False,,,,
1934,1.0,0,False,,,,
1935,1.0,0,False,,,,
1936,1.0,0,False,,,,
1937,0.9,1,False,,,,
1938,0.9,1,False,,,,
1939,0.1,9,True,0.6,1.0,0.5310044064107188,0.0
1940,0.0,10,True,0.3718518518518518,0.6,0.23729309346223382,1.7709505944546688
1941,0.0,10,True,0.30666666666666664,0.4,0.13903595255631884,1.7219280948873623
1942,0.0,10,True,0.46222222222222226,0.8,0.2780719051126377,0.7219280948873623
1943,0.0,10,True,0.40444444444444444,0.8,0.41832813428211324,0.9219280948873623
1944,0.0,10,True,0.26666666666666666,0.4,0.10175559829607284,2.321928094887362
1945,0.0,10,True,0.38814814814814813,0.5,0.15545875354128547,1.9609640474436814
1946,0.0,10,True,0.7466666666666666,0.9,0.5310044064107188,0.4689955935892812
1947,0.0,10,True,0.49333333333333335,0.9,0.5310044064107188,0.4689955935892812
1948,0.0,10,True,0.3614814814814815,0.8,0.41832813428211324,0.9219280948873623
1949,0.0,10,True,0.42074074074074075,0.4,0.13903595255631884,1.7219280948873623
1950,0.0,10,True,0.4192592592592593,0.7,0.32161017527648017,1.3567796494470397
1951,0.0,10,True,0.4266666666666667,0.6,0.21452470277266567,1.5709505944546687
1952,0.0,10,True,0.4118518518518518,0.6,0.23729309346223382,1.7709505944546688
1953,0.0,10,True,0.37481481481481477,0.4,0.11864654673111685,2.0464393446710156
1954,0.0,10,True,0.4251851851851852,0.4,0.07678032766449228,1.8464393446710154
1955,0.0,10,True,0.3125925925925926,0.5,0.15545875354128547,1.9609640474436814
1956,0.0,10,True,0.3037037037037037,0.3,0.05358807178498537,2.4464393446710155
1957,0.0,10,True,0.28,0.4,0.10175559829607284,2.321928094887362
1958,0.0,10,True,0.2237037037037037,0.2,0.015141338212453337,3.1219280948873624
1959,0.9,1,False,,,,
1960,0.9,1,False,,,,
1961,0.9,1,False,,,,
1962,0.9,1,False,,,,
1963,0.8,2,False,,,,
1964,0.0,10,True,0.42962962962962964,0.8,0.41832813428211324,0.9219280948873623
1965,0.0,10,True,0.36592592592592593,0.6,0.13502647928207268,1.3709505944546687
1966,0.0,10,True,0.29333333333333333,0.4,0.10175559829607272,2.3219280948873626
1967,0.0,10,True,0.4325925925925926,0.6,0.21452470277266567,1.5709505944546687
1968,0.0,10,True,0.4325925925925926,0.7,0.27015330083790245,1.1567796494470395
1969,0.0,10,True,0.45037037037037037,0.7,0.27015330083790245,1.1567796494470395
1970,0.0,10,True,0.4666666666666667,0.6,0.21452470277266567,1.5709505944546687
1971,0.0,10,True,0.5807407407407408,0.8,0.41832813428211324,0.9219280948873623
1972,0.0,10,True,0.2577777777777778,0.3,0.0573192851827401,2.6464393446710153
1973,0.0,10,True,0.3674074074074074,0.5,0.15545875354128547,1.9609640474436814
1974,0.9,1,False,,,,
1975,0.9,1,False,,,,
1976,0.9,1,False,,,,
1977,0.9,1,False,,,,
1978,0.8,2,False,,,,
1979,0.8,2,False,,,,
1980,0.8,2,False,,,,
1981,0.8,2,False,,,,
1982,0.7,3,False,,,,
1983,0.7,3,False,,,,
1984,0.7,3,False,,,,
1985,0.7,3,False,,,,
1986,0.7,3,False,,,,
1987,0.7,3,False,,,,
1988,0.7,3,False,,,,
1989,0.7,3,False,,,,
1990,0.7,3,False,,,,
1991,0.7,3,False,,,,
1992,0.7,3,False,,,,
1993,0.7,3,False,,,,
1994,0.7,3,False,,,,
1995,0.7,3,False,,,,
1996,0.8,2,False,,,,
1997,0.8,2,False,,,,
1998,0.8,2,False,,,,
1999,0.8,2,False,,,,
2000,0.8,2,False,,,,
2001,0.8,2,False,,,,
2002,0.8,2,False,,,,
2003,0.8,2,False,,,,
2004,0.8,2,False,,,,
2005,0.8,2,False,,,,
2006,0.9,1,False,,,,
2007,0.9,1,False,,,,
2008,0.9,1,False,,,,
2009,0.9,1,False,,,,
2010,0.9,1,False,,,,
2011,0.9,1,False,,,,
2012,0.9,1,False,,,,
2013,0.9,1,False,,,,
2014,0.9,1,False,,,,
2015,0.9,1,False,,,,
2016,0.9,1,False,,,,
2017,0.9,1,False,,,,
2018,0.9,1,False,,,,
2019,0.9,1,False,,,,
2020,0.9,1,False,,,,
2021,0.9,1,False,,,,
2022,0.9,1,False,,,,
2023,0.9,1,False,,,,
2024,0.9,1,False,,,,
2025,0.9,1,False,,,,
2026,0.9,1,False,,,,
2027,0.9,1,False,,,,
2028,0.9,1,False,,,,
2029,0.9,1,False,,,,
2030,0.9,1,False,,,,
2031,0.9,1,False,,,,
2032,0.9,1,False,,,,
2033,0.9,1,False,,,,
2034,0.9,1,False,,,,
2035,0.9,1,False,,,,
2036,0.9,1,False,,,,
2037,0.9,1,False,,,,
2038,0.9,1,False,,,,
2039,0.9,1,False,,,,
2040,0.9,1,False,,,,
2041,0.9,1,False,,,,
2042,0.2,8,True,0.33095238095238094,0.375,0.032511235116438164,1.9056390622295665
2043,0.2,8,True,0.6666666666666666,0.875,0.27015330083790245,0.5435644431995964
2044,0.2,8,True,0.49523809523809526,0.75,0.21452470277266567,1.061278124459133
2045,0.2,8,True,0.6,0.875,0.27015330083790245,0.5435644431995964
2046,0.2,8,True,0.6666666666666666,0.875,0.27015330083790245,0.5435644431995964
2047,0.2,8,True,0.6666666666666666,1.0,0.2780719051126377,0.0
2048,0.2,8,True,0.6666666666666666,1.0,0.2780719051126377,0.0
2049,0.2,8,True,0.5333333333333333,1.0,0.2780719051126377,0.0
2050,0.2,8,True,0.4666666666666667,0.875,0.27015330083790245,0.5435644431995964
2051,0.2,8,True,0.6,1.0,0.2780719051126377,0.0
2052,0.2,8,True,0.26904761904761904,0.375,0.05358807178498537,2.1556390622295662
2053,0.2,8,True,0.5,0.875,0.27015330083790245,0.5435644431995964
2054,0.2,8,True,0.5,0.875,0.27015330083790245,0.5435644431995964
2055,0.2,8,True,0.3880952380952381,0.5,0.07678032766449228,1.4056390622295665
2056,0.2,8,True,0.6,1.0,0.2780719051126377,0.0
2057,0.2,8,True,0.3428571428571428,0.5,0.08613531161467847,1.75
2058,0.2,8,True,0.6,1.0,0.2780719051126377,0.0
2059,0.2,8,True,0.4714285714285714,0.75,0.21452470277266567,1.061278124459133
2060,0.2,8,True,0.36428571428571427,0.625,0.15545875354128547,1.5487949406953985
2061,0.2,8,True,0.5095238095238095,0.75,0.21452470277266567,1.061278124459133
2062,0.2,8,True,0.4666666666666667,0.875,0.27015330083790245,0.5435644431995964
2063,0.2,8,True,0.4095238095238095,0.625,0.15545875354128547,1.5487949406953985
2064,0.2,8,True,0.4166666666666667,0.625,0.15545875354128547,1.5487949406953985
2065,0.2,8,True,0.4357142857142857,0.625,0.11951797627815941,1.2987949406953985
2066,0.2,8,True,0.4666666666666667,0.875,0.27015330083790245,0.5435644431995964
2067,0.1,9,True,0.24814814814814815,0.2222222222222222,0.02602396837087928,2.725480556997868
2068,0.1,9,True,0.437037037037037,0.7777777777777778,0.32161017527648017,0.9864267287308424
2069,0.1,9,True,0.3888888888888889,0.4444444444444444,0.11864654673111685,1.7527152789797045
2070,0.1,9,True,0.20185185185185184,0.2222222222222222,0.030429649809874948,2.503258334775646
2071,0.1,9,True,0.29444444444444445,0.5555555555555556,0.15545875354128547,1.6577427265048887
2072,0.1,9,True,0.44814814814814813,0.7777777777777778,0.32161017527648017,0.9864267287308424
2073,0.1,9,True,0.5333333333333333,1.0,0.5310044064107188,0.0
2074,0.1,9,True,0.2574074074074074,0.3333333333333333,0.06502247023287666,1.8910611120726526
2075,0.1,9,True,0.25925925925925924,0.2222222222222222,0.03042964980987506,2.5032583347756456
2076,0.1,9,True,0.4037037037037037,0.6666666666666666,0.23729309346223382,1.4466166676282082
2077,0.1,9,True,0.5722222222222222,0.6666666666666666,0.1826545778534897,0.9182958340544896
2078,0.1,9,True,0.312962962962963,0.3333333333333333,0.0573192851827401,2.4193819456463714
2079,0.1,9,True,0.37037037037037035,0.4444444444444444,0.10175559829607284,2.058813890331201
2080,0.1,9,True,0.32407407407407407,0.3333333333333333,0.0573192851827401,2.4193819456463714
2081,0.1,9,True,0.24259259259259258,0.2222222222222222,0.03042964980987506,2.5032583347756456
2082,0.1,9,True,0.2685185185185185,0.3333333333333333,0.0573192851827401,2.4193819456463714
2083,0.1,9,True,0.3351851851851852,0.3333333333333333,0.05358807178498537,2.197159723424149
2084,0.1,9,True,0.3092592592592593,0.4444444444444444,0.10175559829607284,2.058813890331201
2085,0.2,8,True,0.25952380952380955,0.375,0.05358807178498548,2.1556390622295662
2086,0.9,1,False,,,,
2087,1.0,0,False,,,,
2088,1.0,0,False,,,,
2089,1.0,0,False,,,,
2090,1.0,0,False,,,,
2091,1.0,0,False,,,,
2092,0.5,5,True,0.22,0.4,0.15545875354128547,1.9219280948873623
2093,0.3,7,True,0.4031746031746032,0.7142857142857143,0.1572623513863327,1.1488348542809166
2094,0.2,8,True,0.22142857142857142,0.25,0.02602396837087928,2.75
2095,0.1,9,True,0.28888888888888886,0.3333333333333333,0.05731928518273999,2.4193819456463714
2096,0.1,9,True,0.35,0.3333333333333333,0.06502247023287666,1.8910611120726526
2097,0.1,9,True,0.35185185185185186,0.5555555555555556,0.16402499191349473,1.8799649487271108
2098,0.2,8,True,0.2357142857142857,0.25,0.03042964980987506,2.5
2099,0.1,9,True,0.3888888888888889,0.6666666666666666,0.21452470277266567,1.224394445405986
2100,0.1,9,True,0.4074074074074074,0.4444444444444444,0.11864654673111685,1.7527152789797045
2101,0.1,9,True,0.28518518518518515,0.4444444444444444,0.10167108723147944,2.2810361125534233
2102,0.1,9,True,0.4703703703703704,0.6666666666666666,0.21452470277266567,1.224394445405986
2103,0.1,9,True,0.19444444444444448,0.2222222222222222,0.02602396837087928,2.725480556997868
2104,0.1,9,True,0.2796296296296296,0.3333333333333333,0.05358807178498548,2.197159723424149
2105,0.1,9,True,0.3648148148148148,0.5555555555555556,0.15545875354128547,1.6577427265048887
2106,0.1,9,True,0.5222222222222223,0.7777777777777778,0.27015330083790245,0.7642045065086203
2107,0.1,9,True,0.4407407407407407,0.7777777777777778,0.32161017527648017,0.9864267287308424
2108,0.1,9,True,0.5333333333333333,1.0,0.5310044064107188,0.0
2109,0.1,9,True,0.5333333333333333,1.0,0.5310044064107188,0.0
2110,0.1,9,True,0.34444444444444444,0.5555555555555556,0.15545875354128547,1.6577427265048887
2111,0.1,9,True,0.4185185185185185,0.7777777777777778,0.32161017527648017,0.9864267287308424
2112,0.9,1,False,,,,
2113,0.9,1,False,,,,
2114,0.9,1,False,,,,
2115,0.9,1,False,,,,
2116,0.9,1,False,,,,
2117,0.9,1,False,,,,
2118,0.9,1,False,,,,
2119,0.9,1,False,,,,
2120,0.9,1,False,,,,
2121,0.9,1,False,,,,
2122,0.9,1,False,,,,
2123,0.9,1,False,,,,
2124,0.9,1,False,,,,
2125,0.9,1,False,,,,
2126,0.9,1,False,,,,
2127,0.9,1,False,,,,
2128,0.9,1,False,,,,
2129,0.9,1,False,,,,
2130,0.9,1,False,,,,
2131,0.9,1,False,,,,
2132,0.9,1,False,,,,
2133,0.9,1,False,,,,
2134,0.9,1,False,,,,
2135,0.9,1,False,,,,
2136,0.9,1,False,,,,
2137,0.9,1,False,,,,
2138,0.9,1,False,,,,
2139,0.9,1,False,,,,
2140,0.9,1,False,,,,
2141,0.9,1,False,,,,
2142,0.9,1,False,,,,
2143,0.9,1,False,,,,
2144,0.9,1,False,,,,
2145,0.9,1,False,,,,
2146,0.9,1,False,,,,
2147,0.9,1,False,,,,
2148,0.9,1,False,,,,
2149,0.9,1,False,,,,
2150,0.9,1,False,,,,
2151,0.9,1,False,,,,
2152,0.9,1,False,,,,
2153,0.9,1,False,,,,
2154,0.9,1,False,,,,
2155,0.9,1,False,,,,
2156,0.9,1,False,,,,
2157,0.9,1,False,,,,
2158,0.9,1,False,,,,
2159,0.9,1,False,,,,
2160,0.9,1,False,,,,
2161,0.9,1,False,,,,
2162,0.9,1,False,,,,
2163,0.9,1,False,,,,
2164,0.9,1,False,,,,
2165,0.9,1,False,,,,
2166,0.9,1,False,,,,
2167,0.9,1,False,,,,
2168,0.9,1,False,,,,
2169,0.9,1,False,,,,
2170,0.9,1,False,,,,
2171,0.9,1,False,,,,
2172,0.9,1,False,,,,
2173,0.9,1,False,,,,
2174,0.9,1,False,,,,
2175,0.9,1,False,,,,
2176,0.9,1,False,,,,
2177,0.9,1,False,,,,
2178,0.9,1,False,,,,
2179,0.9,1,False,,,,
2180,0.9,1,False,,,,
2181,0.9,1,False,,,,
2182,0.9,1,False,,,,
2183,0.9,1,False,,,,
2184,0.9,1,False,,,,
2185,0.9,1,False,,,,
2186,0.9,1,False,,,,
2187,0.9,1,False,,,,
2188,0.9,1,False,,,,
2189,0.9,1,False,,,,
2190,0.9,1,False,,,,
2191,0.9,1,False,,,,
2192,0.9,1,False,,,,
2193,0.9,1,False,,,,
2194,0.9,1,False,,,,
2195,0.9,1,False,,,,
2196,0.9,1,False,,,,
2197,0.9,1,False,,,,
2198,0.9,1,False,,,,
2199,0.9,1,False,,,,
2200,0.9,1,False,,,,
2201,0.9,1,False,,,,
2202,0.9,1,False,,,,
2203,0.9,1,False,,,,
2204,0.9,1,False,,,,
2205,0.9,1,False,,,,
2206,0.9,1,False,,,,
2207,0.9,1,False,,,,
2208,0.8,2,False,,,,
2209,0.1,9,True,0.4703703703703704,0.7777777777777778,0.32161017527648017,0.9864267287308424
2210,0.1,9,True,0.3277777777777778,0.5555555555555556,0.15545875354128547,1.6577427265048887
2211,0.1,9,True,0.34444444444444444,0.6666666666666666,0.23729309346223382,1.4466166676282082
2212,0.1,9,True,0.33888888888888885,0.4444444444444444,0.11864654673111685,1.7527152789797045
2213,0.1,9,True,0.5037037037037037,0.7777777777777778,0.32161017527648017,0.9864267287308424
2214,0.1,9,True,0.5333333333333333,0.8888888888888888,0.41832813428211324,0.5032583347756457
2215,0.1,9,True,0.34074074074074073,0.5555555555555556,0.15545875354128547,1.6577427265048887
2216,0.1,9,True,0.42037037037037034,0.7777777777777778,0.32161017527648017,0.9864267287308424
2217,0.1,9,True,0.2796296296296296,0.3333333333333333,0.08279110672080625,2.113283334294875
2218,0.1,9,True,0.3277777777777778,0.4444444444444444,0.10175559829607284,2.058813890331201
2219,0.1,9,True,0.5555555555555555,0.8888888888888888,0.41832813428211324,0.5032583347756457
2220,0.1,9,True,0.3277777777777778,0.5555555555555556,0.15545875354128547,1.6577427265048887
2221,0.1,9,True,0.5111111111111111,0.8888888888888888,0.41832813428211324,0.5032583347756457
2222,0.1,9,True,0.2796296296296296,0.3333333333333333,0.08279110672080625,2.113283334294875
2223,0.1,9,True,0.3777777777777778,0.6666666666666666,0.23729309346223382,1.4466166676282082
2224,0.1,9,True,0.4962962962962963,0.5555555555555556,0.14132728892674484,0.9910760598382222
2225,0.1,9,True,0.3314814814814815,0.4444444444444444,0.08613531161467847,1.836591668108979
2226,0.1,9,True,0.29629629629629634,0.4444444444444444,0.10175559829607284,2.0588138903312014
2227,0.1,9,True,0.4148148148148148,0.6666666666666666,0.23729309346223382,1.4466166676282082
2228,0.1,9,True,0.5203703703703704,0.7777777777777778,0.32161017527648017,0.9864267287308424
2229,0.1,9,True,0.48888888888888893,0.5555555555555556,0.14132728892674484,0.9910760598382222
2230,0.1,9,True,0.3314814814814815,0.5555555555555556,0.15545875354128547,1.6577427265048887
2231,0.1,9,True,0.5777777777777778,0.8888888888888888,0.41832813428211324,0.5032583347756457
2232,0.1,9,True,0.5074074074074074,0.7777777777777778,0.27015330083790245,0.7642045065086203
2233,0.1,9,True,0.22592592592592592,0.4444444444444444,0.10167108723147944,2.2810361125534233
2234,0.1,9,True,0.6666666666666666,1.0,0.5310044064107188,0.0
2235,0.1,9,True,0.4185185185185185,0.7777777777777778,0.32161017527648017,0.9864267287308424
2236,0.1,9,True,0.3222222222222222,0.2222222222222222,0.024385036849164488,2.2810361125534238
2237,0.1,9,True,0.29629629629629634,0.4444444444444444,0.10167108723147944,2.2810361125534233
2238,0.1,9,True,0.2777777777777778,0.4444444444444444,0.10167108723147944,2.2810361125534233
2239,0.2,8,True,0.1738095238095238,0.25,0.030429649809874948,2.5
2240,0.3,7,True,0.35873015873015873,0.5714285714285714,0.11864654673111708,1.6644977792004614
2241,0.8,2,False,,,,
2242,0.4,6,True,0.21777777777777776,0.3333333333333333,0.08613531161467847,1.9182958340544893
2243,0.3,7,True,0.3206349206349206,0.5714285714285714,0.11864654673111685,1.6644977792004614
2244,0.2,8,True,0.24285714285714285,0.25,0.02602396837087928,2.75
2245,0.2,8,True,0.4714285714285714,0.625,0.11951797627815941,1.2987949406953985
2246,0.2,8,True,0.2619047619047619,0.375,0.05358807178498537,2.1556390622295662
2247,0.2,8,True,0.20476190476190476,0.25,0.02602396837087928,2.75
2248,0.2,8,True,0.2714285714285714,0.5,0.10175559829607272,2.0
2249,0.1,9,True,0.36666666666666664,0.5555555555555556,0.1572623513863327,1.3516441151533922
2250,0.1,9,True,0.7333333333333333,1.0,0.5310044064107188,0.0
2251,0.1,9,True,0.43333333333333335,0.6666666666666666,0.21452470277266567,1.224394445405986
2252,0.1,9,True,0.312962962962963,0.5555555555555556,0.16402499191349473,1.8799649487271108
2253,0.1,9,True,0.4814814814814815,0.7777777777777778,0.27015330083790245,0.7642045065086203
2254,0.1,9,True,0.20925925925925926,0.2222222222222222,0.03042964980987506,2.5032583347756456
2255,0.1,9,True,0.6222222222222221,0.8888888888888888,0.41832813428211324,0.5032583347756457
2256,0.1,9,True,0.5333333333333333,1.0,0.5310044064107188,0.0
2257,0.1,9,True,0.4962962962962963,0.8888888888888888,0.41832813428211324,0.5032583347756457
2258,0.1,9,True,0.5,0.6666666666666666,0.1826545778534897,0.9182958340544896
2259,0.1,9,True,0.4037037037037037,0.7777777777777778,0.27015330083790245,0.7642045065086203
2260,0.9,1,False,,,,
2261,0.1,9,True,0.2537037037037037,0.2222222222222222,0.02602396837087928,2.725480556997868
2262,0.1,9,True,0.5111111111111111,0.8888888888888888,0.41832813428211324,0.5032583347756457
2263,0.1,9,True,0.5777777777777778,0.8888888888888888,0.41832813428211324,0.5032583347756457
2264,0.1,9,True,0.3722222222222222,0.4444444444444444,0.11864654673111685,1.7527152789797045
2265,0.1,9,True,0.24074074074074076,0.3333333333333333,0.05118688510966152,2.6416041678685933
2266,0.1,9,True,0.5555555555555555,0.8888888888888888,0.41832813428211324,0.5032583347756457
2267,0.1,9,True,0.48888888888888893,0.8888888888888888,0.41832813428211324,0.5032583347756457
2268,0.1,9,True,0.3851851851851852,0.4444444444444444,0.11864654673111685,1.7527152789797045
2269,0.1,9,True,0.362962962962963,0.5555555555555556,0.15545875354128547,1.6577427265048887
2270,0.1,9,True,0.3611111111111111,0.6666666666666666,0.21452470277266567,1.224394445405986
2271,0.1,9,True,0.6666666666666666,1.0,0.5310044064107188,0.0
2272,0.1,9,True,0.4425925925925926,0.7777777777777778,0.32161017527648017,0.9864267287308424
2273,0.1,9,True,0.34444444444444444,0.4444444444444444,0.11864654673111685,1.7527152789797045
2274,0.1,9,True,0.2814814814814815,0.3333333333333333,0.08279110672080625,2.113283334294875
2275,0.1,9,True,0.4962962962962963,0.5555555555555556,0.14132728892674484,0.9910760598382222
2276,0.1,9,True,0.3611111111111111,0.5555555555555556,0.15545875354128547,1.6577427265048887
2277,0.1,9,True,0.3222222222222222,0.3333333333333333,0.0573192851827401,2.4193819456463714
2278,0.1,9,True,0.4685185185185185,0.5555555555555556,0.1572623513863327,1.3516441151533922
2279,0.1,9,True,0.46296296296296297,0.7777777777777778,0.32161017527648017,0.9864267287308424
2280,0.1,9,True,0.4407407407407407,0.5555555555555556,0.15545875354128547,1.6577427265048887
2281,0.1,9,True,0.362962962962963,0.4444444444444444,0.11864654673111685,1.7527152789797045
2282,0.1,9,True,0.25,0.3333333333333333,0.05358807178498537,2.1971597234241496
2283,0.1,9,True,0.4,0.4444444444444444,0.13903595255631884,1.3921472236645345
2284,0.1,9,True,0.24444444444444444,0.2222222222222222,0.02602396837087928,2.725480556997868
2285,0.1,9,True,0.2574074074074074,0.3333333333333333,0.08279110672080625,2.113283334294875
2286,0.1,9,True,0.24259259259259258,0.3333333333333333,0.0573192851827401,2.4193819456463714
2287,0.1,9,True,0.4074074074074074,0.6666666666666666,0.23729309346223382,1.4466166676282082
2288,0.1,9,True,0.2537037037037037,0.4444444444444444,0.10175559829607272,2.0588138903312014
2289,0.2,8,True,0.3333333333333333,0.5,0.10175559829607284,2.0
2290,0.1,9,True,0.3111111111111111,0.3333333333333333,0.0573192851827401,2.4193819456463714
2291,0.1,9,True,0.3037037037037037,0.4444444444444444,0.10167108723147944,2.2810361125534233
2292,0.1,9,True,0.27592592592592596,0.3333333333333333,0.0573192851827401,2.4193819456463714
2293,0.1,9,True,0.3537037037037037,0.5555555555555556,0.15545875354128547,1.6577427265048887
2294,0.1,9,True,0.26666666666666666,0.3333333333333333,0.05731928518273999,2.4193819456463714
2295,0.1,9,True,1.0,1.0,0.5310044064107188,0.0
2296,0.1,9,True,0.27592592592592596,0.4444444444444444,0.10167108723147944,2.2810361125534233
2297,0.1,9,True,0.7333333333333333,1.0,0.5310044064107188,0.0
2298,0.1,9,True,0.3925925925925926,0.7777777777777778,0.32161017527648017,0.9864267287308424
2299,0.1,9,True,0.2685185185185185,0.2222222222222222,0.03042964980987506,2.5032583347756456
2300,0.1,9,True,0.34444444444444444,0.4444444444444444,0.13903595255631884,1.3921472236645345
2301,0.1,9,True,0.674074074074074,0.8888888888888888,0.41832813428211324,0.5032583347756457
2302,0.1,9,True,0.38333333333333336,0.6666666666666666,0.21452470277266567,1.224394445405986
2303,0.1,9,True,0.437037037037037,0.6666666666666666,0.23729309346223382,1.4466166676282082
2304,0.1,9,True,0.48888888888888893,0.8888888888888888,0.41832813428211324,0.5032583347756457
2305,0.1,9,True,0.5333333333333333,1.0,0.5310044064107188,0.0
2306,0.1,9,True,0.32592592592592595,0.6666666666666666,0.23729309346223382,1.4466166676282082
2307,0.1,9,True,0.3888888888888889,0.4444444444444444,0.08613531161467847,1.8365916681089791
2308,0.1,9,True,0.45185185185185184,0.7777777777777778,0.32161017527648017,0.9864267287308424
2309,0.1,9,True,0.3148148148148148,0.5555555555555556,0.16402499191349473,1.8799649487271108
2310,0.1,9,True,0.2037037037037037,0.3333333333333333,0.0573192851827401,2.4193819456463714
2311,0.1,9,True,0.24444444444444444,0.4444444444444444,0.10167108723147955,2.2810361125534233
2312,0.2,8,True,0.36666666666666664,0.5,0.10175559829607284,2.0
2313,0.1,9,True,0.2037037037037037,0.2222222222222222,0.015141338212453448,2.94770277922009
2314,0.1,9,True,0.33888888888888885,0.5555555555555556,0.15545875354128547,1.6577427265048887
2315,0.1,9,True,0.30185185185185187,0.4444444444444444,0.08613531161467847,1.836591668108979
2316,0.1,9,True,0.274074074074074,0.2222222222222222,0.03042964980987506,2.5032583347756456
2317,0.1,9,True,0.2351851851851852,0.3333333333333333,0.0573192851827401,2.4193819456463714
2318,0.1,9,True,0.24814814814814815,0.3333333333333333,0.05731928518273999,2.4193819456463714
2319,0.1,9,True,0.24444444444444444,0.4444444444444444,0.10167108723147944,2.2810361125534233
2320,0.1,9,True,0.2555555555555556,0.4444444444444444,0.10175559829607284,2.058813890331201
2321,0.1,9,True,0.23703703703703702,0.3333333333333333,0.05731928518273999,2.4193819456463714
2322,0.1,9,True,0.26666666666666666,0.3333333333333333,0.0573192851827401,2.4193819456463714
2323,0.1,9,True,0.28518518518518515,0.5555555555555556,0.16402499191349473,1.8799649487271108
2324,0.9,1,False,,,,
2325,0.7,3,False,,,,
2326,0.7,3,False,,,,
2327,0.7,3,False,,,,
2328,0.3,7,True,0.26666666666666666,0.2857142857142857,0.05358807178498537,2.2359263506290326
2329,0.2,8,True,0.4142857142857143,0.5,0.07678032766449228,1.4056390622295665
2330,0.8,2,False,,,,
2331,0.8,2,False,,,,
2332,0.8,2,False,,,,
2333,0.2,8,True,0.4285714285714286,0.625,0.11951797627815941,1.2987949406953985
2334,0.1,9,True,0.22592592592592592,0.2222222222222222,0.02602396837087939,2.725480556997868
2335,0.1,9,True,0.17037037037037037,0.1111111111111111,0.0,3.169925001442312
2336,0.1,9,True,0.29814814814814816,0.3333333333333333,0.0573192851827401,2.4193819456463714
2337,0.2,8,True,0.24523809523809523,0.25,0.030429649809874948,2.5
2338,0.9,1,False,,,,
2339,0.9,1,False,,,,
2340,0.9,1,False,,,,
2341,0.9,1,False,,,,
2342,0.2,8,True,0.24285714285714285,0.25,0.030429649809874948,2.5
2343,0.2,8,True,0.19285714285714287,0.25,0.030429649809874948,2.5
2344,0.9,1,False,,,,
2345,0.1,9,True,0.31666666666666665,0.4444444444444444,0.10175559829607284,2.058813890331201
2346,0.1,9,True,0.2518518518518518,0.3333333333333333,0.0573192851827401,2.4193819456463714
2347,0.1,9,True,0.2574074074074074,0.3333333333333333,0.05118688510966163,2.6416041678685933
2348,0.2,8,True,0.2761904761904762,0.375,0.032511235116438386,1.9056390622295665
2349,0.9,1,False,,,,
2350,0.9,1,False,,,,
2351,0.9,1,False,,,,
2352,0.9,1,False,,,,
2353,0.9,1,False,,,,
2354,0.9,1,False,,,,
2355,0.9,1,False,,,,
2356,0.8,2,False,,,,
2357,0.8,2,False,,,,
2358,0.5,5,True,0.20666666666666667,0.4,0.15545875354128547,1.9219280948873623
2359,0.5,5,True,0.31333333333333335,0.4,0.11951797627815941,1.5219280948873621
2360,0.5,5,True,0.24666666666666667,0.4,0.15545875354128547,1.9219280948873623
2361,0.4,6,True,0.3288888888888889,0.3333333333333333,0.08613531161467869,1.9182958340544893
2362,0.7,3,False,,,,
2363,0.7,3,False,,,,
2364,0.7,3,False,,,,
2365,0.7,3,False,,,,
2366,0.7,3,False,,,,
2367,0.7,3,False,,,,
2368,0.7,3,False,,,,
2369,0.7,3,False,,,,
2370,0.7,3,False,,,,
2371,0.7,3,False,,,,
2372,0.7,3,False,,,,
2373,0.7,3,False,,,,
2374,0.7,3,False,,,,
2375,0.7,3,False,,,,
2376,0.7,3,False,,,,
2377,0.7,3,False,,,,
2378,0.7,3,False,,,,
2379,0.7,3,False,,,,
2380,0.7,3,False,,,,
2381,0.7,3,False,,,,
2382,0.8,2,False,,,,
2383,0.8,2,False,,,,
2384,0.8,2,False,,,,
2385,0.8,2,False,,,,
2386,0.8,2,False,,,,
2387,0.9,1,False,,,,
2388,0.9,1,False,,,,
2389,0.9,1,False,,,,
2390,0.9,1,False,,,,
2391,0.9,1,False,,,,
2392,0.9,1,False,,,,
2393,0.7,3,False,,,,
2394,0.7,3,False,,,,
2395,0.7,3,False,,,,
2396,0.7,3,False,,,,
2397,0.7,3,False,,,,
2398,0.6,4,False,,,,
2399,0.6,4,False,,,,
2400,0.6,4,False,,,,
2401,0.6,4,False,,,,
2402,0.2,8,True,0.2261904761904762,0.125,0.015141338212453337,3.0
2403,0.2,8,True,0.21190476190476193,0.25,0.030429649809874948,2.5
2404,0.2,8,True,0.24761904761904763,0.375,0.05731928518273999,2.4056390622295662
2405,0.3,7,True,0.2571428571428572,0.42857142857142855,0.08279110672080625,2.1280852788913944
2406,0.3,7,True,0.3079365079365079,0.42857142857142855,0.08279110672080625,2.1280852788913944
2407,0.3,7,True,0.48888888888888893,0.7142857142857143,0.15726235138633282,1.1488348542809166
2408,0.3,7,True,0.20952380952380953,0.2857142857142857,0.0573192851827401,2.5216406363433186
2409,0.3,7,True,0.39682539682539686,0.5714285714285714,0.11864654673111685,1.6644977792004614
2410,0.5,5,True,0.36666666666666664,0.4,0.11951797627815941,1.5219280948873621
2411,0.5,5,True,0.22,0.2,0.16402499191349473,2.321928094887362
2412,0.3,7,True,0.3111111111111111,0.5714285714285714,0.11864654673111708,1.6644977792004614
2413,0.5,5,True,0.18666666666666665,0.2,0.16402499191349473,2.321928094887362
2414,0.6,4,False,,,,
2415,1.0,0,False,,,,
2416,1.0,0,False,,,,
2417,1.0,0,False,,,,
2418,1.0,0,False,,,,
2419,1.0,0,False,,,,
2420,1.0,0,False,,,,
2421,1.0,0,False,,,,
2422,1.0,0,False,,,,
2423,1.0,0,False,,,,
2424,1.0,0,False,,,,
2425,1.0,0,False,,,,
2426,1.0,0,False,,,,
2427,1.0,0,False,,,,
2428,1.0,0,False,,,,
2429,1.0,0,False,,,,
2430,0.5,5,True,0.19333333333333333,0.2,0.16402499191349473,2.321928094887362
2431,0.6,4,False,,,,
2432,0.6,4,False,,,,
2433,0.6,4,False,,,,
2434,0.6,4,False,,,,
2435,0.6,4,False,,,,
2436,0.6,4,False,,,,
2437,0.7,3,False,,,,
2438,0.7,3,False,,,,
2439,0.7,3,False,,,,
2440,0.7,3,False,,,,
2441,0.7,3,False,,,,
2442,0.7,3,False,,,,
2443,0.7,3,False,,,,
2444,0.7,3,False,,,,
2445,0.7,3,False,,,,
2446,0.7,3,False,,,,
2447,0.7,3,False,,,,
2448,0.7,3,False,,,,
2449,0.7,3,False,,,,
2450,0.6,4,False,,,,
2451,0.6,4,False,,,,
2452,0.6,4,False,,,,
2453,0.8,2,False,,,,
2454,0.8,2,False,,,,
2455,0.8,2,False,,,,
2456,0.8,2,False,,,,
2457,0.8,2,False,,,,
2458,0.9,1,False,,,,
2459,0.9,1,False,,,,
2460,0.7,3,False,,,,
2461,0.6,4,False,,,,
2462,0.6,4,False,,,,
2463,0.6,4,False,,,,
2464,0.6,4,False,,,,
2465,1.0,0,False,,,,
2466,1.0,0,False,,,,
2467,1.0,0,False,,,,
2468,1.0,0,False,,,,
2469,1.0,0,False,,,,
2470,1.0,0,False,,,,
2471,1.0,0,False,,,,
2472,0.6,4,False,,,,
2473,0.6,4,False,,,,
2474,0.6,4,False,,,,
2475,0.9,1,False,,,,
2476,0.9,1,False,,,,
2477,0.9,1,False,,,,
2478,0.9,1,False,,,,
2479,0.9,1,False,,,,
2480,0.9,1,False,,,,
2481,0.9,1,False,,,,
2482,0.9,1,False,,,,
2483,0.9,1,False,,,,
2484,0.9,1,False,,,,
2485,0.9,1,False,,,,
2486,0.9,1,False,,,,
2487,0.9,1,False,,,,
2488,0.9,1,False,,,,
2489,0.6,4,False,,,,
2490,0.7,3,False,,,,
2491,0.7,3,False,,,,
2492,0.7,3,False,,,,
2493,0.7,3,False,,,,
2494,0.7,3,False,,,,
2495,0.7,3,False,,,,
2496,0.7,3,False,,,,
2497,0.7,3,False,,,,
2498,0.7,3,False,,,,
2499,0.6,4,False,,,,
2500,0.6,4,False,,,,
2501,0.6,4,False,,,,
2502,0.6,4,False,,,,
2503,0.6,4,False,,,,
2504,0.6,4,False,,,,
2505,0.8,2,False,,,,
2506,0.9,1,False,,,,
2507,0.9,1,False,,,,
2508,0.9,1,False,,,,
2509,0.9,1,False,,,,
2510,0.9,1,False,,,,
2511,0.9,1,False,,,,
2512,0.9,1,False,,,,
2513,0.9,1,False,,,,
2514,0.9,1,False,,,,
2515,0.9,1,False,,,,
2516,0.8,2,False,,,,
2517,0.8,2,False,,,,
2518,0.6,4,False,,,,
2519,0.6,4,False,,,,
2520,0.6,4,False,,,,
2521,0.6,4,False,,,,
2522,0.7,3,False,,,,
2523,0.7,3,False,,,,
2524,0.7,3,False,,,,
2525,0.8,2,False,,,,
2526,0.7,3,False,,,,
2527,0.7,3,False,,,,
2528,0.7,3,False,,,,
2529,0.7,3,False,,,,
2530,0.7,3,False,,,,
2531,0.7,3,False,,,,
2532,0.7,3,False,,,,
2533,0.7,3,False,,,,
2534,0.7,3,False,,,,
2535,0.6,4,False,,,,
2536,0.6,4,False,,,,
2537,0.6,4,False,,,,
2538,0.6,4,False,,,,
2539,0.6,4,False,,,,
2540,0.6,4,False,,,,
2541,0.6,4,False,,,,
2542,0.6,4,False,,,,
2543,1.0,0,False,,,,
2544,0.6,4,False,,,,
2545,0.6,4,False,,,,
2546,0.6,4,False,,,,
2547,0.6,4,False,,,,
2548,0.6,4,False,,,,
2549,0.6,4,False,,,,
2550,0.6,4,False,,,,
2551,0.6,4,False,,,,
2552,0.6,4,False,,,,
2553,0.6,4,False,,,,
2554,0.6,4,False,,,,
2555,0.6,4,False,,,,
2556,0.6,4,False,,,,
2557,0.6,4,False,,,,
2558,0.6,4,False,,,,
2559,0.6,4,False,,,,
2560,0.6,4,False,,,,
2561,0.6,4,False,,,,
2562,0.6,4,False,,,,
2563,0.6,4,False,,,,
2564,0.6,4,False,,,,
2565,0.6,4,False,,,,
2566,0.9,1,False,,,,
2567,0.9,1,False,,,,
2568,0.9,1,False,,,,
2569,0.9,1,False,,,,
2570,0.9,1,False,,,,
2571,0.9,1,False,,,,
2572,0.9,1,False,,,,
2573,0.9,1,False,,,,
2574,0.9,1,False,,,,
2575,0.8,2,False,,,,
2576,1.0,0,False,,,,
2577,1.0,0,False,,,,
2578,1.0,0,False,,,,
2579,0.8,2,False,,,,
2580,0.8,2,False,,,,
2581,0.6,4,False,,,,
2582,0.6,4,False,,,,
2583,0.6,4,False,,,,
2584,0.6,4,False,,,,
2585,0.6,4,False,,,,
2586,0.6,4,False,,,,
2587,0.6,4,False,,,,
2588,0.6,4,False,,,,
2589,0.6,4,False,,,,
2590,0.7,3,False,,,,
2591,0.7,3,False,,,,
2592,0.7,3,False,,,,
2593,0.7,3,False,,,,
2594,1.0,0,False,,,,
2595,0.8,2,False,,,,
2596,0.8,2,False,,,,
2597,0.7,3,False,,,,
2598,0.7,3,False,,,,
2599,0.7,3,False,,,,
2600,0.7,3,False,,,,
2601,0.7,3,False,,,,
2602,0.7,3,False,,,,
2603,0.7,3,False,,,,
2604,0.9,1,False,,,,
2605,0.9,1,False,,,,
2606,0.9,1,False,,,,
2607,0.9,1,False,,,,
2608,0.9,1,False,,,,
2609,0.7,3,False,,,,
2610,0.8,2,False,,,,
2611,0.8,2,False,,,,
2612,0.7,3,False,,,,
2613,0.7,3,False,,,,
2614,0.7,3,False,,,,
2615,0.7,3,False,,,,
2616,0.7,3,False,,,,
2617,0.7,3,False,,,,
2618,0.7,3,False,,,,
2619,0.6,4,False,,,,
2620,0.6,4,False,,,,
2621,0.6,4,False,,,,
2622,0.7,3,False,,,,
2623,0.7,3,False,,,,
2624,0.7,3,False,,,,
2625,0.7,3,False,,,,
2626,0.7,3,False,,,,
2627,0.7,3,False,,,,
2628,0.7,3,False,,,,
2629,0.7,3,False,,,,
2630,0.6,4,False,,,,
2631,0.6,4,False,,,,
2632,0.6,4,False,,,,
2633,0.6,4,False,,,,
2634,0.6,4,False,,,,
2635,0.6,4,False,,,,
2636,0.6,4,False,,,,
2637,0.7,3,False,,,,
2638,0.7,3,False,,,,
2639,0.7,3,False,,,,
2640,0.7,3,False,,,,
2641,0.8,2,False,,,,
2642,0.8,2,False,,,,
2643,0.8,2,False,,,,
2644,0.8,2,False,,,,
2645,0.8,2,False,,,,
2646,1.0,0,False,,,,
2647,1.0,0,False,,,,
2648,1.0,0,False,,,,
2649,1.0,0,False,,,,
2650,0.8,2,False,,,,
2651,0.8,2,False,,,,
2652,0.8,2,False,,,,
2653,0.8,2,False,,,,
2654,0.8,2,False,,,,
2655,0.8,2,False,,,,
2656,0.9,1,False,,,,
2657,0.9,1,False,,,,
2658,0.9,1,False,,,,
2659,0.9,1,False,,,,
2660,0.9,1,False,,,,
2661,0.9,1,False,,,,
2662,0.9,1,False,,,,
2663,0.9,1,False,,,,
2664,0.9,1,False,,,,
2665,0.9,1,False,,,,
2666,0.9,1,False,,,,
2667,0.9,1,False,,,,
2668,0.9,1,False,,,,
2669,0.9,1,False,,,,
2670,0.9,1,False,,,,
2671,0.9,1,False,,,,
2672,0.9,1,False,,,,
2673,0.9,1,False,,,,
2674,0.9,1,False,,,,
2675,0.9,1,False,,,,
2676,0.9,1,False,,,,
2677,0.9,1,False,,,,
2678,0.9,1,False,,,,
2679,0.9,1,False,,,,
2680,0.9,1,False,,,,
2681,0.9,1,False,,,,
2682,0.8,2,False,,,,
2683,0.8,2,False,,,,
2684,0.8,2,False,,,,
2685,0.9,1,False,,,,
2686,0.9,1,False,,,,
2687,0.9,1,False,,,,
2688,0.9,1,False,,,,
2689,0.9,1,False,,,,
2690,0.9,1,False,,,,
2691,0.9,1,False,,,,
2692,0.9,1,False,,,,
2693,0.9,1,False,,,,
2694,0.9,1,False,,,,
2695,0.9,1,False,,,,
2696,0.9,1,False,,,,
2697,0.9,1,False,,,,
2698,0.9,1,False,,,,
2699,0.9,1,False,,,,
2700,0.9,1,False,,,,
2701,0.9,1,False,,,,
2702,0.9,1,False,,,,
2703,0.9,1,False,,,,
2704,0.9,1,False,,,,
2705,0.9,1,False,,,,
2706,0.9,1,False,,,,
2707,0.9,1,False,,,,
2708,0.9,1,False,,,,
2709,0.9,1,False,,,,
2710,0.9,1,False,,,,
2711,0.9,1,False,,,,
2712,0.9,1,False,,,,
2713,0.9,1,False,,,,
2714,0.9,1,False,,,,
2715,0.9,1,False,,,,
2716,0.9,1,False,,,,
2717,0.9,1,False,,,,
2718,0.9,1,False,,,,
2719,0.9,1,False,,,,
2720,0.9,1,False,,,,
2721,0.9,1,False,,,,
2722,0.9,1,False,,,,
2723,0.9,1,False,,,,
2724,0.9,1,False,,,,
2725,0.9,1,False,,,,
2726,0.9,1,False,,,,
2727,0.9,1,False,,,,
2728,0.9,1,False,,,,
2729,0.9,1,False,,,,
2730,0.9,1,False,,,,
2731,0.9,1,False,,,,
2732,0.9,1,False,,,,
2733,0.9,1,False,,,,
2734,0.9,1,False,,,,
2735,0.9,1,False,,,,
2736,0.9,1,False,,,,
2737,0.9,1,False,,,,
2738,0.9,1,False,,,,
2739,0.9,1,False,,,,
2740,1.0,0,False,,,,
2741,1.0,0,False,,,,
2742,1.0,0,False,,,,
2743,1.0,0,False,,,,
2744,1.0,0,False,,,,
2745,1.0,0,False,,,,
2746,1.0,0,False,,,,
2747,1.0,0,False,,,,
2748,1.0,0,False,,,,
2749,0.9,1,False,,,,
2750,0.9,1,False,,,,
2751,0.9,1,False,,,,
2752,0.9,1,False,,,,
2753,0.9,1,False,,,,
2754,0.9,1,False,,,,
2755,0.9,1,False,,,,
2756,0.9,1,False,,,,
2757,0.9,1,False,,,,
2758,0.9,1,False,,,,
2759,0.9,1,False,,,,
2760,0.9,1,False,,,,
2761,0.9,1,False,,,,
2762,0.9,1,False,,,,
2763,0.9,1,False,,,,
2764,0.9,1,False,,,,
2765,0.9,1,False,,,,
2766,0.9,1,False,,,,
2767,0.9,1,False,,,,
2768,0.9,1,False,,,,
2769,0.9,1,False,,,,
2770,0.9,1,False,,,,
2771,0.9,1,False,,,,
2772,0.9,1,False,,,,
2773,0.9,1,False,,,,
2774,1.0,0,False,,,,
2775,0.9,1,False,,,,
2776,0.9,1,False,,,,
2777,0.9,1,False,,,,
2778,0.9,1,False,,,,
2779,0.9,1,False,,,,
2780,0.9,1,False,,,,
2781,0.9,1,False,,,,
2782,0.9,1,False,,,,
2783,0.9,1,False,,,,
2784,0.9,1,False,,,,
2785,0.9,1,False,,,,
2786,0.9,1,False,,,,
2787,0.9,1,False,,,,
2788,0.9,1,False,,,,
2789,0.9,1,False,,,,
2790,0.9,1,False,,,,
2791,0.9,1,False,,,,
2792,0.9,1,False,,,,
2793,0.9,1,False,,,,
2794,0.9,1,False,,,,
2795,0.9,1,False,,,,
2796,0.9,1,False,,,,
2797,0.9,1,False,,,,
2798,0.9,1,False,,,,
2799,0.9,1,False,,,,
2800,0.9,1,False,,,,
2801,0.9,1,False,,,,
2802,0.9,1,False,,,,
2803,0.9,1,False,,,,
2804,0.9,1,False,,,,
2805,0.9,1,False,,,,
2806,0.9,1,False,,,,
2807,0.9,1,False,,,,
2808,0.9,1,False,,,,
2809,0.9,1,False,,,,
2810,0.9,1,False,,,,
2811,0.9,1,False,,,,
2812,0.9,1,False,,,,
2813,0.9,1,False,,,,
2814,0.9,1,False,,,,
2815,0.9,1,False,,,,
2816,0.9,1,False,,,,
2817,0.9,1,False,,,,
2818,0.9,1,False,,,,
2819,0.9,1,False,,,,
2820,0.9,1,False,,,,
2821,0.9,1,False,,,,
2822,0.9,1,False,,,,
2823,0.9,1,False,,,,
2824,0.9,1,False,,,,
2825,0.9,1,False,,,,
2826,0.9,1,False,,,,
2827,0.9,1,False,,,,
2828,0.9,1,False,,,,
2829,0.9,1,False,,,,
2830,0.9,1,False,,,,
2831,0.9,1,False,,,,
2832,0.9,1,False,,,,
2833,0.9,1,False,,,,
2834,0.9,1,False,,,,
2835,0.9,1,False,,,,
2836,0.9,1,False,,,,
2837,0.9,1,False,,,,
2838,0.9,1,False,,,,
2839,0.9,1,False,,,,
2840,0.9,1,False,,,,
2841,0.9,1,False,,,,
2842,0.9,1,False,,,,
2843,0.9,1,False,,,,
2844,0.9,1,False,,,,
2845,0.9,1,False,,,,
2846,0.9,1,False,,,,
2847,0.9,1,False,,,,
2848,0.9,1,False,,,,
2849,0.9,1,False,,,,
2850,0.9,1,False,,,,
2851,0.9,1,False,,,,
2852,0.9,1,False,,,,
2853,0.9,1,False,,,,
2854,0.9,1,False,,,,
2855,0.9,1,False,,,,
2856,0.9,1,False,,,,
2857,0.9,1,False,,,,
2858,0.9,1,False,,,,
2859,0.9,1,False,,,,
2860,0.9,1,False,,,,
2861,0.9,1,False,,,,
2862,0.9,1,False,,,,
2863,0.9,1,False,,,,
2864,0.9,1,False,,,,
2865,0.9,1,False,,,,
2866,0.9,1,False,,,,
2867,0.9,1,False,,,,
2868,0.9,1,False,,,,
2869,0.9,1,False,,,,
2870,0.9,1,False,,,,
2871,0.9,1,False,,,,
2872,0.9,1,False,,,,
2873,0.9,1,False,,,,
2874,0.9,1,False,,,,
2875,0.9,1,False,,,,
2876,0.9,1,False,,,,
2877,0.9,1,False,,,,
2878,0.9,1,False,,,,
2879,0.9,1,False,,,,
2880,0.9,1,False,,,,
2881,0.9,1,False,,,,
2882,0.9,1,False,,,,
2883,0.9,1,False,,,,
2884,0.9,1,False,,,,
2885,0.9,1,False,,,,
2886,0.9,1,False,,,,
2887,0.9,1,False,,,,
2888,0.9,1,False,,,,
2889,0.9,1,False,,,,
2890,0.9,1,False,,,,
2891,0.9,1,False,,,,
2892,0.9,1,False,,,,
2893,0.9,1,False,,,,
2894,0.9,1,False,,,,
2895,0.9,1,False,,,,
2896,0.9,1,False,,,,
2897,0.9,1,False,,,,
2898,0.9,1,False,,,,
2899,0.9,1,False,,,,
2900,0.9,1,False,,,,
2901,0.9,1,False,,,,
2902,0.9,1,False,,,,
2903,0.9,1,False,,,,
2904,0.9,1,False,,,,
2905,0.9,1,False,,,,
2906,0.9,1,False,,,,
2907,0.9,1,False,,,,
2908,0.9,1,False,,,,
2909,0.9,1,False,,,,
2910,0.9,1,False,,,,
2911,0.9,1,False,,,,
2912,0.9,1,False,,,,
2913,0.9,1,False,,,,
2914,0.9,1,False,,,,
2915,0.9,1,False,,,,
2916,0.9,1,False,,,,
2917,0.9,1,False,,,,
2918,0.9,1,False,,,,
2919,0.9,1,False,,,,
2920,0.9,1,False,,,,
2921,0.9,1,False,,,,
2922,0.9,1,False,,,,
2923,0.9,1,False,,,,
2924,0.9,1,False,,,,
2925,0.9,1,False,,,,
2926,0.9,1,False,,,,
2927,0.9,1,False,,,,
2928,0.9,1,False,,,,
2929,0.9,1,False,,,,
2930,0.9,1,False,,,,
2931,0.9,1,False,,,,
2932,0.9,1,False,,,,
2933,0.9,1,False,,,,
2934,0.9,1,False,,,,
2935,0.9,1,False,,,,
2936,0.9,1,False,,,,
2937,0.9,1,False,,,,
2938,0.9,1,False,,,,
2939,0.9,1,False,,,,
2940,0.9,1,False,,,,
2941,0.9,1,False,,,,
2942,0.9,1,False,,,,
2943,0.9,1,False,,,,
2944,0.9,1,False,,,,
2945,0.9,1,False,,,,
2946,0.9,1,False,,,,
2947,0.9,1,False,,,,
2948,0.9,1,False,,,,
2949,0.9,1,False,,,,
2950,0.9,1,False,,,,
2951,0.9,1,False,,,,
2952,0.9,1,False,,,,
2953,0.9,1,False,,,,
2954,0.9,1,False,,,,
2955,0.9,1,False,,,,
2956,0.9,1,False,,,,
2957,0.9,1,False,,,,
2958,0.9,1,False,,,,
2959,0.9,1,False,,,,
2960,0.9,1,False,,,,
2961,0.9,1,False,,,,
2962,0.9,1,False,,,,
2963,0.9,1,False,,,,
2964,0.9,1,False,,,,
2965,0.9,1,False,,,,
2966,0.9,1,False,,,,
2967,0.9,1,False,,,,
2968,0.9,1,False,,,,
2969,0.9,1,False,,,,
2970,0.9,1,False,,,,
2971,0.9,1,False,,,,
2972,0.9,1,False,,,,
2973,0.9,1,False,,,,
2974,0.9,1,False,,,,
2975,0.9,1,False,,,,
2976,0.9,1,False,,,,
2977,0.9,1,False,,,,
2978,0.9,1,False,,,,
2979,0.9,1,False,,,,
2980,0.9,1,False,,,,
2981,0.9,1,False,,,,
2982,0.9,1,False,,,,
2983,0.9,1,False,,,,
2984,0.9,1,False,,,,
2985,0.9,1,False,,,,
2986,0.9,1,False,,,,
2987,0.9,1,False,,,,
2988,0.9,1,False,,,,
2989,0.9,1,False,,,,
2990,0.9,1,False,,,,
2991,0.9,1,False,,,,
2992,0.9,1,False,,,,
2993,0.9,1,False,,,,
2994,0.9,1,False,,,,
2995,0.9,1,False,,,,
2996,0.9,1,False,,,,
2997,0.9,1,False,,,,
2998,0.9,1,False,,,,
2999,0.9,1,False,,,,
3000,0.9,1,False,,,,
3001,0.9,1,False,,,,
3002,0.9,1,False,,,,
3003,0.9,1,False,,,,
3004,0.9,1,False,,,,
3005,0.9,1,False,,,,
3006,0.9,1,False,,,,
3007,0.9,1,False,,,,
3008,0.9,1,False,,,,
3009,0.9,1,False,,,,
3010,0.9,1,False,,,,
3011,0.9,1,False,,,,
3012,0.9,1,False,,,,
3013,0.9,1,False,,,,
3014,0.9,1,False,,,,
3015,0.9,1,False,,,,
