col_index,gap_frac,nongap_n,keep,cons_similarity,cons_identity,cons_entropy22,cons_entropy_nogap
1,0.9615384615384616,1,False,,,,
2,0.9615384615384616,1,False,,,,
3,0.9615384615384616,1,False,,,,
4,0.9615384615384616,1,False,,,,
5,0.9615384615384616,1,False,,,,
6,0.9615384615384616,1,False,,,,
7,0.9615384615384616,1,False,,,,
8,0.9615384615384616,1,False,,,,
9,0.9615384615384616,1,False,,,,
10,0.9615384615384616,1,False,,,,
11,0.9615384615384616,1,False,,,,
12,0.9615384615384616,1,False,,,,
13,0.9615384615384616,1,False,,,,
14,0.9615384615384616,1,False,,,,
15,0.9615384615384616,1,False,,,,
16,0.9615384615384616,1,False,,,,
17,0.9615384615384616,1,False,,,,
18,0.9230769230769231,2,False,,,,
19,0.9230769230769231,2,False,,,,
20,0.9230769230769231,2,False,,,,
21,0.9230769230769231,2,False,,,,
22,0.9230769230769231,2,False,,,,
23,0.9230769230769231,2,False,,,,
24,0.9230769230769231,2,False,,,,
25,0.9230769230769231,2,False,,,,
26,0.9230769230769231,2,False,,,,
27,0.9230769230769231,2,False,,,,
28,0.9230769230769231,2,False,,,,
29,0.9230769230769231,2,False,,,,
30,0.9230769230769231,2,False,,,,
31,0.9230769230769231,2,False,,,,
32,0.9230769230769231,2,False,,,,
33,0.9230769230769231,2,False,,,,
34,0.9230769230769231,2,False,,,,
35,0.9230769230769231,2,False,,,,
36,0.9615384615384616,1,False,,,,
37,0.9615384615384616,1,False,,,,
38,0.9615384615384616,1,False,,,,
39,0.9615384615384616,1,False,,,,
40,0.9615384615384616,1,False,,,,
41,0.9615384615384616,1,False,,,,
42,0.9615384615384616,1,False,,,,
43,0.9615384615384616,1,False,,,,
44,0.9615384615384616,1,False,,,,
45,0.9615384615384616,1,False,,,,
46,0.9615384615384616,1,False,,,,
47,0.9615384615384616,1,False,,,,
48,0.9615384615384616,1,False,,,,
49,0.9615384615384616,1,False,,,,
50,0.9615384615384616,1,False,,,,
51,0.9615384615384616,1,False,,,,
52,0.9615384615384616,1,False,,,,
53,0.9615384615384616,1,False,,,,
54,0.9615384615384616,1,False,,,,
55,0.9615384615384616,1,False,,,,
56,0.9615384615384616,1,False,,,,
57,0.9615384615384616,1,False,,,,
58,0.9615384615384616,1,False,,,,
59,0.9615384615384616,1,False,,,,
60,0.9615384615384616,1,False,,,,
61,0.9615384615384616,1,False,,,,
62,0.9615384615384616,1,False,,,,
63,0.9615384615384616,1,False,,,,
64,0.9615384615384616,1,False,,,,
65,0.9615384615384616,1,False,,,,
66,0.9615384615384616,1,False,,,,
67,0.9615384615384616,1,False,,,,
68,0.9615384615384616,1,False,,,,
69,0.9615384615384616,1,False,,,,
70,0.9615384615384616,1,False,,,,
71,0.9615384615384616,1,False,,,,
72,0.9615384615384616,1,False,,,,
73,0.9615384615384616,1,False,,,,
74,0.9615384615384616,1,False,,,,
75,0.9615384615384616,1,False,,,,
76,0.9615384615384616,1,False,,,,
77,0.9615384615384616,1,False,,,,
78,0.8846153846153846,3,False,,,,
79,0.8846153846153846,3,False,,,,
80,0.8846153846153846,3,False,,,,
81,0.8846153846153846,3,False,,,,
82,0.8846153846153846,3,False,,,,
83,0.8461538461538461,4,False,,,,
84,0.8461538461538461,4,False,,,,
85,0.8461538461538461,4,False,,,,
86,0.8461538461538461,4,False,,,,
87,0.8461538461538461,4,False,,,,
88,0.8461538461538461,4,False,,,,
89,0.8461538461538461,4,False,,,,
90,0.8461538461538461,4,False,,,,
91,0.8461538461538461,4,False,,,,
92,0.8461538461538461,4,False,,,,
93,0.8461538461538461,4,False,,,,
94,0.8461538461538461,4,False,,,,
95,0.9615384615384616,1,False,,,,
96,0.9615384615384616,1,False,,,,
97,0.9615384615384616,1,False,,,,
98,0.9615384615384616,1,False,,,,
99,0.9615384615384616,1,False,,,,
100,0.9230769230769231,2,False,,,,
101,0.9230769230769231,2,False,,,,
102,0.9230769230769231,2,False,,,,
103,0.9230769230769231,2,False,,,,
104,0.9230769230769231,2,False,,,,
105,0.9230769230769231,2,False,,,,
106,0.9230769230769231,2,False,,,,
107,0.9615384615384616,1,False,,,,
108,0.9615384615384616,1,False,,,,
109,0.9230769230769231,2,False,,,,
110,0.9230769230769231,2,False,,,,
111,0.9230769230769231,2,False,,,,
112,0.9230769230769231,2,False,,,,
113,0.9230769230769231,2,False,,,,
114,0.9230769230769231,2,False,,,,
115,0.9230769230769231,2,False,,,,
116,0.9230769230769231,2,False,,,,
117,0.9230769230769231,2,False,,,,
118,0.9230769230769231,2,False,,,,
119,0.9230769230769231,2,False,,,,
120,0.8461538461538461,4,False,,,,
121,0.8461538461538461,4,False,,,,
122,0.8461538461538461,4,False,,,,
123,0.8461538461538461,4,False,,,,
124,0.8461538461538461,4,False,,,,
125,0.8846153846153846,3,False,,,,
126,0.8846153846153846,3,False,,,,
127,0.8846153846153846,3,False,,,,
128,0.8846153846153846,3,False,,,,
129,0.8846153846153846,3,False,,,,
130,0.8846153846153846,3,False,,,,
131,0.9230769230769231,2,False,,,,
132,0.9230769230769231,2,False,,,,
133,0.8846153846153846,3,False,,,,
134,0.8846153846153846,3,False,,,,
135,0.9615384615384616,1,False,,,,
136,0.9615384615384616,1,False,,,,
137,0.9230769230769231,2,False,,,,
138,0.9230769230769231,2,False,,,,
139,0.9230769230769231,2,False,,,,
140,0.9230769230769231,2,False,,,,
141,0.9230769230769231,2,False,,,,
142,0.9230769230769231,2,False,,,,
143,0.9230769230769231,2,False,,,,
144,0.8846153846153846,3,False,,,,
145,0.8846153846153846,3,False,,,,
146,0.8846153846153846,3,False,,,,
147,0.8846153846153846,3,False,,,,
148,0.8846153846153846,3,False,,,,
149,0.8846153846153846,3,False,,,,
150,0.8846153846153846,3,False,,,,
151,0.8846153846153846,3,False,,,,
152,0.8846153846153846,3,False,,,,
153,0.8461538461538461,4,False,,,,
154,0.8461538461538461,4,False,,,,
155,0.8461538461538461,4,False,,,,
156,0.8461538461538461,4,False,,,,
157,0.8461538461538461,4,False,,,,
158,0.8461538461538461,4,False,,,,
159,0.8461538461538461,4,False,,,,
160,0.8846153846153846,3,False,,,,
161,0.8846153846153846,3,False,,,,
162,0.9230769230769231,2,False,,,,
163,0.9230769230769231,2,False,,,,
164,0.9230769230769231,2,False,,,,
165,0.9615384615384616,1,False,,,,
166,0.9615384615384616,1,False,,,,
167,0.9615384615384616,1,False,,,,
168,0.9615384615384616,1,False,,,,
169,0.9615384615384616,1,False,,,,
170,0.9615384615384616,1,False,,,,
171,0.9615384615384616,1,False,,,,
172,0.9615384615384616,1,False,,,,
173,0.9615384615384616,1,False,,,,
174,0.9615384615384616,1,False,,,,
175,0.9230769230769231,2,False,,,,
176,0.8461538461538461,4,False,,,,
177,0.8461538461538461,4,False,,,,
178,0.8461538461538461,4,False,,,,
179,0.8846153846153846,3,False,,,,
180,0.8846153846153846,3,False,,,,
181,0.8846153846153846,3,False,,,,
182,0.8846153846153846,3,False,,,,
183,0.8846153846153846,3,False,,,,
184,0.8846153846153846,3,False,,,,
185,0.8846153846153846,3,False,,,,
186,0.8846153846153846,3,False,,,,
187,0.8846153846153846,3,False,,,,
188,0.8461538461538461,4,False,,,,
189,0.8461538461538461,4,False,,,,
190,0.8461538461538461,4,False,,,,
191,0.8461538461538461,4,False,,,,
192,0.8846153846153846,3,False,,,,
193,0.8461538461538461,4,False,,,,
194,0.8461538461538461,4,False,,,,
195,0.8461538461538461,4,False,,,,
196,0.8846153846153846,3,False,,,,
197,0.8461538461538461,4,False,,,,
198,0.8461538461538461,4,False,,,,
199,0.8461538461538461,4,False,,,,
200,0.9230769230769231,2,False,,,,
201,0.9230769230769231,2,False,,,,
202,0.9230769230769231,2,False,,,,
203,0.9230769230769231,2,False,,,,
204,0.9230769230769231,2,False,,,,
205,0.9230769230769231,2,False,,,,
206,0.9230769230769231,2,False,,,,
207,0.9230769230769231,2,False,,,,
208,0.9230769230769231,2,False,,,,
209,0.9615384615384616,1,False,,,,
210,0.9615384615384616,1,False,,,,
211,0.9615384615384616,1,False,,,,
212,0.9615384615384616,1,False,,,,
213,0.9615384615384616,1,False,,,,
214,0.9615384615384616,1,False,,,,
215,0.9615384615384616,1,False,,,,
216,0.9615384615384616,1,False,,,,
217,0.9615384615384616,1,False,,,,
218,0.9615384615384616,1,False,,,,
219,0.9230769230769231,2,False,,,,
220,0.9230769230769231,2,False,,,,
221,0.9230769230769231,2,False,,,,
222,0.9230769230769231,2,False,,,,
223,0.9230769230769231,2,False,,,,
224,0.9230769230769231,2,False,,,,
225,0.9230769230769231,2,False,,,,
226,0.9230769230769231,2,False,,,,
227,0.9230769230769231,2,False,,,,
228,0.9230769230769231,2,False,,,,
229,0.9230769230769231,2,False,,,,
230,0.9230769230769231,2,False,,,,
231,0.9230769230769231,2,False,,,,
232,0.9615384615384616,1,False,,,,
233,0.9615384615384616,1,False,,,,
234,0.9615384615384616,1,False,,,,
235,0.9615384615384616,1,False,,,,
236,0.9615384615384616,1,False,,,,
237,0.9615384615384616,1,False,,,,
238,0.9615384615384616,1,False,,,,
239,0.9230769230769231,2,False,,,,
240,0.9230769230769231,2,False,,,,
241,0.9230769230769231,2,False,,,,
242,0.9230769230769231,2,False,,,,
243,0.9230769230769231,2,False,,,,
244,0.9615384615384616,1,False,,,,
245,0.9615384615384616,1,False,,,,
246,0.9230769230769231,2,False,,,,
247,0.9230769230769231,2,False,,,,
248,0.9230769230769231,2,False,,,,
249,0.9230769230769231,2,False,,,,
250,0.9230769230769231,2,False,,,,
251,0.9230769230769231,2,False,,,,
252,0.9230769230769231,2,False,,,,
253,0.9230769230769231,2,False,,,,
254,0.9230769230769231,2,False,,,,
255,0.9230769230769231,2,False,,,,
256,0.9230769230769231,2,False,,,,
257,0.8461538461538461,4,False,,,,
258,0.8846153846153846,3,False,,,,
259,0.8846153846153846,3,False,,,,
260,0.8846153846153846,3,False,,,,
261,0.8846153846153846,3,False,,,,
262,0.8846153846153846,3,False,,,,
263,0.8846153846153846,3,False,,,,
264,0.8846153846153846,3,False,,,,
265,0.8846153846153846,3,False,,,,
266,0.8846153846153846,3,False,,,,
267,0.8846153846153846,3,False,,,,
268,0.8846153846153846,3,False,,,,
269,0.8846153846153846,3,False,,,,
270,0.8846153846153846,3,False,,,,
271,0.8846153846153846,3,False,,,,
272,0.8846153846153846,3,False,,,,
273,0.9230769230769231,2,False,,,,
274,0.9230769230769231,2,False,,,,
275,0.9230769230769231,2,False,,,,
276,0.8846153846153846,3,False,,,,
277,0.8846153846153846,3,False,,,,
278,0.8846153846153846,3,False,,,,
279,0.8846153846153846,3,False,,,,
280,0.9230769230769231,2,False,,,,
281,0.9230769230769231,2,False,,,,
282,0.8846153846153846,3,False,,,,
283,0.8846153846153846,3,False,,,,
284,0.8846153846153846,3,False,,,,
285,0.8846153846153846,3,False,,,,
286,0.8846153846153846,3,False,,,,
287,0.8846153846153846,3,False,,,,
288,0.9230769230769231,2,False,,,,
289,0.9230769230769231,2,False,,,,
290,0.9230769230769231,2,False,,,,
291,0.9230769230769231,2,False,,,,
292,0.9230769230769231,2,False,,,,
293,0.9230769230769231,2,False,,,,
294,0.9615384615384616,1,False,,,,
295,0.9230769230769231,2,False,,,,
296,0.9230769230769231,2,False,,,,
297,0.9230769230769231,2,False,,,,
298,0.9230769230769231,2,False,,,,
299,0.9230769230769231,2,False,,,,
300,0.9230769230769231,2,False,,,,
301,0.9230769230769231,2,False,,,,
302,0.9230769230769231,2,False,,,,
303,0.9230769230769231,2,False,,,,
304,0.9230769230769231,2,False,,,,
305,0.9230769230769231,2,False,,,,
306,0.9230769230769231,2,False,,,,
307,0.9230769230769231,2,False,,,,
308,0.9230769230769231,2,False,,,,
309,0.9230769230769231,2,False,,,,
310,0.9230769230769231,2,False,,,,
311,0.9230769230769231,2,False,,,,
312,0.9230769230769231,2,False,,,,
313,0.9230769230769231,2,False,,,,
314,0.9230769230769231,2,False,,,,
315,0.8846153846153846,3,False,,,,
316,0.9230769230769231,2,False,,,,
317,0.9230769230769231,2,False,,,,
318,0.8846153846153846,3,False,,,,
319,0.8846153846153846,3,False,,,,
320,0.9230769230769231,2,False,,,,
321,0.8846153846153846,3,False,,,,
322,0.8846153846153846,3,False,,,,
323,0.8846153846153846,3,False,,,,
324,0.8846153846153846,3,False,,,,
325,0.8461538461538461,4,False,,,,
326,0.8461538461538461,4,False,,,,
327,0.8461538461538461,4,False,,,,
328,0.8461538461538461,4,False,,,,
329,0.8461538461538461,4,False,,,,
330,0.8461538461538461,4,False,,,,
331,0.8461538461538461,4,False,,,,
332,0.8461538461538461,4,False,,,,
333,0.8461538461538461,4,False,,,,
334,0.8461538461538461,4,False,,,,
335,0.8461538461538461,4,False,,,,
336,0.8461538461538461,4,False,,,,
337,0.8461538461538461,4,False,,,,
338,0.8461538461538461,4,False,,,,
339,0.8461538461538461,4,False,,,,
340,0.8461538461538461,4,False,,,,
341,0.8461538461538461,4,False,,,,
342,0.8461538461538461,4,False,,,,
343,0.8461538461538461,4,False,,,,
344,0.9230769230769231,2,False,,,,
345,0.9230769230769231,2,False,,,,
346,0.9230769230769231,2,False,,,,
347,0.9230769230769231,2,False,,,,
348,0.9230769230769231,2,False,,,,
349,0.9230769230769231,2,False,,,,
350,0.9230769230769231,2,False,,,,
351,0.9615384615384616,1,False,,,,
352,0.9615384615384616,1,False,,,,
353,0.9615384615384616,1,False,,,,
354,0.9615384615384616,1,False,,,,
355,0.9615384615384616,1,False,,,,
356,0.9615384615384616,1,False,,,,
357,0.9615384615384616,1,False,,,,
358,0.9615384615384616,1,False,,,,
359,0.9615384615384616,1,False,,,,
360,0.9615384615384616,1,False,,,,
361,0.9615384615384616,1,False,,,,
362,0.9230769230769231,2,False,,,,
363,0.9230769230769231,2,False,,,,
364,0.9230769230769231,2,False,,,,
365,0.9230769230769231,2,False,,,,
366,0.9230769230769231,2,False,,,,
367,0.9230769230769231,2,False,,,,
368,0.9230769230769231,2,False,,,,
369,0.9230769230769231,2,False,,,,
370,0.8461538461538461,4,False,,,,
371,0.8461538461538461,4,False,,,,
372,0.8461538461538461,4,False,,,,
373,0.8461538461538461,4,False,,,,
374,0.8461538461538461,4,False,,,,
375,0.8461538461538461,4,False,,,,
376,0.8461538461538461,4,False,,,,
377,0.8461538461538461,4,False,,,,
378,0.8846153846153846,3,False,,,,
379,0.9615384615384616,1,False,,,,
380,0.8846153846153846,3,False,,,,
381,0.8846153846153846,3,False,,,,
382,0.8846153846153846,3,False,,,,
383,0.8846153846153846,3,False,,,,
384,0.8846153846153846,3,False,,,,
385,0.8846153846153846,3,False,,,,
386,0.8846153846153846,3,False,,,,
387,0.8846153846153846,3,False,,,,
388,0.8846153846153846,3,False,,,,
389,0.8461538461538461,4,False,,,,
390,0.8461538461538461,4,False,,,,
391,0.8461538461538461,4,False,,,,
392,0.8461538461538461,4,False,,,,
393,0.8461538461538461,4,False,,,,
394,0.8846153846153846,3,False,,,,
395,0.8461538461538461,4,False,,,,
396,0.8846153846153846,3,False,,,,
397,0.8846153846153846,3,False,,,,
398,0.8846153846153846,3,False,,,,
399,0.8461538461538461,4,False,,,,
400,0.8461538461538461,4,False,,,,
401,0.8461538461538461,4,False,,,,
402,0.8461538461538461,4,False,,,,
403,0.8461538461538461,4,False,,,,
404,0.8461538461538461,4,False,,,,
405,0.9615384615384616,1,False,,,,
406,0.9615384615384616,1,False,,,,
407,0.9615384615384616,1,False,,,,
408,0.9615384615384616,1,False,,,,
409,0.9615384615384616,1,False,,,,
410,0.8461538461538461,4,False,,,,
411,0.8846153846153846,3,False,,,,
412,0.8846153846153846,3,False,,,,
413,0.8846153846153846,3,False,,,,
414,0.9230769230769231,2,False,,,,
415,0.9230769230769231,2,False,,,,
416,0.9230769230769231,2,False,,,,
417,0.9230769230769231,2,False,,,,
418,0.9230769230769231,2,False,,,,
419,0.9230769230769231,2,False,,,,
420,0.9230769230769231,2,False,,,,
421,0.9230769230769231,2,False,,,,
422,0.9230769230769231,2,False,,,,
423,0.9230769230769231,2,False,,,,
424,0.9230769230769231,2,False,,,,
425,0.9230769230769231,2,False,,,,
426,0.9230769230769231,2,False,,,,
427,0.9230769230769231,2,False,,,,
428,0.9230769230769231,2,False,,,,
429,0.9615384615384616,1,False,,,,
430,0.9615384615384616,1,False,,,,
431,0.9615384615384616,1,False,,,,
432,0.9615384615384616,1,False,,,,
433,0.9615384615384616,1,False,,,,
434,0.9615384615384616,1,False,,,,
435,0.9615384615384616,1,False,,,,
436,0.9230769230769231,2,False,,,,
437,0.9230769230769231,2,False,,,,
438,0.9230769230769231,2,False,,,,
439,0.8846153846153846,3,False,,,,
440,0.8846153846153846,3,False,,,,
441,0.8846153846153846,3,False,,,,
442,0.8846153846153846,3,False,,,,
443,0.8846153846153846,3,False,,,,
444,0.8846153846153846,3,False,,,,
445,0.8846153846153846,3,False,,,,
446,0.8846153846153846,3,False,,,,
447,0.8846153846153846,3,False,,,,
448,0.8846153846153846,3,False,,,,
449,0.8846153846153846,3,False,,,,
450,0.8846153846153846,3,False,,,,
451,0.9230769230769231,2,False,,,,
452,0.9230769230769231,2,False,,,,
453,0.9230769230769231,2,False,,,,
454,0.9230769230769231,2,False,,,,
455,0.9230769230769231,2,False,,,,
456,0.9615384615384616,1,False,,,,
457,0.9230769230769231,2,False,,,,
458,0.8846153846153846,3,False,,,,
459,0.8846153846153846,3,False,,,,
460,0.8846153846153846,3,False,,,,
461,0.8846153846153846,3,False,,,,
462,0.8846153846153846,3,False,,,,
463,0.8846153846153846,3,False,,,,
464,0.8846153846153846,3,False,,,,
465,0.8846153846153846,3,False,,,,
466,0.8846153846153846,3,False,,,,
467,0.8846153846153846,3,False,,,,
468,0.8846153846153846,3,False,,,,
469,0.8846153846153846,3,False,,,,
470,0.8846153846153846,3,False,,,,
471,0.8846153846153846,3,False,,,,
472,0.8846153846153846,3,False,,,,
473,0.8846153846153846,3,False,,,,
474,0.8846153846153846,3,False,,,,
475,0.9230769230769231,2,False,,,,
476,0.9230769230769231,2,False,,,,
477,0.9230769230769231,2,False,,,,
478,0.9230769230769231,2,False,,,,
479,0.9230769230769231,2,False,,,,
480,0.9230769230769231,2,False,,,,
481,0.9230769230769231,2,False,,,,
482,0.9230769230769231,2,False,,,,
483,0.9230769230769231,2,False,,,,
484,0.9230769230769231,2,False,,,,
485,0.9230769230769231,2,False,,,,
486,0.9230769230769231,2,False,,,,
487,0.8461538461538461,4,False,,,,
488,0.8461538461538461,4,False,,,,
489,0.8846153846153846,3,False,,,,
490,0.8846153846153846,3,False,,,,
491,0.8846153846153846,3,False,,,,
492,0.8846153846153846,3,False,,,,
493,0.8846153846153846,3,False,,,,
494,0.8846153846153846,3,False,,,,
495,0.8846153846153846,3,False,,,,
496,0.8846153846153846,3,False,,,,
497,0.8846153846153846,3,False,,,,
498,0.8846153846153846,3,False,,,,
499,0.8846153846153846,3,False,,,,
500,0.8846153846153846,3,False,,,,
501,0.8846153846153846,3,False,,,,
502,0.8846153846153846,3,False,,,,
503,0.8846153846153846,3,False,,,,
504,0.8846153846153846,3,False,,,,
505,0.8846153846153846,3,False,,,,
506,0.8846153846153846,3,False,,,,
507,0.8846153846153846,3,False,,,,
508,0.8461538461538461,4,False,,,,
509,0.8846153846153846,3,False,,,,
510,0.8846153846153846,3,False,,,,
511,0.8461538461538461,4,False,,,,
512,0.8461538461538461,4,False,,,,
513,0.8461538461538461,4,False,,,,
514,0.8846153846153846,3,False,,,,
515,0.8461538461538461,4,False,,,,
516,0.9615384615384616,1,False,,,,
517,0.9615384615384616,1,False,,,,
518,0.8461538461538461,4,False,,,,
519,0.8461538461538461,4,False,,,,
520,0.8461538461538461,4,False,,,,
521,0.8461538461538461,4,False,,,,
522,0.8461538461538461,4,False,,,,
523,0.8461538461538461,4,False,,,,
524,0.8461538461538461,4,False,,,,
525,0.8461538461538461,4,False,,,,
526,0.8461538461538461,4,False,,,,
527,0.8461538461538461,4,False,,,,
528,0.8461538461538461,4,False,,,,
529,0.8461538461538461,4,False,,,,
530,0.8461538461538461,4,False,,,,
531,0.8461538461538461,4,False,,,,
532,0.8076923076923077,5,False,,,,0.03977028213923883
533,0.8076923076923077,5,False,,,,0.039035952556318865
534,0.8076923076923077,5,False,,,,0.0
535,0.9615384615384616,1,False,,,,
536,0.9615384615384616,1,False,,,,
537,0.9615384615384616,1,False,,,,
538,0.9615384615384616,1,False,,,,
539,0.9615384615384616,1,False,,,,
540,0.9615384615384616,1,False,,,,
541,0.9615384615384616,1,False,,,,
542,0.9615384615384616,1,False,,,,
543,0.9615384615384616,1,False,,,,
544,0.9615384615384616,1,False,,,,
545,0.9615384615384616,1,False,,,,
546,0.9615384615384616,1,False,,,,
547,0.9615384615384616,1,False,,,,
548,0.9615384615384616,1,False,,,,
549,0.9615384615384616,1,False,,,,
550,0.9615384615384616,1,False,,,,
551,0.9615384615384616,1,False,,,,
552,0.9615384615384616,1,False,,,,
553,0.9615384615384616,1,False,,,,
554,0.9615384615384616,1,False,,,,
555,0.9615384615384616,1,False,,,,
556,0.9615384615384616,1,False,,,,
557,0.9615384615384616,1,False,,,,
558,0.9615384615384616,1,False,,,,
559,0.9615384615384616,1,False,,,,
560,0.9615384615384616,1,False,,,,
561,0.9615384615384616,1,False,,,,
562,0.9615384615384616,1,False,,,,
563,0.9615384615384616,1,False,,,,
564,0.9615384615384616,1,False,,,,
565,0.9615384615384616,1,False,,,,
566,0.9615384615384616,1,False,,,,
567,0.9615384615384616,1,False,,,,
568,0.9615384615384616,1,False,,,,
569,0.9615384615384616,1,False,,,,
570,0.9615384615384616,1,False,,,,
571,0.9615384615384616,1,False,,,,
572,0.8076923076923077,5,False,,,,0.03977028213923883
573,0.8076923076923077,5,False,,,,0.039035952556318865
574,0.8076923076923077,5,False,,,,0.0
575,0.8076923076923077,5,False,,,,0.039035952556318865
576,0.8076923076923077,5,False,,,,0.039035952556318865
577,0.8076923076923077,5,False,,,,0.0
578,0.8076923076923077,5,False,,,,0.0
579,0.8076923076923077,5,False,,,,0.13502647928207268
580,0.8076923076923077,5,False,,,,0.039035952556318865
581,0.8461538461538461,4,False,,,,
582,0.8461538461538461,4,False,,,,
583,0.8461538461538461,4,False,,,,
584,0.8461538461538461,4,False,,,,
585,0.8461538461538461,4,False,,,,
586,0.8461538461538461,4,False,,,,
587,0.8076923076923077,5,False,,,,0.03977028213923883
588,0.8076923076923077,5,False,,,,0.039035952556318865
589,0.8076923076923077,5,False,,,,0.03977028213923883
590,0.8076923076923077,5,False,,,,0.039035952556318865
591,0.8076923076923077,5,False,,,,0.2780719051126377
592,0.8076923076923077,5,False,,,,0.039035952556318865
593,0.8076923076923077,5,False,,,,0.02904940554533142
594,0.8076923076923077,5,False,,,,0.13502647928207268
595,0.8076923076923077,5,False,,,,0.0
596,0.8076923076923077,5,False,,,,0.039035952556318865
597,0.8076923076923077,5,False,,,,0.13502647928207268
598,0.8076923076923077,5,False,,,,0.039035952556318865
599,0.8076923076923077,5,False,,,,0.039035952556318865
600,0.8076923076923077,5,False,,,,0.0
601,0.8076923076923077,5,False,,,,0.0
602,0.8846153846153846,3,False,,,,
603,0.8846153846153846,3,False,,,,
604,0.8846153846153846,3,False,,,,
605,0.8076923076923077,5,False,,,,0.03977028213923883
606,0.8076923076923077,5,False,,,,0.039035952556318865
607,0.8076923076923077,5,False,,,,0.13502647928207268
608,0.8461538461538461,4,False,,,,
609,0.8461538461538461,4,False,,,,
610,0.8461538461538461,4,False,,,,
611,0.8461538461538461,4,False,,,,
612,0.8846153846153846,3,False,,,,
613,0.8846153846153846,3,False,,,,
614,0.8846153846153846,3,False,,,,
615,0.8846153846153846,3,False,,,,
616,0.8461538461538461,4,False,,,,
617,0.8846153846153846,3,False,,,,
618,0.9230769230769231,2,False,,,,
619,0.9230769230769231,2,False,,,,
620,0.9230769230769231,2,False,,,,
621,0.9230769230769231,2,False,,,,
622,0.9615384615384616,1,False,,,,
623,0.9615384615384616,1,False,,,,
624,0.9615384615384616,1,False,,,,
625,0.9230769230769231,2,False,,,,
626,0.8846153846153846,3,False,,,,
627,0.8846153846153846,3,False,,,,
628,0.8846153846153846,3,False,,,,
629,0.8846153846153846,3,False,,,,
630,0.8846153846153846,3,False,,,,
631,0.8846153846153846,3,False,,,,
632,0.8076923076923077,5,False,,,,0.039035952556318865
633,0.8076923076923077,5,False,,,,0.0
634,0.8076923076923077,5,False,,,,0.03977028213923883
635,0.8846153846153846,3,False,,,,
636,0.8846153846153846,3,False,,,,
637,0.8846153846153846,3,False,,,,
638,0.8846153846153846,3,False,,,,
639,0.8846153846153846,3,False,,,,
640,0.8846153846153846,3,False,,,,
641,0.8846153846153846,3,False,,,,
642,0.8846153846153846,3,False,,,,
643,0.9230769230769231,2,False,,,,
644,0.8846153846153846,3,False,,,,
645,0.8846153846153846,3,False,,,,
646,0.8846153846153846,3,False,,,,
647,0.9230769230769231,2,False,,,,
648,0.9230769230769231,2,False,,,,
649,0.9230769230769231,2,False,,,,
650,0.9230769230769231,2,False,,,,
651,0.9230769230769231,2,False,,,,
652,0.9230769230769231,2,False,,,,
653,0.9230769230769231,2,False,,,,
654,0.9230769230769231,2,False,,,,
655,0.8076923076923077,5,False,,,,0.039035952556318865
656,0.8076923076923077,5,False,,,,0.039035952556318865
657,0.8076923076923077,5,False,,,,0.0
658,0.8076923076923077,5,False,,,,0.039035952556318865
659,0.8076923076923077,5,False,,,,0.039035952556318865
660,0.8461538461538461,4,False,,,,
661,0.8461538461538461,4,False,,,,
662,0.8076923076923077,5,False,,,,0.03977028213923883
663,0.8461538461538461,4,False,,,,
664,0.8846153846153846,3,False,,,,
665,0.8846153846153846,3,False,,,,
666,0.8846153846153846,3,False,,,,
667,0.9230769230769231,2,False,,,,
668,0.9230769230769231,2,False,,,,
669,0.9230769230769231,2,False,,,,
670,0.9230769230769231,2,False,,,,
671,0.8846153846153846,3,False,,,,
672,0.8846153846153846,3,False,,,,
673,0.8846153846153846,3,False,,,,
674,0.8846153846153846,3,False,,,,
675,0.8846153846153846,3,False,,,,
676,0.8846153846153846,3,False,,,,
677,0.8846153846153846,3,False,,,,
678,0.8846153846153846,3,False,,,,
679,0.8846153846153846,3,False,,,,
680,0.8846153846153846,3,False,,,,
681,0.8846153846153846,3,False,,,,
682,0.9615384615384616,1,False,,,,
683,0.9615384615384616,1,False,,,,
684,0.9615384615384616,1,False,,,,
685,0.9615384615384616,1,False,,,,
686,0.9615384615384616,1,False,,,,
687,0.9615384615384616,1,False,,,,
688,0.8846153846153846,3,False,,,,
689,0.8846153846153846,3,False,,,,
690,0.8846153846153846,3,False,,,,
691,0.8846153846153846,3,False,,,,
692,0.8846153846153846,3,False,,,,
693,0.8846153846153846,3,False,,,,
694,0.8846153846153846,3,False,,,,
695,0.8846153846153846,3,False,,,,
696,0.9230769230769231,2,False,,,,
697,0.9230769230769231,2,False,,,,
698,0.8846153846153846,3,False,,,,
699,0.8846153846153846,3,False,,,,
700,0.8846153846153846,3,False,,,,
701,0.9230769230769231,2,False,,,,
702,0.9615384615384616,1,False,,,,
703,0.9615384615384616,1,False,,,,
704,0.9615384615384616,1,False,,,,
705,0.9615384615384616,1,False,,,,
706,0.9615384615384616,1,False,,,,
707,0.9230769230769231,2,False,,,,
708,0.9230769230769231,2,False,,,,
709,0.9230769230769231,2,False,,,,
710,0.8846153846153846,3,False,,,,
711,0.8846153846153846,3,False,,,,
712,0.8846153846153846,3,False,,,,
713,0.9230769230769231,2,False,,,,
714,0.9230769230769231,2,False,,,,
715,0.9230769230769231,2,False,,,,
716,0.8846153846153846,3,False,,,,
717,0.8846153846153846,3,False,,,,
718,0.8846153846153846,3,False,,,,
719,0.8846153846153846,3,False,,,,
720,0.8846153846153846,3,False,,,,
721,0.8846153846153846,3,False,,,,
722,0.8846153846153846,3,False,,,,
723,0.9230769230769231,2,False,,,,
724,0.9230769230769231,2,False,,,,
725,0.9230769230769231,2,False,,,,
726,0.9230769230769231,2,False,,,,
727,0.9230769230769231,2,False,,,,
728,0.9230769230769231,2,False,,,,
729,0.9230769230769231,2,False,,,,
730,0.9230769230769231,2,False,,,,
731,0.9230769230769231,2,False,,,,
732,0.9230769230769231,2,False,,,,
733,0.9230769230769231,2,False,,,,
734,0.9230769230769231,2,False,,,,
735,0.9230769230769231,2,False,,,,
736,0.9230769230769231,2,False,,,,
737,0.9230769230769231,2,False,,,,
738,0.9230769230769231,2,False,,,,
739,0.9230769230769231,2,False,,,,
740,0.9230769230769231,2,False,,,,
741,0.9230769230769231,2,False,,,,
742,0.9230769230769231,2,False,,,,
743,0.9230769230769231,2,False,,,,
744,0.9230769230769231,2,False,,,,
745,0.9230769230769231,2,False,,,,
746,0.9230769230769231,2,False,,,,
747,0.9230769230769231,2,False,,,,
748,0.9230769230769231,2,False,,,,
749,0.9230769230769231,2,False,,,,
750,0.9230769230769231,2,False,,,,
751,0.9615384615384616,1,False,,,,
752,0.9615384615384616,1,False,,,,
753,0.9615384615384616,1,False,,,,
754,0.9615384615384616,1,False,,,,
755,0.9615384615384616,1,False,,,,
756,0.9615384615384616,1,False,,,,
757,0.9615384615384616,1,False,,,,
758,0.9615384615384616,1,False,,,,
759,0.9615384615384616,1,False,,,,
760,0.9615384615384616,1,False,,,,
761,0.9615384615384616,1,False,,,,
762,0.9615384615384616,1,False,,,,
763,0.9615384615384616,1,False,,,,
764,0.9615384615384616,1,False,,,,
765,0.9615384615384616,1,False,,,,
766,0.9615384615384616,1,False,,,,
767,0.9615384615384616,1,False,,,,
768,0.9230769230769231,2,False,,,,
769,0.9230769230769231,2,False,,,,
770,0.8461538461538461,4,False,,,,
771,0.8461538461538461,4,False,,,,
772,0.8461538461538461,4,False,,,,
773,0.8076923076923077,5,False,,,,0.039035952556318865
774,0.8076923076923077,5,False,,,,0.039035952556318865
775,0.8076923076923077,5,False,,,,0.039035952556318865
776,0.8076923076923077,5,False,,,,0.0
777,0.8076923076923077,5,False,,,,1.0
778,0.8076923076923077,5,False,,,,0.0
779,0.8076923076923077,5,False,,,,0.0
780,0.8076923076923077,5,False,,,,0.039035952556318865
781,0.8076923076923077,5,False,,,,0.13502647928207268
782,0.8076923076923077,5,False,,,,0.0
783,0.8076923076923077,5,False,,,,0.039035952556318865
784,0.8076923076923077,5,False,,,,0.0
785,0.8076923076923077,5,False,,,,0.039035952556318865
786,0.8076923076923077,5,False,,,,0.0
787,0.8076923076923077,5,False,,,,0.0
788,0.8076923076923077,5,False,,,,0.039035952556318865
789,0.8076923076923077,5,False,,,,0.039035952556318865
790,0.8076923076923077,5,False,,,,0.0
791,0.8076923076923077,5,False,,,,0.03977028213923883
792,0.8461538461538461,4,False,,,,
793,0.8461538461538461,4,False,,,,
794,0.8461538461538461,4,False,,,,
795,0.8461538461538461,4,False,,,,
796,0.8846153846153846,3,False,,,,
797,0.8846153846153846,3,False,,,,
798,0.8846153846153846,3,False,,,,
799,0.8846153846153846,3,False,,,,
800,0.8846153846153846,3,False,,,,
801,0.8846153846153846,3,False,,,,
802,0.8846153846153846,3,False,,,,
803,0.8846153846153846,3,False,,,,
804,0.8846153846153846,3,False,,,,
805,0.8846153846153846,3,False,,,,
806,0.8846153846153846,3,False,,,,
807,0.8846153846153846,3,False,,,,
808,0.8846153846153846,3,False,,,,
809,0.8846153846153846,3,False,,,,
810,0.8846153846153846,3,False,,,,
811,0.8846153846153846,3,False,,,,
812,0.8846153846153846,3,False,,,,
813,0.8846153846153846,3,False,,,,
814,0.8846153846153846,3,False,,,,
815,0.9615384615384616,1,False,,,,
816,0.9230769230769231,2,False,,,,
817,0.8461538461538461,4,False,,,,
818,0.8461538461538461,4,False,,,,
819,0.8461538461538461,4,False,,,,
820,0.8461538461538461,4,False,,,,
821,0.8076923076923077,5,False,,,,0.039035952556318865
822,0.8076923076923077,5,False,,,,0.13502647928207268
823,0.8076923076923077,5,False,,,,0.039035952556318865
824,0.8461538461538461,4,False,,,,
825,0.8076923076923077,5,False,,,,0.13502647928207268
826,0.8076923076923077,5,False,,,,0.039035952556318865
827,0.8076923076923077,5,False,,,,0.2780719051126377
828,0.9230769230769231,2,False,,,,
829,0.9230769230769231,2,False,,,,
830,0.8076923076923077,5,False,,,,0.13502647928207268
831,0.8076923076923077,5,False,,,,0.13502647928207268
832,0.8076923076923077,5,False,,,,0.039035952556318865
833,0.8076923076923077,5,False,,,,0.13502647928207268
834,0.8076923076923077,5,False,,,,0.13502647928207268
835,0.8076923076923077,5,False,,,,0.13502647928207268
836,0.8846153846153846,3,False,,,,
837,0.9615384615384616,1,False,,,,
838,0.9615384615384616,1,False,,,,
839,0.9615384615384616,1,False,,,,
840,0.9615384615384616,1,False,,,,
841,0.8846153846153846,3,False,,,,
842,0.8846153846153846,3,False,,,,
843,0.8846153846153846,3,False,,,,
844,0.8846153846153846,3,False,,,,
845,0.8846153846153846,3,False,,,,
846,0.8846153846153846,3,False,,,,
847,0.8846153846153846,3,False,,,,
848,0.8846153846153846,3,False,,,,
849,0.8846153846153846,3,False,,,,
850,0.8846153846153846,3,False,,,,
851,0.9615384615384616,1,False,,,,
852,0.9615384615384616,1,False,,,,
853,0.9615384615384616,1,False,,,,
854,0.9615384615384616,1,False,,,,
855,0.9615384615384616,1,False,,,,
856,0.9615384615384616,1,False,,,,
857,0.9615384615384616,1,False,,,,
858,0.9615384615384616,1,False,,,,
859,0.9615384615384616,1,False,,,,
860,0.9615384615384616,1,False,,,,
861,0.9615384615384616,1,False,,,,
862,0.9615384615384616,1,False,,,,
863,0.9615384615384616,1,False,,,,
864,0.9615384615384616,1,False,,,,
865,0.9615384615384616,1,False,,,,
866,0.9615384615384616,1,False,,,,
867,0.9615384615384616,1,False,,,,
868,0.9615384615384616,1,False,,,,
869,0.9615384615384616,1,False,,,,
870,0.9615384615384616,1,False,,,,
871,0.9615384615384616,1,False,,,,
872,0.9615384615384616,1,False,,,,
873,0.9615384615384616,1,False,,,,
874,0.9615384615384616,1,False,,,,
875,0.9615384615384616,1,False,,,,
876,0.9615384615384616,1,False,,,,
877,0.9615384615384616,1,False,,,,
878,0.9615384615384616,1,False,,,,
879,0.9615384615384616,1,False,,,,
880,0.9615384615384616,1,False,,,,
881,0.8846153846153846,3,False,,,,
882,0.8846153846153846,3,False,,,,
883,0.8846153846153846,3,False,,,,
884,0.8846153846153846,3,False,,,,
885,0.9230769230769231,2,False,,,,
886,0.9230769230769231,2,False,,,,
887,0.9230769230769231,2,False,,,,
888,0.9230769230769231,2,False,,,,
889,0.9230769230769231,2,False,,,,
890,0.9230769230769231,2,False,,,,
891,0.9230769230769231,2,False,,,,
892,0.8846153846153846,3,False,,,,
893,0.8846153846153846,3,False,,,,
894,0.8846153846153846,3,False,,,,
895,0.8076923076923077,5,False,,,,0.0
896,0.8461538461538461,4,False,,,,
897,0.8461538461538461,4,False,,,,
898,0.8461538461538461,4,False,,,,
899,0.8461538461538461,4,False,,,,
900,0.9230769230769231,2,False,,,,
901,0.8846153846153846,3,False,,,,
902,0.8846153846153846,3,False,,,,
903,0.8846153846153846,3,False,,,,
904,0.8076923076923077,5,False,,,,0.039035952556318865
905,0.8076923076923077,5,False,,,,0.0
906,0.8076923076923077,5,False,,,,0.039035952556318865
907,0.8076923076923077,5,False,,,,0.0
908,0.8076923076923077,5,False,,,,0.03977028213923883
909,0.8461538461538461,4,False,,,,
910,0.8461538461538461,4,False,,,,
911,0.8461538461538461,4,False,,,,
912,0.8461538461538461,4,False,,,,
913,0.8461538461538461,4,False,,,,
914,0.8461538461538461,4,False,,,,
915,0.8461538461538461,4,False,,,,
916,0.8461538461538461,4,False,,,,
917,0.8461538461538461,4,False,,,,
918,0.8461538461538461,4,False,,,,
919,0.8076923076923077,5,False,,,,0.0
920,0.8076923076923077,5,False,,,,0.0
921,0.8076923076923077,5,False,,,,0.039035952556318865
922,0.9615384615384616,1,False,,,,
923,0.9615384615384616,1,False,,,,
924,0.9615384615384616,1,False,,,,
925,0.9615384615384616,1,False,,,,
926,0.9615384615384616,1,False,,,,
927,0.9615384615384616,1,False,,,,
928,0.9230769230769231,2,False,,,,
929,0.9230769230769231,2,False,,,,
930,0.9230769230769231,2,False,,,,
931,0.9230769230769231,2,False,,,,
932,0.8461538461538461,4,False,,,,
933,0.8461538461538461,4,False,,,,
934,0.8461538461538461,4,False,,,,
935,0.8461538461538461,4,False,,,,
936,0.8461538461538461,4,False,,,,
937,0.8461538461538461,4,False,,,,
938,0.8461538461538461,4,False,,,,
939,0.8846153846153846,3,False,,,,
940,0.8846153846153846,3,False,,,,
941,0.8846153846153846,3,False,,,,
942,0.8846153846153846,3,False,,,,
943,0.8846153846153846,3,False,,,,
944,0.8846153846153846,3,False,,,,
945,0.8846153846153846,3,False,,,,
946,0.8846153846153846,3,False,,,,
947,0.8846153846153846,3,False,,,,
948,0.9230769230769231,2,False,,,,
949,0.9230769230769231,2,False,,,,
950,0.9230769230769231,2,False,,,,
951,0.9230769230769231,2,False,,,,
952,0.9230769230769231,2,False,,,,
953,0.9230769230769231,2,False,,,,
954,0.9230769230769231,2,False,,,,
955,0.9230769230769231,2,False,,,,
956,0.9230769230769231,2,False,,,,
957,0.9230769230769231,2,False,,,,
958,0.8846153846153846,3,False,,,,
959,0.8846153846153846,3,False,,,,
960,0.8846153846153846,3,False,,,,
961,0.8846153846153846,3,False,,,,
962,0.8461538461538461,4,False,,,,
963,0.8461538461538461,4,False,,,,
964,0.9230769230769231,2,False,,,,
965,0.9230769230769231,2,False,,,,
966,0.9230769230769231,2,False,,,,
967,0.9230769230769231,2,False,,,,
968,0.9230769230769231,2,False,,,,
969,0.9230769230769231,2,False,,,,
970,0.9230769230769231,2,False,,,,
971,0.9230769230769231,2,False,,,,
972,0.9615384615384616,1,False,,,,
973,0.9615384615384616,1,False,,,,
974,0.8846153846153846,3,False,,,,
975,0.9230769230769231,2,False,,,,
976,0.8846153846153846,3,False,,,,
977,0.8846153846153846,3,False,,,,
978,0.8846153846153846,3,False,,,,
979,0.8846153846153846,3,False,,,,
980,0.8846153846153846,3,False,,,,
981,0.9230769230769231,2,False,,,,
982,0.9230769230769231,2,False,,,,
983,0.9615384615384616,1,False,,,,
984,0.9615384615384616,1,False,,,,
985,0.9615384615384616,1,False,,,,
986,0.9615384615384616,1,False,,,,
987,0.8846153846153846,3,False,,,,
988,0.8846153846153846,3,False,,,,
989,0.8846153846153846,3,False,,,,
990,0.8846153846153846,3,False,,,,
991,0.8846153846153846,3,False,,,,
992,0.8076923076923077,5,False,,,,0.03977028213923883
993,0.8076923076923077,5,False,,,,0.039035952556318865
994,0.8076923076923077,5,False,,,,0.039035952556318865
995,0.8076923076923077,5,False,,,,0.13502647928207268
996,0.8076923076923077,5,False,,,,0.039035952556318865
997,0.8076923076923077,5,False,,,,0.039035952556318865
998,0.7692307692307693,6,True,-0.26666666666666666,0.5,0.44196186015850614,0.07938016428569494
999,0.7692307692307693,6,True,0.8666666666666667,0.6666666666666666,0.4659063312707472,0.21030991785715247
1000,0.7692307692307693,6,True,-0.26666666666666666,0.5,0.48620314331312764,0.10375937481971109
1001,0.7692307692307693,6,True,0.13333333333333333,0.3333333333333333,0.47369882211449754,0.04085208297275533
1002,0.8076923076923077,5,False,,,,0.13502647928207268
1003,0.8076923076923077,5,False,,,,0.2780719051126377
1004,0.9615384615384616,1,False,,,,
1005,0.9615384615384616,1,False,,,,
1006,0.9615384615384616,1,False,,,,
1007,0.8461538461538461,4,False,,,,
1008,0.8461538461538461,4,False,,,,
1009,0.8461538461538461,4,False,,,,
1010,0.8461538461538461,4,False,,,,
1011,0.9230769230769231,2,False,,,,
1012,0.8076923076923077,5,False,,,,0.039035952556318865
1013,0.8076923076923077,5,False,,,,0.039035952556318865
1014,0.8076923076923077,5,False,,,,0.039035952556318865
1015,0.8076923076923077,5,False,,,,0.03977028213923883
1016,0.8076923076923077,5,False,,,,0.039035952556318865
1017,0.8076923076923077,5,False,,,,0.13502647928207268
1018,0.8461538461538461,4,False,,,,
1019,0.8461538461538461,4,False,,,,
1020,0.8076923076923077,5,False,,,,0.039035952556318865
1021,0.8076923076923077,5,False,,,,0.13502647928207268
1022,0.8076923076923077,5,False,,,,0.2780719051126377
1023,0.8076923076923077,5,False,,,,0.039035952556318865
1024,0.8461538461538461,4,False,,,,
1025,0.8461538461538461,4,False,,,,
1026,0.8076923076923077,5,False,,,,0.0
1027,0.8076923076923077,5,False,,,,0.2780719051126377
1028,0.8461538461538461,4,False,,,,
1029,0.8461538461538461,4,False,,,,
1030,0.8461538461538461,4,False,,,,
1031,0.8846153846153846,3,False,,,,
1032,0.8846153846153846,3,False,,,,
1033,0.8846153846153846,3,False,,,,
1034,0.8846153846153846,3,False,,,,
1035,0.8846153846153846,3,False,,,,
1036,0.8846153846153846,3,False,,,,
1037,0.8846153846153846,3,False,,,,
1038,0.8846153846153846,3,False,,,,
1039,0.8846153846153846,3,False,,,,
1040,0.9615384615384616,1,False,,,,
1041,0.9615384615384616,1,False,,,,
1042,0.8846153846153846,3,False,,,,
1043,0.8461538461538461,4,False,,,,
1044,0.8461538461538461,4,False,,,,
1045,0.8461538461538461,4,False,,,,
1046,0.8461538461538461,4,False,,,,
1047,0.8846153846153846,3,False,,,,
1048,0.8846153846153846,3,False,,,,
1049,0.8846153846153846,3,False,,,,
1050,0.8846153846153846,3,False,,,,
1051,0.8846153846153846,3,False,,,,
1052,0.9230769230769231,2,False,,,,
1053,0.9230769230769231,2,False,,,,
1054,0.9230769230769231,2,False,,,,
1055,0.9230769230769231,2,False,,,,
1056,0.9230769230769231,2,False,,,,
1057,0.9230769230769231,2,False,,,,
1058,0.9230769230769231,2,False,,,,
1059,0.9230769230769231,2,False,,,,
1060,0.9230769230769231,2,False,,,,
1061,0.8846153846153846,3,False,,,,
1062,0.8846153846153846,3,False,,,,
1063,0.8846153846153846,3,False,,,,
1064,0.8846153846153846,3,False,,,,
1065,0.8846153846153846,3,False,,,,
1066,0.8846153846153846,3,False,,,,
1067,0.8461538461538461,4,False,,,,
1068,0.8461538461538461,4,False,,,,
1069,0.8461538461538461,4,False,,,,
1070,0.8461538461538461,4,False,,,,
1071,0.8461538461538461,4,False,,,,
1072,0.8461538461538461,4,False,,,,
1073,0.8461538461538461,4,False,,,,
1074,0.8461538461538461,4,False,,,,
1075,0.8461538461538461,4,False,,,,
1076,0.8846153846153846,3,False,,,,
1077,0.8846153846153846,3,False,,,,
1078,0.9615384615384616,1,False,,,,
1079,0.9615384615384616,1,False,,,,
1080,0.9615384615384616,1,False,,,,
1081,0.9615384615384616,1,False,,,,
1082,0.9615384615384616,1,False,,,,
1083,0.9615384615384616,1,False,,,,
1084,0.9615384615384616,1,False,,,,
1085,0.8461538461538461,4,False,,,,
1086,0.8461538461538461,4,False,,,,
1087,0.8846153846153846,3,False,,,,
1088,0.8846153846153846,3,False,,,,
1089,0.8461538461538461,4,False,,,,
1090,0.8461538461538461,4,False,,,,
1091,0.8461538461538461,4,False,,,,
1092,0.8461538461538461,4,False,,,,
1093,0.8461538461538461,4,False,,,,
1094,0.8461538461538461,4,False,,,,
1095,0.8461538461538461,4,False,,,,
1096,0.8461538461538461,4,False,,,,
1097,0.8461538461538461,4,False,,,,
1098,0.7692307692307693,6,True,0.3333333333333333,0.3333333333333333,0.4974950051053538,0.030276100131752748
1099,0.7692307692307693,6,True,-0.8666666666666667,0.3333333333333333,0.4974950051053538,0.030276100131752748
1100,0.7692307692307693,6,True,-0.9333333333333333,0.3333333333333333,0.4974950051053538,0.030276100131752748
1101,0.8076923076923077,5,False,,,,0.13502647928207268
1102,0.8076923076923077,5,False,,,,0.039035952556318865
1103,0.8846153846153846,3,False,,,,
1104,0.8461538461538461,4,False,,,,
1105,0.8461538461538461,4,False,,,,
1106,0.8461538461538461,4,False,,,,
1107,0.8461538461538461,4,False,,,,
1108,0.8076923076923077,5,False,,,,0.03977028213923883
1109,0.8076923076923077,5,False,,,,0.039035952556318865
1110,0.9230769230769231,2,False,,,,
1111,0.8461538461538461,4,False,,,,
1112,0.7692307692307693,6,True,-1.1333333333333333,0.5,0.48620314331312764,0.10375937481971109
1113,0.7692307692307693,6,True,-0.5333333333333333,0.3333333333333333,0.4974950051053538,0.030276100131752748
1114,0.7692307692307693,6,True,-0.4,0.5,0.48620314331312764,0.10375937481971109
1115,0.8461538461538461,4,False,,,,
1116,0.8461538461538461,4,False,,,,
1117,0.8461538461538461,4,False,,,,
1118,0.7692307692307693,6,True,0.7333333333333333,0.3333333333333333,0.47369882211449754,0.04085208297275533
1119,0.7692307692307693,6,True,0.3333333333333333,0.5,0.48620314331312764,0.10375937481971109
1120,0.7692307692307693,6,True,-0.8,0.3333333333333333,0.4974950051053538,0.030276100131752748
1121,0.7692307692307693,6,True,0.4666666666666667,0.3333333333333333,0.4974950051053538,0.030276100131752748
1122,0.7692307692307693,6,True,-0.26666666666666666,0.3333333333333333,0.47369882211449754,0.04085208297275522
1123,0.7692307692307693,6,True,-1.6666666666666667,0.16666666666666666,0.5099017818016451,0.0
1124,0.8076923076923077,5,False,,,,0.039035952556318865
1125,0.8076923076923077,5,False,,,,0.039035952556318865
1126,0.8076923076923077,5,False,,,,0.13502647928207268
1127,0.8076923076923077,5,False,,,,0.13502647928207268
1128,0.8076923076923077,5,False,,,,0.0
1129,0.9230769230769231,2,False,,,,
1130,0.9230769230769231,2,False,,,,
1131,0.8461538461538461,4,False,,,,
1132,0.8461538461538461,4,False,,,,
1133,0.8461538461538461,4,False,,,,
1134,0.8461538461538461,4,False,,,,
1135,0.8461538461538461,4,False,,,,
1136,0.8461538461538461,4,False,,,,
1137,0.8076923076923077,5,False,,,,0.039035952556318865
1138,0.8076923076923077,5,False,,,,0.0
1139,0.8076923076923077,5,False,,,,0.13502647928207268
1140,0.8461538461538461,4,False,,,,
1141,0.8076923076923077,5,False,,,,0.0
1142,0.8076923076923077,5,False,,,,0.039035952556318865
1143,0.8076923076923077,5,False,,,,0.13502647928207268
1144,0.8076923076923077,5,False,,,,0.039035952556318865
1145,0.8076923076923077,5,False,,,,0.039035952556318865
1146,0.8076923076923077,5,False,,,,0.03977028213923883
1147,0.8076923076923077,5,False,,,,0.039035952556318865
1148,0.8461538461538461,4,False,,,,
1149,0.9230769230769231,2,False,,,,
1150,0.9230769230769231,2,False,,,,
1151,0.9615384615384616,1,False,,,,
1152,0.9615384615384616,1,False,,,,
1153,0.9615384615384616,1,False,,,,
1154,0.9615384615384616,1,False,,,,
1155,0.9615384615384616,1,False,,,,
1156,0.9615384615384616,1,False,,,,
1157,0.9615384615384616,1,False,,,,
1158,0.9615384615384616,1,False,,,,
1159,0.9615384615384616,1,False,,,,
1160,0.9615384615384616,1,False,,,,
1161,0.9615384615384616,1,False,,,,
1162,0.9615384615384616,1,False,,,,
1163,0.9615384615384616,1,False,,,,
1164,0.9615384615384616,1,False,,,,
1165,0.9615384615384616,1,False,,,,
1166,0.9615384615384616,1,False,,,,
1167,0.9615384615384616,1,False,,,,
1168,0.9615384615384616,1,False,,,,
1169,0.9615384615384616,1,False,,,,
1170,0.9615384615384616,1,False,,,,
1171,0.9615384615384616,1,False,,,,
1172,0.9615384615384616,1,False,,,,
1173,0.9615384615384616,1,False,,,,
1174,0.9615384615384616,1,False,,,,
1175,0.9615384615384616,1,False,,,,
1176,0.9615384615384616,1,False,,,,
1177,0.9615384615384616,1,False,,,,
1178,0.9615384615384616,1,False,,,,
1179,0.9615384615384616,1,False,,,,
1180,0.9615384615384616,1,False,,,,
1181,0.9615384615384616,1,False,,,,
1182,0.9615384615384616,1,False,,,,
1183,0.9615384615384616,1,False,,,,
1184,0.9615384615384616,1,False,,,,
1185,0.9615384615384616,1,False,,,,
1186,0.9615384615384616,1,False,,,,
1187,0.9230769230769231,2,False,,,,
1188,0.9230769230769231,2,False,,,,
1189,0.9230769230769231,2,False,,,,
1190,0.9230769230769231,2,False,,,,
1191,0.9230769230769231,2,False,,,,
1192,0.9230769230769231,2,False,,,,
1193,0.9230769230769231,2,False,,,,
1194,0.9230769230769231,2,False,,,,
1195,0.9230769230769231,2,False,,,,
1196,0.9230769230769231,2,False,,,,
1197,0.9230769230769231,2,False,,,,
1198,0.9230769230769231,2,False,,,,
1199,0.9230769230769231,2,False,,,,
1200,0.9230769230769231,2,False,,,,
1201,0.9230769230769231,2,False,,,,
1202,0.9230769230769231,2,False,,,,
1203,0.9230769230769231,2,False,,,,
1204,0.9230769230769231,2,False,,,,
1205,0.9230769230769231,2,False,,,,
1206,0.9230769230769231,2,False,,,,
1207,0.9230769230769231,2,False,,,,
1208,0.9230769230769231,2,False,,,,
1209,0.9230769230769231,2,False,,,,
1210,0.9230769230769231,2,False,,,,
1211,0.9230769230769231,2,False,,,,
1212,0.9230769230769231,2,False,,,,
1213,0.9230769230769231,2,False,,,,
1214,0.8846153846153846,3,False,,,,
1215,0.8846153846153846,3,False,,,,
1216,0.8846153846153846,3,False,,,,
1217,0.9230769230769231,2,False,,,,
1218,0.8846153846153846,3,False,,,,
1219,0.8846153846153846,3,False,,,,
1220,0.8846153846153846,3,False,,,,
1221,0.8076923076923077,5,False,,,,0.03977028213923883
1222,0.8076923076923077,5,False,,,,0.0
1223,0.8076923076923077,5,False,,,,0.02904940554533142
1224,0.8076923076923077,5,False,,,,0.039035952556318865
1225,0.8076923076923077,5,False,,,,0.039035952556318865
1226,0.8076923076923077,5,False,,,,0.0
1227,0.8076923076923077,5,False,,,,0.039035952556318865
1228,0.8076923076923077,5,False,,,,0.13502647928207268
1229,0.8076923076923077,5,False,,,,0.039035952556318865
1230,0.8461538461538461,4,False,,,,
1231,0.8076923076923077,5,False,,,,0.0
1232,0.8076923076923077,5,False,,,,0.0
1233,0.8076923076923077,5,False,,,,0.039035952556318865
1234,0.8461538461538461,4,False,,,,
1235,0.8461538461538461,4,False,,,,
1236,0.8461538461538461,4,False,,,,
1237,0.8461538461538461,4,False,,,,
1238,0.8461538461538461,4,False,,,,
1239,0.8461538461538461,4,False,,,,
1240,0.7692307692307693,6,True,-0.5333333333333333,0.3333333333333333,0.47369882211449754,0.04085208297275533
1241,0.7692307692307693,6,True,0.6,0.5,0.48620314331312764,0.10375937481971109
1242,0.8076923076923077,5,False,,,,0.039035952556318865
1243,0.8076923076923077,5,False,,,,0.2780719051126377
1244,0.8076923076923077,5,False,,,,0.0
1245,0.8076923076923077,5,False,,,,0.0
1246,0.8076923076923077,5,False,,,,0.02904940554533142
1247,0.9230769230769231,2,False,,,,
1248,0.8076923076923077,5,False,,,,0.039035952556318865
1249,0.8076923076923077,5,False,,,,0.0
1250,0.8076923076923077,5,False,,,,0.039035952556318865
1251,0.7692307692307693,6,True,-0.3333333333333333,0.3333333333333333,0.47369882211449754,0.04085208297275533
1252,0.8076923076923077,5,False,,,,0.039035952556318865
1253,0.8076923076923077,5,False,,,,0.03977028213923883
1254,0.8076923076923077,5,False,,,,1.0
1255,0.8076923076923077,5,False,,,,0.13502647928207268
1256,0.8076923076923077,5,False,,,,0.03977028213923883
1257,0.8076923076923077,5,False,,,,0.039035952556318865
1258,0.8076923076923077,5,False,,,,0.13502647928207268
1259,0.8076923076923077,5,False,,,,0.13502647928207268
1260,0.8461538461538461,4,False,,,,
1261,0.8461538461538461,4,False,,,,
1262,0.9230769230769231,2,False,,,,
1263,0.9230769230769231,2,False,,,,
1264,0.9230769230769231,2,False,,,,
1265,0.9230769230769231,2,False,,,,
1266,0.9615384615384616,1,False,,,,
1267,0.9230769230769231,2,False,,,,
1268,0.9230769230769231,2,False,,,,
1269,0.9230769230769231,2,False,,,,
1270,0.9230769230769231,2,False,,,,
1271,0.9230769230769231,2,False,,,,
1272,0.9230769230769231,2,False,,,,
1273,0.9230769230769231,2,False,,,,
1274,0.9230769230769231,2,False,,,,
1275,0.9230769230769231,2,False,,,,
1276,0.9230769230769231,2,False,,,,
1277,0.9230769230769231,2,False,,,,
1278,0.8076923076923077,5,False,,,,0.039035952556318865
1279,0.8461538461538461,4,False,,,,
1280,0.8461538461538461,4,False,,,,
1281,0.8461538461538461,4,False,,,,
1282,0.8461538461538461,4,False,,,,
1283,0.8076923076923077,5,False,,,,0.02904940554533142
1284,0.8076923076923077,5,False,,,,0.03977028213923883
1285,0.8076923076923077,5,False,,,,0.2780719051126377
1286,0.8076923076923077,5,False,,,,0.0
1287,0.8076923076923077,5,False,,,,0.0
1288,0.8076923076923077,5,False,,,,0.039035952556318865
1289,0.8076923076923077,5,False,,,,0.0
1290,0.8076923076923077,5,False,,,,0.0
1291,0.7692307692307693,6,True,-0.4666666666666667,0.16666666666666666,0.5099017818016451,0.0
1292,0.7692307692307693,6,True,1.7333333333333334,0.6666666666666666,0.4659063312707472,0.21030991785715247
1293,0.7692307692307693,6,True,1.2,0.5,0.48620314331312764,0.10375937481971109
1294,0.8076923076923077,5,False,,,,0.0
1295,0.7692307692307693,6,True,-1.2666666666666666,0.16666666666666666,0.5099017818016451,0.0
1296,0.9230769230769231,2,False,,,,
1297,0.9230769230769231,2,False,,,,
1298,0.9230769230769231,2,False,,,,
1299,0.9230769230769231,2,False,,,,
1300,0.9230769230769231,2,False,,,,
1301,0.9230769230769231,2,False,,,,
1302,0.9615384615384616,1,False,,,,
1303,0.9615384615384616,1,False,,,,
1304,0.9615384615384616,1,False,,,,
1305,0.7307692307692307,7,True,-1.2380952380952381,0.14285714285714285,0.467938334407176,0.0
1306,0.7307692307692307,7,True,1.1904761904761905,0.42857142857142855,0.4244517587546247,0.0788145034114458
1307,0.7307692307692307,7,True,-1.2380952380952381,0.2857142857142857,0.4588279850479763,0.02449624099389136
1308,0.7307692307692307,7,True,1.5238095238095237,0.7142857142857143,0.4251698184268565,0.27516590849424005
1309,0.7307692307692307,7,True,0.6666666666666666,0.2857142857142857,0.4420271696282122,0.037038935205485624
1310,0.7307692307692307,7,True,4.0,1.0,0.15964132839088285,1.0
1311,0.7307692307692307,7,True,2.5714285714285716,0.7142857142857143,0.4251698184268565,0.27516590849424005
1312,0.7307692307692307,7,True,0.2857142857142857,0.42857142857142855,0.4532591061419895,0.08348355680039743
1313,0.7307692307692307,7,True,0.23809523809523808,0.42857142857142855,0.4244517587546247,0.0788145034114458
1314,0.7307692307692307,7,True,0.5238095238095238,0.5714285714285714,0.44507640356164013,0.1677511103997693
1315,0.7307692307692307,7,True,-0.7619047619047619,0.14285714285714285,0.467938334407176,0.0
1316,0.8076923076923077,5,False,,,,0.13502647928207268
1317,0.7692307692307693,6,True,-0.26666666666666666,0.3333333333333333,0.4974950051053538,0.030276100131752748
1318,0.8076923076923077,5,False,,,,0.039035952556318865
1319,0.8076923076923077,5,False,,,,0.0
1320,0.7692307692307693,6,True,-0.8666666666666667,0.3333333333333333,0.4974950051053538,0.030276100131752748
1321,0.8076923076923077,5,False,,,,0.039035952556318865
1322,0.7692307692307693,6,True,-0.6,0.3333333333333333,0.4974950051053538,0.030276100131752748
1323,0.7692307692307693,6,True,-0.9333333333333333,0.3333333333333333,0.4974950051053538,0.030276100131752748
1324,0.7692307692307693,6,True,-1.0,0.3333333333333333,0.4974950051053538,0.030276100131752748
1325,0.8461538461538461,4,False,,,,
1326,0.9615384615384616,1,False,,,,
1327,0.9615384615384616,1,False,,,,
1328,0.9615384615384616,1,False,,,,
1329,0.8461538461538461,4,False,,,,
1330,0.8846153846153846,3,False,,,,
1331,0.8461538461538461,4,False,,,,
1332,0.7692307692307693,6,True,-0.7333333333333333,0.16666666666666666,0.5099017818016451,0.0
1333,0.7692307692307693,6,True,-1.4,0.16666666666666666,0.5099017818016451,0.0
1334,0.7692307692307693,6,True,-0.26666666666666666,0.3333333333333333,0.47369882211449754,0.04085208297275533
1335,0.7692307692307693,6,True,-0.9333333333333333,0.3333333333333333,0.4974950051053538,0.030276100131752748
1336,0.7692307692307693,6,True,2.533333333333333,0.6666666666666666,0.4659063312707472,0.21030991785715247
1337,0.6923076923076923,8,True,1.0714285714285714,0.625,0.41124622563708424,0.22560252965230077
1338,0.6923076923076923,8,True,0.42857142857142855,0.25,0.3876896349229003,0.030977744334865553
1339,0.8461538461538461,4,False,,,,
1340,0.8076923076923077,5,False,,,,0.0
1341,0.9230769230769231,2,False,,,,
1342,0.8076923076923077,5,False,,,,0.039035952556318865
1343,0.8076923076923077,5,False,,,,0.039035952556318865
1344,0.8076923076923077,5,False,,,,0.039035952556318865
1345,0.8076923076923077,5,False,,,,0.039035952556318865
1346,0.8076923076923077,5,False,,,,0.13502647928207268
1347,0.8076923076923077,5,False,,,,0.03977028213923883
1348,0.8076923076923077,5,False,,,,0.039035952556318865
1349,0.7692307692307693,6,True,1.0666666666666667,0.5,0.48620314331312764,0.10375937481971109
1350,0.7692307692307693,6,True,-1.1333333333333333,0.16666666666666666,0.5099017818016451,0.0
1351,0.8846153846153846,3,False,,,,
1352,0.9615384615384616,1,False,,,,
1353,0.9615384615384616,1,False,,,,
1354,0.9615384615384616,1,False,,,,
1355,0.9615384615384616,1,False,,,,
1356,0.9615384615384616,1,False,,,,
1357,0.9615384615384616,1,False,,,,
1358,0.9615384615384616,1,False,,,,
1359,0.9230769230769231,2,False,,,,
1360,0.9230769230769231,2,False,,,,
1361,0.9230769230769231,2,False,,,,
1362,0.8076923076923077,5,False,,,,0.039035952556318865
1363,0.7692307692307693,6,True,-0.06666666666666667,0.5,0.48620314331312764,0.10375937481971109
1364,0.6538461538461539,9,True,-0.8055555555555556,0.2222222222222222,0.37532609781522286,0.029164237274183935
1365,0.6153846153846154,10,True,-0.044444444444444446,0.3,0.3224316600419157,0.05358807178498537
1366,0.6153846153846154,10,True,-1.0,0.3,0.3224316600419157,0.05358807178498548
1367,0.5769230769230769,11,True,-1.0909090909090908,0.18181818181818182,0.3150489563568537,0.013340041326134977
1368,0.3076923076923077,18,True,0.8954248366013072,0.5555555555555556,0.2180493368872466,0.25118582106156706
1369,0.3076923076923077,18,True,0.16993464052287582,0.4444444444444444,0.18708664335714453,0.1752582648809603
1370,0.3076923076923077,18,True,-0.27450980392156865,0.4444444444444444,0.18708664335714453,0.1752582648809603
1371,0.34615384615384615,17,True,0.6544117647058824,0.47058823529411764,0.15298250286114867,0.17077077473661995
1372,0.34615384615384615,17,True,0.22058823529411764,0.4117647058823529,0.1988329841067522,0.1796983559440678
1373,0.34615384615384615,17,True,-0.35294117647058826,0.35294117647058826,0.15773977762623215,0.11329008245558103
1374,0.34615384615384615,17,True,1.5514705882352942,0.5294117647058824,0.1999326937649697,0.22168274083917827
1375,0.3076923076923077,18,True,0.41830065359477125,0.4444444444444444,0.17677650420937951,0.1874785426555272
1376,0.3076923076923077,18,True,-0.06535947712418301,0.4444444444444444,0.15113547856835385,0.14789996631019142
1377,0.3076923076923077,18,True,0.24836601307189543,0.5,0.20306161540096745,0.21241990716702208
1378,0.3076923076923077,18,True,1.6339869281045751,0.6111111111111112,0.24096636126452375,0.3068884040378679
1379,0.3076923076923077,18,True,2.2483660130718954,0.5,0.19397234762373683,0.2578114982937477
1380,0.3076923076923077,18,True,0.5359477124183006,0.5,0.15298250286114867,0.1918967501097939
1381,0.3076923076923077,18,True,2.0,0.5,0.20439114676442727,0.2495123338066464
1382,0.3076923076923077,18,True,1.2549019607843137,0.5555555555555556,0.19179121436052338,0.2297466368340937
1383,0.3076923076923077,18,True,3.372549019607843,0.5555555555555556,0.1803500119076642,0.2686223868677482
1384,0.3076923076923077,18,True,1.6862745098039216,0.3888888888888889,0.1532615783819874,0.19234552450225473
1385,0.34615384615384615,17,True,1.6764705882352942,0.5294117647058824,0.1999326937649698,0.22168274083917827
1386,0.6538461538461539,9,True,1.5555555555555556,0.6666666666666666,0.3835562540918426,0.2766916661858959
1387,0.5769230769230769,11,True,2.7636363636363637,0.8181818181818182,0.3254086783738499,0.4537052977194982
1388,0.5769230769230769,11,True,2.727272727272727,0.8181818181818182,0.3254086783738499,0.4537052977194982
1389,0.5769230769230769,11,True,0.9272727272727272,0.6363636363636364,0.3459719245908667,0.27950695994549213
1390,0.5769230769230769,11,True,2.909090909090909,0.8181818181818182,0.3254086783738499,0.4537052977194982
1391,0.3076923076923077,18,True,2.261437908496732,0.6111111111111112,0.1691638815652987,0.2498638271957958
1392,0.3076923076923077,18,True,3.6013071895424837,0.5,0.1712685923119993,0.25339331781728935
1393,0.3076923076923077,18,True,1.9411764705882353,0.5,0.1168218576044141,0.162088971211652
1394,0.3076923076923077,18,True,2.2483660130718954,0.5,0.1657003331233029,0.21234797611544298
1395,0.2692307692307692,19,True,1.7719298245614035,0.47368421052631576,0.1712685923119993,0.25838690151454435
1396,0.2692307692307692,19,True,0.07602339181286549,0.47368421052631576,0.1908952892158402,0.2626406304386868
1397,0.2692307692307692,19,True,2.304093567251462,0.6842105263157895,0.24929379845407396,0.35160722943146216
1398,0.2692307692307692,19,True,1.7017543859649122,0.631578947368421,0.24942335911460733,0.3293970672908122
1399,0.2692307692307692,19,True,2.0292397660818713,0.6842105263157895,0.28136252344629,0.3768634756015603
1400,0.2692307692307692,19,True,0.3684210526315789,0.42105263157894735,0.1686354955492705,0.17056421755728335
1401,0.2692307692307692,19,True,-0.017543859649122806,0.3157894736842105,0.12112982345396384,0.09372784471105067
1402,0.3076923076923077,18,True,0.7124183006535948,0.4444444444444444,0.16081352346788558,0.16283865262844976
1403,0.2692307692307692,19,True,-0.11695906432748537,0.3157894736842105,0.08139409248898533,0.07968027147923096
1404,0.3076923076923077,18,True,0.05228758169934641,0.4444444444444444,0.18708664335714453,0.1752582648809603
1405,0.3076923076923077,18,True,-0.1830065359477124,0.3888888888888889,0.14387748575511705,0.12208952645262239
1406,0.2692307692307692,19,True,-0.42105263157894735,0.3157894736842105,0.1295225705579034,0.1056880437375276
1407,0.5769230769230769,11,True,-1.3454545454545455,0.18181818181818182,0.3150489563568537,0.013340041326134977
1408,0.5769230769230769,11,True,-0.5636363636363636,0.2727272727272727,0.27589673851537955,0.039941750685466015
1409,0.6538461538461539,9,True,-0.9722222222222222,0.2222222222222222,0.37532609781522275,0.029164237274183935
1410,0.6538461538461539,9,True,-0.19444444444444445,0.2222222222222222,0.35986055218336943,0.031607485958777604
1411,0.9230769230769231,2,False,,,,
1412,0.6538461538461539,9,True,-0.7222222222222222,0.2222222222222222,0.35986055218336943,0.031607485958777604
1413,0.8846153846153846,3,False,,,,
1414,0.7692307692307693,6,True,-0.13333333333333333,0.5,0.48620314331312764,0.10375937481971109
1415,0.7692307692307693,6,True,0.7333333333333333,0.5,0.48620314331312764,0.10375937481971109
1416,0.8076923076923077,5,False,,,,0.039035952556318865
1417,0.7692307692307693,6,True,0.4666666666666667,0.3333333333333333,0.47369882211449754,0.04085208297275533
1418,0.7692307692307693,6,True,-0.6,0.3333333333333333,0.4974950051053538,0.030276100131752748
1419,0.8846153846153846,3,False,,,,
1420,0.8461538461538461,4,False,,,,
1421,0.8076923076923077,5,False,,,,0.03977028213923883
1422,0.8076923076923077,5,False,,,,0.13502647928207268
1423,0.8076923076923077,5,False,,,,0.039035952556318865
1424,0.8076923076923077,5,False,,,,0.039035952556318865
1425,0.9615384615384616,1,False,,,,
1426,0.9615384615384616,1,False,,,,
1427,0.9615384615384616,1,False,,,,
1428,0.9615384615384616,1,False,,,,
1429,0.9615384615384616,1,False,,,,
1430,0.9615384615384616,1,False,,,,
1431,0.9615384615384616,1,False,,,,
1432,0.8076923076923077,5,False,,,,0.039035952556318865
1433,0.8076923076923077,5,False,,,,0.039035952556318865
1434,0.8076923076923077,5,False,,,,0.2780719051126377
1435,0.8076923076923077,5,False,,,,0.039035952556318865
1436,0.8076923076923077,5,False,,,,0.039035952556318865
1437,0.8461538461538461,4,False,,,,
1438,0.8076923076923077,5,False,,,,0.03977028213923883
1439,0.8076923076923077,5,False,,,,0.0
1440,0.9230769230769231,2,False,,,,
1441,0.9230769230769231,2,False,,,,
1442,0.9230769230769231,2,False,,,,
1443,0.8846153846153846,3,False,,,,
1444,0.8846153846153846,3,False,,,,
1445,0.8846153846153846,3,False,,,,
1446,0.8846153846153846,3,False,,,,
1447,0.8846153846153846,3,False,,,,
1448,0.8846153846153846,3,False,,,,
1449,0.8846153846153846,3,False,,,,
1450,0.8076923076923077,5,False,,,,0.0
1451,0.8076923076923077,5,False,,,,0.0
1452,0.8076923076923077,5,False,,,,0.13502647928207268
1453,0.8076923076923077,5,False,,,,0.039035952556318865
1454,0.7692307692307693,6,True,0.4666666666666667,0.5,0.44196186015850614,0.07938016428569494
1455,0.7692307692307693,6,True,1.2666666666666666,0.5,0.44196186015850614,0.07938016428569494
1456,0.7692307692307693,6,True,0.8,0.5,0.48620314331312764,0.10375937481971109
1457,0.7692307692307693,6,True,1.7333333333333334,0.6666666666666666,0.4659063312707472,0.21030991785715247
1458,0.7692307692307693,6,True,-0.8,0.3333333333333333,0.47369882211449754,0.04085208297275522
1459,0.8076923076923077,5,False,,,,0.039035952556318865
1460,0.9615384615384616,1,False,,,,
1461,0.9615384615384616,1,False,,,,
1462,0.9615384615384616,1,False,,,,
1463,0.8076923076923077,5,False,,,,0.0
1464,0.6923076923076923,8,True,-0.39285714285714285,0.375,0.3989215714366776,0.07161678823041362
1465,0.6923076923076923,8,True,-0.21428571428571427,0.375,0.41913711660067576,0.06937177558342222
1466,0.6923076923076923,8,True,-0.5714285714285714,0.25,0.4211181712088877,0.020430235452938983
1467,0.7307692307692307,7,True,-0.23809523809523808,0.42857142857142855,0.4532591061419895,0.08348355680039743
1468,0.8846153846153846,3,False,,,,
1469,0.9230769230769231,2,False,,,,
1470,0.9230769230769231,2,False,,,,
1471,0.9230769230769231,2,False,,,,
1472,0.9230769230769231,2,False,,,,
1473,0.9230769230769231,2,False,,,,
1474,0.9230769230769231,2,False,,,,
1475,0.8846153846153846,3,False,,,,
1476,0.8846153846153846,3,False,,,,
1477,0.8846153846153846,3,False,,,,
1478,0.8461538461538461,4,False,,,,
1479,0.8461538461538461,4,False,,,,
1480,0.8461538461538461,4,False,,,,
1481,0.8461538461538461,4,False,,,,
1482,0.3076923076923077,18,True,-0.6535947712418301,0.2222222222222222,0.0936250295493245,0.045391203303061345
1483,0.3076923076923077,18,True,-0.5359477124183006,0.2777777777777778,0.13450761595903726,0.08530159314641639
1484,0.2692307692307692,19,True,0.11695906432748537,0.3157894736842105,0.13106333396646808,0.1166842694369764
1485,0.2692307692307692,19,True,-0.023391812865497075,0.3157894736842105,0.1295225705579034,0.1056880437375276
1486,0.2692307692307692,19,True,1.3508771929824561,0.47368421052631576,0.16050548259895836,0.19725171154555354
1487,0.2692307692307692,19,True,0.2807017543859649,0.3684210526315789,0.14880810418617452,0.15255700352874701
1488,0.23076923076923078,20,True,0.4789473684210526,0.35,0.12282217696389952,0.13279683431365752
1489,0.2692307692307692,19,True,-0.16374269005847952,0.3684210526315789,0.11573023802672777,0.13070895485323664
1490,0.2692307692307692,19,True,-0.9239766081871345,0.3157894736842105,0.12112982345396384,0.09372784471105067
1491,0.2692307692307692,19,True,0.5380116959064327,0.5263157894736842,0.1976182081252812,0.2362832736567574
1492,0.23076923076923078,20,True,-0.05789473684210526,0.4,0.1350984737041535,0.14132728892674495
1493,0.2692307692307692,19,True,-0.0935672514619883,0.47368421052631576,0.1631315935625528,0.18585266116365695
1494,0.2692307692307692,19,True,0.6257309941520468,0.3684210526315789,0.115730238026728,0.13070895485323664
1495,0.2692307692307692,19,True,0.5087719298245614,0.47368421052631576,0.1631315935625528,0.18585266116365706
1496,0.19230769230769232,21,True,0.8238095238095238,0.47619047619047616,0.16176267630310315,0.20244557879621328
1497,0.19230769230769232,21,True,2.138095238095238,0.47619047619047616,0.2090689744949048,0.27478177077554156
1498,0.15384615384615385,22,True,0.5541125541125541,0.45454545454545453,0.1746391581441562,0.20455112624538252
1499,0.15384615384615385,22,True,0.341991341991342,0.36363636363636365,0.1119423201915396,0.13107034252858418
1500,0.19230769230769232,21,True,-0.16666666666666666,0.42857142857142855,0.1657003331233029,0.22664146994689238
1501,0.15384615384615385,22,True,0.7316017316017316,0.5,0.1821840320921636,0.22274454086595752
1502,0.15384615384615385,22,True,0.3463203463203463,0.36363636363636365,0.10873230880756968,0.13102108927489287
1503,0.15384615384615385,22,True,0.2987012987012987,0.36363636363636365,0.14485054272639164,0.18076037586219418
1504,0.19230769230769232,21,True,0.3952380952380952,0.42857142857142855,0.16553944292432943,0.19317092388868362
1505,0.15384615384615385,22,True,0.6190476190476191,0.45454545454545453,0.1569519457588061,0.19123576277545495
1506,0.19230769230769232,21,True,-0.07142857142857142,0.38095238095238093,0.1483506247257046,0.16516260300776464
1507,0.23076923076923078,20,True,0.5421052631578948,0.35,0.12282217696389952,0.13279683431365752
1508,0.23076923076923078,20,True,-0.02631578947368421,0.45,0.18277942893364985,0.19193030751696705
1509,0.23076923076923078,20,True,2.626315789473684,0.75,0.3410400116754081,0.46159367967902887
1510,0.19230769230769232,21,True,1.5571428571428572,0.5238095238095238,0.1637588367460172,0.2138571954578654
1511,0.5384615384615384,12,True,0.030303030303030304,0.25,0.2701407491037624,0.04820381926415551
1512,0.19230769230769232,21,True,0.1523809523809524,0.42857142857142855,0.12552569307987882,0.1474707799147118
1513,0.23076923076923078,20,True,0.9157894736842105,0.55,0.1968216684316514,0.24511122979648525
1514,0.23076923076923078,20,True,0.39473684210526316,0.55,0.22834538396650128,0.2683610168752899
1515,0.23076923076923078,20,True,0.9157894736842105,0.55,0.196507423006699,0.25753634565243533
1516,0.23076923076923078,20,True,0.4473684210526316,0.45,0.15773977762623215,0.18076084362328393
1517,0.23076923076923078,20,True,0.47368421052631576,0.5,0.1861233754042585,0.23024907521851967
1518,0.23076923076923078,20,True,0.3684210526315789,0.45,0.16689902735150475,0.1933423019926751
1519,0.23076923076923078,20,True,-0.07894736842105263,0.45,0.18375380647604111,0.1999473217916643
1520,0.3076923076923077,18,True,0.8562091503267973,0.5555555555555556,0.21919176721498668,0.27273028208237604
1521,0.3076923076923077,18,True,0.6470588235294118,0.4444444444444444,0.16081352346788558,0.16283865262844976
1522,0.38461538461538464,16,True,0.5833333333333334,0.5,0.23569956224233157,0.20833333333333337
1523,0.4230769230769231,15,True,2.0476190476190474,0.6,0.15348616578383645,0.22335098618804838
1524,0.46153846153846156,14,True,-0.0989010989010989,0.35714285714285715,0.22016211940494568,0.11104830239993224
1525,0.46153846153846156,14,True,0.4945054945054945,0.5714285714285714,0.2924117607305833,0.2544337050771588
1526,0.46153846153846156,14,True,-0.1978021978021978,0.2857142857142857,0.2220472251268465,0.06931171444989903
1527,0.46153846153846156,14,True,-0.01098901098901099,0.2857142857142857,0.19952570306601214,0.070093623424621
1528,0.6923076923076923,8,True,-1.0714285714285714,0.25,0.4087949491495737,0.03286798191364604
1529,0.6923076923076923,8,True,1.6785714285714286,0.625,0.41124622563708424,0.22560252965230077
1530,0.6923076923076923,8,True,-0.17857142857142858,0.25,0.4211181712088875,0.020430235452938983
1531,0.6923076923076923,8,True,-0.39285714285714285,0.25,0.3876896349229003,0.030977744334865553
1532,0.7307692307692307,7,True,0.19047619047619047,0.2857142857142857,0.4119474375559944,0.024893967542626738
1533,0.8076923076923077,5,False,,,,0.2780719051126377
1534,0.8461538461538461,4,False,,,,
1535,0.8461538461538461,4,False,,,,
1536,0.8076923076923077,5,False,,,,0.039035952556318865
1537,0.9230769230769231,2,False,,,,
1538,0.9230769230769231,2,False,,,,
1539,0.9230769230769231,2,False,,,,
1540,0.8846153846153846,3,False,,,,
1541,0.9230769230769231,2,False,,,,
1542,0.8076923076923077,5,False,,,,0.039035952556318865
1543,0.8076923076923077,5,False,,,,0.039035952556318865
1544,0.8076923076923077,5,False,,,,0.039035952556318865
1545,0.7307692307692307,7,True,-0.5714285714285714,0.2857142857142857,0.4420271696282122,0.037038935205485624
1546,0.7307692307692307,7,True,-0.09523809523809523,0.42857142857142855,0.4532591061419894,0.08348355680039743
1547,0.7307692307692307,7,True,-0.7142857142857143,0.2857142857142857,0.4588279850479763,0.02449624099389147
1548,0.7307692307692307,7,True,4.285714285714286,0.8571428571428571,0.36928779799843736,0.4083272214176725
1549,0.7692307692307693,6,True,-1.2666666666666666,0.3333333333333333,0.4974950051053538,0.030276100131752748
1550,0.8076923076923077,5,False,,,,0.13502647928207268
1551,0.8076923076923077,5,False,,,,0.03977028213923883
1552,0.8076923076923077,5,False,,,,0.039035952556318865
1553,0.8076923076923077,5,False,,,,0.0
1554,0.8076923076923077,5,False,,,,0.039035952556318865
1555,0.8461538461538461,4,False,,,,
1556,0.8461538461538461,4,False,,,,
1557,0.8461538461538461,4,False,,,,
1558,0.9230769230769231,2,False,,,,
1559,0.9230769230769231,2,False,,,,
1560,0.8846153846153846,3,False,,,,
1561,0.8846153846153846,3,False,,,,
1562,0.8846153846153846,3,False,,,,
1563,0.8846153846153846,3,False,,,,
1564,0.8846153846153846,3,False,,,,
1565,0.8846153846153846,3,False,,,,
1566,0.8461538461538461,4,False,,,,
1567,0.7692307692307693,6,True,-0.8666666666666667,0.3333333333333333,0.4974950051053538,0.030276100131752748
1568,0.6923076923076923,8,True,0.17857142857142858,0.25,0.4087949491495737,0.03286798191364604
1569,0.6538461538461539,9,True,-1.1944444444444444,0.2222222222222222,0.3845454442645392,0.017432406926636723
1570,0.6538461538461539,9,True,1.2222222222222223,0.6666666666666666,0.3835562540918427,0.2766916661858959
1571,0.6153846153846154,10,True,-0.4888888888888889,0.3,0.33277382749301776,0.08279110672080625
1572,0.6153846153846154,10,True,0.28888888888888886,0.3,0.3224316600419157,0.05358807178498537
1573,0.6153846153846154,10,True,0.26666666666666666,0.6,0.3646439945315605,0.23729309346223382
1574,0.6923076923076923,8,True,-0.03571428571428571,0.375,0.3989215714366776,0.07161678823041362
1575,0.6923076923076923,8,True,-0.8214285714285714,0.25,0.4087949491495737,0.03286798191364604
1576,0.6923076923076923,8,True,-1.0714285714285714,0.25,0.4211181712088875,0.020430235452938983
1577,0.9230769230769231,2,False,,,,
1578,0.8846153846153846,3,False,,,,
1579,0.8461538461538461,4,False,,,,
1580,0.8461538461538461,4,False,,,,
1581,0.8076923076923077,5,False,,,,0.039035952556318865
1582,0.8461538461538461,4,False,,,,
1583,0.8461538461538461,4,False,,,,
1584,0.8461538461538461,4,False,,,,
1585,0.8461538461538461,4,False,,,,
1586,0.8076923076923077,5,False,,,,0.0
1587,0.6538461538461539,9,True,0.027777777777777776,0.4444444444444444,0.364303166747423,0.11331711999846616
1588,0.34615384615384615,17,True,0.39705882352941174,0.4117647058823529,0.1631315935625528,0.13922540894452462
1589,0.2692307692307692,19,True,-0.023391812865497075,0.3157894736842105,0.08638822653386846,0.08710230679835451
1590,0.2692307692307692,19,True,-0.2631578947368421,0.3157894736842105,0.12112982345396384,0.09372784471105067
1591,0.34615384615384615,17,True,0.38235294117647056,0.47058823529411764,0.2163713624990834,0.19302473232630202
1592,0.4230769230769231,15,True,1.0857142857142856,0.4666666666666667,0.18900474457041017,0.16874042328662142
1593,0.38461538461538464,16,True,1.9166666666666667,0.8125,0.32273733598667853,0.5033036354948187
1594,0.4230769230769231,15,True,2.3523809523809525,0.6666666666666666,0.2718477331856607,0.3286017186393957
1595,0.4230769230769231,15,True,2.3904761904761904,0.6666666666666666,0.22248960612422697,0.2871974004915282
1596,0.8076923076923077,5,False,,,,0.03977028213923883
1597,0.38461538461538464,16,True,1.525,0.625,0.24090576737983305,0.29945527796842064
1598,0.34615384615384615,17,True,0.9338235294117647,0.5294117647058824,0.21598996608068255,0.22561514487415357
1599,0.34615384615384615,17,True,1.2279411764705883,0.5882352941176471,0.2504765806434107,0.28197877060173626
1600,0.34615384615384615,17,True,2.036764705882353,0.5294117647058824,0.1608583054461905,0.18418064971854498
1601,0.3076923076923077,18,True,1.8169934640522876,0.6666666666666666,0.23831832631506045,0.3291231618372379
1602,0.3076923076923077,18,True,0.39215686274509803,0.5555555555555556,0.23569956224233157,0.26223390597985186
1603,0.3076923076923077,18,True,2.0718954248366015,0.6666666666666666,0.27125650383183186,0.35440499063918496
1604,0.3076923076923077,18,True,0.20261437908496732,0.5,0.20306161540096734,0.21241990716702208
1605,0.46153846153846156,14,True,0.6263736263736264,0.6428571428571429,0.30590895568398024,0.31544616524792735
1606,0.46153846153846156,14,True,2.6153846153846154,0.6428571428571429,0.27595203714891325,0.29942324515404795
1607,0.46153846153846156,14,True,1.978021978021978,0.7142857142857143,0.31597576811573447,0.3821733139997201
1608,0.34615384615384615,17,True,1.3897058823529411,0.5882352941176471,0.20088203641301172,0.2523277652385104
1609,0.34615384615384615,17,True,1.8014705882352942,0.5294117647058824,0.2033340439571557,0.25650271938021996
1610,0.34615384615384615,17,True,0.8455882352941176,0.5294117647058824,0.1999326937649698,0.22168274083917838
1611,0.3076923076923077,18,True,1.2156862745098038,0.5,0.20439114676442738,0.2495123338066464
1612,0.3076923076923077,18,True,-0.21568627450980393,0.5,0.20920374796554386,0.23753208421974148
1613,0.3076923076923077,18,True,1.5490196078431373,0.5,0.20920374796554408,0.23753208421974148
1614,0.34615384615384615,17,True,0.5808823529411765,0.4117647058823529,0.1997309906429804,0.19904208695286296
1615,0.3076923076923077,18,True,2.4705882352941178,0.7222222222222222,0.28423725351746143,0.4029642446945727
1616,0.3076923076923077,18,True,1.869281045751634,0.5,0.1657003331233029,0.21234797611544298
1617,0.3076923076923077,18,True,0.12418300653594772,0.5,0.134456531126115,0.1621055964996605
1618,0.3076923076923077,18,True,1.7973856209150327,0.6666666666666666,0.27125650383183186,0.35440499063918496
1619,0.3076923076923077,18,True,2.065359477124183,0.6111111111111112,0.22394819963379764,0.306014919123631
1620,0.3076923076923077,18,True,0.6339869281045751,0.5,0.1835627223245182,0.1979535078744057
1621,0.34615384615384615,17,True,0.6029411764705882,0.5294117647058824,0.21598996608068255,0.22561514487415357
1622,0.3076923076923077,18,True,0.8823529411764706,0.6111111111111112,0.20542222789876396,0.2762237655134976
1623,0.3076923076923077,18,True,0.6339869281045751,0.5,0.20306161540096745,0.21241990716702208
1624,0.3076923076923077,18,True,0.2679738562091503,0.5,0.20920374796554386,0.23753208421974148
1625,0.34615384615384615,17,True,-0.014705882352941176,0.35294117647058826,0.12082130365499677,0.09027936664740599
1626,0.4230769230769231,15,True,-0.17142857142857143,0.4666666666666667,0.1704787728353765,0.1329910389544614
1627,0.34615384615384615,17,True,0.2867647058823529,0.29411764705882354,0.13468494280515142,0.07603254265381365
1628,0.34615384615384615,17,True,-0.058823529411764705,0.5294117647058824,0.21699107916833105,0.25001657996334736
1629,0.34615384615384615,17,True,1.4705882352941178,0.5882352941176471,0.22644366621267187,0.26571725000265733
1630,0.34615384615384615,17,True,1.3455882352941178,0.6470588235294118,0.2652766456655702,0.33021851237381783
1631,0.34615384615384615,17,True,-0.007352941176470588,0.4117647058823529,0.18918006924878394,0.1494438989603576
1632,0.38461538461538464,16,True,0.775,0.5,0.19179121436052338,0.17793778462659915
1633,0.38461538461538464,16,True,0.425,0.4375,0.21636365168987126,0.17513274909513965
1634,0.34615384615384615,17,True,0.6911764705882353,0.47058823529411764,0.16528024191282142,0.1641253007403447
1635,0.9615384615384616,1,False,,,,
1636,0.9615384615384616,1,False,,,,
1637,0.9615384615384616,1,False,,,,
1638,0.9615384615384616,1,False,,,,
1639,0.9615384615384616,1,False,,,,
1640,0.9615384615384616,1,False,,,,
1641,0.3076923076923077,18,True,-0.0457516339869281,0.4444444444444444,0.17237264603284996,0.16558055507478475
1642,0.6923076923076923,8,True,-0.5714285714285714,0.375,0.3989215714366776,0.07161678823041362
1643,0.6923076923076923,8,True,-0.32142857142857145,0.25,0.3876896349229003,0.030977744334865553
1644,0.6923076923076923,8,True,-0.6428571428571429,0.25,0.4211181712088877,0.020430235452938983
1645,0.6923076923076923,8,True,-0.14285714285714285,0.25,0.3876896349229003,0.030977744334865553
1646,0.6923076923076923,8,True,0.2857142857142857,0.375,0.36395871855060435,0.047180468885216764
1647,0.8076923076923077,5,False,,,,0.039035952556318865
1648,0.4230769230769231,15,True,1.019047619047619,0.4666666666666667,0.22427948189416813,0.16999274049497692
1649,0.8461538461538461,4,False,,,,
1650,0.8461538461538461,4,False,,,,
1651,0.8846153846153846,3,False,,,,
1652,0.8846153846153846,3,False,,,,
1653,0.8846153846153846,3,False,,,,
1654,0.8846153846153846,3,False,,,,
1655,0.8846153846153846,3,False,,,,
1656,0.3076923076923077,18,True,1.1699346405228759,0.5555555555555556,0.20213338181162543,0.24597054513177197
1657,0.9615384615384616,1,False,,,,
1658,0.9615384615384616,1,False,,,,
1659,0.9615384615384616,1,False,,,,
1660,0.3076923076923077,18,True,-0.08496732026143791,0.5555555555555556,0.23569956224233157,0.26223390597985186
1661,0.3076923076923077,18,True,0.5359477124183006,0.5,0.2163713624990835,0.2195867761904634
1662,0.3076923076923077,18,True,1.2352941176470589,0.6111111111111112,0.25438865555566526,0.30727790249353115
1663,0.3076923076923077,18,True,0.9084967320261438,0.5555555555555556,0.16324832557915891,0.20840496387049523
1664,0.3076923076923077,18,True,0.3464052287581699,0.4444444444444444,0.17677650420937951,0.1874785426555272
1665,0.3076923076923077,18,True,0.42483660130718953,0.5,0.21222086512624005,0.22639930535523456
1666,0.3076923076923077,18,True,1.3594771241830066,0.5555555555555556,0.17448026209293632,0.22646676115740538
1667,0.3076923076923077,18,True,-0.30718954248366015,0.3888888888888889,0.15303673548038965,0.13606892464083475
1668,0.2692307692307692,19,True,0.13450292397660818,0.5263157894736842,0.2203245855456345,0.2446883927462009
1669,0.11538461538461539,23,True,0.8023715415019763,0.391304347826087,0.1453518249995679,0.1753348684593221
1670,0.15384615384615385,22,True,0.021645021645021644,0.4090909090909091,0.14122703933347858,0.1673391245090866
1671,0.15384615384615385,22,True,-0.4199134199134199,0.2727272727272727,0.10682159842570282,0.12108555915365327
1672,0.9230769230769231,2,False,,,,
1673,0.7307692307692307,7,True,-1.0476190476190477,0.14285714285714285,0.467938334407176,0.0
1674,0.7692307692307693,6,True,-0.4,0.3333333333333333,0.47369882211449754,0.04085208297275522
1675,0.7307692307692307,7,True,-0.5238095238095238,0.2857142857142857,0.4420271696282122,0.037038935205485624
1676,0.8846153846153846,3,False,,,,
1677,0.8846153846153846,3,False,,,,
1678,0.8846153846153846,3,False,,,,
1679,0.8846153846153846,3,False,,,,
1680,0.8846153846153846,3,False,,,,
1681,0.8846153846153846,3,False,,,,
1682,0.8846153846153846,3,False,,,,
1683,0.8846153846153846,3,False,,,,
1684,0.8846153846153846,3,False,,,,
1685,0.8461538461538461,4,False,,,,
1686,0.8461538461538461,4,False,,,,
1687,0.8846153846153846,3,False,,,,
1688,0.7692307692307693,6,True,0.6666666666666666,0.5,0.48620314331312764,0.10375937481971109
1689,0.7307692307692307,7,True,0.47619047619047616,0.42857142857142855,0.4532591061419895,0.08348355680039743
1690,0.7307692307692307,7,True,-0.9523809523809523,0.2857142857142857,0.4420271696282121,0.037038935205485624
1691,0.7307692307692307,7,True,-0.8571428571428571,0.2857142857142857,0.4588279850479763,0.02449624099389147
1692,0.7307692307692307,7,True,0.7619047619047619,0.5714285714285714,0.44507640356164013,0.1677511103997693
1693,0.7307692307692307,7,True,-0.6666666666666666,0.2857142857142857,0.4588279850479764,0.02449624099389136
1694,0.7692307692307693,6,True,0.5333333333333333,0.5,0.48620314331312764,0.10375937481971109
1695,0.8076923076923077,5,False,,,,0.039035952556318865
1696,0.7692307692307693,6,True,-1.0,0.3333333333333333,0.4974950051053538,0.030276100131752748
1697,0.7692307692307693,6,True,-0.3333333333333333,0.3333333333333333,0.4974950051053538,0.030276100131752748
1698,0.8461538461538461,4,False,,,,
1699,0.8461538461538461,4,False,,,,
1700,0.7307692307692307,7,True,-0.9047619047619048,0.2857142857142857,0.4420271696282122,0.037038935205485624
1701,0.7692307692307693,6,True,0.3333333333333333,0.3333333333333333,0.47369882211449754,0.04085208297275533
1702,0.7692307692307693,6,True,0.6,0.3333333333333333,0.47369882211449754,0.04085208297275533
1703,0.6538461538461539,9,True,0.25,0.2222222222222222,0.35986055218336943,0.031607485958777604
1704,0.2692307692307692,19,True,-0.05847953216374269,0.3684210526315789,0.1327040568565453,0.1190371301847496
1705,0.2692307692307692,19,True,0.11695906432748537,0.5789473684210527,0.24159573802322853,0.2867214920979325
1706,0.2692307692307692,19,True,0.6491228070175439,0.3684210526315789,0.15917904807388394,0.1675526697089812
1707,0.9615384615384616,1,False,,,,
1708,0.2692307692307692,19,True,1.672514619883041,0.5263157894736842,0.1803002370944009,0.2266696978627366
1709,0.2692307692307692,19,True,0.3333333333333333,0.3684210526315789,0.13719457322531892,0.1479243275641522
1710,0.23076923076923078,20,True,0.21578947368421053,0.45,0.15773977762623215,0.18076084362328393
1711,0.23076923076923078,20,True,3.763157894736842,0.8,0.3646439945315604,0.5168118696880717
1712,0.23076923076923078,20,True,0.868421052631579,0.4,0.1916644459879714,0.23794677496666627
1713,0.46153846153846156,14,True,3.32967032967033,0.7857142857142857,0.2473435604229952,0.40290515671200844
1714,0.23076923076923078,20,True,1.5842105263157895,0.5,0.20675979174319215,0.25891735050123776
1715,0.19230769230769232,21,True,1.8666666666666667,0.5238095238095238,0.20171422570514552,0.24714237188602806
1716,0.23076923076923078,20,True,1.4052631578947368,0.6,0.2200813476217478,0.29081902780598756
1717,0.23076923076923078,20,True,0.12105263157894737,0.6,0.24452281850610103,0.31137805050685086
1718,0.7307692307692307,7,True,-0.6666666666666666,0.2857142857142857,0.4588279850479764,0.02449624099389136
1719,0.7307692307692307,7,True,-0.9523809523809523,0.2857142857142857,0.4420271696282122,0.037038935205485624
1720,0.6538461538461539,9,True,-0.1388888888888889,0.3333333333333333,0.3702027196344714,0.06405530255413405
1721,0.6923076923076923,8,True,-0.14285714285714285,0.375,0.3989215714366776,0.07161678823041362
1722,0.6923076923076923,8,True,-0.5,0.25,0.4087949491495737,0.03286798191364604
1723,0.3076923076923077,18,True,1.4967320261437909,0.5555555555555556,0.20213338181162543,0.24597054513177197
1724,0.8076923076923077,5,False,,,,0.039035952556318865
1725,0.8076923076923077,5,False,,,,0.0
1726,0.8076923076923077,5,False,,,,0.039035952556318865
1727,0.8076923076923077,5,False,,,,0.03977028213923883
1728,0.34615384615384615,17,True,0.2426470588235294,0.5882352941176471,0.25047658064341094,0.28197877060173626
1729,0.2692307692307692,19,True,1.0175438596491229,0.5263157894736842,0.20720440196459866,0.23699400339378085
1730,0.2692307692307692,19,True,1.9181286549707601,0.6842105263157895,0.28136252344628987,0.3768634756015603
1731,0.3076923076923077,18,True,4.405228758169935,0.8888888888888888,0.3420878332371462,0.6123760369048357
1732,0.7307692307692307,7,True,-0.23809523809523808,0.2857142857142857,0.4420271696282122,0.037038935205485624
1733,0.6923076923076923,8,True,1.7857142857142858,0.5,0.38458336335762,0.125
1734,0.8076923076923077,5,False,,,,0.0
1735,0.9230769230769231,2,False,,,,
1736,0.9615384615384616,1,False,,,,
1737,0.9230769230769231,2,False,,,,
1738,0.9230769230769231,2,False,,,,
1739,0.9230769230769231,2,False,,,,
1740,0.4230769230769231,15,True,1.6095238095238096,0.6,0.2652766456655701,0.27596541114710327
1741,0.4230769230769231,15,True,2.238095238095238,0.7333333333333333,0.20482597000991576,0.335642594287774
1742,0.4230769230769231,15,True,1.8095238095238095,0.6666666666666666,0.2718477331856607,0.3286017186393957
1743,0.4230769230769231,15,True,2.1904761904761907,0.6666666666666666,0.2718477331856607,0.3286017186393957
1744,0.6923076923076923,8,True,-0.7142857142857143,0.25,0.4211181712088877,0.020430235452938983
1745,0.2692307692307692,19,True,0.8128654970760234,0.5263157894736842,0.20720440196459866,0.23699400339378085
1746,0.2692307692307692,19,True,2.0409356725146197,0.6842105263157895,0.28136252344629,0.3768634756015604
1747,0.2692307692307692,19,True,0.8888888888888888,0.5263157894736842,0.18701645504666042,0.23665100921814008
1748,0.2692307692307692,19,True,0.4093567251461988,0.47368421052631576,0.1722158345961009,0.21465505822008046
1749,0.2692307692307692,19,True,2.6783625730994154,0.6842105263157895,0.3018688220329365,0.38873147359769233
1750,0.2692307692307692,19,True,1.6432748538011697,0.6842105263157895,0.28136252344629,0.3768634756015604
1751,0.8846153846153846,3,False,,,,
1752,0.8846153846153846,3,False,,,,
1753,0.2692307692307692,19,True,1.760233918128655,0.5789473684210527,0.20879104909619728,0.26901133528123755
1754,0.23076923076923078,20,True,0.22631578947368422,0.45,0.19237725049745935,0.22834005982783967
1755,0.23076923076923078,20,True,2.4473684210526314,0.7,0.27623111266975187,0.388854772263004
1756,0.23076923076923078,20,True,0.8105263157894737,0.5,0.17016039466276445,0.20807317419415017
1757,0.3076923076923077,18,True,0.9477124183006536,0.5,0.16528024191282142,0.18815848929080803
1758,0.3076923076923077,18,True,1.6274509803921569,0.6666666666666666,0.2924117607305833,0.36596901696456796
1759,0.3076923076923077,18,True,0.47058823529411764,0.4444444444444444,0.18708664335714453,0.1752582648809603
1760,0.34615384615384615,17,True,0.15441176470588236,0.4117647058823529,0.18372570484850714,0.1552843853982533
1761,0.34615384615384615,17,True,1.1764705882352942,0.5294117647058824,0.23375058476908483,0.23612660219068704
1762,0.4230769230769231,15,True,1.4666666666666666,0.5333333333333333,0.2306241938134218,0.21073364570175868
1763,0.38461538461538464,16,True,-0.2916666666666667,0.3125,0.16176267630310315,0.10079147794483934
1764,0.34615384615384615,17,True,0.5955882352941176,0.47058823529411764,0.15298250286114867,0.17077077473661972
1765,0.34615384615384615,17,True,1.7426470588235294,0.5882352941176471,0.23678583366377381,0.282895505847258
1766,0.6538461538461539,9,True,-0.75,0.3333333333333333,0.3702027196344714,0.06405530255413405
1767,0.6538461538461539,9,True,2.388888888888889,0.6666666666666666,0.32279251219065985,0.22749311428573982
1768,0.5384615384615384,12,True,0.3787878787878788,0.3333333333333333,0.24773886825416092,0.06447546787242375
1769,0.5,13,True,-0.8589743589743589,0.3076923076923077,0.2556141669724512,0.09356849144434021
1770,0.5,13,True,-0.3974358974358974,0.23076923076923078,0.21345091238883684,0.03136774609392201
1771,0.5384615384615384,12,True,0.015151515151515152,0.3333333333333333,0.2852480283620076,0.08279027753739232
1772,0.5769230769230769,11,True,-0.12727272727272726,0.36363636363636365,0.2929551239187409,0.08373041115009094
1773,0.5769230769230769,11,True,0.43636363636363634,0.45454545454545453,0.3150076433669855,0.14033895080229264
1774,0.8461538461538461,4,False,,,,
1775,0.8076923076923077,5,False,,,,0.0
1776,0.8461538461538461,4,False,,,,
1777,0.8846153846153846,3,False,,,,
1778,0.5769230769230769,11,True,-0.6181818181818182,0.36363636363636365,0.3252925334651935,0.08928036954514329
1779,0.46153846153846156,14,True,-0.6263736263736264,0.21428571428571427,0.207631217056658,0.04125533868458664
1780,0.38461538461538464,16,True,-0.65,0.25,0.1477926960335335,0.057393489628405625
1781,0.4230769230769231,15,True,-0.5333333333333333,0.26666666666666666,0.173024782366891,0.05325869035271602
1782,0.4230769230769231,15,True,0.5333333333333333,0.26666666666666666,0.1821840320921636,0.0700339681785711
1783,0.4230769230769231,15,True,-0.580952380952381,0.26666666666666666,0.1913432818174362,0.08680924600442574
1784,0.15384615384615385,22,True,0.24675324675324675,0.5,0.17746557863258816,0.2219504392899544
1785,0.15384615384615385,22,True,0.021645021645021644,0.36363636363636365,0.1166118296445251,0.13313475709044942
1786,0.19230769230769232,21,True,0.3,0.42857142857142855,0.15423559560812805,0.17275035092978597
1787,0.15384615384615385,22,True,0.09523809523809523,0.3181818181818182,0.08475102694124004,0.09739424401853647
1788,0.15384615384615385,22,True,0.09956709956709957,0.4090909090909091,0.14690290196124156,0.1743686139571452
1789,0.15384615384615385,22,True,0.7229437229437229,0.36363636363636365,0.10873230880756957,0.13102108927489287
1790,0.11538461538461539,23,True,0.7786561264822134,0.5652173913043478,0.2512017061857378,0.2940688409961826
1791,0.07692307692307693,24,True,0.7065217391304348,0.4583333333333333,0.18293657882015035,0.20524815096781546
1792,0.07692307692307693,24,True,2.0833333333333335,0.6666666666666666,0.3306226580555335,0.37605710142841675
1793,0.07692307692307693,24,True,1.6159420289855073,0.5416666666666666,0.2142777916478653,0.2395360963304083
1794,0.07692307692307693,24,True,2.028985507246377,0.625,0.2870759777238382,0.3256442697746692
1795,0.07692307692307693,24,True,1.2391304347826086,0.5416666666666666,0.24786557608845694,0.2781402856446463
1796,0.07692307692307693,24,True,0.677536231884058,0.4583333333333333,0.14875825338337334,0.1668701081625351
1797,0.07692307692307693,24,True,0.8731884057971014,0.5416666666666666,0.22941389313033078,0.2588904106681955
1798,0.07692307692307693,24,True,0.18115942028985507,0.3333333333333333,0.12183871571220206,0.13674913430094804
1799,0.07692307692307693,24,True,-0.007246376811594203,0.4166666666666667,0.15240340227354954,0.17135308071101374
1800,0.07692307692307693,24,True,0.4166666666666667,0.5,0.21048407450541395,0.23697586397244363
1801,0.07692307692307693,24,True,0.03985507246376811,0.2916666666666667,0.11366292723862692,0.12669665890864457
1802,0.11538461538461539,23,True,1.1067193675889329,0.4782608695652174,0.17623600255919092,0.21045793942066526
1803,0.07692307692307693,24,True,-0.07608695652173914,0.375,0.131766262545449,0.14780211387689257
1804,0.15384615384615385,22,True,0.23809523809523808,0.45454545454545453,0.17463915814415643,0.2045511262453823
1805,0.23076923076923078,20,True,0.5789473684210527,0.4,0.15131733724163243,0.17193876007360365
1806,0.15384615384615385,22,True,1.0086580086580086,0.4090909090909091,0.14822185650946007,0.18992326546216698
1807,0.11538461538461539,23,True,0.4031620553359684,0.34782608695652173,0.13621005798338714,0.16264836981418984
1808,0.5,13,True,1.1153846153846154,0.46153846153846156,0.2623626794045325,0.17150847459618213
1809,0.7307692307692307,7,True,-1.1428571428571428,0.14285714285714285,0.467938334407176,0.0
1810,0.7307692307692307,7,True,4.285714285714286,0.8571428571428571,0.36928779799843736,0.4083272214176725
1811,0.7307692307692307,7,True,-0.3333333333333333,0.2857142857142857,0.4588279850479763,0.02449624099389136
1812,0.7307692307692307,7,True,-0.14285714285714285,0.5714285714285714,0.44507640356164013,0.1677511103997693
1813,0.7307692307692307,7,True,0.6190476190476191,0.42857142857142855,0.4532591061419895,0.08348355680039743
1814,0.7692307692307693,6,True,-0.13333333333333333,0.3333333333333333,0.4974950051053538,0.030276100131752526
1815,0.8076923076923077,5,False,,,,0.0
1816,0.8076923076923077,5,False,,,,0.0
1817,0.8076923076923077,5,False,,,,0.039035952556318865
1818,0.8461538461538461,4,False,,,,
1819,0.8461538461538461,4,False,,,,
1820,0.9615384615384616,1,False,,,,
1821,0.9615384615384616,1,False,,,,
1822,0.9615384615384616,1,False,,,,
1823,0.9615384615384616,1,False,,,,
1824,0.9615384615384616,1,False,,,,
1825,0.9615384615384616,1,False,,,,
1826,0.9615384615384616,1,False,,,,
1827,0.9615384615384616,1,False,,,,
1828,0.9615384615384616,1,False,,,,
1829,0.6153846153846154,10,True,-0.6888888888888889,0.2,0.3306226580555335,0.030429649809874948
1830,0.6153846153846154,10,True,1.4666666666666666,0.5,0.23371337124869007,0.06276943678387037
1831,0.6153846153846154,10,True,0.15555555555555556,0.5,0.33637198003112656,0.15545875354128547
1832,0.6153846153846154,10,True,0.0,0.3,0.3403007029550652,0.0573192851827401
1833,0.6153846153846154,10,True,1.0666666666666667,0.6,0.32579808338260974,0.21452470277266567
1834,0.6153846153846154,10,True,0.022222222222222223,0.4,0.32365414976897233,0.11864654673111685
1835,0.6923076923076923,8,True,1.3928571428571428,0.625,0.41124622563708424,0.22560252965230077
1836,0.6923076923076923,8,True,-0.07142857142857142,0.375,0.41913711660067576,0.06937177558342222
1837,0.6923076923076923,8,True,-0.17857142857142858,0.375,0.41913711660067576,0.06937177558342222
1838,0.6923076923076923,8,True,-0.21428571428571427,0.25,0.4087949491495737,0.03286798191364604
1839,0.7307692307692307,7,True,0.7142857142857143,0.42857142857142855,0.4532591061419895,0.08348355680039743
1840,0.6923076923076923,8,True,-0.9285714285714286,0.25,0.4211181712088875,0.020430235452938983
1841,0.6538461538461539,9,True,-0.8055555555555556,0.3333333333333333,0.3702027196344714,0.06405530255413405
1842,0.6538461538461539,9,True,0.5833333333333334,0.4444444444444444,0.364303166747423,0.11331711999846616
1843,0.7307692307692307,7,True,0.7142857142857143,0.5714285714285714,0.3942151939184563,0.13008447022637415
1844,0.7307692307692307,7,True,-0.6666666666666666,0.2857142857142857,0.4588279850479763,0.02449624099389136
1845,0.7307692307692307,7,True,1.0476190476190477,0.5714285714285714,0.44507640356164013,0.1677511103997693
1846,0.7307692307692307,7,True,0.3333333333333333,0.2857142857142857,0.4420271696282122,0.037038935205485624
1847,0.7307692307692307,7,True,1.619047619047619,0.5714285714285714,0.44507640356164013,0.1677511103997693
1848,0.7307692307692307,7,True,0.0,0.14285714285714285,0.467938334407176,0.0
1849,0.7307692307692307,7,True,-0.7142857142857143,0.2857142857142857,0.4588279850479763,0.02449624099389147
1850,0.7307692307692307,7,True,-0.19047619047619047,0.2857142857142857,0.4588279850479763,0.02449624099389136
1851,0.7692307692307693,6,True,-0.06666666666666667,0.3333333333333333,0.47369882211449754,0.04085208297275533
1852,0.7692307692307693,6,True,0.06666666666666667,0.3333333333333333,0.47369882211449754,0.04085208297275522
1853,0.7307692307692307,7,True,-0.7142857142857143,0.2857142857142857,0.4420271696282122,0.037038935205485624
1854,0.7307692307692307,7,True,-0.14285714285714285,0.2857142857142857,0.4420271696282122,0.037038935205485624
1855,0.7692307692307693,6,True,0.4,0.3333333333333333,0.4974950051053538,0.030276100131752748
1856,0.7692307692307693,6,True,-1.4,0.3333333333333333,0.4974950051053538,0.030276100131752748
1857,0.7692307692307693,6,True,-1.3333333333333333,0.16666666666666666,0.5099017818016451,0.0
1858,0.7692307692307693,6,True,0.26666666666666666,0.3333333333333333,0.47369882211449754,0.04085208297275533
1859,0.8461538461538461,4,False,,,,
1860,0.8076923076923077,5,False,,,,0.039035952556318865
1861,0.8076923076923077,5,False,,,,0.0
1862,0.8076923076923077,5,False,,,,0.039035952556318865
1863,0.7307692307692307,7,True,-0.42857142857142855,0.42857142857142855,0.4532591061419894,0.08348355680039765
1864,0.7307692307692307,7,True,-0.047619047619047616,0.42857142857142855,0.4244517587546246,0.0788145034114458
1865,0.38461538461538464,16,True,0.575,0.5625,0.23678583366377381,0.2573444615664978
1866,0.2692307692307692,19,True,-0.0935672514619883,0.47368421052631576,0.1631315935625528,0.18585266116365706
1867,0.9615384615384616,1,False,,,,
1868,0.9615384615384616,1,False,,,,
1869,0.9615384615384616,1,False,,,,
1870,0.9615384615384616,1,False,,,,
1871,0.9615384615384616,1,False,,,,
1872,0.9615384615384616,1,False,,,,
1873,0.9615384615384616,1,False,,,,
1874,0.9615384615384616,1,False,,,,
1875,0.9615384615384616,1,False,,,,
1876,0.9615384615384616,1,False,,,,
1877,0.23076923076923078,20,True,0.5052631578947369,0.5,0.19552770914294326,0.22365227999907078
1878,0.19230769230769232,21,True,0.680952380952381,0.42857142857142855,0.12718362224592084,0.16467770668824722
1879,0.15384615384615385,22,True,-0.025974025974025976,0.36363636363636365,0.1247253020433785,0.13644975243724888
1880,0.15384615384615385,22,True,0.5541125541125541,0.5,0.1913432818174362,0.23418223029267693
1881,0.15384615384615385,22,True,0.3593073593073593,0.5,0.18770893956903645,0.2249064140402537
1882,0.34615384615384615,17,True,-0.45588235294117646,0.17647058823529413,0.12249680052694856,0.03082541513930226
1883,0.038461538461538464,25,True,-0.25666666666666665,0.28,0.1414442022989708,0.1414491093329877
1884,0.038461538461538464,25,True,0.6133333333333333,0.44,0.18770893956903645,0.19187164478379126
1885,0.038461538461538464,25,True,1.4533333333333334,0.48,0.22016211940494568,0.22044303940004195
1886,0.038461538461538464,25,True,-0.42333333333333334,0.36,0.1412270393334787,0.14121242999636452
1887,0.038461538461538464,25,True,2.13,0.64,0.35139759864274567,0.3687797701039379
1888,0.038461538461538464,25,True,-0.07,0.36,0.15423559560812805,0.1576284945526787
1889,0.038461538461538464,25,True,1.4466666666666668,0.64,0.3403007029550652,0.3539610273577758
1890,0.038461538461538464,25,True,2.8966666666666665,0.76,0.4532591061419895,0.47231967166903266
1891,0.038461538461538464,25,True,3.5933333333333333,0.76,0.4588279850479763,0.4833846606343266
1892,0.038461538461538464,25,True,2.88,0.6,0.3459719245908668,0.348101064125798
1893,0.038461538461538464,25,True,3.3366666666666664,0.76,0.4420271696282122,0.4593151776224572
1894,0.038461538461538464,25,True,1.26,0.56,0.2641193748905769,0.26929565722816107
1895,0.038461538461538464,25,True,1.71,0.52,0.24050688771420614,0.24692115461057362
1896,0.038461538461538464,25,True,-0.24,0.36,0.13248689389105317,0.13168681028208085
1897,0.038461538461538464,25,True,0.99,0.4,0.19552770914294326,0.20039308485424134
1898,0.038461538461538464,25,True,0.78,0.4,0.16363141018790361,0.1656302749970997
1899,0.038461538461538464,25,True,0.47,0.4,0.160625656100437,0.16607993168842405
1900,0.038461538461538464,25,True,0.27,0.44,0.1821840320921636,0.18282974083740833
1901,0.07692307692307693,24,True,0.17753623188405798,0.5416666666666666,0.23134763798893354,0.26140977528736
1902,0.07692307692307693,24,True,-0.3188405797101449,0.4166666666666667,0.1477926960335335,0.16576483935735198
1903,0.07692307692307693,24,True,0.5652173913043478,0.5416666666666666,0.24645491724717872,0.27870300442397855
1904,0.9230769230769231,2,False,,,,
1905,0.9230769230769231,2,False,,,,
1906,0.07692307692307693,24,True,0.2391304347826087,0.375,0.15423559560812805,0.17342011617547481
1907,0.07692307692307693,24,True,-0.5507246376811594,0.375,0.12366739548819128,0.13870997118095807
1908,0.15384615384615385,22,True,0.8311688311688312,0.4090909090909091,0.11631769030097294,0.1447257688619723
1909,0.15384615384615385,22,True,0.44155844155844154,0.5,0.19729131135040867,0.2416098817422686
1910,0.23076923076923078,20,True,2.357894736842105,0.7,0.295823756010828,0.3977554223658072
1911,0.7307692307692307,7,True,-0.6666666666666666,0.42857142857142855,0.4244517587546247,0.0788145034114458
1912,0.34615384615384615,17,True,2.0808823529411766,0.5294117647058824,0.14621449759191907,0.19564991724005432
1913,0.8076923076923077,5,False,,,,0.039035952556318865
1914,0.8846153846153846,3,False,,,,
1915,0.8846153846153846,3,False,,,,
1916,0.8461538461538461,4,False,,,,
1917,0.8461538461538461,4,False,,,,
1918,0.9615384615384616,1,False,,,,
1919,0.9615384615384616,1,False,,,,
1920,0.9615384615384616,1,False,,,,
1921,0.9230769230769231,2,False,,,,
1922,0.9230769230769231,2,False,,,,
1923,0.9230769230769231,2,False,,,,
1924,0.9230769230769231,2,False,,,,
1925,0.9230769230769231,2,False,,,,
1926,0.8846153846153846,3,False,,,,
1927,0.8846153846153846,3,False,,,,
1928,0.8461538461538461,4,False,,,,
1929,0.8846153846153846,3,False,,,,
1930,0.8846153846153846,3,False,,,,
1931,0.8846153846153846,3,False,,,,
1932,0.8461538461538461,4,False,,,,
1933,0.8461538461538461,4,False,,,,
1934,0.8461538461538461,4,False,,,,
1935,0.8461538461538461,4,False,,,,
1936,0.8461538461538461,4,False,,,,
1937,0.8461538461538461,4,False,,,,
1938,0.9615384615384616,1,False,,,,
1939,0.8461538461538461,4,False,,,,
1940,0.8076923076923077,5,False,,,,0.0
1941,0.8076923076923077,5,False,,,,0.0
1942,0.8461538461538461,4,False,,,,
1943,0.8461538461538461,4,False,,,,
1944,0.8076923076923077,5,False,,,,0.039035952556318865
1945,0.8076923076923077,5,False,,,,0.2780719051126377
1946,0.7692307692307693,6,True,-0.4,0.16666666666666666,0.5099017818016451,0.0
1947,0.34615384615384615,17,True,-0.014705882352941176,0.5294117647058824,0.22566801098021416,0.2414325774464271
1948,0.11538461538461539,23,True,-0.20948616600790515,0.391304347826087,0.1531253035014949,0.17861069939217922
1949,0.11538461538461539,23,True,-0.48616600790513836,0.391304347826087,0.1398651296027068,0.16098667122936572
1950,0.9615384615384616,1,False,,,,
1951,0.9615384615384616,1,False,,,,
1952,0.9615384615384616,1,False,,,,
1953,0.9230769230769231,2,False,,,,
1954,0.8846153846153846,3,False,,,,
1955,0.8846153846153846,3,False,,,,
1956,0.11538461538461539,23,True,0.33992094861660077,0.391304347826087,0.1453518249995679,0.1753348684593221
1957,0.07692307692307693,24,True,0.17391304347826086,0.4166666666666667,0.12352616705001584,0.1379870615795742
1958,0.0,26,True,1.1846153846153846,0.5769230769230769,0.3150489563568538,0.3150489563568538
1959,0.0,26,True,0.04923076923076923,0.38461538461538464,0.1822679511509916,0.1822679511509916
1960,0.0,26,True,-0.12923076923076923,0.38461538461538464,0.17648213937178803,0.17648213937178803
1961,0.0,26,True,0.6984615384615385,0.46153846153846156,0.19952570306601214,0.19952570306601214
1962,0.0,26,True,-0.3630769230769231,0.38461538461538464,0.14921540211771522,0.14921540211771522
1963,0.0,26,True,0.48923076923076925,0.4230769230769231,0.19103544587740817,0.19103544587740817
1964,0.0,26,True,0.7938461538461539,0.4230769230769231,0.14553961714960018,0.14553961714960018
1965,0.0,26,True,-0.3230769230769231,0.38461538461538464,0.1976182081252812,0.1976182081252812
1966,0.11538461538461539,23,True,1.6245059288537549,0.5652173913043478,0.22312895728836857,0.26929018733262355
1967,0.19230769230769232,21,True,0.7238095238095238,0.38095238095238093,0.18767420835161686,0.22877489803252793
1968,0.19230769230769232,21,True,0.5666666666666667,0.3333333333333333,0.10338756790432801,0.11253110776252195
1969,0.19230769230769232,21,True,0.21904761904761905,0.47619047619047616,0.1925349444586688,0.22213136070222306
1970,0.19230769230769232,21,True,-0.319047619047619,0.3333333333333333,0.08590727701947687,0.08985106082375183
1971,0.19230769230769232,21,True,0.0761904761904762,0.38095238095238093,0.1282625024205517,0.15105113688586513
1972,0.11538461538461539,23,True,0.6996047430830039,0.4782608695652174,0.16707675283391854,0.19951754083858608
1973,0.11538461538461539,23,True,0.003952569169960474,0.34782608695652173,0.11116156798179733,0.12920987732629607
1974,0.11538461538461539,23,True,1.8695652173913044,0.391304347826087,0.15321599055434343,0.1860417706998787
1975,0.11538461538461539,23,True,0.05138339920948617,0.391304347826087,0.1268110312632903,0.14957767216694773
1976,0.11538461538461539,23,True,4.770750988142293,0.782608695652174,0.3989215714366776,0.4947363484015913
1977,0.11538461538461539,23,True,0.11067193675889328,0.30434782608695654,0.12538747133870498,0.14789126474120384
1978,0.11538461538461539,23,True,-0.15810276679841898,0.34782608695652173,0.10452686288374213,0.12601802916856353
1979,0.8461538461538461,4,False,,,,
1980,0.8461538461538461,4,False,,,,
1981,0.11538461538461539,23,True,4.675889328063241,0.782608695652174,0.3989215714366776,0.4947363484015913
1982,0.11538461538461539,23,True,1.0276679841897234,0.43478260869565216,0.1554777404611407,0.1875670450397534
1983,0.11538461538461539,23,True,2.1264822134387353,0.6521739130434783,0.2967540226233699,0.35822978033448283
1984,0.11538461538461539,23,True,1.300395256916996,0.6521739130434783,0.30329729136984285,0.3702950270746277
1985,0.11538461538461539,23,True,-0.06719367588932806,0.34782608695652173,0.13257143301972107,0.1505347445393922
1986,0.11538461538461539,23,True,0.3557312252964427,0.43478260869565216,0.1607961493774891,0.18764102253957715
1987,0.11538461538461539,23,True,1.4189723320158103,0.43478260869565216,0.1976182081252812,0.2384730242182178
1988,0.19230769230769232,21,True,1.1571428571428573,0.5714285714285714,0.23769908827219455,0.29421859734068845
1989,0.15384615384615385,22,True,0.18614718614718614,0.45454545454545453,0.13484132412220717,0.16811956962931363
1990,0.15384615384615385,22,True,-0.1471861471861472,0.36363636363636365,0.19663917501636763,0.2407955210602949
1991,0.15384615384615385,22,True,2.432900432900433,0.8636363636363636,0.44507640356164013,0.6046165260319906
1992,0.11538461538461539,23,True,0.5019762845849802,0.30434782608695654,0.10338756790432801,0.121829277552156
1993,0.15384615384615385,22,True,2.831168831168831,0.7272727272727273,0.33949004544527717,0.4354147813633106
1994,0.15384615384615385,22,True,4.852813852813853,0.8181818181818182,0.3239849491210236,0.4537052977194982
1995,0.15384615384615385,22,True,1.8398268398268398,0.6363636363636364,0.2425353031284201,0.3186593743158005
1996,0.15384615384615385,22,True,2.5714285714285716,0.6818181818181818,0.29164165490782135,0.38326849324330714
1997,0.15384615384615385,22,True,1.155844155844156,0.5909090909090909,0.24645491724717872,0.3030033443305099
1998,0.19230769230769232,21,True,5.019047619047619,0.8095238095238095,0.3520815079684009,0.505909581497662
1999,0.19230769230769232,21,True,1.2285714285714286,0.47619047619047616,0.17972696300204538,0.2353281368211244
2000,0.8461538461538461,4,False,,,,
2001,0.8846153846153846,3,False,,,,
2002,0.19230769230769232,21,True,1.3571428571428572,0.5714285714285714,0.22853983854692195,0.28223625603650637
2003,0.15384615384615385,22,True,2.670995670995671,0.7272727272727273,0.280164796178334,0.37834981573052107
2004,0.19230769230769232,21,True,2.723809523809524,0.7142857142857143,0.25056405525546777,0.359990013284221
2005,0.19230769230769232,21,True,3.9380952380952383,0.8095238095238095,0.3520815079684009,0.505909581497662
2006,0.19230769230769232,21,True,3.4095238095238094,0.6190476190476191,0.17606293088326197,0.2529032847534215
2007,0.15384615384615385,22,True,1.4588744588744589,0.6363636363636364,0.27040431073253934,0.33932428738574316
2008,0.15384615384615385,22,True,8.090909090909092,0.9545454545454546,0.46679721776196237,0.733235012196974
2009,0.15384615384615385,22,True,1.0735930735930737,0.45454545454545453,0.15080430486370122,0.18827947965146796
2010,0.15384615384615385,22,True,0.922077922077922,0.5,0.2168215049633907,0.26599837377919
2011,0.8846153846153846,3,False,,,,
2012,0.8461538461538461,4,False,,,,
2013,0.11538461538461539,23,True,7.316205533596838,0.9130434782608695,0.5150407828624814,0.6762162016427665
2014,0.11538461538461539,23,True,0.8656126482213439,0.43478260869565216,0.16995806964329896,0.20659584754930505
2015,0.11538461538461539,23,True,2.632411067193676,0.7391304347826086,0.3172983220805513,0.3956484959588683
2016,0.11538461538461539,23,True,-0.019762845849802372,0.34782608695652173,0.13450761595903737,0.15669346399421435
2017,0.11538461538461539,23,True,5.217391304347826,0.9565217391304348,0.5304657280612537,0.7419813313351845
2018,0.11538461538461539,23,True,2.1067193675889326,0.6086956521739131,0.28013355515350746,0.3418571483750532
2019,0.11538461538461539,23,True,2.1936758893280635,0.6956521739130435,0.33277382749301776,0.4064830647437546
2020,0.11538461538461539,23,True,-0.5177865612648221,0.30434782608695654,0.09889406758335717,0.11476825060095308
2021,0.11538461538461539,23,True,0.5019762845849802,0.43478260869565216,0.1925349444586687,0.22500477362067195
2022,0.11538461538461539,23,True,-0.06324110671936758,0.43478260869565216,0.17648213937178803,0.2107519411038058
2023,0.11538461538461539,23,True,4.0,1.0,0.4840530699925526,1.0
2024,0.11538461538461539,23,True,1.3478260869565217,0.43478260869565216,0.22772738178677832,0.27484511623458674
2025,0.11538461538461539,23,True,2.3952569169960474,0.7391304347826086,0.3850041427147546,0.464836541599543
2026,0.11538461538461539,23,True,7.130434782608695,0.9565217391304348,0.5304657280612537,0.7419813313351845
2027,0.11538461538461539,23,True,0.26877470355731226,0.2608695652173913,0.06759629209866203,0.0814056417974125
2028,0.11538461538461539,23,True,3.2015810276679844,0.7391304347826086,0.33792296688756684,0.42271615895531456
2029,0.0,26,True,1.5753846153846154,0.6153846153846154,0.30512817803393855,0.30512817803393855
2030,0.0,26,True,5.049230769230769,0.8076923076923077,0.5150407828624814,0.5150407828624814
2031,0.9615384615384616,1,False,,,,
2032,0.9615384615384616,1,False,,,,
2033,0.9615384615384616,1,False,,,,
2034,0.9615384615384616,1,False,,,,
2035,0.9615384615384616,1,False,,,,
2036,0.9615384615384616,1,False,,,,
2037,0.9615384615384616,1,False,,,,
2038,0.9615384615384616,1,False,,,,
2039,0.9615384615384616,1,False,,,,
2040,0.9615384615384616,1,False,,,,
2041,0.9615384615384616,1,False,,,,
2042,0.9615384615384616,1,False,,,,
2043,0.9230769230769231,2,False,,,,
2044,0.9230769230769231,2,False,,,,
2045,0.9230769230769231,2,False,,,,
2046,0.9230769230769231,2,False,,,,
2047,0.9230769230769231,2,False,,,,
2048,0.9230769230769231,2,False,,,,
2049,0.0,26,True,1.5507692307692307,0.6153846153846154,0.33949004544527717,0.33949004544527717
2050,0.0,26,True,4.3015384615384615,0.8846153846153846,0.6505863907239019,0.6505863907239019
2051,0.0,26,True,1.8707692307692307,0.6538461538461539,0.3702027196344714,0.3702027196344714
2052,0.0,26,True,2.683076923076923,0.5,0.32273733598667853,0.32273733598667853
2053,0.0,26,True,5.793846153846154,0.9230769230769231,0.7046197368459397,0.7046197368459397
2054,0.0,26,True,3.8646153846153846,0.6538461538461539,0.33792296688756673,0.33792296688756673
2055,0.0,26,True,1.353846153846154,0.6153846153846154,0.349179717945442,0.349179717945442
2056,0.0,26,True,7.2,0.9230769230769231,0.7046197368459397,0.7046197368459397
2057,0.0,26,True,-0.09538461538461539,0.3076923076923077,0.12608735953284567,0.12608735953284567
2058,0.8846153846153846,3,False,,,,
2059,0.8846153846153846,3,False,,,,
2060,0.07692307692307693,24,True,-0.05434782608695652,0.4583333333333333,0.18203307694127335,0.20508664531423948
2061,0.07692307692307693,24,True,9.0,1.0,0.6087564363707443,1.0
2062,0.038461538461538464,25,True,1.49,0.48,0.20973918017064586,0.2020452178010157
2063,0.038461538461538464,25,True,1.0233333333333334,0.52,0.2286593383123604,0.21227490200532317
2064,0.038461538461538464,25,True,1.2566666666666666,0.6,0.31018525420694854,0.3234912225589751
2065,0.038461538461538464,25,True,4.83,0.92,0.6505863907239019,0.6957788023483951
2066,0.038461538461538464,25,True,0.35,0.48,0.2515946733680027,0.2591056035815026
2067,0.038461538461538464,25,True,3.48,0.88,0.6007307442412233,0.6402218173130484
2068,0.038461538461538464,25,True,2.3233333333333333,0.8,0.4974950051053538,0.5235366175633003
2069,0.038461538461538464,25,True,3.67,0.84,0.5540365779007717,0.5890012456708482
2070,0.038461538461538464,25,True,3.0033333333333334,0.76,0.4588279850479764,0.4833846606343266
2071,0.038461538461538464,25,True,2.6533333333333333,0.88,0.6007307442412233,0.6402218173130484
2072,0.038461538461538464,25,True,0.68,0.6,0.30643206752290164,0.3163205631193242
2073,0.038461538461538464,25,True,3.46,0.88,0.6007307442412233,0.6402218173130484
2074,0.038461538461538464,25,True,7.36,0.96,0.7046197368459397,0.7577078109175852
2075,0.038461538461538464,25,True,0.21333333333333335,0.44,0.2064997133311831,0.20525910002165482
2076,0.038461538461538464,25,True,3.47,0.76,0.44507640356164013,0.4522843602212001
2077,0.038461538461538464,25,True,4.726666666666667,0.84,0.5540365779007717,0.5890012456708482
2078,0.11538461538461539,23,True,1.3201581027667983,0.5652173913043478,0.2390919380298625,0.28857357952772755
2079,0.038461538461538464,25,True,6.3,0.92,0.607622173176871,0.5978208097977272
2080,0.038461538461538464,25,True,3.12,0.84,0.5540365779007717,0.5890012456708482
2081,0.038461538461538464,25,True,4.056666666666667,0.76,0.4420271696282121,0.4593151776224572
2082,0.038461538461538464,25,True,3.256666666666667,0.84,0.5540365779007717,0.5890012456708482
2083,0.038461538461538464,25,True,4.24,0.88,0.5749242872760028,0.5964848599995862
2084,0.0,26,True,4.436923076923077,0.8461538461538461,0.5749242872760028,0.5749242872760028
2085,0.0,26,True,2.0184615384615383,0.46153846153846156,0.23956317813640737,0.23956317813640737
2086,0.0,26,True,2.646153846153846,0.7307692307692307,0.4532591061419895,0.4532591061419895
2087,0.0,26,True,8.0,0.9615384615384616,0.7648066181807586,0.7648066181807586
2088,0.0,26,True,0.8307692307692308,0.38461538461538464,0.17078060902673686,0.17078060902673686
2089,0.0,26,True,0.7046153846153846,0.46153846153846156,0.24955026282883774,0.24955026282883774
2090,0.9230769230769231,2,False,,,,
2091,0.9230769230769231,2,False,,,,
2092,0.07692307692307693,24,True,9.0,1.0,0.6087564363707443,1.0
2093,0.07692307692307693,24,True,4.855072463768116,0.9166666666666666,0.5749242872760028,0.6863331571499236
2094,0.07692307692307693,24,True,4.8731884057971016,0.875,0.5366455799102168,0.6291576221051296
2095,0.07692307692307693,24,True,1.9492753623188406,0.75,0.36395871855060435,0.411967448142028
2096,0.07692307692307693,24,True,2.289855072463768,0.7916666666666666,0.4588279850479763,0.5272581766386435
2097,0.9615384615384616,1,False,,,,
2098,0.07692307692307693,24,True,2.2572463768115942,0.8333333333333334,0.47369882211449754,0.549988789175823
2099,0.07692307692307693,24,True,3.4456521739130435,0.8333333333333334,0.4974950051053538,0.576491728082824
2100,0.07692307692307693,24,True,0.6811594202898551,0.4166666666666667,0.17352780570856585,0.19543077299217437
2101,0.07692307692307693,24,True,2.898550724637681,0.8333333333333334,0.4974950051053538,0.576491728082824
2102,0.07692307692307693,24,True,3.300724637681159,0.8333333333333334,0.47369882211449754,0.549988789175823
2103,0.07692307692307693,24,True,3.278985507246377,0.875,0.5005237155131841,0.5846264992661603
2104,0.07692307692307693,24,True,2.7355072463768115,0.7083333333333334,0.3702027196344714,0.4229873708048356
2105,0.07692307692307693,24,True,3.38768115942029,0.8333333333333334,0.47369882211449754,0.549988789175823
2106,0.07692307692307693,24,True,8.0,1.0,0.6087564363707443,1.0
2107,0.07692307692307693,24,True,1.960144927536232,0.5416666666666666,0.28136252344629,0.31846369119999374
2108,0.9230769230769231,2,False,,,,
2109,0.11538461538461539,23,True,3.984189723320158,0.9130434782608695,0.5150407828624814,0.6762162016427665
2110,0.07692307692307693,24,True,1.4202898550724639,0.5833333333333334,0.295823756010828,0.3354778503770529
2111,0.07692307692307693,24,True,7.166666666666667,0.9583333333333334,0.607622173176871,0.7501177071668146
2112,0.07692307692307693,24,True,4.101449275362318,0.9166666666666666,0.5749242872760028,0.6863331571499236
2113,0.9615384615384616,1,False,,,,
2114,0.038461538461538464,25,True,4.826666666666667,0.92,0.6505863907239019,0.6957788023483951
2115,0.038461538461538464,25,True,3.1066666666666665,0.84,0.5540365779007717,0.5890012456708482
2116,0.038461538461538464,25,True,2.92,0.72,0.4174475431717113,0.4308565404561475
2117,0.038461538461538464,25,True,5.593333333333334,0.92,0.6505863907239019,0.6957788023483951
2118,0.038461538461538464,25,True,4.1,0.48,0.30437821818537225,0.24143808542134393
2119,0.038461538461538464,25,True,2.4633333333333334,0.72,0.4211181712088877,0.4437788480297401
2120,0.038461538461538464,25,True,8.12,0.96,0.7046197368459397,0.7577078109175852
2121,0.038461538461538464,25,True,0.42333333333333334,0.36,0.15773977762623215,0.1559677703347081
2122,0.038461538461538464,25,True,0.7633333333333333,0.6,0.3410400116754081,0.35034615327377683
2123,0.038461538461538464,25,True,8.04,0.96,0.7046197368459397,0.7577078109175852
2124,0.038461538461538464,25,True,0.93,0.44,0.21560981080095365,0.21956157419958788
2125,0.07692307692307693,24,True,4.286231884057971,0.7916666666666666,0.4420271696282122,0.5095943948111124
2126,0.8846153846153846,3,False,,,,
2127,0.8846153846153846,3,False,,,,
2128,0.07692307692307693,24,True,2.3079710144927534,0.7916666666666666,0.4420271696282122,0.5095943948111124
2129,0.07692307692307693,24,True,2.2355072463768115,0.7916666666666666,0.4420271696282122,0.5095943948111124
2130,0.07692307692307693,24,True,0.3804347826086957,0.4166666666666667,0.18794016322574947,0.21087737849658184
2131,0.07692307692307693,24,True,3.4094202898550723,0.7916666666666666,0.4420271696282122,0.5095943948111124
2132,0.07692307692307693,24,True,0.9927536231884058,0.5416666666666666,0.22218838826366105,0.25092522664620065
2133,0.07692307692307693,24,True,3.753623188405797,0.6666666666666666,0.33637198003112656,0.3821682861562168
2134,0.07692307692307693,24,True,3.9565217391304346,0.875,0.5366455799102168,0.6291576221051296
2135,0.07692307692307693,24,True,2.86231884057971,0.9166666666666666,0.5749242872760028,0.6863331571499236
2136,0.9615384615384616,1,False,,,,
2137,0.07692307692307693,24,True,2.8731884057971016,0.7916666666666666,0.4119474375559944,0.4723233903775078
2138,0.07692307692307693,24,True,3.5652173913043477,0.875,0.5366455799102168,0.6291576221051296
2139,0.07692307692307693,24,True,6.094202898550725,0.875,0.5366455799102168,0.6291576221051296
2140,0.07692307692307693,24,True,2.6884057971014492,0.6666666666666666,0.33637198003112656,0.3821682861562168
2141,0.11538461538461539,23,True,2.458498023715415,0.782608695652174,0.3989215714366776,0.4947363484015913
2142,0.11538461538461539,23,True,1.2648221343873518,0.5217391304347826,0.21460680776545038,0.26277740782036885
2143,0.11538461538461539,23,True,7.304347826086956,0.9565217391304348,0.5304657280612537,0.7419813313351845
2144,0.11538461538461539,23,True,1.7391304347826086,0.4782608695652174,0.24305593873261677,0.2985804555424244
2145,0.07692307692307693,24,True,3.1449275362318843,0.7916666666666666,0.4119474375559944,0.4723233903775078
2146,0.07692307692307693,24,True,3.4384057971014492,0.875,0.5005237155131841,0.5846264992661603
2147,0.11538461538461539,23,True,3.964426877470356,0.8260869565217391,0.3847877901555128,0.49041683613369114
2148,0.11538461538461539,23,True,4.2727272727272725,0.8260869565217391,0.4244517587546247,0.5362760383938441
2149,0.11538461538461539,23,True,4.735177865612648,0.7391304347826086,0.33792296688756673,0.42271615895531456
2150,0.11538461538461539,23,True,2.2885375494071147,0.6956521739130435,0.3403007029550652,0.4108344742340454
2151,0.11538461538461539,23,True,7.956521739130435,0.9565217391304348,0.5304657280612537,0.7419813313351845
2152,0.07692307692307693,24,True,0.028985507246376812,0.375,0.17456645512323454,0.19641263125105957
2153,0.07692307692307693,24,True,0.677536231884058,0.5416666666666666,0.24645491724717872,0.27870300442397833
2154,0.07692307692307693,24,True,8.166666666666666,0.9583333333333334,0.607622173176871,0.7501177071668146
2155,0.07692307692307693,24,True,1.3079710144927537,0.4583333333333333,0.1821840320921636,0.205132434581472
2156,0.07692307692307693,24,True,0.9963768115942029,0.5833333333333334,0.2609814993784899,0.29533151238192656
2157,0.07692307692307693,24,True,2.5181159420289854,0.75,0.4087949491495737,0.4683925140412224
2158,0.07692307692307693,24,True,4.6268115942028984,0.875,0.5366455799102168,0.6291576221051296
2159,0.07692307692307693,24,True,2.38768115942029,0.7083333333333334,0.35986055218336943,0.41081943958157696
2160,0.07692307692307693,24,True,3.3442028985507246,0.8333333333333334,0.4974950051053538,0.576491728082824
2161,0.07692307692307693,24,True,2.3369565217391304,0.75,0.3989215714366776,0.4576066158886064
2162,0.07692307692307693,24,True,1.894927536231884,0.5416666666666666,0.28136252344629,0.31846369119999374
2163,0.07692307692307693,24,True,1.8442028985507246,0.4583333333333333,0.2718477331856607,0.30434841076003083
2164,0.07692307692307693,24,True,3.148550724637681,0.5833333333333334,0.18248046881332958,0.020131243348847194
2165,0.07692307692307693,24,True,3.5072463768115942,0.8333333333333334,0.47369882211449754,0.549988789175823
2166,0.07692307692307693,24,True,0.42028985507246375,0.4583333333333333,0.1968216684316514,0.2211592604532906
2167,0.07692307692307693,24,True,8.0,1.0,0.6087564363707443,1.0
2168,0.07692307692307693,24,True,0.3333333333333333,0.4166666666666667,0.16995806964329896,0.1873923526001663
2169,0.11538461538461539,23,True,1.1699604743083003,0.7391304347826086,0.34577719501238946,0.4278544936456885
2170,0.07692307692307693,24,True,0.07608695652173914,0.4583333333333333,0.22427948189416813,0.25294643957055496
2171,0.07692307692307693,24,True,1.858695652173913,0.4583333333333333,0.22248960612422697,0.23404018201200305
2172,0.07692307692307693,24,True,1.7934782608695652,0.5416666666666666,0.22312895728836857,0.25161450788658113
2173,0.9230769230769231,2,False,,,,
2174,0.9230769230769231,2,False,,,,
2175,0.9230769230769231,2,False,,,,
2176,0.9230769230769231,2,False,,,,
2177,0.9615384615384616,1,False,,,,
2178,0.9615384615384616,1,False,,,,
2179,0.9615384615384616,1,False,,,,
2180,0.9615384615384616,1,False,,,,
2181,0.9615384615384616,1,False,,,,
2182,0.9615384615384616,1,False,,,,
2183,0.9615384615384616,1,False,,,,
2184,0.9615384615384616,1,False,,,,
2185,0.9615384615384616,1,False,,,,
2186,0.9615384615384616,1,False,,,,
2187,0.9615384615384616,1,False,,,,
2188,0.9615384615384616,1,False,,,,
2189,0.9230769230769231,2,False,,,,
2190,0.9230769230769231,2,False,,,,
2191,0.9230769230769231,2,False,,,,
2192,0.9230769230769231,2,False,,,,
2193,0.34615384615384615,17,True,1.9926470588235294,0.6470588235294118,0.21106084275143389,0.3107905736398382
2194,0.11538461538461539,23,True,0.9762845849802372,0.4782608695652174,0.20542222789876396,0.25121867333201076
2195,0.07692307692307693,24,True,1.7572463768115942,0.5416666666666666,0.2500503094692643,0.28278064007046033
2196,0.07692307692307693,24,True,0.25,0.4166666666666667,0.20720440196459866,0.23377313036068204
2197,0.07692307692307693,24,True,1.1123188405797102,0.4583333333333333,0.2652766456655702,0.2995380786118229
2198,0.07692307692307693,24,True,0.14855072463768115,0.4166666666666667,0.14683084225080512,0.15357099993229528
2199,0.07692307692307693,24,True,4.018115942028985,0.7083333333333334,0.3520815079684009,0.39702934913301735
2200,0.07692307692307693,24,True,1.5036231884057971,0.5,0.22016211940494568,0.24817987871113756
2201,0.07692307692307693,24,True,9.0,1.0,0.6087564363707443,1.0
2202,0.07692307692307693,24,True,0.9202898550724637,0.4583333333333333,0.19729131135040878,0.22242566371809058
2203,0.07692307692307693,24,True,1.2427536231884058,0.5,0.18984765816648042,0.21308563457017882
2204,0.07692307692307693,24,True,7.916666666666667,0.9583333333333334,0.607622173176871,0.7501177071668146
2205,0.07692307692307693,24,True,1.5724637681159421,0.5,0.18516189575164177,0.18709270815304424
2206,0.9230769230769231,2,False,,,,
2207,0.9230769230769231,2,False,,,,
2208,0.9615384615384616,1,False,,,,
2209,0.9615384615384616,1,False,,,,
2210,0.11538461538461539,23,True,2.7865612648221343,0.782608695652174,0.3989215714366776,0.4947363484015913
2211,0.07692307692307693,24,True,0.9927536231884058,0.4166666666666667,0.22644366621267187,0.253849684432251
2212,0.07692307692307693,24,True,1.2210144927536233,0.4583333333333333,0.15692479800785997,0.15157859826130338
2213,0.07692307692307693,24,True,1.2355072463768115,0.4583333333333333,0.2306241938134218,0.2587682252084825
2214,0.07692307692307693,24,True,3.8840579710144927,0.875,0.5366455799102168,0.6291576221051296
2215,0.07692307692307693,24,True,2.5072463768115942,0.75,0.3989215714366776,0.4576066158886065
2216,0.11538461538461539,23,True,1.8102766798418972,0.5652173913043478,0.21161926032570377,0.25901759864796925
2217,0.07692307692307693,24,True,4.358695652173913,0.8333333333333334,0.4974950051053538,0.576491728082824
2218,0.07692307692307693,24,True,3.3659420289855073,0.875,0.5005237155131841,0.5846264992661603
2219,0.07692307692307693,24,True,0.5181159420289855,0.4166666666666667,0.1389142123712459,0.14402309847037653
2220,0.11538461538461539,23,True,1.2529644268774704,0.4782608695652174,0.16837028442869661,0.2045890415944105
2221,0.11538461538461539,23,True,8.0,1.0,0.4840530699925526,1.0
2222,0.11538461538461539,23,True,1.8616600790513833,0.43478260869565216,0.11890234688783552,0.14233396144692956
2223,0.11538461538461539,23,True,2.430830039525692,0.6086956521739131,0.22400933139338652,0.2746104231257319
2224,0.15384615384615385,22,True,3.116883116883117,0.8181818181818182,0.4174475431717113,0.5487910234678355
2225,0.07692307692307693,24,True,0.7355072463768116,0.4583333333333333,0.1704787728353765,0.18209173595694683
2226,0.07692307692307693,24,True,8.0,1.0,0.6087564363707443,1.0
2227,0.07692307692307693,24,True,1.2065217391304348,0.4583333333333333,0.25438865555566526,0.28780302775290856
2228,0.07692307692307693,24,True,-0.19202898550724637,0.375,0.14238328941171552,0.16007299724736335
2229,0.9615384615384616,1,False,,,,
2230,0.9615384615384616,1,False,,,,
2231,0.9615384615384616,1,False,,,,
2232,0.9615384615384616,1,False,,,,
2233,0.9615384615384616,1,False,,,,
2234,0.9615384615384616,1,False,,,,
2235,0.9615384615384616,1,False,,,,
2236,0.9615384615384616,1,False,,,,
2237,0.9615384615384616,1,False,,,,
2238,0.9615384615384616,1,False,,,,
2239,0.9615384615384616,1,False,,,,
2240,0.9615384615384616,1,False,,,,
2241,0.9615384615384616,1,False,,,,
2242,0.46153846153846156,14,True,1.5604395604395604,0.5714285714285714,0.27125650383183186,0.24555498798505804
2243,0.11538461538461539,23,True,2.450592885375494,0.5217391304347826,0.19766621695027198,0.23864402215962122
2244,0.11538461538461539,23,True,0.924901185770751,0.34782608695652173,0.14383861914657903,0.1697492505831154
2245,0.11538461538461539,23,True,0.841897233201581,0.43478260869565216,0.23678583366377381,0.28863960030270686
2246,0.11538461538461539,23,True,0.023715415019762844,0.34782608695652173,0.12705080825811477,0.15170797123211066
2247,0.07692307692307693,24,True,1.2717391304347827,0.5416666666666666,0.23134763798893365,0.26140977528735976
2248,0.07692307692307693,24,True,9.0,1.0,0.6087564363707443,1.0
2249,0.07692307692307693,24,True,2.1050724637681157,0.5,0.21460680776545038,0.23531263116493484
2250,0.07692307692307693,24,True,0.75,0.4583333333333333,0.21560981080095365,0.24339476100040913
2251,0.07692307692307693,24,True,9.0,1.0,0.6087564363707443,1.0
2252,0.07692307692307693,24,True,1.286231884057971,0.4583333333333333,0.22427948189416813,0.25294643957055496
2253,0.07692307692307693,24,True,0.15579710144927536,0.375,0.15423559560812805,0.17342011617547481
2254,0.07692307692307693,24,True,0.9202898550724637,0.5,0.15493807446171937,0.16972078914818756
2255,0.07692307692307693,24,True,4.0978260869565215,0.8333333333333334,0.47369882211449754,0.549988789175823
2256,0.07692307692307693,24,True,0.5471014492753623,0.4166666666666667,0.16732288964651565,0.18812095705786325
2257,0.07692307692307693,24,True,2.739130434782609,0.4583333333333333,0.22248960612422697,0.23404018201200305
2258,0.07692307692307693,24,True,3.601449275362319,0.8333333333333334,0.47369882211449754,0.549988789175823
2259,0.07692307692307693,24,True,4.576086956521739,0.8333333333333334,0.4974950051053538,0.576491728082824
2260,0.07692307692307693,24,True,0.7862318840579711,0.4583333333333333,0.19255497597987303,0.21700400364082417
2261,0.07692307692307693,24,True,1.6340579710144927,0.625,0.3050107899630532,0.33782798690048454
2262,0.07692307692307693,24,True,-0.014492753623188406,0.375,0.16528024191282142,0.18188872037144632
2263,0.07692307692307693,24,True,0.4855072463768116,0.4583333333333333,0.18770893956903645,0.21153034397495973
2264,0.8846153846153846,3,False,,,,
2265,0.8846153846153846,3,False,,,,
2266,0.8846153846153846,3,False,,,,
2267,0.8846153846153846,3,False,,,,
2268,0.9230769230769231,2,False,,,,
2269,0.9230769230769231,2,False,,,,
2270,0.9230769230769231,2,False,,,,
2271,0.9230769230769231,2,False,,,,
2272,0.9230769230769231,2,False,,,,
2273,0.9230769230769231,2,False,,,,
2274,0.9230769230769231,2,False,,,,
2275,0.9230769230769231,2,False,,,,
2276,0.9230769230769231,2,False,,,,
2277,0.9230769230769231,2,False,,,,
2278,0.9230769230769231,2,False,,,,
2279,0.9230769230769231,2,False,,,,
2280,0.9615384615384616,1,False,,,,
2281,0.9615384615384616,1,False,,,,
2282,0.9615384615384616,1,False,,,,
2283,0.9615384615384616,1,False,,,,
2284,0.9615384615384616,1,False,,,,
2285,0.9615384615384616,1,False,,,,
2286,0.9615384615384616,1,False,,,,
2287,0.9615384615384616,1,False,,,,
2288,0.9615384615384616,1,False,,,,
2289,0.9615384615384616,1,False,,,,
2290,0.9615384615384616,1,False,,,,
2291,0.9615384615384616,1,False,,,,
2292,0.9615384615384616,1,False,,,,
2293,0.9615384615384616,1,False,,,,
2294,0.9615384615384616,1,False,,,,
2295,0.9615384615384616,1,False,,,,
2296,0.9615384615384616,1,False,,,,
2297,0.9615384615384616,1,False,,,,
2298,0.9615384615384616,1,False,,,,
2299,0.9615384615384616,1,False,,,,
2300,0.9615384615384616,1,False,,,,
2301,0.9615384615384616,1,False,,,,
2302,0.9615384615384616,1,False,,,,
2303,0.9615384615384616,1,False,,,,
2304,0.9615384615384616,1,False,,,,
2305,0.9615384615384616,1,False,,,,
2306,0.9615384615384616,1,False,,,,
2307,0.9615384615384616,1,False,,,,
2308,0.9615384615384616,1,False,,,,
2309,0.9615384615384616,1,False,,,,
2310,0.9615384615384616,1,False,,,,
2311,0.9615384615384616,1,False,,,,
2312,0.9615384615384616,1,False,,,,
2313,0.9615384615384616,1,False,,,,
2314,0.9615384615384616,1,False,,,,
2315,0.9615384615384616,1,False,,,,
2316,0.9615384615384616,1,False,,,,
2317,0.9615384615384616,1,False,,,,
2318,0.9615384615384616,1,False,,,,
2319,0.9615384615384616,1,False,,,,
2320,0.9615384615384616,1,False,,,,
2321,0.9615384615384616,1,False,,,,
2322,0.9615384615384616,1,False,,,,
2323,0.9615384615384616,1,False,,,,
2324,0.9615384615384616,1,False,,,,
2325,0.9230769230769231,2,False,,,,
2326,0.9230769230769231,2,False,,,,
2327,0.9230769230769231,2,False,,,,
2328,0.9230769230769231,2,False,,,,
2329,0.9230769230769231,2,False,,,,
2330,0.9230769230769231,2,False,,,,
2331,0.9230769230769231,2,False,,,,
2332,0.9230769230769231,2,False,,,,
2333,0.9230769230769231,2,False,,,,
2334,0.9230769230769231,2,False,,,,
2335,0.07692307692307693,24,True,7.25,0.9583333333333334,0.607622173176871,0.7501177071668146
2336,0.07692307692307693,24,True,0.6557971014492754,0.5,0.20973918017064586,0.2341962570206111
2337,0.07692307692307693,24,True,2.3405797101449277,0.7083333333333334,0.33454525849861216,0.37996515711568357
2338,0.07692307692307693,24,True,1.5543478260869565,0.4583333333333333,0.2652766456655702,0.2995380786118229
2339,0.07692307692307693,24,True,7.083333333333333,0.9583333333333334,0.607622173176871,0.7501177071668146
2340,0.07692307692307693,24,True,1.8768115942028984,0.4583333333333333,0.1691068701522359,0.18639088584636465
2341,0.07692307692307693,24,True,1.0905797101449275,0.4166666666666667,0.22644366621267187,0.253849684432251
2342,0.9615384615384616,1,False,,,,
2343,0.07692307692307693,24,True,3.5543478260869565,0.8333333333333334,0.4974950051053538,0.576491728082824
2344,0.07692307692307693,24,True,3.960144927536232,0.875,0.5005237155131841,0.5846264992661603
2345,0.07692307692307693,24,True,0.3804347826086957,0.5,0.26230258706908616,0.2969647754238325
2346,0.07692307692307693,24,True,4.333333333333333,0.6666666666666666,0.29692407274490074,0.306302842314929
2347,0.07692307692307693,24,True,2.467391304347826,0.6666666666666666,0.31242221325519504,0.3532835186867973
2348,0.07692307692307693,24,True,9.0,1.0,0.6087564363707443,1.0
2349,0.07692307692307693,24,True,2.6340579710144927,0.6666666666666666,0.3224316600419157,0.3667830045215884
2350,0.07692307692307693,24,True,0.463768115942029,0.4583333333333333,0.22427948189416813,0.25294643957055496
2351,0.07692307692307693,24,True,7.916666666666667,0.9583333333333334,0.607622173176871,0.7501177071668146
2352,0.9615384615384616,1,False,,,,
2353,0.9615384615384616,1,False,,,,
2354,0.11538461538461539,23,True,1.3675889328063242,0.43478260869565216,0.1445193690217389,0.17432925582559222
2355,0.11538461538461539,23,True,5.4980237154150196,0.9130434782608695,0.43658265924547224,0.5737713430018552
2356,0.11538461538461539,23,True,2.0988142292490117,0.6956521739130435,0.2801647961783339,0.34691467414540655
2357,0.11538461538461539,23,True,1.6561264822134387,0.4782608695652174,0.17944903760333775,0.21824781047395592
2358,0.11538461538461539,23,True,-0.4980237154150198,0.34782608695652173,0.12183871571220206,0.1436872633940678
2359,0.11538461538461539,23,True,1.4268774703557312,0.5217391304347826,0.2200813476217478,0.26813167604708266
2360,0.11538461538461539,23,True,1.3557312252964426,0.4782608695652174,0.17118064279062584,0.206536260697188
2361,0.11538461538461539,23,True,3.177865612648221,0.8260869565217391,0.4244517587546247,0.5362760383938441
2362,0.11538461538461539,23,True,4.675889328063241,0.782608695652174,0.3989215714366776,0.4947363484015913
2363,0.11538461538461539,23,True,3.015810276679842,0.5217391304347826,0.2073516497696648,0.23731307539141677
2364,0.11538461538461539,23,True,-0.1976284584980237,0.34782608695652173,0.1282625024205517,0.15315529688587703
2365,0.11538461538461539,23,True,0.7114624505928854,0.4782608695652174,0.18213901423002765,0.2197740499113494
2366,0.11538461538461539,23,True,8.0,1.0,0.4840530699925526,1.0
2367,0.9230769230769231,2,False,,,,
2368,0.11538461538461539,23,True,0.9920948616600791,0.4782608695652174,0.23395752679369985,0.2823711749041028
2369,0.11538461538461539,23,True,1.1462450592885376,0.6086956521739131,0.276231112669752,0.34033119784206023
2370,0.11538461538461539,23,True,0.924901185770751,0.4782608695652174,0.18081722214937845,0.2199275164503821
2371,0.11538461538461539,23,True,7.391304347826087,0.9565217391304348,0.5304657280612537,0.7419813313351845
2372,0.11538461538461539,23,True,3.367588932806324,0.8260869565217391,0.4244517587546247,0.5362760383938441
2373,0.11538461538461539,23,True,1.8695652173913044,0.6086956521739131,0.276231112669752,0.34033119784206023
2374,0.11538461538461539,23,True,1.6324110671936758,0.5652173913043478,0.2142777916478653,0.2610067105721663
2375,0.11538461538461539,23,True,3.0,0.782608695652174,0.41913711660067576,0.5125103790251118
2376,0.11538461538461539,23,True,4.2727272727272725,0.8260869565217391,0.4244517587546247,0.5362760383938441
2377,0.11538461538461539,23,True,4.189723320158103,0.5652173913043478,0.21497108037134782,0.24818181124087246
2378,0.11538461538461539,23,True,0.1976284584980237,0.34782608695652173,0.07851775029107944,0.093736956739357
2379,0.11538461538461539,23,True,8.130434782608695,0.9565217391304348,0.5304657280612537,0.7419813313351845
2380,0.11538461538461539,23,True,1.2608695652173914,0.43478260869565216,0.1803002370944009,0.21929281926053168
2381,0.11538461538461539,23,True,0.6284584980237155,0.34782608695652173,0.14290036306297693,0.16657362840739087
2382,0.11538461538461539,23,True,7.956521739130435,0.9565217391304348,0.5304657280612537,0.7419813313351845
2383,0.07692307692307693,24,True,1.1630434782608696,0.5416666666666666,0.22312895728836857,0.25161450788658113
2384,0.07692307692307693,24,True,1.0471014492753623,0.4583333333333333,0.2063454805321242,0.2326880537223569
2385,0.07692307692307693,24,True,1.6884057971014492,0.5833333333333334,0.27040431073253934,0.30634392506370933
2386,0.07692307692307693,24,True,4.692028985507246,0.8333333333333334,0.44196186015850625,0.5045715958363294
2387,0.07692307692307693,24,True,2.039855072463768,0.75,0.4087949491495737,0.4683925140412224
2388,0.07692307692307693,24,True,3.0833333333333335,0.7916666666666666,0.4588279850479764,0.5272581766386435
2389,0.07692307692307693,24,True,3.536231884057971,0.7916666666666666,0.4420271696282122,0.5095943948111124
2390,0.07692307692307693,24,True,2.36231884057971,0.75,0.4211181712088877,0.48082134603373994
2391,0.07692307692307693,24,True,1.6702898550724639,0.75,0.4087949491495737,0.4683925140412224
2392,0.07692307692307693,24,True,2.9384057971014492,0.9166666666666666,0.5749242872760028,0.6863331571499236
2393,0.07692307692307693,24,True,0.6268115942028986,0.4583333333333333,0.1821840320921636,0.205132434581472
2394,0.07692307692307693,24,True,0.4601449275362319,0.4166666666666667,0.2203245855456345,0.2485582652058097
2395,0.07692307692307693,24,True,7.166666666666667,0.9583333333333334,0.607622173176871,0.7501177071668146
2396,0.07692307692307693,24,True,-0.021739130434782608,0.4166666666666667,0.15240340227354954,0.17135308071101363
2397,0.07692307692307693,24,True,1.3405797101449275,0.4166666666666667,0.17016039466276445,0.19029421411801128
2398,0.07692307692307693,24,True,0.5434782608695652,0.5,0.25159467336800256,0.28458645827323703
2399,0.07692307692307693,24,True,2.300724637681159,0.625,0.31018525420694854,0.3516548113747707
2400,0.07692307692307693,24,True,4.6231884057971016,0.7916666666666666,0.4420271696282122,0.5095943948111124
2401,0.07692307692307693,24,True,0.9311594202898551,0.4166666666666667,0.18794016322574947,0.21087737849658184
2402,0.07692307692307693,24,True,1.5833333333333333,0.625,0.2870759777238382,0.3256442697746692
2403,0.07692307692307693,24,True,0.7717391304347826,0.4166666666666667,0.15795554756014074,0.1777518851197688
2404,0.07692307692307693,24,True,1.3695652173913044,0.4166666666666667,0.20720440196459866,0.23377313036068192
2405,0.07692307692307693,24,True,0.6014492753623188,0.5416666666666666,0.24280895908179834,0.27334640673192734
2406,0.07692307692307693,24,True,1.684782608695652,0.5833333333333334,0.24773886825416092,0.2789042539943237
2407,0.07692307692307693,24,True,0.42028985507246375,0.4166666666666667,0.18794016322574947,0.21087737849658184
2408,0.5769230769230769,11,True,-1.1636363636363636,0.18181818181818182,0.2870759777238382,0.026785366574854086
2409,0.5769230769230769,11,True,0.8545454545454545,0.5454545454545454,0.31410552793537605,0.1956538640952995
2410,0.8846153846153846,3,False,,,,
2411,0.8846153846153846,3,False,,,,
2412,0.9615384615384616,1,False,,,,
2413,0.9615384615384616,1,False,,,,
2414,0.9615384615384616,1,False,,,,
2415,0.9615384615384616,1,False,,,,
2416,0.9615384615384616,1,False,,,,
2417,0.9615384615384616,1,False,,,,
2418,0.9615384615384616,1,False,,,,
2419,0.9615384615384616,1,False,,,,
2420,0.9615384615384616,1,False,,,,
2421,0.9615384615384616,1,False,,,,
2422,0.9615384615384616,1,False,,,,
2423,0.9615384615384616,1,False,,,,
2424,0.9615384615384616,1,False,,,,
2425,0.9615384615384616,1,False,,,,
2426,0.9615384615384616,1,False,,,,
2427,0.9615384615384616,1,False,,,,
2428,0.9615384615384616,1,False,,,,
2429,0.9615384615384616,1,False,,,,
2430,0.9615384615384616,1,False,,,,
2431,0.9615384615384616,1,False,,,,
2432,0.9615384615384616,1,False,,,,
2433,0.9615384615384616,1,False,,,,
2434,0.9615384615384616,1,False,,,,
2435,0.9615384615384616,1,False,,,,
2436,0.9230769230769231,2,False,,,,
2437,0.9230769230769231,2,False,,,,
2438,0.9230769230769231,2,False,,,,
2439,0.9230769230769231,2,False,,,,
2440,0.9230769230769231,2,False,,,,
2441,0.9230769230769231,2,False,,,,
2442,0.9230769230769231,2,False,,,,
2443,0.9230769230769231,2,False,,,,
2444,0.9230769230769231,2,False,,,,
2445,0.9230769230769231,2,False,,,,
2446,0.9230769230769231,2,False,,,,
2447,0.9230769230769231,2,False,,,,
2448,0.9230769230769231,2,False,,,,
2449,0.9230769230769231,2,False,,,,
2450,0.9230769230769231,2,False,,,,
2451,0.9230769230769231,2,False,,,,
2452,0.9230769230769231,2,False,,,,
2453,0.9230769230769231,2,False,,,,
2454,0.9230769230769231,2,False,,,,
2455,0.9230769230769231,2,False,,,,
2456,0.8846153846153846,3,False,,,,
2457,0.5769230769230769,11,True,0.5818181818181818,0.36363636363636365,0.31271700336486397,0.09155030968540356
2458,0.5769230769230769,11,True,0.8,0.45454545454545453,0.3150076433669856,0.14033895080229264
2459,0.5769230769230769,11,True,0.9090909090909091,0.5454545454545454,0.31410552793537605,0.1956538640952995
2460,0.11538461538461539,23,True,0.48221343873517786,0.30434782608695654,0.13370082492792934,0.159651180024038
2461,0.11538461538461539,23,True,1.1778656126482214,0.391304347826087,0.17280963846208452,0.2085040988425546
2462,0.11538461538461539,23,True,0.0,0.391304347826087,0.1412270393334787,0.16665546611105075
2463,0.15384615384615385,22,True,6.341991341991342,0.8636363636363636,0.44507640356164013,0.6046165260319906
2464,0.15384615384615385,22,True,0.8181818181818182,0.45454545454545453,0.10915630412243515,0.14317291896025797
2465,0.15384615384615385,22,True,0.7619047619047619,0.45454545454545453,0.16363141018790361,0.1950866756462858
2466,0.15384615384615385,22,True,8.181818181818182,0.9545454545454546,0.46679721776196237,0.733235012196974
2467,0.19230769230769232,21,True,0.02857142857142857,0.47619047619047616,0.18414219735472914,0.21131022824969614
2468,0.19230769230769232,21,True,2.3666666666666667,0.6190476190476191,0.2428630623228918,0.3329987234952789
2469,0.19230769230769232,21,True,0.8428571428571429,0.38095238095238093,0.12516327922267578,0.15402255374184393
2470,0.19230769230769232,21,True,4.966666666666667,0.9047619047619048,0.4251698184268565,0.6536483139662506
2471,0.19230769230769232,21,True,1.161904761904762,0.5714285714285714,0.23612510014643984,0.30083117528449954
2472,0.19230769230769232,21,True,1.9714285714285715,0.5714285714285714,0.22521614962092473,0.3086751000561102
2473,0.19230769230769232,21,True,2.657142857142857,0.5238095238095238,0.19582674384476273,0.2813114744441976
2474,0.19230769230769232,21,True,0.7619047619047619,0.42857142857142855,0.1722158345961008,0.22522858005471524
2475,0.23076923076923078,20,True,1.6842105263157894,0.5,0.1990526235271708,0.2771568471826691
2476,0.23076923076923078,20,True,2.863157894736842,0.55,0.14138634880132317,0.23074476267918287
2477,0.23076923076923078,20,True,-0.04736842105263158,0.35,0.12538747133870487,0.12809762985140072
2478,0.15384615384615385,22,True,2.497835497835498,0.7272727272727273,0.32365414976897233,0.425387262255952
2479,0.15384615384615385,22,True,6.316017316017316,0.9090909090909091,0.4659063312707472,0.6653510240215336
2480,0.15384615384615385,22,True,0.46320346320346323,0.4090909090909091,0.132280671042467,0.16488567888412653
2481,0.15384615384615385,22,True,0.44155844155844154,0.4090909090909091,0.13942127817568728,0.16934419553217817
2482,0.15384615384615385,22,True,0.19480519480519481,0.4090909090909091,0.1334732486427146,0.16191654408258616
2483,0.15384615384615385,22,True,1.4242424242424243,0.5,0.18900474457041028,0.24822933626966137
2484,0.15384615384615385,22,True,0.12554112554112554,0.36363636363636365,0.10873230880756957,0.13102108927489298
2485,0.19230769230769232,21,True,0.9523809523809523,0.47619047619047616,0.17078060902673686,0.23364386861736552
2486,0.19230769230769232,21,True,0.20952380952380953,0.38095238095238093,0.14835062472570448,0.16516260300776453
2487,0.19230769230769232,21,True,0.3619047619047619,0.42857142857142855,0.14384419253042402,0.17143546252307607
2488,0.19230769230769232,21,True,0.7571428571428571,0.38095238095238093,0.16168828112934175,0.19477950993607884
2489,0.19230769230769232,21,True,-0.09523809523809523,0.3333333333333333,0.12769997149517864,0.1440755745146559
2490,0.23076923076923078,20,True,1.105263157894737,0.5,0.16048234976323272,0.19462835650771748
2491,0.5769230769230769,11,True,3.272727272727273,0.8181818181818182,0.3254086783738499,0.4537052977194982
2492,0.5769230769230769,11,True,2.581818181818182,0.7272727272727273,0.34391273579995585,0.3611932815904423
2493,0.6153846153846154,10,True,4.4,0.9,0.2797182742085681,0.5310044064107188
2494,0.6153846153846154,10,True,4.2,0.9,0.2797182742085681,0.5310044064107188
2495,0.23076923076923078,20,True,-0.15263157894736842,0.35,0.15624795567268956,0.17871162601638202
2496,0.23076923076923078,20,True,0.8894736842105263,0.4,0.14215808751635972,0.1593573017042127
2497,0.23076923076923078,20,True,0.11052631578947368,0.25,0.06985054605921093,0.05243761455218421
2498,0.23076923076923078,20,True,0.21578947368421053,0.4,0.14383861914657903,0.15323431356959905
2499,0.23076923076923078,20,True,0.24736842105263157,0.3,0.0876770000163517,0.08452021844299484
2500,0.23076923076923078,20,True,-0.7578947368421053,0.25,0.08888869417878897,0.08618464294482608
2501,0.23076923076923078,20,True,1.9526315789473685,0.55,0.18108811469085095,0.251157395983291
2502,0.23076923076923078,20,True,-0.5210526315789473,0.4,0.11292458124340354,0.12856072260434448
2503,0.19230769230769232,21,True,1.938095238095238,0.6666666666666666,0.21651944558536218,0.31105483405839274
2504,0.19230769230769232,21,True,1.6428571428571428,0.7142857142857143,0.3150076433669855,0.41722822385236724
2505,0.19230769230769232,21,True,1.0761904761904761,0.42857142857142855,0.15986358029656644,0.18580669684786033
2506,0.23076923076923078,20,True,1.3631578947368421,0.45,0.13116347110609883,0.16528093984799175
2507,0.19230769230769232,21,True,2.019047619047619,0.5238095238095238,0.15692479800785997,0.22539443764427458
2508,0.23076923076923078,20,True,1.5052631578947369,0.55,0.22476906052622625,0.272834556823775
2509,0.2692307692307692,19,True,0.6900584795321637,0.3684210526315789,0.16076245037690806,0.1976336043635435
2510,0.19230769230769232,21,True,0.09523809523809523,0.42857142857142855,0.12099112589841232,0.14850256431394426
2511,0.19230769230769232,21,True,0.3047619047619048,0.3333333333333333,0.10338756790432801,0.11253110776252184
2512,0.19230769230769232,21,True,0.14761904761904762,0.42857142857142855,0.14384419253042402,0.17143546252307595
2513,0.19230769230769232,21,True,1.2190476190476192,0.42857142857142855,0.16932241567637862,0.20476666046132774
2514,0.19230769230769232,21,True,0.9285714285714286,0.42857142857142855,0.10513110279767623,0.1350256144894748
2515,0.23076923076923078,20,True,0.010526315789473684,0.4,0.15257876458900477,0.16514133821245347
2516,0.23076923076923078,20,True,0.1736842105263158,0.35,0.10771489770565423,0.11204495934971537
2517,0.3076923076923077,18,True,1.6470588235294117,0.5,0.20439114676442727,0.2495123338066464
2518,0.3076923076923077,18,True,0.5359477124183006,0.4444444444444444,0.15802834291513645,0.17678233000130317
2519,0.38461538461538464,16,True,1.7083333333333333,0.625,0.18804244926231695,0.2491927640949092
2520,0.5384615384615384,12,True,0.0,0.3333333333333333,0.27040431073253934,0.07921777883839831
2521,0.5,13,True,1.858974358974359,0.46153846153846156,0.22169621808753748,0.19283458242036722
2522,0.4230769230769231,15,True,0.0761904761904762,0.4,0.1897912050544397,0.1338672826367977
2523,0.4230769230769231,15,True,0.4666666666666667,0.4666666666666667,0.24159573802322876,0.178847233783899
2524,0.34615384615384615,17,True,-0.10294117647058823,0.35294117647058826,0.15773977762623215,0.11329008245558103
2525,0.34615384615384615,17,True,1.3970588235294117,0.4117647058823529,0.1982482029045235,0.21888481524906855
2526,0.6153846153846154,10,True,-1.2,0.2,0.3491797179454422,0.015141338212453448
2527,0.6153846153846154,10,True,-0.7333333333333333,0.2,0.31208949259081376,0.024385036849164488
2528,0.3076923076923077,18,True,-0.058823529411764705,0.4444444444444444,0.16081352346788558,0.16283865262844976
2529,0.2692307692307692,19,True,2.9239766081871346,0.6842105263157895,0.20988502078383175,0.3197363442781458
2530,0.34615384615384615,17,True,0.6838235294117647,0.47058823529411764,0.134456531126115,0.1392272003258903
2531,0.38461538461538464,16,True,1.2833333333333334,0.375,0.14472235384412557,0.12545135798958773
2532,0.3076923076923077,18,True,2.0915032679738563,0.5,0.1357922825292256,0.19390138864850348
2533,0.3076923076923077,18,True,1.8627450980392157,0.5555555555555556,0.21919176721498668,0.27273028208237604
2534,0.6923076923076923,8,True,0.14285714285714285,0.5,0.3845833633576198,0.125
2535,0.8076923076923077,5,False,,,,0.0
2536,0.7692307692307693,6,True,2.1333333333333333,0.5,0.44196186015850625,0.07938016428569494
2537,0.7692307692307693,6,True,0.13333333333333333,0.5,0.48620314331312764,0.10375937481971109
2538,0.7692307692307693,6,True,1.8666666666666667,0.5,0.44196186015850614,0.07938016428569494
2539,0.8076923076923077,5,False,,,,0.039035952556318865
2540,0.8076923076923077,5,False,,,,0.039035952556318865
2541,0.8846153846153846,3,False,,,,
2542,0.9230769230769231,2,False,,,,
2543,0.8846153846153846,3,False,,,,
2544,0.8461538461538461,4,False,,,,
2545,0.8461538461538461,4,False,,,,
2546,0.8461538461538461,4,False,,,,
2547,0.8461538461538461,4,False,,,,
2548,0.8461538461538461,4,False,,,,
2549,0.8461538461538461,4,False,,,,
2550,0.8461538461538461,4,False,,,,
2551,0.8461538461538461,4,False,,,,
2552,0.7307692307692307,7,True,1.0,0.42857142857142855,0.4244517587546247,0.0788145034114458
2553,0.8846153846153846,3,False,,,,
2554,0.8846153846153846,3,False,,,,
2555,0.8846153846153846,3,False,,,,
2556,0.8846153846153846,3,False,,,,
2557,0.9230769230769231,2,False,,,,
2558,0.8846153846153846,3,False,,,,
2559,0.8846153846153846,3,False,,,,
2560,0.8846153846153846,3,False,,,,
2561,0.8846153846153846,3,False,,,,
2562,0.8846153846153846,3,False,,,,
2563,0.8846153846153846,3,False,,,,
2564,0.8846153846153846,3,False,,,,
2565,0.8846153846153846,3,False,,,,
2566,0.8846153846153846,3,False,,,,
2567,0.8846153846153846,3,False,,,,
2568,0.8846153846153846,3,False,,,,
2569,0.8846153846153846,3,False,,,,
2570,0.8846153846153846,3,False,,,,
2571,0.8846153846153846,3,False,,,,
2572,0.8846153846153846,3,False,,,,
2573,0.8846153846153846,3,False,,,,
2574,0.8846153846153846,3,False,,,,
2575,0.8846153846153846,3,False,,,,
2576,0.8846153846153846,3,False,,,,
2577,0.8461538461538461,4,False,,,,
2578,0.8461538461538461,4,False,,,,
2579,0.8461538461538461,4,False,,,,
2580,0.8846153846153846,3,False,,,,
2581,0.9230769230769231,2,False,,,,
2582,0.9230769230769231,2,False,,,,
2583,0.7692307692307693,6,True,-0.6,0.3333333333333333,0.47369882211449754,0.04085208297275533
2584,0.7307692307692307,7,True,-0.8095238095238095,0.14285714285714285,0.467938334407176,0.0
2585,0.6538461538461539,9,True,-0.7777777777777778,0.2222222222222222,0.37532609781522286,0.029164237274183935
2586,0.6538461538461539,9,True,0.25,0.3333333333333333,0.3702027196344714,0.06405530255413405
2587,0.6538461538461539,9,True,0.3611111111111111,0.3333333333333333,0.35700913152616687,0.08985840735201955
2588,0.6538461538461539,9,True,-0.7777777777777778,0.2222222222222222,0.37532609781522275,0.029164237274183935
2589,0.6538461538461539,9,True,-0.3611111111111111,0.3333333333333333,0.3702027196344714,0.06405530255413405
2590,0.6538461538461539,9,True,2.111111111111111,0.5555555555555556,0.3520815079684009,0.17112863674755563
2591,0.6538461538461539,9,True,0.9722222222222222,0.4444444444444444,0.33792296688756673,0.12364236051014776
2592,0.6538461538461539,9,True,0.4444444444444444,0.3333333333333333,0.35700913152616687,0.08985840735201955
2593,0.6538461538461539,9,True,1.3333333333333333,0.5555555555555556,0.35208150796840076,0.17112863674755563
2594,0.6538461538461539,9,True,-1.1111111111111112,0.2222222222222222,0.37532609781522286,0.029164237274183935
2595,0.6538461538461539,9,True,-0.25,0.4444444444444444,0.364303166747423,0.11331711999846616
2596,0.6538461538461539,9,True,0.5833333333333334,0.5555555555555556,0.38825293352335466,0.19034316658358497
2597,0.6538461538461539,9,True,1.4166666666666667,0.3333333333333333,0.3172983220805513,0.0544694439636737
2598,0.6153846153846154,10,True,2.0444444444444443,0.6,0.32579808338260974,0.21452470277266567
2599,0.6153846153846154,10,True,1.9111111111111112,0.6,0.32579808338260974,0.21452470277266567
2600,0.6153846153846154,10,True,-0.13333333333333333,0.5,0.36154256489352166,0.16402499191349473
2601,0.6153846153846154,10,True,2.6,0.6,0.2702544199004233,0.1826545778534897
2602,0.6153846153846154,10,True,0.4444444444444444,0.5,0.33637198003112645,0.15545875354128547
2603,0.6153846153846154,10,True,-0.4222222222222222,0.2,0.3306226580555335,0.03042964980987506
2604,0.6153846153846154,10,True,-0.7111111111111111,0.3,0.3224316600419157,0.05358807178498537
2605,0.23076923076923078,20,True,2.1578947368421053,0.6,0.20973918017064586,0.27621751033807707
2606,0.23076923076923078,20,True,1.3157894736842106,0.45,0.1516367608415301,0.18233999335007445
2607,0.23076923076923078,20,True,0.4105263157894737,0.5,0.15095822560154137,0.19322802684931584
2608,0.23076923076923078,20,True,-0.24736842105263157,0.25,0.10682159842570282,0.09579569145996347
2609,0.3076923076923077,18,True,-0.16339869281045752,0.4444444444444444,0.17677650420937974,0.1874785426555272
2610,0.34615384615384615,17,True,-0.4264705882352941,0.4117647058823529,0.18372570484850714,0.1552843853982534
2611,0.38461538461538464,16,True,0.8916666666666667,0.5,0.23569956224233157,0.20833333333333337
2612,0.3076923076923077,18,True,0.28104575163398693,0.3888888888888889,0.1686354955492705,0.14732861630518423
2613,0.3076923076923077,18,True,0.23529411764705882,0.3888888888888889,0.17105159685790527,0.1402722872720119
2614,0.38461538461538464,16,True,0.6333333333333333,0.4375,0.18701645504666042,0.1695112710529123
2615,0.3076923076923077,18,True,1.7581699346405228,0.5,0.19324076722404993,0.21289219419266392
2616,0.3076923076923077,18,True,0.26143790849673204,0.4444444444444444,0.18708664335714453,0.1752582648809603
2617,0.34615384615384615,17,True,2.0220588235294117,0.6470588235294118,0.2652766456655702,0.33021851237381783
2618,0.5,13,True,-0.4230769230769231,0.3076923076923077,0.2142777916478653,0.06706491204345144
2619,0.6538461538461539,9,True,0.19444444444444445,0.3333333333333333,0.34577719501238946,0.05373481277819914
2620,0.6538461538461539,9,True,-0.6944444444444444,0.2222222222222222,0.37532609781522286,0.029164237274183935
2621,0.6538461538461539,9,True,-0.19444444444444445,0.2222222222222222,0.33454525849861216,0.01761121820437861
2622,0.8846153846153846,3,False,,,,
2623,0.8846153846153846,3,False,,,,
2624,0.8076923076923077,5,False,,,,0.039035952556318865
2625,0.8076923076923077,5,False,,,,0.13502647928207268
2626,0.9230769230769231,2,False,,,,
2627,0.9615384615384616,1,False,,,,
2628,0.9615384615384616,1,False,,,,
2629,0.8076923076923077,5,False,,,,0.039035952556318865
2630,0.8076923076923077,5,False,,,,0.03977028213923883
2631,0.7692307692307693,6,True,-0.3333333333333333,0.3333333333333333,0.4974950051053538,0.030276100131752748
2632,0.7692307692307693,6,True,1.8,0.5,0.3626858253102436,0.0
2633,0.8076923076923077,5,False,,,,0.02904940554533142
2634,0.6538461538461539,9,True,-0.6944444444444444,0.3333333333333333,0.3702027196344714,0.06405530255413405
2635,0.6153846153846154,10,True,-0.2222222222222222,0.3,0.3224316600419157,0.05358807178498537
2636,0.5,13,True,0.15384615384615385,0.3076923076923077,0.23133617705122655,0.10411685551351868
2637,0.46153846153846156,14,True,0.5274725274725275,0.5,0.2390811916635054,0.18066000001019578
2638,0.46153846153846156,14,True,0.34065934065934067,0.5,0.17938891592038453,0.15530412662845627
2639,0.3076923076923077,18,True,0.1111111111111111,0.2777777777777778,0.14336978167879677,0.12131463793472574
2640,0.8076923076923077,5,False,,,,0.039035952556318865
2641,0.8461538461538461,4,False,,,,
2642,0.9230769230769231,2,False,,,,
2643,0.9230769230769231,2,False,,,,
2644,0.9230769230769231,2,False,,,,
2645,0.9230769230769231,2,False,,,,
2646,0.9230769230769231,2,False,,,,
2647,0.9230769230769231,2,False,,,,
2648,0.9230769230769231,2,False,,,,
2649,0.9230769230769231,2,False,,,,
2650,0.9230769230769231,2,False,,,,
2651,0.9230769230769231,2,False,,,,
2652,0.46153846153846156,14,True,3.7362637362637363,0.7857142857142857,0.3185680643767561,0.4553849605787076
2653,0.4230769230769231,15,True,0.6571428571428571,0.5333333333333333,0.19419029138498667,0.17874692166080064
2654,0.4230769230769231,15,True,4.057142857142857,0.8,0.3185680643767561,0.4805397024842032
2655,0.4230769230769231,15,True,2.142857142857143,0.6666666666666666,0.3021297855643743,0.3453398781562601
2656,0.8461538461538461,4,False,,,,
2657,0.8461538461538461,4,False,,,,
2658,0.8461538461538461,4,False,,,,
2659,0.8461538461538461,4,False,,,,
2660,0.8461538461538461,4,False,,,,
2661,0.38461538461538464,16,True,3.525,0.75,0.19283458242036722,0.3304080544642207
2662,0.34615384615384615,17,True,0.10294117647058823,0.4117647058823529,0.1991723236109355,0.15294791811747643
2663,0.34615384615384615,17,True,1.1029411764705883,0.5882352941176471,0.25047658064341094,0.28197877060173626
2664,0.34615384615384615,17,True,0.8676470588235294,0.5294117647058824,0.18959052631386775,0.20450448499457785
2665,0.34615384615384615,17,True,1.161764705882353,0.5882352941176471,0.26638853161044906,0.28887083622780096
2666,0.34615384615384615,17,True,2.3308823529411766,0.7058823529411765,0.30590895568398024,0.3977084481492249
2667,0.34615384615384615,17,True,4.205882352941177,0.8823529411764706,0.3254086783738499,0.5960747127650169
2668,0.34615384615384615,17,True,3.0,0.7058823529411765,0.23956317813640737,0.36139909439886986
2669,0.34615384615384615,17,True,2.838235294117647,0.7058823529411765,0.30590895568398024,0.3977084481492249
2670,0.34615384615384615,17,True,3.764705882352941,0.7647058823529411,0.21497108037134782,0.38294088584604036
2671,0.34615384615384615,17,True,0.9632352941176471,0.5882352941176471,0.23678583366377381,0.28289550584725787
2672,0.34615384615384615,17,True,0.09558823529411764,0.29411764705882354,0.16553944292432954,0.11155389545707595
2673,0.34615384615384615,17,True,-0.058823529411764705,0.29411764705882354,0.16932241567637862,0.13200809112976175
2674,0.34615384615384615,17,True,0.4485294117647059,0.47058823529411764,0.19324076722404993,0.18843470990784728
2675,0.34615384615384615,17,True,0.8455882352941176,0.5294117647058824,0.22566801098021416,0.24143257744642732
2676,0.5384615384615384,12,True,0.25757575757575757,0.3333333333333333,0.27040431073253934,0.07921777883839831
2677,0.6153846153846154,10,True,-0.6888888888888889,0.3,0.35139759864274567,0.05118688510966163
2678,0.6153846153846154,10,True,-0.5555555555555556,0.3,0.3403007029550652,0.05731928518273999
2679,0.8461538461538461,4,False,,,,
2680,0.8461538461538461,4,False,,,,
2681,0.8461538461538461,4,False,,,,
2682,0.9230769230769231,2,False,,,,
2683,0.9230769230769231,2,False,,,,
2684,0.9615384615384616,1,False,,,,
2685,0.9615384615384616,1,False,,,,
2686,0.9615384615384616,1,False,,,,
2687,0.9615384615384616,1,False,,,,
2688,0.9615384615384616,1,False,,,,
2689,0.9615384615384616,1,False,,,,
2690,0.9230769230769231,2,False,,,,
2691,0.8846153846153846,3,False,,,,
2692,0.8846153846153846,3,False,,,,
2693,0.8846153846153846,3,False,,,,
2694,0.7307692307692307,7,True,1.2857142857142858,0.42857142857142855,0.3847877901555128,0.08589910798143474
2695,0.7307692307692307,7,True,0.5238095238095238,0.42857142857142855,0.4532591061419894,0.08348355680039765
2696,0.46153846153846156,14,True,-0.2967032967032967,0.2857142857142857,0.21816889465921252,0.08218853793707159
2697,0.5,13,True,1.0769230769230769,0.5384615384615384,0.20988502078383175,0.16540983156663458
2698,0.5,13,True,1.3333333333333333,0.6153846153846154,0.28423725351746143,0.2676604749797038
2699,0.5,13,True,0.38461538461538464,0.3076923076923077,0.2390919380298625,0.08616885180284839
2700,0.46153846153846156,14,True,1.3846153846153846,0.5714285714285714,0.27125650383183186,0.24555498798505804
2701,0.46153846153846156,14,True,0.7362637362637363,0.5,0.2390811916635054,0.18066000001019578
2702,0.46153846153846156,14,True,0.31868131868131866,0.42857142857142855,0.23713973302510927,0.17674423582636167
2703,0.46153846153846156,14,True,1.4835164835164836,0.7142857142857143,0.31597576811573447,0.3821733139997201
2704,0.46153846153846156,14,True,1.1868131868131868,0.5,0.21460680776545038,0.17259044290871906
2705,0.8076923076923077,5,False,,,,0.0
2706,0.46153846153846156,14,True,0.5384615384615384,0.5714285714285714,0.23831832631506045,0.22161460295122537
2707,0.46153846153846156,14,True,2.5384615384615383,0.7142857142857143,0.2716165863162159,0.3541540014309702
2708,0.5384615384615384,12,True,1.4242424242424243,0.6666666666666666,0.3318090278748528,0.31739380551401475
2709,0.5384615384615384,12,True,2.409090909090909,0.5833333333333334,0.29686557281146553,0.23310625620072523
2710,0.9615384615384616,1,False,,,,
2711,0.46153846153846156,14,True,2.2527472527472527,0.6428571428571429,0.27595203714891325,0.29942324515404795
2712,0.46153846153846156,14,True,0.4945054945054945,0.42857142857142855,0.20973918017064586,0.12147954907857006
2713,0.4230769230769231,15,True,0.09523809523809523,0.4,0.22476906052622625,0.14802896827472523
2714,0.4230769230769231,15,True,1.8571428571428572,0.6,0.24305593873261677,0.27304247779439406
2715,0.4230769230769231,15,True,2.5142857142857142,0.7333333333333333,0.31402163550526563,0.40998428061099845
2716,0.38461538461538464,16,True,0.23333333333333334,0.4375,0.1976182081252812,0.1630549688414603
2717,0.5769230769230769,11,True,4.0,1.0,0.017141310287294376,1.0
2718,0.34615384615384615,17,True,1.2794117647058822,0.5882352941176471,0.26638853161044906,0.28887083622780096
2719,0.34615384615384615,17,True,1.4044117647058822,0.5882352941176471,0.25047658064341094,0.28197877060173626
2720,0.3076923076923077,18,True,0.032679738562091505,0.5555555555555556,0.23569956224233157,0.26223390597985186
2721,0.7307692307692307,7,True,0.8095238095238095,0.42857142857142855,0.4532591061419895,0.08348355680039743
2722,0.34615384615384615,17,True,0.5588235294117647,0.5294117647058824,0.1999326937649698,0.22168274083917827
2723,0.3076923076923077,18,True,2.1176470588235294,0.7222222222222222,0.28423725351746143,0.4029642446945728
2724,0.2692307692307692,19,True,0.6432748538011696,0.3684210526315789,0.17449675133224707,0.17896948742206487
2725,0.2692307692307692,19,True,2.087719298245614,0.631578947368421,0.24942335911460733,0.3293970672908122
2726,0.2692307692307692,19,True,0.011695906432748537,0.47368421052631576,0.19917232361093562,0.20494337674621776
2727,0.3076923076923077,18,True,0.9934640522875817,0.5,0.19324076722404993,0.21289219419266392
2728,0.3076923076923077,18,True,0.8758169934640523,0.5555555555555556,0.23569956224233157,0.26223390597985186
2729,0.4230769230769231,15,True,0.7238095238095238,0.4666666666666667,0.22427948189416813,0.16999274049497692
2730,0.38461538461538464,16,True,4.083333333333333,0.6875,0.04562742201609604,0.10396176746544261
2731,0.34615384615384615,17,True,-0.022058823529411766,0.4117647058823529,0.18372570484850714,0.1552843853982534
2732,0.34615384615384615,17,True,-0.11029411764705882,0.47058823529411764,0.20306161540096745,0.1865319940930239
2733,0.34615384615384615,17,True,0.25735294117647056,0.35294117647058826,0.16131480574106183,0.13625611926227155
2734,0.38461538461538464,16,True,-0.075,0.375,0.1509582256015416,0.10587556925319819
2735,0.6538461538461539,9,True,0.08333333333333333,0.3333333333333333,0.35700913152616687,0.08985840735201955
2736,0.6153846153846154,10,True,1.6888888888888889,0.6,0.3646439945315605,0.23729309346223382
2737,0.6153846153846154,10,True,-0.26666666666666666,0.3,0.33277382749301776,0.08279110672080625
2738,0.6153846153846154,10,True,-0.4444444444444444,0.3,0.29389624152016125,0.032511235116438386
2739,0.5769230769230769,11,True,1.1636363636363636,0.45454545454545453,0.2970654499487193,0.1508146779093814
2740,0.6153846153846154,10,True,-0.022222222222222223,0.5,0.36154256489352177,0.16402499191349473
2741,0.6153846153846154,10,True,-0.35555555555555557,0.4,0.32365414976897233,0.11864654673111685
2742,0.6153846153846154,10,True,-0.13333333333333333,0.3,0.3403007029550652,0.0573192851827401
2743,0.6153846153846154,10,True,0.3333333333333333,0.3,0.3224316600419157,0.05358807178498537
2744,0.6153846153846154,10,True,-0.28888888888888886,0.4,0.31242221325519504,0.08613531161467869
2745,0.9230769230769231,2,False,,,,
2746,0.9230769230769231,2,False,,,,
2747,0.9230769230769231,2,False,,,,
2748,0.9230769230769231,2,False,,,,
2749,0.9230769230769231,2,False,,,,
2750,0.9230769230769231,2,False,,,,
2751,0.9230769230769231,2,False,,,,
2752,0.9230769230769231,2,False,,,,
2753,0.9230769230769231,2,False,,,,
2754,0.9230769230769231,2,False,,,,
2755,0.6153846153846154,10,True,1.1555555555555554,0.6,0.32579808338260974,0.21452470277266567
2756,0.5769230769230769,11,True,-0.32727272727272727,0.45454545454545453,0.25056405525546765,0.1050354623450005
2757,0.5769230769230769,11,True,0.7454545454545455,0.45454545454545453,0.23805973405683756,0.07072239406484282
2758,0.8846153846153846,3,False,,,,
2759,0.8846153846153846,3,False,,,,
2760,0.8846153846153846,3,False,,,,
2761,0.8846153846153846,3,False,,,,
2762,0.9230769230769231,2,False,,,,
2763,0.9230769230769231,2,False,,,,
2764,0.9230769230769231,2,False,,,,
2765,0.9230769230769231,2,False,,,,
2766,0.9230769230769231,2,False,,,,
2767,0.6153846153846154,10,True,0.24444444444444444,0.5,0.36154256489352177,0.16402499191349473
2768,0.6153846153846154,10,True,-0.6666666666666666,0.2,0.3422383489174732,0.02602396837087928
2769,0.6538461538461539,9,True,0.7777777777777778,0.4444444444444444,0.364303166747423,0.11331711999846616
2770,0.6538461538461539,9,True,-1.0833333333333333,0.2222222222222222,0.3845454442645392,0.017432406926636723
2771,0.6538461538461539,9,True,-0.3055555555555556,0.2222222222222222,0.35986055218336943,0.03160748595877738
2772,0.6923076923076923,8,True,-0.39285714285714285,0.375,0.41913711660067576,0.06937177558342222
2773,0.46153846153846156,14,True,0.989010989010989,0.5714285714285714,0.27125650383183186,0.24555498798505804
2774,0.4230769230769231,15,True,0.45714285714285713,0.4,0.17944903760333775,0.11439859267958374
2775,0.46153846153846156,14,True,-0.5054945054945055,0.42857142857142855,0.2515946733680027,0.14778109751239243
2776,0.46153846153846156,14,True,0.14285714285714285,0.35714285714285715,0.1940489793133252,0.08983368996049346
2777,0.5,13,True,1.4615384615384615,0.5384615384615384,0.20988502078383175,0.16540983156663458
2778,0.46153846153846156,14,True,0.6923076923076923,0.42857142857142855,0.19397234762373683,0.12992817839530935
2779,0.8846153846153846,3,False,,,,
2780,0.9230769230769231,2,False,,,,
2781,0.9230769230769231,2,False,,,,
2782,0.9230769230769231,2,False,,,,
2783,0.9230769230769231,2,False,,,,
2784,0.9615384615384616,1,False,,,,
2785,0.5,13,True,1.0769230769230769,0.6153846153846154,0.28423725351746143,0.2676604749797038
2786,0.4230769230769231,15,True,-0.3904761904761905,0.3333333333333333,0.17246096933049593,0.07401048217275474
2787,0.38461538461538464,16,True,-0.55,0.1875,0.16918889648142854,0.0642607231238852
2788,0.38461538461538464,16,True,1.2666666666666666,0.4375,0.2090689744949049,0.208429642063801
2789,0.38461538461538464,16,True,0.6666666666666666,0.5625,0.26638853161044906,0.26102760443710027
2790,0.38461538461538464,16,True,1.7,0.625,0.2632968061114759,0.30413112755269434
2791,0.38461538461538464,16,True,1.1166666666666667,0.5625,0.25047658064341094,0.2548440632666912
2792,0.4230769230769231,15,True,1.8285714285714285,0.6,0.2652766456655702,0.27596541114710316
2793,0.38461538461538464,16,True,1.2916666666666667,0.5625,0.22644366621267187,0.23909256473160978
2794,0.38461538461538464,16,True,0.24166666666666667,0.5,0.2180493368872466,0.19853382900695016
2795,0.38461538461538464,16,True,0.9583333333333334,0.5625,0.25047658064341094,0.2548440632666912
2796,0.38461538461538464,16,True,1.4583333333333333,0.5625,0.22644366621267187,0.23909256473160978
2797,0.38461538461538464,16,True,1.5083333333333333,0.625,0.24090576737983305,0.29945527796842064
2798,0.38461538461538464,16,True,0.95,0.5625,0.25047658064341094,0.2548440632666912
2799,0.38461538461538464,16,True,1.35,0.6875,0.2718477331856607,0.35543190786902423
2800,0.38461538461538464,16,True,0.625,0.625,0.22967383086605564,0.27913575602064666
2801,0.38461538461538464,16,True,0.85,0.5625,0.2194080081480455,0.26056401553985775
2802,0.38461538461538464,16,True,0.4166666666666667,0.5625,0.22644366621267187,0.23909256473160978
2803,0.38461538461538464,16,True,2.158333333333333,0.6875,0.22248960612422697,0.31417961890657087
2804,0.38461538461538464,16,True,1.9083333333333334,0.5625,0.20088203641301172,0.2270489677284575
2805,0.38461538461538464,16,True,1.2583333333333333,0.5,0.19179121436052338,0.17793778462659915
2806,0.7307692307692307,7,True,5.571428571428571,0.8571428571428571,0.36928779799843725,0.4083272214176725
2807,0.7307692307692307,7,True,2.6666666666666665,0.7142857142857143,0.4251698184268564,0.27516590849424005
2808,0.7307692307692307,7,True,4.285714285714286,0.8571428571428571,0.36928779799843736,0.4083272214176725
2809,0.7307692307692307,7,True,3.7142857142857144,0.8571428571428571,0.36928779799843736,0.4083272214176725
2810,0.7307692307692307,7,True,0.14285714285714285,0.42857142857142855,0.4532591061419895,0.08348355680039743
2811,0.7307692307692307,7,True,0.6190476190476191,0.42857142857142855,0.4244517587546247,0.0788145034114458
2812,0.7307692307692307,7,True,0.9523809523809523,0.5714285714285714,0.44507640356164013,0.1677511103997693
2813,0.7307692307692307,7,True,0.047619047619047616,0.42857142857142855,0.4532591061419895,0.08348355680039743
2814,0.7692307692307693,6,True,1.4,0.5,0.48620314331312764,0.10375937481971098
2815,0.7692307692307693,6,True,-0.7333333333333333,0.3333333333333333,0.4974950051053538,0.030276100131752526
2816,0.7692307692307693,6,True,-0.26666666666666666,0.5,0.44196186015850625,0.07938016428569494
2817,0.7307692307692307,7,True,0.047619047619047616,0.2857142857142857,0.4420271696282122,0.037038935205485624
2818,0.6923076923076923,8,True,-0.6785714285714286,0.375,0.41913711660067565,0.06937177558342222
2819,0.6923076923076923,8,True,-1.3928571428571428,0.25,0.4087949491495737,0.03286798191364604
2820,0.6923076923076923,8,True,-0.8214285714285714,0.25,0.4087949491495737,0.03286798191364604
2821,0.6923076923076923,8,True,-1.2142857142857142,0.25,0.4087949491495737,0.03286798191364604
2822,0.6923076923076923,8,True,-0.5357142857142857,0.25,0.4087949491495736,0.03286798191364604
2823,0.6923076923076923,8,True,-0.42857142857142855,0.375,0.41913711660067576,0.06937177558342222
2824,0.7307692307692307,7,True,-0.23809523809523808,0.42857142857142855,0.4244517587546247,0.0788145034114458
2825,0.7307692307692307,7,True,-0.6666666666666666,0.2857142857142857,0.4420271696282122,0.037038935205485624
2826,0.7692307692307693,6,True,-0.6,0.3333333333333333,0.4974950051053538,0.030276100131752748
2827,0.8076923076923077,5,False,,,,0.13502647928207268
2828,0.9230769230769231,2,False,,,,
2829,0.9230769230769231,2,False,,,,
2830,0.9230769230769231,2,False,,,,
2831,0.9615384615384616,1,False,,,,
2832,0.9615384615384616,1,False,,,,
2833,0.9615384615384616,1,False,,,,
2834,0.9615384615384616,1,False,,,,
2835,0.9615384615384616,1,False,,,,
2836,0.9615384615384616,1,False,,,,
2837,0.9615384615384616,1,False,,,,
2838,0.9230769230769231,2,False,,,,
2839,0.9230769230769231,2,False,,,,
2840,0.9230769230769231,2,False,,,,
2841,0.9230769230769231,2,False,,,,
2842,0.9230769230769231,2,False,,,,
2843,0.9230769230769231,2,False,,,,
2844,0.9230769230769231,2,False,,,,
2845,0.9230769230769231,2,False,,,,
2846,0.9615384615384616,1,False,,,,
2847,0.9615384615384616,1,False,,,,
2848,0.9615384615384616,1,False,,,,
2849,0.9615384615384616,1,False,,,,
2850,0.9615384615384616,1,False,,,,
2851,0.9230769230769231,2,False,,,,
2852,0.9230769230769231,2,False,,,,
2853,0.9230769230769231,2,False,,,,
2854,0.9230769230769231,2,False,,,,
2855,0.9230769230769231,2,False,,,,
2856,0.9230769230769231,2,False,,,,
2857,0.9230769230769231,2,False,,,,
2858,0.9230769230769231,2,False,,,,
2859,0.9615384615384616,1,False,,,,
2860,0.9615384615384616,1,False,,,,
2861,0.8461538461538461,4,False,,,,
2862,0.8461538461538461,4,False,,,,
2863,0.8461538461538461,4,False,,,,
2864,0.8461538461538461,4,False,,,,
2865,0.8846153846153846,3,False,,,,
2866,0.9230769230769231,2,False,,,,
2867,0.9230769230769231,2,False,,,,
2868,0.9230769230769231,2,False,,,,
2869,0.9230769230769231,2,False,,,,
2870,0.9230769230769231,2,False,,,,
2871,0.9230769230769231,2,False,,,,
2872,0.9230769230769231,2,False,,,,
2873,0.9230769230769231,2,False,,,,
2874,0.9230769230769231,2,False,,,,
2875,0.9230769230769231,2,False,,,,
2876,0.9230769230769231,2,False,,,,
2877,0.9230769230769231,2,False,,,,
2878,0.9230769230769231,2,False,,,,
2879,0.9230769230769231,2,False,,,,
2880,0.9230769230769231,2,False,,,,
2881,0.9230769230769231,2,False,,,,
2882,0.9615384615384616,1,False,,,,
2883,0.9615384615384616,1,False,,,,
2884,0.9615384615384616,1,False,,,,
2885,0.9615384615384616,1,False,,,,
2886,0.9615384615384616,1,False,,,,
2887,0.9615384615384616,1,False,,,,
2888,0.9615384615384616,1,False,,,,
2889,0.9615384615384616,1,False,,,,
2890,0.9615384615384616,1,False,,,,
2891,0.9615384615384616,1,False,,,,
2892,0.9615384615384616,1,False,,,,
2893,0.9615384615384616,1,False,,,,
2894,0.9615384615384616,1,False,,,,
2895,0.9615384615384616,1,False,,,,
2896,0.9615384615384616,1,False,,,,
2897,0.9615384615384616,1,False,,,,
2898,0.9615384615384616,1,False,,,,
2899,0.9230769230769231,2,False,,,,
2900,0.9230769230769231,2,False,,,,
2901,0.9230769230769231,2,False,,,,
2902,0.9230769230769231,2,False,,,,
2903,0.9230769230769231,2,False,,,,
2904,0.9230769230769231,2,False,,,,
2905,0.9230769230769231,2,False,,,,
2906,0.9230769230769231,2,False,,,,
2907,0.9230769230769231,2,False,,,,
2908,0.9230769230769231,2,False,,,,
2909,0.9230769230769231,2,False,,,,
2910,0.9230769230769231,2,False,,,,
2911,0.9230769230769231,2,False,,,,
2912,0.9230769230769231,2,False,,,,
2913,0.9230769230769231,2,False,,,,
2914,0.9230769230769231,2,False,,,,
2915,0.9230769230769231,2,False,,,,
2916,0.9230769230769231,2,False,,,,
2917,0.9230769230769231,2,False,,,,
2918,0.9230769230769231,2,False,,,,
2919,0.9230769230769231,2,False,,,,
2920,0.9615384615384616,1,False,,,,
2921,0.9615384615384616,1,False,,,,
2922,0.9615384615384616,1,False,,,,
2923,0.9615384615384616,1,False,,,,
2924,0.9615384615384616,1,False,,,,
2925,0.9615384615384616,1,False,,,,
2926,0.9615384615384616,1,False,,,,
2927,0.9615384615384616,1,False,,,,
2928,0.9615384615384616,1,False,,,,
2929,0.9615384615384616,1,False,,,,
2930,0.9615384615384616,1,False,,,,
2931,0.9615384615384616,1,False,,,,
2932,0.9615384615384616,1,False,,,,
2933,0.9615384615384616,1,False,,,,
2934,0.9615384615384616,1,False,,,,
2935,0.9615384615384616,1,False,,,,
2936,0.9615384615384616,1,False,,,,
2937,0.9615384615384616,1,False,,,,
2938,0.9615384615384616,1,False,,,,
2939,0.9615384615384616,1,False,,,,
2940,0.9615384615384616,1,False,,,,
2941,0.9615384615384616,1,False,,,,
2942,0.9615384615384616,1,False,,,,
2943,0.9615384615384616,1,False,,,,
2944,0.9615384615384616,1,False,,,,
2945,0.9615384615384616,1,False,,,,
2946,0.9615384615384616,1,False,,,,
2947,0.9615384615384616,1,False,,,,
2948,0.9615384615384616,1,False,,,,
2949,0.9615384615384616,1,False,,,,
2950,0.9615384615384616,1,False,,,,
2951,0.9615384615384616,1,False,,,,
2952,0.9615384615384616,1,False,,,,
2953,0.9615384615384616,1,False,,,,
2954,0.9615384615384616,1,False,,,,
2955,0.9615384615384616,1,False,,,,
2956,0.9615384615384616,1,False,,,,
2957,0.9615384615384616,1,False,,,,
2958,0.9615384615384616,1,False,,,,
2959,0.9615384615384616,1,False,,,,
2960,0.9615384615384616,1,False,,,,
2961,0.9615384615384616,1,False,,,,
2962,0.9615384615384616,1,False,,,,
2963,0.9615384615384616,1,False,,,,
2964,0.9615384615384616,1,False,,,,
2965,0.9615384615384616,1,False,,,,
2966,0.9615384615384616,1,False,,,,
2967,0.9615384615384616,1,False,,,,
2968,0.9615384615384616,1,False,,,,
2969,0.9615384615384616,1,False,,,,
2970,0.9615384615384616,1,False,,,,
2971,0.9615384615384616,1,False,,,,
2972,0.9615384615384616,1,False,,,,
2973,0.9230769230769231,2,False,,,,
2974,0.9230769230769231,2,False,,,,
2975,0.9230769230769231,2,False,,,,
2976,0.9230769230769231,2,False,,,,
2977,0.9230769230769231,2,False,,,,
2978,0.9230769230769231,2,False,,,,
2979,0.9615384615384616,1,False,,,,
2980,0.9615384615384616,1,False,,,,
2981,0.9230769230769231,2,False,,,,
2982,0.9230769230769231,2,False,,,,
2983,0.9230769230769231,2,False,,,,
2984,0.9615384615384616,1,False,,,,
2985,0.9615384615384616,1,False,,,,
2986,0.9615384615384616,1,False,,,,
2987,0.9615384615384616,1,False,,,,
2988,0.9615384615384616,1,False,,,,
2989,0.9615384615384616,1,False,,,,
2990,0.9615384615384616,1,False,,,,
2991,0.9615384615384616,1,False,,,,
2992,0.9615384615384616,1,False,,,,
2993,0.9615384615384616,1,False,,,,
2994,0.9615384615384616,1,False,,,,
2995,0.9615384615384616,1,False,,,,
2996,0.9230769230769231,2,False,,,,
2997,0.9230769230769231,2,False,,,,
2998,0.9230769230769231,2,False,,,,
2999,0.9230769230769231,2,False,,,,
3000,0.9230769230769231,2,False,,,,
3001,0.9230769230769231,2,False,,,,
3002,0.9230769230769231,2,False,,,,
3003,0.9230769230769231,2,False,,,,
3004,0.9230769230769231,2,False,,,,
3005,0.9230769230769231,2,False,,,,
3006,0.9230769230769231,2,False,,,,
3007,0.9230769230769231,2,False,,,,
3008,0.9230769230769231,2,False,,,,
3009,0.9230769230769231,2,False,,,,
3010,0.9230769230769231,2,False,,,,
3011,0.9230769230769231,2,False,,,,
3012,0.9230769230769231,2,False,,,,
3013,0.9230769230769231,2,False,,,,
3014,0.9230769230769231,2,False,,,,
3015,0.9230769230769231,2,False,,,,
3016,0.9230769230769231,2,False,,,,
3017,0.9230769230769231,2,False,,,,
3018,0.9230769230769231,2,False,,,,
3019,0.9230769230769231,2,False,,,,
3020,0.9230769230769231,2,False,,,,
3021,0.9230769230769231,2,False,,,,
3022,0.9230769230769231,2,False,,,,
3023,0.9230769230769231,2,False,,,,
3024,0.9230769230769231,2,False,,,,
3025,0.9230769230769231,2,False,,,,
3026,0.9230769230769231,2,False,,,,
3027,0.9230769230769231,2,False,,,,
3028,0.9615384615384616,1,False,,,,
3029,0.9615384615384616,1,False,,,,
3030,0.9615384615384616,1,False,,,,
3031,0.9615384615384616,1,False,,,,
3032,0.9615384615384616,1,False,,,,
3033,0.9615384615384616,1,False,,,,
3034,0.9615384615384616,1,False,,,,
3035,0.9615384615384616,1,False,,,,
3036,0.9615384615384616,1,False,,,,
3037,0.9615384615384616,1,False,,,,
3038,0.9615384615384616,1,False,,,,
3039,0.9615384615384616,1,False,,,,
3040,0.9615384615384616,1,False,,,,
3041,0.9615384615384616,1,False,,,,
3042,0.9615384615384616,1,False,,,,
3043,0.9615384615384616,1,False,,,,
3044,0.9615384615384616,1,False,,,,
3045,0.9615384615384616,1,False,,,,
3046,0.9615384615384616,1,False,,,,
3047,0.9615384615384616,1,False,,,,
3048,0.9615384615384616,1,False,,,,
3049,0.9615384615384616,1,False,,,,
3050,0.9615384615384616,1,False,,,,
3051,0.9615384615384616,1,False,,,,
3052,0.9615384615384616,1,False,,,,
3053,0.9615384615384616,1,False,,,,
3054,0.9615384615384616,1,False,,,,
3055,0.9615384615384616,1,False,,,,
3056,0.9615384615384616,1,False,,,,
3057,0.9615384615384616,1,False,,,,
3058,0.9615384615384616,1,False,,,,
3059,0.9615384615384616,1,False,,,,
3060,0.9615384615384616,1,False,,,,
3061,0.9615384615384616,1,False,,,,
3062,0.9615384615384616,1,False,,,,
3063,0.9615384615384616,1,False,,,,
3064,0.9615384615384616,1,False,,,,
3065,0.9615384615384616,1,False,,,,
3066,0.9615384615384616,1,False,,,,
3067,0.9615384615384616,1,False,,,,
3068,0.9615384615384616,1,False,,,,
3069,0.9615384615384616,1,False,,,,
3070,0.9615384615384616,1,False,,,,
3071,0.9615384615384616,1,False,,,,
3072,0.9615384615384616,1,False,,,,
3073,0.9615384615384616,1,False,,,,
3074,0.9615384615384616,1,False,,,,
3075,0.9615384615384616,1,False,,,,
3076,0.9615384615384616,1,False,,,,
3077,0.9615384615384616,1,False,,,,
3078,0.9615384615384616,1,False,,,,
3079,0.9615384615384616,1,False,,,,
3080,0.9615384615384616,1,False,,,,
3081,0.9615384615384616,1,False,,,,
3082,0.9615384615384616,1,False,,,,
3083,0.9615384615384616,1,False,,,,
3084,0.9615384615384616,1,False,,,,
3085,0.9615384615384616,1,False,,,,
3086,0.9615384615384616,1,False,,,,
3087,0.9615384615384616,1,False,,,,
3088,0.9615384615384616,1,False,,,,
3089,0.9615384615384616,1,False,,,,
3090,0.9615384615384616,1,False,,,,
3091,0.9615384615384616,1,False,,,,
3092,0.9615384615384616,1,False,,,,
3093,0.9615384615384616,1,False,,,,
3094,0.9615384615384616,1,False,,,,
3095,0.9615384615384616,1,False,,,,
3096,0.9615384615384616,1,False,,,,
3097,0.9615384615384616,1,False,,,,
3098,0.9615384615384616,1,False,,,,
3099,0.9615384615384616,1,False,,,,
3100,0.9615384615384616,1,False,,,,
3101,0.9615384615384616,1,False,,,,
3102,0.9615384615384616,1,False,,,,
3103,0.9615384615384616,1,False,,,,
3104,0.9615384615384616,1,False,,,,
3105,0.9615384615384616,1,False,,,,
3106,0.9615384615384616,1,False,,,,
3107,0.9615384615384616,1,False,,,,
3108,0.9615384615384616,1,False,,,,
3109,0.9615384615384616,1,False,,,,
3110,0.9615384615384616,1,False,,,,
3111,0.9615384615384616,1,False,,,,
3112,0.9615384615384616,1,False,,,,
3113,0.9615384615384616,1,False,,,,
3114,0.9615384615384616,1,False,,,,
3115,0.9615384615384616,1,False,,,,
3116,0.9615384615384616,1,False,,,,
3117,0.9615384615384616,1,False,,,,
3118,0.9615384615384616,1,False,,,,
3119,0.9615384615384616,1,False,,,,
3120,0.9615384615384616,1,False,,,,
3121,0.9615384615384616,1,False,,,,
3122,0.9615384615384616,1,False,,,,
3123,0.9615384615384616,1,False,,,,
3124,0.9615384615384616,1,False,,,,
3125,0.9615384615384616,1,False,,,,
3126,0.9615384615384616,1,False,,,,
3127,0.9615384615384616,1,False,,,,
3128,0.9615384615384616,1,False,,,,
3129,0.9615384615384616,1,False,,,,
3130,0.9615384615384616,1,False,,,,
3131,0.9615384615384616,1,False,,,,
3132,0.9615384615384616,1,False,,,,
3133,0.9615384615384616,1,False,,,,
3134,0.9615384615384616,1,False,,,,
3135,0.9615384615384616,1,False,,,,
3136,0.9615384615384616,1,False,,,,
3137,0.9615384615384616,1,False,,,,
3138,0.9615384615384616,1,False,,,,
3139,0.9615384615384616,1,False,,,,
3140,0.9615384615384616,1,False,,,,
3141,0.9615384615384616,1,False,,,,
3142,0.9615384615384616,1,False,,,,
3143,0.9615384615384616,1,False,,,,
3144,0.9615384615384616,1,False,,,,
3145,0.9615384615384616,1,False,,,,
3146,0.9615384615384616,1,False,,,,
3147,0.9615384615384616,1,False,,,,
3148,0.9615384615384616,1,False,,,,
3149,0.9615384615384616,1,False,,,,
3150,0.9615384615384616,1,False,,,,
3151,0.9615384615384616,1,False,,,,
3152,0.9615384615384616,1,False,,,,
3153,0.9615384615384616,1,False,,,,
3154,0.9615384615384616,1,False,,,,
3155,0.9615384615384616,1,False,,,,
3156,0.9615384615384616,1,False,,,,
3157,0.9615384615384616,1,False,,,,
3158,0.9615384615384616,1,False,,,,
3159,0.9615384615384616,1,False,,,,
3160,0.9615384615384616,1,False,,,,
3161,0.9615384615384616,1,False,,,,
3162,0.9615384615384616,1,False,,,,
3163,0.9615384615384616,1,False,,,,
3164,0.9615384615384616,1,False,,,,
3165,0.9615384615384616,1,False,,,,
3166,0.9615384615384616,1,False,,,,
3167,0.9615384615384616,1,False,,,,
3168,0.9615384615384616,1,False,,,,
3169,0.9615384615384616,1,False,,,,
3170,0.9615384615384616,1,False,,,,
3171,0.9615384615384616,1,False,,,,
3172,0.9615384615384616,1,False,,,,
3173,0.9615384615384616,1,False,,,,
3174,0.9615384615384616,1,False,,,,
3175,0.9615384615384616,1,False,,,,
3176,0.9615384615384616,1,False,,,,
3177,0.9615384615384616,1,False,,,,
3178,0.9615384615384616,1,False,,,,
3179,0.9615384615384616,1,False,,,,
3180,0.9615384615384616,1,False,,,,
3181,0.9615384615384616,1,False,,,,
3182,0.9615384615384616,1,False,,,,
3183,0.9615384615384616,1,False,,,,
3184,0.9615384615384616,1,False,,,,
3185,0.9615384615384616,1,False,,,,
3186,0.9615384615384616,1,False,,,,
3187,0.9615384615384616,1,False,,,,
3188,0.9615384615384616,1,False,,,,
3189,0.9615384615384616,1,False,,,,
3190,0.9615384615384616,1,False,,,,
3191,0.9615384615384616,1,False,,,,
3192,0.9615384615384616,1,False,,,,
3193,0.9615384615384616,1,False,,,,
3194,0.9615384615384616,1,False,,,,
3195,0.9615384615384616,1,False,,,,
3196,0.9615384615384616,1,False,,,,
3197,0.9615384615384616,1,False,,,,
3198,0.9615384615384616,1,False,,,,
3199,0.9615384615384616,1,False,,,,
3200,0.9615384615384616,1,False,,,,
3201,0.9615384615384616,1,False,,,,
3202,0.9615384615384616,1,False,,,,
3203,0.9615384615384616,1,False,,,,
3204,0.9615384615384616,1,False,,,,
3205,0.9615384615384616,1,False,,,,
3206,0.9615384615384616,1,False,,,,
3207,0.9615384615384616,1,False,,,,
3208,0.9615384615384616,1,False,,,,
3209,0.9615384615384616,1,False,,,,
3210,0.9615384615384616,1,False,,,,
3211,0.9615384615384616,1,False,,,,
3212,0.9615384615384616,1,False,,,,
3213,0.9615384615384616,1,False,,,,
3214,0.9615384615384616,1,False,,,,
3215,0.9615384615384616,1,False,,,,
3216,0.9615384615384616,1,False,,,,
3217,0.9615384615384616,1,False,,,,
3218,0.9615384615384616,1,False,,,,
3219,0.9615384615384616,1,False,,,,
3220,0.9615384615384616,1,False,,,,
3221,0.9615384615384616,1,False,,,,
3222,0.9615384615384616,1,False,,,,
3223,0.9615384615384616,1,False,,,,
3224,0.9615384615384616,1,False,,,,
3225,0.9615384615384616,1,False,,,,
3226,0.9615384615384616,1,False,,,,
3227,0.9615384615384616,1,False,,,,
3228,0.9615384615384616,1,False,,,,
3229,0.9615384615384616,1,False,,,,
3230,0.9615384615384616,1,False,,,,
3231,0.9615384615384616,1,False,,,,
3232,0.9615384615384616,1,False,,,,
3233,0.9615384615384616,1,False,,,,
3234,0.9615384615384616,1,False,,,,
3235,0.9615384615384616,1,False,,,,
3236,0.9615384615384616,1,False,,,,
3237,0.9615384615384616,1,False,,,,
3238,0.9615384615384616,1,False,,,,
3239,0.9615384615384616,1,False,,,,
3240,0.9615384615384616,1,False,,,,
3241,0.9615384615384616,1,False,,,,
3242,0.9615384615384616,1,False,,,,
3243,0.9615384615384616,1,False,,,,
3244,0.9615384615384616,1,False,,,,
3245,0.9615384615384616,1,False,,,,
3246,0.9615384615384616,1,False,,,,
3247,0.9615384615384616,1,False,,,,
3248,0.9615384615384616,1,False,,,,
3249,0.9615384615384616,1,False,,,,
3250,0.9615384615384616,1,False,,,,
3251,0.9615384615384616,1,False,,,,
3252,0.9615384615384616,1,False,,,,
3253,0.9615384615384616,1,False,,,,
3254,0.9615384615384616,1,False,,,,
3255,0.9615384615384616,1,False,,,,
3256,0.9615384615384616,1,False,,,,
3257,0.9615384615384616,1,False,,,,
3258,0.9615384615384616,1,False,,,,
3259,0.9615384615384616,1,False,,,,
3260,0.9615384615384616,1,False,,,,
3261,0.9615384615384616,1,False,,,,
3262,0.9615384615384616,1,False,,,,
3263,0.9615384615384616,1,False,,,,
3264,0.9615384615384616,1,False,,,,
3265,0.9615384615384616,1,False,,,,
3266,0.9615384615384616,1,False,,,,
3267,0.9615384615384616,1,False,,,,
3268,0.9615384615384616,1,False,,,,
3269,0.9615384615384616,1,False,,,,
3270,0.9615384615384616,1,False,,,,
3271,0.9615384615384616,1,False,,,,
3272,0.9615384615384616,1,False,,,,
3273,0.9615384615384616,1,False,,,,
3274,0.9615384615384616,1,False,,,,
3275,0.9615384615384616,1,False,,,,
3276,0.9615384615384616,1,False,,,,
3277,0.9615384615384616,1,False,,,,
3278,0.9615384615384616,1,False,,,,
3279,0.9615384615384616,1,False,,,,
3280,0.9615384615384616,1,False,,,,
3281,0.9615384615384616,1,False,,,,
3282,0.9615384615384616,1,False,,,,
3283,0.9615384615384616,1,False,,,,
3284,0.9615384615384616,1,False,,,,
3285,0.9615384615384616,1,False,,,,
3286,0.9615384615384616,1,False,,,,
3287,0.9615384615384616,1,False,,,,
3288,0.9615384615384616,1,False,,,,
3289,0.9615384615384616,1,False,,,,
3290,0.9615384615384616,1,False,,,,
3291,0.9615384615384616,1,False,,,,
3292,0.9615384615384616,1,False,,,,
3293,0.9615384615384616,1,False,,,,
3294,0.9615384615384616,1,False,,,,
3295,0.9615384615384616,1,False,,,,
3296,0.9615384615384616,1,False,,,,
3297,0.9615384615384616,1,False,,,,
3298,0.9615384615384616,1,False,,,,
3299,0.9615384615384616,1,False,,,,
3300,0.9615384615384616,1,False,,,,
3301,0.9615384615384616,1,False,,,,
3302,0.9615384615384616,1,False,,,,
3303,0.9615384615384616,1,False,,,,
3304,0.9615384615384616,1,False,,,,
3305,0.9615384615384616,1,False,,,,
3306,0.9615384615384616,1,False,,,,
3307,0.9615384615384616,1,False,,,,
3308,0.9615384615384616,1,False,,,,
3309,0.9615384615384616,1,False,,,,
3310,0.9615384615384616,1,False,,,,
3311,0.9615384615384616,1,False,,,,
3312,0.9615384615384616,1,False,,,,
3313,0.9615384615384616,1,False,,,,
3314,0.9615384615384616,1,False,,,,
3315,0.9615384615384616,1,False,,,,
3316,0.9615384615384616,1,False,,,,
3317,0.9615384615384616,1,False,,,,
3318,0.9615384615384616,1,False,,,,
3319,0.9615384615384616,1,False,,,,
3320,0.9615384615384616,1,False,,,,
3321,0.9615384615384616,1,False,,,,
3322,0.9615384615384616,1,False,,,,
3323,0.9615384615384616,1,False,,,,
3324,0.9615384615384616,1,False,,,,
3325,0.9615384615384616,1,False,,,,
3326,0.9615384615384616,1,False,,,,
3327,0.9615384615384616,1,False,,,,
3328,0.9615384615384616,1,False,,,,
3329,0.9615384615384616,1,False,,,,
3330,0.9615384615384616,1,False,,,,
3331,0.9615384615384616,1,False,,,,
3332,0.9615384615384616,1,False,,,,
3333,0.9615384615384616,1,False,,,,
3334,0.9615384615384616,1,False,,,,
3335,0.9615384615384616,1,False,,,,
3336,0.9615384615384616,1,False,,,,
3337,0.9615384615384616,1,False,,,,
3338,0.9615384615384616,1,False,,,,
3339,0.9615384615384616,1,False,,,,
3340,0.9615384615384616,1,False,,,,
3341,0.9615384615384616,1,False,,,,
3342,0.9615384615384616,1,False,,,,
3343,0.9615384615384616,1,False,,,,
3344,0.9615384615384616,1,False,,,,
3345,0.9615384615384616,1,False,,,,
3346,0.9615384615384616,1,False,,,,
3347,0.9615384615384616,1,False,,,,
3348,0.9615384615384616,1,False,,,,
3349,0.9615384615384616,1,False,,,,
3350,0.9615384615384616,1,False,,,,
3351,0.9615384615384616,1,False,,,,
3352,0.9615384615384616,1,False,,,,
3353,0.9615384615384616,1,False,,,,
3354,0.9615384615384616,1,False,,,,
3355,0.9615384615384616,1,False,,,,
3356,0.9615384615384616,1,False,,,,
3357,0.9615384615384616,1,False,,,,
3358,0.9615384615384616,1,False,,,,
3359,0.9615384615384616,1,False,,,,
3360,0.9615384615384616,1,False,,,,
3361,0.9615384615384616,1,False,,,,
3362,0.9615384615384616,1,False,,,,
3363,0.9615384615384616,1,False,,,,
3364,0.9615384615384616,1,False,,,,
3365,0.9615384615384616,1,False,,,,
3366,0.9615384615384616,1,False,,,,
3367,0.9615384615384616,1,False,,,,
3368,0.9615384615384616,1,False,,,,
3369,0.9615384615384616,1,False,,,,
3370,0.9615384615384616,1,False,,,,
3371,0.9615384615384616,1,False,,,,
3372,0.9615384615384616,1,False,,,,
3373,0.9615384615384616,1,False,,,,
3374,0.9615384615384616,1,False,,,,
3375,0.9615384615384616,1,False,,,,
3376,0.9615384615384616,1,False,,,,
3377,0.9615384615384616,1,False,,,,
3378,0.9615384615384616,1,False,,,,
3379,0.9615384615384616,1,False,,,,
3380,0.9615384615384616,1,False,,,,
3381,0.9615384615384616,1,False,,,,
3382,0.9615384615384616,1,False,,,,
3383,0.9615384615384616,1,False,,,,
3384,0.9615384615384616,1,False,,,,
3385,0.9615384615384616,1,False,,,,
3386,0.9615384615384616,1,False,,,,
3387,0.9615384615384616,1,False,,,,
3388,0.9615384615384616,1,False,,,,
3389,0.9615384615384616,1,False,,,,
3390,0.9615384615384616,1,False,,,,
3391,0.9615384615384616,1,False,,,,
3392,0.9615384615384616,1,False,,,,
3393,0.9615384615384616,1,False,,,,
3394,0.9615384615384616,1,False,,,,
3395,0.9615384615384616,1,False,,,,
3396,0.9615384615384616,1,False,,,,
3397,0.9615384615384616,1,False,,,,
3398,0.9615384615384616,1,False,,,,
3399,0.9615384615384616,1,False,,,,
3400,0.9615384615384616,1,False,,,,
3401,0.9615384615384616,1,False,,,,
3402,0.9615384615384616,1,False,,,,
3403,0.9615384615384616,1,False,,,,
3404,0.9615384615384616,1,False,,,,
3405,0.9615384615384616,1,False,,,,
3406,0.9615384615384616,1,False,,,,
3407,0.9615384615384616,1,False,,,,
3408,0.9615384615384616,1,False,,,,
3409,0.9615384615384616,1,False,,,,
3410,0.9615384615384616,1,False,,,,
3411,0.9615384615384616,1,False,,,,
3412,0.9615384615384616,1,False,,,,
3413,0.9615384615384616,1,False,,,,
3414,0.9615384615384616,1,False,,,,
3415,0.9615384615384616,1,False,,,,
3416,0.9615384615384616,1,False,,,,
3417,0.9615384615384616,1,False,,,,
3418,0.9615384615384616,1,False,,,,
3419,0.9615384615384616,1,False,,,,
3420,0.9615384615384616,1,False,,,,
3421,0.9615384615384616,1,False,,,,
3422,0.9615384615384616,1,False,,,,
3423,0.9615384615384616,1,False,,,,
3424,0.9615384615384616,1,False,,,,
3425,0.9615384615384616,1,False,,,,
3426,0.9615384615384616,1,False,,,,
3427,0.9615384615384616,1,False,,,,
3428,0.9615384615384616,1,False,,,,
3429,0.9615384615384616,1,False,,,,
3430,0.9615384615384616,1,False,,,,
3431,0.9615384615384616,1,False,,,,
3432,0.9615384615384616,1,False,,,,
3433,0.9615384615384616,1,False,,,,
3434,0.9615384615384616,1,False,,,,
3435,0.9615384615384616,1,False,,,,
3436,0.9615384615384616,1,False,,,,
3437,0.9615384615384616,1,False,,,,
3438,0.9615384615384616,1,False,,,,
3439,0.9615384615384616,1,False,,,,
3440,0.9615384615384616,1,False,,,,
3441,0.9615384615384616,1,False,,,,
3442,0.9615384615384616,1,False,,,,
3443,0.9615384615384616,1,False,,,,
3444,0.9615384615384616,1,False,,,,
3445,0.9615384615384616,1,False,,,,
3446,0.9615384615384616,1,False,,,,
3447,0.9615384615384616,1,False,,,,
3448,0.9615384615384616,1,False,,,,
3449,0.9615384615384616,1,False,,,,
3450,0.9615384615384616,1,False,,,,
3451,0.9615384615384616,1,False,,,,
3452,0.9615384615384616,1,False,,,,
3453,0.9615384615384616,1,False,,,,
3454,0.9615384615384616,1,False,,,,
3455,0.9615384615384616,1,False,,,,
3456,0.9615384615384616,1,False,,,,
3457,0.9615384615384616,1,False,,,,
3458,0.9615384615384616,1,False,,,,
3459,0.9615384615384616,1,False,,,,
3460,0.9615384615384616,1,False,,,,
3461,0.9615384615384616,1,False,,,,
3462,0.9615384615384616,1,False,,,,
3463,0.9615384615384616,1,False,,,,
3464,0.9615384615384616,1,False,,,,
3465,0.9615384615384616,1,False,,,,
3466,0.9615384615384616,1,False,,,,
3467,0.9615384615384616,1,False,,,,
3468,0.9615384615384616,1,False,,,,
3469,0.9615384615384616,1,False,,,,
3470,0.9615384615384616,1,False,,,,
3471,0.9615384615384616,1,False,,,,
3472,0.9615384615384616,1,False,,,,
3473,0.9615384615384616,1,False,,,,
3474,0.9615384615384616,1,False,,,,
3475,0.9615384615384616,1,False,,,,
3476,0.9615384615384616,1,False,,,,
3477,0.9615384615384616,1,False,,,,
3478,0.9615384615384616,1,False,,,,
3479,0.9615384615384616,1,False,,,,
3480,0.9615384615384616,1,False,,,,
3481,0.9615384615384616,1,False,,,,
3482,0.9615384615384616,1,False,,,,
3483,0.9615384615384616,1,False,,,,
3484,0.9615384615384616,1,False,,,,
3485,0.9615384615384616,1,False,,,,
3486,0.9615384615384616,1,False,,,,
3487,0.9615384615384616,1,False,,,,
3488,0.9615384615384616,1,False,,,,
3489,0.9615384615384616,1,False,,,,
3490,0.9615384615384616,1,False,,,,
3491,0.9615384615384616,1,False,,,,
3492,0.9615384615384616,1,False,,,,
3493,0.9615384615384616,1,False,,,,
3494,0.9615384615384616,1,False,,,,
3495,0.9615384615384616,1,False,,,,
3496,0.9615384615384616,1,False,,,,
3497,0.9615384615384616,1,False,,,,
3498,0.9615384615384616,1,False,,,,
3499,0.9615384615384616,1,False,,,,
3500,0.9615384615384616,1,False,,,,
3501,0.9615384615384616,1,False,,,,
3502,0.9615384615384616,1,False,,,,
3503,0.9615384615384616,1,False,,,,
3504,0.9615384615384616,1,False,,,,
3505,0.9615384615384616,1,False,,,,
3506,0.9615384615384616,1,False,,,,
3507,0.9615384615384616,1,False,,,,
3508,0.9615384615384616,1,False,,,,
3509,0.9615384615384616,1,False,,,,
3510,0.9615384615384616,1,False,,,,
3511,0.9615384615384616,1,False,,,,
3512,0.9615384615384616,1,False,,,,
3513,0.9615384615384616,1,False,,,,
3514,0.9615384615384616,1,False,,,,
3515,0.9615384615384616,1,False,,,,
3516,0.9615384615384616,1,False,,,,
3517,0.9615384615384616,1,False,,,,
3518,0.9615384615384616,1,False,,,,
3519,0.9615384615384616,1,False,,,,
3520,0.9615384615384616,1,False,,,,
3521,0.9615384615384616,1,False,,,,
3522,0.9615384615384616,1,False,,,,
3523,0.9615384615384616,1,False,,,,
3524,0.9615384615384616,1,False,,,,
3525,0.9615384615384616,1,False,,,,
3526,0.9615384615384616,1,False,,,,
3527,0.9615384615384616,1,False,,,,
3528,0.9615384615384616,1,False,,,,
3529,0.9615384615384616,1,False,,,,
3530,0.9615384615384616,1,False,,,,
3531,0.9615384615384616,1,False,,,,
3532,0.9615384615384616,1,False,,,,
3533,0.9615384615384616,1,False,,,,
3534,0.9615384615384616,1,False,,,,
3535,0.9615384615384616,1,False,,,,
3536,0.9615384615384616,1,False,,,,
3537,0.9615384615384616,1,False,,,,
3538,0.9615384615384616,1,False,,,,
3539,0.9615384615384616,1,False,,,,
3540,0.9615384615384616,1,False,,,,
3541,0.9615384615384616,1,False,,,,
3542,0.9615384615384616,1,False,,,,
3543,0.9615384615384616,1,False,,,,
3544,0.9615384615384616,1,False,,,,
3545,0.9615384615384616,1,False,,,,
3546,0.9615384615384616,1,False,,,,
3547,0.9615384615384616,1,False,,,,
3548,0.9615384615384616,1,False,,,,
3549,0.9615384615384616,1,False,,,,
3550,0.9615384615384616,1,False,,,,
3551,0.9615384615384616,1,False,,,,
3552,0.9615384615384616,1,False,,,,
3553,0.9615384615384616,1,False,,,,
3554,0.9615384615384616,1,False,,,,
3555,0.9615384615384616,1,False,,,,
3556,0.9615384615384616,1,False,,,,
3557,0.9615384615384616,1,False,,,,
3558,0.9615384615384616,1,False,,,,
3559,0.9615384615384616,1,False,,,,
3560,0.9615384615384616,1,False,,,,
3561,0.9615384615384616,1,False,,,,
3562,0.9615384615384616,1,False,,,,
3563,0.9615384615384616,1,False,,,,
3564,0.9615384615384616,1,False,,,,
3565,0.9615384615384616,1,False,,,,
3566,0.9615384615384616,1,False,,,,
3567,0.9615384615384616,1,False,,,,
3568,0.9615384615384616,1,False,,,,
3569,0.9615384615384616,1,False,,,,
3570,0.9615384615384616,1,False,,,,
3571,0.9615384615384616,1,False,,,,
3572,0.9615384615384616,1,False,,,,
3573,0.9615384615384616,1,False,,,,
3574,0.9615384615384616,1,False,,,,
3575,0.9615384615384616,1,False,,,,
3576,0.9615384615384616,1,False,,,,
3577,0.9615384615384616,1,False,,,,
3578,0.9615384615384616,1,False,,,,
3579,0.9615384615384616,1,False,,,,
3580,0.9615384615384616,1,False,,,,
3581,0.9615384615384616,1,False,,,,
3582,0.9615384615384616,1,False,,,,
3583,0.9615384615384616,1,False,,,,
3584,0.9615384615384616,1,False,,,,
3585,0.9615384615384616,1,False,,,,
3586,0.9615384615384616,1,False,,,,
3587,0.9615384615384616,1,False,,,,
3588,0.9615384615384616,1,False,,,,
3589,0.9615384615384616,1,False,,,,
3590,0.9615384615384616,1,False,,,,
3591,0.9615384615384616,1,False,,,,
3592,0.9615384615384616,1,False,,,,
3593,0.9615384615384616,1,False,,,,
3594,0.9615384615384616,1,False,,,,
3595,0.9615384615384616,1,False,,,,
3596,0.9615384615384616,1,False,,,,
3597,0.9615384615384616,1,False,,,,
3598,0.9615384615384616,1,False,,,,
3599,0.9615384615384616,1,False,,,,
3600,0.9615384615384616,1,False,,,,
3601,0.9615384615384616,1,False,,,,
3602,0.9615384615384616,1,False,,,,
3603,0.9615384615384616,1,False,,,,
3604,0.9615384615384616,1,False,,,,
3605,0.9615384615384616,1,False,,,,
3606,0.9615384615384616,1,False,,,,
3607,0.9615384615384616,1,False,,,,
3608,0.9615384615384616,1,False,,,,
3609,0.9615384615384616,1,False,,,,
3610,0.9615384615384616,1,False,,,,
3611,0.9615384615384616,1,False,,,,
3612,0.9615384615384616,1,False,,,,
3613,0.9615384615384616,1,False,,,,
3614,0.9615384615384616,1,False,,,,
3615,0.9615384615384616,1,False,,,,
3616,0.9615384615384616,1,False,,,,
3617,0.9615384615384616,1,False,,,,
3618,0.9615384615384616,1,False,,,,
3619,0.9615384615384616,1,False,,,,
3620,0.9615384615384616,1,False,,,,
3621,0.9615384615384616,1,False,,,,
3622,0.9615384615384616,1,False,,,,
3623,0.9615384615384616,1,False,,,,
3624,0.9615384615384616,1,False,,,,
3625,0.9615384615384616,1,False,,,,
3626,0.9615384615384616,1,False,,,,
3627,0.9615384615384616,1,False,,,,
3628,0.9615384615384616,1,False,,,,
3629,0.9615384615384616,1,False,,,,
3630,0.9615384615384616,1,False,,,,
3631,0.9615384615384616,1,False,,,,
3632,0.9615384615384616,1,False,,,,
3633,0.9615384615384616,1,False,,,,
3634,0.9615384615384616,1,False,,,,
3635,0.9615384615384616,1,False,,,,
3636,0.9615384615384616,1,False,,,,
3637,0.9615384615384616,1,False,,,,
3638,0.9615384615384616,1,False,,,,
3639,0.9615384615384616,1,False,,,,
3640,0.9615384615384616,1,False,,,,
3641,0.9615384615384616,1,False,,,,
3642,0.9615384615384616,1,False,,,,
3643,0.9615384615384616,1,False,,,,
3644,0.9615384615384616,1,False,,,,
3645,0.9615384615384616,1,False,,,,
3646,0.9615384615384616,1,False,,,,
3647,0.9615384615384616,1,False,,,,
3648,0.9615384615384616,1,False,,,,
3649,0.9615384615384616,1,False,,,,
3650,0.9615384615384616,1,False,,,,
3651,0.9615384615384616,1,False,,,,
3652,0.9615384615384616,1,False,,,,
3653,0.9615384615384616,1,False,,,,
3654,0.9615384615384616,1,False,,,,
3655,0.9615384615384616,1,False,,,,
3656,0.9615384615384616,1,False,,,,
3657,0.9615384615384616,1,False,,,,
3658,0.9615384615384616,1,False,,,,
3659,0.9615384615384616,1,False,,,,
3660,0.9615384615384616,1,False,,,,
3661,0.9615384615384616,1,False,,,,
3662,0.9615384615384616,1,False,,,,
3663,0.9615384615384616,1,False,,,,
3664,0.9615384615384616,1,False,,,,
3665,0.9615384615384616,1,False,,,,
3666,0.9615384615384616,1,False,,,,
3667,0.9615384615384616,1,False,,,,
3668,0.9615384615384616,1,False,,,,
3669,0.9615384615384616,1,False,,,,
3670,0.9615384615384616,1,False,,,,
3671,0.9615384615384616,1,False,,,,
3672,0.9615384615384616,1,False,,,,
3673,0.9615384615384616,1,False,,,,
3674,0.9615384615384616,1,False,,,,
3675,0.9615384615384616,1,False,,,,
3676,0.9615384615384616,1,False,,,,
3677,0.9615384615384616,1,False,,,,
3678,0.9615384615384616,1,False,,,,
3679,0.9615384615384616,1,False,,,,
3680,0.9615384615384616,1,False,,,,
3681,0.9615384615384616,1,False,,,,
3682,0.9615384615384616,1,False,,,,
3683,0.9615384615384616,1,False,,,,
3684,0.9615384615384616,1,False,,,,
3685,0.9615384615384616,1,False,,,,
3686,0.9615384615384616,1,False,,,,
3687,0.9615384615384616,1,False,,,,
3688,0.9615384615384616,1,False,,,,
3689,0.9615384615384616,1,False,,,,
3690,0.9615384615384616,1,False,,,,
3691,0.9615384615384616,1,False,,,,
3692,0.9615384615384616,1,False,,,,
3693,0.9615384615384616,1,False,,,,
3694,0.9615384615384616,1,False,,,,
3695,0.9615384615384616,1,False,,,,
3696,0.9615384615384616,1,False,,,,
3697,0.9615384615384616,1,False,,,,
3698,0.9615384615384616,1,False,,,,
3699,0.9615384615384616,1,False,,,,
3700,0.9615384615384616,1,False,,,,
3701,0.9615384615384616,1,False,,,,
3702,0.9615384615384616,1,False,,,,
3703,0.9615384615384616,1,False,,,,
3704,0.9615384615384616,1,False,,,,
3705,0.9615384615384616,1,False,,,,
3706,0.9615384615384616,1,False,,,,
3707,0.9615384615384616,1,False,,,,
3708,0.9615384615384616,1,False,,,,
3709,0.9615384615384616,1,False,,,,
3710,0.9615384615384616,1,False,,,,
3711,0.9615384615384616,1,False,,,,
3712,0.9615384615384616,1,False,,,,
3713,0.9615384615384616,1,False,,,,
3714,0.9615384615384616,1,False,,,,
3715,0.9615384615384616,1,False,,,,
3716,0.9615384615384616,1,False,,,,
3717,0.9615384615384616,1,False,,,,
3718,0.9615384615384616,1,False,,,,
3719,0.9615384615384616,1,False,,,,
3720,0.9615384615384616,1,False,,,,
3721,0.9615384615384616,1,False,,,,
3722,0.9615384615384616,1,False,,,,
3723,0.9615384615384616,1,False,,,,
3724,0.9615384615384616,1,False,,,,
3725,0.9615384615384616,1,False,,,,
3726,0.9615384615384616,1,False,,,,
3727,0.9615384615384616,1,False,,,,
3728,0.9615384615384616,1,False,,,,
3729,0.9615384615384616,1,False,,,,
3730,0.9615384615384616,1,False,,,,
3731,0.9615384615384616,1,False,,,,
3732,0.9615384615384616,1,False,,,,
3733,0.9615384615384616,1,False,,,,
3734,0.9615384615384616,1,False,,,,
3735,0.9615384615384616,1,False,,,,
3736,0.9615384615384616,1,False,,,,
3737,0.9615384615384616,1,False,,,,
3738,0.9615384615384616,1,False,,,,
3739,0.9615384615384616,1,False,,,,
3740,0.9615384615384616,1,False,,,,
3741,0.9615384615384616,1,False,,,,
3742,0.9615384615384616,1,False,,,,
3743,0.9615384615384616,1,False,,,,
3744,0.9615384615384616,1,False,,,,
3745,0.9615384615384616,1,False,,,,
3746,0.9615384615384616,1,False,,,,
3747,0.9615384615384616,1,False,,,,
3748,0.9615384615384616,1,False,,,,
3749,0.9615384615384616,1,False,,,,
3750,0.9615384615384616,1,False,,,,
3751,0.9615384615384616,1,False,,,,
3752,0.9615384615384616,1,False,,,,
3753,0.9615384615384616,1,False,,,,
3754,0.9615384615384616,1,False,,,,
3755,0.9615384615384616,1,False,,,,
3756,0.9615384615384616,1,False,,,,
3757,0.9615384615384616,1,False,,,,
3758,0.9615384615384616,1,False,,,,
3759,0.9615384615384616,1,False,,,,
3760,0.9615384615384616,1,False,,,,
3761,0.9615384615384616,1,False,,,,
3762,0.9615384615384616,1,False,,,,
3763,0.9615384615384616,1,False,,,,
3764,0.9615384615384616,1,False,,,,
3765,0.9615384615384616,1,False,,,,
3766,0.9615384615384616,1,False,,,,
3767,0.9615384615384616,1,False,,,,
3768,0.9615384615384616,1,False,,,,
3769,0.9615384615384616,1,False,,,,
3770,0.9615384615384616,1,False,,,,
3771,0.9615384615384616,1,False,,,,
3772,0.9615384615384616,1,False,,,,
3773,0.9615384615384616,1,False,,,,
3774,0.9615384615384616,1,False,,,,
3775,0.9615384615384616,1,False,,,,
3776,0.9615384615384616,1,False,,,,
3777,0.9615384615384616,1,False,,,,
3778,0.9615384615384616,1,False,,,,
3779,0.9615384615384616,1,False,,,,
3780,0.9615384615384616,1,False,,,,
3781,0.9615384615384616,1,False,,,,
3782,0.9615384615384616,1,False,,,,
3783,0.9615384615384616,1,False,,,,
3784,0.9615384615384616,1,False,,,,
3785,0.9615384615384616,1,False,,,,
3786,0.9615384615384616,1,False,,,,
3787,0.9615384615384616,1,False,,,,
3788,0.9615384615384616,1,False,,,,
3789,0.9615384615384616,1,False,,,,
3790,0.9615384615384616,1,False,,,,
3791,0.9615384615384616,1,False,,,,
3792,0.9615384615384616,1,False,,,,
3793,0.9615384615384616,1,False,,,,
3794,0.9615384615384616,1,False,,,,
3795,0.9615384615384616,1,False,,,,
3796,0.9615384615384616,1,False,,,,
3797,0.9615384615384616,1,False,,,,
3798,0.9615384615384616,1,False,,,,
3799,0.9615384615384616,1,False,,,,
3800,0.9615384615384616,1,False,,,,
3801,0.9615384615384616,1,False,,,,
3802,0.9615384615384616,1,False,,,,
3803,0.9615384615384616,1,False,,,,
3804,0.9615384615384616,1,False,,,,
3805,0.9615384615384616,1,False,,,,
3806,0.9615384615384616,1,False,,,,
3807,0.9615384615384616,1,False,,,,
3808,0.9615384615384616,1,False,,,,
3809,0.9615384615384616,1,False,,,,
3810,0.9615384615384616,1,False,,,,
3811,0.9615384615384616,1,False,,,,
3812,0.9615384615384616,1,False,,,,
3813,0.9615384615384616,1,False,,,,
3814,0.9615384615384616,1,False,,,,
3815,0.9615384615384616,1,False,,,,
3816,0.9615384615384616,1,False,,,,
3817,0.9615384615384616,1,False,,,,
3818,0.9615384615384616,1,False,,,,
3819,0.9615384615384616,1,False,,,,
3820,0.9615384615384616,1,False,,,,
3821,0.9615384615384616,1,False,,,,
3822,0.9615384615384616,1,False,,,,
3823,0.9615384615384616,1,False,,,,
3824,0.9615384615384616,1,False,,,,
3825,0.9615384615384616,1,False,,,,
3826,0.9615384615384616,1,False,,,,
3827,0.9615384615384616,1,False,,,,
3828,0.9615384615384616,1,False,,,,
3829,0.9615384615384616,1,False,,,,
3830,0.9615384615384616,1,False,,,,
3831,0.9615384615384616,1,False,,,,
3832,0.9615384615384616,1,False,,,,
3833,0.9615384615384616,1,False,,,,
3834,0.9615384615384616,1,False,,,,
3835,0.9615384615384616,1,False,,,,
3836,0.9615384615384616,1,False,,,,
3837,0.9615384615384616,1,False,,,,
3838,0.9615384615384616,1,False,,,,
3839,0.9615384615384616,1,False,,,,
3840,0.9615384615384616,1,False,,,,
3841,0.9615384615384616,1,False,,,,
3842,0.9615384615384616,1,False,,,,
3843,0.9615384615384616,1,False,,,,
3844,0.9615384615384616,1,False,,,,
3845,0.9615384615384616,1,False,,,,
3846,0.9615384615384616,1,False,,,,
3847,0.9615384615384616,1,False,,,,
3848,0.9615384615384616,1,False,,,,
3849,0.9615384615384616,1,False,,,,
3850,0.9615384615384616,1,False,,,,
3851,0.9615384615384616,1,False,,,,
3852,0.9615384615384616,1,False,,,,
3853,0.9615384615384616,1,False,,,,
3854,0.9615384615384616,1,False,,,,
3855,0.9615384615384616,1,False,,,,
3856,0.9615384615384616,1,False,,,,
3857,0.9615384615384616,1,False,,,,
3858,0.9615384615384616,1,False,,,,
3859,0.9615384615384616,1,False,,,,
3860,0.9615384615384616,1,False,,,,
3861,0.9615384615384616,1,False,,,,
3862,0.9615384615384616,1,False,,,,
3863,0.9615384615384616,1,False,,,,
3864,0.9615384615384616,1,False,,,,
3865,0.9615384615384616,1,False,,,,
3866,0.9615384615384616,1,False,,,,
3867,0.9615384615384616,1,False,,,,
3868,0.9615384615384616,1,False,,,,
3869,0.9615384615384616,1,False,,,,
3870,0.9615384615384616,1,False,,,,
3871,0.9615384615384616,1,False,,,,
3872,0.9615384615384616,1,False,,,,
3873,0.9615384615384616,1,False,,,,
3874,0.9615384615384616,1,False,,,,
3875,0.9615384615384616,1,False,,,,
3876,0.9615384615384616,1,False,,,,
3877,0.9615384615384616,1,False,,,,
3878,0.9615384615384616,1,False,,,,
3879,0.9615384615384616,1,False,,,,
3880,0.9615384615384616,1,False,,,,
3881,0.9615384615384616,1,False,,,,
3882,0.9615384615384616,1,False,,,,
3883,0.9615384615384616,1,False,,,,
3884,0.9615384615384616,1,False,,,,
3885,0.9615384615384616,1,False,,,,
3886,0.9615384615384616,1,False,,,,
3887,0.9615384615384616,1,False,,,,
3888,0.9615384615384616,1,False,,,,
3889,0.9615384615384616,1,False,,,,
3890,0.9615384615384616,1,False,,,,
3891,0.9615384615384616,1,False,,,,
3892,0.9615384615384616,1,False,,,,
3893,0.9615384615384616,1,False,,,,
3894,0.9615384615384616,1,False,,,,
3895,0.9615384615384616,1,False,,,,
3896,0.9615384615384616,1,False,,,,
3897,0.9615384615384616,1,False,,,,
3898,0.9615384615384616,1,False,,,,
3899,0.9615384615384616,1,False,,,,
3900,0.9615384615384616,1,False,,,,
3901,0.9615384615384616,1,False,,,,
3902,0.9615384615384616,1,False,,,,
3903,0.9615384615384616,1,False,,,,
3904,0.9615384615384616,1,False,,,,
3905,0.9615384615384616,1,False,,,,
3906,0.9615384615384616,1,False,,,,
3907,0.9615384615384616,1,False,,,,
3908,0.9615384615384616,1,False,,,,
3909,0.9615384615384616,1,False,,,,
3910,0.9615384615384616,1,False,,,,
3911,0.9615384615384616,1,False,,,,
3912,0.9615384615384616,1,False,,,,
3913,0.9615384615384616,1,False,,,,
3914,0.9615384615384616,1,False,,,,
3915,0.9615384615384616,1,False,,,,
3916,0.9615384615384616,1,False,,,,
3917,0.9615384615384616,1,False,,,,
3918,0.9615384615384616,1,False,,,,
3919,0.9615384615384616,1,False,,,,
3920,0.9615384615384616,1,False,,,,
3921,0.9615384615384616,1,False,,,,
3922,0.9615384615384616,1,False,,,,
3923,0.9615384615384616,1,False,,,,
3924,0.9615384615384616,1,False,,,,
3925,0.9615384615384616,1,False,,,,
3926,0.9615384615384616,1,False,,,,
3927,0.9615384615384616,1,False,,,,
3928,0.9615384615384616,1,False,,,,
3929,0.9615384615384616,1,False,,,,
3930,0.9615384615384616,1,False,,,,
3931,0.9615384615384616,1,False,,,,
3932,0.9615384615384616,1,False,,,,
3933,0.9615384615384616,1,False,,,,
3934,0.9615384615384616,1,False,,,,
3935,0.9615384615384616,1,False,,,,
3936,0.9615384615384616,1,False,,,,
3937,0.9615384615384616,1,False,,,,
3938,0.9615384615384616,1,False,,,,
3939,0.9615384615384616,1,False,,,,
3940,0.9615384615384616,1,False,,,,
3941,0.9615384615384616,1,False,,,,
3942,0.9615384615384616,1,False,,,,
3943,0.9615384615384616,1,False,,,,
3944,0.9615384615384616,1,False,,,,
3945,0.9615384615384616,1,False,,,,
3946,0.9615384615384616,1,False,,,,
3947,0.9615384615384616,1,False,,,,
3948,0.9615384615384616,1,False,,,,
3949,0.9615384615384616,1,False,,,,
3950,0.9615384615384616,1,False,,,,
3951,0.9615384615384616,1,False,,,,
3952,0.9615384615384616,1,False,,,,
3953,0.9615384615384616,1,False,,,,
3954,0.9615384615384616,1,False,,,,
3955,0.9615384615384616,1,False,,,,
3956,0.9615384615384616,1,False,,,,
3957,0.9615384615384616,1,False,,,,
3958,0.9615384615384616,1,False,,,,
3959,0.9615384615384616,1,False,,,,
3960,0.9615384615384616,1,False,,,,
3961,0.9615384615384616,1,False,,,,
3962,0.9615384615384616,1,False,,,,
3963,0.9615384615384616,1,False,,,,
3964,0.9615384615384616,1,False,,,,
3965,0.9615384615384616,1,False,,,,
3966,0.9615384615384616,1,False,,,,
3967,0.9615384615384616,1,False,,,,
3968,0.9615384615384616,1,False,,,,
3969,0.9615384615384616,1,False,,,,
3970,0.9615384615384616,1,False,,,,
3971,0.9615384615384616,1,False,,,,
3972,0.9615384615384616,1,False,,,,
3973,0.9615384615384616,1,False,,,,
3974,0.9615384615384616,1,False,,,,
3975,0.9615384615384616,1,False,,,,
3976,0.9615384615384616,1,False,,,,
3977,0.9615384615384616,1,False,,,,
3978,0.9615384615384616,1,False,,,,
3979,0.9615384615384616,1,False,,,,
3980,0.9615384615384616,1,False,,,,
3981,0.9615384615384616,1,False,,,,
3982,0.9615384615384616,1,False,,,,
3983,0.9615384615384616,1,False,,,,
3984,0.9615384615384616,1,False,,,,
3985,0.9615384615384616,1,False,,,,
3986,0.9615384615384616,1,False,,,,
3987,0.9615384615384616,1,False,,,,
3988,0.9615384615384616,1,False,,,,
3989,0.9615384615384616,1,False,,,,
3990,0.9615384615384616,1,False,,,,
3991,0.9615384615384616,1,False,,,,
3992,0.9615384615384616,1,False,,,,
3993,0.9615384615384616,1,False,,,,
3994,0.9615384615384616,1,False,,,,
3995,0.9615384615384616,1,False,,,,
3996,0.9615384615384616,1,False,,,,
3997,0.9615384615384616,1,False,,,,
3998,0.9615384615384616,1,False,,,,
3999,0.9615384615384616,1,False,,,,
4000,0.9615384615384616,1,False,,,,
4001,0.9615384615384616,1,False,,,,
4002,0.9615384615384616,1,False,,,,
4003,0.9615384615384616,1,False,,,,
4004,0.9615384615384616,1,False,,,,
4005,0.9615384615384616,1,False,,,,
4006,0.9615384615384616,1,False,,,,
4007,0.9615384615384616,1,False,,,,
4008,0.9615384615384616,1,False,,,,
4009,0.9615384615384616,1,False,,,,
4010,0.9615384615384616,1,False,,,,
4011,0.9615384615384616,1,False,,,,
4012,0.9615384615384616,1,False,,,,
4013,0.9615384615384616,1,False,,,,
4014,0.9615384615384616,1,False,,,,
4015,0.9615384615384616,1,False,,,,
4016,0.9615384615384616,1,False,,,,
4017,0.9615384615384616,1,False,,,,
4018,0.9615384615384616,1,False,,,,
4019,0.9615384615384616,1,False,,,,
4020,0.9615384615384616,1,False,,,,
4021,0.9615384615384616,1,False,,,,
4022,0.9615384615384616,1,False,,,,
4023,0.9615384615384616,1,False,,,,
4024,0.9615384615384616,1,False,,,,
4025,0.9615384615384616,1,False,,,,
4026,0.9615384615384616,1,False,,,,
4027,0.9615384615384616,1,False,,,,
4028,0.9615384615384616,1,False,,,,
4029,0.9615384615384616,1,False,,,,
4030,0.9615384615384616,1,False,,,,
4031,0.9615384615384616,1,False,,,,
4032,0.9615384615384616,1,False,,,,
4033,0.9615384615384616,1,False,,,,
4034,0.9615384615384616,1,False,,,,
4035,0.9615384615384616,1,False,,,,
4036,0.9615384615384616,1,False,,,,
4037,0.9615384615384616,1,False,,,,
4038,0.9615384615384616,1,False,,,,
4039,0.9615384615384616,1,False,,,,
4040,0.9615384615384616,1,False,,,,
4041,0.9615384615384616,1,False,,,,
4042,0.9615384615384616,1,False,,,,
4043,0.9615384615384616,1,False,,,,
4044,0.9615384615384616,1,False,,,,
4045,0.9615384615384616,1,False,,,,
4046,0.9615384615384616,1,False,,,,
4047,0.9615384615384616,1,False,,,,
4048,0.9615384615384616,1,False,,,,
4049,0.9615384615384616,1,False,,,,
4050,0.9615384615384616,1,False,,,,
4051,0.9615384615384616,1,False,,,,
4052,0.9615384615384616,1,False,,,,
4053,0.9615384615384616,1,False,,,,
4054,0.9615384615384616,1,False,,,,
4055,0.9615384615384616,1,False,,,,
4056,0.9615384615384616,1,False,,,,
4057,0.9615384615384616,1,False,,,,
4058,0.9615384615384616,1,False,,,,
4059,0.9615384615384616,1,False,,,,
4060,0.9615384615384616,1,False,,,,
4061,0.9615384615384616,1,False,,,,
4062,0.9615384615384616,1,False,,,,
4063,0.9615384615384616,1,False,,,,
4064,0.9615384615384616,1,False,,,,
4065,0.9615384615384616,1,False,,,,
4066,0.9615384615384616,1,False,,,,
4067,0.9615384615384616,1,False,,,,
4068,0.9615384615384616,1,False,,,,
4069,0.9615384615384616,1,False,,,,
4070,0.9615384615384616,1,False,,,,
4071,0.9615384615384616,1,False,,,,
4072,0.9615384615384616,1,False,,,,
4073,0.9615384615384616,1,False,,,,
4074,0.9615384615384616,1,False,,,,
4075,0.9615384615384616,1,False,,,,
4076,0.9615384615384616,1,False,,,,
4077,0.9615384615384616,1,False,,,,
4078,0.9615384615384616,1,False,,,,
4079,0.9615384615384616,1,False,,,,
4080,0.9615384615384616,1,False,,,,
4081,0.9615384615384616,1,False,,,,
4082,0.9615384615384616,1,False,,,,
4083,0.9615384615384616,1,False,,,,
4084,0.9615384615384616,1,False,,,,
4085,0.9615384615384616,1,False,,,,
4086,0.9615384615384616,1,False,,,,
4087,0.9615384615384616,1,False,,,,
4088,0.9615384615384616,1,False,,,,
4089,0.9615384615384616,1,False,,,,
4090,0.9615384615384616,1,False,,,,
4091,0.9615384615384616,1,False,,,,
4092,0.9615384615384616,1,False,,,,
4093,0.9615384615384616,1,False,,,,
4094,0.9615384615384616,1,False,,,,
4095,0.9615384615384616,1,False,,,,
4096,0.9615384615384616,1,False,,,,
4097,0.9615384615384616,1,False,,,,
4098,0.9615384615384616,1,False,,,,
4099,0.9615384615384616,1,False,,,,
4100,0.9615384615384616,1,False,,,,
4101,0.9615384615384616,1,False,,,,
4102,0.9615384615384616,1,False,,,,
4103,0.9615384615384616,1,False,,,,
4104,0.9615384615384616,1,False,,,,
4105,0.9615384615384616,1,False,,,,
4106,0.9615384615384616,1,False,,,,
4107,0.9615384615384616,1,False,,,,
4108,0.9615384615384616,1,False,,,,
4109,0.9615384615384616,1,False,,,,
4110,0.9615384615384616,1,False,,,,
4111,0.9615384615384616,1,False,,,,
4112,0.9615384615384616,1,False,,,,
4113,0.9615384615384616,1,False,,,,
4114,0.9615384615384616,1,False,,,,
4115,0.9615384615384616,1,False,,,,
4116,0.9615384615384616,1,False,,,,
4117,0.9615384615384616,1,False,,,,
4118,0.9615384615384616,1,False,,,,
4119,0.9615384615384616,1,False,,,,
4120,0.9615384615384616,1,False,,,,
4121,0.9615384615384616,1,False,,,,
4122,0.9615384615384616,1,False,,,,
4123,0.9615384615384616,1,False,,,,
4124,0.9615384615384616,1,False,,,,
4125,0.9615384615384616,1,False,,,,
4126,0.9615384615384616,1,False,,,,
4127,0.9615384615384616,1,False,,,,
4128,0.9615384615384616,1,False,,,,
4129,0.9615384615384616,1,False,,,,
4130,0.9615384615384616,1,False,,,,
4131,0.9615384615384616,1,False,,,,
4132,0.9615384615384616,1,False,,,,
4133,0.9615384615384616,1,False,,,,
4134,0.9615384615384616,1,False,,,,
4135,0.9615384615384616,1,False,,,,
4136,0.9615384615384616,1,False,,,,
4137,0.9615384615384616,1,False,,,,
4138,0.9615384615384616,1,False,,,,
4139,0.9615384615384616,1,False,,,,
4140,0.9615384615384616,1,False,,,,
4141,0.9615384615384616,1,False,,,,
4142,0.9615384615384616,1,False,,,,
4143,0.9615384615384616,1,False,,,,
4144,0.9615384615384616,1,False,,,,
4145,0.9615384615384616,1,False,,,,
4146,0.9615384615384616,1,False,,,,
4147,0.9615384615384616,1,False,,,,
4148,0.9615384615384616,1,False,,,,
4149,0.9615384615384616,1,False,,,,
4150,0.9615384615384616,1,False,,,,
4151,0.9615384615384616,1,False,,,,
4152,0.9615384615384616,1,False,,,,
4153,0.9615384615384616,1,False,,,,
4154,0.9615384615384616,1,False,,,,
4155,0.9615384615384616,1,False,,,,
4156,0.9615384615384616,1,False,,,,
4157,0.9615384615384616,1,False,,,,
4158,0.9615384615384616,1,False,,,,
4159,0.9615384615384616,1,False,,,,
4160,0.9615384615384616,1,False,,,,
4161,0.9615384615384616,1,False,,,,
4162,0.9615384615384616,1,False,,,,
4163,0.9615384615384616,1,False,,,,
4164,0.9615384615384616,1,False,,,,
4165,0.9615384615384616,1,False,,,,
4166,0.9615384615384616,1,False,,,,
4167,0.9615384615384616,1,False,,,,
4168,0.9615384615384616,1,False,,,,
4169,0.9615384615384616,1,False,,,,
4170,0.9615384615384616,1,False,,,,
4171,0.9615384615384616,1,False,,,,
4172,0.9615384615384616,1,False,,,,
4173,0.9615384615384616,1,False,,,,
4174,0.9615384615384616,1,False,,,,
4175,0.9615384615384616,1,False,,,,
4176,0.9615384615384616,1,False,,,,
4177,0.9615384615384616,1,False,,,,
4178,0.9615384615384616,1,False,,,,
4179,0.9615384615384616,1,False,,,,
4180,0.9615384615384616,1,False,,,,
4181,0.9615384615384616,1,False,,,,
4182,0.9615384615384616,1,False,,,,
4183,0.9615384615384616,1,False,,,,
4184,0.9615384615384616,1,False,,,,
4185,0.9615384615384616,1,False,,,,
4186,0.9615384615384616,1,False,,,,
4187,0.9615384615384616,1,False,,,,
4188,0.9615384615384616,1,False,,,,
4189,0.9615384615384616,1,False,,,,
4190,0.9615384615384616,1,False,,,,
4191,0.9615384615384616,1,False,,,,
4192,0.9615384615384616,1,False,,,,
4193,0.9615384615384616,1,False,,,,
4194,0.9615384615384616,1,False,,,,
4195,0.9615384615384616,1,False,,,,
4196,0.9615384615384616,1,False,,,,
4197,0.9615384615384616,1,False,,,,
4198,0.9615384615384616,1,False,,,,
4199,0.9615384615384616,1,False,,,,
4200,0.9615384615384616,1,False,,,,
4201,0.9615384615384616,1,False,,,,
4202,0.9615384615384616,1,False,,,,
4203,0.9615384615384616,1,False,,,,
4204,0.9615384615384616,1,False,,,,
4205,0.9615384615384616,1,False,,,,
4206,0.9615384615384616,1,False,,,,
4207,0.9615384615384616,1,False,,,,
4208,0.9615384615384616,1,False,,,,
4209,0.9615384615384616,1,False,,,,
4210,0.9615384615384616,1,False,,,,
4211,0.9615384615384616,1,False,,,,
4212,0.9615384615384616,1,False,,,,
4213,0.9615384615384616,1,False,,,,
4214,0.9615384615384616,1,False,,,,
4215,0.9615384615384616,1,False,,,,
4216,0.9615384615384616,1,False,,,,
4217,0.9615384615384616,1,False,,,,
4218,0.9615384615384616,1,False,,,,
4219,0.9615384615384616,1,False,,,,
4220,0.9615384615384616,1,False,,,,
4221,0.9615384615384616,1,False,,,,
4222,0.9615384615384616,1,False,,,,
4223,0.9615384615384616,1,False,,,,
4224,0.9615384615384616,1,False,,,,
4225,0.9615384615384616,1,False,,,,
4226,0.9615384615384616,1,False,,,,
4227,0.9615384615384616,1,False,,,,
4228,0.9615384615384616,1,False,,,,
4229,0.9615384615384616,1,False,,,,
4230,0.9615384615384616,1,False,,,,
4231,0.9615384615384616,1,False,,,,
4232,0.9615384615384616,1,False,,,,
4233,0.9615384615384616,1,False,,,,
4234,0.9615384615384616,1,False,,,,
4235,0.9615384615384616,1,False,,,,
4236,0.9615384615384616,1,False,,,,
4237,0.9615384615384616,1,False,,,,
4238,0.9615384615384616,1,False,,,,
4239,0.9615384615384616,1,False,,,,
4240,0.9615384615384616,1,False,,,,
4241,0.9615384615384616,1,False,,,,
4242,0.9615384615384616,1,False,,,,
4243,0.9615384615384616,1,False,,,,
4244,0.9615384615384616,1,False,,,,
4245,0.9615384615384616,1,False,,,,
4246,0.9615384615384616,1,False,,,,
4247,0.9615384615384616,1,False,,,,
4248,0.9615384615384616,1,False,,,,
4249,0.9615384615384616,1,False,,,,
4250,0.9615384615384616,1,False,,,,
4251,0.9615384615384616,1,False,,,,
4252,0.9615384615384616,1,False,,,,
4253,0.9615384615384616,1,False,,,,
4254,0.9615384615384616,1,False,,,,
4255,0.9615384615384616,1,False,,,,
4256,0.9615384615384616,1,False,,,,
4257,0.9615384615384616,1,False,,,,
4258,0.9615384615384616,1,False,,,,
4259,0.9615384615384616,1,False,,,,
4260,0.9615384615384616,1,False,,,,
4261,0.9615384615384616,1,False,,,,
4262,0.9615384615384616,1,False,,,,
4263,0.9615384615384616,1,False,,,,
4264,0.9615384615384616,1,False,,,,
4265,0.9615384615384616,1,False,,,,
4266,0.9615384615384616,1,False,,,,
4267,0.9615384615384616,1,False,,,,
4268,0.9615384615384616,1,False,,,,
4269,0.9615384615384616,1,False,,,,
4270,0.9615384615384616,1,False,,,,
4271,0.9615384615384616,1,False,,,,
4272,0.9615384615384616,1,False,,,,
4273,0.9615384615384616,1,False,,,,
4274,0.9615384615384616,1,False,,,,
4275,0.9615384615384616,1,False,,,,
4276,0.9615384615384616,1,False,,,,
4277,0.9615384615384616,1,False,,,,
4278,0.9615384615384616,1,False,,,,
4279,0.9615384615384616,1,False,,,,
4280,0.9615384615384616,1,False,,,,
4281,0.9615384615384616,1,False,,,,
4282,0.9615384615384616,1,False,,,,
4283,0.9615384615384616,1,False,,,,
4284,0.9615384615384616,1,False,,,,
4285,0.9615384615384616,1,False,,,,
4286,0.9615384615384616,1,False,,,,
4287,0.9615384615384616,1,False,,,,
4288,0.9615384615384616,1,False,,,,
4289,0.9615384615384616,1,False,,,,
4290,0.9615384615384616,1,False,,,,
4291,0.9615384615384616,1,False,,,,
4292,0.9615384615384616,1,False,,,,
4293,0.9615384615384616,1,False,,,,
4294,0.9615384615384616,1,False,,,,
4295,0.9615384615384616,1,False,,,,
4296,0.9615384615384616,1,False,,,,
4297,0.9615384615384616,1,False,,,,
4298,0.9615384615384616,1,False,,,,
4299,0.9615384615384616,1,False,,,,
4300,0.9615384615384616,1,False,,,,
4301,0.9615384615384616,1,False,,,,
4302,0.9615384615384616,1,False,,,,
4303,0.9615384615384616,1,False,,,,
4304,0.9615384615384616,1,False,,,,
4305,0.9615384615384616,1,False,,,,
4306,0.9615384615384616,1,False,,,,
4307,0.9615384615384616,1,False,,,,
4308,0.9615384615384616,1,False,,,,
4309,0.9615384615384616,1,False,,,,
4310,0.9615384615384616,1,False,,,,
4311,0.9615384615384616,1,False,,,,
4312,0.9615384615384616,1,False,,,,
4313,0.9615384615384616,1,False,,,,
4314,0.9615384615384616,1,False,,,,
4315,0.9615384615384616,1,False,,,,
4316,0.9615384615384616,1,False,,,,
4317,0.9615384615384616,1,False,,,,
4318,0.9615384615384616,1,False,,,,
4319,0.9615384615384616,1,False,,,,
4320,0.9615384615384616,1,False,,,,
4321,0.9615384615384616,1,False,,,,
4322,0.9615384615384616,1,False,,,,
4323,0.9615384615384616,1,False,,,,
4324,0.9615384615384616,1,False,,,,
4325,0.9615384615384616,1,False,,,,
4326,0.9615384615384616,1,False,,,,
4327,0.9615384615384616,1,False,,,,
4328,0.9615384615384616,1,False,,,,
4329,0.9615384615384616,1,False,,,,
4330,0.9615384615384616,1,False,,,,
4331,0.9615384615384616,1,False,,,,
4332,0.9615384615384616,1,False,,,,
4333,0.9615384615384616,1,False,,,,
4334,0.9615384615384616,1,False,,,,
4335,0.9615384615384616,1,False,,,,
4336,0.9615384615384616,1,False,,,,
4337,0.9615384615384616,1,False,,,,
4338,0.9615384615384616,1,False,,,,
4339,0.9615384615384616,1,False,,,,
4340,0.9615384615384616,1,False,,,,
4341,0.9615384615384616,1,False,,,,
4342,0.9615384615384616,1,False,,,,
4343,0.9615384615384616,1,False,,,,
4344,0.9615384615384616,1,False,,,,
4345,0.9615384615384616,1,False,,,,
4346,0.9615384615384616,1,False,,,,
4347,0.9615384615384616,1,False,,,,
4348,0.9615384615384616,1,False,,,,
4349,0.9615384615384616,1,False,,,,
4350,0.9615384615384616,1,False,,,,
4351,0.9615384615384616,1,False,,,,
4352,0.9615384615384616,1,False,,,,
4353,0.9615384615384616,1,False,,,,
4354,0.9615384615384616,1,False,,,,
4355,0.9615384615384616,1,False,,,,
4356,0.9615384615384616,1,False,,,,
4357,0.9615384615384616,1,False,,,,
4358,0.9615384615384616,1,False,,,,
4359,0.9615384615384616,1,False,,,,
4360,0.9615384615384616,1,False,,,,
4361,0.9615384615384616,1,False,,,,
4362,0.9615384615384616,1,False,,,,
4363,0.9615384615384616,1,False,,,,
4364,0.9615384615384616,1,False,,,,
4365,0.9615384615384616,1,False,,,,
4366,0.9615384615384616,1,False,,,,
4367,0.9615384615384616,1,False,,,,
4368,0.9615384615384616,1,False,,,,
4369,0.9615384615384616,1,False,,,,
4370,0.9615384615384616,1,False,,,,
4371,0.9615384615384616,1,False,,,,
4372,0.9615384615384616,1,False,,,,
4373,0.9615384615384616,1,False,,,,
4374,0.9615384615384616,1,False,,,,
4375,0.9615384615384616,1,False,,,,
4376,0.9615384615384616,1,False,,,,
4377,0.9615384615384616,1,False,,,,
4378,0.9615384615384616,1,False,,,,
4379,0.9615384615384616,1,False,,,,
4380,0.9615384615384616,1,False,,,,
4381,0.9615384615384616,1,False,,,,
4382,0.9615384615384616,1,False,,,,
4383,0.9615384615384616,1,False,,,,
4384,0.9615384615384616,1,False,,,,
4385,0.9615384615384616,1,False,,,,
4386,0.9615384615384616,1,False,,,,
4387,0.9615384615384616,1,False,,,,
4388,0.9615384615384616,1,False,,,,
4389,0.9615384615384616,1,False,,,,
4390,0.9615384615384616,1,False,,,,
4391,0.9615384615384616,1,False,,,,
4392,0.9615384615384616,1,False,,,,
4393,0.9615384615384616,1,False,,,,
4394,0.9615384615384616,1,False,,,,
4395,0.9615384615384616,1,False,,,,
4396,0.9615384615384616,1,False,,,,
4397,0.9615384615384616,1,False,,,,
4398,0.9615384615384616,1,False,,,,
4399,0.9615384615384616,1,False,,,,
4400,0.9615384615384616,1,False,,,,
4401,0.9615384615384616,1,False,,,,
4402,0.9615384615384616,1,False,,,,
4403,0.9615384615384616,1,False,,,,
4404,0.9615384615384616,1,False,,,,
4405,0.9615384615384616,1,False,,,,
4406,0.9615384615384616,1,False,,,,
4407,0.9615384615384616,1,False,,,,
4408,0.9615384615384616,1,False,,,,
4409,0.9615384615384616,1,False,,,,
4410,0.9615384615384616,1,False,,,,
4411,0.9615384615384616,1,False,,,,
4412,0.9615384615384616,1,False,,,,
4413,0.9615384615384616,1,False,,,,
4414,0.9615384615384616,1,False,,,,
4415,0.9615384615384616,1,False,,,,
4416,0.9615384615384616,1,False,,,,
4417,0.9615384615384616,1,False,,,,
4418,0.9615384615384616,1,False,,,,
4419,0.9615384615384616,1,False,,,,
4420,0.9615384615384616,1,False,,,,
4421,0.9615384615384616,1,False,,,,
4422,0.9615384615384616,1,False,,,,
4423,0.9615384615384616,1,False,,,,
4424,0.9615384615384616,1,False,,,,
4425,0.9615384615384616,1,False,,,,
4426,0.9615384615384616,1,False,,,,
4427,0.9615384615384616,1,False,,,,
4428,0.9615384615384616,1,False,,,,
4429,0.9615384615384616,1,False,,,,
4430,0.9615384615384616,1,False,,,,
4431,0.9615384615384616,1,False,,,,
4432,0.9615384615384616,1,False,,,,
4433,0.9615384615384616,1,False,,,,
4434,0.9615384615384616,1,False,,,,
4435,0.9615384615384616,1,False,,,,
4436,0.9615384615384616,1,False,,,,
4437,0.9615384615384616,1,False,,,,
4438,0.9615384615384616,1,False,,,,
4439,0.9615384615384616,1,False,,,,
4440,0.9615384615384616,1,False,,,,
4441,0.9615384615384616,1,False,,,,
4442,0.9615384615384616,1,False,,,,
4443,0.9615384615384616,1,False,,,,
4444,0.9615384615384616,1,False,,,,
4445,0.9615384615384616,1,False,,,,
4446,0.9615384615384616,1,False,,,,
4447,0.9615384615384616,1,False,,,,
4448,0.9615384615384616,1,False,,,,
4449,0.9615384615384616,1,False,,,,
4450,0.9615384615384616,1,False,,,,
4451,0.9615384615384616,1,False,,,,
4452,0.9615384615384616,1,False,,,,
4453,0.9615384615384616,1,False,,,,
4454,0.9615384615384616,1,False,,,,
4455,0.9615384615384616,1,False,,,,
4456,0.9615384615384616,1,False,,,,
