col_index,gap_frac,nongap_n,keep,cons_similarity,cons_identity,cons_entropy22,cons_entropy_nogap
1,0.8888888888888888,1,False,,,,
2,0.8888888888888888,1,False,,,,
3,0.8888888888888888,1,False,,,,
4,0.8888888888888888,1,False,,,,
5,0.8888888888888888,1,False,,,,
6,0.8888888888888888,1,False,,,,
7,0.8888888888888888,1,False,,,,
8,0.8888888888888888,1,False,,,,
9,0.8888888888888888,1,False,,,,
10,0.8888888888888888,1,False,,,,
11,0.8888888888888888,1,False,,,,
12,0.8888888888888888,1,False,,,,
13,0.8888888888888888,1,False,,,,
14,0.8888888888888888,1,False,,,,
15,0.7777777777777778,2,False,,,,
16,0.7777777777777778,2,False,,,,
17,0.7777777777777778,2,False,,,,
18,0.7777777777777778,2,False,,,,
19,0.7777777777777778,2,False,,,,
20,0.7777777777777778,2,False,,,,
21,0.8888888888888888,1,False,,,,
22,0.8888888888888888,1,False,,,,
23,0.8888888888888888,1,False,,,,
24,0.8888888888888888,1,False,,,,
25,0.8888888888888888,1,False,,,,
26,0.8888888888888888,1,False,,,,
27,0.8888888888888888,1,False,,,,
28,0.8888888888888888,1,False,,,,
29,0.8888888888888888,1,False,,,,
30,0.8888888888888888,1,False,,,,
31,0.8888888888888888,1,False,,,,
32,0.8888888888888888,1,False,,,,
33,0.8888888888888888,1,False,,,,
34,0.8888888888888888,1,False,,,,
35,0.8888888888888888,1,False,,,,
36,0.8888888888888888,1,False,,,,
37,0.8888888888888888,1,False,,,,
38,0.8888888888888888,1,False,,,,
39,0.8888888888888888,1,False,,,,
40,0.8888888888888888,1,False,,,,
41,0.8888888888888888,1,False,,,,
42,0.8888888888888888,1,False,,,,
43,0.8888888888888888,1,False,,,,
44,0.8888888888888888,1,False,,,,
45,0.8888888888888888,1,False,,,,
46,0.7777777777777778,2,False,,,,
47,0.7777777777777778,2,False,,,,
48,1.0,0,False,,,,
49,1.0,0,False,,,,
50,1.0,0,False,,,,
51,1.0,0,False,,,,
52,1.0,0,False,,,,
53,1.0,0,False,,,,
54,1.0,0,False,,,,
55,1.0,0,False,,,,
56,1.0,0,False,,,,
57,1.0,0,False,,,,
58,1.0,0,False,,,,
59,1.0,0,False,,,,
60,1.0,0,False,,,,
61,1.0,0,False,,,,
62,1.0,0,False,,,,
63,1.0,0,False,,,,
64,1.0,0,False,,,,
65,1.0,0,False,,,,
66,1.0,0,False,,,,
67,1.0,0,False,,,,
68,1.0,0,False,,,,
69,1.0,0,False,,,,
70,1.0,0,False,,,,
71,1.0,0,False,,,,
72,0.7777777777777778,2,False,,,,
73,0.7777777777777778,2,False,,,,
74,0.6666666666666666,3,False,,,,
75,0.6666666666666666,3,False,,,,
76,0.6666666666666666,3,False,,,,
77,0.6666666666666666,3,False,,,,
78,0.6666666666666666,3,False,,,,
79,0.6666666666666666,3,False,,,,
80,0.6666666666666666,3,False,,,,
81,0.6666666666666666,3,False,,,,
82,0.6666666666666666,3,False,,,,
83,0.6666666666666666,3,False,,,,
84,0.6666666666666666,3,False,,,,
85,0.6666666666666666,3,False,,,,
86,0.6666666666666666,3,False,,,,
87,0.6666666666666666,3,False,,,,
88,0.6666666666666666,3,False,,,,
89,0.6666666666666666,3,False,,,,
90,0.6666666666666666,3,False,,,,
91,0.6666666666666666,3,False,,,,
92,0.6666666666666666,3,False,,,,
93,0.6666666666666666,3,False,,,,
94,0.6666666666666666,3,False,,,,
95,0.6666666666666666,3,False,,,,
96,0.6666666666666666,3,False,,,,
97,0.7777777777777778,2,False,,,,
98,0.7777777777777778,2,False,,,,
99,0.7777777777777778,2,False,,,,
100,0.7777777777777778,2,False,,,,
101,0.7777777777777778,2,False,,,,
102,0.8888888888888888,1,False,,,,
103,0.8888888888888888,1,False,,,,
104,0.8888888888888888,1,False,,,,
105,0.8888888888888888,1,False,,,,
106,0.8888888888888888,1,False,,,,
107,0.8888888888888888,1,False,,,,
108,0.8888888888888888,1,False,,,,
109,0.8888888888888888,1,False,,,,
110,0.8888888888888888,1,False,,,,
111,0.8888888888888888,1,False,,,,
112,0.8888888888888888,1,False,,,,
113,0.8888888888888888,1,False,,,,
114,0.8888888888888888,1,False,,,,
115,0.8888888888888888,1,False,,,,
116,0.8888888888888888,1,False,,,,
117,0.8888888888888888,1,False,,,,
118,0.8888888888888888,1,False,,,,
119,0.8888888888888888,1,False,,,,
120,0.8888888888888888,1,False,,,,
121,0.8888888888888888,1,False,,,,
122,0.8888888888888888,1,False,,,,
123,0.8888888888888888,1,False,,,,
124,0.8888888888888888,1,False,,,,
125,0.8888888888888888,1,False,,,,
126,0.8888888888888888,1,False,,,,
127,0.8888888888888888,1,False,,,,
128,0.8888888888888888,1,False,,,,
129,0.8888888888888888,1,False,,,,
130,0.8888888888888888,1,False,,,,
131,0.8888888888888888,1,False,,,,
132,0.8888888888888888,1,False,,,,
133,0.8888888888888888,1,False,,,,
134,0.8888888888888888,1,False,,,,
135,0.6666666666666666,3,False,,,,
136,0.6666666666666666,3,False,,,,
137,0.6666666666666666,3,False,,,,
138,0.6666666666666666,3,False,,,,
139,0.6666666666666666,3,False,,,,
140,0.6666666666666666,3,False,,,,
141,0.6666666666666666,3,False,,,,
142,0.6666666666666666,3,False,,,,
143,0.6666666666666666,3,False,,,,
144,0.6666666666666666,3,False,,,,
145,0.6666666666666666,3,False,,,,
146,0.6666666666666666,3,False,,,,
147,0.6666666666666666,3,False,,,,
148,0.6666666666666666,3,False,,,,
149,0.6666666666666666,3,False,,,,
150,0.6666666666666666,3,False,,,,
151,0.6666666666666666,3,False,,,,
152,0.6666666666666666,3,False,,,,
153,0.7777777777777778,2,False,,,,
154,0.7777777777777778,2,False,,,,
155,0.8888888888888888,1,False,,,,
156,0.8888888888888888,1,False,,,,
157,0.8888888888888888,1,False,,,,
158,0.7777777777777778,2,False,,,,
159,0.7777777777777778,2,False,,,,
160,0.7777777777777778,2,False,,,,
161,0.7777777777777778,2,False,,,,
162,0.6666666666666666,3,False,,,,
163,0.6666666666666666,3,False,,,,
164,0.6666666666666666,3,False,,,,
165,0.7777777777777778,2,False,,,,
166,0.6666666666666666,3,False,,,,
167,0.6666666666666666,3,False,,,,
168,0.6666666666666666,3,False,,,,
169,0.6666666666666666,3,False,,,,
170,0.6666666666666666,3,False,,,,
171,0.6666666666666666,3,False,,,,
172,0.6666666666666666,3,False,,,,
173,0.2222222222222222,7,True,0.4857142857142857,0.8571428571428571,0.22749311428573982,0.5916727785823275
174,0.2222222222222222,7,True,0.4380952380952381,0.8571428571428571,0.22749311428573982,0.5916727785823275
175,0.2222222222222222,7,True,0.5904761904761905,0.8571428571428571,0.22749311428573982,0.5916727785823275
176,0.2222222222222222,7,True,0.4571428571428572,0.8571428571428571,0.22749311428573982,0.5916727785823275
177,0.2222222222222222,7,True,0.5428571428571428,0.8571428571428571,0.22749311428573982,0.5916727785823275
178,0.2222222222222222,7,True,0.41904761904761906,0.7142857142857143,0.17112863674755563,1.1488348542809166
179,0.2222222222222222,7,True,0.5428571428571428,0.8571428571428571,0.22749311428573982,0.5916727785823275
180,0.2222222222222222,7,True,0.3492063492063492,0.5714285714285714,0.08170416594551055,1.3787834934861753
181,0.2222222222222222,7,True,0.5523809523809523,0.8571428571428571,0.22749311428573982,0.5916727785823275
182,0.2222222222222222,7,True,0.6666666666666666,1.0,0.23579549349137974,0.0
183,0.2222222222222222,7,True,0.6666666666666666,1.0,0.23579549349137974,0.0
184,0.2222222222222222,7,True,0.6,1.0,0.23579549349137974,0.0
185,0.2222222222222222,7,True,0.5333333333333333,1.0,0.23579549349137974,0.0
186,0.2222222222222222,7,True,0.6,1.0,0.23579549349137974,0.0
187,0.2222222222222222,7,True,0.7333333333333333,1.0,0.23579549349137974,0.0
188,0.2222222222222222,7,True,0.7333333333333333,1.0,0.23579549349137974,0.0
189,0.2222222222222222,7,True,0.7333333333333333,1.0,0.23579549349137974,0.0
190,0.2222222222222222,7,True,0.6666666666666666,1.0,0.23579549349137974,0.0
191,0.2222222222222222,7,True,0.5333333333333333,1.0,0.23579549349137974,0.0
192,0.2222222222222222,7,True,0.6,1.0,0.23579549349137974,0.0
193,0.2222222222222222,7,True,0.6,1.0,0.23579549349137974,0.0
194,0.2222222222222222,7,True,0.5333333333333333,1.0,0.23579549349137974,0.0
195,0.2222222222222222,7,True,0.5333333333333333,1.0,0.23579549349137974,0.0
196,1.0,0,False,,,,
197,1.0,0,False,,,,
198,1.0,0,False,,,,
199,0.2222222222222222,7,True,0.6666666666666666,1.0,0.23579549349137974,0.0
200,0.2222222222222222,7,True,0.6,1.0,0.23579549349137974,0.0
201,0.2222222222222222,7,True,0.5333333333333333,1.0,0.23579549349137974,0.0
202,0.2222222222222222,7,True,0.5333333333333333,1.0,0.23579549349137974,0.0
203,0.2222222222222222,7,True,0.6,1.0,0.23579549349137974,0.0
204,0.2222222222222222,7,True,0.6,1.0,0.23579549349137974,0.0
205,0.2222222222222222,7,True,0.6,1.0,0.23579549349137974,0.0
206,0.2222222222222222,7,True,0.6,1.0,0.23579549349137974,0.0
207,0.2222222222222222,7,True,0.5333333333333333,1.0,0.23579549349137974,0.0
208,0.2222222222222222,7,True,0.6,1.0,0.23579549349137974,0.0
209,0.2222222222222222,7,True,0.6,1.0,0.23579549349137974,0.0
210,0.2222222222222222,7,True,0.5333333333333333,1.0,0.23579549349137974,0.0
211,0.3333333333333333,6,True,0.6,1.0,0.08170416594551044,0.0
212,0.3333333333333333,6,True,0.6,1.0,0.08170416594551044,0.0
213,0.3333333333333333,6,True,0.5333333333333333,1.0,0.08170416594551044,0.0
214,0.3333333333333333,6,True,0.5333333333333333,1.0,0.08170416594551044,0.0
215,0.3333333333333333,6,True,0.6,1.0,0.08170416594551044,0.0
216,0.3333333333333333,6,True,0.6,1.0,0.08170416594551044,0.0
217,0.3333333333333333,6,True,0.6666666666666666,1.0,0.08170416594551044,0.0
218,0.3333333333333333,6,True,0.6,1.0,0.08170416594551044,0.0
219,0.3333333333333333,6,True,0.6666666666666666,1.0,0.08170416594551044,0.0
220,0.3333333333333333,6,True,0.6,1.0,0.08170416594551044,0.0
221,0.3333333333333333,6,True,0.6666666666666666,1.0,0.08170416594551044,0.0
222,0.3333333333333333,6,True,0.6,1.0,0.08170416594551044,0.0
223,0.3333333333333333,6,True,0.6666666666666666,1.0,0.08170416594551044,0.0
224,0.3333333333333333,6,True,0.5333333333333333,1.0,0.08170416594551044,0.0
225,0.3333333333333333,6,True,0.6,1.0,0.08170416594551044,0.0
226,0.3333333333333333,6,True,0.6,1.0,0.08170416594551044,0.0
227,1.0,0,False,,,,
228,1.0,0,False,,,,
229,1.0,0,False,,,,
230,0.3333333333333333,6,True,0.6,1.0,0.08170416594551044,0.0
231,0.3333333333333333,6,True,0.6,1.0,0.08170416594551044,0.0
232,0.3333333333333333,6,True,0.6,1.0,0.08170416594551044,0.0
233,0.3333333333333333,6,True,0.4,0.8333333333333334,0.1472075115099596,0.6500224216483541
234,0.3333333333333333,6,True,0.7333333333333333,1.0,0.08170416594551044,0.0
235,0.3333333333333333,6,True,0.5333333333333333,1.0,0.08170416594551044,0.0
236,0.3333333333333333,6,True,0.6666666666666666,1.0,0.08170416594551044,0.0
237,0.3333333333333333,6,True,0.5333333333333333,1.0,0.08170416594551044,0.0
238,0.3333333333333333,6,True,0.5333333333333333,1.0,0.08170416594551044,0.0
239,0.3333333333333333,6,True,0.5333333333333333,1.0,0.08170416594551044,0.0
240,0.3333333333333333,6,True,0.8,1.0,0.08170416594551044,0.0
241,0.3333333333333333,6,True,0.5333333333333333,1.0,0.08170416594551044,0.0
242,0.3333333333333333,6,True,0.5333333333333333,1.0,0.08170416594551044,0.0
243,0.3333333333333333,6,True,0.5333333333333333,1.0,0.08170416594551044,0.0
244,1.0,0,False,,,,
245,0.3333333333333333,6,True,0.6666666666666666,1.0,0.08170416594551044,0.0
246,0.3333333333333333,6,True,0.6666666666666666,1.0,0.08170416594551044,0.0
247,0.3333333333333333,6,True,0.6666666666666666,1.0,0.08170416594551044,0.0
248,0.3333333333333333,6,True,0.5333333333333333,1.0,0.08170416594551044,0.0
249,0.3333333333333333,6,True,0.6,1.0,0.08170416594551044,0.0
250,0.3333333333333333,6,True,0.8,1.0,0.08170416594551044,0.0
251,0.3333333333333333,6,True,0.7333333333333333,1.0,0.08170416594551044,0.0
252,0.3333333333333333,6,True,0.6666666666666666,1.0,0.08170416594551044,0.0
253,0.3333333333333333,6,True,0.6,1.0,0.08170416594551044,0.0
254,0.3333333333333333,6,True,0.6666666666666666,1.0,0.08170416594551044,0.0
255,0.3333333333333333,6,True,0.5333333333333333,1.0,0.08170416594551044,0.0
256,0.3333333333333333,6,True,0.6,1.0,0.08170416594551044,0.0
257,0.3333333333333333,6,True,0.5333333333333333,1.0,0.08170416594551044,0.0
258,0.3333333333333333,6,True,0.5333333333333333,1.0,0.08170416594551044,0.0
259,0.3333333333333333,6,True,0.5333333333333333,1.0,0.08170416594551044,0.0
260,0.3333333333333333,6,True,0.5333333333333333,1.0,0.08170416594551044,0.0
261,0.3333333333333333,6,True,0.8666666666666667,1.0,0.08170416594551044,0.0
262,0.3333333333333333,6,True,0.8666666666666667,1.0,0.08170416594551044,0.0
263,0.3333333333333333,6,True,0.5333333333333333,1.0,0.08170416594551044,0.0
264,0.3333333333333333,6,True,0.5333333333333333,1.0,0.08170416594551044,0.0
265,0.3333333333333333,6,True,0.6666666666666666,1.0,0.08170416594551044,0.0
266,0.3333333333333333,6,True,0.5333333333333333,1.0,0.08170416594551044,0.0
267,0.3333333333333333,6,True,0.6666666666666666,1.0,0.08170416594551044,0.0
268,0.3333333333333333,6,True,0.6,1.0,0.08170416594551044,0.0
269,0.3333333333333333,6,True,0.5333333333333333,1.0,0.08170416594551044,0.0
270,0.3333333333333333,6,True,0.7333333333333333,1.0,0.08170416594551044,0.0
271,0.3333333333333333,6,True,0.5333333333333333,1.0,0.08170416594551044,0.0
272,0.3333333333333333,6,True,0.7333333333333333,1.0,0.08170416594551044,0.0
273,0.3333333333333333,6,True,0.6,1.0,0.08170416594551044,0.0
274,0.3333333333333333,6,True,0.5333333333333333,1.0,0.08170416594551044,0.0
275,0.3333333333333333,6,True,0.7333333333333333,1.0,0.08170416594551044,0.0
276,0.3333333333333333,6,True,0.7333333333333333,1.0,0.08170416594551044,0.0
277,0.3333333333333333,6,True,0.6,1.0,0.08170416594551044,0.0
278,0.3333333333333333,6,True,0.5333333333333333,1.0,0.08170416594551044,0.0
279,0.3333333333333333,6,True,0.7333333333333333,1.0,0.08170416594551044,0.0
280,0.3333333333333333,6,True,0.6666666666666666,1.0,0.08170416594551044,0.0
281,0.3333333333333333,6,True,0.6,1.0,0.08170416594551044,0.0
282,0.3333333333333333,6,True,0.5333333333333333,1.0,0.08170416594551044,0.0
283,0.4444444444444444,5,True,0.6,1.0,0.008923940161777777,0.0
284,0.4444444444444444,5,True,0.4533333333333333,0.8,0.1216528952381466,0.7219280948873623
285,0.4444444444444444,5,True,0.5333333333333333,1.0,0.008923940161777777,0.0
286,0.4444444444444444,5,True,0.4266666666666667,0.8,0.1216528952381466,0.7219280948873623
287,0.4444444444444444,5,True,0.41333333333333333,0.8,0.1216528952381466,0.7219280948873623
288,0.4444444444444444,5,True,0.4266666666666667,0.8,0.1216528952381466,0.7219280948873623
289,0.4444444444444444,5,True,0.4,0.8,0.1216528952381466,0.7219280948873623
290,0.4444444444444444,5,True,0.4666666666666667,0.8,0.1216528952381466,0.7219280948873623
291,0.4444444444444444,5,True,0.41333333333333333,0.8,0.1216528952381466,0.7219280948873623
292,0.4444444444444444,5,True,0.4666666666666667,0.8,0.1216528952381466,0.7219280948873623
293,0.4444444444444444,5,True,0.3466666666666667,0.8,0.1216528952381466,0.7219280948873623
294,0.5555555555555556,4,False,,,,
295,0.5555555555555556,4,False,,,,
296,0.5555555555555556,4,False,,,,
297,0.5555555555555556,4,False,,,,
298,0.5555555555555556,4,False,,,,
299,0.5555555555555556,4,False,,,,
300,1.0,0,False,,,,
301,1.0,0,False,,,,
302,0.5555555555555556,4,False,,,,
303,0.5555555555555556,4,False,,,,
304,0.5555555555555556,4,False,,,,
305,0.5555555555555556,4,False,,,,
306,0.5555555555555556,4,False,,,,
307,0.5555555555555556,4,False,,,,
308,0.4444444444444444,5,True,0.52,0.8,0.1216528952381466,0.7219280948873623
309,0.4444444444444444,5,True,0.52,0.8,0.1216528952381466,0.7219280948873623
310,0.4444444444444444,5,True,0.5333333333333333,0.8,0.1216528952381466,0.7219280948873623
311,0.4444444444444444,5,True,0.49333333333333335,0.8,0.1216528952381466,0.7219280948873623
312,0.4444444444444444,5,True,0.48000000000000004,0.8,0.1216528952381466,0.7219280948873623
313,0.4444444444444444,5,True,0.5333333333333333,1.0,0.008923940161777777,0.0
314,0.2222222222222222,7,True,0.44761904761904764,0.5714285714285714,0.03436639285717491,0.9852281360342515
315,0.2222222222222222,7,True,0.5523809523809523,0.8571428571428571,0.22749311428573982,0.5916727785823275
316,0.2222222222222222,7,True,0.47619047619047616,0.8571428571428571,0.22749311428573982,0.5916727785823275
317,0.2222222222222222,7,True,0.4380952380952381,0.8571428571428571,0.22749311428573982,0.5916727785823275
318,0.2222222222222222,7,True,0.7333333333333333,0.8571428571428571,0.22749311428573982,0.5916727785823275
319,0.3333333333333333,6,True,0.5333333333333333,1.0,0.08170416594551044,0.0
320,0.3333333333333333,6,True,0.6,1.0,0.08170416594551044,0.0
321,0.3333333333333333,6,True,0.5333333333333333,1.0,0.08170416594551044,0.0
322,0.3333333333333333,6,True,0.7333333333333333,1.0,0.08170416594551044,0.0
323,0.3333333333333333,6,True,0.6666666666666666,1.0,0.08170416594551044,0.0
324,0.3333333333333333,6,True,0.5333333333333333,1.0,0.08170416594551044,0.0
325,0.3333333333333333,6,True,0.8666666666666667,1.0,0.08170416594551044,0.0
326,0.3333333333333333,6,True,0.6666666666666666,1.0,0.08170416594551044,0.0
327,0.3333333333333333,6,True,0.6,1.0,0.08170416594551044,0.0
328,0.3333333333333333,6,True,0.5333333333333333,1.0,0.08170416594551044,0.0
329,0.3333333333333333,6,True,0.6,1.0,0.08170416594551044,0.0
330,0.3333333333333333,6,True,0.6666666666666666,1.0,0.08170416594551044,0.0
331,1.0,0,False,,,,
332,0.3333333333333333,6,True,0.4222222222222223,0.8333333333333334,0.1472075115099596,0.6500224216483541
333,0.2222222222222222,7,True,0.5142857142857143,0.8571428571428571,0.22749311428573982,0.5916727785823275
334,1.0,0,False,,,,
335,1.0,0,False,,,,
336,1.0,0,False,,,,
337,0.2222222222222222,7,True,0.5428571428571428,0.8571428571428571,0.22749311428573982,0.5916727785823275
338,0.2222222222222222,7,True,0.4,0.8571428571428571,0.22749311428573982,0.5916727785823275
339,0.2222222222222222,7,True,0.5523809523809523,0.8571428571428571,0.22749311428573982,0.5916727785823275
340,0.2222222222222222,7,True,0.6,1.0,0.23579549349137974,0.0
341,0.2222222222222222,7,True,0.4857142857142857,0.8571428571428571,0.22749311428573982,0.5916727785823275
342,0.2222222222222222,7,True,0.5333333333333333,1.0,0.23579549349137974,0.0
343,0.2222222222222222,7,True,0.580952380952381,0.8571428571428571,0.22749311428573982,0.5916727785823275
344,0.2222222222222222,7,True,0.6,1.0,0.23579549349137974,0.0
345,0.2222222222222222,7,True,0.5047619047619047,0.8571428571428571,0.22749311428573982,0.5916727785823275
346,0.2222222222222222,7,True,0.5333333333333333,1.0,0.23579549349137974,0.0
347,0.2222222222222222,7,True,0.6095238095238095,0.8571428571428571,0.22749311428573982,0.5916727785823275
348,0.2222222222222222,7,True,0.40634920634920635,0.7142857142857143,0.17112863674755563,1.1488348542809166
349,0.2222222222222222,7,True,0.41904761904761906,0.8571428571428571,0.22749311428573982,0.5916727785823275
350,0.7777777777777778,2,False,,,,
351,0.7777777777777778,2,False,,,,
352,0.7777777777777778,2,False,,,,
353,0.7777777777777778,2,False,,,,
354,1.0,0,False,,,,
355,1.0,0,False,,,,
356,1.0,0,False,,,,
357,1.0,0,False,,,,
358,0.7777777777777778,2,False,,,,
359,0.8888888888888888,1,False,,,,
360,0.8888888888888888,1,False,,,,
361,0.8888888888888888,1,False,,,,
362,1.0,0,False,,,,
363,1.0,0,False,,,,
364,1.0,0,False,,,,
365,1.0,0,False,,,,
366,1.0,0,False,,,,
367,1.0,0,False,,,,
368,1.0,0,False,,,,
369,1.0,0,False,,,,
370,1.0,0,False,,,,
371,1.0,0,False,,,,
372,0.8888888888888888,1,False,,,,
373,0.8888888888888888,1,False,,,,
374,0.8888888888888888,1,False,,,,
375,0.8888888888888888,1,False,,,,
376,0.8888888888888888,1,False,,,,
377,0.8888888888888888,1,False,,,,
378,0.8888888888888888,1,False,,,,
379,0.8888888888888888,1,False,,,,
380,0.8888888888888888,1,False,,,,
381,0.7777777777777778,2,False,,,,
382,0.7777777777777778,2,False,,,,
383,0.7777777777777778,2,False,,,,
384,0.7777777777777778,2,False,,,,
385,0.7777777777777778,2,False,,,,
386,0.7777777777777778,2,False,,,,
387,0.7777777777777778,2,False,,,,
388,0.7777777777777778,2,False,,,,
389,0.7777777777777778,2,False,,,,
390,0.7777777777777778,2,False,,,,
391,0.2222222222222222,7,True,0.30158730158730157,0.7142857142857143,0.17112863674755563,1.1488348542809166
392,0.2222222222222222,7,True,0.35873015873015873,0.7142857142857143,0.17112863674755563,1.1488348542809166
393,0.2222222222222222,7,True,0.5142857142857143,0.8571428571428571,0.22749311428573982,0.5916727785823275
394,0.2222222222222222,7,True,0.6666666666666666,1.0,0.23579549349137974,0.0
395,0.2222222222222222,7,True,0.6476190476190476,0.8571428571428571,0.22749311428573982,0.5916727785823275
396,0.2222222222222222,7,True,0.6666666666666666,1.0,0.23579549349137974,0.0
397,0.2222222222222222,7,True,0.44761904761904764,0.8571428571428571,0.22749311428573982,0.5916727785823275
398,0.2222222222222222,7,True,0.5047619047619047,0.8571428571428571,0.22749311428573982,0.5916727785823275
399,0.2222222222222222,7,True,0.4,0.8571428571428571,0.22749311428573982,0.5916727785823275
400,0.2222222222222222,7,True,0.5904761904761905,0.8571428571428571,0.22749311428573982,0.5916727785823275
401,0.2222222222222222,7,True,0.6,1.0,0.23579549349137974,0.0
402,0.1111111111111111,8,True,0.6333333333333333,0.875,0.3776340271255507,0.5435644431995964
403,0.0,9,True,0.43333333333333335,0.7777777777777778,0.3776340271255507,0.9864267287308424
404,0.0,9,True,0.37037037037037035,0.6666666666666666,0.2766916661858959,1.4466166676282082
405,0.0,9,True,0.4611111111111111,0.7777777777777778,0.3776340271255507,0.9864267287308424
406,0.0,9,True,0.4148148148148148,0.8888888888888888,0.49674166522435426,0.5032583347756457
407,0.0,9,True,0.4407407407407407,0.7777777777777778,0.3776340271255507,0.9864267287308424
408,0.0,9,True,0.4055555555555556,0.7777777777777778,0.3776340271255507,0.9864267287308424
409,0.0,9,True,0.4074074074074074,0.7777777777777778,0.3776340271255507,0.9864267287308424
410,0.0,9,True,0.4814814814814815,0.7777777777777778,0.23579549349137974,0.7642045065086203
411,0.0,9,True,0.4611111111111111,0.5555555555555556,0.14720751150995937,1.3516441151533924
412,0.0,9,True,0.6037037037037037,0.7777777777777778,0.3776340271255507,0.9864267287308424
413,0.0,9,True,0.4814814814814815,0.8888888888888888,0.49674166522435426,0.5032583347756457
414,0.0,9,True,0.48703703703703705,0.7777777777777778,0.3776340271255507,0.9864267287308424
415,0.0,9,True,0.5111111111111111,0.7777777777777778,0.3776340271255507,0.9864267287308424
416,0.8888888888888888,1,False,,,,
417,0.8888888888888888,1,False,,,,
418,0.1111111111111111,8,True,0.48333333333333334,0.75,0.22749311428573982,0.8112781244591328
419,0.1111111111111111,8,True,0.4166666666666667,0.875,0.3776340271255507,0.5435644431995964
420,0.1111111111111111,8,True,0.43333333333333335,0.875,0.3776340271255507,0.5435644431995964
421,0.1111111111111111,8,True,0.5333333333333333,0.875,0.3776340271255507,0.5435644431995964
422,0.0,9,True,0.5407407407407407,0.8888888888888888,0.49674166522435426,0.5032583347756457
423,0.0,9,True,0.42962962962962964,0.8888888888888888,0.49674166522435426,0.5032583347756457
424,0.0,9,True,0.5333333333333333,1.0,1.0,0.0
425,0.0,9,True,0.48333333333333334,0.7777777777777778,0.3776340271255507,0.9864267287308424
426,0.0,9,True,0.3777777777777778,0.5555555555555556,0.17112863674755563,1.6577427265048887
427,0.0,9,True,0.4222222222222223,0.6666666666666666,0.2766916661858959,1.4466166676282082
428,0.0,9,True,0.4592592592592593,0.8888888888888888,0.49674166522435426,0.5032583347756457
429,0.1111111111111111,8,True,0.43333333333333335,0.875,0.3776340271255507,0.5435644431995964
430,0.1111111111111111,8,True,0.5666666666666667,0.875,0.3776340271255507,0.5435644431995964
431,0.1111111111111111,8,True,0.5,0.875,0.3776340271255507,0.5435644431995964
432,0.1111111111111111,8,True,0.43333333333333335,0.875,0.3776340271255507,0.5435644431995964
433,0.1111111111111111,8,True,0.7333333333333333,1.0,0.49674166522435426,0.0
434,0.1111111111111111,8,True,0.4095238095238095,0.75,0.2766916661858959,1.061278124459133
435,1.0,0,False,,,,
436,1.0,0,False,,,,
437,1.0,0,False,,,,
438,1.0,0,False,,,,
439,1.0,0,False,,,,
440,1.0,0,False,,,,
441,1.0,0,False,,,,
442,1.0,0,False,,,,
443,1.0,0,False,,,,
444,1.0,0,False,,,,
445,0.0,9,True,0.537037037037037,0.7777777777777778,0.3776340271255507,0.9864267287308424
446,0.1111111111111111,8,True,0.5,0.875,0.3776340271255507,0.5435644431995964
447,0.1111111111111111,8,True,0.5166666666666667,0.875,0.3776340271255507,0.5435644431995964
448,0.1111111111111111,8,True,0.45,0.875,0.3776340271255507,0.5435644431995964
449,0.1111111111111111,8,True,0.5333333333333333,0.875,0.3776340271255507,0.5435644431995964
450,0.1111111111111111,8,True,0.5,0.875,0.3776340271255507,0.5435644431995964
451,0.1111111111111111,8,True,0.6,1.0,0.49674166522435426,0.0
452,0.1111111111111111,8,True,0.45,0.875,0.3776340271255507,0.5435644431995964
453,0.1111111111111111,8,True,0.5666666666666667,0.875,0.3776340271255507,0.5435644431995964
454,0.1111111111111111,8,True,0.6666666666666666,1.0,0.49674166522435426,0.0
455,0.1111111111111111,8,True,0.43333333333333335,0.875,0.3776340271255507,0.5435644431995964
456,0.1111111111111111,8,True,0.43333333333333335,0.875,0.3776340271255507,0.5435644431995964
457,0.1111111111111111,8,True,0.5333333333333333,0.875,0.3776340271255507,0.5435644431995964
458,0.1111111111111111,8,True,0.45,0.875,0.3776340271255507,0.5435644431995964
459,0.1111111111111111,8,True,0.5,0.875,0.3776340271255507,0.5435644431995964
460,0.1111111111111111,8,True,0.5,0.875,0.3776340271255507,0.5435644431995964
461,0.1111111111111111,8,True,0.5,0.875,0.3776340271255507,0.5435644431995964
462,0.1111111111111111,8,True,0.5166666666666667,0.875,0.3776340271255507,0.5435644431995964
463,0.1111111111111111,8,True,0.5,0.875,0.3776340271255507,0.5435644431995964
464,0.1111111111111111,8,True,0.43333333333333335,0.875,0.3776340271255507,0.5435644431995964
465,0.1111111111111111,8,True,0.48333333333333334,0.875,0.3776340271255507,0.5435644431995964
466,0.1111111111111111,8,True,0.4666666666666667,0.875,0.3776340271255507,0.5435644431995964
467,0.1111111111111111,8,True,0.5166666666666667,0.875,0.3776340271255507,0.5435644431995964
468,0.1111111111111111,8,True,0.48333333333333334,0.875,0.3776340271255507,0.5435644431995964
469,0.1111111111111111,8,True,0.6,0.875,0.3776340271255507,0.5435644431995964
470,0.1111111111111111,8,True,0.6,0.875,0.3776340271255507,0.5435644431995964
471,0.1111111111111111,8,True,0.5,0.875,0.3776340271255507,0.5435644431995964
472,0.1111111111111111,8,True,0.5166666666666667,0.875,0.3776340271255507,0.5435644431995964
473,0.0,9,True,0.4703703703703704,0.7777777777777778,0.3776340271255507,0.9864267287308424
474,0.3333333333333333,6,True,0.4666666666666667,0.8333333333333334,0.1472075115099596,0.6500224216483541
475,0.3333333333333333,6,True,0.4444444444444444,0.8333333333333334,0.1472075115099596,0.6500224216483541
476,0.3333333333333333,6,True,0.5333333333333333,0.8333333333333334,0.1472075115099596,0.6500224216483541
477,0.3333333333333333,6,True,0.48888888888888893,0.8333333333333334,0.1472075115099596,0.6500224216483541
478,0.0,9,True,0.5333333333333333,1.0,1.0,0.0
479,0.0,9,True,0.5333333333333333,1.0,1.0,0.0
480,0.0,9,True,0.6,1.0,1.0,0.0
481,1.0,0,False,,,,
482,1.0,0,False,,,,
483,1.0,0,False,,,,
484,1.0,0,False,,,,
485,0.0,9,True,0.5333333333333333,1.0,1.0,0.0
486,0.0,9,True,0.6666666666666666,1.0,1.0,0.0
487,0.0,9,True,0.6,1.0,1.0,0.0
488,0.0,9,True,0.6,1.0,1.0,0.0
489,0.0,9,True,0.5333333333333333,1.0,1.0,0.0
490,0.0,9,True,0.5074074074074074,0.7777777777777778,0.23579549349137974,0.7642045065086203
491,0.0,9,True,0.5333333333333333,1.0,1.0,0.0
492,1.0,0,False,,,,
493,0.0,9,True,0.6666666666666666,1.0,1.0,0.0
494,0.0,9,True,0.5333333333333333,1.0,1.0,0.0
495,0.0,9,True,0.5333333333333333,1.0,1.0,0.0
496,1.0,0,False,,,,
497,1.0,0,False,,,,
498,1.0,0,False,,,,
499,1.0,0,False,,,,
500,1.0,0,False,,,,
501,0.0,9,True,0.6,1.0,1.0,0.0
502,0.0,9,True,0.8,1.0,1.0,0.0
503,0.0,9,True,0.48888888888888893,0.8888888888888888,0.49674166522435426,0.5032583347756457
504,0.0,9,True,0.6666666666666666,1.0,1.0,0.0
505,0.0,9,True,0.6666666666666666,1.0,1.0,0.0
506,0.0,9,True,0.5333333333333333,1.0,1.0,0.0
507,0.0,9,True,0.5333333333333333,1.0,1.0,0.0
508,0.0,9,True,0.5333333333333333,1.0,1.0,0.0
509,0.0,9,True,0.6,1.0,1.0,0.0
510,0.0,9,True,0.5333333333333333,1.0,1.0,0.0
511,0.0,9,True,0.7333333333333333,1.0,1.0,0.0
512,0.0,9,True,0.6666666666666666,1.0,1.0,0.0
513,0.0,9,True,0.5333333333333333,1.0,1.0,0.0
514,0.0,9,True,0.6666666666666666,1.0,1.0,0.0
515,0.0,9,True,0.4444444444444444,0.7777777777777778,0.3776340271255507,0.9864267287308424
516,0.0,9,True,0.8,1.0,1.0,0.0
517,0.0,9,True,0.5333333333333333,1.0,1.0,0.0
518,0.0,9,True,0.5333333333333333,1.0,1.0,0.0
519,0.0,9,True,0.5333333333333333,1.0,1.0,0.0
520,0.0,9,True,0.5333333333333333,1.0,1.0,0.0
521,0.0,9,True,0.5333333333333333,1.0,1.0,0.0
522,0.0,9,True,0.5333333333333333,1.0,1.0,0.0
523,0.0,9,True,0.7333333333333333,1.0,1.0,0.0
524,0.0,9,True,0.6,1.0,1.0,0.0
525,0.0,9,True,0.5333333333333333,1.0,1.0,0.0
526,0.0,9,True,0.6,1.0,1.0,0.0
527,0.0,9,True,0.6666666666666666,1.0,1.0,0.0
528,0.0,9,True,0.6,1.0,1.0,0.0
529,0.0,9,True,0.5333333333333333,1.0,1.0,0.0
530,0.0,9,True,0.6,1.0,1.0,0.0
531,0.0,9,True,0.5333333333333333,1.0,1.0,0.0
532,0.0,9,True,0.6666666666666666,1.0,1.0,0.0
533,0.0,9,True,0.6666666666666666,1.0,1.0,0.0
534,0.0,9,True,0.6666666666666666,1.0,1.0,0.0
535,0.0,9,True,0.5555555555555555,0.8888888888888888,0.49674166522435426,0.5032583347756457
536,0.0,9,True,0.6,1.0,1.0,0.0
537,0.0,9,True,0.6,1.0,1.0,0.0
538,0.0,9,True,0.5333333333333333,1.0,1.0,0.0
539,0.0,9,True,0.5111111111111111,0.8888888888888888,0.49674166522435426,0.5032583347756457
540,0.0,9,True,0.5333333333333333,1.0,1.0,0.0
541,0.0,9,True,0.5333333333333333,1.0,1.0,0.0
542,0.0,9,True,0.6,1.0,1.0,0.0
543,0.0,9,True,0.5333333333333333,1.0,1.0,0.0
544,0.0,9,True,0.5333333333333333,1.0,1.0,0.0
545,0.0,9,True,0.5333333333333333,1.0,1.0,0.0
546,0.0,9,True,0.6,1.0,1.0,0.0
547,0.0,9,True,0.6,1.0,1.0,0.0
548,0.0,9,True,0.6666666666666666,1.0,1.0,0.0
549,0.0,9,True,0.6666666666666666,1.0,1.0,0.0
550,0.0,9,True,0.5333333333333333,1.0,1.0,0.0
551,0.0,9,True,0.6,1.0,1.0,0.0
552,0.0,9,True,0.6666666666666666,1.0,1.0,0.0
553,0.0,9,True,0.5333333333333333,1.0,1.0,0.0
554,0.0,9,True,0.6,1.0,1.0,0.0
555,0.0,9,True,0.5333333333333333,1.0,1.0,0.0
556,0.0,9,True,0.5333333333333333,1.0,1.0,0.0
557,1.0,0,False,,,,
558,0.0,9,True,0.4555555555555556,0.7777777777777778,0.23579549349137974,0.7642045065086203
559,0.0,9,True,0.6,1.0,1.0,0.0
560,0.0,9,True,0.6666666666666666,1.0,1.0,0.0
561,0.0,9,True,0.6,1.0,1.0,0.0
562,0.0,9,True,0.6148148148148148,0.8888888888888888,0.49674166522435426,0.5032583347756457
563,0.0,9,True,0.5333333333333333,1.0,1.0,0.0
564,0.0,9,True,1.0,1.0,1.0,0.0
565,0.0,9,True,0.6,1.0,1.0,0.0
566,0.0,9,True,0.8666666666666667,1.0,1.0,0.0
567,0.0,9,True,0.674074074074074,0.8888888888888888,0.49674166522435426,0.5032583347756457
568,0.0,9,True,0.5333333333333333,1.0,1.0,0.0
569,0.0,9,True,0.6666666666666666,1.0,1.0,0.0
570,0.0,9,True,0.6,1.0,1.0,0.0
571,0.0,9,True,0.6666666666666666,1.0,1.0,0.0
572,0.0,9,True,0.6666666666666666,1.0,1.0,0.0
573,0.0,9,True,0.6666666666666666,1.0,1.0,0.0
574,0.0,9,True,0.5333333333333333,1.0,1.0,0.0
575,0.0,9,True,0.8,1.0,1.0,0.0
576,0.0,9,True,0.5333333333333333,1.0,1.0,0.0
577,0.0,9,True,0.7333333333333333,1.0,1.0,0.0
578,0.0,9,True,0.5074074074074074,0.7777777777777778,0.23579549349137974,0.7642045065086203
579,0.0,9,True,0.6,1.0,1.0,0.0
580,0.0,9,True,0.5333333333333333,1.0,1.0,0.0
581,0.0,9,True,0.6,1.0,1.0,0.0
582,0.0,9,True,0.8666666666666667,1.0,1.0,0.0
583,0.0,9,True,0.5333333333333333,1.0,1.0,0.0
584,0.0,9,True,0.6,1.0,1.0,0.0
585,0.0,9,True,0.6666666666666666,1.0,1.0,0.0
586,0.0,9,True,0.5333333333333333,1.0,1.0,0.0
587,0.0,9,True,0.5333333333333333,1.0,1.0,0.0
588,0.0,9,True,0.8,1.0,1.0,0.0
589,0.0,9,True,0.7185185185185186,0.8888888888888888,0.49674166522435426,0.5032583347756457
590,0.0,9,True,0.5333333333333333,1.0,1.0,0.0
591,0.0,9,True,0.6,1.0,1.0,0.0
592,0.0,9,True,0.6666666666666666,1.0,1.0,0.0
593,1.0,0,False,,,,
594,0.0,9,True,0.8,1.0,1.0,0.0
595,0.0,9,True,0.7333333333333333,1.0,1.0,0.0
596,0.0,9,True,0.6666666666666666,1.0,1.0,0.0
597,0.0,9,True,0.5333333333333333,1.0,1.0,0.0
598,0.0,9,True,0.47407407407407404,0.8888888888888888,0.49674166522435426,0.5032583347756457
599,0.0,9,True,0.6,1.0,1.0,0.0
600,0.0,9,True,0.6666666666666666,1.0,1.0,0.0
601,0.0,9,True,0.5333333333333333,1.0,1.0,0.0
602,0.0,9,True,0.6,1.0,1.0,0.0
603,1.0,0,False,,,,
604,1.0,0,False,,,,
605,1.0,0,False,,,,
606,1.0,0,False,,,,
607,1.0,0,False,,,,
608,1.0,0,False,,,,
609,1.0,0,False,,,,
610,1.0,0,False,,,,
611,1.0,0,False,,,,
612,1.0,0,False,,,,
613,1.0,0,False,,,,
614,1.0,0,False,,,,
615,1.0,0,False,,,,
616,1.0,0,False,,,,
617,1.0,0,False,,,,
618,1.0,0,False,,,,
619,1.0,0,False,,,,
620,1.0,0,False,,,,
621,1.0,0,False,,,,
622,1.0,0,False,,,,
623,1.0,0,False,,,,
624,1.0,0,False,,,,
625,1.0,0,False,,,,
626,1.0,0,False,,,,
627,1.0,0,False,,,,
628,1.0,0,False,,,,
629,1.0,0,False,,,,
630,1.0,0,False,,,,
631,1.0,0,False,,,,
632,1.0,0,False,,,,
633,1.0,0,False,,,,
634,1.0,0,False,,,,
635,1.0,0,False,,,,
636,1.0,0,False,,,,
637,1.0,0,False,,,,
638,1.0,0,False,,,,
639,1.0,0,False,,,,
640,0.0,9,True,0.6,1.0,1.0,0.0
641,0.0,9,True,0.6148148148148148,0.8888888888888888,0.49674166522435426,0.5032583347756457
642,0.0,9,True,0.5333333333333333,1.0,1.0,0.0
643,0.0,9,True,0.6,1.0,1.0,0.0
644,0.0,9,True,0.5333333333333333,1.0,1.0,0.0
645,0.0,9,True,0.6,1.0,1.0,0.0
646,0.0,9,True,0.5333333333333333,1.0,1.0,0.0
647,0.0,9,True,0.8,1.0,1.0,0.0
648,0.0,9,True,0.6666666666666666,1.0,1.0,0.0
649,0.0,9,True,0.7333333333333333,1.0,1.0,0.0
650,0.0,9,True,0.6,1.0,1.0,0.0
651,0.0,9,True,0.6,1.0,1.0,0.0
652,0.0,9,True,0.5333333333333333,1.0,1.0,0.0
653,0.0,9,True,0.5333333333333333,1.0,1.0,0.0
654,0.0,9,True,0.6,1.0,1.0,0.0
655,0.0,9,True,0.8,1.0,1.0,0.0
656,0.0,9,True,0.6666666666666666,1.0,1.0,0.0
657,0.0,9,True,0.5333333333333333,1.0,1.0,0.0
658,0.0,9,True,0.5333333333333333,1.0,1.0,0.0
659,0.0,9,True,0.5333333333333333,1.0,1.0,0.0
660,0.0,9,True,0.5333333333333333,1.0,1.0,0.0
661,0.0,9,True,0.5333333333333333,1.0,1.0,0.0
662,0.0,9,True,0.5333333333333333,1.0,1.0,0.0
663,0.0,9,True,0.6,1.0,1.0,0.0
664,0.0,9,True,0.5333333333333333,1.0,1.0,0.0
665,0.0,9,True,0.4555555555555556,0.7777777777777778,0.23579549349137974,0.7642045065086203
666,0.0,9,True,0.6,1.0,1.0,0.0
667,0.0,9,True,0.6,1.0,1.0,0.0
668,0.0,9,True,0.6666666666666666,1.0,1.0,0.0
669,0.0,9,True,0.4592592592592593,0.5555555555555556,0.008923940161777777,0.9910760598382222
670,0.0,9,True,0.3777777777777778,0.7777777777777778,0.23579549349137974,0.7642045065086203
671,0.0,9,True,0.5333333333333333,1.0,1.0,0.0
672,0.0,9,True,0.5333333333333333,1.0,1.0,0.0
673,0.0,9,True,0.6666666666666666,1.0,1.0,0.0
674,1.0,0,False,,,,
675,1.0,0,False,,,,
676,0.0,9,True,0.6666666666666666,1.0,1.0,0.0
677,0.0,9,True,0.587037037037037,0.7777777777777778,0.23579549349137974,0.7642045065086203
678,0.0,9,True,0.5333333333333333,1.0,1.0,0.0
679,0.0,9,True,0.5333333333333333,1.0,1.0,0.0
680,0.0,9,True,0.5777777777777778,0.8888888888888888,0.49674166522435426,0.5032583347756457
681,0.0,9,True,0.6222222222222221,0.8888888888888888,0.49674166522435426,0.5032583347756457
682,0.0,9,True,0.5333333333333333,1.0,1.0,0.0
683,0.0,9,True,0.6,1.0,1.0,0.0
684,0.0,9,True,0.6,1.0,1.0,0.0
685,0.0,9,True,0.6,1.0,1.0,0.0
686,0.0,9,True,0.5111111111111111,0.8888888888888888,0.49674166522435426,0.5032583347756457
687,0.0,9,True,0.5333333333333333,1.0,1.0,0.0
688,0.0,9,True,0.6666666666666666,1.0,1.0,0.0
689,0.0,9,True,0.6,1.0,1.0,0.0
690,0.8888888888888888,1,False,,,,
691,0.8888888888888888,1,False,,,,
692,0.8888888888888888,1,False,,,,
693,0.8888888888888888,1,False,,,,
694,0.8888888888888888,1,False,,,,
695,0.8888888888888888,1,False,,,,
696,0.8888888888888888,1,False,,,,
697,0.8888888888888888,1,False,,,,
698,0.8888888888888888,1,False,,,,
699,0.8888888888888888,1,False,,,,
700,0.8888888888888888,1,False,,,,
701,0.8888888888888888,1,False,,,,
702,0.8888888888888888,1,False,,,,
703,0.8888888888888888,1,False,,,,
704,0.8888888888888888,1,False,,,,
705,0.8888888888888888,1,False,,,,
706,0.8888888888888888,1,False,,,,
707,0.8888888888888888,1,False,,,,
708,0.8888888888888888,1,False,,,,
709,0.8888888888888888,1,False,,,,
710,0.8888888888888888,1,False,,,,
711,0.8888888888888888,1,False,,,,
712,0.8888888888888888,1,False,,,,
713,0.0,9,True,0.5407407407407407,0.8888888888888888,0.49674166522435426,0.5032583347756457
714,0.0,9,True,1.0,1.0,1.0,0.0
715,0.0,9,True,0.6,1.0,1.0,0.0
716,0.0,9,True,0.5333333333333333,1.0,1.0,0.0
717,0.0,9,True,0.6,1.0,1.0,0.0
718,0.0,9,True,0.5555555555555555,0.8888888888888888,0.49674166522435426,0.5032583347756457
719,0.0,9,True,0.6,1.0,1.0,0.0
720,0.0,9,True,0.5333333333333333,1.0,1.0,0.0
721,0.0,9,True,0.6,1.0,1.0,0.0
722,0.0,9,True,0.6,1.0,1.0,0.0
723,0.0,9,True,0.6666666666666666,1.0,1.0,0.0
724,0.0,9,True,0.5333333333333333,1.0,1.0,0.0
725,0.0,9,True,0.5333333333333333,1.0,1.0,0.0
726,0.0,9,True,0.4962962962962963,0.8888888888888888,0.49674166522435426,0.5032583347756457
727,0.0,9,True,0.5333333333333333,1.0,1.0,0.0
728,0.0,9,True,0.7333333333333333,1.0,1.0,0.0
729,0.0,9,True,0.6,1.0,1.0,0.0
730,0.0,9,True,0.6,1.0,1.0,0.0
731,0.0,9,True,0.7333333333333333,1.0,1.0,0.0
732,0.0,9,True,0.4222222222222223,0.5555555555555556,0.008923940161777777,0.9910760598382222
733,0.0,9,True,0.5333333333333333,1.0,1.0,0.0
734,0.0,9,True,0.5259259259259259,0.8888888888888888,0.49674166522435426,0.5032583347756457
735,0.0,9,True,0.3851851851851852,0.6666666666666666,0.22749311428573982,1.224394445405986
736,1.0,0,False,,,,
737,1.0,0,False,,,,
738,1.0,0,False,,,,
739,1.0,0,False,,,,
740,1.0,0,False,,,,
741,1.0,0,False,,,,
742,1.0,0,False,,,,
743,1.0,0,False,,,,
744,1.0,0,False,,,,
745,1.0,0,False,,,,
746,1.0,0,False,,,,
747,1.0,0,False,,,,
748,1.0,0,False,,,,
749,1.0,0,False,,,,
750,1.0,0,False,,,,
751,1.0,0,False,,,,
752,1.0,0,False,,,,
753,1.0,0,False,,,,
754,1.0,0,False,,,,
755,1.0,0,False,,,,
756,1.0,0,False,,,,
757,0.0,9,True,0.36666666666666664,0.5555555555555556,0.008923940161777777,0.9910760598382222
758,0.0,9,True,0.5333333333333333,1.0,1.0,0.0
759,0.0,9,True,0.6666666666666666,1.0,1.0,0.0
760,0.0,9,True,0.6,1.0,1.0,0.0
761,0.0,9,True,0.5,0.5555555555555556,0.008923940161777777,0.9910760598382222
762,0.0,9,True,0.4555555555555556,0.7777777777777778,0.23579549349137974,0.7642045065086203
763,0.0,9,True,0.5333333333333333,1.0,1.0,0.0
764,0.0,9,True,0.5111111111111111,0.8888888888888888,0.49674166522435426,0.5032583347756457
765,0.0,9,True,0.6,1.0,1.0,0.0
766,0.0,9,True,0.5333333333333333,1.0,1.0,0.0
767,0.0,9,True,0.34444444444444444,0.5555555555555556,0.17112863674755563,1.6577427265048887
768,0.0,9,True,1.0,1.0,1.0,0.0
769,0.0,9,True,0.5074074074074074,0.7777777777777778,0.23579549349137974,0.7642045065086203
770,0.0,9,True,0.6,1.0,1.0,0.0
771,0.0,9,True,0.6666666666666666,1.0,1.0,0.0
772,0.0,9,True,0.6,1.0,1.0,0.0
773,0.0,9,True,0.5333333333333333,1.0,1.0,0.0
774,0.0,9,True,0.5333333333333333,1.0,1.0,0.0
775,0.0,9,True,0.8,1.0,1.0,0.0
776,0.0,9,True,0.5333333333333333,1.0,1.0,0.0
777,0.0,9,True,0.7333333333333333,1.0,1.0,0.0
778,0.0,9,True,0.7333333333333333,1.0,1.0,0.0
779,0.0,9,True,0.6,1.0,1.0,0.0
780,0.0,9,True,0.6666666666666666,1.0,1.0,0.0
781,1.0,0,False,,,,
782,1.0,0,False,,,,
783,1.0,0,False,,,,
784,1.0,0,False,,,,
785,1.0,0,False,,,,
786,0.0,9,True,0.5333333333333333,1.0,1.0,0.0
787,0.0,9,True,0.5333333333333333,1.0,1.0,0.0
788,0.0,9,True,0.6666666666666666,1.0,1.0,0.0
789,0.0,9,True,0.6666666666666666,1.0,1.0,0.0
790,0.0,9,True,0.5555555555555555,0.8888888888888888,0.49674166522435426,0.5032583347756457
791,0.1111111111111111,8,True,0.5333333333333333,1.0,0.49674166522435426,0.0
792,0.1111111111111111,8,True,0.5333333333333333,1.0,0.49674166522435426,0.0
793,0.1111111111111111,8,True,0.5333333333333333,1.0,0.49674166522435426,0.0
794,0.1111111111111111,8,True,0.6,1.0,0.49674166522435426,0.0
795,0.1111111111111111,8,True,0.6,1.0,0.49674166522435426,0.0
796,0.1111111111111111,8,True,0.5333333333333333,1.0,0.49674166522435426,0.0
797,0.1111111111111111,8,True,0.6666666666666666,1.0,0.49674166522435426,0.0
798,0.1111111111111111,8,True,0.5333333333333333,1.0,0.49674166522435426,0.0
799,0.1111111111111111,8,True,0.6,1.0,0.49674166522435426,0.0
800,0.1111111111111111,8,True,0.7333333333333333,1.0,0.49674166522435426,0.0
801,0.1111111111111111,8,True,0.55,0.875,0.3776340271255507,0.5435644431995964
802,0.1111111111111111,8,True,0.5333333333333333,1.0,0.49674166522435426,0.0
803,0.1111111111111111,8,True,0.7333333333333333,1.0,0.49674166522435426,0.0
804,0.1111111111111111,8,True,0.8,1.0,0.49674166522435426,0.0
805,0.1111111111111111,8,True,0.6666666666666666,1.0,0.49674166522435426,0.0
806,0.1111111111111111,8,True,0.5333333333333333,1.0,0.49674166522435426,0.0
807,1.0,0,False,,,,
808,0.1111111111111111,8,True,0.6,1.0,0.49674166522435426,0.0
809,0.1111111111111111,8,True,0.6,1.0,0.49674166522435426,0.0
810,0.1111111111111111,8,True,0.4595238095238095,0.75,0.22749311428573982,0.8112781244591328
811,0.1111111111111111,8,True,0.6,1.0,0.49674166522435426,0.0
812,0.1111111111111111,8,True,0.6,1.0,0.49674166522435426,0.0
813,0.1111111111111111,8,True,0.6,1.0,0.49674166522435426,0.0
814,0.1111111111111111,8,True,0.6,1.0,0.49674166522435426,0.0
815,0.1111111111111111,8,True,0.8666666666666667,1.0,0.49674166522435426,0.0
816,0.1111111111111111,8,True,0.5333333333333333,1.0,0.49674166522435426,0.0
817,0.1111111111111111,8,True,0.7333333333333333,1.0,0.49674166522435426,0.0
818,0.1111111111111111,8,True,0.7333333333333333,1.0,0.49674166522435426,0.0
819,0.1111111111111111,8,True,0.5333333333333333,1.0,0.49674166522435426,0.0
820,0.1111111111111111,8,True,0.7333333333333333,1.0,0.49674166522435426,0.0
821,0.1111111111111111,8,True,0.5333333333333333,1.0,0.49674166522435426,0.0
822,0.1111111111111111,8,True,0.6,1.0,0.49674166522435426,0.0
823,0.1111111111111111,8,True,0.5333333333333333,1.0,0.49674166522435426,0.0
824,0.1111111111111111,8,True,0.6666666666666666,1.0,0.49674166522435426,0.0
825,0.1111111111111111,8,True,0.24761904761904763,0.5,0.11331711999846616,1.75
826,0.1111111111111111,8,True,0.6666666666666666,1.0,0.49674166522435426,0.0
827,0.1111111111111111,8,True,0.5333333333333333,1.0,0.49674166522435426,0.0
828,0.1111111111111111,8,True,0.5333333333333333,1.0,0.49674166522435426,0.0
829,0.1111111111111111,8,True,0.6,1.0,0.49674166522435426,0.0
830,0.0,9,True,0.5333333333333333,1.0,1.0,0.0
831,0.0,9,True,0.5333333333333333,1.0,1.0,0.0
832,0.0,9,True,0.6666666666666666,1.0,1.0,0.0
833,0.0,9,True,0.6,1.0,1.0,0.0
834,0.0,9,True,0.6,1.0,1.0,0.0
835,0.0,9,True,1.0,1.0,1.0,0.0
836,0.0,9,True,0.6,1.0,1.0,0.0
837,0.0,9,True,0.8666666666666667,1.0,1.0,0.0
838,0.0,9,True,0.6,1.0,1.0,0.0
839,0.0,9,True,0.5777777777777778,0.8888888888888888,0.49674166522435426,0.5032583347756457
840,0.0,9,True,0.47222222222222227,0.6666666666666666,0.08170416594551044,0.9182958340544896
841,0.0,9,True,0.5333333333333333,1.0,1.0,0.0
842,0.0,9,True,0.6,1.0,1.0,0.0
843,0.0,9,True,0.6962962962962963,0.8888888888888888,0.49674166522435426,0.5032583347756457
844,0.0,9,True,0.45,0.6666666666666666,0.08170416594551044,0.9182958340544896
845,0.0,9,True,0.5333333333333333,1.0,1.0,0.0
846,0.0,9,True,0.5555555555555555,0.8888888888888888,0.49674166522435426,0.5032583347756457
847,0.0,9,True,0.6666666666666666,1.0,1.0,0.0
848,0.0,9,True,0.5333333333333333,1.0,1.0,0.0
849,0.0,9,True,0.4555555555555556,0.7777777777777778,0.23579549349137974,0.7642045065086203
850,0.0,9,True,0.6074074074074074,0.8888888888888888,0.49674166522435426,0.5032583347756457
851,0.0,9,True,0.5333333333333333,1.0,1.0,0.0
852,0.0,9,True,0.4166666666666667,0.7777777777777778,0.3776340271255507,0.9864267287308424
853,0.0,9,True,0.6,1.0,1.0,0.0
854,0.0,9,True,0.5407407407407407,0.8888888888888888,0.49674166522435426,0.5032583347756457
855,0.0,9,True,0.7333333333333333,1.0,1.0,0.0
856,0.0,9,True,0.5111111111111111,0.8888888888888888,0.49674166522435426,0.5032583347756457
857,0.0,9,True,0.4944444444444444,0.7777777777777778,0.23579549349137974,0.7642045065086203
858,0.0,9,True,0.5611111111111112,0.7777777777777778,0.23579549349137974,0.7642045065086203
859,1.0,0,False,,,,
860,1.0,0,False,,,,
861,1.0,0,False,,,,
862,1.0,0,False,,,,
863,1.0,0,False,,,,
864,1.0,0,False,,,,
865,0.0,9,True,0.48888888888888893,0.8888888888888888,0.49674166522435426,0.5032583347756457
866,0.0,9,True,0.3537037037037037,0.6666666666666666,0.2766916661858959,1.4466166676282082
867,0.0,9,True,0.2814814814814815,0.4444444444444444,0.1216528952381466,1.3921472236645345
868,0.0,9,True,0.6,1.0,1.0,0.0
869,0.0,9,True,0.47407407407407404,0.8888888888888888,0.49674166522435426,0.5032583347756457
870,0.0,9,True,0.475925925925926,0.7777777777777778,0.3776340271255507,0.9864267287308424
871,0.0,9,True,0.6666666666666666,1.0,1.0,0.0
872,0.0,9,True,0.5333333333333333,1.0,1.0,0.0
873,0.0,9,True,0.6,1.0,1.0,0.0
874,0.0,9,True,0.5333333333333333,1.0,1.0,0.0
875,0.0,9,True,0.6,1.0,1.0,0.0
876,0.0,9,True,0.5185185185185185,0.8888888888888888,0.49674166522435426,0.5032583347756457
877,0.0,9,True,0.5037037037037037,0.8888888888888888,0.49674166522435426,0.5032583347756457
878,0.0,9,True,0.5259259259259259,0.8888888888888888,0.49674166522435426,0.5032583347756457
879,0.1111111111111111,8,True,0.55,0.875,0.3776340271255507,0.5435644431995964
880,0.1111111111111111,8,True,0.6666666666666666,1.0,0.49674166522435426,0.0
881,0.1111111111111111,8,True,0.5333333333333333,1.0,0.49674166522435426,0.0
882,1.0,0,False,,,,
883,0.1111111111111111,8,True,0.7333333333333333,1.0,0.49674166522435426,0.0
884,0.1111111111111111,8,True,0.6666666666666666,1.0,0.49674166522435426,0.0
885,0.1111111111111111,8,True,0.7333333333333333,1.0,0.49674166522435426,0.0
886,0.0,9,True,0.5777777777777778,0.8888888888888888,0.49674166522435426,0.5032583347756457
887,0.0,9,True,0.6,1.0,1.0,0.0
888,0.0,9,True,0.4185185185185185,0.7777777777777778,0.3776340271255507,0.9864267287308424
889,0.0,9,True,0.6,1.0,1.0,0.0
890,0.0,9,True,0.6666666666666666,1.0,1.0,0.0
891,0.0,9,True,0.6666666666666666,1.0,1.0,0.0
892,0.0,9,True,0.5018518518518519,0.7777777777777778,0.3776340271255507,0.9864267287308424
893,0.0,9,True,0.6,1.0,1.0,0.0
894,0.0,9,True,0.6,1.0,1.0,0.0
895,0.0,9,True,0.5777777777777778,0.8888888888888888,0.49674166522435426,0.5032583347756457
896,0.0,9,True,0.4574074074074074,0.7777777777777778,0.3776340271255507,0.9864267287308424
897,0.0,9,True,0.6,1.0,1.0,0.0
898,0.0,9,True,0.5333333333333333,1.0,1.0,0.0
899,0.0,9,True,0.5333333333333333,1.0,1.0,0.0
900,0.0,9,True,0.6,1.0,1.0,0.0
901,0.0,9,True,0.5611111111111112,0.7777777777777778,0.23579549349137974,0.7642045065086203
902,0.0,9,True,0.6666666666666666,1.0,1.0,0.0
903,0.0,9,True,0.5555555555555555,0.8888888888888888,0.49674166522435426,0.5032583347756457
904,0.0,9,True,0.5555555555555555,0.8888888888888888,0.49674166522435426,0.5032583347756457
905,0.0,9,True,0.5333333333333333,1.0,1.0,0.0
906,0.0,9,True,0.5111111111111111,0.8888888888888888,0.49674166522435426,0.5032583347756457
907,0.0,9,True,0.3148148148148148,0.5555555555555556,0.17112863674755563,1.6577427265048887
908,0.0,9,True,0.6,1.0,1.0,0.0
909,0.0,9,True,0.5333333333333333,1.0,1.0,0.0
910,0.0,9,True,0.6,1.0,1.0,0.0
911,0.0,9,True,0.28518518518518515,0.3333333333333333,0.05373481277819914,2.197159723424149
912,0.0,9,True,0.5333333333333333,1.0,1.0,0.0
913,0.0,9,True,0.5333333333333333,1.0,1.0,0.0
914,0.0,9,True,0.47407407407407404,0.8888888888888888,0.49674166522435426,0.5032583347756457
915,0.0,9,True,0.6,0.8888888888888888,0.49674166522435426,0.5032583347756457
916,0.0,9,True,0.475925925925926,0.7777777777777778,0.3776340271255507,0.9864267287308424
917,0.0,9,True,0.8666666666666667,1.0,1.0,0.0
918,0.0,9,True,0.5333333333333333,1.0,1.0,0.0
919,0.0,9,True,0.8666666666666667,1.0,1.0,0.0
920,0.0,9,True,0.6,1.0,1.0,0.0
921,0.0,9,True,0.6,1.0,1.0,0.0
922,0.0,9,True,0.5333333333333333,1.0,1.0,0.0
923,0.0,9,True,0.6,1.0,1.0,0.0
924,0.0,9,True,0.3333333333333333,0.6666666666666666,0.22749311428573982,1.224394445405986
925,0.0,9,True,0.8666666666666667,1.0,1.0,0.0
926,0.0,9,True,0.5333333333333333,1.0,1.0,0.0
927,0.0,9,True,0.5555555555555555,0.8888888888888888,0.49674166522435426,0.5032583347756457
928,0.0,9,True,0.5555555555555555,0.8888888888888888,0.49674166522435426,0.5032583347756457
929,0.0,9,True,0.5333333333333333,1.0,1.0,0.0
930,0.0,9,True,0.6,1.0,1.0,0.0
931,0.0,9,True,0.6,1.0,1.0,0.0
932,0.0,9,True,0.6,1.0,1.0,0.0
933,0.0,9,True,0.5333333333333333,1.0,1.0,0.0
934,0.0,9,True,0.5777777777777778,0.8888888888888888,0.49674166522435426,0.5032583347756457
935,0.0,9,True,0.5925925925925927,0.8888888888888888,0.49674166522435426,0.5032583347756457
936,1.0,0,False,,,,
937,1.0,0,False,,,,
938,0.0,9,True,0.7333333333333333,1.0,1.0,0.0
939,0.0,9,True,0.6,1.0,1.0,0.0
940,0.0,9,True,0.6,1.0,1.0,0.0
941,0.0,9,True,0.7333333333333333,1.0,1.0,0.0
942,0.0,9,True,0.5407407407407407,0.8888888888888888,0.49674166522435426,0.5032583347756457
943,0.0,9,True,0.6666666666666666,1.0,1.0,0.0
944,0.0,9,True,0.7333333333333333,1.0,1.0,0.0
945,0.0,9,True,0.6666666666666666,1.0,1.0,0.0
946,0.0,9,True,0.5333333333333333,1.0,1.0,0.0
947,0.0,9,True,0.6,1.0,1.0,0.0
948,0.0,9,True,0.6,1.0,1.0,0.0
949,0.0,9,True,0.5074074074074074,0.7777777777777778,0.23579549349137974,0.7642045065086203
950,0.0,9,True,0.6,1.0,1.0,0.0
951,0.0,9,True,0.6666666666666666,1.0,1.0,0.0
952,0.0,9,True,0.5333333333333333,1.0,1.0,0.0
953,0.0,9,True,0.5333333333333333,1.0,1.0,0.0
954,0.0,9,True,0.6,1.0,1.0,0.0
955,0.0,9,True,0.6,1.0,1.0,0.0
956,0.0,9,True,0.5333333333333333,1.0,1.0,0.0
957,0.0,9,True,0.5333333333333333,1.0,1.0,0.0
958,0.0,9,True,0.7333333333333333,1.0,1.0,0.0
959,0.0,9,True,0.5333333333333333,1.0,1.0,0.0
960,0.0,9,True,0.8,1.0,1.0,0.0
961,0.0,9,True,0.5333333333333333,1.0,1.0,0.0
962,0.0,9,True,0.6666666666666666,1.0,1.0,0.0
963,0.0,9,True,0.5259259259259259,0.8888888888888888,0.49674166522435426,0.5032583347756457
964,0.0,9,True,0.6,1.0,1.0,0.0
965,0.0,9,True,0.48888888888888893,0.8888888888888888,0.49674166522435426,0.5032583347756457
966,0.0,9,True,0.5185185185185185,0.8888888888888888,0.49674166522435426,0.5032583347756457
967,0.0,9,True,0.5333333333333333,1.0,1.0,0.0
968,0.0,9,True,0.48888888888888893,0.8888888888888888,0.49674166522435426,0.5032583347756457
969,0.0,9,True,0.5333333333333333,1.0,1.0,0.0
970,0.0,9,True,0.5333333333333333,1.0,1.0,0.0
971,0.0,9,True,0.6,1.0,1.0,0.0
972,0.0,9,True,0.4962962962962963,0.8888888888888888,0.49674166522435426,0.5032583347756457
973,0.0,9,True,0.5185185185185185,0.8888888888888888,0.49674166522435426,0.5032583347756457
974,0.0,9,True,0.6666666666666666,1.0,1.0,0.0
975,0.0,9,True,0.6,1.0,1.0,0.0
976,0.0,9,True,0.5333333333333333,1.0,1.0,0.0
977,0.0,9,True,0.5333333333333333,1.0,1.0,0.0
978,0.0,9,True,0.5611111111111112,0.7777777777777778,0.23579549349137974,0.7642045065086203
979,0.0,9,True,0.6666666666666666,1.0,1.0,0.0
980,0.0,9,True,0.6,1.0,1.0,0.0
981,0.0,9,True,0.5333333333333333,1.0,1.0,0.0
982,0.0,9,True,0.6666666666666666,1.0,1.0,0.0
983,0.0,9,True,0.6666666666666666,1.0,1.0,0.0
984,0.0,9,True,0.6,1.0,1.0,0.0
985,0.0,9,True,0.6666666666666666,1.0,1.0,0.0
986,0.0,9,True,0.6,1.0,1.0,0.0
987,0.0,9,True,0.6666666666666666,1.0,1.0,0.0
988,0.0,9,True,0.5185185185185185,0.8888888888888888,0.49674166522435426,0.5032583347756457
989,0.0,9,True,0.6148148148148148,0.8888888888888888,0.49674166522435426,0.5032583347756457
990,0.0,9,True,0.5407407407407407,0.8888888888888888,0.49674166522435426,0.5032583347756457
991,0.0,9,True,0.6074074074074074,0.8888888888888888,0.49674166522435426,0.5032583347756457
992,0.0,9,True,0.5111111111111111,0.8888888888888888,0.49674166522435426,0.5032583347756457
993,0.0,9,True,0.5333333333333333,1.0,1.0,0.0
994,0.0,9,True,0.5333333333333333,1.0,1.0,0.0
995,0.0,9,True,0.6,1.0,1.0,0.0
996,0.0,9,True,0.5333333333333333,1.0,1.0,0.0
997,0.1111111111111111,8,True,0.6666666666666666,1.0,0.49674166522435426,0.0
998,0.1111111111111111,8,True,0.5333333333333333,1.0,0.49674166522435426,0.0
999,0.1111111111111111,8,True,0.6,1.0,0.49674166522435426,0.0
1000,0.1111111111111111,8,True,0.5333333333333333,1.0,0.49674166522435426,0.0
1001,0.1111111111111111,8,True,0.5333333333333333,1.0,0.49674166522435426,0.0
1002,0.1111111111111111,8,True,0.6,1.0,0.49674166522435426,0.0
1003,0.1111111111111111,8,True,0.5333333333333333,1.0,0.49674166522435426,0.0
1004,0.1111111111111111,8,True,0.5333333333333333,1.0,0.49674166522435426,0.0
1005,0.1111111111111111,8,True,0.5333333333333333,1.0,0.49674166522435426,0.0
1006,0.1111111111111111,8,True,0.6666666666666666,1.0,0.49674166522435426,0.0
1007,0.1111111111111111,8,True,0.6,1.0,0.49674166522435426,0.0
1008,0.1111111111111111,8,True,0.6833333333333333,0.875,0.3776340271255507,0.5435644431995964
1009,0.1111111111111111,8,True,0.7333333333333333,1.0,0.49674166522435426,0.0
1010,0.1111111111111111,8,True,0.4380952380952381,0.75,0.2766916661858959,1.061278124459133
1011,0.1111111111111111,8,True,0.43333333333333335,0.875,0.3776340271255507,0.5435644431995964
1012,0.1111111111111111,8,True,0.6666666666666666,1.0,0.49674166522435426,0.0
1013,0.1111111111111111,8,True,0.8,1.0,0.49674166522435426,0.0
1014,0.1111111111111111,8,True,0.5333333333333333,1.0,0.49674166522435426,0.0
1015,0.0,9,True,0.5333333333333333,1.0,1.0,0.0
1016,0.0,9,True,0.6,1.0,1.0,0.0
1017,0.0,9,True,0.6,1.0,1.0,0.0
1018,0.0,9,True,0.6666666666666666,1.0,1.0,0.0
1019,0.0,9,True,0.6,1.0,1.0,0.0
1020,0.0,9,True,0.5333333333333333,1.0,1.0,0.0
1021,0.0,9,True,0.5333333333333333,1.0,1.0,0.0
1022,0.0,9,True,0.5333333333333333,1.0,1.0,0.0
1023,0.0,9,True,0.3925925925925926,0.7777777777777778,0.3776340271255507,0.9864267287308424
1024,0.0,9,True,0.8666666666666667,1.0,1.0,0.0
1025,1.0,0,False,,,,
1026,0.0,9,True,0.5333333333333333,1.0,1.0,0.0
1027,0.0,9,True,0.6,1.0,1.0,0.0
1028,0.0,9,True,0.6,1.0,1.0,0.0
1029,0.0,9,True,0.6074074074074074,0.8888888888888888,0.49674166522435426,0.5032583347756457
1030,0.0,9,True,0.6666666666666666,1.0,1.0,0.0
1031,0.0,9,True,0.6,1.0,1.0,0.0
1032,0.0,9,True,0.6,1.0,1.0,0.0
1033,0.0,9,True,0.5333333333333333,1.0,1.0,0.0
1034,0.0,9,True,0.48888888888888893,0.8888888888888888,0.49674166522435426,0.5032583347756457
1035,0.0,9,True,0.6,1.0,1.0,0.0
1036,0.0,9,True,0.5333333333333333,1.0,1.0,0.0
1037,0.0,9,True,0.5333333333333333,1.0,1.0,0.0
1038,0.0,9,True,0.5333333333333333,1.0,1.0,0.0
1039,0.0,9,True,0.6,1.0,1.0,0.0
1040,0.0,9,True,0.5333333333333333,1.0,1.0,0.0
1041,0.0,9,True,0.6666666666666666,1.0,1.0,0.0
1042,0.0,9,True,0.5555555555555555,0.8888888888888888,0.49674166522435426,0.5032583347756457
1043,0.0,9,True,0.6666666666666666,1.0,1.0,0.0
1044,0.0,9,True,0.6,1.0,1.0,0.0
1045,0.0,9,True,0.6666666666666666,1.0,1.0,0.0
1046,0.0,9,True,0.3611111111111111,0.5555555555555556,0.17112863674755563,1.6577427265048887
1047,0.0,9,True,0.6,1.0,1.0,0.0
1048,0.0,9,True,0.5037037037037037,0.8888888888888888,0.49674166522435426,0.5032583347756457
1049,0.0,9,True,0.6,1.0,1.0,0.0
1050,0.0,9,True,0.47222222222222227,0.7777777777777778,0.3776340271255507,0.9864267287308424
1051,0.0,9,True,0.5777777777777778,0.8888888888888888,0.49674166522435426,0.5032583347756457
1052,0.0,9,True,0.6666666666666666,1.0,1.0,0.0
1053,0.0,9,True,0.7333333333333333,1.0,1.0,0.0
1054,0.0,9,True,0.6814814814814815,0.8888888888888888,0.49674166522435426,0.5032583347756457
1055,0.0,9,True,0.5333333333333333,1.0,1.0,0.0
1056,0.0,9,True,0.5555555555555555,0.8888888888888888,0.49674166522435426,0.5032583347756457
1057,0.0,9,True,0.5333333333333333,1.0,1.0,0.0
1058,0.8888888888888888,1,False,,,,
1059,0.8888888888888888,1,False,,,,
1060,0.8888888888888888,1,False,,,,
1061,0.8888888888888888,1,False,,,,
1062,0.8888888888888888,1,False,,,,
1063,0.8888888888888888,1,False,,,,
1064,0.8888888888888888,1,False,,,,
1065,0.8888888888888888,1,False,,,,
1066,0.8888888888888888,1,False,,,,
1067,0.8888888888888888,1,False,,,,
1068,0.8888888888888888,1,False,,,,
1069,0.8888888888888888,1,False,,,,
1070,0.8888888888888888,1,False,,,,
1071,0.8888888888888888,1,False,,,,
1072,0.8888888888888888,1,False,,,,
1073,0.8888888888888888,1,False,,,,
1074,0.8888888888888888,1,False,,,,
1075,0.8888888888888888,1,False,,,,
1076,0.8888888888888888,1,False,,,,
1077,0.8888888888888888,1,False,,,,
1078,0.8888888888888888,1,False,,,,
1079,0.8888888888888888,1,False,,,,
1080,0.8888888888888888,1,False,,,,
1081,0.8888888888888888,1,False,,,,
1082,0.8888888888888888,1,False,,,,
1083,0.8888888888888888,1,False,,,,
1084,0.8888888888888888,1,False,,,,
1085,0.8888888888888888,1,False,,,,
1086,0.8888888888888888,1,False,,,,
1087,0.8888888888888888,1,False,,,,
1088,1.0,0,False,,,,
1089,1.0,0,False,,,,
1090,1.0,0,False,,,,
1091,1.0,0,False,,,,
1092,1.0,0,False,,,,
1093,1.0,0,False,,,,
1094,0.8888888888888888,1,False,,,,
1095,0.8888888888888888,1,False,,,,
1096,0.8888888888888888,1,False,,,,
1097,0.8888888888888888,1,False,,,,
1098,0.8888888888888888,1,False,,,,
1099,0.8888888888888888,1,False,,,,
1100,0.8888888888888888,1,False,,,,
1101,0.8888888888888888,1,False,,,,
1102,0.8888888888888888,1,False,,,,
1103,0.8888888888888888,1,False,,,,
1104,0.8888888888888888,1,False,,,,
1105,0.8888888888888888,1,False,,,,
1106,0.8888888888888888,1,False,,,,
1107,0.8888888888888888,1,False,,,,
1108,0.8888888888888888,1,False,,,,
1109,0.8888888888888888,1,False,,,,
1110,1.0,0,False,,,,
1111,1.0,0,False,,,,
1112,1.0,0,False,,,,
1113,1.0,0,False,,,,
1114,1.0,0,False,,,,
1115,1.0,0,False,,,,
1116,1.0,0,False,,,,
1117,1.0,0,False,,,,
1118,1.0,0,False,,,,
1119,1.0,0,False,,,,
1120,1.0,0,False,,,,
1121,1.0,0,False,,,,
1122,1.0,0,False,,,,
1123,1.0,0,False,,,,
1124,1.0,0,False,,,,
1125,1.0,0,False,,,,
1126,1.0,0,False,,,,
1127,1.0,0,False,,,,
1128,1.0,0,False,,,,
1129,1.0,0,False,,,,
1130,1.0,0,False,,,,
1131,1.0,0,False,,,,
1132,1.0,0,False,,,,
1133,1.0,0,False,,,,
1134,1.0,0,False,,,,
1135,1.0,0,False,,,,
1136,1.0,0,False,,,,
1137,0.8888888888888888,1,False,,,,
1138,0.8888888888888888,1,False,,,,
1139,0.8888888888888888,1,False,,,,
1140,0.8888888888888888,1,False,,,,
1141,0.8888888888888888,1,False,,,,
1142,0.8888888888888888,1,False,,,,
1143,0.8888888888888888,1,False,,,,
1144,0.8888888888888888,1,False,,,,
1145,0.8888888888888888,1,False,,,,
1146,0.8888888888888888,1,False,,,,
1147,0.8888888888888888,1,False,,,,
1148,1.0,0,False,,,,
1149,1.0,0,False,,,,
1150,1.0,0,False,,,,
1151,1.0,0,False,,,,
1152,1.0,0,False,,,,
1153,1.0,0,False,,,,
1154,1.0,0,False,,,,
1155,0.8888888888888888,1,False,,,,
1156,0.8888888888888888,1,False,,,,
1157,0.8888888888888888,1,False,,,,
1158,0.8888888888888888,1,False,,,,
1159,0.8888888888888888,1,False,,,,
1160,0.8888888888888888,1,False,,,,
1161,0.8888888888888888,1,False,,,,
1162,0.8888888888888888,1,False,,,,
1163,0.8888888888888888,1,False,,,,
1164,1.0,0,False,,,,
1165,1.0,0,False,,,,
1166,0.8888888888888888,1,False,,,,
1167,0.8888888888888888,1,False,,,,
1168,0.8888888888888888,1,False,,,,
1169,0.8888888888888888,1,False,,,,
1170,0.8888888888888888,1,False,,,,
1171,0.8888888888888888,1,False,,,,
1172,0.8888888888888888,1,False,,,,
1173,0.8888888888888888,1,False,,,,
1174,0.8888888888888888,1,False,,,,
1175,0.8888888888888888,1,False,,,,
1176,0.8888888888888888,1,False,,,,
1177,0.8888888888888888,1,False,,,,
1178,0.8888888888888888,1,False,,,,
1179,0.8888888888888888,1,False,,,,
1180,0.8888888888888888,1,False,,,,
1181,0.8888888888888888,1,False,,,,
1182,1.0,0,False,,,,
1183,0.8888888888888888,1,False,,,,
1184,0.8888888888888888,1,False,,,,
1185,0.8888888888888888,1,False,,,,
1186,0.8888888888888888,1,False,,,,
1187,0.8888888888888888,1,False,,,,
1188,0.8888888888888888,1,False,,,,
1189,0.8888888888888888,1,False,,,,
1190,0.0,9,True,0.47407407407407404,0.8888888888888888,0.49674166522435426,0.5032583347756457
1191,0.0,9,True,0.5333333333333333,1.0,1.0,0.0
1192,0.0,9,True,0.5037037037037037,0.8888888888888888,0.49674166522435426,0.5032583347756457
1193,0.0,9,True,0.7333333333333333,1.0,1.0,0.0
1194,0.0,9,True,0.5333333333333333,1.0,1.0,0.0
1195,0.0,9,True,0.5333333333333333,1.0,1.0,0.0
1196,0.0,9,True,0.5166666666666667,0.6666666666666666,0.08170416594551044,0.9182958340544896
1197,0.0,9,True,0.587037037037037,0.7777777777777778,0.23579549349137974,0.7642045065086203
1198,0.0,9,True,0.6,1.0,1.0,0.0
1199,0.0,9,True,0.4222222222222223,0.5555555555555556,0.008923940161777777,0.9910760598382222
1200,0.0,9,True,0.6,1.0,1.0,0.0
1201,0.0,9,True,0.6,1.0,1.0,0.0
1202,0.0,9,True,0.6666666666666666,1.0,1.0,0.0
1203,0.0,9,True,0.5148148148148148,0.7777777777777778,0.3776340271255507,0.9864267287308424
1204,0.0,9,True,0.6148148148148148,0.8888888888888888,0.49674166522435426,0.5032583347756457
1205,0.0,9,True,0.5407407407407407,0.8888888888888888,0.49674166522435426,0.5032583347756457
1206,0.0,9,True,0.6,1.0,1.0,0.0
1207,0.0,9,True,0.5333333333333333,1.0,1.0,0.0
1208,0.0,9,True,0.6,1.0,1.0,0.0
1209,0.0,9,True,0.6592592592592593,0.8888888888888888,0.49674166522435426,0.5032583347756457
1210,0.0,9,True,0.4555555555555556,0.7777777777777778,0.23579549349137974,0.7642045065086203
1211,0.0,9,True,0.5333333333333333,1.0,1.0,0.0
1212,0.0,9,True,0.8,1.0,1.0,0.0
1213,0.0,9,True,0.8666666666666667,1.0,1.0,0.0
1214,0.0,9,True,0.5333333333333333,1.0,1.0,0.0
1215,0.0,9,True,0.5722222222222222,0.7777777777777778,0.3776340271255507,0.9864267287308424
1216,0.0,9,True,0.47407407407407404,0.8888888888888888,0.49674166522435426,0.5032583347756457
1217,0.0,9,True,0.48888888888888893,0.8888888888888888,0.49674166522435426,0.5032583347756457
1218,0.0,9,True,0.6666666666666666,1.0,1.0,0.0
1219,0.0,9,True,0.5333333333333333,1.0,1.0,0.0
1220,0.0,9,True,0.4592592592592593,0.7777777777777778,0.23579549349137974,0.7642045065086203
1221,1.0,0,False,,,,
1222,1.0,0,False,,,,
1223,1.0,0,False,,,,
1224,1.0,0,False,,,,
1225,1.0,0,False,,,,
1226,1.0,0,False,,,,
1227,1.0,0,False,,,,
1228,1.0,0,False,,,,
1229,1.0,0,False,,,,
1230,1.0,0,False,,,,
1231,1.0,0,False,,,,
1232,1.0,0,False,,,,
1233,1.0,0,False,,,,
1234,1.0,0,False,,,,
1235,1.0,0,False,,,,
1236,1.0,0,False,,,,
1237,1.0,0,False,,,,
1238,1.0,0,False,,,,
1239,1.0,0,False,,,,
1240,1.0,0,False,,,,
1241,0.0,9,True,0.5222222222222223,0.7777777777777778,0.23579549349137974,0.7642045065086203
1242,0.0,9,True,0.524074074074074,0.7777777777777778,0.23579549349137974,0.7642045065086203
1243,0.0,9,True,0.6,1.0,1.0,0.0
1244,0.0,9,True,0.5259259259259259,0.8888888888888888,0.49674166522435426,0.5032583347756457
1245,0.0,9,True,0.6666666666666666,1.0,1.0,0.0
1246,0.0,9,True,0.5333333333333333,1.0,1.0,0.0
1247,0.0,9,True,0.6,1.0,1.0,0.0
1248,0.0,9,True,0.5333333333333333,1.0,1.0,0.0
1249,0.0,9,True,0.6666666666666666,1.0,1.0,0.0
1250,0.0,9,True,0.6,1.0,1.0,0.0
1251,0.0,9,True,0.7333333333333333,1.0,1.0,0.0
1252,0.0,9,True,0.5333333333333333,1.0,1.0,0.0
1253,0.0,9,True,0.6666666666666666,0.8888888888888888,0.49674166522435426,0.5032583347756457
1254,0.0,9,True,0.6,1.0,1.0,0.0
1255,0.0,9,True,0.47407407407407404,0.8888888888888888,0.49674166522435426,0.5032583347756457
1256,0.0,9,True,0.5333333333333333,1.0,1.0,0.0
1257,0.0,9,True,0.6666666666666666,1.0,1.0,0.0
1258,0.0,9,True,0.512962962962963,0.7777777777777778,0.3776340271255507,0.9864267287308424
1259,0.0,9,True,0.3888888888888889,0.6666666666666666,0.2766916661858959,1.4466166676282082
1260,0.0,9,True,0.6666666666666666,1.0,1.0,0.0
1261,0.0,9,True,0.29444444444444445,0.5555555555555556,0.17112863674755563,1.6577427265048887
1262,0.0,9,True,0.6,1.0,1.0,0.0
1263,0.0,9,True,0.5166666666666667,0.6666666666666666,0.08170416594551044,0.9182958340544896
1264,0.0,9,True,0.5333333333333333,1.0,1.0,0.0
1265,0.0,9,True,0.4592592592592593,0.8888888888888888,0.49674166522435426,0.5032583347756457
1266,0.0,9,True,0.6,1.0,1.0,0.0
1267,0.0,9,True,0.6148148148148148,0.8888888888888888,0.49674166522435426,0.5032583347756457
1268,0.0,9,True,0.5333333333333333,1.0,1.0,0.0
1269,0.0,9,True,0.47407407407407404,0.8888888888888888,0.49674166522435426,0.5032583347756457
1270,0.0,9,True,0.4944444444444444,0.7777777777777778,0.23579549349137974,0.7642045065086203
1271,0.0,9,True,0.5037037037037037,0.8888888888888888,0.49674166522435426,0.5032583347756457
1272,0.0,9,True,0.6666666666666666,1.0,1.0,0.0
1273,0.0,9,True,0.8,1.0,1.0,0.0
1274,0.0,9,True,0.46481481481481485,0.7777777777777778,0.3776340271255507,0.9864267287308424
1275,0.0,9,True,0.5333333333333333,1.0,1.0,0.0
1276,0.0,9,True,0.4055555555555556,0.5555555555555556,0.1472075115099596,1.3516441151533922
1277,0.0,9,True,0.5333333333333333,1.0,1.0,0.0
1278,0.0,9,True,0.5333333333333333,1.0,1.0,0.0
1279,0.0,9,True,0.7333333333333333,1.0,1.0,0.0
1280,0.0,9,True,0.5611111111111112,0.7777777777777778,0.23579549349137974,0.7642045065086203
1281,0.0,9,True,0.6,1.0,1.0,0.0
1282,0.0,9,True,0.6666666666666666,1.0,1.0,0.0
1283,0.0,9,True,0.47407407407407404,0.8888888888888888,0.49674166522435426,0.5032583347756457
1284,0.0,9,True,0.47407407407407404,0.8888888888888888,0.49674166522435426,0.5032583347756457
1285,0.0,9,True,0.7333333333333333,1.0,1.0,0.0
1286,0.0,9,True,0.5037037037037037,0.8888888888888888,0.49674166522435426,0.5032583347756457
1287,0.0,9,True,0.6,1.0,1.0,0.0
1288,0.0,9,True,0.48888888888888893,0.8888888888888888,0.49674166522435426,0.5032583347756457
1289,0.0,9,True,0.48333333333333334,0.7777777777777778,0.23579549349137974,0.7642045065086203
1290,0.0,9,True,0.5333333333333333,1.0,1.0,0.0
1291,0.0,9,True,0.5333333333333333,1.0,1.0,0.0
1292,0.0,9,True,0.47222222222222227,0.7777777777777778,0.23579549349137974,0.7642045065086203
1293,0.0,9,True,0.6666666666666666,1.0,1.0,0.0
1294,0.0,9,True,0.5185185185185185,0.8888888888888888,0.49674166522435426,0.5032583347756457
1295,0.0,9,True,0.5333333333333333,1.0,1.0,0.0
1296,0.0,9,True,0.6,1.0,1.0,0.0
1297,0.0,9,True,0.6666666666666666,1.0,1.0,0.0
1298,0.0,9,True,0.5333333333333333,1.0,1.0,0.0
1299,0.0,9,True,0.5333333333333333,1.0,1.0,0.0
1300,0.0,9,True,0.6,1.0,1.0,0.0
1301,0.0,9,True,0.5333333333333333,0.7777777777777778,0.23579549349137974,0.7642045065086203
1302,0.0,9,True,0.6666666666666666,1.0,1.0,0.0
1303,0.0,9,True,0.5407407407407407,0.8888888888888888,0.49674166522435426,0.5032583347756457
1304,0.0,9,True,0.42962962962962964,0.5555555555555556,0.17112863674755563,1.6577427265048887
1305,0.0,9,True,0.5,0.7777777777777778,0.3776340271255507,0.9864267287308424
1306,0.1111111111111111,8,True,0.5666666666666667,0.875,0.3776340271255507,0.5435644431995964
1307,0.1111111111111111,8,True,0.4666666666666667,0.875,0.3776340271255507,0.5435644431995964
1308,0.1111111111111111,8,True,0.48333333333333334,0.875,0.3776340271255507,0.5435644431995964
1309,0.1111111111111111,8,True,0.48333333333333334,0.875,0.3776340271255507,0.5435644431995964
1310,0.1111111111111111,8,True,0.5333333333333333,0.875,0.3776340271255507,0.5435644431995964
1311,0.8888888888888888,1,False,,,,
1312,0.8888888888888888,1,False,,,,
1313,0.8888888888888888,1,False,,,,
1314,0.8888888888888888,1,False,,,,
1315,0.8888888888888888,1,False,,,,
1316,0.1111111111111111,8,True,0.5166666666666667,0.875,0.3776340271255507,0.5435644431995964
1317,0.1111111111111111,8,True,0.5333333333333333,1.0,0.49674166522435426,0.0
1318,0.1111111111111111,8,True,0.85,0.875,0.3776340271255507,0.5435644431995964
1319,0.1111111111111111,8,True,0.45,0.875,0.3776340271255507,0.5435644431995964
1320,0.1111111111111111,8,True,0.5666666666666667,0.875,0.3776340271255507,0.5435644431995964
1321,0.1111111111111111,8,True,0.5666666666666667,0.875,0.3776340271255507,0.5435644431995964
1322,0.1111111111111111,8,True,0.39285714285714285,0.625,0.17112863674755563,1.2987949406953985
1323,0.1111111111111111,8,True,0.5166666666666667,0.875,0.3776340271255507,0.5435644431995964
1324,0.1111111111111111,8,True,0.45,0.875,0.3776340271255507,0.5435644431995964
1325,0.1111111111111111,8,True,0.4666666666666667,0.875,0.3776340271255507,0.5435644431995964
1326,0.1111111111111111,8,True,0.4380952380952381,0.75,0.2766916661858959,1.061278124459133
1327,0.1111111111111111,8,True,0.5166666666666667,0.875,0.3776340271255507,0.5435644431995964
1328,0.1111111111111111,8,True,0.5333333333333333,0.875,0.3776340271255507,0.5435644431995964
1329,0.1111111111111111,8,True,0.3619047619047619,0.5,0.11331711999846616,1.75
1330,0.1111111111111111,8,True,0.45,0.75,0.2766916661858959,1.061278124459133
1331,0.1111111111111111,8,True,0.5166666666666667,0.875,0.3776340271255507,0.5435644431995964
1332,0.1111111111111111,8,True,0.45,0.875,0.3776340271255507,0.5435644431995964
1333,0.1111111111111111,8,True,0.4666666666666667,0.875,0.3776340271255507,0.5435644431995964
1334,0.8888888888888888,1,False,,,,
1335,0.8888888888888888,1,False,,,,
1336,0.8888888888888888,1,False,,,,
1337,0.8888888888888888,1,False,,,,
1338,0.8888888888888888,1,False,,,,
1339,0.8888888888888888,1,False,,,,
1340,0.8888888888888888,1,False,,,,
1341,0.8888888888888888,1,False,,,,
1342,0.8888888888888888,1,False,,,,
1343,0.8888888888888888,1,False,,,,
1344,0.0,9,True,0.4055555555555556,0.7777777777777778,0.3776340271255507,0.9864267287308424
1345,0.0,9,True,0.48888888888888893,0.7777777777777778,0.3776340271255507,0.9864267287308424
1346,0.0,9,True,0.5555555555555555,0.8888888888888888,0.49674166522435426,0.5032583347756457
1347,0.0,9,True,0.40925925925925927,0.6666666666666666,0.22749311428573982,1.224394445405986
1348,0.0,9,True,0.5111111111111111,0.8888888888888888,0.49674166522435426,0.5032583347756457
1349,0.0,9,True,0.47407407407407404,0.8888888888888888,0.49674166522435426,0.5032583347756457
1350,0.0,9,True,0.4962962962962963,0.8888888888888888,0.49674166522435426,0.5032583347756457
1351,0.0,9,True,0.7925925925925926,0.8888888888888888,0.49674166522435426,0.5032583347756457
1352,0.0,9,True,0.5333333333333333,1.0,1.0,0.0
1353,0.0,9,True,0.5333333333333333,1.0,1.0,0.0
1354,0.0,9,True,0.6666666666666666,1.0,1.0,0.0
1355,1.0,0,False,,,,
1356,1.0,0,False,,,,
1357,0.0,9,True,0.4944444444444444,0.7777777777777778,0.23579549349137974,0.7642045065086203
1358,0.0,9,True,0.5,0.7777777777777778,0.3776340271255507,0.9864267287308424
1359,0.0,9,True,0.548148148148148,0.8888888888888888,0.49674166522435426,0.5032583347756457
1360,0.0,9,True,0.548148148148148,0.8888888888888888,0.49674166522435426,0.5032583347756457
1361,0.0,9,True,0.3722222222222222,0.5555555555555556,0.17112863674755563,1.6577427265048887
1362,0.0,9,True,0.4592592592592593,0.8888888888888888,0.49674166522435426,0.5032583347756457
1363,0.8888888888888888,1,False,,,,
1364,0.8888888888888888,1,False,,,,
1365,0.0,9,True,0.4814814814814815,0.8888888888888888,0.49674166522435426,0.5032583347756457
1366,0.0,9,True,0.4592592592592593,0.8888888888888888,0.49674166522435426,0.5032583347756457
1367,0.0,9,True,0.548148148148148,0.8888888888888888,0.49674166522435426,0.5032583347756457
1368,0.0,9,True,0.47222222222222227,0.7777777777777778,0.23579549349137974,0.7642045065086203
1369,0.0,9,True,0.4592592592592593,0.8888888888888888,0.49674166522435426,0.5032583347756457
1370,0.0,9,True,0.5111111111111111,0.8888888888888888,0.49674166522435426,0.5032583347756457
1371,0.0,9,True,0.48888888888888893,0.8888888888888888,0.49674166522435426,0.5032583347756457
1372,0.0,9,True,0.4962962962962963,0.8888888888888888,0.49674166522435426,0.5032583347756457
1373,0.0,9,True,0.5037037037037037,0.8888888888888888,0.49674166522435426,0.5032583347756457
1374,0.0,9,True,0.42962962962962964,0.8888888888888888,0.49674166522435426,0.5032583347756457
1375,0.0,9,True,0.4592592592592593,0.7777777777777778,0.3776340271255507,0.9864267287308424
1376,0.0,9,True,0.36666666666666664,0.5555555555555556,0.14720751150995937,1.3516441151533924
1377,0.0,9,True,0.43333333333333335,0.7777777777777778,0.3776340271255507,0.9864267287308424
1378,0.0,9,True,0.4166666666666667,0.7777777777777778,0.3776340271255507,0.9864267287308424
1379,0.0,9,True,0.562962962962963,0.7777777777777778,0.3776340271255507,0.9864267287308424
1380,0.0,9,True,0.43148148148148147,0.7777777777777778,0.3776340271255507,0.9864267287308424
1381,0.0,9,True,0.548148148148148,0.8888888888888888,0.49674166522435426,0.5032583347756457
1382,0.0,9,True,0.548148148148148,0.8888888888888888,0.49674166522435426,0.5032583347756457
1383,0.8888888888888888,1,False,,,,
1384,0.0,9,True,0.5333333333333333,0.8888888888888888,0.49674166522435426,0.5032583347756457
1385,0.0,9,True,0.4592592592592593,0.8888888888888888,0.49674166522435426,0.5032583347756457
1386,0.0,9,True,0.5407407407407407,0.8888888888888888,0.49674166522435426,0.5032583347756457
1387,0.0,9,True,0.5111111111111111,0.8888888888888888,0.49674166522435426,0.5032583347756457
1388,0.0,9,True,0.43148148148148147,0.7777777777777778,0.3776340271255507,0.9864267287308424
1389,0.0,9,True,0.5777777777777778,0.8888888888888888,0.49674166522435426,0.5032583347756457
1390,0.0,9,True,0.4962962962962963,0.8888888888888888,0.49674166522435426,0.5032583347756457
1391,0.0,9,True,0.4,0.6666666666666666,0.2766916661858959,1.4466166676282082
1392,0.0,9,True,0.3888888888888889,0.7777777777777778,0.3776340271255507,0.9864267287308424
1393,0.0,9,True,0.6,1.0,1.0,0.0
1394,0.0,9,True,0.6148148148148148,0.8888888888888888,0.49674166522435426,0.5032583347756457
1395,0.0,9,True,0.6666666666666666,1.0,1.0,0.0
1396,0.0,9,True,0.6,1.0,1.0,0.0
1397,0.0,9,True,0.5333333333333333,1.0,1.0,0.0
1398,0.0,9,True,0.6,1.0,1.0,0.0
1399,0.0,9,True,0.5333333333333333,1.0,1.0,0.0
1400,0.0,9,True,0.6,1.0,1.0,0.0
1401,0.0,9,True,0.5333333333333333,1.0,1.0,0.0
1402,0.0,9,True,0.5333333333333333,1.0,1.0,0.0
1403,0.0,9,True,0.5333333333333333,1.0,1.0,0.0
1404,0.0,9,True,0.5777777777777778,0.8888888888888888,0.49674166522435426,0.5032583347756457
1405,0.0,9,True,0.412962962962963,0.7777777777777778,0.23579549349137974,0.7642045065086203
1406,0.0,9,True,0.5333333333333333,1.0,1.0,0.0
1407,0.0,9,True,0.475925925925926,0.7777777777777778,0.3776340271255507,0.9864267287308424
1408,0.0,9,True,0.4555555555555556,0.7777777777777778,0.23579549349137974,0.7642045065086203
1409,0.0,9,True,0.5555555555555555,0.8888888888888888,0.49674166522435426,0.5032583347756457
1410,0.0,9,True,0.5333333333333333,1.0,1.0,0.0
1411,0.0,9,True,0.5333333333333333,1.0,1.0,0.0
1412,0.0,9,True,0.6,1.0,1.0,0.0
1413,0.0,9,True,0.6,1.0,1.0,0.0
1414,0.0,9,True,0.7333333333333333,1.0,1.0,0.0
1415,0.0,9,True,0.8666666666666667,1.0,1.0,0.0
1416,0.0,9,True,0.7333333333333333,1.0,1.0,0.0
1417,0.0,9,True,0.8,1.0,1.0,0.0
1418,0.0,9,True,0.6,1.0,1.0,0.0
1419,0.0,9,True,0.5333333333333333,1.0,1.0,0.0
1420,0.0,9,True,0.5333333333333333,1.0,1.0,0.0
1421,0.0,9,True,0.6,1.0,1.0,0.0
1422,0.0,9,True,0.5333333333333333,1.0,1.0,0.0
1423,0.0,9,True,0.6,1.0,1.0,0.0
1424,0.0,9,True,0.6,1.0,1.0,0.0
1425,0.0,9,True,0.7333333333333333,1.0,1.0,0.0
1426,0.0,9,True,0.6,1.0,1.0,0.0
1427,0.0,9,True,0.5333333333333333,1.0,1.0,0.0
1428,0.0,9,True,0.8666666666666667,1.0,1.0,0.0
1429,0.0,9,True,0.5333333333333333,1.0,1.0,0.0
1430,0.0,9,True,0.5333333333333333,1.0,1.0,0.0
1431,0.0,9,True,0.4,0.6666666666666666,0.08170416594551044,0.9182958340544896
1432,0.0,9,True,0.5333333333333333,1.0,1.0,0.0
1433,0.0,9,True,0.6666666666666666,1.0,1.0,0.0
1434,0.0,9,True,0.6666666666666666,1.0,1.0,0.0
1435,0.0,9,True,0.6,1.0,1.0,0.0
1436,0.0,9,True,0.8666666666666667,1.0,1.0,0.0
1437,0.0,9,True,0.674074074074074,0.8888888888888888,0.49674166522435426,0.5032583347756457
1438,0.0,9,True,0.6,1.0,1.0,0.0
1439,0.0,9,True,0.5333333333333333,1.0,1.0,0.0
1440,0.0,9,True,0.6,1.0,1.0,0.0
1441,0.0,9,True,0.6,1.0,1.0,0.0
1442,0.0,9,True,0.3814814814814815,0.5555555555555556,0.17112863674755563,1.6577427265048887
1443,0.0,9,True,0.6666666666666666,1.0,1.0,0.0
1444,0.0,9,True,0.5333333333333333,1.0,1.0,0.0
1445,0.0,9,True,0.6,1.0,1.0,0.0
1446,0.0,9,True,0.6,1.0,1.0,0.0
1447,0.0,9,True,0.5333333333333333,1.0,1.0,0.0
1448,0.0,9,True,0.8,1.0,1.0,0.0
1449,0.0,9,True,0.6,1.0,1.0,0.0
1450,0.0,9,True,0.5777777777777778,0.8888888888888888,0.49674166522435426,0.5032583347756457
1451,0.0,9,True,0.5333333333333333,1.0,1.0,0.0
1452,0.0,9,True,0.42037037037037034,0.7777777777777778,0.3776340271255507,0.9864267287308424
1453,1.0,0,False,,,,
1454,1.0,0,False,,,,
1455,1.0,0,False,,,,
1456,1.0,0,False,,,,
1457,0.0,9,True,0.5555555555555555,0.8888888888888888,0.49674166522435426,0.5032583347756457
1458,0.0,9,True,0.5333333333333333,1.0,1.0,0.0
1459,0.0,9,True,0.6,1.0,1.0,0.0
1460,0.0,9,True,0.5333333333333333,1.0,1.0,0.0
1461,0.0,9,True,0.7333333333333333,1.0,1.0,0.0
1462,0.0,9,True,0.5333333333333333,1.0,1.0,0.0
1463,0.0,9,True,0.6,1.0,1.0,0.0
1464,0.0,9,True,0.7333333333333333,1.0,1.0,0.0
1465,0.0,9,True,0.5018518518518519,0.7777777777777778,0.3776340271255507,0.9864267287308424
1466,1.0,0,False,,,,
1467,1.0,0,False,,,,
1468,1.0,0,False,,,,
1469,1.0,0,False,,,,
1470,0.0,9,True,0.5333333333333333,1.0,1.0,0.0
1471,0.0,9,True,0.5074074074074074,0.7777777777777778,0.23579549349137974,0.7642045065086203
1472,0.0,9,True,0.575925925925926,0.7777777777777778,0.23579549349137974,0.7642045065086203
1473,0.0,9,True,0.437037037037037,0.7777777777777778,0.3776340271255507,0.9864267287308424
1474,0.0,9,True,0.5333333333333333,1.0,1.0,0.0
1475,0.0,9,True,0.7185185185185186,0.8888888888888888,0.49674166522435426,0.5032583347756457
1476,0.0,9,True,0.5333333333333333,1.0,1.0,0.0
1477,0.0,9,True,0.6,1.0,1.0,0.0
1478,1.0,0,False,,,,
1479,1.0,0,False,,,,
1480,1.0,0,False,,,,
1481,0.0,9,True,0.6666666666666666,1.0,1.0,0.0
1482,0.0,9,True,0.7333333333333333,1.0,1.0,0.0
1483,0.0,9,True,0.5333333333333333,1.0,1.0,0.0
1484,0.0,9,True,0.6,1.0,1.0,0.0
1485,0.0,9,True,0.6,1.0,1.0,0.0
1486,0.0,9,True,0.6,1.0,1.0,0.0
1487,0.0,9,True,0.6,1.0,1.0,0.0
1488,0.0,9,True,0.5333333333333333,1.0,1.0,0.0
1489,1.0,0,False,,,,
1490,1.0,0,False,,,,
1491,1.0,0,False,,,,
1492,0.0,9,True,0.8,1.0,1.0,0.0
1493,0.0,9,True,0.5333333333333333,1.0,1.0,0.0
1494,0.0,9,True,0.6,1.0,1.0,0.0
1495,0.0,9,True,0.6,1.0,1.0,0.0
1496,0.0,9,True,0.8666666666666667,1.0,1.0,0.0
1497,0.0,9,True,0.5333333333333333,1.0,1.0,0.0
1498,1.0,0,False,,,,
1499,1.0,0,False,,,,
1500,1.0,0,False,,,,
1501,0.0,9,True,0.5333333333333333,1.0,1.0,0.0
1502,0.0,9,True,0.6,1.0,1.0,0.0
1503,0.0,9,True,0.6666666666666666,1.0,1.0,0.0
1504,0.0,9,True,0.5333333333333333,1.0,1.0,0.0
1505,0.0,9,True,0.4611111111111111,0.6666666666666666,0.08170416594551044,0.9182958340544896
1506,0.0,9,True,0.4555555555555556,0.7777777777777778,0.23579549349137974,0.7642045065086203
1507,0.0,9,True,0.6,1.0,1.0,0.0
1508,0.0,9,True,0.6,1.0,1.0,0.0
1509,0.0,9,True,0.6,1.0,1.0,0.0
1510,0.0,9,True,0.7333333333333333,1.0,1.0,0.0
1511,0.0,9,True,0.5333333333333333,1.0,1.0,0.0
1512,0.0,9,True,0.6,1.0,1.0,0.0
1513,0.0,9,True,0.6,1.0,1.0,0.0
1514,0.0,9,True,0.8,1.0,1.0,0.0
1515,0.0,9,True,0.5333333333333333,1.0,1.0,0.0
1516,0.0,9,True,0.47407407407407404,0.8888888888888888,0.49674166522435426,0.5032583347756457
1517,0.0,9,True,0.5333333333333333,1.0,1.0,0.0
1518,1.0,0,False,,,,
1519,1.0,0,False,,,,
1520,1.0,0,False,,,,
1521,1.0,0,False,,,,
1522,1.0,0,False,,,,
1523,1.0,0,False,,,,
1524,0.0,9,True,0.47407407407407404,0.8888888888888888,0.49674166522435426,0.5032583347756457
1525,0.0,9,True,0.5555555555555555,0.8888888888888888,0.49674166522435426,0.5032583347756457
1526,0.0,9,True,0.6,1.0,1.0,0.0
1527,0.0,9,True,0.5333333333333333,1.0,1.0,0.0
1528,0.0,9,True,0.44814814814814813,0.7777777777777778,0.3776340271255507,0.9864267287308424
1529,0.0,9,True,0.5333333333333333,1.0,1.0,0.0
1530,0.0,9,True,0.5333333333333333,1.0,1.0,0.0
1531,0.0,9,True,0.5333333333333333,1.0,1.0,0.0
1532,0.0,9,True,0.7333333333333333,1.0,1.0,0.0
1533,0.0,9,True,0.6,1.0,1.0,0.0
1534,0.0,9,True,0.7333333333333333,1.0,1.0,0.0
1535,0.0,9,True,0.48888888888888893,0.8888888888888888,0.49674166522435426,0.5032583347756457
1536,0.0,9,True,0.5333333333333333,1.0,1.0,0.0
1537,0.0,9,True,0.7333333333333333,1.0,1.0,0.0
1538,0.0,9,True,0.7333333333333333,1.0,1.0,0.0
1539,0.0,9,True,0.5259259259259259,0.8888888888888888,0.49674166522435426,0.5032583347756457
1540,0.0,9,True,0.5185185185185185,0.8888888888888888,0.49674166522435426,0.5032583347756457
1541,0.0,9,True,0.8,1.0,1.0,0.0
1542,0.0,9,True,0.5333333333333333,1.0,1.0,0.0
1543,0.0,9,True,0.5333333333333333,1.0,1.0,0.0
1544,0.0,9,True,0.4222222222222223,0.7777777777777778,0.3776340271255507,0.9864267287308424
1545,0.0,9,True,0.8,1.0,1.0,0.0
1546,0.0,9,True,0.6666666666666666,1.0,1.0,0.0
1547,1.0,0,False,,,,
1548,1.0,0,False,,,,
1549,0.0,9,True,0.7333333333333333,1.0,1.0,0.0
1550,0.0,9,True,0.6666666666666666,1.0,1.0,0.0
1551,0.0,9,True,0.674074074074074,0.8888888888888888,0.49674166522435426,0.5032583347756457
1552,0.0,9,True,0.4592592592592593,0.7777777777777778,0.3776340271255507,0.9864267287308424
1553,0.0,9,True,0.6,1.0,1.0,0.0
1554,0.0,9,True,0.5333333333333333,1.0,1.0,0.0
1555,0.0,9,True,0.6,1.0,1.0,0.0
1556,0.0,9,True,0.6666666666666666,1.0,1.0,0.0
1557,1.0,0,False,,,,
1558,1.0,0,False,,,,
1559,1.0,0,False,,,,
1560,1.0,0,False,,,,
1561,1.0,0,False,,,,
1562,1.0,0,False,,,,
1563,1.0,0,False,,,,
1564,1.0,0,False,,,,
1565,1.0,0,False,,,,
1566,1.0,0,False,,,,
1567,1.0,0,False,,,,
1568,1.0,0,False,,,,
1569,1.0,0,False,,,,
1570,1.0,0,False,,,,
1571,1.0,0,False,,,,
1572,1.0,0,False,,,,
1573,1.0,0,False,,,,
1574,0.0,9,True,0.5185185185185185,0.8888888888888888,0.49674166522435426,0.5032583347756457
1575,0.0,9,True,0.6,1.0,1.0,0.0
1576,0.0,9,True,0.6,1.0,1.0,0.0
1577,0.0,9,True,0.5333333333333333,1.0,1.0,0.0
1578,0.0,9,True,0.6,1.0,1.0,0.0
1579,0.0,9,True,0.6666666666666666,1.0,1.0,0.0
1580,0.0,9,True,0.4962962962962963,0.5555555555555556,0.008923940161777777,0.9910760598382222
1581,0.0,9,True,0.5555555555555555,0.8888888888888888,0.49674166522435426,0.5032583347756457
1582,0.0,9,True,0.6,1.0,1.0,0.0
1583,0.0,9,True,0.7333333333333333,0.8888888888888888,0.49674166522435426,0.5032583347756457
1584,0.0,9,True,0.5333333333333333,1.0,1.0,0.0
1585,0.0,9,True,1.0,1.0,1.0,0.0
1586,0.0,9,True,0.6666666666666666,1.0,1.0,0.0
1587,0.0,9,True,0.5,0.6666666666666666,0.08170416594551044,0.9182958340544896
1588,0.0,9,True,0.5333333333333333,1.0,1.0,0.0
1589,0.0,9,True,0.6,1.0,1.0,0.0
1590,0.0,9,True,0.5185185185185185,0.8888888888888888,0.49674166522435426,0.5032583347756457
1591,0.0,9,True,0.5333333333333333,1.0,1.0,0.0
1592,0.0,9,True,0.6,1.0,1.0,0.0
1593,0.0,9,True,0.437037037037037,0.7777777777777778,0.3776340271255507,0.9864267287308424
1594,0.0,9,True,0.6,1.0,1.0,0.0
1595,0.0,9,True,0.5925925925925927,0.8888888888888888,0.49674166522435426,0.5032583347756457
1596,0.0,9,True,0.6,1.0,1.0,0.0
1597,0.0,9,True,0.6666666666666666,1.0,1.0,0.0
1598,0.0,9,True,0.6666666666666666,1.0,1.0,0.0
1599,0.0,9,True,0.5333333333333333,1.0,1.0,0.0
1600,0.0,9,True,0.8,1.0,1.0,0.0
1601,0.0,9,True,0.5333333333333333,1.0,1.0,0.0
1602,0.0,9,True,0.6222222222222221,0.8888888888888888,0.49674166522435426,0.5032583347756457
1603,0.0,9,True,0.5333333333333333,1.0,1.0,0.0
1604,0.0,9,True,0.6,1.0,1.0,0.0
1605,0.0,9,True,0.6,1.0,1.0,0.0
1606,0.0,9,True,0.6,1.0,1.0,0.0
1607,1.0,0,False,,,,
1608,1.0,0,False,,,,
1609,1.0,0,False,,,,
1610,1.0,0,False,,,,
1611,1.0,0,False,,,,
1612,1.0,0,False,,,,
1613,1.0,0,False,,,,
1614,1.0,0,False,,,,
1615,1.0,0,False,,,,
1616,1.0,0,False,,,,
1617,0.0,9,True,0.5333333333333333,1.0,1.0,0.0
1618,0.0,9,True,0.6,1.0,1.0,0.0
1619,0.0,9,True,0.548148148148148,0.8888888888888888,0.49674166522435426,0.5032583347756457
1620,0.0,9,True,0.5333333333333333,1.0,1.0,0.0
1621,0.0,9,True,0.6,1.0,1.0,0.0
1622,0.0,9,True,0.6,1.0,1.0,0.0
1623,0.0,9,True,0.5259259259259259,0.8888888888888888,0.49674166522435426,0.5032583347756457
1624,0.0,9,True,0.6,1.0,1.0,0.0
1625,0.0,9,True,0.6666666666666666,1.0,1.0,0.0
1626,0.0,9,True,0.47407407407407404,0.8888888888888888,0.49674166522435426,0.5032583347756457
1627,0.0,9,True,0.6,1.0,1.0,0.0
1628,1.0,0,False,,,,
1629,1.0,0,False,,,,
1630,1.0,0,False,,,,
1631,1.0,0,False,,,,
1632,1.0,0,False,,,,
1633,1.0,0,False,,,,
1634,1.0,0,False,,,,
1635,1.0,0,False,,,,
1636,0.0,9,True,0.4555555555555556,0.7777777777777778,0.3776340271255507,0.9864267287308424
1637,0.0,9,True,0.7333333333333333,1.0,1.0,0.0
1638,0.0,9,True,0.6074074074074074,0.8888888888888888,0.49674166522435426,0.5032583347756457
1639,0.0,9,True,0.6666666666666666,1.0,1.0,0.0
1640,0.0,9,True,0.3222222222222222,0.5555555555555556,0.17112863674755563,1.6577427265048887
1641,0.0,9,True,0.6,1.0,1.0,0.0
1642,0.0,9,True,0.5407407407407407,0.8888888888888888,0.49674166522435426,0.5032583347756457
1643,0.0,9,True,0.6666666666666666,1.0,1.0,0.0
1644,0.0,9,True,0.6,1.0,1.0,0.0
1645,0.3333333333333333,6,True,0.6,1.0,0.08170416594551044,0.0
1646,0.3333333333333333,6,True,0.48888888888888893,0.8333333333333334,0.1472075115099596,0.6500224216483541
1647,0.3333333333333333,6,True,0.7333333333333333,1.0,0.08170416594551044,0.0
1648,0.3333333333333333,6,True,0.6,1.0,0.08170416594551044,0.0
1649,0.3333333333333333,6,True,0.5333333333333333,1.0,0.08170416594551044,0.0
1650,0.3333333333333333,6,True,0.8666666666666667,1.0,0.08170416594551044,0.0
1651,0.3333333333333333,6,True,0.6666666666666666,1.0,0.08170416594551044,0.0
1652,0.3333333333333333,6,True,0.5111111111111111,0.8333333333333334,0.1472075115099596,0.6500224216483541
1653,0.3333333333333333,6,True,0.5333333333333333,1.0,0.08170416594551044,0.0
1654,0.3333333333333333,6,True,0.5333333333333333,0.8333333333333334,0.1472075115099596,0.6500224216483541
1655,0.3333333333333333,6,True,0.5555555555555555,0.8333333333333334,0.1472075115099596,0.6500224216483541
1656,0.3333333333333333,6,True,0.5333333333333333,1.0,0.08170416594551044,0.0
1657,0.3333333333333333,6,True,0.5111111111111111,0.8333333333333334,0.1472075115099596,0.6500224216483541
1658,0.3333333333333333,6,True,0.39555555555555555,0.6666666666666666,0.12364236051014776,1.2516291673878228
1659,0.3333333333333333,6,True,0.4666666666666667,0.8333333333333334,0.1472075115099596,0.6500224216483541
1660,0.3333333333333333,6,True,0.6,1.0,0.08170416594551044,0.0
1661,0.3333333333333333,6,True,0.5333333333333333,1.0,0.08170416594551044,0.0
1662,0.3333333333333333,6,True,0.6,1.0,0.08170416594551044,0.0
1663,1.0,0,False,,,,
1664,1.0,0,False,,,,
1665,1.0,0,False,,,,
1666,1.0,0,False,,,,
1667,1.0,0,False,,,,
1668,1.0,0,False,,,,
1669,1.0,0,False,,,,
1670,1.0,0,False,,,,
1671,1.0,0,False,,,,
1672,1.0,0,False,,,,
1673,1.0,0,False,,,,
1674,0.3333333333333333,6,True,0.6,1.0,0.08170416594551044,0.0
1675,0.3333333333333333,6,True,0.7333333333333333,1.0,0.08170416594551044,0.0
1676,0.3333333333333333,6,True,0.5333333333333333,1.0,0.08170416594551044,0.0
1677,0.3333333333333333,6,True,0.5333333333333333,1.0,0.08170416594551044,0.0
1678,0.3333333333333333,6,True,0.6,1.0,0.08170416594551044,0.0
1679,1.0,0,False,,,,
1680,1.0,0,False,,,,
1681,0.3333333333333333,6,True,0.5333333333333333,1.0,0.08170416594551044,0.0
1682,1.0,0,False,,,,
1683,1.0,0,False,,,,
1684,1.0,0,False,,,,
1685,0.3333333333333333,6,True,0.7333333333333333,1.0,0.08170416594551044,0.0
1686,0.3333333333333333,6,True,0.6,1.0,0.08170416594551044,0.0
1687,0.3333333333333333,6,True,0.5555555555555555,0.8333333333333334,0.1472075115099596,0.6500224216483541
1688,0.3333333333333333,6,True,0.7333333333333333,1.0,0.08170416594551044,0.0
1689,0.4444444444444444,5,True,0.5333333333333333,1.0,0.008923940161777777,0.0
1690,0.4444444444444444,5,True,0.5333333333333333,1.0,0.008923940161777777,0.0
1691,0.4444444444444444,5,True,0.7333333333333333,1.0,0.008923940161777777,0.0
1692,0.4444444444444444,5,True,0.4266666666666667,0.8,0.1216528952381466,0.7219280948873623
1693,0.4444444444444444,5,True,0.52,0.8,0.1216528952381466,0.7219280948873623
1694,0.4444444444444444,5,True,0.5866666666666667,0.8,0.1216528952381466,0.7219280948873623
1695,0.4444444444444444,5,True,0.6666666666666666,1.0,0.008923940161777777,0.0
1696,0.4444444444444444,5,True,0.6,1.0,0.008923940161777777,0.0
1697,0.4444444444444444,5,True,0.6,1.0,0.008923940161777777,0.0
1698,0.4444444444444444,5,True,0.7333333333333333,1.0,0.008923940161777777,0.0
1699,0.4444444444444444,5,True,0.6666666666666666,1.0,0.008923940161777777,0.0
1700,0.4444444444444444,5,True,0.6,1.0,0.008923940161777777,0.0
1701,0.5555555555555556,4,False,,,,
1702,1.0,0,False,,,,
1703,1.0,0,False,,,,
1704,1.0,0,False,,,,
1705,1.0,0,False,,,,
1706,1.0,0,False,,,,
1707,1.0,0,False,,,,
1708,0.5555555555555556,4,False,,,,
1709,0.5555555555555556,4,False,,,,
1710,1.0,0,False,,,,
1711,1.0,0,False,,,,
1712,1.0,0,False,,,,
1713,1.0,0,False,,,,
1714,0.5555555555555556,4,False,,,,
1715,0.5555555555555556,4,False,,,,
1716,0.5555555555555556,4,False,,,,
1717,0.5555555555555556,4,False,,,,
1718,0.5555555555555556,4,False,,,,
1719,0.5555555555555556,4,False,,,,
1720,0.5555555555555556,4,False,,,,
1721,0.5555555555555556,4,False,,,,
1722,0.5555555555555556,4,False,,,,
1723,0.5555555555555556,4,False,,,,
1724,0.5555555555555556,4,False,,,,
1725,0.5555555555555556,4,False,,,,
1726,0.5555555555555556,4,False,,,,
1727,0.5555555555555556,4,False,,,,
1728,0.5555555555555556,4,False,,,,
1729,0.5555555555555556,4,False,,,,
1730,0.5555555555555556,4,False,,,,
1731,0.5555555555555556,4,False,,,,
1732,0.2222222222222222,7,True,0.580952380952381,0.8571428571428571,0.22749311428573982,0.5916727785823275
1733,0.2222222222222222,7,True,0.6,1.0,0.23579549349137974,0.0
1734,0.2222222222222222,7,True,0.3777777777777778,0.5714285714285714,0.08170416594551044,1.3787834934861753
1735,0.2222222222222222,7,True,0.3333333333333333,0.42857142857142855,0.0544694439636737,1.4488156357251847
1736,0.2222222222222222,7,True,0.5523809523809523,0.8571428571428571,0.22749311428573982,0.5916727785823275
1737,1.0,0,False,,,,
1738,1.0,0,False,,,,
1739,1.0,0,False,,,,
1740,1.0,0,False,,,,
1741,0.2222222222222222,7,True,0.5333333333333333,1.0,0.23579549349137974,0.0
1742,0.2222222222222222,7,True,0.5333333333333333,1.0,0.23579549349137974,0.0
1743,0.2222222222222222,7,True,0.6666666666666666,1.0,0.23579549349137974,0.0
1744,0.2222222222222222,7,True,0.4571428571428572,0.8571428571428571,0.22749311428573982,0.5916727785823275
1745,0.2222222222222222,7,True,0.5333333333333333,1.0,0.23579549349137974,0.0
1746,0.2222222222222222,7,True,0.6666666666666666,1.0,0.23579549349137974,0.0
1747,0.2222222222222222,7,True,0.6,1.0,0.23579549349137974,0.0
1748,0.2222222222222222,7,True,0.7333333333333333,1.0,0.23579549349137974,0.0
1749,0.2222222222222222,7,True,0.5333333333333333,1.0,0.23579549349137974,0.0
1750,0.2222222222222222,7,True,0.47619047619047616,0.8571428571428571,0.22749311428573982,0.5916727785823275
1751,0.2222222222222222,7,True,0.42539682539682544,0.7142857142857143,0.17112863674755563,1.1488348542809166
1752,0.2222222222222222,7,True,0.4571428571428572,0.8571428571428571,0.22749311428573982,0.5916727785823275
1753,0.2222222222222222,7,True,0.6666666666666666,1.0,0.23579549349137974,0.0
1754,0.2222222222222222,7,True,0.6,1.0,0.23579549349137974,0.0
1755,0.2222222222222222,7,True,0.4666666666666667,0.8571428571428571,0.22749311428573982,0.5916727785823275
1756,0.3333333333333333,6,True,0.3688888888888889,0.6666666666666666,0.12364236051014776,1.2516291673878228
1757,0.2222222222222222,7,True,0.6,1.0,0.23579549349137974,0.0
1758,0.2222222222222222,7,True,0.4380952380952381,0.5714285714285714,0.0343663928571748,0.9852281360342515
1759,0.2222222222222222,7,True,0.6,1.0,0.23579549349137974,0.0
1760,0.2222222222222222,7,True,0.41904761904761906,0.8571428571428571,0.22749311428573982,0.5916727785823275
1761,0.2222222222222222,7,True,0.5333333333333333,1.0,0.23579549349137974,0.0
1762,0.2222222222222222,7,True,0.6,1.0,0.23579549349137974,0.0
1763,0.2222222222222222,7,True,0.6,1.0,0.23579549349137974,0.0
1764,0.2222222222222222,7,True,0.6,1.0,0.23579549349137974,0.0
1765,0.2222222222222222,7,True,0.6,1.0,0.23579549349137974,0.0
1766,1.0,0,False,,,,
1767,0.2222222222222222,7,True,0.46031746031746035,0.7142857142857143,0.17112863674755563,1.1488348542809166
1768,0.2222222222222222,7,True,0.5333333333333333,1.0,0.23579549349137974,0.0
1769,0.2222222222222222,7,True,0.6666666666666666,1.0,0.23579549349137974,0.0
1770,0.2222222222222222,7,True,0.41904761904761906,0.8571428571428571,0.22749311428573982,0.5916727785823275
1771,0.2222222222222222,7,True,0.5333333333333333,1.0,0.23579549349137974,0.0
1772,0.2222222222222222,7,True,0.5333333333333333,1.0,0.23579549349137974,0.0
1773,0.2222222222222222,7,True,0.39047619047619053,0.42857142857142855,0.0544694439636737,1.4488156357251847
1774,0.2222222222222222,7,True,0.5333333333333333,1.0,0.23579549349137974,0.0
1775,0.2222222222222222,7,True,0.5142857142857143,0.8571428571428571,0.22749311428573982,0.5916727785823275
1776,0.2222222222222222,7,True,0.7333333333333333,1.0,0.23579549349137974,0.0
1777,0.2222222222222222,7,True,0.5333333333333333,1.0,0.23579549349137974,0.0
1778,0.2222222222222222,7,True,0.5333333333333333,1.0,0.23579549349137974,0.0
1779,0.2222222222222222,7,True,0.7333333333333333,1.0,0.23579549349137974,0.0
1780,0.2222222222222222,7,True,0.6666666666666666,1.0,0.23579549349137974,0.0
1781,0.2222222222222222,7,True,0.6,1.0,0.23579549349137974,0.0
1782,0.2222222222222222,7,True,0.2984126984126984,0.7142857142857143,0.17112863674755563,1.1488348542809166
1783,0.2222222222222222,7,True,0.6,1.0,0.23579549349137974,0.0
1784,0.2222222222222222,7,True,0.5142857142857143,0.8571428571428571,0.22749311428573982,0.5916727785823275
1785,0.2222222222222222,7,True,0.6,1.0,0.23579549349137974,0.0
1786,0.2222222222222222,7,True,0.4380952380952381,0.8571428571428571,0.22749311428573982,0.5916727785823275
1787,0.8888888888888888,1,False,,,,
1788,0.8888888888888888,1,False,,,,
1789,0.8888888888888888,1,False,,,,
1790,0.8888888888888888,1,False,,,,
1791,0.2222222222222222,7,True,0.5904761904761905,0.8571428571428571,0.22749311428573982,0.5916727785823275
1792,0.2222222222222222,7,True,0.5333333333333333,1.0,0.23579549349137974,0.0
1793,0.2222222222222222,7,True,0.3619047619047619,0.42857142857142855,0.0544694439636737,1.4488156357251847
1794,1.0,0,False,,,,
1795,1.0,0,False,,,,
1796,1.0,0,False,,,,
1797,1.0,0,False,,,,
1798,1.0,0,False,,,,
1799,1.0,0,False,,,,
1800,1.0,0,False,,,,
1801,1.0,0,False,,,,
1802,1.0,0,False,,,,
1803,1.0,0,False,,,,
1804,1.0,0,False,,,,
1805,1.0,0,False,,,,
1806,1.0,0,False,,,,
1807,1.0,0,False,,,,
1808,1.0,0,False,,,,
1809,1.0,0,False,,,,
1810,1.0,0,False,,,,
1811,1.0,0,False,,,,
1812,1.0,0,False,,,,
1813,1.0,0,False,,,,
1814,1.0,0,False,,,,
1815,1.0,0,False,,,,
1816,1.0,0,False,,,,
1817,1.0,0,False,,,,
1818,1.0,0,False,,,,
1819,1.0,0,False,,,,
1820,1.0,0,False,,,,
1821,1.0,0,False,,,,
1822,1.0,0,False,,,,
1823,0.3333333333333333,6,True,0.6,1.0,0.08170416594551044,0.0
1824,0.3333333333333333,6,True,0.43555555555555553,0.5,0.0544694439636737,1.4591479170272448
1825,0.2222222222222222,7,True,0.6666666666666666,1.0,0.23579549349137974,0.0
1826,0.2222222222222222,7,True,0.6476190476190476,0.8571428571428571,0.22749311428573982,0.5916727785823275
1827,0.2222222222222222,7,True,0.41904761904761906,0.8571428571428571,0.22749311428573982,0.5916727785823275
1828,0.2222222222222222,7,True,0.6,1.0,0.23579549349137974,0.0
1829,0.2222222222222222,7,True,0.5142857142857143,0.8571428571428571,0.22749311428573982,0.5916727785823275
1830,0.2222222222222222,7,True,0.5428571428571428,0.8571428571428571,0.22749311428573982,0.5916727785823275
1831,1.0,0,False,,,,
1832,1.0,0,False,,,,
1833,1.0,0,False,,,,
1834,0.2222222222222222,7,True,0.6666666666666666,1.0,0.23579549349137974,0.0
1835,0.2222222222222222,7,True,0.3873015873015873,0.5714285714285714,0.11331711999846616,1.6644977792004614
1836,0.2222222222222222,7,True,0.41904761904761906,0.7142857142857143,0.17112863674755563,1.1488348542809166
1837,0.2222222222222222,7,True,0.4380952380952381,0.7142857142857143,0.17112863674755563,1.1488348542809166
1838,0.7777777777777778,2,False,,,,
1839,0.2222222222222222,7,True,0.36507936507936506,0.5714285714285714,0.08170416594551055,1.3787834934861753
1840,0.2222222222222222,7,True,0.4380952380952381,0.8571428571428571,0.22749311428573982,0.5916727785823275
1841,0.2222222222222222,7,True,0.580952380952381,0.8571428571428571,0.22749311428573982,0.5916727785823275
1842,0.3333333333333333,6,True,0.3555555555555555,0.8333333333333334,0.1472075115099596,0.6500224216483541
1843,0.3333333333333333,6,True,0.5555555555555555,0.8333333333333334,0.1472075115099596,0.6500224216483541
1844,0.3333333333333333,6,True,0.5333333333333333,0.8333333333333334,0.1472075115099596,0.6500224216483541
1845,0.8888888888888888,1,False,,,,
1846,0.8888888888888888,1,False,,,,
1847,0.3333333333333333,6,True,0.6,1.0,0.08170416594551044,0.0
1848,0.3333333333333333,6,True,0.4666666666666667,0.8333333333333334,0.1472075115099596,0.6500224216483541
1849,0.3333333333333333,6,True,0.3422222222222222,0.5,0.08985840735201955,1.7924812503605778
1850,0.3333333333333333,6,True,0.48888888888888893,0.8333333333333334,0.1472075115099596,0.6500224216483541
1851,0.3333333333333333,6,True,0.5333333333333333,0.8333333333333334,0.1472075115099596,0.6500224216483541
1852,0.3333333333333333,6,True,0.5333333333333333,0.8333333333333334,0.1472075115099596,0.6500224216483541
1853,0.3333333333333333,6,True,0.6666666666666666,1.0,0.08170416594551044,0.0
1854,0.3333333333333333,6,True,0.5777777777777778,0.8333333333333334,0.1472075115099596,0.6500224216483541
1855,0.3333333333333333,6,True,0.4666666666666667,0.8333333333333334,0.1472075115099596,0.6500224216483541
1856,1.0,0,False,,,,
1857,1.0,0,False,,,,
1858,1.0,0,False,,,,
1859,1.0,0,False,,,,
1860,1.0,0,False,,,,
1861,1.0,0,False,,,,
1862,0.3333333333333333,6,True,0.52,0.6666666666666666,0.03436639285717491,0.9182958340544896
1863,0.3333333333333333,6,True,0.38666666666666666,0.6666666666666666,0.12364236051014776,1.2516291673878228
1864,0.4444444444444444,5,True,0.36000000000000004,0.6,0.12364236051014776,1.3709505944546687
1865,0.4444444444444444,5,True,0.48000000000000004,0.6,0.03436639285717491,0.9709505944546686
1866,0.0,9,True,0.48888888888888893,0.8888888888888888,0.49674166522435426,0.5032583347756457
1867,0.0,9,True,0.6,1.0,1.0,0.0
1868,0.0,9,True,0.36666666666666664,0.6666666666666666,0.2766916661858959,1.4466166676282082
1869,0.0,9,True,0.5555555555555555,0.8888888888888888,0.49674166522435426,0.5032583347756457
1870,0.0,9,True,0.6,1.0,1.0,0.0
1871,0.0,9,True,0.6,0.8888888888888888,0.49674166522435426,0.5032583347756457
1872,0.0,9,True,0.47222222222222227,0.7777777777777778,0.3776340271255507,0.9864267287308424
1873,0.0,9,True,0.31666666666666665,0.4444444444444444,0.03436639285717491,1.5304930567574824
1874,0.0,9,True,0.42037037037037034,0.7777777777777778,0.23579549349137974,0.7642045065086203
1875,0.0,9,True,0.5222222222222223,0.7777777777777778,0.23579549349137974,0.7642045065086203
1876,0.1111111111111111,8,True,0.6,1.0,0.49674166522435426,0.0
1877,0.0,9,True,0.2574074074074074,0.2222222222222222,0.029164237274183935,2.725480556997868
1878,0.0,9,True,0.27037037037037037,0.4444444444444444,0.11757477645534242,2.2810361125534233
1879,0.0,9,True,0.34074074074074073,0.4444444444444444,0.11331711999846616,2.058813890331201
1880,0.0,9,True,0.34444444444444444,0.6666666666666666,0.2766916661858959,1.4466166676282082
1881,0.0,9,True,0.4611111111111111,0.6666666666666666,0.22749311428573982,1.224394445405986
1882,1.0,0,False,,,,
1883,1.0,0,False,,,,
1884,1.0,0,False,,,,
1885,1.0,0,False,,,,
1886,1.0,0,False,,,,
1887,1.0,0,False,,,,
1888,1.0,0,False,,,,
1889,1.0,0,False,,,,
1890,0.0,9,True,0.3074074074074074,0.4444444444444444,0.12364236051014776,1.7527152789797045
1891,0.0,9,True,0.4074074074074074,0.5555555555555556,0.17112863674755563,1.6577427265048887
1892,0.0,9,True,0.4351851851851852,0.6666666666666666,0.22749311428573982,1.224394445405986
1893,0.0,9,True,0.37037037037037035,0.6666666666666666,0.2766916661858959,1.4466166676282082
1894,0.0,9,True,0.32407407407407407,0.6666666666666666,0.2766916661858959,1.4466166676282082
1895,0.0,9,True,0.5074074074074074,0.7777777777777778,0.23579549349137974,0.7642045065086203
1896,0.0,9,True,0.3962962962962963,0.6666666666666666,0.2766916661858959,1.4466166676282082
1897,0.0,9,True,0.5259259259259259,0.7777777777777778,0.3776340271255507,0.9864267287308424
1898,0.1111111111111111,8,True,0.46904761904761905,0.625,0.17112863674755563,1.2987949406953985
1899,0.8888888888888888,1,False,,,,
1900,0.8888888888888888,1,False,,,,
1901,0.1111111111111111,8,True,0.42142857142857143,0.75,0.2766916661858959,1.061278124459133
1902,0.1111111111111111,8,True,0.4095238095238095,0.625,0.17112863674755563,1.2987949406953985
1903,0.1111111111111111,8,True,0.48333333333333334,0.875,0.3776340271255507,0.5435644431995964
1904,0.1111111111111111,8,True,0.37619047619047613,0.75,0.2766916661858959,1.061278124459133
1905,0.1111111111111111,8,True,0.24047619047619048,0.5,0.11331711999846616,1.75
1906,0.1111111111111111,8,True,0.5166666666666667,0.875,0.3776340271255507,0.5435644431995964
1907,0.1111111111111111,8,True,0.6,1.0,0.49674166522435426,0.0
1908,0.8888888888888888,1,False,,,,
1909,0.8888888888888888,1,False,,,,
1910,0.8888888888888888,1,False,,,,
1911,0.8888888888888888,1,False,,,,
1912,0.8888888888888888,1,False,,,,
1913,1.0,0,False,,,,
1914,1.0,0,False,,,,
1915,1.0,0,False,,,,
1916,1.0,0,False,,,,
1917,1.0,0,False,,,,
1918,1.0,0,False,,,,
1919,1.0,0,False,,,,
1920,1.0,0,False,,,,
1921,1.0,0,False,,,,
1922,1.0,0,False,,,,
1923,1.0,0,False,,,,
1924,1.0,0,False,,,,
1925,1.0,0,False,,,,
1926,1.0,0,False,,,,
1927,1.0,0,False,,,,
1928,1.0,0,False,,,,
1929,1.0,0,False,,,,
1930,1.0,0,False,,,,
1931,1.0,0,False,,,,
1932,1.0,0,False,,,,
1933,1.0,0,False,,,,
1934,1.0,0,False,,,,
1935,1.0,0,False,,,,
1936,1.0,0,False,,,,
1937,1.0,0,False,,,,
1938,1.0,0,False,,,,
1939,1.0,0,False,,,,
1940,1.0,0,False,,,,
1941,1.0,0,False,,,,
1942,1.0,0,False,,,,
1943,1.0,0,False,,,,
1944,1.0,0,False,,,,
1945,1.0,0,False,,,,
1946,1.0,0,False,,,,
1947,1.0,0,False,,,,
1948,1.0,0,False,,,,
1949,1.0,0,False,,,,
1950,1.0,0,False,,,,
1951,1.0,0,False,,,,
1952,1.0,0,False,,,,
1953,1.0,0,False,,,,
1954,1.0,0,False,,,,
1955,1.0,0,False,,,,
1956,1.0,0,False,,,,
1957,1.0,0,False,,,,
1958,1.0,0,False,,,,
1959,0.8888888888888888,1,False,,,,
1960,0.8888888888888888,1,False,,,,
1961,0.8888888888888888,1,False,,,,
1962,0.8888888888888888,1,False,,,,
1963,0.8888888888888888,1,False,,,,
1964,0.8888888888888888,1,False,,,,
1965,1.0,0,False,,,,
1966,1.0,0,False,,,,
1967,1.0,0,False,,,,
1968,1.0,0,False,,,,
1969,1.0,0,False,,,,
1970,1.0,0,False,,,,
1971,1.0,0,False,,,,
1972,1.0,0,False,,,,
1973,1.0,0,False,,,,
1974,0.8888888888888888,1,False,,,,
1975,0.0,9,True,0.3925925925925926,0.6666666666666666,0.22749311428573982,1.224394445405986
1976,0.0,9,True,0.5407407407407407,0.8888888888888888,0.49674166522435426,0.5032583347756457
1977,0.0,9,True,0.32037037037037036,0.5555555555555556,0.17112863674755563,1.6577427265048887
1978,0.1111111111111111,8,True,0.4928571428571428,0.625,0.1472075115099596,0.954434002924965
1979,0.1111111111111111,8,True,0.3619047619047619,0.625,0.19034316658358497,1.5487949406953985
1980,0.1111111111111111,8,True,0.42380952380952386,0.75,0.2766916661858959,1.061278124459133
1981,0.0,9,True,0.4907407407407407,0.7777777777777778,0.3776340271255507,0.9864267287308424
1982,0.0,9,True,0.6,1.0,1.0,0.0
1983,0.0,9,True,0.5777777777777778,0.8888888888888888,0.49674166522435426,0.5032583347756457
1984,0.0,9,True,0.5555555555555555,0.8888888888888888,0.49674166522435426,0.5032583347756457
1985,0.0,9,True,0.6,1.0,1.0,0.0
1986,0.0,9,True,0.5555555555555555,0.8888888888888888,0.49674166522435426,0.5032583347756457
1987,0.7777777777777778,2,False,,,,
1988,1.0,0,False,,,,
1989,1.0,0,False,,,,
1990,1.0,0,False,,,,
1991,1.0,0,False,,,,
1992,1.0,0,False,,,,
1993,1.0,0,False,,,,
1994,1.0,0,False,,,,
1995,1.0,0,False,,,,
1996,1.0,0,False,,,,
1997,0.0,9,True,0.312962962962963,0.4444444444444444,0.12364236051014776,1.7527152789797045
1998,0.0,9,True,0.27037037037037037,0.3333333333333333,0.08985840735201955,2.113283334294875
1999,0.0,9,True,0.3111111111111111,0.4444444444444444,0.08170416594551055,1.836591668108979
2000,0.0,9,True,0.32037037037037036,0.5555555555555556,0.19034316658358497,1.8799649487271108
2001,0.1111111111111111,8,True,0.48333333333333334,0.875,0.3776340271255507,0.5435644431995964
2002,0.1111111111111111,8,True,0.5166666666666667,0.75,0.22749311428573982,0.8112781244591328
2003,0.1111111111111111,8,True,0.4666666666666667,0.875,0.3776340271255507,0.5435644431995964
2004,0.1111111111111111,8,True,0.41904761904761906,0.5,0.12364236051014776,1.4056390622295665
2005,0.1111111111111111,8,True,0.6,1.0,0.49674166522435426,0.0
2006,0.1111111111111111,8,True,0.3547619047619047,0.625,0.19034316658358497,1.5487949406953985
2007,0.1111111111111111,8,True,0.5,0.875,0.3776340271255507,0.5435644431995964
2008,0.1111111111111111,8,True,1.0,1.0,0.49674166522435426,0.0
2009,0.1111111111111111,8,True,0.3214285714285714,0.5,0.11331711999846616,1.75
2010,0.1111111111111111,8,True,0.6,1.0,0.49674166522435426,0.0
2011,0.2222222222222222,7,True,0.5428571428571428,0.8571428571428571,0.22749311428573982,0.5916727785823275
2012,0.1111111111111111,8,True,0.5166666666666667,0.875,0.3776340271255507,0.5435644431995964
2013,0.1111111111111111,8,True,0.5,0.875,0.3776340271255507,0.5435644431995964
2014,0.1111111111111111,8,True,0.3428571428571428,0.75,0.22749311428573982,0.8112781244591328
2015,0.1111111111111111,8,True,0.5,0.875,0.3776340271255507,0.5435644431995964
2016,0.0,9,True,0.5555555555555555,0.8888888888888888,0.49674166522435426,0.5032583347756457
2017,0.0,9,True,0.387037037037037,0.4444444444444444,0.12364236051014776,1.7527152789797045
2018,0.0,9,True,0.3037037037037037,0.3333333333333333,0.08985840735201955,2.113283334294875
2019,0.0,9,True,0.4166666666666667,0.7777777777777778,0.3776340271255507,0.9864267287308424
2020,0.0,9,True,0.4574074074074074,0.7777777777777778,0.3776340271255507,0.9864267287308424
2021,0.0,9,True,0.4037037037037037,0.5555555555555556,0.17112863674755563,1.6577427265048887
2022,0.0,9,True,0.5111111111111111,0.8888888888888888,0.49674166522435426,0.5032583347756457
2023,0.0,9,True,0.5777777777777778,0.8888888888888888,0.49674166522435426,0.5032583347756457
2024,0.0,9,True,0.5111111111111111,0.8888888888888888,0.49674166522435426,0.5032583347756457
2025,1.0,0,False,,,,
2026,1.0,0,False,,,,
2027,1.0,0,False,,,,
2028,1.0,0,False,,,,
2029,1.0,0,False,,,,
2030,1.0,0,False,,,,
2031,1.0,0,False,,,,
2032,1.0,0,False,,,,
2033,1.0,0,False,,,,
2034,1.0,0,False,,,,
2035,1.0,0,False,,,,
2036,1.0,0,False,,,,
2037,1.0,0,False,,,,
2038,1.0,0,False,,,,
2039,1.0,0,False,,,,
2040,1.0,0,False,,,,
2041,1.0,0,False,,,,
2042,1.0,0,False,,,,
2043,1.0,0,False,,,,
2044,1.0,0,False,,,,
2045,1.0,0,False,,,,
2046,1.0,0,False,,,,
2047,1.0,0,False,,,,
2048,1.0,0,False,,,,
2049,1.0,0,False,,,,
2050,1.0,0,False,,,,
2051,1.0,0,False,,,,
2052,1.0,0,False,,,,
2053,1.0,0,False,,,,
2054,1.0,0,False,,,,
2055,1.0,0,False,,,,
2056,1.0,0,False,,,,
2057,1.0,0,False,,,,
2058,1.0,0,False,,,,
2059,1.0,0,False,,,,
2060,1.0,0,False,,,,
2061,1.0,0,False,,,,
2062,1.0,0,False,,,,
2063,1.0,0,False,,,,
2064,1.0,0,False,,,,
2065,1.0,0,False,,,,
2066,1.0,0,False,,,,
2067,1.0,0,False,,,,
2068,1.0,0,False,,,,
2069,1.0,0,False,,,,
2070,1.0,0,False,,,,
2071,1.0,0,False,,,,
2072,1.0,0,False,,,,
2073,1.0,0,False,,,,
2074,1.0,0,False,,,,
2075,1.0,0,False,,,,
2076,1.0,0,False,,,,
2077,1.0,0,False,,,,
2078,1.0,0,False,,,,
2079,1.0,0,False,,,,
2080,1.0,0,False,,,,
2081,1.0,0,False,,,,
2082,1.0,0,False,,,,
2083,1.0,0,False,,,,
2084,1.0,0,False,,,,
2085,1.0,0,False,,,,
2086,1.0,0,False,,,,
2087,1.0,0,False,,,,
2088,1.0,0,False,,,,
2089,1.0,0,False,,,,
2090,1.0,0,False,,,,
2091,1.0,0,False,,,,
2092,1.0,0,False,,,,
2093,0.0,9,True,0.5111111111111111,0.8888888888888888,0.49674166522435426,0.5032583347756457
2094,0.0,9,True,0.5777777777777778,0.8888888888888888,0.49674166522435426,0.5032583347756457
2095,0.0,9,True,0.47407407407407404,0.8888888888888888,0.49674166522435426,0.5032583347756457
2096,0.0,9,True,0.6148148148148148,0.8888888888888888,0.49674166522435426,0.5032583347756457
2097,0.0,9,True,0.6148148148148148,0.8888888888888888,0.49674166522435426,0.5032583347756457
2098,0.0,9,True,0.5111111111111111,0.8888888888888888,0.49674166522435426,0.5032583347756457
2099,0.0,9,True,0.5222222222222223,0.7777777777777778,0.23579549349137974,0.7642045065086203
2100,0.0,9,True,0.6666666666666666,1.0,1.0,0.0
2101,0.0,9,True,0.48888888888888893,0.5555555555555556,0.008923940161777777,0.9910760598382222
2102,0.0,9,True,0.4962962962962963,0.8888888888888888,0.49674166522435426,0.5032583347756457
2103,0.0,9,True,0.6666666666666666,1.0,1.0,0.0
2104,0.0,9,True,0.6,1.0,1.0,0.0
2105,0.0,9,True,0.6148148148148148,0.8888888888888888,0.49674166522435426,0.5032583347756457
2106,0.1111111111111111,8,True,0.7333333333333333,1.0,0.49674166522435426,0.0
2107,0.0,9,True,0.5111111111111111,0.8888888888888888,0.49674166522435426,0.5032583347756457
2108,0.0,9,True,0.3814814814814815,0.5555555555555556,0.09428740198616281,1.4355205042826666
2109,0.0,9,True,0.28888888888888886,0.4444444444444444,0.1216528952381466,1.3921472236645345
2110,0.0,9,True,0.29814814814814816,0.4444444444444444,0.11331711999846616,2.058813890331201
2111,0.1111111111111111,8,True,0.34523809523809523,0.625,0.19034316658358497,1.5487949406953985
2112,0.0,9,True,0.36666666666666664,0.5555555555555556,0.17112863674755563,1.6577427265048887
2113,0.0,9,True,0.42962962962962964,0.7777777777777778,0.3776340271255507,0.9864267287308424
2114,0.0,9,True,0.3333333333333333,0.4444444444444444,0.12364236051014776,1.7527152789797045
2115,0.1111111111111111,8,True,0.5,0.875,0.3776340271255507,0.5435644431995964
2116,0.1111111111111111,8,True,0.5,0.875,0.3776340271255507,0.5435644431995964
2117,0.1111111111111111,8,True,0.6,1.0,0.49674166522435426,0.0
2118,0.1111111111111111,8,True,0.4880952380952381,0.75,0.2766916661858959,1.061278124459133
2119,0.0,9,True,0.3888888888888889,0.6666666666666666,0.2766916661858959,1.4466166676282082
2120,0.0,9,True,0.3037037037037037,0.3333333333333333,0.0544694439636737,1.8910611120726526
2121,0.0,9,True,0.45,0.7777777777777778,0.3776340271255507,0.9864267287308424
2122,0.0,9,True,0.3907407407407407,0.6666666666666666,0.2766916661858959,1.4466166676282082
2123,0.0,9,True,0.37037037037037035,0.6666666666666666,0.22749311428573982,1.224394445405986
2124,0.0,9,True,0.5555555555555555,0.8888888888888888,0.49674166522435426,0.5032583347756457
2125,0.0,9,True,0.48888888888888893,0.5555555555555556,0.008923940161777777,0.9910760598382222
2126,0.0,9,True,0.5777777777777778,0.8888888888888888,0.49674166522435426,0.5032583347756457
2127,0.0,9,True,0.34814814814814815,0.4444444444444444,0.08170416594551044,1.8365916681089791
2128,0.0,9,True,0.5555555555555555,0.8888888888888888,0.49674166522435426,0.5032583347756457
2129,0.0,9,True,0.5259259259259259,0.8888888888888888,0.49674166522435426,0.5032583347756457
2130,0.0,9,True,0.2907407407407407,0.4444444444444444,0.11331711999846616,2.058813890331201
2131,0.0,9,True,0.27037037037037037,0.3333333333333333,0.06405530255413405,2.4193819456463714
2132,0.0,9,True,0.24074074074074076,0.3333333333333333,0.06405530255413405,2.4193819456463714
2133,0.0,9,True,0.312962962962963,0.5555555555555556,0.19034316658358497,1.8799649487271108
2134,0.0,9,True,0.2611111111111111,0.3333333333333333,0.06405530255413405,2.4193819456463714
2135,0.0,9,True,0.24444444444444444,0.3333333333333333,0.06405530255413405,2.4193819456463714
2136,0.0,9,True,0.2574074074074074,0.3333333333333333,0.05373481277819914,2.197159723424149
2137,0.0,9,True,0.43333333333333335,0.4444444444444444,0.1216528952381466,1.3921472236645345
2138,0.4444444444444444,5,True,0.35333333333333333,0.6,0.12364236051014776,1.3709505944546687
2139,0.1111111111111111,8,True,0.44761904761904764,0.625,0.17112863674755563,1.2987949406953985
2140,0.2222222222222222,7,True,0.41269841269841273,0.5714285714285714,0.08170416594551055,1.3787834934861753
2141,1.0,0,False,,,,
2142,1.0,0,False,,,,
2143,0.8888888888888888,1,False,,,,
2144,0.8888888888888888,1,False,,,,
2145,0.8888888888888888,1,False,,,,
2146,0.8888888888888888,1,False,,,,
2147,0.8888888888888888,1,False,,,,
2148,0.8888888888888888,1,False,,,,
2149,0.8888888888888888,1,False,,,,
2150,0.8888888888888888,1,False,,,,
2151,0.8888888888888888,1,False,,,,
2152,0.8888888888888888,1,False,,,,
2153,0.8888888888888888,1,False,,,,
2154,0.8888888888888888,1,False,,,,
2155,0.8888888888888888,1,False,,,,
2156,0.8888888888888888,1,False,,,,
2157,0.8888888888888888,1,False,,,,
2158,0.8888888888888888,1,False,,,,
2159,0.2222222222222222,7,True,0.6,1.0,0.23579549349137974,0.0
2160,0.1111111111111111,8,True,0.4523809523809524,0.625,0.17112863674755563,1.2987949406953985
2161,0.6666666666666666,3,False,,,,
2162,1.0,0,False,,,,
2163,1.0,0,False,,,,
2164,1.0,0,False,,,,
2165,1.0,0,False,,,,
2166,1.0,0,False,,,,
2167,0.6666666666666666,3,False,,,,
2168,0.6666666666666666,3,False,,,,
2169,0.6666666666666666,3,False,,,,
2170,0.6666666666666666,3,False,,,,
2171,0.6666666666666666,3,False,,,,
2172,0.6666666666666666,3,False,,,,
2173,0.6666666666666666,3,False,,,,
2174,0.5555555555555556,4,False,,,,
2175,0.5555555555555556,4,False,,,,
2176,0.5555555555555556,4,False,,,,
2177,0.4444444444444444,5,True,0.29333333333333333,0.6,0.12364236051014776,1.3709505944546687
2178,0.4444444444444444,5,True,0.32,0.6,0.12364236051014776,1.3709505944546687
2179,0.0,9,True,0.5555555555555555,0.8888888888888888,0.49674166522435426,0.5032583347756457
2180,0.0,9,True,0.5555555555555555,0.8888888888888888,0.49674166522435426,0.5032583347756457
2181,0.0,9,True,0.3944444444444445,0.6666666666666666,0.2766916661858959,1.4466166676282082
2182,0.0,9,True,0.43333333333333335,0.7777777777777778,0.3776340271255507,0.9864267287308424
2183,0.0,9,True,0.3092592592592593,0.5555555555555556,0.17112863674755563,1.6577427265048887
2184,0.0,9,True,0.32037037037037036,0.4444444444444444,0.12364236051014776,1.7527152789797045
2185,0.0,9,True,0.5333333333333333,0.7777777777777778,0.23579549349137974,0.7642045065086203
2186,0.0,9,True,0.3277777777777778,0.4444444444444444,0.12364236051014776,1.7527152789797045
2187,0.0,9,True,0.5555555555555555,0.8888888888888888,0.49674166522435426,0.5032583347756457
2188,0.0,9,True,0.362962962962963,0.6666666666666666,0.2766916661858959,1.4466166676282082
2189,0.0,9,True,0.5259259259259259,0.8888888888888888,0.49674166522435426,0.5032583347756457
2190,0.0,9,True,0.3111111111111111,0.5555555555555556,0.17112863674755563,1.6577427265048887
2191,0.0,9,True,0.4962962962962963,0.8888888888888888,0.49674166522435426,0.5032583347756457
2192,0.0,9,True,0.362962962962963,0.4444444444444444,0.1216528952381466,1.3921472236645345
2193,0.0,9,True,0.48888888888888893,0.5555555555555556,0.008923940161777777,0.9910760598382222
2194,0.0,9,True,0.3888888888888889,0.6666666666666666,0.2766916661858959,1.4466166676282082
2195,0.0,9,True,0.29444444444444445,0.3333333333333333,0.06405530255413405,2.4193819456463714
2196,0.0,9,True,0.412962962962963,0.6666666666666666,0.2766916661858959,1.4466166676282082
2197,0.0,9,True,0.3111111111111111,0.4444444444444444,0.11331711999846616,2.058813890331201
2198,0.0,9,True,0.3037037037037037,0.4444444444444444,0.11331711999846616,2.058813890331201
2199,0.1111111111111111,8,True,0.4571428571428572,0.625,0.17112863674755563,1.2987949406953985
2200,0.1111111111111111,8,True,0.3547619047619047,0.625,0.19034316658358497,1.5487949406953985
2201,0.1111111111111111,8,True,0.3357142857142857,0.5,0.11331711999846616,1.75
2202,0.1111111111111111,8,True,0.39761904761904765,0.75,0.22749311428573982,0.8112781244591328
2203,0.1111111111111111,8,True,0.39761904761904765,0.625,0.19034316658358497,1.5487949406953985
2204,0.4444444444444444,5,True,0.3,0.4,0.08170416594551055,1.5219280948873621
2205,0.4444444444444444,5,True,0.2733333333333333,0.4,0.11331711999846616,1.9219280948873623
2206,0.8888888888888888,1,False,,,,
2207,0.8888888888888888,1,False,,,,
2208,0.8888888888888888,1,False,,,,
2209,0.4444444444444444,5,True,0.2866666666666667,0.6,0.12364236051014776,1.3709505944546687
2210,0.4444444444444444,5,True,0.4666666666666667,0.8,0.1216528952381466,0.7219280948873623
2211,0.4444444444444444,5,True,0.3333333333333333,0.4,0.08170416594551055,1.5219280948873621
2212,0.4444444444444444,5,True,0.31333333333333335,0.4,0.08170416594551055,1.5219280948873621
2213,0.4444444444444444,5,True,0.26,0.6,0.12364236051014776,1.3709505944546687
2214,0.4444444444444444,5,True,0.24000000000000002,0.4,0.11331711999846594,1.9219280948873623
2215,0.3333333333333333,6,True,0.3111111111111111,0.5,0.08985840735201955,1.7924812503605778
2216,0.3333333333333333,6,True,0.28888888888888886,0.6666666666666666,0.12364236051014776,1.2516291673878228
2217,0.3333333333333333,6,True,0.18666666666666665,0.16666666666666666,0.05904160991070073,2.584962500721156
2218,0.3333333333333333,6,True,0.36000000000000004,0.5,0.0544694439636737,1.4591479170272446
2219,0.3333333333333333,6,True,0.3022222222222222,0.5,0.08985840735201955,1.7924812503605778
2220,0.3333333333333333,6,True,0.36000000000000004,0.5,0.0544694439636737,1.4591479170272448
2221,0.3333333333333333,6,True,0.3511111111111111,0.3333333333333333,0.05373481277819914,1.9182958340544896
2222,0.3333333333333333,6,True,0.28,0.3333333333333333,0.05373481277819914,1.9182958340544896
2223,0.3333333333333333,6,True,0.3688888888888889,0.6666666666666666,0.12364236051014776,1.2516291673878228
2224,0.3333333333333333,6,True,0.41777777777777775,0.6666666666666666,0.12364236051014776,1.2516291673878228
2225,0.3333333333333333,6,True,0.39111111111111113,0.6666666666666666,0.12364236051014776,1.2516291673878228
2226,0.3333333333333333,6,True,0.6,1.0,0.08170416594551044,0.0
2227,0.3333333333333333,6,True,0.24444444444444444,0.5,0.0544694439636737,1.4591479170272448
2228,0.3333333333333333,6,True,0.43555555555555553,0.6666666666666666,0.12364236051014776,1.2516291673878228
2229,0.3333333333333333,6,True,0.3511111111111111,0.6666666666666666,0.12364236051014776,1.2516291673878228
2230,0.3333333333333333,6,True,0.4666666666666667,0.8333333333333334,0.1472075115099596,0.6500224216483541
2231,0.3333333333333333,6,True,0.3333333333333333,0.6666666666666666,0.12364236051014776,1.2516291673878228
2232,0.4444444444444444,5,True,0.31333333333333335,0.4,0.08170416594551055,1.5219280948873621
2233,0.4444444444444444,5,True,0.6,1.0,0.008923940161777777,0.0
2234,0.4444444444444444,5,True,0.26666666666666666,0.4,0.11331711999846616,1.9219280948873623
2235,0.4444444444444444,5,True,0.32,0.6,0.12364236051014776,1.3709505944546687
2236,0.5555555555555556,4,False,,,,
2237,0.8888888888888888,1,False,,,,
2238,0.8888888888888888,1,False,,,,
2239,0.8888888888888888,1,False,,,,
2240,0.6666666666666666,3,False,,,,
2241,0.6666666666666666,3,False,,,,
2242,0.4444444444444444,5,True,0.26666666666666666,0.4,0.11331711999846616,1.9219280948873623
2243,0.4444444444444444,5,True,0.2733333333333333,0.4,0.11331711999846616,1.9219280948873623
2244,0.4444444444444444,5,True,0.26666666666666666,0.4,0.11331711999846616,1.9219280948873623
2245,0.4444444444444444,5,True,0.52,0.8,0.1216528952381466,0.7219280948873623
2246,0.3333333333333333,6,True,0.28,0.5,0.08985840735201955,1.7924812503605778
2247,0.1111111111111111,8,True,0.24761904761904763,0.375,0.06405530255413405,2.1556390622295662
2248,0.1111111111111111,8,True,0.3071428571428571,0.5,0.11757477645534242,2.0
2249,0.1111111111111111,8,True,0.2785714285714286,0.5,0.11331711999846616,1.75
2250,0.0,9,True,0.4574074074074074,0.7777777777777778,0.23579549349137974,0.7642045065086203
2251,0.0,9,True,0.5555555555555555,0.8888888888888888,0.49674166522435426,0.5032583347756457
2252,0.0,9,True,0.40925925925925927,0.7777777777777778,0.23579549349137974,0.7642045065086203
2253,0.0,9,True,0.412962962962963,0.5555555555555556,0.14720751150995937,1.3516441151533924
2254,0.0,9,True,0.3555555555555555,0.5555555555555556,0.19034316658358497,1.8799649487271108
2255,0.2222222222222222,7,True,0.3428571428571428,0.42857142857142855,0.0544694439636737,1.4488156357251847
2256,0.2222222222222222,7,True,0.4571428571428572,0.8571428571428571,0.22749311428573982,0.5916727785823275
2257,0.2222222222222222,7,True,0.35238095238095235,0.42857142857142855,0.0544694439636737,1.4488156357251847
2258,0.2222222222222222,7,True,0.5238095238095238,0.8571428571428571,0.22749311428573982,0.5916727785823275
2259,0.2222222222222222,7,True,0.6,1.0,0.23579549349137974,0.0
2260,0.2222222222222222,7,True,0.4222222222222223,0.7142857142857143,0.17112863674755563,1.1488348542809166
2261,0.2222222222222222,7,True,0.49523809523809526,0.5714285714285714,0.0343663928571748,0.9852281360342515
2262,0.2222222222222222,7,True,0.5333333333333333,1.0,0.23579549349137974,0.0
2263,0.2222222222222222,7,True,0.4095238095238095,0.7142857142857143,0.09428740198616281,0.863120568566631
2264,0.2222222222222222,7,True,0.6,1.0,0.23579549349137974,0.0
2265,0.2222222222222222,7,True,0.6,1.0,0.23579549349137974,0.0
2266,0.2222222222222222,7,True,0.5238095238095238,0.8571428571428571,0.22749311428573982,0.5916727785823275
2267,0.2222222222222222,7,True,0.5904761904761905,0.8571428571428571,0.22749311428573982,0.5916727785823275
2268,0.1111111111111111,8,True,0.40476190476190477,0.625,0.17112863674755563,1.2987949406953985
2269,0.1111111111111111,8,True,0.32380952380952377,0.5,0.11331711999846616,1.75
2270,0.1111111111111111,8,True,0.6,1.0,0.49674166522435426,0.0
2271,0.1111111111111111,8,True,0.2714285714285714,0.25,0.029164237274183935,2.5
2272,0.1111111111111111,8,True,0.48333333333333334,0.875,0.3776340271255507,0.5435644431995964
2273,0.1111111111111111,8,True,0.33095238095238094,0.625,0.19034316658358497,1.5487949406953985
2274,0.1111111111111111,8,True,0.3952380952380953,0.625,0.19034316658358497,1.5487949406953985
2275,0.1111111111111111,8,True,0.2833333333333333,0.625,0.19034316658358497,1.5487949406953985
2276,0.2222222222222222,7,True,0.3555555555555555,0.5714285714285714,0.11331711999846616,1.6644977792004614
2277,0.2222222222222222,7,True,0.5904761904761905,0.8571428571428571,0.22749311428573982,0.5916727785823275
2278,0.2222222222222222,7,True,0.2698412698412698,0.42857142857142855,0.05373481277819914,1.8423709931771088
2279,0.3333333333333333,6,True,0.24888888888888888,0.3333333333333333,0.06405530255413405,2.2516291673878226
2280,0.2222222222222222,7,True,0.25396825396825395,0.2857142857142857,0.031607485958777604,2.2359263506290326
2281,0.2222222222222222,7,True,0.39682539682539686,0.5714285714285714,0.11331711999846616,1.6644977792004614
2282,0.2222222222222222,7,True,0.5047619047619047,0.8571428571428571,0.22749311428573982,0.5916727785823275
2283,0.5555555555555556,4,False,,,,
2284,0.2222222222222222,7,True,0.20317460317460317,0.2857142857142857,0.031607485958777604,2.2359263506290326
2285,0.2222222222222222,7,True,0.24126984126984127,0.2857142857142857,0.031607485958777604,2.2359263506290326
2286,0.3333333333333333,6,True,0.3466666666666667,0.6666666666666666,0.12364236051014776,1.2516291673878228
2287,0.2222222222222222,7,True,0.4571428571428572,0.7142857142857143,0.17112863674755563,1.1488348542809166
2288,0.2222222222222222,7,True,0.5428571428571428,0.8571428571428571,0.22749311428573982,0.5916727785823275
2289,0.2222222222222222,7,True,0.4380952380952381,0.5714285714285714,0.08170416594551055,1.3787834934861753
2290,0.2222222222222222,7,True,0.3873015873015873,0.5714285714285714,0.08170416594551055,1.3787834934861753
2291,0.2222222222222222,7,True,0.41904761904761906,0.8571428571428571,0.22749311428573982,0.5916727785823275
2292,0.2222222222222222,7,True,0.28253968253968254,0.2857142857142857,0.031607485958777604,2.2359263506290326
2293,0.2222222222222222,7,True,0.21587301587301588,0.2857142857142857,0.01761121820437861,1.950212064914747
2294,0.2222222222222222,7,True,0.41269841269841273,0.5714285714285714,0.08170416594551055,1.3787834934861753
2295,0.3333333333333333,6,True,0.3244444444444445,0.5,0.08985840735201955,1.7924812503605778
2296,0.3333333333333333,6,True,0.2533333333333333,0.3333333333333333,0.05373481277819914,1.9182958340544893
2297,0.3333333333333333,6,True,0.20888888888888887,0.3333333333333333,0.06405530255413405,2.2516291673878226
2298,0.3333333333333333,6,True,0.21333333333333335,0.3333333333333333,0.06405530255413405,2.2516291673878226
2299,0.3333333333333333,6,True,0.24888888888888888,0.5,0.0544694439636737,1.4591479170272448
2300,0.3333333333333333,6,True,0.20888888888888887,0.3333333333333333,0.06405530255413405,2.2516291673878226
2301,0.3333333333333333,6,True,0.24000000000000002,0.3333333333333333,0.05373481277819914,1.9182958340544896
2302,0.4444444444444444,5,True,0.16666666666666666,0.4,0.11331711999846616,1.9219280948873623
2303,0.4444444444444444,5,True,0.23333333333333334,0.4,0.11331711999846616,1.9219280948873623
2304,0.4444444444444444,5,True,0.22,0.4,0.11331711999846616,1.9219280948873623
2305,0.4444444444444444,5,True,0.22,0.4,0.11331711999846616,1.9219280948873623
2306,0.6666666666666666,3,False,,,,
2307,0.6666666666666666,3,False,,,,
2308,0.6666666666666666,3,False,,,,
2309,0.6666666666666666,3,False,,,,
2310,0.6666666666666666,3,False,,,,
2311,0.6666666666666666,3,False,,,,
2312,0.6666666666666666,3,False,,,,
2313,0.6666666666666666,3,False,,,,
2314,0.6666666666666666,3,False,,,,
2315,0.6666666666666666,3,False,,,,
2316,0.6666666666666666,3,False,,,,
2317,0.7777777777777778,2,False,,,,
2318,0.6666666666666666,3,False,,,,
2319,0.6666666666666666,3,False,,,,
2320,0.8888888888888888,1,False,,,,
2321,0.8888888888888888,1,False,,,,
2322,0.8888888888888888,1,False,,,,
2323,0.8888888888888888,1,False,,,,
2324,0.8888888888888888,1,False,,,,
2325,0.8888888888888888,1,False,,,,
2326,0.6666666666666666,3,False,,,,
2327,0.6666666666666666,3,False,,,,
2328,0.6666666666666666,3,False,,,,
2329,0.6666666666666666,3,False,,,,
2330,0.6666666666666666,3,False,,,,
2331,0.6666666666666666,3,False,,,,
2332,0.7777777777777778,2,False,,,,
2333,0.7777777777777778,2,False,,,,
2334,0.7777777777777778,2,False,,,,
2335,0.7777777777777778,2,False,,,,
2336,0.7777777777777778,2,False,,,,
2337,0.7777777777777778,2,False,,,,
2338,0.7777777777777778,2,False,,,,
2339,0.7777777777777778,2,False,,,,
2340,0.7777777777777778,2,False,,,,
2341,0.7777777777777778,2,False,,,,
2342,0.7777777777777778,2,False,,,,
2343,0.7777777777777778,2,False,,,,
2344,0.7777777777777778,2,False,,,,
2345,0.7777777777777778,2,False,,,,
2346,0.7777777777777778,2,False,,,,
2347,0.7777777777777778,2,False,,,,
2348,0.7777777777777778,2,False,,,,
2349,0.7777777777777778,2,False,,,,
2350,0.7777777777777778,2,False,,,,
2351,0.8888888888888888,1,False,,,,
2352,0.8888888888888888,1,False,,,,
2353,0.8888888888888888,1,False,,,,
2354,0.7777777777777778,2,False,,,,
2355,0.7777777777777778,2,False,,,,
2356,0.7777777777777778,2,False,,,,
2357,0.6666666666666666,3,False,,,,
2358,0.7777777777777778,2,False,,,,
2359,0.6666666666666666,3,False,,,,
2360,0.6666666666666666,3,False,,,,
2361,0.6666666666666666,3,False,,,,
2362,0.6666666666666666,3,False,,,,
2363,0.6666666666666666,3,False,,,,
2364,0.6666666666666666,3,False,,,,
2365,0.6666666666666666,3,False,,,,
2366,0.6666666666666666,3,False,,,,
2367,0.7777777777777778,2,False,,,,
2368,0.8888888888888888,1,False,,,,
2369,0.8888888888888888,1,False,,,,
2370,0.8888888888888888,1,False,,,,
2371,0.7777777777777778,2,False,,,,
2372,0.7777777777777778,2,False,,,,
2373,0.7777777777777778,2,False,,,,
2374,0.7777777777777778,2,False,,,,
2375,0.7777777777777778,2,False,,,,
2376,0.7777777777777778,2,False,,,,
2377,0.7777777777777778,2,False,,,,
2378,0.7777777777777778,2,False,,,,
2379,0.7777777777777778,2,False,,,,
2380,0.7777777777777778,2,False,,,,
2381,0.7777777777777778,2,False,,,,
2382,0.7777777777777778,2,False,,,,
2383,0.7777777777777778,2,False,,,,
2384,0.7777777777777778,2,False,,,,
2385,0.7777777777777778,2,False,,,,
2386,0.7777777777777778,2,False,,,,
2387,0.7777777777777778,2,False,,,,
2388,0.7777777777777778,2,False,,,,
2389,0.7777777777777778,2,False,,,,
2390,0.7777777777777778,2,False,,,,
2391,0.7777777777777778,2,False,,,,
2392,0.7777777777777778,2,False,,,,
2393,0.8888888888888888,1,False,,,,
2394,0.8888888888888888,1,False,,,,
2395,0.8888888888888888,1,False,,,,
2396,0.8888888888888888,1,False,,,,
2397,0.8888888888888888,1,False,,,,
2398,0.8888888888888888,1,False,,,,
2399,0.8888888888888888,1,False,,,,
2400,0.8888888888888888,1,False,,,,
2401,0.8888888888888888,1,False,,,,
2402,0.8888888888888888,1,False,,,,
2403,0.8888888888888888,1,False,,,,
2404,0.8888888888888888,1,False,,,,
2405,0.8888888888888888,1,False,,,,
2406,0.8888888888888888,1,False,,,,
2407,0.8888888888888888,1,False,,,,
2408,0.8888888888888888,1,False,,,,
2409,0.8888888888888888,1,False,,,,
2410,0.8888888888888888,1,False,,,,
2411,0.8888888888888888,1,False,,,,
2412,0.8888888888888888,1,False,,,,
2413,0.8888888888888888,1,False,,,,
2414,0.8888888888888888,1,False,,,,
2415,0.8888888888888888,1,False,,,,
2416,0.8888888888888888,1,False,,,,
2417,0.8888888888888888,1,False,,,,
2418,0.8888888888888888,1,False,,,,
2419,0.8888888888888888,1,False,,,,
2420,0.8888888888888888,1,False,,,,
2421,0.8888888888888888,1,False,,,,
2422,0.8888888888888888,1,False,,,,
2423,0.8888888888888888,1,False,,,,
2424,0.8888888888888888,1,False,,,,
2425,0.8888888888888888,1,False,,,,
2426,0.8888888888888888,1,False,,,,
2427,0.8888888888888888,1,False,,,,
2428,0.8888888888888888,1,False,,,,
2429,0.8888888888888888,1,False,,,,
2430,0.8888888888888888,1,False,,,,
2431,0.8888888888888888,1,False,,,,
2432,0.8888888888888888,1,False,,,,
2433,0.8888888888888888,1,False,,,,
2434,0.8888888888888888,1,False,,,,
2435,0.8888888888888888,1,False,,,,
2436,0.8888888888888888,1,False,,,,
2437,0.8888888888888888,1,False,,,,
2438,0.8888888888888888,1,False,,,,
2439,0.8888888888888888,1,False,,,,
2440,0.8888888888888888,1,False,,,,
2441,0.8888888888888888,1,False,,,,
2442,0.8888888888888888,1,False,,,,
2443,0.8888888888888888,1,False,,,,
2444,0.8888888888888888,1,False,,,,
2445,0.8888888888888888,1,False,,,,
2446,0.8888888888888888,1,False,,,,
2447,0.8888888888888888,1,False,,,,
2448,0.8888888888888888,1,False,,,,
2449,0.8888888888888888,1,False,,,,
2450,0.8888888888888888,1,False,,,,
2451,0.8888888888888888,1,False,,,,
2452,0.8888888888888888,1,False,,,,
2453,0.8888888888888888,1,False,,,,
2454,0.8888888888888888,1,False,,,,
2455,0.8888888888888888,1,False,,,,
2456,0.8888888888888888,1,False,,,,
2457,0.8888888888888888,1,False,,,,
2458,0.8888888888888888,1,False,,,,
2459,0.8888888888888888,1,False,,,,
2460,0.8888888888888888,1,False,,,,
2461,0.8888888888888888,1,False,,,,
2462,0.8888888888888888,1,False,,,,
2463,0.8888888888888888,1,False,,,,
2464,0.8888888888888888,1,False,,,,
2465,0.8888888888888888,1,False,,,,
2466,0.8888888888888888,1,False,,,,
2467,0.8888888888888888,1,False,,,,
2468,0.8888888888888888,1,False,,,,
2469,0.8888888888888888,1,False,,,,
2470,0.8888888888888888,1,False,,,,
2471,0.8888888888888888,1,False,,,,
2472,0.8888888888888888,1,False,,,,
2473,0.8888888888888888,1,False,,,,
2474,0.8888888888888888,1,False,,,,
2475,0.8888888888888888,1,False,,,,
2476,0.8888888888888888,1,False,,,,
2477,0.8888888888888888,1,False,,,,
2478,0.8888888888888888,1,False,,,,
2479,0.8888888888888888,1,False,,,,
2480,0.8888888888888888,1,False,,,,
2481,0.8888888888888888,1,False,,,,
2482,0.8888888888888888,1,False,,,,
2483,0.8888888888888888,1,False,,,,
2484,0.8888888888888888,1,False,,,,
2485,0.8888888888888888,1,False,,,,
2486,0.8888888888888888,1,False,,,,
2487,0.8888888888888888,1,False,,,,
2488,0.8888888888888888,1,False,,,,
2489,0.8888888888888888,1,False,,,,
2490,0.8888888888888888,1,False,,,,
2491,0.8888888888888888,1,False,,,,
2492,0.8888888888888888,1,False,,,,
2493,0.8888888888888888,1,False,,,,
2494,0.8888888888888888,1,False,,,,
2495,0.8888888888888888,1,False,,,,
2496,0.8888888888888888,1,False,,,,
2497,0.8888888888888888,1,False,,,,
2498,0.8888888888888888,1,False,,,,
2499,0.8888888888888888,1,False,,,,
2500,0.8888888888888888,1,False,,,,
2501,0.8888888888888888,1,False,,,,
2502,0.8888888888888888,1,False,,,,
2503,0.8888888888888888,1,False,,,,
2504,0.8888888888888888,1,False,,,,
2505,0.8888888888888888,1,False,,,,
2506,0.8888888888888888,1,False,,,,
2507,0.8888888888888888,1,False,,,,
2508,0.8888888888888888,1,False,,,,
2509,0.8888888888888888,1,False,,,,
2510,0.8888888888888888,1,False,,,,
2511,0.8888888888888888,1,False,,,,
2512,0.8888888888888888,1,False,,,,
2513,0.8888888888888888,1,False,,,,
2514,0.8888888888888888,1,False,,,,
2515,0.8888888888888888,1,False,,,,
2516,0.8888888888888888,1,False,,,,
2517,0.8888888888888888,1,False,,,,
2518,0.8888888888888888,1,False,,,,
2519,0.8888888888888888,1,False,,,,
2520,0.8888888888888888,1,False,,,,
2521,0.8888888888888888,1,False,,,,
2522,0.8888888888888888,1,False,,,,
2523,0.8888888888888888,1,False,,,,
2524,0.8888888888888888,1,False,,,,
2525,0.8888888888888888,1,False,,,,
2526,0.8888888888888888,1,False,,,,
2527,0.8888888888888888,1,False,,,,
2528,0.8888888888888888,1,False,,,,
2529,0.8888888888888888,1,False,,,,
2530,0.8888888888888888,1,False,,,,
2531,0.8888888888888888,1,False,,,,
2532,0.8888888888888888,1,False,,,,
2533,0.8888888888888888,1,False,,,,
2534,0.8888888888888888,1,False,,,,
2535,0.8888888888888888,1,False,,,,
2536,0.8888888888888888,1,False,,,,
2537,0.8888888888888888,1,False,,,,
2538,0.8888888888888888,1,False,,,,
2539,0.8888888888888888,1,False,,,,
2540,0.8888888888888888,1,False,,,,
2541,0.8888888888888888,1,False,,,,
2542,0.8888888888888888,1,False,,,,
2543,0.8888888888888888,1,False,,,,
2544,0.8888888888888888,1,False,,,,
2545,0.8888888888888888,1,False,,,,
2546,0.8888888888888888,1,False,,,,
2547,0.8888888888888888,1,False,,,,
2548,0.8888888888888888,1,False,,,,
2549,0.8888888888888888,1,False,,,,
2550,0.8888888888888888,1,False,,,,
2551,0.8888888888888888,1,False,,,,
2552,0.8888888888888888,1,False,,,,
2553,0.8888888888888888,1,False,,,,
2554,0.8888888888888888,1,False,,,,
2555,0.8888888888888888,1,False,,,,
2556,0.8888888888888888,1,False,,,,
2557,0.8888888888888888,1,False,,,,
2558,0.8888888888888888,1,False,,,,
2559,0.8888888888888888,1,False,,,,
2560,0.8888888888888888,1,False,,,,
2561,0.8888888888888888,1,False,,,,
2562,0.8888888888888888,1,False,,,,
2563,0.8888888888888888,1,False,,,,
2564,0.8888888888888888,1,False,,,,
2565,0.8888888888888888,1,False,,,,
2566,0.8888888888888888,1,False,,,,
2567,0.8888888888888888,1,False,,,,
2568,0.8888888888888888,1,False,,,,
2569,0.8888888888888888,1,False,,,,
2570,0.8888888888888888,1,False,,,,
2571,0.8888888888888888,1,False,,,,
2572,0.8888888888888888,1,False,,,,
2573,0.8888888888888888,1,False,,,,
2574,0.8888888888888888,1,False,,,,
2575,0.8888888888888888,1,False,,,,
2576,0.8888888888888888,1,False,,,,
2577,0.8888888888888888,1,False,,,,
2578,0.8888888888888888,1,False,,,,
2579,0.8888888888888888,1,False,,,,
2580,0.8888888888888888,1,False,,,,
2581,0.8888888888888888,1,False,,,,
2582,0.8888888888888888,1,False,,,,
2583,0.8888888888888888,1,False,,,,
2584,0.8888888888888888,1,False,,,,
2585,0.8888888888888888,1,False,,,,
2586,0.8888888888888888,1,False,,,,
2587,0.8888888888888888,1,False,,,,
2588,0.8888888888888888,1,False,,,,
2589,0.8888888888888888,1,False,,,,
2590,0.8888888888888888,1,False,,,,
2591,0.8888888888888888,1,False,,,,
2592,0.8888888888888888,1,False,,,,
2593,0.8888888888888888,1,False,,,,
2594,0.8888888888888888,1,False,,,,
2595,0.8888888888888888,1,False,,,,
2596,0.8888888888888888,1,False,,,,
2597,0.8888888888888888,1,False,,,,
2598,0.8888888888888888,1,False,,,,
2599,0.8888888888888888,1,False,,,,
2600,0.8888888888888888,1,False,,,,
2601,0.8888888888888888,1,False,,,,
2602,0.8888888888888888,1,False,,,,
2603,0.8888888888888888,1,False,,,,
2604,0.8888888888888888,1,False,,,,
2605,0.8888888888888888,1,False,,,,
2606,0.8888888888888888,1,False,,,,
2607,0.8888888888888888,1,False,,,,
2608,0.8888888888888888,1,False,,,,
2609,0.8888888888888888,1,False,,,,
2610,0.8888888888888888,1,False,,,,
2611,0.8888888888888888,1,False,,,,
2612,0.8888888888888888,1,False,,,,
2613,0.8888888888888888,1,False,,,,
2614,0.8888888888888888,1,False,,,,
2615,0.8888888888888888,1,False,,,,
2616,0.8888888888888888,1,False,,,,
2617,0.8888888888888888,1,False,,,,
2618,0.8888888888888888,1,False,,,,
2619,0.8888888888888888,1,False,,,,
2620,0.8888888888888888,1,False,,,,
2621,0.8888888888888888,1,False,,,,
2622,0.8888888888888888,1,False,,,,
2623,0.8888888888888888,1,False,,,,
2624,0.8888888888888888,1,False,,,,
2625,0.8888888888888888,1,False,,,,
2626,0.8888888888888888,1,False,,,,
2627,0.8888888888888888,1,False,,,,
2628,0.8888888888888888,1,False,,,,
2629,0.8888888888888888,1,False,,,,
2630,0.8888888888888888,1,False,,,,
2631,0.8888888888888888,1,False,,,,
2632,0.8888888888888888,1,False,,,,
2633,0.8888888888888888,1,False,,,,
2634,0.8888888888888888,1,False,,,,
2635,0.8888888888888888,1,False,,,,
2636,0.8888888888888888,1,False,,,,
2637,0.8888888888888888,1,False,,,,
2638,0.8888888888888888,1,False,,,,
2639,0.8888888888888888,1,False,,,,
2640,0.8888888888888888,1,False,,,,
2641,0.8888888888888888,1,False,,,,
2642,0.8888888888888888,1,False,,,,
2643,0.8888888888888888,1,False,,,,
2644,0.8888888888888888,1,False,,,,
2645,0.8888888888888888,1,False,,,,
2646,0.8888888888888888,1,False,,,,
2647,0.8888888888888888,1,False,,,,
2648,0.8888888888888888,1,False,,,,
2649,0.8888888888888888,1,False,,,,
2650,0.8888888888888888,1,False,,,,
2651,0.8888888888888888,1,False,,,,
2652,0.8888888888888888,1,False,,,,
2653,0.8888888888888888,1,False,,,,
2654,0.8888888888888888,1,False,,,,
2655,0.8888888888888888,1,False,,,,
2656,0.8888888888888888,1,False,,,,
2657,0.8888888888888888,1,False,,,,
2658,0.8888888888888888,1,False,,,,
2659,0.8888888888888888,1,False,,,,
2660,0.8888888888888888,1,False,,,,
2661,0.8888888888888888,1,False,,,,
2662,0.8888888888888888,1,False,,,,
2663,0.8888888888888888,1,False,,,,
2664,0.8888888888888888,1,False,,,,
2665,0.8888888888888888,1,False,,,,
2666,0.8888888888888888,1,False,,,,
2667,0.8888888888888888,1,False,,,,
2668,0.8888888888888888,1,False,,,,
2669,0.8888888888888888,1,False,,,,
2670,0.8888888888888888,1,False,,,,
2671,0.8888888888888888,1,False,,,,
2672,0.8888888888888888,1,False,,,,
2673,0.8888888888888888,1,False,,,,
2674,0.8888888888888888,1,False,,,,
2675,0.8888888888888888,1,False,,,,
2676,0.8888888888888888,1,False,,,,
2677,0.8888888888888888,1,False,,,,
2678,0.8888888888888888,1,False,,,,
2679,0.8888888888888888,1,False,,,,
2680,0.8888888888888888,1,False,,,,
2681,0.8888888888888888,1,False,,,,
2682,0.8888888888888888,1,False,,,,
2683,0.8888888888888888,1,False,,,,
2684,0.8888888888888888,1,False,,,,
2685,0.8888888888888888,1,False,,,,
2686,0.8888888888888888,1,False,,,,
2687,0.8888888888888888,1,False,,,,
2688,0.8888888888888888,1,False,,,,
2689,0.8888888888888888,1,False,,,,
2690,0.8888888888888888,1,False,,,,
2691,0.8888888888888888,1,False,,,,
2692,0.8888888888888888,1,False,,,,
2693,0.8888888888888888,1,False,,,,
2694,0.8888888888888888,1,False,,,,
2695,0.8888888888888888,1,False,,,,
2696,0.8888888888888888,1,False,,,,
2697,0.8888888888888888,1,False,,,,
2698,0.8888888888888888,1,False,,,,
2699,0.8888888888888888,1,False,,,,
2700,0.8888888888888888,1,False,,,,
2701,0.8888888888888888,1,False,,,,
2702,0.8888888888888888,1,False,,,,
2703,0.8888888888888888,1,False,,,,
2704,0.8888888888888888,1,False,,,,
2705,0.8888888888888888,1,False,,,,
2706,0.8888888888888888,1,False,,,,
2707,0.8888888888888888,1,False,,,,
2708,0.8888888888888888,1,False,,,,
2709,0.8888888888888888,1,False,,,,
2710,0.8888888888888888,1,False,,,,
2711,0.8888888888888888,1,False,,,,
2712,0.8888888888888888,1,False,,,,
2713,0.8888888888888888,1,False,,,,
2714,0.8888888888888888,1,False,,,,
2715,0.8888888888888888,1,False,,,,
2716,0.8888888888888888,1,False,,,,
2717,0.8888888888888888,1,False,,,,
2718,0.8888888888888888,1,False,,,,
2719,0.8888888888888888,1,False,,,,
2720,0.8888888888888888,1,False,,,,
2721,0.8888888888888888,1,False,,,,
2722,0.8888888888888888,1,False,,,,
2723,0.8888888888888888,1,False,,,,
2724,0.8888888888888888,1,False,,,,
2725,0.8888888888888888,1,False,,,,
2726,0.8888888888888888,1,False,,,,
2727,0.8888888888888888,1,False,,,,
2728,0.8888888888888888,1,False,,,,
2729,0.8888888888888888,1,False,,,,
2730,0.8888888888888888,1,False,,,,
2731,0.8888888888888888,1,False,,,,
2732,0.8888888888888888,1,False,,,,
2733,0.8888888888888888,1,False,,,,
2734,0.8888888888888888,1,False,,,,
2735,0.8888888888888888,1,False,,,,
2736,0.8888888888888888,1,False,,,,
2737,0.8888888888888888,1,False,,,,
2738,0.8888888888888888,1,False,,,,
2739,0.8888888888888888,1,False,,,,
2740,0.8888888888888888,1,False,,,,
2741,0.8888888888888888,1,False,,,,
2742,0.8888888888888888,1,False,,,,
2743,0.8888888888888888,1,False,,,,
2744,0.8888888888888888,1,False,,,,
2745,0.8888888888888888,1,False,,,,
2746,0.8888888888888888,1,False,,,,
2747,0.8888888888888888,1,False,,,,
2748,0.8888888888888888,1,False,,,,
2749,0.8888888888888888,1,False,,,,
2750,0.8888888888888888,1,False,,,,
2751,0.8888888888888888,1,False,,,,
2752,0.8888888888888888,1,False,,,,
2753,0.8888888888888888,1,False,,,,
2754,0.8888888888888888,1,False,,,,
2755,0.8888888888888888,1,False,,,,
2756,0.8888888888888888,1,False,,,,
2757,0.8888888888888888,1,False,,,,
2758,0.8888888888888888,1,False,,,,
2759,0.8888888888888888,1,False,,,,
2760,0.8888888888888888,1,False,,,,
2761,0.8888888888888888,1,False,,,,
