col_index,gap_frac,nongap_n,keep,cons_similarity,cons_identity,cons_entropy22,cons_entropy_nogap
1,0.95,1,False,,,,
2,0.95,1,False,,,,
3,0.95,1,False,,,,
4,0.95,1,False,,,,
5,0.95,1,False,,,,
6,0.95,1,False,,,,
7,0.95,1,False,,,,
8,0.95,1,False,,,,
9,0.95,1,False,,,,
10,0.95,1,False,,,,
11,0.95,1,False,,,,
12,0.95,1,False,,,,
13,0.95,1,False,,,,
14,0.95,1,False,,,,
15,0.95,1,False,,,,
16,0.95,1,False,,,,
17,0.95,1,False,,,,
18,0.95,1,False,,,,
19,0.95,1,False,,,,
20,0.95,1,False,,,,
21,0.95,1,False,,,,
22,0.95,1,False,,,,
23,0.95,1,False,,,,
24,0.95,1,False,,,,
25,0.95,1,False,,,,
26,0.95,1,False,,,,
27,0.95,1,False,,,,
28,0.95,1,False,,,,
29,0.95,1,False,,,,
30,0.95,1,False,,,,
31,0.95,1,False,,,,
32,0.95,1,False,,,,
33,0.95,1,False,,,,
34,0.95,1,False,,,,
35,0.95,1,False,,,,
36,0.95,1,False,,,,
37,0.95,1,False,,,,
38,0.95,1,False,,,,
39,0.95,1,False,,,,
40,0.95,1,False,,,,
41,0.95,1,False,,,,
42,0.95,1,False,,,,
43,0.95,1,False,,,,
44,0.95,1,False,,,,
45,0.95,1,False,,,,
46,0.95,1,False,,,,
47,0.95,1,False,,,,
48,0.95,1,False,,,,
49,0.95,1,False,,,,
50,0.95,1,False,,,,
51,0.95,1,False,,,,
52,0.95,1,False,,,,
53,0.95,1,False,,,,
54,0.95,1,False,,,,
55,0.95,1,False,,,,
56,0.95,1,False,,,,
57,0.95,1,False,,,,
58,0.95,1,False,,,,
59,0.95,1,False,,,,
60,0.95,1,False,,,,
61,0.95,1,False,,,,
62,0.95,1,False,,,,
63,0.95,1,False,,,,
64,0.95,1,False,,,,
65,0.95,1,False,,,,
66,0.95,1,False,,,,
67,0.95,1,False,,,,
68,0.95,1,False,,,,
69,0.95,1,False,,,,
70,0.95,1,False,,,,
71,0.95,1,False,,,,
72,0.95,1,False,,,,
73,0.95,1,False,,,,
74,0.95,1,False,,,,
75,0.95,1,False,,,,
76,0.95,1,False,,,,
77,0.95,1,False,,,,
78,0.95,1,False,,,,
79,0.95,1,False,,,,
80,0.95,1,False,,,,
81,0.95,1,False,,,,
82,0.95,1,False,,,,
83,0.95,1,False,,,,
84,0.95,1,False,,,,
85,0.95,1,False,,,,
86,0.95,1,False,,,,
87,0.95,1,False,,,,
88,0.95,1,False,,,,
89,0.95,1,False,,,,
90,0.95,1,False,,,,
91,0.95,1,False,,,,
92,0.95,1,False,,,,
93,0.95,1,False,,,,
94,0.95,1,False,,,,
95,0.95,1,False,,,,
96,0.95,1,False,,,,
97,0.95,1,False,,,,
98,0.95,1,False,,,,
99,0.95,1,False,,,,
100,0.95,1,False,,,,
101,0.95,1,False,,,,
102,0.95,1,False,,,,
103,0.95,1,False,,,,
104,0.95,1,False,,,,
105,0.95,1,False,,,,
106,0.95,1,False,,,,
107,0.95,1,False,,,,
108,0.95,1,False,,,,
109,0.95,1,False,,,,
110,0.95,1,False,,,,
111,0.95,1,False,,,,
112,0.95,1,False,,,,
113,0.95,1,False,,,,
114,0.95,1,False,,,,
115,0.95,1,False,,,,
116,0.95,1,False,,,,
117,0.95,1,False,,,,
118,0.95,1,False,,,,
119,0.95,1,False,,,,
120,0.95,1,False,,,,
121,0.95,1,False,,,,
122,0.95,1,False,,,,
123,0.95,1,False,,,,
124,0.95,1,False,,,,
125,0.95,1,False,,,,
126,0.95,1,False,,,,
127,0.95,1,False,,,,
128,0.95,1,False,,,,
129,0.95,1,False,,,,
130,0.95,1,False,,,,
131,0.95,1,False,,,,
132,0.95,1,False,,,,
133,0.95,1,False,,,,
134,0.95,1,False,,,,
135,0.95,1,False,,,,
136,0.95,1,False,,,,
137,0.95,1,False,,,,
138,0.95,1,False,,,,
139,0.95,1,False,,,,
140,0.95,1,False,,,,
141,0.95,1,False,,,,
142,0.95,1,False,,,,
143,0.95,1,False,,,,
144,0.95,1,False,,,,
145,0.95,1,False,,,,
146,0.95,1,False,,,,
147,0.95,1,False,,,,
148,0.95,1,False,,,,
149,0.95,1,False,,,,
150,0.95,1,False,,,,
151,0.95,1,False,,,,
152,0.95,1,False,,,,
153,0.95,1,False,,,,
154,0.95,1,False,,,,
155,0.95,1,False,,,,
156,0.95,1,False,,,,
157,0.95,1,False,,,,
158,0.95,1,False,,,,
159,0.95,1,False,,,,
160,0.95,1,False,,,,
161,0.95,1,False,,,,
162,0.95,1,False,,,,
163,0.95,1,False,,,,
164,0.95,1,False,,,,
165,0.95,1,False,,,,
166,0.95,1,False,,,,
167,0.95,1,False,,,,
168,0.95,1,False,,,,
169,0.95,1,False,,,,
170,0.95,1,False,,,,
171,0.95,1,False,,,,
172,0.95,1,False,,,,
173,0.95,1,False,,,,
174,0.95,1,False,,,,
175,0.95,1,False,,,,
176,0.95,1,False,,,,
177,0.95,1,False,,,,
178,0.95,1,False,,,,
179,0.95,1,False,,,,
180,0.95,1,False,,,,
181,0.95,1,False,,,,
182,0.95,1,False,,,,
183,0.95,1,False,,,,
184,0.95,1,False,,,,
185,0.95,1,False,,,,
186,0.95,1,False,,,,
187,0.95,1,False,,,,
188,0.95,1,False,,,,
189,0.95,1,False,,,,
190,0.95,1,False,,,,
191,0.95,1,False,,,,
192,0.95,1,False,,,,
193,0.95,1,False,,,,
194,0.95,1,False,,,,
195,0.95,1,False,,,,
196,0.95,1,False,,,,
197,0.95,1,False,,,,
198,0.95,1,False,,,,
199,0.95,1,False,,,,
200,0.95,1,False,,,,
201,0.95,1,False,,,,
202,0.95,1,False,,,,
203,0.95,1,False,,,,
204,0.95,1,False,,,,
205,0.95,1,False,,,,
206,0.95,1,False,,,,
207,0.95,1,False,,,,
208,0.95,1,False,,,,
209,0.95,1,False,,,,
210,0.95,1,False,,,,
211,0.95,1,False,,,,
212,0.95,1,False,,,,
213,0.95,1,False,,,,
214,0.95,1,False,,,,
215,0.95,1,False,,,,
216,0.95,1,False,,,,
217,0.95,1,False,,,,
218,0.95,1,False,,,,
219,0.95,1,False,,,,
220,0.95,1,False,,,,
221,0.95,1,False,,,,
222,0.95,1,False,,,,
223,0.95,1,False,,,,
224,0.95,1,False,,,,
225,0.95,1,False,,,,
226,0.95,1,False,,,,
227,0.95,1,False,,,,
228,0.95,1,False,,,,
229,0.95,1,False,,,,
230,0.95,1,False,,,,
231,0.95,1,False,,,,
232,0.95,1,False,,,,
233,0.95,1,False,,,,
234,0.95,1,False,,,,
235,0.95,1,False,,,,
236,0.95,1,False,,,,
237,0.95,1,False,,,,
238,0.95,1,False,,,,
239,0.95,1,False,,,,
240,0.95,1,False,,,,
241,0.95,1,False,,,,
242,0.95,1,False,,,,
243,0.95,1,False,,,,
244,0.95,1,False,,,,
245,0.95,1,False,,,,
246,0.95,1,False,,,,
247,0.95,1,False,,,,
248,0.95,1,False,,,,
249,0.95,1,False,,,,
250,0.95,1,False,,,,
251,0.95,1,False,,,,
252,0.95,1,False,,,,
253,0.95,1,False,,,,
254,0.95,1,False,,,,
255,0.95,1,False,,,,
256,0.95,1,False,,,,
257,0.95,1,False,,,,
258,0.95,1,False,,,,
259,0.95,1,False,,,,
260,0.95,1,False,,,,
261,0.95,1,False,,,,
262,0.95,1,False,,,,
263,0.95,1,False,,,,
264,0.95,1,False,,,,
265,0.95,1,False,,,,
266,0.95,1,False,,,,
267,0.95,1,False,,,,
268,0.95,1,False,,,,
269,0.95,1,False,,,,
270,0.95,1,False,,,,
271,0.95,1,False,,,,
272,0.95,1,False,,,,
273,0.95,1,False,,,,
274,0.95,1,False,,,,
275,0.95,1,False,,,,
276,0.95,1,False,,,,
277,0.95,1,False,,,,
278,0.95,1,False,,,,
279,0.95,1,False,,,,
280,0.95,1,False,,,,
281,0.95,1,False,,,,
282,0.95,1,False,,,,
283,0.95,1,False,,,,
284,0.95,1,False,,,,
285,0.95,1,False,,,,
286,0.95,1,False,,,,
287,0.95,1,False,,,,
288,0.95,1,False,,,,
289,0.95,1,False,,,,
290,0.95,1,False,,,,
291,0.95,1,False,,,,
292,0.95,1,False,,,,
293,0.95,1,False,,,,
294,0.95,1,False,,,,
295,0.95,1,False,,,,
296,0.95,1,False,,,,
297,0.95,1,False,,,,
298,0.95,1,False,,,,
299,0.95,1,False,,,,
300,0.95,1,False,,,,
301,0.95,1,False,,,,
302,0.95,1,False,,,,
303,0.95,1,False,,,,
304,0.95,1,False,,,,
305,0.95,1,False,,,,
306,0.95,1,False,,,,
307,0.95,1,False,,,,
308,0.95,1,False,,,,
309,0.95,1,False,,,,
310,0.95,1,False,,,,
311,0.95,1,False,,,,
312,0.95,1,False,,,,
313,0.95,1,False,,,,
314,0.95,1,False,,,,
315,0.95,1,False,,,,
316,0.95,1,False,,,,
317,0.95,1,False,,,,
318,0.95,1,False,,,,
319,0.95,1,False,,,,
320,0.95,1,False,,,,
321,0.95,1,False,,,,
322,0.95,1,False,,,,
323,0.95,1,False,,,,
324,0.95,1,False,,,,
325,0.95,1,False,,,,
326,0.95,1,False,,,,
327,0.95,1,False,,,,
328,0.95,1,False,,,,
329,0.95,1,False,,,,
330,0.95,1,False,,,,
331,0.95,1,False,,,,
332,0.95,1,False,,,,
333,0.95,1,False,,,,
334,0.95,1,False,,,,
335,0.95,1,False,,,,
336,0.95,1,False,,,,
337,0.95,1,False,,,,
338,0.95,1,False,,,,
339,0.95,1,False,,,,
340,0.95,1,False,,,,
341,0.95,1,False,,,,
342,0.95,1,False,,,,
343,0.95,1,False,,,,
344,0.95,1,False,,,,
345,0.95,1,False,,,,
346,0.95,1,False,,,,
347,0.95,1,False,,,,
348,0.95,1,False,,,,
349,0.95,1,False,,,,
350,0.95,1,False,,,,
351,0.95,1,False,,,,
352,0.95,1,False,,,,
353,0.95,1,False,,,,
354,0.95,1,False,,,,
355,0.95,1,False,,,,
356,0.95,1,False,,,,
357,0.95,1,False,,,,
358,0.95,1,False,,,,
359,0.95,1,False,,,,
360,0.95,1,False,,,,
361,0.95,1,False,,,,
362,0.95,1,False,,,,
363,0.95,1,False,,,,
364,0.95,1,False,,,,
365,0.95,1,False,,,,
366,0.95,1,False,,,,
367,0.95,1,False,,,,
368,0.95,1,False,,,,
369,0.95,1,False,,,,
370,0.95,1,False,,,,
371,0.9,2,False,,,,
372,0.9,2,False,,,,
373,0.9,2,False,,,,
374,0.9,2,False,,,,
375,0.9,2,False,,,,
376,0.9,2,False,,,,
377,0.9,2,False,,,,
378,0.9,2,False,,,,
379,0.9,2,False,,,,
380,0.9,2,False,,,,
381,0.9,2,False,,,,
382,0.9,2,False,,,,
383,0.9,2,False,,,,
384,0.9,2,False,,,,
385,0.9,2,False,,,,
386,0.9,2,False,,,,
387,0.9,2,False,,,,
388,0.9,2,False,,,,
389,0.95,1,False,,,,
390,0.95,1,False,,,,
391,0.95,1,False,,,,
392,0.95,1,False,,,,
393,0.95,1,False,,,,
394,0.95,1,False,,,,
395,0.95,1,False,,,,
396,0.9,2,False,,,,
397,0.9,2,False,,,,
398,0.9,2,False,,,,
399,0.9,2,False,,,,
400,0.9,2,False,,,,
401,0.9,2,False,,,,
402,0.9,2,False,,,,
403,0.9,2,False,,,,
404,0.9,2,False,,,,
405,0.9,2,False,,,,
406,0.9,2,False,,,,
407,0.9,2,False,,,,
408,0.9,2,False,,,,
409,0.9,2,False,,,,
410,0.9,2,False,,,,
411,0.9,2,False,,,,
412,0.9,2,False,,,,
413,0.95,1,False,,,,
414,0.95,1,False,,,,
415,0.95,1,False,,,,
416,0.95,1,False,,,,
417,0.95,1,False,,,,
418,0.95,1,False,,,,
419,0.9,2,False,,,,
420,0.9,2,False,,,,
421,0.9,2,False,,,,
422,0.9,2,False,,,,
423,0.9,2,False,,,,
424,0.9,2,False,,,,
425,0.9,2,False,,,,
426,0.9,2,False,,,,
427,0.9,2,False,,,,
428,0.9,2,False,,,,
429,0.9,2,False,,,,
430,0.9,2,False,,,,
431,0.9,2,False,,,,
432,0.9,2,False,,,,
433,0.9,2,False,,,,
434,0.9,2,False,,,,
435,0.9,2,False,,,,
436,0.9,2,False,,,,
437,0.9,2,False,,,,
438,0.9,2,False,,,,
439,0.9,2,False,,,,
440,0.95,1,False,,,,
441,0.95,1,False,,,,
442,0.95,1,False,,,,
443,0.95,1,False,,,,
444,0.95,1,False,,,,
445,0.95,1,False,,,,
446,0.95,1,False,,,,
447,0.95,1,False,,,,
448,0.95,1,False,,,,
449,0.95,1,False,,,,
450,0.95,1,False,,,,
451,0.95,1,False,,,,
452,0.95,1,False,,,,
453,0.95,1,False,,,,
454,0.95,1,False,,,,
455,0.95,1,False,,,,
456,0.95,1,False,,,,
457,0.95,1,False,,,,
458,0.95,1,False,,,,
459,0.95,1,False,,,,
460,0.95,1,False,,,,
461,0.95,1,False,,,,
462,0.95,1,False,,,,
463,0.95,1,False,,,,
464,0.95,1,False,,,,
465,0.95,1,False,,,,
466,0.95,1,False,,,,
467,0.95,1,False,,,,
468,0.95,1,False,,,,
469,0.95,1,False,,,,
470,0.95,1,False,,,,
471,0.95,1,False,,,,
472,0.95,1,False,,,,
473,0.95,1,False,,,,
474,0.95,1,False,,,,
475,0.9,2,False,,,,
476,0.9,2,False,,,,
477,0.9,2,False,,,,
478,0.9,2,False,,,,
479,0.9,2,False,,,,
480,0.9,2,False,,,,
481,0.9,2,False,,,,
482,0.9,2,False,,,,
483,0.9,2,False,,,,
484,0.9,2,False,,,,
485,0.9,2,False,,,,
486,0.9,2,False,,,,
487,0.9,2,False,,,,
488,0.9,2,False,,,,
489,0.9,2,False,,,,
490,0.9,2,False,,,,
491,0.9,2,False,,,,
492,0.9,2,False,,,,
493,0.9,2,False,,,,
494,0.9,2,False,,,,
495,0.9,2,False,,,,
496,0.95,1,False,,,,
497,0.95,1,False,,,,
498,0.95,1,False,,,,
499,0.95,1,False,,,,
500,0.95,1,False,,,,
501,0.95,1,False,,,,
502,0.95,1,False,,,,
503,0.95,1,False,,,,
504,0.95,1,False,,,,
505,0.95,1,False,,,,
506,0.9,2,False,,,,
507,0.9,2,False,,,,
508,0.9,2,False,,,,
509,0.9,2,False,,,,
510,0.9,2,False,,,,
511,0.9,2,False,,,,
512,0.9,2,False,,,,
513,0.9,2,False,,,,
514,0.9,2,False,,,,
515,0.9,2,False,,,,
516,0.9,2,False,,,,
517,0.9,2,False,,,,
518,0.9,2,False,,,,
519,0.9,2,False,,,,
520,0.9,2,False,,,,
521,0.95,1,False,,,,
522,0.95,1,False,,,,
523,0.95,1,False,,,,
524,0.95,1,False,,,,
525,0.95,1,False,,,,
526,0.95,1,False,,,,
527,0.95,1,False,,,,
528,0.95,1,False,,,,
529,0.95,1,False,,,,
530,0.95,1,False,,,,
531,0.95,1,False,,,,
532,0.95,1,False,,,,
533,0.95,1,False,,,,
534,0.95,1,False,,,,
535,0.9,2,False,,,,
536,0.9,2,False,,,,
537,0.9,2,False,,,,
538,0.9,2,False,,,,
539,0.9,2,False,,,,
540,0.9,2,False,,,,
541,0.9,2,False,,,,
542,0.9,2,False,,,,
543,0.9,2,False,,,,
544,0.9,2,False,,,,
545,0.9,2,False,,,,
546,0.9,2,False,,,,
547,0.9,2,False,,,,
548,0.9,2,False,,,,
549,0.9,2,False,,,,
550,0.9,2,False,,,,
551,0.9,2,False,,,,
552,0.9,2,False,,,,
553,0.9,2,False,,,,
554,0.9,2,False,,,,
555,0.9,2,False,,,,
556,0.9,2,False,,,,
557,0.9,2,False,,,,
558,0.9,2,False,,,,
559,0.9,2,False,,,,
560,0.9,2,False,,,,
561,0.95,1,False,,,,
562,0.95,1,False,,,,
563,0.95,1,False,,,,
564,0.95,1,False,,,,
565,0.9,2,False,,,,
566,0.9,2,False,,,,
567,0.9,2,False,,,,
568,0.9,2,False,,,,
569,0.9,2,False,,,,
570,0.9,2,False,,,,
571,0.9,2,False,,,,
572,0.9,2,False,,,,
573,0.9,2,False,,,,
574,0.9,2,False,,,,
575,0.9,2,False,,,,
576,0.9,2,False,,,,
577,0.9,2,False,,,,
578,0.9,2,False,,,,
579,0.9,2,False,,,,
580,0.9,2,False,,,,
581,0.9,2,False,,,,
582,0.9,2,False,,,,
583,0.9,2,False,,,,
584,0.9,2,False,,,,
585,0.9,2,False,,,,
586,0.9,2,False,,,,
587,0.95,1,False,,,,
588,0.95,1,False,,,,
589,0.9,2,False,,,,
590,0.9,2,False,,,,
591,0.9,2,False,,,,
592,0.9,2,False,,,,
593,0.9,2,False,,,,
594,0.9,2,False,,,,
595,0.9,2,False,,,,
596,0.9,2,False,,,,
597,0.9,2,False,,,,
598,0.9,2,False,,,,
599,0.85,3,False,,,,
600,0.85,3,False,,,,
601,0.85,3,False,,,,
602,0.85,3,False,,,,
603,0.85,3,False,,,,
604,0.85,3,False,,,,
605,0.85,3,False,,,,
606,0.85,3,False,,,,
607,0.85,3,False,,,,
608,0.85,3,False,,,,
609,0.85,3,False,,,,
610,0.85,3,False,,,,
611,0.85,3,False,,,,
612,0.85,3,False,,,,
613,0.85,3,False,,,,
614,0.85,3,False,,,,
615,0.85,3,False,,,,
616,0.85,3,False,,,,
617,0.85,3,False,,,,
618,0.1,18,True,0.6,1.0,0.5310044064107188,0.0
619,0.1,18,True,0.6666666666666666,1.0,0.5310044064107188,0.0
620,0.1,18,True,0.7333333333333333,1.0,0.5310044064107188,0.0
621,0.1,18,True,0.49150326797385624,0.8888888888888888,0.41832813428211324,0.5032583347756457
622,0.1,18,True,0.6278867102396515,0.8333333333333334,0.4436691855250422,0.9141828384352135
623,0.1,18,True,0.5459694989106754,0.8333333333333334,0.4436691855250422,0.9141828384352135
624,0.1,18,True,0.5137254901960785,0.8333333333333334,0.33499008803474906,0.6500224216483541
625,0.1,18,True,0.5333333333333333,1.0,0.5310044064107188,0.0
626,0.1,18,True,0.4601307189542484,0.7777777777777778,0.27015330083790245,0.7642045065086203
627,0.1,18,True,0.6,1.0,0.5310044064107188,0.0
628,0.1,18,True,0.4954248366013072,0.5555555555555556,0.14132728892674484,0.9910760598382222
629,0.1,18,True,0.6666666666666666,1.0,0.5310044064107188,0.0
630,0.1,18,True,0.7333333333333333,1.0,0.5310044064107188,0.0
631,0.1,18,True,0.5333333333333333,1.0,0.5310044064107188,0.0
632,0.1,18,True,0.48278867102396517,0.8888888888888888,0.4890359525563188,0.6143694458867568
633,0.1,18,True,0.5006535947712418,0.7777777777777778,0.340482362830567,0.9444885341662053
634,0.1,18,True,0.5137254901960785,0.8333333333333334,0.33499008803474906,0.6500224216483541
635,0.1,18,True,1.0,1.0,0.5310044064107188,0.0
636,0.1,18,True,0.5185185185185185,0.9444444444444444,0.5283265821844846,0.3095434291503252
637,0.1,18,True,0.5333333333333333,1.0,0.5310044064107188,0.0
638,0.1,18,True,0.5333333333333333,1.0,0.5310044064107188,0.0
639,0.1,18,True,0.8,1.0,0.5310044064107188,0.0
640,0.1,18,True,0.9037037037037037,0.9444444444444444,0.5283265821844846,0.3095434291503252
641,0.1,18,True,0.5869281045751634,0.8333333333333334,0.33499008803474906,0.6500224216483541
642,0.1,18,True,0.5777777777777778,0.9444444444444444,0.5283265821844846,0.3095434291503252
643,0.1,18,True,0.6,1.0,0.5310044064107188,0.0
644,0.1,18,True,0.5054466230936819,0.8888888888888888,0.41832813428211324,0.5032583347756457
645,0.1,18,True,0.5028322440087146,0.8333333333333334,0.4041199259095133,0.8030717273241024
646,0.1,18,True,0.6,1.0,0.5310044064107188,0.0
647,0.1,18,True,0.4278867102396514,0.8333333333333334,0.4436691855250421,0.9141828384352135
648,0.1,18,True,0.6392156862745098,0.8333333333333334,0.33499008803474906,0.6500224216483541
649,0.1,18,True,0.4962962962962963,0.8888888888888888,0.4890359525563188,0.6143694458867568
650,0.1,18,True,0.5660130718954248,0.8888888888888888,0.4890359525563188,0.6143694458867568
651,0.1,18,True,0.5416122004357298,0.8888888888888888,0.4890359525563188,0.6143694458867568
652,0.1,18,True,0.469281045751634,0.5555555555555556,0.14132728892674484,0.9910760598382222
653,0.1,18,True,0.5333333333333333,0.7777777777777778,0.32161017527648017,0.9864267287308424
654,0.1,18,True,0.4496732026143791,0.5555555555555556,0.1572623513863327,1.3516441151533922
655,0.1,18,True,0.49498910675381264,0.8333333333333334,0.4436691855250422,0.9141828384352135
656,0.1,18,True,0.3681917211328976,0.6666666666666666,0.2979332328204183,1.6688388898504305
657,0.1,18,True,0.47581699346405226,0.8888888888888888,0.4890359525563188,0.6143694458867568
658,0.1,18,True,0.5333333333333333,1.0,0.5310044064107188,0.0
659,0.1,18,True,0.4684095860566449,0.6666666666666666,0.2803607492695732,1.3355055565170972
660,0.1,18,True,0.41307189542483663,0.7222222222222222,0.32000568559205445,1.2332247882202196
661,0.1,18,True,0.5333333333333333,1.0,0.5310044064107188,0.0
662,0.1,18,True,0.4470588235294118,0.6111111111111112,0.21649567501998768,1.5002723456084084
663,0.1,18,True,0.3106753812636166,0.5,0.18233999335007445,2.0294069451656007
664,0.1,18,True,0.674074074074074,0.9444444444444444,0.5283265821844846,0.3095434291503252
665,0.1,18,True,0.5106753812636166,0.8333333333333334,0.4041199259095133,0.8030717273241024
666,0.1,18,True,0.36165577342047933,0.7222222222222222,0.35289896413803834,1.497385205007079
667,0.1,18,True,0.4252723311546841,0.7777777777777778,0.3977554223658072,1.2086489509530647
668,0.1,18,True,0.4017429193899782,0.6666666666666666,0.2979332328204183,1.6688388898504305
669,0.7,6,True,0.3511111111111111,0.6666666666666666,0.3716101752764803,1.2516291673878228
670,0.7,6,True,0.31555555555555553,0.6666666666666666,0.3716101752764803,1.2516291673878228
671,0.9,2,False,,,,
672,0.9,2,False,,,,
673,0.9,2,False,,,,
674,0.9,2,False,,,,
675,0.9,2,False,,,,
676,0.9,2,False,,,,
677,0.95,1,False,,,,
678,0.95,1,False,,,,
679,0.95,1,False,,,,
680,0.95,1,False,,,,
681,0.95,1,False,,,,
682,0.95,1,False,,,,
683,0.95,1,False,,,,
684,0.95,1,False,,,,
685,0.95,1,False,,,,
686,0.95,1,False,,,,
687,0.95,1,False,,,,
688,0.95,1,False,,,,
689,0.95,1,False,,,,
690,0.95,1,False,,,,
691,0.95,1,False,,,,
692,0.95,1,False,,,,
693,0.95,1,False,,,,
694,0.95,1,False,,,,
695,0.95,1,False,,,,
696,0.95,1,False,,,,
697,0.95,1,False,,,,
698,0.95,1,False,,,,
699,0.95,1,False,,,,
700,0.95,1,False,,,,
701,0.95,1,False,,,,
702,0.95,1,False,,,,
703,0.95,1,False,,,,
704,0.95,1,False,,,,
705,0.95,1,False,,,,
706,0.95,1,False,,,,
707,0.95,1,False,,,,
708,0.95,1,False,,,,
709,0.95,1,False,,,,
710,0.95,1,False,,,,
711,0.95,1,False,,,,
712,0.95,1,False,,,,
713,0.95,1,False,,,,
714,0.95,1,False,,,,
715,0.95,1,False,,,,
716,0.95,1,False,,,,
717,0.95,1,False,,,,
718,0.95,1,False,,,,
719,0.95,1,False,,,,
720,0.95,1,False,,,,
721,0.95,1,False,,,,
722,0.95,1,False,,,,
723,0.95,1,False,,,,
724,0.95,1,False,,,,
725,0.95,1,False,,,,
726,0.95,1,False,,,,
727,0.95,1,False,,,,
728,0.95,1,False,,,,
729,0.95,1,False,,,,
730,0.95,1,False,,,,
731,0.95,1,False,,,,
732,0.95,1,False,,,,
733,0.95,1,False,,,,
734,0.95,1,False,,,,
735,0.95,1,False,,,,
736,0.95,1,False,,,,
737,0.95,1,False,,,,
738,0.95,1,False,,,,
739,0.95,1,False,,,,
740,0.95,1,False,,,,
741,0.95,1,False,,,,
742,0.95,1,False,,,,
743,0.95,1,False,,,,
744,0.95,1,False,,,,
745,0.95,1,False,,,,
746,0.95,1,False,,,,
747,0.95,1,False,,,,
748,0.95,1,False,,,,
749,0.95,1,False,,,,
750,0.95,1,False,,,,
751,0.95,1,False,,,,
752,0.95,1,False,,,,
753,0.95,1,False,,,,
754,0.95,1,False,,,,
755,0.95,1,False,,,,
756,0.95,1,False,,,,
757,0.95,1,False,,,,
758,0.95,1,False,,,,
759,0.95,1,False,,,,
760,0.95,1,False,,,,
761,0.95,1,False,,,,
762,0.95,1,False,,,,
763,0.95,1,False,,,,
764,0.95,1,False,,,,
765,0.95,1,False,,,,
766,0.95,1,False,,,,
767,0.95,1,False,,,,
768,0.95,1,False,,,,
769,0.95,1,False,,,,
770,0.95,1,False,,,,
771,0.95,1,False,,,,
772,0.95,1,False,,,,
773,0.95,1,False,,,,
774,0.95,1,False,,,,
775,0.95,1,False,,,,
776,0.95,1,False,,,,
777,0.95,1,False,,,,
778,0.95,1,False,,,,
779,0.95,1,False,,,,
780,0.95,1,False,,,,
781,0.95,1,False,,,,
782,0.95,1,False,,,,
783,0.95,1,False,,,,
784,0.95,1,False,,,,
785,0.95,1,False,,,,
786,0.95,1,False,,,,
787,0.95,1,False,,,,
788,0.95,1,False,,,,
789,0.95,1,False,,,,
790,0.95,1,False,,,,
791,0.95,1,False,,,,
792,0.95,1,False,,,,
793,0.95,1,False,,,,
794,0.95,1,False,,,,
795,0.95,1,False,,,,
796,0.95,1,False,,,,
797,0.95,1,False,,,,
798,0.95,1,False,,,,
799,0.95,1,False,,,,
800,0.95,1,False,,,,
801,0.95,1,False,,,,
802,0.95,1,False,,,,
803,0.95,1,False,,,,
804,0.95,1,False,,,,
805,0.95,1,False,,,,
806,0.95,1,False,,,,
807,0.95,1,False,,,,
808,0.95,1,False,,,,
809,0.95,1,False,,,,
810,0.95,1,False,,,,
811,0.95,1,False,,,,
812,0.95,1,False,,,,
813,0.95,1,False,,,,
814,0.95,1,False,,,,
815,0.95,1,False,,,,
816,0.95,1,False,,,,
817,0.95,1,False,,,,
818,0.95,1,False,,,,
819,0.95,1,False,,,,
820,0.95,1,False,,,,
821,0.95,1,False,,,,
822,0.95,1,False,,,,
823,0.95,1,False,,,,
824,0.95,1,False,,,,
825,0.95,1,False,,,,
826,0.95,1,False,,,,
827,0.95,1,False,,,,
828,0.95,1,False,,,,
829,0.95,1,False,,,,
830,0.95,1,False,,,,
831,0.95,1,False,,,,
832,0.95,1,False,,,,
833,0.95,1,False,,,,
834,0.95,1,False,,,,
835,0.95,1,False,,,,
836,0.95,1,False,,,,
837,0.95,1,False,,,,
838,0.95,1,False,,,,
839,0.95,1,False,,,,
840,0.95,1,False,,,,
841,0.95,1,False,,,,
842,0.95,1,False,,,,
843,0.95,1,False,,,,
844,0.95,1,False,,,,
845,0.95,1,False,,,,
846,0.95,1,False,,,,
847,0.95,1,False,,,,
848,0.95,1,False,,,,
849,0.95,1,False,,,,
850,0.95,1,False,,,,
851,0.95,1,False,,,,
852,0.95,1,False,,,,
853,0.95,1,False,,,,
854,0.95,1,False,,,,
855,0.95,1,False,,,,
856,0.95,1,False,,,,
857,0.95,1,False,,,,
858,0.95,1,False,,,,
859,0.95,1,False,,,,
860,0.95,1,False,,,,
861,0.95,1,False,,,,
862,0.95,1,False,,,,
863,0.95,1,False,,,,
864,0.95,1,False,,,,
865,0.95,1,False,,,,
866,0.95,1,False,,,,
867,0.95,1,False,,,,
868,0.95,1,False,,,,
869,0.95,1,False,,,,
870,0.95,1,False,,,,
871,0.9,2,False,,,,
872,0.9,2,False,,,,
873,0.9,2,False,,,,
874,0.9,2,False,,,,
875,0.9,2,False,,,,
876,0.9,2,False,,,,
877,0.9,2,False,,,,
878,0.9,2,False,,,,
879,0.9,2,False,,,,
880,0.9,2,False,,,,
881,0.9,2,False,,,,
882,0.9,2,False,,,,
883,0.9,2,False,,,,
884,0.95,1,False,,,,
885,0.95,1,False,,,,
886,0.95,1,False,,,,
887,0.95,1,False,,,,
888,0.95,1,False,,,,
889,0.95,1,False,,,,
890,0.95,1,False,,,,
891,0.95,1,False,,,,
892,0.95,1,False,,,,
893,0.95,1,False,,,,
894,0.95,1,False,,,,
895,0.95,1,False,,,,
896,0.95,1,False,,,,
897,0.95,1,False,,,,
898,0.95,1,False,,,,
899,0.95,1,False,,,,
900,0.95,1,False,,,,
901,0.95,1,False,,,,
902,0.95,1,False,,,,
903,0.95,1,False,,,,
904,0.95,1,False,,,,
905,0.95,1,False,,,,
906,0.95,1,False,,,,
907,0.95,1,False,,,,
908,0.95,1,False,,,,
909,0.95,1,False,,,,
910,0.95,1,False,,,,
911,0.9,2,False,,,,
912,0.9,2,False,,,,
913,0.9,2,False,,,,
914,0.9,2,False,,,,
915,0.9,2,False,,,,
916,0.9,2,False,,,,
917,0.9,2,False,,,,
918,0.95,1,False,,,,
919,0.95,1,False,,,,
920,0.95,1,False,,,,
921,0.95,1,False,,,,
922,0.95,1,False,,,,
923,0.95,1,False,,,,
924,0.95,1,False,,,,
925,0.95,1,False,,,,
926,0.95,1,False,,,,
927,0.95,1,False,,,,
928,0.95,1,False,,,,
929,0.95,1,False,,,,
930,0.95,1,False,,,,
931,0.95,1,False,,,,
932,0.95,1,False,,,,
933,0.95,1,False,,,,
934,0.95,1,False,,,,
935,0.95,1,False,,,,
936,0.95,1,False,,,,
937,0.95,1,False,,,,
938,0.95,1,False,,,,
939,0.95,1,False,,,,
940,0.95,1,False,,,,
941,0.95,1,False,,,,
942,0.95,1,False,,,,
943,0.95,1,False,,,,
944,0.95,1,False,,,,
945,0.95,1,False,,,,
946,0.95,1,False,,,,
947,0.95,1,False,,,,
948,0.95,1,False,,,,
949,0.95,1,False,,,,
950,0.95,1,False,,,,
951,0.95,1,False,,,,
952,0.95,1,False,,,,
953,0.95,1,False,,,,
954,0.95,1,False,,,,
955,0.95,1,False,,,,
956,0.95,1,False,,,,
957,0.95,1,False,,,,
958,0.95,1,False,,,,
959,0.95,1,False,,,,
960,0.95,1,False,,,,
961,0.95,1,False,,,,
962,0.95,1,False,,,,
963,0.95,1,False,,,,
964,0.95,1,False,,,,
965,0.95,1,False,,,,
966,0.95,1,False,,,,
967,0.95,1,False,,,,
968,0.95,1,False,,,,
969,0.95,1,False,,,,
970,0.95,1,False,,,,
971,0.95,1,False,,,,
972,0.95,1,False,,,,
973,0.95,1,False,,,,
974,0.95,1,False,,,,
975,0.95,1,False,,,,
976,0.95,1,False,,,,
977,0.95,1,False,,,,
978,0.95,1,False,,,,
979,0.95,1,False,,,,
980,0.95,1,False,,,,
981,0.95,1,False,,,,
982,0.95,1,False,,,,
983,0.95,1,False,,,,
984,0.95,1,False,,,,
985,0.95,1,False,,,,
986,0.95,1,False,,,,
987,0.95,1,False,,,,
988,0.95,1,False,,,,
989,0.95,1,False,,,,
990,0.95,1,False,,,,
991,0.95,1,False,,,,
992,0.95,1,False,,,,
993,0.95,1,False,,,,
994,0.95,1,False,,,,
995,0.95,1,False,,,,
996,0.95,1,False,,,,
997,0.95,1,False,,,,
998,0.95,1,False,,,,
999,0.95,1,False,,,,
1000,0.95,1,False,,,,
1001,0.95,1,False,,,,
1002,0.95,1,False,,,,
1003,0.95,1,False,,,,
1004,0.95,1,False,,,,
1005,0.95,1,False,,,,
1006,0.95,1,False,,,,
1007,0.95,1,False,,,,
1008,0.9,2,False,,,,
1009,0.9,2,False,,,,
1010,0.9,2,False,,,,
1011,0.9,2,False,,,,
1012,0.9,2,False,,,,
1013,0.9,2,False,,,,
1014,0.9,2,False,,,,
1015,0.9,2,False,,,,
1016,0.9,2,False,,,,
1017,0.9,2,False,,,,
1018,0.9,2,False,,,,
1019,0.9,2,False,,,,
1020,0.9,2,False,,,,
1021,0.9,2,False,,,,
1022,0.9,2,False,,,,
1023,0.9,2,False,,,,
1024,0.9,2,False,,,,
1025,0.95,1,False,,,,
1026,0.9,2,False,,,,
1027,0.9,2,False,,,,
1028,0.9,2,False,,,,
1029,0.9,2,False,,,,
1030,0.9,2,False,,,,
1031,0.9,2,False,,,,
1032,0.9,2,False,,,,
1033,0.9,2,False,,,,
1034,0.9,2,False,,,,
1035,0.9,2,False,,,,
1036,0.9,2,False,,,,
1037,0.9,2,False,,,,
1038,0.9,2,False,,,,
1039,0.95,1,False,,,,
1040,0.95,1,False,,,,
1041,0.95,1,False,,,,
1042,0.95,1,False,,,,
1043,0.95,1,False,,,,
1044,0.95,1,False,,,,
1045,0.95,1,False,,,,
1046,0.95,1,False,,,,
1047,0.95,1,False,,,,
1048,0.95,1,False,,,,
1049,0.95,1,False,,,,
1050,0.9,2,False,,,,
1051,0.9,2,False,,,,
1052,0.9,2,False,,,,
1053,0.9,2,False,,,,
1054,0.9,2,False,,,,
1055,0.9,2,False,,,,
1056,0.9,2,False,,,,
1057,0.9,2,False,,,,
1058,0.9,2,False,,,,
1059,0.9,2,False,,,,
1060,0.9,2,False,,,,
1061,0.9,2,False,,,,
1062,0.9,2,False,,,,
1063,0.95,1,False,,,,
1064,0.9,2,False,,,,
1065,0.9,2,False,,,,
1066,0.9,2,False,,,,
1067,0.9,2,False,,,,
1068,0.9,2,False,,,,
1069,0.9,2,False,,,,
1070,0.9,2,False,,,,
1071,0.9,2,False,,,,
1072,0.9,2,False,,,,
1073,0.9,2,False,,,,
1074,0.9,2,False,,,,
1075,0.9,2,False,,,,
1076,0.9,2,False,,,,
1077,0.9,2,False,,,,
1078,0.85,3,False,,,,
1079,0.85,3,False,,,,
1080,0.85,3,False,,,,
1081,0.85,3,False,,,,
1082,0.85,3,False,,,,
1083,0.85,3,False,,,,
1084,0.85,3,False,,,,
1085,0.85,3,False,,,,
1086,0.85,3,False,,,,
1087,0.85,3,False,,,,
1088,0.3,14,True,0.47619047619047616,0.9285714285714286,0.2800122858679105,0.37123232664087563
1089,0.3,14,True,0.5142857142857143,0.9285714285714286,0.2800122858679105,0.37123232664087563
1090,0.05,19,True,0.5391812865497075,0.8947368421052632,0.5762076600877131,0.5907239186406502
1091,0.05,19,True,0.4471734892787525,0.7894736842105263,0.4436691855250421,1.058277043226334
1092,0.05,19,True,0.45497076023391814,0.8421052631578947,0.4890359525563188,0.7742433029172697
1093,0.05,19,True,0.5228070175438596,0.8421052631578947,0.5168118696880717,0.8795064608120066
1094,0.05,19,True,0.6136452241715399,0.8421052631578947,0.5168118696880717,0.8795064608120066
1095,0.05,19,True,0.5056530214424951,0.8947368421052632,0.5762076600877131,0.5907239186406502
1096,0.05,19,True,0.439766081871345,0.8421052631578947,0.5168118696880717,0.8795064608120066
1097,0.05,19,True,0.45380116959064326,0.8947368421052632,0.5283265821844846,0.4854607607459134
1098,0.05,19,True,0.6105263157894737,0.9473684210526315,0.6410037503534696,0.2974722489192896
1099,0.05,19,True,0.47251461988304094,0.7894736842105263,0.4229921134636,0.9132829641650988
1100,0.05,19,True,0.43469785575048736,0.8421052631578947,0.5168118696880717,0.8795064608120066
1101,0.05,19,True,0.531384015594542,0.8947368421052632,0.5762076600877131,0.5907239186406502
1102,0.05,19,True,0.439766081871345,0.8421052631578947,0.5168118696880717,0.8795064608120066
1103,0.05,19,True,0.6331384015594542,0.8421052631578947,0.4890359525563188,0.7742433029172697
1104,0.05,19,True,0.35789473684210527,0.42105263157894735,0.2110702296074859,1.8452178053170998
1105,0.95,1,False,,,,
1106,0.95,1,False,,,,
1107,0.95,1,False,,,,
1108,0.95,1,False,,,,
1109,0.95,1,False,,,,
1110,0.95,1,False,,,,
1111,0.05,19,True,0.5107212475633528,0.8947368421052632,0.5762076600877131,0.5907239186406502
1112,0.05,19,True,0.504093567251462,0.8947368421052632,0.5762076600877131,0.5907239186406502
1113,0.05,19,True,0.4222222222222223,0.7894736842105263,0.46159367967902887,1.1635402011210707
1114,0.05,19,True,0.48888888888888893,0.7894736842105263,0.46159367967902887,1.1635402011210707
1115,0.05,19,True,0.6038986354775828,0.8947368421052632,0.5762076600877131,0.5907239186406502
1116,0.05,19,True,0.5052631578947369,0.9473684210526315,0.6410037503534696,0.2974722489192896
1117,0.05,19,True,0.4269005847953216,0.8421052631578947,0.5168118696880717,0.8795064608120066
1118,0.05,19,True,0.40155945419103317,0.7894736842105263,0.46159367967902887,1.1635402011210707
1119,0.05,19,True,0.5578947368421052,0.8947368421052632,0.5762076600877131,0.5907239186406502
1120,0.05,19,True,0.8666666666666667,1.0,0.7136030428840437,0.0
1121,0.05,19,True,0.5181286549707603,0.7894736842105263,0.46159367967902887,1.1635402011210707
1122,0.05,19,True,0.504093567251462,0.8947368421052632,0.5762076600877131,0.5907239186406502
1123,0.05,19,True,0.4713450292397661,0.8947368421052632,0.5762076600877131,0.5907239186406502
1124,0.05,19,True,0.5270955165692007,0.8421052631578947,0.4890359525563188,0.7742433029172697
1125,0.05,19,True,0.4421052631578947,0.42105263157894735,0.16171420253845625,1.7474130395316416
1126,0.05,19,True,0.5380116959064327,0.8947368421052632,0.5762076600877131,0.5907239186406502
1127,0.05,19,True,0.4327485380116959,0.7894736842105263,0.46159367967902887,1.1635402011210707
1128,0.05,19,True,0.531384015594542,0.8947368421052632,0.5762076600877131,0.5907239186406502
1129,0.05,19,True,0.4510721247563353,0.7368421052631579,0.4098431814126551,1.442508097190614
1130,0.05,19,True,0.42884990253411304,0.7894736842105263,0.46159367967902887,1.1635402011210707
1131,0.05,19,True,0.6456140350877193,0.9473684210526315,0.6410037503534696,0.2974722489192896
1132,0.15,17,True,0.5686274509803921,0.9411764705882353,0.44214218356782176,0.3227569588973982
1133,0.05,19,True,0.6261208576998051,0.8947368421052632,0.5283265821844846,0.4854607607459134
1134,0.05,19,True,0.5703703703703703,0.8947368421052632,0.5762076600877131,0.5907239186406502
1135,0.05,19,True,0.3816764132553606,0.6842105263157895,0.33591211570119817,1.5055213905049436
1136,0.05,19,True,0.4709551656920078,0.8947368421052632,0.5762076600877131,0.5907239186406502
1137,0.05,19,True,0.6035087719298246,0.9473684210526315,0.6410037503534696,0.2974722489192896
1138,0.05,19,True,0.44093567251461985,0.8421052631578947,0.5168118696880717,0.8795064608120066
1139,0.05,19,True,0.6631578947368422,0.9473684210526315,0.6410037503534696,0.2974722489192896
1140,0.05,19,True,0.48693957115009745,0.8421052631578947,0.5168118696880717,0.8795064608120066
1141,0.05,19,True,0.4183235867446394,0.7368421052631579,0.3977554223658072,1.3372449392958772
1142,0.05,19,True,0.4413255360623782,0.6842105263157895,0.35051363316910866,1.4657904693384451
1143,0.1,18,True,0.4954248366013072,0.8333333333333334,0.4436691855250422,0.9141828384352135
1144,0.1,18,True,0.469281045751634,0.8333333333333334,0.4436691855250422,0.9141828384352135
1145,0.95,1,False,,,,
1146,0.95,1,False,,,,
1147,0.95,1,False,,,,
1148,0.95,1,False,,,,
1149,0.95,1,False,,,,
1150,0.95,1,False,,,,
1151,0.95,1,False,,,,
1152,0.95,1,False,,,,
1153,0.95,1,False,,,,
1154,0.95,1,False,,,,
1155,0.1,18,True,0.4684095860566449,0.8888888888888888,0.4890359525563188,0.6143694458867568
1156,0.1,18,True,0.4344226579520697,0.8333333333333334,0.4436691855250422,0.9141828384352135
1157,0.05,19,True,0.40623781676413256,0.5789473684210527,0.28073194850728744,1.8240460500219924
1158,0.05,19,True,0.3621832358674464,0.5789473684210527,0.2585560474829177,1.8895782867502309
1159,0.05,19,True,0.3937621832358674,0.7368421052631579,0.3977554223658072,1.3372449392958772
1160,0.05,19,True,0.4456140350877193,0.8421052631578947,0.5168118696880717,0.8795064608120066
1161,0.05,19,True,0.5309941520467836,0.8947368421052632,0.5762076600877131,0.5907239186406502
1162,0.05,19,True,0.50682261208577,0.8947368421052632,0.5283265821844846,0.4854607607459134
1163,0.05,19,True,0.6245614035087719,0.8947368421052632,0.5762076600877131,0.5907239186406502
1164,0.05,19,True,0.5454191033138401,0.8947368421052632,0.5762076600877131,0.5907239186406502
1165,0.05,19,True,0.29980506822612085,0.5263157894736842,0.2338449694456599,1.78324743853251
1166,0.05,19,True,0.5660818713450292,0.8421052631578947,0.5168118696880717,0.8795064608120066
1167,0.05,19,True,0.5434697855750488,0.7894736842105263,0.46159367967902887,1.1635402011210707
1168,0.05,19,True,0.5259259259259259,0.8421052631578947,0.5168118696880717,0.8795064608120066
1169,0.05,19,True,0.5637426900584794,0.8947368421052632,0.5762076600877131,0.5907239186406502
1170,0.05,19,True,0.5738791423001949,0.8947368421052632,0.5283265821844846,0.4854607607459134
1171,0.05,19,True,0.30838206627680315,0.5263157894736842,0.25891735050123776,1.8885105964272468
1172,0.95,1,False,,,,
1173,0.05,19,True,0.36959064327485375,0.5789473684210527,0.28073194850728744,1.8240460500219924
1174,0.05,19,True,0.4432748538011696,0.6842105263157895,0.29167886095217377,1.1897319168207328
1175,0.05,19,True,0.6631578947368422,0.9473684210526315,0.6410037503534696,0.2974722489192896
1176,0.05,19,True,0.5461988304093567,0.7894736842105263,0.4229921134636,0.9132829641650988
1177,0.05,19,True,0.3925925925925926,0.7894736842105263,0.46159367967902887,1.1635402011210707
1178,0.05,19,True,0.32592592592592595,0.42105263157894735,0.15935730170421258,2.3531906713383224
1179,0.15,17,True,0.5666666666666667,0.8823529411764706,0.4229921134636,0.6402064333604701
1180,0.05,19,True,0.3766081871345029,0.6842105263157895,0.35289896413803834,1.61078454839968
1181,0.05,19,True,0.5001949317738792,0.7894736842105263,0.4041199259095132,0.9530138853315971
1182,0.05,19,True,0.3742690058479532,0.5789473684210527,0.2334525823968916,1.7843151288554941
1183,0.1,18,True,0.2928104575163399,0.5555555555555556,0.22559344255483083,2.0602489763846963
1184,0.05,19,True,0.3672514619883041,0.5789473684210527,0.25753634565243533,1.7187828921272554
1185,0.05,19,True,0.4619883040935672,0.7894736842105263,0.4436691855250421,1.058277043226334
1186,0.05,19,True,0.4908382066276803,0.7894736842105263,0.4436691855250421,1.058277043226334
1187,0.05,19,True,0.36335282651072126,0.5789473684210527,0.28073194850728744,1.8240460500219924
1188,0.05,19,True,0.4011695906432749,0.6842105263157895,0.35051363316910866,1.4657904693384451
1189,0.05,19,True,0.5325536062378168,0.8421052631578947,0.5168118696880717,0.8795064608120066
1190,0.05,19,True,0.5111111111111111,0.8947368421052632,0.5762076600877131,0.5907239186406502
1191,0.05,19,True,0.5333333333333333,1.0,0.7136030428840437,0.0
1192,0.05,19,True,0.5578947368421052,0.9473684210526315,0.6410037503534696,0.2974722489192896
1193,0.05,19,True,0.3391812865497076,0.5263157894736842,0.2338449694456599,1.7832474385325099
1194,0.05,19,True,0.5134502923976608,0.7894736842105263,0.4229921134636,0.9132829641650988
1195,0.05,19,True,0.509551656920078,0.7894736842105263,0.4436691855250421,1.058277043226334
1196,0.1,18,True,0.5333333333333333,1.0,0.5310044064107188,0.0
1197,0.1,18,True,0.6,1.0,0.5310044064107188,0.0
1198,0.1,18,True,0.5398692810457516,0.8333333333333334,0.33499008803474906,0.6500224216483541
1199,0.05,19,True,0.482261208576998,0.7368421052631579,0.388854772263004,1.192250860234642
1200,0.05,19,True,0.5235867446393762,0.8947368421052632,0.5762076600877131,0.5907239186406502
1201,0.05,19,True,0.47719298245614034,0.47368421052631576,0.26550220320535933,1.2448406699719212
1202,0.05,19,True,0.3762183235867447,0.5789473684210527,0.25753634565243533,1.7187828921272557
1203,0.05,19,True,0.48070175438596496,0.7894736842105263,0.46159367967902887,1.1635402011210707
1204,0.05,19,True,0.44093567251461985,0.631578947368421,0.29081902780598756,1.6282202760321463
1205,0.05,19,True,0.4124756335282651,0.5263157894736842,0.27059858829622396,1.683240358011977
1206,0.05,19,True,0.284990253411306,0.47368421052631576,0.19312997374815177,2.390863696857044
1207,0.1,18,True,0.38300653594771245,0.3888888888888889,0.1579742542071244,2.1054105870684143
1208,0.1,18,True,0.28976034858387795,0.3888888888888889,0.1161906052085464,2.591793226077496
1209,0.9,2,False,,,,
1210,0.95,1,False,,,,
1211,0.9,2,False,,,,
1212,0.9,2,False,,,,
1213,0.9,2,False,,,,
1214,0.75,5,True,0.20666666666666667,0.4,0.4436691855250421,1.9219280948873623
1215,0.1,18,True,0.3581699346405229,0.5555555555555556,0.21301198418543954,2.102187170949333
1216,0.1,18,True,0.4875816993464053,0.6666666666666666,0.2803607492695732,1.3355055565170972
1217,0.1,18,True,0.39346405228758174,0.3888888888888889,0.1388189398408547,1.9523612813926658
1218,0.1,18,True,0.3333333333333333,0.4444444444444444,0.16964391395534772,1.8638263900908156
1219,0.1,18,True,0.6444444444444445,0.9444444444444444,0.5283265821844846,0.3095434291503252
1220,0.1,18,True,0.5198257080610021,0.8333333333333334,0.4436691855250422,0.9141828384352135
1221,0.05,19,True,0.5044834307992203,0.7894736842105263,0.46159367967902887,1.1635402011210707
1222,0.05,19,True,0.32007797270955163,0.47368421052631576,0.20151271858722597,2.2200683022340693
1223,0.05,19,True,0.3621832358674464,0.631578947368421,0.3151413382124534,1.983740670882855
1224,0.05,19,True,0.354775828460039,0.42105263157894735,0.19980216002594897,2.063202513215852
1225,0.05,19,True,0.4436647173489279,0.6842105263157895,0.35289896413803834,1.61078454839968
1226,0.05,19,True,0.3224171539961013,0.5263157894736842,0.22365227999907078,2.2890179898186576
1227,0.1,18,True,0.3276688453159042,0.5555555555555556,0.22559344255483083,2.0602489763846963
1228,0.1,18,True,0.36470588235294116,0.6111111111111112,0.2334525823968916,1.6805563732659934
1229,0.1,18,True,0.22309368191721132,0.2777777777777778,0.08398410223075714,2.7052290027422967
1230,0.1,18,True,0.2823529411764706,0.5,0.18076084362328393,2.2096909728231857
1231,0.1,18,True,0.29324618736383445,0.5555555555555556,0.21301198418543954,2.102187170949333
1232,0.9,2,False,,,,
1233,0.9,2,False,,,,
1234,0.9,2,False,,,,
1235,0.9,2,False,,,,
1236,0.9,2,False,,,,
1237,0.9,2,False,,,,
1238,0.9,2,False,,,,
1239,0.9,2,False,,,,
1240,0.95,1,False,,,,
1241,0.95,1,False,,,,
1242,0.95,1,False,,,,
1243,0.95,1,False,,,,
1244,0.95,1,False,,,,
1245,0.2,16,True,0.3527777777777778,0.5625,0.1957848110365069,1.9197367178034825
1246,0.15,17,True,0.2745098039215686,0.35294117647058826,0.07547783721766765,2.3360253406140252
1247,0.1,18,True,0.2570806100217865,0.3888888888888889,0.12142970082338811,2.855953642864355
1248,0.1,18,True,0.2714596949891067,0.4444444444444444,0.1511868851096616,2.30827083453526
1249,0.65,7,True,0.29523809523809524,0.42857142857142855,0.32000568559205445,1.8423709931771084
1250,0.7,6,True,0.22222222222222224,0.3333333333333333,0.3977554223658072,2.2516291673878226
1251,0.7,6,True,0.18222222222222223,0.3333333333333333,0.3977554223658072,2.2516291673878226
1252,0.2,16,True,0.43222222222222223,0.6875,0.25753634565243533,1.4966407621868583
1253,0.2,16,True,0.38,0.4375,0.12614908424583438,1.9211796919474973
1254,0.2,16,True,0.3555555555555555,0.5625,0.20151271858722597,2.091917186688699
1255,0.55,9,True,0.24074074074074076,0.3333333333333333,0.2585560474829177,2.4193819456463714
1256,0.7,6,True,0.2533333333333333,0.3333333333333333,0.3977554223658072,2.2516291673878226
1257,0.75,5,True,0.26,0.4,0.4436691855250421,1.9219280948873623
1258,0.75,5,True,0.2533333333333333,0.4,0.4436691855250421,1.9219280948873623
1259,0.8,4,False,,,,
1260,0.8,4,False,,,,
1261,0.8,4,False,,,,
1262,0.8,4,False,,,,
1263,0.8,4,False,,,,
1264,0.85,3,False,,,,
1265,0.85,3,False,,,,
1266,0.8,4,False,,,,
1267,0.8,4,False,,,,
1268,0.8,4,False,,,,
1269,0.8,4,False,,,,
1270,0.8,4,False,,,,
1271,0.8,4,False,,,,
1272,0.8,4,False,,,,
1273,0.8,4,False,,,,
1274,0.8,4,False,,,,
1275,0.8,4,False,,,,
1276,0.8,4,False,,,,
1277,0.85,3,False,,,,
1278,0.85,3,False,,,,
1279,0.85,3,False,,,,
1280,0.85,3,False,,,,
1281,0.8,4,False,,,,
1282,0.8,4,False,,,,
1283,0.8,4,False,,,,
1284,0.8,4,False,,,,
1285,0.85,3,False,,,,
1286,0.8,4,False,,,,
1287,0.8,4,False,,,,
1288,0.8,4,False,,,,
1289,0.8,4,False,,,,
1290,0.8,4,False,,,,
1291,0.8,4,False,,,,
1292,0.8,4,False,,,,
1293,0.8,4,False,,,,
1294,0.8,4,False,,,,
1295,0.9,2,False,,,,
1296,0.9,2,False,,,,
1297,0.9,2,False,,,,
1298,0.8,4,False,,,,
1299,0.75,5,True,0.18000000000000002,0.2,0.46159367967902887,2.321928094887362
1300,0.75,5,True,0.33999999999999997,0.6,0.4229921134636,1.3709505944546687
1301,0.9,2,False,,,,
1302,0.9,2,False,,,,
1303,0.9,2,False,,,,
1304,0.9,2,False,,,,
1305,0.9,2,False,,,,
1306,0.9,2,False,,,,
1307,0.9,2,False,,,,
1308,0.9,2,False,,,,
1309,0.9,2,False,,,,
1310,0.9,2,False,,,,
1311,0.9,2,False,,,,
1312,0.9,2,False,,,,
1313,0.9,2,False,,,,
1314,0.9,2,False,,,,
1315,0.75,5,True,0.21333333333333335,0.2,0.46159367967902887,2.321928094887362
1316,0.75,5,True,0.24666666666666667,0.4,0.4436691855250421,1.9219280948873623
1317,0.75,5,True,0.14666666666666667,0.4,0.4436691855250422,1.9219280948873623
1318,0.75,5,True,0.22,0.2,0.46159367967902887,2.321928094887362
1319,0.75,5,True,0.19333333333333333,0.2,0.46159367967902887,2.321928094887362
1320,0.75,5,True,0.2,0.4,0.4436691855250421,1.9219280948873623
1321,0.75,5,True,0.19333333333333333,0.4,0.4436691855250421,1.9219280948873623
1322,0.75,5,True,0.6666666666666666,1.0,0.18872187554086717,0.0
1323,0.75,5,True,0.14,0.2,0.46159367967902887,2.321928094887362
1324,0.75,5,True,0.31333333333333335,0.6,0.4229921134636,1.3709505944546687
1325,0.75,5,True,0.28,0.4,0.4436691855250422,1.9219280948873623
1326,0.75,5,True,0.4533333333333333,0.8,0.3742690141061863,0.7219280948873623
1327,0.75,5,True,0.20666666666666667,0.4,0.4436691855250422,1.9219280948873623
1328,0.75,5,True,0.31333333333333335,0.4,0.4436691855250421,1.9219280948873623
1329,0.75,5,True,0.26,0.4,0.4436691855250422,1.9219280948873623
1330,0.8,4,False,,,,
1331,0.8,4,False,,,,
1332,0.8,4,False,,,,
1333,0.75,5,True,0.36666666666666664,0.4,0.4041199259095133,1.5219280948873621
1334,0.8,4,False,,,,
1335,0.8,4,False,,,,
1336,0.8,4,False,,,,
1337,0.75,5,True,0.26666666666666666,0.4,0.4436691855250421,1.9219280948873623
1338,0.75,5,True,0.16,0.2,0.46159367967902887,2.321928094887362
1339,0.4,12,True,0.38484848484848483,0.5,0.134902164289336,1.7295739585136223
1340,0.45,11,True,0.37212121212121213,0.5454545454545454,0.21856773803935614,1.8676338909712125
1341,0.4,12,True,0.3797979797979798,0.5833333333333334,0.2110702296074859,1.780672129520887
1342,0.25,15,True,0.3511111111111111,0.6,0.21100826863279232,1.8716022614097982
1343,0.25,15,True,0.2038095238095238,0.3333333333333333,0.10866100563682446,2.8662478973127308
1344,0.25,15,True,0.3307936507936508,0.5333333333333333,0.18618464294482617,2.1735572622751858
1345,0.3,14,True,0.3194139194139194,0.5,0.17871162601638202,2.260820318171659
1346,0.85,3,False,,,,
1347,0.85,3,False,,,,
1348,0.85,3,False,,,,
1349,0.85,3,False,,,,
1350,0.85,3,False,,,,
1351,0.85,3,False,,,,
1352,0.85,3,False,,,,
1353,0.85,3,False,,,,
1354,0.25,15,True,0.30476190476190473,0.3333333333333333,0.10121101806174349,2.2825887305018333
1355,0.15,17,True,0.27794117647058825,0.47058823529411764,0.13860542674027043,2.322756958897399
1356,0.15,17,True,0.39558823529411763,0.7058823529411765,0.31137805050685086,1.5569010760354054
1357,0.1,18,True,0.3721132897603486,0.5,0.16016409232570472,2.0985798617120746
1358,0.1,18,True,0.32941176470588235,0.6666666666666666,0.27621751033807707,1.5577277787393193
1359,0.1,18,True,0.4174291938997821,0.7777777777777778,0.3977554223658072,1.2086489509530647
1360,0.1,18,True,0.34030501089324616,0.6111111111111112,0.2585560474829177,1.7916674843771045
1361,0.1,18,True,0.3699346405228758,0.5555555555555556,0.19322802684931562,1.7960885595978366
1362,0.1,18,True,0.34466230936819175,0.5555555555555556,0.21301198418543954,2.102187170949333
1363,0.1,18,True,0.4017429193899782,0.6111111111111112,0.2585560474829177,1.7916674843771045
1364,0.15,17,True,0.3161764705882353,0.47058823529411764,0.15323431356959916,2.4404040177209283
1365,0.15,17,True,0.3176470588235294,0.47058823529411764,0.15323431356959916,2.4404040177209283
1366,0.15,17,True,0.30098039215686273,0.47058823529411764,0.14200554029077694,2.116299605701696
1367,0.15,17,True,0.3284313725490196,0.47058823529411764,0.13860542674027043,2.322756958897399
1368,0.15,17,True,0.27058823529411763,0.23529411764705882,0.04301646851511054,2.6601297526332566
1369,0.2,16,True,0.3138888888888889,0.5625,0.18233999335007445,1.9669171866886992
1370,0.8,4,False,,,,
1371,0.75,5,True,0.35333333333333333,0.4,0.4436691855250421,1.9219280948873623
1372,0.75,5,True,0.2533333333333333,0.4,0.4436691855250421,1.9219280948873623
1373,0.75,5,True,0.26,0.4,0.4436691855250421,1.9219280948873623
1374,0.75,5,True,0.4,0.6,0.4229921134636,1.3709505944546687
1375,0.75,5,True,0.3,0.4,0.4436691855250421,1.9219280948873623
1376,0.75,5,True,0.26666666666666666,0.4,0.4436691855250421,1.9219280948873623
1377,0.75,5,True,0.24666666666666667,0.4,0.4436691855250421,1.9219280948873623
1378,0.75,5,True,0.19333333333333333,0.2,0.46159367967902887,2.321928094887362
1379,0.75,5,True,0.2866666666666667,0.4,0.4041199259095133,1.5219280948873621
1380,0.75,5,True,0.4266666666666667,0.6,0.33499008803474906,0.9709505944546686
1381,0.75,5,True,0.30666666666666664,0.6,0.4229921134636,1.3709505944546687
1382,0.75,5,True,0.30666666666666664,0.6,0.4229921134636,1.3709505944546687
1383,0.75,5,True,0.2533333333333333,0.2,0.46159367967902887,2.321928094887362
1384,0.75,5,True,0.26,0.4,0.4436691855250421,1.9219280948873623
1385,0.9,2,False,,,,
1386,0.9,2,False,,,,
1387,0.95,1,False,,,,
1388,0.95,1,False,,,,
1389,0.9,2,False,,,,
1390,0.9,2,False,,,,
1391,0.4,12,True,0.4090909090909091,0.6666666666666666,0.2564967211898894,1.584962500721156
1392,0.25,15,True,0.32507936507936513,0.5333333333333333,0.18618464294482617,2.1735572622751858
1393,0.2,16,True,0.3011111111111111,0.5,0.1806179973983888,2.5
1394,0.15,17,True,0.24068627450980393,0.17647058823529413,0.05448323451956916,3.1307179879273748
1395,0.15,17,True,0.33431372549019606,0.47058823529411764,0.1618771869071437,2.5580510765444577
1396,0.1,18,True,0.41655773420479303,0.6111111111111112,0.2602530984543837,1.9447167900528528
1397,0.1,18,True,0.28714596949891064,0.5,0.16817938525389264,2.2516291673878226
1398,0.1,18,True,0.38562091503267976,0.5,0.18233999335007445,2.0294069451656007
1399,0.15,17,True,0.3254901960784314,0.47058823529411764,0.1511868851096615,2.278351811711312
1400,0.65,7,True,0.20634920634920637,0.2857142857142857,0.35289896413803834,2.521640636343318
1401,0.5,10,True,0.17777777777777778,0.2,0.22907300390241692,3.121928094887362
1402,0.1,18,True,0.3503267973856209,0.3888888888888889,0.17871162601638202,2.216521698179525
1403,0.1,18,True,0.33246187363834423,0.5,0.16817938525389264,2.2516291673878226
1404,0.1,18,True,0.31023965141612203,0.3888888888888889,0.1961188691478417,1.9864267287308424
1405,0.1,18,True,0.30239651416122004,0.3888888888888889,0.12021537594426634,2.4115091984199104
1406,0.15,17,True,0.3053921568627451,0.47058823529411764,0.10687486997634998,1.9986525468781666
1407,0.15,17,True,0.45637254901960783,0.7058823529411765,0.29081902780598745,1.439254017211876
1408,0.15,17,True,0.4852941176470588,0.7647058823529411,0.35051363316910866,1.2577148214953864
1409,0.1,18,True,0.37298474945533766,0.5,0.1818141191887922,1.8288713632524445
1410,0.1,18,True,0.4522875816993464,0.7777777777777778,0.3977554223658072,1.2086489509530647
1411,0.1,18,True,0.45795206971677566,0.7777777777777778,0.3977554223658072,1.2086489509530647
1412,0.1,18,True,0.3272331154684096,0.5,0.16528093984799175,1.8763576394898522
1413,0.75,5,True,0.2733333333333333,0.4,0.4436691855250422,1.9219280948873623
1414,0.8,4,False,,,,
1415,0.3,14,True,0.4717948717948718,0.7857142857142857,0.29207456594376535,1.0892300788425848
1416,0.25,15,True,0.29269841269841274,0.4666666666666667,0.14704271718487993,2.33012496531497
1417,0.3,14,True,0.391941391941392,0.5714285714285714,0.134902164289336,1.610577243331642
1418,0.3,14,True,0.3347985347985348,0.5714285714285714,0.16964391395534772,1.807354922057604
1419,0.3,14,True,0.6666666666666666,1.0,0.1187091007693073,0.0
1420,0.3,14,True,0.380952380952381,0.7857142857142857,0.29207456594376535,1.0892300788425848
1421,0.25,15,True,0.4228571428571429,0.8,0.31502247023287666,1.0389205950315936
1422,0.25,15,True,0.3333333333333333,0.6,0.14845104387083763,1.5546097612655665
1423,0.25,15,True,0.44825396825396824,0.7333333333333333,0.2511573959832911,1.2366407419411674
1424,0.25,15,True,0.3790476190476191,0.5333333333333333,0.11024061188708112,1.672905595320056
1425,0.2,16,True,0.31277777777777777,0.5625,0.18233999335007445,1.9669171866886992
1426,0.2,16,True,0.27444444444444444,0.375,0.11785355177632828,2.4056390622295662
1427,0.2,16,True,0.3238888888888889,0.5,0.1507366236287142,2.077819531114783
1428,0.1,18,True,0.29237472766884537,0.5,0.18122294910529746,2.3627402784989338
1429,0.1,18,True,0.2553376906318083,0.3333333333333333,0.11785355177632828,2.4193819456463714
1430,0.15,17,True,0.2676470588235294,0.4117647058823529,0.08673281678552003,2.298852726158181
1431,0.6,8,True,0.21666666666666667,0.375,0.25354871102045307,1.9056390622295665
1432,0.05,19,True,0.4269005847953216,0.6842105263157895,0.35051363316910866,1.4657904693384451
1433,0.05,19,True,0.4327485380116959,0.6842105263157895,0.3468177238411746,1.2949950747154697
1434,0.05,19,True,0.4148148148148148,0.5789473684210527,0.29207456594376535,1.428794734004785
1435,0.05,19,True,0.5855750487329435,0.8947368421052632,0.5762076600877131,0.5907239186406502
1436,0.05,19,True,0.42768031189083816,0.6842105263157895,0.35051363316910866,1.4657904693384451
1437,0.05,19,True,0.5707602339181287,0.7894736842105263,0.3742690141061863,0.7424875695421236
1438,0.05,19,True,0.3867446393762183,0.5789473684210527,0.2886710424611464,1.6340649724200549
1439,0.05,19,True,0.47563352826510724,0.7368421052631579,0.4098431814126551,1.442508097190614
1440,0.05,19,True,0.2939571150097466,0.5263157894736842,0.21301198418543954,2.183754831923921
1441,0.05,19,True,0.22417153996101366,0.3157894736842105,0.09429256635825567,2.865576855207248
1442,0.5,10,True,0.22222222222222224,0.3,0.20807317419415017,2.4464393446710155
1443,0.1,18,True,0.3028322440087146,0.3888888888888889,0.08673281678552003,2.327632809290636
1444,0.15,17,True,0.34705882352941175,0.5294117647058824,0.14845104387083763,1.608700165519891
1445,0.6,8,True,0.24285714285714285,0.25,0.27621751033807707,2.25
1446,0.6,8,True,0.20952380952380953,0.25,0.30968313518177715,2.75
1447,0.6,8,True,0.34523809523809523,0.5,0.2803607492695731,1.75
1448,0.7,6,True,0.29333333333333333,0.3333333333333333,0.3725991547047849,1.9182958340544896
1449,0.75,5,True,0.29333333333333333,0.4,0.4436691855250422,1.9219280948873623
1450,0.75,5,True,0.19333333333333333,0.4,0.4436691855250422,1.9219280948873623
1451,0.85,3,False,,,,
1452,0.95,1,False,,,,
1453,0.95,1,False,,,,
1454,0.95,1,False,,,,
1455,0.95,1,False,,,,
1456,0.95,1,False,,,,
1457,0.95,1,False,,,,
1458,0.9,2,False,,,,
1459,0.9,2,False,,,,
1460,0.9,2,False,,,,
1461,0.9,2,False,,,,
1462,0.8,4,False,,,,
1463,0.8,4,False,,,,
1464,0.25,15,True,0.2812698412698413,0.26666666666666666,0.0725427427790255,2.389898095464287
1465,0.25,15,True,0.35809523809523813,0.5333333333333333,0.14749181257269428,1.856564762130954
1466,0.25,15,True,0.3790476190476191,0.7333333333333333,0.251157395983291,1.2366407419411674
1467,0.1,18,True,0.26405228758169935,0.4444444444444444,0.15323431356959916,2.4613201402110083
1468,0.1,18,True,0.2601307189542484,0.2777777777777778,0.09746632928477938,2.657742726504889
1469,0.1,18,True,0.43485838779956426,0.6666666666666666,0.2803607492695731,1.3355055565170972
1470,0.15,17,True,0.3730392156862745,0.6470588235294118,0.2585560474829177,1.731360029190912
1471,0.15,17,True,0.31470588235294117,0.47058823529411764,0.1618771869071437,2.5580510765444573
1472,0.15,17,True,0.39558823529411763,0.6470588235294118,0.2585560474829177,1.731360029190912
1473,0.15,17,True,0.24411764705882352,0.29411764705882354,0.041635758416718516,2.4477979600193267
1474,0.0,20,True,0.35719298245614034,0.4,0.17157557582823801,2.1414460711655217
1475,0.0,20,True,0.4624561403508772,0.55,0.2816667590416564,1.4366664819166872
1476,0.0,20,True,0.44140350877192985,0.65,0.35051363316910866,1.6788979029874789
1477,0.0,20,True,0.27508771929824566,0.4,0.15935730170421258,2.5219280948873624
1478,0.05,19,True,0.5473684210526315,0.8421052631578947,0.5168118696880717,0.8795064608120066
1479,0.1,18,True,0.2919389978213508,0.3333333333333333,0.15740889981958905,2.4466166676282084
1480,0.2,16,True,0.5172222222222221,0.8125,0.3468177238411746,0.9933927290103626
1481,0.25,15,True,0.33396825396825397,0.5333333333333333,0.18618464294482606,2.1735572622751853
1482,0.25,15,True,0.28698412698412695,0.4666666666666667,0.12413217540617516,2.1967916319816365
1483,0.25,15,True,0.2419047619047619,0.3333333333333333,0.11643447565802878,2.225605199016944
1484,0.9,2,False,,,,
1485,0.9,2,False,,,,
1486,0.85,3,False,,,,
1487,0.8,4,False,,,,
1488,0.15,17,True,0.2946078431372549,0.5294117647058824,0.19312997374815177,2.291620193427939
1489,0.15,17,True,0.2848039215686275,0.35294117647058826,0.09429256635825567,2.822181958642873
1490,0.15,17,True,0.42352941176470593,0.7058823529411765,0.31137805050685086,1.5569010760354054
1491,0.15,17,True,0.3137254901960784,0.5294117647058824,0.18076084362328393,2.1739731346044096
1492,0.05,19,True,0.5037037037037037,0.7894736842105263,0.4436691855250421,1.058277043226334
1493,0.1,18,True,0.3137254901960784,0.5,0.16817938525389264,2.2516291673878226
1494,0.1,18,True,0.34553376906318084,0.6111111111111112,0.2683610168752899,2.0558279011639637
1495,0.15,17,True,0.5602941176470588,0.8235294117647058,0.340482362830567,0.8343470230852538
1496,0.15,17,True,0.28431372549019607,0.47058823529411764,0.1511868851096616,2.2783518117113117
1497,0.2,16,True,0.3538888888888889,0.625,0.24634531751877298,1.9237949406953985
1498,0.2,16,True,0.2594444444444444,0.5,0.17193876007360365,2.202819531114783
1499,0.2,16,True,0.3927777777777778,0.625,0.15545875354128547,1.5487949406953985
1500,0.2,16,True,0.30722222222222223,0.4375,0.10890871780988975,2.224601752714581
1501,0.25,15,True,0.2806349206349206,0.4666666666666667,0.13757699309260762,2.146465798504072
1502,0.2,16,True,0.38222222222222224,0.5625,0.1957848110365069,1.9197367178034825
1503,0.7,6,True,0.20444444444444443,0.16666666666666666,0.4098431814126551,2.584962500721156
1504,0.7,6,True,0.3466666666666667,0.6666666666666666,0.3716101752764802,1.2516291673878228
1505,0.7,6,True,0.5111111111111111,0.8333333333333334,0.32093180423165535,0.6500224216483541
1506,0.7,6,True,0.39111111111111113,0.6666666666666666,0.3716101752764802,1.2516291673878228
1507,0.7,6,True,0.24000000000000002,0.3333333333333333,0.3725991547047849,1.9182958340544893
1508,0.65,7,True,0.26666666666666666,0.2857142857142857,0.35289896413803834,2.521640636343318
1509,0.65,7,True,0.3619047619047619,0.5714285714285714,0.3468177238411746,1.6644977792004614
1510,0.65,7,True,0.20634920634920637,0.2857142857142857,0.33591211570119817,2.2359263506290326
1511,0.65,7,True,0.20952380952380953,0.2857142857142857,0.35289896413803834,2.5216406363433186
1512,0.65,7,True,0.3333333333333333,0.2857142857142857,0.3037500680338353,1.950212064914747
1513,0.65,7,True,0.22222222222222224,0.2857142857142857,0.3359121157011983,2.2359263506290326
1514,0.65,7,True,0.28253968253968254,0.42857142857142855,0.35051363316910866,2.1280852788913944
1515,0.9,2,False,,,,
1516,0.85,3,False,,,,
1517,0.85,3,False,,,,
1518,0.9,2,False,,,,
1519,0.85,3,False,,,,
1520,0.85,3,False,,,,
1521,0.85,3,False,,,,
1522,0.85,3,False,,,,
1523,0.8,4,False,,,,
1524,0.8,4,False,,,,
1525,0.8,4,False,,,,
1526,0.8,4,False,,,,
1527,0.75,5,True,0.28,0.4,0.4436691855250421,1.9219280948873623
1528,0.8,4,False,,,,
1529,0.8,4,False,,,,
1530,0.8,4,False,,,,
1531,0.75,5,True,0.22666666666666666,0.4,0.4436691855250421,1.9219280948873623
1532,0.85,3,False,,,,
1533,0.85,3,False,,,,
1534,0.85,3,False,,,,
1535,0.85,3,False,,,,
1536,0.75,5,True,0.22,0.2,0.46159367967902887,2.321928094887362
1537,0.75,5,True,0.26666666666666666,0.4,0.4436691855250422,1.9219280948873623
1538,0.75,5,True,0.22666666666666666,0.4,0.4436691855250422,1.9219280948873623
1539,0.75,5,True,0.2733333333333333,0.4,0.4436691855250422,1.9219280948873623
1540,0.75,5,True,0.52,0.8,0.3742690141061863,0.7219280948873623
1541,0.75,5,True,0.22,0.4,0.4436691855250422,1.9219280948873623
1542,0.75,5,True,0.38,0.6,0.4229921134636,1.3709505944546687
1543,0.75,5,True,0.52,0.8,0.3742690141061863,0.7219280948873623
1544,0.75,5,True,0.3733333333333333,0.8,0.3742690141061863,0.7219280948873623
1545,0.75,5,True,0.18000000000000002,0.2,0.46159367967902887,2.321928094887362
1546,0.75,5,True,0.2,0.4,0.4436691855250421,1.9219280948873623
1547,0.75,5,True,0.2733333333333333,0.4,0.4041199259095133,1.5219280948873621
1548,0.85,3,False,,,,
1549,0.85,3,False,,,,
1550,0.85,3,False,,,,
1551,0.85,3,False,,,,
1552,0.85,3,False,,,,
1553,0.85,3,False,,,,
1554,0.85,3,False,,,,
1555,0.85,3,False,,,,
1556,0.85,3,False,,,,
1557,0.8,4,False,,,,
1558,0.8,4,False,,,,
1559,0.3,14,True,0.38021978021978026,0.6428571428571429,0.21856773803935614,1.6266888497018317
1560,0.3,14,True,0.3487179487179487,0.35714285714285715,0.11585746540240738,2.005977711423774
1561,0.3,14,True,0.5128205128205129,0.7857142857142857,0.29207456594376535,1.0892300788425848
1562,0.95,1,False,,,,
1563,0.95,1,False,,,,
1564,0.9,2,False,,,,
1565,0.9,2,False,,,,
1566,0.6,8,True,0.26666666666666666,0.25,0.27621751033807707,2.25
1567,0.85,3,False,,,,
1568,0.85,3,False,,,,
1569,0.85,3,False,,,,
1570,0.85,3,False,,,,
1571,0.85,3,False,,,,
1572,0.8,4,False,,,,
1573,0.85,3,False,,,,
1574,0.85,3,False,,,,
1575,0.85,3,False,,,,
1576,0.6,8,True,0.25,0.375,0.29081902780598745,2.1556390622295662
1577,0.9,2,False,,,,
1578,0.9,2,False,,,,
1579,0.9,2,False,,,,
1580,0.9,2,False,,,,
1581,0.9,2,False,,,,
1582,0.9,2,False,,,,
1583,0.9,2,False,,,,
1584,0.9,2,False,,,,
1585,0.9,2,False,,,,
1586,0.9,2,False,,,,
1587,0.9,2,False,,,,
1588,0.9,2,False,,,,
1589,0.9,2,False,,,,
1590,0.9,2,False,,,,
1591,0.85,3,False,,,,
1592,0.85,3,False,,,,
1593,0.85,3,False,,,,
1594,0.85,3,False,,,,
1595,0.9,2,False,,,,
1596,0.6,8,True,0.20476190476190476,0.25,0.30968313518177704,2.75
1597,0.6,8,True,0.2761904761904762,0.375,0.29081902780598745,2.1556390622295662
1598,0.6,8,True,0.2761904761904762,0.25,0.2979332328204183,2.5
1599,0.6,8,True,0.22142857142857142,0.25,0.27621751033807707,2.25
1600,0.2,16,True,0.3188888888888889,0.5,0.17193876007360365,2.202819531114783
1601,0.15,17,True,0.29705882352941176,0.4117647058823529,0.11204495934971526,2.4164997849817103
1602,0.15,17,True,0.34068627450980393,0.5294117647058824,0.1736089100121373,2.011920928594794
1603,0.15,17,True,0.5068627450980393,0.6470588235294118,0.19949284709658266,1.1660870601063933
1604,0.15,17,True,0.4730392156862745,0.8235294117647058,0.38885477226300413,0.951994081908783
1605,0.95,1,False,,,,
1606,0.95,1,False,,,,
1607,0.95,1,False,,,,
1608,0.95,1,False,,,,
1609,0.95,1,False,,,,
1610,0.95,1,False,,,,
1611,0.95,1,False,,,,
1612,0.9,2,False,,,,
1613,0.9,2,False,,,,
1614,0.1,18,True,0.4945533769063181,0.8333333333333334,0.4436691855250422,0.9141828384352135
1615,0.1,18,True,0.5202614379084968,0.8888888888888888,0.4890359525563188,0.6143694458867568
1616,0.1,18,True,0.4753812636165577,0.8888888888888888,0.4890359525563188,0.6143694458867568
1617,0.1,18,True,0.44313725490196076,0.7777777777777778,0.3725991547047849,1.0975378398419535
1618,0.1,18,True,0.42962962962962964,0.6666666666666666,0.25354871102045307,1.404678473063571
1619,0.1,18,True,0.5686274509803921,0.8333333333333334,0.33499008803474906,0.6500224216483541
1620,0.1,18,True,0.4901960784313726,0.7222222222222222,0.2916788609521739,1.0529407605626346
1621,0.1,18,True,0.38039215686274513,0.5555555555555556,0.20271027263694896,1.768853837616
1622,0.95,1,False,,,,
1623,0.95,1,False,,,,
1624,0.95,1,False,,,,
1625,0.95,1,False,,,,
1626,0.95,1,False,,,,
1627,0.95,1,False,,,,
1628,0.95,1,False,,,,
1629,0.95,1,False,,,,
1630,0.95,1,False,,,,
1631,0.95,1,False,,,,
1632,0.95,1,False,,,,
1633,0.95,1,False,,,,
1634,0.95,1,False,,,,
1635,0.95,1,False,,,,
1636,0.95,1,False,,,,
1637,0.95,1,False,,,,
1638,0.9,2,False,,,,
1639,0.05,19,True,0.49200779727095517,0.8421052631578947,0.5168118696880717,0.8795064608120066
1640,0.05,19,True,0.3925925925925926,0.631578947368421,0.3149027910615312,1.562688039303908
1641,0.05,19,True,0.5263157894736843,0.8421052631578947,0.5168118696880717,0.8795064608120066
1642,0.05,19,True,0.44015594541910324,0.8421052631578947,0.5168118696880717,0.8795064608120066
1643,0.05,19,True,0.45185185185185184,0.8947368421052632,0.5762076600877131,0.5907239186406502
1644,0.05,19,True,0.3664717348927875,0.631578947368421,0.3149027910615312,1.5626880393039078
1645,0.05,19,True,0.6771929824561405,0.9473684210526315,0.6410037503534696,0.2974722489192896
1646,0.05,19,True,0.3828460038986355,0.5789473684210527,0.25753634565243533,1.7187828921272554
1647,0.05,19,True,0.52046783625731,0.7894736842105263,0.4436691855250421,1.058277043226334
1648,0.0,20,True,0.32035087719298244,0.5,0.22151799188058263,2.185475297227334
1649,0.0,20,True,0.38701754385964915,0.55,0.251157395983291,1.7387586809150084
1650,0.65,7,True,0.20952380952380953,0.2857142857142857,0.33591211570119817,2.2359263506290326
1651,0.6,8,True,0.22142857142857142,0.375,0.25354871102045307,1.9056390622295665
1652,0.1,18,True,0.30501089324618735,0.6111111111111112,0.2334525823968916,1.6805563732659934
1653,0.1,18,True,0.37734204793028325,0.6666666666666666,0.2803607492695731,1.3355055565170972
1654,0.95,1,False,,,,
1655,0.9,2,False,,,,
1656,0.8,4,False,,,,
1657,0.05,19,True,0.33372319688109164,0.631578947368421,0.2979332328204183,1.7732143550933817
1658,0.0,20,True,0.39649122807017545,0.7,0.3977554223658072,1.5567796494470396
1659,0.0,20,True,0.5150877192982456,0.8,0.44214218356782176,0.8841837197791889
1660,0.0,20,True,0.3470175438596491,0.55,0.25753634565243533,1.9192407046368487
1661,0.0,20,True,0.42701754385964913,0.7,0.3977554223658072,1.5567796494470394
1662,0.0,20,True,0.5108771929824562,0.85,0.5762076600877131,0.8475846798245739
1663,0.0,20,True,0.5410526315789473,0.9,0.6410037503534696,0.5689955935892812
1664,0.0,20,True,0.5733333333333334,0.95,0.7136030428840437,0.28639695711595625
1665,0.0,20,True,0.58,0.95,0.7136030428840437,0.28639695711595625
1666,0.0,20,True,0.44421052631578944,0.85,0.5762076600877131,0.8475846798245739
1667,0.0,20,True,0.46807017543859647,0.85,0.5762076600877131,0.8475846798245739
1668,0.0,20,True,0.5014035087719299,0.85,0.5283265821844846,0.747584679824574
1669,0.0,20,True,0.6666666666666666,1.0,1.0,0.0
1670,0.0,20,True,0.3414035087719298,0.5,0.1901204745045889,1.8804820237218407
1671,0.0,20,True,0.391578947368421,0.65,0.3468177238411746,1.5166422780956523
1672,0.0,20,True,0.4449122807017544,0.8,0.4890359525563188,1.0219280948873624
1673,0.0,20,True,0.4080701754385965,0.7,0.388854772263004,1.4190352743388661
1674,0.0,20,True,0.48070175438596496,0.75,0.18872187554086717,0.8112781244591328
1675,0.0,20,True,0.3807017543859649,0.55,0.2886710424611463,1.8387586809150083
1676,0.0,20,True,0.4182456140350877,0.6,0.02904940554533142,0.9709505944546686
1677,0.0,20,True,0.4087719298245614,0.55,0.251157395983291,1.7387586809150084
1678,0.0,20,True,0.3456140350877193,0.55,0.22812402278974897,1.543751954420502
1679,0.0,20,True,0.4449122807017544,0.65,0.06593194462450902,0.934068055375491
1680,0.0,20,True,0.5042105263157894,0.65,0.06593194462450902,0.934068055375491
1681,0.0,20,True,0.36210526315789476,0.6,0.31137805050685086,1.9332062193464952
1682,0.0,20,True,0.5666666666666667,0.95,0.7136030428840437,0.28639695711595625
1683,0.0,20,True,0.52,0.95,0.7136030428840437,0.28639695711595625
1684,0.0,20,True,0.3859649122807018,0.6,0.2803607492695731,1.6709505944546688
1685,0.0,20,True,0.6035087719298246,0.9,0.5310044064107188,0.4689955935892812
1686,0.0,20,True,0.3821052631578947,0.5,0.14132728892674484,1.3609640474436813
1687,0.0,20,True,0.4529824561403509,0.8,0.4890359525563188,1.0219280948873624
1688,0.0,20,True,0.6266666666666667,0.95,0.7136030428840437,0.28639695711595625
1689,0.0,20,True,0.5333333333333333,1.0,1.0,0.0
1690,0.0,20,True,0.4070175438596491,0.65,0.32000568559205445,1.578897902987479
1691,0.0,20,True,0.47824561403508775,0.8,0.4890359525563188,1.0219280948873624
1692,0.0,20,True,0.49087719298245613,0.85,0.5762076600877131,0.8475846798245739
1693,0.0,20,True,0.49333333333333335,0.95,0.7136030428840437,0.28639695711595625
1694,0.0,20,True,0.5624561403508771,0.9,0.6410037503534696,0.5689955935892812
1695,0.0,20,True,0.4810526315789474,0.9,0.6410037503534696,0.5689955935892812
1696,0.0,20,True,0.49333333333333335,0.95,0.7136030428840437,0.28639695711595625
1697,0.0,20,True,0.6799999999999999,0.95,0.7136030428840437,0.28639695711595625
1698,0.0,20,True,0.616842105263158,0.9,0.6410037503534696,0.5689955935892812
1699,0.0,20,True,0.5491228070175438,0.9,0.5310044064107188,0.4689955935892812
1700,0.0,20,True,0.4863157894736842,0.85,0.5762076600877131,0.8475846798245739
1701,0.0,20,True,0.4435087719298245,0.65,0.3319198728130941,1.3361602543738118
1702,0.0,20,True,0.4614035087719298,0.9,0.6410037503534696,0.5689955935892812
1703,0.0,20,True,0.527719298245614,0.9,0.6410037503534696,0.5689955935892812
1704,0.95,1,False,,,,
1705,0.95,1,False,,,,
1706,0.9,2,False,,,,
1707,0.0,20,True,0.3596491228070175,0.6,0.27621751033807707,1.8709505944546687
1708,0.0,20,True,0.7712280701754385,0.85,0.5762076600877131,0.8475846798245739
1709,0.0,20,True,0.5347368421052631,0.9,0.6410037503534696,0.5689955935892812
1710,0.0,20,True,0.5143859649122807,0.85,0.5283265821844846,0.747584679824574
1711,0.0,20,True,0.3943859649122807,0.65,0.3359121157011983,1.7166422780956523
1712,0.0,20,True,0.5891228070175439,0.9,0.6410037503534696,0.5689955935892812
1713,0.0,20,True,0.5031578947368421,0.85,0.5762076600877131,0.8475846798245739
1714,0.0,20,True,0.41649122807017547,0.8,0.4890359525563188,1.0219280948873624
1715,0.0,20,True,0.5182456140350877,0.8,0.44214218356782176,0.8841837197791889
1716,0.0,20,True,0.4729824561403509,0.85,0.5762076600877131,0.8475846798245739
1717,0.05,19,True,0.519298245614035,0.9473684210526315,0.6410037503534696,0.2974722489192896
1718,0.05,19,True,0.6175438596491228,0.9473684210526315,0.6410037503534696,0.2974722489192896
1719,0.05,19,True,0.34385964912280703,0.5789473684210527,0.2728345568237748,1.9948414446449676
1720,0.05,19,True,0.4152046783625731,0.7894736842105263,0.46159367967902887,1.1635402011210707
1721,0.05,19,True,0.6771929824561405,0.9473684210526315,0.6410037503534696,0.2974722489192896
1722,0.05,19,True,0.3532163742690058,0.5789473684210527,0.2334525823968916,1.784315128855494
1723,0.05,19,True,0.3645224171539961,0.5263157894736842,0.24634531751877298,2.078491674029184
1724,0.05,19,True,0.37192982456140355,0.5789473684210527,0.2602530984543837,2.034572365811466
1725,0.05,19,True,0.3111111111111111,0.5263157894736842,0.23024907521851967,1.9732285161344474
1726,0.05,19,True,0.3637426900584796,0.5263157894736842,0.2355593046419251,2.249287068652159
1727,0.05,19,True,0.3820662768031189,0.5263157894736842,0.19852640934862487,1.657439042450237
1728,0.95,1,False,,,,
1729,0.95,1,False,,,,
1730,0.05,19,True,0.2573099415204678,0.3157894736842105,0.10565475543340863,2.82584593404075
1731,0.05,19,True,0.2600389863547758,0.42105263157894735,0.1553733627380277,2.774243302917269
1732,0.05,19,True,0.4335282651072125,0.7894736842105263,0.46159367967902887,1.1635402011210707
1733,0.05,19,True,0.36257309941520466,0.631578947368421,0.31137805050685086,1.7334834339268832
1734,0.0,20,True,0.39333333333333337,0.6,0.29081902780598745,1.8332062193464953
1735,0.0,20,True,0.29789473684210527,0.5,0.22151799188058263,2.185475297227334
1736,0.0,20,True,0.5494736842105264,0.65,0.2800122858679105,1.1411535278793055
1737,0.0,20,True,0.3522807017543859,0.5,0.21731179010485935,2.023219672335508
1738,0.0,20,True,0.45543859649122803,0.8,0.4890359525563188,1.0219280948873624
1739,0.0,20,True,0.3249122807017544,0.5,0.21731179010485935,2.023219672335508
1740,0.0,20,True,0.5,0.95,0.7136030428840437,0.28639695711595625
1741,0.0,20,True,0.372280701754386,0.65,0.35289896413803834,1.8166422780956524
1742,0.95,1,False,,,,
1743,0.95,1,False,,,,
1744,0.9,2,False,,,,
1745,0.9,2,False,,,,
1746,0.0,20,True,0.35578947368421054,0.55,0.2585560474829177,2.0814963295286755
1747,0.0,20,True,0.2596491228070176,0.4,0.12602396837087937,2.621928094887362
1748,0.0,20,True,0.3407017543859649,0.5,0.21731179010485935,2.023219672335508
1749,0.0,20,True,0.30666666666666664,0.55,0.27173598117304254,2.4192407046368487
1750,0.0,20,True,0.40842105263157896,0.55,0.2511573959832911,1.7387586809150082
1751,0.0,20,True,0.40982456140350876,0.6,0.3149027910615312,1.7709505944546686
1752,0.0,20,True,0.3350877192982456,0.7,0.38885477226300413,1.419035274338866
1753,0.0,20,True,0.35578947368421054,0.6,0.31137805050685086,1.9332062193464952
1754,0.0,20,True,0.28,0.45,0.19312997374815177,2.5577174691301483
1755,0.95,1,False,,,,
1756,0.95,1,False,,,,
1757,0.95,1,False,,,,
1758,0.95,1,False,,,,
1759,0.95,1,False,,,,
1760,0.95,1,False,,,,
1761,0.95,1,False,,,,
1762,0.95,1,False,,,,
1763,0.95,1,False,,,,
1764,0.95,1,False,,,,
1765,0.0,20,True,0.27263157894736845,0.5,0.22365227999907078,2.460964047443681
1766,0.05,19,True,0.3867446393762183,0.631578947368421,0.30968313518177715,1.8784775129881184
1767,0.05,19,True,0.2654970760233918,0.42105263157894735,0.15051499783199063,2.668980145022532
1768,0.15,17,True,0.4343137254901961,0.7058823529411765,0.29081902780598756,1.439254017211876
1769,0.1,18,True,0.3895424836601307,0.6111111111111112,0.25855604748291794,1.7916674843771045
1770,0.1,18,True,0.3437908496732026,0.6666666666666666,0.2979332328204184,1.6688388898504305
1771,0.15,17,True,0.3112745098039216,0.5882352941176471,0.22151799188058263,1.8536882264834516
1772,0.15,17,True,0.5480392156862746,0.7647058823529411,0.27942323606034725,0.9780155566622414
1773,0.1,18,True,0.3006535947712418,0.5,0.18858513271651123,2.473851389610045
1774,0.1,18,True,0.31633986928104574,0.6111111111111112,0.2334525823968916,1.6805563732659934
1775,0.15,17,True,0.30343137254901964,0.47058823529411764,0.15323431356959916,2.4404040177209283
1776,0.1,18,True,0.285838779956427,0.5,0.18858513271651123,2.473851389610045
1777,0.15,17,True,0.3416666666666667,0.5294117647058824,0.12659565912453752,1.9386790169573507
1778,0.15,17,True,0.3024509803921569,0.5294117647058824,0.18076084362328382,2.1739731346044096
1779,0.15,17,True,0.3911764705882353,0.5882352941176471,0.20807317419414995,1.8980933736695382
1780,0.05,19,True,0.3621832358674464,0.47368421052631576,0.16016409232570472,2.1803373810675706
1781,0.85,3,False,,,,
1782,0.85,3,False,,,,
1783,0.9,2,False,,,,
1784,0.9,2,False,,,,
1785,0.9,2,False,,,,
1786,0.85,3,False,,,,
1787,0.85,3,False,,,,
1788,0.05,19,True,0.253411306042885,0.42105263157894735,0.1806179973983888,2.5637169871277954
1789,0.05,19,True,0.46900584795321637,0.7894736842105263,0.46159367967902887,1.1635402011210707
1790,0.05,19,True,0.3543859649122807,0.5263157894736842,0.21301198418543954,2.1837548319239213
1791,0.05,19,True,0.568421052631579,0.8421052631578947,0.5168118696880717,0.8795064608120066
1792,0.05,19,True,0.5789473684210527,0.9473684210526315,0.6410037503534696,0.2974722489192896
1793,0.05,19,True,0.37543859649122807,0.6842105263157895,0.35289896413803834,1.61078454839968
1794,0.05,19,True,0.3368421052631579,0.5789473684210527,0.2602530984543837,2.034572365811466
1795,0.05,19,True,0.3664717348927875,0.6842105263157895,0.3037500680338352,1.4002582326102067
1796,0.05,19,True,0.3500974658869396,0.5263157894736842,0.22907300390241692,2.3942811477133943
1797,0.85,3,False,,,,
1798,0.9,2,False,,,,
1799,0.85,3,False,,,,
1800,0.0,20,True,0.3291228070175439,0.45,0.20151271858722597,2.395461844238322
1801,0.05,19,True,0.2779727095516569,0.42105263157894735,0.17287377660531789,2.458453829233059
1802,0.15,17,True,0.25980392156862747,0.35294117647058826,0.10565475543340874,2.777776811456787
1803,0.4,12,True,0.24545454545454545,0.3333333333333333,0.13095863323189372,2.1258145836939115
1804,0.55,9,True,0.3,0.3333333333333333,0.2334525823968916,2.197159723424149
1805,0.6,8,True,0.26666666666666666,0.25,0.27621751033807707,2.25
1806,0.5,10,True,0.2651851851851852,0.4,0.23024907521851967,2.321928094887362
1807,0.45,11,True,0.33090909090909093,0.36363636363636365,0.15067942238008125,2.1867043459100244
1808,0.45,11,True,0.28363636363636363,0.45454545454545453,0.22834005982783967,2.4040097573248604
1809,0.5,10,True,0.28,0.3,0.22151799188058263,2.3709505944546687
1810,0.45,11,True,0.33818181818181814,0.5454545454545454,0.24485034743374168,2.049452072789394
1811,0.35,13,True,0.3803418803418804,0.46153846153846156,0.13881893984085458,1.9877733714879842
1812,0.35,13,True,0.335042735042735,0.5384615384615384,0.1961188691478417,2.0349409139562287
1813,0.25,15,True,0.2653968253968254,0.4666666666666667,0.16121931994114158,2.463458298648303
1814,0.25,15,True,0.3244444444444445,0.5333333333333333,0.1659600812249996,2.040223928941852
1815,0.25,15,True,0.4101587301587301,0.7333333333333333,0.2511573959832911,1.2366407419411674
1816,0.25,15,True,0.42603174603174604,0.6,0.14845104387083763,1.5546097612655667
1817,0.15,17,True,0.40686274509803927,0.5882352941176471,0.22151799188058263,1.853688226483452
1818,0.15,17,True,0.38872549019607844,0.6470588235294118,0.2728345568237748,1.8490070880144414
1819,0.1,18,True,0.3389978213507625,0.6111111111111112,0.2602530984543838,1.9447167900528528
1820,0.1,18,True,0.2570806100217865,0.2777777777777778,0.07392252565486002,3.03856233607563
1821,0.2,16,True,0.33444444444444443,0.625,0.19852640934862487,1.4237949406953985
1822,0.2,16,True,0.4444444444444444,0.6875,0.21649567501998768,1.3716407621868583
1823,0.9,2,False,,,,
1824,0.9,2,False,,,,
1825,0.9,2,False,,,,
1826,0.9,2,False,,,,
1827,0.9,2,False,,,,
1828,0.9,2,False,,,,
1829,0.9,2,False,,,,
1830,0.9,2,False,,,,
1831,0.85,3,False,,,,
1832,0.85,3,False,,,,
1833,0.85,3,False,,,,
1834,0.85,3,False,,,,
1835,0.85,3,False,,,,
1836,0.75,5,True,0.2533333333333333,0.4,0.4436691855250422,1.9219280948873623
1837,0.1,18,True,0.4688453159041394,0.7222222222222222,0.3037500680338352,1.275162982784857
1838,0.15,17,True,0.3877450980392157,0.7058823529411765,0.25354871102045307,1.321606958388347
1839,0.1,18,True,0.32374727668845316,0.5,0.16016409232570483,2.0985798617120746
1840,0.1,18,True,0.3333333333333333,0.6666666666666666,0.30968313518177704,1.7799500009615414
1841,0.1,18,True,0.41045751633986927,0.7222222222222222,0.33591211570119817,1.386274093895968
1842,0.1,18,True,0.3359477124183006,0.4444444444444444,0.13860542674027043,2.350209029099897
1843,0.1,18,True,0.38649237472766884,0.6666666666666666,0.30968313518177704,1.7799500009615414
1844,0.1,18,True,0.27320261437908494,0.2222222222222222,0.030435010145719477,2.7107770844150676
1845,0.2,16,True,0.3,0.4375,0.09546390012345729,2.271782221599798
1846,0.6,8,True,0.28809523809523807,0.375,0.29081902780598756,2.1556390622295662
1847,0.85,3,False,,,,
1848,0.85,3,False,,,,
1849,0.85,3,False,,,,
1850,0.85,3,False,,,,
1851,0.85,3,False,,,,
1852,0.85,3,False,,,,
1853,0.9,2,False,,,,
1854,0.9,2,False,,,,
1855,0.9,2,False,,,,
1856,0.9,2,False,,,,
1857,0.95,1,False,,,,
1858,0.95,1,False,,,,
1859,0.7,6,True,0.20444444444444443,0.3333333333333333,0.3725991547047849,1.9182958340544893
1860,0.3,14,True,0.5245421245421246,0.8571428571428571,0.3022690778808391,0.7345299214394703
1861,0.3,14,True,0.2835164835164835,0.42857142857142855,0.1332744569528398,2.217021885879718
1862,0.3,14,True,0.4117216117216117,0.7142857142857143,0.23103764446506325,1.2916919971380596
1863,0.3,14,True,0.473992673992674,0.7857142857142857,0.29207456594376535,1.0892300788425848
1864,0.1,18,True,0.31851851851851853,0.4444444444444444,0.13860542674027032,2.350209029099897
1865,0.1,18,True,0.2714596949891067,0.3888888888888889,0.12142970082338811,2.855953642864355
1866,0.1,18,True,0.3176470588235294,0.3888888888888889,0.17871162601638202,2.216521698179525
1867,0.1,18,True,0.4435729847494553,0.6666666666666666,0.27621751033807707,1.5577277787393193
1868,0.15,17,True,0.3950980392156863,0.47058823529411764,0.17940489891143208,1.992778107459939
1869,0.15,17,True,0.28627450980392155,0.47058823529411764,0.16514133821245347,2.3959988705348416
1870,0.2,16,True,0.2577777777777778,0.375,0.11303337684950066,2.7806390622295662
1871,0.2,16,True,0.3611111111111111,0.625,0.23024907521851967,1.7987949406953985
1872,0.2,16,True,0.385,0.625,0.23024907521851967,1.7987949406953985
1873,0.25,15,True,0.5701587301587302,0.8666666666666667,0.3319198728130941,0.6998428398862386
1874,0.3,14,True,0.5274725274725275,0.7857142857142857,0.22812402278974897,0.9463729359854419
1875,0.25,15,True,0.2831746031746032,0.4,0.11134755968360832,2.472905595320056
1876,0.4,12,True,0.3747474747474747,0.5833333333333334,0.23794677496666627,1.9473387961875537
1877,0.35,13,True,0.3641025641025641,0.5384615384615384,0.1304488374189683,1.6691803368667308
1878,0.8,4,False,,,,
1879,0.8,4,False,,,,
1880,0.8,4,False,,,,
1881,0.8,4,False,,,,
1882,0.8,4,False,,,,
1883,0.8,4,False,,,,
1884,0.8,4,False,,,,
1885,0.8,4,False,,,,
1886,0.8,4,False,,,,
1887,0.8,4,False,,,,
1888,0.35,13,True,0.3572649572649573,0.46153846153846156,0.15797425420712452,2.199687794731328
1889,0.3,14,True,0.4,0.6428571428571429,0.18936821383131197,1.4299111709758698
1890,0.3,14,True,0.3421245421245421,0.5714285714285714,0.18424543142325833,1.7534343861887849
1891,0.25,15,True,0.3936507936507937,0.6666666666666666,0.2338449694456599,1.5589385323502771
1892,0.25,15,True,0.35873015873015873,0.6666666666666666,0.2338449694456599,1.5589385323502771
1893,0.25,15,True,0.39492063492063495,0.6,0.1818141191887922,1.7382689280764647
1894,0.2,16,True,0.29055555555555557,0.5,0.11635711576398333,1.9528195311147831
1895,0.2,16,True,0.22222222222222224,0.3125,0.08618464294482608,2.524397470347699
1896,0.25,15,True,0.4596825396825397,0.6,0.09251008974175934,1.3382689280764646
1897,0.75,5,True,0.16,0.2,0.46159367967902887,2.321928094887362
1898,0.8,4,False,,,,
1899,0.85,3,False,,,,
1900,0.9,2,False,,,,
1901,0.9,2,False,,,,
1902,0.85,3,False,,,,
1903,0.9,2,False,,,,
1904,0.9,2,False,,,,
1905,0.85,3,False,,,,
1906,0.85,3,False,,,,
1907,0.85,3,False,,,,
1908,0.85,3,False,,,,
1909,0.85,3,False,,,,
1910,0.85,3,False,,,,
1911,0.9,2,False,,,,
1912,0.2,16,True,0.24722222222222223,0.1875,0.05282737771670443,3.0306390622295662
1913,0.6,8,True,0.4023809523809524,0.75,0.3022690778808391,1.061278124459133
1914,0.25,15,True,0.380952380952381,0.4,0.07502263879392523,1.781937063546704
1915,0.15,17,True,0.3774509803921569,0.5882352941176471,0.22559344255483083,2.0157404324930677
1916,0.15,17,True,0.3323529411764706,0.5882352941176471,0.22559344255483083,2.0157404324930677
1917,0.1,18,True,0.30849673202614375,0.4444444444444444,0.13860542674027032,2.350209029099897
1918,0.1,18,True,0.2823529411764706,0.3888888888888889,0.11204495934971537,2.4387439204017474
1919,0.1,18,True,0.24662309368191723,0.2222222222222222,0.05282737771670443,2.974937501201927
1920,0.1,18,True,0.428322440087146,0.6666666666666666,0.27621751033807707,1.5577277787393193
1921,0.2,16,True,0.4744444444444445,0.75,0.3149027910615312,1.311278124459133
1922,0.2,16,True,0.29055555555555557,0.3125,0.09876610131421726,2.4772170014624826
1923,0.1,18,True,0.21350762527233116,0.2222222222222222,0.06020599913279612,2.9477027792200903
1924,0.1,18,True,0.25098039215686274,0.2777777777777778,0.08618464294482608,2.5249449750847117
1925,0.1,18,True,0.24749455337690632,0.3333333333333333,0.09431592446244341,2.6688388898504303
1926,0.5,10,True,0.3377777777777778,0.6,0.23103764446506314,1.5709505944546687
1927,0.5,10,True,0.3111111111111111,0.3,0.19322802684931562,2.1709505944546685
1928,0.5,10,True,0.1985185185185185,0.3,0.2355593046419251,2.8464393446710154
1929,0.5,10,True,0.2237037037037037,0.4,0.23024907521851967,2.321928094887362
1930,0.5,10,True,0.3037037037037037,0.4,0.21731179010485935,2.0464393446710156
1931,0.5,10,True,0.21777777777777776,0.2,0.22365227999907078,2.9219280948873623
1932,0.5,10,True,0.32,0.5,0.2338449694456599,1.9609640474436814
1933,0.6,8,True,0.24523809523809523,0.375,0.31137805050685086,2.4056390622295662
1934,0.7,6,True,0.17777777777777778,0.16666666666666666,0.4098431814126551,2.584962500721156
1935,0.65,7,True,0.24126984126984127,0.2857142857142857,0.35289896413803834,2.521640636343318
1936,0.55,9,True,0.20185185185185184,0.2222222222222222,0.2683610168752897,2.94770277922009
1937,0.9,2,False,,,,
1938,0.65,7,True,0.23492063492063492,0.2857142857142857,0.35289896413803834,2.5216406363433186
1939,0.65,7,True,0.23174603174603176,0.2857142857142857,0.35289896413803834,2.5216406363433186
1940,0.65,7,True,0.26031746031746034,0.42857142857142855,0.32000568559205445,1.8423709931771088
1941,0.65,7,True,0.3142857142857143,0.42857142857142855,0.32000568559205445,1.8423709931771088
1942,0.75,5,True,0.18666666666666665,0.2,0.46159367967902887,2.321928094887362
1943,0.75,5,True,0.20666666666666667,0.4,0.4436691855250422,1.9219280948873623
1944,0.8,4,False,,,,
1945,0.85,3,False,,,,
1946,0.75,5,True,0.28,0.6,0.4229921134636,1.3709505944546687
1947,0.75,5,True,0.17333333333333334,0.2,0.46159367967902887,2.321928094887362
1948,0.65,7,True,0.2857142857142857,0.2857142857142857,0.33591211570119817,2.2359263506290326
1949,0.35,13,True,0.36324786324786323,0.6153846153846154,0.23794677496666627,1.8542858719872461
1950,0.25,15,True,0.2507936507936508,0.26666666666666666,0.0844335023848104,2.973557262275185
1951,0.25,15,True,0.3028571428571428,0.4666666666666667,0.14704271718487993,2.3301249653149703
1952,0.55,9,True,0.25,0.3333333333333333,0.272834556823775,2.6416041678685933
1953,0.5,10,True,0.2414814814814815,0.3,0.19322802684931562,2.1709505944546685
1954,0.5,10,True,0.27851851851851855,0.5,0.25891735050123776,2.1609640474436813
1955,0.5,10,True,0.21777777777777776,0.2,0.21301198418543965,2.7219280948873625
1956,0.5,10,True,0.23111111111111113,0.3,0.20807317419415017,2.4464393446710155
1957,0.45,11,True,0.3103030303030303,0.36363636363636365,0.1957848110365069,2.2998963911678914
1958,0.15,17,True,0.33676470588235297,0.47058823529411764,0.14200554029077694,2.116299605701696
1959,0.15,17,True,0.4887254901960784,0.7647058823529411,0.32000568559205445,1.1400677626718572
1960,0.15,17,True,0.3950980392156863,0.6470588235294118,0.2334525823968916,1.6137129703673825
1961,0.15,17,True,0.37647058823529406,0.47058823529411764,0.1285607226043446,2.1607047528877827
1962,0.6,8,True,0.24047619047619048,0.375,0.29081902780598745,2.1556390622295662
1963,0.6,8,True,0.1904761904761905,0.125,0.3151413382124534,3.0
1964,0.2,16,True,0.4422222222222222,0.6875,0.25753634565243533,1.4966407621868583
1965,0.2,16,True,0.37555555555555553,0.5,0.17291252465308393,2.0
1966,0.25,15,True,0.4596825396825397,0.7333333333333333,0.2886710424611463,1.3699740752745009
1967,0.25,15,True,0.4787301587301587,0.7333333333333333,0.251157395983291,1.2366407419411674
1968,0.3,14,True,0.3926739926739927,0.7142857142857143,0.23103764446506325,1.2916919971380596
1969,0.25,15,True,0.3403174603174603,0.5333333333333333,0.19826302830219433,2.3068905956085186
1970,0.2,16,True,0.43333333333333335,0.6875,0.28073194850728744,1.6216407621868583
1971,0.15,17,True,0.25980392156862747,0.35294117647058826,0.10565475543340863,2.777776811456787
1972,0.15,17,True,0.36666666666666664,0.47058823529411764,0.17193876007360365,2.2051099000738694
1973,0.15,17,True,0.3348039215686274,0.47058823529411764,0.12856072260434426,2.1607047528877827
1974,0.2,16,True,0.3111111111111111,0.375,0.11785355177632806,2.4056390622295662
1975,0.3,14,True,0.33626373626373623,0.5,0.15797425420712452,2.1179631753145163
1976,0.3,14,True,0.315018315018315,0.6428571428571429,0.21856773803935636,1.6266888497018317
1977,0.9,2,False,,,,
1978,0.9,2,False,,,,
1979,0.35,13,True,0.3393162393162393,0.6153846153846154,0.18102136700694194,1.4885252948977485
1980,0.35,13,True,0.4794871794871795,0.7692307692307693,0.2771568471826691,1.1451104143815827
1981,0.9,2,False,,,,
1982,0.9,2,False,,,,
1983,0.9,2,False,,,,
1984,0.9,2,False,,,,
1985,0.9,2,False,,,,
1986,0.85,3,False,,,,
1987,0.85,3,False,,,,
1988,0.85,3,False,,,,
1989,0.9,2,False,,,,
1990,0.9,2,False,,,,
1991,0.9,2,False,,,,
1992,0.3,14,True,0.3487179487179487,0.5714285714285714,0.21785355177632815,2.0930692077718898
1993,0.3,14,True,0.35018315018315016,0.7857142857142857,0.22812402278974897,0.9463729359854419
1994,0.25,15,True,0.33142857142857146,0.4666666666666667,0.14704271718487982,2.33012496531497
1995,0.25,15,True,0.27682539682539686,0.5333333333333333,0.1659600812249996,2.040223928941852
1996,0.7,6,True,0.30666666666666664,0.5,0.340482362830567,1.4591479170272448
1997,0.7,6,True,0.20888888888888887,0.16666666666666666,0.4098431814126551,2.584962500721156
1998,0.7,6,True,0.20444444444444443,0.3333333333333333,0.3977554223658072,2.2516291673878226
1999,0.25,15,True,0.306031746031746,0.6,0.21100826863279232,1.871602261409798
2000,0.25,15,True,0.52,0.8,0.31502247023287666,1.0389205950315936
2001,0.7,6,True,0.29333333333333333,0.3333333333333333,0.3725991547047849,1.9182958340544893
2002,0.7,6,True,0.28444444444444444,0.5,0.38885477226300413,1.7924812503605778
2003,0.85,3,False,,,,
2004,0.85,3,False,,,,
2005,0.9,2,False,,,,
2006,0.95,1,False,,,,
2007,0.95,1,False,,,,
2008,0.95,1,False,,,,
2009,0.75,5,True,0.22666666666666666,0.2,0.46159367967902887,2.321928094887362
2010,0.8,4,False,,,,
2011,0.8,4,False,,,,
2012,0.8,4,False,,,,
2013,0.8,4,False,,,,
2014,0.75,5,True,0.22,0.4,0.4436691855250421,1.9219280948873623
2015,0.75,5,True,0.28,0.4,0.4436691855250421,1.9219280948873623
2016,0.75,5,True,0.26,0.4,0.4436691855250421,1.9219280948873623
2017,0.75,5,True,0.29333333333333333,0.4,0.4436691855250422,1.9219280948873623
2018,0.75,5,True,0.24000000000000002,0.4,0.4041199259095132,1.5219280948873621
2019,0.75,5,True,0.22,0.4,0.4436691855250421,1.9219280948873623
2020,0.75,5,True,0.18666666666666665,0.2,0.46159367967902887,2.321928094887362
2021,0.75,5,True,0.23333333333333334,0.4,0.4436691855250421,1.9219280948873623
2022,0.75,5,True,0.14666666666666667,0.2,0.46159367967902887,2.321928094887362
2023,0.75,5,True,0.2733333333333333,0.4,0.4041199259095133,1.5219280948873621
2024,0.7,6,True,0.26666666666666666,0.3333333333333333,0.3977554223658072,2.2516291673878226
2025,0.7,6,True,0.2977777777777778,0.3333333333333333,0.3725991547047849,1.9182958340544893
2026,0.7,6,True,0.3511111111111111,0.5,0.388854772263004,1.7924812503605778
2027,0.7,6,True,0.21333333333333335,0.3333333333333333,0.3977554223658072,2.2516291673878226
2028,0.7,6,True,0.17333333333333334,0.16666666666666666,0.4098431814126551,2.584962500721156
2029,0.7,6,True,0.24444444444444444,0.3333333333333333,0.3725991547047849,1.9182958340544896
2030,0.7,6,True,0.7333333333333333,1.0,0.1187091007693073,0.0
2031,0.65,7,True,0.24444444444444444,0.2857142857142857,0.35289896413803834,2.521640636343318
2032,0.65,7,True,0.19682539682539685,0.2857142857142857,0.35289896413803834,2.5216406363433186
2033,0.85,3,False,,,,
2034,0.9,2,False,,,,
2035,0.9,2,False,,,,
2036,0.7,6,True,0.28444444444444444,0.5,0.38885477226300413,1.7924812503605778
2037,0.75,5,True,0.18000000000000002,0.2,0.46159367967902887,2.321928094887362
2038,0.8,4,False,,,,
2039,0.8,4,False,,,,
2040,0.8,4,False,,,,
2041,0.8,4,False,,,,
2042,0.8,4,False,,,,
2043,0.75,5,True,0.29333333333333333,0.6,0.4229921134636,1.3709505944546687
2044,0.75,5,True,0.24000000000000002,0.4,0.4436691855250422,1.9219280948873623
2045,0.9,2,False,,,,
2046,0.9,2,False,,,,
2047,0.75,5,True,0.24666666666666667,0.4,0.4436691855250422,1.9219280948873623
2048,0.75,5,True,0.31333333333333335,0.4,0.4041199259095132,1.5219280948873621
2049,0.75,5,True,0.26,0.2,0.46159367967902887,2.321928094887362
2050,0.75,5,True,0.2,0.4,0.4436691855250421,1.9219280948873623
2051,0.75,5,True,0.23333333333333334,0.4,0.4436691855250421,1.9219280948873623
2052,0.75,5,True,0.22666666666666666,0.4,0.4436691855250421,1.9219280948873623
2053,0.75,5,True,0.36000000000000004,0.6,0.4229921134636,1.3709505944546687
2054,0.75,5,True,0.30666666666666664,0.4,0.4436691855250421,1.9219280948873623
2055,0.75,5,True,0.3266666666666667,0.4,0.4436691855250422,1.9219280948873623
2056,0.75,5,True,0.21333333333333335,0.4,0.4436691855250421,1.9219280948873623
2057,0.75,5,True,0.4066666666666666,0.6,0.4229921134636,1.3709505944546687
2058,0.75,5,True,0.24666666666666667,0.4,0.4436691855250421,1.9219280948873623
2059,0.75,5,True,0.13333333333333333,0.2,0.46159367967902887,2.321928094887362
2060,0.75,5,True,0.20666666666666667,0.4,0.4436691855250421,1.9219280948873623
2061,0.75,5,True,0.21333333333333335,0.4,0.4041199259095132,1.5219280948873621
2062,0.75,5,True,0.21333333333333335,0.2,0.46159367967902887,2.321928094887362
2063,0.75,5,True,0.2533333333333333,0.4,0.4436691855250421,1.9219280948873623
2064,0.75,5,True,0.3466666666666667,0.6,0.4229921134636,1.3709505944546687
2065,0.85,3,False,,,,
2066,0.85,3,False,,,,
2067,0.85,3,False,,,,
2068,0.85,3,False,,,,
2069,0.8,4,False,,,,
2070,0.8,4,False,,,,
2071,0.8,4,False,,,,
2072,0.8,4,False,,,,
2073,0.8,4,False,,,,
2074,0.8,4,False,,,,
2075,0.85,3,False,,,,
2076,0.85,3,False,,,,
2077,0.85,3,False,,,,
2078,0.85,3,False,,,,
2079,0.85,3,False,,,,
2080,0.75,5,True,0.16666666666666666,0.2,0.46159367967902887,2.321928094887362
2081,0.75,5,True,0.19333333333333333,0.2,0.46159367967902887,2.321928094887362
2082,0.75,5,True,0.2,0.4,0.4436691855250421,1.9219280948873623
2083,0.75,5,True,0.22,0.4,0.4436691855250421,1.9219280948873623
2084,0.75,5,True,0.2733333333333333,0.4,0.4436691855250422,1.9219280948873623
2085,0.8,4,False,,,,
2086,0.8,4,False,,,,
2087,0.8,4,False,,,,
2088,0.7,6,True,0.2711111111111111,0.3333333333333333,0.3977554223658072,2.2516291673878226
2089,0.75,5,True,0.31333333333333335,0.4,0.4041199259095132,1.5219280948873621
2090,0.75,5,True,0.52,0.8,0.3742690141061863,0.7219280948873623
2091,0.7,6,True,0.28,0.3333333333333333,0.3725991547047849,1.9182958340544896
2092,0.65,7,True,0.20317460317460317,0.14285714285714285,0.3611192406347826,2.807354922057604
2093,0.65,7,True,0.2253968253968254,0.2857142857142857,0.35289896413803834,2.521640636343318
2094,0.65,7,True,0.3333333333333333,0.5714285714285714,0.3468177238411746,1.6644977792004614
2095,0.65,7,True,0.21269841269841272,0.42857142857142855,0.35051363316910866,2.1280852788913944
2096,0.65,7,True,0.31746031746031744,0.42857142857142855,0.35051363316910866,2.1280852788913944
2097,0.65,7,True,0.2,0.42857142857142855,0.35051363316910866,2.1280852788913944
2098,0.65,7,True,0.2984126984126984,0.42857142857142855,0.35051363316910866,2.1280852788913944
2099,0.7,6,True,0.4222222222222223,0.6666666666666666,0.3716101752764803,1.2516291673878228
2100,0.7,6,True,0.2622222222222222,0.3333333333333333,0.3977554223658072,2.251629167387823
2101,0.7,6,True,0.21777777777777776,0.3333333333333333,0.3977554223658072,2.2516291673878226
2102,0.75,5,True,0.19333333333333333,0.4,0.4041199259095133,1.5219280948873621
2103,0.8,4,False,,,,
2104,0.8,4,False,,,,
2105,0.8,4,False,,,,
2106,0.85,3,False,,,,
2107,0.85,3,False,,,,
2108,0.9,2,False,,,,
2109,0.8,4,False,,,,
2110,0.8,4,False,,,,
2111,0.8,4,False,,,,
2112,0.8,4,False,,,,
2113,0.8,4,False,,,,
2114,0.8,4,False,,,,
2115,0.85,3,False,,,,
2116,0.8,4,False,,,,
2117,0.8,4,False,,,,
2118,0.8,4,False,,,,
2119,0.8,4,False,,,,
2120,0.35,13,True,0.37179487179487175,0.6923076923076923,0.21923179899069856,1.3520301017579528
2121,0.35,13,True,0.4256410256410257,0.6923076923076923,0.16242837679500655,1.1401156785146092
2122,0.35,13,True,0.3658119658119658,0.6153846153846154,0.23794677496666605,1.8542858719872461
2123,0.35,13,True,0.3914529914529915,0.6923076923076923,0.2599940536914944,1.5058762556041068
2124,0.35,13,True,0.3188034188034188,0.5384615384615384,0.21440678351765363,2.1887870678023824
2125,0.9,2,False,,,,
2126,0.9,2,False,,,,
2127,0.9,2,False,,,,
2128,0.9,2,False,,,,
2129,0.9,2,False,,,,
2130,0.85,3,False,,,,
2131,0.85,3,False,,,,
2132,0.85,3,False,,,,
2133,0.85,3,False,,,,
2134,0.85,3,False,,,,
2135,0.85,3,False,,,,
2136,0.85,3,False,,,,
2137,0.9,2,False,,,,
2138,0.9,2,False,,,,
2139,0.9,2,False,,,,
2140,0.9,2,False,,,,
2141,0.9,2,False,,,,
2142,0.3,14,True,0.38021978021978026,0.5714285714285714,0.16964391395534772,1.807354922057604
2143,0.3,14,True,0.33699633699633696,0.5,0.17871162601638202,2.260820318171659
2144,0.35,13,True,0.31367521367521367,0.5384615384615384,0.1961188691478417,2.0349409139562287
2145,0.7,6,True,0.2622222222222222,0.16666666666666666,0.4098431814126551,2.584962500721156
2146,0.7,6,True,0.3288888888888889,0.5,0.388854772263004,1.7924812503605778
2147,0.7,6,True,0.2622222222222222,0.3333333333333333,0.3977554223658072,2.2516291673878226
2148,0.7,6,True,0.18222222222222223,0.16666666666666666,0.4098431814126551,2.584962500721156
2149,0.7,6,True,0.18222222222222223,0.3333333333333333,0.3977554223658072,2.2516291673878226
2150,0.65,7,True,0.24761904761904763,0.2857142857142857,0.35289896413803834,2.5216406363433186
2151,0.6,8,True,0.1857142857142857,0.25,0.2979332328204184,2.5
2152,0.6,8,True,0.2357142857142857,0.375,0.31137805050685086,2.4056390622295662
2153,0.6,8,True,0.37380952380952387,0.375,0.2698043285786723,1.811278124459133
2154,0.65,7,True,0.20634920634920637,0.2857142857142857,0.35289896413803834,2.5216406363433186
2155,0.6,8,True,0.22380952380952382,0.25,0.2979332328204184,2.5
2156,0.55,9,True,0.4351851851851852,0.6666666666666666,0.29207456594376535,1.4466166676282082
2157,0.55,9,True,0.26481481481481484,0.4444444444444444,0.25753634565243533,2.0588138903312014
2158,0.55,9,True,0.21481481481481482,0.4444444444444444,0.25753634565243533,2.0588138903312014
2159,0.55,9,True,0.2611111111111111,0.3333333333333333,0.2585560474829177,2.4193819456463714
2160,0.5,10,True,0.4266666666666667,0.7,0.2771568471826691,1.3567796494470397
2161,0.5,10,True,0.26666666666666666,0.3,0.20807317419414995,2.446439344671015
2162,0.6,8,True,0.43333333333333335,0.875,0.25021798863140454,0.5435644431995964
2163,0.6,8,True,0.30952380952380953,0.625,0.31502247023287666,1.5487949406953985
2164,0.6,8,True,0.32380952380952377,0.625,0.31502247023287666,1.5487949406953985
2165,0.6,8,True,0.2571428571428572,0.375,0.31137805050685086,2.4056390622295662
2166,0.6,8,True,0.22142857142857142,0.25,0.2979332328204183,2.5
2167,0.3,14,True,0.432967032967033,0.7142857142857143,0.27059858829622396,1.4345491399952024
2168,0.3,14,True,0.2989010989010989,0.5,0.1388189398408547,1.9211854965885542
2169,0.25,15,True,0.33206349206349206,0.4666666666666667,0.14704271718487993,2.33012496531497
2170,0.3,14,True,0.389010989010989,0.5,0.1388189398408547,1.9211854965885542
2171,0.25,15,True,0.28825396825396826,0.3333333333333333,0.11643447565802878,2.2256051990169436
2172,0.25,15,True,0.33904761904761904,0.6,0.21100826863279232,1.871602261409798
2173,0.25,15,True,0.3638095238095238,0.6666666666666666,0.2338449694456599,1.5589385323502771
2174,0.3,14,True,0.4652014652014652,0.7857142857142857,0.29207456594376524,1.0892300788425848
2175,0.3,14,True,0.4256410256410257,0.6428571428571429,0.18936821383131186,1.4299111709758698
2176,0.3,14,True,0.3714285714285714,0.5,0.17141907189355698,2.064042639445697
2177,0.3,14,True,0.3399267399267399,0.42857142857142855,0.1554503579772094,2.1280852788913944
2178,0.3,14,True,0.3648351648351648,0.2857142857142857,0.09227335250843949,2.0930692077718893
2179,0.3,14,True,0.23076923076923078,0.2857142857142857,0.1020483628553076,2.8073549220576037
2180,0.25,15,True,0.2679365079365079,0.26666666666666666,0.08398410223075703,2.789898095464287
2181,0.25,15,True,0.32126984126984126,0.4,0.11585746540240738,1.9655962303576022
2182,0.2,16,True,0.2638888888888889,0.375,0.06818958925289575,2.10845859334435
2183,0.15,17,True,0.22598039215686275,0.23529411764705882,0.050658003445993915,3.146286370662105
2184,0.15,17,True,0.39166666666666666,0.4117647058823529,0.17141907189355698,2.0191534613250357
2185,0.15,17,True,0.3514705882352941,0.5294117647058824,0.1933423019926751,2.129567987418323
2186,0.15,17,True,0.24558823529411763,0.4117647058823529,0.12809762985140072,2.5341468438052397
2187,0.15,17,True,0.4647058823529412,0.8235294117647058,0.38885477226300413,0.951994081908783
2188,0.15,17,True,0.453921568627451,0.7058823529411765,0.29081902780598756,1.439254017211876
2189,0.15,17,True,0.3676470588235294,0.5882352941176471,0.20807317419415017,1.8980933736695382
2190,0.15,17,True,0.328921568627451,0.5882352941176471,0.20807317419414995,1.8980933736695382
2191,0.15,17,True,0.5343137254901962,0.6470588235294118,0.19949284709658266,1.1660870601063933
2192,0.15,17,True,0.4602941176470588,0.7058823529411765,0.29081902780598745,1.439254017211876
2193,0.15,17,True,0.49460784313725487,0.8235294117647058,0.38885477226300413,0.951994081908783
2194,0.15,17,True,0.5450980392156862,0.9411764705882353,0.44214218356782176,0.3227569588973982
2195,0.15,17,True,0.4696078431372549,0.7647058823529411,0.1931052612250561,0.7871265862012691
2196,0.2,16,True,0.32944444444444443,0.5625,0.18233999335007445,1.9669171866886992
2197,0.2,16,True,0.3161111111111111,0.5625,0.18233999335007445,1.9669171866886992
2198,0.2,16,True,0.47777777777777775,0.625,0.15975898813907974,1.198192411043098
2199,0.2,16,True,0.4033333333333333,0.75,0.2803607492695731,1.186278124459133
2200,0.2,16,True,0.4294444444444444,0.625,0.24634531751877298,1.9237949406953985
2201,0.2,16,True,0.2388888888888889,0.3125,0.08398410223075714,2.7272170014624826
2202,0.2,16,True,0.4083333333333333,0.5625,0.18936470310353548,1.7169171866886992
2203,0.05,19,True,0.3723196881091618,0.47368421052631576,0.19312997374815177,2.390863696857044
2204,0.05,19,True,0.3656920077972709,0.5789473684210527,0.2585560474829177,1.8895782867502307
2205,0.05,19,True,0.256140350877193,0.3157894736842105,0.11395538749816192,2.655050539417774
2206,0.05,19,True,0.4311890838206628,0.7368421052631579,0.388854772263004,1.192250860234642
2207,0.05,19,True,0.29473684210526313,0.5263157894736842,0.22559344255483083,2.1440239107574226
2208,0.05,19,True,0.3738791423001949,0.631578947368421,0.31137805050685086,1.7334834339268832
2209,0.05,19,True,0.3816764132553606,0.631578947368421,0.2979332328204184,1.7732143550933817
2210,0.9,2,False,,,,
2211,0.95,1,False,,,,
2212,0.95,1,False,,,,
2213,0.95,1,False,,,,
2214,0.9,2,False,,,,
2215,0.9,2,False,,,,
2216,0.05,19,True,0.3929824561403509,0.631578947368421,0.29081902780598756,1.6282202760321463
2217,0.25,15,True,0.3676190476190476,0.6666666666666666,0.2338449694456599,1.5589385323502771
2218,0.25,15,True,0.4685714285714286,0.6666666666666666,0.1901204745045889,1.4256051990169438
2219,0.0,20,True,0.32035087719298244,0.6,0.29081902780598745,1.8332062193464953
2220,0.0,20,True,0.3649122807017544,0.45,0.1818141191887922,2.1149798205164814
2221,0.0,20,True,0.3568421052631579,0.65,0.32000568559205445,1.578897902987479
2222,0.0,20,True,0.34421052631578947,0.65,0.3468177238411746,1.5166422780956523
2223,0.0,20,True,0.2519298245614035,0.5,0.22365227999907078,2.460964047443681
2224,0.0,20,True,0.39333333333333337,0.4,0.25649672118988953,1.921928094887362
2225,0.0,20,True,0.43649122807017543,0.7,0.340482362830567,1.319035274338866
2226,0.0,20,True,0.37508771929824564,0.5,0.23024907521851967,2.1609640474436813
2227,0.0,20,True,0.32526315789473687,0.5,0.22151799188058263,2.185475297227334
2228,0.0,20,True,0.35578947368421054,0.45,0.14060136115665434,1.9954618442383218
2229,0.0,20,True,0.30350877192982456,0.4,0.18618464294482606,2.441446071165522
2230,0.0,20,True,0.39649122807017545,0.6,0.2979332328204184,1.9709505944546686
2231,0.0,20,True,0.5621052631578948,0.9,0.5310044064107188,0.4689955935892812
2232,0.0,20,True,0.5733333333333334,0.95,0.7136030428840437,0.28639695711595625
2233,0.0,20,True,0.4607017543859649,0.75,0.4436691855250421,1.2917601481809735
2234,0.05,19,True,0.42300194931773877,0.7894736842105263,0.4436691855250421,1.058277043226334
2235,0.05,19,True,0.38401559454191037,0.6842105263157895,0.3359121157011983,1.5055213905049434
2236,0.05,19,True,0.36920077972709553,0.6842105263157895,0.35051363316910866,1.4657904693384451
2237,0.05,19,True,0.4576998050682261,0.7894736842105263,0.46159367967902887,1.1635402011210707
2238,0.05,19,True,0.6105263157894737,0.9473684210526315,0.6410037503534696,0.2974722489192896
2239,0.1,18,True,0.6771241830065359,0.8888888888888888,0.41832813428211324,0.5032583347756457
2240,0.1,18,True,0.41307189542483663,0.6666666666666666,0.2803607492695732,1.3355055565170972
2241,0.1,18,True,0.3982570806100218,0.5555555555555556,0.2338449694456599,1.679429366813955
2242,0.1,18,True,0.5333333333333333,1.0,0.5310044064107188,0.0
2243,0.1,18,True,0.4962962962962963,0.9444444444444444,0.5283265821844846,0.3095434291503252
2244,0.05,19,True,0.519298245614035,0.9473684210526315,0.6410037503534696,0.2974722489192896
2245,0.05,19,True,0.501364522417154,0.8421052631578947,0.4890359525563188,0.7742433029172697
2246,0.05,19,True,0.49005847953216375,0.8421052631578947,0.4890359525563188,0.7742433029172697
2247,0.05,19,True,0.42884990253411304,0.7368421052631579,0.4098431814126551,1.442508097190614
2248,0.05,19,True,0.47992202729044836,0.7894736842105263,0.4436691855250421,1.058277043226334
2249,0.05,19,True,0.3875243664717349,0.7368421052631579,0.3977554223658072,1.3372449392958772
2250,0.05,19,True,0.4475633528265107,0.7894736842105263,0.46159367967902887,1.1635402011210707
2251,0.05,19,True,0.41091617933723196,0.5789473684210527,0.25753634565243533,1.7187828921272554
2252,0.05,19,True,0.445224171539961,0.6842105263157895,0.3319198728130941,1.1050139971135322
2253,0.05,19,True,0.2943469785575049,0.42105263157894735,0.17287377660531789,2.458453829233059
2254,0.05,19,True,0.6,1.0,0.7136030428840437,0.0
2255,0.05,19,True,0.29629629629629634,0.3684210526315789,0.12809762985140072,2.6078612261419973
2256,0.05,19,True,0.3539961013645224,0.5789473684210527,0.2683610168752897,2.139835523706203
2257,0.05,19,True,0.447953216374269,0.6842105263157895,0.35051363316910866,1.4657904693384451
2258,0.05,19,True,0.5500974658869395,0.7368421052631579,0.38885477226300413,1.192250860234642
2259,0.05,19,True,0.3664717348927875,0.5263157894736842,0.27059858829622396,1.683240358011977
2260,0.9,2,False,,,,
2261,0.95,1,False,,,,
2262,0.05,19,True,0.5111111111111111,0.7368421052631579,0.38885477226300413,1.192250860234642
2263,0.05,19,True,0.519298245614035,0.9473684210526315,0.6410037503534696,0.2974722489192896
2264,0.05,19,True,0.3423001949317739,0.5263157894736842,0.22559344255483083,2.1440239107574226
2265,0.05,19,True,0.3278752436647174,0.5263157894736842,0.27059858829622396,1.683240358011977
2266,0.05,19,True,0.4350877192982456,0.7368421052631579,0.3977554223658072,1.3372449392958772
2267,0.05,19,True,0.3851851851851852,0.5789473684210527,0.2511573959832911,1.528801814525318
2268,0.05,19,True,0.5025341130604288,0.8421052631578947,0.5168118696880717,0.8795064608120066
2269,0.05,19,True,0.6038986354775828,0.8947368421052632,0.5762076600877131,0.5907239186406502
2270,0.05,19,True,0.41559454191033135,0.5789473684210527,0.2886710424611464,1.6340649724200549
2271,0.05,19,True,0.4202729044834308,0.631578947368421,0.2979332328204183,1.7732143550933814
2272,0.05,19,True,0.34658869395711506,0.47368421052631576,0.19312997374815177,2.390863696857044
2273,0.05,19,True,0.21910331384015597,0.3684210526315789,0.11516631660660115,2.792586226369731
2274,0.1,18,True,0.31895424836601305,0.3333333333333333,0.09943237815189054,2.288019280279689
2275,0.55,9,True,0.22222222222222224,0.2222222222222222,0.2683610168752897,2.94770277922009
2276,0.6,8,True,0.17619047619047618,0.25,0.30968313518177704,2.75
2277,0.8,4,False,,,,
2278,0.85,3,False,,,,
2279,0.9,2,False,,,,
2280,0.9,2,False,,,,
2281,0.9,2,False,,,,
2282,0.9,2,False,,,,
2283,0.9,2,False,,,,
2284,0.9,2,False,,,,
2285,0.9,2,False,,,,
2286,0.9,2,False,,,,
2287,0.9,2,False,,,,
2288,0.9,2,False,,,,
2289,0.9,2,False,,,,
2290,0.9,2,False,,,,
2291,0.9,2,False,,,,
2292,0.9,2,False,,,,
2293,0.9,2,False,,,,
2294,0.9,2,False,,,,
2295,0.9,2,False,,,,
2296,0.9,2,False,,,,
2297,0.9,2,False,,,,
2298,0.9,2,False,,,,
2299,0.9,2,False,,,,
2300,0.9,2,False,,,,
2301,0.9,2,False,,,,
2302,0.95,1,False,,,,
2303,0.95,1,False,,,,
2304,0.95,1,False,,,,
2305,0.95,1,False,,,,
2306,0.95,1,False,,,,
2307,0.95,1,False,,,,
2308,0.95,1,False,,,,
2309,0.95,1,False,,,,
2310,0.95,1,False,,,,
2311,0.95,1,False,,,,
2312,0.95,1,False,,,,
2313,0.95,1,False,,,,
2314,0.95,1,False,,,,
2315,0.95,1,False,,,,
2316,0.9,2,False,,,,
2317,0.9,2,False,,,,
2318,0.9,2,False,,,,
2319,0.9,2,False,,,,
2320,0.9,2,False,,,,
2321,0.9,2,False,,,,
2322,0.9,2,False,,,,
2323,0.9,2,False,,,,
2324,0.9,2,False,,,,
2325,0.9,2,False,,,,
2326,0.9,2,False,,,,
2327,0.9,2,False,,,,
2328,0.9,2,False,,,,
2329,0.9,2,False,,,,
2330,0.9,2,False,,,,
2331,0.9,2,False,,,,
2332,0.9,2,False,,,,
2333,0.9,2,False,,,,
2334,0.9,2,False,,,,
2335,0.95,1,False,,,,
2336,0.9,2,False,,,,
2337,0.9,2,False,,,,
2338,0.9,2,False,,,,
2339,0.9,2,False,,,,
2340,0.9,2,False,,,,
2341,0.9,2,False,,,,
2342,0.9,2,False,,,,
2343,0.9,2,False,,,,
2344,0.9,2,False,,,,
2345,0.9,2,False,,,,
2346,0.9,2,False,,,,
2347,0.9,2,False,,,,
2348,0.9,2,False,,,,
2349,0.9,2,False,,,,
2350,0.9,2,False,,,,
2351,0.9,2,False,,,,
2352,0.9,2,False,,,,
2353,0.95,1,False,,,,
2354,0.9,2,False,,,,
2355,0.9,2,False,,,,
2356,0.9,2,False,,,,
2357,0.9,2,False,,,,
2358,0.9,2,False,,,,
2359,0.9,2,False,,,,
2360,0.9,2,False,,,,
2361,0.9,2,False,,,,
2362,0.9,2,False,,,,
2363,0.9,2,False,,,,
2364,0.9,2,False,,,,
2365,0.9,2,False,,,,
2366,0.9,2,False,,,,
2367,0.9,2,False,,,,
2368,0.9,2,False,,,,
2369,0.95,1,False,,,,
2370,0.9,2,False,,,,
2371,0.9,2,False,,,,
2372,0.9,2,False,,,,
2373,0.9,2,False,,,,
2374,0.9,2,False,,,,
2375,0.9,2,False,,,,
2376,0.9,2,False,,,,
2377,0.9,2,False,,,,
2378,0.9,2,False,,,,
2379,0.9,2,False,,,,
2380,0.95,1,False,,,,
2381,0.95,1,False,,,,
2382,0.95,1,False,,,,
2383,0.9,2,False,,,,
2384,0.9,2,False,,,,
2385,0.9,2,False,,,,
2386,0.95,1,False,,,,
2387,0.95,1,False,,,,
2388,0.95,1,False,,,,
2389,0.95,1,False,,,,
2390,0.95,1,False,,,,
2391,0.95,1,False,,,,
2392,0.9,2,False,,,,
2393,0.9,2,False,,,,
2394,0.9,2,False,,,,
2395,0.9,2,False,,,,
2396,0.9,2,False,,,,
2397,0.9,2,False,,,,
2398,0.9,2,False,,,,
2399,0.9,2,False,,,,
2400,0.9,2,False,,,,
2401,0.95,1,False,,,,
2402,0.95,1,False,,,,
2403,0.9,2,False,,,,
2404,0.9,2,False,,,,
2405,0.9,2,False,,,,
2406,0.9,2,False,,,,
2407,0.9,2,False,,,,
2408,0.9,2,False,,,,
2409,0.9,2,False,,,,
2410,0.9,2,False,,,,
2411,0.9,2,False,,,,
2412,0.9,2,False,,,,
2413,0.9,2,False,,,,
2414,0.9,2,False,,,,
2415,0.9,2,False,,,,
2416,0.9,2,False,,,,
2417,0.9,2,False,,,,
2418,0.9,2,False,,,,
2419,0.9,2,False,,,,
2420,0.9,2,False,,,,
2421,0.9,2,False,,,,
2422,0.9,2,False,,,,
2423,0.9,2,False,,,,
2424,0.9,2,False,,,,
2425,0.9,2,False,,,,
2426,0.9,2,False,,,,
2427,0.9,2,False,,,,
2428,0.95,1,False,,,,
2429,0.9,2,False,,,,
2430,0.9,2,False,,,,
2431,0.9,2,False,,,,
2432,0.9,2,False,,,,
2433,0.9,2,False,,,,
2434,0.9,2,False,,,,
2435,0.9,2,False,,,,
2436,0.9,2,False,,,,
2437,0.9,2,False,,,,
2438,0.9,2,False,,,,
2439,0.9,2,False,,,,
2440,0.9,2,False,,,,
2441,0.9,2,False,,,,
2442,0.9,2,False,,,,
2443,0.9,2,False,,,,
2444,0.95,1,False,,,,
2445,0.95,1,False,,,,
2446,0.95,1,False,,,,
2447,0.95,1,False,,,,
2448,0.95,1,False,,,,
2449,0.95,1,False,,,,
2450,0.95,1,False,,,,
2451,0.95,1,False,,,,
2452,0.95,1,False,,,,
2453,0.95,1,False,,,,
2454,0.95,1,False,,,,
2455,0.95,1,False,,,,
2456,0.95,1,False,,,,
2457,0.95,1,False,,,,
2458,0.95,1,False,,,,
2459,0.95,1,False,,,,
2460,0.95,1,False,,,,
2461,0.95,1,False,,,,
2462,0.95,1,False,,,,
2463,0.95,1,False,,,,
2464,0.95,1,False,,,,
2465,0.95,1,False,,,,
2466,0.95,1,False,,,,
2467,0.95,1,False,,,,
2468,0.95,1,False,,,,
2469,0.95,1,False,,,,
2470,0.95,1,False,,,,
2471,0.95,1,False,,,,
2472,0.95,1,False,,,,
2473,0.95,1,False,,,,
2474,0.95,1,False,,,,
2475,0.95,1,False,,,,
2476,0.95,1,False,,,,
2477,0.95,1,False,,,,
2478,0.95,1,False,,,,
2479,0.95,1,False,,,,
2480,0.95,1,False,,,,
2481,0.95,1,False,,,,
2482,0.95,1,False,,,,
2483,0.95,1,False,,,,
2484,0.95,1,False,,,,
2485,0.95,1,False,,,,
2486,0.95,1,False,,,,
2487,0.95,1,False,,,,
2488,0.95,1,False,,,,
2489,0.95,1,False,,,,
2490,0.95,1,False,,,,
2491,0.95,1,False,,,,
2492,0.95,1,False,,,,
2493,0.95,1,False,,,,
2494,0.95,1,False,,,,
2495,0.95,1,False,,,,
2496,0.95,1,False,,,,
2497,0.95,1,False,,,,
2498,0.95,1,False,,,,
2499,0.95,1,False,,,,
2500,0.95,1,False,,,,
2501,0.95,1,False,,,,
2502,0.95,1,False,,,,
2503,0.95,1,False,,,,
2504,0.95,1,False,,,,
2505,0.95,1,False,,,,
2506,0.95,1,False,,,,
2507,0.95,1,False,,,,
2508,0.95,1,False,,,,
2509,0.95,1,False,,,,
2510,0.95,1,False,,,,
2511,0.95,1,False,,,,
2512,0.95,1,False,,,,
2513,0.95,1,False,,,,
2514,0.95,1,False,,,,
2515,0.95,1,False,,,,
2516,0.95,1,False,,,,
2517,0.95,1,False,,,,
2518,0.95,1,False,,,,
2519,0.95,1,False,,,,
2520,0.95,1,False,,,,
2521,0.95,1,False,,,,
2522,0.95,1,False,,,,
2523,0.95,1,False,,,,
2524,0.95,1,False,,,,
2525,0.95,1,False,,,,
2526,0.95,1,False,,,,
2527,0.95,1,False,,,,
2528,0.95,1,False,,,,
2529,0.95,1,False,,,,
2530,0.95,1,False,,,,
2531,0.95,1,False,,,,
2532,0.95,1,False,,,,
2533,0.95,1,False,,,,
2534,0.95,1,False,,,,
2535,0.95,1,False,,,,
2536,0.95,1,False,,,,
2537,0.95,1,False,,,,
2538,0.95,1,False,,,,
2539,0.95,1,False,,,,
2540,0.95,1,False,,,,
2541,0.95,1,False,,,,
2542,0.95,1,False,,,,
2543,0.95,1,False,,,,
2544,0.95,1,False,,,,
2545,0.95,1,False,,,,
2546,0.95,1,False,,,,
2547,0.95,1,False,,,,
2548,0.95,1,False,,,,
2549,0.95,1,False,,,,
2550,0.95,1,False,,,,
2551,0.95,1,False,,,,
2552,0.95,1,False,,,,
2553,0.95,1,False,,,,
2554,0.95,1,False,,,,
2555,0.95,1,False,,,,
2556,0.95,1,False,,,,
2557,0.95,1,False,,,,
2558,0.95,1,False,,,,
2559,0.95,1,False,,,,
2560,0.95,1,False,,,,
2561,0.95,1,False,,,,
2562,0.95,1,False,,,,
2563,0.95,1,False,,,,
2564,0.95,1,False,,,,
2565,0.95,1,False,,,,
2566,0.95,1,False,,,,
2567,0.95,1,False,,,,
2568,0.95,1,False,,,,
2569,0.95,1,False,,,,
2570,0.95,1,False,,,,
2571,0.95,1,False,,,,
2572,0.95,1,False,,,,
2573,0.95,1,False,,,,
2574,0.95,1,False,,,,
2575,0.95,1,False,,,,
2576,0.95,1,False,,,,
2577,0.95,1,False,,,,
2578,0.95,1,False,,,,
2579,0.95,1,False,,,,
2580,0.95,1,False,,,,
2581,0.95,1,False,,,,
2582,0.95,1,False,,,,
2583,0.95,1,False,,,,
2584,0.95,1,False,,,,
2585,0.95,1,False,,,,
2586,0.95,1,False,,,,
2587,0.95,1,False,,,,
2588,0.95,1,False,,,,
2589,0.95,1,False,,,,
2590,0.95,1,False,,,,
2591,0.95,1,False,,,,
2592,0.95,1,False,,,,
2593,0.95,1,False,,,,
2594,0.95,1,False,,,,
2595,0.95,1,False,,,,
2596,0.95,1,False,,,,
2597,0.95,1,False,,,,
2598,0.95,1,False,,,,
2599,0.95,1,False,,,,
2600,0.95,1,False,,,,
2601,0.95,1,False,,,,
2602,0.95,1,False,,,,
2603,0.95,1,False,,,,
2604,0.95,1,False,,,,
2605,0.95,1,False,,,,
2606,0.95,1,False,,,,
2607,0.95,1,False,,,,
2608,0.95,1,False,,,,
2609,0.95,1,False,,,,
2610,0.95,1,False,,,,
2611,0.95,1,False,,,,
2612,0.95,1,False,,,,
2613,0.95,1,False,,,,
2614,0.95,1,False,,,,
2615,0.95,1,False,,,,
2616,0.95,1,False,,,,
2617,0.95,1,False,,,,
2618,0.95,1,False,,,,
2619,0.95,1,False,,,,
2620,0.95,1,False,,,,
2621,0.95,1,False,,,,
2622,0.95,1,False,,,,
2623,0.95,1,False,,,,
2624,0.95,1,False,,,,
2625,0.95,1,False,,,,
2626,0.95,1,False,,,,
2627,0.95,1,False,,,,
2628,0.95,1,False,,,,
