col_index,gap_frac,nongap_n,keep,cons_similarity,cons_identity,cons_entropy22,cons_entropy_nogap
1,1.0,0,False,,,,
2,1.0,0,False,,,,
3,1.0,0,False,,,,
4,1.0,0,False,,,,
5,1.0,0,False,,,,
6,1.0,0,False,,,,
7,1.0,0,False,,,,
8,1.0,0,False,,,,
9,1.0,0,False,,,,
10,1.0,0,False,,,,
11,1.0,0,False,,,,
12,1.0,0,False,,,,
13,1.0,0,False,,,,
14,1.0,0,False,,,,
15,1.0,0,False,,,,
16,1.0,0,False,,,,
17,1.0,0,False,,,,
18,1.0,0,False,,,,
19,1.0,0,False,,,,
20,1.0,0,False,,,,
21,1.0,0,False,,,,
22,1.0,0,False,,,,
23,1.0,0,False,,,,
24,1.0,0,False,,,,
25,1.0,0,False,,,,
26,1.0,0,False,,,,
27,1.0,0,False,,,,
28,1.0,0,False,,,,
29,1.0,0,False,,,,
30,1.0,0,False,,,,
31,1.0,0,False,,,,
32,1.0,0,False,,,,
33,1.0,0,False,,,,
34,1.0,0,False,,,,
35,1.0,0,False,,,,
36,1.0,0,False,,,,
37,1.0,0,False,,,,
38,1.0,0,False,,,,
39,1.0,0,False,,,,
40,1.0,0,False,,,,
41,1.0,0,False,,,,
42,1.0,0,False,,,,
43,1.0,0,False,,,,
44,1.0,0,False,,,,
45,1.0,0,False,,,,
46,1.0,0,False,,,,
47,1.0,0,False,,,,
48,1.0,0,False,,,,
49,1.0,0,False,,,,
50,1.0,0,False,,,,
51,1.0,0,False,,,,
52,1.0,0,False,,,,
53,1.0,0,False,,,,
54,1.0,0,False,,,,
55,1.0,0,False,,,,
56,1.0,0,False,,,,
57,1.0,0,False,,,,
58,1.0,0,False,,,,
59,1.0,0,False,,,,
60,1.0,0,False,,,,
61,1.0,0,False,,,,
62,1.0,0,False,,,,
63,1.0,0,False,,,,
64,1.0,0,False,,,,
65,1.0,0,False,,,,
66,1.0,0,False,,,,
67,1.0,0,False,,,,
68,1.0,0,False,,,,
69,1.0,0,False,,,,
70,1.0,0,False,,,,
71,1.0,0,False,,,,
72,1.0,0,False,,,,
73,1.0,0,False,,,,
74,1.0,0,False,,,,
75,1.0,0,False,,,,
76,1.0,0,False,,,,
77,1.0,0,False,,,,
78,1.0,0,False,,,,
79,1.0,0,False,,,,
80,1.0,0,False,,,,
81,1.0,0,False,,,,
82,1.0,0,False,,,,
83,1.0,0,False,,,,
84,1.0,0,False,,,,
85,1.0,0,False,,,,
86,1.0,0,False,,,,
87,1.0,0,False,,,,
88,1.0,0,False,,,,
89,1.0,0,False,,,,
90,1.0,0,False,,,,
91,1.0,0,False,,,,
92,1.0,0,False,,,,
93,1.0,0,False,,,,
94,1.0,0,False,,,,
95,1.0,0,False,,,,
96,1.0,0,False,,,,
97,1.0,0,False,,,,
98,1.0,0,False,,,,
99,1.0,0,False,,,,
100,1.0,0,False,,,,
101,1.0,0,False,,,,
102,1.0,0,False,,,,
103,1.0,0,False,,,,
104,1.0,0,False,,,,
105,1.0,0,False,,,,
106,1.0,0,False,,,,
107,1.0,0,False,,,,
108,1.0,0,False,,,,
109,1.0,0,False,,,,
110,1.0,0,False,,,,
111,1.0,0,False,,,,
112,1.0,0,False,,,,
113,1.0,0,False,,,,
114,1.0,0,False,,,,
115,1.0,0,False,,,,
116,1.0,0,False,,,,
117,1.0,0,False,,,,
118,1.0,0,False,,,,
119,1.0,0,False,,,,
120,1.0,0,False,,,,
121,1.0,0,False,,,,
122,1.0,0,False,,,,
123,1.0,0,False,,,,
124,1.0,0,False,,,,
125,1.0,0,False,,,,
126,1.0,0,False,,,,
127,1.0,0,False,,,,
128,1.0,0,False,,,,
129,1.0,0,False,,,,
130,1.0,0,False,,,,
131,1.0,0,False,,,,
132,1.0,0,False,,,,
133,1.0,0,False,,,,
134,1.0,0,False,,,,
135,1.0,0,False,,,,
136,1.0,0,False,,,,
137,1.0,0,False,,,,
138,1.0,0,False,,,,
139,1.0,0,False,,,,
140,1.0,0,False,,,,
141,1.0,0,False,,,,
142,1.0,0,False,,,,
143,1.0,0,False,,,,
144,1.0,0,False,,,,
145,1.0,0,False,,,,
146,1.0,0,False,,,,
147,1.0,0,False,,,,
148,1.0,0,False,,,,
149,1.0,0,False,,,,
150,1.0,0,False,,,,
151,1.0,0,False,,,,
152,1.0,0,False,,,,
153,1.0,0,False,,,,
154,1.0,0,False,,,,
155,1.0,0,False,,,,
156,1.0,0,False,,,,
157,1.0,0,False,,,,
158,1.0,0,False,,,,
159,1.0,0,False,,,,
160,1.0,0,False,,,,
161,1.0,0,False,,,,
162,1.0,0,False,,,,
163,1.0,0,False,,,,
164,1.0,0,False,,,,
165,1.0,0,False,,,,
166,1.0,0,False,,,,
167,1.0,0,False,,,,
168,1.0,0,False,,,,
169,1.0,0,False,,,,
170,1.0,0,False,,,,
171,1.0,0,False,,,,
172,1.0,0,False,,,,
173,1.0,0,False,,,,
174,1.0,0,False,,,,
175,1.0,0,False,,,,
176,1.0,0,False,,,,
177,1.0,0,False,,,,
178,1.0,0,False,,,,
179,1.0,0,False,,,,
180,1.0,0,False,,,,
181,1.0,0,False,,,,
182,1.0,0,False,,,,
183,1.0,0,False,,,,
184,1.0,0,False,,,,
185,1.0,0,False,,,,
186,1.0,0,False,,,,
187,1.0,0,False,,,,
188,1.0,0,False,,,,
189,1.0,0,False,,,,
190,1.0,0,False,,,,
191,1.0,0,False,,,,
192,1.0,0,False,,,,
193,1.0,0,False,,,,
194,1.0,0,False,,,,
195,1.0,0,False,,,,
196,1.0,0,False,,,,
197,1.0,0,False,,,,
198,1.0,0,False,,,,
199,1.0,0,False,,,,
200,1.0,0,False,,,,
201,1.0,0,False,,,,
202,1.0,0,False,,,,
203,1.0,0,False,,,,
204,1.0,0,False,,,,
205,1.0,0,False,,,,
206,1.0,0,False,,,,
207,1.0,0,False,,,,
208,1.0,0,False,,,,
209,1.0,0,False,,,,
210,1.0,0,False,,,,
211,1.0,0,False,,,,
212,1.0,0,False,,,,
213,1.0,0,False,,,,
214,1.0,0,False,,,,
215,1.0,0,False,,,,
216,1.0,0,False,,,,
217,1.0,0,False,,,,
218,1.0,0,False,,,,
219,1.0,0,False,,,,
220,1.0,0,False,,,,
221,1.0,0,False,,,,
222,1.0,0,False,,,,
223,1.0,0,False,,,,
224,1.0,0,False,,,,
225,1.0,0,False,,,,
226,1.0,0,False,,,,
227,1.0,0,False,,,,
228,1.0,0,False,,,,
229,1.0,0,False,,,,
230,1.0,0,False,,,,
231,1.0,0,False,,,,
232,1.0,0,False,,,,
233,1.0,0,False,,,,
234,1.0,0,False,,,,
235,1.0,0,False,,,,
236,1.0,0,False,,,,
237,1.0,0,False,,,,
238,1.0,0,False,,,,
239,1.0,0,False,,,,
240,1.0,0,False,,,,
241,1.0,0,False,,,,
242,1.0,0,False,,,,
243,1.0,0,False,,,,
244,1.0,0,False,,,,
245,1.0,0,False,,,,
246,1.0,0,False,,,,
247,1.0,0,False,,,,
248,1.0,0,False,,,,
249,1.0,0,False,,,,
250,1.0,0,False,,,,
251,1.0,0,False,,,,
252,1.0,0,False,,,,
253,1.0,0,False,,,,
254,1.0,0,False,,,,
255,1.0,0,False,,,,
256,1.0,0,False,,,,
257,1.0,0,False,,,,
258,1.0,0,False,,,,
259,1.0,0,False,,,,
260,1.0,0,False,,,,
261,1.0,0,False,,,,
262,1.0,0,False,,,,
263,1.0,0,False,,,,
264,1.0,0,False,,,,
265,1.0,0,False,,,,
266,1.0,0,False,,,,
267,1.0,0,False,,,,
268,1.0,0,False,,,,
269,1.0,0,False,,,,
270,1.0,0,False,,,,
271,1.0,0,False,,,,
272,1.0,0,False,,,,
273,1.0,0,False,,,,
274,1.0,0,False,,,,
275,1.0,0,False,,,,
276,1.0,0,False,,,,
277,1.0,0,False,,,,
278,1.0,0,False,,,,
279,1.0,0,False,,,,
280,1.0,0,False,,,,
281,1.0,0,False,,,,
282,1.0,0,False,,,,
283,1.0,0,False,,,,
284,1.0,0,False,,,,
285,1.0,0,False,,,,
286,1.0,0,False,,,,
287,1.0,0,False,,,,
288,1.0,0,False,,,,
289,1.0,0,False,,,,
290,1.0,0,False,,,,
291,1.0,0,False,,,,
292,1.0,0,False,,,,
293,1.0,0,False,,,,
294,1.0,0,False,,,,
295,1.0,0,False,,,,
296,1.0,0,False,,,,
297,1.0,0,False,,,,
298,1.0,0,False,,,,
299,1.0,0,False,,,,
300,1.0,0,False,,,,
301,1.0,0,False,,,,
302,1.0,0,False,,,,
303,1.0,0,False,,,,
304,1.0,0,False,,,,
305,1.0,0,False,,,,
306,1.0,0,False,,,,
307,1.0,0,False,,,,
308,1.0,0,False,,,,
309,1.0,0,False,,,,
310,1.0,0,False,,,,
311,1.0,0,False,,,,
312,1.0,0,False,,,,
313,1.0,0,False,,,,
314,1.0,0,False,,,,
315,1.0,0,False,,,,
316,1.0,0,False,,,,
317,1.0,0,False,,,,
318,1.0,0,False,,,,
319,1.0,0,False,,,,
320,1.0,0,False,,,,
321,1.0,0,False,,,,
322,1.0,0,False,,,,
323,1.0,0,False,,,,
324,1.0,0,False,,,,
325,1.0,0,False,,,,
326,1.0,0,False,,,,
327,1.0,0,False,,,,
328,1.0,0,False,,,,
329,1.0,0,False,,,,
330,1.0,0,False,,,,
331,1.0,0,False,,,,
332,1.0,0,False,,,,
333,1.0,0,False,,,,
334,1.0,0,False,,,,
335,1.0,0,False,,,,
336,1.0,0,False,,,,
337,1.0,0,False,,,,
338,1.0,0,False,,,,
339,1.0,0,False,,,,
340,1.0,0,False,,,,
341,1.0,0,False,,,,
342,1.0,0,False,,,,
343,1.0,0,False,,,,
344,1.0,0,False,,,,
345,1.0,0,False,,,,
346,1.0,0,False,,,,
347,1.0,0,False,,,,
348,1.0,0,False,,,,
349,1.0,0,False,,,,
350,1.0,0,False,,,,
351,1.0,0,False,,,,
352,1.0,0,False,,,,
353,1.0,0,False,,,,
354,1.0,0,False,,,,
355,1.0,0,False,,,,
356,1.0,0,False,,,,
357,1.0,0,False,,,,
358,1.0,0,False,,,,
359,1.0,0,False,,,,
360,1.0,0,False,,,,
361,1.0,0,False,,,,
362,1.0,0,False,,,,
363,1.0,0,False,,,,
364,1.0,0,False,,,,
365,1.0,0,False,,,,
366,1.0,0,False,,,,
367,1.0,0,False,,,,
368,1.0,0,False,,,,
369,1.0,0,False,,,,
370,1.0,0,False,,,,
371,1.0,0,False,,,,
372,1.0,0,False,,,,
373,1.0,0,False,,,,
374,1.0,0,False,,,,
375,1.0,0,False,,,,
376,1.0,0,False,,,,
377,1.0,0,False,,,,
378,1.0,0,False,,,,
379,1.0,0,False,,,,
380,1.0,0,False,,,,
381,1.0,0,False,,,,
382,1.0,0,False,,,,
383,1.0,0,False,,,,
384,1.0,0,False,,,,
385,1.0,0,False,,,,
386,1.0,0,False,,,,
387,1.0,0,False,,,,
388,1.0,0,False,,,,
389,1.0,0,False,,,,
390,1.0,0,False,,,,
391,1.0,0,False,,,,
392,1.0,0,False,,,,
393,1.0,0,False,,,,
394,1.0,0,False,,,,
395,1.0,0,False,,,,
396,1.0,0,False,,,,
397,1.0,0,False,,,,
398,1.0,0,False,,,,
399,1.0,0,False,,,,
400,1.0,0,False,,,,
401,1.0,0,False,,,,
402,1.0,0,False,,,,
403,1.0,0,False,,,,
404,1.0,0,False,,,,
405,1.0,0,False,,,,
406,1.0,0,False,,,,
407,1.0,0,False,,,,
408,1.0,0,False,,,,
409,1.0,0,False,,,,
410,1.0,0,False,,,,
411,1.0,0,False,,,,
412,1.0,0,False,,,,
413,1.0,0,False,,,,
414,1.0,0,False,,,,
415,1.0,0,False,,,,
416,1.0,0,False,,,,
417,1.0,0,False,,,,
418,1.0,0,False,,,,
419,1.0,0,False,,,,
420,1.0,0,False,,,,
421,1.0,0,False,,,,
422,1.0,0,False,,,,
423,1.0,0,False,,,,
424,1.0,0,False,,,,
425,1.0,0,False,,,,
426,1.0,0,False,,,,
427,1.0,0,False,,,,
428,1.0,0,False,,,,
429,1.0,0,False,,,,
430,1.0,0,False,,,,
431,1.0,0,False,,,,
432,1.0,0,False,,,,
433,1.0,0,False,,,,
434,1.0,0,False,,,,
435,1.0,0,False,,,,
436,1.0,0,False,,,,
437,1.0,0,False,,,,
438,1.0,0,False,,,,
439,1.0,0,False,,,,
440,1.0,0,False,,,,
441,1.0,0,False,,,,
442,1.0,0,False,,,,
443,1.0,0,False,,,,
444,1.0,0,False,,,,
445,1.0,0,False,,,,
446,1.0,0,False,,,,
447,1.0,0,False,,,,
448,1.0,0,False,,,,
449,1.0,0,False,,,,
450,1.0,0,False,,,,
451,1.0,0,False,,,,
452,1.0,0,False,,,,
453,1.0,0,False,,,,
454,1.0,0,False,,,,
455,1.0,0,False,,,,
456,1.0,0,False,,,,
457,1.0,0,False,,,,
458,1.0,0,False,,,,
459,1.0,0,False,,,,
460,1.0,0,False,,,,
461,1.0,0,False,,,,
462,1.0,0,False,,,,
463,1.0,0,False,,,,
464,1.0,0,False,,,,
465,1.0,0,False,,,,
466,1.0,0,False,,,,
467,1.0,0,False,,,,
468,1.0,0,False,,,,
469,1.0,0,False,,,,
470,1.0,0,False,,,,
471,1.0,0,False,,,,
472,1.0,0,False,,,,
473,1.0,0,False,,,,
474,1.0,0,False,,,,
475,1.0,0,False,,,,
476,1.0,0,False,,,,
477,1.0,0,False,,,,
478,1.0,0,False,,,,
479,1.0,0,False,,,,
480,1.0,0,False,,,,
481,1.0,0,False,,,,
482,1.0,0,False,,,,
483,1.0,0,False,,,,
484,1.0,0,False,,,,
485,1.0,0,False,,,,
486,1.0,0,False,,,,
487,1.0,0,False,,,,
488,1.0,0,False,,,,
489,1.0,0,False,,,,
490,1.0,0,False,,,,
491,1.0,0,False,,,,
492,1.0,0,False,,,,
493,1.0,0,False,,,,
494,1.0,0,False,,,,
495,1.0,0,False,,,,
496,1.0,0,False,,,,
497,1.0,0,False,,,,
498,1.0,0,False,,,,
499,1.0,0,False,,,,
500,1.0,0,False,,,,
501,1.0,0,False,,,,
502,1.0,0,False,,,,
503,1.0,0,False,,,,
504,1.0,0,False,,,,
505,1.0,0,False,,,,
506,1.0,0,False,,,,
507,1.0,0,False,,,,
508,1.0,0,False,,,,
509,1.0,0,False,,,,
510,1.0,0,False,,,,
511,1.0,0,False,,,,
512,1.0,0,False,,,,
513,1.0,0,False,,,,
514,1.0,0,False,,,,
515,1.0,0,False,,,,
516,1.0,0,False,,,,
517,1.0,0,False,,,,
518,1.0,0,False,,,,
519,1.0,0,False,,,,
520,1.0,0,False,,,,
521,1.0,0,False,,,,
522,1.0,0,False,,,,
523,1.0,0,False,,,,
524,1.0,0,False,,,,
525,1.0,0,False,,,,
526,1.0,0,False,,,,
527,1.0,0,False,,,,
528,1.0,0,False,,,,
529,1.0,0,False,,,,
530,1.0,0,False,,,,
531,1.0,0,False,,,,
532,1.0,0,False,,,,
533,1.0,0,False,,,,
534,1.0,0,False,,,,
535,1.0,0,False,,,,
536,1.0,0,False,,,,
537,1.0,0,False,,,,
538,1.0,0,False,,,,
539,1.0,0,False,,,,
540,1.0,0,False,,,,
541,1.0,0,False,,,,
542,1.0,0,False,,,,
543,1.0,0,False,,,,
544,1.0,0,False,,,,
545,1.0,0,False,,,,
546,1.0,0,False,,,,
547,1.0,0,False,,,,
548,1.0,0,False,,,,
549,1.0,0,False,,,,
550,1.0,0,False,,,,
551,1.0,0,False,,,,
552,1.0,0,False,,,,
553,1.0,0,False,,,,
554,1.0,0,False,,,,
555,1.0,0,False,,,,
556,1.0,0,False,,,,
557,1.0,0,False,,,,
558,1.0,0,False,,,,
559,1.0,0,False,,,,
560,1.0,0,False,,,,
561,1.0,0,False,,,,
562,1.0,0,False,,,,
563,1.0,0,False,,,,
564,1.0,0,False,,,,
565,1.0,0,False,,,,
566,1.0,0,False,,,,
567,1.0,0,False,,,,
568,1.0,0,False,,,,
569,1.0,0,False,,,,
570,1.0,0,False,,,,
571,1.0,0,False,,,,
572,1.0,0,False,,,,
573,1.0,0,False,,,,
574,1.0,0,False,,,,
575,1.0,0,False,,,,
576,1.0,0,False,,,,
577,1.0,0,False,,,,
578,1.0,0,False,,,,
579,1.0,0,False,,,,
580,1.0,0,False,,,,
581,1.0,0,False,,,,
582,1.0,0,False,,,,
583,1.0,0,False,,,,
584,1.0,0,False,,,,
585,1.0,0,False,,,,
586,1.0,0,False,,,,
587,1.0,0,False,,,,
588,1.0,0,False,,,,
589,1.0,0,False,,,,
590,1.0,0,False,,,,
591,1.0,0,False,,,,
592,1.0,0,False,,,,
593,1.0,0,False,,,,
594,1.0,0,False,,,,
595,1.0,0,False,,,,
596,1.0,0,False,,,,
597,1.0,0,False,,,,
598,1.0,0,False,,,,
599,1.0,0,False,,,,
600,1.0,0,False,,,,
601,1.0,0,False,,,,
602,1.0,0,False,,,,
603,1.0,0,False,,,,
604,1.0,0,False,,,,
605,1.0,0,False,,,,
606,1.0,0,False,,,,
607,1.0,0,False,,,,
608,1.0,0,False,,,,
609,1.0,0,False,,,,
610,1.0,0,False,,,,
611,1.0,0,False,,,,
612,1.0,0,False,,,,
613,1.0,0,False,,,,
614,1.0,0,False,,,,
615,1.0,0,False,,,,
616,1.0,0,False,,,,
617,1.0,0,False,,,,
618,0.2,8,True,0.6,1.0,0.2780719051126377,0.0
619,0.2,8,True,0.6666666666666666,1.0,0.2780719051126377,0.0
620,0.2,8,True,0.7333333333333333,1.0,0.2780719051126377,0.0
621,0.2,8,True,0.44761904761904764,0.75,0.13502647928207268,0.8112781244591328
622,0.2,8,True,0.45476190476190476,0.625,0.15545875354128547,1.5487949406953985
623,0.2,8,True,0.41190476190476194,0.625,0.15545875354128547,1.5487949406953985
624,0.2,8,True,0.4976190476190476,0.625,0.06276943678387037,0.954434002924965
625,0.2,8,True,0.5333333333333333,1.0,0.2780719051126377,0.0
626,0.2,8,True,0.41904761904761906,0.5,0.03977028213923883,1.0
627,0.2,8,True,0.6,1.0,0.2780719051126377,0.0
628,0.2,8,True,0.6,1.0,0.2780719051126377,0.0
629,0.2,8,True,0.6666666666666666,1.0,0.2780719051126377,0.0
630,0.2,8,True,0.7333333333333333,1.0,0.2780719051126377,0.0
631,0.2,8,True,0.5333333333333333,1.0,0.2780719051126377,0.0
632,0.2,8,True,0.42380952380952386,0.75,0.21452470277266567,1.061278124459133
633,0.2,8,True,0.4142857142857143,0.5,0.07678032766449228,1.4056390622295665
634,0.2,8,True,0.4976190476190476,0.625,0.06276943678387037,0.954434002924965
635,0.2,8,True,1.0,1.0,0.2780719051126377,0.0
636,0.2,8,True,0.5,0.875,0.27015330083790245,0.5435644431995964
637,0.2,8,True,0.5333333333333333,1.0,0.2780719051126377,0.0
638,0.2,8,True,0.5333333333333333,1.0,0.2780719051126377,0.0
639,0.2,8,True,0.8,1.0,0.2780719051126377,0.0
640,0.2,8,True,0.7833333333333333,0.875,0.27015330083790245,0.5435644431995964
641,0.2,8,True,0.5166666666666667,0.625,0.06276943678387037,0.954434002924965
642,0.2,8,True,0.55,0.875,0.27015330083790245,0.5435644431995964
643,0.2,8,True,0.6,1.0,0.2780719051126377,0.0
644,0.2,8,True,0.47619047619047616,0.75,0.13502647928207268,0.8112781244591328
645,0.2,8,True,0.4023809523809524,0.625,0.11951797627815941,1.2987949406953985
646,0.2,8,True,0.6,1.0,0.2780719051126377,0.0
647,0.2,8,True,0.3142857142857143,0.625,0.15545875354128547,1.5487949406953985
648,0.2,8,True,0.4928571428571428,0.625,0.06276943678387037,0.954434002924965
649,0.2,8,True,0.45,0.75,0.21452470277266567,1.061278124459133
650,0.2,8,True,0.45,0.75,0.21452470277266567,1.061278124459133
651,0.2,8,True,0.4714285714285714,0.75,0.21452470277266567,1.061278124459133
652,0.2,8,True,0.6,1.0,0.2780719051126377,0.0
653,0.2,8,True,0.4142857142857143,0.5,0.039035952556318865,1.5
654,0.2,8,True,0.5047619047619047,0.75,0.13502647928207268,0.8112781244591328
655,0.2,8,True,0.38333333333333336,0.625,0.15545875354128547,1.5487949406953985
656,0.2,8,True,0.25,0.25,0.03042964980987506,2.5
657,0.2,8,True,0.4095238095238095,0.75,0.21452470277266567,1.061278124459133
658,0.2,8,True,0.5333333333333333,1.0,0.2780719051126377,0.0
659,0.2,8,True,0.40476190476190477,0.5,0.08613531161467847,1.75
660,0.2,8,True,0.32857142857142857,0.375,0.06502247023287666,1.811278124459133
661,0.2,8,True,0.5333333333333333,1.0,0.2780719051126377,0.0
662,0.2,8,True,0.41904761904761906,0.5,0.08613531161467869,1.75
663,0.2,8,True,0.3,0.5,0.08613531161467847,1.75
664,0.2,8,True,0.6,0.875,0.27015330083790245,0.5435644431995964
665,0.2,8,True,0.42142857142857143,0.625,0.11951797627815941,1.2987949406953985
666,0.2,8,True,0.3333333333333333,0.625,0.15545875354128547,1.5487949406953985
667,0.2,8,True,0.4142857142857143,0.75,0.21452470277266567,1.061278124459133
668,0.2,8,True,0.36428571428571427,0.5,0.08613531161467847,1.75
669,1.0,0,False,,,,
670,1.0,0,False,,,,
671,1.0,0,False,,,,
672,1.0,0,False,,,,
673,1.0,0,False,,,,
674,1.0,0,False,,,,
675,1.0,0,False,,,,
676,1.0,0,False,,,,
677,1.0,0,False,,,,
678,1.0,0,False,,,,
679,1.0,0,False,,,,
680,1.0,0,False,,,,
681,1.0,0,False,,,,
682,1.0,0,False,,,,
683,1.0,0,False,,,,
684,1.0,0,False,,,,
685,1.0,0,False,,,,
686,1.0,0,False,,,,
687,1.0,0,False,,,,
688,1.0,0,False,,,,
689,1.0,0,False,,,,
690,1.0,0,False,,,,
691,1.0,0,False,,,,
692,1.0,0,False,,,,
693,1.0,0,False,,,,
694,1.0,0,False,,,,
695,1.0,0,False,,,,
696,1.0,0,False,,,,
697,1.0,0,False,,,,
698,1.0,0,False,,,,
699,1.0,0,False,,,,
700,1.0,0,False,,,,
701,1.0,0,False,,,,
702,1.0,0,False,,,,
703,1.0,0,False,,,,
704,1.0,0,False,,,,
705,1.0,0,False,,,,
706,1.0,0,False,,,,
707,1.0,0,False,,,,
708,1.0,0,False,,,,
709,1.0,0,False,,,,
710,1.0,0,False,,,,
711,1.0,0,False,,,,
712,1.0,0,False,,,,
713,1.0,0,False,,,,
714,1.0,0,False,,,,
715,1.0,0,False,,,,
716,1.0,0,False,,,,
717,1.0,0,False,,,,
718,1.0,0,False,,,,
719,1.0,0,False,,,,
720,1.0,0,False,,,,
721,1.0,0,False,,,,
722,1.0,0,False,,,,
723,1.0,0,False,,,,
724,1.0,0,False,,,,
725,1.0,0,False,,,,
726,1.0,0,False,,,,
727,1.0,0,False,,,,
728,1.0,0,False,,,,
729,1.0,0,False,,,,
730,1.0,0,False,,,,
731,1.0,0,False,,,,
732,1.0,0,False,,,,
733,1.0,0,False,,,,
734,1.0,0,False,,,,
735,1.0,0,False,,,,
736,1.0,0,False,,,,
737,1.0,0,False,,,,
738,1.0,0,False,,,,
739,1.0,0,False,,,,
740,1.0,0,False,,,,
741,1.0,0,False,,,,
742,1.0,0,False,,,,
743,1.0,0,False,,,,
744,1.0,0,False,,,,
745,1.0,0,False,,,,
746,1.0,0,False,,,,
747,1.0,0,False,,,,
748,1.0,0,False,,,,
749,1.0,0,False,,,,
750,1.0,0,False,,,,
751,1.0,0,False,,,,
752,1.0,0,False,,,,
753,1.0,0,False,,,,
754,1.0,0,False,,,,
755,1.0,0,False,,,,
756,1.0,0,False,,,,
757,1.0,0,False,,,,
758,1.0,0,False,,,,
759,1.0,0,False,,,,
760,1.0,0,False,,,,
761,1.0,0,False,,,,
762,1.0,0,False,,,,
763,1.0,0,False,,,,
764,1.0,0,False,,,,
765,1.0,0,False,,,,
766,1.0,0,False,,,,
767,1.0,0,False,,,,
768,1.0,0,False,,,,
769,1.0,0,False,,,,
770,1.0,0,False,,,,
771,1.0,0,False,,,,
772,1.0,0,False,,,,
773,1.0,0,False,,,,
774,1.0,0,False,,,,
775,1.0,0,False,,,,
776,1.0,0,False,,,,
777,1.0,0,False,,,,
778,1.0,0,False,,,,
779,1.0,0,False,,,,
780,1.0,0,False,,,,
781,1.0,0,False,,,,
782,1.0,0,False,,,,
783,1.0,0,False,,,,
784,1.0,0,False,,,,
785,1.0,0,False,,,,
786,1.0,0,False,,,,
787,1.0,0,False,,,,
788,1.0,0,False,,,,
789,1.0,0,False,,,,
790,1.0,0,False,,,,
791,1.0,0,False,,,,
792,1.0,0,False,,,,
793,1.0,0,False,,,,
794,1.0,0,False,,,,
795,1.0,0,False,,,,
796,1.0,0,False,,,,
797,1.0,0,False,,,,
798,1.0,0,False,,,,
799,1.0,0,False,,,,
800,1.0,0,False,,,,
801,1.0,0,False,,,,
802,1.0,0,False,,,,
803,1.0,0,False,,,,
804,1.0,0,False,,,,
805,1.0,0,False,,,,
806,1.0,0,False,,,,
807,1.0,0,False,,,,
808,1.0,0,False,,,,
809,1.0,0,False,,,,
810,1.0,0,False,,,,
811,1.0,0,False,,,,
812,1.0,0,False,,,,
813,1.0,0,False,,,,
814,1.0,0,False,,,,
815,1.0,0,False,,,,
816,1.0,0,False,,,,
817,1.0,0,False,,,,
818,1.0,0,False,,,,
819,1.0,0,False,,,,
820,1.0,0,False,,,,
821,1.0,0,False,,,,
822,1.0,0,False,,,,
823,1.0,0,False,,,,
824,1.0,0,False,,,,
825,1.0,0,False,,,,
826,1.0,0,False,,,,
827,1.0,0,False,,,,
828,1.0,0,False,,,,
829,1.0,0,False,,,,
830,1.0,0,False,,,,
831,1.0,0,False,,,,
832,1.0,0,False,,,,
833,1.0,0,False,,,,
834,1.0,0,False,,,,
835,1.0,0,False,,,,
836,1.0,0,False,,,,
837,1.0,0,False,,,,
838,1.0,0,False,,,,
839,1.0,0,False,,,,
840,1.0,0,False,,,,
841,1.0,0,False,,,,
842,1.0,0,False,,,,
843,1.0,0,False,,,,
844,1.0,0,False,,,,
845,1.0,0,False,,,,
846,1.0,0,False,,,,
847,1.0,0,False,,,,
848,1.0,0,False,,,,
849,1.0,0,False,,,,
850,1.0,0,False,,,,
851,1.0,0,False,,,,
852,1.0,0,False,,,,
853,1.0,0,False,,,,
854,1.0,0,False,,,,
855,1.0,0,False,,,,
856,1.0,0,False,,,,
857,1.0,0,False,,,,
858,1.0,0,False,,,,
859,1.0,0,False,,,,
860,1.0,0,False,,,,
861,1.0,0,False,,,,
862,1.0,0,False,,,,
863,1.0,0,False,,,,
864,1.0,0,False,,,,
865,1.0,0,False,,,,
866,1.0,0,False,,,,
867,1.0,0,False,,,,
868,1.0,0,False,,,,
869,1.0,0,False,,,,
870,1.0,0,False,,,,
871,0.9,1,False,,,,
872,0.9,1,False,,,,
873,0.9,1,False,,,,
874,0.9,1,False,,,,
875,0.9,1,False,,,,
876,0.9,1,False,,,,
877,0.9,1,False,,,,
878,0.9,1,False,,,,
879,0.9,1,False,,,,
880,0.9,1,False,,,,
881,0.9,1,False,,,,
882,0.9,1,False,,,,
883,0.9,1,False,,,,
884,1.0,0,False,,,,
885,1.0,0,False,,,,
886,1.0,0,False,,,,
887,1.0,0,False,,,,
888,1.0,0,False,,,,
889,1.0,0,False,,,,
890,1.0,0,False,,,,
891,1.0,0,False,,,,
892,1.0,0,False,,,,
893,1.0,0,False,,,,
894,1.0,0,False,,,,
895,1.0,0,False,,,,
896,1.0,0,False,,,,
897,1.0,0,False,,,,
898,1.0,0,False,,,,
899,1.0,0,False,,,,
900,1.0,0,False,,,,
901,1.0,0,False,,,,
902,1.0,0,False,,,,
903,1.0,0,False,,,,
904,1.0,0,False,,,,
905,1.0,0,False,,,,
906,1.0,0,False,,,,
907,1.0,0,False,,,,
908,1.0,0,False,,,,
909,1.0,0,False,,,,
910,1.0,0,False,,,,
911,0.9,1,False,,,,
912,0.9,1,False,,,,
913,0.9,1,False,,,,
914,0.9,1,False,,,,
915,0.9,1,False,,,,
916,0.9,1,False,,,,
917,0.9,1,False,,,,
918,1.0,0,False,,,,
919,1.0,0,False,,,,
920,1.0,0,False,,,,
921,1.0,0,False,,,,
922,1.0,0,False,,,,
923,1.0,0,False,,,,
924,1.0,0,False,,,,
925,1.0,0,False,,,,
926,1.0,0,False,,,,
927,1.0,0,False,,,,
928,1.0,0,False,,,,
929,1.0,0,False,,,,
930,1.0,0,False,,,,
931,1.0,0,False,,,,
932,1.0,0,False,,,,
933,1.0,0,False,,,,
934,1.0,0,False,,,,
935,1.0,0,False,,,,
936,1.0,0,False,,,,
937,1.0,0,False,,,,
938,1.0,0,False,,,,
939,1.0,0,False,,,,
940,1.0,0,False,,,,
941,1.0,0,False,,,,
942,1.0,0,False,,,,
943,1.0,0,False,,,,
944,1.0,0,False,,,,
945,1.0,0,False,,,,
946,1.0,0,False,,,,
947,1.0,0,False,,,,
948,1.0,0,False,,,,
949,1.0,0,False,,,,
950,1.0,0,False,,,,
951,1.0,0,False,,,,
952,1.0,0,False,,,,
953,1.0,0,False,,,,
954,1.0,0,False,,,,
955,1.0,0,False,,,,
956,1.0,0,False,,,,
957,1.0,0,False,,,,
958,1.0,0,False,,,,
959,1.0,0,False,,,,
960,1.0,0,False,,,,
961,1.0,0,False,,,,
962,1.0,0,False,,,,
963,1.0,0,False,,,,
964,1.0,0,False,,,,
965,1.0,0,False,,,,
966,1.0,0,False,,,,
967,1.0,0,False,,,,
968,1.0,0,False,,,,
969,1.0,0,False,,,,
970,1.0,0,False,,,,
971,1.0,0,False,,,,
972,1.0,0,False,,,,
973,1.0,0,False,,,,
974,1.0,0,False,,,,
975,1.0,0,False,,,,
976,1.0,0,False,,,,
977,1.0,0,False,,,,
978,1.0,0,False,,,,
979,1.0,0,False,,,,
980,1.0,0,False,,,,
981,1.0,0,False,,,,
982,1.0,0,False,,,,
983,1.0,0,False,,,,
984,1.0,0,False,,,,
985,1.0,0,False,,,,
986,1.0,0,False,,,,
987,1.0,0,False,,,,
988,1.0,0,False,,,,
989,1.0,0,False,,,,
990,1.0,0,False,,,,
991,1.0,0,False,,,,
992,1.0,0,False,,,,
993,1.0,0,False,,,,
994,1.0,0,False,,,,
995,1.0,0,False,,,,
996,1.0,0,False,,,,
997,1.0,0,False,,,,
998,1.0,0,False,,,,
999,1.0,0,False,,,,
1000,1.0,0,False,,,,
1001,1.0,0,False,,,,
1002,1.0,0,False,,,,
1003,1.0,0,False,,,,
1004,1.0,0,False,,,,
1005,1.0,0,False,,,,
1006,1.0,0,False,,,,
1007,1.0,0,False,,,,
1008,0.9,1,False,,,,
1009,0.9,1,False,,,,
1010,0.9,1,False,,,,
1011,0.9,1,False,,,,
1012,0.9,1,False,,,,
1013,0.9,1,False,,,,
1014,0.9,1,False,,,,
1015,0.9,1,False,,,,
1016,0.9,1,False,,,,
1017,0.9,1,False,,,,
1018,0.9,1,False,,,,
1019,0.9,1,False,,,,
1020,0.9,1,False,,,,
1021,0.9,1,False,,,,
1022,0.9,1,False,,,,
1023,0.9,1,False,,,,
1024,0.9,1,False,,,,
1025,1.0,0,False,,,,
1026,0.9,1,False,,,,
1027,0.9,1,False,,,,
1028,0.9,1,False,,,,
1029,0.9,1,False,,,,
1030,0.9,1,False,,,,
1031,0.9,1,False,,,,
1032,0.9,1,False,,,,
1033,0.9,1,False,,,,
1034,0.9,1,False,,,,
1035,0.9,1,False,,,,
1036,0.9,1,False,,,,
1037,0.9,1,False,,,,
1038,0.9,1,False,,,,
1039,1.0,0,False,,,,
1040,1.0,0,False,,,,
1041,1.0,0,False,,,,
1042,1.0,0,False,,,,
1043,1.0,0,False,,,,
1044,1.0,0,False,,,,
1045,1.0,0,False,,,,
1046,1.0,0,False,,,,
1047,1.0,0,False,,,,
1048,1.0,0,False,,,,
1049,1.0,0,False,,,,
1050,0.9,1,False,,,,
1051,0.9,1,False,,,,
1052,0.9,1,False,,,,
1053,0.9,1,False,,,,
1054,0.9,1,False,,,,
1055,0.9,1,False,,,,
1056,0.9,1,False,,,,
1057,0.9,1,False,,,,
1058,0.9,1,False,,,,
1059,0.9,1,False,,,,
1060,0.9,1,False,,,,
1061,0.9,1,False,,,,
1062,0.9,1,False,,,,
1063,1.0,0,False,,,,
1064,0.9,1,False,,,,
1065,0.9,1,False,,,,
1066,0.9,1,False,,,,
1067,0.9,1,False,,,,
1068,0.9,1,False,,,,
1069,0.9,1,False,,,,
1070,0.9,1,False,,,,
1071,0.9,1,False,,,,
1072,0.9,1,False,,,,
1073,0.9,1,False,,,,
1074,0.9,1,False,,,,
1075,0.9,1,False,,,,
1076,0.9,1,False,,,,
1077,0.9,1,False,,,,
1078,0.9,1,False,,,,
1079,0.9,1,False,,,,
1080,0.9,1,False,,,,
1081,0.9,1,False,,,,
1082,0.9,1,False,,,,
1083,0.9,1,False,,,,
1084,0.9,1,False,,,,
1085,0.9,1,False,,,,
1086,0.9,1,False,,,,
1087,0.9,1,False,,,,
1088,0.2,8,True,0.5333333333333333,1.0,0.2780719051126377,0.0
1089,0.2,8,True,0.5333333333333333,1.0,0.2780719051126377,0.0
1090,0.1,9,True,0.5259259259259259,0.8888888888888888,0.41832813428211324,0.5032583347756457
1091,0.1,9,True,0.3722222222222222,0.6666666666666666,0.21452470277266567,1.224394445405986
1092,0.1,9,True,0.4074074074074074,0.7777777777777778,0.32161017527648017,0.9864267287308424
1093,0.1,9,True,0.47407407407407404,0.7777777777777778,0.32161017527648017,0.9864267287308424
1094,0.1,9,True,0.5648148148148148,0.7777777777777778,0.32161017527648017,0.9864267287308424
1095,0.1,9,True,0.5037037037037037,0.8888888888888888,0.41832813428211324,0.5032583347756457
1096,0.1,9,True,0.4055555555555556,0.7777777777777778,0.32161017527648017,0.9864267287308424
1097,0.1,9,True,0.4444444444444444,0.8888888888888888,0.41832813428211324,0.5032583347756457
1098,0.1,9,True,0.548148148148148,0.8888888888888888,0.41832813428211324,0.5032583347756457
1099,0.1,9,True,0.5,0.6666666666666666,0.1826545778534897,0.9182958340544896
1100,0.1,9,True,0.3814814814814815,0.7777777777777778,0.32161017527648017,0.9864267287308424
1101,0.1,9,True,0.5407407407407407,0.8888888888888888,0.41832813428211324,0.5032583347756457
1102,0.1,9,True,0.4185185185185185,0.7777777777777778,0.32161017527648017,0.9864267287308424
1103,0.1,9,True,0.6055555555555555,0.7777777777777778,0.27015330083790245,0.7642045065086203
1104,0.1,9,True,0.3944444444444445,0.6666666666666666,0.23729309346223382,1.4466166676282082
1105,1.0,0,False,,,,
1106,1.0,0,False,,,,
1107,1.0,0,False,,,,
1108,1.0,0,False,,,,
1109,1.0,0,False,,,,
1110,1.0,0,False,,,,
1111,0.1,9,True,0.4814814814814815,0.8888888888888888,0.41832813428211324,0.5032583347756457
1112,0.1,9,True,0.5111111111111111,0.8888888888888888,0.41832813428211324,0.5032583347756457
1113,0.1,9,True,0.387037037037037,0.6666666666666666,0.23729309346223382,1.4466166676282082
1114,0.1,9,True,0.43888888888888894,0.6666666666666666,0.23729309346223382,1.4466166676282082
1115,0.1,9,True,0.6,0.8888888888888888,0.41832813428211324,0.5032583347756457
1116,0.1,9,True,0.47407407407407404,0.8888888888888888,0.41832813428211324,0.5032583347756457
1117,0.1,9,True,0.3907407407407407,0.7777777777777778,0.32161017527648017,0.9864267287308424
1118,0.1,9,True,0.34444444444444444,0.6666666666666666,0.23729309346223382,1.4466166676282082
1119,0.1,9,True,0.5333333333333333,0.8888888888888888,0.41832813428211324,0.5032583347756457
1120,0.1,9,True,0.8666666666666667,1.0,0.5310044064107188,0.0
1121,0.1,9,True,0.4444444444444444,0.6666666666666666,0.23729309346223382,1.4466166676282082
1122,0.1,9,True,0.5259259259259259,0.8888888888888888,0.41832813428211324,0.5032583347756457
1123,0.1,9,True,0.47407407407407404,0.8888888888888888,0.41832813428211324,0.5032583347756457
1124,0.1,9,True,0.5074074074074074,0.7777777777777778,0.27015330083790245,0.7642045065086203
1125,0.1,9,True,0.40925925925925927,0.4444444444444444,0.11864654673111708,1.7527152789797045
1126,0.1,9,True,0.47222222222222227,0.7777777777777778,0.32161017527648017,0.9864267287308424
1127,0.1,9,True,0.42037037037037034,0.6666666666666666,0.23729309346223382,1.4466166676282082
1128,0.1,9,True,0.5407407407407407,0.8888888888888888,0.41832813428211324,0.5032583347756457
1129,0.1,9,True,0.35185185185185186,0.5555555555555556,0.16402499191349473,1.8799649487271108
1130,0.1,9,True,0.37037037037037035,0.6666666666666666,0.23729309346223382,1.4466166676282082
1131,0.1,9,True,0.6222222222222221,0.8888888888888888,0.41832813428211324,0.5032583347756457
1132,0.2,8,True,0.5333333333333333,0.875,0.27015330083790245,0.5435644431995964
1133,0.1,9,True,0.5203703703703704,0.7777777777777778,0.27015330083790245,0.7642045065086203
1134,0.1,9,True,0.4685185185185185,0.7777777777777778,0.32161017527648017,0.9864267287308424
1135,0.1,9,True,0.27592592592592596,0.3333333333333333,0.05358807178498537,2.197159723424149
1136,0.1,9,True,0.4037037037037037,0.7777777777777778,0.32161017527648017,0.9864267287308424
1137,0.1,9,True,0.5333333333333333,0.8888888888888888,0.41832813428211324,0.5032583347756457
1138,0.1,9,True,0.3537037037037037,0.6666666666666666,0.23729309346223382,1.4466166676282082
1139,0.1,9,True,0.5851851851851853,0.8888888888888888,0.41832813428211324,0.5032583347756457
1140,0.1,9,True,0.3777777777777778,0.6666666666666666,0.23729309346223382,1.4466166676282082
1141,0.1,9,True,0.29629629629629634,0.5555555555555556,0.15545875354128547,1.6577427265048887
1142,0.1,9,True,0.3,0.3333333333333333,0.08279110672080625,2.113283334294875
1143,0.2,8,True,0.38571428571428573,0.625,0.15545875354128547,1.5487949406953985
1144,0.2,8,True,0.33809523809523806,0.625,0.15545875354128547,1.5487949406953985
1145,0.9,1,False,,,,
1146,0.9,1,False,,,,
1147,0.9,1,False,,,,
1148,0.9,1,False,,,,
1149,0.9,1,False,,,,
1150,0.9,1,False,,,,
1151,0.9,1,False,,,,
1152,0.9,1,False,,,,
1153,0.9,1,False,,,,
1154,0.9,1,False,,,,
1155,0.2,8,True,0.39285714285714285,0.75,0.21452470277266567,1.061278124459133
1156,0.2,8,True,0.3261904761904762,0.625,0.15545875354128547,1.5487949406953985
1157,0.1,9,True,0.2537037037037037,0.4444444444444444,0.10167108723147944,2.2810361125534233
1158,0.1,9,True,0.2388888888888889,0.3333333333333333,0.0573192851827401,2.4193819456463714
1159,0.1,9,True,0.29629629629629634,0.4444444444444444,0.10175559829607284,2.058813890331201
1160,0.1,9,True,0.3574074074074074,0.6666666666666666,0.23729309346223382,1.4466166676282082
1161,0.1,9,True,0.4574074074074074,0.7777777777777778,0.32161017527648017,0.9864267287308424
1162,0.1,9,True,0.4814814814814815,0.7777777777777778,0.27015330083790245,0.7642045065086203
1163,0.1,9,True,0.512962962962963,0.7777777777777778,0.32161017527648017,0.9864267287308424
1164,0.1,9,True,0.48888888888888893,0.7777777777777778,0.32161017527648017,0.9864267287308424
1165,0.1,9,True,0.3592592592592593,0.5555555555555556,0.15545875354128547,1.6577427265048887
1166,0.1,9,True,0.4666666666666667,0.6666666666666666,0.23729309346223382,1.4466166676282082
1167,0.1,9,True,0.3222222222222222,0.5555555555555556,0.16402499191349473,1.8799649487271108
1168,0.1,9,True,0.387037037037037,0.6666666666666666,0.23729309346223382,1.4466166676282082
1169,0.1,9,True,0.4555555555555556,0.7777777777777778,0.32161017527648017,0.9864267287308424
1170,0.1,9,True,0.48518518518518516,0.7777777777777778,0.27015330083790245,0.7642045065086203
1171,0.1,9,True,0.28888888888888886,0.5555555555555556,0.16402499191349473,1.8799649487271108
1172,0.9,1,False,,,,
1173,0.1,9,True,0.24629629629629632,0.4444444444444444,0.10167108723147944,2.2810361125534233
1174,0.1,9,True,0.40185185185185185,0.4444444444444444,0.07678032766449228,1.5304930567574826
1175,0.1,9,True,0.5851851851851853,0.8888888888888888,0.41832813428211324,0.5032583347756457
1176,0.1,9,True,0.4462962962962963,0.5555555555555556,0.15726235138633282,1.3516441151533922
1177,0.1,9,True,0.2722222222222222,0.5555555555555556,0.16402499191349473,1.8799649487271108
1178,0.1,9,True,0.29629629629629634,0.4444444444444444,0.10175559829607284,2.058813890331201
1179,0.3,7,True,0.49523809523809526,0.8571428571428571,0.1826545778534897,0.5916727785823275
1180,0.1,9,True,0.2518518518518518,0.3333333333333333,0.0573192851827401,2.4193819456463714
1181,0.1,9,True,0.3574074074074074,0.5555555555555556,0.11951797627815941,1.4355205042826666
1182,0.1,9,True,0.2777777777777778,0.3333333333333333,0.05358807178498515,2.197159723424149
1183,0.2,8,True,0.21904761904761905,0.375,0.05731928518273999,2.4056390622295662
1184,0.1,9,True,0.2907407407407407,0.4444444444444444,0.10175559829607284,2.0588138903312014
1185,0.1,9,True,0.35185185185185186,0.5555555555555556,0.15545875354128547,1.6577427265048887
1186,0.1,9,True,0.35,0.5555555555555556,0.15545875354128547,1.6577427265048887
1187,0.1,9,True,0.27592592592592596,0.4444444444444444,0.10167108723147944,2.2810361125534233
1188,0.1,9,True,0.29444444444444445,0.3333333333333333,0.08279110672080636,2.113283334294875
1189,0.1,9,True,0.4,0.6666666666666666,0.23729309346223382,1.4466166676282082
1190,0.1,9,True,0.4185185185185185,0.7777777777777778,0.32161017527648017,0.9864267287308424
1191,0.1,9,True,0.5333333333333333,1.0,0.5310044064107188,0.0
1192,0.1,9,True,0.5111111111111111,0.8888888888888888,0.41832813428211324,0.5032583347756457
1193,0.1,9,True,0.2925925925925926,0.4444444444444444,0.10175559829607284,2.058813890331201
1194,0.1,9,True,0.44814814814814813,0.5555555555555556,0.15726235138633282,1.3516441151533922
1195,0.1,9,True,0.42962962962962964,0.5555555555555556,0.15545875354128547,1.6577427265048887
1196,0.2,8,True,0.5333333333333333,1.0,0.2780719051126377,0.0
1197,0.2,8,True,0.6,1.0,0.2780719051126377,0.0
1198,0.2,8,True,0.4857142857142857,0.625,0.06276943678387037,0.954434002924965
1199,0.1,9,True,0.3925925925925926,0.4444444444444444,0.11864654673111685,1.7527152789797045
1200,0.1,9,True,0.4407407407407407,0.7777777777777778,0.32161017527648017,0.9864267287308424
1201,0.1,9,True,0.5111111111111111,0.7777777777777778,0.32161017527648017,0.9864267287308424
1202,0.1,9,True,0.3425925925925926,0.4444444444444444,0.10175559829607272,2.058813890331201
1203,0.1,9,True,0.37037037037037035,0.6666666666666666,0.23729309346223382,1.4466166676282082
1204,0.1,9,True,0.3351851851851852,0.3333333333333333,0.08279110672080625,2.113283334294875
1205,0.1,9,True,0.3555555555555555,0.4444444444444444,0.10175559829607272,2.058813890331201
1206,0.1,9,True,0.19444444444444448,0.2222222222222222,0.02602396837087928,2.725480556997868
1207,0.1,9,True,0.33888888888888885,0.4444444444444444,0.10175559829607284,2.058813890331201
1208,0.1,9,True,0.2388888888888889,0.3333333333333333,0.05118688510966152,2.6416041678685933
1209,0.8,2,False,,,,
1210,0.9,1,False,,,,
1211,0.8,2,False,,,,
1212,0.8,2,False,,,,
1213,0.8,2,False,,,,
1214,0.5,5,True,0.20666666666666667,0.4,0.15545875354128547,1.9219280948873623
1215,0.1,9,True,0.26296296296296295,0.2222222222222222,0.03042964980987506,2.5032583347756456
1216,0.1,9,True,0.48888888888888893,0.7777777777777778,0.32161017527648017,0.9864267287308424
1217,0.1,9,True,0.4444444444444444,0.6666666666666666,0.23729309346223382,1.4466166676282082
1218,0.1,9,True,0.3055555555555555,0.4444444444444444,0.10175559829607284,2.058813890331201
1219,0.1,9,True,0.6666666666666666,1.0,0.5310044064107188,0.0
1220,0.1,9,True,0.4592592592592593,0.7777777777777778,0.32161017527648017,0.9864267287308424
1221,0.1,9,True,0.43148148148148147,0.6666666666666666,0.23729309346223382,1.4466166676282082
1222,0.1,9,True,0.28703703703703703,0.4444444444444444,0.10175559829607284,2.058813890331201
1223,0.1,9,True,0.24814814814814815,0.3333333333333333,0.05118688510966152,2.6416041678685933
1224,0.1,9,True,0.3851851851851852,0.6666666666666666,0.23729309346223382,1.4466166676282082
1225,0.1,9,True,0.3222222222222222,0.4444444444444444,0.10175559829607272,2.058813890331201
1226,0.1,9,True,0.2037037037037037,0.2222222222222222,0.02602396837087928,2.725480556997868
1227,0.1,9,True,0.24259259259259258,0.3333333333333333,0.05731928518273999,2.4193819456463714
1228,0.1,9,True,0.2833333333333333,0.3333333333333333,0.05358807178498515,2.197159723424149
1229,0.1,9,True,0.18518518518518517,0.2222222222222222,0.02602396837087928,2.725480556997868
1230,0.1,9,True,0.20925925925925926,0.2222222222222222,0.02602396837087928,2.725480556997868
1231,0.1,9,True,0.19814814814814816,0.2222222222222222,0.02602396837087928,2.725480556997868
1232,0.8,2,False,,,,
1233,0.8,2,False,,,,
1234,0.8,2,False,,,,
1235,0.8,2,False,,,,
1236,0.8,2,False,,,,
1237,0.8,2,False,,,,
1238,0.8,2,False,,,,
1239,0.8,2,False,,,,
1240,0.9,1,False,,,,
1241,0.9,1,False,,,,
1242,0.9,1,False,,,,
1243,0.9,1,False,,,,
1244,0.9,1,False,,,,
1245,0.3,7,True,0.18730158730158727,0.42857142857142855,0.08279110672080625,2.1280852788913944
1246,0.2,8,True,0.2571428571428572,0.375,0.032511235116438386,1.9056390622295665
1247,0.1,9,True,0.18703703703703703,0.2222222222222222,0.015141338212453448,2.94770277922009
1248,0.1,9,True,0.21666666666666667,0.3333333333333333,0.0573192851827401,2.4193819456463714
1249,0.3,7,True,0.29523809523809524,0.42857142857142855,0.06502247023287666,1.8423709931771084
1250,0.4,6,True,0.22222222222222224,0.3333333333333333,0.10175559829607284,2.2516291673878226
1251,0.4,6,True,0.18222222222222223,0.3333333333333333,0.10175559829607272,2.2516291673878226
1252,0.3,7,True,0.3619047619047619,0.42857142857142855,0.06502247023287666,1.8423709931771084
1253,0.3,7,True,0.48888888888888893,0.7142857142857143,0.1572623513863327,1.1488348542809166
1254,0.3,7,True,0.24444444444444444,0.2857142857142857,0.0573192851827401,2.521640636343318
1255,0.4,6,True,0.23111111111111113,0.3333333333333333,0.10175559829607284,2.2516291673878226
1256,0.5,5,True,0.23333333333333334,0.4,0.15545875354128547,1.9219280948873623
1257,0.6,4,False,,,,
1258,0.6,4,False,,,,
1259,0.7,3,False,,,,
1260,0.7,3,False,,,,
1261,0.7,3,False,,,,
1262,0.7,3,False,,,,
1263,0.7,3,False,,,,
1264,0.8,2,False,,,,
1265,0.8,2,False,,,,
1266,0.7,3,False,,,,
1267,0.7,3,False,,,,
1268,0.7,3,False,,,,
1269,0.7,3,False,,,,
1270,0.7,3,False,,,,
1271,0.7,3,False,,,,
1272,0.7,3,False,,,,
1273,0.7,3,False,,,,
1274,0.7,3,False,,,,
1275,0.7,3,False,,,,
1276,0.7,3,False,,,,
1277,0.8,2,False,,,,
1278,0.8,2,False,,,,
1279,0.8,2,False,,,,
1280,0.8,2,False,,,,
1281,0.7,3,False,,,,
1282,0.7,3,False,,,,
1283,0.7,3,False,,,,
1284,0.7,3,False,,,,
1285,0.8,2,False,,,,
1286,0.7,3,False,,,,
1287,0.7,3,False,,,,
1288,0.7,3,False,,,,
1289,0.7,3,False,,,,
1290,0.7,3,False,,,,
1291,0.7,3,False,,,,
1292,0.7,3,False,,,,
1293,0.7,3,False,,,,
1294,0.7,3,False,,,,
1295,0.8,2,False,,,,
1296,0.8,2,False,,,,
1297,0.8,2,False,,,,
1298,0.7,3,False,,,,
1299,0.6,4,False,,,,
1300,0.6,4,False,,,,
1301,0.8,2,False,,,,
1302,0.8,2,False,,,,
1303,0.8,2,False,,,,
1304,0.8,2,False,,,,
1305,0.8,2,False,,,,
1306,0.8,2,False,,,,
1307,0.8,2,False,,,,
1308,0.8,2,False,,,,
1309,0.8,2,False,,,,
1310,0.8,2,False,,,,
1311,0.8,2,False,,,,
1312,0.8,2,False,,,,
1313,0.8,2,False,,,,
1314,0.8,2,False,,,,
1315,0.6,4,False,,,,
1316,0.6,4,False,,,,
1317,0.6,4,False,,,,
1318,0.6,4,False,,,,
1319,0.6,4,False,,,,
1320,0.6,4,False,,,,
1321,0.6,4,False,,,,
1322,0.6,4,False,,,,
1323,0.6,4,False,,,,
1324,0.6,4,False,,,,
1325,0.6,4,False,,,,
1326,0.6,4,False,,,,
1327,0.6,4,False,,,,
1328,0.6,4,False,,,,
1329,0.6,4,False,,,,
1330,0.7,3,False,,,,
1331,0.7,3,False,,,,
1332,0.7,3,False,,,,
1333,0.6,4,False,,,,
1334,0.7,3,False,,,,
1335,0.7,3,False,,,,
1336,0.7,3,False,,,,
1337,0.7,3,False,,,,
1338,0.7,3,False,,,,
1339,0.5,5,True,0.2733333333333333,0.4,0.11951797627815941,1.5219280948873621
1340,0.5,5,True,0.24666666666666667,0.4,0.15545875354128547,1.9219280948873623
1341,0.5,5,True,0.22,0.4,0.15545875354128547,1.9219280948873623
1342,0.4,6,True,0.21333333333333335,0.3333333333333333,0.10175559829607284,2.2516291673878226
1343,0.4,6,True,0.26666666666666666,0.3333333333333333,0.10175559829607284,2.2516291673878226
1344,0.4,6,True,0.20444444444444443,0.16666666666666666,0.10167108723147944,2.584962500721156
1345,0.5,5,True,0.18666666666666665,0.2,0.16402499191349473,2.321928094887362
1346,0.7,3,False,,,,
1347,0.7,3,False,,,,
1348,0.7,3,False,,,,
1349,0.7,3,False,,,,
1350,0.7,3,False,,,,
1351,0.7,3,False,,,,
1352,0.7,3,False,,,,
1353,0.7,3,False,,,,
1354,0.4,6,True,0.3466666666666667,0.6666666666666666,0.13903595255631884,1.2516291673878228
1355,0.2,8,True,0.21904761904761905,0.25,0.03042964980987506,2.5
1356,0.2,8,True,0.30476190476190473,0.5,0.10175559829607284,2.0
1357,0.1,9,True,0.2555555555555556,0.2222222222222222,0.030429649809874948,2.503258334775646
1358,0.1,9,True,0.21666666666666667,0.3333333333333333,0.05358807178498548,2.197159723424149
1359,0.1,9,True,0.32407407407407407,0.5555555555555556,0.16402499191349473,1.8799649487271108
1360,0.1,9,True,0.24444444444444444,0.3333333333333333,0.0573192851827401,2.4193819456463714
1361,0.1,9,True,0.2925925925925926,0.3333333333333333,0.05358807178498537,2.197159723424149
1362,0.1,9,True,0.2555555555555556,0.4444444444444444,0.10175559829607284,2.0588138903312014
1363,0.1,9,True,0.274074074074074,0.3333333333333333,0.05731928518273999,2.4193819456463714
1364,0.2,8,True,0.22142857142857142,0.25,0.02602396837087928,2.75
1365,0.2,8,True,0.2142857142857143,0.25,0.02602396837087928,2.75
1366,0.2,8,True,0.2380952380952381,0.375,0.05358807178498537,2.1556390622295662
1367,0.2,8,True,0.26904761904761904,0.25,0.030429649809874948,2.5
1368,0.2,8,True,0.2619047619047619,0.375,0.05358807178498537,2.1556390622295662
1369,0.3,7,True,0.20317460317460317,0.2857142857142857,0.0573192851827401,2.5216406363433186
1370,0.7,3,False,,,,
1371,0.6,4,False,,,,
1372,0.6,4,False,,,,
1373,0.6,4,False,,,,
1374,0.6,4,False,,,,
1375,0.6,4,False,,,,
1376,0.6,4,False,,,,
1377,0.6,4,False,,,,
1378,0.6,4,False,,,,
1379,0.6,4,False,,,,
1380,0.6,4,False,,,,
1381,0.6,4,False,,,,
1382,0.6,4,False,,,,
1383,0.6,4,False,,,,
1384,0.6,4,False,,,,
1385,0.9,1,False,,,,
1386,0.9,1,False,,,,
1387,1.0,0,False,,,,
1388,1.0,0,False,,,,
1389,0.9,1,False,,,,
1390,0.9,1,False,,,,
1391,0.7,3,False,,,,
1392,0.4,6,True,0.23111111111111113,0.3333333333333333,0.10175559829607284,2.251629167387823
1393,0.3,7,True,0.21269841269841272,0.14285714285714285,0.05118688510966152,2.807354922057604
1394,0.2,8,True,0.2,0.25,0.02602396837087928,2.75
1395,0.2,8,True,0.2357142857142857,0.125,0.015141338212453448,3.0
1396,0.1,9,True,0.2907407407407407,0.4444444444444444,0.10167108723147944,2.2810361125534233
1397,0.1,9,True,0.2037037037037037,0.2222222222222222,0.030429649809874948,2.5032583347756456
1398,0.1,9,True,0.30185185185185187,0.3333333333333333,0.05731928518273999,2.4193819456463714
1399,0.2,8,True,0.2761904761904762,0.375,0.05358807178498537,2.1556390622295662
1400,0.3,7,True,0.20634920634920637,0.2857142857142857,0.05731928518273999,2.521640636343318
1401,0.1,9,True,0.1722222222222222,0.2222222222222222,0.015141338212453448,2.94770277922009
1402,0.1,9,True,0.2685185185185185,0.4444444444444444,0.10167108723147944,2.2810361125534233
1403,0.1,9,True,0.23333333333333334,0.2222222222222222,0.02602396837087928,2.725480556997868
1404,0.1,9,True,0.38333333333333336,0.6666666666666666,0.23729309346223382,1.4466166676282082
1405,0.1,9,True,0.3555555555555555,0.4444444444444444,0.10175559829607284,2.058813890331201
1406,0.1,9,True,0.22037037037037036,0.3333333333333333,0.05358807178498537,2.197159723424149
1407,0.1,9,True,0.3814814814814815,0.5555555555555556,0.15545875354128547,1.6577427265048887
1408,0.2,8,True,0.4023809523809524,0.625,0.15545875354128547,1.5487949406953985
1409,0.1,9,True,0.31851851851851853,0.5555555555555556,0.15545875354128547,1.6577427265048887
1410,0.1,9,True,0.47222222222222227,0.7777777777777778,0.32161017527648017,0.9864267287308424
1411,0.1,9,True,0.3944444444444445,0.6666666666666666,0.23729309346223382,1.4466166676282082
1412,0.1,9,True,0.3277777777777778,0.4444444444444444,0.11864654673111708,1.7527152789797045
1413,0.5,5,True,0.2733333333333333,0.4,0.15545875354128547,1.9219280948873623
1414,0.6,4,False,,,,
1415,0.5,5,True,0.3,0.6,0.15726235138633282,1.3709505944546687
1416,0.4,6,True,0.19555555555555557,0.3333333333333333,0.08613531161467869,1.9182958340544893
1417,0.5,5,True,0.32,0.6,0.1572623513863327,1.3709505944546687
1418,0.5,5,True,0.2533333333333333,0.4,0.15545875354128547,1.9219280948873623
1419,0.5,5,True,0.6666666666666666,1.0,0.0,0.0
1420,0.5,5,True,0.16666666666666666,0.4,0.15545875354128547,1.9219280948873623
1421,0.4,6,True,0.28,0.5,0.11864654673111685,1.7924812503605778
1422,0.4,6,True,0.28,0.5,0.07678032766449228,1.4591479170272448
1423,0.4,6,True,0.2577777777777778,0.3333333333333333,0.08613531161467847,1.9182958340544896
1424,0.4,6,True,0.49333333333333335,0.5,0.008840528567781392,1.0
1425,0.3,7,True,0.17777777777777778,0.2857142857142857,0.0573192851827401,2.5216406363433186
1426,0.3,7,True,0.1904761904761905,0.2857142857142857,0.0573192851827401,2.521640636343318
1427,0.3,7,True,0.2698412698412698,0.42857142857142855,0.06502247023287666,1.8423709931771088
1428,0.1,9,True,0.1925925925925926,0.2222222222222222,0.02602396837087928,2.725480556997868
1429,0.1,9,True,0.2351851851851852,0.4444444444444444,0.10175559829607284,2.0588138903312014
1430,0.2,8,True,0.20714285714285716,0.375,0.05358807178498537,2.1556390622295662
1431,0.4,6,True,0.2711111111111111,0.5,0.07678032766449228,1.4591479170272448
1432,0.1,9,True,0.3351851851851852,0.4444444444444444,0.11864654673111685,1.7527152789797045
1433,0.1,9,True,0.3333333333333333,0.4444444444444444,0.11864654673111685,1.7527152789797045
1434,0.1,9,True,0.3592592592592593,0.6666666666666666,0.23729309346223382,1.4466166676282082
1435,0.1,9,True,0.5037037037037037,0.7777777777777778,0.32161017527648017,0.9864267287308424
1436,0.1,9,True,0.2907407407407407,0.3333333333333333,0.08279110672080625,2.113283334294875
1437,0.1,9,True,0.5074074074074074,0.5555555555555556,0.14132728892674495,0.9910760598382222
1438,0.1,9,True,0.2907407407407407,0.5555555555555556,0.16402499191349473,1.8799649487271108
1439,0.1,9,True,0.33888888888888885,0.5555555555555556,0.16402499191349473,1.8799649487271108
1440,0.1,9,True,0.2074074074074074,0.2222222222222222,0.030429649809874948,2.503258334775646
1441,0.1,9,True,0.2185185185185185,0.3333333333333333,0.0573192851827401,2.4193819456463714
1442,0.1,9,True,0.22962962962962966,0.3333333333333333,0.05358807178498537,2.197159723424149
1443,0.2,8,True,0.2714285714285714,0.375,0.032511235116438386,1.9056390622295665
1444,0.2,8,True,0.3785714285714286,0.625,0.11951797627815941,1.2987949406953985
1445,0.2,8,True,0.24285714285714285,0.25,0.0243850368491646,2.25
1446,0.2,8,True,0.20952380952380953,0.25,0.02602396837087928,2.75
1447,0.2,8,True,0.34523809523809523,0.5,0.08613531161467869,1.75
1448,0.4,6,True,0.29333333333333333,0.3333333333333333,0.08613531161467847,1.9182958340544896
1449,0.5,5,True,0.29333333333333333,0.4,0.15545875354128547,1.9219280948873623
1450,0.5,5,True,0.19333333333333333,0.4,0.15545875354128547,1.9219280948873623
1451,0.7,3,False,,,,
1452,0.9,1,False,,,,
1453,0.9,1,False,,,,
1454,0.9,1,False,,,,
1455,0.9,1,False,,,,
1456,0.9,1,False,,,,
1457,0.9,1,False,,,,
1458,0.8,2,False,,,,
1459,0.8,2,False,,,,
1460,0.8,2,False,,,,
1461,0.8,2,False,,,,
1462,0.6,4,False,,,,
1463,0.6,4,False,,,,
1464,0.5,5,True,0.24000000000000002,0.2,0.16402499191349473,2.321928094887362
1465,0.5,5,True,0.3333333333333333,0.6,0.1572623513863327,1.3709505944546687
1466,0.5,5,True,0.24666666666666667,0.4,0.15545875354128547,1.9219280948873623
1467,0.2,8,True,0.2738095238095238,0.375,0.05731928518273999,2.4056390622295662
1468,0.2,8,True,0.21904761904761905,0.25,0.030429649809874948,2.5
1469,0.2,8,True,0.29285714285714287,0.5,0.08613531161467869,1.75
1470,0.3,7,True,0.32380952380952377,0.5714285714285714,0.11864654673111685,1.6644977792004614
1471,0.3,7,True,0.2,0.14285714285714285,0.05118688510966152,2.807354922057604
1472,0.3,7,True,0.28253968253968254,0.42857142857142855,0.06502247023287666,1.8423709931771088
1473,0.3,7,True,0.2507936507936508,0.42857142857142855,0.08279110672080625,2.1280852788913944
1474,0.0,10,True,0.33185185185185184,0.5,0.15545875354128547,1.9609640474436814
1475,0.0,10,True,0.40444444444444444,0.6,0.21452470277266567,1.5709505944546687
1476,0.0,10,True,0.3718518518518518,0.4,0.11864654673111685,2.0464393446710156
1477,0.0,10,True,0.28888888888888886,0.4,0.08613531161467869,2.121928094887362
1478,0.1,9,True,0.43333333333333335,0.6666666666666666,0.23729309346223382,1.4466166676282082
1479,0.2,8,True,0.20476190476190476,0.25,0.03042964980987506,2.5
1480,0.4,6,True,0.46222222222222226,0.6666666666666666,0.13903595255631884,1.2516291673878228
1481,0.4,6,True,0.20444444444444443,0.3333333333333333,0.10175559829607284,2.2516291673878226
1482,0.4,6,True,0.16444444444444445,0.3333333333333333,0.10175559829607284,2.2516291673878226
1483,0.4,6,True,0.4,0.6666666666666666,0.13903595255631884,1.2516291673878228
1484,0.8,2,False,,,,
1485,0.8,2,False,,,,
1486,0.7,3,False,,,,
1487,0.6,4,False,,,,
1488,0.2,8,True,0.22380952380952382,0.25,0.03042964980987506,2.5
1489,0.2,8,True,0.20238095238095238,0.25,0.02602396837087928,2.75
1490,0.2,8,True,0.2571428571428572,0.375,0.0573192851827401,2.4056390622295662
1491,0.2,8,True,0.20476190476190476,0.25,0.02602396837087928,2.75
1492,0.0,10,True,0.34074074074074073,0.6,0.21452470277266567,1.5709505944546687
1493,0.1,9,True,0.22037037037037036,0.2222222222222222,0.02602396837087928,2.725480556997868
1494,0.1,9,True,0.2185185185185185,0.2222222222222222,0.015141338212453448,2.94770277922009
1495,0.2,8,True,0.4071428571428572,0.625,0.11951797627815941,1.2987949406953985
1496,0.2,8,True,0.24047619047619048,0.375,0.05358807178498515,2.1556390622295662
1497,0.3,7,True,0.22222222222222224,0.14285714285714285,0.05118688510966152,2.807354922057604
1498,0.3,7,True,0.1904761904761905,0.2857142857142857,0.0573192851827401,2.5216406363433186
1499,0.3,7,True,0.25396825396825395,0.2857142857142857,0.032511235116438164,1.9502120649147465
1500,0.3,7,True,0.2920634920634921,0.42857142857142855,0.06502247023287655,1.8423709931771084
1501,0.3,7,True,0.2857142857142857,0.42857142857142855,0.06502247023287666,1.8423709931771088
1502,0.3,7,True,0.2698412698412698,0.42857142857142855,0.08279110672080636,2.1280852788913944
1503,0.4,6,True,0.20444444444444443,0.16666666666666666,0.10167108723147944,2.584962500721156
1504,0.4,6,True,0.3466666666666667,0.6666666666666666,0.13903595255631884,1.2516291673878228
1505,0.4,6,True,0.5111111111111111,0.8333333333333334,0.14132728892674495,0.6500224216483541
1506,0.4,6,True,0.39111111111111113,0.6666666666666666,0.13903595255631884,1.2516291673878228
1507,0.4,6,True,0.24000000000000002,0.3333333333333333,0.08613531161467869,1.9182958340544893
1508,0.3,7,True,0.26666666666666666,0.2857142857142857,0.0573192851827401,2.521640636343318
1509,0.3,7,True,0.3619047619047619,0.5714285714285714,0.11864654673111685,1.6644977792004614
1510,0.3,7,True,0.20634920634920637,0.2857142857142857,0.05358807178498548,2.2359263506290326
1511,0.3,7,True,0.20952380952380953,0.2857142857142857,0.0573192851827401,2.5216406363433186
1512,0.3,7,True,0.3333333333333333,0.2857142857142857,0.032511235116438386,1.950212064914747
1513,0.3,7,True,0.22222222222222224,0.2857142857142857,0.05358807178498537,2.2359263506290326
1514,0.3,7,True,0.28253968253968254,0.42857142857142855,0.08279110672080625,2.1280852788913944
1515,0.8,2,False,,,,
1516,0.7,3,False,,,,
1517,0.7,3,False,,,,
1518,0.8,2,False,,,,
1519,0.7,3,False,,,,
1520,0.7,3,False,,,,
1521,0.7,3,False,,,,
1522,0.7,3,False,,,,
1523,0.6,4,False,,,,
1524,0.6,4,False,,,,
1525,0.6,4,False,,,,
1526,0.6,4,False,,,,
1527,0.5,5,True,0.28,0.4,0.15545875354128547,1.9219280948873623
1528,0.6,4,False,,,,
1529,0.6,4,False,,,,
1530,0.6,4,False,,,,
1531,0.5,5,True,0.22666666666666666,0.4,0.15545875354128547,1.9219280948873623
1532,0.7,3,False,,,,
1533,0.7,3,False,,,,
1534,0.7,3,False,,,,
1535,0.7,3,False,,,,
1536,0.5,5,True,0.22,0.2,0.16402499191349473,2.321928094887362
1537,0.5,5,True,0.26666666666666666,0.4,0.15545875354128547,1.9219280948873623
1538,0.5,5,True,0.22666666666666666,0.4,0.15545875354128547,1.9219280948873623
1539,0.5,5,True,0.2733333333333333,0.4,0.15545875354128547,1.9219280948873623
1540,0.5,5,True,0.52,0.8,0.14132728892674495,0.7219280948873623
1541,0.5,5,True,0.22,0.4,0.15545875354128547,1.9219280948873623
1542,0.5,5,True,0.38,0.6,0.15726235138633282,1.3709505944546687
1543,0.5,5,True,0.52,0.8,0.14132728892674484,0.7219280948873623
1544,0.5,5,True,0.3733333333333333,0.8,0.14132728892674484,0.7219280948873623
1545,0.5,5,True,0.18000000000000002,0.2,0.16402499191349473,2.321928094887362
1546,0.5,5,True,0.2,0.4,0.15545875354128547,1.9219280948873623
1547,0.5,5,True,0.2733333333333333,0.4,0.11951797627815941,1.5219280948873621
1548,0.7,3,False,,,,
1549,0.7,3,False,,,,
1550,0.7,3,False,,,,
1551,0.7,3,False,,,,
1552,0.7,3,False,,,,
1553,0.7,3,False,,,,
1554,0.7,3,False,,,,
1555,0.7,3,False,,,,
1556,0.7,3,False,,,,
1557,0.6,4,False,,,,
1558,0.6,4,False,,,,
1559,0.5,5,True,0.22,0.4,0.15545875354128547,1.9219280948873623
1560,0.5,5,True,0.19333333333333333,0.2,0.16402499191349473,2.321928094887362
1561,0.5,5,True,0.22666666666666666,0.4,0.15545875354128547,1.9219280948873623
1562,0.9,1,False,,,,
1563,0.9,1,False,,,,
1564,0.8,2,False,,,,
1565,0.8,2,False,,,,
1566,0.3,7,True,0.2634920634920635,0.2857142857142857,0.05358807178498537,2.2359263506290326
1567,0.7,3,False,,,,
1568,0.7,3,False,,,,
1569,0.7,3,False,,,,
1570,0.7,3,False,,,,
1571,0.7,3,False,,,,
1572,0.6,4,False,,,,
1573,0.7,3,False,,,,
1574,0.7,3,False,,,,
1575,0.7,3,False,,,,
1576,0.3,7,True,0.26031746031746034,0.42857142857142855,0.06502247023287666,1.8423709931771084
1577,0.8,2,False,,,,
1578,0.8,2,False,,,,
1579,0.8,2,False,,,,
1580,0.8,2,False,,,,
1581,0.8,2,False,,,,
1582,0.8,2,False,,,,
1583,0.8,2,False,,,,
1584,0.8,2,False,,,,
1585,0.8,2,False,,,,
1586,0.8,2,False,,,,
1587,0.8,2,False,,,,
1588,0.8,2,False,,,,
1589,0.8,2,False,,,,
1590,0.8,2,False,,,,
1591,0.7,3,False,,,,
1592,0.7,3,False,,,,
1593,0.7,3,False,,,,
1594,0.7,3,False,,,,
1595,0.8,2,False,,,,
1596,0.3,7,True,0.20317460317460317,0.2857142857142857,0.0573192851827401,2.5216406363433186
1597,0.3,7,True,0.273015873015873,0.42857142857142855,0.06502247023287666,1.8423709931771084
1598,0.3,7,True,0.2761904761904762,0.2857142857142857,0.05358807178498537,2.2359263506290326
1599,0.3,7,True,0.20952380952380953,0.2857142857142857,0.05358807178498537,2.2359263506290326
1600,0.3,7,True,0.24761904761904763,0.42857142857142855,0.08279110672080625,2.1280852788913944
1601,0.2,8,True,0.25,0.375,0.05358807178498537,2.1556390622295662
1602,0.2,8,True,0.24285714285714285,0.25,0.030429649809874948,2.5
1603,0.2,8,True,0.44523809523809527,0.5,0.07678032766449228,1.4056390622295665
1604,0.2,8,True,0.3476190476190476,0.625,0.15545875354128547,1.5487949406953985
1605,0.9,1,False,,,,
1606,0.9,1,False,,,,
1607,0.9,1,False,,,,
1608,0.9,1,False,,,,
1609,0.9,1,False,,,,
1610,0.9,1,False,,,,
1611,0.9,1,False,,,,
1612,0.8,2,False,,,,
1613,0.8,2,False,,,,
1614,0.1,9,True,0.40185185185185185,0.6666666666666666,0.23729309346223382,1.4466166676282082
1615,0.1,9,True,0.4444444444444444,0.7777777777777778,0.32161017527648017,0.9864267287308424
1616,0.1,9,True,0.42037037037037034,0.7777777777777778,0.32161017527648017,0.9864267287308424
1617,0.1,9,True,0.36666666666666664,0.5555555555555556,0.15545875354128547,1.6577427265048887
1618,0.1,9,True,0.3092592592592593,0.3333333333333333,0.06502247023287666,1.8910611120726526
1619,0.1,9,True,0.5,0.6666666666666666,0.1826545778534897,0.9182958340544896
1620,0.1,9,True,0.43333333333333335,0.4444444444444444,0.13903595255631884,1.3921472236645345
1621,0.1,9,True,0.2907407407407407,0.3333333333333333,0.08279110672080625,2.113283334294875
1622,0.9,1,False,,,,
1623,0.9,1,False,,,,
1624,0.9,1,False,,,,
1625,0.9,1,False,,,,
1626,0.9,1,False,,,,
1627,0.9,1,False,,,,
1628,0.9,1,False,,,,
1629,0.9,1,False,,,,
1630,0.9,1,False,,,,
1631,0.9,1,False,,,,
1632,0.9,1,False,,,,
1633,0.9,1,False,,,,
1634,0.9,1,False,,,,
1635,0.9,1,False,,,,
1636,0.9,1,False,,,,
1637,0.9,1,False,,,,
1638,0.8,2,False,,,,
1639,0.0,10,True,0.40296296296296297,0.7,0.32161017527648017,1.3567796494470397
1640,0.0,10,True,0.33185185185185184,0.4,0.11864654673111685,2.0464393446710156
1641,0.0,10,True,0.41333333333333333,0.7,0.32161017527648017,1.3567796494470397
1642,0.0,10,True,0.36592592592592593,0.7,0.32161017527648017,1.3567796494470397
1643,0.0,10,True,0.3837037037037037,0.8,0.41832813428211324,0.9219280948873623
1644,0.0,10,True,0.27259259259259255,0.4,0.11864654673111685,2.0464393446710156
1645,0.0,10,True,0.6266666666666667,0.9,0.5310044064107188,0.4689955935892812
1646,0.0,10,True,0.3081481481481481,0.4,0.08613531161467869,2.121928094887362
1647,0.0,10,True,0.41777777777777775,0.6,0.21452470277266567,1.5709505944546687
1648,0.0,10,True,0.27259259259259255,0.3,0.08279110672080625,2.3709505944546687
1649,0.0,10,True,0.3451851851851852,0.5,0.11951797627815941,1.7609640474436812
1650,0.3,7,True,0.20952380952380953,0.2857142857142857,0.05358807178498548,2.2359263506290326
1651,0.2,8,True,0.22142857142857142,0.375,0.032511235116438164,1.9056390622295665
1652,0.2,8,True,0.2857142857142857,0.375,0.05358807178498537,2.1556390622295662
1653,0.2,8,True,0.3119047619047619,0.5,0.08613531161467869,1.75
1654,0.9,1,False,,,,
1655,0.8,2,False,,,,
1656,0.6,4,False,,,,
1657,0.1,9,True,0.20555555555555557,0.2222222222222222,0.030429649809874948,2.503258334775646
1658,0.0,10,True,0.3022222222222222,0.5,0.15545875354128547,1.9609640474436814
1659,0.0,10,True,0.4488888888888889,0.6,0.1826545778534897,1.295461844238322
1660,0.0,10,True,0.2948148148148148,0.4,0.10175559829607284,2.321928094887362
1661,0.0,10,True,0.2992592592592593,0.4,0.10175559829607284,2.321928094887362
1662,0.0,10,True,0.4311111111111111,0.7,0.32161017527648017,1.3567796494470397
1663,0.0,10,True,0.48444444444444446,0.8,0.41832813428211324,0.9219280948873623
1664,0.0,10,True,0.5466666666666666,0.9,0.5310044064107188,0.4689955935892812
1665,0.0,10,True,0.56,0.9,0.5310044064107188,0.4689955935892812
1666,0.0,10,True,0.36444444444444446,0.7,0.32161017527648017,1.3567796494470397
1667,0.0,10,True,0.4059259259259259,0.7,0.32161017527648017,1.3567796494470397
1668,0.0,10,True,0.47259259259259256,0.7,0.27015330083790245,1.1567796494470395
1669,0.0,10,True,0.6666666666666666,1.0,1.0,0.0
1670,0.0,10,True,0.36000000000000004,0.5,0.11951797627815941,1.7609640474436812
1671,0.0,10,True,0.34074074074074073,0.6,0.23729309346223382,1.7709505944546688
1672,0.0,10,True,0.33037037037037037,0.6,0.21452470277266567,1.5709505944546687
1673,0.0,10,True,0.29333333333333333,0.4,0.11864654673111685,2.0464393446710156
1674,0.0,10,True,0.4592592592592593,0.5,0.0,1.0
1675,0.0,10,True,0.31851851851851853,0.5,0.16402499191349473,2.1609640474436813
1676,0.0,10,True,0.5214814814814815,0.8,0.2780719051126377,0.7219280948873623
1677,0.0,10,True,0.4,0.5,0.15545875354128547,1.9609640474436814
1678,0.0,10,True,0.32592592592592595,0.6,0.21452470277266567,1.5709505944546687
1679,0.0,10,True,0.4711111111111111,0.7,0.1187091007693073,0.8812908992306927
1680,0.0,10,True,0.5066666666666666,0.7,0.1187091007693073,0.8812908992306927
1681,0.0,10,True,0.27851851851851855,0.3,0.0573192851827401,2.6464393446710153
1682,0.0,10,True,0.5333333333333333,0.9,0.5310044064107188,0.4689955935892812
1683,0.0,10,True,0.5066666666666666,0.9,0.5310044064107188,0.4689955935892812
1684,0.0,10,True,0.3111111111111111,0.4,0.08613531161467869,2.121928094887362
1685,0.0,10,True,0.548148148148148,0.8,0.2780719051126377,0.7219280948873623
1686,0.0,10,True,0.43555555555555553,0.8,0.2780719051126377,0.7219280948873623
1687,0.0,10,True,0.38666666666666666,0.6,0.21452470277266567,1.5709505944546687
1688,0.0,10,True,0.5866666666666667,0.9,0.5310044064107188,0.4689955935892812
1689,0.0,10,True,0.5333333333333333,1.0,1.0,0.0
1690,0.0,10,True,0.33629629629629626,0.5,0.15545875354128547,1.9609640474436814
1691,0.0,10,True,0.38222222222222224,0.6,0.21452470277266567,1.5709505944546687
1692,0.0,10,True,0.39111111111111113,0.7,0.32161017527648017,1.3567796494470397
1693,0.0,10,True,0.4533333333333333,0.9,0.5310044064107188,0.4689955935892812
1694,0.0,10,True,0.46370370370370373,0.8,0.41832813428211324,0.9219280948873623
1695,0.0,10,True,0.4311111111111111,0.8,0.41832813428211324,0.9219280948873623
1696,0.0,10,True,0.4533333333333333,0.9,0.5310044064107188,0.4689955935892812
1697,0.0,10,True,0.6266666666666667,0.9,0.5310044064107188,0.4689955935892812
1698,0.0,10,True,0.5081481481481481,0.8,0.41832813428211324,0.9219280948873623
1699,0.0,10,True,0.5037037037037037,0.8,0.2780719051126377,0.7219280948873623
1700,0.0,10,True,0.38666666666666666,0.7,0.32161017527648017,1.3567796494470397
1701,0.0,10,True,0.35407407407407404,0.5,0.1572623513863327,1.6854752972273346
1702,0.0,10,True,0.3925925925925926,0.8,0.41832813428211324,0.9219280948873623
1703,0.0,10,True,0.4577777777777778,0.8,0.41832813428211324,0.9219280948873623
1704,0.9,1,False,,,,
1705,0.9,1,False,,,,
1706,0.8,2,False,,,,
1707,0.0,10,True,0.26666666666666666,0.2,0.024385036849164488,2.5219280948873624
1708,0.0,10,True,0.5674074074074074,0.7,0.32161017527648017,1.3567796494470397
1709,0.0,10,True,0.47259259259259256,0.8,0.41832813428211324,0.9219280948873623
1710,0.0,10,True,0.44592592592592595,0.7,0.27015330083790245,1.1567796494470395
1711,0.0,10,True,0.3111111111111111,0.5,0.15545875354128547,1.9609640474436814
1712,0.0,10,True,0.5170370370370371,0.8,0.41832813428211324,0.9219280948873623
1713,0.0,10,True,0.3614814814814815,0.7,0.32161017527648017,1.3567796494470397
1714,0.0,10,True,0.3214814814814815,0.6,0.21452470277266567,1.5709505944546687
1715,0.0,10,True,0.46222222222222226,0.6,0.1826545778534897,1.295461844238322
1716,0.0,10,True,0.36000000000000004,0.7,0.32161017527648017,1.3567796494470397
1717,0.1,9,True,0.5037037037037037,0.8888888888888888,0.41832813428211324,0.5032583347756457
1718,0.1,9,True,0.562962962962963,0.8888888888888888,0.41832813428211324,0.5032583347756457
1719,0.1,9,True,0.26666666666666666,0.3333333333333333,0.05731928518273999,2.4193819456463714
1720,0.1,9,True,0.3055555555555555,0.5555555555555556,0.16402499191349473,1.8799649487271108
1721,0.1,9,True,0.6148148148148148,0.8888888888888888,0.41832813428211324,0.5032583347756457
1722,0.1,9,True,0.2518518518518518,0.3333333333333333,0.05358807178498548,2.197159723424149
1723,0.1,9,True,0.2777777777777778,0.4444444444444444,0.10167108723147944,2.2810361125534233
1724,0.1,9,True,0.2388888888888889,0.2222222222222222,0.02602396837087928,2.725480556997868
1725,0.1,9,True,0.2185185185185185,0.4444444444444444,0.10175559829607284,2.0588138903312014
1726,0.1,9,True,0.2,0.3333333333333333,0.05118688510966163,2.6416041678685933
1727,0.1,9,True,0.37037037037037035,0.4444444444444444,0.13903595255631884,1.3921472236645345
1728,0.9,1,False,,,,
1729,0.9,1,False,,,,
1730,0.1,9,True,0.2796296296296296,0.3333333333333333,0.06502247023287666,1.8910611120726526
1731,0.1,9,True,0.20555555555555557,0.2222222222222222,0.015141338212453448,2.94770277922009
1732,0.1,9,True,0.337037037037037,0.5555555555555556,0.16402499191349473,1.8799649487271108
1733,0.1,9,True,0.25925925925925924,0.3333333333333333,0.05731928518273999,2.4193819456463714
1734,0.0,10,True,0.29037037037037033,0.3,0.05358807178498537,2.4464393446710155
1735,0.0,10,True,0.21777777777777776,0.3,0.08279110672080636,2.3709505944546683
1736,0.0,10,True,0.5422222222222222,0.6,0.1826545778534897,1.295461844238322
1737,0.0,10,True,0.29333333333333333,0.3,0.05358807178498537,2.4464393446710155
1738,0.0,10,True,0.3451851851851852,0.6,0.21452470277266567,1.5709505944546687
1739,0.0,10,True,0.3422222222222222,0.4,0.11864654673111685,2.0464393446710156
1740,0.0,10,True,0.4666666666666667,0.9,0.5310044064107188,0.4689955935892812
1741,0.0,10,True,0.2607407407407407,0.4,0.10175559829607284,2.321928094887362
1742,0.9,1,False,,,,
1743,0.9,1,False,,,,
1744,0.8,2,False,,,,
1745,0.8,2,False,,,,
1746,0.0,10,True,0.25037037037037035,0.3,0.05731928518273999,2.6464393446710157
1747,0.0,10,True,0.22962962962962966,0.2,0.03042964980987506,2.721928094887362
1748,0.0,10,True,0.2577777777777778,0.4,0.11864654673111685,2.0464393446710156
1749,0.0,10,True,0.18962962962962965,0.3,0.05118688510966152,2.8464393446710154
1750,0.0,10,True,0.32296296296296295,0.3,0.06502247023287666,2.1709505944546685
1751,0.0,10,True,0.29629629629629634,0.5,0.16402499191349473,2.1609640474436813
1752,0.0,10,True,0.22962962962962966,0.4,0.11864654673111685,2.0464393446710156
1753,0.0,10,True,0.2651851851851852,0.3,0.05731928518273999,2.6464393446710157
1754,0.0,10,True,0.21037037037037037,0.3,0.05731928518273999,2.6464393446710157
1755,0.9,1,False,,,,
1756,0.9,1,False,,,,
1757,0.9,1,False,,,,
1758,0.9,1,False,,,,
1759,0.9,1,False,,,,
1760,0.9,1,False,,,,
1761,0.9,1,False,,,,
1762,0.9,1,False,,,,
1763,0.9,1,False,,,,
1764,0.9,1,False,,,,
1765,0.0,10,True,0.18074074074074076,0.2,0.02602396837087928,2.9219280948873623
1766,0.1,9,True,0.2537037037037037,0.2222222222222222,0.02602396837087928,2.725480556997868
1767,0.1,9,True,0.17037037037037037,0.2222222222222222,0.02602396837087928,2.725480556997868
1768,0.3,7,True,0.273015873015873,0.2857142857142857,0.05358807178498537,2.2359263506290326
1769,0.2,8,True,0.2714285714285714,0.375,0.05731928518273999,2.4056390622295662
1770,0.2,8,True,0.17619047619047618,0.25,0.030429649809874948,2.5
1771,0.3,7,True,0.2380952380952381,0.42857142857142855,0.08279110672080625,2.128085278891394
1772,0.3,7,True,0.4380952380952381,0.42857142857142855,0.05226907788083912,1.4488156357251847
1773,0.2,8,True,0.18809523809523807,0.25,0.02602396837087928,2.75
1774,0.2,8,True,0.23095238095238096,0.375,0.05358807178498537,2.1556390622295662
1775,0.3,7,True,0.16507936507936508,0.2857142857142857,0.0573192851827401,2.5216406363433186
1776,0.2,8,True,0.18809523809523807,0.125,0.015141338212453448,3.0
1777,0.3,7,True,0.2571428571428572,0.2857142857142857,0.032511235116438164,1.9502120649147465
1778,0.3,7,True,0.24761904761904763,0.2857142857142857,0.0573192851827401,2.5216406363433186
1779,0.3,7,True,0.25396825396825395,0.2857142857142857,0.0573192851827401,2.5216406363433186
1780,0.1,9,True,0.28703703703703703,0.2222222222222222,0.024385036849164488,2.2810361125534238
1781,0.7,3,False,,,,
1782,0.7,3,False,,,,
1783,0.8,2,False,,,,
1784,0.8,2,False,,,,
1785,0.8,2,False,,,,
1786,0.7,3,False,,,,
1787,0.7,3,False,,,,
1788,0.1,9,True,0.17777777777777778,0.3333333333333333,0.05118688510966152,2.6416041678685933
1789,0.1,9,True,0.34814814814814815,0.5555555555555556,0.16402499191349473,1.8799649487271108
1790,0.1,9,True,0.2388888888888889,0.2222222222222222,0.03042964980987506,2.5032583347756456
1791,0.1,9,True,0.412962962962963,0.6666666666666666,0.23729309346223382,1.4466166676282082
1792,0.1,9,True,0.5555555555555555,0.8888888888888888,0.41832813428211324,0.5032583347756457
1793,0.1,9,True,0.26481481481481484,0.3333333333333333,0.0573192851827401,2.4193819456463714
1794,0.1,9,True,0.16481481481481483,0.2222222222222222,0.02602396837087928,2.725480556997868
1795,0.1,9,True,0.23148148148148148,0.3333333333333333,0.032511235116438386,1.974937501201927
1796,0.1,9,True,0.24444444444444444,0.2222222222222222,0.015141338212453448,2.94770277922009
1797,0.7,3,False,,,,
1798,0.8,2,False,,,,
1799,0.7,3,False,,,,
1800,0.0,10,True,0.2325925925925926,0.2,0.030429649809874948,2.7219280948873625
1801,0.0,10,True,0.22814814814814816,0.3,0.05358807178498537,2.4464393446710155
1802,0.0,10,True,0.20148148148148148,0.2,0.02602396837087928,2.9219280948873623
1803,0.3,7,True,0.19682539682539685,0.2857142857142857,0.05358807178498537,2.2359263506290326
1804,0.3,7,True,0.2698412698412698,0.2857142857142857,0.05358807178498537,2.2359263506290326
1805,0.4,6,True,0.28,0.3333333333333333,0.08613531161467847,1.9182958340544893
1806,0.3,7,True,0.19682539682539685,0.2857142857142857,0.0573192851827401,2.5216406363433186
1807,0.3,7,True,0.28888888888888886,0.2857142857142857,0.032511235116438164,1.9502120649147465
1808,0.4,6,True,0.18666666666666665,0.16666666666666666,0.10167108723147944,2.584962500721156
1809,0.5,5,True,0.16,0.2,0.16402499191349473,2.321928094887362
1810,0.5,5,True,0.38,0.6,0.1572623513863327,1.3709505944546687
1811,0.5,5,True,0.48666666666666664,0.6,0.06276943678387037,0.9709505944546686
1812,0.5,5,True,0.22,0.4,0.15545875354128547,1.9219280948873623
1813,0.5,5,True,0.21333333333333335,0.4,0.15545875354128547,1.9219280948873623
1814,0.5,5,True,0.24666666666666667,0.4,0.15545875354128547,1.9219280948873623
1815,0.5,5,True,0.24000000000000002,0.4,0.15545875354128547,1.9219280948873623
1816,0.5,5,True,0.30666666666666664,0.6,0.1572623513863327,1.3709505944546687
1817,0.3,7,True,0.2634920634920635,0.2857142857142857,0.0573192851827401,2.5216406363433186
1818,0.3,7,True,0.2253968253968254,0.42857142857142855,0.08279110672080625,2.1280852788913944
1819,0.2,8,True,0.20952380952380953,0.25,0.02602396837087928,2.75
1820,0.2,8,True,0.2142857142857143,0.25,0.02602396837087928,2.75
1821,0.4,6,True,0.2533333333333333,0.6666666666666666,0.13903595255631895,1.2516291673878228
1822,0.4,6,True,0.28888888888888886,0.3333333333333333,0.08613531161467847,1.9182958340544896
1823,0.8,2,False,,,,
1824,0.8,2,False,,,,
1825,0.8,2,False,,,,
1826,0.8,2,False,,,,
1827,0.8,2,False,,,,
1828,0.8,2,False,,,,
1829,0.8,2,False,,,,
1830,0.8,2,False,,,,
1831,0.7,3,False,,,,
1832,0.7,3,False,,,,
1833,0.7,3,False,,,,
1834,0.7,3,False,,,,
1835,0.7,3,False,,,,
1836,0.5,5,True,0.2533333333333333,0.4,0.15545875354128547,1.9219280948873623
1837,0.2,8,True,0.3119047619047619,0.5,0.08613531161467847,1.75
1838,0.3,7,True,0.2571428571428572,0.2857142857142857,0.032511235116438386,1.950212064914747
1839,0.2,8,True,0.23333333333333334,0.25,0.030429649809874948,2.5
1840,0.2,8,True,0.17857142857142858,0.25,0.02602396837087928,2.75
1841,0.2,8,True,0.2547619047619048,0.375,0.05358807178498537,2.1556390622295662
1842,0.2,8,True,0.23095238095238096,0.25,0.02602396837087928,2.75
1843,0.2,8,True,0.2547619047619048,0.25,0.02602396837087928,2.75
1844,0.2,8,True,0.2619047619047619,0.375,0.05358807178498537,2.1556390622295662
1845,0.3,7,True,0.2285714285714286,0.2857142857142857,0.05358807178498548,2.2359263506290326
1846,0.3,7,True,0.26666666666666666,0.2857142857142857,0.05358807178498548,2.2359263506290326
1847,0.7,3,False,,,,
1848,0.7,3,False,,,,
1849,0.7,3,False,,,,
1850,0.7,3,False,,,,
1851,0.7,3,False,,,,
1852,0.7,3,False,,,,
1853,0.8,2,False,,,,
1854,0.8,2,False,,,,
1855,0.8,2,False,,,,
1856,0.8,2,False,,,,
1857,0.9,1,False,,,,
1858,0.9,1,False,,,,
1859,0.6,4,False,,,,
1860,0.6,4,False,,,,
1861,0.6,4,False,,,,
1862,0.6,4,False,,,,
1863,0.6,4,False,,,,
1864,0.2,8,True,0.2571428571428572,0.25,0.024385036849164488,2.25
1865,0.2,8,True,0.19285714285714287,0.25,0.02602396837087928,2.75
1866,0.2,8,True,0.20238095238095238,0.25,0.02602396837087928,2.75
1867,0.2,8,True,0.37380952380952387,0.625,0.15545875354128547,1.5487949406953985
1868,0.2,8,True,0.29523809523809524,0.375,0.0573192851827401,2.4056390622295662
1869,0.2,8,True,0.22380952380952382,0.375,0.0573192851827401,2.4056390622295662
1870,0.3,7,True,0.23174603174603176,0.2857142857142857,0.0573192851827401,2.5216406363433186
1871,0.3,7,True,0.2571428571428572,0.2857142857142857,0.05358807178498537,2.2359263506290326
1872,0.3,7,True,0.22222222222222224,0.2857142857142857,0.0573192851827401,2.5216406363433186
1873,0.4,6,True,0.3511111111111111,0.6666666666666666,0.13903595255631895,1.2516291673878228
1874,0.4,6,True,0.43555555555555553,0.6666666666666666,0.03977028213923883,0.9182958340544896
1875,0.4,6,True,0.2533333333333333,0.3333333333333333,0.10175559829607284,2.2516291673878226
1876,0.6,4,False,,,,
1877,0.7,3,False,,,,
1878,0.7,3,False,,,,
1879,0.7,3,False,,,,
1880,0.7,3,False,,,,
1881,0.7,3,False,,,,
1882,0.7,3,False,,,,
1883,0.7,3,False,,,,
1884,0.7,3,False,,,,
1885,0.7,3,False,,,,
1886,0.7,3,False,,,,
1887,0.7,3,False,,,,
1888,0.7,3,False,,,,
1889,0.6,4,False,,,,
1890,0.6,4,False,,,,
1891,0.5,5,True,0.23333333333333334,0.4,0.15545875354128547,1.9219280948873623
1892,0.5,5,True,0.2,0.4,0.15545875354128547,1.9219280948873623
1893,0.5,5,True,0.30666666666666664,0.4,0.15545875354128547,1.9219280948873623
1894,0.4,6,True,0.23555555555555555,0.5,0.11864654673111685,1.7924812503605778
1895,0.4,6,True,0.23111111111111113,0.3333333333333333,0.10175559829607284,2.2516291673878226
1896,0.4,6,True,0.43555555555555553,0.5,0.07678032766449228,1.4591479170272448
1897,0.5,5,True,0.16,0.2,0.16402499191349473,2.321928094887362
1898,0.6,4,False,,,,
1899,0.7,3,False,,,,
1900,0.8,2,False,,,,
1901,0.8,2,False,,,,
1902,0.7,3,False,,,,
1903,0.8,2,False,,,,
1904,0.8,2,False,,,,
1905,0.7,3,False,,,,
1906,0.7,3,False,,,,
1907,0.7,3,False,,,,
1908,0.7,3,False,,,,
1909,0.7,3,False,,,,
1910,0.7,3,False,,,,
1911,0.8,2,False,,,,
1912,0.4,6,True,0.3288888888888889,0.3333333333333333,0.08613531161467847,1.9182958340544893
1913,0.4,6,True,0.3688888888888889,0.6666666666666666,0.13903595255631884,1.2516291673878228
1914,0.5,5,True,0.38,0.6,0.15726235138633282,1.3709505944546687
1915,0.3,7,True,0.23174603174603176,0.2857142857142857,0.0573192851827401,2.5216406363433186
1916,0.3,7,True,0.18730158730158727,0.2857142857142857,0.0573192851827401,2.521640636343318
1917,0.2,8,True,0.2785714285714286,0.375,0.05358807178498548,2.1556390622295662
1918,0.2,8,True,0.2547619047619048,0.375,0.05358807178498548,2.1556390622295662
1919,0.2,8,True,0.1904761904761905,0.25,0.02602396837087928,2.75
1920,0.2,8,True,0.3142857142857143,0.5,0.10175559829607284,2.0
1921,0.3,7,True,0.4444444444444444,0.7142857142857143,0.1572623513863327,1.1488348542809166
1922,0.3,7,True,0.3619047619047619,0.5714285714285714,0.07678032766449228,1.3787834934861753
1923,0.1,9,True,0.19814814814814816,0.3333333333333333,0.05118688510966152,2.6416041678685933
1924,0.1,9,True,0.3037037037037037,0.4444444444444444,0.10175559829607284,2.058813890331201
1925,0.1,9,True,0.18888888888888886,0.2222222222222222,0.015141338212453448,2.94770277922009
1926,0.1,9,True,0.3074074074074074,0.5555555555555556,0.15545875354128547,1.6577427265048887
1927,0.1,9,True,0.29629629629629634,0.3333333333333333,0.05358807178498537,2.197159723424149
1928,0.1,9,True,0.18703703703703703,0.2222222222222222,0.015141338212453448,2.94770277922009
1929,0.1,9,True,0.23703703703703702,0.4444444444444444,0.10167108723147944,2.2810361125534233
1930,0.1,9,True,0.28703703703703703,0.3333333333333333,0.08279110672080625,2.113283334294875
1931,0.1,9,True,0.22222222222222224,0.2222222222222222,0.015141338212453448,2.94770277922009
1932,0.1,9,True,0.29444444444444445,0.4444444444444444,0.10175559829607284,2.058813890331201
1933,0.3,7,True,0.21269841269841272,0.2857142857142857,0.05731928518273999,2.521640636343318
1934,0.5,5,True,0.18000000000000002,0.2,0.16402499191349473,2.321928094887362
1935,0.4,6,True,0.24888888888888888,0.3333333333333333,0.10175559829607284,2.251629167387823
1936,0.4,6,True,0.19555555555555557,0.3333333333333333,0.10175559829607284,2.2516291673878226
1937,0.8,2,False,,,,
1938,0.6,4,False,,,,
1939,0.6,4,False,,,,
1940,0.6,4,False,,,,
1941,0.6,4,False,,,,
1942,0.6,4,False,,,,
1943,0.6,4,False,,,,
1944,0.7,3,False,,,,
1945,0.8,2,False,,,,
1946,0.8,2,False,,,,
1947,0.8,2,False,,,,
1948,0.7,3,False,,,,
1949,0.6,4,False,,,,
1950,0.5,5,True,0.2533333333333333,0.4,0.15545875354128547,1.9219280948873623
1951,0.5,5,True,0.26,0.4,0.15545875354128547,1.9219280948873623
1952,0.5,5,True,0.19333333333333333,0.2,0.16402499191349473,2.321928094887362
1953,0.4,6,True,0.23111111111111113,0.3333333333333333,0.08613531161467869,1.9182958340544893
1954,0.4,6,True,0.2533333333333333,0.5,0.11864654673111685,1.7924812503605778
1955,0.4,6,True,0.24000000000000002,0.3333333333333333,0.08613531161467869,1.9182958340544893
1956,0.4,6,True,0.22666666666666666,0.3333333333333333,0.10175559829607284,2.2516291673878226
1957,0.3,7,True,0.36507936507936506,0.42857142857142855,0.06502247023287666,1.8423709931771084
1958,0.3,7,True,0.2857142857142857,0.2857142857142857,0.05358807178498537,2.2359263506290326
1959,0.3,7,True,0.3555555555555555,0.5714285714285714,0.07678032766449228,1.3787834934861753
1960,0.3,7,True,0.23174603174603176,0.2857142857142857,0.032511235116438386,1.950212064914747
1961,0.3,7,True,0.3079365079365079,0.2857142857142857,0.05731928518273999,2.521640636343318
1962,0.3,7,True,0.21904761904761905,0.2857142857142857,0.05358807178498548,2.2359263506290326
1963,0.3,7,True,0.21269841269841272,0.14285714285714285,0.05118688510966152,2.807354922057604
1964,0.4,6,True,0.2755555555555556,0.3333333333333333,0.10175559829607284,2.2516291673878226
1965,0.4,6,True,0.3111111111111111,0.3333333333333333,0.10175559829607284,2.251629167387823
1966,0.5,5,True,0.2733333333333333,0.4,0.15545875354128547,1.9219280948873623
1967,0.5,5,True,0.29333333333333333,0.4,0.11951797627815941,1.5219280948873621
1968,0.6,4,False,,,,
1969,0.5,5,True,0.22666666666666666,0.2,0.16402499191349473,2.321928094887362
1970,0.4,6,True,0.28,0.5,0.11864654673111708,1.7924812503605778
1971,0.3,7,True,0.21904761904761905,0.2857142857142857,0.05731928518273999,2.5216406363433186
1972,0.3,7,True,0.27936507936507937,0.2857142857142857,0.05731928518273999,2.5216406363433186
1973,0.3,7,True,0.21269841269841272,0.2857142857142857,0.05358807178498537,2.2359263506290326
1974,0.4,6,True,0.22666666666666666,0.3333333333333333,0.10175559829607284,2.2516291673878226
1975,0.5,5,True,0.26,0.4,0.15545875354128547,1.9219280948873623
1976,0.5,5,True,0.16,0.4,0.15545875354128547,1.9219280948873623
1977,0.8,2,False,,,,
1978,0.8,2,False,,,,
1979,0.6,4,False,,,,
1980,0.6,4,False,,,,
1981,0.8,2,False,,,,
1982,0.8,2,False,,,,
1983,0.8,2,False,,,,
1984,0.8,2,False,,,,
1985,0.8,2,False,,,,
1986,0.7,3,False,,,,
1987,0.7,3,False,,,,
1988,0.7,3,False,,,,
1989,0.8,2,False,,,,
1990,0.8,2,False,,,,
1991,0.8,2,False,,,,
1992,0.5,5,True,0.20666666666666667,0.2,0.16402499191349473,2.321928094887362
1993,0.5,5,True,0.18666666666666665,0.4,0.11951797627815941,1.5219280948873621
1994,0.4,6,True,0.20888888888888887,0.16666666666666666,0.10167108723147944,2.584962500721156
1995,0.4,6,True,0.23111111111111113,0.3333333333333333,0.08613531161467847,1.9182958340544893
1996,0.4,6,True,0.30666666666666664,0.5,0.07678032766449228,1.4591479170272448
1997,0.4,6,True,0.20888888888888887,0.16666666666666666,0.10167108723147944,2.584962500721156
1998,0.4,6,True,0.20444444444444443,0.3333333333333333,0.10175559829607284,2.2516291673878226
1999,0.5,5,True,0.23333333333333334,0.4,0.15545875354128547,1.9219280948873623
2000,0.5,5,True,0.49333333333333335,0.8,0.14132728892674484,0.7219280948873623
2001,0.5,5,True,0.31333333333333335,0.4,0.11951797627815941,1.5219280948873621
2002,0.5,5,True,0.24000000000000002,0.4,0.15545875354128547,1.9219280948873623
2003,0.7,3,False,,,,
2004,0.7,3,False,,,,
2005,0.8,2,False,,,,
2006,0.9,1,False,,,,
2007,0.9,1,False,,,,
2008,0.9,1,False,,,,
2009,0.6,4,False,,,,
2010,0.7,3,False,,,,
2011,0.7,3,False,,,,
2012,0.7,3,False,,,,
2013,0.7,3,False,,,,
2014,0.6,4,False,,,,
2015,0.6,4,False,,,,
2016,0.6,4,False,,,,
2017,0.6,4,False,,,,
2018,0.6,4,False,,,,
2019,0.6,4,False,,,,
2020,0.6,4,False,,,,
2021,0.6,4,False,,,,
2022,0.6,4,False,,,,
2023,0.6,4,False,,,,
2024,0.5,5,True,0.2733333333333333,0.4,0.15545875354128547,1.9219280948873623
2025,0.5,5,True,0.30666666666666664,0.4,0.11951797627815941,1.5219280948873621
2026,0.5,5,True,0.35333333333333333,0.6,0.1572623513863327,1.3709505944546687
2027,0.5,5,True,0.2,0.4,0.15545875354128547,1.9219280948873623
2028,0.5,5,True,0.15333333333333332,0.2,0.16402499191349473,2.321928094887362
2029,0.5,5,True,0.24666666666666667,0.4,0.11951797627815941,1.5219280948873621
2030,0.5,5,True,0.7333333333333333,1.0,0.0,0.0
2031,0.4,6,True,0.2622222222222222,0.3333333333333333,0.10175559829607284,2.2516291673878226
2032,0.4,6,True,0.18222222222222223,0.3333333333333333,0.10175559829607284,2.2516291673878226
2033,0.7,3,False,,,,
2034,0.8,2,False,,,,
2035,0.8,2,False,,,,
2036,0.5,5,True,0.24000000000000002,0.4,0.15545875354128547,1.9219280948873623
2037,0.6,4,False,,,,
2038,0.7,3,False,,,,
2039,0.7,3,False,,,,
2040,0.7,3,False,,,,
2041,0.7,3,False,,,,
2042,0.7,3,False,,,,
2043,0.6,4,False,,,,
2044,0.6,4,False,,,,
2045,0.8,2,False,,,,
2046,0.8,2,False,,,,
2047,0.6,4,False,,,,
2048,0.6,4,False,,,,
2049,0.6,4,False,,,,
2050,0.6,4,False,,,,
2051,0.6,4,False,,,,
2052,0.6,4,False,,,,
2053,0.6,4,False,,,,
2054,0.6,4,False,,,,
2055,0.6,4,False,,,,
2056,0.6,4,False,,,,
2057,0.6,4,False,,,,
2058,0.6,4,False,,,,
2059,0.6,4,False,,,,
2060,0.6,4,False,,,,
2061,0.6,4,False,,,,
2062,0.6,4,False,,,,
2063,0.6,4,False,,,,
2064,0.6,4,False,,,,
2065,0.8,2,False,,,,
2066,0.8,2,False,,,,
2067,0.8,2,False,,,,
2068,0.8,2,False,,,,
2069,0.7,3,False,,,,
2070,0.7,3,False,,,,
2071,0.7,3,False,,,,
2072,0.7,3,False,,,,
2073,0.7,3,False,,,,
2074,0.7,3,False,,,,
2075,0.8,2,False,,,,
2076,0.8,2,False,,,,
2077,0.8,2,False,,,,
2078,0.8,2,False,,,,
2079,0.8,2,False,,,,
2080,0.6,4,False,,,,
2081,0.6,4,False,,,,
2082,0.6,4,False,,,,
2083,0.6,4,False,,,,
2084,0.6,4,False,,,,
2085,0.6,4,False,,,,
2086,0.6,4,False,,,,
2087,0.6,4,False,,,,
2088,0.5,5,True,0.2533333333333333,0.2,0.16402499191349473,2.321928094887362
2089,0.6,4,False,,,,
2090,0.6,4,False,,,,
2091,0.5,5,True,0.38666666666666666,0.4,0.11951797627815941,1.5219280948873621
2092,0.4,6,True,0.21333333333333335,0.16666666666666666,0.10167108723147944,2.584962500721156
2093,0.4,6,True,0.24444444444444444,0.3333333333333333,0.10175559829607284,2.2516291673878226
2094,0.4,6,True,0.30666666666666664,0.5,0.11864654673111685,1.7924812503605778
2095,0.4,6,True,0.18222222222222223,0.3333333333333333,0.10175559829607284,2.2516291673878226
2096,0.4,6,True,0.3466666666666667,0.5,0.11864654673111685,1.7924812503605778
2097,0.4,6,True,0.2,0.5,0.11864654673111685,1.7924812503605778
2098,0.4,6,True,0.3244444444444445,0.5,0.11864654673111685,1.7924812503605778
2099,0.4,6,True,0.4222222222222223,0.6666666666666666,0.13903595255631884,1.2516291673878228
2100,0.4,6,True,0.2622222222222222,0.3333333333333333,0.10175559829607284,2.251629167387823
2101,0.4,6,True,0.21777777777777776,0.3333333333333333,0.10175559829607284,2.2516291673878226
2102,0.5,5,True,0.19333333333333333,0.4,0.11951797627815941,1.5219280948873621
2103,0.6,4,False,,,,
2104,0.6,4,False,,,,
2105,0.6,4,False,,,,
2106,0.7,3,False,,,,
2107,0.7,3,False,,,,
2108,0.8,2,False,,,,
2109,0.6,4,False,,,,
2110,0.6,4,False,,,,
2111,0.6,4,False,,,,
2112,0.6,4,False,,,,
2113,0.6,4,False,,,,
2114,0.6,4,False,,,,
2115,0.7,3,False,,,,
2116,0.7,3,False,,,,
2117,0.7,3,False,,,,
2118,0.7,3,False,,,,
2119,0.7,3,False,,,,
2120,0.7,3,False,,,,
2121,0.7,3,False,,,,
2122,0.7,3,False,,,,
2123,0.7,3,False,,,,
2124,0.7,3,False,,,,
2125,0.8,2,False,,,,
2126,0.8,2,False,,,,
2127,0.8,2,False,,,,
2128,0.8,2,False,,,,
2129,0.8,2,False,,,,
2130,0.7,3,False,,,,
2131,0.7,3,False,,,,
2132,0.7,3,False,,,,
2133,0.7,3,False,,,,
2134,0.7,3,False,,,,
2135,0.7,3,False,,,,
2136,0.7,3,False,,,,
2137,0.8,2,False,,,,
2138,0.8,2,False,,,,
2139,0.8,2,False,,,,
2140,0.8,2,False,,,,
2141,0.8,2,False,,,,
2142,0.6,4,False,,,,
2143,0.5,5,True,0.22,0.2,0.16402499191349473,2.321928094887362
2144,0.5,5,True,0.16666666666666666,0.4,0.15545875354128547,1.9219280948873623
2145,0.5,5,True,0.24666666666666667,0.2,0.16402499191349473,2.321928094887362
2146,0.5,5,True,0.42,0.6,0.1572623513863327,1.3709505944546687
2147,0.5,5,True,0.29333333333333333,0.4,0.15545875354128547,1.9219280948873623
2148,0.5,5,True,0.2,0.2,0.16402499191349473,2.321928094887362
2149,0.5,5,True,0.17333333333333334,0.4,0.15545875354128547,1.9219280948873623
2150,0.4,6,True,0.24888888888888888,0.3333333333333333,0.10175559829607284,2.2516291673878226
2151,0.3,7,True,0.1714285714285714,0.2857142857142857,0.0573192851827401,2.5216406363433186
2152,0.3,7,True,0.26031746031746034,0.42857142857142855,0.08279110672080636,2.1280852788913944
2153,0.3,7,True,0.36507936507936506,0.42857142857142855,0.06502247023287666,1.8423709931771084
2154,0.4,6,True,0.18222222222222223,0.16666666666666666,0.10167108723147944,2.584962500721156
2155,0.3,7,True,0.2285714285714286,0.2857142857142857,0.0573192851827401,2.5216406363433186
2156,0.2,8,True,0.4976190476190476,0.75,0.21452470277266567,1.061278124459133
2157,0.2,8,True,0.29047619047619044,0.5,0.08613531161467869,1.75
2158,0.2,8,True,0.2547619047619048,0.5,0.08613531161467869,1.75
2159,0.2,8,True,0.31666666666666665,0.375,0.05358807178498548,2.1556390622295662
2160,0.1,9,True,0.48333333333333334,0.7777777777777778,0.32161017527648017,0.9864267287308424
2161,0.1,9,True,0.2518518518518518,0.2222222222222222,0.03042964980987506,2.5032583347756456
2162,0.3,7,True,0.41904761904761906,0.8571428571428571,0.1826545778534897,0.5916727785823275
2163,0.3,7,True,0.326984126984127,0.7142857142857143,0.15726235138633282,1.1488348542809166
2164,0.3,7,True,0.40634920634920635,0.7142857142857143,0.1572623513863327,1.1488348542809166
2165,0.3,7,True,0.23174603174603176,0.2857142857142857,0.0573192851827401,2.5216406363433186
2166,0.3,7,True,0.2634920634920635,0.2857142857142857,0.05358807178498537,2.2359263506290326
2167,0.4,6,True,0.2622222222222222,0.3333333333333333,0.10175559829607284,2.2516291673878226
2168,0.4,6,True,0.24888888888888888,0.5,0.07678032766449228,1.4591479170272448
2169,0.5,5,True,0.26666666666666666,0.2,0.16402499191349473,2.321928094887362
2170,0.6,4,False,,,,
2171,0.5,5,True,0.12666666666666665,0.2,0.16402499191349473,2.321928094887362
2172,0.5,5,True,0.21333333333333335,0.4,0.15545875354128547,1.9219280948873623
2173,0.5,5,True,0.15333333333333332,0.4,0.15545875354128547,1.9219280948873623
2174,0.6,4,False,,,,
2175,0.3,7,True,0.4285714285714286,0.42857142857142855,0.05226907788083912,1.4488156357251847
2176,0.3,7,True,0.3777777777777778,0.5714285714285714,0.11864654673111685,1.6644977792004614
2177,0.3,7,True,0.2380952380952381,0.42857142857142855,0.08279110672080636,2.1280852788913944
2178,0.3,7,True,0.37460317460317455,0.5714285714285714,0.11864654673111685,1.6644977792004614
2179,0.3,7,True,0.22222222222222224,0.2857142857142857,0.05358807178498537,2.2359263506290326
2180,0.2,8,True,0.3404761904761905,0.5,0.10175559829607272,2.0
2181,0.2,8,True,0.5023809523809524,0.75,0.21452470277266567,1.061278124459133
2182,0.1,9,True,0.312962962962963,0.5555555555555556,0.15545875354128547,1.6577427265048887
2183,0.0,10,True,0.21037037037037037,0.2,0.03042964980987506,2.721928094887362
2184,0.0,10,True,0.36444444444444446,0.6,0.23729309346223382,1.7709505944546688
2185,0.0,10,True,0.2637037037037037,0.3,0.05731928518273999,2.6464393446710157
2186,0.0,10,True,0.20592592592592593,0.3,0.0573192851827401,2.6464393446710153
2187,0.0,10,True,0.3777777777777778,0.7,0.32161017527648017,1.3567796494470397
2188,0.0,10,True,0.37629629629629624,0.5,0.15545875354128547,1.9609640474436814
2189,0.0,10,True,0.29185185185185186,0.5,0.15545875354128547,1.9609640474436814
2190,0.0,10,True,0.22666666666666666,0.3,0.05358807178498548,2.446439344671015
2191,0.0,10,True,0.37037037037037035,0.5,0.14132728892674484,1.3609640474436813
2192,0.0,10,True,0.35407407407407404,0.5,0.15545875354128547,1.9609640474436814
2193,0.0,10,True,0.4266666666666667,0.7,0.32161017527648017,1.3567796494470397
2194,0.0,10,True,0.5066666666666666,0.9,0.5310044064107188,0.4689955935892812
2195,0.0,10,True,0.41333333333333333,0.6,0.02904940554533142,0.9709505944546686
2196,0.1,9,True,0.22962962962962966,0.2222222222222222,0.03042964980987506,2.5032583347756456
2197,0.1,9,True,0.2111111111111111,0.2222222222222222,0.030429649809874948,2.503258334775646
2198,0.1,9,True,0.43888888888888894,0.5555555555555556,0.1572623513863327,1.3516441151533922
2199,0.1,9,True,0.3333333333333333,0.5555555555555556,0.15545875354128547,1.6577427265048887
2200,0.1,9,True,0.3,0.4444444444444444,0.10167108723147944,2.2810361125534233
2201,0.1,9,True,0.24074074074074076,0.3333333333333333,0.0573192851827401,2.4193819456463714
2202,0.1,9,True,0.362962962962963,0.4444444444444444,0.10175559829607284,2.058813890331201
2203,0.1,9,True,0.274074074074074,0.2222222222222222,0.02602396837087928,2.725480556997868
2204,0.1,9,True,0.30185185185185187,0.3333333333333333,0.0573192851827401,2.4193819456463714
2205,0.1,9,True,0.26481481481481484,0.3333333333333333,0.0573192851827401,2.4193819456463714
2206,0.1,9,True,0.3925925925925926,0.5555555555555556,0.15726235138633282,1.3516441151533924
2207,0.1,9,True,0.27037037037037037,0.3333333333333333,0.0573192851827401,2.4193819456463714
2208,0.1,9,True,0.26666666666666666,0.3333333333333333,0.0573192851827401,2.4193819456463714
2209,0.1,9,True,0.3037037037037037,0.2222222222222222,0.03042964980987506,2.5032583347756456
2210,0.8,2,False,,,,
2211,0.9,1,False,,,,
2212,0.9,1,False,,,,
2213,0.9,1,False,,,,
2214,0.8,2,False,,,,
2215,0.8,2,False,,,,
2216,0.1,9,True,0.3111111111111111,0.3333333333333333,0.05358807178498548,2.197159723424149
2217,0.5,5,True,0.26,0.4,0.15545875354128547,1.9219280948873623
2218,0.5,5,True,0.4066666666666666,0.6,0.1572623513863327,1.3709505944546687
2219,0.0,10,True,0.22666666666666666,0.3,0.05358807178498537,2.4464393446710155
2220,0.0,10,True,0.27259259259259255,0.3,0.05358807178498548,2.446439344671015
2221,0.0,10,True,0.2770370370370371,0.3,0.06502247023287666,2.1709505944546685
2222,0.0,10,True,0.2533333333333333,0.4,0.11864654673111685,2.0464393446710156
2223,0.0,10,True,0.21925925925925924,0.2,0.02602396837087928,2.9219280948873623
2224,0.0,10,True,0.3111111111111111,0.5,0.16402499191349473,2.1609640474436813
2225,0.0,10,True,0.37629629629629624,0.4,0.07678032766449228,1.8464393446710154
2226,0.0,10,True,0.2874074074074074,0.4,0.10175559829607284,2.321928094887362
2227,0.0,10,True,0.22518518518518518,0.3,0.08279110672080625,2.3709505944546687
2228,0.0,10,True,0.3081481481481481,0.4,0.07678032766449228,1.8464393446710154
2229,0.0,10,True,0.23111111111111113,0.3,0.05118688510966152,2.8464393446710154
2230,0.0,10,True,0.2518518518518518,0.2,0.030429649809874948,2.7219280948873625
2231,0.0,10,True,0.56,0.9,0.5310044064107188,0.4689955935892812
2232,0.0,10,True,0.5466666666666666,0.9,0.5310044064107188,0.4689955935892812
2233,0.0,10,True,0.3851851851851852,0.6,0.21452470277266567,1.5709505944546687
2234,0.1,9,True,0.32407407407407407,0.5555555555555556,0.15545875354128547,1.6577427265048887
2235,0.1,9,True,0.3222222222222222,0.5555555555555556,0.15545875354128547,1.6577427265048887
2236,0.1,9,True,0.2907407407407407,0.3333333333333333,0.08279110672080625,2.113283334294875
2237,0.1,9,True,0.38333333333333336,0.6666666666666666,0.23729309346223382,1.4466166676282082
2238,0.1,9,True,0.548148148148148,0.8888888888888888,0.41832813428211324,0.5032583347756457
2239,0.2,8,True,0.6166666666666667,0.75,0.13502647928207268,0.8112781244591328
2240,0.2,8,True,0.35238095238095235,0.5,0.08613531161467847,1.75
2241,0.2,8,True,0.3547619047619047,0.625,0.15545875354128547,1.5487949406953985
2242,0.2,8,True,0.5333333333333333,1.0,0.2780719051126377,0.0
2243,0.2,8,True,0.45,0.875,0.27015330083790245,0.5435644431995964
2244,0.1,9,True,0.5037037037037037,0.8888888888888888,0.41832813428211324,0.5032583347756457
2245,0.1,9,True,0.40925925925925927,0.6666666666666666,0.21452470277266567,1.224394445405986
2246,0.1,9,True,0.3925925925925926,0.6666666666666666,0.21452470277266567,1.224394445405986
2247,0.1,9,True,0.28703703703703703,0.4444444444444444,0.10167108723147944,2.2810361125534233
2248,0.1,9,True,0.3814814814814815,0.5555555555555556,0.15545875354128547,1.6577427265048887
2249,0.1,9,True,0.26666666666666666,0.4444444444444444,0.10175559829607284,2.058813890331201
2250,0.1,9,True,0.36666666666666664,0.5555555555555556,0.16402499191349473,1.8799649487271108
2251,0.1,9,True,0.3037037037037037,0.3333333333333333,0.05358807178498548,2.197159723424149
2252,0.1,9,True,0.42962962962962964,0.5555555555555556,0.1572623513863327,1.3516441151533922
2253,0.1,9,True,0.27037037037037037,0.4444444444444444,0.10175559829607284,2.058813890331201
2254,0.1,9,True,0.6,1.0,0.5310044064107188,0.0
2255,0.1,9,True,0.274074074074074,0.3333333333333333,0.0573192851827401,2.4193819456463714
2256,0.1,9,True,0.22777777777777777,0.2222222222222222,0.02602396837087928,2.725480556997868
2257,0.1,9,True,0.28518518518518515,0.3333333333333333,0.08279110672080636,2.113283334294875
2258,0.1,9,True,0.4185185185185185,0.5555555555555556,0.15545875354128547,1.6577427265048887
2259,0.1,9,True,0.3148148148148148,0.4444444444444444,0.10175559829607284,2.058813890331201
2260,0.8,2,False,,,,
2261,0.9,1,False,,,,
2262,0.1,9,True,0.3907407407407407,0.4444444444444444,0.11864654673111685,1.7527152789797045
2263,0.1,9,True,0.5037037037037037,0.8888888888888888,0.41832813428211324,0.5032583347756457
2264,0.1,9,True,0.24814814814814815,0.3333333333333333,0.0573192851827401,2.4193819456463714
2265,0.1,9,True,0.3907407407407407,0.6666666666666666,0.23729309346223382,1.4466166676282082
2266,0.1,9,True,0.3537037037037037,0.5555555555555556,0.15545875354128547,1.6577427265048887
2267,0.1,9,True,0.30185185185185187,0.5555555555555556,0.15545875354128547,1.6577427265048887
2268,0.1,9,True,0.35,0.6666666666666666,0.23729309346223382,1.4466166676282082
2269,0.1,9,True,0.4703703703703704,0.7777777777777778,0.32161017527648017,0.9864267287308424
2270,0.1,9,True,0.3351851851851852,0.5555555555555556,0.16402499191349473,1.8799649487271108
2271,0.1,9,True,0.35,0.3333333333333333,0.05358807178498548,2.197159723424149
2272,0.1,9,True,0.2574074074074074,0.3333333333333333,0.0573192851827401,2.4193819456463714
2273,0.1,9,True,0.19074074074074074,0.2222222222222222,0.02602396837087928,2.725480556997868
2274,0.2,8,True,0.2142857142857143,0.25,0.030429649809874948,2.5
2275,0.2,8,True,0.24285714285714285,0.25,0.02602396837087928,2.75
2276,0.3,7,True,0.20634920634920637,0.2857142857142857,0.0573192851827401,2.521640636343318
2277,0.7,3,False,,,,
2278,0.8,2,False,,,,
2279,0.9,1,False,,,,
2280,0.9,1,False,,,,
2281,0.9,1,False,,,,
2282,0.9,1,False,,,,
2283,0.9,1,False,,,,
2284,0.9,1,False,,,,
2285,0.9,1,False,,,,
2286,0.9,1,False,,,,
2287,0.9,1,False,,,,
2288,0.9,1,False,,,,
2289,0.9,1,False,,,,
2290,0.9,1,False,,,,
2291,0.9,1,False,,,,
2292,0.9,1,False,,,,
2293,0.9,1,False,,,,
2294,0.9,1,False,,,,
2295,0.9,1,False,,,,
2296,0.9,1,False,,,,
2297,0.9,1,False,,,,
2298,0.9,1,False,,,,
2299,0.9,1,False,,,,
2300,0.9,1,False,,,,
2301,0.9,1,False,,,,
2302,1.0,0,False,,,,
2303,1.0,0,False,,,,
2304,1.0,0,False,,,,
2305,1.0,0,False,,,,
2306,1.0,0,False,,,,
2307,1.0,0,False,,,,
2308,1.0,0,False,,,,
2309,1.0,0,False,,,,
2310,1.0,0,False,,,,
2311,1.0,0,False,,,,
2312,1.0,0,False,,,,
2313,1.0,0,False,,,,
2314,1.0,0,False,,,,
2315,1.0,0,False,,,,
2316,0.9,1,False,,,,
2317,0.9,1,False,,,,
2318,0.9,1,False,,,,
2319,0.9,1,False,,,,
2320,0.9,1,False,,,,
2321,0.9,1,False,,,,
2322,0.9,1,False,,,,
2323,0.9,1,False,,,,
2324,0.9,1,False,,,,
2325,0.9,1,False,,,,
2326,0.9,1,False,,,,
2327,0.9,1,False,,,,
2328,0.9,1,False,,,,
2329,0.9,1,False,,,,
2330,0.9,1,False,,,,
2331,0.9,1,False,,,,
2332,0.9,1,False,,,,
2333,0.9,1,False,,,,
2334,0.9,1,False,,,,
2335,0.9,1,False,,,,
2336,0.9,1,False,,,,
2337,0.9,1,False,,,,
2338,0.9,1,False,,,,
2339,0.9,1,False,,,,
2340,0.9,1,False,,,,
2341,0.9,1,False,,,,
2342,0.9,1,False,,,,
2343,0.9,1,False,,,,
2344,0.9,1,False,,,,
2345,0.9,1,False,,,,
2346,0.9,1,False,,,,
2347,0.9,1,False,,,,
2348,0.9,1,False,,,,
2349,0.9,1,False,,,,
2350,0.9,1,False,,,,
2351,0.9,1,False,,,,
2352,0.9,1,False,,,,
2353,0.9,1,False,,,,
2354,0.9,1,False,,,,
2355,0.9,1,False,,,,
2356,0.9,1,False,,,,
2357,0.9,1,False,,,,
2358,0.9,1,False,,,,
2359,0.9,1,False,,,,
2360,0.9,1,False,,,,
2361,0.9,1,False,,,,
2362,0.9,1,False,,,,
2363,0.9,1,False,,,,
2364,0.9,1,False,,,,
2365,0.9,1,False,,,,
2366,0.9,1,False,,,,
2367,0.9,1,False,,,,
2368,0.9,1,False,,,,
2369,0.9,1,False,,,,
2370,0.9,1,False,,,,
2371,0.9,1,False,,,,
2372,0.9,1,False,,,,
2373,0.9,1,False,,,,
2374,0.9,1,False,,,,
2375,0.9,1,False,,,,
2376,0.9,1,False,,,,
2377,0.9,1,False,,,,
2378,0.9,1,False,,,,
2379,0.9,1,False,,,,
2380,0.9,1,False,,,,
2381,0.9,1,False,,,,
2382,0.9,1,False,,,,
2383,0.9,1,False,,,,
2384,0.9,1,False,,,,
2385,0.9,1,False,,,,
2386,0.9,1,False,,,,
2387,0.9,1,False,,,,
2388,0.9,1,False,,,,
2389,0.9,1,False,,,,
2390,0.9,1,False,,,,
2391,0.9,1,False,,,,
2392,0.9,1,False,,,,
2393,0.9,1,False,,,,
2394,0.9,1,False,,,,
2395,0.9,1,False,,,,
2396,0.9,1,False,,,,
2397,0.9,1,False,,,,
2398,0.9,1,False,,,,
2399,0.9,1,False,,,,
2400,0.9,1,False,,,,
2401,0.9,1,False,,,,
2402,0.9,1,False,,,,
2403,0.9,1,False,,,,
2404,0.9,1,False,,,,
2405,0.9,1,False,,,,
2406,0.9,1,False,,,,
2407,0.9,1,False,,,,
2408,0.9,1,False,,,,
2409,0.9,1,False,,,,
2410,0.9,1,False,,,,
2411,0.9,1,False,,,,
2412,0.9,1,False,,,,
2413,0.9,1,False,,,,
2414,0.9,1,False,,,,
2415,0.9,1,False,,,,
2416,0.9,1,False,,,,
2417,0.9,1,False,,,,
2418,0.9,1,False,,,,
2419,0.9,1,False,,,,
2420,0.9,1,False,,,,
2421,0.9,1,False,,,,
2422,0.9,1,False,,,,
2423,0.9,1,False,,,,
2424,0.9,1,False,,,,
2425,0.9,1,False,,,,
2426,0.9,1,False,,,,
2427,0.9,1,False,,,,
2428,0.9,1,False,,,,
2429,0.9,1,False,,,,
2430,0.9,1,False,,,,
2431,0.9,1,False,,,,
2432,0.9,1,False,,,,
2433,0.9,1,False,,,,
2434,0.9,1,False,,,,
2435,0.9,1,False,,,,
2436,0.9,1,False,,,,
2437,0.9,1,False,,,,
2438,0.9,1,False,,,,
2439,0.9,1,False,,,,
2440,0.9,1,False,,,,
2441,0.9,1,False,,,,
2442,0.9,1,False,,,,
2443,0.9,1,False,,,,
2444,0.9,1,False,,,,
2445,0.9,1,False,,,,
2446,0.9,1,False,,,,
2447,0.9,1,False,,,,
2448,0.9,1,False,,,,
2449,0.9,1,False,,,,
2450,0.9,1,False,,,,
2451,0.9,1,False,,,,
2452,0.9,1,False,,,,
2453,0.9,1,False,,,,
2454,0.9,1,False,,,,
2455,0.9,1,False,,,,
2456,0.9,1,False,,,,
2457,0.9,1,False,,,,
2458,0.9,1,False,,,,
2459,0.9,1,False,,,,
2460,0.9,1,False,,,,
2461,0.9,1,False,,,,
2462,0.9,1,False,,,,
2463,0.9,1,False,,,,
2464,0.9,1,False,,,,
2465,0.9,1,False,,,,
2466,0.9,1,False,,,,
2467,0.9,1,False,,,,
2468,0.9,1,False,,,,
2469,0.9,1,False,,,,
2470,0.9,1,False,,,,
2471,0.9,1,False,,,,
2472,0.9,1,False,,,,
2473,0.9,1,False,,,,
2474,0.9,1,False,,,,
2475,0.9,1,False,,,,
2476,0.9,1,False,,,,
2477,0.9,1,False,,,,
2478,0.9,1,False,,,,
2479,0.9,1,False,,,,
2480,0.9,1,False,,,,
2481,0.9,1,False,,,,
2482,0.9,1,False,,,,
2483,0.9,1,False,,,,
2484,0.9,1,False,,,,
2485,0.9,1,False,,,,
2486,0.9,1,False,,,,
2487,0.9,1,False,,,,
2488,0.9,1,False,,,,
2489,0.9,1,False,,,,
2490,0.9,1,False,,,,
2491,0.9,1,False,,,,
2492,0.9,1,False,,,,
2493,0.9,1,False,,,,
2494,0.9,1,False,,,,
2495,0.9,1,False,,,,
2496,0.9,1,False,,,,
2497,0.9,1,False,,,,
2498,0.9,1,False,,,,
2499,0.9,1,False,,,,
2500,0.9,1,False,,,,
2501,0.9,1,False,,,,
2502,0.9,1,False,,,,
2503,0.9,1,False,,,,
2504,0.9,1,False,,,,
2505,0.9,1,False,,,,
2506,0.9,1,False,,,,
2507,0.9,1,False,,,,
2508,0.9,1,False,,,,
2509,0.9,1,False,,,,
2510,0.9,1,False,,,,
2511,0.9,1,False,,,,
2512,0.9,1,False,,,,
2513,0.9,1,False,,,,
2514,0.9,1,False,,,,
2515,0.9,1,False,,,,
2516,0.9,1,False,,,,
2517,0.9,1,False,,,,
2518,0.9,1,False,,,,
2519,0.9,1,False,,,,
2520,0.9,1,False,,,,
2521,0.9,1,False,,,,
2522,0.9,1,False,,,,
2523,0.9,1,False,,,,
2524,0.9,1,False,,,,
2525,0.9,1,False,,,,
2526,0.9,1,False,,,,
2527,0.9,1,False,,,,
2528,0.9,1,False,,,,
2529,0.9,1,False,,,,
2530,0.9,1,False,,,,
2531,0.9,1,False,,,,
2532,0.9,1,False,,,,
2533,0.9,1,False,,,,
2534,0.9,1,False,,,,
2535,0.9,1,False,,,,
2536,0.9,1,False,,,,
2537,0.9,1,False,,,,
2538,0.9,1,False,,,,
2539,0.9,1,False,,,,
2540,0.9,1,False,,,,
2541,0.9,1,False,,,,
2542,0.9,1,False,,,,
2543,0.9,1,False,,,,
2544,0.9,1,False,,,,
2545,0.9,1,False,,,,
2546,0.9,1,False,,,,
2547,0.9,1,False,,,,
2548,0.9,1,False,,,,
2549,0.9,1,False,,,,
2550,0.9,1,False,,,,
2551,0.9,1,False,,,,
2552,0.9,1,False,,,,
2553,0.9,1,False,,,,
2554,0.9,1,False,,,,
2555,0.9,1,False,,,,
2556,0.9,1,False,,,,
2557,0.9,1,False,,,,
2558,0.9,1,False,,,,
2559,0.9,1,False,,,,
2560,0.9,1,False,,,,
2561,0.9,1,False,,,,
2562,0.9,1,False,,,,
2563,0.9,1,False,,,,
2564,0.9,1,False,,,,
2565,0.9,1,False,,,,
2566,0.9,1,False,,,,
2567,0.9,1,False,,,,
2568,0.9,1,False,,,,
2569,0.9,1,False,,,,
2570,0.9,1,False,,,,
2571,0.9,1,False,,,,
2572,0.9,1,False,,,,
2573,0.9,1,False,,,,
2574,0.9,1,False,,,,
2575,0.9,1,False,,,,
2576,0.9,1,False,,,,
2577,0.9,1,False,,,,
2578,0.9,1,False,,,,
2579,0.9,1,False,,,,
2580,0.9,1,False,,,,
2581,0.9,1,False,,,,
2582,0.9,1,False,,,,
2583,0.9,1,False,,,,
2584,0.9,1,False,,,,
2585,0.9,1,False,,,,
2586,0.9,1,False,,,,
2587,0.9,1,False,,,,
2588,0.9,1,False,,,,
2589,0.9,1,False,,,,
2590,0.9,1,False,,,,
2591,0.9,1,False,,,,
2592,0.9,1,False,,,,
2593,0.9,1,False,,,,
2594,0.9,1,False,,,,
2595,0.9,1,False,,,,
2596,0.9,1,False,,,,
2597,0.9,1,False,,,,
2598,0.9,1,False,,,,
2599,0.9,1,False,,,,
2600,0.9,1,False,,,,
2601,0.9,1,False,,,,
2602,0.9,1,False,,,,
2603,0.9,1,False,,,,
2604,0.9,1,False,,,,
2605,0.9,1,False,,,,
2606,0.9,1,False,,,,
2607,0.9,1,False,,,,
2608,0.9,1,False,,,,
2609,0.9,1,False,,,,
2610,0.9,1,False,,,,
2611,0.9,1,False,,,,
2612,0.9,1,False,,,,
2613,0.9,1,False,,,,
2614,0.9,1,False,,,,
2615,0.9,1,False,,,,
2616,0.9,1,False,,,,
2617,0.9,1,False,,,,
2618,0.9,1,False,,,,
2619,0.9,1,False,,,,
2620,0.9,1,False,,,,
2621,0.9,1,False,,,,
2622,0.9,1,False,,,,
2623,0.9,1,False,,,,
2624,0.9,1,False,,,,
2625,0.9,1,False,,,,
2626,0.9,1,False,,,,
2627,0.9,1,False,,,,
2628,0.9,1,False,,,,
