col_index,gap_frac,nongap_n,keep,cons_similarity,cons_identity,cons_entropy22,cons_entropy_nogap
1,1.0,0,False,,,,
2,1.0,0,False,,,,
3,1.0,0,False,,,,
4,1.0,0,False,,,,
5,1.0,0,False,,,,
6,1.0,0,False,,,,
7,1.0,0,False,,,,
8,1.0,0,False,,,,
9,1.0,0,False,,,,
10,1.0,0,False,,,,
11,1.0,0,False,,,,
12,1.0,0,False,,,,
13,1.0,0,False,,,,
14,1.0,0,False,,,,
15,1.0,0,False,,,,
16,1.0,0,False,,,,
17,1.0,0,False,,,,
18,1.0,0,False,,,,
19,1.0,0,False,,,,
20,1.0,0,False,,,,
21,1.0,0,False,,,,
22,1.0,0,False,,,,
23,1.0,0,False,,,,
24,1.0,0,False,,,,
25,1.0,0,False,,,,
26,1.0,0,False,,,,
27,1.0,0,False,,,,
28,1.0,0,False,,,,
29,1.0,0,False,,,,
30,1.0,0,False,,,,
31,1.0,0,False,,,,
32,1.0,0,False,,,,
33,1.0,0,False,,,,
34,1.0,0,False,,,,
35,1.0,0,False,,,,
36,1.0,0,False,,,,
37,1.0,0,False,,,,
38,1.0,0,False,,,,
39,1.0,0,False,,,,
40,1.0,0,False,,,,
41,1.0,0,False,,,,
42,1.0,0,False,,,,
43,1.0,0,False,,,,
44,1.0,0,False,,,,
45,1.0,0,False,,,,
46,1.0,0,False,,,,
47,1.0,0,False,,,,
48,1.0,0,False,,,,
49,1.0,0,False,,,,
50,1.0,0,False,,,,
51,1.0,0,False,,,,
52,1.0,0,False,,,,
53,1.0,0,False,,,,
54,1.0,0,False,,,,
55,1.0,0,False,,,,
56,1.0,0,False,,,,
57,1.0,0,False,,,,
58,1.0,0,False,,,,
59,1.0,0,False,,,,
60,1.0,0,False,,,,
61,1.0,0,False,,,,
62,1.0,0,False,,,,
63,1.0,0,False,,,,
64,1.0,0,False,,,,
65,1.0,0,False,,,,
66,1.0,0,False,,,,
67,1.0,0,False,,,,
68,1.0,0,False,,,,
69,1.0,0,False,,,,
70,1.0,0,False,,,,
71,1.0,0,False,,,,
72,1.0,0,False,,,,
73,1.0,0,False,,,,
74,1.0,0,False,,,,
75,1.0,0,False,,,,
76,1.0,0,False,,,,
77,1.0,0,False,,,,
78,1.0,0,False,,,,
79,1.0,0,False,,,,
80,1.0,0,False,,,,
81,1.0,0,False,,,,
82,1.0,0,False,,,,
83,1.0,0,False,,,,
84,1.0,0,False,,,,
85,1.0,0,False,,,,
86,1.0,0,False,,,,
87,1.0,0,False,,,,
88,1.0,0,False,,,,
89,1.0,0,False,,,,
90,1.0,0,False,,,,
91,1.0,0,False,,,,
92,1.0,0,False,,,,
93,1.0,0,False,,,,
94,1.0,0,False,,,,
95,1.0,0,False,,,,
96,1.0,0,False,,,,
97,1.0,0,False,,,,
98,1.0,0,False,,,,
99,1.0,0,False,,,,
100,1.0,0,False,,,,
101,1.0,0,False,,,,
102,1.0,0,False,,,,
103,1.0,0,False,,,,
104,1.0,0,False,,,,
105,1.0,0,False,,,,
106,1.0,0,False,,,,
107,1.0,0,False,,,,
108,1.0,0,False,,,,
109,1.0,0,False,,,,
110,1.0,0,False,,,,
111,1.0,0,False,,,,
112,1.0,0,False,,,,
113,1.0,0,False,,,,
114,1.0,0,False,,,,
115,1.0,0,False,,,,
116,1.0,0,False,,,,
117,1.0,0,False,,,,
118,1.0,0,False,,,,
119,1.0,0,False,,,,
120,1.0,0,False,,,,
121,1.0,0,False,,,,
122,1.0,0,False,,,,
123,1.0,0,False,,,,
124,1.0,0,False,,,,
125,1.0,0,False,,,,
126,1.0,0,False,,,,
127,1.0,0,False,,,,
128,1.0,0,False,,,,
129,1.0,0,False,,,,
130,1.0,0,False,,,,
131,1.0,0,False,,,,
132,1.0,0,False,,,,
133,1.0,0,False,,,,
134,1.0,0,False,,,,
135,1.0,0,False,,,,
136,1.0,0,False,,,,
137,1.0,0,False,,,,
138,1.0,0,False,,,,
139,1.0,0,False,,,,
140,1.0,0,False,,,,
141,1.0,0,False,,,,
142,1.0,0,False,,,,
143,1.0,0,False,,,,
144,1.0,0,False,,,,
145,1.0,0,False,,,,
146,1.0,0,False,,,,
147,1.0,0,False,,,,
148,1.0,0,False,,,,
149,1.0,0,False,,,,
150,1.0,0,False,,,,
151,1.0,0,False,,,,
152,1.0,0,False,,,,
153,1.0,0,False,,,,
154,1.0,0,False,,,,
155,1.0,0,False,,,,
156,1.0,0,False,,,,
157,1.0,0,False,,,,
158,1.0,0,False,,,,
159,1.0,0,False,,,,
160,1.0,0,False,,,,
161,1.0,0,False,,,,
162,1.0,0,False,,,,
163,1.0,0,False,,,,
164,1.0,0,False,,,,
165,1.0,0,False,,,,
166,1.0,0,False,,,,
167,1.0,0,False,,,,
168,1.0,0,False,,,,
169,1.0,0,False,,,,
170,1.0,0,False,,,,
171,1.0,0,False,,,,
172,1.0,0,False,,,,
173,1.0,0,False,,,,
174,1.0,0,False,,,,
175,1.0,0,False,,,,
176,1.0,0,False,,,,
177,1.0,0,False,,,,
178,1.0,0,False,,,,
179,1.0,0,False,,,,
180,1.0,0,False,,,,
181,1.0,0,False,,,,
182,1.0,0,False,,,,
183,1.0,0,False,,,,
184,1.0,0,False,,,,
185,1.0,0,False,,,,
186,1.0,0,False,,,,
187,1.0,0,False,,,,
188,1.0,0,False,,,,
189,1.0,0,False,,,,
190,1.0,0,False,,,,
191,1.0,0,False,,,,
192,1.0,0,False,,,,
193,1.0,0,False,,,,
194,1.0,0,False,,,,
195,1.0,0,False,,,,
196,1.0,0,False,,,,
197,1.0,0,False,,,,
198,1.0,0,False,,,,
199,1.0,0,False,,,,
200,1.0,0,False,,,,
201,1.0,0,False,,,,
202,1.0,0,False,,,,
203,1.0,0,False,,,,
204,1.0,0,False,,,,
205,1.0,0,False,,,,
206,1.0,0,False,,,,
207,1.0,0,False,,,,
208,1.0,0,False,,,,
209,1.0,0,False,,,,
210,1.0,0,False,,,,
211,1.0,0,False,,,,
212,1.0,0,False,,,,
213,1.0,0,False,,,,
214,1.0,0,False,,,,
215,1.0,0,False,,,,
216,1.0,0,False,,,,
217,1.0,0,False,,,,
218,1.0,0,False,,,,
219,1.0,0,False,,,,
220,1.0,0,False,,,,
221,1.0,0,False,,,,
222,1.0,0,False,,,,
223,1.0,0,False,,,,
224,1.0,0,False,,,,
225,1.0,0,False,,,,
226,1.0,0,False,,,,
227,1.0,0,False,,,,
228,1.0,0,False,,,,
229,1.0,0,False,,,,
230,1.0,0,False,,,,
231,1.0,0,False,,,,
232,1.0,0,False,,,,
233,1.0,0,False,,,,
234,1.0,0,False,,,,
235,1.0,0,False,,,,
236,1.0,0,False,,,,
237,1.0,0,False,,,,
238,1.0,0,False,,,,
239,1.0,0,False,,,,
240,1.0,0,False,,,,
241,1.0,0,False,,,,
242,1.0,0,False,,,,
243,1.0,0,False,,,,
244,1.0,0,False,,,,
245,1.0,0,False,,,,
246,1.0,0,False,,,,
247,1.0,0,False,,,,
248,1.0,0,False,,,,
249,1.0,0,False,,,,
250,1.0,0,False,,,,
251,1.0,0,False,,,,
252,1.0,0,False,,,,
253,1.0,0,False,,,,
254,1.0,0,False,,,,
255,1.0,0,False,,,,
256,1.0,0,False,,,,
257,1.0,0,False,,,,
258,1.0,0,False,,,,
259,1.0,0,False,,,,
260,1.0,0,False,,,,
261,1.0,0,False,,,,
262,1.0,0,False,,,,
263,1.0,0,False,,,,
264,1.0,0,False,,,,
265,1.0,0,False,,,,
266,1.0,0,False,,,,
267,1.0,0,False,,,,
268,1.0,0,False,,,,
269,1.0,0,False,,,,
270,1.0,0,False,,,,
271,1.0,0,False,,,,
272,1.0,0,False,,,,
273,1.0,0,False,,,,
274,1.0,0,False,,,,
275,1.0,0,False,,,,
276,1.0,0,False,,,,
277,1.0,0,False,,,,
278,1.0,0,False,,,,
279,1.0,0,False,,,,
280,1.0,0,False,,,,
281,1.0,0,False,,,,
282,1.0,0,False,,,,
283,1.0,0,False,,,,
284,1.0,0,False,,,,
285,1.0,0,False,,,,
286,1.0,0,False,,,,
287,1.0,0,False,,,,
288,1.0,0,False,,,,
289,1.0,0,False,,,,
290,1.0,0,False,,,,
291,1.0,0,False,,,,
292,1.0,0,False,,,,
293,1.0,0,False,,,,
294,1.0,0,False,,,,
295,1.0,0,False,,,,
296,1.0,0,False,,,,
297,1.0,0,False,,,,
298,1.0,0,False,,,,
299,1.0,0,False,,,,
300,1.0,0,False,,,,
301,1.0,0,False,,,,
302,1.0,0,False,,,,
303,1.0,0,False,,,,
304,1.0,0,False,,,,
305,1.0,0,False,,,,
306,1.0,0,False,,,,
307,1.0,0,False,,,,
308,1.0,0,False,,,,
309,1.0,0,False,,,,
310,1.0,0,False,,,,
311,1.0,0,False,,,,
312,1.0,0,False,,,,
313,1.0,0,False,,,,
314,1.0,0,False,,,,
315,1.0,0,False,,,,
316,1.0,0,False,,,,
317,1.0,0,False,,,,
318,1.0,0,False,,,,
319,1.0,0,False,,,,
320,1.0,0,False,,,,
321,1.0,0,False,,,,
322,1.0,0,False,,,,
323,1.0,0,False,,,,
324,1.0,0,False,,,,
325,1.0,0,False,,,,
326,1.0,0,False,,,,
327,1.0,0,False,,,,
328,1.0,0,False,,,,
329,1.0,0,False,,,,
330,1.0,0,False,,,,
331,1.0,0,False,,,,
332,1.0,0,False,,,,
333,1.0,0,False,,,,
334,1.0,0,False,,,,
335,1.0,0,False,,,,
336,1.0,0,False,,,,
337,1.0,0,False,,,,
338,1.0,0,False,,,,
339,1.0,0,False,,,,
340,1.0,0,False,,,,
341,1.0,0,False,,,,
342,1.0,0,False,,,,
343,1.0,0,False,,,,
344,1.0,0,False,,,,
345,1.0,0,False,,,,
346,1.0,0,False,,,,
347,1.0,0,False,,,,
348,1.0,0,False,,,,
349,1.0,0,False,,,,
350,1.0,0,False,,,,
351,1.0,0,False,,,,
352,1.0,0,False,,,,
353,1.0,0,False,,,,
354,1.0,0,False,,,,
355,1.0,0,False,,,,
356,1.0,0,False,,,,
357,1.0,0,False,,,,
358,1.0,0,False,,,,
359,1.0,0,False,,,,
360,1.0,0,False,,,,
361,1.0,0,False,,,,
362,1.0,0,False,,,,
363,1.0,0,False,,,,
364,1.0,0,False,,,,
365,1.0,0,False,,,,
366,1.0,0,False,,,,
367,1.0,0,False,,,,
368,1.0,0,False,,,,
369,1.0,0,False,,,,
370,1.0,0,False,,,,
371,1.0,0,False,,,,
372,1.0,0,False,,,,
373,1.0,0,False,,,,
374,1.0,0,False,,,,
375,1.0,0,False,,,,
376,1.0,0,False,,,,
377,1.0,0,False,,,,
378,1.0,0,False,,,,
379,1.0,0,False,,,,
380,1.0,0,False,,,,
381,1.0,0,False,,,,
382,1.0,0,False,,,,
383,1.0,0,False,,,,
384,1.0,0,False,,,,
385,1.0,0,False,,,,
386,1.0,0,False,,,,
387,1.0,0,False,,,,
388,1.0,0,False,,,,
389,1.0,0,False,,,,
390,1.0,0,False,,,,
391,1.0,0,False,,,,
392,1.0,0,False,,,,
393,1.0,0,False,,,,
394,1.0,0,False,,,,
395,1.0,0,False,,,,
396,1.0,0,False,,,,
397,1.0,0,False,,,,
398,1.0,0,False,,,,
399,1.0,0,False,,,,
400,1.0,0,False,,,,
401,1.0,0,False,,,,
402,1.0,0,False,,,,
403,1.0,0,False,,,,
404,1.0,0,False,,,,
405,1.0,0,False,,,,
406,1.0,0,False,,,,
407,1.0,0,False,,,,
408,1.0,0,False,,,,
409,1.0,0,False,,,,
410,1.0,0,False,,,,
411,1.0,0,False,,,,
412,1.0,0,False,,,,
413,1.0,0,False,,,,
414,1.0,0,False,,,,
415,1.0,0,False,,,,
416,1.0,0,False,,,,
417,1.0,0,False,,,,
418,1.0,0,False,,,,
419,1.0,0,False,,,,
420,1.0,0,False,,,,
421,1.0,0,False,,,,
422,1.0,0,False,,,,
423,1.0,0,False,,,,
424,1.0,0,False,,,,
425,1.0,0,False,,,,
426,1.0,0,False,,,,
427,1.0,0,False,,,,
428,1.0,0,False,,,,
429,1.0,0,False,,,,
430,1.0,0,False,,,,
431,1.0,0,False,,,,
432,1.0,0,False,,,,
433,1.0,0,False,,,,
434,1.0,0,False,,,,
435,1.0,0,False,,,,
436,1.0,0,False,,,,
437,1.0,0,False,,,,
438,1.0,0,False,,,,
439,1.0,0,False,,,,
440,1.0,0,False,,,,
441,1.0,0,False,,,,
442,1.0,0,False,,,,
443,1.0,0,False,,,,
444,1.0,0,False,,,,
445,1.0,0,False,,,,
446,1.0,0,False,,,,
447,1.0,0,False,,,,
448,1.0,0,False,,,,
449,1.0,0,False,,,,
450,1.0,0,False,,,,
451,1.0,0,False,,,,
452,1.0,0,False,,,,
453,1.0,0,False,,,,
454,1.0,0,False,,,,
455,1.0,0,False,,,,
456,1.0,0,False,,,,
457,1.0,0,False,,,,
458,1.0,0,False,,,,
459,1.0,0,False,,,,
460,1.0,0,False,,,,
461,1.0,0,False,,,,
462,1.0,0,False,,,,
463,1.0,0,False,,,,
464,1.0,0,False,,,,
465,1.0,0,False,,,,
466,1.0,0,False,,,,
467,1.0,0,False,,,,
468,1.0,0,False,,,,
469,1.0,0,False,,,,
470,1.0,0,False,,,,
471,1.0,0,False,,,,
472,1.0,0,False,,,,
473,1.0,0,False,,,,
474,1.0,0,False,,,,
475,1.0,0,False,,,,
476,1.0,0,False,,,,
477,1.0,0,False,,,,
478,1.0,0,False,,,,
479,1.0,0,False,,,,
480,1.0,0,False,,,,
481,1.0,0,False,,,,
482,1.0,0,False,,,,
483,1.0,0,False,,,,
484,1.0,0,False,,,,
485,1.0,0,False,,,,
486,1.0,0,False,,,,
487,1.0,0,False,,,,
488,1.0,0,False,,,,
489,1.0,0,False,,,,
490,1.0,0,False,,,,
491,1.0,0,False,,,,
492,1.0,0,False,,,,
493,1.0,0,False,,,,
494,1.0,0,False,,,,
495,1.0,0,False,,,,
496,1.0,0,False,,,,
497,1.0,0,False,,,,
498,1.0,0,False,,,,
499,1.0,0,False,,,,
500,1.0,0,False,,,,
501,1.0,0,False,,,,
502,1.0,0,False,,,,
503,1.0,0,False,,,,
504,1.0,0,False,,,,
505,1.0,0,False,,,,
506,1.0,0,False,,,,
507,1.0,0,False,,,,
508,1.0,0,False,,,,
509,1.0,0,False,,,,
510,1.0,0,False,,,,
511,1.0,0,False,,,,
512,1.0,0,False,,,,
513,1.0,0,False,,,,
514,1.0,0,False,,,,
515,1.0,0,False,,,,
516,1.0,0,False,,,,
517,1.0,0,False,,,,
518,1.0,0,False,,,,
519,1.0,0,False,,,,
520,1.0,0,False,,,,
521,1.0,0,False,,,,
522,1.0,0,False,,,,
523,1.0,0,False,,,,
524,1.0,0,False,,,,
525,1.0,0,False,,,,
526,1.0,0,False,,,,
527,1.0,0,False,,,,
528,1.0,0,False,,,,
529,1.0,0,False,,,,
530,1.0,0,False,,,,
531,1.0,0,False,,,,
532,1.0,0,False,,,,
533,1.0,0,False,,,,
534,1.0,0,False,,,,
535,1.0,0,False,,,,
536,1.0,0,False,,,,
537,1.0,0,False,,,,
538,1.0,0,False,,,,
539,1.0,0,False,,,,
540,1.0,0,False,,,,
541,1.0,0,False,,,,
542,1.0,0,False,,,,
543,1.0,0,False,,,,
544,1.0,0,False,,,,
545,1.0,0,False,,,,
546,1.0,0,False,,,,
547,1.0,0,False,,,,
548,1.0,0,False,,,,
549,1.0,0,False,,,,
550,1.0,0,False,,,,
551,1.0,0,False,,,,
552,1.0,0,False,,,,
553,1.0,0,False,,,,
554,1.0,0,False,,,,
555,1.0,0,False,,,,
556,1.0,0,False,,,,
557,1.0,0,False,,,,
558,1.0,0,False,,,,
559,1.0,0,False,,,,
560,1.0,0,False,,,,
561,1.0,0,False,,,,
562,1.0,0,False,,,,
563,1.0,0,False,,,,
564,1.0,0,False,,,,
565,1.0,0,False,,,,
566,1.0,0,False,,,,
567,1.0,0,False,,,,
568,1.0,0,False,,,,
569,1.0,0,False,,,,
570,1.0,0,False,,,,
571,1.0,0,False,,,,
572,1.0,0,False,,,,
573,1.0,0,False,,,,
574,1.0,0,False,,,,
575,1.0,0,False,,,,
576,1.0,0,False,,,,
577,1.0,0,False,,,,
578,1.0,0,False,,,,
579,1.0,0,False,,,,
580,1.0,0,False,,,,
581,1.0,0,False,,,,
582,1.0,0,False,,,,
583,1.0,0,False,,,,
584,1.0,0,False,,,,
585,1.0,0,False,,,,
586,1.0,0,False,,,,
587,1.0,0,False,,,,
588,1.0,0,False,,,,
589,1.0,0,False,,,,
590,1.0,0,False,,,,
591,1.0,0,False,,,,
592,1.0,0,False,,,,
593,1.0,0,False,,,,
594,1.0,0,False,,,,
595,1.0,0,False,,,,
596,1.0,0,False,,,,
597,1.0,0,False,,,,
598,1.0,0,False,,,,
599,1.0,0,False,,,,
600,1.0,0,False,,,,
601,1.0,0,False,,,,
602,1.0,0,False,,,,
603,1.0,0,False,,,,
604,1.0,0,False,,,,
605,1.0,0,False,,,,
606,1.0,0,False,,,,
607,1.0,0,False,,,,
608,1.0,0,False,,,,
609,1.0,0,False,,,,
610,1.0,0,False,,,,
611,1.0,0,False,,,,
612,1.0,0,False,,,,
613,1.0,0,False,,,,
614,1.0,0,False,,,,
615,1.0,0,False,,,,
616,1.0,0,False,,,,
617,1.0,0,False,,,,
618,1.0,0,False,,,,
619,1.0,0,False,,,,
620,1.0,0,False,,,,
621,1.0,0,False,,,,
622,1.0,0,False,,,,
623,1.0,0,False,,,,
624,1.0,0,False,,,,
625,1.0,0,False,,,,
626,1.0,0,False,,,,
627,1.0,0,False,,,,
628,1.0,0,False,,,,
629,1.0,0,False,,,,
630,1.0,0,False,,,,
631,1.0,0,False,,,,
632,1.0,0,False,,,,
633,1.0,0,False,,,,
634,1.0,0,False,,,,
635,1.0,0,False,,,,
636,1.0,0,False,,,,
637,1.0,0,False,,,,
638,1.0,0,False,,,,
639,1.0,0,False,,,,
640,1.0,0,False,,,,
641,1.0,0,False,,,,
642,1.0,0,False,,,,
643,1.0,0,False,,,,
644,1.0,0,False,,,,
645,1.0,0,False,,,,
646,1.0,0,False,,,,
647,1.0,0,False,,,,
648,1.0,0,False,,,,
649,1.0,0,False,,,,
650,1.0,0,False,,,,
651,1.0,0,False,,,,
652,1.0,0,False,,,,
653,1.0,0,False,,,,
654,1.0,0,False,,,,
655,1.0,0,False,,,,
656,1.0,0,False,,,,
657,1.0,0,False,,,,
658,1.0,0,False,,,,
659,1.0,0,False,,,,
660,1.0,0,False,,,,
661,1.0,0,False,,,,
662,1.0,0,False,,,,
663,1.0,0,False,,,,
664,1.0,0,False,,,,
665,1.0,0,False,,,,
666,1.0,0,False,,,,
667,1.0,0,False,,,,
668,1.0,0,False,,,,
669,1.0,0,False,,,,
670,1.0,0,False,,,,
671,1.0,0,False,,,,
672,1.0,0,False,,,,
673,1.0,0,False,,,,
674,1.0,0,False,,,,
675,1.0,0,False,,,,
676,1.0,0,False,,,,
677,1.0,0,False,,,,
678,1.0,0,False,,,,
679,1.0,0,False,,,,
680,1.0,0,False,,,,
681,1.0,0,False,,,,
682,1.0,0,False,,,,
683,1.0,0,False,,,,
684,1.0,0,False,,,,
685,1.0,0,False,,,,
686,1.0,0,False,,,,
687,1.0,0,False,,,,
688,1.0,0,False,,,,
689,1.0,0,False,,,,
690,1.0,0,False,,,,
691,1.0,0,False,,,,
692,1.0,0,False,,,,
693,1.0,0,False,,,,
694,1.0,0,False,,,,
695,1.0,0,False,,,,
696,1.0,0,False,,,,
697,1.0,0,False,,,,
698,1.0,0,False,,,,
699,1.0,0,False,,,,
700,1.0,0,False,,,,
701,1.0,0,False,,,,
702,1.0,0,False,,,,
703,1.0,0,False,,,,
704,1.0,0,False,,,,
705,1.0,0,False,,,,
706,1.0,0,False,,,,
707,1.0,0,False,,,,
708,1.0,0,False,,,,
709,1.0,0,False,,,,
710,1.0,0,False,,,,
711,1.0,0,False,,,,
712,1.0,0,False,,,,
713,1.0,0,False,,,,
714,1.0,0,False,,,,
715,1.0,0,False,,,,
716,1.0,0,False,,,,
717,1.0,0,False,,,,
718,1.0,0,False,,,,
719,1.0,0,False,,,,
720,1.0,0,False,,,,
721,1.0,0,False,,,,
722,1.0,0,False,,,,
723,1.0,0,False,,,,
724,1.0,0,False,,,,
725,1.0,0,False,,,,
726,1.0,0,False,,,,
727,1.0,0,False,,,,
728,1.0,0,False,,,,
729,1.0,0,False,,,,
730,1.0,0,False,,,,
731,1.0,0,False,,,,
732,1.0,0,False,,,,
733,1.0,0,False,,,,
734,1.0,0,False,,,,
735,1.0,0,False,,,,
736,1.0,0,False,,,,
737,1.0,0,False,,,,
738,1.0,0,False,,,,
739,1.0,0,False,,,,
740,1.0,0,False,,,,
741,1.0,0,False,,,,
742,1.0,0,False,,,,
743,1.0,0,False,,,,
744,1.0,0,False,,,,
745,1.0,0,False,,,,
746,1.0,0,False,,,,
747,1.0,0,False,,,,
748,1.0,0,False,,,,
749,1.0,0,False,,,,
750,1.0,0,False,,,,
751,1.0,0,False,,,,
752,1.0,0,False,,,,
753,1.0,0,False,,,,
754,1.0,0,False,,,,
755,1.0,0,False,,,,
756,1.0,0,False,,,,
757,1.0,0,False,,,,
758,1.0,0,False,,,,
759,1.0,0,False,,,,
760,1.0,0,False,,,,
761,1.0,0,False,,,,
762,1.0,0,False,,,,
763,1.0,0,False,,,,
764,1.0,0,False,,,,
765,1.0,0,False,,,,
766,1.0,0,False,,,,
767,1.0,0,False,,,,
768,1.0,0,False,,,,
769,1.0,0,False,,,,
770,1.0,0,False,,,,
771,1.0,0,False,,,,
772,1.0,0,False,,,,
773,1.0,0,False,,,,
774,1.0,0,False,,,,
775,1.0,0,False,,,,
776,1.0,0,False,,,,
777,1.0,0,False,,,,
778,1.0,0,False,,,,
779,1.0,0,False,,,,
780,1.0,0,False,,,,
781,1.0,0,False,,,,
782,1.0,0,False,,,,
783,1.0,0,False,,,,
784,1.0,0,False,,,,
785,1.0,0,False,,,,
786,1.0,0,False,,,,
787,1.0,0,False,,,,
788,1.0,0,False,,,,
789,1.0,0,False,,,,
790,1.0,0,False,,,,
791,1.0,0,False,,,,
792,1.0,0,False,,,,
793,1.0,0,False,,,,
794,1.0,0,False,,,,
795,1.0,0,False,,,,
796,1.0,0,False,,,,
797,1.0,0,False,,,,
798,1.0,0,False,,,,
799,1.0,0,False,,,,
800,1.0,0,False,,,,
801,1.0,0,False,,,,
802,1.0,0,False,,,,
803,1.0,0,False,,,,
804,1.0,0,False,,,,
805,1.0,0,False,,,,
806,1.0,0,False,,,,
807,1.0,0,False,,,,
808,1.0,0,False,,,,
809,1.0,0,False,,,,
810,1.0,0,False,,,,
811,1.0,0,False,,,,
812,1.0,0,False,,,,
813,1.0,0,False,,,,
814,1.0,0,False,,,,
815,1.0,0,False,,,,
816,1.0,0,False,,,,
817,1.0,0,False,,,,
818,1.0,0,False,,,,
819,1.0,0,False,,,,
820,1.0,0,False,,,,
821,1.0,0,False,,,,
822,1.0,0,False,,,,
823,1.0,0,False,,,,
824,1.0,0,False,,,,
825,1.0,0,False,,,,
826,1.0,0,False,,,,
827,1.0,0,False,,,,
828,1.0,0,False,,,,
829,1.0,0,False,,,,
830,1.0,0,False,,,,
831,1.0,0,False,,,,
832,1.0,0,False,,,,
833,1.0,0,False,,,,
834,1.0,0,False,,,,
835,1.0,0,False,,,,
836,1.0,0,False,,,,
837,1.0,0,False,,,,
838,1.0,0,False,,,,
839,1.0,0,False,,,,
840,1.0,0,False,,,,
841,1.0,0,False,,,,
842,1.0,0,False,,,,
843,1.0,0,False,,,,
844,1.0,0,False,,,,
845,1.0,0,False,,,,
846,1.0,0,False,,,,
847,1.0,0,False,,,,
848,1.0,0,False,,,,
849,1.0,0,False,,,,
850,1.0,0,False,,,,
851,1.0,0,False,,,,
852,1.0,0,False,,,,
853,1.0,0,False,,,,
854,1.0,0,False,,,,
855,1.0,0,False,,,,
856,1.0,0,False,,,,
857,1.0,0,False,,,,
858,1.0,0,False,,,,
859,1.0,0,False,,,,
860,1.0,0,False,,,,
861,1.0,0,False,,,,
862,1.0,0,False,,,,
863,1.0,0,False,,,,
864,1.0,0,False,,,,
865,1.0,0,False,,,,
866,1.0,0,False,,,,
867,1.0,0,False,,,,
868,1.0,0,False,,,,
869,1.0,0,False,,,,
870,1.0,0,False,,,,
871,1.0,0,False,,,,
872,1.0,0,False,,,,
873,1.0,0,False,,,,
874,1.0,0,False,,,,
875,1.0,0,False,,,,
876,1.0,0,False,,,,
877,1.0,0,False,,,,
878,1.0,0,False,,,,
879,1.0,0,False,,,,
880,1.0,0,False,,,,
881,1.0,0,False,,,,
882,1.0,0,False,,,,
883,1.0,0,False,,,,
884,1.0,0,False,,,,
885,1.0,0,False,,,,
886,1.0,0,False,,,,
887,1.0,0,False,,,,
888,1.0,0,False,,,,
889,1.0,0,False,,,,
890,1.0,0,False,,,,
891,1.0,0,False,,,,
892,1.0,0,False,,,,
893,1.0,0,False,,,,
894,1.0,0,False,,,,
895,1.0,0,False,,,,
896,1.0,0,False,,,,
897,1.0,0,False,,,,
898,1.0,0,False,,,,
899,1.0,0,False,,,,
900,1.0,0,False,,,,
901,1.0,0,False,,,,
902,1.0,0,False,,,,
903,1.0,0,False,,,,
904,1.0,0,False,,,,
905,1.0,0,False,,,,
906,1.0,0,False,,,,
907,1.0,0,False,,,,
908,1.0,0,False,,,,
909,1.0,0,False,,,,
910,1.0,0,False,,,,
911,1.0,0,False,,,,
912,1.0,0,False,,,,
913,1.0,0,False,,,,
914,1.0,0,False,,,,
915,1.0,0,False,,,,
916,1.0,0,False,,,,
917,1.0,0,False,,,,
918,1.0,0,False,,,,
919,1.0,0,False,,,,
920,1.0,0,False,,,,
921,1.0,0,False,,,,
922,1.0,0,False,,,,
923,1.0,0,False,,,,
924,1.0,0,False,,,,
925,1.0,0,False,,,,
926,1.0,0,False,,,,
927,1.0,0,False,,,,
928,1.0,0,False,,,,
929,1.0,0,False,,,,
930,1.0,0,False,,,,
931,1.0,0,False,,,,
932,1.0,0,False,,,,
933,1.0,0,False,,,,
934,1.0,0,False,,,,
935,1.0,0,False,,,,
936,1.0,0,False,,,,
937,1.0,0,False,,,,
938,1.0,0,False,,,,
939,1.0,0,False,,,,
940,1.0,0,False,,,,
941,1.0,0,False,,,,
942,1.0,0,False,,,,
943,1.0,0,False,,,,
944,1.0,0,False,,,,
945,1.0,0,False,,,,
946,1.0,0,False,,,,
947,1.0,0,False,,,,
948,1.0,0,False,,,,
949,1.0,0,False,,,,
950,1.0,0,False,,,,
951,1.0,0,False,,,,
952,1.0,0,False,,,,
953,1.0,0,False,,,,
954,1.0,0,False,,,,
955,1.0,0,False,,,,
956,1.0,0,False,,,,
957,1.0,0,False,,,,
958,1.0,0,False,,,,
959,1.0,0,False,,,,
960,1.0,0,False,,,,
961,1.0,0,False,,,,
962,1.0,0,False,,,,
963,1.0,0,False,,,,
964,1.0,0,False,,,,
965,1.0,0,False,,,,
966,1.0,0,False,,,,
967,1.0,0,False,,,,
968,1.0,0,False,,,,
969,1.0,0,False,,,,
970,1.0,0,False,,,,
971,1.0,0,False,,,,
972,1.0,0,False,,,,
973,1.0,0,False,,,,
974,1.0,0,False,,,,
975,1.0,0,False,,,,
976,1.0,0,False,,,,
977,1.0,0,False,,,,
978,1.0,0,False,,,,
979,1.0,0,False,,,,
980,1.0,0,False,,,,
981,1.0,0,False,,,,
982,1.0,0,False,,,,
983,1.0,0,False,,,,
984,1.0,0,False,,,,
985,1.0,0,False,,,,
986,1.0,0,False,,,,
987,1.0,0,False,,,,
988,1.0,0,False,,,,
989,1.0,0,False,,,,
990,1.0,0,False,,,,
991,1.0,0,False,,,,
992,1.0,0,False,,,,
993,1.0,0,False,,,,
994,1.0,0,False,,,,
995,1.0,0,False,,,,
996,1.0,0,False,,,,
997,1.0,0,False,,,,
998,1.0,0,False,,,,
999,1.0,0,False,,,,
1000,1.0,0,False,,,,
1001,1.0,0,False,,,,
1002,1.0,0,False,,,,
1003,1.0,0,False,,,,
1004,1.0,0,False,,,,
1005,1.0,0,False,,,,
1006,1.0,0,False,,,,
1007,1.0,0,False,,,,
1008,1.0,0,False,,,,
1009,1.0,0,False,,,,
1010,1.0,0,False,,,,
1011,1.0,0,False,,,,
1012,1.0,0,False,,,,
1013,1.0,0,False,,,,
1014,1.0,0,False,,,,
1015,1.0,0,False,,,,
1016,1.0,0,False,,,,
1017,1.0,0,False,,,,
1018,1.0,0,False,,,,
1019,1.0,0,False,,,,
1020,1.0,0,False,,,,
1021,1.0,0,False,,,,
1022,1.0,0,False,,,,
1023,1.0,0,False,,,,
1024,1.0,0,False,,,,
1025,1.0,0,False,,,,
1026,1.0,0,False,,,,
1027,1.0,0,False,,,,
1028,1.0,0,False,,,,
1029,1.0,0,False,,,,
1030,1.0,0,False,,,,
1031,1.0,0,False,,,,
1032,1.0,0,False,,,,
1033,1.0,0,False,,,,
1034,1.0,0,False,,,,
1035,1.0,0,False,,,,
1036,1.0,0,False,,,,
1037,1.0,0,False,,,,
1038,1.0,0,False,,,,
1039,1.0,0,False,,,,
1040,1.0,0,False,,,,
1041,1.0,0,False,,,,
1042,1.0,0,False,,,,
1043,1.0,0,False,,,,
1044,1.0,0,False,,,,
1045,1.0,0,False,,,,
1046,1.0,0,False,,,,
1047,1.0,0,False,,,,
1048,1.0,0,False,,,,
1049,1.0,0,False,,,,
1050,1.0,0,False,,,,
1051,1.0,0,False,,,,
1052,1.0,0,False,,,,
1053,1.0,0,False,,,,
1054,1.0,0,False,,,,
1055,1.0,0,False,,,,
1056,1.0,0,False,,,,
1057,1.0,0,False,,,,
1058,1.0,0,False,,,,
1059,1.0,0,False,,,,
1060,1.0,0,False,,,,
1061,1.0,0,False,,,,
1062,1.0,0,False,,,,
1063,1.0,0,False,,,,
1064,1.0,0,False,,,,
1065,1.0,0,False,,,,
1066,1.0,0,False,,,,
1067,1.0,0,False,,,,
1068,1.0,0,False,,,,
1069,1.0,0,False,,,,
1070,1.0,0,False,,,,
1071,1.0,0,False,,,,
1072,1.0,0,False,,,,
1073,1.0,0,False,,,,
1074,1.0,0,False,,,,
1075,1.0,0,False,,,,
1076,1.0,0,False,,,,
1077,1.0,0,False,,,,
1078,1.0,0,False,,,,
1079,1.0,0,False,,,,
1080,1.0,0,False,,,,
1081,1.0,0,False,,,,
1082,1.0,0,False,,,,
1083,1.0,0,False,,,,
1084,1.0,0,False,,,,
1085,1.0,0,False,,,,
1086,1.0,0,False,,,,
1087,1.0,0,False,,,,
1088,1.0,0,False,,,,
1089,1.0,0,False,,,,
1090,1.0,0,False,,,,
1091,1.0,0,False,,,,
1092,1.0,0,False,,,,
1093,1.0,0,False,,,,
1094,1.0,0,False,,,,
1095,1.0,0,False,,,,
1096,1.0,0,False,,,,
1097,1.0,0,False,,,,
1098,1.0,0,False,,,,
1099,1.0,0,False,,,,
1100,1.0,0,False,,,,
1101,1.0,0,False,,,,
1102,1.0,0,False,,,,
1103,1.0,0,False,,,,
1104,1.0,0,False,,,,
1105,1.0,0,False,,,,
1106,1.0,0,False,,,,
1107,1.0,0,False,,,,
1108,1.0,0,False,,,,
1109,1.0,0,False,,,,
1110,1.0,0,False,,,,
1111,1.0,0,False,,,,
1112,1.0,0,False,,,,
1113,1.0,0,False,,,,
1114,1.0,0,False,,,,
1115,1.0,0,False,,,,
1116,1.0,0,False,,,,
1117,1.0,0,False,,,,
1118,1.0,0,False,,,,
1119,1.0,0,False,,,,
1120,1.0,0,False,,,,
1121,1.0,0,False,,,,
1122,1.0,0,False,,,,
1123,1.0,0,False,,,,
1124,1.0,0,False,,,,
1125,1.0,0,False,,,,
1126,1.0,0,False,,,,
1127,1.0,0,False,,,,
1128,1.0,0,False,,,,
1129,1.0,0,False,,,,
1130,1.0,0,False,,,,
1131,1.0,0,False,,,,
1132,1.0,0,False,,,,
1133,1.0,0,False,,,,
1134,1.0,0,False,,,,
1135,1.0,0,False,,,,
1136,1.0,0,False,,,,
1137,1.0,0,False,,,,
1138,1.0,0,False,,,,
1139,1.0,0,False,,,,
1140,1.0,0,False,,,,
1141,1.0,0,False,,,,
1142,1.0,0,False,,,,
1143,1.0,0,False,,,,
1144,1.0,0,False,,,,
1145,1.0,0,False,,,,
1146,1.0,0,False,,,,
1147,1.0,0,False,,,,
1148,1.0,0,False,,,,
1149,1.0,0,False,,,,
1150,1.0,0,False,,,,
1151,1.0,0,False,,,,
1152,1.0,0,False,,,,
1153,1.0,0,False,,,,
1154,1.0,0,False,,,,
1155,1.0,0,False,,,,
1156,1.0,0,False,,,,
1157,1.0,0,False,,,,
1158,1.0,0,False,,,,
1159,1.0,0,False,,,,
1160,1.0,0,False,,,,
1161,1.0,0,False,,,,
1162,1.0,0,False,,,,
1163,1.0,0,False,,,,
1164,1.0,0,False,,,,
1165,1.0,0,False,,,,
1166,1.0,0,False,,,,
1167,1.0,0,False,,,,
1168,1.0,0,False,,,,
1169,1.0,0,False,,,,
1170,1.0,0,False,,,,
1171,1.0,0,False,,,,
1172,1.0,0,False,,,,
1173,1.0,0,False,,,,
1174,1.0,0,False,,,,
1175,1.0,0,False,,,,
1176,1.0,0,False,,,,
1177,1.0,0,False,,,,
1178,1.0,0,False,,,,
1179,1.0,0,False,,,,
1180,1.0,0,False,,,,
1181,1.0,0,False,,,,
1182,1.0,0,False,,,,
1183,1.0,0,False,,,,
1184,1.0,0,False,,,,
1185,1.0,0,False,,,,
1186,1.0,0,False,,,,
1187,1.0,0,False,,,,
1188,1.0,0,False,,,,
1189,1.0,0,False,,,,
1190,1.0,0,False,,,,
1191,1.0,0,False,,,,
1192,1.0,0,False,,,,
1193,1.0,0,False,,,,
1194,1.0,0,False,,,,
1195,1.0,0,False,,,,
1196,1.0,0,False,,,,
1197,1.0,0,False,,,,
1198,1.0,0,False,,,,
1199,1.0,0,False,,,,
1200,1.0,0,False,,,,
1201,1.0,0,False,,,,
1202,1.0,0,False,,,,
1203,1.0,0,False,,,,
1204,1.0,0,False,,,,
1205,1.0,0,False,,,,
1206,1.0,0,False,,,,
1207,1.0,0,False,,,,
1208,1.0,0,False,,,,
1209,1.0,0,False,,,,
1210,1.0,0,False,,,,
1211,1.0,0,False,,,,
1212,1.0,0,False,,,,
1213,1.0,0,False,,,,
1214,1.0,0,False,,,,
1215,1.0,0,False,,,,
1216,1.0,0,False,,,,
1217,1.0,0,False,,,,
1218,1.0,0,False,,,,
1219,1.0,0,False,,,,
1220,1.0,0,False,,,,
1221,1.0,0,False,,,,
1222,1.0,0,False,,,,
1223,1.0,0,False,,,,
1224,1.0,0,False,,,,
1225,1.0,0,False,,,,
1226,1.0,0,False,,,,
1227,1.0,0,False,,,,
1228,1.0,0,False,,,,
1229,1.0,0,False,,,,
1230,1.0,0,False,,,,
1231,1.0,0,False,,,,
1232,1.0,0,False,,,,
1233,1.0,0,False,,,,
1234,1.0,0,False,,,,
1235,1.0,0,False,,,,
1236,1.0,0,False,,,,
1237,1.0,0,False,,,,
1238,1.0,0,False,,,,
1239,1.0,0,False,,,,
1240,1.0,0,False,,,,
1241,1.0,0,False,,,,
1242,1.0,0,False,,,,
1243,1.0,0,False,,,,
1244,1.0,0,False,,,,
1245,1.0,0,False,,,,
1246,1.0,0,False,,,,
1247,1.0,0,False,,,,
1248,1.0,0,False,,,,
1249,1.0,0,False,,,,
1250,1.0,0,False,,,,
1251,1.0,0,False,,,,
1252,1.0,0,False,,,,
1253,1.0,0,False,,,,
1254,1.0,0,False,,,,
1255,1.0,0,False,,,,
1256,1.0,0,False,,,,
1257,1.0,0,False,,,,
1258,1.0,0,False,,,,
1259,1.0,0,False,,,,
1260,1.0,0,False,,,,
1261,1.0,0,False,,,,
1262,1.0,0,False,,,,
1263,1.0,0,False,,,,
1264,1.0,0,False,,,,
1265,1.0,0,False,,,,
1266,1.0,0,False,,,,
1267,1.0,0,False,,,,
1268,1.0,0,False,,,,
1269,1.0,0,False,,,,
1270,1.0,0,False,,,,
1271,1.0,0,False,,,,
1272,1.0,0,False,,,,
1273,1.0,0,False,,,,
1274,1.0,0,False,,,,
1275,1.0,0,False,,,,
1276,1.0,0,False,,,,
1277,1.0,0,False,,,,
1278,1.0,0,False,,,,
1279,1.0,0,False,,,,
1280,1.0,0,False,,,,
1281,1.0,0,False,,,,
1282,1.0,0,False,,,,
1283,1.0,0,False,,,,
1284,1.0,0,False,,,,
1285,1.0,0,False,,,,
1286,1.0,0,False,,,,
1287,1.0,0,False,,,,
1288,1.0,0,False,,,,
1289,1.0,0,False,,,,
1290,1.0,0,False,,,,
1291,1.0,0,False,,,,
1292,1.0,0,False,,,,
1293,1.0,0,False,,,,
1294,1.0,0,False,,,,
1295,1.0,0,False,,,,
1296,1.0,0,False,,,,
1297,1.0,0,False,,,,
1298,1.0,0,False,,,,
1299,1.0,0,False,,,,
1300,1.0,0,False,,,,
1301,1.0,0,False,,,,
1302,1.0,0,False,,,,
1303,1.0,0,False,,,,
1304,1.0,0,False,,,,
1305,1.0,0,False,,,,
1306,1.0,0,False,,,,
1307,1.0,0,False,,,,
1308,1.0,0,False,,,,
1309,1.0,0,False,,,,
1310,1.0,0,False,,,,
1311,1.0,0,False,,,,
1312,1.0,0,False,,,,
1313,1.0,0,False,,,,
1314,1.0,0,False,,,,
1315,1.0,0,False,,,,
1316,1.0,0,False,,,,
1317,1.0,0,False,,,,
1318,1.0,0,False,,,,
1319,1.0,0,False,,,,
1320,1.0,0,False,,,,
1321,1.0,0,False,,,,
1322,1.0,0,False,,,,
1323,1.0,0,False,,,,
1324,1.0,0,False,,,,
1325,1.0,0,False,,,,
1326,1.0,0,False,,,,
1327,1.0,0,False,,,,
1328,1.0,0,False,,,,
1329,1.0,0,False,,,,
1330,1.0,0,False,,,,
1331,1.0,0,False,,,,
1332,1.0,0,False,,,,
1333,1.0,0,False,,,,
1334,1.0,0,False,,,,
1335,1.0,0,False,,,,
1336,1.0,0,False,,,,
1337,1.0,0,False,,,,
1338,1.0,0,False,,,,
1339,1.0,0,False,,,,
1340,1.0,0,False,,,,
1341,1.0,0,False,,,,
1342,1.0,0,False,,,,
1343,1.0,0,False,,,,
1344,1.0,0,False,,,,
1345,1.0,0,False,,,,
1346,1.0,0,False,,,,
1347,1.0,0,False,,,,
1348,1.0,0,False,,,,
1349,1.0,0,False,,,,
1350,1.0,0,False,,,,
1351,1.0,0,False,,,,
1352,1.0,0,False,,,,
1353,1.0,0,False,,,,
1354,1.0,0,False,,,,
1355,1.0,0,False,,,,
1356,1.0,0,False,,,,
1357,1.0,0,False,,,,
1358,1.0,0,False,,,,
1359,1.0,0,False,,,,
1360,1.0,0,False,,,,
1361,1.0,0,False,,,,
1362,1.0,0,False,,,,
1363,1.0,0,False,,,,
1364,1.0,0,False,,,,
1365,1.0,0,False,,,,
1366,1.0,0,False,,,,
1367,1.0,0,False,,,,
1368,1.0,0,False,,,,
1369,1.0,0,False,,,,
1370,1.0,0,False,,,,
1371,1.0,0,False,,,,
1372,1.0,0,False,,,,
1373,1.0,0,False,,,,
1374,1.0,0,False,,,,
1375,1.0,0,False,,,,
1376,1.0,0,False,,,,
1377,1.0,0,False,,,,
1378,1.0,0,False,,,,
1379,1.0,0,False,,,,
1380,1.0,0,False,,,,
1381,1.0,0,False,,,,
1382,1.0,0,False,,,,
1383,1.0,0,False,,,,
1384,1.0,0,False,,,,
1385,1.0,0,False,,,,
1386,1.0,0,False,,,,
1387,1.0,0,False,,,,
1388,1.0,0,False,,,,
1389,1.0,0,False,,,,
1390,1.0,0,False,,,,
1391,1.0,0,False,,,,
1392,1.0,0,False,,,,
1393,1.0,0,False,,,,
1394,1.0,0,False,,,,
1395,1.0,0,False,,,,
1396,1.0,0,False,,,,
1397,1.0,0,False,,,,
1398,1.0,0,False,,,,
1399,1.0,0,False,,,,
1400,1.0,0,False,,,,
1401,1.0,0,False,,,,
1402,1.0,0,False,,,,
1403,1.0,0,False,,,,
1404,0.8888888888888888,1,False,,,,
1405,0.8888888888888888,1,False,,,,
1406,0.8888888888888888,1,False,,,,
1407,0.8888888888888888,1,False,,,,
1408,0.8888888888888888,1,False,,,,
1409,0.8888888888888888,1,False,,,,
1410,0.8888888888888888,1,False,,,,
1411,0.2222222222222222,7,True,0.4857142857142857,0.8571428571428571,0.22749311428573982,0.5916727785823275
1412,0.2222222222222222,7,True,0.580952380952381,0.8571428571428571,0.22749311428573982,0.5916727785823275
1413,0.2222222222222222,7,True,0.5333333333333333,1.0,0.23579549349137974,0.0
1414,0.2222222222222222,7,True,0.44761904761904764,0.8571428571428571,0.22749311428573982,0.5916727785823275
1415,0.2222222222222222,7,True,0.5428571428571428,0.8571428571428571,0.22749311428573982,0.5916727785823275
1416,0.2222222222222222,7,True,0.5333333333333333,1.0,0.23579549349137974,0.0
1417,0.2222222222222222,7,True,0.5333333333333333,1.0,0.23579549349137974,0.0
1418,0.2222222222222222,7,True,0.5333333333333333,1.0,0.23579549349137974,0.0
1419,0.2222222222222222,7,True,0.6,1.0,0.23579549349137974,0.0
1420,0.2222222222222222,7,True,0.6666666666666666,1.0,0.23579549349137974,0.0
1421,0.2222222222222222,7,True,0.6666666666666666,1.0,0.23579549349137974,0.0
1422,0.2222222222222222,7,True,0.6,1.0,0.23579549349137974,0.0
1423,0.2222222222222222,7,True,0.5333333333333333,1.0,0.23579549349137974,0.0
1424,0.2222222222222222,7,True,0.7333333333333333,1.0,0.23579549349137974,0.0
1425,0.2222222222222222,7,True,0.6,1.0,0.23579549349137974,0.0
1426,0.2222222222222222,7,True,0.6666666666666666,1.0,0.23579549349137974,0.0
1427,0.2222222222222222,7,True,0.6,1.0,0.23579549349137974,0.0
1428,0.2222222222222222,7,True,0.6,1.0,0.23579549349137974,0.0
1429,0.2222222222222222,7,True,0.5142857142857143,0.8571428571428571,0.22749311428573982,0.5916727785823275
1430,0.2222222222222222,7,True,0.5333333333333333,1.0,0.23579549349137974,0.0
1431,0.2222222222222222,7,True,0.6666666666666666,1.0,0.23579549349137974,0.0
1432,0.2222222222222222,7,True,0.7333333333333333,1.0,0.23579549349137974,0.0
1433,0.2222222222222222,7,True,0.6666666666666666,1.0,0.23579549349137974,0.0
1434,0.2222222222222222,7,True,0.5333333333333333,1.0,0.23579549349137974,0.0
1435,0.2222222222222222,7,True,0.5333333333333333,1.0,0.23579549349137974,0.0
1436,0.2222222222222222,7,True,0.6,1.0,0.23579549349137974,0.0
1437,0.2222222222222222,7,True,0.8,1.0,0.23579549349137974,0.0
1438,0.2222222222222222,7,True,0.6666666666666666,1.0,0.23579549349137974,0.0
1439,0.2222222222222222,7,True,0.5333333333333333,1.0,0.23579549349137974,0.0
1440,0.2222222222222222,7,True,0.5333333333333333,1.0,0.23579549349137974,0.0
1441,1.0,0,False,,,,
1442,1.0,0,False,,,,
1443,1.0,0,False,,,,
1444,1.0,0,False,,,,
1445,1.0,0,False,,,,
1446,1.0,0,False,,,,
1447,1.0,0,False,,,,
1448,1.0,0,False,,,,
1449,1.0,0,False,,,,
1450,1.0,0,False,,,,
1451,1.0,0,False,,,,
1452,1.0,0,False,,,,
1453,1.0,0,False,,,,
1454,1.0,0,False,,,,
1455,1.0,0,False,,,,
1456,1.0,0,False,,,,
1457,1.0,0,False,,,,
1458,1.0,0,False,,,,
1459,1.0,0,False,,,,
1460,1.0,0,False,,,,
1461,1.0,0,False,,,,
1462,1.0,0,False,,,,
1463,1.0,0,False,,,,
1464,1.0,0,False,,,,
1465,1.0,0,False,,,,
1466,1.0,0,False,,,,
1467,1.0,0,False,,,,
1468,1.0,0,False,,,,
1469,1.0,0,False,,,,
1470,1.0,0,False,,,,
1471,1.0,0,False,,,,
1472,1.0,0,False,,,,
1473,1.0,0,False,,,,
1474,1.0,0,False,,,,
1475,1.0,0,False,,,,
1476,1.0,0,False,,,,
1477,1.0,0,False,,,,
1478,1.0,0,False,,,,
1479,1.0,0,False,,,,
1480,1.0,0,False,,,,
1481,1.0,0,False,,,,
1482,1.0,0,False,,,,
1483,1.0,0,False,,,,
1484,1.0,0,False,,,,
1485,1.0,0,False,,,,
1486,1.0,0,False,,,,
1487,1.0,0,False,,,,
1488,1.0,0,False,,,,
1489,1.0,0,False,,,,
1490,1.0,0,False,,,,
1491,1.0,0,False,,,,
1492,1.0,0,False,,,,
1493,1.0,0,False,,,,
1494,1.0,0,False,,,,
1495,1.0,0,False,,,,
1496,1.0,0,False,,,,
1497,1.0,0,False,,,,
1498,1.0,0,False,,,,
1499,1.0,0,False,,,,
1500,1.0,0,False,,,,
1501,1.0,0,False,,,,
1502,1.0,0,False,,,,
1503,1.0,0,False,,,,
1504,1.0,0,False,,,,
1505,1.0,0,False,,,,
1506,1.0,0,False,,,,
1507,1.0,0,False,,,,
1508,1.0,0,False,,,,
1509,1.0,0,False,,,,
1510,1.0,0,False,,,,
1511,1.0,0,False,,,,
1512,1.0,0,False,,,,
1513,1.0,0,False,,,,
1514,1.0,0,False,,,,
1515,1.0,0,False,,,,
1516,1.0,0,False,,,,
1517,0.6666666666666666,3,False,,,,
1518,0.6666666666666666,3,False,,,,
1519,0.6666666666666666,3,False,,,,
1520,0.6666666666666666,3,False,,,,
1521,0.7777777777777778,2,False,,,,
1522,0.8888888888888888,1,False,,,,
1523,0.8888888888888888,1,False,,,,
1524,0.8888888888888888,1,False,,,,
1525,0.8888888888888888,1,False,,,,
1526,0.8888888888888888,1,False,,,,
1527,0.8888888888888888,1,False,,,,
1528,0.8888888888888888,1,False,,,,
1529,0.8888888888888888,1,False,,,,
1530,0.8888888888888888,1,False,,,,
1531,0.8888888888888888,1,False,,,,
1532,0.8888888888888888,1,False,,,,
1533,0.8888888888888888,1,False,,,,
1534,0.7777777777777778,2,False,,,,
1535,0.6666666666666666,3,False,,,,
1536,0.6666666666666666,3,False,,,,
1537,0.6666666666666666,3,False,,,,
1538,0.6666666666666666,3,False,,,,
1539,0.6666666666666666,3,False,,,,
1540,0.6666666666666666,3,False,,,,
1541,0.6666666666666666,3,False,,,,
1542,0.6666666666666666,3,False,,,,
1543,0.2222222222222222,7,True,0.5333333333333333,1.0,0.23579549349137974,0.0
1544,0.2222222222222222,7,True,0.5333333333333333,1.0,0.23579549349137974,0.0
1545,0.2222222222222222,7,True,0.6,1.0,0.23579549349137974,0.0
1546,0.2222222222222222,7,True,0.6666666666666666,1.0,0.23579549349137974,0.0
1547,0.2222222222222222,7,True,0.5333333333333333,1.0,0.23579549349137974,0.0
1548,0.2222222222222222,7,True,0.5333333333333333,1.0,0.23579549349137974,0.0
1549,0.2222222222222222,7,True,0.5333333333333333,1.0,0.23579549349137974,0.0
1550,0.2222222222222222,7,True,0.6666666666666666,1.0,0.23579549349137974,0.0
1551,0.2222222222222222,7,True,0.6,1.0,0.23579549349137974,0.0
1552,0.2222222222222222,7,True,0.6666666666666666,1.0,0.23579549349137974,0.0
1553,0.2222222222222222,7,True,0.5333333333333333,1.0,0.23579549349137974,0.0
1554,0.2222222222222222,7,True,0.8,1.0,0.23579549349137974,0.0
1555,0.2222222222222222,7,True,0.5333333333333333,1.0,0.23579549349137974,0.0
1556,0.2222222222222222,7,True,0.6,1.0,0.23579549349137974,0.0
1557,0.2222222222222222,7,True,0.7333333333333333,1.0,0.23579549349137974,0.0
1558,0.2222222222222222,7,True,0.6,1.0,0.23579549349137974,0.0
1559,0.2222222222222222,7,True,0.6,1.0,0.23579549349137974,0.0
1560,0.2222222222222222,7,True,0.6,1.0,0.23579549349137974,0.0
1561,0.2222222222222222,7,True,0.5333333333333333,1.0,0.23579549349137974,0.0
1562,0.2222222222222222,7,True,0.5333333333333333,1.0,0.23579549349137974,0.0
1563,0.2222222222222222,7,True,0.5333333333333333,1.0,0.23579549349137974,0.0
1564,0.2222222222222222,7,True,0.5333333333333333,1.0,0.23579549349137974,0.0
1565,0.2222222222222222,7,True,0.8,1.0,0.23579549349137974,0.0
1566,0.3333333333333333,6,True,0.6,1.0,0.08170416594551044,0.0
1567,0.3333333333333333,6,True,0.6666666666666666,1.0,0.08170416594551044,0.0
1568,0.3333333333333333,6,True,0.6,1.0,0.08170416594551044,0.0
1569,0.3333333333333333,6,True,0.6666666666666666,1.0,0.08170416594551044,0.0
1570,0.3333333333333333,6,True,0.7333333333333333,1.0,0.08170416594551044,0.0
1571,0.3333333333333333,6,True,0.6,1.0,0.08170416594551044,0.0
1572,0.3333333333333333,6,True,0.5333333333333333,1.0,0.08170416594551044,0.0
1573,0.3333333333333333,6,True,0.5333333333333333,1.0,0.08170416594551044,0.0
1574,0.3333333333333333,6,True,0.5333333333333333,1.0,0.08170416594551044,0.0
1575,0.3333333333333333,6,True,0.5333333333333333,1.0,0.08170416594551044,0.0
1576,0.3333333333333333,6,True,0.6666666666666666,1.0,0.08170416594551044,0.0
1577,0.3333333333333333,6,True,0.5333333333333333,1.0,0.08170416594551044,0.0
1578,0.3333333333333333,6,True,0.6,1.0,0.08170416594551044,0.0
1579,0.3333333333333333,6,True,0.5333333333333333,1.0,0.08170416594551044,0.0
1580,0.3333333333333333,6,True,0.5333333333333333,1.0,0.08170416594551044,0.0
1581,0.3333333333333333,6,True,0.6666666666666666,1.0,0.08170416594551044,0.0
1582,0.3333333333333333,6,True,0.6666666666666666,1.0,0.08170416594551044,0.0
1583,0.3333333333333333,6,True,0.6666666666666666,1.0,0.08170416594551044,0.0
1584,0.3333333333333333,6,True,0.5333333333333333,1.0,0.08170416594551044,0.0
1585,0.3333333333333333,6,True,0.6666666666666666,1.0,0.08170416594551044,0.0
1586,0.3333333333333333,6,True,0.6666666666666666,1.0,0.08170416594551044,0.0
1587,0.3333333333333333,6,True,0.6,1.0,0.08170416594551044,0.0
1588,0.3333333333333333,6,True,0.5333333333333333,1.0,0.08170416594551044,0.0
1589,1.0,0,False,,,,
1590,0.3333333333333333,6,True,0.7333333333333333,1.0,0.08170416594551044,0.0
1591,0.2222222222222222,7,True,0.5333333333333333,1.0,0.23579549349137974,0.0
1592,0.2222222222222222,7,True,0.6666666666666666,1.0,0.23579549349137974,0.0
1593,0.2222222222222222,7,True,0.6,1.0,0.23579549349137974,0.0
1594,0.2222222222222222,7,True,0.6,1.0,0.23579549349137974,0.0
1595,0.2222222222222222,7,True,0.6,1.0,0.23579549349137974,0.0
1596,0.2222222222222222,7,True,0.5333333333333333,1.0,0.23579549349137974,0.0
1597,0.2222222222222222,7,True,0.5333333333333333,1.0,0.23579549349137974,0.0
1598,0.2222222222222222,7,True,0.5333333333333333,1.0,0.23579549349137974,0.0
1599,0.2222222222222222,7,True,0.6,1.0,0.23579549349137974,0.0
1600,0.2222222222222222,7,True,0.6,1.0,0.23579549349137974,0.0
1601,0.2222222222222222,7,True,0.5333333333333333,1.0,0.23579549349137974,0.0
1602,0.2222222222222222,7,True,0.5333333333333333,1.0,0.23579549349137974,0.0
1603,0.2222222222222222,7,True,0.6666666666666666,1.0,0.23579549349137974,0.0
1604,0.2222222222222222,7,True,0.5333333333333333,1.0,0.23579549349137974,0.0
1605,0.2222222222222222,7,True,0.6,1.0,0.23579549349137974,0.0
1606,0.2222222222222222,7,True,0.6,1.0,0.23579549349137974,0.0
1607,0.2222222222222222,7,True,0.6666666666666666,1.0,0.23579549349137974,0.0
1608,0.2222222222222222,7,True,0.6,1.0,0.23579549349137974,0.0
1609,0.2222222222222222,7,True,0.7333333333333333,1.0,0.23579549349137974,0.0
1610,0.2222222222222222,7,True,0.6666666666666666,1.0,0.23579549349137974,0.0
1611,0.2222222222222222,7,True,0.5333333333333333,1.0,0.23579549349137974,0.0
1612,0.2222222222222222,7,True,0.6666666666666666,1.0,0.23579549349137974,0.0
1613,0.2222222222222222,7,True,0.6,1.0,0.23579549349137974,0.0
1614,0.2222222222222222,7,True,0.6,1.0,0.23579549349137974,0.0
1615,0.2222222222222222,7,True,0.6,1.0,0.23579549349137974,0.0
1616,0.2222222222222222,7,True,0.5333333333333333,1.0,0.23579549349137974,0.0
1617,0.2222222222222222,7,True,0.6,1.0,0.23579549349137974,0.0
1618,0.2222222222222222,7,True,0.6,1.0,0.23579549349137974,0.0
1619,0.2222222222222222,7,True,0.6666666666666666,1.0,0.23579549349137974,0.0
1620,0.2222222222222222,7,True,0.6666666666666666,1.0,0.23579549349137974,0.0
1621,0.2222222222222222,7,True,0.5333333333333333,1.0,0.23579549349137974,0.0
1622,0.2222222222222222,7,True,0.6,1.0,0.23579549349137974,0.0
1623,0.2222222222222222,7,True,0.6666666666666666,1.0,0.23579549349137974,0.0
1624,0.2222222222222222,7,True,0.5333333333333333,1.0,0.23579549349137974,0.0
1625,0.2222222222222222,7,True,0.5333333333333333,1.0,0.23579549349137974,0.0
1626,0.2222222222222222,7,True,0.6,1.0,0.23579549349137974,0.0
1627,0.2222222222222222,7,True,0.5333333333333333,1.0,0.23579549349137974,0.0
1628,0.2222222222222222,7,True,0.5333333333333333,1.0,0.23579549349137974,0.0
1629,0.2222222222222222,7,True,0.6666666666666666,1.0,0.23579549349137974,0.0
1630,0.2222222222222222,7,True,0.6666666666666666,1.0,0.23579549349137974,0.0
1631,0.2222222222222222,7,True,0.5333333333333333,1.0,0.23579549349137974,0.0
1632,0.2222222222222222,7,True,0.6,1.0,0.23579549349137974,0.0
1633,0.2222222222222222,7,True,0.5333333333333333,1.0,0.23579549349137974,0.0
1634,0.2222222222222222,7,True,0.6666666666666666,1.0,0.23579549349137974,0.0
1635,0.2222222222222222,7,True,0.7333333333333333,1.0,0.23579549349137974,0.0
1636,0.2222222222222222,7,True,0.7333333333333333,1.0,0.23579549349137974,0.0
1637,0.2222222222222222,7,True,0.7333333333333333,1.0,0.23579549349137974,0.0
1638,0.2222222222222222,7,True,0.5333333333333333,1.0,0.23579549349137974,0.0
1639,0.2222222222222222,7,True,0.5333333333333333,1.0,0.23579549349137974,0.0
1640,0.2222222222222222,7,True,0.6,1.0,0.23579549349137974,0.0
1641,0.2222222222222222,7,True,0.6,1.0,0.23579549349137974,0.0
1642,0.2222222222222222,7,True,0.6666666666666666,1.0,0.23579549349137974,0.0
1643,0.2222222222222222,7,True,0.6,1.0,0.23579549349137974,0.0
1644,0.2222222222222222,7,True,0.5333333333333333,1.0,0.23579549349137974,0.0
1645,0.2222222222222222,7,True,0.6666666666666666,1.0,0.23579549349137974,0.0
1646,0.2222222222222222,7,True,0.6,1.0,0.23579549349137974,0.0
1647,0.2222222222222222,7,True,0.6,1.0,0.23579549349137974,0.0
1648,0.2222222222222222,7,True,0.5333333333333333,1.0,0.23579549349137974,0.0
1649,0.2222222222222222,7,True,0.6,1.0,0.23579549349137974,0.0
1650,0.2222222222222222,7,True,0.5333333333333333,1.0,0.23579549349137974,0.0
1651,0.2222222222222222,7,True,0.7333333333333333,1.0,0.23579549349137974,0.0
1652,0.2222222222222222,7,True,0.6666666666666666,1.0,0.23579549349137974,0.0
1653,0.2222222222222222,7,True,0.5333333333333333,1.0,0.23579549349137974,0.0
1654,0.2222222222222222,7,True,0.6,1.0,0.23579549349137974,0.0
1655,0.2222222222222222,7,True,0.6,1.0,0.23579549349137974,0.0
1656,0.2222222222222222,7,True,0.5333333333333333,1.0,0.23579549349137974,0.0
1657,0.2222222222222222,7,True,0.6,1.0,0.23579549349137974,0.0
1658,0.2222222222222222,7,True,0.5333333333333333,1.0,0.23579549349137974,0.0
1659,0.2222222222222222,7,True,0.5333333333333333,1.0,0.23579549349137974,0.0
1660,0.2222222222222222,7,True,0.6,1.0,0.23579549349137974,0.0
1661,0.2222222222222222,7,True,0.6,1.0,0.23579549349137974,0.0
1662,0.2222222222222222,7,True,0.5333333333333333,1.0,0.23579549349137974,0.0
1663,0.2222222222222222,7,True,0.5333333333333333,1.0,0.23579549349137974,0.0
1664,0.2222222222222222,7,True,0.6666666666666666,1.0,0.23579549349137974,0.0
1665,0.2222222222222222,7,True,0.6,1.0,0.23579549349137974,0.0
1666,0.2222222222222222,7,True,0.6,1.0,0.23579549349137974,0.0
1667,0.2222222222222222,7,True,0.5333333333333333,1.0,0.23579549349137974,0.0
1668,0.2222222222222222,7,True,0.7333333333333333,1.0,0.23579549349137974,0.0
1669,0.2222222222222222,7,True,0.6666666666666666,1.0,0.23579549349137974,0.0
1670,0.2222222222222222,7,True,0.6,1.0,0.23579549349137974,0.0
1671,0.2222222222222222,7,True,0.6,1.0,0.23579549349137974,0.0
1672,0.2222222222222222,7,True,0.6,1.0,0.23579549349137974,0.0
1673,0.2222222222222222,7,True,0.6,1.0,0.23579549349137974,0.0
1674,0.2222222222222222,7,True,0.6,1.0,0.23579549349137974,0.0
1675,0.2222222222222222,7,True,0.5333333333333333,1.0,0.23579549349137974,0.0
1676,0.2222222222222222,7,True,0.5333333333333333,1.0,0.23579549349137974,0.0
1677,0.2222222222222222,7,True,0.5333333333333333,1.0,0.23579549349137974,0.0
1678,0.2222222222222222,7,True,0.5333333333333333,1.0,0.23579549349137974,0.0
1679,0.2222222222222222,7,True,0.6,1.0,0.23579549349137974,0.0
1680,0.2222222222222222,7,True,0.6,1.0,0.23579549349137974,0.0
1681,0.1111111111111111,8,True,0.48333333333333334,0.875,0.3776340271255507,0.5435644431995964
1682,0.1111111111111111,8,True,0.5166666666666667,0.875,0.3776340271255507,0.5435644431995964
1683,0.1111111111111111,8,True,0.5,0.875,0.3776340271255507,0.5435644431995964
1684,1.0,0,False,,,,
1685,1.0,0,False,,,,
1686,1.0,0,False,,,,
1687,1.0,0,False,,,,
1688,1.0,0,False,,,,
1689,1.0,0,False,,,,
1690,0.1111111111111111,8,True,0.5333333333333333,0.875,0.3776340271255507,0.5435644431995964
1691,0.1111111111111111,8,True,0.5333333333333333,0.875,0.3776340271255507,0.5435644431995964
1692,0.1111111111111111,8,True,0.5166666666666667,0.875,0.3776340271255507,0.5435644431995964
1693,0.1111111111111111,8,True,0.5166666666666667,0.875,0.3776340271255507,0.5435644431995964
1694,0.1111111111111111,8,True,0.6,1.0,0.49674166522435426,0.0
1695,0.1111111111111111,8,True,0.5166666666666667,0.875,0.3776340271255507,0.5435644431995964
1696,0.2222222222222222,7,True,0.6666666666666666,1.0,0.23579549349137974,0.0
1697,0.2222222222222222,7,True,0.6,1.0,0.23579549349137974,0.0
1698,0.2222222222222222,7,True,0.5333333333333333,1.0,0.23579549349137974,0.0
1699,0.2222222222222222,7,True,0.5333333333333333,1.0,0.23579549349137974,0.0
1700,0.2222222222222222,7,True,0.6,1.0,0.23579549349137974,0.0
1701,0.2222222222222222,7,True,0.7333333333333333,1.0,0.23579549349137974,0.0
1702,0.2222222222222222,7,True,0.5333333333333333,1.0,0.23579549349137974,0.0
1703,0.2222222222222222,7,True,0.6,1.0,0.23579549349137974,0.0
1704,0.2222222222222222,7,True,0.6,1.0,0.23579549349137974,0.0
1705,0.2222222222222222,7,True,0.6,1.0,0.23579549349137974,0.0
1706,0.2222222222222222,7,True,0.5333333333333333,1.0,0.23579549349137974,0.0
1707,0.2222222222222222,7,True,0.8,1.0,0.23579549349137974,0.0
1708,0.2222222222222222,7,True,0.6,1.0,0.23579549349137974,0.0
1709,0.2222222222222222,7,True,0.5333333333333333,1.0,0.23579549349137974,0.0
1710,0.2222222222222222,7,True,0.6,1.0,0.23579549349137974,0.0
1711,0.2222222222222222,7,True,0.5428571428571428,0.8571428571428571,0.22749311428573982,0.5916727785823275
1712,0.2222222222222222,7,True,0.6,1.0,0.23579549349137974,0.0
1713,0.2222222222222222,7,True,0.6,1.0,0.23579549349137974,0.0
1714,0.1111111111111111,8,True,0.5166666666666667,0.875,0.3776340271255507,0.5435644431995964
1715,0.1111111111111111,8,True,0.5166666666666667,0.875,0.3776340271255507,0.5435644431995964
1716,0.1111111111111111,8,True,0.4666666666666667,0.875,0.3776340271255507,0.5435644431995964
1717,0.1111111111111111,8,True,0.43333333333333335,0.875,0.3776340271255507,0.5435644431995964
1718,0.1111111111111111,8,True,0.5,0.875,0.3776340271255507,0.5435644431995964
1719,0.1111111111111111,8,True,0.5833333333333334,0.875,0.3776340271255507,0.5435644431995964
1720,0.1111111111111111,8,True,0.5333333333333333,0.875,0.3776340271255507,0.5435644431995964
1721,0.1111111111111111,8,True,0.4666666666666667,0.875,0.3776340271255507,0.5435644431995964
1722,0.1111111111111111,8,True,0.7666666666666667,0.875,0.3776340271255507,0.5435644431995964
1723,0.1111111111111111,8,True,0.6,0.875,0.3776340271255507,0.5435644431995964
1724,0.1111111111111111,8,True,0.5166666666666667,0.875,0.3776340271255507,0.5435644431995964
1725,0.1111111111111111,8,True,0.5,0.875,0.3776340271255507,0.5435644431995964
1726,0.1111111111111111,8,True,0.5166666666666667,0.875,0.3776340271255507,0.5435644431995964
1727,0.1111111111111111,8,True,0.5,0.875,0.3776340271255507,0.5435644431995964
1728,0.1111111111111111,8,True,0.48333333333333334,0.875,0.3776340271255507,0.5435644431995964
1729,0.1111111111111111,8,True,0.5333333333333333,1.0,0.49674166522435426,0.0
1730,0.1111111111111111,8,True,0.5333333333333333,0.875,0.3776340271255507,0.5435644431995964
1731,0.1111111111111111,8,True,0.5833333333333334,0.875,0.3776340271255507,0.5435644431995964
1732,0.1111111111111111,8,True,0.48333333333333334,0.875,0.3776340271255507,0.5435644431995964
1733,0.1111111111111111,8,True,0.5333333333333333,1.0,0.49674166522435426,0.0
1734,0.1111111111111111,8,True,0.5833333333333334,0.875,0.3776340271255507,0.5435644431995964
1735,0.1111111111111111,8,True,0.5666666666666667,0.875,0.3776340271255507,0.5435644431995964
1736,0.1111111111111111,8,True,0.5166666666666667,0.875,0.3776340271255507,0.5435644431995964
1737,0.1111111111111111,8,True,0.4666666666666667,0.875,0.3776340271255507,0.5435644431995964
1738,0.1111111111111111,8,True,0.4166666666666667,0.875,0.3776340271255507,0.5435644431995964
1739,0.1111111111111111,8,True,0.5666666666666667,0.875,0.3776340271255507,0.5435644431995964
1740,0.1111111111111111,8,True,0.5166666666666667,0.875,0.3776340271255507,0.5435644431995964
1741,0.1111111111111111,8,True,0.5,0.875,0.3776340271255507,0.5435644431995964
1742,0.1111111111111111,8,True,0.5166666666666667,0.875,0.3776340271255507,0.5435644431995964
1743,0.1111111111111111,8,True,0.43333333333333335,0.875,0.3776340271255507,0.5435644431995964
1744,0.1111111111111111,8,True,0.48333333333333334,0.875,0.3776340271255507,0.5435644431995964
1745,0.1111111111111111,8,True,0.43333333333333335,0.875,0.3776340271255507,0.5435644431995964
1746,0.1111111111111111,8,True,0.55,0.875,0.3776340271255507,0.5435644431995964
1747,0.1111111111111111,8,True,0.48333333333333334,0.875,0.3776340271255507,0.5435644431995964
1748,0.1111111111111111,8,True,0.5333333333333333,1.0,0.49674166522435426,0.0
1749,0.1111111111111111,8,True,0.5333333333333333,1.0,0.49674166522435426,0.0
1750,0.1111111111111111,8,True,0.44761904761904764,0.75,0.22749311428573982,0.8112781244591328
1751,0.1111111111111111,8,True,0.6,1.0,0.49674166522435426,0.0
1752,0.1111111111111111,8,True,0.6,1.0,0.49674166522435426,0.0
1753,0.1111111111111111,8,True,0.6,1.0,0.49674166522435426,0.0
1754,0.1111111111111111,8,True,0.6,1.0,0.49674166522435426,0.0
1755,0.1111111111111111,8,True,0.45,0.875,0.3776340271255507,0.5435644431995964
1756,0.1111111111111111,8,True,0.6666666666666666,1.0,0.49674166522435426,0.0
1757,0.1111111111111111,8,True,0.55,0.875,0.3776340271255507,0.5435644431995964
1758,0.1111111111111111,8,True,0.6,1.0,0.49674166522435426,0.0
1759,0.1111111111111111,8,True,0.5333333333333333,1.0,0.49674166522435426,0.0
1760,0.1111111111111111,8,True,0.6,1.0,0.49674166522435426,0.0
1761,0.1111111111111111,8,True,0.6,1.0,0.49674166522435426,0.0
1762,0.1111111111111111,8,True,0.5333333333333333,1.0,0.49674166522435426,0.0
1763,0.1111111111111111,8,True,0.6,1.0,0.49674166522435426,0.0
1764,0.1111111111111111,8,True,0.6666666666666666,1.0,0.49674166522435426,0.0
1765,0.1111111111111111,8,True,0.5333333333333333,1.0,0.49674166522435426,0.0
1766,0.1111111111111111,8,True,0.6,1.0,0.49674166522435426,0.0
1767,0.1111111111111111,8,True,0.6,1.0,0.49674166522435426,0.0
1768,0.1111111111111111,8,True,0.6666666666666666,1.0,0.49674166522435426,0.0
1769,0.1111111111111111,8,True,0.5333333333333333,1.0,0.49674166522435426,0.0
1770,0.1111111111111111,8,True,0.6,1.0,0.49674166522435426,0.0
1771,0.1111111111111111,8,True,0.6666666666666666,1.0,0.49674166522435426,0.0
1772,0.1111111111111111,8,True,0.6,1.0,0.49674166522435426,0.0
1773,0.1111111111111111,8,True,0.5333333333333333,0.875,0.3776340271255507,0.5435644431995964
1774,0.1111111111111111,8,True,0.6,1.0,0.49674166522435426,0.0
1775,0.1111111111111111,8,True,0.5,0.5,0.1216528952381466,1.0
1776,0.0,9,True,0.42037037037037034,0.7777777777777778,0.3776340271255507,0.9864267287308424
1777,0.0,9,True,0.6,1.0,1.0,0.0
1778,0.0,9,True,0.6,1.0,1.0,0.0
1779,0.0,9,True,0.4444444444444444,0.7777777777777778,0.3776340271255507,0.9864267287308424
1780,0.0,9,True,0.5185185185185185,0.8888888888888888,0.49674166522435426,0.5032583347756457
1781,0.0,9,True,0.6,1.0,1.0,0.0
1782,0.0,9,True,0.6,1.0,1.0,0.0
1783,0.0,9,True,0.5333333333333333,1.0,1.0,0.0
1784,0.0,9,True,0.6,1.0,1.0,0.0
1785,0.0,9,True,0.43888888888888894,0.6666666666666666,0.22749311428573982,1.224394445405986
1786,0.0,9,True,0.5555555555555555,0.8888888888888888,0.49674166522435426,0.5032583347756457
1787,0.0,9,True,0.5333333333333333,1.0,1.0,0.0
1788,0.0,9,True,0.5333333333333333,1.0,1.0,0.0
1789,0.0,9,True,0.5333333333333333,1.0,1.0,0.0
1790,0.0,9,True,0.6,1.0,1.0,0.0
1791,0.0,9,True,0.5555555555555555,0.8888888888888888,0.49674166522435426,0.5032583347756457
1792,0.0,9,True,0.6,1.0,1.0,0.0
1793,0.0,9,True,0.6,1.0,1.0,0.0
1794,0.0,9,True,0.6,1.0,1.0,0.0
1795,0.0,9,True,0.6,1.0,1.0,0.0
1796,0.0,9,True,0.6,1.0,1.0,0.0
1797,0.0,9,True,0.5333333333333333,1.0,1.0,0.0
1798,0.0,9,True,0.5333333333333333,1.0,1.0,0.0
1799,0.0,9,True,0.4555555555555556,0.7777777777777778,0.23579549349137974,0.7642045065086203
1800,0.0,9,True,0.6,1.0,1.0,0.0
1801,0.0,9,True,0.6,1.0,1.0,0.0
1802,0.0,9,True,0.4962962962962963,0.8888888888888888,0.49674166522435426,0.5032583347756457
1803,0.0,9,True,0.6,1.0,1.0,0.0
1804,0.0,9,True,0.6,1.0,1.0,0.0
1805,0.0,9,True,0.5333333333333333,1.0,1.0,0.0
1806,0.0,9,True,0.6,1.0,1.0,0.0
1807,0.0,9,True,0.6,1.0,1.0,0.0
1808,0.0,9,True,0.6,1.0,1.0,0.0
1809,1.0,0,False,,,,
1810,1.0,0,False,,,,
1811,1.0,0,False,,,,
1812,1.0,0,False,,,,
1813,1.0,0,False,,,,
1814,1.0,0,False,,,,
1815,1.0,0,False,,,,
1816,1.0,0,False,,,,
1817,1.0,0,False,,,,
1818,1.0,0,False,,,,
1819,1.0,0,False,,,,
1820,1.0,0,False,,,,
1821,1.0,0,False,,,,
1822,1.0,0,False,,,,
1823,1.0,0,False,,,,
1824,1.0,0,False,,,,
1825,1.0,0,False,,,,
1826,1.0,0,False,,,,
1827,1.0,0,False,,,,
1828,1.0,0,False,,,,
1829,1.0,0,False,,,,
1830,0.0,9,True,0.6,1.0,1.0,0.0
1831,0.0,9,True,0.5407407407407407,0.8888888888888888,0.49674166522435426,0.5032583347756457
1832,0.0,9,True,0.5333333333333333,1.0,1.0,0.0
1833,0.0,9,True,0.6,1.0,1.0,0.0
1834,0.0,9,True,0.5333333333333333,1.0,1.0,0.0
1835,0.0,9,True,0.5407407407407407,0.8888888888888888,0.49674166522435426,0.5032583347756457
1836,0.0,9,True,0.47407407407407404,0.8888888888888888,0.49674166522435426,0.5032583347756457
1837,0.0,9,True,0.6,1.0,1.0,0.0
1838,0.0,9,True,0.6666666666666666,1.0,1.0,0.0
1839,0.0,9,True,0.5333333333333333,1.0,1.0,0.0
1840,0.0,9,True,0.6,1.0,1.0,0.0
1841,0.0,9,True,0.6666666666666666,1.0,1.0,0.0
1842,0.0,9,True,0.6,1.0,1.0,0.0
1843,0.0,9,True,0.5333333333333333,1.0,1.0,0.0
1844,0.0,9,True,0.47407407407407404,0.8888888888888888,0.49674166522435426,0.5032583347756457
1845,0.0,9,True,0.6666666666666666,1.0,1.0,0.0
1846,0.0,9,True,0.6666666666666666,1.0,1.0,0.0
1847,0.0,9,True,0.48888888888888893,0.8888888888888888,0.49674166522435426,0.5032583347756457
1848,0.0,9,True,0.6,1.0,1.0,0.0
1849,0.0,9,True,0.5111111111111111,0.8888888888888888,0.49674166522435426,0.5032583347756457
1850,0.0,9,True,0.6,1.0,1.0,0.0
1851,0.0,9,True,0.6,1.0,1.0,0.0
1852,0.0,9,True,0.6,1.0,1.0,0.0
1853,0.0,9,True,0.5333333333333333,1.0,1.0,0.0
1854,0.0,9,True,0.5333333333333333,1.0,1.0,0.0
1855,0.0,9,True,0.6,1.0,1.0,0.0
1856,0.0,9,True,0.6,1.0,1.0,0.0
1857,0.0,9,True,0.6,1.0,1.0,0.0
1858,0.0,9,True,0.4962962962962963,0.8888888888888888,0.49674166522435426,0.5032583347756457
1859,0.0,9,True,0.6,1.0,1.0,0.0
1860,0.0,9,True,0.5333333333333333,1.0,1.0,0.0
1861,0.0,9,True,0.5333333333333333,1.0,1.0,0.0
1862,0.0,9,True,0.6,1.0,1.0,0.0
1863,0.0,9,True,0.6,1.0,1.0,0.0
1864,0.0,9,True,0.5333333333333333,1.0,1.0,0.0
1865,0.0,9,True,0.6,1.0,1.0,0.0
1866,0.0,9,True,0.6,1.0,1.0,0.0
1867,0.0,9,True,0.6,1.0,1.0,0.0
1868,0.0,9,True,0.6,1.0,1.0,0.0
1869,0.0,9,True,0.5259259259259259,0.8888888888888888,0.49674166522435426,0.5032583347756457
1870,0.0,9,True,0.6,1.0,1.0,0.0
1871,0.0,9,True,0.5333333333333333,1.0,1.0,0.0
1872,0.0,9,True,0.4592592592592593,0.8888888888888888,0.49674166522435426,0.5032583347756457
1873,0.0,9,True,0.5555555555555555,0.8888888888888888,0.49674166522435426,0.5032583347756457
1874,0.0,9,True,0.5259259259259259,0.8888888888888888,0.49674166522435426,0.5032583347756457
1875,0.0,9,True,0.6,1.0,1.0,0.0
1876,0.0,9,True,0.7333333333333333,1.0,1.0,0.0
1877,0.0,9,True,0.6,1.0,1.0,0.0
1878,0.0,9,True,0.6222222222222221,0.8888888888888888,0.49674166522435426,0.5032583347756457
1879,0.0,9,True,0.5333333333333333,0.7777777777777778,0.23579549349137974,0.7642045065086203
1880,0.0,9,True,0.44814814814814813,0.7777777777777778,0.3776340271255507,0.9864267287308424
1881,0.0,9,True,0.5333333333333333,1.0,1.0,0.0
1882,0.0,9,True,0.6,1.0,1.0,0.0
1883,0.0,9,True,0.5555555555555555,0.8888888888888888,0.49674166522435426,0.5032583347756457
1884,0.0,9,True,0.5555555555555555,0.8888888888888888,0.49674166522435426,0.5032583347756457
1885,0.0,9,True,0.6,1.0,1.0,0.0
1886,0.0,9,True,0.6,1.0,1.0,0.0
1887,0.0,9,True,0.47407407407407404,0.7777777777777778,0.3776340271255507,0.9864267287308424
1888,0.0,9,True,0.6666666666666666,1.0,1.0,0.0
1889,0.0,9,True,0.5333333333333333,1.0,1.0,0.0
1890,0.0,9,True,0.5333333333333333,1.0,1.0,0.0
1891,0.0,9,True,0.6,1.0,1.0,0.0
1892,0.0,9,True,0.5333333333333333,1.0,1.0,0.0
1893,0.0,9,True,0.47407407407407404,0.8888888888888888,0.49674166522435426,0.5032583347756457
1894,0.0,9,True,0.6,1.0,1.0,0.0
1895,0.0,9,True,0.5333333333333333,1.0,1.0,0.0
1896,0.0,9,True,0.5407407407407407,0.8888888888888888,0.49674166522435426,0.5032583347756457
1897,0.0,9,True,0.6,1.0,1.0,0.0
1898,0.0,9,True,0.6,1.0,1.0,0.0
1899,0.0,9,True,0.6,1.0,1.0,0.0
1900,0.0,9,True,0.6,1.0,1.0,0.0
1901,0.0,9,True,0.6666666666666666,1.0,1.0,0.0
1902,0.0,9,True,0.5333333333333333,1.0,1.0,0.0
1903,0.0,9,True,0.7333333333333333,1.0,1.0,0.0
1904,0.0,9,True,0.5333333333333333,1.0,1.0,0.0
1905,0.0,9,True,0.6,1.0,1.0,0.0
1906,0.0,9,True,0.6,1.0,1.0,0.0
1907,0.0,9,True,0.6666666666666666,1.0,1.0,0.0
1908,0.0,9,True,0.6,1.0,1.0,0.0
1909,0.0,9,True,0.6666666666666666,1.0,1.0,0.0
1910,0.0,9,True,0.5333333333333333,1.0,1.0,0.0
1911,0.0,9,True,0.6,1.0,1.0,0.0
1912,0.0,9,True,0.6666666666666666,1.0,1.0,0.0
1913,0.0,9,True,0.6,1.0,1.0,0.0
1914,0.0,9,True,0.5333333333333333,1.0,1.0,0.0
1915,0.0,9,True,0.6,1.0,1.0,0.0
1916,0.0,9,True,0.6,1.0,1.0,0.0
1917,0.0,9,True,0.6,1.0,1.0,0.0
1918,0.0,9,True,0.6,1.0,1.0,0.0
1919,0.0,9,True,0.6666666666666666,1.0,1.0,0.0
1920,0.0,9,True,0.6,1.0,1.0,0.0
1921,0.0,9,True,1.0,1.0,1.0,0.0
1922,0.0,9,True,0.5333333333333333,1.0,1.0,0.0
1923,0.0,9,True,0.6,1.0,1.0,0.0
1924,0.0,9,True,0.6,1.0,1.0,0.0
1925,0.0,9,True,0.6,1.0,1.0,0.0
1926,0.0,9,True,0.5333333333333333,1.0,1.0,0.0
1927,0.0,9,True,0.5555555555555555,0.8888888888888888,0.49674166522435426,0.5032583347756457
1928,0.0,9,True,0.5333333333333333,1.0,1.0,0.0
1929,0.0,9,True,0.5333333333333333,1.0,1.0,0.0
1930,0.0,9,True,0.6666666666666666,1.0,1.0,0.0
1931,0.0,9,True,0.5259259259259259,0.8888888888888888,0.49674166522435426,0.5032583347756457
1932,0.0,9,True,0.5333333333333333,1.0,1.0,0.0
1933,0.0,9,True,0.5333333333333333,1.0,1.0,0.0
1934,0.0,9,True,0.5777777777777778,0.8888888888888888,0.49674166522435426,0.5032583347756457
1935,0.0,9,True,0.6666666666666666,1.0,1.0,0.0
1936,0.0,9,True,0.6,1.0,1.0,0.0
1937,0.0,9,True,0.6,1.0,1.0,0.0
1938,0.0,9,True,0.6,1.0,1.0,0.0
1939,0.0,9,True,0.6,1.0,1.0,0.0
1940,0.0,9,True,0.5333333333333333,1.0,1.0,0.0
1941,0.0,9,True,0.5333333333333333,1.0,1.0,0.0
1942,0.0,9,True,0.48888888888888893,0.8888888888888888,0.49674166522435426,0.5032583347756457
1943,0.0,9,True,0.5333333333333333,1.0,1.0,0.0
1944,0.0,9,True,0.5777777777777778,0.7777777777777778,0.3776340271255507,0.9864267287308424
1945,0.0,9,True,0.6,1.0,1.0,0.0
1946,0.0,9,True,0.6666666666666666,1.0,1.0,0.0
1947,0.0,9,True,0.5333333333333333,1.0,1.0,0.0
1948,0.0,9,True,0.6,1.0,1.0,0.0
1949,0.0,9,True,0.6074074074074074,0.8888888888888888,0.49674166522435426,0.5032583347756457
1950,0.0,9,True,0.5407407407407407,0.8888888888888888,0.49674166522435426,0.5032583347756457
1951,0.0,9,True,0.6,1.0,1.0,0.0
1952,0.0,9,True,0.35185185185185186,0.6666666666666666,0.2766916661858959,1.4466166676282082
1953,0.0,9,True,0.5925925925925927,0.8888888888888888,0.49674166522435426,0.5032583347756457
1954,0.0,9,True,0.6,1.0,1.0,0.0
1955,0.0,9,True,0.6,1.0,1.0,0.0
1956,0.0,9,True,0.5555555555555555,0.8888888888888888,0.49674166522435426,0.5032583347756457
1957,0.0,9,True,0.6666666666666666,1.0,1.0,0.0
1958,0.0,9,True,0.5333333333333333,1.0,1.0,0.0
1959,0.0,9,True,0.6,1.0,1.0,0.0
1960,0.0,9,True,0.6,1.0,1.0,0.0
1961,0.0,9,True,0.5851851851851853,0.8888888888888888,0.49674166522435426,0.5032583347756457
1962,1.0,0,False,,,,
1963,1.0,0,False,,,,
1964,1.0,0,False,,,,
1965,1.0,0,False,,,,
1966,1.0,0,False,,,,
1967,1.0,0,False,,,,
1968,1.0,0,False,,,,
1969,1.0,0,False,,,,
1970,1.0,0,False,,,,
1971,1.0,0,False,,,,
1972,1.0,0,False,,,,
1973,1.0,0,False,,,,
1974,1.0,0,False,,,,
1975,1.0,0,False,,,,
1976,1.0,0,False,,,,
1977,1.0,0,False,,,,
1978,1.0,0,False,,,,
1979,1.0,0,False,,,,
1980,1.0,0,False,,,,
1981,1.0,0,False,,,,
1982,1.0,0,False,,,,
1983,1.0,0,False,,,,
1984,1.0,0,False,,,,
1985,1.0,0,False,,,,
1986,1.0,0,False,,,,
1987,1.0,0,False,,,,
1988,1.0,0,False,,,,
1989,1.0,0,False,,,,
1990,1.0,0,False,,,,
1991,1.0,0,False,,,,
1992,1.0,0,False,,,,
1993,0.1111111111111111,8,True,0.4976190476190476,0.75,0.2766916661858959,1.061278124459133
1994,0.1111111111111111,8,True,0.48333333333333334,0.875,0.3776340271255507,0.5435644431995964
1995,0.2222222222222222,7,True,0.5333333333333333,1.0,0.23579549349137974,0.0
1996,0.2222222222222222,7,True,0.6666666666666666,1.0,0.23579549349137974,0.0
1997,0.2222222222222222,7,True,0.6,1.0,0.23579549349137974,0.0
1998,0.2222222222222222,7,True,0.6666666666666666,1.0,0.23579549349137974,0.0
1999,0.2222222222222222,7,True,0.5333333333333333,1.0,0.23579549349137974,0.0
2000,0.2222222222222222,7,True,0.6666666666666666,1.0,0.23579549349137974,0.0
2001,0.2222222222222222,7,True,0.6,1.0,0.23579549349137974,0.0
2002,0.2222222222222222,7,True,0.5333333333333333,1.0,0.23579549349137974,0.0
2003,0.2222222222222222,7,True,0.6,1.0,0.23579549349137974,0.0
2004,0.2222222222222222,7,True,0.4095238095238095,0.7142857142857143,0.09428740198616281,0.863120568566631
2005,0.2222222222222222,7,True,0.6,1.0,0.23579549349137974,0.0
2006,0.2222222222222222,7,True,0.5333333333333333,1.0,0.23579549349137974,0.0
2007,0.2222222222222222,7,True,0.6,1.0,0.23579549349137974,0.0
2008,0.2222222222222222,7,True,0.6,1.0,0.23579549349137974,0.0
2009,0.2222222222222222,7,True,0.5333333333333333,1.0,0.23579549349137974,0.0
2010,0.2222222222222222,7,True,0.6666666666666666,1.0,0.23579549349137974,0.0
2011,0.2222222222222222,7,True,0.5047619047619047,0.7142857142857143,0.09428740198616281,0.863120568566631
2012,0.2222222222222222,7,True,0.6,1.0,0.23579549349137974,0.0
2013,0.2222222222222222,7,True,0.7333333333333333,1.0,0.23579549349137974,0.0
2014,0.2222222222222222,7,True,0.7333333333333333,1.0,0.23579549349137974,0.0
2015,0.2222222222222222,7,True,0.6,1.0,0.23579549349137974,0.0
2016,0.2222222222222222,7,True,0.5333333333333333,1.0,0.23579549349137974,0.0
2017,0.2222222222222222,7,True,0.6,1.0,0.23579549349137974,0.0
2018,0.2222222222222222,7,True,0.6666666666666666,1.0,0.23579549349137974,0.0
2019,0.2222222222222222,7,True,0.5428571428571428,0.8571428571428571,0.22749311428573982,0.5916727785823275
2020,0.2222222222222222,7,True,0.6,1.0,0.23579549349137974,0.0
2021,0.2222222222222222,7,True,0.6666666666666666,1.0,0.23579549349137974,0.0
2022,0.2222222222222222,7,True,0.6,1.0,0.23579549349137974,0.0
2023,0.1111111111111111,8,True,0.43333333333333335,0.875,0.3776340271255507,0.5435644431995964
2024,0.1111111111111111,8,True,0.55,0.875,0.3776340271255507,0.5435644431995964
2025,0.1111111111111111,8,True,0.45,0.875,0.3776340271255507,0.5435644431995964
2026,0.1111111111111111,8,True,0.5166666666666667,0.875,0.3776340271255507,0.5435644431995964
2027,1.0,0,False,,,,
2028,1.0,0,False,,,,
2029,1.0,0,False,,,,
2030,1.0,0,False,,,,
2031,1.0,0,False,,,,
2032,1.0,0,False,,,,
2033,1.0,0,False,,,,
2034,1.0,0,False,,,,
2035,1.0,0,False,,,,
2036,1.0,0,False,,,,
2037,1.0,0,False,,,,
2038,1.0,0,False,,,,
2039,1.0,0,False,,,,
2040,1.0,0,False,,,,
2041,1.0,0,False,,,,
2042,1.0,0,False,,,,
2043,1.0,0,False,,,,
2044,1.0,0,False,,,,
2045,1.0,0,False,,,,
2046,1.0,0,False,,,,
2047,1.0,0,False,,,,
2048,1.0,0,False,,,,
2049,1.0,0,False,,,,
2050,1.0,0,False,,,,
2051,1.0,0,False,,,,
2052,1.0,0,False,,,,
2053,1.0,0,False,,,,
2054,1.0,0,False,,,,
2055,1.0,0,False,,,,
2056,1.0,0,False,,,,
2057,1.0,0,False,,,,
2058,1.0,0,False,,,,
2059,1.0,0,False,,,,
2060,1.0,0,False,,,,
2061,1.0,0,False,,,,
2062,1.0,0,False,,,,
2063,1.0,0,False,,,,
2064,1.0,0,False,,,,
2065,1.0,0,False,,,,
2066,1.0,0,False,,,,
2067,1.0,0,False,,,,
2068,1.0,0,False,,,,
2069,1.0,0,False,,,,
2070,1.0,0,False,,,,
2071,1.0,0,False,,,,
2072,1.0,0,False,,,,
2073,1.0,0,False,,,,
2074,1.0,0,False,,,,
2075,1.0,0,False,,,,
2076,1.0,0,False,,,,
2077,1.0,0,False,,,,
2078,1.0,0,False,,,,
2079,1.0,0,False,,,,
2080,1.0,0,False,,,,
2081,1.0,0,False,,,,
2082,1.0,0,False,,,,
2083,1.0,0,False,,,,
2084,1.0,0,False,,,,
2085,1.0,0,False,,,,
2086,1.0,0,False,,,,
2087,1.0,0,False,,,,
2088,1.0,0,False,,,,
2089,1.0,0,False,,,,
2090,1.0,0,False,,,,
2091,1.0,0,False,,,,
2092,1.0,0,False,,,,
2093,1.0,0,False,,,,
2094,1.0,0,False,,,,
2095,1.0,0,False,,,,
2096,1.0,0,False,,,,
2097,1.0,0,False,,,,
2098,1.0,0,False,,,,
2099,1.0,0,False,,,,
2100,1.0,0,False,,,,
2101,1.0,0,False,,,,
2102,1.0,0,False,,,,
2103,1.0,0,False,,,,
2104,1.0,0,False,,,,
2105,1.0,0,False,,,,
2106,1.0,0,False,,,,
2107,1.0,0,False,,,,
2108,1.0,0,False,,,,
2109,1.0,0,False,,,,
2110,1.0,0,False,,,,
2111,0.1111111111111111,8,True,0.48333333333333334,0.875,0.3776340271255507,0.5435644431995964
2112,0.1111111111111111,8,True,0.5666666666666667,0.875,0.3776340271255507,0.5435644431995964
2113,0.1111111111111111,8,True,0.6666666666666666,0.875,0.3776340271255507,0.5435644431995964
2114,0.1111111111111111,8,True,0.5333333333333333,1.0,0.49674166522435426,0.0
2115,0.1111111111111111,8,True,1.0,1.0,0.49674166522435426,0.0
2116,0.1111111111111111,8,True,0.6,1.0,0.49674166522435426,0.0
2117,0.1111111111111111,8,True,0.6,1.0,0.49674166522435426,0.0
2118,0.1111111111111111,8,True,0.6,1.0,0.49674166522435426,0.0
2119,0.1111111111111111,8,True,0.6666666666666666,1.0,0.49674166522435426,0.0
2120,0.1111111111111111,8,True,0.4666666666666667,0.875,0.3776340271255507,0.5435644431995964
2121,0.1111111111111111,8,True,0.55,0.875,0.3776340271255507,0.5435644431995964
2122,0.1111111111111111,8,True,0.6,1.0,0.49674166522435426,0.0
2123,0.1111111111111111,8,True,0.6,1.0,0.49674166522435426,0.0
2124,0.1111111111111111,8,True,0.48333333333333334,0.875,0.3776340271255507,0.5435644431995964
2125,0.1111111111111111,8,True,0.5333333333333333,1.0,0.49674166522435426,0.0
2126,0.1111111111111111,8,True,0.5333333333333333,1.0,0.49674166522435426,0.0
2127,0.1111111111111111,8,True,0.5333333333333333,1.0,0.49674166522435426,0.0
2128,0.1111111111111111,8,True,0.6,1.0,0.49674166522435426,0.0
2129,0.1111111111111111,8,True,0.6,1.0,0.49674166522435426,0.0
2130,0.1111111111111111,8,True,0.6,1.0,0.49674166522435426,0.0
2131,0.1111111111111111,8,True,0.6,0.875,0.3776340271255507,0.5435644431995964
2132,0.1111111111111111,8,True,0.5333333333333333,1.0,0.49674166522435426,0.0
2133,0.1111111111111111,8,True,0.6,1.0,0.49674166522435426,0.0
2134,0.1111111111111111,8,True,0.6,1.0,0.49674166522435426,0.0
2135,0.1111111111111111,8,True,0.6,1.0,0.49674166522435426,0.0
2136,0.1111111111111111,8,True,0.6,1.0,0.49674166522435426,0.0
2137,0.1111111111111111,8,True,0.6,1.0,0.49674166522435426,0.0
2138,0.1111111111111111,8,True,0.5333333333333333,1.0,0.49674166522435426,0.0
2139,0.1111111111111111,8,True,0.43333333333333335,0.875,0.3776340271255507,0.5435644431995964
2140,0.1111111111111111,8,True,0.6,1.0,0.49674166522435426,0.0
2141,0.1111111111111111,8,True,0.5333333333333333,1.0,0.49674166522435426,0.0
2142,0.1111111111111111,8,True,0.5333333333333333,1.0,0.49674166522435426,0.0
2143,0.1111111111111111,8,True,0.6,1.0,0.49674166522435426,0.0
2144,0.1111111111111111,8,True,0.6666666666666666,1.0,0.49674166522435426,0.0
2145,0.0,9,True,0.5259259259259259,0.8888888888888888,0.49674166522435426,0.5032583347756457
2146,0.0,9,True,0.5333333333333333,1.0,1.0,0.0
2147,0.0,9,True,0.5333333333333333,1.0,1.0,0.0
2148,0.0,9,True,0.5333333333333333,1.0,1.0,0.0
2149,0.0,9,True,0.6666666666666666,1.0,1.0,0.0
2150,0.0,9,True,0.6666666666666666,1.0,1.0,0.0
2151,0.0,9,True,0.48888888888888893,0.8888888888888888,0.49674166522435426,0.5032583347756457
2152,0.0,9,True,0.6666666666666666,1.0,1.0,0.0
2153,0.0,9,True,0.5333333333333333,1.0,1.0,0.0
2154,0.0,9,True,0.5333333333333333,1.0,1.0,0.0
2155,0.0,9,True,0.5925925925925927,0.8888888888888888,0.49674166522435426,0.5032583347756457
2156,0.0,9,True,0.6,1.0,1.0,0.0
2157,0.0,9,True,0.5333333333333333,1.0,1.0,0.0
2158,0.0,9,True,0.5333333333333333,1.0,1.0,0.0
2159,0.0,9,True,0.5,0.5555555555555556,0.008923940161777777,0.9910760598382222
2160,0.0,9,True,0.7111111111111111,0.8888888888888888,0.49674166522435426,0.5032583347756457
2161,0.0,9,True,0.6666666666666666,1.0,1.0,0.0
2162,0.0,9,True,0.6,1.0,1.0,0.0
2163,0.0,9,True,0.6,1.0,1.0,0.0
2164,0.0,9,True,0.5555555555555555,0.8888888888888888,0.49674166522435426,0.5032583347756457
2165,0.0,9,True,0.6666666666666666,1.0,1.0,0.0
2166,1.0,0,False,,,,
2167,1.0,0,False,,,,
2168,1.0,0,False,,,,
2169,0.0,9,True,0.5333333333333333,1.0,1.0,0.0
2170,0.0,9,True,0.6666666666666666,1.0,1.0,0.0
2171,0.0,9,True,0.6,1.0,1.0,0.0
2172,0.0,9,True,0.8,1.0,1.0,0.0
2173,0.0,9,True,0.5333333333333333,1.0,1.0,0.0
2174,0.0,9,True,0.2777777777777778,0.4444444444444444,0.0343663928571748,1.5304930567574826
2175,0.0,9,True,0.5925925925925927,0.8888888888888888,0.49674166522435426,0.5032583347756457
2176,0.0,9,True,0.6666666666666666,1.0,1.0,0.0
2177,0.0,9,True,0.7333333333333333,1.0,1.0,0.0
2178,0.0,9,True,0.6814814814814815,0.8888888888888888,0.49674166522435426,0.5032583347756457
2179,0.0,9,True,0.6666666666666666,1.0,1.0,0.0
2180,0.0,9,True,0.5333333333333333,1.0,1.0,0.0
2181,0.0,9,True,0.5333333333333333,1.0,1.0,0.0
2182,0.0,9,True,0.6,1.0,1.0,0.0
2183,0.0,9,True,0.6666666666666666,1.0,1.0,0.0
2184,0.0,9,True,0.6666666666666666,1.0,1.0,0.0
2185,0.0,9,True,0.6666666666666666,1.0,1.0,0.0
2186,0.0,9,True,0.5555555555555555,0.8888888888888888,0.49674166522435426,0.5032583347756457
2187,0.0,9,True,0.8666666666666667,1.0,1.0,0.0
2188,0.0,9,True,0.6,1.0,1.0,0.0
2189,0.0,9,True,0.7333333333333333,1.0,1.0,0.0
2190,0.0,9,True,0.5333333333333333,1.0,1.0,0.0
2191,0.0,9,True,0.6666666666666666,1.0,1.0,0.0
2192,0.0,9,True,0.7333333333333333,1.0,1.0,0.0
2193,0.0,9,True,0.6,1.0,1.0,0.0
2194,0.0,9,True,0.8666666666666667,1.0,1.0,0.0
2195,0.0,9,True,0.5333333333333333,1.0,1.0,0.0
2196,0.0,9,True,0.6,1.0,1.0,0.0
2197,0.0,9,True,0.5333333333333333,1.0,1.0,0.0
2198,0.0,9,True,0.6,1.0,1.0,0.0
2199,0.0,9,True,0.5333333333333333,1.0,1.0,0.0
2200,0.0,9,True,0.6666666666666666,1.0,1.0,0.0
2201,0.0,9,True,0.5777777777777778,0.8888888888888888,0.49674166522435426,0.5032583347756457
2202,0.0,9,True,0.6,1.0,1.0,0.0
2203,0.0,9,True,0.5333333333333333,1.0,1.0,0.0
2204,0.0,9,True,0.6666666666666666,1.0,1.0,0.0
2205,0.0,9,True,0.7333333333333333,1.0,1.0,0.0
2206,0.0,9,True,0.8,1.0,1.0,0.0
2207,0.0,9,True,0.5333333333333333,1.0,1.0,0.0
2208,0.0,9,True,0.5333333333333333,1.0,1.0,0.0
2209,0.0,9,True,0.5611111111111112,0.7777777777777778,0.23579549349137974,0.7642045065086203
2210,0.0,9,True,0.48888888888888893,0.8888888888888888,0.49674166522435426,0.5032583347756457
2211,0.0,9,True,0.6666666666666666,1.0,1.0,0.0
2212,0.0,9,True,0.5555555555555555,0.8888888888888888,0.49674166522435426,0.5032583347756457
2213,0.0,9,True,0.5333333333333333,1.0,1.0,0.0
2214,0.0,9,True,0.5333333333333333,1.0,1.0,0.0
2215,0.0,9,True,0.6,1.0,1.0,0.0
2216,0.0,9,True,0.6,1.0,1.0,0.0
2217,0.0,9,True,0.5333333333333333,1.0,1.0,0.0
2218,0.0,9,True,0.5333333333333333,1.0,1.0,0.0
2219,0.0,9,True,0.5407407407407407,0.8888888888888888,0.49674166522435426,0.5032583347756457
2220,0.0,9,True,0.6,1.0,1.0,0.0
2221,0.0,9,True,0.6666666666666666,1.0,1.0,0.0
2222,0.0,9,True,0.6666666666666666,1.0,1.0,0.0
2223,0.0,9,True,0.6,1.0,1.0,0.0
2224,0.0,9,True,0.5259259259259259,0.8888888888888888,0.49674166522435426,0.5032583347756457
2225,0.0,9,True,0.6666666666666666,1.0,1.0,0.0
2226,0.0,9,True,0.5333333333333333,1.0,1.0,0.0
2227,0.0,9,True,0.7333333333333333,1.0,1.0,0.0
2228,0.0,9,True,0.6666666666666666,1.0,1.0,0.0
2229,0.0,9,True,0.6,1.0,1.0,0.0
2230,0.0,9,True,0.5333333333333333,1.0,1.0,0.0
2231,0.0,9,True,0.6,1.0,1.0,0.0
2232,0.0,9,True,0.6666666666666666,1.0,1.0,0.0
2233,0.0,9,True,0.5333333333333333,1.0,1.0,0.0
2234,0.0,9,True,0.7333333333333333,1.0,1.0,0.0
2235,0.0,9,True,0.5333333333333333,1.0,1.0,0.0
2236,0.0,9,True,0.5925925925925927,0.8888888888888888,0.49674166522435426,0.5032583347756457
2237,0.0,9,True,0.6,1.0,1.0,0.0
2238,0.0,9,True,0.5333333333333333,1.0,1.0,0.0
2239,0.0,9,True,0.6666666666666666,1.0,1.0,0.0
2240,0.0,9,True,0.5333333333333333,1.0,1.0,0.0
2241,1.0,0,False,,,,
2242,0.0,9,True,0.6,1.0,1.0,0.0
2243,0.0,9,True,0.6666666666666666,1.0,1.0,0.0
2244,0.0,9,True,0.6,1.0,1.0,0.0
2245,0.0,9,True,0.4592592592592593,0.8888888888888888,0.49674166522435426,0.5032583347756457
2246,0.0,9,True,0.7333333333333333,1.0,1.0,0.0
2247,0.0,9,True,0.7333333333333333,1.0,1.0,0.0
2248,0.0,9,True,0.5555555555555555,0.8888888888888888,0.49674166522435426,0.5032583347756457
2249,0.0,9,True,0.6,1.0,1.0,0.0
2250,0.0,9,True,0.6666666666666666,1.0,1.0,0.0
2251,0.0,9,True,0.6666666666666666,1.0,1.0,0.0
2252,0.0,9,True,0.5333333333333333,1.0,1.0,0.0
2253,0.0,9,True,0.5333333333333333,1.0,1.0,0.0
2254,0.0,9,True,0.7333333333333333,1.0,1.0,0.0
2255,0.0,9,True,0.6,1.0,1.0,0.0
2256,0.0,9,True,0.5333333333333333,1.0,1.0,0.0
2257,0.0,9,True,0.5333333333333333,1.0,1.0,0.0
2258,0.0,9,True,0.6,1.0,1.0,0.0
2259,0.0,9,True,0.5333333333333333,1.0,1.0,0.0
2260,0.0,9,True,0.5111111111111111,0.8888888888888888,0.49674166522435426,0.5032583347756457
2261,0.0,9,True,0.7333333333333333,1.0,1.0,0.0
2262,0.0,9,True,0.5259259259259259,0.7777777777777778,0.3776340271255507,0.9864267287308424
2263,0.0,9,True,0.39814814814814814,0.6666666666666666,0.2766916661858959,1.4466166676282082
2264,0.0,9,True,0.4166666666666667,0.7777777777777778,0.3776340271255507,0.9864267287308424
2265,0.0,9,True,0.6666666666666666,1.0,1.0,0.0
2266,0.0,9,True,0.6666666666666666,1.0,1.0,0.0
2267,1.0,0,False,,,,
2268,0.0,9,True,0.6,1.0,1.0,0.0
2269,0.0,9,True,0.5333333333333333,1.0,1.0,0.0
2270,0.0,9,True,0.6666666666666666,1.0,1.0,0.0
2271,0.0,9,True,0.6,1.0,1.0,0.0
2272,0.0,9,True,0.8,1.0,1.0,0.0
2273,0.0,9,True,0.5333333333333333,1.0,1.0,0.0
2274,0.0,9,True,0.6666666666666666,1.0,1.0,0.0
2275,0.0,9,True,0.6666666666666666,1.0,1.0,0.0
2276,0.0,9,True,0.6,1.0,1.0,0.0
2277,0.0,9,True,0.6,1.0,1.0,0.0
2278,0.0,9,True,0.5333333333333333,1.0,1.0,0.0
2279,0.0,9,True,0.5333333333333333,1.0,1.0,0.0
2280,0.0,9,True,0.8666666666666667,1.0,1.0,0.0
2281,0.0,9,True,0.6,1.0,1.0,0.0
2282,0.0,9,True,0.5333333333333333,1.0,1.0,0.0
2283,0.0,9,True,0.6,1.0,1.0,0.0
2284,0.0,9,True,0.5555555555555555,0.8888888888888888,0.49674166522435426,0.5032583347756457
2285,0.0,9,True,0.5333333333333333,1.0,1.0,0.0
2286,0.0,9,True,0.5333333333333333,1.0,1.0,0.0
2287,0.0,9,True,0.6,1.0,1.0,0.0
2288,0.0,9,True,0.6,1.0,1.0,0.0
2289,0.0,9,True,0.5333333333333333,1.0,1.0,0.0
2290,0.0,9,True,0.5333333333333333,1.0,1.0,0.0
2291,0.0,9,True,0.6,1.0,1.0,0.0
2292,0.0,9,True,0.5333333333333333,1.0,1.0,0.0
2293,0.0,9,True,0.6666666666666666,1.0,1.0,0.0
2294,0.0,9,True,0.5259259259259259,0.8888888888888888,0.49674166522435426,0.5032583347756457
2295,0.0,9,True,0.5555555555555555,0.8888888888888888,0.49674166522435426,0.5032583347756457
2296,0.0,9,True,0.6666666666666666,1.0,1.0,0.0
2297,0.0,9,True,0.8666666666666667,1.0,1.0,0.0
2298,0.0,9,True,0.5333333333333333,1.0,1.0,0.0
2299,0.0,9,True,0.6,1.0,1.0,0.0
2300,0.0,9,True,0.5333333333333333,1.0,1.0,0.0
2301,0.0,9,True,0.6,1.0,1.0,0.0
2302,0.0,9,True,0.6666666666666666,1.0,1.0,0.0
2303,0.0,9,True,0.6666666666666666,1.0,1.0,0.0
2304,0.0,9,True,0.6,1.0,1.0,0.0
2305,0.0,9,True,0.5333333333333333,1.0,1.0,0.0
2306,0.0,9,True,0.5333333333333333,1.0,1.0,0.0
2307,0.0,9,True,0.8,1.0,1.0,0.0
2308,0.0,9,True,0.6,1.0,1.0,0.0
2309,0.0,9,True,0.6666666666666666,1.0,1.0,0.0
2310,0.0,9,True,0.5333333333333333,1.0,1.0,0.0
2311,0.0,9,True,0.5333333333333333,1.0,1.0,0.0
2312,0.0,9,True,0.6,1.0,1.0,0.0
2313,0.0,9,True,0.6666666666666666,1.0,1.0,0.0
2314,0.0,9,True,0.6666666666666666,1.0,1.0,0.0
2315,0.0,9,True,0.7333333333333333,1.0,1.0,0.0
2316,0.0,9,True,0.7333333333333333,1.0,1.0,0.0
2317,0.0,9,True,0.6666666666666666,1.0,1.0,0.0
2318,0.0,9,True,0.5407407407407407,0.8888888888888888,0.49674166522435426,0.5032583347756457
2319,0.0,9,True,0.6,1.0,1.0,0.0
2320,0.0,9,True,0.6,1.0,1.0,0.0
2321,0.0,9,True,0.5333333333333333,1.0,1.0,0.0
2322,0.0,9,True,0.6,1.0,1.0,0.0
2323,0.0,9,True,0.5333333333333333,1.0,1.0,0.0
2324,0.0,9,True,0.6,1.0,1.0,0.0
2325,0.0,9,True,0.5333333333333333,1.0,1.0,0.0
2326,0.0,9,True,0.6,1.0,1.0,0.0
2327,0.0,9,True,0.6,1.0,1.0,0.0
2328,0.0,9,True,0.6666666666666666,1.0,1.0,0.0
2329,0.0,9,True,0.43333333333333335,0.7777777777777778,0.3776340271255507,0.9864267287308424
2330,0.0,9,True,0.5555555555555555,0.8888888888888888,0.49674166522435426,0.5032583347756457
2331,0.0,9,True,0.5555555555555555,0.8888888888888888,0.49674166522435426,0.5032583347756457
2332,0.0,9,True,0.4222222222222223,0.7777777777777778,0.3776340271255507,0.9864267287308424
2333,0.0,9,True,0.6,1.0,1.0,0.0
2334,0.0,9,True,0.4555555555555556,0.7777777777777778,0.3776340271255507,0.9864267287308424
2335,0.0,9,True,0.6,1.0,1.0,0.0
2336,0.0,9,True,0.5333333333333333,1.0,1.0,0.0
2337,0.0,9,True,0.42962962962962964,0.7777777777777778,0.3776340271255507,0.9864267287308424
2338,0.1111111111111111,8,True,0.5,0.875,0.3776340271255507,0.5435644431995964
2339,0.1111111111111111,8,True,0.5333333333333333,1.0,0.49674166522435426,0.0
2340,0.1111111111111111,8,True,0.6,1.0,0.49674166522435426,0.0
2341,0.1111111111111111,8,True,0.5333333333333333,1.0,0.49674166522435426,0.0
2342,0.1111111111111111,8,True,0.55,0.875,0.3776340271255507,0.5435644431995964
2343,0.1111111111111111,8,True,0.5333333333333333,1.0,0.49674166522435426,0.0
2344,0.1111111111111111,8,True,0.6666666666666666,1.0,0.49674166522435426,0.0
2345,0.1111111111111111,8,True,0.6,1.0,0.49674166522435426,0.0
2346,1.0,0,False,,,,
2347,1.0,0,False,,,,
2348,1.0,0,False,,,,
2349,1.0,0,False,,,,
2350,1.0,0,False,,,,
2351,1.0,0,False,,,,
2352,0.1111111111111111,8,True,0.5666666666666667,0.875,0.3776340271255507,0.5435644431995964
2353,0.1111111111111111,8,True,0.5333333333333333,1.0,0.49674166522435426,0.0
2354,0.1111111111111111,8,True,0.6,1.0,0.49674166522435426,0.0
2355,0.1111111111111111,8,True,0.6,1.0,0.49674166522435426,0.0
2356,0.1111111111111111,8,True,0.6666666666666666,1.0,0.49674166522435426,0.0
2357,0.1111111111111111,8,True,0.5333333333333333,1.0,0.49674166522435426,0.0
2358,0.1111111111111111,8,True,0.6,1.0,0.49674166522435426,0.0
2359,0.2222222222222222,7,True,0.5714285714285714,0.8571428571428571,0.22749311428573982,0.5916727785823275
2360,0.2222222222222222,7,True,0.5333333333333333,1.0,0.23579549349137974,0.0
2361,0.2222222222222222,7,True,0.5333333333333333,1.0,0.23579549349137974,0.0
2362,0.2222222222222222,7,True,0.20952380952380953,0.42857142857142855,0.06405530255413405,2.1280852788913944
2363,0.2222222222222222,7,True,0.24444444444444444,0.42857142857142855,0.06405530255413405,2.1280852788913944
2364,0.2222222222222222,7,True,0.14285714285714285,0.14285714285714285,0.017432406926636723,2.807354922057604
2365,0.3333333333333333,6,True,0.18222222222222223,0.16666666666666666,0.05904160991070073,2.584962500721156
2366,0.3333333333333333,6,True,0.21777777777777776,0.3333333333333333,0.06405530255413405,2.2516291673878226
2367,0.3333333333333333,6,True,0.20444444444444443,0.16666666666666666,0.05904160991070073,2.584962500721156
2368,0.3333333333333333,6,True,0.14666666666666667,0.16666666666666666,0.05904160991070073,2.584962500721156
2369,0.7777777777777778,2,False,,,,
2370,1.0,0,False,,,,
2371,1.0,0,False,,,,
2372,1.0,0,False,,,,
2373,1.0,0,False,,,,
2374,1.0,0,False,,,,
2375,1.0,0,False,,,,
2376,1.0,0,False,,,,
2377,1.0,0,False,,,,
2378,1.0,0,False,,,,
2379,1.0,0,False,,,,
2380,1.0,0,False,,,,
2381,1.0,0,False,,,,
2382,1.0,0,False,,,,
2383,1.0,0,False,,,,
2384,1.0,0,False,,,,
2385,1.0,0,False,,,,
2386,1.0,0,False,,,,
2387,1.0,0,False,,,,
2388,1.0,0,False,,,,
2389,1.0,0,False,,,,
2390,1.0,0,False,,,,
2391,1.0,0,False,,,,
2392,0.7777777777777778,2,False,,,,
2393,0.7777777777777778,2,False,,,,
2394,0.7777777777777778,2,False,,,,
2395,0.7777777777777778,2,False,,,,
2396,0.7777777777777778,2,False,,,,
2397,0.7777777777777778,2,False,,,,
2398,0.7777777777777778,2,False,,,,
2399,0.8888888888888888,1,False,,,,
2400,0.8888888888888888,1,False,,,,
2401,0.8888888888888888,1,False,,,,
2402,0.6666666666666666,3,False,,,,
2403,0.6666666666666666,3,False,,,,
2404,0.6666666666666666,3,False,,,,
2405,0.6666666666666666,3,False,,,,
2406,0.6666666666666666,3,False,,,,
2407,0.7777777777777778,2,False,,,,
2408,0.7777777777777778,2,False,,,,
2409,0.7777777777777778,2,False,,,,
2410,0.7777777777777778,2,False,,,,
2411,0.7777777777777778,2,False,,,,
2412,0.7777777777777778,2,False,,,,
2413,0.7777777777777778,2,False,,,,
2414,0.7777777777777778,2,False,,,,
2415,0.7777777777777778,2,False,,,,
2416,0.7777777777777778,2,False,,,,
2417,0.7777777777777778,2,False,,,,
2418,0.4444444444444444,5,True,0.23333333333333334,0.2,0.11757477645534242,2.321928094887362
2419,0.4444444444444444,5,True,0.26666666666666666,0.2,0.11757477645534242,2.321928094887362
2420,0.3333333333333333,6,True,0.21777777777777776,0.5,0.08985840735201955,1.7924812503605778
2421,0.3333333333333333,6,True,0.2977777777777778,0.6666666666666666,0.12364236051014776,1.2516291673878228
2422,0.4444444444444444,5,True,0.5066666666666666,0.8,0.1216528952381466,0.7219280948873623
2423,0.3333333333333333,6,True,0.44,0.6666666666666666,0.12364236051014776,1.2516291673878228
2424,0.3333333333333333,6,True,0.41777777777777775,0.6666666666666666,0.0343663928571748,0.9182958340544896
2425,0.3333333333333333,6,True,0.5333333333333333,1.0,0.08170416594551044,0.0
2426,0.3333333333333333,6,True,0.6666666666666666,1.0,0.08170416594551044,0.0
2427,0.3333333333333333,6,True,0.3555555555555555,0.6666666666666666,0.0343663928571748,0.9182958340544896
2428,0.3333333333333333,6,True,0.4666666666666667,0.6666666666666666,0.0343663928571748,0.9182958340544896
2429,0.3333333333333333,6,True,0.40444444444444444,0.6666666666666666,0.0343663928571748,0.9182958340544896
2430,0.3333333333333333,6,True,0.36000000000000004,0.6666666666666666,0.0343663928571748,0.9182958340544896
2431,0.3333333333333333,6,True,0.3333333333333333,0.6666666666666666,0.12364236051014776,1.2516291673878228
2432,0.4444444444444444,5,True,0.49333333333333335,0.8,0.1216528952381466,0.7219280948873623
2433,0.4444444444444444,5,True,0.44,0.8,0.1216528952381466,0.7219280948873623
2434,0.5555555555555556,4,False,,,,
2435,0.5555555555555556,4,False,,,,
2436,0.5555555555555556,4,False,,,,
2437,0.5555555555555556,4,False,,,,
2438,0.5555555555555556,4,False,,,,
2439,0.5555555555555556,4,False,,,,
2440,0.5555555555555556,4,False,,,,
2441,0.5555555555555556,4,False,,,,
2442,0.5555555555555556,4,False,,,,
2443,0.5555555555555556,4,False,,,,
2444,0.5555555555555556,4,False,,,,
2445,0.5555555555555556,4,False,,,,
2446,0.5555555555555556,4,False,,,,
2447,0.5555555555555556,4,False,,,,
2448,0.5555555555555556,4,False,,,,
2449,0.5555555555555556,4,False,,,,
2450,0.5555555555555556,4,False,,,,
2451,0.5555555555555556,4,False,,,,
2452,0.5555555555555556,4,False,,,,
2453,0.5555555555555556,4,False,,,,
2454,0.5555555555555556,4,False,,,,
2455,0.5555555555555556,4,False,,,,
2456,0.5555555555555556,4,False,,,,
2457,0.5555555555555556,4,False,,,,
2458,0.5555555555555556,4,False,,,,
2459,0.5555555555555556,4,False,,,,
2460,1.0,0,False,,,,
2461,1.0,0,False,,,,
2462,0.5555555555555556,4,False,,,,
2463,0.5555555555555556,4,False,,,,
2464,0.5555555555555556,4,False,,,,
2465,0.5555555555555556,4,False,,,,
2466,0.5555555555555556,4,False,,,,
2467,0.5555555555555556,4,False,,,,
2468,0.5555555555555556,4,False,,,,
2469,0.5555555555555556,4,False,,,,
2470,0.5555555555555556,4,False,,,,
2471,0.5555555555555556,4,False,,,,
2472,0.5555555555555556,4,False,,,,
2473,0.5555555555555556,4,False,,,,
2474,0.5555555555555556,4,False,,,,
2475,0.5555555555555556,4,False,,,,
2476,0.5555555555555556,4,False,,,,
2477,0.5555555555555556,4,False,,,,
2478,0.5555555555555556,4,False,,,,
2479,0.5555555555555556,4,False,,,,
2480,0.5555555555555556,4,False,,,,
2481,0.5555555555555556,4,False,,,,
2482,0.5555555555555556,4,False,,,,
2483,0.5555555555555556,4,False,,,,
2484,0.5555555555555556,4,False,,,,
2485,0.5555555555555556,4,False,,,,
2486,0.5555555555555556,4,False,,,,
2487,0.5555555555555556,4,False,,,,
2488,0.5555555555555556,4,False,,,,
2489,0.5555555555555556,4,False,,,,
2490,0.5555555555555556,4,False,,,,
2491,0.5555555555555556,4,False,,,,
2492,0.5555555555555556,4,False,,,,
2493,0.5555555555555556,4,False,,,,
2494,0.5555555555555556,4,False,,,,
2495,0.5555555555555556,4,False,,,,
2496,0.5555555555555556,4,False,,,,
2497,0.5555555555555556,4,False,,,,
2498,0.5555555555555556,4,False,,,,
2499,0.5555555555555556,4,False,,,,
2500,0.5555555555555556,4,False,,,,
2501,0.5555555555555556,4,False,,,,
2502,0.5555555555555556,4,False,,,,
2503,0.5555555555555556,4,False,,,,
2504,0.5555555555555556,4,False,,,,
2505,0.5555555555555556,4,False,,,,
2506,0.5555555555555556,4,False,,,,
2507,0.5555555555555556,4,False,,,,
2508,0.5555555555555556,4,False,,,,
2509,0.5555555555555556,4,False,,,,
2510,0.5555555555555556,4,False,,,,
2511,0.5555555555555556,4,False,,,,
2512,0.5555555555555556,4,False,,,,
2513,0.5555555555555556,4,False,,,,
2514,0.5555555555555556,4,False,,,,
2515,0.5555555555555556,4,False,,,,
2516,0.5555555555555556,4,False,,,,
2517,0.5555555555555556,4,False,,,,
2518,0.4444444444444444,5,True,0.48000000000000004,0.8,0.1216528952381466,0.7219280948873623
2519,0.4444444444444444,5,True,0.4666666666666667,0.8,0.1216528952381466,0.7219280948873623
2520,0.4444444444444444,5,True,0.3466666666666667,0.8,0.1216528952381466,0.7219280948873623
2521,0.4444444444444444,5,True,0.44,0.8,0.1216528952381466,0.7219280948873623
2522,0.4444444444444444,5,True,0.44,0.8,0.1216528952381466,0.7219280948873623
2523,0.4444444444444444,5,True,0.3466666666666667,0.8,0.1216528952381466,0.7219280948873623
2524,0.4444444444444444,5,True,0.49333333333333335,0.8,0.1216528952381466,0.7219280948873623
2525,0.4444444444444444,5,True,0.49333333333333335,0.8,0.1216528952381466,0.7219280948873623
2526,0.4444444444444444,5,True,0.52,0.8,0.1216528952381466,0.7219280948873623
2527,0.4444444444444444,5,True,0.6666666666666666,1.0,0.008923940161777777,0.0
2528,0.4444444444444444,5,True,0.6,1.0,0.008923940161777777,0.0
2529,0.4444444444444444,5,True,0.6,1.0,0.008923940161777777,0.0
2530,0.4444444444444444,5,True,0.5333333333333333,1.0,0.008923940161777777,0.0
2531,0.4444444444444444,5,True,0.5333333333333333,1.0,0.008923940161777777,0.0
2532,0.4444444444444444,5,True,0.6666666666666666,1.0,0.008923940161777777,0.0
2533,0.4444444444444444,5,True,0.6,1.0,0.008923940161777777,0.0
2534,0.4444444444444444,5,True,0.6,1.0,0.008923940161777777,0.0
2535,0.4444444444444444,5,True,0.5333333333333333,1.0,0.008923940161777777,0.0
2536,0.4444444444444444,5,True,0.6,1.0,0.008923940161777777,0.0
2537,0.4444444444444444,5,True,0.5333333333333333,1.0,0.008923940161777777,0.0
2538,0.4444444444444444,5,True,0.6,1.0,0.008923940161777777,0.0
2539,0.4444444444444444,5,True,0.6666666666666666,1.0,0.008923940161777777,0.0
2540,0.4444444444444444,5,True,0.4,0.8,0.1216528952381466,0.7219280948873623
2541,0.4444444444444444,5,True,0.4533333333333333,0.8,0.1216528952381466,0.7219280948873623
2542,0.4444444444444444,5,True,0.6,1.0,0.008923940161777777,0.0
2543,0.4444444444444444,5,True,0.6,1.0,0.008923940161777777,0.0
2544,0.4444444444444444,5,True,0.5333333333333333,1.0,0.008923940161777777,0.0
2545,0.4444444444444444,5,True,0.6,1.0,0.008923940161777777,0.0
2546,0.4444444444444444,5,True,0.6,1.0,0.008923940161777777,0.0
2547,0.4444444444444444,5,True,0.7333333333333333,1.0,0.008923940161777777,0.0
2548,0.4444444444444444,5,True,0.5333333333333333,1.0,0.008923940161777777,0.0
2549,0.4444444444444444,5,True,0.6666666666666666,1.0,0.008923940161777777,0.0
2550,0.4444444444444444,5,True,0.6,1.0,0.008923940161777777,0.0
2551,0.4444444444444444,5,True,0.6666666666666666,1.0,0.008923940161777777,0.0
2552,0.4444444444444444,5,True,0.5333333333333333,1.0,0.008923940161777777,0.0
2553,0.4444444444444444,5,True,0.6,1.0,0.008923940161777777,0.0
2554,0.4444444444444444,5,True,0.6,1.0,0.008923940161777777,0.0
2555,0.4444444444444444,5,True,0.6,1.0,0.008923940161777777,0.0
2556,0.4444444444444444,5,True,0.5333333333333333,1.0,0.008923940161777777,0.0
2557,0.4444444444444444,5,True,0.6666666666666666,1.0,0.008923940161777777,0.0
2558,0.4444444444444444,5,True,0.6,1.0,0.008923940161777777,0.0
2559,0.4444444444444444,5,True,0.5333333333333333,1.0,0.008923940161777777,0.0
2560,0.4444444444444444,5,True,0.6,1.0,0.008923940161777777,0.0
2561,0.4444444444444444,5,True,0.6,1.0,0.008923940161777777,0.0
2562,0.4444444444444444,5,True,0.6,1.0,0.008923940161777777,0.0
2563,0.4444444444444444,5,True,0.5333333333333333,1.0,0.008923940161777777,0.0
2564,0.4444444444444444,5,True,0.6666666666666666,1.0,0.008923940161777777,0.0
2565,0.4444444444444444,5,True,0.6,1.0,0.008923940161777777,0.0
2566,0.4444444444444444,5,True,0.5333333333333333,1.0,0.008923940161777777,0.0
2567,0.4444444444444444,5,True,0.6,1.0,0.008923940161777777,0.0
2568,0.4444444444444444,5,True,0.6,1.0,0.008923940161777777,0.0
2569,0.4444444444444444,5,True,0.6,1.0,0.008923940161777777,0.0
2570,0.4444444444444444,5,True,0.6,1.0,0.008923940161777777,0.0
2571,0.4444444444444444,5,True,0.6666666666666666,1.0,0.008923940161777777,0.0
2572,0.4444444444444444,5,True,0.6666666666666666,1.0,0.008923940161777777,0.0
2573,0.4444444444444444,5,True,0.6,1.0,0.008923940161777777,0.0
2574,0.4444444444444444,5,True,0.5333333333333333,1.0,0.008923940161777777,0.0
2575,0.4444444444444444,5,True,0.5333333333333333,1.0,0.008923940161777777,0.0
2576,0.4444444444444444,5,True,0.6,1.0,0.008923940161777777,0.0
2577,0.4444444444444444,5,True,0.5333333333333333,1.0,0.008923940161777777,0.0
2578,0.4444444444444444,5,True,0.6,1.0,0.008923940161777777,0.0
2579,0.4444444444444444,5,True,0.6,1.0,0.008923940161777777,0.0
2580,0.4444444444444444,5,True,0.5333333333333333,1.0,0.008923940161777777,0.0
2581,0.4444444444444444,5,True,0.6,1.0,0.008923940161777777,0.0
2582,0.4444444444444444,5,True,0.5333333333333333,1.0,0.008923940161777777,0.0
2583,0.4444444444444444,5,True,0.52,0.8,0.1216528952381466,0.7219280948873623
2584,0.4444444444444444,5,True,0.4266666666666667,0.8,0.1216528952381466,0.7219280948873623
2585,0.4444444444444444,5,True,0.5333333333333333,1.0,0.008923940161777777,0.0
2586,0.4444444444444444,5,True,0.6666666666666666,1.0,0.008923940161777777,0.0
2587,0.4444444444444444,5,True,0.6,1.0,0.008923940161777777,0.0
2588,0.4444444444444444,5,True,0.6,1.0,0.008923940161777777,0.0
2589,0.4444444444444444,5,True,0.5066666666666666,0.8,0.1216528952381466,0.7219280948873623
2590,0.4444444444444444,5,True,0.6,1.0,0.008923940161777777,0.0
2591,0.4444444444444444,5,True,0.6666666666666666,1.0,0.008923940161777777,0.0
2592,0.4444444444444444,5,True,0.6,1.0,0.008923940161777777,0.0
2593,0.4444444444444444,5,True,0.47333333333333333,0.6,0.03436639285717491,0.9709505944546686
2594,0.4444444444444444,5,True,0.5333333333333333,1.0,0.008923940161777777,0.0
2595,0.4444444444444444,5,True,0.6,1.0,0.008923940161777777,0.0
2596,0.4444444444444444,5,True,0.5333333333333333,1.0,0.008923940161777777,0.0
2597,0.4444444444444444,5,True,0.52,0.8,0.1216528952381466,0.7219280948873623
2598,0.4444444444444444,5,True,0.48000000000000004,0.8,0.1216528952381466,0.7219280948873623
2599,0.4444444444444444,5,True,0.5333333333333333,1.0,0.008923940161777777,0.0
2600,0.4444444444444444,5,True,0.6666666666666666,1.0,0.008923940161777777,0.0
2601,0.4444444444444444,5,True,0.32,0.6,0.12364236051014776,1.3709505944546687
2602,0.4444444444444444,5,True,0.32,0.6,0.12364236051014776,1.3709505944546687
2603,0.4444444444444444,5,True,0.5333333333333333,1.0,0.008923940161777777,0.0
2604,0.4444444444444444,5,True,0.6666666666666666,1.0,0.008923940161777777,0.0
2605,0.4444444444444444,5,True,0.6,1.0,0.008923940161777777,0.0
2606,0.4444444444444444,5,True,0.6,1.0,0.008923940161777777,0.0
2607,0.4444444444444444,5,True,0.6,1.0,0.008923940161777777,0.0
2608,0.4444444444444444,5,True,0.3733333333333333,0.6,0.03436639285717491,0.9709505944546686
2609,0.4444444444444444,5,True,0.33999999999999997,0.6,0.03436639285717491,0.9709505944546686
2610,0.4444444444444444,5,True,0.3733333333333333,0.8,0.1216528952381466,0.7219280948873623
2611,0.4444444444444444,5,True,0.6,1.0,0.008923940161777777,0.0
2612,0.4444444444444444,5,True,0.52,0.8,0.1216528952381466,0.7219280948873623
2613,0.4444444444444444,5,True,0.3466666666666667,0.8,0.1216528952381466,0.7219280948873623
2614,0.4444444444444444,5,True,0.41333333333333333,0.8,0.1216528952381466,0.7219280948873623
2615,0.4444444444444444,5,True,0.6,1.0,0.008923940161777777,0.0
2616,0.4444444444444444,5,True,0.5333333333333333,1.0,0.008923940161777777,0.0
2617,0.4444444444444444,5,True,0.6,1.0,0.008923940161777777,0.0
2618,0.4444444444444444,5,True,0.52,0.8,0.1216528952381466,0.7219280948873623
2619,0.4444444444444444,5,True,0.6,1.0,0.008923940161777777,0.0
2620,0.4444444444444444,5,True,1.0,1.0,0.008923940161777777,0.0
2621,0.4444444444444444,5,True,0.6,1.0,0.008923940161777777,0.0
2622,0.4444444444444444,5,True,0.6666666666666666,1.0,0.008923940161777777,0.0
2623,0.4444444444444444,5,True,0.49333333333333335,0.8,0.1216528952381466,0.7219280948873623
2624,0.4444444444444444,5,True,0.6,1.0,0.008923940161777777,0.0
2625,0.4444444444444444,5,True,0.6,1.0,0.008923940161777777,0.0
2626,0.4444444444444444,5,True,0.52,0.8,0.1216528952381466,0.7219280948873623
2627,0.4444444444444444,5,True,0.5866666666666667,0.8,0.1216528952381466,0.7219280948873623
2628,0.4444444444444444,5,True,0.41333333333333333,0.8,0.1216528952381466,0.7219280948873623
2629,0.4444444444444444,5,True,0.56,0.8,0.1216528952381466,0.7219280948873623
2630,0.4444444444444444,5,True,0.5333333333333333,1.0,0.008923940161777777,0.0
2631,0.4444444444444444,5,True,0.5333333333333333,1.0,0.008923940161777777,0.0
2632,0.4444444444444444,5,True,0.6666666666666666,1.0,0.008923940161777777,0.0
2633,0.4444444444444444,5,True,0.8,1.0,0.008923940161777777,0.0
2634,0.4444444444444444,5,True,0.6666666666666666,1.0,0.008923940161777777,0.0
2635,0.4444444444444444,5,True,0.6,1.0,0.008923940161777777,0.0
2636,0.4444444444444444,5,True,0.6,1.0,0.008923940161777777,0.0
2637,0.4444444444444444,5,True,0.6,1.0,0.008923940161777777,0.0
2638,0.4444444444444444,5,True,0.5333333333333333,1.0,0.008923940161777777,0.0
2639,0.4444444444444444,5,True,0.6,1.0,0.008923940161777777,0.0
2640,0.4444444444444444,5,True,0.6,1.0,0.008923940161777777,0.0
2641,0.4444444444444444,5,True,0.6,1.0,0.008923940161777777,0.0
2642,0.4444444444444444,5,True,0.6,1.0,0.008923940161777777,0.0
2643,0.4444444444444444,5,True,0.6666666666666666,1.0,0.008923940161777777,0.0
2644,0.4444444444444444,5,True,0.6,1.0,0.008923940161777777,0.0
2645,0.4444444444444444,5,True,0.6,1.0,0.008923940161777777,0.0
2646,0.4444444444444444,5,True,0.6666666666666666,1.0,0.008923940161777777,0.0
2647,0.4444444444444444,5,True,0.6,1.0,0.008923940161777777,0.0
2648,0.4444444444444444,5,True,0.5333333333333333,1.0,0.008923940161777777,0.0
2649,0.4444444444444444,5,True,0.5333333333333333,1.0,0.008923940161777777,0.0
2650,0.4444444444444444,5,True,0.6,1.0,0.008923940161777777,0.0
2651,0.4444444444444444,5,True,0.6,1.0,0.008923940161777777,0.0
2652,0.4444444444444444,5,True,0.6,1.0,0.008923940161777777,0.0
2653,0.4444444444444444,5,True,0.6,1.0,0.008923940161777777,0.0
2654,0.4444444444444444,5,True,0.6,1.0,0.008923940161777777,0.0
2655,0.4444444444444444,5,True,0.8666666666666667,1.0,0.008923940161777777,0.0
2656,0.4444444444444444,5,True,0.6,1.0,0.008923940161777777,0.0
2657,0.4444444444444444,5,True,0.6,1.0,0.008923940161777777,0.0
2658,0.4444444444444444,5,True,0.6,1.0,0.008923940161777777,0.0
2659,0.4444444444444444,5,True,0.5333333333333333,1.0,0.008923940161777777,0.0
2660,0.4444444444444444,5,True,0.6,1.0,0.008923940161777777,0.0
2661,0.4444444444444444,5,True,0.6,1.0,0.008923940161777777,0.0
2662,0.4444444444444444,5,True,0.5333333333333333,1.0,0.008923940161777777,0.0
2663,0.4444444444444444,5,True,0.6666666666666666,1.0,0.008923940161777777,0.0
2664,0.4444444444444444,5,True,0.5333333333333333,1.0,0.008923940161777777,0.0
2665,0.4444444444444444,5,True,0.5333333333333333,1.0,0.008923940161777777,0.0
2666,0.4444444444444444,5,True,0.7333333333333333,1.0,0.008923940161777777,0.0
2667,0.4444444444444444,5,True,0.6,1.0,0.008923940161777777,0.0
2668,0.4444444444444444,5,True,0.6,1.0,0.008923940161777777,0.0
2669,1.0,0,False,,,,
2670,0.4444444444444444,5,True,0.5333333333333333,1.0,0.008923940161777777,0.0
2671,0.4444444444444444,5,True,0.6666666666666666,1.0,0.008923940161777777,0.0
2672,0.4444444444444444,5,True,0.6,1.0,0.008923940161777777,0.0
2673,0.4444444444444444,5,True,0.6,1.0,0.008923940161777777,0.0
2674,0.4444444444444444,5,True,0.7333333333333333,1.0,0.008923940161777777,0.0
2675,0.4444444444444444,5,True,0.6,1.0,0.008923940161777777,0.0
2676,0.4444444444444444,5,True,0.6,1.0,0.008923940161777777,0.0
2677,0.4444444444444444,5,True,0.5333333333333333,1.0,0.008923940161777777,0.0
2678,0.4444444444444444,5,True,0.4533333333333333,0.8,0.1216528952381466,0.7219280948873623
2679,0.4444444444444444,5,True,0.5333333333333333,1.0,0.008923940161777777,0.0
2680,0.4444444444444444,5,True,0.6,1.0,0.008923940161777777,0.0
2681,0.4444444444444444,5,True,0.6,1.0,0.008923940161777777,0.0
2682,0.4444444444444444,5,True,0.5333333333333333,1.0,0.008923940161777777,0.0
2683,0.4444444444444444,5,True,0.6666666666666666,1.0,0.008923940161777777,0.0
2684,0.4444444444444444,5,True,0.6,1.0,0.008923940161777777,0.0
2685,0.4444444444444444,5,True,0.6,1.0,0.008923940161777777,0.0
2686,0.4444444444444444,5,True,0.5333333333333333,1.0,0.008923940161777777,0.0
2687,0.4444444444444444,5,True,0.6,1.0,0.008923940161777777,0.0
2688,0.4444444444444444,5,True,0.6,1.0,0.008923940161777777,0.0
2689,0.4444444444444444,5,True,0.8666666666666667,1.0,0.008923940161777777,0.0
2690,0.4444444444444444,5,True,0.6666666666666666,1.0,0.008923940161777777,0.0
2691,0.4444444444444444,5,True,0.6,1.0,0.008923940161777777,0.0
2692,0.4444444444444444,5,True,0.6,1.0,0.008923940161777777,0.0
2693,0.4444444444444444,5,True,0.5333333333333333,1.0,0.008923940161777777,0.0
2694,0.4444444444444444,5,True,0.6,1.0,0.008923940161777777,0.0
2695,0.4444444444444444,5,True,0.6,1.0,0.008923940161777777,0.0
2696,0.4444444444444444,5,True,0.7333333333333333,1.0,0.008923940161777777,0.0
2697,0.4444444444444444,5,True,0.5333333333333333,1.0,0.008923940161777777,0.0
2698,0.4444444444444444,5,True,0.8,1.0,0.008923940161777777,0.0
2699,0.4444444444444444,5,True,0.5333333333333333,1.0,0.008923940161777777,0.0
2700,0.4444444444444444,5,True,0.6666666666666666,1.0,0.008923940161777777,0.0
2701,0.4444444444444444,5,True,0.6,1.0,0.008923940161777777,0.0
2702,0.4444444444444444,5,True,0.6,1.0,0.008923940161777777,0.0
2703,0.4444444444444444,5,True,0.5333333333333333,1.0,0.008923940161777777,0.0
2704,0.4444444444444444,5,True,0.5333333333333333,1.0,0.008923940161777777,0.0
2705,0.4444444444444444,5,True,0.6666666666666666,1.0,0.008923940161777777,0.0
2706,0.4444444444444444,5,True,0.6,1.0,0.008923940161777777,0.0
2707,0.4444444444444444,5,True,0.6666666666666666,1.0,0.008923940161777777,0.0
2708,0.4444444444444444,5,True,0.5333333333333333,1.0,0.008923940161777777,0.0
2709,0.4444444444444444,5,True,0.6666666666666666,1.0,0.008923940161777777,0.0
2710,0.4444444444444444,5,True,0.6666666666666666,1.0,0.008923940161777777,0.0
2711,0.4444444444444444,5,True,0.5333333333333333,1.0,0.008923940161777777,0.0
2712,0.4444444444444444,5,True,0.6,1.0,0.008923940161777777,0.0
2713,0.4444444444444444,5,True,0.6,1.0,0.008923940161777777,0.0
2714,0.4444444444444444,5,True,0.6,1.0,0.008923940161777777,0.0
2715,0.4444444444444444,5,True,0.6,1.0,0.008923940161777777,0.0
2716,0.4444444444444444,5,True,0.6,1.0,0.008923940161777777,0.0
2717,0.4444444444444444,5,True,0.5333333333333333,1.0,0.008923940161777777,0.0
2718,0.4444444444444444,5,True,0.5333333333333333,1.0,0.008923940161777777,0.0
2719,0.4444444444444444,5,True,0.6,1.0,0.008923940161777777,0.0
2720,0.4444444444444444,5,True,0.6,1.0,0.008923940161777777,0.0
2721,0.4444444444444444,5,True,0.6,1.0,0.008923940161777777,0.0
2722,0.4444444444444444,5,True,0.52,0.8,0.1216528952381466,0.7219280948873623
2723,0.4444444444444444,5,True,0.6,1.0,0.008923940161777777,0.0
2724,0.4444444444444444,5,True,0.5333333333333333,1.0,0.008923940161777777,0.0
2725,0.4444444444444444,5,True,0.6666666666666666,1.0,0.008923940161777777,0.0
2726,0.4444444444444444,5,True,0.6,1.0,0.008923940161777777,0.0
2727,0.4444444444444444,5,True,0.6666666666666666,1.0,0.008923940161777777,0.0
2728,0.4444444444444444,5,True,0.6,0.8,0.1216528952381466,0.7219280948873623
2729,0.4444444444444444,5,True,0.6,1.0,0.008923940161777777,0.0
2730,0.4444444444444444,5,True,0.5333333333333333,1.0,0.008923940161777777,0.0
2731,0.4444444444444444,5,True,0.5333333333333333,1.0,0.008923940161777777,0.0
2732,0.4444444444444444,5,True,0.6,1.0,0.008923940161777777,0.0
2733,0.4444444444444444,5,True,0.6,1.0,0.008923940161777777,0.0
2734,0.4444444444444444,5,True,0.5333333333333333,1.0,0.008923940161777777,0.0
2735,0.4444444444444444,5,True,0.6,1.0,0.008923940161777777,0.0
2736,0.4444444444444444,5,True,0.6666666666666666,1.0,0.008923940161777777,0.0
2737,0.4444444444444444,5,True,0.5333333333333333,1.0,0.008923940161777777,0.0
2738,0.4444444444444444,5,True,0.5333333333333333,1.0,0.008923940161777777,0.0
2739,0.4444444444444444,5,True,0.6,1.0,0.008923940161777777,0.0
2740,0.4444444444444444,5,True,0.5333333333333333,1.0,0.008923940161777777,0.0
2741,0.4444444444444444,5,True,0.6,1.0,0.008923940161777777,0.0
2742,0.4444444444444444,5,True,0.6,1.0,0.008923940161777777,0.0
2743,0.4444444444444444,5,True,0.7333333333333333,1.0,0.008923940161777777,0.0
2744,0.4444444444444444,5,True,0.6,1.0,0.008923940161777777,0.0
2745,0.4444444444444444,5,True,0.5333333333333333,1.0,0.008923940161777777,0.0
2746,0.4444444444444444,5,True,0.5333333333333333,1.0,0.008923940161777777,0.0
2747,0.4444444444444444,5,True,0.6,1.0,0.008923940161777777,0.0
2748,0.4444444444444444,5,True,0.5333333333333333,1.0,0.008923940161777777,0.0
2749,0.4444444444444444,5,True,0.6,1.0,0.008923940161777777,0.0
2750,0.4444444444444444,5,True,0.6666666666666666,1.0,0.008923940161777777,0.0
2751,0.4444444444444444,5,True,0.6,1.0,0.008923940161777777,0.0
2752,0.4444444444444444,5,True,0.6,1.0,0.008923940161777777,0.0
2753,0.4444444444444444,5,True,0.5333333333333333,1.0,0.008923940161777777,0.0
2754,0.4444444444444444,5,True,0.5333333333333333,1.0,0.008923940161777777,0.0
2755,0.4444444444444444,5,True,0.6,1.0,0.008923940161777777,0.0
2756,0.4444444444444444,5,True,0.6666666666666666,1.0,0.008923940161777777,0.0
2757,0.4444444444444444,5,True,0.6666666666666666,1.0,0.008923940161777777,0.0
2758,0.4444444444444444,5,True,0.5333333333333333,1.0,0.008923940161777777,0.0
2759,0.4444444444444444,5,True,0.6,1.0,0.008923940161777777,0.0
2760,0.4444444444444444,5,True,0.5333333333333333,1.0,0.008923940161777777,0.0
2761,0.4444444444444444,5,True,0.6666666666666666,1.0,0.008923940161777777,0.0
2762,0.4444444444444444,5,True,0.6,1.0,0.008923940161777777,0.0
2763,0.4444444444444444,5,True,0.6,1.0,0.008923940161777777,0.0
2764,0.4444444444444444,5,True,0.5333333333333333,1.0,0.008923940161777777,0.0
2765,0.4444444444444444,5,True,0.5333333333333333,1.0,0.008923940161777777,0.0
2766,0.4444444444444444,5,True,0.7333333333333333,1.0,0.008923940161777777,0.0
2767,0.4444444444444444,5,True,0.6666666666666666,1.0,0.008923940161777777,0.0
2768,0.4444444444444444,5,True,0.6666666666666666,1.0,0.008923940161777777,0.0
2769,0.4444444444444444,5,True,0.6,1.0,0.008923940161777777,0.0
2770,0.4444444444444444,5,True,0.5333333333333333,1.0,0.008923940161777777,0.0
2771,0.4444444444444444,5,True,0.6,1.0,0.008923940161777777,0.0
2772,0.4444444444444444,5,True,0.5333333333333333,1.0,0.008923940161777777,0.0
2773,0.4444444444444444,5,True,0.5333333333333333,1.0,0.008923940161777777,0.0
2774,0.4444444444444444,5,True,0.6,1.0,0.008923940161777777,0.0
2775,0.4444444444444444,5,True,0.6,1.0,0.008923940161777777,0.0
2776,0.4444444444444444,5,True,0.6,1.0,0.008923940161777777,0.0
2777,0.4444444444444444,5,True,0.6666666666666666,1.0,0.008923940161777777,0.0
2778,0.4444444444444444,5,True,0.6666666666666666,1.0,0.008923940161777777,0.0
2779,0.4444444444444444,5,True,0.4266666666666667,0.8,0.1216528952381466,0.7219280948873623
2780,0.4444444444444444,5,True,0.6,1.0,0.008923940161777777,0.0
2781,1.0,0,False,,,,
2782,1.0,0,False,,,,
2783,1.0,0,False,,,,
2784,1.0,0,False,,,,
2785,1.0,0,False,,,,
2786,1.0,0,False,,,,
2787,0.4444444444444444,5,True,0.6666666666666666,1.0,0.008923940161777777,0.0
2788,0.4444444444444444,5,True,0.4266666666666667,0.8,0.1216528952381466,0.7219280948873623
2789,0.4444444444444444,5,True,0.6,1.0,0.008923940161777777,0.0
2790,0.4444444444444444,5,True,0.5333333333333333,1.0,0.008923940161777777,0.0
2791,0.4444444444444444,5,True,0.6,1.0,0.008923940161777777,0.0
2792,0.4444444444444444,5,True,0.6666666666666666,1.0,0.008923940161777777,0.0
2793,0.4444444444444444,5,True,0.6,1.0,0.008923940161777777,0.0
2794,0.4444444444444444,5,True,0.6666666666666666,1.0,0.008923940161777777,0.0
2795,0.4444444444444444,5,True,0.6,1.0,0.008923940161777777,0.0
2796,0.4444444444444444,5,True,0.6666666666666666,1.0,0.008923940161777777,0.0
2797,0.4444444444444444,5,True,0.4266666666666667,0.8,0.1216528952381466,0.7219280948873623
2798,0.6666666666666666,3,False,,,,
2799,0.5555555555555556,4,False,,,,
2800,0.5555555555555556,4,False,,,,
2801,0.5555555555555556,4,False,,,,
2802,0.5555555555555556,4,False,,,,
2803,0.5555555555555556,4,False,,,,
2804,0.5555555555555556,4,False,,,,
2805,0.5555555555555556,4,False,,,,
2806,0.4444444444444444,5,True,0.4533333333333333,0.8,0.1216528952381466,0.7219280948873623
2807,0.4444444444444444,5,True,0.6,1.0,0.008923940161777777,0.0
2808,0.4444444444444444,5,True,0.5333333333333333,1.0,0.008923940161777777,0.0
2809,0.4444444444444444,5,True,0.5333333333333333,1.0,0.008923940161777777,0.0
2810,0.4444444444444444,5,True,0.5333333333333333,1.0,0.008923940161777777,0.0
2811,0.4444444444444444,5,True,0.7333333333333333,1.0,0.008923940161777777,0.0
2812,0.4444444444444444,5,True,0.5333333333333333,1.0,0.008923940161777777,0.0
2813,0.4444444444444444,5,True,0.5333333333333333,1.0,0.008923940161777777,0.0
2814,0.4444444444444444,5,True,0.6666666666666666,1.0,0.008923940161777777,0.0
2815,0.4444444444444444,5,True,0.6,1.0,0.008923940161777777,0.0
2816,0.4444444444444444,5,True,0.6666666666666666,1.0,0.008923940161777777,0.0
2817,0.4444444444444444,5,True,0.6,1.0,0.008923940161777777,0.0
2818,0.4444444444444444,5,True,0.6666666666666666,1.0,0.008923940161777777,0.0
2819,0.4444444444444444,5,True,0.5333333333333333,1.0,0.008923940161777777,0.0
2820,0.4444444444444444,5,True,0.6666666666666666,1.0,0.008923940161777777,0.0
2821,0.4444444444444444,5,True,0.5333333333333333,1.0,0.008923940161777777,0.0
2822,0.4444444444444444,5,True,0.6,1.0,0.008923940161777777,0.0
2823,0.4444444444444444,5,True,0.5333333333333333,1.0,0.008923940161777777,0.0
2824,0.4444444444444444,5,True,0.5333333333333333,1.0,0.008923940161777777,0.0
2825,0.4444444444444444,5,True,0.6666666666666666,1.0,0.008923940161777777,0.0
2826,0.4444444444444444,5,True,0.6,1.0,0.008923940161777777,0.0
2827,0.4444444444444444,5,True,0.6666666666666666,1.0,0.008923940161777777,0.0
2828,0.4444444444444444,5,True,0.6,1.0,0.008923940161777777,0.0
2829,0.4444444444444444,5,True,0.6,1.0,0.008923940161777777,0.0
2830,0.4444444444444444,5,True,0.5066666666666666,0.8,0.1216528952381466,0.7219280948873623
2831,1.0,0,False,,,,
2832,1.0,0,False,,,,
2833,0.4444444444444444,5,True,0.6,1.0,0.008923940161777777,0.0
2834,0.4444444444444444,5,True,0.6,1.0,0.008923940161777777,0.0
2835,0.4444444444444444,5,True,0.6,1.0,0.008923940161777777,0.0
2836,0.4444444444444444,5,True,0.6,1.0,0.008923940161777777,0.0
2837,0.4444444444444444,5,True,0.6,1.0,0.008923940161777777,0.0
2838,0.4444444444444444,5,True,0.6,1.0,0.008923940161777777,0.0
2839,0.4444444444444444,5,True,0.6,1.0,0.008923940161777777,0.0
2840,0.4444444444444444,5,True,0.5333333333333333,1.0,0.008923940161777777,0.0
2841,0.4444444444444444,5,True,0.5333333333333333,1.0,0.008923940161777777,0.0
2842,0.4444444444444444,5,True,0.6666666666666666,1.0,0.008923940161777777,0.0
2843,0.4444444444444444,5,True,0.6666666666666666,1.0,0.008923940161777777,0.0
2844,0.4444444444444444,5,True,0.6,1.0,0.008923940161777777,0.0
2845,0.4444444444444444,5,True,0.6,1.0,0.008923940161777777,0.0
2846,0.4444444444444444,5,True,0.5333333333333333,1.0,0.008923940161777777,0.0
2847,0.4444444444444444,5,True,0.5333333333333333,1.0,0.008923940161777777,0.0
2848,0.4444444444444444,5,True,0.5333333333333333,1.0,0.008923940161777777,0.0
2849,0.4444444444444444,5,True,0.5333333333333333,1.0,0.008923940161777777,0.0
2850,0.4444444444444444,5,True,0.5333333333333333,1.0,0.008923940161777777,0.0
2851,0.4444444444444444,5,True,0.5333333333333333,1.0,0.008923940161777777,0.0
2852,0.4444444444444444,5,True,0.5333333333333333,1.0,0.008923940161777777,0.0
2853,0.4444444444444444,5,True,0.5333333333333333,1.0,0.008923940161777777,0.0
2854,0.4444444444444444,5,True,0.6666666666666666,1.0,0.008923940161777777,0.0
2855,0.4444444444444444,5,True,0.5333333333333333,1.0,0.008923940161777777,0.0
2856,0.4444444444444444,5,True,0.5333333333333333,1.0,0.008923940161777777,0.0
2857,0.4444444444444444,5,True,0.6,1.0,0.008923940161777777,0.0
2858,0.4444444444444444,5,True,0.6,1.0,0.008923940161777777,0.0
2859,0.4444444444444444,5,True,0.8666666666666667,1.0,0.008923940161777777,0.0
2860,0.4444444444444444,5,True,0.6666666666666666,1.0,0.008923940161777777,0.0
2861,0.4444444444444444,5,True,0.7333333333333333,1.0,0.008923940161777777,0.0
2862,0.4444444444444444,5,True,0.5333333333333333,1.0,0.008923940161777777,0.0
2863,0.4444444444444444,5,True,0.7333333333333333,1.0,0.008923940161777777,0.0
2864,0.4444444444444444,5,True,0.6666666666666666,1.0,0.008923940161777777,0.0
2865,0.4444444444444444,5,True,0.7333333333333333,1.0,0.008923940161777777,0.0
2866,0.4444444444444444,5,True,0.5333333333333333,1.0,0.008923940161777777,0.0
2867,0.4444444444444444,5,True,0.6666666666666666,1.0,0.008923940161777777,0.0
2868,0.4444444444444444,5,True,0.6666666666666666,1.0,0.008923940161777777,0.0
2869,0.4444444444444444,5,True,0.6,1.0,0.008923940161777777,0.0
2870,0.4444444444444444,5,True,0.5333333333333333,1.0,0.008923940161777777,0.0
2871,0.4444444444444444,5,True,0.6666666666666666,1.0,0.008923940161777777,0.0
2872,0.4444444444444444,5,True,0.6,1.0,0.008923940161777777,0.0
2873,0.4444444444444444,5,True,0.5333333333333333,1.0,0.008923940161777777,0.0
2874,0.4444444444444444,5,True,0.5333333333333333,1.0,0.008923940161777777,0.0
2875,0.4444444444444444,5,True,0.6666666666666666,1.0,0.008923940161777777,0.0
2876,0.4444444444444444,5,True,0.5333333333333333,1.0,0.008923940161777777,0.0
2877,0.4444444444444444,5,True,0.6,1.0,0.008923940161777777,0.0
2878,0.4444444444444444,5,True,0.8,1.0,0.008923940161777777,0.0
2879,0.4444444444444444,5,True,0.6,1.0,0.008923940161777777,0.0
2880,0.4444444444444444,5,True,0.6,1.0,0.008923940161777777,0.0
2881,0.4444444444444444,5,True,0.5333333333333333,1.0,0.008923940161777777,0.0
2882,0.4444444444444444,5,True,0.5333333333333333,1.0,0.008923940161777777,0.0
2883,0.4444444444444444,5,True,0.5333333333333333,1.0,0.008923940161777777,0.0
2884,0.4444444444444444,5,True,0.6666666666666666,1.0,0.008923940161777777,0.0
2885,0.4444444444444444,5,True,0.6,1.0,0.008923940161777777,0.0
2886,0.4444444444444444,5,True,0.5333333333333333,1.0,0.008923940161777777,0.0
2887,0.4444444444444444,5,True,0.6,1.0,0.008923940161777777,0.0
2888,0.4444444444444444,5,True,0.6,1.0,0.008923940161777777,0.0
2889,0.4444444444444444,5,True,0.5333333333333333,1.0,0.008923940161777777,0.0
2890,0.4444444444444444,5,True,0.5333333333333333,1.0,0.008923940161777777,0.0
2891,0.4444444444444444,5,True,0.18666666666666665,0.4,0.11331711999846616,1.9219280948873623
2892,0.4444444444444444,5,True,0.8,1.0,0.008923940161777777,0.0
2893,1.0,0,False,,,,
2894,1.0,0,False,,,,
2895,0.4444444444444444,5,True,0.5333333333333333,1.0,0.008923940161777777,0.0
2896,0.4444444444444444,5,True,0.6,1.0,0.008923940161777777,0.0
2897,0.4444444444444444,5,True,0.6666666666666666,1.0,0.008923940161777777,0.0
2898,0.4444444444444444,5,True,0.5333333333333333,1.0,0.008923940161777777,0.0
2899,0.4444444444444444,5,True,0.6,1.0,0.008923940161777777,0.0
2900,0.4444444444444444,5,True,0.6,1.0,0.008923940161777777,0.0
2901,0.4444444444444444,5,True,0.6,1.0,0.008923940161777777,0.0
2902,0.4444444444444444,5,True,0.6666666666666666,1.0,0.008923940161777777,0.0
2903,0.4444444444444444,5,True,0.6,1.0,0.008923940161777777,0.0
2904,0.4444444444444444,5,True,0.7333333333333333,1.0,0.008923940161777777,0.0
2905,0.4444444444444444,5,True,0.6,1.0,0.008923940161777777,0.0
2906,0.4444444444444444,5,True,0.5333333333333333,1.0,0.008923940161777777,0.0
2907,0.4444444444444444,5,True,0.5333333333333333,1.0,0.008923940161777777,0.0
2908,0.4444444444444444,5,True,0.6,1.0,0.008923940161777777,0.0
2909,0.4444444444444444,5,True,0.5333333333333333,1.0,0.008923940161777777,0.0
2910,0.4444444444444444,5,True,0.5333333333333333,1.0,0.008923940161777777,0.0
2911,0.4444444444444444,5,True,0.6666666666666666,1.0,0.008923940161777777,0.0
2912,0.4444444444444444,5,True,0.6,1.0,0.008923940161777777,0.0
2913,0.4444444444444444,5,True,0.6666666666666666,1.0,0.008923940161777777,0.0
2914,0.4444444444444444,5,True,0.7333333333333333,1.0,0.008923940161777777,0.0
2915,0.4444444444444444,5,True,0.6666666666666666,1.0,0.008923940161777777,0.0
2916,0.4444444444444444,5,True,0.5333333333333333,1.0,0.008923940161777777,0.0
2917,0.4444444444444444,5,True,0.6,1.0,0.008923940161777777,0.0
2918,0.4444444444444444,5,True,0.6666666666666666,1.0,0.008923940161777777,0.0
2919,0.4444444444444444,5,True,0.6,1.0,0.008923940161777777,0.0
2920,0.4444444444444444,5,True,0.6666666666666666,1.0,0.008923940161777777,0.0
2921,0.4444444444444444,5,True,0.6,1.0,0.008923940161777777,0.0
2922,0.4444444444444444,5,True,0.5333333333333333,1.0,0.008923940161777777,0.0
2923,0.4444444444444444,5,True,0.5333333333333333,1.0,0.008923940161777777,0.0
2924,0.4444444444444444,5,True,0.8,1.0,0.008923940161777777,0.0
2925,0.4444444444444444,5,True,0.5333333333333333,1.0,0.008923940161777777,0.0
2926,0.4444444444444444,5,True,0.6666666666666666,1.0,0.008923940161777777,0.0
2927,0.4444444444444444,5,True,0.5333333333333333,1.0,0.008923940161777777,0.0
2928,0.4444444444444444,5,True,0.5333333333333333,1.0,0.008923940161777777,0.0
2929,0.4444444444444444,5,True,0.49333333333333335,0.8,0.1216528952381466,0.7219280948873623
2930,0.4444444444444444,5,True,0.5333333333333333,1.0,0.008923940161777777,0.0
2931,0.4444444444444444,5,True,0.6,1.0,0.008923940161777777,0.0
2932,0.4444444444444444,5,True,0.4,0.6,0.03436639285717491,0.9709505944546686
2933,0.4444444444444444,5,True,0.5333333333333333,1.0,0.008923940161777777,0.0
2934,0.4444444444444444,5,True,0.6,1.0,0.008923940161777777,0.0
2935,0.4444444444444444,5,True,0.6666666666666666,1.0,0.008923940161777777,0.0
2936,0.4444444444444444,5,True,0.6666666666666666,1.0,0.008923940161777777,0.0
2937,0.4444444444444444,5,True,0.5333333333333333,1.0,0.008923940161777777,0.0
2938,0.4444444444444444,5,True,0.6,1.0,0.008923940161777777,0.0
2939,0.4444444444444444,5,True,0.6666666666666666,1.0,0.008923940161777777,0.0
2940,0.4444444444444444,5,True,0.6666666666666666,1.0,0.008923940161777777,0.0
2941,0.4444444444444444,5,True,0.6,1.0,0.008923940161777777,0.0
2942,0.4444444444444444,5,True,0.6,1.0,0.008923940161777777,0.0
2943,0.4444444444444444,5,True,0.8,1.0,0.008923940161777777,0.0
2944,0.4444444444444444,5,True,0.6666666666666666,1.0,0.008923940161777777,0.0
2945,1.0,0,False,,,,
