col_index,gap_frac,nongap_n,keep,cons_similarity,cons_identity,cons_entropy22,cons_entropy_nogap
1,0.8888888888888888,1,False,,,,
2,0.8888888888888888,1,False,,,,
3,0.8888888888888888,1,False,,,,
4,0.8888888888888888,1,False,,,,
5,0.8888888888888888,1,False,,,,
6,0.8888888888888888,1,False,,,,
7,0.8888888888888888,1,False,,,,
8,0.8888888888888888,1,False,,,,
9,0.8888888888888888,1,False,,,,
10,0.8888888888888888,1,False,,,,
11,0.8888888888888888,1,False,,,,
12,0.8888888888888888,1,False,,,,
13,0.8888888888888888,1,False,,,,
14,0.8888888888888888,1,False,,,,
15,0.8888888888888888,1,False,,,,
16,0.8888888888888888,1,False,,,,
17,0.8888888888888888,1,False,,,,
18,0.8888888888888888,1,False,,,,
19,0.8888888888888888,1,False,,,,
20,0.8888888888888888,1,False,,,,
21,0.8888888888888888,1,False,,,,
22,0.8888888888888888,1,False,,,,
23,0.8888888888888888,1,False,,,,
24,0.8888888888888888,1,False,,,,
25,0.8888888888888888,1,False,,,,
26,0.8888888888888888,1,False,,,,
27,0.8888888888888888,1,False,,,,
28,0.8888888888888888,1,False,,,,
29,0.8888888888888888,1,False,,,,
30,0.8888888888888888,1,False,,,,
31,0.8888888888888888,1,False,,,,
32,0.8888888888888888,1,False,,,,
33,0.8888888888888888,1,False,,,,
34,0.8888888888888888,1,False,,,,
35,0.8888888888888888,1,False,,,,
36,0.8888888888888888,1,False,,,,
37,0.8888888888888888,1,False,,,,
38,0.8888888888888888,1,False,,,,
39,0.8888888888888888,1,False,,,,
40,0.8888888888888888,1,False,,,,
41,0.8888888888888888,1,False,,,,
42,0.8888888888888888,1,False,,,,
43,0.8888888888888888,1,False,,,,
44,0.8888888888888888,1,False,,,,
45,0.8888888888888888,1,False,,,,
46,0.7777777777777778,2,False,,,,
47,0.7777777777777778,2,False,,,,
48,0.7777777777777778,2,False,,,,
49,0.7777777777777778,2,False,,,,
50,0.7777777777777778,2,False,,,,
51,0.7777777777777778,2,False,,,,
52,0.7777777777777778,2,False,,,,
53,0.7777777777777778,2,False,,,,
54,1.0,0,False,,,,
55,0.7777777777777778,2,False,,,,
56,0.7777777777777778,2,False,,,,
57,0.7777777777777778,2,False,,,,
58,0.7777777777777778,2,False,,,,
59,0.6666666666666666,3,False,,,,
60,0.6666666666666666,3,False,,,,
61,1.0,0,False,,,,
62,1.0,0,False,,,,
63,1.0,0,False,,,,
64,1.0,0,False,,,,
65,1.0,0,False,,,,
66,1.0,0,False,,,,
67,1.0,0,False,,,,
68,1.0,0,False,,,,
69,1.0,0,False,,,,
70,1.0,0,False,,,,
71,1.0,0,False,,,,
72,1.0,0,False,,,,
73,1.0,0,False,,,,
74,1.0,0,False,,,,
75,0.6666666666666666,3,False,,,,
76,0.5555555555555556,4,False,,,,
77,0.5555555555555556,4,False,,,,
78,0.5555555555555556,4,False,,,,
79,0.5555555555555556,4,False,,,,
80,0.7777777777777778,2,False,,,,
81,0.7777777777777778,2,False,,,,
82,0.5555555555555556,4,False,,,,
83,0.5555555555555556,4,False,,,,
84,0.5555555555555556,4,False,,,,
85,0.5555555555555556,4,False,,,,
86,0.5555555555555556,4,False,,,,
87,0.6666666666666666,3,False,,,,
88,0.6666666666666666,3,False,,,,
89,0.6666666666666666,3,False,,,,
90,0.6666666666666666,3,False,,,,
91,0.6666666666666666,3,False,,,,
92,0.7777777777777778,2,False,,,,
93,0.7777777777777778,2,False,,,,
94,0.7777777777777778,2,False,,,,
95,1.0,0,False,,,,
96,1.0,0,False,,,,
97,1.0,0,False,,,,
98,1.0,0,False,,,,
99,1.0,0,False,,,,
100,1.0,0,False,,,,
101,1.0,0,False,,,,
102,1.0,0,False,,,,
103,1.0,0,False,,,,
104,1.0,0,False,,,,
105,1.0,0,False,,,,
106,1.0,0,False,,,,
107,1.0,0,False,,,,
108,1.0,0,False,,,,
109,1.0,0,False,,,,
110,1.0,0,False,,,,
111,1.0,0,False,,,,
112,1.0,0,False,,,,
113,0.4444444444444444,5,True,0.18666666666666665,0.4,0.11331711999846594,1.9219280948873623
114,0.3333333333333333,6,True,0.17777777777777778,0.16666666666666666,0.05904160991070073,2.584962500721156
115,0.3333333333333333,6,True,0.20888888888888887,0.16666666666666666,0.05904160991070073,2.584962500721156
116,0.3333333333333333,6,True,0.17333333333333334,0.16666666666666666,0.05904160991070073,2.584962500721156
117,0.6666666666666666,3,False,,,,
118,0.6666666666666666,3,False,,,,
119,0.6666666666666666,3,False,,,,
120,0.6666666666666666,3,False,,,,
121,0.6666666666666666,3,False,,,,
122,0.3333333333333333,6,True,0.23555555555555555,0.3333333333333333,0.06405530255413405,2.2516291673878226
123,0.3333333333333333,6,True,0.24000000000000002,0.3333333333333333,0.05373481277819914,1.9182958340544893
124,0.3333333333333333,6,True,0.4,0.6666666666666666,0.12364236051014776,1.2516291673878228
125,0.3333333333333333,6,True,0.21333333333333335,0.3333333333333333,0.06405530255413405,2.2516291673878226
126,0.3333333333333333,6,True,0.24000000000000002,0.5,0.08985840735201955,1.7924812503605778
127,0.3333333333333333,6,True,0.19111111111111112,0.3333333333333333,0.06405530255413405,2.2516291673878226
128,0.3333333333333333,6,True,0.28444444444444444,0.3333333333333333,0.05373481277819914,1.9182958340544896
129,0.3333333333333333,6,True,0.2755555555555556,0.5,0.0544694439636737,1.4591479170272448
130,0.7777777777777778,2,False,,,,
131,0.7777777777777778,2,False,,,,
132,0.7777777777777778,2,False,,,,
133,0.7777777777777778,2,False,,,,
134,0.7777777777777778,2,False,,,,
135,0.8888888888888888,1,False,,,,
136,0.8888888888888888,1,False,,,,
137,0.8888888888888888,1,False,,,,
138,0.8888888888888888,1,False,,,,
139,0.8888888888888888,1,False,,,,
140,0.8888888888888888,1,False,,,,
141,0.8888888888888888,1,False,,,,
142,1.0,0,False,,,,
143,0.8888888888888888,1,False,,,,
144,0.7777777777777778,2,False,,,,
145,0.7777777777777778,2,False,,,,
146,0.7777777777777778,2,False,,,,
147,0.7777777777777778,2,False,,,,
148,0.7777777777777778,2,False,,,,
149,0.7777777777777778,2,False,,,,
150,0.7777777777777778,2,False,,,,
151,0.7777777777777778,2,False,,,,
152,0.6666666666666666,3,False,,,,
153,0.6666666666666666,3,False,,,,
154,0.2222222222222222,7,True,0.26666666666666666,0.5714285714285714,0.08170416594551055,1.3787834934861753
155,0.2222222222222222,7,True,0.2285714285714286,0.2857142857142857,0.031607485958777604,2.2359263506290326
156,0.4444444444444444,5,True,0.26666666666666666,0.4,0.11331711999846616,1.9219280948873623
157,0.2222222222222222,7,True,0.21904761904761905,0.2857142857142857,0.029164237274183935,2.5216406363433186
158,0.2222222222222222,7,True,0.1904761904761905,0.2857142857142857,0.031607485958777604,2.2359263506290326
159,0.2222222222222222,7,True,0.23492063492063492,0.2857142857142857,0.031607485958777604,2.2359263506290326
160,0.2222222222222222,7,True,0.2984126984126984,0.2857142857142857,0.031607485958777604,2.2359263506290326
161,0.2222222222222222,7,True,0.40634920634920635,0.7142857142857143,0.09428740198616281,0.863120568566631
162,0.2222222222222222,7,True,0.4444444444444444,0.7142857142857143,0.09428740198616281,0.863120568566631
163,0.2222222222222222,7,True,0.2857142857142857,0.5714285714285714,0.08170416594551055,1.3787834934861753
164,0.4444444444444444,5,True,0.24666666666666667,0.4,0.08170416594551055,1.5219280948873621
165,0.1111111111111111,8,True,0.45,0.875,0.3776340271255507,0.5435644431995964
166,0.1111111111111111,8,True,0.29285714285714287,0.5,0.11331711999846616,1.75
167,0.1111111111111111,8,True,0.5261904761904762,0.75,0.2766916661858959,1.061278124459133
168,0.1111111111111111,8,True,0.4880952380952381,0.75,0.2766916661858959,1.061278124459133
169,0.1111111111111111,8,True,0.7333333333333333,1.0,0.49674166522435426,0.0
170,0.4444444444444444,5,True,0.2866666666666667,0.6,0.12364236051014776,1.3709505944546687
171,0.1111111111111111,8,True,0.2642857142857143,0.375,0.08985840735201955,1.811278124459133
172,0.7777777777777778,2,False,,,,
173,0.7777777777777778,2,False,,,,
174,0.7777777777777778,2,False,,,,
175,0.7777777777777778,2,False,,,,
176,0.4444444444444444,5,True,0.5333333333333333,1.0,0.008923940161777777,0.0
177,0.4444444444444444,5,True,0.44,0.8,0.1216528952381466,0.7219280948873623
178,0.4444444444444444,5,True,0.30666666666666664,0.6,0.12364236051014776,1.3709505944546687
179,0.4444444444444444,5,True,0.26,0.6,0.12364236051014776,1.3709505944546687
180,0.4444444444444444,5,True,0.35333333333333333,0.6,0.12364236051014776,1.3709505944546687
181,0.4444444444444444,5,True,0.44,0.6,0.12364236051014776,1.3709505944546687
182,0.4444444444444444,5,True,0.2866666666666667,0.6,0.12364236051014776,1.3709505944546687
183,0.4444444444444444,5,True,0.32,0.8,0.1216528952381466,0.7219280948873623
184,0.4444444444444444,5,True,0.4666666666666667,0.8,0.1216528952381466,0.7219280948873623
185,0.8888888888888888,1,False,,,,
186,0.8888888888888888,1,False,,,,
187,0.8888888888888888,1,False,,,,
188,0.8888888888888888,1,False,,,,
189,0.8888888888888888,1,False,,,,
190,0.8888888888888888,1,False,,,,
191,0.8888888888888888,1,False,,,,
192,0.8888888888888888,1,False,,,,
193,0.8888888888888888,1,False,,,,
194,0.8888888888888888,1,False,,,,
195,0.4444444444444444,5,True,0.24666666666666667,0.4,0.11331711999846616,1.9219280948873623
196,0.1111111111111111,8,True,0.29047619047619044,0.375,0.08985840735201955,1.811278124459133
197,0.1111111111111111,8,True,0.48333333333333334,0.875,0.3776340271255507,0.5435644431995964
198,0.1111111111111111,8,True,0.3357142857142857,0.375,0.06405530255413405,2.1556390622295662
199,0.1111111111111111,8,True,0.2571428571428572,0.375,0.06405530255413405,2.1556390622295662
200,0.1111111111111111,8,True,0.35,0.375,0.0544694439636737,1.561278124459133
201,0.1111111111111111,8,True,0.30952380952380953,0.375,0.08985840735201955,1.811278124459133
202,0.2222222222222222,7,True,0.4571428571428572,0.5714285714285714,0.03436639285717491,0.9852281360342515
203,0.2222222222222222,7,True,0.4,0.5714285714285714,0.03436639285717491,0.9852281360342515
204,0.5555555555555556,4,False,,,,
205,0.5555555555555556,4,False,,,,
206,0.4444444444444444,5,True,0.30666666666666664,0.6,0.12364236051014776,1.3709505944546687
207,0.4444444444444444,5,True,0.30666666666666664,0.6,0.12364236051014776,1.3709505944546687
208,0.4444444444444444,5,True,0.24000000000000002,0.6,0.12364236051014776,1.3709505944546687
209,0.4444444444444444,5,True,0.3333333333333333,0.6,0.12364236051014776,1.3709505944546687
210,0.4444444444444444,5,True,0.3333333333333333,0.6,0.12364236051014776,1.3709505944546687
211,0.4444444444444444,5,True,0.22666666666666666,0.4,0.11331711999846616,1.9219280948873623
212,0.4444444444444444,5,True,0.33999999999999997,0.4,0.11331711999846616,1.9219280948873623
213,0.2222222222222222,7,True,0.6,1.0,0.23579549349137974,0.0
214,0.2222222222222222,7,True,0.5333333333333333,1.0,0.23579549349137974,0.0
215,0.2222222222222222,7,True,0.5333333333333333,1.0,0.23579549349137974,0.0
216,0.2222222222222222,7,True,0.6,1.0,0.23579549349137974,0.0
217,0.2222222222222222,7,True,0.6,1.0,0.23579549349137974,0.0
218,0.2222222222222222,7,True,0.6666666666666666,1.0,0.23579549349137974,0.0
219,0.2222222222222222,7,True,0.6,1.0,0.23579549349137974,0.0
220,0.2222222222222222,7,True,0.6666666666666666,1.0,0.23579549349137974,0.0
221,0.2222222222222222,7,True,0.6,1.0,0.23579549349137974,0.0
222,0.2222222222222222,7,True,0.6666666666666666,1.0,0.23579549349137974,0.0
223,0.2222222222222222,7,True,0.6,1.0,0.23579549349137974,0.0
224,0.2222222222222222,7,True,0.6666666666666666,1.0,0.23579549349137974,0.0
225,0.2222222222222222,7,True,0.5333333333333333,1.0,0.23579549349137974,0.0
226,0.2222222222222222,7,True,0.6,1.0,0.23579549349137974,0.0
227,0.2222222222222222,7,True,0.5365079365079365,0.7142857142857143,0.09428740198616281,0.863120568566631
228,0.2222222222222222,7,True,0.6,1.0,0.23579549349137974,0.0
229,1.0,0,False,,,,
230,1.0,0,False,,,,
231,0.2222222222222222,7,True,0.6,1.0,0.23579549349137974,0.0
232,1.0,0,False,,,,
233,0.2222222222222222,7,True,0.5047619047619047,0.7142857142857143,0.09428740198616281,0.863120568566631
234,0.2222222222222222,7,True,0.4666666666666667,0.8571428571428571,0.22749311428573982,0.5916727785823275
235,0.2222222222222222,7,True,0.7333333333333333,1.0,0.23579549349137974,0.0
236,0.2222222222222222,7,True,0.5333333333333333,1.0,0.23579549349137974,0.0
237,0.2222222222222222,7,True,0.4444444444444444,0.7142857142857143,0.09428740198616281,0.863120568566631
238,0.2222222222222222,7,True,0.5333333333333333,1.0,0.23579549349137974,0.0
239,0.2222222222222222,7,True,0.5333333333333333,1.0,0.23579549349137974,0.0
240,0.2222222222222222,7,True,0.5333333333333333,1.0,0.23579549349137974,0.0
241,0.2222222222222222,7,True,0.8,1.0,0.23579549349137974,0.0
242,0.2222222222222222,7,True,0.5333333333333333,1.0,0.23579549349137974,0.0
243,0.2222222222222222,7,True,0.5333333333333333,1.0,0.23579549349137974,0.0
244,0.2222222222222222,7,True,0.5333333333333333,1.0,0.23579549349137974,0.0
245,1.0,0,False,,,,
246,0.2222222222222222,7,True,0.5079365079365079,0.7142857142857143,0.09428740198616281,0.863120568566631
247,0.2222222222222222,7,True,0.6666666666666666,1.0,0.23579549349137974,0.0
248,0.2222222222222222,7,True,0.6666666666666666,1.0,0.23579549349137974,0.0
249,0.2222222222222222,7,True,0.5333333333333333,1.0,0.23579549349137974,0.0
250,0.2222222222222222,7,True,0.5047619047619047,0.7142857142857143,0.09428740198616281,0.863120568566631
251,0.2222222222222222,7,True,0.5142857142857143,0.7142857142857143,0.09428740198616281,0.863120568566631
252,0.2222222222222222,7,True,0.7333333333333333,1.0,0.23579549349137974,0.0
253,0.2222222222222222,7,True,0.5079365079365079,0.7142857142857143,0.09428740198616281,0.863120568566631
254,0.2222222222222222,7,True,0.6,1.0,0.23579549349137974,0.0
255,0.2222222222222222,7,True,0.6666666666666666,1.0,0.23579549349137974,0.0
256,0.2222222222222222,7,True,0.5333333333333333,1.0,0.23579549349137974,0.0
257,0.2222222222222222,7,True,0.6,1.0,0.23579549349137974,0.0
258,0.2222222222222222,7,True,0.5333333333333333,1.0,0.23579549349137974,0.0
259,0.2222222222222222,7,True,0.5333333333333333,1.0,0.23579549349137974,0.0
260,0.2222222222222222,7,True,0.5333333333333333,1.0,0.23579549349137974,0.0
261,0.2222222222222222,7,True,0.5333333333333333,1.0,0.23579549349137974,0.0
262,0.2222222222222222,7,True,0.8666666666666667,1.0,0.23579549349137974,0.0
263,0.2222222222222222,7,True,0.8666666666666667,1.0,0.23579549349137974,0.0
264,0.2222222222222222,7,True,0.5333333333333333,1.0,0.23579549349137974,0.0
265,0.2222222222222222,7,True,0.5333333333333333,1.0,0.23579549349137974,0.0
266,0.2222222222222222,7,True,0.6666666666666666,1.0,0.23579549349137974,0.0
267,0.2222222222222222,7,True,0.5333333333333333,1.0,0.23579549349137974,0.0
268,0.2222222222222222,7,True,0.6666666666666666,1.0,0.23579549349137974,0.0
269,0.2222222222222222,7,True,0.6,1.0,0.23579549349137974,0.0
270,0.2222222222222222,7,True,0.5333333333333333,1.0,0.23579549349137974,0.0
271,0.2222222222222222,7,True,0.7333333333333333,1.0,0.23579549349137974,0.0
272,0.2222222222222222,7,True,0.5333333333333333,1.0,0.23579549349137974,0.0
273,0.2222222222222222,7,True,0.7333333333333333,1.0,0.23579549349137974,0.0
274,0.2222222222222222,7,True,0.6,1.0,0.23579549349137974,0.0
275,0.2222222222222222,7,True,0.5333333333333333,1.0,0.23579549349137974,0.0
276,0.2222222222222222,7,True,0.7333333333333333,1.0,0.23579549349137974,0.0
277,0.2222222222222222,7,True,0.7333333333333333,1.0,0.23579549349137974,0.0
278,0.2222222222222222,7,True,0.6,1.0,0.23579549349137974,0.0
279,0.2222222222222222,7,True,0.5333333333333333,1.0,0.23579549349137974,0.0
280,0.2222222222222222,7,True,0.4793650793650794,0.7142857142857143,0.09428740198616281,0.863120568566631
281,0.2222222222222222,7,True,0.6666666666666666,1.0,0.23579549349137974,0.0
282,0.2222222222222222,7,True,0.6,1.0,0.23579549349137974,0.0
283,0.2222222222222222,7,True,0.5333333333333333,1.0,0.23579549349137974,0.0
284,0.2222222222222222,7,True,0.6,1.0,0.23579549349137974,0.0
285,0.5555555555555556,4,False,,,,
286,0.5555555555555556,4,False,,,,
287,0.5555555555555556,4,False,,,,
288,0.5555555555555556,4,False,,,,
289,0.5555555555555556,4,False,,,,
290,0.5555555555555556,4,False,,,,
291,0.5555555555555556,4,False,,,,
292,0.5555555555555556,4,False,,,,
293,0.5555555555555556,4,False,,,,
294,0.5555555555555556,4,False,,,,
295,0.5555555555555556,4,False,,,,
296,0.5555555555555556,4,False,,,,
297,0.5555555555555556,4,False,,,,
298,0.5555555555555556,4,False,,,,
299,0.5555555555555556,4,False,,,,
300,0.5555555555555556,4,False,,,,
301,1.0,0,False,,,,
302,1.0,0,False,,,,
303,0.5555555555555556,4,False,,,,
304,0.5555555555555556,4,False,,,,
305,0.5555555555555556,4,False,,,,
306,0.5555555555555556,4,False,,,,
307,0.5555555555555556,4,False,,,,
308,0.5555555555555556,4,False,,,,
309,0.5555555555555556,4,False,,,,
310,0.5555555555555556,4,False,,,,
311,0.5555555555555556,4,False,,,,
312,0.5555555555555556,4,False,,,,
313,0.5555555555555556,4,False,,,,
314,0.4444444444444444,5,True,0.5333333333333333,1.0,0.008923940161777777,0.0
315,0.4444444444444444,5,True,0.49333333333333335,0.8,0.1216528952381466,0.7219280948873623
316,0.1111111111111111,8,True,0.6666666666666666,1.0,0.49674166522435426,0.0
317,0.1111111111111111,8,True,0.46190476190476193,0.625,0.1472075115099596,0.954434002924965
318,0.1111111111111111,8,True,0.5333333333333333,1.0,0.49674166522435426,0.0
319,0.1111111111111111,8,True,1.0,1.0,0.49674166522435426,0.0
320,0.1111111111111111,8,True,0.5333333333333333,1.0,0.49674166522435426,0.0
321,0.1111111111111111,8,True,0.6,1.0,0.49674166522435426,0.0
322,0.1111111111111111,8,True,0.5333333333333333,1.0,0.49674166522435426,0.0
323,0.1111111111111111,8,True,0.7333333333333333,1.0,0.49674166522435426,0.0
324,0.1111111111111111,8,True,0.6666666666666666,1.0,0.49674166522435426,0.0
325,0.1111111111111111,8,True,0.5333333333333333,1.0,0.49674166522435426,0.0
326,0.1111111111111111,8,True,0.8666666666666667,1.0,0.49674166522435426,0.0
327,0.1111111111111111,8,True,0.6666666666666666,1.0,0.49674166522435426,0.0
328,0.1111111111111111,8,True,0.6,1.0,0.49674166522435426,0.0
329,0.1111111111111111,8,True,0.5333333333333333,1.0,0.49674166522435426,0.0
330,0.1111111111111111,8,True,0.6,1.0,0.49674166522435426,0.0
331,0.1111111111111111,8,True,0.6666666666666666,1.0,0.49674166522435426,0.0
332,1.0,0,False,,,,
333,0.1111111111111111,8,True,0.569047619047619,0.75,0.22749311428573982,0.8112781244591328
334,0.1111111111111111,8,True,0.6666666666666666,1.0,0.49674166522435426,0.0
335,1.0,0,False,,,,
336,1.0,0,False,,,,
337,1.0,0,False,,,,
338,0.1111111111111111,8,True,0.6,1.0,0.49674166522435426,0.0
339,0.1111111111111111,8,True,0.5333333333333333,1.0,0.49674166522435426,0.0
340,0.1111111111111111,8,True,0.6666666666666666,1.0,0.49674166522435426,0.0
341,0.1111111111111111,8,True,0.3619047619047619,0.625,0.1472075115099596,0.954434002924965
342,0.1111111111111111,8,True,0.6,1.0,0.49674166522435426,0.0
343,0.1111111111111111,8,True,0.5333333333333333,1.0,0.49674166522435426,0.0
344,0.1111111111111111,8,True,0.5666666666666667,0.625,0.1472075115099596,0.954434002924965
345,0.1111111111111111,8,True,0.6,1.0,0.49674166522435426,0.0
346,0.1111111111111111,8,True,0.6,1.0,0.49674166522435426,0.0
347,0.1111111111111111,8,True,0.5333333333333333,1.0,0.49674166522435426,0.0
348,0.1111111111111111,8,True,0.6666666666666666,1.0,0.49674166522435426,0.0
349,0.1111111111111111,8,True,0.4666666666666667,0.875,0.3776340271255507,0.5435644431995964
350,0.1111111111111111,8,True,0.5333333333333333,1.0,0.49674166522435426,0.0
351,0.1111111111111111,8,True,0.5333333333333333,1.0,0.49674166522435426,0.0
352,0.1111111111111111,8,True,0.5666666666666667,0.875,0.3776340271255507,0.5435644431995964
353,0.8888888888888888,1,False,,,,
354,0.8888888888888888,1,False,,,,
355,0.8888888888888888,1,False,,,,
356,0.8888888888888888,1,False,,,,
357,0.8888888888888888,1,False,,,,
358,0.8888888888888888,1,False,,,,
359,0.8888888888888888,1,False,,,,
360,0.8888888888888888,1,False,,,,
361,0.8888888888888888,1,False,,,,
362,0.8888888888888888,1,False,,,,
363,1.0,0,False,,,,
364,1.0,0,False,,,,
365,1.0,0,False,,,,
366,1.0,0,False,,,,
367,1.0,0,False,,,,
368,1.0,0,False,,,,
369,1.0,0,False,,,,
370,1.0,0,False,,,,
371,1.0,0,False,,,,
372,1.0,0,False,,,,
373,1.0,0,False,,,,
374,1.0,0,False,,,,
375,1.0,0,False,,,,
376,1.0,0,False,,,,
377,1.0,0,False,,,,
378,1.0,0,False,,,,
379,1.0,0,False,,,,
380,1.0,0,False,,,,
381,0.8888888888888888,1,False,,,,
382,0.8888888888888888,1,False,,,,
383,0.8888888888888888,1,False,,,,
384,0.8888888888888888,1,False,,,,
385,0.8888888888888888,1,False,,,,
386,0.8888888888888888,1,False,,,,
387,0.8888888888888888,1,False,,,,
388,0.8888888888888888,1,False,,,,
389,0.8888888888888888,1,False,,,,
390,0.8888888888888888,1,False,,,,
391,0.8888888888888888,1,False,,,,
392,0.8888888888888888,1,False,,,,
393,0.8888888888888888,1,False,,,,
394,0.8888888888888888,1,False,,,,
395,0.8888888888888888,1,False,,,,
396,0.8888888888888888,1,False,,,,
397,0.8888888888888888,1,False,,,,
398,0.1111111111111111,8,True,0.6666666666666666,1.0,0.49674166522435426,0.0
399,0.1111111111111111,8,True,0.40476190476190477,0.625,0.1472075115099596,0.954434002924965
400,0.1111111111111111,8,True,0.8,1.0,0.49674166522435426,0.0
401,0.1111111111111111,8,True,0.6666666666666666,1.0,0.49674166522435426,0.0
402,0.1111111111111111,8,True,0.4571428571428572,0.625,0.1472075115099596,0.954434002924965
403,0.1111111111111111,8,True,0.6,1.0,0.49674166522435426,0.0
404,0.1111111111111111,8,True,0.5333333333333333,1.0,0.49674166522435426,0.0
405,0.1111111111111111,8,True,0.44285714285714284,0.625,0.1472075115099596,0.954434002924965
406,0.0,9,True,0.6,1.0,1.0,0.0
407,0.0,9,True,0.8,1.0,1.0,0.0
408,0.0,9,True,0.6,1.0,1.0,0.0
409,0.0,9,True,0.43333333333333335,0.6666666666666666,0.08170416594551044,0.9182958340544896
410,0.0,9,True,0.6666666666666666,1.0,1.0,0.0
411,0.0,9,True,0.5333333333333333,1.0,1.0,0.0
412,0.0,9,True,0.6,1.0,1.0,0.0
413,0.0,9,True,0.5333333333333333,1.0,1.0,0.0
414,0.0,9,True,0.5333333333333333,1.0,1.0,0.0
415,0.0,9,True,0.5333333333333333,1.0,1.0,0.0
416,0.0,9,True,0.5074074074074074,0.7777777777777778,0.23579549349137974,0.7642045065086203
417,0.0,9,True,0.36666666666666664,0.5555555555555556,0.1472075115099596,1.3516441151533922
418,0.0,9,True,0.6,1.0,1.0,0.0
419,0.0,9,True,0.6666666666666666,1.0,1.0,0.0
420,0.0,9,True,0.6666666666666666,1.0,1.0,0.0
421,0.0,9,True,0.3648148148148148,0.5555555555555556,0.09428740198616281,1.4355205042826666
422,0.0,9,True,0.5333333333333333,1.0,1.0,0.0
423,0.0,9,True,0.4407407407407407,0.5555555555555556,0.008923940161777777,0.9910760598382222
424,0.0,9,True,0.6,1.0,1.0,0.0
425,0.0,9,True,0.6,1.0,1.0,0.0
426,0.0,9,True,0.5333333333333333,1.0,1.0,0.0
427,0.0,9,True,0.5333333333333333,1.0,1.0,0.0
428,0.0,9,True,0.6666666666666666,1.0,1.0,0.0
429,0.0,9,True,0.42037037037037034,0.6666666666666666,0.22749311428573982,1.224394445405986
430,0.0,9,True,0.5,0.6666666666666666,0.08170416594551044,0.9182958340544896
431,0.0,9,True,0.5333333333333333,1.0,1.0,0.0
432,0.0,9,True,0.4962962962962963,0.5555555555555556,0.008923940161777777,0.9910760598382222
433,0.0,9,True,0.6666666666666666,1.0,1.0,0.0
434,0.0,9,True,0.5333333333333333,1.0,1.0,0.0
435,0.0,9,True,0.4962962962962963,0.5555555555555556,0.008923940161777777,0.9910760598382222
436,0.0,9,True,0.7333333333333333,1.0,1.0,0.0
437,0.0,9,True,0.48888888888888893,0.8888888888888888,0.49674166522435426,0.5032583347756457
438,0.0,9,True,0.8,1.0,1.0,0.0
439,0.0,9,True,0.6,1.0,1.0,0.0
440,0.8888888888888888,1,False,,,,
441,0.8888888888888888,1,False,,,,
442,0.8888888888888888,1,False,,,,
443,0.8888888888888888,1,False,,,,
444,0.8888888888888888,1,False,,,,
445,0.8888888888888888,1,False,,,,
446,0.8888888888888888,1,False,,,,
447,0.8888888888888888,1,False,,,,
448,0.8888888888888888,1,False,,,,
449,0.8888888888888888,1,False,,,,
450,0.8888888888888888,1,False,,,,
451,0.8888888888888888,1,False,,,,
452,0.8888888888888888,1,False,,,,
453,0.8888888888888888,1,False,,,,
454,0.8888888888888888,1,False,,,,
455,0.8888888888888888,1,False,,,,
456,0.8888888888888888,1,False,,,,
457,0.8888888888888888,1,False,,,,
458,0.8888888888888888,1,False,,,,
459,0.8888888888888888,1,False,,,,
460,0.8888888888888888,1,False,,,,
461,0.8888888888888888,1,False,,,,
462,0.1111111111111111,8,True,0.6666666666666666,1.0,0.49674166522435426,0.0
463,0.1111111111111111,8,True,0.5333333333333333,1.0,0.49674166522435426,0.0
464,0.1111111111111111,8,True,0.6666666666666666,1.0,0.49674166522435426,0.0
465,0.1111111111111111,8,True,0.6,1.0,0.49674166522435426,0.0
466,0.1111111111111111,8,True,0.6,1.0,0.49674166522435426,0.0
467,0.1111111111111111,8,True,0.4261904761904762,0.625,0.1472075115099596,0.954434002924965
468,0.1111111111111111,8,True,0.5666666666666667,0.625,0.1472075115099596,0.954434002924965
469,0.1111111111111111,8,True,0.6666666666666666,1.0,0.49674166522435426,0.0
470,0.1111111111111111,8,True,0.5333333333333333,1.0,0.49674166522435426,0.0
471,0.1111111111111111,8,True,0.5333333333333333,1.0,0.49674166522435426,0.0
472,0.1111111111111111,8,True,0.6,1.0,0.49674166522435426,0.0
473,0.1111111111111111,8,True,0.39047619047619053,0.625,0.1472075115099596,0.954434002924965
474,0.1111111111111111,8,True,0.5333333333333333,1.0,0.49674166522435426,0.0
475,0.1111111111111111,8,True,0.5333333333333333,1.0,0.49674166522435426,0.0
476,0.1111111111111111,8,True,0.6,1.0,0.49674166522435426,0.0
477,0.1111111111111111,8,True,0.6,1.0,0.49674166522435426,0.0
478,0.1111111111111111,8,True,0.6,1.0,0.49674166522435426,0.0
479,0.1111111111111111,8,True,0.39047619047619053,0.625,0.1472075115099596,0.954434002924965
480,0.1111111111111111,8,True,0.6,1.0,0.49674166522435426,0.0
481,0.1111111111111111,8,True,0.4142857142857143,0.625,0.1472075115099596,0.954434002924965
482,0.1111111111111111,8,True,0.5333333333333333,1.0,0.49674166522435426,0.0
483,0.1111111111111111,8,True,0.6,1.0,0.49674166522435426,0.0
484,0.1111111111111111,8,True,0.4261904761904762,0.625,0.1472075115099596,0.954434002924965
485,0.1111111111111111,8,True,0.4595238095238095,0.625,0.1472075115099596,0.954434002924965
486,0.1111111111111111,8,True,0.5333333333333333,1.0,0.49674166522435426,0.0
487,0.1111111111111111,8,True,0.39761904761904765,0.625,0.1472075115099596,0.954434002924965
488,0.1111111111111111,8,True,0.6666666666666666,1.0,0.49674166522435426,0.0
489,0.3333333333333333,6,True,0.6666666666666666,1.0,0.08170416594551044,0.0
490,0.3333333333333333,6,True,0.6666666666666666,1.0,0.08170416594551044,0.0
491,0.3333333333333333,6,True,0.6666666666666666,1.0,0.08170416594551044,0.0
492,0.3333333333333333,6,True,0.6,1.0,0.08170416594551044,0.0
493,0.1111111111111111,8,True,0.5333333333333333,1.0,0.49674166522435426,0.0
494,0.1111111111111111,8,True,0.5333333333333333,1.0,0.49674166522435426,0.0
495,0.1111111111111111,8,True,0.43333333333333335,0.5,0.1216528952381466,1.0
496,1.0,0,False,,,,
497,1.0,0,False,,,,
498,1.0,0,False,,,,
499,1.0,0,False,,,,
500,0.1111111111111111,8,True,0.5333333333333333,1.0,0.49674166522435426,0.0
501,0.1111111111111111,8,True,0.6666666666666666,1.0,0.49674166522435426,0.0
502,0.1111111111111111,8,True,0.5142857142857143,0.75,0.22749311428573982,0.8112781244591328
503,0.1111111111111111,8,True,0.43333333333333335,0.5,0.1216528952381466,1.0
504,0.1111111111111111,8,True,0.5333333333333333,1.0,0.49674166522435426,0.0
505,0.1111111111111111,8,True,0.5047619047619047,0.75,0.22749311428573982,0.8112781244591328
506,0.1111111111111111,8,True,0.5333333333333333,1.0,0.49674166522435426,0.0
507,1.0,0,False,,,,
508,0.1111111111111111,8,True,0.6666666666666666,1.0,0.49674166522435426,0.0
509,0.1111111111111111,8,True,0.5333333333333333,1.0,0.49674166522435426,0.0
510,0.1111111111111111,8,True,0.5333333333333333,1.0,0.49674166522435426,0.0
511,0.1111111111111111,8,True,0.6,1.0,0.49674166522435426,0.0
512,0.1111111111111111,8,True,0.8,1.0,0.49674166522435426,0.0
513,1.0,0,False,,,,
514,1.0,0,False,,,,
515,1.0,0,False,,,,
516,1.0,0,False,,,,
517,1.0,0,False,,,,
518,0.1111111111111111,8,True,0.4714285714285714,0.75,0.2766916661858959,1.061278124459133
519,0.1111111111111111,8,True,0.6666666666666666,1.0,0.49674166522435426,0.0
520,0.1111111111111111,8,True,0.6666666666666666,1.0,0.49674166522435426,0.0
521,0.1111111111111111,8,True,0.5333333333333333,1.0,0.49674166522435426,0.0
522,0.1111111111111111,8,True,0.5333333333333333,1.0,0.49674166522435426,0.0
523,0.1111111111111111,8,True,0.319047619047619,0.5,0.1216528952381466,1.0
524,0.1111111111111111,8,True,0.6,1.0,0.49674166522435426,0.0
525,0.1111111111111111,8,True,0.5333333333333333,1.0,0.49674166522435426,0.0
526,0.1111111111111111,8,True,0.5666666666666667,0.5,0.1216528952381466,1.0
527,0.1111111111111111,8,True,0.3333333333333333,0.5,0.1216528952381466,1.0
528,0.1111111111111111,8,True,0.5333333333333333,1.0,0.49674166522435426,0.0
529,0.1111111111111111,8,True,0.6666666666666666,1.0,0.49674166522435426,0.0
530,0.1111111111111111,8,True,0.3333333333333333,0.5,0.11331711999846616,1.75
531,0.1111111111111111,8,True,0.6833333333333333,0.875,0.3776340271255507,0.5435644431995964
532,0.1111111111111111,8,True,0.5333333333333333,1.0,0.49674166522435426,0.0
533,0.1111111111111111,8,True,0.5333333333333333,1.0,0.49674166522435426,0.0
534,0.1111111111111111,8,True,0.5333333333333333,1.0,0.49674166522435426,0.0
535,0.1111111111111111,8,True,0.5333333333333333,1.0,0.49674166522435426,0.0
536,0.1111111111111111,8,True,0.5333333333333333,1.0,0.49674166522435426,0.0
537,0.1111111111111111,8,True,0.4714285714285714,0.5,0.1216528952381466,1.0
538,0.1111111111111111,8,True,0.7333333333333333,1.0,0.49674166522435426,0.0
539,0.1111111111111111,8,True,0.6,1.0,0.49674166522435426,0.0
540,0.1111111111111111,8,True,0.5333333333333333,1.0,0.49674166522435426,0.0
541,0.1111111111111111,8,True,0.6,1.0,0.49674166522435426,0.0
542,0.1111111111111111,8,True,0.6666666666666666,1.0,0.49674166522435426,0.0
543,0.1111111111111111,8,True,0.6,1.0,0.49674166522435426,0.0
544,0.1111111111111111,8,True,0.5333333333333333,1.0,0.49674166522435426,0.0
545,0.1111111111111111,8,True,0.6,1.0,0.49674166522435426,0.0
546,0.0,9,True,0.5333333333333333,1.0,1.0,0.0
547,0.0,9,True,0.6666666666666666,1.0,1.0,0.0
548,0.0,9,True,0.6666666666666666,1.0,1.0,0.0
549,0.0,9,True,0.4444444444444444,0.5555555555555556,0.008923940161777777,0.9910760598382222
550,0.0,9,True,0.5555555555555555,0.8888888888888888,0.49674166522435426,0.5032583347756457
551,0.0,9,True,0.6,1.0,1.0,0.0
552,0.0,9,True,0.6,1.0,1.0,0.0
553,0.0,9,True,0.5333333333333333,1.0,1.0,0.0
554,0.0,9,True,0.3722222222222222,0.6666666666666666,0.08170416594551044,0.9182958340544896
555,0.0,9,True,0.5333333333333333,1.0,1.0,0.0
556,0.0,9,True,0.5333333333333333,1.0,1.0,0.0
557,0.0,9,True,0.48888888888888893,0.5555555555555556,0.008923940161777777,0.9910760598382222
558,0.0,9,True,0.5333333333333333,1.0,1.0,0.0
559,0.0,9,True,0.5333333333333333,1.0,1.0,0.0
560,0.0,9,True,0.5333333333333333,1.0,1.0,0.0
561,0.0,9,True,0.6,1.0,1.0,0.0
562,0.0,9,True,0.4703703703703704,0.5555555555555556,0.008923940161777777,0.9910760598382222
563,0.0,9,True,0.6666666666666666,1.0,1.0,0.0
564,0.0,9,True,0.6666666666666666,1.0,1.0,0.0
565,0.0,9,True,0.4222222222222223,0.5555555555555556,0.008923940161777777,0.9910760598382222
566,0.0,9,True,0.6,1.0,1.0,0.0
567,0.0,9,True,0.6666666666666666,1.0,1.0,0.0
568,0.0,9,True,0.5333333333333333,1.0,1.0,0.0
569,0.0,9,True,0.5074074074074074,0.5555555555555556,0.008923940161777777,0.9910760598382222
570,0.0,9,True,0.5333333333333333,1.0,1.0,0.0
571,0.0,9,True,0.5333333333333333,1.0,1.0,0.0
572,1.0,0,False,,,,
573,0.0,9,True,0.4148148148148148,0.5555555555555556,0.1472075115099596,1.3516441151533922
574,0.0,9,True,0.6,1.0,1.0,0.0
575,0.0,9,True,0.6666666666666666,1.0,1.0,0.0
576,0.0,9,True,0.48888888888888893,0.5555555555555556,0.008923940161777777,0.9910760598382222
577,0.0,9,True,0.6148148148148148,0.8888888888888888,0.49674166522435426,0.5032583347756457
578,0.0,9,True,0.5333333333333333,1.0,1.0,0.0
579,0.0,9,True,1.0,1.0,1.0,0.0
580,0.0,9,True,0.6,1.0,1.0,0.0
581,0.0,9,True,0.8666666666666667,1.0,1.0,0.0
582,0.0,9,True,0.5722222222222222,0.6666666666666666,0.08170416594551044,0.9182958340544896
583,0.0,9,True,0.5333333333333333,1.0,1.0,0.0
584,0.0,9,True,0.6666666666666666,1.0,1.0,0.0
585,0.0,9,True,0.6,1.0,1.0,0.0
586,0.0,9,True,0.5777777777777778,0.8888888888888888,0.49674166522435426,0.5032583347756457
587,0.0,9,True,0.548148148148148,0.8888888888888888,0.49674166522435426,0.5032583347756457
588,0.0,9,True,0.5333333333333333,0.8888888888888888,0.49674166522435426,0.5032583347756457
589,0.0,9,True,0.42962962962962964,0.8888888888888888,0.49674166522435426,0.5032583347756457
590,0.0,9,True,0.6666666666666666,0.8888888888888888,0.49674166522435426,0.5032583347756457
591,0.0,9,True,0.4592592592592593,0.8888888888888888,0.49674166522435426,0.5032583347756457
592,0.0,9,True,0.6148148148148148,0.8888888888888888,0.49674166522435426,0.5032583347756457
593,0.0,9,True,0.5074074074074074,0.7777777777777778,0.23579549349137974,0.7642045065086203
594,0.0,9,True,0.5259259259259259,0.8888888888888888,0.49674166522435426,0.5032583347756457
595,0.0,9,True,0.48888888888888893,0.8888888888888888,0.49674166522435426,0.5032583347756457
596,0.0,9,True,0.4814814814814815,0.8888888888888888,0.49674166522435426,0.5032583347756457
597,0.0,9,True,0.3592592592592593,0.4444444444444444,0.1216528952381466,1.3921472236645345
598,0.0,9,True,0.4444444444444444,0.8888888888888888,0.49674166522435426,0.5032583347756457
599,0.8888888888888888,1,False,,,,
600,0.8888888888888888,1,False,,,,
601,0.8888888888888888,1,False,,,,
602,0.8888888888888888,1,False,,,,
603,0.8888888888888888,1,False,,,,
604,0.8888888888888888,1,False,,,,
605,0.8888888888888888,1,False,,,,
606,0.8888888888888888,1,False,,,,
607,0.8888888888888888,1,False,,,,
608,0.8888888888888888,1,False,,,,
609,0.8888888888888888,1,False,,,,
610,0.8888888888888888,1,False,,,,
611,0.8888888888888888,1,False,,,,
612,0.8888888888888888,1,False,,,,
613,0.8888888888888888,1,False,,,,
614,0.8888888888888888,1,False,,,,
615,0.8888888888888888,1,False,,,,
616,0.8888888888888888,1,False,,,,
617,0.8888888888888888,1,False,,,,
618,0.8888888888888888,1,False,,,,
619,0.8888888888888888,1,False,,,,
620,0.8888888888888888,1,False,,,,
621,0.8888888888888888,1,False,,,,
622,0.8888888888888888,1,False,,,,
623,0.8888888888888888,1,False,,,,
624,0.8888888888888888,1,False,,,,
625,0.8888888888888888,1,False,,,,
626,0.8888888888888888,1,False,,,,
627,0.8888888888888888,1,False,,,,
628,0.8888888888888888,1,False,,,,
629,0.8888888888888888,1,False,,,,
630,0.8888888888888888,1,False,,,,
631,0.8888888888888888,1,False,,,,
632,0.8888888888888888,1,False,,,,
633,0.8888888888888888,1,False,,,,
634,0.8888888888888888,1,False,,,,
635,0.8888888888888888,1,False,,,,
636,0.8888888888888888,1,False,,,,
637,0.8888888888888888,1,False,,,,
638,0.0,9,True,0.6,1.0,1.0,0.0
639,0.0,9,True,0.6666666666666666,1.0,1.0,0.0
640,0.0,9,True,0.5333333333333333,1.0,1.0,0.0
641,0.0,9,True,0.47407407407407404,0.8888888888888888,0.49674166522435426,0.5032583347756457
642,0.8888888888888888,1,False,,,,
643,0.8888888888888888,1,False,,,,
644,0.8888888888888888,1,False,,,,
645,0.8888888888888888,1,False,,,,
646,0.8888888888888888,1,False,,,,
647,0.8888888888888888,1,False,,,,
648,0.8888888888888888,1,False,,,,
649,0.8888888888888888,1,False,,,,
650,0.8888888888888888,1,False,,,,
651,0.8888888888888888,1,False,,,,
652,0.8888888888888888,1,False,,,,
653,0.8888888888888888,1,False,,,,
654,0.8888888888888888,1,False,,,,
655,0.8888888888888888,1,False,,,,
656,0.8888888888888888,1,False,,,,
657,0.8888888888888888,1,False,,,,
658,0.8888888888888888,1,False,,,,
659,0.8888888888888888,1,False,,,,
660,0.8888888888888888,1,False,,,,
661,0.8888888888888888,1,False,,,,
662,0.8888888888888888,1,False,,,,
663,0.8888888888888888,1,False,,,,
664,0.8888888888888888,1,False,,,,
665,0.8888888888888888,1,False,,,,
666,0.8888888888888888,1,False,,,,
667,0.8888888888888888,1,False,,,,
668,0.8888888888888888,1,False,,,,
669,0.8888888888888888,1,False,,,,
670,0.8888888888888888,1,False,,,,
671,0.8888888888888888,1,False,,,,
672,0.8888888888888888,1,False,,,,
673,0.8888888888888888,1,False,,,,
674,0.8888888888888888,1,False,,,,
675,0.8888888888888888,1,False,,,,
676,0.8888888888888888,1,False,,,,
677,0.8888888888888888,1,False,,,,
678,0.8888888888888888,1,False,,,,
679,0.8888888888888888,1,False,,,,
680,0.8888888888888888,1,False,,,,
681,0.8888888888888888,1,False,,,,
682,0.8888888888888888,1,False,,,,
683,0.8888888888888888,1,False,,,,
684,0.0,9,True,0.6666666666666666,0.8888888888888888,0.49674166522435426,0.5032583347756457
685,0.0,9,True,0.7185185185185186,0.8888888888888888,0.49674166522435426,0.5032583347756457
686,0.0,9,True,0.47407407407407404,0.8888888888888888,0.49674166522435426,0.5032583347756457
687,0.0,9,True,0.5407407407407407,0.8888888888888888,0.49674166522435426,0.5032583347756457
688,0.0,9,True,0.5925925925925927,0.8888888888888888,0.49674166522435426,0.5032583347756457
689,0.8888888888888888,1,False,,,,
690,0.8888888888888888,1,False,,,,
691,0.8888888888888888,1,False,,,,
692,0.8888888888888888,1,False,,,,
693,0.8888888888888888,1,False,,,,
694,0.8888888888888888,1,False,,,,
695,0.8888888888888888,1,False,,,,
696,0.8888888888888888,1,False,,,,
697,0.8888888888888888,1,False,,,,
698,0.8888888888888888,1,False,,,,
699,0.8888888888888888,1,False,,,,
700,0.8888888888888888,1,False,,,,
701,0.8888888888888888,1,False,,,,
702,0.8888888888888888,1,False,,,,
703,0.8888888888888888,1,False,,,,
704,0.8888888888888888,1,False,,,,
705,0.8888888888888888,1,False,,,,
706,0.8888888888888888,1,False,,,,
707,0.8888888888888888,1,False,,,,
708,0.8888888888888888,1,False,,,,
709,0.8888888888888888,1,False,,,,
710,0.0,9,True,0.6370370370370371,0.8888888888888888,0.49674166522435426,0.5032583347756457
711,0.0,9,True,0.7333333333333333,1.0,1.0,0.0
712,0.0,9,True,0.6666666666666666,1.0,1.0,0.0
713,0.8888888888888888,1,False,,,,
714,0.8888888888888888,1,False,,,,
715,0.8888888888888888,1,False,,,,
716,0.8888888888888888,1,False,,,,
717,0.8888888888888888,1,False,,,,
718,0.8888888888888888,1,False,,,,
719,0.8888888888888888,1,False,,,,
720,0.8888888888888888,1,False,,,,
721,0.8888888888888888,1,False,,,,
722,0.8888888888888888,1,False,,,,
723,0.8888888888888888,1,False,,,,
724,0.8888888888888888,1,False,,,,
725,0.8888888888888888,1,False,,,,
726,0.8888888888888888,1,False,,,,
727,0.8888888888888888,1,False,,,,
728,0.8888888888888888,1,False,,,,
729,0.8888888888888888,1,False,,,,
730,0.8888888888888888,1,False,,,,
731,0.8888888888888888,1,False,,,,
732,0.8888888888888888,1,False,,,,
733,0.8888888888888888,1,False,,,,
734,0.8888888888888888,1,False,,,,
735,0.8888888888888888,1,False,,,,
736,0.8888888888888888,1,False,,,,
737,0.8888888888888888,1,False,,,,
738,0.8888888888888888,1,False,,,,
739,0.8888888888888888,1,False,,,,
740,0.8888888888888888,1,False,,,,
741,0.8888888888888888,1,False,,,,
742,0.8888888888888888,1,False,,,,
743,0.8888888888888888,1,False,,,,
744,0.8888888888888888,1,False,,,,
745,0.8888888888888888,1,False,,,,
746,0.8888888888888888,1,False,,,,
747,0.8888888888888888,1,False,,,,
748,0.8888888888888888,1,False,,,,
749,0.8888888888888888,1,False,,,,
750,0.8888888888888888,1,False,,,,
751,0.8888888888888888,1,False,,,,
752,0.8888888888888888,1,False,,,,
753,0.8888888888888888,1,False,,,,
754,0.8888888888888888,1,False,,,,
755,0.8888888888888888,1,False,,,,
756,0.8888888888888888,1,False,,,,
757,0.8888888888888888,1,False,,,,
758,0.8888888888888888,1,False,,,,
759,0.8888888888888888,1,False,,,,
760,0.8888888888888888,1,False,,,,
761,0.8888888888888888,1,False,,,,
762,0.8888888888888888,1,False,,,,
763,0.8888888888888888,1,False,,,,
764,0.8888888888888888,1,False,,,,
765,0.8888888888888888,1,False,,,,
766,0.8888888888888888,1,False,,,,
767,0.8888888888888888,1,False,,,,
768,0.8888888888888888,1,False,,,,
769,0.8888888888888888,1,False,,,,
770,0.8888888888888888,1,False,,,,
771,0.8888888888888888,1,False,,,,
772,0.8888888888888888,1,False,,,,
773,0.8888888888888888,1,False,,,,
774,0.8888888888888888,1,False,,,,
775,0.8888888888888888,1,False,,,,
776,0.8888888888888888,1,False,,,,
777,0.8888888888888888,1,False,,,,
778,0.8888888888888888,1,False,,,,
779,0.8888888888888888,1,False,,,,
780,0.8888888888888888,1,False,,,,
781,0.0,9,True,0.4444444444444444,0.8888888888888888,0.49674166522435426,0.5032583347756457
782,0.0,9,True,0.4074074074074074,0.7777777777777778,0.3776340271255507,0.9864267287308424
783,0.0,9,True,0.5259259259259259,0.8888888888888888,0.49674166522435426,0.5032583347756457
784,0.0,9,True,0.5333333333333333,0.8888888888888888,0.49674166522435426,0.5032583347756457
785,0.0,9,True,0.4444444444444444,0.8888888888888888,0.49674166522435426,0.5032583347756457
786,0.0,9,True,0.5111111111111111,0.8888888888888888,0.49674166522435426,0.5032583347756457
787,0.0,9,True,0.5407407407407407,0.8888888888888888,0.49674166522435426,0.5032583347756457
788,0.0,9,True,0.6148148148148148,0.8888888888888888,0.49674166522435426,0.5032583347756457
789,0.0,9,True,0.5333333333333333,1.0,1.0,0.0
790,0.0,9,True,0.6,1.0,1.0,0.0
791,0.0,9,True,0.5333333333333333,1.0,1.0,0.0
792,0.0,9,True,0.6,1.0,1.0,0.0
793,0.0,9,True,0.5333333333333333,1.0,1.0,0.0
794,0.0,9,True,0.8,1.0,1.0,0.0
795,0.0,9,True,0.6666666666666666,1.0,1.0,0.0
796,0.0,9,True,0.7333333333333333,1.0,1.0,0.0
797,0.0,9,True,0.6,1.0,1.0,0.0
798,0.0,9,True,0.6,1.0,1.0,0.0
799,0.0,9,True,0.5333333333333333,1.0,1.0,0.0
800,0.0,9,True,0.5333333333333333,1.0,1.0,0.0
801,0.0,9,True,0.6,1.0,1.0,0.0
802,0.0,9,True,0.8,1.0,1.0,0.0
803,0.0,9,True,0.6666666666666666,1.0,1.0,0.0
804,0.0,9,True,0.5333333333333333,1.0,1.0,0.0
805,0.0,9,True,0.5333333333333333,1.0,1.0,0.0
806,0.0,9,True,0.5333333333333333,1.0,1.0,0.0
807,0.0,9,True,0.4407407407407407,0.5555555555555556,0.008923940161777777,0.9910760598382222
808,0.0,9,True,0.5333333333333333,1.0,1.0,0.0
809,0.0,9,True,0.4962962962962963,0.5555555555555556,0.008923940161777777,0.9910760598382222
810,0.0,9,True,0.6,1.0,1.0,0.0
811,0.0,9,True,0.5333333333333333,1.0,1.0,0.0
812,0.0,9,True,0.3777777777777778,0.5555555555555556,0.09428740198616281,1.4355205042826666
813,0.0,9,True,0.6,1.0,1.0,0.0
814,0.0,9,True,0.48888888888888893,0.5555555555555556,0.008923940161777777,0.9910760598382222
815,0.0,9,True,0.6666666666666666,1.0,1.0,0.0
816,0.0,9,True,0.5037037037037037,0.8888888888888888,0.49674166522435426,0.5032583347756457
817,0.0,9,True,0.3222222222222222,0.4444444444444444,0.0343663928571748,1.5304930567574826
818,0.0,9,True,0.5333333333333333,1.0,1.0,0.0
819,0.0,9,True,0.5333333333333333,1.0,1.0,0.0
820,0.0,9,True,0.6666666666666666,1.0,1.0,0.0
821,1.0,0,False,,,,
822,1.0,0,False,,,,
823,0.0,9,True,0.6666666666666666,1.0,1.0,0.0
824,0.0,9,True,0.475925925925926,0.7777777777777778,0.23579549349137974,0.7642045065086203
825,0.0,9,True,0.5333333333333333,1.0,1.0,0.0
826,0.0,9,True,0.5333333333333333,1.0,1.0,0.0
827,0.0,9,True,0.4666666666666667,0.6666666666666666,0.08170416594551044,0.9182958340544896
828,0.0,9,True,0.6222222222222221,0.8888888888888888,0.49674166522435426,0.5032583347756457
829,0.0,9,True,0.5333333333333333,1.0,1.0,0.0
830,0.0,9,True,0.6,1.0,1.0,0.0
831,0.0,9,True,0.6,1.0,1.0,0.0
832,0.0,9,True,0.6,1.0,1.0,0.0
833,0.0,9,True,0.5111111111111111,0.8888888888888888,0.49674166522435426,0.5032583347756457
834,0.0,9,True,0.5333333333333333,1.0,1.0,0.0
835,0.0,9,True,0.6666666666666666,1.0,1.0,0.0
836,0.0,9,True,0.6,1.0,1.0,0.0
837,0.0,9,True,0.6,1.0,1.0,0.0
838,0.0,9,True,1.0,1.0,1.0,0.0
839,0.0,9,True,0.6,1.0,1.0,0.0
840,0.0,9,True,0.5333333333333333,1.0,1.0,0.0
841,0.0,9,True,0.6,1.0,1.0,0.0
842,0.0,9,True,0.5555555555555555,0.8888888888888888,0.49674166522435426,0.5032583347756457
843,0.0,9,True,0.6,1.0,1.0,0.0
844,0.0,9,True,0.5333333333333333,1.0,1.0,0.0
845,0.0,9,True,0.6,1.0,1.0,0.0
846,0.0,9,True,0.6,1.0,1.0,0.0
847,0.0,9,True,0.6666666666666666,1.0,1.0,0.0
848,0.0,9,True,0.5333333333333333,1.0,1.0,0.0
849,0.0,9,True,0.5333333333333333,1.0,1.0,0.0
850,0.0,9,True,0.4962962962962963,0.8888888888888888,0.49674166522435426,0.5032583347756457
851,0.0,9,True,0.4592592592592593,0.5555555555555556,0.008923940161777777,0.9910760598382222
852,0.0,9,True,0.7333333333333333,1.0,1.0,0.0
853,0.0,9,True,0.6,1.0,1.0,0.0
854,0.0,9,True,0.6,1.0,1.0,0.0
855,0.0,9,True,0.7333333333333333,1.0,1.0,0.0
856,0.0,9,True,0.43333333333333335,0.5555555555555556,0.1472075115099596,1.3516441151533922
857,0.0,9,True,0.5333333333333333,1.0,1.0,0.0
858,0.0,9,True,0.5166666666666667,0.6666666666666666,0.08170416594551044,0.9182958340544896
859,0.0,9,True,0.3314814814814815,0.4444444444444444,0.12364236051014765,1.7527152789797047
860,1.0,0,False,,,,
861,1.0,0,False,,,,
862,1.0,0,False,,,,
863,1.0,0,False,,,,
864,1.0,0,False,,,,
865,1.0,0,False,,,,
866,1.0,0,False,,,,
867,1.0,0,False,,,,
868,1.0,0,False,,,,
869,1.0,0,False,,,,
870,1.0,0,False,,,,
871,1.0,0,False,,,,
872,1.0,0,False,,,,
873,1.0,0,False,,,,
874,1.0,0,False,,,,
875,1.0,0,False,,,,
876,1.0,0,False,,,,
877,1.0,0,False,,,,
878,1.0,0,False,,,,
879,1.0,0,False,,,,
880,1.0,0,False,,,,
881,0.0,9,True,0.5111111111111111,0.8888888888888888,0.49674166522435426,0.5032583347756457
882,0.0,9,True,0.5333333333333333,1.0,1.0,0.0
883,0.0,9,True,0.6666666666666666,1.0,1.0,0.0
884,0.0,9,True,0.6,1.0,1.0,0.0
885,0.0,9,True,0.5055555555555556,0.6666666666666666,0.08170416594551044,0.9182958340544896
886,0.0,9,True,0.4555555555555556,0.7777777777777778,0.23579549349137974,0.7642045065086203
887,0.0,9,True,0.5333333333333333,1.0,1.0,0.0
888,0.0,9,True,0.4,0.5555555555555556,0.1472075115099596,1.3516441151533922
889,0.0,9,True,0.45185185185185184,0.5555555555555556,0.008923940161777777,0.9910760598382222
890,0.0,9,True,0.4962962962962963,0.5555555555555556,0.008923940161777777,0.9910760598382222
891,0.0,9,True,0.47407407407407404,0.8888888888888888,0.49674166522435426,0.5032583347756457
892,0.0,9,True,1.0,1.0,1.0,0.0
893,0.0,9,True,0.5185185185185185,0.8888888888888888,0.49674166522435426,0.5032583347756457
894,0.0,9,True,0.6,1.0,1.0,0.0
895,0.0,9,True,0.6666666666666666,1.0,1.0,0.0
896,0.0,9,True,0.6,1.0,1.0,0.0
897,0.0,9,True,0.5333333333333333,1.0,1.0,0.0
898,0.0,9,True,0.5333333333333333,1.0,1.0,0.0
899,0.0,9,True,0.8,1.0,1.0,0.0
900,0.0,9,True,0.5333333333333333,1.0,1.0,0.0
901,0.0,9,True,0.7333333333333333,1.0,1.0,0.0
902,0.0,9,True,0.7333333333333333,1.0,1.0,0.0
903,0.0,9,True,0.6,1.0,1.0,0.0
904,0.0,9,True,0.6666666666666666,1.0,1.0,0.0
905,1.0,0,False,,,,
906,1.0,0,False,,,,
907,1.0,0,False,,,,
908,1.0,0,False,,,,
909,1.0,0,False,,,,
910,0.0,9,True,0.5333333333333333,1.0,1.0,0.0
911,0.0,9,True,0.5333333333333333,1.0,1.0,0.0
912,0.0,9,True,0.6666666666666666,1.0,1.0,0.0
913,0.0,9,True,0.6666666666666666,1.0,1.0,0.0
914,0.0,9,True,0.5,0.6666666666666666,0.08170416594551044,0.9182958340544896
915,0.1111111111111111,8,True,0.5333333333333333,1.0,0.49674166522435426,0.0
916,0.1111111111111111,8,True,0.5333333333333333,1.0,0.49674166522435426,0.0
917,0.1111111111111111,8,True,0.5333333333333333,1.0,0.49674166522435426,0.0
918,0.1111111111111111,8,True,0.6,1.0,0.49674166522435426,0.0
919,0.1111111111111111,8,True,0.4928571428571428,0.625,0.1472075115099596,0.954434002924965
920,0.1111111111111111,8,True,0.5333333333333333,1.0,0.49674166522435426,0.0
921,0.1111111111111111,8,True,0.6666666666666666,1.0,0.49674166522435426,0.0
922,0.1111111111111111,8,True,0.5333333333333333,1.0,0.49674166522435426,0.0
923,0.1111111111111111,8,True,0.6,1.0,0.49674166522435426,0.0
924,0.1111111111111111,8,True,0.7333333333333333,1.0,0.49674166522435426,0.0
925,0.1111111111111111,8,True,0.4785714285714286,0.75,0.22749311428573982,0.8112781244591328
926,0.1111111111111111,8,True,0.5333333333333333,1.0,0.49674166522435426,0.0
927,0.1111111111111111,8,True,0.7333333333333333,1.0,0.49674166522435426,0.0
928,0.1111111111111111,8,True,0.8,1.0,0.49674166522435426,0.0
929,0.1111111111111111,8,True,0.6666666666666666,1.0,0.49674166522435426,0.0
930,0.1111111111111111,8,True,0.5333333333333333,1.0,0.49674166522435426,0.0
931,1.0,0,False,,,,
932,0.1111111111111111,8,True,0.6,1.0,0.49674166522435426,0.0
933,0.1111111111111111,8,True,0.6,1.0,0.49674166522435426,0.0
934,0.1111111111111111,8,True,0.38571428571428573,0.625,0.1472075115099596,0.954434002924965
935,0.1111111111111111,8,True,0.6,1.0,0.49674166522435426,0.0
936,0.1111111111111111,8,True,0.6,1.0,0.49674166522435426,0.0
937,0.1111111111111111,8,True,0.6,1.0,0.49674166522435426,0.0
938,0.1111111111111111,8,True,0.6,1.0,0.49674166522435426,0.0
939,0.1111111111111111,8,True,0.8666666666666667,1.0,0.49674166522435426,0.0
940,0.1111111111111111,8,True,0.5333333333333333,1.0,0.49674166522435426,0.0
941,0.1111111111111111,8,True,0.7333333333333333,1.0,0.49674166522435426,0.0
942,0.1111111111111111,8,True,0.7333333333333333,1.0,0.49674166522435426,0.0
943,0.1111111111111111,8,True,0.5333333333333333,1.0,0.49674166522435426,0.0
944,0.1111111111111111,8,True,0.7333333333333333,1.0,0.49674166522435426,0.0
945,0.1111111111111111,8,True,0.5333333333333333,1.0,0.49674166522435426,0.0
946,0.1111111111111111,8,True,0.43333333333333335,0.625,0.1472075115099596,0.954434002924965
947,0.1111111111111111,8,True,0.5333333333333333,1.0,0.49674166522435426,0.0
948,0.1111111111111111,8,True,0.6666666666666666,1.0,0.49674166522435426,0.0
949,0.1111111111111111,8,True,0.34523809523809523,0.625,0.19034316658358497,1.5487949406953985
950,0.1111111111111111,8,True,0.6666666666666666,1.0,0.49674166522435426,0.0
951,0.1111111111111111,8,True,0.5333333333333333,1.0,0.49674166522435426,0.0
952,0.1111111111111111,8,True,0.5333333333333333,1.0,0.49674166522435426,0.0
953,0.1111111111111111,8,True,0.6,1.0,0.49674166522435426,0.0
954,0.0,9,True,0.5333333333333333,1.0,1.0,0.0
955,0.0,9,True,0.5333333333333333,1.0,1.0,0.0
956,0.0,9,True,0.6666666666666666,1.0,1.0,0.0
957,0.0,9,True,0.6,1.0,1.0,0.0
958,0.0,9,True,0.6,1.0,1.0,0.0
959,0.0,9,True,1.0,1.0,1.0,0.0
960,0.0,9,True,0.6,1.0,1.0,0.0
961,0.0,9,True,0.8666666666666667,1.0,1.0,0.0
962,0.0,9,True,0.6,1.0,1.0,0.0
963,0.0,9,True,0.5777777777777778,0.8888888888888888,0.49674166522435426,0.5032583347756457
964,0.0,9,True,0.5555555555555555,0.8888888888888888,0.49674166522435426,0.5032583347756457
965,0.0,9,True,0.5333333333333333,1.0,1.0,0.0
966,0.0,9,True,0.6,1.0,1.0,0.0
967,0.0,9,True,0.3722222222222222,0.5555555555555556,0.1472075115099596,1.3516441151533922
968,0.0,9,True,0.6814814814814815,0.8888888888888888,0.49674166522435426,0.5032583347756457
969,0.0,9,True,0.4444444444444444,0.8888888888888888,0.49674166522435426,0.5032583347756457
970,0.0,9,True,0.44814814814814813,0.5555555555555556,0.1472075115099596,1.3516441151533922
971,0.1111111111111111,8,True,0.5,0.5,0.1216528952381466,1.0
972,0.1111111111111111,8,True,0.5333333333333333,1.0,0.49674166522435426,0.0
973,0.1111111111111111,8,True,0.5333333333333333,1.0,0.49674166522435426,0.0
974,0.1111111111111111,8,True,0.6,0.875,0.3776340271255507,0.5435644431995964
975,0.1111111111111111,8,True,0.5333333333333333,1.0,0.49674166522435426,0.0
976,0.1111111111111111,8,True,0.37380952380952387,0.625,0.17112863674755563,1.2987949406953985
977,0.1111111111111111,8,True,0.6,1.0,0.49674166522435426,0.0
978,0.1111111111111111,8,True,0.44285714285714284,0.75,0.2766916661858959,1.061278124459133
979,0.1111111111111111,8,True,0.7333333333333333,1.0,0.49674166522435426,0.0
980,0.1111111111111111,8,True,0.32857142857142857,0.5,0.12364236051014776,1.4056390622295665
981,0.1111111111111111,8,True,0.45,0.75,0.22749311428573982,0.8112781244591328
982,1.0,0,False,,,,
983,1.0,0,False,,,,
984,1.0,0,False,,,,
985,1.0,0,False,,,,
986,1.0,0,False,,,,
987,1.0,0,False,,,,
988,0.1111111111111111,8,True,0.5166666666666667,0.75,0.22749311428573982,0.8112781244591328
989,0.0,9,True,0.48888888888888893,0.8888888888888888,0.49674166522435426,0.5032583347756457
990,0.0,9,True,0.3537037037037037,0.5555555555555556,0.19034316658358497,1.8799649487271108
991,0.0,9,True,0.3037037037037037,0.4444444444444444,0.12364236051014765,1.7527152789797047
992,0.0,9,True,0.34814814814814815,0.4444444444444444,0.03436639285717491,1.5304930567574824
993,0.0,9,True,0.47407407407407404,0.8888888888888888,0.49674166522435426,0.5032583347756457
994,0.0,9,True,0.4574074074074074,0.6666666666666666,0.22749311428573982,1.224394445405986
995,0.0,9,True,0.6666666666666666,1.0,1.0,0.0
996,0.0,9,True,0.4222222222222223,0.5555555555555556,0.008923940161777777,0.9910760598382222
997,0.0,9,True,0.6,1.0,1.0,0.0
998,0.0,9,True,0.4222222222222223,0.5555555555555556,0.008923940161777777,0.9910760598382222
999,0.0,9,True,0.6,1.0,1.0,0.0
1000,0.0,9,True,0.3888888888888889,0.5555555555555556,0.1472075115099596,1.3516441151533922
1001,0.0,9,True,0.5037037037037037,0.8888888888888888,0.49674166522435426,0.5032583347756457
1002,0.0,9,True,0.4055555555555556,0.6666666666666666,0.08170416594551044,0.9182958340544896
1003,0.1111111111111111,8,True,0.5142857142857143,0.75,0.22749311428573982,0.8112781244591328
1004,0.1111111111111111,8,True,0.6666666666666666,1.0,0.49674166522435426,0.0
1005,0.1111111111111111,8,True,0.5333333333333333,1.0,0.49674166522435426,0.0
1006,1.0,0,False,,,,
1007,0.1111111111111111,8,True,0.7333333333333333,1.0,0.49674166522435426,0.0
1008,0.1111111111111111,8,True,0.6666666666666666,1.0,0.49674166522435426,0.0
1009,0.1111111111111111,8,True,0.7333333333333333,1.0,0.49674166522435426,0.0
1010,0.0,9,True,0.5777777777777778,0.8888888888888888,0.49674166522435426,0.5032583347756457
1011,0.0,9,True,0.6,1.0,1.0,0.0
1012,0.0,9,True,0.4185185185185185,0.7777777777777778,0.3776340271255507,0.9864267287308424
1013,0.0,9,True,0.6,1.0,1.0,0.0
1014,0.0,9,True,0.6666666666666666,1.0,1.0,0.0
1015,0.0,9,True,0.6666666666666666,1.0,1.0,0.0
1016,0.0,9,True,0.42777777777777776,0.6666666666666666,0.22749311428573982,1.224394445405986
1017,0.0,9,True,0.6,1.0,1.0,0.0
1018,0.0,9,True,0.6,1.0,1.0,0.0
1019,0.0,9,True,0.5777777777777778,0.8888888888888888,0.49674166522435426,0.5032583347756457
1020,0.0,9,True,0.42037037037037034,0.6666666666666666,0.22749311428573982,1.224394445405986
1021,0.0,9,True,0.6,1.0,1.0,0.0
1022,0.0,9,True,0.5333333333333333,1.0,1.0,0.0
1023,0.0,9,True,0.5333333333333333,1.0,1.0,0.0
1024,0.0,9,True,0.3592592592592593,0.5555555555555556,0.008923940161777777,0.9910760598382222
1025,0.0,9,True,0.5611111111111112,0.7777777777777778,0.23579549349137974,0.7642045065086203
1026,0.0,9,True,0.6666666666666666,1.0,1.0,0.0
1027,0.0,9,True,0.6,1.0,1.0,0.0
1028,0.0,9,True,0.5555555555555555,0.8888888888888888,0.49674166522435426,0.5032583347756457
1029,0.0,9,True,0.4592592592592593,0.5555555555555556,0.008923940161777777,0.9910760598382222
1030,0.0,9,True,0.5111111111111111,0.8888888888888888,0.49674166522435426,0.5032583347756457
1031,0.0,9,True,0.3462962962962963,0.5555555555555556,0.09428740198616281,1.4355205042826666
1032,0.0,9,True,0.6,1.0,1.0,0.0
1033,0.0,9,True,0.5333333333333333,1.0,1.0,0.0
1034,0.0,9,True,0.6,1.0,1.0,0.0
1035,0.0,9,True,0.2925925925925926,0.4444444444444444,0.11331711999846616,2.058813890331201
1036,0.0,9,True,0.5333333333333333,1.0,1.0,0.0
1037,0.0,9,True,0.4962962962962963,0.5555555555555556,0.008923940161777777,0.9910760598382222
1038,0.0,9,True,0.47407407407407404,0.8888888888888888,0.49674166522435426,0.5032583347756457
1039,0.0,9,True,0.6,0.8888888888888888,0.49674166522435426,0.5032583347756457
1040,0.0,9,True,0.475925925925926,0.7777777777777778,0.3776340271255507,0.9864267287308424
1041,0.0,9,True,0.8666666666666667,1.0,1.0,0.0
1042,0.0,9,True,0.5333333333333333,1.0,1.0,0.0
1043,0.0,9,True,0.8666666666666667,1.0,1.0,0.0
1044,0.0,9,True,0.6,1.0,1.0,0.0
1045,0.0,9,True,0.6,1.0,1.0,0.0
1046,0.0,9,True,0.5333333333333333,1.0,1.0,0.0
1047,0.0,9,True,0.5074074074074074,0.5555555555555556,0.008923940161777777,0.9910760598382222
1048,0.0,9,True,0.36666666666666664,0.4444444444444444,0.12364236051014765,1.7527152789797047
1049,0.0,9,True,0.8666666666666667,1.0,1.0,0.0
1050,0.0,9,True,0.5333333333333333,1.0,1.0,0.0
1051,0.0,9,True,0.5555555555555555,0.8888888888888888,0.49674166522435426,0.5032583347756457
1052,0.0,9,True,0.5555555555555555,0.8888888888888888,0.49674166522435426,0.5032583347756457
1053,0.0,9,True,0.5333333333333333,1.0,1.0,0.0
1054,0.0,9,True,0.3962962962962963,0.5555555555555556,0.008923940161777777,0.9910760598382222
1055,0.0,9,True,0.48888888888888893,0.5555555555555556,0.008923940161777777,0.9910760598382222
1056,0.0,9,True,0.6,1.0,1.0,0.0
1057,0.0,9,True,0.5333333333333333,1.0,1.0,0.0
1058,0.0,9,True,0.4111111111111111,0.6666666666666666,0.08170416594551044,0.9182958340544896
1059,0.0,9,True,0.5925925925925927,0.8888888888888888,0.49674166522435426,0.5032583347756457
1060,1.0,0,False,,,,
1061,1.0,0,False,,,,
1062,0.0,9,True,0.7333333333333333,1.0,1.0,0.0
1063,0.0,9,True,0.6,1.0,1.0,0.0
1064,0.0,9,True,0.6,1.0,1.0,0.0
1065,0.0,9,True,0.7333333333333333,1.0,1.0,0.0
1066,0.0,9,True,0.5407407407407407,0.8888888888888888,0.49674166522435426,0.5032583347756457
1067,0.0,9,True,0.6666666666666666,1.0,1.0,0.0
1068,0.0,9,True,0.7333333333333333,1.0,1.0,0.0
1069,0.0,9,True,0.6666666666666666,1.0,1.0,0.0
1070,0.0,9,True,0.5333333333333333,1.0,1.0,0.0
1071,0.0,9,True,0.6,1.0,1.0,0.0
1072,0.0,9,True,0.6,1.0,1.0,0.0
1073,0.0,9,True,0.5074074074074074,0.7777777777777778,0.23579549349137974,0.7642045065086203
1074,0.0,9,True,0.6,1.0,1.0,0.0
1075,0.0,9,True,0.6666666666666666,1.0,1.0,0.0
1076,0.0,9,True,0.5333333333333333,1.0,1.0,0.0
1077,0.0,9,True,0.5333333333333333,1.0,1.0,0.0
1078,0.0,9,True,0.6,1.0,1.0,0.0
1079,0.0,9,True,0.6,1.0,1.0,0.0
1080,0.0,9,True,0.5333333333333333,1.0,1.0,0.0
1081,0.0,9,True,0.5333333333333333,1.0,1.0,0.0
1082,0.0,9,True,0.7333333333333333,1.0,1.0,0.0
1083,0.0,9,True,0.5333333333333333,1.0,1.0,0.0
1084,1.0,0,False,,,,
1085,1.0,0,False,,,,
1086,1.0,0,False,,,,
1087,1.0,0,False,,,,
1088,1.0,0,False,,,,
1089,1.0,0,False,,,,
1090,1.0,0,False,,,,
1091,1.0,0,False,,,,
1092,1.0,0,False,,,,
1093,1.0,0,False,,,,
1094,1.0,0,False,,,,
1095,1.0,0,False,,,,
1096,1.0,0,False,,,,
1097,1.0,0,False,,,,
1098,1.0,0,False,,,,
1099,1.0,0,False,,,,
1100,1.0,0,False,,,,
1101,1.0,0,False,,,,
1102,1.0,0,False,,,,
1103,0.0,9,True,0.8,1.0,1.0,0.0
1104,0.0,9,True,0.5333333333333333,1.0,1.0,0.0
1105,0.0,9,True,0.6666666666666666,1.0,1.0,0.0
1106,0.0,9,True,0.4055555555555556,0.5555555555555556,0.1472075115099596,1.3516441151533922
1107,0.0,9,True,0.6,1.0,1.0,0.0
1108,0.0,9,True,0.43333333333333335,0.6666666666666666,0.08170416594551044,0.9182958340544896
1109,0.0,9,True,0.5185185185185185,0.8888888888888888,0.49674166522435426,0.5032583347756457
1110,0.0,9,True,0.5333333333333333,1.0,1.0,0.0
1111,0.0,9,True,0.48888888888888893,0.8888888888888888,0.49674166522435426,0.5032583347756457
1112,0.0,9,True,0.5333333333333333,1.0,1.0,0.0
1113,0.0,9,True,0.4962962962962963,0.5555555555555556,0.008923940161777777,0.9910760598382222
1114,0.0,9,True,0.6,1.0,1.0,0.0
1115,0.0,9,True,0.33888888888888885,0.6666666666666666,0.08170416594551044,0.9182958340544896
1116,0.0,9,True,0.4351851851851852,0.5555555555555556,0.1472075115099596,1.3516441151533922
1117,0.0,9,True,0.6666666666666666,1.0,1.0,0.0
1118,0.0,9,True,0.6,1.0,1.0,0.0
1119,0.0,9,True,0.5333333333333333,1.0,1.0,0.0
1120,0.0,9,True,0.5333333333333333,1.0,1.0,0.0
1121,0.0,9,True,0.524074074074074,0.7777777777777778,0.23579549349137974,0.7642045065086203
1122,0.0,9,True,0.6666666666666666,1.0,1.0,0.0
1123,0.0,9,True,0.6,1.0,1.0,0.0
1124,0.0,9,True,0.5333333333333333,1.0,1.0,0.0
1125,0.0,9,True,0.6666666666666666,1.0,1.0,0.0
1126,0.0,9,True,0.6666666666666666,1.0,1.0,0.0
1127,0.0,9,True,0.6,1.0,1.0,0.0
1128,0.0,9,True,0.5,0.5555555555555556,0.008923940161777777,0.9910760598382222
1129,0.0,9,True,0.6,1.0,1.0,0.0
1130,0.0,9,True,0.6666666666666666,1.0,1.0,0.0
1131,0.0,9,True,0.5185185185185185,0.8888888888888888,0.49674166522435426,0.5032583347756457
1132,0.0,9,True,0.38333333333333336,0.6666666666666666,0.08170416594551044,0.9182958340544896
1133,0.0,9,True,0.3925925925925926,0.5555555555555556,0.1472075115099596,1.3516441151533922
1134,0.0,9,True,0.6074074074074074,0.8888888888888888,0.49674166522435426,0.5032583347756457
1135,0.0,9,True,0.3685185185185185,0.5555555555555556,0.1472075115099596,1.3516441151533922
1136,0.0,9,True,0.5333333333333333,1.0,1.0,0.0
1137,0.0,9,True,0.5333333333333333,1.0,1.0,0.0
1138,0.0,9,True,0.6,1.0,1.0,0.0
1139,0.0,9,True,0.4222222222222223,0.5555555555555556,0.008923940161777777,0.9910760598382222
1140,0.0,9,True,0.6666666666666666,1.0,1.0,0.0
1141,0.0,9,True,0.5333333333333333,1.0,1.0,0.0
1142,0.0,9,True,0.6,1.0,1.0,0.0
1143,0.0,9,True,0.5333333333333333,1.0,1.0,0.0
1144,0.0,9,True,0.5333333333333333,1.0,1.0,0.0
1145,0.0,9,True,0.6,1.0,1.0,0.0
1146,0.0,9,True,0.5333333333333333,1.0,1.0,0.0
1147,0.0,9,True,0.5333333333333333,1.0,1.0,0.0
1148,0.0,9,True,0.5333333333333333,1.0,1.0,0.0
1149,0.0,9,True,0.6666666666666666,1.0,1.0,0.0
1150,0.0,9,True,0.6,1.0,1.0,0.0
1151,0.0,9,True,0.6962962962962963,0.8888888888888888,0.49674166522435426,0.5032583347756457
1152,0.0,9,True,0.7333333333333333,1.0,1.0,0.0
1153,0.0,9,True,0.3555555555555555,0.5555555555555556,0.17112863674755563,1.6577427265048887
1154,0.0,9,True,0.4444444444444444,0.8888888888888888,0.49674166522435426,0.5032583347756457
1155,0.0,9,True,0.6666666666666666,1.0,1.0,0.0
1156,0.0,9,True,0.8,1.0,1.0,0.0
1157,0.0,9,True,0.5333333333333333,1.0,1.0,0.0
1158,0.0,9,True,0.5333333333333333,1.0,1.0,0.0
1159,0.0,9,True,0.6,1.0,1.0,0.0
1160,0.0,9,True,0.6,1.0,1.0,0.0
1161,0.0,9,True,0.5740740740740741,0.5555555555555556,0.008923940161777777,0.9910760598382222
1162,0.0,9,True,0.6,1.0,1.0,0.0
1163,0.0,9,True,0.5333333333333333,1.0,1.0,0.0
1164,0.0,9,True,0.5333333333333333,1.0,1.0,0.0
1165,0.0,9,True,0.5333333333333333,1.0,1.0,0.0
1166,0.0,9,True,0.31851851851851853,0.5555555555555556,0.17112863674755563,1.6577427265048887
1167,0.0,9,True,0.8666666666666667,1.0,1.0,0.0
1168,0.0,9,True,0.5333333333333333,1.0,1.0,0.0
1169,0.0,9,True,0.48888888888888893,0.5555555555555556,0.008923940161777777,0.9910760598382222
1170,1.0,0,False,,,,
1171,0.0,9,True,0.6,1.0,1.0,0.0
1172,0.0,9,True,0.5055555555555556,0.6666666666666666,0.08170416594551044,0.9182958340544896
1173,0.0,9,True,0.6666666666666666,1.0,1.0,0.0
1174,0.0,9,True,0.5074074074074074,0.5555555555555556,0.008923940161777777,0.9910760598382222
1175,0.0,9,True,0.6,1.0,1.0,0.0
1176,0.2222222222222222,7,True,0.5333333333333333,1.0,0.23579549349137974,0.0
1177,0.2222222222222222,7,True,0.47619047619047616,0.8571428571428571,0.22749311428573982,0.5916727785823275
1178,0.2222222222222222,7,True,0.6,1.0,0.23579549349137974,0.0
1179,0.2222222222222222,7,True,0.5333333333333333,1.0,0.23579549349137974,0.0
1180,0.2222222222222222,7,True,0.5333333333333333,1.0,0.23579549349137974,0.0
1181,0.2222222222222222,7,True,0.4571428571428572,0.5714285714285714,0.03436639285717491,0.9852281360342515
1182,0.2222222222222222,7,True,0.6,1.0,0.23579549349137974,0.0
1183,0.2222222222222222,7,True,0.5333333333333333,1.0,0.23579549349137974,0.0
1184,0.2222222222222222,7,True,0.6666666666666666,1.0,0.23579549349137974,0.0
1185,0.2222222222222222,7,True,0.4857142857142857,0.5714285714285714,0.03436639285717491,0.9852281360342515
1186,0.2222222222222222,7,True,0.6666666666666666,1.0,0.23579549349137974,0.0
1187,0.2222222222222222,7,True,0.6,1.0,0.23579549349137974,0.0
1188,0.2222222222222222,7,True,0.6666666666666666,1.0,0.23579549349137974,0.0
1189,0.2222222222222222,7,True,0.4571428571428572,0.5714285714285714,0.08170416594551055,1.3787834934861753
1190,0.2222222222222222,7,True,0.6,1.0,0.23579549349137974,0.0
1191,0.2222222222222222,7,True,0.49523809523809526,0.8571428571428571,0.22749311428573982,0.5916727785823275
1192,0.2222222222222222,7,True,0.6,1.0,0.23579549349137974,0.0
1193,0.2222222222222222,7,True,0.35238095238095235,0.5714285714285714,0.08170416594551055,1.3787834934861753
1194,0.2222222222222222,7,True,0.5523809523809523,0.8571428571428571,0.22749311428573982,0.5916727785823275
1195,0.2222222222222222,7,True,0.41904761904761906,0.5714285714285714,0.03436639285717491,0.9852281360342515
1196,0.2222222222222222,7,True,0.7333333333333333,1.0,0.23579549349137974,0.0
1197,0.2222222222222222,7,True,0.4380952380952381,0.5714285714285714,0.03436639285717491,0.9852281360342515
1198,0.2222222222222222,7,True,0.5333333333333333,1.0,0.23579549349137974,0.0
1199,0.2222222222222222,7,True,0.5428571428571428,0.8571428571428571,0.22749311428573982,0.5916727785823275
1200,0.2222222222222222,7,True,0.5333333333333333,1.0,0.23579549349137974,0.0
1201,1.0,0,False,,,,
1202,1.0,0,False,,,,
1203,1.0,0,False,,,,
1204,1.0,0,False,,,,
1205,1.0,0,False,,,,
1206,1.0,0,False,,,,
1207,1.0,0,False,,,,
1208,1.0,0,False,,,,
1209,1.0,0,False,,,,
1210,1.0,0,False,,,,
1211,1.0,0,False,,,,
1212,1.0,0,False,,,,
1213,1.0,0,False,,,,
1214,1.0,0,False,,,,
1215,1.0,0,False,,,,
1216,1.0,0,False,,,,
1217,1.0,0,False,,,,
1218,1.0,0,False,,,,
1219,1.0,0,False,,,,
1220,1.0,0,False,,,,
1221,1.0,0,False,,,,
1222,1.0,0,False,,,,
1223,1.0,0,False,,,,
1224,1.0,0,False,,,,
1225,1.0,0,False,,,,
1226,1.0,0,False,,,,
1227,1.0,0,False,,,,
1228,1.0,0,False,,,,
1229,1.0,0,False,,,,
1230,1.0,0,False,,,,
1231,1.0,0,False,,,,
1232,1.0,0,False,,,,
1233,1.0,0,False,,,,
1234,1.0,0,False,,,,
1235,1.0,0,False,,,,
1236,1.0,0,False,,,,
1237,1.0,0,False,,,,
1238,1.0,0,False,,,,
1239,1.0,0,False,,,,
1240,1.0,0,False,,,,
1241,1.0,0,False,,,,
1242,1.0,0,False,,,,
1243,1.0,0,False,,,,
1244,1.0,0,False,,,,
1245,1.0,0,False,,,,
1246,1.0,0,False,,,,
1247,1.0,0,False,,,,
1248,1.0,0,False,,,,
1249,1.0,0,False,,,,
1250,1.0,0,False,,,,
1251,1.0,0,False,,,,
1252,1.0,0,False,,,,
1253,1.0,0,False,,,,
1254,1.0,0,False,,,,
1255,1.0,0,False,,,,
1256,1.0,0,False,,,,
1257,1.0,0,False,,,,
1258,1.0,0,False,,,,
1259,1.0,0,False,,,,
1260,1.0,0,False,,,,
1261,1.0,0,False,,,,
1262,1.0,0,False,,,,
1263,1.0,0,False,,,,
1264,1.0,0,False,,,,
1265,1.0,0,False,,,,
1266,1.0,0,False,,,,
1267,1.0,0,False,,,,
1268,1.0,0,False,,,,
1269,1.0,0,False,,,,
1270,1.0,0,False,,,,
1271,1.0,0,False,,,,
1272,1.0,0,False,,,,
1273,1.0,0,False,,,,
1274,1.0,0,False,,,,
1275,1.0,0,False,,,,
1276,1.0,0,False,,,,
1277,1.0,0,False,,,,
1278,1.0,0,False,,,,
1279,1.0,0,False,,,,
1280,1.0,0,False,,,,
1281,1.0,0,False,,,,
1282,1.0,0,False,,,,
1283,1.0,0,False,,,,
1284,1.0,0,False,,,,
1285,1.0,0,False,,,,
1286,1.0,0,False,,,,
1287,1.0,0,False,,,,
1288,1.0,0,False,,,,
1289,1.0,0,False,,,,
1290,1.0,0,False,,,,
1291,1.0,0,False,,,,
1292,1.0,0,False,,,,
1293,1.0,0,False,,,,
1294,1.0,0,False,,,,
1295,1.0,0,False,,,,
1296,1.0,0,False,,,,
1297,1.0,0,False,,,,
1298,1.0,0,False,,,,
1299,1.0,0,False,,,,
1300,1.0,0,False,,,,
1301,1.0,0,False,,,,
1302,1.0,0,False,,,,
1303,1.0,0,False,,,,
1304,1.0,0,False,,,,
1305,1.0,0,False,,,,
1306,1.0,0,False,,,,
1307,1.0,0,False,,,,
1308,1.0,0,False,,,,
1309,1.0,0,False,,,,
1310,1.0,0,False,,,,
1311,1.0,0,False,,,,
1312,1.0,0,False,,,,
1313,1.0,0,False,,,,
1314,1.0,0,False,,,,
1315,1.0,0,False,,,,
1316,1.0,0,False,,,,
1317,1.0,0,False,,,,
1318,1.0,0,False,,,,
1319,1.0,0,False,,,,
1320,1.0,0,False,,,,
1321,1.0,0,False,,,,
1322,1.0,0,False,,,,
1323,1.0,0,False,,,,
1324,1.0,0,False,,,,
1325,1.0,0,False,,,,
1326,1.0,0,False,,,,
1327,1.0,0,False,,,,
1328,1.0,0,False,,,,
1329,1.0,0,False,,,,
1330,1.0,0,False,,,,
1331,1.0,0,False,,,,
1332,1.0,0,False,,,,
1333,0.2222222222222222,7,True,0.35238095238095235,0.42857142857142855,0.0544694439636737,1.4488156357251847
1334,0.2222222222222222,7,True,0.5333333333333333,1.0,0.23579549349137974,0.0
1335,0.2222222222222222,7,True,0.4571428571428572,0.5714285714285714,0.03436639285717491,0.9852281360342515
1336,0.2222222222222222,7,True,0.7333333333333333,1.0,0.23579549349137974,0.0
1337,0.2222222222222222,7,True,0.49523809523809526,0.5714285714285714,0.03436639285717491,0.9852281360342515
1338,0.2222222222222222,7,True,0.5333333333333333,1.0,0.23579549349137974,0.0
1339,0.2222222222222222,7,True,0.4666666666666667,0.5714285714285714,0.0343663928571748,0.9852281360342515
1340,0.2222222222222222,7,True,0.4507936507936508,0.7142857142857143,0.09428740198616281,0.863120568566631
1341,0.2222222222222222,7,True,0.6,1.0,0.23579549349137974,0.0
1342,0.2222222222222222,7,True,0.47619047619047616,0.8571428571428571,0.22749311428573982,0.5916727785823275
1343,0.2222222222222222,7,True,0.6,1.0,0.23579549349137974,0.0
1344,0.2222222222222222,7,True,0.4857142857142857,0.5714285714285714,0.03436639285717491,0.9852281360342515
1345,0.2222222222222222,7,True,0.6666666666666666,1.0,0.23579549349137974,0.0
1346,0.2222222222222222,7,True,0.36507936507936506,0.5714285714285714,0.08170416594551055,1.3787834934861753
1347,0.2222222222222222,7,True,0.580952380952381,0.8571428571428571,0.22749311428573982,0.5916727785823275
1348,0.2222222222222222,7,True,0.4,0.42857142857142855,0.0544694439636737,1.4488156357251847
1349,0.2222222222222222,7,True,0.6,1.0,0.23579549349137974,0.0
1350,0.2222222222222222,7,True,0.5333333333333333,1.0,0.23579549349137974,0.0
1351,0.2222222222222222,7,True,0.6,1.0,0.23579549349137974,0.0
1352,0.2222222222222222,7,True,0.3714285714285714,0.42857142857142855,0.0544694439636737,1.4488156357251847
1353,0.2222222222222222,7,True,0.4380952380952381,0.7142857142857143,0.09428740198616281,0.863120568566631
1354,0.2222222222222222,7,True,0.49523809523809526,0.5714285714285714,0.03436639285717491,0.9852281360342515
1355,0.2222222222222222,7,True,0.8,1.0,0.23579549349137974,0.0
1356,0.2222222222222222,7,True,0.8666666666666667,1.0,0.23579549349137974,0.0
1357,0.2222222222222222,7,True,0.5333333333333333,1.0,0.23579549349137974,0.0
1358,0.2222222222222222,7,True,0.6285714285714286,0.8571428571428571,0.22749311428573982,0.5916727785823275
1359,0.2222222222222222,7,True,0.4571428571428572,0.8571428571428571,0.22749311428573982,0.5916727785823275
1360,0.2222222222222222,7,True,0.47619047619047616,0.8571428571428571,0.22749311428573982,0.5916727785823275
1361,0.2222222222222222,7,True,0.6666666666666666,1.0,0.23579549349137974,0.0
1362,0.2222222222222222,7,True,0.47619047619047616,0.8571428571428571,0.22749311428573982,0.5916727785823275
1363,0.2222222222222222,7,True,0.5015873015873016,0.7142857142857143,0.09428740198616281,0.863120568566631
1364,1.0,0,False,,,,
1365,1.0,0,False,,,,
1366,1.0,0,False,,,,
1367,1.0,0,False,,,,
1368,1.0,0,False,,,,
1369,1.0,0,False,,,,
1370,1.0,0,False,,,,
1371,1.0,0,False,,,,
1372,1.0,0,False,,,,
1373,1.0,0,False,,,,
1374,1.0,0,False,,,,
1375,1.0,0,False,,,,
1376,1.0,0,False,,,,
1377,1.0,0,False,,,,
1378,1.0,0,False,,,,
1379,1.0,0,False,,,,
1380,1.0,0,False,,,,
1381,1.0,0,False,,,,
1382,1.0,0,False,,,,
1383,1.0,0,False,,,,
1384,0.2222222222222222,7,True,0.5047619047619047,0.7142857142857143,0.09428740198616281,0.863120568566631
1385,0.2222222222222222,7,True,0.5079365079365079,0.7142857142857143,0.09428740198616281,0.863120568566631
1386,0.2222222222222222,7,True,0.4,0.5714285714285714,0.03436639285717491,0.9852281360342515
1387,0.2222222222222222,7,True,0.5047619047619047,0.8571428571428571,0.22749311428573982,0.5916727785823275
1388,0.2222222222222222,7,True,0.41904761904761906,0.5714285714285714,0.03436639285717491,0.9852281360342515
1389,0.2222222222222222,7,True,0.5333333333333333,1.0,0.23579549349137974,0.0
1390,0.2222222222222222,7,True,0.6,1.0,0.23579549349137974,0.0
1391,0.2222222222222222,7,True,0.5333333333333333,1.0,0.23579549349137974,0.0
1392,0.2222222222222222,7,True,0.6666666666666666,1.0,0.23579549349137974,0.0
1393,0.2222222222222222,7,True,0.6,1.0,0.23579549349137974,0.0
1394,0.0,9,True,0.7333333333333333,1.0,1.0,0.0
1395,0.0,9,True,0.5333333333333333,1.0,1.0,0.0
1396,0.0,9,True,0.3888888888888889,0.6666666666666666,0.08170416594551044,0.9182958340544896
1397,0.0,9,True,0.48888888888888893,0.5555555555555556,0.008923940161777777,0.9910760598382222
1398,0.0,9,True,0.47407407407407404,0.8888888888888888,0.49674166522435426,0.5032583347756457
1399,0.0,9,True,0.5333333333333333,1.0,1.0,0.0
1400,0.0,9,True,0.4814814814814815,0.5555555555555556,0.008923940161777777,0.9910760598382222
1401,0.0,9,True,0.3648148148148148,0.6666666666666666,0.22749311428573982,1.224394445405986
1402,0.0,9,True,0.4351851851851852,0.6666666666666666,0.2766916661858959,1.4466166676282082
1403,0.0,9,True,0.29629629629629634,0.5555555555555556,0.008923940161777777,0.9910760598382222
1404,0.0,9,True,0.47777777777777775,0.7777777777777778,0.3776340271255507,0.9864267287308424
1405,0.0,9,True,0.6,1.0,1.0,0.0
1406,0.0,9,True,0.5259259259259259,0.8888888888888888,0.49674166522435426,0.5032583347756457
1407,0.0,9,True,0.5333333333333333,1.0,1.0,0.0
1408,0.0,9,True,0.4592592592592593,0.8888888888888888,0.49674166522435426,0.5032583347756457
1409,0.0,9,True,0.6,1.0,1.0,0.0
1410,0.0,9,True,0.6148148148148148,0.8888888888888888,0.49674166522435426,0.5032583347756457
1411,0.0,9,True,0.5333333333333333,1.0,1.0,0.0
1412,0.0,9,True,0.47407407407407404,0.8888888888888888,0.49674166522435426,0.5032583347756457
1413,0.0,9,True,0.43888888888888894,0.6666666666666666,0.08170416594551044,0.9182958340544896
1414,0.0,9,True,0.4666666666666667,0.6666666666666666,0.08170416594551044,0.9182958340544896
1415,0.0,9,True,0.6666666666666666,1.0,1.0,0.0
1416,0.0,9,True,0.8,1.0,1.0,0.0
1417,0.0,9,True,0.46481481481481485,0.7777777777777778,0.3776340271255507,0.9864267287308424
1418,0.0,9,True,0.4222222222222223,0.5555555555555556,0.008923940161777777,0.9910760598382222
1419,0.0,9,True,0.48333333333333334,0.7777777777777778,0.3776340271255507,0.9864267287308424
1420,0.0,9,True,0.5333333333333333,1.0,1.0,0.0
1421,0.0,9,True,0.5333333333333333,1.0,1.0,0.0
1422,0.0,9,True,0.7333333333333333,1.0,1.0,0.0
1423,0.0,9,True,0.5611111111111112,0.7777777777777778,0.23579549349137974,0.7642045065086203
1424,0.0,9,True,0.6,1.0,1.0,0.0
1425,0.0,9,True,0.6666666666666666,1.0,1.0,0.0
1426,0.0,9,True,0.47407407407407404,0.8888888888888888,0.49674166522435426,0.5032583347756457
1427,0.0,9,True,0.3907407407407407,0.5555555555555556,0.1472075115099596,1.3516441151533922
1428,0.0,9,True,0.7333333333333333,1.0,1.0,0.0
1429,0.0,9,True,0.4944444444444444,0.6666666666666666,0.08170416594551044,0.9182958340544896
1430,0.0,9,True,0.6,1.0,1.0,0.0
1431,0.0,9,True,0.48888888888888893,0.8888888888888888,0.49674166522435426,0.5032583347756457
1432,0.0,9,True,0.40925925925925927,0.5555555555555556,0.09428740198616281,1.4355205042826666
1433,0.0,9,True,0.5333333333333333,1.0,1.0,0.0
1434,0.0,9,True,0.5333333333333333,1.0,1.0,0.0
1435,0.0,9,True,0.5092592592592593,0.7777777777777778,0.23579549349137974,0.7642045065086203
1436,0.0,9,True,0.6666666666666666,1.0,1.0,0.0
1437,0.0,9,True,0.5185185185185185,0.8888888888888888,0.49674166522435426,0.5032583347756457
1438,0.0,9,True,0.5333333333333333,1.0,1.0,0.0
1439,0.0,9,True,0.6,1.0,1.0,0.0
1440,0.0,9,True,0.6666666666666666,1.0,1.0,0.0
1441,0.0,9,True,0.5333333333333333,1.0,1.0,0.0
1442,0.0,9,True,0.5333333333333333,1.0,1.0,0.0
1443,0.0,9,True,0.6,1.0,1.0,0.0
1444,0.0,9,True,0.5925925925925927,0.8888888888888888,0.49674166522435426,0.5032583347756457
1445,0.0,9,True,0.6666666666666666,1.0,1.0,0.0
1446,0.0,9,True,0.5407407407407407,0.8888888888888888,0.49674166522435426,0.5032583347756457
1447,0.2222222222222222,7,True,0.2920634920634921,0.5714285714285714,0.08170416594551055,1.3787834934861753
1448,0.2222222222222222,7,True,0.39047619047619053,0.5714285714285714,0.03436639285717491,0.9852281360342515
1449,0.2222222222222222,7,True,0.6666666666666666,1.0,0.23579549349137974,0.0
1450,0.2222222222222222,7,True,0.4,0.42857142857142855,0.0544694439636737,1.4488156357251847
1451,0.2222222222222222,7,True,0.6,1.0,0.23579549349137974,0.0
1452,1.0,0,False,,,,
1453,1.0,0,False,,,,
1454,1.0,0,False,,,,
1455,1.0,0,False,,,,
1456,1.0,0,False,,,,
1457,0.2222222222222222,7,True,0.4285714285714286,0.5714285714285714,0.03436639285717491,0.9852281360342515
1458,0.2222222222222222,7,True,0.35238095238095235,0.5714285714285714,0.03436639285717491,0.9852281360342515
1459,0.2222222222222222,7,True,0.6,1.0,0.23579549349137974,0.0
1460,0.2222222222222222,7,True,0.5333333333333333,1.0,0.23579549349137974,0.0
1461,0.2222222222222222,7,True,1.0,1.0,0.23579549349137974,0.0
1462,0.2222222222222222,7,True,0.30476190476190473,0.5714285714285714,0.03436639285717491,0.9852281360342515
1463,0.2222222222222222,7,True,0.7333333333333333,1.0,0.23579549349137974,0.0
1464,0.2222222222222222,7,True,0.6666666666666666,1.0,0.23579549349137974,0.0
1465,0.2222222222222222,7,True,0.5079365079365079,0.7142857142857143,0.09428740198616281,0.863120568566631
1466,0.2222222222222222,7,True,0.6,1.0,0.23579549349137974,0.0
1467,0.2222222222222222,7,True,0.5333333333333333,1.0,0.23579549349137974,0.0
1468,0.2222222222222222,7,True,0.5333333333333333,1.0,0.23579549349137974,0.0
1469,0.2222222222222222,7,True,0.580952380952381,0.8571428571428571,0.22749311428573982,0.5916727785823275
1470,0.2222222222222222,7,True,0.6,1.0,0.23579549349137974,0.0
1471,0.2222222222222222,7,True,0.39047619047619053,0.5714285714285714,0.03436639285717491,0.9852281360342515
1472,0.2222222222222222,7,True,0.3777777777777778,0.5714285714285714,0.08170416594551055,1.3787834934861753
1473,0.2222222222222222,7,True,0.40634920634920635,0.7142857142857143,0.09428740198616281,0.863120568566631
1474,0.3333333333333333,6,True,0.6,1.0,0.08170416594551044,0.0
1475,0.1111111111111111,8,True,0.49523809523809526,0.5,0.1216528952381466,1.0
1476,0.1111111111111111,8,True,0.6,1.0,0.49674166522435426,0.0
1477,0.1111111111111111,8,True,0.4666666666666667,0.875,0.3776340271255507,0.5435644431995964
1478,0.1111111111111111,8,True,0.5,0.875,0.3776340271255507,0.5435644431995964
1479,0.1111111111111111,8,True,0.6,1.0,0.49674166522435426,0.0
1480,0.1111111111111111,8,True,0.4785714285714286,0.75,0.22749311428573982,0.8112781244591328
1481,0.1111111111111111,8,True,0.4714285714285714,0.5,0.1216528952381466,1.0
1482,0.1111111111111111,8,True,0.5333333333333333,1.0,0.49674166522435426,0.0
1483,0.1111111111111111,8,True,0.6,1.0,0.49674166522435426,0.0
1484,0.1111111111111111,8,True,1.0,1.0,0.49674166522435426,0.0
1485,0.1111111111111111,8,True,0.5333333333333333,1.0,0.49674166522435426,0.0
1486,0.1111111111111111,8,True,0.5333333333333333,1.0,0.49674166522435426,0.0
1487,0.1111111111111111,8,True,0.6666666666666666,1.0,0.49674166522435426,0.0
1488,1.0,0,False,,,,
1489,1.0,0,False,,,,
1490,1.0,0,False,,,,
1491,1.0,0,False,,,,
1492,1.0,0,False,,,,
1493,1.0,0,False,,,,
1494,0.1111111111111111,8,True,0.5333333333333333,0.875,0.3776340271255507,0.5435644431995964
1495,0.1111111111111111,8,True,0.55,0.875,0.3776340271255507,0.5435644431995964
1496,0.1111111111111111,8,True,0.6666666666666666,1.0,0.49674166522435426,0.0
1497,0.1111111111111111,8,True,0.6666666666666666,1.0,0.49674166522435426,0.0
1498,1.0,0,False,,,,
1499,1.0,0,False,,,,
1500,0.1111111111111111,8,True,0.4095238095238095,0.75,0.2766916661858959,1.061278124459133
1501,0.1111111111111111,8,True,0.5333333333333333,1.0,0.49674166522435426,0.0
1502,0.1111111111111111,8,True,0.6,1.0,0.49674166522435426,0.0
1503,0.1111111111111111,8,True,0.5333333333333333,1.0,0.49674166522435426,0.0
1504,0.1111111111111111,8,True,0.4095238095238095,0.5,0.1216528952381466,1.0
1505,0.1111111111111111,8,True,0.4928571428571428,0.75,0.22749311428573982,0.8112781244591328
1506,0.1111111111111111,8,True,0.5333333333333333,1.0,0.49674166522435426,0.0
1507,0.1111111111111111,8,True,0.6,1.0,0.49674166522435426,0.0
1508,0.1111111111111111,8,True,0.5333333333333333,1.0,0.49674166522435426,0.0
1509,0.1111111111111111,8,True,0.6,1.0,0.49674166522435426,0.0
1510,0.1111111111111111,8,True,0.5,0.875,0.3776340271255507,0.5435644431995964
1511,0.1111111111111111,8,True,0.5333333333333333,1.0,0.49674166522435426,0.0
1512,0.1111111111111111,8,True,0.43333333333333335,0.625,0.1472075115099596,0.954434002924965
1513,0.1111111111111111,8,True,0.4666666666666667,0.875,0.3776340271255507,0.5435644431995964
1514,0.1111111111111111,8,True,0.4285714285714286,0.5,0.12364236051014776,1.4056390622295665
1515,0.1111111111111111,8,True,0.5,0.875,0.3776340271255507,0.5435644431995964
1516,0.1111111111111111,8,True,0.26904761904761904,0.5,0.12364236051014776,1.4056390622295665
1517,0.1111111111111111,8,True,0.48333333333333334,0.875,0.3776340271255507,0.5435644431995964
1518,0.1111111111111111,8,True,0.5,0.5,0.1216528952381466,1.0
1519,0.1111111111111111,8,True,0.6666666666666666,1.0,0.49674166522435426,0.0
1520,0.1111111111111111,8,True,0.6666666666666666,1.0,0.49674166522435426,0.0
1521,0.1111111111111111,8,True,0.5333333333333333,1.0,0.49674166522435426,0.0
1522,0.1111111111111111,8,True,0.6,1.0,0.49674166522435426,0.0
1523,0.1111111111111111,8,True,0.6,1.0,0.49674166522435426,0.0
1524,0.1111111111111111,8,True,0.5166666666666667,0.875,0.3776340271255507,0.5435644431995964
1525,0.1111111111111111,8,True,0.3476190476190476,0.5,0.1216528952381466,1.0
1526,0.1111111111111111,8,True,0.4857142857142857,0.5,0.1216528952381466,1.0
1527,0.1111111111111111,8,True,0.4571428571428572,0.75,0.2766916661858959,1.061278124459133
1528,0.1111111111111111,8,True,0.4666666666666667,0.875,0.3776340271255507,0.5435644431995964
1529,0.1111111111111111,8,True,0.6,1.0,0.49674166522435426,0.0
1530,0.1111111111111111,8,True,0.37619047619047613,0.625,0.1472075115099596,0.954434002924965
1531,0.1111111111111111,8,True,0.6666666666666666,1.0,0.49674166522435426,0.0
1532,0.1111111111111111,8,True,0.6,1.0,0.49674166522435426,0.0
1533,0.1111111111111111,8,True,0.5333333333333333,1.0,0.49674166522435426,0.0
1534,0.1111111111111111,8,True,0.6,1.0,0.49674166522435426,0.0
1535,0.1111111111111111,8,True,0.5333333333333333,1.0,0.49674166522435426,0.0
1536,0.1111111111111111,8,True,0.6,1.0,0.49674166522435426,0.0
1537,0.1111111111111111,8,True,0.5333333333333333,1.0,0.49674166522435426,0.0
1538,0.1111111111111111,8,True,0.5333333333333333,1.0,0.49674166522435426,0.0
1539,0.1111111111111111,8,True,0.5333333333333333,1.0,0.49674166522435426,0.0
1540,0.1111111111111111,8,True,0.6666666666666666,1.0,0.49674166522435426,0.0
1541,0.1111111111111111,8,True,0.4023809523809524,0.75,0.22749311428573982,0.8112781244591328
1542,0.1111111111111111,8,True,0.5333333333333333,1.0,0.49674166522435426,0.0
1543,0.1111111111111111,8,True,0.48333333333333334,0.875,0.3776340271255507,0.5435644431995964
1544,0.1111111111111111,8,True,0.42380952380952386,0.5,0.08170416594551055,1.5
1545,0.1111111111111111,8,True,0.55,0.875,0.3776340271255507,0.5435644431995964
1546,0.1111111111111111,8,True,0.5333333333333333,1.0,0.49674166522435426,0.0
1547,0.1111111111111111,8,True,0.5333333333333333,1.0,0.49674166522435426,0.0
1548,0.1111111111111111,8,True,0.6,1.0,0.49674166522435426,0.0
1549,0.1111111111111111,8,True,0.6,1.0,0.49674166522435426,0.0
1550,0.1111111111111111,8,True,0.7333333333333333,1.0,0.49674166522435426,0.0
1551,0.1111111111111111,8,True,0.8666666666666667,1.0,0.49674166522435426,0.0
1552,0.1111111111111111,8,True,0.7333333333333333,1.0,0.49674166522435426,0.0
1553,0.1111111111111111,8,True,0.8,1.0,0.49674166522435426,0.0
1554,0.1111111111111111,8,True,0.6,1.0,0.49674166522435426,0.0
1555,0.1111111111111111,8,True,0.5333333333333333,1.0,0.49674166522435426,0.0
1556,0.1111111111111111,8,True,0.5333333333333333,1.0,0.49674166522435426,0.0
1557,0.1111111111111111,8,True,0.6,1.0,0.49674166522435426,0.0
1558,0.1111111111111111,8,True,0.30952380952380953,0.5,0.1216528952381466,1.0
1559,0.1111111111111111,8,True,0.6,1.0,0.49674166522435426,0.0
1560,0.1111111111111111,8,True,0.6,1.0,0.49674166522435426,0.0
1561,0.1111111111111111,8,True,0.5666666666666667,0.5,0.1216528952381466,1.0
1562,0.1111111111111111,8,True,0.6,1.0,0.49674166522435426,0.0
1563,0.1111111111111111,8,True,0.5333333333333333,1.0,0.49674166522435426,0.0
1564,0.1111111111111111,8,True,0.8666666666666667,1.0,0.49674166522435426,0.0
1565,0.1111111111111111,8,True,0.5333333333333333,1.0,0.49674166522435426,0.0
1566,0.1111111111111111,8,True,0.5333333333333333,1.0,0.49674166522435426,0.0
1567,0.1111111111111111,8,True,0.4666666666666667,0.875,0.3776340271255507,0.5435644431995964
1568,0.1111111111111111,8,True,0.5333333333333333,1.0,0.49674166522435426,0.0
1569,0.0,9,True,0.5777777777777778,0.8888888888888888,0.49674166522435426,0.5032583347756457
1570,0.0,9,True,0.6666666666666666,1.0,1.0,0.0
1571,0.0,9,True,0.6,1.0,1.0,0.0
1572,0.0,9,True,0.8666666666666667,1.0,1.0,0.0
1573,0.0,9,True,0.674074074074074,0.8888888888888888,0.49674166522435426,0.5032583347756457
1574,0.0,9,True,0.6,1.0,1.0,0.0
1575,0.0,9,True,0.5333333333333333,1.0,1.0,0.0
1576,0.0,9,True,0.6,1.0,1.0,0.0
1577,0.0,9,True,0.6,1.0,1.0,0.0
1578,0.0,9,True,0.4148148148148148,0.5555555555555556,0.17112863674755563,1.6577427265048887
1579,0.0,9,True,0.6666666666666666,1.0,1.0,0.0
1580,0.0,9,True,0.5333333333333333,1.0,1.0,0.0
1581,0.0,9,True,0.6,1.0,1.0,0.0
1582,0.0,9,True,0.6,1.0,1.0,0.0
1583,0.0,9,True,0.5333333333333333,1.0,1.0,0.0
1584,0.0,9,True,0.8,1.0,1.0,0.0
1585,0.0,9,True,0.6,1.0,1.0,0.0
1586,0.0,9,True,0.4111111111111111,0.6666666666666666,0.08170416594551044,0.9182958340544896
1587,0.0,9,True,0.5333333333333333,1.0,1.0,0.0
1588,0.0,9,True,0.3,0.5555555555555556,0.17112863674755563,1.6577427265048887
1589,0.0,9,True,0.5,0.6666666666666666,0.08170416594551044,0.9182958340544896
1590,1.0,0,False,,,,
1591,1.0,0,False,,,,
1592,1.0,0,False,,,,
1593,1.0,0,False,,,,
1594,0.0,9,True,0.5333333333333333,1.0,1.0,0.0
1595,0.0,9,True,0.3222222222222222,0.5555555555555556,0.008923940161777777,0.9910760598382222
1596,0.0,9,True,0.5333333333333333,1.0,1.0,0.0
1597,0.0,9,True,0.7333333333333333,1.0,1.0,0.0
1598,0.0,9,True,0.5333333333333333,1.0,1.0,0.0
1599,0.0,9,True,0.6,1.0,1.0,0.0
1600,0.0,9,True,0.7333333333333333,1.0,1.0,0.0
1601,0.0,9,True,0.5018518518518519,0.7777777777777778,0.3776340271255507,0.9864267287308424
1602,0.0,9,True,0.5333333333333333,1.0,1.0,0.0
1603,0.0,9,True,0.5074074074074074,0.7777777777777778,0.23579549349137974,0.7642045065086203
1604,0.0,9,True,0.46481481481481485,0.7777777777777778,0.23579549349137974,0.7642045065086203
1605,0.0,9,True,0.437037037037037,0.7777777777777778,0.3776340271255507,0.9864267287308424
1606,1.0,0,False,,,,
1607,1.0,0,False,,,,
1608,0.0,9,True,0.5333333333333333,1.0,1.0,0.0
1609,0.0,9,True,0.7185185185185186,0.8888888888888888,0.49674166522435426,0.5032583347756457
1610,0.0,9,True,0.5333333333333333,1.0,1.0,0.0
1611,0.0,9,True,0.6,1.0,1.0,0.0
1612,0.0,9,True,0.6666666666666666,1.0,1.0,0.0
1613,0.0,9,True,0.7333333333333333,1.0,1.0,0.0
1614,0.0,9,True,0.5333333333333333,1.0,1.0,0.0
1615,0.0,9,True,0.6,1.0,1.0,0.0
1616,0.0,9,True,0.6,1.0,1.0,0.0
1617,0.0,9,True,0.6,1.0,1.0,0.0
1618,1.0,0,False,,,,
1619,0.0,9,True,0.6,1.0,1.0,0.0
1620,0.0,9,True,0.5333333333333333,1.0,1.0,0.0
1621,0.0,9,True,0.8,1.0,1.0,0.0
1622,1.0,0,False,,,,
1623,1.0,0,False,,,,
1624,0.0,9,True,0.5333333333333333,1.0,1.0,0.0
1625,0.0,9,True,0.6,1.0,1.0,0.0
1626,0.0,9,True,0.6,1.0,1.0,0.0
1627,0.0,9,True,0.8666666666666667,1.0,1.0,0.0
1628,0.0,9,True,0.5333333333333333,1.0,1.0,0.0
1629,0.0,9,True,0.4222222222222223,0.5555555555555556,0.008923940161777777,0.9910760598382222
1630,0.0,9,True,0.6,1.0,1.0,0.0
1631,0.0,9,True,0.6666666666666666,1.0,1.0,0.0
1632,0.0,9,True,0.5333333333333333,1.0,1.0,0.0
1633,0.0,9,True,0.39814814814814814,0.5555555555555556,0.09428740198616281,1.4355205042826666
1634,1.0,0,False,,,,
1635,1.0,0,False,,,,
1636,1.0,0,False,,,,
1637,0.0,9,True,0.4555555555555556,0.5555555555555556,0.09428740198616281,1.4355205042826666
1638,0.0,9,True,0.6,1.0,1.0,0.0
1639,0.0,9,True,0.6,1.0,1.0,0.0
1640,0.0,9,True,0.6,1.0,1.0,0.0
1641,0.0,9,True,0.7333333333333333,1.0,1.0,0.0
1642,0.0,9,True,0.4592592592592593,0.5555555555555556,0.008923940161777777,0.9910760598382222
1643,0.0,9,True,0.6,1.0,1.0,0.0
1644,0.0,9,True,0.6,1.0,1.0,0.0
1645,0.0,9,True,0.5037037037037037,0.5555555555555556,0.008923940161777777,0.9910760598382222
1646,0.0,9,True,0.4037037037037037,0.5555555555555556,0.008923940161777777,0.9910760598382222
1647,0.0,9,True,0.34444444444444444,0.5555555555555556,0.1472075115099596,1.3516441151533922
1648,0.0,9,True,0.3851851851851852,0.5555555555555556,0.008923940161777777,0.9910760598382222
1649,1.0,0,False,,,,
1650,1.0,0,False,,,,
1651,1.0,0,False,,,,
1652,1.0,0,False,,,,
1653,1.0,0,False,,,,
1654,1.0,0,False,,,,
1655,0.0,9,True,0.34444444444444444,0.3333333333333333,0.0544694439636737,1.8910611120726526
1656,0.0,9,True,0.5555555555555555,0.8888888888888888,0.49674166522435426,0.5032583347756457
1657,0.0,9,True,0.6,1.0,1.0,0.0
1658,0.0,9,True,0.5333333333333333,1.0,1.0,0.0
1659,0.0,9,True,0.44814814814814813,0.7777777777777778,0.3776340271255507,0.9864267287308424
1660,0.0,9,True,0.5333333333333333,1.0,1.0,0.0
1661,0.0,9,True,0.5333333333333333,1.0,1.0,0.0
1662,0.0,9,True,0.5333333333333333,1.0,1.0,0.0
1663,0.0,9,True,0.7333333333333333,1.0,1.0,0.0
1664,0.0,9,True,0.6,1.0,1.0,0.0
1665,0.0,9,True,0.7333333333333333,1.0,1.0,0.0
1666,0.0,9,True,0.48888888888888893,0.8888888888888888,0.49674166522435426,0.5032583347756457
1667,0.0,9,True,0.5333333333333333,1.0,1.0,0.0
1668,0.0,9,True,0.7333333333333333,1.0,1.0,0.0
1669,0.0,9,True,0.7333333333333333,1.0,1.0,0.0
1670,0.0,9,True,0.35,0.5555555555555556,0.1472075115099596,1.3516441151533922
1671,0.0,9,True,0.5185185185185185,0.8888888888888888,0.49674166522435426,0.5032583347756457
1672,0.0,9,True,0.8,1.0,1.0,0.0
1673,0.0,9,True,0.5333333333333333,1.0,1.0,0.0
1674,0.0,9,True,0.5333333333333333,1.0,1.0,0.0
1675,0.0,9,True,0.4222222222222223,0.7777777777777778,0.3776340271255507,0.9864267287308424
1676,0.0,9,True,0.8,1.0,1.0,0.0
1677,0.0,9,True,0.6666666666666666,1.0,1.0,0.0
1678,1.0,0,False,,,,
1679,1.0,0,False,,,,
1680,0.0,9,True,0.7333333333333333,1.0,1.0,0.0
1681,0.0,9,True,0.6666666666666666,1.0,1.0,0.0
1682,0.0,9,True,0.5722222222222222,0.6666666666666666,0.08170416594551044,0.9182958340544896
1683,0.0,9,True,0.42777777777777776,0.6666666666666666,0.08170416594551044,0.9182958340544896
1684,0.0,9,True,0.5,0.6666666666666666,0.08170416594551044,0.9182958340544896
1685,0.0,9,True,0.2518518518518518,0.4444444444444444,0.12364236051014776,1.7527152789797045
1686,0.0,9,True,0.6,1.0,1.0,0.0
1687,0.0,9,True,0.6666666666666666,1.0,1.0,0.0
1688,1.0,0,False,,,,
1689,1.0,0,False,,,,
1690,1.0,0,False,,,,
1691,1.0,0,False,,,,
1692,1.0,0,False,,,,
1693,1.0,0,False,,,,
1694,1.0,0,False,,,,
1695,1.0,0,False,,,,
1696,1.0,0,False,,,,
1697,1.0,0,False,,,,
1698,1.0,0,False,,,,
1699,1.0,0,False,,,,
1700,1.0,0,False,,,,
1701,1.0,0,False,,,,
1702,0.0,9,True,0.4962962962962963,0.5555555555555556,0.008923940161777777,0.9910760598382222
1703,0.0,9,True,0.5074074074074074,0.5555555555555556,0.008923940161777777,0.9910760598382222
1704,1.0,0,False,,,,
1705,1.0,0,False,,,,
1706,1.0,0,False,,,,
1707,0.0,9,True,0.6,1.0,1.0,0.0
1708,0.0,9,True,0.5333333333333333,1.0,1.0,0.0
1709,0.0,9,True,0.48888888888888893,0.5555555555555556,0.008923940161777777,0.9910760598382222
1710,0.0,9,True,0.6666666666666666,1.0,1.0,0.0
1711,0.0,9,True,0.5074074074074074,0.7777777777777778,0.23579549349137974,0.7642045065086203
1712,0.0,9,True,0.5555555555555555,0.8888888888888888,0.49674166522435426,0.5032583347756457
1713,0.0,9,True,0.6,1.0,1.0,0.0
1714,0.0,9,True,0.562962962962963,0.7777777777777778,0.3776340271255507,0.9864267287308424
1715,0.0,9,True,0.4444444444444444,0.8888888888888888,0.49674166522435426,0.5032583347756457
1716,0.0,9,True,0.7925925925925926,0.8888888888888888,0.49674166522435426,0.5032583347756457
1717,0.0,9,True,0.548148148148148,0.8888888888888888,0.49674166522435426,0.5032583347756457
1718,0.0,9,True,0.3592592592592593,0.4444444444444444,0.12364236051014776,1.7527152789797045
1719,0.1111111111111111,8,True,0.5333333333333333,1.0,0.49674166522435426,0.0
1720,0.1111111111111111,8,True,0.6,1.0,0.49674166522435426,0.0
1721,0.1111111111111111,8,True,0.4976190476190476,0.625,0.1472075115099596,0.954434002924965
1722,0.1111111111111111,8,True,0.5333333333333333,1.0,0.49674166522435426,0.0
1723,0.1111111111111111,8,True,0.6,1.0,0.49674166522435426,0.0
1724,0.1111111111111111,8,True,0.41190476190476194,0.625,0.17112863674755563,1.2987949406953985
1725,0.1111111111111111,8,True,0.6,1.0,0.49674166522435426,0.0
1726,0.1111111111111111,8,True,0.5833333333333334,0.875,0.3776340271255507,0.5435644431995964
1727,1.0,0,False,,,,
1728,1.0,0,False,,,,
1729,1.0,0,False,,,,
1730,1.0,0,False,,,,
1731,1.0,0,False,,,,
1732,1.0,0,False,,,,
1733,1.0,0,False,,,,
1734,1.0,0,False,,,,
1735,1.0,0,False,,,,
1736,1.0,0,False,,,,
1737,0.1111111111111111,8,True,0.6,1.0,0.49674166522435426,0.0
1738,0.1111111111111111,8,True,0.6666666666666666,1.0,0.49674166522435426,0.0
1739,0.1111111111111111,8,True,0.6666666666666666,1.0,0.49674166522435426,0.0
1740,0.1111111111111111,8,True,0.5333333333333333,1.0,0.49674166522435426,0.0
1741,0.1111111111111111,8,True,0.8,1.0,0.49674166522435426,0.0
1742,0.1111111111111111,8,True,0.5333333333333333,1.0,0.49674166522435426,0.0
1743,0.1111111111111111,8,True,0.6166666666666667,0.875,0.3776340271255507,0.5435644431995964
1744,0.1111111111111111,8,True,0.43333333333333335,0.5,0.1216528952381466,1.0
1745,0.1111111111111111,8,True,0.4857142857142857,0.5,0.1216528952381466,1.0
1746,0.1111111111111111,8,True,0.6,1.0,0.49674166522435426,0.0
1747,0.1111111111111111,8,True,0.6,1.0,0.49674166522435426,0.0
1748,0.1111111111111111,8,True,0.35238095238095235,0.5,0.12364236051014776,1.4056390622295665
1749,0.1111111111111111,8,True,0.6,1.0,0.49674166522435426,0.0
1750,0.1111111111111111,8,True,0.46190476190476193,0.75,0.2766916661858959,1.061278124459133
1751,0.1111111111111111,8,True,0.5333333333333333,1.0,0.49674166522435426,0.0
1752,0.1111111111111111,8,True,0.6,1.0,0.49674166522435426,0.0
1753,0.1111111111111111,8,True,0.319047619047619,0.5,0.1216528952381466,1.0
1754,0.1111111111111111,8,True,0.5166666666666667,0.875,0.3776340271255507,0.5435644431995964
1755,0.1111111111111111,8,True,0.4857142857142857,0.5,0.1216528952381466,1.0
1756,0.1111111111111111,8,True,0.6666666666666666,1.0,0.49674166522435426,0.0
1757,0.1111111111111111,8,True,0.4666666666666667,0.875,0.3776340271255507,0.5435644431995964
1758,0.1111111111111111,8,True,0.6,1.0,0.49674166522435426,0.0
1759,1.0,0,False,,,,
1760,1.0,0,False,,,,
1761,1.0,0,False,,,,
1762,1.0,0,False,,,,
1763,1.0,0,False,,,,
1764,1.0,0,False,,,,
1765,1.0,0,False,,,,
1766,1.0,0,False,,,,
1767,0.1111111111111111,8,True,0.31666666666666665,0.5,0.11331711999846616,1.75
1768,0.1111111111111111,8,True,0.7333333333333333,1.0,0.49674166522435426,0.0
1769,0.1111111111111111,8,True,0.6666666666666666,1.0,0.49674166522435426,0.0
1770,0.1111111111111111,8,True,0.5,0.5,0.1216528952381466,1.0
1771,0.1111111111111111,8,True,0.29047619047619044,0.375,0.06405530255413405,2.1556390622295662
1772,0.1111111111111111,8,True,0.6,1.0,0.49674166522435426,0.0
1773,0.1111111111111111,8,True,0.29285714285714287,0.375,0.05373481277819914,1.9056390622295665
1774,0.1111111111111111,8,True,0.6666666666666666,1.0,0.49674166522435426,0.0
1775,0.1111111111111111,8,True,0.6,1.0,0.49674166522435426,0.0
1776,0.1111111111111111,8,True,0.4142857142857143,0.75,0.2766916661858959,1.061278124459133
1777,0.2222222222222222,7,True,0.39047619047619053,0.7142857142857143,0.17112863674755563,1.1488348542809166
1778,0.2222222222222222,7,True,0.5619047619047619,0.8571428571428571,0.22749311428573982,0.5916727785823275
1779,0.3333333333333333,6,True,0.6,1.0,0.08170416594551044,0.0
1780,0.3333333333333333,6,True,0.5333333333333333,1.0,0.08170416594551044,0.0
1781,0.3333333333333333,6,True,0.8666666666666667,1.0,0.08170416594551044,0.0
1782,0.3333333333333333,6,True,0.6666666666666666,1.0,0.08170416594551044,0.0
1783,0.3333333333333333,6,True,0.5111111111111111,0.8333333333333334,0.1472075115099596,0.6500224216483541
1784,0.3333333333333333,6,True,0.5333333333333333,1.0,0.08170416594551044,0.0
1785,0.3333333333333333,6,True,0.4666666666666667,0.6666666666666666,0.0343663928571748,0.9182958340544896
1786,0.3333333333333333,6,True,0.3022222222222222,0.5,0.0544694439636737,1.4591479170272448
1787,0.3333333333333333,6,True,0.49333333333333335,0.5,0.0,1.0
1788,0.3333333333333333,6,True,0.5111111111111111,0.8333333333333334,0.1472075115099596,0.6500224216483541
1789,0.3333333333333333,6,True,0.2755555555555556,0.5,0.08985840735201955,1.7924812503605778
1790,0.3333333333333333,6,True,0.4666666666666667,0.8333333333333334,0.1472075115099596,0.6500224216483541
1791,0.3333333333333333,6,True,0.6,1.0,0.08170416594551044,0.0
1792,0.3333333333333333,6,True,0.5333333333333333,1.0,0.08170416594551044,0.0
1793,0.3333333333333333,6,True,0.38666666666666666,0.5,0.0,1.0
1794,0.3333333333333333,6,True,0.3466666666666667,0.5,0.0,1.0
1795,1.0,0,False,,,,
1796,1.0,0,False,,,,
1797,1.0,0,False,,,,
1798,1.0,0,False,,,,
1799,1.0,0,False,,,,
1800,1.0,0,False,,,,
1801,1.0,0,False,,,,
1802,1.0,0,False,,,,
1803,1.0,0,False,,,,
1804,1.0,0,False,,,,
1805,1.0,0,False,,,,
1806,0.3333333333333333,6,True,0.4,0.5,0.0,1.0
1807,0.3333333333333333,6,True,0.44,0.5,0.0,1.0
1808,0.3333333333333333,6,True,0.3333333333333333,0.5,0.0,1.0
1809,1.0,0,False,,,,
1810,1.0,0,False,,,,
1811,0.3333333333333333,6,True,0.49777777777777776,0.6666666666666666,0.0343663928571748,0.9182958340544896
1812,1.0,0,False,,,,
1813,1.0,0,False,,,,
1814,1.0,0,False,,,,
1815,0.3333333333333333,6,True,0.5333333333333333,1.0,0.08170416594551044,0.0
1816,0.3333333333333333,6,True,0.7333333333333333,1.0,0.08170416594551044,0.0
1817,0.3333333333333333,6,True,0.6,1.0,0.08170416594551044,0.0
1818,0.3333333333333333,6,True,0.5555555555555555,0.8333333333333334,0.1472075115099596,0.6500224216483541
1819,0.3333333333333333,6,True,0.7333333333333333,1.0,0.08170416594551044,0.0
1820,0.3333333333333333,6,True,0.5333333333333333,1.0,0.08170416594551044,0.0
1821,0.3333333333333333,6,True,0.5333333333333333,1.0,0.08170416594551044,0.0
1822,0.3333333333333333,6,True,0.7333333333333333,1.0,0.08170416594551044,0.0
1823,0.3333333333333333,6,True,0.3288888888888889,0.5,0.0544694439636737,1.4591479170272448
1824,0.3333333333333333,6,True,0.49333333333333335,0.6666666666666666,0.0343663928571748,0.9182958340544896
1825,0.3333333333333333,6,True,0.6,0.8333333333333334,0.1472075115099596,0.6500224216483541
1826,0.3333333333333333,6,True,0.6666666666666666,1.0,0.08170416594551044,0.0
1827,0.3333333333333333,6,True,0.6,1.0,0.08170416594551044,0.0
1828,0.3333333333333333,6,True,0.6,1.0,0.08170416594551044,0.0
1829,0.3333333333333333,6,True,0.7333333333333333,1.0,0.08170416594551044,0.0
1830,0.3333333333333333,6,True,0.49333333333333335,0.5,0.0,1.0
1831,0.3333333333333333,6,True,0.6,1.0,0.08170416594551044,0.0
1832,0.4444444444444444,5,True,0.29333333333333333,0.4,0.11331711999846616,1.9219280948873623
1833,0.3333333333333333,6,True,0.3244444444444445,0.6666666666666666,0.12364236051014776,1.2516291673878228
1834,1.0,0,False,,,,
1835,1.0,0,False,,,,
1836,1.0,0,False,,,,
1837,1.0,0,False,,,,
1838,1.0,0,False,,,,
1839,1.0,0,False,,,,
1840,0.3333333333333333,6,True,0.28444444444444444,0.5,0.08985840735201955,1.7924812503605778
1841,0.5555555555555556,4,False,,,,
1842,0.5555555555555556,4,False,,,,
1843,0.5555555555555556,4,False,,,,
1844,0.5555555555555556,4,False,,,,
1845,0.5555555555555556,4,False,,,,
1846,0.5555555555555556,4,False,,,,
1847,0.5555555555555556,4,False,,,,
1848,0.5555555555555556,4,False,,,,
1849,0.5555555555555556,4,False,,,,
1850,0.5555555555555556,4,False,,,,
1851,0.5555555555555556,4,False,,,,
1852,0.5555555555555556,4,False,,,,
1853,0.5555555555555556,4,False,,,,
1854,0.5555555555555556,4,False,,,,
1855,1.0,0,False,,,,
1856,1.0,0,False,,,,
1857,1.0,0,False,,,,
1858,1.0,0,False,,,,
1859,1.0,0,False,,,,
1860,1.0,0,False,,,,
1861,1.0,0,False,,,,
1862,1.0,0,False,,,,
1863,1.0,0,False,,,,
1864,1.0,0,False,,,,
1865,1.0,0,False,,,,
1866,1.0,0,False,,,,
1867,1.0,0,False,,,,
1868,1.0,0,False,,,,
1869,0.5555555555555556,4,False,,,,
1870,0.5555555555555556,4,False,,,,
1871,0.5555555555555556,4,False,,,,
1872,0.5555555555555556,4,False,,,,
1873,0.4444444444444444,5,True,0.49333333333333335,0.8,0.1216528952381466,0.7219280948873623
1874,0.5555555555555556,4,False,,,,
1875,0.5555555555555556,4,False,,,,
1876,0.3333333333333333,6,True,0.3288888888888889,0.5,0.0544694439636737,1.4591479170272448
1877,0.3333333333333333,6,True,0.3466666666666667,0.5,0.0544694439636737,1.4591479170272448
1878,0.3333333333333333,6,True,0.5333333333333333,1.0,0.08170416594551044,0.0
1879,1.0,0,False,,,,
1880,1.0,0,False,,,,
1881,1.0,0,False,,,,
1882,1.0,0,False,,,,
1883,1.0,0,False,,,,
1884,1.0,0,False,,,,
1885,0.3333333333333333,6,True,0.5333333333333333,1.0,0.08170416594551044,0.0
1886,0.3333333333333333,6,True,0.6666666666666666,1.0,0.08170416594551044,0.0
1887,0.3333333333333333,6,True,0.39555555555555555,0.6666666666666666,0.03436639285717491,0.9182958340544896
1888,0.3333333333333333,6,True,0.5333333333333333,1.0,0.08170416594551044,0.0
1889,0.3333333333333333,6,True,0.6666666666666666,1.0,0.08170416594551044,0.0
1890,0.3333333333333333,6,True,0.6,1.0,0.08170416594551044,0.0
1891,0.3333333333333333,6,True,0.7333333333333333,1.0,0.08170416594551044,0.0
1892,0.3333333333333333,6,True,0.5333333333333333,1.0,0.08170416594551044,0.0
1893,0.3333333333333333,6,True,0.4666666666666667,0.8333333333333334,0.1472075115099596,0.6500224216483541
1894,0.3333333333333333,6,True,0.39555555555555555,0.6666666666666666,0.12364236051014776,1.2516291673878228
1895,0.3333333333333333,6,True,0.41777777777777775,0.6666666666666666,0.03436639285717491,0.9182958340544896
1896,0.3333333333333333,6,True,0.6666666666666666,1.0,0.08170416594551044,0.0
1897,0.3333333333333333,6,True,0.48000000000000004,0.5,0.0,1.0
1898,0.4444444444444444,5,True,0.4,0.4,0.08170416594551055,1.5219280948873621
1899,0.3333333333333333,6,True,0.28,0.5,0.08985840735201955,1.7924812503605778
1900,0.3333333333333333,6,True,0.38666666666666666,0.5,0.0,1.0
1901,0.3333333333333333,6,True,0.2977777777777778,0.3333333333333333,0.05373481277819914,1.9182958340544896
1902,0.3333333333333333,6,True,0.48000000000000004,0.5,0.0,1.0
1903,0.3333333333333333,6,True,0.3022222222222222,0.5,0.08985840735201955,1.7924812503605778
1904,0.3333333333333333,6,True,0.4266666666666667,0.5,0.0,1.0
1905,0.3333333333333333,6,True,0.3333333333333333,0.5,0.0,1.0
1906,0.3333333333333333,6,True,0.32,0.5,0.0544694439636737,1.4591479170272448
1907,0.3333333333333333,6,True,0.6,1.0,0.08170416594551044,0.0
1908,0.3333333333333333,6,True,0.6,1.0,0.08170416594551044,0.0
1909,0.3333333333333333,6,True,0.23555555555555555,0.5,0.08985840735201955,1.7924812503605778
1910,0.3333333333333333,6,True,0.5333333333333333,1.0,0.08170416594551044,0.0
1911,0.3333333333333333,6,True,0.6666666666666666,1.0,0.08170416594551044,0.0
1912,0.3333333333333333,6,True,0.2,0.3333333333333333,0.05373481277819914,1.9182958340544893
1913,0.3333333333333333,6,True,0.4666666666666667,0.8333333333333334,0.14720751150995937,0.6500224216483541
1914,0.3333333333333333,6,True,0.29333333333333333,0.5,0.0,1.0
1915,0.3333333333333333,6,True,0.5333333333333333,0.8333333333333334,0.1472075115099596,0.6500224216483541
1916,0.3333333333333333,6,True,0.5333333333333333,1.0,0.08170416594551044,0.0
1917,0.3333333333333333,6,True,0.3288888888888889,0.5,0.0544694439636737,1.4591479170272448
1918,0.3333333333333333,6,True,0.29333333333333333,0.5,0.0,1.0
1919,0.3333333333333333,6,True,0.43555555555555553,0.6666666666666666,0.0343663928571748,0.9182958340544896
1920,0.3333333333333333,6,True,0.4222222222222223,0.8333333333333334,0.14720751150995937,0.6500224216483541
1921,0.3333333333333333,6,True,0.43555555555555553,0.6666666666666666,0.0343663928571748,0.9182958340544896
1922,0.3333333333333333,6,True,0.31555555555555553,0.5,0.0544694439636737,1.4591479170272448
1923,0.3333333333333333,6,True,0.3333333333333333,0.5,0.0,1.0
1924,0.3333333333333333,6,True,0.29333333333333333,0.5,0.08985840735201955,1.7924812503605778
1925,0.3333333333333333,6,True,0.48000000000000004,0.5,0.0,1.0
1926,0.2222222222222222,7,True,0.21904761904761905,0.2857142857142857,0.031607485958777604,2.2359263506290326
1927,0.2222222222222222,7,True,0.6,1.0,0.23579549349137974,0.0
1928,0.2222222222222222,7,True,0.27936507936507937,0.5714285714285714,0.08170416594551055,1.3787834934861753
1929,0.2222222222222222,7,True,0.380952380952381,0.5714285714285714,0.08170416594551055,1.3787834934861753
1930,0.2222222222222222,7,True,0.4380952380952381,0.8571428571428571,0.22749311428573982,0.5916727785823275
1931,0.2222222222222222,7,True,0.3619047619047619,0.5714285714285714,0.08170416594551055,1.3787834934861753
1932,0.2222222222222222,7,True,0.4285714285714286,0.42857142857142855,0.0544694439636737,1.4488156357251847
1933,0.1111111111111111,8,True,0.2285714285714286,0.375,0.06405530255413405,2.1556390622295662
1934,0.1111111111111111,8,True,0.38571428571428573,0.625,0.17112863674755563,1.2987949406953985
1935,0.1111111111111111,8,True,0.47380952380952385,0.75,0.2766916661858959,1.061278124459133
1936,0.3333333333333333,6,True,0.4666666666666667,0.8333333333333334,0.1472075115099596,0.6500224216483541
1937,0.3333333333333333,6,True,0.4444444444444444,0.8333333333333334,0.1472075115099596,0.6500224216483541
1938,0.3333333333333333,6,True,0.3777777777777778,0.8333333333333334,0.1472075115099596,0.6500224216483541
1939,1.0,0,False,,,,
1940,1.0,0,False,,,,
1941,1.0,0,False,,,,
1942,1.0,0,False,,,,
1943,1.0,0,False,,,,
1944,1.0,0,False,,,,
1945,1.0,0,False,,,,
1946,1.0,0,False,,,,
1947,1.0,0,False,,,,
1948,1.0,0,False,,,,
1949,1.0,0,False,,,,
1950,1.0,0,False,,,,
1951,1.0,0,False,,,,
1952,0.3333333333333333,6,True,0.4222222222222223,0.8333333333333334,0.1472075115099596,0.6500224216483541
1953,0.3333333333333333,6,True,0.48888888888888893,0.8333333333333334,0.1472075115099596,0.6500224216483541
1954,0.3333333333333333,6,True,0.5333333333333333,0.8333333333333334,0.1472075115099596,0.6500224216483541
1955,0.1111111111111111,8,True,0.319047619047619,0.375,0.05373481277819914,1.9056390622295665
1956,0.2222222222222222,7,True,0.5428571428571428,0.8571428571428571,0.22749311428573982,0.5916727785823275
1957,0.2222222222222222,7,True,0.43174603174603177,0.7142857142857143,0.17112863674755563,1.1488348542809166
1958,0.2222222222222222,7,True,0.4571428571428572,0.7142857142857143,0.17112863674755563,1.1488348542809166
1959,0.2222222222222222,7,True,0.38412698412698415,0.7142857142857143,0.17112863674755563,1.1488348542809166
1960,0.2222222222222222,7,True,0.3714285714285714,0.7142857142857143,0.17112863674755563,1.1488348542809166
1961,0.2222222222222222,7,True,0.3079365079365079,0.7142857142857143,0.17112863674755563,1.1488348542809166
1962,0.2222222222222222,7,True,0.35873015873015873,0.7142857142857143,0.17112863674755563,1.1488348542809166
1963,0.7777777777777778,2,False,,,,
1964,0.7777777777777778,2,False,,,,
1965,0.7777777777777778,2,False,,,,
1966,0.7777777777777778,2,False,,,,
1967,0.7777777777777778,2,False,,,,
1968,0.7777777777777778,2,False,,,,
1969,0.7777777777777778,2,False,,,,
1970,0.7777777777777778,2,False,,,,
1971,0.7777777777777778,2,False,,,,
1972,0.7777777777777778,2,False,,,,
1973,0.7777777777777778,2,False,,,,
1974,0.7777777777777778,2,False,,,,
1975,0.6666666666666666,3,False,,,,
1976,0.6666666666666666,3,False,,,,
1977,0.6666666666666666,3,False,,,,
1978,0.6666666666666666,3,False,,,,
1979,0.1111111111111111,8,True,0.3428571428571428,0.625,0.19034316658358497,1.5487949406953985
1980,0.1111111111111111,8,True,0.3404761904761905,0.625,0.19034316658358497,1.5487949406953985
1981,0.1111111111111111,8,True,0.4404761904761905,0.75,0.2766916661858959,1.061278124459133
1982,0.1111111111111111,8,True,0.5,0.75,0.22749311428573982,0.8112781244591328
1983,0.1111111111111111,8,True,0.3,0.375,0.05373481277819914,1.9056390622295665
1984,0.1111111111111111,8,True,0.4571428571428572,0.625,0.14720751150995937,0.954434002924965
1985,0.1111111111111111,8,True,0.2571428571428572,0.25,0.029164237274183935,2.5
1986,0.2222222222222222,7,True,0.2857142857142857,0.5714285714285714,0.03436639285717491,0.9852281360342515
1987,0.0,9,True,0.37962962962962965,0.4444444444444444,0.03436639285717491,1.5304930567574824
1988,0.0,9,True,0.5,0.7777777777777778,0.3776340271255507,0.9864267287308424
1989,0.0,9,True,0.2777777777777778,0.5555555555555556,0.17112863674755563,1.6577427265048887
1990,0.5555555555555556,4,False,,,,
1991,0.5555555555555556,4,False,,,,
1992,0.5555555555555556,4,False,,,,
1993,0.5555555555555556,4,False,,,,
1994,0.5555555555555556,4,False,,,,
1995,0.5555555555555556,4,False,,,,
1996,0.5555555555555556,4,False,,,,
1997,0.5555555555555556,4,False,,,,
1998,0.5555555555555556,4,False,,,,
1999,0.8888888888888888,1,False,,,,
2000,0.8888888888888888,1,False,,,,
2001,0.8888888888888888,1,False,,,,
2002,0.8888888888888888,1,False,,,,
2003,1.0,0,False,,,,
2004,1.0,0,False,,,,
2005,0.8888888888888888,1,False,,,,
2006,0.8888888888888888,1,False,,,,
2007,1.0,0,False,,,,
2008,1.0,0,False,,,,
2009,1.0,0,False,,,,
2010,0.8888888888888888,1,False,,,,
2011,0.8888888888888888,1,False,,,,
2012,0.8888888888888888,1,False,,,,
2013,0.8888888888888888,1,False,,,,
2014,0.8888888888888888,1,False,,,,
2015,0.8888888888888888,1,False,,,,
2016,0.8888888888888888,1,False,,,,
2017,0.8888888888888888,1,False,,,,
2018,0.6666666666666666,3,False,,,,
2019,0.6666666666666666,3,False,,,,
2020,0.6666666666666666,3,False,,,,
2021,0.6666666666666666,3,False,,,,
2022,0.6666666666666666,3,False,,,,
2023,0.1111111111111111,8,True,0.369047619047619,0.625,0.19034316658358497,1.5487949406953985
2024,0.1111111111111111,8,True,0.3428571428571428,0.625,0.17112863674755563,1.2987949406953985
2025,1.0,0,False,,,,
2026,1.0,0,False,,,,
2027,1.0,0,False,,,,
2028,1.0,0,False,,,,
2029,1.0,0,False,,,,
2030,1.0,0,False,,,,
2031,1.0,0,False,,,,
2032,1.0,0,False,,,,
2033,0.1111111111111111,8,True,0.39285714285714285,0.625,0.1472075115099596,0.954434002924965
2034,0.1111111111111111,8,True,0.47380952380952385,0.75,0.2766916661858959,1.061278124459133
2035,0.1111111111111111,8,True,0.36428571428571427,0.625,0.17112863674755563,1.2987949406953985
2036,0.1111111111111111,8,True,0.4023809523809524,0.625,0.19034316658358497,1.5487949406953985
2037,0.0,9,True,0.43148148148148147,0.7777777777777778,0.23579549349137974,0.7642045065086203
2038,0.0,9,True,0.3148148148148148,0.5555555555555556,0.19034316658358497,1.8799649487271108
2039,0.0,9,True,0.3055555555555555,0.5555555555555556,0.19034316658358497,1.8799649487271108
2040,0.0,9,True,0.2925925925925926,0.3333333333333333,0.05373481277819914,2.197159723424149
2041,0.0,9,True,0.24444444444444444,0.3333333333333333,0.06405530255413405,2.4193819456463714
2042,0.0,9,True,0.4185185185185185,0.7777777777777778,0.3776340271255507,0.9864267287308424
2043,0.0,9,True,0.32962962962962966,0.5555555555555556,0.09428740198616281,1.4355205042826666
2044,0.0,9,True,0.362962962962963,0.5555555555555556,0.19034316658358497,1.8799649487271108
2045,0.1111111111111111,8,True,0.2357142857142857,0.375,0.06405530255413405,2.1556390622295662
2046,0.0,9,True,0.337037037037037,0.5555555555555556,0.19034316658358497,1.8799649487271108
2047,0.0,9,True,0.34814814814814815,0.5555555555555556,0.19034316658358497,1.8799649487271108
2048,0.0,9,True,0.3555555555555555,0.4444444444444444,0.11331711999846616,2.058813890331201
2049,0.0,9,True,0.6,1.0,1.0,0.0
2050,0.0,9,True,0.6666666666666666,1.0,1.0,0.0
2051,0.0,9,True,0.5,0.6666666666666666,0.08170416594551044,0.9182958340544896
2052,0.0,9,True,0.6,1.0,1.0,0.0
2053,0.0,9,True,0.5555555555555555,0.8888888888888888,0.49674166522435426,0.5032583347756457
2054,0.0,9,True,0.25,0.3333333333333333,0.012531249399036493,1.974937501201927
2055,0.0,9,True,0.2685185185185185,0.3333333333333333,0.08985840735201955,2.113283334294875
2056,0.0,9,True,0.3888888888888889,0.6666666666666666,0.2766916661858959,1.4466166676282082
2057,0.0,9,True,0.3944444444444445,0.7777777777777778,0.3776340271255507,0.9864267287308424
2058,0.2222222222222222,7,True,0.3682539682539682,0.5714285714285714,0.08170416594551055,1.3787834934861753
2059,0.0,9,True,0.3592592592592593,0.5555555555555556,0.17112863674755563,1.6577427265048887
2060,0.0,9,True,0.28518518518518515,0.3333333333333333,0.012531249399036493,1.974937501201927
2061,0.0,9,True,0.4,0.5555555555555556,0.1472075115099596,1.3516441151533922
2062,0.0,9,True,0.3685185185185185,0.5555555555555556,0.19034316658358497,1.8799649487271108
2063,0.0,9,True,0.2388888888888889,0.4444444444444444,0.12364236051014776,1.7527152789797045
2064,0.0,9,True,0.3425925925925926,0.5555555555555556,0.17112863674755563,1.6577427265048887
2065,0.0,9,True,0.4425925925925926,0.7777777777777778,0.23579549349137974,0.7642045065086203
2066,0.0,9,True,0.32037037037037036,0.5555555555555556,0.1472075115099596,1.3516441151533922
2067,1.0,0,False,,,,
2068,1.0,0,False,,,,
2069,0.0,9,True,0.2611111111111111,0.3333333333333333,0.05373481277819914,2.197159723424149
2070,0.2222222222222222,7,True,0.49523809523809526,0.5714285714285714,0.03436639285717491,0.9852281360342515
2071,0.3333333333333333,6,True,0.5333333333333333,0.8333333333333334,0.1472075115099596,0.6500224216483541
2072,0.2222222222222222,7,True,0.35238095238095235,0.42857142857142855,0.05373481277819914,1.8423709931771088
2073,0.6666666666666666,3,False,,,,
2074,0.6666666666666666,3,False,,,,
2075,0.6666666666666666,3,False,,,,
2076,0.6666666666666666,3,False,,,,
2077,0.6666666666666666,3,False,,,,
2078,0.6666666666666666,3,False,,,,
2079,0.6666666666666666,3,False,,,,
2080,0.1111111111111111,8,True,0.4023809523809524,0.5,0.12364236051014776,1.4056390622295665
2081,0.1111111111111111,8,True,0.2785714285714286,0.375,0.05373481277819914,1.9056390622295665
2082,0.1111111111111111,8,True,0.5166666666666667,0.625,0.1472075115099596,0.954434002924965
2083,0.1111111111111111,8,True,0.5,0.625,0.1472075115099596,0.954434002924965
2084,0.1111111111111111,8,True,0.3428571428571428,0.375,0.0544694439636737,1.561278124459133
2085,0.0,9,True,0.34444444444444444,0.5555555555555556,0.1472075115099596,1.3516441151533922
2086,0.0,9,True,0.3074074074074074,0.4444444444444444,0.12364236051014776,1.7527152789797045
2087,0.0,9,True,0.35185185185185186,0.4444444444444444,0.1216528952381466,1.3921472236645345
2088,0.0,9,True,0.28703703703703703,0.4444444444444444,0.12364236051014776,1.7527152789797045
2089,0.0,9,True,0.5203703703703704,0.7777777777777778,0.23579549349137974,0.7642045065086203
2090,0.0,9,True,0.3092592592592593,0.3333333333333333,0.0544694439636737,1.8910611120726526
2091,0.0,9,True,0.5222222222222223,0.7777777777777778,0.23579549349137974,0.7642045065086203
2092,0.0,9,True,0.32962962962962966,0.4444444444444444,0.1216528952381466,1.3921472236645345
2093,0.0,9,True,0.5555555555555555,0.8888888888888888,0.49674166522435426,0.5032583347756457
2094,0.0,9,True,0.4962962962962963,0.8888888888888888,0.49674166522435426,0.5032583347756457
2095,0.0,9,True,0.6666666666666666,1.0,1.0,0.0
2096,0.0,9,True,0.6,1.0,1.0,0.0
2097,0.0,9,True,0.3537037037037037,0.5555555555555556,0.1472075115099596,1.3516441151533922
2098,0.0,9,True,0.6148148148148148,0.8888888888888888,0.49674166522435426,0.5032583347756457
2099,0.0,9,True,0.5111111111111111,0.8888888888888888,0.49674166522435426,0.5032583347756457
2100,0.0,9,True,0.37592592592592594,0.6666666666666666,0.22749311428573982,1.224394445405986
2101,0.0,9,True,0.32037037037037036,0.5555555555555556,0.14720751150995937,1.3516441151533924
2102,0.0,9,True,0.29814814814814816,0.4444444444444444,0.11757477645534242,2.2810361125534233
2103,0.0,9,True,0.32037037037037036,0.5555555555555556,0.17112863674755563,1.6577427265048887
2104,0.0,9,True,0.3851851851851852,0.6666666666666666,0.2766916661858959,1.4466166676282082
2105,0.0,9,True,0.2351851851851852,0.3333333333333333,0.06405530255413405,2.4193819456463714
2106,0.0,9,True,0.3,0.3333333333333333,0.05373481277819914,2.197159723424149
2107,0.1111111111111111,8,True,0.33095238095238094,0.5,0.08170416594551055,1.5
2108,0.1111111111111111,8,True,0.4571428571428572,0.625,0.1472075115099596,0.954434002924965
2109,0.1111111111111111,8,True,0.37380952380952387,0.5,0.12364236051014776,1.4056390622295665
2110,0.0,9,True,0.2796296296296296,0.3333333333333333,0.05373481277819914,2.197159723424149
2111,0.0,9,True,0.29444444444444445,0.3333333333333333,0.05373481277819914,2.197159723424149
2112,0.0,9,True,0.274074074074074,0.2222222222222222,0.029164237274183935,2.725480556997868
2113,0.0,9,True,0.3074074074074074,0.3333333333333333,0.05373481277819914,2.197159723424149
2114,0.0,9,True,0.3092592592592593,0.5555555555555556,0.09428740198616281,1.4355205042826666
2115,0.0,9,True,0.4185185185185185,0.6666666666666666,0.2766916661858959,1.4466166676282082
2116,0.0,9,True,0.21296296296296297,0.2222222222222222,0.029164237274183935,2.725480556997868
2117,0.0,9,True,0.25,0.3333333333333333,0.06405530255413405,2.4193819456463714
2118,0.0,9,True,0.3537037037037037,0.4444444444444444,0.0343663928571748,1.5304930567574826
2119,0.0,9,True,0.33888888888888885,0.5555555555555556,0.17112863674755563,1.6577427265048887
2120,0.0,9,True,0.48888888888888893,0.5555555555555556,0.008923940161777777,0.9910760598382222
2121,1.0,0,False,,,,
2122,1.0,0,False,,,,
2123,1.0,0,False,,,,
2124,1.0,0,False,,,,
2125,1.0,0,False,,,,
2126,1.0,0,False,,,,
2127,1.0,0,False,,,,
2128,1.0,0,False,,,,
2129,1.0,0,False,,,,
2130,1.0,0,False,,,,
2131,1.0,0,False,,,,
2132,1.0,0,False,,,,
2133,1.0,0,False,,,,
2134,1.0,0,False,,,,
2135,1.0,0,False,,,,
2136,1.0,0,False,,,,
2137,1.0,0,False,,,,
2138,1.0,0,False,,,,
2139,1.0,0,False,,,,
2140,1.0,0,False,,,,
2141,1.0,0,False,,,,
2142,1.0,0,False,,,,
2143,1.0,0,False,,,,
2144,1.0,0,False,,,,
2145,1.0,0,False,,,,
2146,1.0,0,False,,,,
2147,1.0,0,False,,,,
2148,1.0,0,False,,,,
2149,1.0,0,False,,,,
2150,1.0,0,False,,,,
2151,1.0,0,False,,,,
2152,1.0,0,False,,,,
2153,1.0,0,False,,,,
2154,1.0,0,False,,,,
2155,1.0,0,False,,,,
2156,1.0,0,False,,,,
2157,1.0,0,False,,,,
2158,0.0,9,True,0.37962962962962965,0.6666666666666666,0.2766916661858959,1.4466166676282082
2159,0.2222222222222222,7,True,0.4380952380952381,0.7142857142857143,0.17112863674755563,1.1488348542809166
2160,0.2222222222222222,7,True,0.3365079365079365,0.7142857142857143,0.17112863674755563,1.1488348542809166
2161,0.1111111111111111,8,True,0.41904761904761906,0.75,0.22749311428573982,0.8112781244591328
2162,0.1111111111111111,8,True,0.25952380952380955,0.375,0.08985840735201955,1.811278124459133
2163,0.1111111111111111,8,True,0.30476190476190473,0.375,0.08985840735201955,1.811278124459133
2164,0.1111111111111111,8,True,0.3261904761904762,0.625,0.17112863674755563,1.2987949406953985
2165,0.2222222222222222,7,True,0.4666666666666667,0.8571428571428571,0.22749311428573982,0.5916727785823275
2166,0.2222222222222222,7,True,0.33968253968253964,0.5714285714285714,0.11331711999846616,1.6644977792004614
2167,0.2222222222222222,7,True,0.47619047619047616,0.7142857142857143,0.09428740198616281,0.863120568566631
2168,0.1111111111111111,8,True,0.30238095238095236,0.5,0.11757477645534242,2.0
2169,0.1111111111111111,8,True,0.28809523809523807,0.375,0.05373481277819914,1.9056390622295665
2170,0.1111111111111111,8,True,0.2547619047619048,0.625,0.17112863674755563,1.2987949406953985
2171,0.1111111111111111,8,True,0.6,1.0,0.49674166522435426,0.0
2172,0.1111111111111111,8,True,0.3476190476190476,0.625,0.17112863674755563,1.2987949406953985
2173,0.1111111111111111,8,True,0.3,0.5,0.11757477645534242,2.0
2174,0.3333333333333333,6,True,0.3555555555555555,0.6666666666666666,0.12364236051014776,1.2516291673878228
2175,0.3333333333333333,6,True,0.4222222222222223,0.8333333333333334,0.1472075115099596,0.6500224216483541
2176,0.3333333333333333,6,True,0.5111111111111111,0.8333333333333334,0.1472075115099596,0.6500224216483541
2177,0.2222222222222222,7,True,0.2698412698412698,0.5714285714285714,0.11331711999846616,1.6644977792004614
2178,1.0,0,False,,,,
2179,1.0,0,False,,,,
2180,0.2222222222222222,7,True,0.2984126984126984,0.5714285714285714,0.11331711999846616,1.6644977792004614
2181,0.2222222222222222,7,True,0.346031746031746,0.5714285714285714,0.11331711999846616,1.6644977792004614
2182,0.2222222222222222,7,True,0.21904761904761905,0.2857142857142857,0.031607485958777604,2.2359263506290326
2183,0.7777777777777778,2,False,,,,
2184,0.7777777777777778,2,False,,,,
2185,0.6666666666666666,3,False,,,,
2186,0.6666666666666666,3,False,,,,
2187,0.6666666666666666,3,False,,,,
2188,0.6666666666666666,3,False,,,,
2189,0.6666666666666666,3,False,,,,
2190,0.6666666666666666,3,False,,,,
2191,0.6666666666666666,3,False,,,,
2192,0.6666666666666666,3,False,,,,
2193,0.6666666666666666,3,False,,,,
2194,0.6666666666666666,3,False,,,,
2195,0.6666666666666666,3,False,,,,
2196,0.6666666666666666,3,False,,,,
2197,0.1111111111111111,8,True,0.30238095238095236,0.625,0.17112863674755563,1.2987949406953985
2198,0.1111111111111111,8,True,0.30952380952380953,0.375,0.08985840735201955,1.811278124459133
2199,0.1111111111111111,8,True,0.20952380952380953,0.25,0.029164237274183935,2.5
2200,0.1111111111111111,8,True,0.3071428571428571,0.5,0.11757477645534242,2.0
2201,0.1111111111111111,8,True,0.3261904761904762,0.5,0.11331711999846616,1.75
2202,0.1111111111111111,8,True,0.55,0.875,0.3776340271255507,0.5435644431995964
2203,0.1111111111111111,8,True,0.2785714285714286,0.375,0.06405530255413405,2.1556390622295662
2204,0.1111111111111111,8,True,0.2785714285714286,0.375,0.05373481277819914,1.9056390622295665
2205,0.1111111111111111,8,True,0.319047619047619,0.5,0.11331711999846616,1.75
2206,0.2222222222222222,7,True,0.3079365079365079,0.5714285714285714,0.08170416594551055,1.3787834934861753
2207,0.2222222222222222,7,True,0.3492063492063492,0.2857142857142857,0.01761121820437861,1.950212064914747
2208,0.3333333333333333,6,True,0.48888888888888893,0.8333333333333334,0.14720751150995937,0.6500224216483541
2209,0.3333333333333333,6,True,0.3733333333333333,0.6666666666666666,0.12364236051014776,1.2516291673878228
2210,0.2222222222222222,7,True,0.2634920634920635,0.5714285714285714,0.11331711999846616,1.6644977792004614
2211,0.1111111111111111,8,True,0.4666666666666667,0.75,0.2766916661858959,1.061278124459133
2212,0.1111111111111111,8,True,0.2571428571428572,0.5,0.11757477645534242,2.0
2213,0.1111111111111111,8,True,0.35714285714285715,0.5,0.11757477645534242,2.0
2214,0.1111111111111111,8,True,0.2857142857142857,0.5,0.11757477645534242,2.0
2215,0.1111111111111111,8,True,0.30238095238095236,0.375,0.06405530255413405,2.1556390622295662
2216,0.1111111111111111,8,True,0.24047619047619048,0.375,0.05904160991070073,2.4056390622295662
2217,1.0,0,False,,,,
2218,1.0,0,False,,,,
2219,0.1111111111111111,8,True,0.18333333333333332,0.25,0.029164237274183935,2.5
2220,0.5555555555555556,4,False,,,,
2221,0.1111111111111111,8,True,0.24285714285714285,0.25,0.029164237274183935,2.5
2222,0.3333333333333333,6,True,0.24444444444444444,0.3333333333333333,0.06405530255413405,2.251629167387823
2223,0.3333333333333333,6,True,0.2533333333333333,0.3333333333333333,0.06405530255413405,2.2516291673878226
2224,0.3333333333333333,6,True,0.24000000000000002,0.3333333333333333,0.05373481277819914,1.9182958340544896
2225,0.3333333333333333,6,True,0.3777777777777778,0.6666666666666666,0.12364236051014776,1.2516291673878228
2226,0.3333333333333333,6,True,0.39555555555555555,0.6666666666666666,0.12364236051014776,1.2516291673878228
2227,0.3333333333333333,6,True,0.3555555555555555,0.5,0.08985840735201955,1.7924812503605778
2228,0.3333333333333333,6,True,0.3466666666666667,0.6666666666666666,0.03436639285717491,0.9182958340544896
2229,0.3333333333333333,6,True,0.31555555555555553,0.5,0.0544694439636737,1.4591479170272446
2230,0.3333333333333333,6,True,0.30666666666666664,0.5,0.0544694439636737,1.4591479170272448
2231,0.3333333333333333,6,True,0.3511111111111111,0.6666666666666666,0.12364236051014776,1.2516291673878228
2232,0.3333333333333333,6,True,0.32,0.6666666666666666,0.12364236051014776,1.2516291673878228
2233,0.3333333333333333,6,True,0.2977777777777778,0.5,0.08985840735201955,1.7924812503605778
2234,0.3333333333333333,6,True,0.28888888888888886,0.5,0.08985840735201955,1.7924812503605778
2235,0.3333333333333333,6,True,0.2977777777777778,0.5,0.0544694439636737,1.4591479170272446
2236,0.4444444444444444,5,True,0.29333333333333333,0.4,0.11331711999846616,1.9219280948873623
2237,0.4444444444444444,5,True,0.26666666666666666,0.4,0.11331711999846616,1.9219280948873623
2238,0.4444444444444444,5,True,0.30666666666666664,0.4,0.11331711999846616,1.9219280948873623
2239,0.4444444444444444,5,True,0.19333333333333333,0.2,0.11757477645534242,2.321928094887362
2240,0.3333333333333333,6,True,0.22666666666666666,0.16666666666666666,0.05904160991070073,2.584962500721156
2241,0.5555555555555556,4,False,,,,
2242,0.5555555555555556,4,False,,,,
2243,0.3333333333333333,6,True,0.3022222222222222,0.3333333333333333,0.05373481277819914,1.9182958340544893
2244,1.0,0,False,,,,
2245,1.0,0,False,,,,
2246,1.0,0,False,,,,
2247,0.3333333333333333,6,True,0.3511111111111111,0.6666666666666666,0.12364236051014776,1.2516291673878228
2248,0.4444444444444444,5,True,0.24000000000000002,0.4,0.11331711999846616,1.9219280948873623
2249,0.3333333333333333,6,True,0.19555555555555557,0.16666666666666666,0.05904160991070073,2.584962500721156
2250,0.3333333333333333,6,True,0.19111111111111112,0.3333333333333333,0.06405530255413405,2.2516291673878226
2251,0.3333333333333333,6,True,0.21333333333333335,0.3333333333333333,0.05373481277819914,1.9182958340544893
2252,0.1111111111111111,8,True,0.40476190476190477,0.75,0.2766916661858959,1.061278124459133
2253,0.5555555555555556,4,False,,,,
2254,0.5555555555555556,4,False,,,,
2255,0.6666666666666666,3,False,,,,
2256,0.6666666666666666,3,False,,,,
2257,0.6666666666666666,3,False,,,,
2258,0.6666666666666666,3,False,,,,
2259,0.6666666666666666,3,False,,,,
2260,1.0,0,False,,,,
2261,1.0,0,False,,,,
2262,1.0,0,False,,,,
2263,1.0,0,False,,,,
2264,1.0,0,False,,,,
2265,1.0,0,False,,,,
2266,1.0,0,False,,,,
2267,1.0,0,False,,,,
2268,1.0,0,False,,,,
2269,1.0,0,False,,,,
2270,1.0,0,False,,,,
2271,1.0,0,False,,,,
2272,1.0,0,False,,,,
2273,1.0,0,False,,,,
2274,0.6666666666666666,3,False,,,,
2275,0.6666666666666666,3,False,,,,
2276,0.6666666666666666,3,False,,,,
2277,0.2222222222222222,7,True,0.2698412698412698,0.2857142857142857,0.03160748595877738,2.235926350629032
2278,0.2222222222222222,7,True,0.30476190476190473,0.42857142857142855,0.05373481277819914,1.8423709931771084
2279,0.1111111111111111,8,True,0.26904761904761904,0.5,0.11331711999846594,1.75
2280,0.1111111111111111,8,True,0.4142857142857143,0.5,0.12364236051014776,1.4056390622295665
2281,0.1111111111111111,8,True,0.29523809523809524,0.375,0.08985840735201955,1.811278124459133
2282,0.1111111111111111,8,True,0.3404761904761905,0.5,0.11757477645534242,2.0
2283,0.2222222222222222,7,True,0.21904761904761905,0.42857142857142855,0.05373481277819914,1.8423709931771088
2284,0.2222222222222222,7,True,0.2920634920634921,0.5714285714285714,0.11331711999846616,1.6644977792004614
2285,0.2222222222222222,7,True,0.23492063492063492,0.2857142857142857,0.031607485958777604,2.2359263506290326
2286,0.2222222222222222,7,True,0.44126984126984126,0.5714285714285714,0.08170416594551055,1.3787834934861753
2287,0.1111111111111111,8,True,0.2976190476190476,0.375,0.05904160991070073,2.4056390622295662
2288,0.1111111111111111,8,True,0.3952380952380953,0.75,0.2766916661858959,1.061278124459133
2289,0.1111111111111111,8,True,0.3142857142857143,0.375,0.08985840735201955,1.811278124459133
2290,0.1111111111111111,8,True,0.19285714285714287,0.375,0.06405530255413405,2.1556390622295662
2291,0.1111111111111111,8,True,0.2142857142857143,0.375,0.05904160991070073,2.4056390622295662
2292,0.1111111111111111,8,True,0.319047619047619,0.5,0.11757477645534242,2.0
2293,0.2222222222222222,7,True,0.2920634920634921,0.2857142857142857,0.029164237274183935,2.5216406363433186
2294,0.5555555555555556,4,False,,,,
2295,0.5555555555555556,4,False,,,,
2296,0.5555555555555556,4,False,,,,
2297,0.7777777777777778,2,False,,,,
2298,0.5555555555555556,4,False,,,,
2299,1.0,0,False,,,,
2300,1.0,0,False,,,,
2301,1.0,0,False,,,,
2302,1.0,0,False,,,,
2303,1.0,0,False,,,,
2304,1.0,0,False,,,,
2305,1.0,0,False,,,,
2306,0.5555555555555556,4,False,,,,
2307,0.5555555555555556,4,False,,,,
2308,0.5555555555555556,4,False,,,,
2309,0.5555555555555556,4,False,,,,
2310,0.5555555555555556,4,False,,,,
2311,0.5555555555555556,4,False,,,,
2312,0.5555555555555556,4,False,,,,
2313,0.5555555555555556,4,False,,,,
2314,0.5555555555555556,4,False,,,,
2315,0.5555555555555556,4,False,,,,
2316,0.5555555555555556,4,False,,,,
2317,1.0,0,False,,,,
2318,1.0,0,False,,,,
2319,1.0,0,False,,,,
2320,1.0,0,False,,,,
2321,1.0,0,False,,,,
2322,1.0,0,False,,,,
2323,1.0,0,False,,,,
2324,1.0,0,False,,,,
2325,1.0,0,False,,,,
2326,1.0,0,False,,,,
2327,1.0,0,False,,,,
2328,1.0,0,False,,,,
2329,1.0,0,False,,,,
2330,1.0,0,False,,,,
2331,1.0,0,False,,,,
2332,1.0,0,False,,,,
2333,0.6666666666666666,3,False,,,,
2334,0.6666666666666666,3,False,,,,
2335,0.6666666666666666,3,False,,,,
2336,0.6666666666666666,3,False,,,,
2337,0.3333333333333333,6,True,0.3244444444444445,0.3333333333333333,0.05373481277819914,1.9182958340544893
2338,0.3333333333333333,6,True,0.2755555555555556,0.3333333333333333,0.06405530255413405,2.2516291673878226
2339,0.3333333333333333,6,True,0.2711111111111111,0.3333333333333333,0.06405530255413405,2.2516291673878226
2340,0.3333333333333333,6,True,0.2977777777777778,0.3333333333333333,0.06405530255413405,2.2516291673878226
2341,0.3333333333333333,6,True,0.30666666666666664,0.5,0.0544694439636737,1.4591479170272448
2342,0.3333333333333333,6,True,0.31555555555555553,0.5,0.08985840735201955,1.7924812503605778
2343,0.2222222222222222,7,True,0.19365079365079366,0.2857142857142857,0.031607485958777604,2.2359263506290326
2344,0.2222222222222222,7,True,0.22222222222222224,0.2857142857142857,0.031607485958777604,2.2359263506290326
2345,0.3333333333333333,6,True,0.2711111111111111,0.3333333333333333,0.05373481277819914,1.9182958340544893
2346,0.3333333333333333,6,True,0.24444444444444444,0.3333333333333333,0.05373481277819914,1.9182958340544893
2347,0.4444444444444444,5,True,0.38,0.4,0.08170416594551055,1.5219280948873621
2348,0.3333333333333333,6,True,0.23111111111111113,0.3333333333333333,0.06405530255413405,2.251629167387823
2349,0.3333333333333333,6,True,0.28444444444444444,0.3333333333333333,0.05373481277819914,1.9182958340544893
2350,0.3333333333333333,6,True,0.3022222222222222,0.5,0.0544694439636737,1.4591479170272448
2351,0.3333333333333333,6,True,0.21777777777777776,0.3333333333333333,0.06405530255413405,2.2516291673878226
2352,0.3333333333333333,6,True,0.24888888888888888,0.3333333333333333,0.06405530255413405,2.251629167387823
2353,0.3333333333333333,6,True,0.28444444444444444,0.5,0.08985840735201955,1.7924812503605778
2354,0.3333333333333333,6,True,0.24000000000000002,0.3333333333333333,0.05373481277819914,1.9182958340544893
2355,0.3333333333333333,6,True,0.22666666666666666,0.3333333333333333,0.06405530255413405,2.2516291673878226
2356,0.3333333333333333,6,True,0.21777777777777776,0.5,0.08985840735201955,1.7924812503605778
2357,0.5555555555555556,4,False,,,,
2358,0.4444444444444444,5,True,0.2866666666666667,0.4,0.08170416594551055,1.5219280948873621
2359,0.4444444444444444,5,True,0.24000000000000002,0.4,0.08170416594551055,1.5219280948873621
2360,0.4444444444444444,5,True,0.32,0.6,0.12364236051014776,1.3709505944546687
2361,0.4444444444444444,5,True,0.22666666666666666,0.4,0.11331711999846616,1.9219280948873623
2362,0.7777777777777778,2,False,,,,
2363,0.8888888888888888,1,False,,,,
2364,0.8888888888888888,1,False,,,,
2365,0.8888888888888888,1,False,,,,
2366,0.8888888888888888,1,False,,,,
2367,0.4444444444444444,5,True,0.22666666666666666,0.4,0.11331711999846616,1.9219280948873623
2368,0.4444444444444444,5,True,0.16,0.2,0.11757477645534242,2.321928094887362
2369,0.4444444444444444,5,True,0.38666666666666666,0.6,0.12364236051014776,1.3709505944546687
2370,0.5555555555555556,4,False,,,,
2371,0.5555555555555556,4,False,,,,
2372,0.5555555555555556,4,False,,,,
2373,0.6666666666666666,3,False,,,,
2374,0.6666666666666666,3,False,,,,
2375,0.6666666666666666,3,False,,,,
2376,0.6666666666666666,3,False,,,,
2377,0.7777777777777778,2,False,,,,
2378,0.7777777777777778,2,False,,,,
2379,0.7777777777777778,2,False,,,,
2380,0.7777777777777778,2,False,,,,
2381,0.7777777777777778,2,False,,,,
2382,0.7777777777777778,2,False,,,,
2383,0.7777777777777778,2,False,,,,
2384,0.7777777777777778,2,False,,,,
2385,0.7777777777777778,2,False,,,,
2386,0.7777777777777778,2,False,,,,
2387,0.7777777777777778,2,False,,,,
2388,0.7777777777777778,2,False,,,,
2389,0.7777777777777778,2,False,,,,
2390,0.7777777777777778,2,False,,,,
2391,0.7777777777777778,2,False,,,,
2392,0.7777777777777778,2,False,,,,
2393,0.8888888888888888,1,False,,,,
2394,0.8888888888888888,1,False,,,,
2395,0.8888888888888888,1,False,,,,
2396,0.8888888888888888,1,False,,,,
2397,0.8888888888888888,1,False,,,,
2398,0.8888888888888888,1,False,,,,
2399,0.8888888888888888,1,False,,,,
2400,0.8888888888888888,1,False,,,,
2401,0.8888888888888888,1,False,,,,
2402,0.8888888888888888,1,False,,,,
2403,0.8888888888888888,1,False,,,,
2404,0.8888888888888888,1,False,,,,
2405,0.8888888888888888,1,False,,,,
2406,0.8888888888888888,1,False,,,,
2407,0.8888888888888888,1,False,,,,
2408,0.8888888888888888,1,False,,,,
2409,0.8888888888888888,1,False,,,,
2410,0.8888888888888888,1,False,,,,
2411,0.8888888888888888,1,False,,,,
2412,0.8888888888888888,1,False,,,,
2413,0.8888888888888888,1,False,,,,
2414,0.8888888888888888,1,False,,,,
2415,0.8888888888888888,1,False,,,,
2416,0.8888888888888888,1,False,,,,
2417,0.8888888888888888,1,False,,,,
2418,0.8888888888888888,1,False,,,,
2419,0.8888888888888888,1,False,,,,
2420,0.8888888888888888,1,False,,,,
2421,0.8888888888888888,1,False,,,,
2422,0.8888888888888888,1,False,,,,
2423,0.8888888888888888,1,False,,,,
2424,0.8888888888888888,1,False,,,,
2425,0.7777777777777778,2,False,,,,
2426,0.7777777777777778,2,False,,,,
2427,0.7777777777777778,2,False,,,,
2428,0.7777777777777778,2,False,,,,
2429,0.7777777777777778,2,False,,,,
2430,0.7777777777777778,2,False,,,,
2431,0.7777777777777778,2,False,,,,
2432,0.7777777777777778,2,False,,,,
2433,0.7777777777777778,2,False,,,,
2434,0.7777777777777778,2,False,,,,
2435,0.7777777777777778,2,False,,,,
2436,0.7777777777777778,2,False,,,,
2437,0.7777777777777778,2,False,,,,
2438,0.7777777777777778,2,False,,,,
2439,0.7777777777777778,2,False,,,,
2440,0.7777777777777778,2,False,,,,
2441,0.7777777777777778,2,False,,,,
2442,0.8888888888888888,1,False,,,,
2443,0.8888888888888888,1,False,,,,
2444,0.8888888888888888,1,False,,,,
2445,0.8888888888888888,1,False,,,,
2446,0.8888888888888888,1,False,,,,
2447,0.7777777777777778,2,False,,,,
2448,0.7777777777777778,2,False,,,,
2449,0.7777777777777778,2,False,,,,
2450,0.7777777777777778,2,False,,,,
2451,0.7777777777777778,2,False,,,,
2452,0.7777777777777778,2,False,,,,
2453,0.8888888888888888,1,False,,,,
2454,0.8888888888888888,1,False,,,,
2455,0.8888888888888888,1,False,,,,
2456,0.8888888888888888,1,False,,,,
2457,0.8888888888888888,1,False,,,,
2458,0.8888888888888888,1,False,,,,
2459,0.8888888888888888,1,False,,,,
2460,0.8888888888888888,1,False,,,,
2461,0.8888888888888888,1,False,,,,
2462,0.8888888888888888,1,False,,,,
2463,0.8888888888888888,1,False,,,,
2464,0.8888888888888888,1,False,,,,
2465,0.8888888888888888,1,False,,,,
2466,0.8888888888888888,1,False,,,,
2467,0.7777777777777778,2,False,,,,
2468,0.7777777777777778,2,False,,,,
2469,0.7777777777777778,2,False,,,,
2470,0.7777777777777778,2,False,,,,
2471,0.7777777777777778,2,False,,,,
2472,0.7777777777777778,2,False,,,,
2473,0.7777777777777778,2,False,,,,
2474,0.7777777777777778,2,False,,,,
2475,0.7777777777777778,2,False,,,,
2476,0.7777777777777778,2,False,,,,
2477,0.8888888888888888,1,False,,,,
2478,0.8888888888888888,1,False,,,,
2479,0.8888888888888888,1,False,,,,
2480,0.8888888888888888,1,False,,,,
2481,0.8888888888888888,1,False,,,,
2482,0.8888888888888888,1,False,,,,
2483,0.8888888888888888,1,False,,,,
2484,0.8888888888888888,1,False,,,,
2485,0.8888888888888888,1,False,,,,
2486,0.8888888888888888,1,False,,,,
2487,0.8888888888888888,1,False,,,,
2488,0.8888888888888888,1,False,,,,
2489,0.8888888888888888,1,False,,,,
