col_index,gap_frac,nongap_n,keep,cons_similarity,cons_identity,cons_entropy22,cons_entropy_nogap
1,0.8888888888888888,1,False,,,,
2,0.8888888888888888,1,False,,,,
3,0.8888888888888888,1,False,,,,
4,0.8888888888888888,1,False,,,,
5,0.8888888888888888,1,False,,,,
6,0.8888888888888888,1,False,,,,
7,0.8888888888888888,1,False,,,,
8,0.8888888888888888,1,False,,,,
9,0.8888888888888888,1,False,,,,
10,0.8888888888888888,1,False,,,,
11,0.8888888888888888,1,False,,,,
12,0.8888888888888888,1,False,,,,
13,0.8888888888888888,1,False,,,,
14,0.8888888888888888,1,False,,,,
15,0.8888888888888888,1,False,,,,
16,0.8888888888888888,1,False,,,,
17,0.8888888888888888,1,False,,,,
18,0.8888888888888888,1,False,,,,
19,0.8888888888888888,1,False,,,,
20,0.8888888888888888,1,False,,,,
21,0.8888888888888888,1,False,,,,
22,0.8888888888888888,1,False,,,,
23,0.8888888888888888,1,False,,,,
24,0.8888888888888888,1,False,,,,
25,0.8888888888888888,1,False,,,,
26,0.8888888888888888,1,False,,,,
27,0.8888888888888888,1,False,,,,
28,0.8888888888888888,1,False,,,,
29,0.8888888888888888,1,False,,,,
30,0.8888888888888888,1,False,,,,
31,0.8888888888888888,1,False,,,,
32,0.8888888888888888,1,False,,,,
33,0.8888888888888888,1,False,,,,
34,0.8888888888888888,1,False,,,,
35,0.8888888888888888,1,False,,,,
36,0.8888888888888888,1,False,,,,
37,0.8888888888888888,1,False,,,,
38,0.8888888888888888,1,False,,,,
39,0.8888888888888888,1,False,,,,
40,0.8888888888888888,1,False,,,,
41,0.8888888888888888,1,False,,,,
42,0.8888888888888888,1,False,,,,
43,0.8888888888888888,1,False,,,,
44,0.8888888888888888,1,False,,,,
45,0.8888888888888888,1,False,,,,
46,0.7777777777777778,2,False,,,,
47,0.7777777777777778,2,False,,,,
48,0.7777777777777778,2,False,,,,
49,0.7777777777777778,2,False,,,,
50,0.7777777777777778,2,False,,,,
51,0.7777777777777778,2,False,,,,
52,0.7777777777777778,2,False,,,,
53,0.7777777777777778,2,False,,,,
54,0.7777777777777778,2,False,,,,
55,0.7777777777777778,2,False,,,,
56,0.7777777777777778,2,False,,,,
57,0.8888888888888888,1,False,,,,
58,0.8888888888888888,1,False,,,,
59,0.8888888888888888,1,False,,,,
60,0.8888888888888888,1,False,,,,
61,0.8888888888888888,1,False,,,,
62,0.8888888888888888,1,False,,,,
63,0.8888888888888888,1,False,,,,
64,0.7777777777777778,2,False,,,,
65,0.7777777777777778,2,False,,,,
66,0.7777777777777778,2,False,,,,
67,0.7777777777777778,2,False,,,,
68,0.7777777777777778,2,False,,,,
69,0.7777777777777778,2,False,,,,
70,0.7777777777777778,2,False,,,,
71,0.7777777777777778,2,False,,,,
72,0.7777777777777778,2,False,,,,
73,0.7777777777777778,2,False,,,,
74,0.7777777777777778,2,False,,,,
75,0.7777777777777778,2,False,,,,
76,0.8888888888888888,1,False,,,,
77,0.8888888888888888,1,False,,,,
78,0.8888888888888888,1,False,,,,
79,0.8888888888888888,1,False,,,,
80,0.8888888888888888,1,False,,,,
81,0.8888888888888888,1,False,,,,
82,0.8888888888888888,1,False,,,,
83,0.8888888888888888,1,False,,,,
84,0.8888888888888888,1,False,,,,
85,0.8888888888888888,1,False,,,,
86,0.8888888888888888,1,False,,,,
87,0.8888888888888888,1,False,,,,
88,0.8888888888888888,1,False,,,,
89,0.8888888888888888,1,False,,,,
90,0.8888888888888888,1,False,,,,
91,0.8888888888888888,1,False,,,,
92,0.8888888888888888,1,False,,,,
93,0.8888888888888888,1,False,,,,
94,0.8888888888888888,1,False,,,,
95,0.8888888888888888,1,False,,,,
96,0.8888888888888888,1,False,,,,
97,0.8888888888888888,1,False,,,,
98,0.8888888888888888,1,False,,,,
99,0.8888888888888888,1,False,,,,
100,0.8888888888888888,1,False,,,,
101,0.8888888888888888,1,False,,,,
102,0.8888888888888888,1,False,,,,
103,0.8888888888888888,1,False,,,,
104,0.8888888888888888,1,False,,,,
105,0.7777777777777778,2,False,,,,
106,0.7777777777777778,2,False,,,,
107,0.7777777777777778,2,False,,,,
108,0.7777777777777778,2,False,,,,
109,0.7777777777777778,2,False,,,,
110,0.7777777777777778,2,False,,,,
111,0.7777777777777778,2,False,,,,
112,0.7777777777777778,2,False,,,,
113,0.7777777777777778,2,False,,,,
114,0.7777777777777778,2,False,,,,
115,0.7777777777777778,2,False,,,,
116,0.7777777777777778,2,False,,,,
117,0.7777777777777778,2,False,,,,
118,0.7777777777777778,2,False,,,,
119,0.7777777777777778,2,False,,,,
120,0.7777777777777778,2,False,,,,
121,0.7777777777777778,2,False,,,,
122,0.7777777777777778,2,False,,,,
123,0.8888888888888888,1,False,,,,
124,0.8888888888888888,1,False,,,,
125,0.8888888888888888,1,False,,,,
126,0.8888888888888888,1,False,,,,
127,0.8888888888888888,1,False,,,,
128,0.8888888888888888,1,False,,,,
129,0.8888888888888888,1,False,,,,
130,0.8888888888888888,1,False,,,,
131,0.8888888888888888,1,False,,,,
132,0.8888888888888888,1,False,,,,
133,0.8888888888888888,1,False,,,,
134,0.8888888888888888,1,False,,,,
135,0.8888888888888888,1,False,,,,
136,0.8888888888888888,1,False,,,,
137,0.8888888888888888,1,False,,,,
138,0.8888888888888888,1,False,,,,
139,0.8888888888888888,1,False,,,,
140,0.8888888888888888,1,False,,,,
141,0.8888888888888888,1,False,,,,
142,0.8888888888888888,1,False,,,,
143,0.8888888888888888,1,False,,,,
144,0.8888888888888888,1,False,,,,
145,0.8888888888888888,1,False,,,,
146,0.8888888888888888,1,False,,,,
147,0.8888888888888888,1,False,,,,
148,0.8888888888888888,1,False,,,,
149,0.8888888888888888,1,False,,,,
150,0.8888888888888888,1,False,,,,
151,0.8888888888888888,1,False,,,,
152,0.8888888888888888,1,False,,,,
153,0.8888888888888888,1,False,,,,
154,0.8888888888888888,1,False,,,,
155,0.8888888888888888,1,False,,,,
156,0.8888888888888888,1,False,,,,
157,0.8888888888888888,1,False,,,,
158,0.8888888888888888,1,False,,,,
159,0.8888888888888888,1,False,,,,
160,0.8888888888888888,1,False,,,,
161,0.8888888888888888,1,False,,,,
162,0.8888888888888888,1,False,,,,
163,0.8888888888888888,1,False,,,,
164,0.8888888888888888,1,False,,,,
165,0.8888888888888888,1,False,,,,
166,0.8888888888888888,1,False,,,,
167,0.8888888888888888,1,False,,,,
168,0.8888888888888888,1,False,,,,
169,0.8888888888888888,1,False,,,,
170,0.8888888888888888,1,False,,,,
171,0.8888888888888888,1,False,,,,
172,0.8888888888888888,1,False,,,,
173,0.8888888888888888,1,False,,,,
174,0.8888888888888888,1,False,,,,
175,0.8888888888888888,1,False,,,,
176,0.8888888888888888,1,False,,,,
177,0.8888888888888888,1,False,,,,
178,0.8888888888888888,1,False,,,,
179,0.8888888888888888,1,False,,,,
180,0.8888888888888888,1,False,,,,
181,0.8888888888888888,1,False,,,,
182,0.8888888888888888,1,False,,,,
183,0.8888888888888888,1,False,,,,
184,0.8888888888888888,1,False,,,,
185,0.8888888888888888,1,False,,,,
186,0.8888888888888888,1,False,,,,
187,0.8888888888888888,1,False,,,,
188,0.8888888888888888,1,False,,,,
189,0.8888888888888888,1,False,,,,
190,0.8888888888888888,1,False,,,,
191,0.8888888888888888,1,False,,,,
192,0.8888888888888888,1,False,,,,
193,0.8888888888888888,1,False,,,,
194,0.8888888888888888,1,False,,,,
195,0.8888888888888888,1,False,,,,
196,0.8888888888888888,1,False,,,,
197,0.8888888888888888,1,False,,,,
198,0.8888888888888888,1,False,,,,
199,0.8888888888888888,1,False,,,,
200,0.8888888888888888,1,False,,,,
201,0.8888888888888888,1,False,,,,
202,0.8888888888888888,1,False,,,,
203,0.8888888888888888,1,False,,,,
204,0.8888888888888888,1,False,,,,
205,0.8888888888888888,1,False,,,,
206,0.8888888888888888,1,False,,,,
207,0.8888888888888888,1,False,,,,
208,0.8888888888888888,1,False,,,,
209,0.8888888888888888,1,False,,,,
210,0.8888888888888888,1,False,,,,
211,0.8888888888888888,1,False,,,,
212,0.8888888888888888,1,False,,,,
213,0.8888888888888888,1,False,,,,
214,0.8888888888888888,1,False,,,,
215,0.8888888888888888,1,False,,,,
216,0.8888888888888888,1,False,,,,
217,0.8888888888888888,1,False,,,,
218,0.8888888888888888,1,False,,,,
219,0.8888888888888888,1,False,,,,
220,0.8888888888888888,1,False,,,,
221,0.8888888888888888,1,False,,,,
222,0.8888888888888888,1,False,,,,
223,0.8888888888888888,1,False,,,,
224,0.7777777777777778,2,False,,,,
225,0.7777777777777778,2,False,,,,
226,0.7777777777777778,2,False,,,,
227,0.7777777777777778,2,False,,,,
228,0.7777777777777778,2,False,,,,
229,0.7777777777777778,2,False,,,,
230,0.7777777777777778,2,False,,,,
231,0.7777777777777778,2,False,,,,
232,0.7777777777777778,2,False,,,,
233,0.7777777777777778,2,False,,,,
234,0.7777777777777778,2,False,,,,
235,0.7777777777777778,2,False,,,,
236,0.7777777777777778,2,False,,,,
237,0.7777777777777778,2,False,,,,
238,0.7777777777777778,2,False,,,,
239,0.7777777777777778,2,False,,,,
240,0.7777777777777778,2,False,,,,
241,0.7777777777777778,2,False,,,,
242,0.7777777777777778,2,False,,,,
243,0.7777777777777778,2,False,,,,
244,0.7777777777777778,2,False,,,,
245,0.7777777777777778,2,False,,,,
246,0.7777777777777778,2,False,,,,
247,0.7777777777777778,2,False,,,,
248,0.7777777777777778,2,False,,,,
249,0.7777777777777778,2,False,,,,
250,0.7777777777777778,2,False,,,,
251,0.7777777777777778,2,False,,,,
252,0.7777777777777778,2,False,,,,
253,0.7777777777777778,2,False,,,,
254,0.7777777777777778,2,False,,,,
255,0.8888888888888888,1,False,,,,
256,0.8888888888888888,1,False,,,,
257,0.8888888888888888,1,False,,,,
258,0.8888888888888888,1,False,,,,
259,0.8888888888888888,1,False,,,,
260,0.8888888888888888,1,False,,,,
261,0.8888888888888888,1,False,,,,
262,0.8888888888888888,1,False,,,,
263,0.8888888888888888,1,False,,,,
264,0.8888888888888888,1,False,,,,
265,0.8888888888888888,1,False,,,,
266,0.8888888888888888,1,False,,,,
267,0.8888888888888888,1,False,,,,
268,0.8888888888888888,1,False,,,,
269,0.8888888888888888,1,False,,,,
270,0.8888888888888888,1,False,,,,
271,0.8888888888888888,1,False,,,,
272,0.8888888888888888,1,False,,,,
273,0.8888888888888888,1,False,,,,
274,0.8888888888888888,1,False,,,,
275,0.8888888888888888,1,False,,,,
276,0.7777777777777778,2,False,,,,
277,0.7777777777777778,2,False,,,,
278,0.7777777777777778,2,False,,,,
279,0.7777777777777778,2,False,,,,
280,0.7777777777777778,2,False,,,,
281,0.7777777777777778,2,False,,,,
282,0.7777777777777778,2,False,,,,
283,0.7777777777777778,2,False,,,,
284,0.7777777777777778,2,False,,,,
285,0.7777777777777778,2,False,,,,
286,0.8888888888888888,1,False,,,,
287,0.8888888888888888,1,False,,,,
288,0.8888888888888888,1,False,,,,
289,0.8888888888888888,1,False,,,,
290,0.8888888888888888,1,False,,,,
291,0.7777777777777778,2,False,,,,
292,0.7777777777777778,2,False,,,,
293,0.7777777777777778,2,False,,,,
294,0.7777777777777778,2,False,,,,
295,0.7777777777777778,2,False,,,,
296,0.7777777777777778,2,False,,,,
297,0.7777777777777778,2,False,,,,
298,0.7777777777777778,2,False,,,,
299,0.7777777777777778,2,False,,,,
300,0.7777777777777778,2,False,,,,
301,0.7777777777777778,2,False,,,,
302,0.7777777777777778,2,False,,,,
303,0.7777777777777778,2,False,,,,
304,0.7777777777777778,2,False,,,,
305,0.7777777777777778,2,False,,,,
306,0.7777777777777778,2,False,,,,
307,0.7777777777777778,2,False,,,,
308,0.7777777777777778,2,False,,,,
309,0.7777777777777778,2,False,,,,
310,0.7777777777777778,2,False,,,,
311,0.7777777777777778,2,False,,,,
312,0.7777777777777778,2,False,,,,
313,0.7777777777777778,2,False,,,,
314,0.7777777777777778,2,False,,,,
315,0.7777777777777778,2,False,,,,
316,0.8888888888888888,1,False,,,,
317,0.8888888888888888,1,False,,,,
318,0.8888888888888888,1,False,,,,
319,0.8888888888888888,1,False,,,,
320,0.8888888888888888,1,False,,,,
321,0.8888888888888888,1,False,,,,
322,0.8888888888888888,1,False,,,,
323,0.8888888888888888,1,False,,,,
324,0.8888888888888888,1,False,,,,
325,0.7777777777777778,2,False,,,,
326,0.7777777777777778,2,False,,,,
327,0.7777777777777778,2,False,,,,
328,0.7777777777777778,2,False,,,,
329,0.7777777777777778,2,False,,,,
330,0.7777777777777778,2,False,,,,
331,0.7777777777777778,2,False,,,,
332,0.7777777777777778,2,False,,,,
333,0.7777777777777778,2,False,,,,
334,0.7777777777777778,2,False,,,,
335,0.7777777777777778,2,False,,,,
336,0.7777777777777778,2,False,,,,
337,0.7777777777777778,2,False,,,,
338,0.8888888888888888,1,False,,,,
339,0.8888888888888888,1,False,,,,
340,0.8888888888888888,1,False,,,,
341,0.8888888888888888,1,False,,,,
342,0.8888888888888888,1,False,,,,
343,0.8888888888888888,1,False,,,,
344,0.8888888888888888,1,False,,,,
345,0.8888888888888888,1,False,,,,
346,0.7777777777777778,2,False,,,,
347,0.7777777777777778,2,False,,,,
348,0.7777777777777778,2,False,,,,
349,0.7777777777777778,2,False,,,,
350,0.7777777777777778,2,False,,,,
351,0.7777777777777778,2,False,,,,
352,0.7777777777777778,2,False,,,,
353,0.7777777777777778,2,False,,,,
354,0.7777777777777778,2,False,,,,
355,0.7777777777777778,2,False,,,,
356,0.7777777777777778,2,False,,,,
357,0.7777777777777778,2,False,,,,
358,0.7777777777777778,2,False,,,,
359,0.7777777777777778,2,False,,,,
360,0.7777777777777778,2,False,,,,
361,0.7777777777777778,2,False,,,,
362,0.7777777777777778,2,False,,,,
363,0.7777777777777778,2,False,,,,
364,0.7777777777777778,2,False,,,,
365,0.7777777777777778,2,False,,,,
366,0.7777777777777778,2,False,,,,
367,0.7777777777777778,2,False,,,,
368,0.7777777777777778,2,False,,,,
369,0.7777777777777778,2,False,,,,
370,0.7777777777777778,2,False,,,,
371,0.7777777777777778,2,False,,,,
372,0.7777777777777778,2,False,,,,
373,0.7777777777777778,2,False,,,,
374,0.7777777777777778,2,False,,,,
375,0.7777777777777778,2,False,,,,
376,0.7777777777777778,2,False,,,,
377,0.8888888888888888,1,False,,,,
378,0.8888888888888888,1,False,,,,
379,0.8888888888888888,1,False,,,,
380,0.8888888888888888,1,False,,,,
381,0.8888888888888888,1,False,,,,
382,0.7777777777777778,2,False,,,,
383,0.7777777777777778,2,False,,,,
384,0.7777777777777778,2,False,,,,
385,0.7777777777777778,2,False,,,,
386,0.7777777777777778,2,False,,,,
387,0.7777777777777778,2,False,,,,
388,0.7777777777777778,2,False,,,,
389,0.7777777777777778,2,False,,,,
390,0.7777777777777778,2,False,,,,
391,0.7777777777777778,2,False,,,,
392,0.7777777777777778,2,False,,,,
393,0.7777777777777778,2,False,,,,
394,0.7777777777777778,2,False,,,,
395,0.7777777777777778,2,False,,,,
396,0.7777777777777778,2,False,,,,
397,0.7777777777777778,2,False,,,,
398,0.7777777777777778,2,False,,,,
399,0.7777777777777778,2,False,,,,
400,0.8888888888888888,1,False,,,,
401,0.8888888888888888,1,False,,,,
402,0.8888888888888888,1,False,,,,
403,0.8888888888888888,1,False,,,,
404,0.8888888888888888,1,False,,,,
405,0.8888888888888888,1,False,,,,
406,0.8888888888888888,1,False,,,,
407,0.8888888888888888,1,False,,,,
408,0.8888888888888888,1,False,,,,
409,0.8888888888888888,1,False,,,,
410,0.8888888888888888,1,False,,,,
411,0.8888888888888888,1,False,,,,
412,0.8888888888888888,1,False,,,,
413,0.8888888888888888,1,False,,,,
414,0.8888888888888888,1,False,,,,
415,0.7777777777777778,2,False,,,,
416,0.7777777777777778,2,False,,,,
417,0.7777777777777778,2,False,,,,
418,0.7777777777777778,2,False,,,,
419,0.7777777777777778,2,False,,,,
420,0.7777777777777778,2,False,,,,
421,0.7777777777777778,2,False,,,,
422,0.7777777777777778,2,False,,,,
423,0.7777777777777778,2,False,,,,
424,0.7777777777777778,2,False,,,,
425,0.7777777777777778,2,False,,,,
426,0.7777777777777778,2,False,,,,
427,0.7777777777777778,2,False,,,,
428,0.7777777777777778,2,False,,,,
429,0.8888888888888888,1,False,,,,
430,0.7777777777777778,2,False,,,,
431,0.7777777777777778,2,False,,,,
432,0.7777777777777778,2,False,,,,
433,0.7777777777777778,2,False,,,,
434,0.7777777777777778,2,False,,,,
435,0.7777777777777778,2,False,,,,
436,0.7777777777777778,2,False,,,,
437,0.7777777777777778,2,False,,,,
438,0.8888888888888888,1,False,,,,
439,0.8888888888888888,1,False,,,,
440,0.8888888888888888,1,False,,,,
441,0.7777777777777778,2,False,,,,
442,0.7777777777777778,2,False,,,,
443,0.7777777777777778,2,False,,,,
444,0.8888888888888888,1,False,,,,
445,0.7777777777777778,2,False,,,,
446,0.7777777777777778,2,False,,,,
447,0.7777777777777778,2,False,,,,
448,0.7777777777777778,2,False,,,,
449,0.7777777777777778,2,False,,,,
450,0.7777777777777778,2,False,,,,
451,0.7777777777777778,2,False,,,,
452,0.7777777777777778,2,False,,,,
453,0.7777777777777778,2,False,,,,
454,0.7777777777777778,2,False,,,,
455,0.7777777777777778,2,False,,,,
456,0.8888888888888888,1,False,,,,
457,0.8888888888888888,1,False,,,,
458,0.8888888888888888,1,False,,,,
459,0.6666666666666666,3,False,,,,
460,0.6666666666666666,3,False,,,,
461,0.6666666666666666,3,False,,,,
462,0.6666666666666666,3,False,,,,
463,0.6666666666666666,3,False,,,,
464,0.6666666666666666,3,False,,,,
465,0.7777777777777778,2,False,,,,
466,0.6666666666666666,3,False,,,,
467,0.6666666666666666,3,False,,,,
468,0.6666666666666666,3,False,,,,
469,0.6666666666666666,3,False,,,,
470,0.6666666666666666,3,False,,,,
471,0.6666666666666666,3,False,,,,
472,0.6666666666666666,3,False,,,,
473,0.7777777777777778,2,False,,,,
474,0.8888888888888888,1,False,,,,
475,0.6666666666666666,3,False,,,,
476,0.6666666666666666,3,False,,,,
477,0.6666666666666666,3,False,,,,
478,0.6666666666666666,3,False,,,,
479,0.6666666666666666,3,False,,,,
480,0.6666666666666666,3,False,,,,
481,0.6666666666666666,3,False,,,,
482,0.6666666666666666,3,False,,,,
483,0.6666666666666666,3,False,,,,
484,0.6666666666666666,3,False,,,,
485,0.6666666666666666,3,False,,,,
486,0.6666666666666666,3,False,,,,
487,0.6666666666666666,3,False,,,,
488,0.6666666666666666,3,False,,,,
489,0.6666666666666666,3,False,,,,
490,0.7777777777777778,2,False,,,,
491,0.7777777777777778,2,False,,,,
492,0.8888888888888888,1,False,,,,
493,0.8888888888888888,1,False,,,,
494,0.7777777777777778,2,False,,,,
495,0.6666666666666666,3,False,,,,
496,0.6666666666666666,3,False,,,,
497,0.6666666666666666,3,False,,,,
498,0.6666666666666666,3,False,,,,
499,0.6666666666666666,3,False,,,,
500,0.6666666666666666,3,False,,,,
501,0.6666666666666666,3,False,,,,
502,0.6666666666666666,3,False,,,,
503,0.6666666666666666,3,False,,,,
504,0.6666666666666666,3,False,,,,
505,0.6666666666666666,3,False,,,,
506,0.6666666666666666,3,False,,,,
507,0.6666666666666666,3,False,,,,
508,0.6666666666666666,3,False,,,,
509,0.6666666666666666,3,False,,,,
510,0.6666666666666666,3,False,,,,
511,0.6666666666666666,3,False,,,,
512,0.6666666666666666,3,False,,,,
513,0.6666666666666666,3,False,,,,
514,0.6666666666666666,3,False,,,,
515,0.7777777777777778,2,False,,,,
516,0.7777777777777778,2,False,,,,
517,0.6666666666666666,3,False,,,,
518,0.6666666666666666,3,False,,,,
519,0.7777777777777778,2,False,,,,
520,0.7777777777777778,2,False,,,,
521,0.7777777777777778,2,False,,,,
522,0.7777777777777778,2,False,,,,
523,0.7777777777777778,2,False,,,,
524,0.7777777777777778,2,False,,,,
525,0.7777777777777778,2,False,,,,
526,0.7777777777777778,2,False,,,,
527,0.7777777777777778,2,False,,,,
528,0.7777777777777778,2,False,,,,
529,0.7777777777777778,2,False,,,,
530,0.7777777777777778,2,False,,,,
531,0.7777777777777778,2,False,,,,
532,0.7777777777777778,2,False,,,,
533,0.7777777777777778,2,False,,,,
534,0.7777777777777778,2,False,,,,
535,0.6666666666666666,3,False,,,,
536,0.6666666666666666,3,False,,,,
537,0.6666666666666666,3,False,,,,
538,0.6666666666666666,3,False,,,,
539,0.6666666666666666,3,False,,,,
540,0.6666666666666666,3,False,,,,
541,0.6666666666666666,3,False,,,,
542,0.6666666666666666,3,False,,,,
543,0.6666666666666666,3,False,,,,
544,0.6666666666666666,3,False,,,,
545,0.6666666666666666,3,False,,,,
546,0.6666666666666666,3,False,,,,
547,0.6666666666666666,3,False,,,,
548,0.6666666666666666,3,False,,,,
549,0.6666666666666666,3,False,,,,
550,0.6666666666666666,3,False,,,,
551,0.6666666666666666,3,False,,,,
552,0.6666666666666666,3,False,,,,
553,0.6666666666666666,3,False,,,,
554,0.6666666666666666,3,False,,,,
555,0.6666666666666666,3,False,,,,
556,0.6666666666666666,3,False,,,,
557,0.7777777777777778,2,False,,,,
558,0.8888888888888888,1,False,,,,
559,0.8888888888888888,1,False,,,,
560,0.8888888888888888,1,False,,,,
561,0.8888888888888888,1,False,,,,
562,0.8888888888888888,1,False,,,,
563,0.7777777777777778,2,False,,,,
564,0.7777777777777778,2,False,,,,
565,0.7777777777777778,2,False,,,,
566,0.7777777777777778,2,False,,,,
567,0.6666666666666666,3,False,,,,
568,0.6666666666666666,3,False,,,,
569,0.6666666666666666,3,False,,,,
570,0.6666666666666666,3,False,,,,
571,0.6666666666666666,3,False,,,,
572,0.6666666666666666,3,False,,,,
573,0.6666666666666666,3,False,,,,
574,0.6666666666666666,3,False,,,,
575,0.6666666666666666,3,False,,,,
576,0.6666666666666666,3,False,,,,
577,0.6666666666666666,3,False,,,,
578,0.7777777777777778,2,False,,,,
579,0.7777777777777778,2,False,,,,
580,0.7777777777777778,2,False,,,,
581,0.7777777777777778,2,False,,,,
582,0.7777777777777778,2,False,,,,
583,0.7777777777777778,2,False,,,,
584,0.7777777777777778,2,False,,,,
585,0.7777777777777778,2,False,,,,
586,0.7777777777777778,2,False,,,,
587,0.7777777777777778,2,False,,,,
588,0.7777777777777778,2,False,,,,
589,0.7777777777777778,2,False,,,,
590,0.7777777777777778,2,False,,,,
591,0.7777777777777778,2,False,,,,
592,0.7777777777777778,2,False,,,,
593,0.6666666666666666,3,False,,,,
594,0.6666666666666666,3,False,,,,
595,0.6666666666666666,3,False,,,,
596,0.6666666666666666,3,False,,,,
597,0.6666666666666666,3,False,,,,
598,0.6666666666666666,3,False,,,,
599,0.6666666666666666,3,False,,,,
600,0.6666666666666666,3,False,,,,
601,0.6666666666666666,3,False,,,,
602,0.7777777777777778,2,False,,,,
603,0.7777777777777778,2,False,,,,
604,0.7777777777777778,2,False,,,,
605,0.7777777777777778,2,False,,,,
606,0.7777777777777778,2,False,,,,
607,0.7777777777777778,2,False,,,,
608,0.7777777777777778,2,False,,,,
609,0.7777777777777778,2,False,,,,
610,0.7777777777777778,2,False,,,,
611,0.7777777777777778,2,False,,,,
612,0.7777777777777778,2,False,,,,
613,0.7777777777777778,2,False,,,,
614,0.8888888888888888,1,False,,,,
615,0.8888888888888888,1,False,,,,
616,0.8888888888888888,1,False,,,,
617,0.8888888888888888,1,False,,,,
618,0.8888888888888888,1,False,,,,
619,0.8888888888888888,1,False,,,,
620,0.8888888888888888,1,False,,,,
621,0.8888888888888888,1,False,,,,
622,0.8888888888888888,1,False,,,,
623,0.8888888888888888,1,False,,,,
624,0.7777777777777778,2,False,,,,
625,0.7777777777777778,2,False,,,,
626,0.6666666666666666,3,False,,,,
627,0.6666666666666666,3,False,,,,
628,0.6666666666666666,3,False,,,,
629,0.6666666666666666,3,False,,,,
630,0.6666666666666666,3,False,,,,
631,0.6666666666666666,3,False,,,,
632,0.6666666666666666,3,False,,,,
633,0.6666666666666666,3,False,,,,
634,0.6666666666666666,3,False,,,,
635,0.6666666666666666,3,False,,,,
636,0.6666666666666666,3,False,,,,
637,0.6666666666666666,3,False,,,,
638,0.6666666666666666,3,False,,,,
639,0.6666666666666666,3,False,,,,
640,0.6666666666666666,3,False,,,,
641,0.6666666666666666,3,False,,,,
642,0.6666666666666666,3,False,,,,
643,0.6666666666666666,3,False,,,,
644,0.6666666666666666,3,False,,,,
645,0.8888888888888888,1,False,,,,
646,0.8888888888888888,1,False,,,,
647,0.8888888888888888,1,False,,,,
648,0.6666666666666666,3,False,,,,
649,0.6666666666666666,3,False,,,,
650,0.6666666666666666,3,False,,,,
651,0.6666666666666666,3,False,,,,
652,0.6666666666666666,3,False,,,,
653,0.6666666666666666,3,False,,,,
654,0.6666666666666666,3,False,,,,
655,0.6666666666666666,3,False,,,,
656,0.6666666666666666,3,False,,,,
657,0.6666666666666666,3,False,,,,
658,0.6666666666666666,3,False,,,,
659,0.8888888888888888,1,False,,,,
660,0.7777777777777778,2,False,,,,
661,0.7777777777777778,2,False,,,,
662,0.6666666666666666,3,False,,,,
663,0.6666666666666666,3,False,,,,
664,0.6666666666666666,3,False,,,,
665,0.6666666666666666,3,False,,,,
666,0.6666666666666666,3,False,,,,
667,0.6666666666666666,3,False,,,,
668,0.6666666666666666,3,False,,,,
669,0.6666666666666666,3,False,,,,
670,0.6666666666666666,3,False,,,,
671,0.6666666666666666,3,False,,,,
672,0.6666666666666666,3,False,,,,
673,0.6666666666666666,3,False,,,,
674,0.6666666666666666,3,False,,,,
675,0.6666666666666666,3,False,,,,
676,0.6666666666666666,3,False,,,,
677,0.6666666666666666,3,False,,,,
678,0.6666666666666666,3,False,,,,
679,0.6666666666666666,3,False,,,,
680,0.6666666666666666,3,False,,,,
681,0.6666666666666666,3,False,,,,
682,0.6666666666666666,3,False,,,,
683,0.6666666666666666,3,False,,,,
684,0.6666666666666666,3,False,,,,
685,0.6666666666666666,3,False,,,,
686,0.6666666666666666,3,False,,,,
687,0.6666666666666666,3,False,,,,
688,0.6666666666666666,3,False,,,,
689,0.6666666666666666,3,False,,,,
690,0.6666666666666666,3,False,,,,
691,0.6666666666666666,3,False,,,,
692,0.6666666666666666,3,False,,,,
693,0.6666666666666666,3,False,,,,
694,0.6666666666666666,3,False,,,,
695,0.6666666666666666,3,False,,,,
696,0.7777777777777778,2,False,,,,
697,0.8888888888888888,1,False,,,,
698,0.8888888888888888,1,False,,,,
699,0.8888888888888888,1,False,,,,
700,0.8888888888888888,1,False,,,,
701,0.8888888888888888,1,False,,,,
702,0.7777777777777778,2,False,,,,
703,0.7777777777777778,2,False,,,,
704,0.7777777777777778,2,False,,,,
705,0.7777777777777778,2,False,,,,
706,0.7777777777777778,2,False,,,,
707,0.7777777777777778,2,False,,,,
708,0.7777777777777778,2,False,,,,
709,0.7777777777777778,2,False,,,,
710,0.7777777777777778,2,False,,,,
711,0.7777777777777778,2,False,,,,
712,0.7777777777777778,2,False,,,,
713,0.7777777777777778,2,False,,,,
714,0.7777777777777778,2,False,,,,
715,0.7777777777777778,2,False,,,,
716,0.7777777777777778,2,False,,,,
717,0.7777777777777778,2,False,,,,
718,0.7777777777777778,2,False,,,,
719,0.7777777777777778,2,False,,,,
720,0.7777777777777778,2,False,,,,
721,0.7777777777777778,2,False,,,,
722,0.7777777777777778,2,False,,,,
723,0.7777777777777778,2,False,,,,
724,0.7777777777777778,2,False,,,,
725,0.7777777777777778,2,False,,,,
726,0.7777777777777778,2,False,,,,
727,0.7777777777777778,2,False,,,,
728,0.7777777777777778,2,False,,,,
729,0.8888888888888888,1,False,,,,
730,0.8888888888888888,1,False,,,,
731,0.8888888888888888,1,False,,,,
732,0.8888888888888888,1,False,,,,
733,0.8888888888888888,1,False,,,,
734,0.7777777777777778,2,False,,,,
735,0.7777777777777778,2,False,,,,
736,0.7777777777777778,2,False,,,,
737,0.8888888888888888,1,False,,,,
738,0.7777777777777778,2,False,,,,
739,0.7777777777777778,2,False,,,,
740,0.7777777777777778,2,False,,,,
741,0.7777777777777778,2,False,,,,
742,0.7777777777777778,2,False,,,,
743,0.7777777777777778,2,False,,,,
744,0.7777777777777778,2,False,,,,
745,0.7777777777777778,2,False,,,,
746,0.7777777777777778,2,False,,,,
747,0.7777777777777778,2,False,,,,
748,0.7777777777777778,2,False,,,,
749,0.7777777777777778,2,False,,,,
750,0.7777777777777778,2,False,,,,
751,0.7777777777777778,2,False,,,,
752,0.7777777777777778,2,False,,,,
753,0.7777777777777778,2,False,,,,
754,0.7777777777777778,2,False,,,,
755,0.8888888888888888,1,False,,,,
756,0.8888888888888888,1,False,,,,
757,0.6666666666666666,3,False,,,,
758,0.6666666666666666,3,False,,,,
759,0.6666666666666666,3,False,,,,
760,0.6666666666666666,3,False,,,,
761,0.6666666666666666,3,False,,,,
762,0.6666666666666666,3,False,,,,
763,0.6666666666666666,3,False,,,,
764,0.6666666666666666,3,False,,,,
765,0.5555555555555556,4,False,,,,
766,0.5555555555555556,4,False,,,,
767,0.5555555555555556,4,False,,,,
768,0.5555555555555556,4,False,,,,
769,0.5555555555555556,4,False,,,,
770,0.5555555555555556,4,False,,,,
771,0.5555555555555556,4,False,,,,
772,0.5555555555555556,4,False,,,,
773,0.5555555555555556,4,False,,,,
774,0.5555555555555556,4,False,,,,
775,0.4444444444444444,5,True,0.20666666666666667,0.4,0.11331711999846616,1.9219280948873623
776,0.5555555555555556,4,False,,,,
777,0.5555555555555556,4,False,,,,
778,0.5555555555555556,4,False,,,,
779,0.5555555555555556,4,False,,,,
780,0.5555555555555556,4,False,,,,
781,0.5555555555555556,4,False,,,,
782,0.5555555555555556,4,False,,,,
783,0.5555555555555556,4,False,,,,
784,0.6666666666666666,3,False,,,,
785,0.5555555555555556,4,False,,,,
786,0.5555555555555556,4,False,,,,
787,0.5555555555555556,4,False,,,,
788,0.5555555555555556,4,False,,,,
789,0.5555555555555556,4,False,,,,
790,0.5555555555555556,4,False,,,,
791,0.3333333333333333,6,True,0.2,0.16666666666666666,0.05904160991070073,2.584962500721156
792,0.8888888888888888,1,False,,,,
793,0.8888888888888888,1,False,,,,
794,0.8888888888888888,1,False,,,,
795,0.8888888888888888,1,False,,,,
796,0.8888888888888888,1,False,,,,
797,0.8888888888888888,1,False,,,,
798,0.8888888888888888,1,False,,,,
799,0.8888888888888888,1,False,,,,
800,0.8888888888888888,1,False,,,,
801,0.8888888888888888,1,False,,,,
802,0.8888888888888888,1,False,,,,
803,0.8888888888888888,1,False,,,,
804,0.8888888888888888,1,False,,,,
805,0.8888888888888888,1,False,,,,
806,0.8888888888888888,1,False,,,,
807,0.8888888888888888,1,False,,,,
808,0.8888888888888888,1,False,,,,
809,0.8888888888888888,1,False,,,,
810,1.0,0,False,,,,
811,1.0,0,False,,,,
812,1.0,0,False,,,,
813,1.0,0,False,,,,
814,1.0,0,False,,,,
815,1.0,0,False,,,,
816,1.0,0,False,,,,
817,1.0,0,False,,,,
818,1.0,0,False,,,,
819,1.0,0,False,,,,
820,1.0,0,False,,,,
821,1.0,0,False,,,,
822,1.0,0,False,,,,
823,1.0,0,False,,,,
824,1.0,0,False,,,,
825,1.0,0,False,,,,
826,1.0,0,False,,,,
827,1.0,0,False,,,,
828,1.0,0,False,,,,
829,1.0,0,False,,,,
830,0.8888888888888888,1,False,,,,
831,0.3333333333333333,6,True,0.17333333333333334,0.16666666666666666,0.05904160991070073,2.584962500721156
832,0.3333333333333333,6,True,0.23555555555555555,0.3333333333333333,0.05373481277819914,1.9182958340544893
833,0.2222222222222222,7,True,0.21587301587301588,0.14285714285714285,0.017432406926636723,2.807354922057604
834,0.2222222222222222,7,True,0.19365079365079366,0.2857142857142857,0.029164237274183935,2.5216406363433186
835,0.2222222222222222,7,True,0.18730158730158727,0.14285714285714285,0.017432406926636723,2.807354922057604
836,0.2222222222222222,7,True,0.15238095238095237,0.14285714285714285,0.017432406926636723,2.807354922057604
837,0.2222222222222222,7,True,0.1746031746031746,0.2857142857142857,0.029164237274183935,2.5216406363433186
838,0.2222222222222222,7,True,0.2634920634920635,0.42857142857142855,0.06405530255413405,2.128085278891394
839,0.2222222222222222,7,True,0.20634920634920637,0.2857142857142857,0.031607485958777604,2.2359263506290326
840,0.2222222222222222,7,True,0.21904761904761905,0.2857142857142857,0.029164237274183935,2.5216406363433186
841,0.2222222222222222,7,True,0.18730158730158727,0.14285714285714285,0.017432406926636723,2.807354922057604
842,0.1111111111111111,8,True,0.17619047619047618,0.25,0.017432406926636723,2.75
843,0.1111111111111111,8,True,0.1904761904761905,0.25,0.017432406926636723,2.75
844,0.1111111111111111,8,True,0.2642857142857143,0.375,0.06405530255413405,2.1556390622295662
845,0.1111111111111111,8,True,0.5166666666666667,0.75,0.22749311428573982,0.8112781244591328
846,0.1111111111111111,8,True,0.48333333333333334,0.875,0.3776340271255507,0.5435644431995964
847,0.1111111111111111,8,True,0.5166666666666667,0.75,0.22749311428573982,0.8112781244591328
848,0.1111111111111111,8,True,0.3404761904761905,0.625,0.19034316658358497,1.5487949406953985
849,0.1111111111111111,8,True,0.4357142857142857,0.625,0.19034316658358497,1.5487949406953985
850,0.1111111111111111,8,True,0.46904761904761905,0.75,0.2766916661858959,1.061278124459133
851,0.1111111111111111,8,True,0.4095238095238095,0.75,0.2766916661858959,1.061278124459133
852,0.1111111111111111,8,True,0.43333333333333335,0.875,0.3776340271255507,0.5435644431995964
853,0.1111111111111111,8,True,0.5166666666666667,0.875,0.3776340271255507,0.5435644431995964
854,0.0,9,True,0.42037037037037034,0.7777777777777778,0.23579549349137974,0.7642045065086203
855,0.0,9,True,0.4037037037037037,0.6666666666666666,0.2766916661858959,1.4466166676282082
856,0.0,9,True,0.4555555555555556,0.6666666666666666,0.08170416594551044,0.9182958340544896
857,1.0,0,False,,,,
858,1.0,0,False,,,,
859,1.0,0,False,,,,
860,1.0,0,False,,,,
861,1.0,0,False,,,,
862,1.0,0,False,,,,
863,1.0,0,False,,,,
864,1.0,0,False,,,,
865,1.0,0,False,,,,
866,1.0,0,False,,,,
867,1.0,0,False,,,,
868,1.0,0,False,,,,
869,1.0,0,False,,,,
870,1.0,0,False,,,,
871,1.0,0,False,,,,
872,1.0,0,False,,,,
873,1.0,0,False,,,,
874,1.0,0,False,,,,
875,0.0,9,True,0.3555555555555555,0.5555555555555556,0.17112863674755563,1.6577427265048887
876,0.0,9,True,0.3777777777777778,0.6666666666666666,0.2766916661858959,1.4466166676282082
877,0.0,9,True,0.19814814814814816,0.4444444444444444,0.11757477645534242,2.2810361125534233
878,0.0,9,True,0.43148148148148147,0.6666666666666666,0.2766916661858959,1.4466166676282082
879,0.7777777777777778,2,False,,,,
880,0.7777777777777778,2,False,,,,
881,0.7777777777777778,2,False,,,,
882,0.0,9,True,0.34814814814814815,0.5555555555555556,0.17112863674755563,1.6577427265048887
883,0.0,9,True,0.3925925925925926,0.5555555555555556,0.19034316658358497,1.8799649487271108
884,0.0,9,True,0.34444444444444444,0.6666666666666666,0.2766916661858959,1.4466166676282082
885,0.0,9,True,0.29629629629629634,0.4444444444444444,0.11757477645534242,2.2810361125534233
886,0.0,9,True,0.2537037037037037,0.5555555555555556,0.19034316658358497,1.8799649487271108
887,0.0,9,True,0.3425925925925926,0.6666666666666666,0.2766916661858959,1.4466166676282082
888,0.0,9,True,0.548148148148148,0.8888888888888888,0.49674166522435426,0.5032583347756457
889,0.0,9,True,0.3333333333333333,0.6666666666666666,0.2766916661858959,1.4466166676282082
890,0.0,9,True,0.45185185185185184,0.7777777777777778,0.3776340271255507,0.9864267287308424
891,0.0,9,True,0.437037037037037,0.6666666666666666,0.2766916661858959,1.4466166676282082
892,0.2222222222222222,7,True,0.3936507936507937,0.7142857142857143,0.17112863674755563,1.1488348542809166
893,0.2222222222222222,7,True,0.4984126984126984,0.7142857142857143,0.17112863674755563,1.1488348542809166
894,0.2222222222222222,7,True,0.6,1.0,0.23579549349137974,0.0
895,0.2222222222222222,7,True,0.6,1.0,0.23579549349137974,0.0
896,0.2222222222222222,7,True,0.5142857142857143,0.8571428571428571,0.22749311428573982,0.5916727785823275
897,0.2222222222222222,7,True,0.5428571428571428,0.8571428571428571,0.22749311428573982,0.5916727785823275
898,0.1111111111111111,8,True,0.6,1.0,0.49674166522435426,0.0
899,0.1111111111111111,8,True,0.5333333333333333,0.875,0.3776340271255507,0.5435644431995964
900,0.1111111111111111,8,True,0.6,0.875,0.3776340271255507,0.5435644431995964
901,0.1111111111111111,8,True,0.3428571428571428,0.5,0.12364236051014776,1.4056390622295665
902,0.1111111111111111,8,True,0.48333333333333334,0.875,0.3776340271255507,0.5435644431995964
903,0.1111111111111111,8,True,0.5166666666666667,0.875,0.3776340271255507,0.5435644431995964
904,0.2222222222222222,7,True,0.35873015873015873,0.7142857142857143,0.17112863674755563,1.1488348542809166
905,0.2222222222222222,7,True,0.473015873015873,0.7142857142857143,0.17112863674755563,1.1488348542809166
906,0.1111111111111111,8,True,0.3142857142857143,0.5,0.11331711999846616,1.75
907,0.1111111111111111,8,True,0.4261904761904762,0.75,0.2766916661858959,1.061278124459133
908,0.1111111111111111,8,True,0.4095238095238095,0.625,0.19034316658358497,1.5487949406953985
909,0.1111111111111111,8,True,0.5666666666666667,0.875,0.3776340271255507,0.5435644431995964
910,0.0,9,True,0.5185185185185185,0.8888888888888888,0.49674166522435426,0.5032583347756457
911,0.1111111111111111,8,True,0.3357142857142857,0.625,0.19034316658358497,1.5487949406953985
912,0.1111111111111111,8,True,0.30952380952380953,0.625,0.17112863674755563,1.2987949406953985
913,0.1111111111111111,8,True,0.3,0.5,0.11331711999846616,1.75
914,0.0,9,True,0.39814814814814814,0.6666666666666666,0.22749311428573982,1.224394445405986
915,0.0,9,True,0.3277777777777778,0.4444444444444444,0.12364236051014776,1.7527152789797045
916,0.0,9,True,0.6666666666666666,1.0,1.0,0.0
917,0.0,9,True,0.32962962962962966,0.5555555555555556,0.19034316658358497,1.8799649487271108
918,0.0,9,True,0.4666666666666667,0.6666666666666666,0.08170416594551044,0.9182958340544896
919,0.0,9,True,0.4814814814814815,0.8888888888888888,0.49674166522435426,0.5032583347756457
920,0.0,9,True,0.4425925925925926,0.7777777777777778,0.23579549349137974,0.7642045065086203
921,0.0,9,True,0.6666666666666666,1.0,1.0,0.0
922,1.0,0,False,,,,
923,1.0,0,False,,,,
924,0.0,9,True,0.6666666666666666,1.0,1.0,0.0
925,0.0,9,True,0.6370370370370371,0.8888888888888888,0.49674166522435426,0.5032583347756457
926,0.0,9,True,0.6518518518518519,0.8888888888888888,0.49674166522435426,0.5032583347756457
927,0.0,9,True,0.6,1.0,1.0,0.0
928,1.0,0,False,,,,
929,1.0,0,False,,,,
930,1.0,0,False,,,,
931,0.8888888888888888,1,False,,,,
932,0.8888888888888888,1,False,,,,
933,0.0,9,True,0.5555555555555555,0.8888888888888888,0.49674166522435426,0.5032583347756457
934,0.0,9,True,0.6666666666666666,1.0,1.0,0.0
935,0.0,9,True,0.6666666666666666,1.0,1.0,0.0
936,0.0,9,True,0.3462962962962963,0.6666666666666666,0.22749311428573982,1.224394445405986
937,0.7777777777777778,2,False,,,,
938,0.0,9,True,0.5555555555555555,0.8888888888888888,0.49674166522435426,0.5032583347756457
939,0.0,9,True,0.4462962962962963,0.7777777777777778,0.3776340271255507,0.9864267287308424
940,0.0,9,True,0.4611111111111111,0.6666666666666666,0.08170416594551044,0.9182958340544896
941,0.0,9,True,0.4444444444444444,0.7777777777777778,0.23579549349137974,0.7642045065086203
942,0.0,9,True,0.5333333333333333,1.0,1.0,0.0
943,0.0,9,True,0.6666666666666666,1.0,1.0,0.0
944,0.0,9,True,0.5555555555555555,0.8888888888888888,0.49674166522435426,0.5032583347756457
945,0.0,9,True,0.5333333333333333,1.0,1.0,0.0
946,0.0,9,True,0.5333333333333333,1.0,1.0,0.0
947,0.0,9,True,0.5555555555555555,0.8888888888888888,0.49674166522435426,0.5032583347756457
948,0.0,9,True,0.5203703703703704,0.7777777777777778,0.23579549349137974,0.7642045065086203
949,0.0,9,True,0.6666666666666666,1.0,1.0,0.0
950,0.0,9,True,0.6,1.0,1.0,0.0
951,0.0,9,True,0.5333333333333333,1.0,1.0,0.0
952,0.0,9,True,0.5333333333333333,1.0,1.0,0.0
953,0.0,9,True,0.6,1.0,1.0,0.0
954,0.0,9,True,0.6,1.0,1.0,0.0
955,0.0,9,True,0.5333333333333333,1.0,1.0,0.0
956,0.0,9,True,0.5333333333333333,1.0,1.0,0.0
957,0.0,9,True,0.5333333333333333,1.0,1.0,0.0
958,0.0,9,True,0.6666666666666666,1.0,1.0,0.0
959,0.0,9,True,0.6666666666666666,1.0,1.0,0.0
960,0.0,9,True,1.0,1.0,1.0,0.0
961,0.0,9,True,0.5333333333333333,1.0,1.0,0.0
962,0.0,9,True,0.6,1.0,1.0,0.0
963,0.0,9,True,0.4074074074074074,0.7777777777777778,0.3776340271255507,0.9864267287308424
964,0.0,9,True,0.7333333333333333,1.0,1.0,0.0
965,0.0,9,True,0.6,1.0,1.0,0.0
966,0.0,9,True,0.587037037037037,0.7777777777777778,0.23579549349137974,0.7642045065086203
967,0.0,9,True,0.5777777777777778,0.8888888888888888,0.49674166522435426,0.5032583347756457
968,0.0,9,True,0.5555555555555555,0.8888888888888888,0.49674166522435426,0.5032583347756457
969,0.0,9,True,0.6666666666666666,1.0,1.0,0.0
970,0.0,9,True,0.4222222222222223,0.6666666666666666,0.22749311428573982,1.224394445405986
971,0.0,9,True,0.5333333333333333,1.0,1.0,0.0
972,0.0,9,True,0.5333333333333333,1.0,1.0,0.0
973,0.0,9,True,0.5333333333333333,1.0,1.0,0.0
974,0.0,9,True,0.6666666666666666,1.0,1.0,0.0
975,0.0,9,True,0.5333333333333333,1.0,1.0,0.0
976,0.0,9,True,0.5333333333333333,1.0,1.0,0.0
977,0.0,9,True,0.6666666666666666,1.0,1.0,0.0
978,0.0,9,True,0.6666666666666666,1.0,1.0,0.0
979,0.0,9,True,0.6666666666666666,1.0,1.0,0.0
980,0.0,9,True,0.5333333333333333,1.0,1.0,0.0
981,0.0,9,True,0.5259259259259259,0.8888888888888888,0.49674166522435426,0.5032583347756457
982,0.0,9,True,0.8666666666666667,1.0,1.0,0.0
983,0.0,9,True,0.5333333333333333,1.0,1.0,0.0
984,0.0,9,True,0.6666666666666666,1.0,1.0,0.0
985,0.0,9,True,0.8666666666666667,1.0,1.0,0.0
986,0.0,9,True,0.5555555555555555,0.8888888888888888,0.49674166522435426,0.5032583347756457
987,0.0,9,True,0.6666666666666666,1.0,1.0,0.0
988,0.1111111111111111,8,True,0.4666666666666667,0.875,0.3776340271255507,0.5435644431995964
989,0.1111111111111111,8,True,0.5333333333333333,1.0,0.49674166522435426,0.0
990,0.1111111111111111,8,True,0.4023809523809524,0.625,0.17112863674755563,1.2987949406953985
991,0.1111111111111111,8,True,0.34523809523809523,0.625,0.17112863674755563,1.2987949406953985
992,0.1111111111111111,8,True,0.6,1.0,0.49674166522435426,0.0
993,0.1111111111111111,8,True,0.6,1.0,0.49674166522435426,0.0
994,0.1111111111111111,8,True,0.6666666666666666,1.0,0.49674166522435426,0.0
995,0.0,9,True,0.6,1.0,1.0,0.0
996,0.0,9,True,0.5555555555555555,0.6666666666666666,0.08170416594551044,0.9182958340544896
997,0.0,9,True,0.6,1.0,1.0,0.0
998,0.0,9,True,0.6,1.0,1.0,0.0
999,1.0,0,False,,,,
1000,1.0,0,False,,,,
1001,1.0,0,False,,,,
1002,1.0,0,False,,,,
1003,1.0,0,False,,,,
1004,1.0,0,False,,,,
1005,1.0,0,False,,,,
1006,1.0,0,False,,,,
1007,1.0,0,False,,,,
1008,1.0,0,False,,,,
1009,1.0,0,False,,,,
1010,1.0,0,False,,,,
1011,1.0,0,False,,,,
1012,1.0,0,False,,,,
1013,1.0,0,False,,,,
1014,1.0,0,False,,,,
1015,1.0,0,False,,,,
1016,1.0,0,False,,,,
1017,1.0,0,False,,,,
1018,1.0,0,False,,,,
1019,1.0,0,False,,,,
1020,1.0,0,False,,,,
1021,1.0,0,False,,,,
1022,1.0,0,False,,,,
1023,1.0,0,False,,,,
1024,1.0,0,False,,,,
1025,1.0,0,False,,,,
1026,1.0,0,False,,,,
1027,1.0,0,False,,,,
1028,1.0,0,False,,,,
1029,1.0,0,False,,,,
1030,1.0,0,False,,,,
1031,1.0,0,False,,,,
1032,1.0,0,False,,,,
1033,1.0,0,False,,,,
1034,1.0,0,False,,,,
1035,1.0,0,False,,,,
1036,1.0,0,False,,,,
1037,1.0,0,False,,,,
1038,1.0,0,False,,,,
1039,1.0,0,False,,,,
1040,1.0,0,False,,,,
1041,1.0,0,False,,,,
1042,1.0,0,False,,,,
1043,1.0,0,False,,,,
1044,1.0,0,False,,,,
1045,1.0,0,False,,,,
1046,1.0,0,False,,,,
1047,1.0,0,False,,,,
1048,1.0,0,False,,,,
1049,1.0,0,False,,,,
1050,0.0,9,True,0.6666666666666666,1.0,1.0,0.0
1051,0.0,9,True,0.4555555555555556,0.7777777777777778,0.23579549349137974,0.7642045065086203
1052,0.0,9,True,0.6,1.0,1.0,0.0
1053,0.0,9,True,0.5333333333333333,1.0,1.0,0.0
1054,0.0,9,True,0.5333333333333333,1.0,1.0,0.0
1055,0.0,9,True,0.6,1.0,1.0,0.0
1056,0.0,9,True,0.5555555555555555,0.8888888888888888,0.49674166522435426,0.5032583347756457
1057,0.0,9,True,0.6,1.0,1.0,0.0
1058,0.0,9,True,0.6,1.0,1.0,0.0
1059,0.0,9,True,0.6,1.0,1.0,0.0
1060,1.0,0,False,,,,
1061,0.0,9,True,0.6,1.0,1.0,0.0
1062,0.0,9,True,0.6666666666666666,1.0,1.0,0.0
1063,0.0,9,True,0.6666666666666666,1.0,1.0,0.0
1064,0.0,9,True,0.6,1.0,1.0,0.0
1065,0.0,9,True,0.6666666666666666,1.0,1.0,0.0
1066,0.0,9,True,0.5333333333333333,1.0,1.0,0.0
1067,0.0,9,True,0.6666666666666666,1.0,1.0,0.0
1068,0.0,9,True,0.6666666666666666,1.0,1.0,0.0
1069,0.0,9,True,0.7333333333333333,1.0,1.0,0.0
1070,0.0,9,True,0.7333333333333333,1.0,1.0,0.0
1071,0.0,9,True,0.5333333333333333,1.0,1.0,0.0
1072,0.0,9,True,0.6,1.0,1.0,0.0
1073,0.0,9,True,0.6,1.0,1.0,0.0
1074,0.0,9,True,0.3722222222222222,0.6666666666666666,0.22749311428573982,1.224394445405986
1075,0.0,9,True,0.6666666666666666,1.0,1.0,0.0
1076,0.0,9,True,0.7333333333333333,1.0,1.0,0.0
1077,0.0,9,True,0.6,1.0,1.0,0.0
1078,0.0,9,True,1.0,1.0,1.0,0.0
1079,0.0,9,True,0.6,1.0,1.0,0.0
1080,0.0,9,True,0.6,1.0,1.0,0.0
1081,0.0,9,True,0.6666666666666666,1.0,1.0,0.0
1082,0.0,9,True,0.5555555555555555,0.8888888888888888,0.49674166522435426,0.5032583347756457
1083,0.0,9,True,0.4444444444444444,0.8888888888888888,0.49674166522435426,0.5032583347756457
1084,0.0,9,True,0.4592592592592593,0.7777777777777778,0.23579549349137974,0.7642045065086203
1085,0.0,9,True,0.6666666666666666,1.0,1.0,0.0
1086,0.0,9,True,0.8666666666666667,1.0,1.0,0.0
1087,0.0,9,True,0.6,1.0,1.0,0.0
1088,0.0,9,True,0.6666666666666666,1.0,1.0,0.0
1089,0.0,9,True,0.5333333333333333,1.0,1.0,0.0
1090,0.0,9,True,0.6666666666666666,1.0,1.0,0.0
1091,0.0,9,True,0.5333333333333333,1.0,1.0,0.0
1092,0.0,9,True,0.5333333333333333,1.0,1.0,0.0
1093,0.0,9,True,0.5185185185185185,0.8888888888888888,0.49674166522435426,0.5032583347756457
1094,0.0,9,True,0.6,1.0,1.0,0.0
1095,0.0,9,True,0.6,1.0,1.0,0.0
1096,0.0,9,True,0.8666666666666667,1.0,1.0,0.0
1097,0.0,9,True,0.6,1.0,1.0,0.0
1098,1.0,0,False,,,,
1099,0.0,9,True,0.7333333333333333,1.0,1.0,0.0
1100,0.0,9,True,0.5333333333333333,1.0,1.0,0.0
1101,0.0,9,True,0.5185185185185185,0.8888888888888888,0.49674166522435426,0.5032583347756457
1102,0.0,9,True,0.5333333333333333,1.0,1.0,0.0
1103,0.0,9,True,0.7333333333333333,1.0,1.0,0.0
1104,0.0,9,True,0.6666666666666666,1.0,1.0,0.0
1105,0.0,9,True,0.6,1.0,1.0,0.0
1106,0.0,9,True,0.7333333333333333,1.0,1.0,0.0
1107,0.0,9,True,0.6,1.0,1.0,0.0
1108,0.0,9,True,0.6,1.0,1.0,0.0
1109,0.0,9,True,0.6666666666666666,1.0,1.0,0.0
1110,0.0,9,True,0.6,1.0,1.0,0.0
1111,0.0,9,True,0.5333333333333333,1.0,1.0,0.0
1112,0.0,9,True,0.5333333333333333,1.0,1.0,0.0
1113,0.0,9,True,0.5333333333333333,1.0,1.0,0.0
1114,0.0,9,True,0.5333333333333333,1.0,1.0,0.0
1115,0.0,9,True,0.5333333333333333,1.0,1.0,0.0
1116,0.0,9,True,0.5259259259259259,0.8888888888888888,0.49674166522435426,0.5032583347756457
1117,0.0,9,True,0.6666666666666666,1.0,1.0,0.0
1118,0.0,9,True,0.5333333333333333,1.0,1.0,0.0
1119,0.0,9,True,0.5333333333333333,1.0,1.0,0.0
1120,0.0,9,True,0.6666666666666666,1.0,1.0,0.0
1121,0.0,9,True,0.5333333333333333,1.0,1.0,0.0
1122,0.0,9,True,0.6,1.0,1.0,0.0
1123,0.0,9,True,0.5333333333333333,1.0,1.0,0.0
1124,0.0,9,True,0.6,1.0,1.0,0.0
1125,0.0,9,True,0.5333333333333333,1.0,1.0,0.0
1126,0.0,9,True,0.6666666666666666,1.0,1.0,0.0
1127,0.0,9,True,0.6,1.0,1.0,0.0
1128,0.0,9,True,0.8,1.0,1.0,0.0
1129,0.0,9,True,0.6,1.0,1.0,0.0
1130,0.0,9,True,0.5333333333333333,1.0,1.0,0.0
1131,0.0,9,True,0.6,1.0,1.0,0.0
1132,0.0,9,True,0.5333333333333333,1.0,1.0,0.0
1133,0.0,9,True,0.5333333333333333,1.0,1.0,0.0
1134,0.0,9,True,0.5333333333333333,1.0,1.0,0.0
1135,0.0,9,True,0.6,1.0,1.0,0.0
1136,0.0,9,True,0.6,1.0,1.0,0.0
1137,0.0,9,True,0.5333333333333333,1.0,1.0,0.0
1138,0.0,9,True,0.6,1.0,1.0,0.0
1139,0.0,9,True,0.6,1.0,1.0,0.0
1140,0.0,9,True,0.5333333333333333,1.0,1.0,0.0
1141,0.0,9,True,0.5333333333333333,1.0,1.0,0.0
1142,0.0,9,True,0.5333333333333333,1.0,1.0,0.0
1143,0.0,9,True,0.6666666666666666,1.0,1.0,0.0
1144,0.0,9,True,0.5333333333333333,1.0,1.0,0.0
1145,0.0,9,True,0.5333333333333333,1.0,1.0,0.0
1146,0.0,9,True,0.5333333333333333,1.0,1.0,0.0
1147,0.0,9,True,0.6666666666666666,1.0,1.0,0.0
1148,0.0,9,True,0.5333333333333333,1.0,1.0,0.0
1149,0.0,9,True,0.5333333333333333,1.0,1.0,0.0
1150,1.0,0,False,,,,
1151,1.0,0,False,,,,
1152,1.0,0,False,,,,
1153,1.0,0,False,,,,
1154,1.0,0,False,,,,
1155,1.0,0,False,,,,
1156,1.0,0,False,,,,
1157,1.0,0,False,,,,
1158,1.0,0,False,,,,
1159,1.0,0,False,,,,
1160,1.0,0,False,,,,
1161,1.0,0,False,,,,
1162,1.0,0,False,,,,
1163,1.0,0,False,,,,
1164,1.0,0,False,,,,
1165,1.0,0,False,,,,
1166,1.0,0,False,,,,
1167,1.0,0,False,,,,
1168,1.0,0,False,,,,
1169,1.0,0,False,,,,
1170,1.0,0,False,,,,
1171,1.0,0,False,,,,
1172,1.0,0,False,,,,
1173,1.0,0,False,,,,
1174,1.0,0,False,,,,
1175,1.0,0,False,,,,
1176,1.0,0,False,,,,
1177,1.0,0,False,,,,
1178,1.0,0,False,,,,
1179,1.0,0,False,,,,
1180,1.0,0,False,,,,
1181,1.0,0,False,,,,
1182,1.0,0,False,,,,
1183,1.0,0,False,,,,
1184,1.0,0,False,,,,
1185,1.0,0,False,,,,
1186,1.0,0,False,,,,
1187,1.0,0,False,,,,
1188,1.0,0,False,,,,
1189,1.0,0,False,,,,
1190,1.0,0,False,,,,
1191,1.0,0,False,,,,
1192,1.0,0,False,,,,
1193,1.0,0,False,,,,
1194,1.0,0,False,,,,
1195,1.0,0,False,,,,
1196,1.0,0,False,,,,
1197,1.0,0,False,,,,
1198,1.0,0,False,,,,
1199,1.0,0,False,,,,
1200,1.0,0,False,,,,
1201,1.0,0,False,,,,
1202,1.0,0,False,,,,
1203,1.0,0,False,,,,
1204,1.0,0,False,,,,
1205,1.0,0,False,,,,
1206,1.0,0,False,,,,
1207,1.0,0,False,,,,
1208,1.0,0,False,,,,
1209,1.0,0,False,,,,
1210,1.0,0,False,,,,
1211,1.0,0,False,,,,
1212,1.0,0,False,,,,
1213,1.0,0,False,,,,
1214,1.0,0,False,,,,
1215,1.0,0,False,,,,
1216,1.0,0,False,,,,
1217,1.0,0,False,,,,
1218,1.0,0,False,,,,
1219,1.0,0,False,,,,
1220,1.0,0,False,,,,
1221,1.0,0,False,,,,
1222,1.0,0,False,,,,
1223,1.0,0,False,,,,
1224,1.0,0,False,,,,
1225,1.0,0,False,,,,
1226,1.0,0,False,,,,
1227,1.0,0,False,,,,
1228,1.0,0,False,,,,
1229,1.0,0,False,,,,
1230,1.0,0,False,,,,
1231,1.0,0,False,,,,
1232,1.0,0,False,,,,
1233,1.0,0,False,,,,
1234,1.0,0,False,,,,
1235,1.0,0,False,,,,
1236,1.0,0,False,,,,
1237,1.0,0,False,,,,
1238,1.0,0,False,,,,
1239,1.0,0,False,,,,
1240,1.0,0,False,,,,
1241,1.0,0,False,,,,
1242,1.0,0,False,,,,
1243,0.0,9,True,0.5333333333333333,1.0,1.0,0.0
1244,0.0,9,True,0.5925925925925927,0.8888888888888888,0.49674166522435426,0.5032583347756457
1245,0.0,9,True,0.48333333333333334,0.7777777777777778,0.3776340271255507,0.9864267287308424
1246,0.0,9,True,0.6666666666666666,1.0,1.0,0.0
1247,0.0,9,True,0.6666666666666666,1.0,1.0,0.0
1248,0.0,9,True,0.6,1.0,1.0,0.0
1249,0.0,9,True,0.6,1.0,1.0,0.0
1250,0.0,9,True,0.6,1.0,1.0,0.0
1251,0.0,9,True,0.6,1.0,1.0,0.0
1252,0.0,9,True,0.7333333333333333,1.0,1.0,0.0
1253,0.0,9,True,0.6,1.0,1.0,0.0
1254,0.0,9,True,0.5333333333333333,1.0,1.0,0.0
1255,0.0,9,True,0.6,1.0,1.0,0.0
1256,0.0,9,True,0.6,1.0,1.0,0.0
1257,0.0,9,True,0.6666666666666666,1.0,1.0,0.0
1258,0.0,9,True,0.6,1.0,1.0,0.0
1259,0.0,9,True,0.4425925925925926,0.7777777777777778,0.3776340271255507,0.9864267287308424
1260,0.0,9,True,0.5333333333333333,1.0,1.0,0.0
1261,0.0,9,True,0.6666666666666666,1.0,1.0,0.0
1262,0.0,9,True,0.6,1.0,1.0,0.0
1263,1.0,0,False,,,,
1264,0.0,9,True,0.6,1.0,1.0,0.0
1265,0.0,9,True,0.5333333333333333,1.0,1.0,0.0
1266,0.0,9,True,0.5925925925925927,0.8888888888888888,0.49674166522435426,0.5032583347756457
1267,0.0,9,True,0.5055555555555556,0.6666666666666666,0.08170416594551044,0.9182958340544896
1268,0.0,9,True,0.5555555555555555,0.8888888888888888,0.49674166522435426,0.5032583347756457
1269,0.0,9,True,0.5333333333333333,1.0,1.0,0.0
1270,0.0,9,True,0.6,1.0,1.0,0.0
1271,0.0,9,True,0.5333333333333333,1.0,1.0,0.0
1272,0.0,9,True,0.5333333333333333,1.0,1.0,0.0
1273,0.0,9,True,0.5037037037037037,0.8888888888888888,0.49674166522435426,0.5032583347756457
1274,0.0,9,True,0.6,1.0,1.0,0.0
1275,0.0,9,True,0.6,1.0,1.0,0.0
1276,0.0,9,True,0.6,1.0,1.0,0.0
1277,0.0,9,True,0.6,1.0,1.0,0.0
1278,0.0,9,True,0.6,1.0,1.0,0.0
1279,0.1111111111111111,8,True,0.5333333333333333,1.0,0.49674166522435426,0.0
1280,0.1111111111111111,8,True,0.6,1.0,0.49674166522435426,0.0
1281,0.1111111111111111,8,True,0.6,1.0,0.49674166522435426,0.0
1282,0.1111111111111111,8,True,0.6666666666666666,1.0,0.49674166522435426,0.0
1283,0.1111111111111111,8,True,0.6,1.0,0.49674166522435426,0.0
1284,0.1111111111111111,8,True,0.6666666666666666,1.0,0.49674166522435426,0.0
1285,0.1111111111111111,8,True,0.6,1.0,0.49674166522435426,0.0
1286,0.1111111111111111,8,True,0.5333333333333333,1.0,0.49674166522435426,0.0
1287,0.1111111111111111,8,True,0.6,1.0,0.49674166522435426,0.0
1288,0.1111111111111111,8,True,0.6666666666666666,1.0,0.49674166522435426,0.0
1289,0.1111111111111111,8,True,0.6,1.0,0.49674166522435426,0.0
1290,0.1111111111111111,8,True,0.6,1.0,0.49674166522435426,0.0
1291,0.1111111111111111,8,True,0.6666666666666666,1.0,0.49674166522435426,0.0
1292,0.1111111111111111,8,True,0.48333333333333334,0.875,0.3776340271255507,0.5435644431995964
1293,0.1111111111111111,8,True,0.5333333333333333,1.0,0.49674166522435426,0.0
1294,0.1111111111111111,8,True,0.6666666666666666,1.0,0.49674166522435426,0.0
1295,0.1111111111111111,8,True,0.6,1.0,0.49674166522435426,0.0
1296,0.1111111111111111,8,True,0.6666666666666666,1.0,0.49674166522435426,0.0
1297,0.1111111111111111,8,True,0.5166666666666667,0.875,0.3776340271255507,0.5435644431995964
1298,0.1111111111111111,8,True,0.6666666666666666,1.0,0.49674166522435426,0.0
1299,0.1111111111111111,8,True,0.5333333333333333,1.0,0.49674166522435426,0.0
1300,0.1111111111111111,8,True,0.8,1.0,0.49674166522435426,0.0
1301,0.1111111111111111,8,True,0.6,1.0,0.49674166522435426,0.0
1302,0.1111111111111111,8,True,0.7333333333333333,1.0,0.49674166522435426,0.0
1303,0.1111111111111111,8,True,0.6,1.0,0.49674166522435426,0.0
1304,0.1111111111111111,8,True,0.6666666666666666,1.0,0.49674166522435426,0.0
1305,0.1111111111111111,8,True,0.5333333333333333,1.0,0.49674166522435426,0.0
1306,0.1111111111111111,8,True,0.5333333333333333,1.0,0.49674166522435426,0.0
1307,0.1111111111111111,8,True,0.5333333333333333,1.0,0.49674166522435426,0.0
1308,0.1111111111111111,8,True,0.6,1.0,0.49674166522435426,0.0
1309,0.1111111111111111,8,True,0.5333333333333333,1.0,0.49674166522435426,0.0
1310,0.1111111111111111,8,True,0.6,1.0,0.49674166522435426,0.0
1311,0.1111111111111111,8,True,0.5333333333333333,1.0,0.49674166522435426,0.0
1312,0.1111111111111111,8,True,0.5166666666666667,0.875,0.3776340271255507,0.5435644431995964
1313,0.1111111111111111,8,True,0.8666666666666667,1.0,0.49674166522435426,0.0
1314,0.1111111111111111,8,True,0.5333333333333333,1.0,0.49674166522435426,0.0
1315,0.1111111111111111,8,True,0.6,1.0,0.49674166522435426,0.0
1316,0.1111111111111111,8,True,0.6,1.0,0.49674166522435426,0.0
1317,0.1111111111111111,8,True,0.5333333333333333,1.0,0.49674166522435426,0.0
1318,0.1111111111111111,8,True,0.6666666666666666,1.0,0.49674166522435426,0.0
1319,0.1111111111111111,8,True,0.4976190476190476,0.625,0.1472075115099596,0.954434002924965
1320,0.1111111111111111,8,True,1.0,1.0,0.49674166522435426,0.0
1321,0.1111111111111111,8,True,0.6,1.0,0.49674166522435426,0.0
1322,0.1111111111111111,8,True,0.6,1.0,0.49674166522435426,0.0
1323,0.1111111111111111,8,True,0.6,1.0,0.49674166522435426,0.0
1324,0.1111111111111111,8,True,0.7333333333333333,1.0,0.49674166522435426,0.0
1325,0.1111111111111111,8,True,0.5333333333333333,1.0,0.49674166522435426,0.0
1326,0.1111111111111111,8,True,0.6666666666666666,1.0,0.49674166522435426,0.0
1327,0.1111111111111111,8,True,0.5333333333333333,1.0,0.49674166522435426,0.0
1328,0.1111111111111111,8,True,0.6666666666666666,1.0,0.49674166522435426,0.0
1329,0.1111111111111111,8,True,0.5333333333333333,1.0,0.49674166522435426,0.0
1330,0.1111111111111111,8,True,0.6666666666666666,1.0,0.49674166522435426,0.0
1331,0.1111111111111111,8,True,0.6666666666666666,1.0,0.49674166522435426,0.0
1332,0.1111111111111111,8,True,0.5333333333333333,1.0,0.49674166522435426,0.0
1333,0.1111111111111111,8,True,0.7333333333333333,1.0,0.49674166522435426,0.0
1334,0.1111111111111111,8,True,0.5333333333333333,1.0,0.49674166522435426,0.0
1335,0.1111111111111111,8,True,0.6,1.0,0.49674166522435426,0.0
1336,0.1111111111111111,8,True,0.7333333333333333,1.0,0.49674166522435426,0.0
1337,0.1111111111111111,8,True,0.5333333333333333,1.0,0.49674166522435426,0.0
1338,0.1111111111111111,8,True,0.6666666666666666,1.0,0.49674166522435426,0.0
1339,0.1111111111111111,8,True,1.0,1.0,0.49674166522435426,0.0
1340,0.1111111111111111,8,True,0.6,1.0,0.49674166522435426,0.0
1341,0.1111111111111111,8,True,0.55,0.875,0.3776340271255507,0.5435644431995964
1342,0.1111111111111111,8,True,0.8,1.0,0.49674166522435426,0.0
1343,0.1111111111111111,8,True,0.6666666666666666,1.0,0.49674166522435426,0.0
1344,0.1111111111111111,8,True,0.55,0.875,0.3776340271255507,0.5435644431995964
1345,0.0,9,True,0.6,1.0,1.0,0.0
1346,0.0,9,True,0.6666666666666666,1.0,1.0,0.0
1347,0.0,9,True,0.6,1.0,1.0,0.0
1348,0.0,9,True,0.5333333333333333,1.0,1.0,0.0
1349,0.0,9,True,0.6,1.0,1.0,0.0
1350,0.0,9,True,0.5333333333333333,1.0,1.0,0.0
1351,0.0,9,True,0.6,1.0,1.0,0.0
1352,0.0,9,True,0.8666666666666667,1.0,1.0,0.0
1353,0.0,9,True,0.5333333333333333,1.0,1.0,0.0
1354,0.0,9,True,0.5111111111111111,0.8888888888888888,0.49674166522435426,0.5032583347756457
1355,0.0,9,True,0.47407407407407404,0.8888888888888888,0.49674166522435426,0.5032583347756457
1356,0.0,9,True,0.5333333333333333,1.0,1.0,0.0
1357,0.0,9,True,0.6,1.0,1.0,0.0
1358,0.0,9,True,0.5777777777777778,0.8888888888888888,0.49674166522435426,0.5032583347756457
1359,0.0,9,True,0.5333333333333333,1.0,1.0,0.0
1360,0.0,9,True,0.7333333333333333,1.0,1.0,0.0
1361,0.0,9,True,0.4351851851851852,0.6666666666666666,0.2766916661858959,1.4466166676282082
1362,0.0,9,True,0.5925925925925927,0.8888888888888888,0.49674166522435426,0.5032583347756457
1363,0.0,9,True,0.5,0.6666666666666666,0.08170416594551044,0.9182958340544896
1364,0.0,9,True,0.6,1.0,1.0,0.0
1365,0.0,9,True,0.5333333333333333,1.0,1.0,0.0
1366,0.0,9,True,0.4574074074074074,0.7777777777777778,0.3776340271255507,0.9864267287308424
1367,0.0,9,True,0.3611111111111111,0.5555555555555556,0.17112863674755563,1.6577427265048887
1368,0.0,9,True,0.6,1.0,1.0,0.0
1369,0.0,9,True,0.5333333333333333,1.0,1.0,0.0
1370,0.0,9,True,0.6,1.0,1.0,0.0
1371,0.0,9,True,0.5333333333333333,1.0,1.0,0.0
1372,0.0,9,True,0.6666666666666666,1.0,1.0,0.0
1373,0.0,9,True,0.6,1.0,1.0,0.0
1374,0.0,9,True,0.4592592592592593,0.7777777777777778,0.23579549349137974,0.7642045065086203
1375,0.0,9,True,0.6,1.0,1.0,0.0
1376,0.0,9,True,0.6666666666666666,1.0,1.0,0.0
1377,0.0,9,True,0.6,1.0,1.0,0.0
1378,0.0,9,True,0.6666666666666666,1.0,1.0,0.0
1379,0.0,9,True,0.6,1.0,1.0,0.0
1380,0.0,9,True,0.5333333333333333,1.0,1.0,0.0
1381,0.0,9,True,0.5333333333333333,1.0,1.0,0.0
1382,0.0,9,True,0.5333333333333333,1.0,1.0,0.0
1383,0.0,9,True,0.6,1.0,1.0,0.0
1384,0.0,9,True,0.6,1.0,1.0,0.0
1385,1.0,0,False,,,,
1386,0.0,9,True,0.5333333333333333,1.0,1.0,0.0
1387,0.0,9,True,0.6666666666666666,1.0,1.0,0.0
1388,0.0,9,True,0.6,1.0,1.0,0.0
1389,0.0,9,True,0.6,1.0,1.0,0.0
1390,0.0,9,True,0.7333333333333333,1.0,1.0,0.0
1391,0.0,9,True,0.6666666666666666,1.0,1.0,0.0
1392,0.0,9,True,0.5333333333333333,1.0,1.0,0.0
1393,0.0,9,True,0.5333333333333333,1.0,1.0,0.0
1394,0.0,9,True,0.5333333333333333,1.0,1.0,0.0
1395,0.0,9,True,0.5555555555555555,0.8888888888888888,0.49674166522435426,0.5032583347756457
1396,0.0,9,True,0.5333333333333333,1.0,1.0,0.0
1397,0.0,9,True,0.5333333333333333,1.0,1.0,0.0
1398,0.0,9,True,0.5555555555555555,0.8888888888888888,0.49674166522435426,0.5032583347756457
1399,0.0,9,True,0.5333333333333333,1.0,1.0,0.0
1400,0.0,9,True,0.48888888888888893,0.8888888888888888,0.49674166522435426,0.5032583347756457
1401,0.0,9,True,0.6,1.0,1.0,0.0
1402,0.0,9,True,0.5333333333333333,1.0,1.0,0.0
1403,0.0,9,True,0.5074074074074074,0.7777777777777778,0.23579549349137974,0.7642045065086203
1404,0.0,9,True,0.5333333333333333,1.0,1.0,0.0
1405,0.0,9,True,0.475925925925926,0.7777777777777778,0.23579549349137974,0.7642045065086203
1406,0.0,9,True,0.43148148148148147,0.7777777777777778,0.3776340271255507,0.9864267287308424
1407,1.0,0,False,,,,
1408,1.0,0,False,,,,
1409,0.8888888888888888,1,False,,,,
1410,0.0,9,True,0.5333333333333333,1.0,1.0,0.0
1411,0.0,9,True,0.524074074074074,0.7777777777777778,0.23579549349137974,0.7642045065086203
1412,0.0,9,True,0.6,1.0,1.0,0.0
1413,0.0,9,True,0.47407407407407404,0.8888888888888888,0.49674166522435426,0.5032583347756457
1414,0.0,9,True,0.5333333333333333,1.0,1.0,0.0
1415,0.0,9,True,0.4944444444444444,0.7777777777777778,0.23579549349137974,0.7642045065086203
1416,0.0,9,True,0.3814814814814815,0.7777777777777778,0.23579549349137974,0.7642045065086203
1417,0.0,9,True,0.6,1.0,1.0,0.0
1418,0.0,9,True,0.6666666666666666,1.0,1.0,0.0
1419,0.0,9,True,0.8666666666666667,1.0,1.0,0.0
1420,0.0,9,True,0.6,1.0,1.0,0.0
1421,0.0,9,True,0.5925925925925927,0.8888888888888888,0.49674166522435426,0.5032583347756457
1422,0.0,9,True,0.5333333333333333,1.0,1.0,0.0
1423,0.0,9,True,0.7333333333333333,1.0,1.0,0.0
1424,0.0,9,True,0.8,1.0,1.0,0.0
1425,0.0,9,True,0.5333333333333333,1.0,1.0,0.0
1426,0.0,9,True,0.5333333333333333,1.0,1.0,0.0
1427,0.0,9,True,0.7333333333333333,1.0,1.0,0.0
1428,0.0,9,True,0.5333333333333333,1.0,1.0,0.0
1429,0.0,9,True,0.5333333333333333,1.0,1.0,0.0
1430,0.0,9,True,0.8,1.0,1.0,0.0
1431,0.0,9,True,0.6,1.0,1.0,0.0
1432,0.0,9,True,0.7333333333333333,1.0,1.0,0.0
1433,0.0,9,True,0.5333333333333333,1.0,1.0,0.0
1434,0.0,9,True,0.5333333333333333,1.0,1.0,0.0
1435,0.0,9,True,0.5333333333333333,1.0,1.0,0.0
1436,0.0,9,True,0.5333333333333333,1.0,1.0,0.0
1437,0.0,9,True,0.5333333333333333,1.0,1.0,0.0
1438,0.0,9,True,0.6666666666666666,1.0,1.0,0.0
1439,0.0,9,True,0.6,1.0,1.0,0.0
1440,0.0,9,True,0.6666666666666666,1.0,1.0,0.0
1441,0.0,9,True,0.5333333333333333,1.0,1.0,0.0
1442,0.0,9,True,0.55,0.6666666666666666,0.22749311428573982,1.224394445405986
1443,0.0,9,True,0.5555555555555555,0.8888888888888888,0.49674166522435426,0.5032583347756457
1444,0.0,9,True,0.6,1.0,1.0,0.0
1445,0.0,9,True,0.5333333333333333,1.0,1.0,0.0
1446,0.0,9,True,0.6666666666666666,1.0,1.0,0.0
1447,0.0,9,True,0.5333333333333333,1.0,1.0,0.0
1448,0.0,9,True,0.4166666666666667,0.7777777777777778,0.3776340271255507,0.9864267287308424
1449,0.0,9,True,0.475925925925926,0.7777777777777778,0.23579549349137974,0.7642045065086203
1450,0.0,9,True,0.6666666666666666,1.0,1.0,0.0
1451,0.0,9,True,0.7333333333333333,1.0,1.0,0.0
1452,0.0,9,True,0.5555555555555555,0.8888888888888888,0.49674166522435426,0.5032583347756457
1453,1.0,0,False,,,,
1454,1.0,0,False,,,,
1455,1.0,0,False,,,,
1456,1.0,0,False,,,,
1457,1.0,0,False,,,,
1458,0.7777777777777778,2,False,,,,
1459,0.0,9,True,0.524074074074074,0.7777777777777778,0.23579549349137974,0.7642045065086203
1460,0.0,9,True,0.5611111111111112,0.7777777777777778,0.23579549349137974,0.7642045065086203
1461,0.0,9,True,0.4444444444444444,0.6666666666666666,0.22749311428573982,1.224394445405986
1462,0.0,9,True,0.4222222222222223,0.3333333333333333,0.0,1.584962500721156
1463,0.0,9,True,0.3351851851851852,0.5555555555555556,0.17112863674755563,1.6577427265048887
1464,0.0,9,True,0.6,1.0,1.0,0.0
1465,0.0,9,True,0.6,1.0,1.0,0.0
1466,0.0,9,True,0.6,1.0,1.0,0.0
1467,0.0,9,True,0.6666666666666666,1.0,1.0,0.0
1468,0.0,9,True,0.6,1.0,1.0,0.0
1469,0.0,9,True,0.3851851851851852,0.6666666666666666,0.2766916661858959,1.4466166676282082
1470,0.0,9,True,0.4074074074074074,0.5555555555555556,0.008923940161777777,0.9910760598382222
1471,0.0,9,True,0.6,0.8888888888888888,0.49674166522435426,0.5032583347756457
1472,0.0,9,True,0.6666666666666666,1.0,1.0,0.0
1473,0.0,9,True,0.43333333333333335,0.7777777777777778,0.23579549349137974,0.7642045065086203
1474,0.0,9,True,0.6666666666666666,1.0,1.0,0.0
1475,1.0,0,False,,,,
1476,1.0,0,False,,,,
1477,1.0,0,False,,,,
1478,0.0,9,True,0.5333333333333333,1.0,1.0,0.0
1479,1.0,0,False,,,,
1480,1.0,0,False,,,,
1481,0.0,9,True,0.5,0.6666666666666666,0.08170416594551044,0.9182958340544896
1482,0.0,9,True,0.5555555555555555,0.8888888888888888,0.49674166522435426,0.5032583347756457
1483,0.0,9,True,0.5111111111111111,0.8888888888888888,0.49674166522435426,0.5032583347756457
1484,0.0,9,True,0.4592592592592593,0.8888888888888888,0.49674166522435426,0.5032583347756457
1485,0.0,9,True,0.5333333333333333,1.0,1.0,0.0
1486,0.0,9,True,0.5777777777777778,0.8888888888888888,0.49674166522435426,0.5032583347756457
1487,0.0,9,True,0.6666666666666666,1.0,1.0,0.0
1488,0.0,9,True,0.6666666666666666,1.0,1.0,0.0
1489,0.0,9,True,0.5333333333333333,1.0,1.0,0.0
1490,0.0,9,True,0.6,1.0,1.0,0.0
1491,0.0,9,True,0.5333333333333333,1.0,1.0,0.0
1492,0.0,9,True,0.6,1.0,1.0,0.0
1493,0.0,9,True,0.48888888888888893,0.8888888888888888,0.49674166522435426,0.5032583347756457
1494,0.1111111111111111,8,True,0.8,1.0,0.49674166522435426,0.0
1495,0.1111111111111111,8,True,0.55,0.875,0.3776340271255507,0.5435644431995964
1496,0.1111111111111111,8,True,0.8,1.0,0.49674166522435426,0.0
1497,0.1111111111111111,8,True,0.5333333333333333,1.0,0.49674166522435426,0.0
1498,0.1111111111111111,8,True,0.5333333333333333,1.0,0.49674166522435426,0.0
1499,0.1111111111111111,8,True,0.7333333333333333,1.0,0.49674166522435426,0.0
1500,0.1111111111111111,8,True,0.5333333333333333,1.0,0.49674166522435426,0.0
1501,0.1111111111111111,8,True,0.5333333333333333,1.0,0.49674166522435426,0.0
1502,0.1111111111111111,8,True,0.6666666666666666,1.0,0.49674166522435426,0.0
1503,0.1111111111111111,8,True,0.5333333333333333,1.0,0.49674166522435426,0.0
1504,0.1111111111111111,8,True,0.511904761904762,0.75,0.22749311428573982,0.8112781244591328
1505,1.0,0,False,,,,
1506,1.0,0,False,,,,
1507,1.0,0,False,,,,
1508,1.0,0,False,,,,
1509,1.0,0,False,,,,
1510,1.0,0,False,,,,
1511,1.0,0,False,,,,
1512,1.0,0,False,,,,
1513,1.0,0,False,,,,
1514,1.0,0,False,,,,
1515,1.0,0,False,,,,
1516,1.0,0,False,,,,
1517,1.0,0,False,,,,
1518,1.0,0,False,,,,
1519,1.0,0,False,,,,
1520,1.0,0,False,,,,
1521,1.0,0,False,,,,
1522,1.0,0,False,,,,
1523,1.0,0,False,,,,
1524,1.0,0,False,,,,
1525,1.0,0,False,,,,
1526,0.1111111111111111,8,True,1.0,1.0,0.49674166522435426,0.0
1527,0.1111111111111111,8,True,0.6,0.875,0.3776340271255507,0.5435644431995964
1528,0.1111111111111111,8,True,0.7,0.875,0.3776340271255507,0.5435644431995964
1529,0.1111111111111111,8,True,0.48333333333333334,0.875,0.3776340271255507,0.5435644431995964
1530,0.1111111111111111,8,True,0.3785714285714286,0.625,0.17112863674755563,1.2987949406953985
1531,0.1111111111111111,8,True,0.55,0.875,0.3776340271255507,0.5435644431995964
1532,0.1111111111111111,8,True,0.5333333333333333,1.0,0.49674166522435426,0.0
1533,0.1111111111111111,8,True,0.5333333333333333,1.0,0.49674166522435426,0.0
1534,0.1111111111111111,8,True,0.6,1.0,0.49674166522435426,0.0
1535,0.1111111111111111,8,True,0.6666666666666666,1.0,0.49674166522435426,0.0
1536,0.1111111111111111,8,True,1.0,1.0,0.49674166522435426,0.0
1537,0.1111111111111111,8,True,0.55,0.875,0.3776340271255507,0.5435644431995964
1538,0.1111111111111111,8,True,0.6666666666666666,0.875,0.3776340271255507,0.5435644431995964
1539,0.1111111111111111,8,True,0.6,1.0,0.49674166522435426,0.0
1540,0.1111111111111111,8,True,0.380952380952381,0.625,0.17112863674755563,1.2987949406953985
1541,0.1111111111111111,8,True,0.42142857142857143,0.75,0.22749311428573982,0.8112781244591328
1542,0.1111111111111111,8,True,0.5333333333333333,1.0,0.49674166522435426,0.0
1543,0.1111111111111111,8,True,0.5333333333333333,1.0,0.49674166522435426,0.0
1544,0.1111111111111111,8,True,0.5333333333333333,1.0,0.49674166522435426,0.0
1545,0.1111111111111111,8,True,0.4261904761904762,0.625,0.17112863674755563,1.2987949406953985
1546,0.1111111111111111,8,True,0.55,0.875,0.3776340271255507,0.5435644431995964
1547,0.1111111111111111,8,True,0.7333333333333333,1.0,0.49674166522435426,0.0
1548,0.1111111111111111,8,True,0.4095238095238095,0.75,0.2766916661858959,1.061278124459133
1549,0.1111111111111111,8,True,0.3142857142857143,0.375,0.05373481277819914,1.9056390622295665
1550,0.1111111111111111,8,True,0.6666666666666666,1.0,0.49674166522435426,0.0
1551,0.1111111111111111,8,True,0.6,1.0,0.49674166522435426,0.0
1552,0.1111111111111111,8,True,0.6,1.0,0.49674166522435426,0.0
1553,1.0,0,False,,,,
1554,1.0,0,False,,,,
1555,1.0,0,False,,,,
1556,1.0,0,False,,,,
1557,1.0,0,False,,,,
1558,1.0,0,False,,,,
1559,1.0,0,False,,,,
1560,1.0,0,False,,,,
1561,1.0,0,False,,,,
1562,1.0,0,False,,,,
1563,1.0,0,False,,,,
1564,1.0,0,False,,,,
1565,1.0,0,False,,,,
1566,1.0,0,False,,,,
1567,1.0,0,False,,,,
1568,1.0,0,False,,,,
1569,1.0,0,False,,,,
1570,1.0,0,False,,,,
1571,1.0,0,False,,,,
1572,1.0,0,False,,,,
1573,1.0,0,False,,,,
1574,1.0,0,False,,,,
1575,1.0,0,False,,,,
1576,1.0,0,False,,,,
1577,1.0,0,False,,,,
1578,1.0,0,False,,,,
1579,1.0,0,False,,,,
1580,1.0,0,False,,,,
1581,1.0,0,False,,,,
1582,1.0,0,False,,,,
1583,1.0,0,False,,,,
1584,1.0,0,False,,,,
1585,1.0,0,False,,,,
1586,1.0,0,False,,,,
1587,1.0,0,False,,,,
1588,1.0,0,False,,,,
1589,1.0,0,False,,,,
1590,1.0,0,False,,,,
1591,1.0,0,False,,,,
1592,1.0,0,False,,,,
1593,1.0,0,False,,,,
1594,1.0,0,False,,,,
1595,1.0,0,False,,,,
1596,1.0,0,False,,,,
1597,1.0,0,False,,,,
1598,1.0,0,False,,,,
1599,1.0,0,False,,,,
1600,1.0,0,False,,,,
1601,1.0,0,False,,,,
1602,1.0,0,False,,,,
1603,1.0,0,False,,,,
1604,1.0,0,False,,,,
1605,1.0,0,False,,,,
1606,1.0,0,False,,,,
1607,1.0,0,False,,,,
1608,1.0,0,False,,,,
1609,1.0,0,False,,,,
1610,1.0,0,False,,,,
1611,0.1111111111111111,8,True,0.45,0.875,0.3776340271255507,0.5435644431995964
1612,0.1111111111111111,8,True,0.5,0.875,0.3776340271255507,0.5435644431995964
1613,0.1111111111111111,8,True,0.5333333333333333,0.875,0.3776340271255507,0.5435644431995964
1614,0.1111111111111111,8,True,0.6,0.875,0.3776340271255507,0.5435644431995964
1615,0.1111111111111111,8,True,0.6,1.0,0.49674166522435426,0.0
1616,0.1111111111111111,8,True,0.6,1.0,0.49674166522435426,0.0
1617,0.1111111111111111,8,True,0.6,1.0,0.49674166522435426,0.0
1618,0.1111111111111111,8,True,0.48333333333333334,0.875,0.3776340271255507,0.5435644431995964
1619,0.1111111111111111,8,True,0.5333333333333333,1.0,0.49674166522435426,0.0
1620,0.1111111111111111,8,True,0.5333333333333333,1.0,0.49674166522435426,0.0
1621,0.1111111111111111,8,True,0.5333333333333333,1.0,0.49674166522435426,0.0
1622,0.1111111111111111,8,True,0.6,1.0,0.49674166522435426,0.0
1623,0.1111111111111111,8,True,0.5,0.875,0.3776340271255507,0.5435644431995964
1624,0.1111111111111111,8,True,0.4857142857142857,0.625,0.14720751150995937,0.954434002924965
1625,0.1111111111111111,8,True,0.48333333333333334,0.875,0.3776340271255507,0.5435644431995964
1626,0.1111111111111111,8,True,0.8666666666666667,1.0,0.49674166522435426,0.0
1627,0.1111111111111111,8,True,0.6,1.0,0.49674166522435426,0.0
1628,0.1111111111111111,8,True,0.5166666666666667,0.875,0.3776340271255507,0.5435644431995964
1629,0.1111111111111111,8,True,0.6,1.0,0.49674166522435426,0.0
1630,0.1111111111111111,8,True,0.6,1.0,0.49674166522435426,0.0
1631,0.1111111111111111,8,True,0.5333333333333333,1.0,0.49674166522435426,0.0
1632,0.1111111111111111,8,True,0.4666666666666667,0.875,0.3776340271255507,0.5435644431995964
1633,0.1111111111111111,8,True,0.6,1.0,0.49674166522435426,0.0
1634,0.1111111111111111,8,True,0.7166666666666667,0.875,0.3776340271255507,0.5435644431995964
1635,0.1111111111111111,8,True,0.8,1.0,0.49674166522435426,0.0
1636,0.1111111111111111,8,True,0.7333333333333333,1.0,0.49674166522435426,0.0
1637,0.1111111111111111,8,True,0.7333333333333333,1.0,0.49674166522435426,0.0
1638,0.1111111111111111,8,True,0.5333333333333333,1.0,0.49674166522435426,0.0
1639,0.1111111111111111,8,True,0.6666666666666666,1.0,0.49674166522435426,0.0
1640,0.1111111111111111,8,True,0.6,1.0,0.49674166522435426,0.0
1641,0.1111111111111111,8,True,0.6666666666666666,1.0,0.49674166522435426,0.0
1642,0.1111111111111111,8,True,0.6,1.0,0.49674166522435426,0.0
1643,0.1111111111111111,8,True,0.5333333333333333,0.875,0.3776340271255507,0.5435644431995964
1644,0.1111111111111111,8,True,0.6,1.0,0.49674166522435426,0.0
1645,0.1111111111111111,8,True,0.6,1.0,0.49674166522435426,0.0
1646,0.1111111111111111,8,True,0.5166666666666667,0.875,0.3776340271255507,0.5435644431995964
1647,1.0,0,False,,,,
1648,0.0,9,True,0.5333333333333333,1.0,1.0,0.0
1649,0.0,9,True,0.6,1.0,1.0,0.0
1650,0.0,9,True,0.5333333333333333,1.0,1.0,0.0
1651,0.0,9,True,0.6,1.0,1.0,0.0
1652,0.0,9,True,0.6,1.0,1.0,0.0
1653,0.0,9,True,0.5555555555555555,0.8888888888888888,0.49674166522435426,0.5032583347756457
1654,0.0,9,True,0.6,1.0,1.0,0.0
1655,0.0,9,True,0.5407407407407407,0.8888888888888888,0.49674166522435426,0.5032583347756457
1656,0.0,9,True,0.6,1.0,1.0,0.0
1657,0.0,9,True,0.475925925925926,0.7777777777777778,0.3776340271255507,0.9864267287308424
1658,0.0,9,True,0.6666666666666666,1.0,1.0,0.0
1659,0.0,9,True,0.6666666666666666,1.0,1.0,0.0
1660,0.0,9,True,0.5555555555555555,0.8888888888888888,0.49674166522435426,0.5032583347756457
1661,0.0,9,True,0.5259259259259259,0.8888888888888888,0.49674166522435426,0.5032583347756457
1662,0.0,9,True,0.43333333333333335,0.5555555555555556,0.1472075115099596,1.3516441151533922
1663,0.0,9,True,0.43888888888888894,0.5555555555555556,0.1472075115099596,1.3516441151533922
1664,0.0,9,True,0.6,1.0,1.0,0.0
1665,0.0,9,True,0.6,1.0,1.0,0.0
1666,0.0,9,True,0.3592592592592593,0.7777777777777778,0.23579549349137974,0.7642045065086203
1667,0.0,9,True,0.6666666666666666,1.0,1.0,0.0
1668,0.0,9,True,0.4037037037037037,0.7777777777777778,0.23579549349137974,0.7642045065086203
1669,0.0,9,True,0.5074074074074074,0.7777777777777778,0.23579549349137974,0.7642045065086203
1670,0.0,9,True,0.43148148148148147,0.7777777777777778,0.3776340271255507,0.9864267287308424
1671,0.0,9,True,0.5333333333333333,1.0,1.0,0.0
1672,0.0,9,True,0.7333333333333333,1.0,1.0,0.0
1673,0.0,9,True,0.4462962962962963,0.7777777777777778,0.3776340271255507,0.9864267287308424
1674,0.0,9,True,0.5333333333333333,1.0,1.0,0.0
1675,0.0,9,True,0.5333333333333333,1.0,1.0,0.0
1676,0.0,9,True,0.48888888888888893,0.8888888888888888,0.49674166522435426,0.5032583347756457
1677,0.0,9,True,0.6,1.0,1.0,0.0
1678,0.1111111111111111,8,True,0.7333333333333333,1.0,0.49674166522435426,0.0
1679,0.1111111111111111,8,True,0.48333333333333334,0.875,0.3776340271255507,0.5435644431995964
1680,0.1111111111111111,8,True,0.4666666666666667,0.875,0.3776340271255507,0.5435644431995964
1681,0.1111111111111111,8,True,0.6666666666666666,1.0,0.49674166522435426,0.0
1682,0.1111111111111111,8,True,0.5333333333333333,1.0,0.49674166522435426,0.0
1683,0.1111111111111111,8,True,0.6,1.0,0.49674166522435426,0.0
1684,0.1111111111111111,8,True,0.6,1.0,0.49674166522435426,0.0
1685,0.1111111111111111,8,True,0.5333333333333333,1.0,0.49674166522435426,0.0
1686,0.1111111111111111,8,True,0.5166666666666667,0.875,0.3776340271255507,0.5435644431995964
1687,0.1111111111111111,8,True,0.6666666666666666,1.0,0.49674166522435426,0.0
1688,0.1111111111111111,8,True,0.5333333333333333,1.0,0.49674166522435426,0.0
1689,0.1111111111111111,8,True,0.5333333333333333,1.0,0.49674166522435426,0.0
1690,0.1111111111111111,8,True,0.6,1.0,0.49674166522435426,0.0
1691,0.0,9,True,0.4814814814814815,0.7777777777777778,0.23579549349137974,0.7642045065086203
1692,0.0,9,True,0.7333333333333333,1.0,1.0,0.0
1693,0.0,9,True,0.6,1.0,1.0,0.0
1694,0.0,9,True,0.674074074074074,0.8888888888888888,0.49674166522435426,0.5032583347756457
1695,0.0,9,True,0.6666666666666666,1.0,1.0,0.0
1696,0.0,9,True,0.6666666666666666,1.0,1.0,0.0
1697,0.0,9,True,0.5333333333333333,1.0,1.0,0.0
1698,0.0,9,True,0.6,1.0,1.0,0.0
1699,0.0,9,True,0.5333333333333333,1.0,1.0,0.0
1700,0.0,9,True,0.7333333333333333,1.0,1.0,0.0
1701,0.0,9,True,0.4944444444444444,0.7777777777777778,0.23579549349137974,0.7642045065086203
1702,0.0,9,True,0.6,1.0,1.0,0.0
1703,0.0,9,True,0.6666666666666666,1.0,1.0,0.0
1704,0.0,9,True,0.6,1.0,1.0,0.0
1705,0.0,9,True,0.5037037037037037,0.8888888888888888,0.49674166522435426,0.5032583347756457
1706,0.0,9,True,0.6,1.0,1.0,0.0
1707,0.0,9,True,0.6,1.0,1.0,0.0
1708,0.0,9,True,0.8,1.0,1.0,0.0
1709,0.0,9,True,0.5333333333333333,1.0,1.0,0.0
1710,0.0,9,True,0.5611111111111112,0.7777777777777778,0.23579549349137974,0.7642045065086203
1711,0.0,9,True,0.48888888888888893,0.8888888888888888,0.49674166522435426,0.5032583347756457
1712,0.0,9,True,0.5333333333333333,1.0,1.0,0.0
1713,0.0,9,True,0.5333333333333333,1.0,1.0,0.0
1714,0.0,9,True,0.5222222222222223,0.7777777777777778,0.23579549349137974,0.7642045065086203
1715,0.0,9,True,0.6,1.0,1.0,0.0
1716,0.0,9,True,0.5185185185185185,0.8888888888888888,0.49674166522435426,0.5032583347756457
1717,0.0,9,True,0.48518518518518516,0.7777777777777778,0.3776340271255507,0.9864267287308424
1718,0.0,9,True,0.3592592592592593,0.5555555555555556,0.17112863674755563,1.6577427265048887
1719,0.0,9,True,0.5185185185185185,0.8888888888888888,0.49674166522435426,0.5032583347756457
1720,0.0,9,True,0.5333333333333333,1.0,1.0,0.0
1721,0.0,9,True,0.6,1.0,1.0,0.0
1722,0.0,9,True,0.6,1.0,1.0,0.0
1723,0.0,9,True,0.8,1.0,1.0,0.0
1724,0.0,9,True,0.4685185185185185,0.7777777777777778,0.23579549349137974,0.7642045065086203
1725,0.0,9,True,0.5611111111111112,0.7777777777777778,0.23579549349137974,0.7642045065086203
1726,0.0,9,True,0.40185185185185185,0.6666666666666666,0.2766916661858959,1.4466166676282082
1727,0.0,9,True,0.6666666666666666,1.0,1.0,0.0
1728,0.0,9,True,0.5333333333333333,1.0,1.0,0.0
1729,0.0,9,True,0.5333333333333333,1.0,1.0,0.0
1730,0.0,9,True,0.6,1.0,1.0,0.0
1731,0.0,9,True,0.47407407407407404,0.8888888888888888,0.49674166522435426,0.5032583347756457
1732,0.0,9,True,0.8666666666666667,1.0,1.0,0.0
1733,0.0,9,True,0.5333333333333333,1.0,1.0,0.0
1734,0.0,9,True,0.6,1.0,1.0,0.0
1735,0.0,9,True,0.6,1.0,1.0,0.0
1736,0.0,9,True,0.674074074074074,0.8888888888888888,0.49674166522435426,0.5032583347756457
1737,0.0,9,True,0.5648148148148148,0.7777777777777778,0.3776340271255507,0.9864267287308424
1738,0.0,9,True,0.4185185185185185,0.7777777777777778,0.3776340271255507,0.9864267287308424
1739,0.0,9,True,0.5333333333333333,1.0,1.0,0.0
1740,0.0,9,True,0.8666666666666667,1.0,1.0,0.0
1741,0.0,9,True,0.5333333333333333,0.7777777777777778,0.23579549349137974,0.7642045065086203
1742,0.0,9,True,0.6,1.0,1.0,0.0
1743,0.0,9,True,0.6,1.0,1.0,0.0
1744,0.0,9,True,0.6222222222222221,0.8888888888888888,0.49674166522435426,0.5032583347756457
1745,0.0,9,True,0.5259259259259259,0.8888888888888888,0.49674166522435426,0.5032583347756457
1746,0.0,9,True,0.5333333333333333,1.0,1.0,0.0
1747,0.0,9,True,0.42407407407407405,0.6666666666666666,0.2766916661858959,1.4466166676282082
1748,0.0,9,True,0.6666666666666666,1.0,1.0,0.0
1749,0.0,9,True,0.6,1.0,1.0,0.0
1750,0.0,9,True,0.5333333333333333,1.0,1.0,0.0
1751,0.0,9,True,0.6666666666666666,1.0,1.0,0.0
1752,0.0,9,True,0.5333333333333333,1.0,1.0,0.0
1753,0.0,9,True,0.4222222222222223,0.5555555555555556,0.008923940161777777,0.9910760598382222
1754,1.0,0,False,,,,
1755,0.0,9,True,0.3944444444444445,0.6666666666666666,0.2766916661858959,1.4466166676282082
1756,0.0,9,True,0.5333333333333333,1.0,1.0,0.0
1757,0.0,9,True,0.6,1.0,1.0,0.0
1758,0.0,9,True,0.5333333333333333,1.0,1.0,0.0
1759,0.0,9,True,0.5037037037037037,0.8888888888888888,0.49674166522435426,0.5032583347756457
1760,0.0,9,True,0.6666666666666666,1.0,1.0,0.0
1761,0.0,9,True,0.5555555555555555,0.8888888888888888,0.49674166522435426,0.5032583347756457
1762,0.0,9,True,0.3314814814814815,0.6666666666666666,0.22749311428573982,1.224394445405986
1763,0.0,9,True,0.4,0.6666666666666666,0.08170416594551044,0.9182958340544896
1764,0.0,9,True,0.6666666666666666,1.0,1.0,0.0
1765,0.0,9,True,0.5555555555555555,0.8888888888888888,0.49674166522435426,0.5032583347756457
1766,0.0,9,True,0.6666666666666666,1.0,1.0,0.0
1767,0.0,9,True,0.6666666666666666,1.0,1.0,0.0
1768,0.0,9,True,0.43888888888888894,0.6666666666666666,0.22749311428573982,1.224394445405986
1769,0.0,9,True,0.4444444444444444,0.8888888888888888,0.49674166522435426,0.5032583347756457
1770,0.0,9,True,0.4555555555555556,0.7777777777777778,0.23579549349137974,0.7642045065086203
1771,0.0,9,True,0.5555555555555555,0.8888888888888888,0.49674166522435426,0.5032583347756457
1772,0.0,9,True,0.6666666666666666,1.0,1.0,0.0
1773,0.0,9,True,0.5037037037037037,0.7777777777777778,0.3776340271255507,0.9864267287308424
1774,1.0,0,False,,,,
1775,1.0,0,False,,,,
1776,1.0,0,False,,,,
1777,0.0,9,True,0.48888888888888893,0.8888888888888888,0.49674166522435426,0.5032583347756457
1778,0.1111111111111111,8,True,0.5166666666666667,0.875,0.3776340271255507,0.5435644431995964
1779,0.1111111111111111,8,True,0.6,1.0,0.49674166522435426,0.0
1780,0.1111111111111111,8,True,0.5333333333333333,0.875,0.3776340271255507,0.5435644431995964
1781,0.1111111111111111,8,True,0.6,1.0,0.49674166522435426,0.0
1782,0.1111111111111111,8,True,0.55,0.875,0.3776340271255507,0.5435644431995964
1783,0.1111111111111111,8,True,0.4571428571428572,0.75,0.2766916661858959,1.061278124459133
1784,0.1111111111111111,8,True,0.6666666666666666,1.0,0.49674166522435426,0.0
1785,0.1111111111111111,8,True,0.55,0.875,0.3776340271255507,0.5435644431995964
1786,0.1111111111111111,8,True,0.6666666666666666,1.0,0.49674166522435426,0.0
1787,0.1111111111111111,8,True,0.6666666666666666,1.0,0.49674166522435426,0.0
1788,0.1111111111111111,8,True,0.4666666666666667,0.875,0.3776340271255507,0.5435644431995964
1789,0.1111111111111111,8,True,0.7333333333333333,1.0,0.49674166522435426,0.0
1790,0.1111111111111111,8,True,0.5166666666666667,0.875,0.3776340271255507,0.5435644431995964
1791,0.1111111111111111,8,True,0.5333333333333333,1.0,0.49674166522435426,0.0
1792,0.1111111111111111,8,True,0.5333333333333333,1.0,0.49674166522435426,0.0
1793,0.1111111111111111,8,True,0.5333333333333333,1.0,0.49674166522435426,0.0
1794,0.1111111111111111,8,True,0.6,1.0,0.49674166522435426,0.0
1795,0.1111111111111111,8,True,0.5333333333333333,1.0,0.49674166522435426,0.0
1796,0.1111111111111111,8,True,0.6,1.0,0.49674166522435426,0.0
1797,0.1111111111111111,8,True,0.6,1.0,0.49674166522435426,0.0
1798,0.1111111111111111,8,True,0.5,0.875,0.3776340271255507,0.5435644431995964
1799,0.1111111111111111,8,True,0.5333333333333333,0.875,0.3776340271255507,0.5435644431995964
1800,0.1111111111111111,8,True,0.48333333333333334,0.875,0.3776340271255507,0.5435644431995964
1801,0.1111111111111111,8,True,0.6666666666666666,1.0,0.49674166522435426,0.0
1802,0.1111111111111111,8,True,0.7,0.875,0.3776340271255507,0.5435644431995964
1803,0.1111111111111111,8,True,0.5666666666666667,0.875,0.3776340271255507,0.5435644431995964
1804,0.1111111111111111,8,True,0.43333333333333335,0.875,0.3776340271255507,0.5435644431995964
1805,0.1111111111111111,8,True,0.65,0.875,0.3776340271255507,0.5435644431995964
1806,0.1111111111111111,8,True,0.5333333333333333,0.875,0.3776340271255507,0.5435644431995964
1807,0.1111111111111111,8,True,0.45,0.875,0.3776340271255507,0.5435644431995964
1808,0.1111111111111111,8,True,0.42142857142857143,0.75,0.2766916661858959,1.061278124459133
1809,0.1111111111111111,8,True,0.4404761904761905,0.75,0.2766916661858959,1.061278124459133
1810,0.1111111111111111,8,True,0.7666666666666667,0.875,0.3776340271255507,0.5435644431995964
1811,0.1111111111111111,8,True,0.5666666666666667,0.875,0.3776340271255507,0.5435644431995964
1812,0.1111111111111111,8,True,0.43333333333333335,0.875,0.3776340271255507,0.5435644431995964
1813,0.1111111111111111,8,True,0.5166666666666667,0.875,0.3776340271255507,0.5435644431995964
1814,0.1111111111111111,8,True,0.3142857142857143,0.5,0.11757477645534242,2.0
1815,0.1111111111111111,8,True,0.4,0.625,0.19034316658358497,1.5487949406953985
1816,0.1111111111111111,8,True,0.5166666666666667,0.875,0.3776340271255507,0.5435644431995964
1817,0.1111111111111111,8,True,0.6,0.875,0.3776340271255507,0.5435644431995964
1818,0.1111111111111111,8,True,0.4404761904761905,0.75,0.2766916661858959,1.061278124459133
1819,0.2222222222222222,7,True,0.5333333333333333,1.0,0.23579549349137974,0.0
1820,0.2222222222222222,7,True,0.5333333333333333,1.0,0.23579549349137974,0.0
1821,0.2222222222222222,7,True,0.4571428571428572,0.7142857142857143,0.17112863674755563,1.1488348542809166
1822,0.2222222222222222,7,True,0.6,1.0,0.23579549349137974,0.0
1823,0.2222222222222222,7,True,0.6666666666666666,1.0,0.23579549349137974,0.0
1824,0.2222222222222222,7,True,0.5333333333333333,1.0,0.23579549349137974,0.0
1825,1.0,0,False,,,,
1826,1.0,0,False,,,,
1827,1.0,0,False,,,,
1828,1.0,0,False,,,,
1829,0.2222222222222222,7,True,0.6,1.0,0.23579549349137974,0.0
1830,0.2222222222222222,7,True,0.5714285714285714,0.8571428571428571,0.22749311428573982,0.5916727785823275
1831,0.2222222222222222,7,True,0.6666666666666666,1.0,0.23579549349137974,0.0
1832,0.2222222222222222,7,True,0.5142857142857143,0.8571428571428571,0.22749311428573982,0.5916727785823275
1833,0.2222222222222222,7,True,0.6,1.0,0.23579549349137974,0.0
1834,0.2222222222222222,7,True,0.7333333333333333,1.0,0.23579549349137974,0.0
1835,0.1111111111111111,8,True,0.55,0.875,0.3776340271255507,0.5435644431995964
1836,0.1111111111111111,8,True,0.55,0.875,0.3776340271255507,0.5435644431995964
1837,0.1111111111111111,8,True,0.5166666666666667,0.875,0.3776340271255507,0.5435644431995964
1838,0.1111111111111111,8,True,0.5333333333333333,1.0,0.49674166522435426,0.0
1839,0.0,9,True,0.4962962962962963,0.5555555555555556,0.008923940161777777,0.9910760598382222
1840,0.0,9,True,0.48703703703703705,0.6666666666666666,0.22749311428573982,1.224394445405986
1841,0.0,9,True,0.4444444444444444,0.8888888888888888,0.49674166522435426,0.5032583347756457
1842,0.0,9,True,0.4592592592592593,0.8888888888888888,0.49674166522435426,0.5032583347756457
1843,0.0,9,True,0.5111111111111111,0.8888888888888888,0.49674166522435426,0.5032583347756457
1844,0.0,9,True,0.7185185185185186,0.8888888888888888,0.49674166522435426,0.5032583347756457
1845,0.0,9,True,0.32037037037037036,0.4444444444444444,0.11331711999846616,2.058813890331201
1846,0.0,9,True,0.6518518518518519,0.8888888888888888,0.49674166522435426,0.5032583347756457
1847,0.0,9,True,0.7333333333333333,1.0,1.0,0.0
1848,0.0,9,True,0.4222222222222223,0.6666666666666666,0.22749311428573982,1.224394445405986
1849,0.0,9,True,0.42962962962962964,0.8888888888888888,0.49674166522435426,0.5032583347756457
1850,0.0,9,True,0.4444444444444444,0.8888888888888888,0.49674166522435426,0.5032583347756457
1851,0.0,9,True,0.8074074074074074,0.8888888888888888,0.49674166522435426,0.5032583347756457
1852,0.0,9,True,0.47222222222222227,0.7777777777777778,0.3776340271255507,0.9864267287308424
1853,0.0,9,True,0.4592592592592593,0.8888888888888888,0.49674166522435426,0.5032583347756457
1854,0.0,9,True,0.4222222222222223,0.7777777777777778,0.3776340271255507,0.9864267287308424
1855,0.0,9,True,0.6,1.0,1.0,0.0
1856,0.0,9,True,0.4055555555555556,0.6666666666666666,0.2766916661858959,1.4466166676282082
1857,0.0,9,True,0.4611111111111111,0.6666666666666666,0.08170416594551044,0.9182958340544896
1858,0.0,9,True,0.4962962962962963,0.8888888888888888,0.49674166522435426,0.5032583347756457
1859,0.0,9,True,0.3685185185185185,0.5555555555555556,0.1472075115099596,1.3516441151533922
1860,0.0,9,True,0.3314814814814815,0.4444444444444444,0.12364236051014776,1.7527152789797045
1861,0.6666666666666666,3,False,,,,
1862,0.1111111111111111,8,True,0.43333333333333335,0.875,0.3776340271255507,0.5435644431995964
1863,0.0,9,True,0.3851851851851852,0.6666666666666666,0.22749311428573982,1.224394445405986
1864,1.0,0,False,,,,
1865,1.0,0,False,,,,
1866,1.0,0,False,,,,
1867,0.0,9,True,0.4222222222222223,0.7777777777777778,0.3776340271255507,0.9864267287308424
1868,1.0,0,False,,,,
1869,1.0,0,False,,,,
1870,1.0,0,False,,,,
1871,1.0,0,False,,,,
1872,0.0,9,True,0.3592592592592593,0.6666666666666666,0.2766916661858959,1.4466166676282082
1873,0.0,9,True,0.4148148148148148,0.6666666666666666,0.2766916661858959,1.4466166676282082
1874,0.0,9,True,0.3074074074074074,0.5555555555555556,0.19034316658358497,1.8799649487271108
1875,0.0,9,True,0.46296296296296297,0.7777777777777778,0.3776340271255507,0.9864267287308424
1876,0.1111111111111111,8,True,0.3404761904761905,0.625,0.17112863674755563,1.2987949406953985
1877,0.1111111111111111,8,True,0.43333333333333335,0.875,0.3776340271255507,0.5435644431995964
1878,0.0,9,True,0.38333333333333336,0.6666666666666666,0.2766916661858959,1.4466166676282082
1879,0.0,9,True,0.4592592592592593,0.7777777777777778,0.3776340271255507,0.9864267287308424
1880,0.0,9,True,0.4166666666666667,0.7777777777777778,0.3776340271255507,0.9864267287308424
1881,0.0,9,True,0.35,0.6666666666666666,0.22749311428573982,1.224394445405986
1882,0.1111111111111111,8,True,0.5142857142857143,0.75,0.22749311428573982,0.8112781244591328
1883,0.1111111111111111,8,True,0.45,0.75,0.2766916661858959,1.061278124459133
1884,0.1111111111111111,8,True,0.55,0.875,0.3776340271255507,0.5435644431995964
1885,0.1111111111111111,8,True,0.8666666666666667,1.0,0.49674166522435426,0.0
1886,0.1111111111111111,8,True,0.4095238095238095,0.75,0.2766916661858959,1.061278124459133
1887,0.1111111111111111,8,True,0.38571428571428573,0.625,0.19034316658358497,1.5487949406953985
1888,0.1111111111111111,8,True,0.6666666666666666,0.875,0.3776340271255507,0.5435644431995964
1889,0.1111111111111111,8,True,0.5,0.875,0.3776340271255507,0.5435644431995964
1890,0.1111111111111111,8,True,0.5642857142857144,0.75,0.22749311428573982,0.8112781244591328
1891,0.1111111111111111,8,True,0.5833333333333334,0.875,0.3776340271255507,0.5435644431995964
1892,0.1111111111111111,8,True,0.48333333333333334,0.875,0.3776340271255507,0.5435644431995964
1893,0.7777777777777778,2,False,,,,
1894,0.7777777777777778,2,False,,,,
1895,0.8888888888888888,1,False,,,,
1896,0.8888888888888888,1,False,,,,
1897,0.8888888888888888,1,False,,,,
1898,0.8888888888888888,1,False,,,,
1899,0.8888888888888888,1,False,,,,
1900,0.8888888888888888,1,False,,,,
1901,0.8888888888888888,1,False,,,,
1902,0.8888888888888888,1,False,,,,
1903,0.2222222222222222,7,True,0.4857142857142857,0.8571428571428571,0.22749311428573982,0.5916727785823275
1904,0.2222222222222222,7,True,0.4380952380952381,0.7142857142857143,0.17112863674755563,1.1488348542809166
1905,0.1111111111111111,8,True,0.4166666666666667,0.875,0.3776340271255507,0.5435644431995964
1906,0.1111111111111111,8,True,0.5666666666666667,0.875,0.3776340271255507,0.5435644431995964
1907,0.1111111111111111,8,True,0.4,0.75,0.2766916661858959,1.061278124459133
1908,0.1111111111111111,8,True,0.35,0.5,0.12364236051014776,1.4056390622295665
1909,0.1111111111111111,8,True,0.48333333333333334,0.875,0.3776340271255507,0.5435644431995964
1910,0.8888888888888888,1,False,,,,
1911,0.8888888888888888,1,False,,,,
1912,0.8888888888888888,1,False,,,,
1913,0.1111111111111111,8,True,0.3952380952380953,0.75,0.2766916661858959,1.061278124459133
1914,0.1111111111111111,8,True,0.39761904761904765,0.75,0.2766916661858959,1.061278124459133
1915,0.1111111111111111,8,True,0.4380952380952381,0.75,0.2766916661858959,1.061278124459133
1916,0.1111111111111111,8,True,0.5333333333333333,1.0,0.49674166522435426,0.0
1917,0.1111111111111111,8,True,0.6666666666666666,1.0,0.49674166522435426,0.0
1918,0.1111111111111111,8,True,0.5,0.875,0.3776340271255507,0.5435644431995964
1919,0.1111111111111111,8,True,0.39047619047619053,0.75,0.2766916661858959,1.061278124459133
1920,0.1111111111111111,8,True,0.5333333333333333,1.0,0.49674166522435426,0.0
1921,0.1111111111111111,8,True,0.7,0.875,0.3776340271255507,0.5435644431995964
1922,0.1111111111111111,8,True,0.55,0.875,0.3776340271255507,0.5435644431995964
1923,0.1111111111111111,8,True,0.35238095238095235,0.5,0.11757477645534242,2.0
1924,0.8888888888888888,1,False,,,,
1925,0.8888888888888888,1,False,,,,
1926,0.8888888888888888,1,False,,,,
1927,0.8888888888888888,1,False,,,,
1928,0.8888888888888888,1,False,,,,
1929,0.8888888888888888,1,False,,,,
1930,0.8888888888888888,1,False,,,,
1931,0.8888888888888888,1,False,,,,
1932,0.8888888888888888,1,False,,,,
1933,0.8888888888888888,1,False,,,,
1934,0.8888888888888888,1,False,,,,
1935,0.8888888888888888,1,False,,,,
1936,0.8888888888888888,1,False,,,,
1937,0.8888888888888888,1,False,,,,
1938,0.8888888888888888,1,False,,,,
1939,0.8888888888888888,1,False,,,,
1940,0.8888888888888888,1,False,,,,
1941,0.8888888888888888,1,False,,,,
1942,0.8888888888888888,1,False,,,,
1943,0.1111111111111111,8,True,0.4666666666666667,0.875,0.3776340271255507,0.5435644431995964
1944,0.1111111111111111,8,True,0.45476190476190476,0.75,0.2766916661858959,1.061278124459133
1945,0.1111111111111111,8,True,0.4166666666666667,0.875,0.3776340271255507,0.5435644431995964
1946,0.1111111111111111,8,True,0.5666666666666667,0.875,0.3776340271255507,0.5435644431995964
1947,0.1111111111111111,8,True,0.4666666666666667,0.875,0.3776340271255507,0.5435644431995964
1948,0.1111111111111111,8,True,0.6666666666666666,0.875,0.3776340271255507,0.5435644431995964
1949,0.1111111111111111,8,True,0.5166666666666667,0.875,0.3776340271255507,0.5435644431995964
1950,0.1111111111111111,8,True,0.46904761904761905,0.75,0.2766916661858959,1.061278124459133
1951,0.1111111111111111,8,True,0.3952380952380953,0.625,0.19034316658358497,1.5487949406953985
1952,0.1111111111111111,8,True,0.48333333333333334,0.875,0.3776340271255507,0.5435644431995964
1953,0.1111111111111111,8,True,0.6666666666666666,1.0,0.49674166522435426,0.0
1954,0.1111111111111111,8,True,0.6666666666666666,1.0,0.49674166522435426,0.0
1955,0.1111111111111111,8,True,0.4261904761904762,0.75,0.2766916661858959,1.061278124459133
1956,0.1111111111111111,8,True,0.4142857142857143,0.625,0.17112863674755563,1.2987949406953985
1957,0.1111111111111111,8,True,0.33809523809523806,0.625,0.17112863674755563,1.2987949406953985
1958,0.1111111111111111,8,True,0.4,0.875,0.3776340271255507,0.5435644431995964
1959,0.1111111111111111,8,True,0.47380952380952385,0.75,0.2766916661858959,1.061278124459133
1960,0.1111111111111111,8,True,0.6,0.875,0.3776340271255507,0.5435644431995964
1961,0.1111111111111111,8,True,0.5333333333333333,1.0,0.49674166522435426,0.0
1962,0.1111111111111111,8,True,0.4666666666666667,0.875,0.3776340271255507,0.5435644431995964
1963,0.0,9,True,0.4944444444444444,0.7777777777777778,0.3776340271255507,0.9864267287308424
1964,0.0,9,True,0.4055555555555556,0.6666666666666666,0.2766916661858959,1.4466166676282082
1965,0.0,9,True,0.48333333333333334,0.7777777777777778,0.3776340271255507,0.9864267287308424
1966,0.0,9,True,0.4407407407407407,0.6666666666666666,0.2766916661858959,1.4466166676282082
1967,0.0,9,True,0.32962962962962966,0.5555555555555556,0.09428740198616281,1.4355205042826666
1968,0.0,9,True,0.4037037037037037,0.7777777777777778,0.3776340271255507,0.9864267287308424
1969,0.0,9,True,0.42962962962962964,0.8888888888888888,0.49674166522435426,0.5032583347756457
1970,0.1111111111111111,8,True,0.5166666666666667,0.875,0.3776340271255507,0.5435644431995964
1971,0.1111111111111111,8,True,0.48333333333333334,0.875,0.3776340271255507,0.5435644431995964
1972,0.1111111111111111,8,True,0.55,0.875,0.3776340271255507,0.5435644431995964
1973,0.1111111111111111,8,True,0.5,0.875,0.3776340271255507,0.5435644431995964
1974,0.1111111111111111,8,True,0.5,0.875,0.3776340271255507,0.5435644431995964
1975,0.1111111111111111,8,True,0.40476190476190477,0.75,0.2766916661858959,1.061278124459133
1976,0.1111111111111111,8,True,0.5166666666666667,0.875,0.3776340271255507,0.5435644431995964
1977,0.1111111111111111,8,True,0.4357142857142857,0.75,0.2766916661858959,1.061278124459133
1978,0.1111111111111111,8,True,0.5,0.875,0.3776340271255507,0.5435644431995964
1979,0.1111111111111111,8,True,0.55,0.875,0.3776340271255507,0.5435644431995964
1980,0.1111111111111111,8,True,0.6333333333333333,0.875,0.3776340271255507,0.5435644431995964
1981,0.1111111111111111,8,True,0.5333333333333333,1.0,0.49674166522435426,0.0
1982,0.1111111111111111,8,True,0.5333333333333333,0.875,0.3776340271255507,0.5435644431995964
1983,0.1111111111111111,8,True,0.5166666666666667,0.875,0.3776340271255507,0.5435644431995964
1984,0.1111111111111111,8,True,0.45476190476190476,0.625,0.17112863674755563,1.2987949406953985
1985,0.1111111111111111,8,True,0.4666666666666667,0.875,0.3776340271255507,0.5435644431995964
1986,0.0,9,True,0.48518518518518516,0.7777777777777778,0.3776340271255507,0.9864267287308424
1987,0.0,9,True,0.4166666666666667,0.6666666666666666,0.2766916661858959,1.4466166676282082
1988,0.0,9,True,0.4444444444444444,0.6666666666666666,0.2766916661858959,1.4466166676282082
1989,0.1111111111111111,8,True,0.4404761904761905,0.625,0.1472075115099596,0.954434002924965
1990,0.1111111111111111,8,True,0.4928571428571428,0.75,0.2766916661858959,1.061278124459133
1991,0.0,9,True,0.42037037037037034,0.7777777777777778,0.3776340271255507,0.9864267287308424
1992,0.0,9,True,0.37592592592592594,0.6666666666666666,0.2766916661858959,1.4466166676282082
1993,0.0,9,True,0.5148148148148148,0.7777777777777778,0.3776340271255507,0.9864267287308424
1994,0.0,9,True,0.6666666666666666,1.0,1.0,0.0
1995,0.0,9,True,0.40185185185185185,0.6666666666666666,0.22749311428573982,1.224394445405986
1996,0.0,9,True,0.5222222222222223,0.7777777777777778,0.23579549349137974,0.7642045065086203
1997,0.0,9,True,0.4685185185185185,0.6666666666666666,0.22749311428573982,1.224394445405986
1998,0.0,9,True,0.6666666666666666,1.0,1.0,0.0
1999,0.0,9,True,0.5555555555555555,0.8888888888888888,0.49674166522435426,0.5032583347756457
2000,0.0,9,True,0.5333333333333333,1.0,1.0,0.0
2001,0.0,9,True,0.3351851851851852,0.5555555555555556,0.17112863674755563,1.6577427265048887
2002,0.0,9,True,0.5259259259259259,0.8888888888888888,0.49674166522435426,0.5032583347756457
2003,0.0,9,True,0.4444444444444444,0.8888888888888888,0.49674166522435426,0.5032583347756457
2004,0.0,9,True,0.5555555555555555,0.8888888888888888,0.49674166522435426,0.5032583347756457
2005,0.0,9,True,0.48888888888888893,0.8888888888888888,0.49674166522435426,0.5032583347756457
2006,0.0,9,True,0.42962962962962964,0.8888888888888888,0.49674166522435426,0.5032583347756457
2007,0.0,9,True,0.6370370370370371,0.8888888888888888,0.49674166522435426,0.5032583347756457
2008,0.0,9,True,0.5259259259259259,0.8888888888888888,0.49674166522435426,0.5032583347756457
2009,0.0,9,True,0.4962962962962963,0.8888888888888888,0.49674166522435426,0.5032583347756457
2010,0.0,9,True,0.4962962962962963,0.8888888888888888,0.49674166522435426,0.5032583347756457
2011,0.0,9,True,0.5333333333333333,0.8888888888888888,0.49674166522435426,0.5032583347756457
2012,0.0,9,True,0.5333333333333333,1.0,1.0,0.0
2013,0.1111111111111111,8,True,0.5333333333333333,1.0,0.49674166522435426,0.0
2014,0.1111111111111111,8,True,0.5333333333333333,1.0,0.49674166522435426,0.0
2015,0.0,9,True,0.47407407407407404,0.8888888888888888,0.49674166522435426,0.5032583347756457
2016,0.0,9,True,0.5092592592592593,0.7777777777777778,0.3776340271255507,0.9864267287308424
2017,1.0,0,False,,,,
2018,0.0,9,True,0.5518518518518519,0.7777777777777778,0.3776340271255507,0.9864267287308424
2019,0.0,9,True,0.5111111111111111,0.8888888888888888,0.49674166522435426,0.5032583347756457
2020,0.0,9,True,0.5333333333333333,1.0,1.0,0.0
2021,0.0,9,True,0.5185185185185185,0.8888888888888888,0.49674166522435426,0.5032583347756457
2022,0.0,9,True,0.4074074074074074,0.6666666666666666,0.22749311428573982,1.224394445405986
2023,0.0,9,True,0.6,0.8888888888888888,0.49674166522435426,0.5032583347756457
2024,0.0,9,True,0.3462962962962963,0.5555555555555556,0.17112863674755563,1.6577427265048887
2025,0.0,9,True,0.4592592592592593,0.7777777777777778,0.3776340271255507,0.9864267287308424
2026,0.0,9,True,0.5333333333333333,1.0,1.0,0.0
2027,0.0,9,True,0.5055555555555556,0.6666666666666666,0.08170416594551044,0.9182958340544896
2028,0.0,9,True,0.5407407407407407,0.8888888888888888,0.49674166522435426,0.5032583347756457
2029,0.0,9,True,0.3537037037037037,0.5555555555555556,0.19034316658358497,1.8799649487271108
2030,0.8888888888888888,1,False,,,,
2031,0.8888888888888888,1,False,,,,
2032,1.0,0,False,,,,
2033,0.8888888888888888,1,False,,,,
2034,0.0,9,True,0.4055555555555556,0.6666666666666666,0.22749311428573982,1.224394445405986
2035,0.0,9,True,0.4,0.6666666666666666,0.22749311428573982,1.224394445405986
2036,0.0,9,True,0.5333333333333333,1.0,1.0,0.0
2037,0.0,9,True,0.562962962962963,0.8888888888888888,0.49674166522435426,0.5032583347756457
2038,0.0,9,True,0.5037037037037037,0.8888888888888888,0.49674166522435426,0.5032583347756457
2039,0.0,9,True,0.5333333333333333,0.8888888888888888,0.49674166522435426,0.5032583347756457
2040,0.0,9,True,0.5111111111111111,0.8888888888888888,0.49674166522435426,0.5032583347756457
2041,0.0,9,True,0.43148148148148147,0.6666666666666666,0.22749311428573982,1.224394445405986
2042,0.0,9,True,0.5851851851851853,0.8888888888888888,0.49674166522435426,0.5032583347756457
2043,0.0,9,True,0.5111111111111111,0.8888888888888888,0.49674166522435426,0.5032583347756457
2044,0.8888888888888888,1,False,,,,
2045,0.8888888888888888,1,False,,,,
2046,0.8888888888888888,1,False,,,,
2047,0.8888888888888888,1,False,,,,
2048,1.0,0,False,,,,
2049,1.0,0,False,,,,
2050,1.0,0,False,,,,
2051,1.0,0,False,,,,
2052,1.0,0,False,,,,
2053,1.0,0,False,,,,
2054,1.0,0,False,,,,
2055,1.0,0,False,,,,
2056,1.0,0,False,,,,
2057,1.0,0,False,,,,
2058,1.0,0,False,,,,
2059,1.0,0,False,,,,
2060,1.0,0,False,,,,
2061,1.0,0,False,,,,
2062,1.0,0,False,,,,
2063,1.0,0,False,,,,
2064,1.0,0,False,,,,
2065,1.0,0,False,,,,
2066,1.0,0,False,,,,
2067,1.0,0,False,,,,
2068,1.0,0,False,,,,
2069,1.0,0,False,,,,
2070,1.0,0,False,,,,
2071,1.0,0,False,,,,
2072,1.0,0,False,,,,
2073,1.0,0,False,,,,
2074,1.0,0,False,,,,
2075,1.0,0,False,,,,
2076,1.0,0,False,,,,
2077,1.0,0,False,,,,
2078,1.0,0,False,,,,
2079,1.0,0,False,,,,
2080,1.0,0,False,,,,
2081,1.0,0,False,,,,
2082,1.0,0,False,,,,
2083,1.0,0,False,,,,
2084,1.0,0,False,,,,
2085,1.0,0,False,,,,
2086,1.0,0,False,,,,
2087,1.0,0,False,,,,
2088,1.0,0,False,,,,
2089,1.0,0,False,,,,
2090,1.0,0,False,,,,
2091,1.0,0,False,,,,
2092,0.8888888888888888,1,False,,,,
2093,0.8888888888888888,1,False,,,,
2094,0.8888888888888888,1,False,,,,
2095,0.8888888888888888,1,False,,,,
2096,0.8888888888888888,1,False,,,,
2097,0.8888888888888888,1,False,,,,
2098,0.8888888888888888,1,False,,,,
2099,0.8888888888888888,1,False,,,,
2100,0.8888888888888888,1,False,,,,
2101,0.8888888888888888,1,False,,,,
2102,0.8888888888888888,1,False,,,,
2103,0.8888888888888888,1,False,,,,
2104,0.8888888888888888,1,False,,,,
2105,0.8888888888888888,1,False,,,,
2106,0.8888888888888888,1,False,,,,
2107,0.8888888888888888,1,False,,,,
2108,0.8888888888888888,1,False,,,,
2109,0.8888888888888888,1,False,,,,
2110,0.8888888888888888,1,False,,,,
2111,0.8888888888888888,1,False,,,,
2112,0.0,9,True,0.4425925925925926,0.7777777777777778,0.3776340271255507,0.9864267287308424
2113,0.0,9,True,0.6592592592592593,0.8888888888888888,0.49674166522435426,0.5032583347756457
2114,0.0,9,True,0.6,0.8888888888888888,0.49674166522435426,0.5032583347756457
2115,0.0,9,True,0.5777777777777778,0.8888888888888888,0.49674166522435426,0.5032583347756457
2116,0.0,9,True,0.562962962962963,0.8888888888888888,0.49674166522435426,0.5032583347756457
2117,0.0,9,True,0.6148148148148148,0.8888888888888888,0.49674166522435426,0.5032583347756457
2118,0.0,9,True,0.562962962962963,0.8888888888888888,0.49674166522435426,0.5032583347756457
2119,0.0,9,True,0.6074074074074074,0.8888888888888888,0.49674166522435426,0.5032583347756457
2120,0.0,9,True,0.42962962962962964,0.8888888888888888,0.49674166522435426,0.5032583347756457
2121,0.0,9,True,0.5185185185185185,0.8888888888888888,0.49674166522435426,0.5032583347756457
2122,0.0,9,True,0.4814814814814815,0.8888888888888888,0.49674166522435426,0.5032583347756457
2123,0.0,9,True,0.5111111111111111,0.8888888888888888,0.49674166522435426,0.5032583347756457
2124,0.0,9,True,0.6,1.0,1.0,0.0
2125,0.0,9,True,0.5203703703703704,0.7777777777777778,0.23579549349137974,0.7642045065086203
2126,0.0,9,True,0.4592592592592593,0.8888888888888888,0.49674166522435426,0.5032583347756457
2127,0.0,9,True,0.5555555555555555,0.8888888888888888,0.49674166522435426,0.5032583347756457
2128,0.0,9,True,0.5259259259259259,0.8888888888888888,0.49674166522435426,0.5032583347756457
2129,0.0,9,True,0.6,1.0,1.0,0.0
2130,0.0,9,True,0.5407407407407407,0.8888888888888888,0.49674166522435426,0.5032583347756457
2131,0.0,9,True,0.36666666666666664,0.7777777777777778,0.3776340271255507,0.9864267287308424
2132,0.1111111111111111,8,True,0.6666666666666666,1.0,0.49674166522435426,0.0
2133,0.1111111111111111,8,True,0.6,1.0,0.49674166522435426,0.0
2134,0.1111111111111111,8,True,0.5333333333333333,1.0,0.49674166522435426,0.0
2135,0.1111111111111111,8,True,0.6,1.0,0.49674166522435426,0.0
2136,0.1111111111111111,8,True,0.8666666666666667,1.0,0.49674166522435426,0.0
2137,0.1111111111111111,8,True,0.5333333333333333,1.0,0.49674166522435426,0.0
2138,0.1111111111111111,8,True,0.6,1.0,0.49674166522435426,0.0
2139,0.1111111111111111,8,True,0.6,1.0,0.49674166522435426,0.0
2140,0.1111111111111111,8,True,0.5333333333333333,1.0,0.49674166522435426,0.0
2141,0.1111111111111111,8,True,0.5333333333333333,1.0,0.49674166522435426,0.0
2142,0.1111111111111111,8,True,0.5333333333333333,1.0,0.49674166522435426,0.0
2143,0.1111111111111111,8,True,0.5333333333333333,1.0,0.49674166522435426,0.0
2144,0.1111111111111111,8,True,0.5333333333333333,1.0,0.49674166522435426,0.0
2145,0.1111111111111111,8,True,0.6,1.0,0.49674166522435426,0.0
2146,0.1111111111111111,8,True,0.6,1.0,0.49674166522435426,0.0
2147,0.1111111111111111,8,True,0.5333333333333333,1.0,0.49674166522435426,0.0
2148,0.1111111111111111,8,True,0.6666666666666666,1.0,0.49674166522435426,0.0
2149,0.1111111111111111,8,True,0.5833333333333334,0.875,0.3776340271255507,0.5435644431995964
2150,0.1111111111111111,8,True,0.6,1.0,0.49674166522435426,0.0
2151,0.1111111111111111,8,True,0.511904761904762,0.75,0.22749311428573982,0.8112781244591328
2152,0.1111111111111111,8,True,0.4595238095238095,0.625,0.17112863674755563,1.2987949406953985
2153,0.1111111111111111,8,True,0.5166666666666667,0.875,0.3776340271255507,0.5435644431995964
2154,0.1111111111111111,8,True,0.6,1.0,0.49674166522435426,0.0
2155,0.1111111111111111,8,True,0.35,0.625,0.19034316658358497,1.5487949406953985
2156,0.1111111111111111,8,True,0.6666666666666666,1.0,0.49674166522435426,0.0
2157,0.1111111111111111,8,True,0.39285714285714285,0.625,0.17112863674755563,1.2987949406953985
2158,0.1111111111111111,8,True,0.5833333333333334,0.875,0.3776340271255507,0.5435644431995964
2159,1.0,0,False,,,,
2160,1.0,0,False,,,,
2161,0.1111111111111111,8,True,0.4904761904761905,0.75,0.22749311428573982,0.8112781244591328
2162,0.1111111111111111,8,True,0.6666666666666666,1.0,0.49674166522435426,0.0
2163,0.1111111111111111,8,True,0.6,1.0,0.49674166522435426,0.0
2164,0.1111111111111111,8,True,0.48333333333333334,0.875,0.3776340271255507,0.5435644431995964
2165,0.1111111111111111,8,True,0.5333333333333333,1.0,0.49674166522435426,0.0
2166,0.1111111111111111,8,True,0.3785714285714286,0.625,0.17112863674755563,1.2987949406953985
2167,0.1111111111111111,8,True,0.3619047619047619,0.625,0.17112863674755563,1.2987949406953985
2168,0.1111111111111111,8,True,0.55,0.875,0.3776340271255507,0.5435644431995964
2169,0.1111111111111111,8,True,0.4023809523809524,0.75,0.2766916661858959,1.061278124459133
2170,0.1111111111111111,8,True,0.6666666666666666,1.0,0.49674166522435426,0.0
2171,0.1111111111111111,8,True,0.5166666666666667,0.875,0.3776340271255507,0.5435644431995964
2172,0.1111111111111111,8,True,0.6,1.0,0.49674166522435426,0.0
2173,0.1111111111111111,8,True,0.6,1.0,0.49674166522435426,0.0
2174,0.1111111111111111,8,True,0.5333333333333333,1.0,0.49674166522435426,0.0
2175,0.1111111111111111,8,True,0.5333333333333333,1.0,0.49674166522435426,0.0
2176,0.1111111111111111,8,True,0.6,1.0,0.49674166522435426,0.0
2177,0.1111111111111111,8,True,0.6,1.0,0.49674166522435426,0.0
2178,1.0,0,False,,,,
2179,1.0,0,False,,,,
2180,1.0,0,False,,,,
2181,1.0,0,False,,,,
2182,1.0,0,False,,,,
2183,1.0,0,False,,,,
2184,1.0,0,False,,,,
2185,1.0,0,False,,,,
2186,1.0,0,False,,,,
2187,1.0,0,False,,,,
2188,1.0,0,False,,,,
2189,1.0,0,False,,,,
2190,1.0,0,False,,,,
2191,1.0,0,False,,,,
2192,1.0,0,False,,,,
2193,1.0,0,False,,,,
2194,1.0,0,False,,,,
2195,1.0,0,False,,,,
2196,1.0,0,False,,,,
2197,1.0,0,False,,,,
2198,1.0,0,False,,,,
2199,1.0,0,False,,,,
2200,1.0,0,False,,,,
2201,1.0,0,False,,,,
2202,1.0,0,False,,,,
2203,1.0,0,False,,,,
2204,1.0,0,False,,,,
2205,1.0,0,False,,,,
2206,1.0,0,False,,,,
2207,1.0,0,False,,,,
2208,1.0,0,False,,,,
2209,1.0,0,False,,,,
2210,1.0,0,False,,,,
2211,1.0,0,False,,,,
2212,1.0,0,False,,,,
2213,1.0,0,False,,,,
2214,1.0,0,False,,,,
2215,1.0,0,False,,,,
2216,1.0,0,False,,,,
2217,1.0,0,False,,,,
2218,1.0,0,False,,,,
2219,1.0,0,False,,,,
2220,1.0,0,False,,,,
2221,1.0,0,False,,,,
2222,1.0,0,False,,,,
2223,1.0,0,False,,,,
2224,1.0,0,False,,,,
2225,1.0,0,False,,,,
2226,1.0,0,False,,,,
2227,1.0,0,False,,,,
2228,1.0,0,False,,,,
2229,1.0,0,False,,,,
2230,1.0,0,False,,,,
2231,1.0,0,False,,,,
2232,1.0,0,False,,,,
2233,1.0,0,False,,,,
2234,1.0,0,False,,,,
2235,1.0,0,False,,,,
2236,1.0,0,False,,,,
2237,1.0,0,False,,,,
2238,1.0,0,False,,,,
2239,1.0,0,False,,,,
2240,1.0,0,False,,,,
2241,1.0,0,False,,,,
2242,1.0,0,False,,,,
2243,1.0,0,False,,,,
2244,1.0,0,False,,,,
2245,1.0,0,False,,,,
2246,1.0,0,False,,,,
2247,1.0,0,False,,,,
2248,1.0,0,False,,,,
2249,1.0,0,False,,,,
2250,1.0,0,False,,,,
2251,1.0,0,False,,,,
2252,1.0,0,False,,,,
2253,1.0,0,False,,,,
2254,1.0,0,False,,,,
2255,1.0,0,False,,,,
2256,1.0,0,False,,,,
2257,1.0,0,False,,,,
2258,1.0,0,False,,,,
2259,1.0,0,False,,,,
2260,1.0,0,False,,,,
2261,1.0,0,False,,,,
2262,1.0,0,False,,,,
2263,1.0,0,False,,,,
2264,1.0,0,False,,,,
2265,1.0,0,False,,,,
2266,1.0,0,False,,,,
2267,1.0,0,False,,,,
2268,1.0,0,False,,,,
2269,1.0,0,False,,,,
2270,1.0,0,False,,,,
2271,1.0,0,False,,,,
2272,1.0,0,False,,,,
2273,1.0,0,False,,,,
2274,1.0,0,False,,,,
2275,0.1111111111111111,8,True,0.6666666666666666,1.0,0.49674166522435426,0.0
2276,0.1111111111111111,8,True,0.44761904761904764,0.75,0.22749311428573982,0.8112781244591328
2277,0.1111111111111111,8,True,0.5333333333333333,1.0,0.49674166522435426,0.0
2278,0.1111111111111111,8,True,0.6,1.0,0.49674166522435426,0.0
2279,0.1111111111111111,8,True,0.6666666666666666,1.0,0.49674166522435426,0.0
2280,0.1111111111111111,8,True,0.6666666666666666,1.0,0.49674166522435426,0.0
2281,0.1111111111111111,8,True,0.5333333333333333,1.0,0.49674166522435426,0.0
2282,0.1111111111111111,8,True,0.6666666666666666,1.0,0.49674166522435426,0.0
2283,0.1111111111111111,8,True,0.6,1.0,0.49674166522435426,0.0
2284,0.1111111111111111,8,True,0.4023809523809524,0.75,0.2766916661858959,1.061278124459133
2285,0.1111111111111111,8,True,0.6,1.0,0.49674166522435426,0.0
2286,0.1111111111111111,8,True,0.6,1.0,0.49674166522435426,0.0
2287,0.1111111111111111,8,True,0.6,1.0,0.49674166522435426,0.0
2288,0.1111111111111111,8,True,0.6,1.0,0.49674166522435426,0.0
2289,0.1111111111111111,8,True,0.5333333333333333,1.0,0.49674166522435426,0.0
2290,0.1111111111111111,8,True,0.5047619047619047,0.75,0.22749311428573982,0.8112781244591328
2291,0.1111111111111111,8,True,0.5333333333333333,1.0,0.49674166522435426,0.0
2292,0.1111111111111111,8,True,0.4166666666666667,0.75,0.2766916661858959,1.061278124459133
2293,0.1111111111111111,8,True,0.5333333333333333,1.0,0.49674166522435426,0.0
2294,0.1111111111111111,8,True,0.8,1.0,0.49674166522435426,0.0
2295,0.1111111111111111,8,True,0.6,1.0,0.49674166522435426,0.0
2296,0.2222222222222222,7,True,0.6666666666666666,1.0,0.23579549349137974,0.0
2297,0.2222222222222222,7,True,0.6666666666666666,1.0,0.23579549349137974,0.0
2298,0.2222222222222222,7,True,0.5333333333333333,1.0,0.23579549349137974,0.0
2299,0.2222222222222222,7,True,0.5428571428571428,0.8571428571428571,0.22749311428573982,0.5916727785823275
2300,0.2222222222222222,7,True,0.6095238095238095,0.8571428571428571,0.22749311428573982,0.5916727785823275
2301,0.2222222222222222,7,True,0.5333333333333333,1.0,0.23579549349137974,0.0
2302,0.2222222222222222,7,True,0.6666666666666666,1.0,0.23579549349137974,0.0
2303,0.2222222222222222,7,True,0.6,1.0,0.23579549349137974,0.0
2304,0.2222222222222222,7,True,0.4158730158730159,0.7142857142857143,0.17112863674755563,1.1488348542809166
2305,0.2222222222222222,7,True,0.32380952380952377,0.5714285714285714,0.11331711999846616,1.6644977792004614
2306,0.2222222222222222,7,True,0.6666666666666666,1.0,0.23579549349137974,0.0
2307,1.0,0,False,,,,
2308,1.0,0,False,,,,
2309,0.2222222222222222,7,True,0.580952380952381,0.8571428571428571,0.22749311428573982,0.5916727785823275
2310,0.2222222222222222,7,True,0.44126984126984126,0.7142857142857143,0.17112863674755563,1.1488348542809166
2311,0.2222222222222222,7,True,0.6666666666666666,1.0,0.23579549349137974,0.0
2312,0.2222222222222222,7,True,0.3936507936507937,0.5714285714285714,0.11331711999846616,1.6644977792004614
2313,0.2222222222222222,7,True,0.346031746031746,0.5714285714285714,0.11331711999846616,1.6644977792004614
2314,0.2222222222222222,7,True,0.6063492063492063,0.7142857142857143,0.09428740198616281,0.863120568566631
2315,0.2222222222222222,7,True,0.7333333333333333,1.0,0.23579549349137974,0.0
2316,0.2222222222222222,7,True,0.7333333333333333,1.0,0.23579549349137974,0.0
2317,0.2222222222222222,7,True,0.4,0.8571428571428571,0.22749311428573982,0.5916727785823275
2318,0.2222222222222222,7,True,0.6666666666666666,1.0,0.23579549349137974,0.0
2319,0.2222222222222222,7,True,0.5333333333333333,1.0,0.23579549349137974,0.0
2320,0.2222222222222222,7,True,0.4380952380952381,0.8571428571428571,0.22749311428573982,0.5916727785823275
2321,0.2222222222222222,7,True,0.6666666666666666,1.0,0.23579549349137974,0.0
2322,0.2222222222222222,7,True,0.5333333333333333,1.0,0.23579549349137974,0.0
2323,0.2222222222222222,7,True,0.5904761904761905,0.8571428571428571,0.22749311428573982,0.5916727785823275
2324,0.2222222222222222,7,True,0.5015873015873016,0.7142857142857143,0.09428740198616281,0.863120568566631
2325,0.2222222222222222,7,True,0.5333333333333333,1.0,0.23579549349137974,0.0
2326,1.0,0,False,,,,
2327,0.2222222222222222,7,True,0.5333333333333333,1.0,0.23579549349137974,0.0
2328,0.2222222222222222,7,True,0.6,1.0,0.23579549349137974,0.0
2329,0.2222222222222222,7,True,0.6666666666666666,1.0,0.23579549349137974,0.0
2330,0.2222222222222222,7,True,0.5333333333333333,1.0,0.23579549349137974,0.0
2331,0.2222222222222222,7,True,0.5333333333333333,1.0,0.23579549349137974,0.0
2332,0.2222222222222222,7,True,0.6,1.0,0.23579549349137974,0.0
2333,0.2222222222222222,7,True,0.5333333333333333,1.0,0.23579549349137974,0.0
2334,0.2222222222222222,7,True,0.49523809523809526,0.8571428571428571,0.22749311428573982,0.5916727785823275
2335,0.2222222222222222,7,True,0.6,1.0,0.23579549349137974,0.0
2336,0.2222222222222222,7,True,0.6,1.0,0.23579549349137974,0.0
2337,0.2222222222222222,7,True,0.6666666666666666,1.0,0.23579549349137974,0.0
2338,0.2222222222222222,7,True,0.6,1.0,0.23579549349137974,0.0
2339,0.2222222222222222,7,True,0.5428571428571428,0.8571428571428571,0.22749311428573982,0.5916727785823275
2340,0.2222222222222222,7,True,0.6,1.0,0.23579549349137974,0.0
2341,0.2222222222222222,7,True,0.47619047619047616,0.8571428571428571,0.22749311428573982,0.5916727785823275
2342,0.1111111111111111,8,True,0.5928571428571429,0.75,0.22749311428573982,0.8112781244591328
2343,0.1111111111111111,8,True,0.369047619047619,0.625,0.19034316658358497,1.5487949406953985
2344,0.1111111111111111,8,True,0.7333333333333333,1.0,0.49674166522435426,0.0
2345,0.1111111111111111,8,True,0.5333333333333333,1.0,0.49674166522435426,0.0
2346,0.1111111111111111,8,True,0.6,1.0,0.49674166522435426,0.0
2347,0.1111111111111111,8,True,0.55,0.875,0.3776340271255507,0.5435644431995964
2348,0.1111111111111111,8,True,0.6666666666666666,1.0,0.49674166522435426,0.0
2349,0.1111111111111111,8,True,0.55,0.875,0.3776340271255507,0.5435644431995964
2350,0.1111111111111111,8,True,0.6,1.0,0.49674166522435426,0.0
2351,0.1111111111111111,8,True,0.4071428571428572,0.75,0.22749311428573982,0.8112781244591328
2352,0.1111111111111111,8,True,0.6,1.0,0.49674166522435426,0.0
2353,0.1111111111111111,8,True,0.6,1.0,0.49674166522435426,0.0
2354,0.1111111111111111,8,True,0.33809523809523806,0.625,0.19034316658358497,1.5487949406953985
2355,0.1111111111111111,8,True,0.3357142857142857,0.75,0.22749311428573982,0.8112781244591328
2356,0.1111111111111111,8,True,0.5333333333333333,0.875,0.3776340271255507,0.5435644431995964
2357,0.1111111111111111,8,True,0.6,1.0,0.49674166522435426,0.0
2358,0.1111111111111111,8,True,0.6,1.0,0.49674166522435426,0.0
2359,0.1111111111111111,8,True,0.6666666666666666,1.0,0.49674166522435426,0.0
2360,0.1111111111111111,8,True,0.45,0.875,0.3776340271255507,0.5435644431995964
2361,0.1111111111111111,8,True,1.0,1.0,0.49674166522435426,0.0
2362,0.1111111111111111,8,True,0.5333333333333333,1.0,0.49674166522435426,0.0
2363,0.1111111111111111,8,True,0.7333333333333333,1.0,0.49674166522435426,0.0
2364,0.1111111111111111,8,True,0.5333333333333333,1.0,0.49674166522435426,0.0
2365,0.1111111111111111,8,True,0.45,0.625,0.1472075115099596,0.954434002924965
2366,0.1111111111111111,8,True,0.48333333333333334,0.875,0.3776340271255507,0.5435644431995964
2367,0.1111111111111111,8,True,0.7333333333333333,1.0,0.49674166522435426,0.0
2368,0.1111111111111111,8,True,0.6,1.0,0.49674166522435426,0.0
2369,0.1111111111111111,8,True,0.6666666666666666,1.0,0.49674166522435426,0.0
2370,0.1111111111111111,8,True,0.5333333333333333,1.0,0.49674166522435426,0.0
2371,0.1111111111111111,8,True,0.5333333333333333,1.0,0.49674166522435426,0.0
2372,0.1111111111111111,8,True,0.39047619047619053,0.75,0.2766916661858959,1.061278124459133
2373,0.1111111111111111,8,True,0.42142857142857143,0.75,0.22749311428573982,0.8112781244591328
2374,0.1111111111111111,8,True,0.6666666666666666,1.0,0.49674166522435426,0.0
2375,0.1111111111111111,8,True,0.6666666666666666,1.0,0.49674166522435426,0.0
2376,0.8888888888888888,1,False,,,,
2377,0.1111111111111111,8,True,0.55,0.75,0.22749311428573982,0.8112781244591328
2378,0.1111111111111111,8,True,0.6666666666666666,1.0,0.49674166522435426,0.0
2379,0.1111111111111111,8,True,0.6666666666666666,1.0,0.49674166522435426,0.0
2380,0.1111111111111111,8,True,0.4285714285714286,0.75,0.22749311428573982,0.8112781244591328
2381,0.1111111111111111,8,True,0.6,1.0,0.49674166522435426,0.0
2382,0.1111111111111111,8,True,0.5333333333333333,1.0,0.49674166522435426,0.0
2383,0.1111111111111111,8,True,0.5333333333333333,1.0,0.49674166522435426,0.0
2384,0.1111111111111111,8,True,0.39285714285714285,0.625,0.17112863674755563,1.2987949406953985
2385,0.1111111111111111,8,True,0.5333333333333333,1.0,0.49674166522435426,0.0
2386,0.1111111111111111,8,True,0.6666666666666666,1.0,0.49674166522435426,0.0
2387,0.1111111111111111,8,True,0.31666666666666665,0.5,0.08170416594551055,1.5
2388,0.1111111111111111,8,True,0.5333333333333333,1.0,0.49674166522435426,0.0
2389,0.8888888888888888,1,False,,,,
2390,0.1111111111111111,8,True,0.5333333333333333,1.0,0.49674166522435426,0.0
2391,0.1111111111111111,8,True,0.5142857142857143,0.75,0.22749311428573982,0.8112781244591328
2392,0.1111111111111111,8,True,0.4523809523809524,0.75,0.2766916661858959,1.061278124459133
2393,0.1111111111111111,8,True,0.5333333333333333,1.0,0.49674166522435426,0.0
2394,0.1111111111111111,8,True,0.45,0.625,0.1472075115099596,0.954434002924965
2395,0.1111111111111111,8,True,0.4666666666666667,0.875,0.3776340271255507,0.5435644431995964
2396,0.1111111111111111,8,True,0.6,1.0,0.49674166522435426,0.0
2397,0.1111111111111111,8,True,0.4,0.625,0.17112863674755563,1.2987949406953985
2398,0.1111111111111111,8,True,0.6,1.0,0.49674166522435426,0.0
2399,0.1111111111111111,8,True,0.55,0.875,0.3776340271255507,0.5435644431995964
2400,0.1111111111111111,8,True,0.32857142857142857,0.5,0.11757477645534242,2.0
2401,1.0,0,False,,,,
2402,1.0,0,False,,,,
2403,1.0,0,False,,,,
2404,1.0,0,False,,,,
2405,1.0,0,False,,,,
2406,0.1111111111111111,8,True,0.55,0.875,0.3776340271255507,0.5435644431995964
2407,0.1111111111111111,8,True,0.6,0.875,0.3776340271255507,0.5435644431995964
2408,0.1111111111111111,8,True,0.3333333333333333,0.5,0.11331711999846616,1.75
2409,0.1111111111111111,8,True,0.4095238095238095,0.75,0.2766916661858959,1.061278124459133
2410,0.1111111111111111,8,True,0.38571428571428573,0.625,0.17112863674755563,1.2987949406953985
2411,0.1111111111111111,8,True,0.55,0.875,0.3776340271255507,0.5435644431995964
2412,0.1111111111111111,8,True,0.55,0.875,0.3776340271255507,0.5435644431995964
2413,0.1111111111111111,8,True,0.5142857142857143,0.75,0.22749311428573982,0.8112781244591328
2414,0.2222222222222222,7,True,0.35238095238095235,0.7142857142857143,0.17112863674755563,1.1488348542809166
2415,0.3333333333333333,6,True,0.28444444444444444,0.5,0.0544694439636737,1.4591479170272446
2416,0.3333333333333333,6,True,0.6,1.0,0.08170416594551044,0.0
2417,0.5555555555555556,4,False,,,,
2418,0.5555555555555556,4,False,,,,
2419,0.5555555555555556,4,False,,,,
2420,0.5555555555555556,4,False,,,,
2421,0.5555555555555556,4,False,,,,
2422,0.5555555555555556,4,False,,,,
2423,0.4444444444444444,5,True,0.30666666666666664,0.4,0.08170416594551044,1.5219280948873621
2424,0.1111111111111111,8,True,0.4023809523809524,0.75,0.2766916661858959,1.061278124459133
2425,0.1111111111111111,8,True,0.55,0.875,0.3776340271255507,0.5435644431995964
2426,0.1111111111111111,8,True,0.4142857142857143,0.75,0.2766916661858959,1.061278124459133
2427,0.1111111111111111,8,True,0.42142857142857143,0.75,0.22749311428573982,0.8112781244591328
2428,0.1111111111111111,8,True,0.48333333333333334,0.875,0.3776340271255507,0.5435644431995964
2429,0.1111111111111111,8,True,0.3880952380952381,0.75,0.2766916661858959,1.061278124459133
2430,0.1111111111111111,8,True,0.5095238095238095,0.75,0.2766916661858959,1.061278124459133
2431,0.1111111111111111,8,True,0.36666666666666664,0.625,0.17112863674755563,1.2987949406953985
2432,0.1111111111111111,8,True,0.37380952380952387,0.625,0.17112863674755563,1.2987949406953985
2433,0.1111111111111111,8,True,1.0,1.0,0.49674166522435426,0.0
2434,0.1111111111111111,8,True,0.46904761904761905,0.625,0.1472075115099596,0.954434002924965
2435,0.1111111111111111,8,True,0.4,0.625,0.17112863674755563,1.2987949406953985
2436,0.8888888888888888,1,False,,,,
2437,0.1111111111111111,8,True,0.6,1.0,0.49674166522435426,0.0
2438,1.0,0,False,,,,
2439,1.0,0,False,,,,
2440,1.0,0,False,,,,
2441,0.1111111111111111,8,True,0.5166666666666667,0.875,0.3776340271255507,0.5435644431995964
2442,0.1111111111111111,8,True,0.4595238095238095,0.75,0.22749311428573982,0.8112781244591328
2443,0.1111111111111111,8,True,0.48333333333333334,0.75,0.22749311428573982,0.8112781244591328
2444,0.1111111111111111,8,True,0.45,0.625,0.17112863674755563,1.2987949406953985
2445,0.1111111111111111,8,True,0.47380952380952385,0.625,0.17112863674755563,1.2987949406953985
2446,0.1111111111111111,8,True,0.6,1.0,0.49674166522435426,0.0
2447,0.1111111111111111,8,True,0.7333333333333333,1.0,0.49674166522435426,0.0
2448,0.1111111111111111,8,True,0.33809523809523806,0.75,0.22749311428573982,0.8112781244591328
2449,0.1111111111111111,8,True,0.4166666666666667,0.75,0.2766916661858959,1.061278124459133
2450,0.1111111111111111,8,True,0.47380952380952385,0.75,0.2766916661858959,1.061278124459133
2451,0.1111111111111111,8,True,0.5,0.875,0.3776340271255507,0.5435644431995964
2452,0.1111111111111111,8,True,0.44285714285714284,0.75,0.2766916661858959,1.061278124459133
2453,0.1111111111111111,8,True,0.7333333333333333,1.0,0.49674166522435426,0.0
2454,0.1111111111111111,8,True,0.4261904761904762,0.75,0.2766916661858959,1.061278124459133
2455,0.1111111111111111,8,True,0.5,0.875,0.3776340271255507,0.5435644431995964
2456,0.1111111111111111,8,True,0.6,1.0,0.49674166522435426,0.0
2457,0.1111111111111111,8,True,0.5333333333333333,1.0,0.49674166522435426,0.0
2458,0.1111111111111111,8,True,0.6,1.0,0.49674166522435426,0.0
2459,0.1111111111111111,8,True,0.4380952380952381,0.75,0.2766916661858959,1.061278124459133
2460,0.1111111111111111,8,True,0.511904761904762,0.75,0.22749311428573982,0.8112781244591328
2461,0.1111111111111111,8,True,0.6,1.0,0.49674166522435426,0.0
2462,0.1111111111111111,8,True,0.48333333333333334,0.875,0.3776340271255507,0.5435644431995964
2463,0.1111111111111111,8,True,0.47380952380952385,0.75,0.2766916661858959,1.061278124459133
2464,0.1111111111111111,8,True,0.4023809523809524,0.75,0.2766916661858959,1.061278124459133
2465,0.1111111111111111,8,True,0.48333333333333334,0.875,0.3776340271255507,0.5435644431995964
2466,0.1111111111111111,8,True,0.319047619047619,0.75,0.2766916661858959,1.061278124459133
2467,0.1111111111111111,8,True,0.36666666666666664,0.75,0.2766916661858959,1.061278124459133
2468,0.8888888888888888,1,False,,,,
2469,0.8888888888888888,1,False,,,,
2470,0.8888888888888888,1,False,,,,
2471,0.8888888888888888,1,False,,,,
2472,0.8888888888888888,1,False,,,,
2473,0.1111111111111111,8,True,0.46904761904761905,0.75,0.2766916661858959,1.061278124459133
2474,0.1111111111111111,8,True,0.6,1.0,0.49674166522435426,0.0
2475,0.1111111111111111,8,True,0.3880952380952381,0.5,0.11331711999846616,1.75
2476,0.1111111111111111,8,True,0.3333333333333333,0.625,0.19034316658358497,1.5487949406953985
2477,0.1111111111111111,8,True,0.34523809523809523,0.5,0.11331711999846616,1.75
2478,0.1111111111111111,8,True,0.4,0.75,0.2766916661858959,1.061278124459133
2479,0.1111111111111111,8,True,0.3428571428571428,0.5,0.12364236051014776,1.4056390622295665
2480,0.1111111111111111,8,True,0.43333333333333335,0.875,0.3776340271255507,0.5435644431995964
2481,0.2222222222222222,7,True,0.7333333333333333,1.0,0.23579549349137974,0.0
2482,0.2222222222222222,7,True,0.580952380952381,0.8571428571428571,0.22749311428573982,0.5916727785823275
2483,0.2222222222222222,7,True,0.4666666666666667,0.8571428571428571,0.22749311428573982,0.5916727785823275
2484,0.2222222222222222,7,True,0.4380952380952381,0.7142857142857143,0.17112863674755563,1.1488348542809166
2485,0.2222222222222222,7,True,0.273015873015873,0.42857142857142855,0.05373481277819914,1.8423709931771084
2486,0.7777777777777778,2,False,,,,
2487,0.7777777777777778,2,False,,,,
2488,0.8888888888888888,1,False,,,,
2489,0.8888888888888888,1,False,,,,
2490,0.8888888888888888,1,False,,,,
2491,0.8888888888888888,1,False,,,,
2492,0.8888888888888888,1,False,,,,
2493,0.8888888888888888,1,False,,,,
2494,0.8888888888888888,1,False,,,,
2495,0.8888888888888888,1,False,,,,
2496,0.8888888888888888,1,False,,,,
2497,0.8888888888888888,1,False,,,,
2498,0.8888888888888888,1,False,,,,
2499,0.8888888888888888,1,False,,,,
2500,0.2222222222222222,7,True,0.4571428571428572,0.7142857142857143,0.17112863674755563,1.1488348542809166
2501,0.2222222222222222,7,True,0.6476190476190476,0.8571428571428571,0.22749311428573982,0.5916727785823275
2502,0.2222222222222222,7,True,0.8,1.0,0.23579549349137974,0.0
2503,0.2222222222222222,7,True,0.4666666666666667,0.8571428571428571,0.22749311428573982,0.5916727785823275
2504,0.2222222222222222,7,True,0.4444444444444444,0.7142857142857143,0.17112863674755563,1.1488348542809166
2505,0.2222222222222222,7,True,0.580952380952381,0.8571428571428571,0.22749311428573982,0.5916727785823275
2506,0.2222222222222222,7,True,0.473015873015873,0.7142857142857143,0.09428740198616281,0.863120568566631
2507,0.2222222222222222,7,True,0.6666666666666666,1.0,0.23579549349137974,0.0
2508,0.2222222222222222,7,True,0.7333333333333333,1.0,0.23579549349137974,0.0
2509,0.2222222222222222,7,True,0.4222222222222223,0.7142857142857143,0.17112863674755563,1.1488348542809166
2510,0.8888888888888888,1,False,,,,
2511,0.8888888888888888,1,False,,,,
2512,0.6666666666666666,3,False,,,,
2513,0.6666666666666666,3,False,,,,
2514,0.7777777777777778,2,False,,,,
2515,0.7777777777777778,2,False,,,,
2516,0.7777777777777778,2,False,,,,
2517,0.7777777777777778,2,False,,,,
2518,0.7777777777777778,2,False,,,,
2519,0.7777777777777778,2,False,,,,
2520,0.7777777777777778,2,False,,,,
2521,0.7777777777777778,2,False,,,,
2522,0.7777777777777778,2,False,,,,
2523,0.7777777777777778,2,False,,,,
2524,0.7777777777777778,2,False,,,,
2525,0.7777777777777778,2,False,,,,
2526,0.7777777777777778,2,False,,,,
2527,0.7777777777777778,2,False,,,,
2528,0.7777777777777778,2,False,,,,
2529,0.7777777777777778,2,False,,,,
2530,0.7777777777777778,2,False,,,,
2531,0.7777777777777778,2,False,,,,
2532,1.0,0,False,,,,
2533,1.0,0,False,,,,
2534,0.7777777777777778,2,False,,,,
2535,0.7777777777777778,2,False,,,,
2536,0.7777777777777778,2,False,,,,
2537,0.7777777777777778,2,False,,,,
2538,0.7777777777777778,2,False,,,,
2539,0.7777777777777778,2,False,,,,
2540,0.7777777777777778,2,False,,,,
2541,0.8888888888888888,1,False,,,,
2542,0.8888888888888888,1,False,,,,
2543,0.6666666666666666,3,False,,,,
2544,0.6666666666666666,3,False,,,,
2545,0.6666666666666666,3,False,,,,
2546,1.0,0,False,,,,
2547,1.0,0,False,,,,
2548,1.0,0,False,,,,
2549,1.0,0,False,,,,
2550,1.0,0,False,,,,
2551,0.6666666666666666,3,False,,,,
2552,0.6666666666666666,3,False,,,,
2553,0.6666666666666666,3,False,,,,
2554,1.0,0,False,,,,
2555,1.0,0,False,,,,
2556,1.0,0,False,,,,
2557,1.0,0,False,,,,
2558,1.0,0,False,,,,
2559,1.0,0,False,,,,
2560,1.0,0,False,,,,
2561,1.0,0,False,,,,
2562,1.0,0,False,,,,
2563,0.6666666666666666,3,False,,,,
2564,0.5555555555555556,4,False,,,,
2565,0.5555555555555556,4,False,,,,
2566,0.1111111111111111,8,True,0.35238095238095235,0.625,0.19034316658358497,1.5487949406953985
2567,0.1111111111111111,8,True,0.5166666666666667,0.875,0.3776340271255507,0.5435644431995964
2568,0.1111111111111111,8,True,0.5333333333333333,0.875,0.3776340271255507,0.5435644431995964
2569,0.1111111111111111,8,True,0.41190476190476194,0.75,0.2766916661858959,1.061278124459133
2570,1.0,0,False,,,,
2571,1.0,0,False,,,,
2572,1.0,0,False,,,,
2573,1.0,0,False,,,,
2574,1.0,0,False,,,,
2575,1.0,0,False,,,,
2576,1.0,0,False,,,,
2577,1.0,0,False,,,,
2578,1.0,0,False,,,,
2579,1.0,0,False,,,,
2580,1.0,0,False,,,,
2581,1.0,0,False,,,,
2582,1.0,0,False,,,,
2583,1.0,0,False,,,,
2584,0.1111111111111111,8,True,0.3880952380952381,0.625,0.17112863674755563,1.2987949406953985
2585,0.1111111111111111,8,True,0.5,0.875,0.3776340271255507,0.5435644431995964
2586,0.1111111111111111,8,True,0.6,1.0,0.49674166522435426,0.0
2587,0.1111111111111111,8,True,0.6,1.0,0.49674166522435426,0.0
2588,0.1111111111111111,8,True,0.6666666666666666,1.0,0.49674166522435426,0.0
2589,0.1111111111111111,8,True,0.6666666666666666,1.0,0.49674166522435426,0.0
2590,0.1111111111111111,8,True,0.5,0.875,0.3776340271255507,0.5435644431995964
2591,0.1111111111111111,8,True,0.6,1.0,0.49674166522435426,0.0
2592,0.1111111111111111,8,True,0.7333333333333333,1.0,0.49674166522435426,0.0
2593,0.1111111111111111,8,True,0.5333333333333333,1.0,0.49674166522435426,0.0
2594,0.1111111111111111,8,True,0.45,0.875,0.3776340271255507,0.5435644431995964
2595,0.1111111111111111,8,True,0.6,1.0,0.49674166522435426,0.0
2596,0.1111111111111111,8,True,0.6666666666666666,1.0,0.49674166522435426,0.0
2597,0.1111111111111111,8,True,0.5333333333333333,1.0,0.49674166522435426,0.0
2598,0.1111111111111111,8,True,0.6,1.0,0.49674166522435426,0.0
2599,0.1111111111111111,8,True,0.6,1.0,0.49674166522435426,0.0
2600,0.1111111111111111,8,True,0.5333333333333333,1.0,0.49674166522435426,0.0
2601,0.1111111111111111,8,True,0.5333333333333333,1.0,0.49674166522435426,0.0
2602,0.1111111111111111,8,True,0.5166666666666667,0.875,0.3776340271255507,0.5435644431995964
2603,0.1111111111111111,8,True,0.5666666666666667,0.875,0.3776340271255507,0.5435644431995964
2604,0.1111111111111111,8,True,0.5333333333333333,0.875,0.3776340271255507,0.5435644431995964
2605,0.1111111111111111,8,True,0.47619047619047616,0.75,0.22749311428573982,0.8112781244591328
2606,0.1111111111111111,8,True,0.6,1.0,0.49674166522435426,0.0
2607,0.1111111111111111,8,True,0.6666666666666666,1.0,0.49674166522435426,0.0
2608,0.1111111111111111,8,True,0.5,0.875,0.3776340271255507,0.5435644431995964
2609,0.1111111111111111,8,True,0.6666666666666666,1.0,0.49674166522435426,0.0
2610,0.1111111111111111,8,True,0.6,1.0,0.49674166522435426,0.0
2611,0.1111111111111111,8,True,0.4523809523809524,0.75,0.2766916661858959,1.061278124459133
2612,0.1111111111111111,8,True,0.5166666666666667,0.875,0.3776340271255507,0.5435644431995964
2613,0.1111111111111111,8,True,0.4904761904761905,0.75,0.2766916661858959,1.061278124459133
2614,0.2222222222222222,7,True,0.6095238095238095,0.8571428571428571,0.22749311428573982,0.5916727785823275
2615,0.8888888888888888,1,False,,,,
2616,0.8888888888888888,1,False,,,,
2617,0.1111111111111111,8,True,0.6666666666666666,1.0,0.49674166522435426,0.0
2618,0.1111111111111111,8,True,0.6,1.0,0.49674166522435426,0.0
2619,0.1111111111111111,8,True,0.6,1.0,0.49674166522435426,0.0
2620,0.1111111111111111,8,True,0.5166666666666667,0.875,0.3776340271255507,0.5435644431995964
2621,0.1111111111111111,8,True,0.5333333333333333,1.0,0.49674166522435426,0.0
2622,0.1111111111111111,8,True,0.6666666666666666,1.0,0.49674166522435426,0.0
2623,0.1111111111111111,8,True,0.5333333333333333,1.0,0.49674166522435426,0.0
2624,0.1111111111111111,8,True,0.5666666666666667,0.875,0.3776340271255507,0.5435644431995964
2625,0.1111111111111111,8,True,0.46904761904761905,0.75,0.2766916661858959,1.061278124459133
2626,0.1111111111111111,8,True,0.43333333333333335,0.875,0.3776340271255507,0.5435644431995964
2627,0.1111111111111111,8,True,0.4595238095238095,0.75,0.2766916661858959,1.061278124459133
2628,1.0,0,False,,,,
2629,1.0,0,False,,,,
2630,1.0,0,False,,,,
2631,1.0,0,False,,,,
2632,1.0,0,False,,,,
2633,1.0,0,False,,,,
2634,1.0,0,False,,,,
2635,1.0,0,False,,,,
2636,1.0,0,False,,,,
2637,1.0,0,False,,,,
2638,1.0,0,False,,,,
2639,1.0,0,False,,,,
2640,1.0,0,False,,,,
2641,1.0,0,False,,,,
2642,1.0,0,False,,,,
2643,1.0,0,False,,,,
2644,1.0,0,False,,,,
2645,1.0,0,False,,,,
2646,1.0,0,False,,,,
2647,1.0,0,False,,,,
2648,1.0,0,False,,,,
2649,1.0,0,False,,,,
2650,1.0,0,False,,,,
2651,1.0,0,False,,,,
2652,1.0,0,False,,,,
2653,1.0,0,False,,,,
2654,1.0,0,False,,,,
2655,1.0,0,False,,,,
2656,1.0,0,False,,,,
2657,1.0,0,False,,,,
2658,1.0,0,False,,,,
2659,1.0,0,False,,,,
2660,1.0,0,False,,,,
2661,1.0,0,False,,,,
2662,1.0,0,False,,,,
2663,1.0,0,False,,,,
2664,1.0,0,False,,,,
2665,1.0,0,False,,,,
2666,1.0,0,False,,,,
2667,1.0,0,False,,,,
2668,1.0,0,False,,,,
2669,1.0,0,False,,,,
2670,1.0,0,False,,,,
2671,1.0,0,False,,,,
2672,1.0,0,False,,,,
2673,1.0,0,False,,,,
2674,1.0,0,False,,,,
2675,1.0,0,False,,,,
2676,0.1111111111111111,8,True,0.5333333333333333,0.875,0.3776340271255507,0.5435644431995964
2677,0.1111111111111111,8,True,0.48333333333333334,0.875,0.3776340271255507,0.5435644431995964
2678,0.1111111111111111,8,True,0.48333333333333334,0.875,0.3776340271255507,0.5435644431995964
2679,0.1111111111111111,8,True,0.4666666666666667,0.875,0.3776340271255507,0.5435644431995964
2680,0.1111111111111111,8,True,0.4666666666666667,0.875,0.3776340271255507,0.5435644431995964
2681,0.8888888888888888,1,False,,,,
2682,0.8888888888888888,1,False,,,,
2683,0.8888888888888888,1,False,,,,
2684,0.8888888888888888,1,False,,,,
2685,0.8888888888888888,1,False,,,,
2686,0.8888888888888888,1,False,,,,
2687,0.8888888888888888,1,False,,,,
2688,0.8888888888888888,1,False,,,,
2689,0.8888888888888888,1,False,,,,
2690,0.4444444444444444,5,True,0.41333333333333333,0.8,0.1216528952381466,0.7219280948873623
2691,0.1111111111111111,8,True,0.3357142857142857,0.5,0.11757477645534242,2.0
2692,0.5555555555555556,4,False,,,,
2693,0.1111111111111111,8,True,0.43333333333333335,0.875,0.3776340271255507,0.5435644431995964
2694,0.1111111111111111,8,True,0.5142857142857143,0.75,0.22749311428573982,0.8112781244591328
2695,1.0,0,False,,,,
2696,0.1111111111111111,8,True,0.5833333333333334,0.875,0.3776340271255507,0.5435644431995964
2697,0.1111111111111111,8,True,0.5166666666666667,0.875,0.3776340271255507,0.5435644431995964
2698,0.1111111111111111,8,True,0.5833333333333334,0.875,0.3776340271255507,0.5435644431995964
2699,0.1111111111111111,8,True,0.6666666666666666,1.0,0.49674166522435426,0.0
2700,0.1111111111111111,8,True,0.5,0.875,0.3776340271255507,0.5435644431995964
2701,0.1111111111111111,8,True,0.4976190476190476,0.75,0.22749311428573982,0.8112781244591328
2702,0.1111111111111111,8,True,0.45,0.875,0.3776340271255507,0.5435644431995964
2703,0.1111111111111111,8,True,0.43333333333333335,0.75,0.2766916661858959,1.061278124459133
2704,0.1111111111111111,8,True,0.5047619047619047,0.75,0.22749311428573982,0.8112781244591328
2705,0.1111111111111111,8,True,0.42380952380952386,0.75,0.2766916661858959,1.061278124459133
2706,0.1111111111111111,8,True,0.44761904761904764,0.625,0.17112863674755563,1.2987949406953985
2707,0.7777777777777778,2,False,,,,
2708,1.0,0,False,,,,
2709,1.0,0,False,,,,
2710,1.0,0,False,,,,
2711,1.0,0,False,,,,
2712,0.1111111111111111,8,True,0.45476190476190476,0.625,0.17112863674755563,1.2987949406953985
2713,1.0,0,False,,,,
2714,0.1111111111111111,8,True,0.43333333333333335,0.875,0.3776340271255507,0.5435644431995964
2715,0.2222222222222222,7,True,0.346031746031746,0.7142857142857143,0.17112863674755563,1.1488348542809166
2716,0.1111111111111111,8,True,0.2357142857142857,0.5,0.11757477645534242,2.0
2717,0.1111111111111111,8,True,0.2261904761904762,0.5,0.11331711999846616,1.75
2718,0.1111111111111111,8,True,0.2857142857142857,0.375,0.05904160991070073,2.4056390622295662
2719,0.2222222222222222,7,True,0.2380952380952381,0.2857142857142857,0.03160748595877738,2.2359263506290326
2720,0.2222222222222222,7,True,0.326984126984127,0.42857142857142855,0.06405530255413405,2.1280852788913944
2721,0.2222222222222222,7,True,0.3428571428571428,0.5714285714285714,0.11331711999846616,1.6644977792004614
2722,0.6666666666666666,3,False,,,,
2723,0.7777777777777778,2,False,,,,
2724,0.7777777777777778,2,False,,,,
2725,0.7777777777777778,2,False,,,,
2726,0.7777777777777778,2,False,,,,
2727,0.8888888888888888,1,False,,,,
2728,0.8888888888888888,1,False,,,,
2729,0.8888888888888888,1,False,,,,
2730,0.8888888888888888,1,False,,,,
2731,0.8888888888888888,1,False,,,,
2732,0.7777777777777778,2,False,,,,
2733,0.7777777777777778,2,False,,,,
2734,0.7777777777777778,2,False,,,,
2735,0.7777777777777778,2,False,,,,
2736,0.7777777777777778,2,False,,,,
2737,0.7777777777777778,2,False,,,,
2738,0.7777777777777778,2,False,,,,
2739,0.7777777777777778,2,False,,,,
2740,0.7777777777777778,2,False,,,,
2741,0.8888888888888888,1,False,,,,
2742,1.0,0,False,,,,
2743,1.0,0,False,,,,
2744,1.0,0,False,,,,
2745,1.0,0,False,,,,
2746,1.0,0,False,,,,
2747,1.0,0,False,,,,
2748,1.0,0,False,,,,
2749,1.0,0,False,,,,
2750,1.0,0,False,,,,
2751,1.0,0,False,,,,
2752,1.0,0,False,,,,
2753,0.8888888888888888,1,False,,,,
2754,0.8888888888888888,1,False,,,,
2755,0.8888888888888888,1,False,,,,
2756,0.8888888888888888,1,False,,,,
2757,0.8888888888888888,1,False,,,,
2758,0.8888888888888888,1,False,,,,
2759,0.8888888888888888,1,False,,,,
2760,0.8888888888888888,1,False,,,,
2761,0.8888888888888888,1,False,,,,
2762,0.8888888888888888,1,False,,,,
2763,0.8888888888888888,1,False,,,,
2764,0.8888888888888888,1,False,,,,
2765,0.8888888888888888,1,False,,,,
2766,0.8888888888888888,1,False,,,,
2767,0.8888888888888888,1,False,,,,
2768,0.8888888888888888,1,False,,,,
2769,0.8888888888888888,1,False,,,,
2770,0.8888888888888888,1,False,,,,
2771,0.8888888888888888,1,False,,,,
2772,0.8888888888888888,1,False,,,,
2773,0.8888888888888888,1,False,,,,
2774,0.8888888888888888,1,False,,,,
2775,0.8888888888888888,1,False,,,,
2776,0.8888888888888888,1,False,,,,
2777,0.8888888888888888,1,False,,,,
2778,0.8888888888888888,1,False,,,,
2779,0.8888888888888888,1,False,,,,
2780,0.8888888888888888,1,False,,,,
2781,0.8888888888888888,1,False,,,,
2782,0.8888888888888888,1,False,,,,
2783,0.8888888888888888,1,False,,,,
2784,0.8888888888888888,1,False,,,,
2785,0.8888888888888888,1,False,,,,
2786,0.8888888888888888,1,False,,,,
2787,0.8888888888888888,1,False,,,,
2788,0.8888888888888888,1,False,,,,
2789,0.8888888888888888,1,False,,,,
2790,0.8888888888888888,1,False,,,,
2791,0.8888888888888888,1,False,,,,
2792,0.8888888888888888,1,False,,,,
2793,0.8888888888888888,1,False,,,,
2794,0.8888888888888888,1,False,,,,
2795,0.8888888888888888,1,False,,,,
2796,0.8888888888888888,1,False,,,,
2797,0.8888888888888888,1,False,,,,
2798,0.8888888888888888,1,False,,,,
2799,0.8888888888888888,1,False,,,,
2800,0.8888888888888888,1,False,,,,
2801,0.8888888888888888,1,False,,,,
2802,0.8888888888888888,1,False,,,,
2803,0.8888888888888888,1,False,,,,
2804,0.8888888888888888,1,False,,,,
2805,0.8888888888888888,1,False,,,,
2806,0.8888888888888888,1,False,,,,
2807,0.8888888888888888,1,False,,,,
2808,0.8888888888888888,1,False,,,,
2809,0.8888888888888888,1,False,,,,
2810,0.8888888888888888,1,False,,,,
2811,0.8888888888888888,1,False,,,,
2812,0.8888888888888888,1,False,,,,
2813,0.8888888888888888,1,False,,,,
2814,0.8888888888888888,1,False,,,,
2815,0.8888888888888888,1,False,,,,
2816,0.8888888888888888,1,False,,,,
2817,0.8888888888888888,1,False,,,,
2818,0.8888888888888888,1,False,,,,
2819,0.8888888888888888,1,False,,,,
2820,0.8888888888888888,1,False,,,,
2821,0.8888888888888888,1,False,,,,
2822,0.8888888888888888,1,False,,,,
2823,0.8888888888888888,1,False,,,,
2824,0.8888888888888888,1,False,,,,
2825,0.8888888888888888,1,False,,,,
2826,0.8888888888888888,1,False,,,,
2827,0.8888888888888888,1,False,,,,
2828,0.8888888888888888,1,False,,,,
2829,0.8888888888888888,1,False,,,,
2830,0.8888888888888888,1,False,,,,
2831,0.8888888888888888,1,False,,,,
2832,0.8888888888888888,1,False,,,,
2833,0.8888888888888888,1,False,,,,
2834,0.8888888888888888,1,False,,,,
2835,0.8888888888888888,1,False,,,,
2836,0.8888888888888888,1,False,,,,
2837,0.8888888888888888,1,False,,,,
2838,0.8888888888888888,1,False,,,,
2839,1.0,0,False,,,,
2840,1.0,0,False,,,,
2841,1.0,0,False,,,,
2842,1.0,0,False,,,,
2843,1.0,0,False,,,,
2844,1.0,0,False,,,,
2845,1.0,0,False,,,,
2846,1.0,0,False,,,,
2847,1.0,0,False,,,,
2848,1.0,0,False,,,,
2849,1.0,0,False,,,,
2850,1.0,0,False,,,,
2851,1.0,0,False,,,,
2852,1.0,0,False,,,,
2853,1.0,0,False,,,,
2854,1.0,0,False,,,,
2855,1.0,0,False,,,,
2856,1.0,0,False,,,,
2857,1.0,0,False,,,,
2858,1.0,0,False,,,,
2859,1.0,0,False,,,,
2860,1.0,0,False,,,,
2861,1.0,0,False,,,,
2862,1.0,0,False,,,,
2863,1.0,0,False,,,,
2864,1.0,0,False,,,,
2865,1.0,0,False,,,,
2866,0.8888888888888888,1,False,,,,
2867,0.8888888888888888,1,False,,,,
2868,0.8888888888888888,1,False,,,,
2869,0.8888888888888888,1,False,,,,
2870,0.8888888888888888,1,False,,,,
2871,0.8888888888888888,1,False,,,,
2872,0.8888888888888888,1,False,,,,
2873,0.8888888888888888,1,False,,,,
2874,0.8888888888888888,1,False,,,,
2875,0.8888888888888888,1,False,,,,
2876,0.8888888888888888,1,False,,,,
2877,0.8888888888888888,1,False,,,,
2878,0.8888888888888888,1,False,,,,
2879,1.0,0,False,,,,
2880,1.0,0,False,,,,
2881,1.0,0,False,,,,
2882,1.0,0,False,,,,
2883,1.0,0,False,,,,
2884,1.0,0,False,,,,
2885,1.0,0,False,,,,
2886,1.0,0,False,,,,
2887,1.0,0,False,,,,
2888,1.0,0,False,,,,
2889,1.0,0,False,,,,
2890,1.0,0,False,,,,
2891,0.8888888888888888,1,False,,,,
2892,0.8888888888888888,1,False,,,,
2893,0.8888888888888888,1,False,,,,
2894,0.8888888888888888,1,False,,,,
2895,0.8888888888888888,1,False,,,,
2896,0.8888888888888888,1,False,,,,
2897,0.8888888888888888,1,False,,,,
2898,0.8888888888888888,1,False,,,,
2899,0.8888888888888888,1,False,,,,
2900,0.8888888888888888,1,False,,,,
2901,0.8888888888888888,1,False,,,,
2902,1.0,0,False,,,,
2903,0.8888888888888888,1,False,,,,
2904,0.8888888888888888,1,False,,,,
2905,0.8888888888888888,1,False,,,,
2906,0.8888888888888888,1,False,,,,
2907,0.8888888888888888,1,False,,,,
2908,0.8888888888888888,1,False,,,,
2909,0.8888888888888888,1,False,,,,
2910,0.8888888888888888,1,False,,,,
2911,0.8888888888888888,1,False,,,,
2912,0.8888888888888888,1,False,,,,
2913,0.8888888888888888,1,False,,,,
2914,0.8888888888888888,1,False,,,,
2915,1.0,0,False,,,,
2916,1.0,0,False,,,,
2917,1.0,0,False,,,,
2918,1.0,0,False,,,,
2919,1.0,0,False,,,,
2920,1.0,0,False,,,,
2921,1.0,0,False,,,,
2922,1.0,0,False,,,,
2923,1.0,0,False,,,,
2924,1.0,0,False,,,,
2925,1.0,0,False,,,,
2926,1.0,0,False,,,,
2927,1.0,0,False,,,,
2928,1.0,0,False,,,,
2929,1.0,0,False,,,,
2930,1.0,0,False,,,,
2931,1.0,0,False,,,,
2932,1.0,0,False,,,,
2933,1.0,0,False,,,,
2934,1.0,0,False,,,,
2935,1.0,0,False,,,,
2936,1.0,0,False,,,,
2937,1.0,0,False,,,,
2938,1.0,0,False,,,,
2939,1.0,0,False,,,,
2940,1.0,0,False,,,,
2941,1.0,0,False,,,,
2942,1.0,0,False,,,,
2943,1.0,0,False,,,,
2944,1.0,0,False,,,,
2945,1.0,0,False,,,,
2946,1.0,0,False,,,,
2947,1.0,0,False,,,,
2948,1.0,0,False,,,,
2949,1.0,0,False,,,,
2950,1.0,0,False,,,,
2951,1.0,0,False,,,,
2952,1.0,0,False,,,,
2953,1.0,0,False,,,,
2954,1.0,0,False,,,,
2955,1.0,0,False,,,,
2956,1.0,0,False,,,,
2957,1.0,0,False,,,,
2958,1.0,0,False,,,,
2959,1.0,0,False,,,,
2960,1.0,0,False,,,,
2961,1.0,0,False,,,,
2962,1.0,0,False,,,,
2963,1.0,0,False,,,,
2964,1.0,0,False,,,,
2965,1.0,0,False,,,,
2966,1.0,0,False,,,,
2967,1.0,0,False,,,,
2968,1.0,0,False,,,,
2969,1.0,0,False,,,,
2970,1.0,0,False,,,,
2971,1.0,0,False,,,,
2972,1.0,0,False,,,,
2973,1.0,0,False,,,,
2974,1.0,0,False,,,,
2975,1.0,0,False,,,,
2976,1.0,0,False,,,,
2977,1.0,0,False,,,,
2978,1.0,0,False,,,,
2979,1.0,0,False,,,,
2980,1.0,0,False,,,,
2981,1.0,0,False,,,,
2982,1.0,0,False,,,,
2983,1.0,0,False,,,,
2984,1.0,0,False,,,,
2985,1.0,0,False,,,,
2986,1.0,0,False,,,,
2987,1.0,0,False,,,,
2988,1.0,0,False,,,,
2989,1.0,0,False,,,,
2990,1.0,0,False,,,,
2991,1.0,0,False,,,,
2992,1.0,0,False,,,,
2993,1.0,0,False,,,,
2994,1.0,0,False,,,,
2995,1.0,0,False,,,,
2996,1.0,0,False,,,,
2997,1.0,0,False,,,,
2998,1.0,0,False,,,,
2999,1.0,0,False,,,,
3000,1.0,0,False,,,,
3001,1.0,0,False,,,,
3002,1.0,0,False,,,,
3003,1.0,0,False,,,,
3004,1.0,0,False,,,,
3005,1.0,0,False,,,,
3006,1.0,0,False,,,,
3007,1.0,0,False,,,,
3008,1.0,0,False,,,,
3009,1.0,0,False,,,,
3010,1.0,0,False,,,,
3011,1.0,0,False,,,,
3012,1.0,0,False,,,,
3013,1.0,0,False,,,,
3014,1.0,0,False,,,,
3015,1.0,0,False,,,,
3016,1.0,0,False,,,,
3017,1.0,0,False,,,,
3018,1.0,0,False,,,,
3019,1.0,0,False,,,,
3020,1.0,0,False,,,,
3021,1.0,0,False,,,,
3022,1.0,0,False,,,,
3023,1.0,0,False,,,,
3024,1.0,0,False,,,,
3025,1.0,0,False,,,,
3026,1.0,0,False,,,,
3027,1.0,0,False,,,,
3028,1.0,0,False,,,,
3029,1.0,0,False,,,,
3030,1.0,0,False,,,,
3031,1.0,0,False,,,,
3032,1.0,0,False,,,,
3033,1.0,0,False,,,,
3034,1.0,0,False,,,,
3035,1.0,0,False,,,,
3036,1.0,0,False,,,,
3037,1.0,0,False,,,,
3038,1.0,0,False,,,,
3039,1.0,0,False,,,,
3040,1.0,0,False,,,,
3041,1.0,0,False,,,,
3042,1.0,0,False,,,,
3043,1.0,0,False,,,,
3044,1.0,0,False,,,,
3045,1.0,0,False,,,,
3046,1.0,0,False,,,,
3047,1.0,0,False,,,,
3048,1.0,0,False,,,,
3049,1.0,0,False,,,,
3050,1.0,0,False,,,,
3051,1.0,0,False,,,,
3052,1.0,0,False,,,,
3053,1.0,0,False,,,,
3054,1.0,0,False,,,,
3055,1.0,0,False,,,,
3056,1.0,0,False,,,,
3057,1.0,0,False,,,,
3058,1.0,0,False,,,,
3059,1.0,0,False,,,,
3060,1.0,0,False,,,,
3061,1.0,0,False,,,,
3062,1.0,0,False,,,,
3063,1.0,0,False,,,,
3064,1.0,0,False,,,,
3065,1.0,0,False,,,,
3066,1.0,0,False,,,,
3067,1.0,0,False,,,,
3068,1.0,0,False,,,,
3069,1.0,0,False,,,,
3070,1.0,0,False,,,,
3071,1.0,0,False,,,,
3072,1.0,0,False,,,,
3073,1.0,0,False,,,,
