col_index,gap_frac,nongap_n,keep,cons_similarity,cons_identity,cons_entropy22,cons_entropy_nogap
1,1.0,0,False,,,,
2,1.0,0,False,,,,
3,1.0,0,False,,,,
4,1.0,0,False,,,,
5,1.0,0,False,,,,
6,1.0,0,False,,,,
7,1.0,0,False,,,,
8,1.0,0,False,,,,
9,1.0,0,False,,,,
10,1.0,0,False,,,,
11,1.0,0,False,,,,
12,1.0,0,False,,,,
13,1.0,0,False,,,,
14,1.0,0,False,,,,
15,1.0,0,False,,,,
16,1.0,0,False,,,,
17,1.0,0,False,,,,
18,1.0,0,False,,,,
19,1.0,0,False,,,,
20,1.0,0,False,,,,
21,1.0,0,False,,,,
22,1.0,0,False,,,,
23,1.0,0,False,,,,
24,1.0,0,False,,,,
25,1.0,0,False,,,,
26,1.0,0,False,,,,
27,1.0,0,False,,,,
28,1.0,0,False,,,,
29,1.0,0,False,,,,
30,1.0,0,False,,,,
31,1.0,0,False,,,,
32,1.0,0,False,,,,
33,1.0,0,False,,,,
34,1.0,0,False,,,,
35,1.0,0,False,,,,
36,1.0,0,False,,,,
37,1.0,0,False,,,,
38,1.0,0,False,,,,
39,1.0,0,False,,,,
40,1.0,0,False,,,,
41,1.0,0,False,,,,
42,1.0,0,False,,,,
43,1.0,0,False,,,,
44,1.0,0,False,,,,
45,1.0,0,False,,,,
46,1.0,0,False,,,,
47,1.0,0,False,,,,
48,1.0,0,False,,,,
49,1.0,0,False,,,,
50,1.0,0,False,,,,
51,1.0,0,False,,,,
52,1.0,0,False,,,,
53,1.0,0,False,,,,
54,1.0,0,False,,,,
55,1.0,0,False,,,,
56,1.0,0,False,,,,
57,1.0,0,False,,,,
58,1.0,0,False,,,,
59,1.0,0,False,,,,
60,1.0,0,False,,,,
61,1.0,0,False,,,,
62,1.0,0,False,,,,
63,1.0,0,False,,,,
64,1.0,0,False,,,,
65,1.0,0,False,,,,
66,1.0,0,False,,,,
67,1.0,0,False,,,,
68,1.0,0,False,,,,
69,1.0,0,False,,,,
70,1.0,0,False,,,,
71,1.0,0,False,,,,
72,1.0,0,False,,,,
73,1.0,0,False,,,,
74,1.0,0,False,,,,
75,1.0,0,False,,,,
76,1.0,0,False,,,,
77,1.0,0,False,,,,
78,0.9,1,False,,,,
79,0.9,1,False,,,,
80,0.9,1,False,,,,
81,0.9,1,False,,,,
82,0.9,1,False,,,,
83,0.8,2,False,,,,
84,0.8,2,False,,,,
85,0.8,2,False,,,,
86,0.8,2,False,,,,
87,0.8,2,False,,,,
88,0.9,1,False,,,,
89,0.9,1,False,,,,
90,0.9,1,False,,,,
91,0.9,1,False,,,,
92,1.0,0,False,,,,
93,0.9,1,False,,,,
94,0.9,1,False,,,,
95,0.9,1,False,,,,
96,0.9,1,False,,,,
97,0.8,2,False,,,,
98,0.8,2,False,,,,
99,0.8,2,False,,,,
100,0.8,2,False,,,,
101,0.8,2,False,,,,
102,0.8,2,False,,,,
103,0.8,2,False,,,,
104,0.8,2,False,,,,
105,0.8,2,False,,,,
106,0.8,2,False,,,,
107,0.8,2,False,,,,
108,0.8,2,False,,,,
109,0.8,2,False,,,,
110,0.8,2,False,,,,
111,0.8,2,False,,,,
112,0.8,2,False,,,,
113,0.8,2,False,,,,
114,0.8,2,False,,,,
115,0.8,2,False,,,,
116,0.9,1,False,,,,
117,0.9,1,False,,,,
118,0.9,1,False,,,,
119,0.9,1,False,,,,
120,0.9,1,False,,,,
121,0.9,1,False,,,,
122,0.9,1,False,,,,
123,0.9,1,False,,,,
124,0.9,1,False,,,,
125,0.9,1,False,,,,
126,0.9,1,False,,,,
127,0.9,1,False,,,,
128,0.9,1,False,,,,
129,0.9,1,False,,,,
130,0.9,1,False,,,,
131,0.9,1,False,,,,
132,0.8,2,False,,,,
133,0.8,2,False,,,,
134,0.8,2,False,,,,
135,0.8,2,False,,,,
136,0.8,2,False,,,,
137,0.8,2,False,,,,
138,0.8,2,False,,,,
139,0.8,2,False,,,,
140,0.8,2,False,,,,
141,0.8,2,False,,,,
142,0.8,2,False,,,,
143,0.8,2,False,,,,
144,0.8,2,False,,,,
145,0.8,2,False,,,,
146,0.7,3,False,,,,
147,0.7,3,False,,,,
148,0.7,3,False,,,,
149,0.7,3,False,,,,
150,0.7,3,False,,,,
151,0.8,2,False,,,,
152,0.9,1,False,,,,
153,0.9,1,False,,,,
154,1.0,0,False,,,,
155,1.0,0,False,,,,
156,1.0,0,False,,,,
157,1.0,0,False,,,,
158,1.0,0,False,,,,
159,1.0,0,False,,,,
160,1.0,0,False,,,,
161,1.0,0,False,,,,
162,1.0,0,False,,,,
163,1.0,0,False,,,,
164,1.0,0,False,,,,
165,1.0,0,False,,,,
166,0.8,2,False,,,,
167,0.8,2,False,,,,
168,0.8,2,False,,,,
169,0.8,2,False,,,,
170,0.8,2,False,,,,
171,0.8,2,False,,,,
172,0.8,2,False,,,,
173,0.8,2,False,,,,
174,0.8,2,False,,,,
175,0.7,3,False,,,,
176,0.7,3,False,,,,
177,0.7,3,False,,,,
178,0.7,3,False,,,,
179,0.7,3,False,,,,
180,0.9,1,False,,,,
181,0.9,1,False,,,,
182,0.9,1,False,,,,
183,0.9,1,False,,,,
184,0.9,1,False,,,,
185,0.9,1,False,,,,
186,0.9,1,False,,,,
187,0.9,1,False,,,,
188,0.9,1,False,,,,
189,0.9,1,False,,,,
190,0.9,1,False,,,,
191,0.9,1,False,,,,
192,0.9,1,False,,,,
193,0.9,1,False,,,,
194,0.9,1,False,,,,
195,0.9,1,False,,,,
196,0.9,1,False,,,,
197,0.9,1,False,,,,
198,0.9,1,False,,,,
199,1.0,0,False,,,,
200,1.0,0,False,,,,
201,1.0,0,False,,,,
202,1.0,0,False,,,,
203,1.0,0,False,,,,
204,1.0,0,False,,,,
205,1.0,0,False,,,,
206,1.0,0,False,,,,
207,1.0,0,False,,,,
208,0.9,1,False,,,,
209,0.8,2,False,,,,
210,0.8,2,False,,,,
211,0.8,2,False,,,,
212,0.8,2,False,,,,
213,0.8,2,False,,,,
214,0.7,3,False,,,,
215,0.7,3,False,,,,
216,0.7,3,False,,,,
217,0.7,3,False,,,,
218,0.7,3,False,,,,
219,0.7,3,False,,,,
220,0.7,3,False,,,,
221,0.7,3,False,,,,
222,0.7,3,False,,,,
223,0.8,2,False,,,,
224,0.7,3,False,,,,
225,0.9,1,False,,,,
226,0.7,3,False,,,,
227,0.7,3,False,,,,
228,0.7,3,False,,,,
229,0.7,3,False,,,,
230,0.7,3,False,,,,
231,0.7,3,False,,,,
232,0.7,3,False,,,,
233,0.7,3,False,,,,
234,0.7,3,False,,,,
235,0.9,1,False,,,,
236,0.9,1,False,,,,
237,0.7,3,False,,,,
238,0.7,3,False,,,,
239,0.7,3,False,,,,
240,0.7,3,False,,,,
241,0.7,3,False,,,,
242,0.7,3,False,,,,
243,0.7,3,False,,,,
244,0.7,3,False,,,,
245,0.7,3,False,,,,
246,0.7,3,False,,,,
247,0.7,3,False,,,,
248,0.7,3,False,,,,
249,0.7,3,False,,,,
250,0.7,3,False,,,,
251,0.7,3,False,,,,
252,0.9,1,False,,,,
253,0.9,1,False,,,,
254,0.9,1,False,,,,
255,0.9,1,False,,,,
256,0.9,1,False,,,,
257,0.9,1,False,,,,
258,0.9,1,False,,,,
259,0.9,1,False,,,,
260,0.9,1,False,,,,
261,0.9,1,False,,,,
262,0.7,3,False,,,,
263,0.7,3,False,,,,
264,0.7,3,False,,,,
265,0.7,3,False,,,,
266,0.7,3,False,,,,
267,0.7,3,False,,,,
268,0.7,3,False,,,,
269,0.7,3,False,,,,
270,0.7,3,False,,,,
271,0.7,3,False,,,,
272,0.7,3,False,,,,
273,0.9,1,False,,,,
274,0.9,1,False,,,,
275,0.9,1,False,,,,
276,0.9,1,False,,,,
277,0.9,1,False,,,,
278,0.9,1,False,,,,
279,0.8,2,False,,,,
280,0.8,2,False,,,,
281,0.8,2,False,,,,
282,0.8,2,False,,,,
283,0.8,2,False,,,,
284,0.8,2,False,,,,
285,0.8,2,False,,,,
286,0.8,2,False,,,,
287,0.8,2,False,,,,
288,0.8,2,False,,,,
289,0.8,2,False,,,,
290,0.8,2,False,,,,
291,0.8,2,False,,,,
292,0.9,1,False,,,,
293,0.9,1,False,,,,
294,0.9,1,False,,,,
295,0.8,2,False,,,,
296,0.8,2,False,,,,
297,0.8,2,False,,,,
298,0.8,2,False,,,,
299,0.8,2,False,,,,
300,0.8,2,False,,,,
301,0.8,2,False,,,,
302,0.8,2,False,,,,
303,0.8,2,False,,,,
304,0.8,2,False,,,,
305,0.8,2,False,,,,
306,0.8,2,False,,,,
307,0.8,2,False,,,,
308,0.9,1,False,,,,
309,0.8,2,False,,,,
310,0.8,2,False,,,,
311,0.8,2,False,,,,
312,0.8,2,False,,,,
313,0.8,2,False,,,,
314,0.8,2,False,,,,
315,0.7,3,False,,,,
316,0.7,3,False,,,,
317,0.7,3,False,,,,
318,0.7,3,False,,,,
319,0.7,3,False,,,,
320,0.7,3,False,,,,
321,0.7,3,False,,,,
322,0.7,3,False,,,,
323,0.7,3,False,,,,
324,0.7,3,False,,,,
325,0.7,3,False,,,,
326,0.7,3,False,,,,
327,0.7,3,False,,,,
328,0.7,3,False,,,,
329,0.7,3,False,,,,
330,0.9,1,False,,,,
331,0.9,1,False,,,,
332,0.9,1,False,,,,
333,0.9,1,False,,,,
334,0.7,3,False,,,,
335,0.7,3,False,,,,
336,0.9,1,False,,,,
337,0.9,1,False,,,,
338,1.0,0,False,,,,
339,1.0,0,False,,,,
340,1.0,0,False,,,,
341,1.0,0,False,,,,
342,1.0,0,False,,,,
343,1.0,0,False,,,,
344,1.0,0,False,,,,
345,1.0,0,False,,,,
346,1.0,0,False,,,,
347,1.0,0,False,,,,
348,1.0,0,False,,,,
349,0.9,1,False,,,,
350,0.9,1,False,,,,
351,0.9,1,False,,,,
352,0.9,1,False,,,,
353,0.9,1,False,,,,
354,0.9,1,False,,,,
355,0.9,1,False,,,,
356,0.9,1,False,,,,
357,0.9,1,False,,,,
358,0.7,3,False,,,,
359,0.7,3,False,,,,
360,0.7,3,False,,,,
361,0.7,3,False,,,,
362,0.7,3,False,,,,
363,0.7,3,False,,,,
364,0.7,3,False,,,,
365,0.8,2,False,,,,
366,0.9,1,False,,,,
367,0.8,2,False,,,,
368,0.8,2,False,,,,
369,0.8,2,False,,,,
370,0.8,2,False,,,,
371,0.8,2,False,,,,
372,0.8,2,False,,,,
373,0.8,2,False,,,,
374,0.8,2,False,,,,
375,0.8,2,False,,,,
376,0.7,3,False,,,,
377,0.7,3,False,,,,
378,0.7,3,False,,,,
379,0.7,3,False,,,,
380,0.8,2,False,,,,
381,0.7,3,False,,,,
382,0.8,2,False,,,,
383,0.8,2,False,,,,
384,0.8,2,False,,,,
385,0.8,2,False,,,,
386,0.8,2,False,,,,
387,0.8,2,False,,,,
388,0.8,2,False,,,,
389,0.8,2,False,,,,
390,0.8,2,False,,,,
391,0.8,2,False,,,,
392,0.9,1,False,,,,
393,0.9,1,False,,,,
394,0.9,1,False,,,,
395,0.9,1,False,,,,
396,0.9,1,False,,,,
397,0.8,2,False,,,,
398,0.8,2,False,,,,
399,0.8,2,False,,,,
400,0.8,2,False,,,,
401,0.8,2,False,,,,
402,0.8,2,False,,,,
403,0.9,1,False,,,,
404,0.9,1,False,,,,
405,0.9,1,False,,,,
406,0.8,2,False,,,,
407,0.7,3,False,,,,
408,0.7,3,False,,,,
409,0.7,3,False,,,,
410,0.7,3,False,,,,
411,0.7,3,False,,,,
412,0.9,1,False,,,,
413,0.9,1,False,,,,
414,0.9,1,False,,,,
415,0.9,1,False,,,,
416,1.0,0,False,,,,
417,1.0,0,False,,,,
418,1.0,0,False,,,,
419,1.0,0,False,,,,
420,1.0,0,False,,,,
421,1.0,0,False,,,,
422,1.0,0,False,,,,
423,0.9,1,False,,,,
424,0.9,1,False,,,,
425,0.9,1,False,,,,
426,0.9,1,False,,,,
427,0.9,1,False,,,,
428,0.9,1,False,,,,
429,0.9,1,False,,,,
430,0.9,1,False,,,,
431,0.9,1,False,,,,
432,0.9,1,False,,,,
433,0.9,1,False,,,,
434,0.9,1,False,,,,
435,0.9,1,False,,,,
436,0.9,1,False,,,,
437,0.9,1,False,,,,
438,0.9,1,False,,,,
439,0.9,1,False,,,,
440,0.9,1,False,,,,
441,0.9,1,False,,,,
442,0.9,1,False,,,,
443,0.9,1,False,,,,
444,0.9,1,False,,,,
445,0.9,1,False,,,,
446,0.9,1,False,,,,
447,0.9,1,False,,,,
448,0.9,1,False,,,,
449,0.9,1,False,,,,
450,0.9,1,False,,,,
451,0.9,1,False,,,,
452,0.9,1,False,,,,
453,0.9,1,False,,,,
454,0.9,1,False,,,,
455,0.9,1,False,,,,
456,0.9,1,False,,,,
457,0.9,1,False,,,,
458,0.9,1,False,,,,
459,0.9,1,False,,,,
460,0.9,1,False,,,,
461,0.9,1,False,,,,
462,0.9,1,False,,,,
463,0.9,1,False,,,,
464,0.9,1,False,,,,
465,0.7,3,False,,,,
466,0.8,2,False,,,,
467,0.8,2,False,,,,
468,0.7,3,False,,,,
469,0.7,3,False,,,,
470,0.7,3,False,,,,
471,0.7,3,False,,,,
472,0.7,3,False,,,,
473,0.7,3,False,,,,
474,0.7,3,False,,,,
475,0.7,3,False,,,,
476,0.7,3,False,,,,
477,0.7,3,False,,,,
478,0.7,3,False,,,,
479,0.7,3,False,,,,
480,0.7,3,False,,,,
481,0.7,3,False,,,,
482,0.7,3,False,,,,
483,0.7,3,False,,,,
484,0.7,3,False,,,,
485,0.7,3,False,,,,
486,0.7,3,False,,,,
487,0.7,3,False,,,,
488,0.8,2,False,,,,
489,0.8,2,False,,,,
490,0.8,2,False,,,,
491,0.8,2,False,,,,
492,0.8,2,False,,,,
493,0.8,2,False,,,,
494,0.8,2,False,,,,
495,0.8,2,False,,,,
496,0.7,3,False,,,,
497,0.7,3,False,,,,
498,0.9,1,False,,,,
499,0.9,1,False,,,,
500,0.9,1,False,,,,
501,0.9,1,False,,,,
502,0.8,2,False,,,,
503,0.8,2,False,,,,
504,0.7,3,False,,,,
505,0.7,3,False,,,,
506,0.7,3,False,,,,
507,0.7,3,False,,,,
508,0.7,3,False,,,,
509,0.7,3,False,,,,
510,0.7,3,False,,,,
511,0.7,3,False,,,,
512,0.7,3,False,,,,
513,0.7,3,False,,,,
514,0.7,3,False,,,,
515,0.8,2,False,,,,
516,0.8,2,False,,,,
517,0.8,2,False,,,,
518,0.8,2,False,,,,
519,0.8,2,False,,,,
520,0.8,2,False,,,,
521,0.8,2,False,,,,
522,0.8,2,False,,,,
523,0.8,2,False,,,,
524,0.8,2,False,,,,
525,0.7,3,False,,,,
526,0.7,3,False,,,,
527,0.7,3,False,,,,
528,0.8,2,False,,,,
529,0.8,2,False,,,,
530,0.7,3,False,,,,
531,0.7,3,False,,,,
532,0.7,3,False,,,,
533,0.7,3,False,,,,
534,0.7,3,False,,,,
535,0.7,3,False,,,,
536,0.7,3,False,,,,
537,0.7,3,False,,,,
538,0.7,3,False,,,,
539,0.7,3,False,,,,
540,0.7,3,False,,,,
541,0.7,3,False,,,,
542,0.7,3,False,,,,
543,0.7,3,False,,,,
544,0.7,3,False,,,,
545,0.7,3,False,,,,
546,0.7,3,False,,,,
547,0.7,3,False,,,,
548,0.8,2,False,,,,
549,0.8,2,False,,,,
550,0.8,2,False,,,,
551,0.8,2,False,,,,
552,0.8,2,False,,,,
553,0.8,2,False,,,,
554,0.8,2,False,,,,
555,0.8,2,False,,,,
556,0.8,2,False,,,,
557,0.8,2,False,,,,
558,0.8,2,False,,,,
559,0.8,2,False,,,,
560,0.8,2,False,,,,
561,0.8,2,False,,,,
562,0.9,1,False,,,,
563,0.8,2,False,,,,
564,0.9,1,False,,,,
565,0.9,1,False,,,,
566,0.9,1,False,,,,
567,0.9,1,False,,,,
568,0.9,1,False,,,,
569,1.0,0,False,,,,
570,1.0,0,False,,,,
571,1.0,0,False,,,,
572,1.0,0,False,,,,
573,1.0,0,False,,,,
574,1.0,0,False,,,,
575,0.9,1,False,,,,
576,0.9,1,False,,,,
577,0.9,1,False,,,,
578,0.9,1,False,,,,
579,0.9,1,False,,,,
580,0.9,1,False,,,,
581,0.9,1,False,,,,
582,0.9,1,False,,,,
583,1.0,0,False,,,,
584,1.0,0,False,,,,
585,1.0,0,False,,,,
586,1.0,0,False,,,,
587,0.9,1,False,,,,
588,0.9,1,False,,,,
589,0.9,1,False,,,,
590,0.9,1,False,,,,
591,0.9,1,False,,,,
592,0.9,1,False,,,,
593,0.9,1,False,,,,
594,0.9,1,False,,,,
595,0.9,1,False,,,,
596,0.9,1,False,,,,
597,0.9,1,False,,,,
598,0.9,1,False,,,,
599,0.9,1,False,,,,
600,0.9,1,False,,,,
601,0.9,1,False,,,,
602,0.9,1,False,,,,
603,0.9,1,False,,,,
604,0.9,1,False,,,,
605,0.9,1,False,,,,
606,0.9,1,False,,,,
607,0.9,1,False,,,,
608,0.9,1,False,,,,
609,0.9,1,False,,,,
610,0.9,1,False,,,,
611,0.9,1,False,,,,
612,0.9,1,False,,,,
613,0.9,1,False,,,,
614,0.9,1,False,,,,
615,0.9,1,False,,,,
616,0.9,1,False,,,,
617,0.9,1,False,,,,
618,0.9,1,False,,,,
619,0.9,1,False,,,,
620,0.9,1,False,,,,
621,0.9,1,False,,,,
622,0.9,1,False,,,,
623,0.9,1,False,,,,
624,0.9,1,False,,,,
625,0.9,1,False,,,,
626,0.9,1,False,,,,
627,0.9,1,False,,,,
628,0.8,2,False,,,,
629,0.8,2,False,,,,
630,0.8,2,False,,,,
631,0.8,2,False,,,,
632,0.8,2,False,,,,
633,0.8,2,False,,,,
634,0.8,2,False,,,,
635,0.8,2,False,,,,
636,0.8,2,False,,,,
637,0.9,1,False,,,,
638,0.9,1,False,,,,
639,0.9,1,False,,,,
640,0.9,1,False,,,,
641,1.0,0,False,,,,
642,1.0,0,False,,,,
643,1.0,0,False,,,,
644,1.0,0,False,,,,
645,0.9,1,False,,,,
646,0.9,1,False,,,,
647,1.0,0,False,,,,
648,1.0,0,False,,,,
649,1.0,0,False,,,,
650,1.0,0,False,,,,
651,0.9,1,False,,,,
652,0.8,2,False,,,,
653,0.8,2,False,,,,
654,0.8,2,False,,,,
655,0.8,2,False,,,,
656,0.8,2,False,,,,
657,0.8,2,False,,,,
658,0.8,2,False,,,,
659,0.8,2,False,,,,
660,0.8,2,False,,,,
661,0.8,2,False,,,,
662,0.8,2,False,,,,
663,0.8,2,False,,,,
664,0.8,2,False,,,,
665,0.8,2,False,,,,
666,0.8,2,False,,,,
667,0.8,2,False,,,,
668,0.8,2,False,,,,
669,0.9,1,False,,,,
670,0.9,1,False,,,,
671,0.9,1,False,,,,
672,0.9,1,False,,,,
673,0.9,1,False,,,,
674,0.9,1,False,,,,
675,0.9,1,False,,,,
676,0.9,1,False,,,,
677,0.9,1,False,,,,
678,0.9,1,False,,,,
679,0.9,1,False,,,,
680,0.9,1,False,,,,
681,0.9,1,False,,,,
682,0.9,1,False,,,,
683,0.9,1,False,,,,
684,0.9,1,False,,,,
685,0.9,1,False,,,,
686,0.9,1,False,,,,
687,0.9,1,False,,,,
688,0.9,1,False,,,,
689,0.9,1,False,,,,
690,0.9,1,False,,,,
691,0.9,1,False,,,,
692,0.9,1,False,,,,
693,0.9,1,False,,,,
694,0.9,1,False,,,,
695,0.9,1,False,,,,
696,0.9,1,False,,,,
697,0.9,1,False,,,,
698,0.9,1,False,,,,
699,0.9,1,False,,,,
700,0.9,1,False,,,,
701,0.8,2,False,,,,
702,0.8,2,False,,,,
703,0.8,2,False,,,,
704,0.8,2,False,,,,
705,0.8,2,False,,,,
706,0.8,2,False,,,,
707,0.8,2,False,,,,
708,0.8,2,False,,,,
709,0.8,2,False,,,,
710,0.8,2,False,,,,
711,0.8,2,False,,,,
712,0.7,3,False,,,,
713,0.7,3,False,,,,
714,0.7,3,False,,,,
715,0.7,3,False,,,,
716,0.7,3,False,,,,
717,0.7,3,False,,,,
718,0.7,3,False,,,,
719,0.7,3,False,,,,
720,0.7,3,False,,,,
721,0.7,3,False,,,,
722,0.7,3,False,,,,
723,0.7,3,False,,,,
724,0.7,3,False,,,,
725,0.7,3,False,,,,
726,0.7,3,False,,,,
727,0.7,3,False,,,,
728,0.7,3,False,,,,
729,0.8,2,False,,,,
730,0.8,2,False,,,,
731,0.9,1,False,,,,
732,0.9,1,False,,,,
733,1.0,0,False,,,,
734,1.0,0,False,,,,
735,1.0,0,False,,,,
736,0.8,2,False,,,,
737,0.7,3,False,,,,
738,0.7,3,False,,,,
739,0.7,3,False,,,,
740,0.7,3,False,,,,
741,0.7,3,False,,,,
742,0.7,3,False,,,,
743,0.7,3,False,,,,
744,0.8,2,False,,,,
745,0.8,2,False,,,,
746,0.8,2,False,,,,
747,0.7,3,False,,,,
748,0.7,3,False,,,,
749,0.7,3,False,,,,
750,0.7,3,False,,,,
751,0.7,3,False,,,,
752,0.7,3,False,,,,
753,0.7,3,False,,,,
754,0.7,3,False,,,,
755,0.7,3,False,,,,
756,0.8,2,False,,,,
757,0.8,2,False,,,,
758,0.9,1,False,,,,
759,0.9,1,False,,,,
760,0.9,1,False,,,,
761,0.9,1,False,,,,
762,0.9,1,False,,,,
763,0.8,2,False,,,,
764,0.8,2,False,,,,
765,0.9,1,False,,,,
766,0.9,1,False,,,,
767,0.9,1,False,,,,
768,0.9,1,False,,,,
769,0.9,1,False,,,,
770,0.9,1,False,,,,
771,0.8,2,False,,,,
772,0.8,2,False,,,,
773,0.8,2,False,,,,
774,0.7,3,False,,,,
775,0.7,3,False,,,,
776,0.7,3,False,,,,
777,0.7,3,False,,,,
778,0.9,1,False,,,,
779,0.9,1,False,,,,
780,1.0,0,False,,,,
781,0.9,1,False,,,,
782,0.9,1,False,,,,
783,0.9,1,False,,,,
784,0.9,1,False,,,,
785,0.9,1,False,,,,
786,0.9,1,False,,,,
787,0.9,1,False,,,,
788,0.9,1,False,,,,
789,0.9,1,False,,,,
790,0.9,1,False,,,,
791,0.9,1,False,,,,
792,0.9,1,False,,,,
793,0.9,1,False,,,,
794,0.9,1,False,,,,
795,0.9,1,False,,,,
796,0.9,1,False,,,,
797,0.9,1,False,,,,
798,0.9,1,False,,,,
799,0.9,1,False,,,,
800,0.9,1,False,,,,
801,0.9,1,False,,,,
802,0.9,1,False,,,,
803,0.9,1,False,,,,
804,0.9,1,False,,,,
805,0.9,1,False,,,,
806,0.9,1,False,,,,
807,0.9,1,False,,,,
808,0.9,1,False,,,,
809,0.9,1,False,,,,
810,0.9,1,False,,,,
811,0.9,1,False,,,,
812,0.9,1,False,,,,
813,0.9,1,False,,,,
814,0.9,1,False,,,,
815,0.9,1,False,,,,
816,0.9,1,False,,,,
817,0.9,1,False,,,,
818,0.9,1,False,,,,
819,0.9,1,False,,,,
820,0.9,1,False,,,,
821,0.7,3,False,,,,
822,0.7,3,False,,,,
823,0.7,3,False,,,,
824,0.7,3,False,,,,
825,0.7,3,False,,,,
826,0.7,3,False,,,,
827,0.7,3,False,,,,
828,0.8,2,False,,,,
829,0.8,2,False,,,,
830,0.7,3,False,,,,
831,0.7,3,False,,,,
832,0.7,3,False,,,,
833,0.7,3,False,,,,
834,0.7,3,False,,,,
835,0.7,3,False,,,,
836,0.7,3,False,,,,
837,0.7,3,False,,,,
838,0.7,3,False,,,,
839,0.7,3,False,,,,
840,0.7,3,False,,,,
841,0.9,1,False,,,,
842,0.9,1,False,,,,
843,0.9,1,False,,,,
844,0.9,1,False,,,,
845,0.9,1,False,,,,
846,0.8,2,False,,,,
847,0.8,2,False,,,,
848,0.7,3,False,,,,
849,0.7,3,False,,,,
850,0.7,3,False,,,,
851,0.7,3,False,,,,
852,0.7,3,False,,,,
853,0.7,3,False,,,,
854,0.7,3,False,,,,
855,0.7,3,False,,,,
856,0.7,3,False,,,,
857,0.7,3,False,,,,
858,0.7,3,False,,,,
859,0.8,2,False,,,,
860,0.8,2,False,,,,
861,0.8,2,False,,,,
862,0.8,2,False,,,,
863,0.8,2,False,,,,
864,0.8,2,False,,,,
865,0.8,2,False,,,,
866,0.8,2,False,,,,
867,0.8,2,False,,,,
868,0.8,2,False,,,,
869,0.8,2,False,,,,
870,0.9,1,False,,,,
871,0.9,1,False,,,,
872,0.9,1,False,,,,
873,0.8,2,False,,,,
874,0.8,2,False,,,,
875,0.8,2,False,,,,
876,0.8,2,False,,,,
877,0.8,2,False,,,,
878,0.8,2,False,,,,
879,0.8,2,False,,,,
880,0.8,2,False,,,,
881,0.8,2,False,,,,
882,0.8,2,False,,,,
883,0.8,2,False,,,,
884,0.8,2,False,,,,
885,0.8,2,False,,,,
886,0.8,2,False,,,,
887,0.8,2,False,,,,
888,0.8,2,False,,,,
889,0.8,2,False,,,,
890,0.8,2,False,,,,
891,0.8,2,False,,,,
892,0.8,2,False,,,,
893,0.8,2,False,,,,
894,0.8,2,False,,,,
895,0.8,2,False,,,,
896,0.8,2,False,,,,
897,0.8,2,False,,,,
898,0.7,3,False,,,,
899,0.9,1,False,,,,
900,0.9,1,False,,,,
901,0.9,1,False,,,,
902,0.9,1,False,,,,
903,0.9,1,False,,,,
904,0.9,1,False,,,,
905,0.9,1,False,,,,
906,0.9,1,False,,,,
907,0.9,1,False,,,,
908,0.9,1,False,,,,
909,0.9,1,False,,,,
910,0.9,1,False,,,,
911,0.9,1,False,,,,
912,0.9,1,False,,,,
913,0.9,1,False,,,,
914,0.9,1,False,,,,
915,1.0,0,False,,,,
916,1.0,0,False,,,,
917,0.9,1,False,,,,
918,0.9,1,False,,,,
919,0.9,1,False,,,,
920,0.9,1,False,,,,
921,0.9,1,False,,,,
922,0.9,1,False,,,,
923,0.9,1,False,,,,
924,0.9,1,False,,,,
925,0.9,1,False,,,,
926,0.9,1,False,,,,
927,0.9,1,False,,,,
928,0.9,1,False,,,,
929,0.9,1,False,,,,
930,0.9,1,False,,,,
931,0.9,1,False,,,,
932,0.9,1,False,,,,
933,0.9,1,False,,,,
934,0.7,3,False,,,,
935,0.8,2,False,,,,
936,0.8,2,False,,,,
937,0.8,2,False,,,,
938,0.8,2,False,,,,
939,0.8,2,False,,,,
940,0.8,2,False,,,,
941,0.8,2,False,,,,
942,0.8,2,False,,,,
943,0.8,2,False,,,,
944,0.8,2,False,,,,
945,0.8,2,False,,,,
946,0.8,2,False,,,,
947,0.8,2,False,,,,
948,0.8,2,False,,,,
949,0.8,2,False,,,,
950,0.8,2,False,,,,
951,0.8,2,False,,,,
952,0.8,2,False,,,,
953,1.0,0,False,,,,
954,1.0,0,False,,,,
955,0.8,2,False,,,,
956,0.8,2,False,,,,
957,0.8,2,False,,,,
958,0.8,2,False,,,,
959,0.8,2,False,,,,
960,0.8,2,False,,,,
961,0.8,2,False,,,,
962,0.8,2,False,,,,
963,0.7,3,False,,,,
964,0.7,3,False,,,,
965,0.7,3,False,,,,
966,0.7,3,False,,,,
967,0.7,3,False,,,,
968,0.7,3,False,,,,
969,0.8,2,False,,,,
970,0.9,1,False,,,,
971,0.9,1,False,,,,
972,0.9,1,False,,,,
973,0.9,1,False,,,,
974,0.8,2,False,,,,
975,0.7,3,False,,,,
976,0.7,3,False,,,,
977,0.7,3,False,,,,
978,0.9,1,False,,,,
979,0.9,1,False,,,,
980,0.9,1,False,,,,
981,0.9,1,False,,,,
982,0.9,1,False,,,,
983,0.7,3,False,,,,
984,0.7,3,False,,,,
985,0.7,3,False,,,,
986,0.7,3,False,,,,
987,0.7,3,False,,,,
988,0.7,3,False,,,,
989,0.7,3,False,,,,
990,0.7,3,False,,,,
991,0.7,3,False,,,,
992,0.7,3,False,,,,
993,0.7,3,False,,,,
994,0.7,3,False,,,,
995,0.7,3,False,,,,
996,0.7,3,False,,,,
997,0.7,3,False,,,,
998,0.7,3,False,,,,
999,0.7,3,False,,,,
1000,0.7,3,False,,,,
1001,0.7,3,False,,,,
1002,0.7,3,False,,,,
1003,0.8,2,False,,,,
1004,0.8,2,False,,,,
1005,0.8,2,False,,,,
1006,0.8,2,False,,,,
1007,0.7,3,False,,,,
1008,0.7,3,False,,,,
1009,0.7,3,False,,,,
1010,0.7,3,False,,,,
1011,0.7,3,False,,,,
1012,0.7,3,False,,,,
1013,0.7,3,False,,,,
1014,0.7,3,False,,,,
1015,0.7,3,False,,,,
1016,0.8,2,False,,,,
1017,0.8,2,False,,,,
1018,0.8,2,False,,,,
1019,0.7,3,False,,,,
1020,0.7,3,False,,,,
1021,0.7,3,False,,,,
1022,0.7,3,False,,,,
1023,0.7,3,False,,,,
1024,0.7,3,False,,,,
1025,0.7,3,False,,,,
1026,0.7,3,False,,,,
1027,0.7,3,False,,,,
1028,0.7,3,False,,,,
1029,0.7,3,False,,,,
1030,0.7,3,False,,,,
1031,0.7,3,False,,,,
1032,0.7,3,False,,,,
1033,0.9,1,False,,,,
1034,0.9,1,False,,,,
1035,0.9,1,False,,,,
1036,0.9,1,False,,,,
1037,0.9,1,False,,,,
1038,0.9,1,False,,,,
1039,0.9,1,False,,,,
1040,0.9,1,False,,,,
1041,0.9,1,False,,,,
1042,0.9,1,False,,,,
1043,0.9,1,False,,,,
1044,0.9,1,False,,,,
1045,0.9,1,False,,,,
1046,0.9,1,False,,,,
1047,0.9,1,False,,,,
1048,0.9,1,False,,,,
1049,0.9,1,False,,,,
1050,0.9,1,False,,,,
1051,0.9,1,False,,,,
1052,0.9,1,False,,,,
1053,0.9,1,False,,,,
1054,0.9,1,False,,,,
1055,0.7,3,False,,,,
1056,0.7,3,False,,,,
1057,0.9,1,False,,,,
1058,0.9,1,False,,,,
1059,0.9,1,False,,,,
1060,0.7,3,False,,,,
1061,0.6,4,False,,,,
1062,0.5,5,True,-1.2,0.2,0.16402499191349473,0.0
1063,0.5,5,True,-1.0,0.2,0.16402499191349473,0.0
1064,0.5,5,True,0.4,0.6,0.1572623513863327,0.13502647928207268
1065,0.5,5,True,1.0,0.4,0.11951797627815941,0.03977028213923883
1066,0.5,5,True,-1.3,0.4,0.15545875354128547,0.039035952556318865
1067,0.5,5,True,-1.4,0.4,0.15545875354128547,0.039035952556318865
1068,0.5,5,True,-1.5,0.2,0.16402499191349473,0.0
1069,0.6,4,False,,,,
1070,0.6,4,False,,,,
1071,0.6,4,False,,,,
1072,0.6,4,False,,,,
1073,0.6,4,False,,,,
1074,0.7,3,False,,,,
1075,0.7,3,False,,,,
1076,0.7,3,False,,,,
1077,0.7,3,False,,,,
1078,0.7,3,False,,,,
1079,0.7,3,False,,,,
1080,0.7,3,False,,,,
1081,0.7,3,False,,,,
1082,0.7,3,False,,,,
1083,0.7,3,False,,,,
1084,0.6,4,False,,,,
1085,0.6,4,False,,,,
1086,0.6,4,False,,,,
1087,0.7,3,False,,,,
1088,0.7,3,False,,,,
1089,0.7,3,False,,,,
1090,0.7,3,False,,,,
1091,0.7,3,False,,,,
1092,0.7,3,False,,,,
1093,0.7,3,False,,,,
1094,0.6,4,False,,,,
1095,0.6,4,False,,,,
1096,0.6,4,False,,,,
1097,0.9,1,False,,,,
1098,0.9,1,False,,,,
1099,0.6,4,False,,,,
1100,0.6,4,False,,,,
1101,0.6,4,False,,,,
1102,0.8,2,False,,,,
1103,0.8,2,False,,,,
1104,0.8,2,False,,,,
1105,0.8,2,False,,,,
1106,0.8,2,False,,,,
1107,0.8,2,False,,,,
1108,0.8,2,False,,,,
1109,0.8,2,False,,,,
1110,0.8,2,False,,,,
1111,0.8,2,False,,,,
1112,0.8,2,False,,,,
1113,0.8,2,False,,,,
1114,0.8,2,False,,,,
1115,0.8,2,False,,,,
1116,0.6,4,False,,,,
1117,0.7,3,False,,,,
1118,0.7,3,False,,,,
1119,0.7,3,False,,,,
1120,0.7,3,False,,,,
1121,0.7,3,False,,,,
1122,0.7,3,False,,,,
1123,0.7,3,False,,,,
1124,0.7,3,False,,,,
1125,0.7,3,False,,,,
1126,0.8,2,False,,,,
1127,0.8,2,False,,,,
1128,0.7,3,False,,,,
1129,0.7,3,False,,,,
1130,0.7,3,False,,,,
1131,0.7,3,False,,,,
1132,0.7,3,False,,,,
1133,0.7,3,False,,,,
1134,0.9,1,False,,,,
1135,0.8,2,False,,,,
1136,0.8,2,False,,,,
1137,0.7,3,False,,,,
1138,0.8,2,False,,,,
1139,0.8,2,False,,,,
1140,0.8,2,False,,,,
1141,0.8,2,False,,,,
1142,0.8,2,False,,,,
1143,0.8,2,False,,,,
1144,0.8,2,False,,,,
1145,0.8,2,False,,,,
1146,0.8,2,False,,,,
1147,0.8,2,False,,,,
1148,0.8,2,False,,,,
1149,0.8,2,False,,,,
1150,0.8,2,False,,,,
1151,0.7,3,False,,,,
1152,0.7,3,False,,,,
1153,0.7,3,False,,,,
1154,0.7,3,False,,,,
1155,0.7,3,False,,,,
1156,0.6,4,False,,,,
1157,0.6,4,False,,,,
1158,0.6,4,False,,,,
1159,0.6,4,False,,,,
1160,0.6,4,False,,,,
1161,0.6,4,False,,,,
1162,0.4,6,True,-0.9333333333333333,0.3333333333333333,0.10175559829607284,0.030276100131752748
1163,0.4,6,True,-1.2,0.16666666666666666,0.10167108723147944,0.0
1164,0.5,5,True,-1.4,0.4,0.15545875354128547,0.039035952556318865
1165,0.4,6,True,-1.4666666666666666,0.16666666666666666,0.10167108723147944,0.0
1166,0.4,6,True,-0.8,0.3333333333333333,0.10175559829607272,0.030276100131752748
1167,0.4,6,True,-0.4666666666666667,0.3333333333333333,0.10175559829607284,0.030276100131752748
1168,0.4,6,True,0.06666666666666667,0.5,0.11864654673111685,0.10375937481971109
1169,0.4,6,True,-0.7333333333333333,0.3333333333333333,0.08613531161467847,0.04085208297275533
1170,0.3,7,True,0.19047619047619047,0.42857142857142855,0.08279110672080625,0.08348355680039743
1171,0.3,7,True,-1.1904761904761905,0.2857142857142857,0.0573192851827401,0.02449624099389136
1172,0.3,7,True,0.19047619047619047,0.2857142857142857,0.032511235116438164,0.024893967542626738
1173,0.3,7,True,-0.047619047619047616,0.42857142857142855,0.08279110672080636,0.08348355680039743
1174,0.3,7,True,1.0476190476190477,0.42857142857142855,0.06502247023287666,0.07881450341144558
1175,0.3,7,True,-0.9523809523809523,0.14285714285714285,0.05118688510966152,0.0
1176,0.3,7,True,0.19047619047619047,0.42857142857142855,0.06502247023287666,0.0788145034114458
1177,0.3,7,True,0.8571428571428571,0.2857142857142857,0.032511235116438386,0.024893967542626738
1178,0.3,7,True,2.5714285714285716,0.42857142857142855,0.05226907788083912,0.08589910798143474
1179,0.3,7,True,4.142857142857143,0.8571428571428571,0.1826545778534897,0.4083272214176725
1180,0.3,7,True,1.1428571428571428,0.42857142857142855,0.06502247023287666,0.07881450341144558
1181,0.3,7,True,3.8095238095238093,0.7142857142857143,0.1572623513863327,0.27516590849424005
1182,0.3,7,True,2.5714285714285716,0.8571428571428571,0.1826545778534897,0.4083272214176725
1183,0.9,1,False,,,,
1184,0.9,1,False,,,,
1185,0.9,1,False,,,,
1186,0.9,1,False,,,,
1187,0.9,1,False,,,,
1188,0.3,7,True,0.8571428571428571,0.42857142857142855,0.08279110672080625,0.08348355680039743
1189,0.3,7,True,1.0952380952380953,0.2857142857142857,0.032511235116438386,0.024893967542626516
1190,0.3,7,True,6.0,1.0,0.1187091007693073,1.0
1191,0.3,7,True,2.5714285714285716,0.5714285714285714,0.07678032766449228,0.13008447022637415
1192,0.3,7,True,2.9523809523809526,0.7142857142857143,0.15726235138633282,0.27516590849424005
1193,0.3,7,True,3.2857142857142856,0.8571428571428571,0.1826545778534897,0.4083272214176725
1194,0.3,7,True,2.0952380952380953,0.7142857142857143,0.1572623513863327,0.27516590849424005
1195,0.3,7,True,0.38095238095238093,0.2857142857142857,0.05358807178498548,0.037038935205485624
1196,0.3,7,True,0.0,0.2857142857142857,0.0573192851827401,0.02449624099389147
1197,0.3,7,True,0.7142857142857143,0.5714285714285714,0.11864654673111685,0.1677511103997693
1198,0.3,7,True,-0.23809523809523808,0.2857142857142857,0.05731928518273999,0.02449624099389147
1199,0.3,7,True,-0.42857142857142855,0.14285714285714285,0.05118688510966152,0.0
1200,0.3,7,True,-0.14285714285714285,0.2857142857142857,0.05358807178498548,0.037038935205485624
1201,0.3,7,True,0.047619047619047616,0.42857142857142855,0.08279110672080625,0.08348355680039743
1202,0.4,6,True,-1.5333333333333334,0.16666666666666666,0.10167108723147944,0.0
1203,0.4,6,True,-1.0666666666666667,0.3333333333333333,0.10175559829607284,0.030276100131752748
1204,0.3,7,True,-0.9047619047619048,0.2857142857142857,0.0573192851827401,0.02449624099389136
1205,0.3,7,True,0.23809523809523808,0.2857142857142857,0.05358807178498537,0.037038935205485624
1206,0.3,7,True,0.19047619047619047,0.5714285714285714,0.11864654673111685,0.1677511103997693
1207,0.4,6,True,-1.0666666666666667,0.16666666666666666,0.10167108723147944,0.0
1208,0.3,7,True,1.0952380952380953,0.42857142857142855,0.06502247023287666,0.0788145034114458
1209,0.3,7,True,0.2857142857142857,0.42857142857142855,0.08279110672080625,0.08348355680039743
1210,0.4,6,True,-0.6,0.3333333333333333,0.10175559829607272,0.030276100131752748
1211,0.4,6,True,-0.26666666666666666,0.3333333333333333,0.10175559829607284,0.030276100131752748
1212,0.6,4,False,,,,
1213,0.6,4,False,,,,
1214,0.6,4,False,,,,
1215,0.5,5,True,-0.1,0.4,0.15545875354128547,0.039035952556318865
1216,0.5,5,True,0.4,0.4,0.11951797627815941,0.03977028213923883
1217,0.5,5,True,-1.7,0.2,0.16402499191349473,0.0
1218,0.5,5,True,1.0,0.4,0.11951797627815941,0.03977028213923883
1219,0.5,5,True,0.6,0.6,0.1572623513863327,0.13502647928207268
1220,0.5,5,True,0.0,0.4,0.15545875354128547,0.039035952556318865
1221,0.6,4,False,,,,
1222,0.6,4,False,,,,
1223,0.7,3,False,,,,
1224,0.6,4,False,,,,
1225,0.9,1,False,,,,
1226,0.9,1,False,,,,
1227,0.9,1,False,,,,
1228,0.9,1,False,,,,
1229,0.9,1,False,,,,
1230,0.9,1,False,,,,
1231,0.9,1,False,,,,
1232,0.9,1,False,,,,
1233,0.9,1,False,,,,
1234,0.8,2,False,,,,
1235,0.8,2,False,,,,
1236,0.8,2,False,,,,
1237,0.8,2,False,,,,
1238,0.8,2,False,,,,
1239,0.8,2,False,,,,
1240,0.8,2,False,,,,
1241,0.8,2,False,,,,
1242,0.8,2,False,,,,
1243,0.8,2,False,,,,
1244,0.8,2,False,,,,
1245,0.8,2,False,,,,
1246,0.8,2,False,,,,
1247,0.8,2,False,,,,
1248,0.8,2,False,,,,
1249,0.8,2,False,,,,
1250,0.8,2,False,,,,
1251,0.5,5,True,-1.3,0.2,0.16402499191349473,0.0
1252,0.6,4,False,,,,
1253,0.6,4,False,,,,
1254,0.6,4,False,,,,
1255,0.6,4,False,,,,
1256,0.6,4,False,,,,
1257,0.8,2,False,,,,
1258,0.8,2,False,,,,
1259,0.8,2,False,,,,
1260,0.8,2,False,,,,
1261,0.8,2,False,,,,
1262,0.8,2,False,,,,
1263,0.8,2,False,,,,
1264,0.8,2,False,,,,
1265,0.8,2,False,,,,
1266,0.8,2,False,,,,
1267,0.8,2,False,,,,
1268,0.8,2,False,,,,
1269,0.8,2,False,,,,
1270,0.9,1,False,,,,
1271,0.8,2,False,,,,
1272,0.7,3,False,,,,
1273,0.7,3,False,,,,
1274,0.7,3,False,,,,
1275,0.7,3,False,,,,
1276,0.7,3,False,,,,
1277,0.7,3,False,,,,
1278,0.7,3,False,,,,
1279,0.7,3,False,,,,
1280,0.5,5,True,-0.5,0.4,0.15545875354128547,0.039035952556318865
1281,0.5,5,True,0.4,0.4,0.15545875354128547,0.039035952556318865
1282,0.5,5,True,1.1,0.6,0.1572623513863327,0.13502647928207268
1283,0.5,5,True,-0.2,0.4,0.15545875354128547,0.039035952556318865
1284,0.5,5,True,-0.4,0.4,0.15545875354128547,0.039035952556318865
1285,0.5,5,True,0.2,0.4,0.15545875354128547,0.039035952556318865
1286,0.5,5,True,0.6,0.4,0.15545875354128547,0.039035952556318865
1287,0.5,5,True,-1.0,0.4,0.15545875354128547,0.039035952556318865
1288,0.5,5,True,2.9,0.6,0.06276943678387037,0.02904940554533142
1289,0.5,5,True,-0.4,0.4,0.15545875354128547,0.039035952556318865
1290,0.6,4,False,,,,
1291,0.6,4,False,,,,
1292,0.6,4,False,,,,
1293,0.8,2,False,,,,
1294,0.9,1,False,,,,
1295,0.9,1,False,,,,
1296,0.5,5,True,0.0,0.4,0.15545875354128547,0.039035952556318865
1297,0.4,6,True,-0.13333333333333333,0.3333333333333333,0.10175559829607284,0.030276100131752748
1298,0.4,6,True,0.06666666666666667,0.3333333333333333,0.10175559829607284,0.030276100131752526
1299,0.4,6,True,0.2,0.3333333333333333,0.10175559829607284,0.030276100131752748
1300,0.4,6,True,-1.3333333333333333,0.3333333333333333,0.10175559829607284,0.030276100131752526
1301,0.4,6,True,1.6666666666666667,0.5,0.07678032766449228,0.07938016428569494
1302,0.4,6,True,-0.8,0.3333333333333333,0.10175559829607284,0.030276100131752526
1303,0.4,6,True,-0.2,0.5,0.11864654673111685,0.10375937481971109
1304,0.4,6,True,-0.8,0.3333333333333333,0.10175559829607284,0.030276100131752748
1305,0.4,6,True,-0.26666666666666666,0.3333333333333333,0.08613531161467869,0.04085208297275533
1306,0.4,6,True,3.3333333333333335,0.6666666666666666,0.13903595255631884,0.21030991785715247
1307,0.4,6,True,0.2,0.5,0.11864654673111708,0.10375937481971109
1308,0.4,6,True,-0.26666666666666666,0.3333333333333333,0.10175559829607284,0.030276100131752748
1309,0.4,6,True,2.7333333333333334,0.6666666666666666,0.13903595255631895,0.21030991785715247
1310,0.4,6,True,0.2,0.5,0.11864654673111685,0.10375937481971109
1311,0.4,6,True,1.5333333333333334,0.3333333333333333,0.039035952556318865,0.0
1312,0.3,7,True,3.7142857142857144,0.8571428571428571,0.1826545778534897,0.4083272214176725
1313,0.2,8,True,0.5357142857142857,0.375,0.05358807178498537,0.07161678823041362
1314,0.2,8,True,0.03571428571428571,0.375,0.05358807178498515,0.07161678823041362
1315,0.2,8,True,1.0714285714285714,0.625,0.15545875354128547,0.22560252965230077
1316,0.2,8,True,-0.7857142857142857,0.25,0.030429649809874948,0.03286798191364604
1317,0.2,8,True,0.25,0.25,0.030429649809874948,0.03286798191364604
1318,0.2,8,True,-0.17857142857142858,0.5,0.10175559829607284,0.1386468838532139
1319,0.2,8,True,0.9285714285714286,0.5,0.10175559829607284,0.1386468838532139
1320,0.2,8,True,-1.2857142857142858,0.125,0.015141338212453337,0.0
1321,0.2,8,True,-0.35714285714285715,0.375,0.05358807178498537,0.07161678823041362
1322,0.3,7,True,-0.23809523809523808,0.2857142857142857,0.05731928518273999,0.02449624099389136
1323,0.2,8,True,0.7857142857142857,0.375,0.05358807178498537,0.07161678823041362
1324,0.2,8,True,-1.3571428571428572,0.25,0.02602396837087928,0.020430235452938983
1325,0.2,8,True,-0.6785714285714286,0.25,0.024385036849164488,0.030977744334865553
1326,0.2,8,True,-0.42857142857142855,0.25,0.030429649809874948,0.03286798191364604
1327,0.2,8,True,0.39285714285714285,0.375,0.05358807178498537,0.07161678823041362
1328,0.2,8,True,-0.35714285714285715,0.25,0.02602396837087928,0.020430235452938983
1329,0.2,8,True,0.0,0.375,0.05358807178498537,0.07161678823041362
1330,0.6,4,False,,,,
1331,0.7,3,False,,,,
1332,0.7,3,False,,,,
1333,0.8,2,False,,,,
1334,1.0,0,False,,,,
1335,1.0,0,False,,,,
1336,0.9,1,False,,,,
1337,0.9,1,False,,,,
1338,0.6,4,False,,,,
1339,0.6,4,False,,,,
1340,0.7,3,False,,,,
1341,0.3,7,True,-1.0,0.2857142857142857,0.05731928518273999,0.02449624099389136
1342,0.3,7,True,-0.47619047619047616,0.2857142857142857,0.05731928518273999,0.02449624099389136
1343,0.3,7,True,0.14285714285714285,0.2857142857142857,0.05358807178498537,0.037038935205485624
1344,0.2,8,True,-0.39285714285714285,0.375,0.05731928518273999,0.06937177558342222
1345,0.2,8,True,-0.7142857142857143,0.375,0.05731928518273999,0.06937177558342222
1346,0.2,8,True,-0.8928571428571429,0.25,0.02602396837087928,0.020430235452938983
1347,0.2,8,True,-0.75,0.5,0.08613531161467847,0.125
1348,0.2,8,True,0.10714285714285714,0.25,0.030429649809874948,0.03286798191364604
1349,0.2,8,True,-0.39285714285714285,0.375,0.05731928518273999,0.06937177558342222
1350,0.6,4,False,,,,
1351,0.6,4,False,,,,
1352,0.4,6,True,-0.5333333333333333,0.3333333333333333,0.10175559829607272,0.030276100131752748
1353,0.4,6,True,-0.7333333333333333,0.3333333333333333,0.08613531161467869,0.04085208297275533
1354,0.4,6,True,-1.3333333333333333,0.3333333333333333,0.10175559829607272,0.030276100131752748
1355,0.9,1,False,,,,
1356,0.9,1,False,,,,
1357,0.9,1,False,,,,
1358,0.9,1,False,,,,
1359,0.9,1,False,,,,
1360,0.9,1,False,,,,
1361,0.9,1,False,,,,
1362,0.9,1,False,,,,
1363,0.4,6,True,-0.13333333333333333,0.3333333333333333,0.08613531161467869,0.04085208297275533
1364,0.6,4,False,,,,
1365,0.7,3,False,,,,
1366,0.8,2,False,,,,
1367,0.8,2,False,,,,
1368,0.8,2,False,,,,
1369,0.7,3,False,,,,
1370,0.7,3,False,,,,
1371,0.5,5,True,0.8,0.4,0.11951797627815941,0.03977028213923883
1372,0.5,5,True,-1.0,0.2,0.16402499191349473,0.0
1373,0.5,5,True,-0.4,0.4,0.11951797627815941,0.03977028213923883
1374,0.5,5,True,0.8,0.4,0.15545875354128547,0.039035952556318865
1375,0.4,6,True,0.6666666666666666,0.3333333333333333,0.10175559829607272,0.030276100131752748
1376,0.4,6,True,0.4,0.5,0.11864654673111685,0.10375937481971098
1377,0.4,6,True,-1.4,0.3333333333333333,0.10175559829607272,0.030276100131752748
1378,0.4,6,True,0.8,0.3333333333333333,0.039035952556318865,0.0
1379,0.4,6,True,-0.2,0.16666666666666666,0.10167108723147955,0.0
1380,0.4,6,True,-0.7333333333333333,0.3333333333333333,0.10175559829607272,0.030276100131752748
1381,0.4,6,True,-1.2666666666666666,0.16666666666666666,0.10167108723147955,0.0
1382,0.4,6,True,0.0,0.16666666666666666,0.10167108723147955,0.0
1383,0.9,1,False,,,,
1384,0.9,1,False,,,,
1385,0.9,1,False,,,,
1386,0.9,1,False,,,,
1387,0.9,1,False,,,,
1388,0.9,1,False,,,,
1389,0.9,1,False,,,,
1390,0.9,1,False,,,,
1391,0.9,1,False,,,,
1392,0.9,1,False,,,,
1393,0.9,1,False,,,,
1394,0.9,1,False,,,,
1395,0.9,1,False,,,,
1396,0.9,1,False,,,,
1397,0.9,1,False,,,,
1398,0.9,1,False,,,,
1399,0.9,1,False,,,,
1400,0.9,1,False,,,,
1401,0.9,1,False,,,,
1402,0.9,1,False,,,,
1403,0.9,1,False,,,,
1404,0.9,1,False,,,,
1405,0.7,3,False,,,,
1406,0.3,7,True,-0.6190476190476191,0.2857142857142857,0.0573192851827401,0.02449624099389136
1407,0.4,6,True,-1.2666666666666666,0.16666666666666666,0.10167108723147944,0.0
1408,0.5,5,True,-0.5,0.4,0.15545875354128547,0.039035952556318865
1409,0.5,5,True,1.2,0.6,0.15726235138633282,0.13502647928207268
1410,0.5,5,True,-1.2,0.2,0.16402499191349473,0.0
1411,0.5,5,True,0.1,0.4,0.15545875354128547,0.039035952556318865
1412,0.5,5,True,0.7,0.6,0.15726235138633282,0.13502647928207268
1413,0.5,5,True,0.6,0.4,0.15545875354128547,0.039035952556318865
1414,0.5,5,True,1.9,0.6,0.15726235138633282,0.13502647928207268
1415,0.5,5,True,-0.8,0.2,0.16402499191349473,0.0
1416,0.5,5,True,-0.5,0.4,0.15545875354128547,0.039035952556318865
1417,0.5,5,True,-0.8,0.4,0.15545875354128547,0.039035952556318865
1418,0.5,5,True,1.2,0.4,0.15545875354128547,0.039035952556318865
1419,0.5,5,True,0.3,0.4,0.15545875354128547,0.039035952556318865
1420,0.5,5,True,-0.6,0.4,0.15545875354128547,0.039035952556318865
1421,0.5,5,True,-1.6,0.2,0.16402499191349473,0.0
1422,0.5,5,True,0.0,0.4,0.15545875354128547,0.039035952556318865
1423,0.5,5,True,-0.3,0.4,0.15545875354128547,0.039035952556318865
1424,0.5,5,True,0.1,0.4,0.15545875354128547,0.039035952556318865
1425,0.6,4,False,,,,
1426,0.5,5,True,-0.7,0.2,0.16402499191349473,0.0
1427,0.5,5,True,0.8,0.6,0.15726235138633282,0.13502647928207268
1428,0.5,5,True,-0.3,0.4,0.15545875354128547,0.039035952556318865
1429,0.5,5,True,-1.4,0.2,0.16402499191349473,0.0
1430,0.6,4,False,,,,
1431,0.6,4,False,,,,
1432,0.6,4,False,,,,
1433,0.6,4,False,,,,
1434,0.5,5,True,-0.1,0.4,0.15545875354128547,0.039035952556318865
1435,0.6,4,False,,,,
1436,0.7,3,False,,,,
1437,0.7,3,False,,,,
1438,0.8,2,False,,,,
1439,0.8,2,False,,,,
1440,0.9,1,False,,,,
1441,0.9,1,False,,,,
1442,0.9,1,False,,,,
1443,0.9,1,False,,,,
1444,0.9,1,False,,,,
1445,0.9,1,False,,,,
1446,0.9,1,False,,,,
1447,0.9,1,False,,,,
1448,0.9,1,False,,,,
1449,0.9,1,False,,,,
1450,0.9,1,False,,,,
1451,0.8,2,False,,,,
1452,0.7,3,False,,,,
1453,0.7,3,False,,,,
1454,0.7,3,False,,,,
1455,0.7,3,False,,,,
1456,0.6,4,False,,,,
1457,0.6,4,False,,,,
1458,0.6,4,False,,,,
1459,0.7,3,False,,,,
1460,0.7,3,False,,,,
1461,0.7,3,False,,,,
1462,0.7,3,False,,,,
1463,0.8,2,False,,,,
1464,0.9,1,False,,,,
1465,0.9,1,False,,,,
1466,0.9,1,False,,,,
1467,0.8,2,False,,,,
1468,0.8,2,False,,,,
1469,0.8,2,False,,,,
1470,0.9,1,False,,,,
1471,0.9,1,False,,,,
1472,0.9,1,False,,,,
1473,0.7,3,False,,,,
1474,0.5,5,True,-1.8,0.2,0.16402499191349473,0.0
1475,0.4,6,True,0.5333333333333333,0.3333333333333333,0.10175559829607284,0.030276100131752748
1476,0.4,6,True,-0.3333333333333333,0.3333333333333333,0.08613531161467869,0.04085208297275533
1477,0.4,6,True,0.3333333333333333,0.3333333333333333,0.08613531161467869,0.04085208297275533
1478,0.4,6,True,1.0,0.5,0.11864654673111685,0.10375937481971109
1479,0.4,6,True,-0.4666666666666667,0.3333333333333333,0.10175559829607284,0.030276100131752748
1480,0.5,5,True,0.1,0.4,0.15545875354128547,0.039035952556318865
1481,0.5,5,True,2.5,0.6,0.1572623513863327,0.13502647928207268
1482,0.5,5,True,-1.7,0.4,0.15545875354128547,0.039035952556318865
1483,0.5,5,True,-0.5,0.4,0.15545875354128547,0.039035952556318865
1484,0.5,5,True,1.6,0.6,0.1572623513863327,0.13502647928207268
1485,0.4,6,True,-0.8,0.3333333333333333,0.08613531161467869,0.04085208297275533
1486,0.4,6,True,0.26666666666666666,0.3333333333333333,0.08613531161467847,0.04085208297275533
1487,0.2,8,True,0.17857142857142858,0.25,0.02602396837087928,0.020430235452938983
1488,0.8,2,False,,,,
1489,0.8,2,False,,,,
1490,0.9,1,False,,,,
1491,0.9,1,False,,,,
1492,0.9,1,False,,,,
1493,0.9,1,False,,,,
1494,0.9,1,False,,,,
1495,0.9,1,False,,,,
1496,0.9,1,False,,,,
1497,0.9,1,False,,,,
1498,0.9,1,False,,,,
1499,0.9,1,False,,,,
1500,0.9,1,False,,,,
1501,0.9,1,False,,,,
1502,0.9,1,False,,,,
1503,0.9,1,False,,,,
1504,0.9,1,False,,,,
1505,0.9,1,False,,,,
1506,0.9,1,False,,,,
1507,0.9,1,False,,,,
1508,0.9,1,False,,,,
1509,0.9,1,False,,,,
1510,0.9,1,False,,,,
1511,0.9,1,False,,,,
1512,0.9,1,False,,,,
1513,0.9,1,False,,,,
1514,0.9,1,False,,,,
1515,0.9,1,False,,,,
1516,0.9,1,False,,,,
1517,0.9,1,False,,,,
1518,0.9,1,False,,,,
1519,0.9,1,False,,,,
1520,0.9,1,False,,,,
1521,0.9,1,False,,,,
1522,0.9,1,False,,,,
1523,0.9,1,False,,,,
1524,0.9,1,False,,,,
1525,0.9,1,False,,,,
1526,0.9,1,False,,,,
1527,0.9,1,False,,,,
1528,0.9,1,False,,,,
1529,0.9,1,False,,,,
1530,0.9,1,False,,,,
1531,0.9,1,False,,,,
1532,0.8,2,False,,,,
1533,0.8,2,False,,,,
1534,0.8,2,False,,,,
1535,0.8,2,False,,,,
1536,0.5,5,True,-0.9,0.2,0.16402499191349473,0.0
1537,0.5,5,True,-1.2,0.4,0.15545875354128547,0.039035952556318865
1538,0.6,4,False,,,,
1539,0.6,4,False,,,,
1540,0.5,5,True,-0.6,0.4,0.15545875354128547,0.039035952556318865
1541,0.6,4,False,,,,
1542,0.5,5,True,-0.7,0.4,0.15545875354128547,0.039035952556318865
1543,0.5,5,True,-1.7,0.2,0.16402499191349473,0.0
1544,0.5,5,True,0.2,0.4,0.15545875354128547,0.039035952556318865
1545,0.5,5,True,0.0,0.4,0.15545875354128547,0.039035952556318865
1546,0.5,5,True,0.1,0.4,0.15545875354128547,0.039035952556318865
1547,0.5,5,True,0.1,0.4,0.15545875354128547,0.039035952556318865
1548,0.5,5,True,1.2,0.6,0.15726235138633282,0.13502647928207268
1549,0.5,5,True,0.4,0.4,0.15545875354128547,0.039035952556318865
1550,0.5,5,True,0.6,0.6,0.15726235138633282,0.13502647928207268
1551,0.5,5,True,-0.8,0.4,0.15545875354128547,0.039035952556318865
1552,0.5,5,True,-0.8,0.2,0.16402499191349473,0.0
1553,0.5,5,True,-0.3,0.4,0.15545875354128547,0.039035952556318865
1554,0.5,5,True,-0.7,0.2,0.16402499191349473,0.0
1555,0.8,2,False,,,,
1556,0.7,3,False,,,,
1557,0.4,6,True,1.0,0.5,0.008840528567781392,0.0
1558,0.4,6,True,-0.6,0.3333333333333333,0.08613531161467869,0.04085208297275533
1559,0.4,6,True,0.4666666666666667,0.3333333333333333,0.08613531161467847,0.04085208297275522
1560,0.4,6,True,-0.7333333333333333,0.3333333333333333,0.10175559829607284,0.030276100131752526
1561,0.4,6,True,-0.9333333333333333,0.16666666666666666,0.10167108723147944,0.0
1562,0.4,6,True,-0.6666666666666666,0.3333333333333333,0.10175559829607284,0.030276100131752748
1563,0.8,2,False,,,,
1564,0.5,5,True,1.8,0.6,0.06276943678387037,0.02904940554533142
1565,0.5,5,True,0.2,0.4,0.15545875354128547,0.039035952556318865
1566,0.5,5,True,-1.0,0.2,0.16402499191349473,0.0
1567,0.5,5,True,0.0,0.4,0.15545875354128547,0.039035952556318865
1568,0.6,4,False,,,,
1569,0.6,4,False,,,,
1570,0.3,7,True,-0.9047619047619048,0.2857142857142857,0.05358807178498537,0.037038935205485624
1571,0.3,7,True,-0.38095238095238093,0.2857142857142857,0.05358807178498537,0.037038935205485624
1572,0.4,6,True,-1.0,0.3333333333333333,0.10175559829607284,0.030276100131752526
1573,0.4,6,True,0.26666666666666666,0.5,0.11864654673111685,0.10375937481971098
1574,0.4,6,True,1.1333333333333333,0.6666666666666666,0.13903595255631895,0.21030991785715247
1575,0.3,7,True,-0.5238095238095238,0.2857142857142857,0.05358807178498537,0.037038935205485624
1576,0.3,7,True,0.7142857142857143,0.2857142857142857,0.05358807178498537,0.037038935205485624
1577,0.3,7,True,-0.8095238095238095,0.2857142857142857,0.05358807178498537,0.037038935205485624
1578,0.3,7,True,0.0,0.42857142857142855,0.06502247023287666,0.07881450341144558
1579,0.3,7,True,-0.047619047619047616,0.2857142857142857,0.05358807178498537,0.037038935205485624
1580,0.3,7,True,0.14285714285714285,0.2857142857142857,0.05358807178498537,0.037038935205485624
1581,0.3,7,True,1.0,0.42857142857142855,0.05226907788083901,0.08589910798143474
1582,0.4,6,True,-0.06666666666666667,0.3333333333333333,0.08613531161467847,0.04085208297275522
1583,0.3,7,True,1.1904761904761905,0.5714285714285714,0.11864654673111685,0.1677511103997693
1584,0.3,7,True,-0.8095238095238095,0.2857142857142857,0.05731928518273999,0.02449624099389147
1585,0.3,7,True,-0.3333333333333333,0.2857142857142857,0.05358807178498548,0.037038935205485624
1586,0.8,2,False,,,,
1587,0.8,2,False,,,,
1588,0.8,2,False,,,,
1589,0.8,2,False,,,,
1590,0.8,2,False,,,,
1591,0.8,2,False,,,,
1592,0.3,7,True,0.09523809523809523,0.2857142857142857,0.05358807178498548,0.037038935205485624
1593,0.4,6,True,-0.4,0.3333333333333333,0.10175559829607284,0.030276100131752748
1594,0.3,7,True,-0.47619047619047616,0.2857142857142857,0.05358807178498537,0.037038935205485624
1595,0.3,7,True,0.3333333333333333,0.42857142857142855,0.06502247023287666,0.0788145034114458
1596,0.3,7,True,0.19047619047619047,0.2857142857142857,0.05358807178498548,0.037038935205485624
1597,0.3,7,True,0.09523809523809523,0.2857142857142857,0.05358807178498537,0.037038935205485624
1598,0.3,7,True,0.9523809523809523,0.5714285714285714,0.11864654673111685,0.1677511103997693
1599,0.3,7,True,0.38095238095238093,0.2857142857142857,0.05358807178498537,0.037038935205485624
1600,0.4,6,True,0.6666666666666666,0.5,0.11864654673111708,0.10375937481971109
1601,0.4,6,True,-0.6666666666666666,0.3333333333333333,0.10175559829607284,0.030276100131752748
1602,0.4,6,True,0.06666666666666667,0.3333333333333333,0.10175559829607284,0.030276100131752748
1603,0.4,6,True,-0.8,0.3333333333333333,0.10175559829607284,0.030276100131752748
1604,0.4,6,True,1.2666666666666666,0.6666666666666666,0.13903595255631884,0.21030991785715247
1605,0.4,6,True,2.0,0.6666666666666666,0.13903595255631884,0.21030991785715247
1606,0.4,6,True,0.06666666666666667,0.3333333333333333,0.10175559829607284,0.030276100131752526
1607,0.5,5,True,-0.6,0.4,0.15545875354128547,0.039035952556318865
1608,0.4,6,True,-0.5333333333333333,0.5,0.11864654673111708,0.10375937481971109
1609,0.3,7,True,-0.047619047619047616,0.2857142857142857,0.05358807178498537,0.037038935205485624
1610,0.4,6,True,0.0,0.3333333333333333,0.08613531161467847,0.04085208297275522
1611,0.4,6,True,-0.7333333333333333,0.3333333333333333,0.10175559829607284,0.030276100131752748
1612,0.9,1,False,,,,
1613,0.9,1,False,,,,
1614,0.9,1,False,,,,
1615,0.9,1,False,,,,
1616,0.9,1,False,,,,
1617,0.9,1,False,,,,
1618,0.9,1,False,,,,
1619,0.9,1,False,,,,
1620,0.9,1,False,,,,
1621,0.9,1,False,,,,
1622,0.8,2,False,,,,
1623,0.8,2,False,,,,
1624,0.8,2,False,,,,
1625,0.6,4,False,,,,
1626,0.6,4,False,,,,
1627,0.7,3,False,,,,
1628,0.7,3,False,,,,
1629,0.4,6,True,0.26666666666666666,0.3333333333333333,0.08613531161467847,0.04085208297275522
1630,0.3,7,True,0.047619047619047616,0.42857142857142855,0.06502247023287666,0.0788145034114458
1631,0.3,7,True,0.14285714285714285,0.42857142857142855,0.08279110672080625,0.08348355680039743
1632,0.3,7,True,1.5238095238095237,0.5714285714285714,0.07678032766449228,0.13008447022637415
1633,0.4,6,True,-0.3333333333333333,0.3333333333333333,0.10175559829607284,0.030276100131752526
1634,0.5,5,True,0.8,0.4,0.15545875354128547,0.039035952556318865
1635,0.5,5,True,0.1,0.4,0.15545875354128547,0.039035952556318865
1636,0.4,6,True,-0.3333333333333333,0.3333333333333333,0.10175559829607272,0.030276100131752748
1637,0.4,6,True,-0.4666666666666667,0.16666666666666666,0.10167108723147944,0.0
1638,0.4,6,True,-0.9333333333333333,0.3333333333333333,0.08613531161467847,0.04085208297275533
1639,0.4,6,True,-1.1333333333333333,0.3333333333333333,0.10175559829607272,0.030276100131752748
1640,0.4,6,True,-0.6,0.5,0.11864654673111685,0.10375937481971109
1641,0.4,6,True,0.13333333333333333,0.3333333333333333,0.10175559829607284,0.030276100131752748
1642,0.4,6,True,2.2,0.5,0.07678032766449228,0.07938016428569494
1643,0.4,6,True,4.0,0.8333333333333334,0.14132728892674495,0.3499775783516459
1644,0.4,6,True,-1.0,0.16666666666666666,0.10167108723147944,0.0
1645,0.4,6,True,-0.8666666666666667,0.3333333333333333,0.10175559829607272,0.030276100131752748
1646,0.4,6,True,-0.3333333333333333,0.16666666666666666,0.10167108723147944,0.0
1647,0.4,6,True,-1.0666666666666667,0.16666666666666666,0.10167108723147944,0.0
1648,0.4,6,True,-0.06666666666666667,0.3333333333333333,0.08613531161467869,0.04085208297275533
1649,0.6,4,False,,,,
1650,0.8,2,False,,,,
1651,0.9,1,False,,,,
1652,0.9,1,False,,,,
1653,0.9,1,False,,,,
1654,0.9,1,False,,,,
1655,0.8,2,False,,,,
1656,0.8,2,False,,,,
1657,0.8,2,False,,,,
1658,0.8,2,False,,,,
1659,0.8,2,False,,,,
1660,0.8,2,False,,,,
1661,0.8,2,False,,,,
1662,0.8,2,False,,,,
1663,0.7,3,False,,,,
1664,0.7,3,False,,,,
1665,0.7,3,False,,,,
1666,0.7,3,False,,,,
1667,0.6,4,False,,,,
1668,0.6,4,False,,,,
1669,0.6,4,False,,,,
1670,0.6,4,False,,,,
1671,0.6,4,False,,,,
1672,0.5,5,True,-0.7,0.4,0.15545875354128547,0.039035952556318865
1673,0.5,5,True,-0.4,0.4,0.15545875354128547,0.039035952556318865
1674,0.5,5,True,-0.9,0.4,0.15545875354128547,0.039035952556318865
1675,0.4,6,True,-1.0666666666666667,0.3333333333333333,0.10175559829607284,0.030276100131752748
1676,0.3,7,True,0.47619047619047616,0.42857142857142855,0.08279110672080625,0.08348355680039743
1677,0.2,8,True,-1.1071428571428572,0.125,0.015141338212453448,0.0
1678,0.2,8,True,0.03571428571428571,0.375,0.032511235116438386,0.047180468885216764
1679,0.1,9,True,-0.1111111111111111,0.3333333333333333,0.0573192851827401,0.06405530255413405
1680,0.1,9,True,-0.16666666666666666,0.2222222222222222,0.02602396837087928,0.029164237274183935
1681,0.1,9,True,0.0,0.4444444444444444,0.10175559829607284,0.11331711999846616
1682,0.1,9,True,-0.7222222222222222,0.2222222222222222,0.015141338212453448,0.017432406926636723
1683,0.1,9,True,-0.027777777777777776,0.3333333333333333,0.05358807178498548,0.05373481277819914
1684,0.1,9,True,-0.4722222222222222,0.3333333333333333,0.0573192851827401,0.06405530255413405
1685,0.1,9,True,3.0833333333333335,0.6666666666666666,0.21452470277266567,0.22749311428573982
1686,0.1,9,True,-0.75,0.3333333333333333,0.0573192851827401,0.06405530255413405
1687,0.1,9,True,1.4722222222222223,0.5555555555555556,0.15545875354128547,0.17112863674755563
1688,0.1,9,True,1.5555555555555556,0.7777777777777778,0.32161017527648017,0.3776340271255507
1689,0.1,9,True,3.4166666666666665,0.7777777777777778,0.32161017527648017,0.3776340271255507
1690,0.1,9,True,2.388888888888889,0.4444444444444444,0.13903595255631884,0.1216528952381466
1691,0.1,9,True,6.0,1.0,0.5310044064107188,1.0
1692,0.1,9,True,0.3055555555555556,0.4444444444444444,0.10167108723147955,0.11757477645534242
1693,0.1,9,True,1.1388888888888888,0.3333333333333333,0.08279110672080636,0.08985840735201955
1694,0.1,9,True,-1.0833333333333333,0.2222222222222222,0.03042964980987506,0.031607485958777604
1695,0.1,9,True,1.5,0.5555555555555556,0.16402499191349473,0.19034316658358497
1696,0.1,9,True,-0.8333333333333334,0.3333333333333333,0.0573192851827401,0.06405530255413405
1697,0.1,9,True,-0.4722222222222222,0.2222222222222222,0.02602396837087928,0.029164237274183935
1698,0.1,9,True,-0.5833333333333334,0.3333333333333333,0.05358807178498548,0.05373481277819914
1699,0.1,9,True,-0.8888888888888888,0.2222222222222222,0.030429649809874948,0.03160748595877738
1700,0.1,9,True,-0.3055555555555556,0.3333333333333333,0.0573192851827401,0.06405530255413405
1701,0.1,9,True,-0.5833333333333334,0.3333333333333333,0.0573192851827401,0.06405530255413405
1702,0.1,9,True,-0.4444444444444444,0.4444444444444444,0.10175559829607284,0.11331711999846616
1703,0.1,9,True,0.0,0.3333333333333333,0.0573192851827401,0.06405530255413405
1704,0.2,8,True,0.6785714285714286,0.375,0.05358807178498537,0.07161678823041362
1705,0.2,8,True,-1.1071428571428572,0.25,0.02602396837087928,0.020430235452938983
1706,0.3,7,True,1.1904761904761905,0.42857142857142855,0.06502247023287666,0.07881450341144558
1707,0.3,7,True,-1.0476190476190477,0.2857142857142857,0.0573192851827401,0.02449624099389136
1708,0.6,4,False,,,,
1709,0.8,2,False,,,,
1710,0.8,2,False,,,,
1711,0.9,1,False,,,,
1712,0.7,3,False,,,,
1713,0.7,3,False,,,,
1714,0.7,3,False,,,,
1715,0.8,2,False,,,,
1716,0.8,2,False,,,,
1717,0.8,2,False,,,,
1718,0.8,2,False,,,,
1719,0.8,2,False,,,,
1720,0.8,2,False,,,,
1721,0.7,3,False,,,,
1722,0.7,3,False,,,,
1723,0.7,3,False,,,,
1724,0.7,3,False,,,,
1725,0.7,3,False,,,,
1726,0.7,3,False,,,,
1727,0.7,3,False,,,,
1728,0.7,3,False,,,,
1729,0.7,3,False,,,,
1730,0.6,4,False,,,,
1731,0.6,4,False,,,,
1732,0.6,4,False,,,,
1733,0.7,3,False,,,,
1734,0.7,3,False,,,,
1735,0.7,3,False,,,,
1736,0.7,3,False,,,,
1737,0.7,3,False,,,,
1738,0.7,3,False,,,,
1739,0.7,3,False,,,,
1740,0.7,3,False,,,,
1741,0.7,3,False,,,,
1742,0.6,4,False,,,,
1743,0.5,5,True,-2.2,0.2,0.16402499191349473,0.0
1744,0.5,5,True,-1.0,0.2,0.16402499191349473,0.0
1745,0.8,2,False,,,,
1746,0.8,2,False,,,,
1747,0.2,8,True,-0.5357142857142857,0.25,0.03042964980987506,0.03286798191364604
1748,0.2,8,True,-0.5357142857142857,0.375,0.05358807178498537,0.07161678823041362
1749,0.2,8,True,-0.42857142857142855,0.25,0.03042964980987506,0.03286798191364604
1750,0.2,8,True,0.8571428571428571,0.5,0.10175559829607284,0.1386468838532139
1751,0.1,9,True,-0.4444444444444444,0.3333333333333333,0.05118688510966152,0.05904160991070073
1752,0.1,9,True,-0.05555555555555555,0.3333333333333333,0.05358807178498537,0.05373481277819914
1753,0.1,9,True,-0.4444444444444444,0.3333333333333333,0.0573192851827401,0.06405530255413405
1754,0.0,10,True,-0.5777777777777777,0.3,0.06502247023287666,0.06502247023287666
1755,0.0,10,True,-0.2222222222222222,0.3,0.0573192851827401,0.0573192851827401
1756,0.0,10,True,-0.28888888888888886,0.2,0.024385036849164488,0.024385036849164488
1757,0.0,10,True,0.2,0.4,0.10175559829607284,0.10175559829607284
1758,0.0,10,True,0.7111111111111111,0.4,0.08613531161467847,0.08613531161467847
1759,0.0,10,True,0.022222222222222223,0.4,0.10175559829607284,0.10175559829607284
1760,0.0,10,True,-0.1111111111111111,0.3,0.05358807178498537,0.05358807178498537
1761,0.0,10,True,-0.4888888888888889,0.3,0.05118688510966163,0.05118688510966163
1762,0.0,10,True,-0.8444444444444444,0.2,0.02602396837087928,0.02602396837087928
1763,0.0,10,True,-0.2222222222222222,0.3,0.06502247023287666,0.06502247023287666
1764,0.0,10,True,0.8,0.5,0.11951797627815941,0.11951797627815941
1765,0.0,10,True,-0.9111111111111111,0.2,0.03042964980987506,0.03042964980987506
1766,0.0,10,True,1.711111111111111,0.4,0.11864654673111685,0.11864654673111685
1767,0.0,10,True,-0.06666666666666667,0.3,0.05358807178498537,0.05358807178498537
1768,0.0,10,True,6.8,0.9,0.5310044064107188,0.5310044064107188
1769,0.0,10,True,-0.8222222222222222,0.3,0.05358807178498537,0.05358807178498537
1770,0.0,10,True,0.13333333333333333,0.4,0.10175559829607272,0.10175559829607272
1771,0.8,2,False,,,,
1772,0.8,2,False,,,,
1773,0.0,10,True,6.6,0.9,0.5310044064107188,0.5310044064107188
1774,0.0,10,True,0.2,0.3,0.05358807178498515,0.05358807178498515
1775,0.0,10,True,1.6,0.5,0.11951797627815941,0.11951797627815941
1776,0.0,10,True,0.6,0.6,0.23729309346223382,0.23729309346223382
1777,0.0,10,True,-0.5555555555555556,0.3,0.05731928518273999,0.05731928518273999
1778,0.0,10,True,-0.13333333333333333,0.3,0.0573192851827401,0.0573192851827401
1779,0.0,10,True,1.5555555555555556,0.4,0.13903595255631884,0.13903595255631884
1780,0.9,1,False,,,,
1781,0.9,1,False,,,,
1782,0.0,10,True,-0.5555555555555556,0.3,0.0573192851827401,0.0573192851827401
1783,0.0,10,True,-0.06666666666666667,0.3,0.032511235116438386,0.032511235116438386
1784,0.0,10,True,0.3333333333333333,0.5,0.16402499191349473,0.16402499191349473
1785,0.0,10,True,3.6,0.9,0.5310044064107188,0.5310044064107188
1786,0.0,10,True,0.13333333333333333,0.3,0.0573192851827401,0.0573192851827401
1787,0.0,10,True,2.1777777777777776,0.7,0.32161017527648017,0.32161017527648017
1788,0.0,10,True,6.0,0.9,0.5310044064107188,0.5310044064107188
1789,0.0,10,True,1.0444444444444445,0.5,0.1572623513863327,0.1572623513863327
1790,0.0,10,True,3.4,0.6,0.02904940554533142,0.02904940554533142
1791,0.0,10,True,0.37777777777777777,0.5,0.16402499191349473,0.16402499191349473
1792,0.1,9,True,5.777777777777778,0.8888888888888888,0.41832813428211324,0.49674166522435426
1793,0.9,1,False,,,,
1794,0.9,1,False,,,,
1795,0.1,9,True,1.0833333333333333,0.4444444444444444,0.11864654673111685,0.12364236051014765
1796,0.1,9,True,0.027777777777777776,0.3333333333333333,0.0573192851827401,0.06405530255413405
1797,0.1,9,True,3.0833333333333335,0.7777777777777778,0.32161017527648017,0.3776340271255507
1798,0.1,9,True,2.5,0.6666666666666666,0.21452470277266567,0.22749311428573982
1799,0.1,9,True,3.4444444444444446,0.7777777777777778,0.32161017527648017,0.3776340271255507
1800,0.1,9,True,2.638888888888889,0.4444444444444444,0.07678032766449228,0.0343663928571748
1801,0.0,10,True,1.6222222222222222,0.6,0.23729309346223382,0.23729309346223382
1802,0.0,10,True,9.0,1.0,1.0,1.0
1803,0.0,10,True,0.17777777777777778,0.3,0.06502247023287666,0.06502247023287666
1804,0.0,10,True,0.06666666666666667,0.3,0.0573192851827401,0.0573192851827401
1805,0.8,2,False,,,,
1806,0.8,2,False,,,,
1807,0.0,10,True,9.0,1.0,1.0,1.0
1808,0.0,10,True,1.4444444444444444,0.6,0.21452470277266567,0.21452470277266567
1809,0.0,10,True,3.6,0.7,0.1187091007693073,0.1187091007693073
1810,0.0,10,True,-0.4222222222222222,0.3,0.05731928518273999,0.05731928518273999
1811,0.0,10,True,6.0,1.0,1.0,1.0
1812,0.0,10,True,1.5333333333333334,0.5,0.1572623513863327,0.1572623513863327
1813,0.0,10,True,1.511111111111111,0.6,0.23729309346223382,0.23729309346223382
1814,0.0,10,True,-0.5333333333333333,0.3,0.05358807178498537,0.05358807178498537
1815,0.0,10,True,0.4,0.4,0.10175559829607284,0.10175559829607284
1816,0.0,10,True,-0.5111111111111111,0.4,0.10175559829607284,0.10175559829607284
1817,0.0,10,True,4.0,1.0,1.0,1.0
1818,0.0,10,True,1.8222222222222222,0.6,0.21452470277266567,0.21452470277266567
1819,0.0,10,True,1.5333333333333334,0.7,0.32161017527648017,0.32161017527648017
1820,0.0,10,True,8.0,1.0,1.0,1.0
1821,0.0,10,True,0.06666666666666667,0.3,0.06502247023287666,0.06502247023287666
1822,0.0,10,True,3.1333333333333333,0.7,0.1187091007693073,0.1187091007693073
1823,0.0,10,True,2.2444444444444445,0.7,0.32161017527648017,0.32161017527648017
1824,0.0,10,True,8.0,1.0,1.0,1.0
1825,0.0,10,True,1.4666666666666666,0.6,0.23729309346223382,0.23729309346223382
1826,0.0,10,True,3.577777777777778,0.8,0.41832813428211324,0.41832813428211324
1827,0.0,10,True,0.4,0.4,0.07678032766449228,0.07678032766449228
1828,0.0,10,True,3.6,0.7,0.1187091007693073,0.1187091007693073
1829,0.0,10,True,7.0,1.0,1.0,1.0
1830,0.0,10,True,3.2222222222222223,0.5,0.06276943678387037,0.06276943678387037
1831,0.0,10,True,0.6666666666666666,0.5,0.16402499191349473,0.16402499191349473
1832,0.0,10,True,9.0,1.0,1.0,1.0
1833,0.0,10,True,0.3333333333333333,0.3,0.0573192851827401,0.0573192851827401
1834,0.7,3,False,,,,
1835,0.7,3,False,,,,
1836,0.0,10,True,-1.3777777777777778,0.3,0.0573192851827401,0.0573192851827401
1837,0.0,10,True,9.0,1.0,1.0,1.0
1838,0.0,10,True,0.7555555555555555,0.5,0.15545875354128547,0.15545875354128547
1839,0.0,10,True,0.37777777777777777,0.3,0.014524702772665599,0.014524702772665599
1840,0.0,10,True,1.1111111111111112,0.4,0.07678032766449228,0.07678032766449228
1841,0.0,10,True,6.0,1.0,1.0,1.0
1842,0.0,10,True,-0.17777777777777778,0.4,0.10175559829607284,0.10175559829607284
1843,0.0,10,True,2.533333333333333,0.8,0.41832813428211324,0.41832813428211324
1844,0.0,10,True,1.6222222222222222,0.7,0.27015330083790245,0.27015330083790245
1845,0.0,10,True,2.977777777777778,0.8,0.41832813428211324,0.41832813428211324
1846,0.0,10,True,1.9333333333333333,0.7,0.32161017527648017,0.32161017527648017
1847,0.0,10,True,1.8222222222222222,0.8,0.41832813428211324,0.41832813428211324
1848,0.0,10,True,0.08888888888888889,0.4,0.11864654673111708,0.11864654673111708
1849,0.0,10,True,2.533333333333333,0.8,0.41832813428211324,0.41832813428211324
1850,0.0,10,True,8.0,1.0,1.0,1.0
1851,0.0,10,True,-0.044444444444444446,0.3,0.05731928518273999,0.05731928518273999
1852,0.0,10,True,3.111111111111111,0.7,0.27015330083790245,0.27015330083790245
1853,0.0,10,True,2.577777777777778,0.7,0.32161017527648017,0.32161017527648017
1854,0.2,8,True,0.21428571428571427,0.375,0.05358807178498515,0.07161678823041362
1855,0.0,10,True,8.0,1.0,1.0,1.0
1856,0.0,10,True,2.7111111111111112,0.8,0.41832813428211324,0.41832813428211324
1857,0.0,10,True,1.9333333333333333,0.6,0.13502647928207268,0.13502647928207268
1858,0.0,10,True,2.3333333333333335,0.8,0.41832813428211324,0.41832813428211324
1859,0.0,10,True,3.933333333333333,0.8,0.2780719051126377,0.2780719051126377
1860,0.0,10,True,5.2,0.9,0.5310044064107188,0.5310044064107188
1861,0.0,10,True,4.0,0.6,0.1826545778534897,0.1826545778534897
1862,0.0,10,True,1.5777777777777777,0.6,0.21452470277266567,0.21452470277266567
1863,0.0,10,True,9.0,1.0,1.0,1.0
1864,0.0,10,True,0.6888888888888889,0.5,0.1572623513863327,0.1572623513863327
1865,0.0,10,True,-0.5555555555555556,0.4,0.10175559829607284,0.10175559829607284
1866,0.8,2,False,,,,
1867,0.8,2,False,,,,
1868,0.0,10,True,9.0,1.0,1.0,1.0
1869,0.0,10,True,3.3333333333333335,0.8,0.41832813428211324,0.41832813428211324
1870,0.0,10,True,2.4,0.7,0.32161017527648017,0.32161017527648017
1871,0.0,10,True,1.1333333333333333,0.6,0.21452470277266567,0.21452470277266567
1872,0.0,10,True,1.0666666666666667,0.7,0.27015330083790245,0.27015330083790245
1873,0.0,10,True,0.8222222222222222,0.7,0.27015330083790245,0.27015330083790245
1874,0.0,10,True,1.9111111111111112,0.7,0.32161017527648017,0.32161017527648017
1875,0.0,10,True,0.044444444444444446,0.4,0.10175559829607284,0.10175559829607284
1876,0.0,10,True,2.6444444444444444,0.8,0.41832813428211324,0.41832813428211324
1877,0.0,10,True,2.111111111111111,0.7,0.32161017527648017,0.32161017527648017
1878,0.0,10,True,2.6444444444444444,0.8,0.41832813428211324,0.41832813428211324
1879,0.0,10,True,1.6444444444444444,0.5,0.1572623513863327,0.1572623513863327
1880,0.0,10,True,2.7777777777777777,0.8,0.41832813428211324,0.41832813428211324
1881,0.0,10,True,8.0,1.0,1.0,1.0
1882,0.0,10,True,0.5333333333333333,0.4,0.11864654673111685,0.11864654673111685
1883,0.8,2,False,,,,
1884,0.0,10,True,1.9555555555555555,0.6,0.21452470277266567,0.21452470277266567
1885,0.0,10,True,1.9555555555555555,0.5,0.06276943678387037,0.06276943678387037
1886,0.0,10,True,6.0,0.9,0.5310044064107188,0.5310044064107188
1887,0.1,9,True,3.4444444444444446,0.8888888888888888,0.41832813428211324,0.49674166522435426
1888,0.0,10,True,2.888888888888889,0.8,0.41832813428211324,0.41832813428211324
1889,0.0,10,True,1.7333333333333334,0.7,0.32161017527648017,0.32161017527648017
1890,0.1,9,True,2.4444444444444446,0.6666666666666666,0.21452470277266567,0.22749311428573982
1891,0.0,10,True,4.111111111111111,0.8,0.2780719051126377,0.2780719051126377
1892,0.1,9,True,5.416666666666667,0.7777777777777778,0.27015330083790245,0.23579549349137974
1893,0.1,9,True,1.4444444444444444,0.5555555555555556,0.16402499191349473,0.19034316658358497
1894,0.1,9,True,9.0,1.0,0.5310044064107188,1.0
1895,0.1,9,True,0.3888888888888889,0.4444444444444444,0.10175559829607272,0.11331711999846594
1896,0.1,9,True,0.6944444444444444,0.4444444444444444,0.10167108723147944,0.11757477645534242
1897,0.1,9,True,6.333333333333333,0.8888888888888888,0.41832813428211324,0.49674166522435426
1898,0.2,8,True,0.42857142857142855,0.5,0.10175559829607272,0.1386468838532139
1899,0.3,7,True,4.428571428571429,0.8571428571428571,0.1826545778534897,0.4083272214176725
1900,0.9,1,False,,,,
1901,0.9,1,False,,,,
1902,0.3,7,True,4.0,1.0,0.1187091007693073,1.0
1903,0.3,7,True,2.2857142857142856,0.8571428571428571,0.1826545778534897,0.4083272214176725
1904,0.3,7,True,1.380952380952381,0.5714285714285714,0.11864654673111685,0.1677511103997693
1905,0.3,7,True,4.571428571428571,0.8571428571428571,0.1826545778534897,0.4083272214176725
1906,0.3,7,True,-0.3333333333333333,0.2857142857142857,0.05358807178498537,0.037038935205485624
1907,0.3,7,True,3.0,0.42857142857142855,0.05226907788083912,0.08589910798143474
1908,0.3,7,True,5.0,1.0,0.1187091007693073,1.0
1909,0.3,7,True,4.0,1.0,0.1187091007693073,1.0
1910,0.3,7,True,3.2857142857142856,0.8571428571428571,0.1826545778534897,0.4083272214176725
1911,0.3,7,True,2.7142857142857144,0.8571428571428571,0.1826545778534897,0.4083272214176725
1912,0.3,7,True,5.428571428571429,0.8571428571428571,0.1826545778534897,0.4083272214176725
1913,0.3,7,True,1.8571428571428572,0.42857142857142855,0.05226907788083912,0.08589910798143474
1914,0.3,7,True,1.1428571428571428,0.7142857142857143,0.06276943678387037,0.136879431433369
1915,0.3,7,True,0.7142857142857143,0.5714285714285714,0.11864654673111708,0.1677511103997693
1916,0.3,7,True,5.714285714285714,0.8571428571428571,0.1826545778534897,0.4083272214176725
1917,0.3,7,True,3.2857142857142856,0.8571428571428571,0.1826545778534897,0.4083272214176725
1918,0.3,7,True,4.285714285714286,0.8571428571428571,0.1826545778534897,0.4083272214176725
1919,0.3,7,True,5.0,1.0,0.1187091007693073,1.0
1920,0.3,7,True,3.5714285714285716,0.7142857142857143,0.06276943678387037,0.136879431433369
1921,0.3,7,True,3.0952380952380953,0.7142857142857143,0.06276943678387037,0.136879431433369
1922,0.3,7,True,4.476190476190476,0.7142857142857143,0.1572623513863327,0.27516590849424005
1923,0.3,7,True,1.1904761904761905,0.5714285714285714,0.11864654673111685,0.1677511103997693
1924,0.3,7,True,9.0,1.0,0.1187091007693073,1.0
1925,0.3,7,True,1.1428571428571428,0.5714285714285714,0.07678032766449228,0.13008447022637415
1926,0.2,8,True,-0.5357142857142857,0.25,0.03042964980987506,0.03286798191364604
1927,0.2,8,True,9.0,1.0,0.2780719051126377,1.0
1928,0.2,8,True,-0.21428571428571427,0.25,0.02602396837087928,0.020430235452938983
1929,0.2,8,True,0.39285714285714285,0.5,0.10175559829607284,0.1386468838532139
1930,0.2,8,True,1.0357142857142858,0.625,0.15545875354128547,0.22560252965230077
1931,0.2,8,True,6.0,1.0,0.2780719051126377,1.0
1932,0.2,8,True,2.1785714285714284,0.625,0.11951797627815941,0.1805516281271965
1933,0.2,8,True,2.1785714285714284,0.75,0.21452470277266567,0.3304080544642207
1934,0.2,8,True,1.7142857142857142,0.625,0.11951797627815941,0.1805516281271965
1935,0.2,8,True,1.5,0.5,0.08613531161467869,0.125
1936,0.2,8,True,3.0,0.875,0.27015330083790245,0.4564355568004036
1937,0.2,8,True,4.0,1.0,0.2780719051126377,1.0
1938,0.2,8,True,3.2857142857142856,0.75,0.13502647928207268,0.18872187554086717
1939,0.2,8,True,0.0,0.5,0.10175559829607272,0.1386468838532139
1940,0.2,8,True,8.0,1.0,0.2780719051126377,1.0
1941,0.2,8,True,0.5,0.5,0.08613531161467847,0.125
1942,0.6,4,False,,,,
1943,0.2,8,True,-1.1428571428571428,0.5,0.10175559829607272,0.1386468838532139
1944,0.3,7,True,1.0,0.42857142857142855,0.06502247023287666,0.0788145034114458
1945,0.2,8,True,1.3928571428571428,0.5,0.10175559829607284,0.1386468838532139
1946,0.2,8,True,0.42857142857142855,0.5,0.08613531161467869,0.125
1947,0.2,8,True,2.0714285714285716,0.75,0.21452470277266567,0.3304080544642207
1948,0.2,8,True,1.0357142857142858,0.375,0.05358807178498548,0.07161678823041362
1949,0.2,8,True,0.9285714285714286,0.5,0.08613531161467869,0.125
1950,0.2,8,True,4.5,0.875,0.27015330083790245,0.4564355568004036
1951,0.3,7,True,0.5714285714285714,0.5714285714285714,0.008840528567781392,0.014771863965748477
1952,0.2,8,True,3.392857142857143,0.5,0.07678032766449228,0.11314049285708505
1953,0.2,8,True,-0.6071428571428571,0.25,0.03042964980987506,0.03286798191364604
1954,0.2,8,True,9.0,1.0,0.2780719051126377,1.0
1955,0.2,8,True,1.0357142857142858,0.375,0.05358807178498537,0.07161678823041362
1956,0.2,8,True,0.25,0.25,0.024385036849164488,0.030977744334865553
1957,0.2,8,True,5.75,0.875,0.27015330083790245,0.4564355568004036
1958,0.2,8,True,1.75,0.625,0.15545875354128547,0.22560252965230077
1959,0.9,1,False,,,,
1960,0.9,1,False,,,,
1961,0.9,1,False,,,,
1962,0.9,1,False,,,,
1963,0.2,8,True,1.3928571428571428,0.625,0.15545875354128547,0.22560252965230077
1964,0.2,8,True,1.5714285714285714,0.625,0.11951797627815941,0.1805516281271965
1965,0.2,8,True,1.5714285714285714,0.5,0.07678032766449228,0.11314049285708505
1966,0.2,8,True,1.3571428571428572,0.625,0.15545875354128547,0.22560252965230077
1967,0.2,8,True,2.892857142857143,0.75,0.21452470277266567,0.3304080544642207
1968,0.2,8,True,1.0357142857142858,0.625,0.15545875354128547,0.22560252965230077
1969,0.2,8,True,0.9642857142857143,0.375,0.032511235116438386,0.047180468885216764
1970,0.2,8,True,3.4285714285714284,0.75,0.21452470277266567,0.3304080544642207
1971,0.2,8,True,3.5,0.875,0.27015330083790245,0.4564355568004036
1972,0.2,8,True,2.4285714285714284,0.5,0.039035952556318865,0.053605369642813816
1973,0.2,8,True,-0.07142857142857142,0.375,0.05358807178498548,0.07161678823041362
1974,0.2,8,True,8.0,1.0,0.2780719051126377,1.0
1975,0.2,8,True,1.5,0.5,0.08613531161467869,0.125
1976,0.2,8,True,2.4285714285714284,0.5,0.07678032766449228,0.11314049285708505
1977,0.3,7,True,2.380952380952381,0.7142857142857143,0.1572623513863327,0.27516590849424005
1978,0.2,8,True,1.1785714285714286,0.5,0.08613531161467847,0.125
1979,0.2,8,True,8.0,1.0,0.2780719051126377,1.0
1980,0.2,8,True,3.75,0.875,0.27015330083790245,0.4564355568004036
1981,0.2,8,True,0.42857142857142855,0.375,0.032511235116438386,0.047180468885216764
1982,0.9,1,False,,,,
1983,0.3,7,True,2.3333333333333335,0.5714285714285714,0.07678032766449228,0.13008447022637415
1984,0.3,7,True,1.380952380952381,0.5714285714285714,0.11864654673111685,0.1677511103997693
1985,0.3,7,True,4.428571428571429,0.8571428571428571,0.1826545778534897,0.4083272214176725
1986,0.3,7,True,1.8571428571428572,0.5714285714285714,0.07678032766449228,0.13008447022637415
1987,0.2,8,True,0.25,0.375,0.032511235116438386,0.047180468885216764
1988,0.2,8,True,9.0,1.0,0.2780719051126377,1.0
1989,0.2,8,True,1.9642857142857142,0.5,0.08613531161467847,0.125
1990,0.2,8,True,-0.32142857142857145,0.5,0.08613531161467869,0.125
1991,0.2,8,True,9.0,1.0,0.2780719051126377,1.0
1992,0.2,8,True,0.75,0.5,0.10175559829607272,0.1386468838532139
1993,0.2,8,True,1.2857142857142858,0.375,0.05358807178498515,0.07161678823041362
1994,0.2,8,True,0.10714285714285714,0.375,0.032511235116438386,0.047180468885216764
1995,0.2,8,True,3.8214285714285716,0.75,0.21452470277266567,0.3304080544642207
1996,0.2,8,True,0.35714285714285715,0.5,0.10175559829607284,0.1386468838532139
1997,0.2,8,True,2.9642857142857144,0.75,0.21452470277266567,0.3304080544642207
1998,0.2,8,True,2.4285714285714284,0.625,0.11951797627815941,0.1805516281271965
1999,0.2,8,True,2.2142857142857144,0.625,0.15545875354128547,0.22560252965230077
2000,0.2,8,True,0.39285714285714285,0.25,0.024385036849164488,0.030977744334865553
2001,0.2,8,True,2.392857142857143,0.625,0.06276943678387037,0.04556599707503495
2002,0.2,8,True,0.9285714285714286,0.5,0.08613531161467869,0.125
2003,0.2,8,True,-0.5,0.375,0.05731928518273999,0.06937177558342222
2004,0.7,3,False,,,,
2005,0.7,3,False,,,,
2006,0.7,3,False,,,,
2007,0.7,3,False,,,,
2008,0.8,2,False,,,,
2009,0.8,2,False,,,,
2010,0.8,2,False,,,,
2011,0.8,2,False,,,,
2012,0.8,2,False,,,,
2013,0.8,2,False,,,,
2014,0.8,2,False,,,,
2015,0.8,2,False,,,,
2016,0.8,2,False,,,,
2017,0.8,2,False,,,,
2018,0.8,2,False,,,,
2019,0.8,2,False,,,,
2020,0.9,1,False,,,,
2021,0.9,1,False,,,,
2022,0.9,1,False,,,,
2023,0.9,1,False,,,,
2024,0.9,1,False,,,,
2025,0.9,1,False,,,,
2026,0.9,1,False,,,,
2027,0.9,1,False,,,,
2028,0.9,1,False,,,,
2029,0.9,1,False,,,,
2030,0.9,1,False,,,,
2031,0.9,1,False,,,,
2032,0.9,1,False,,,,
2033,0.9,1,False,,,,
2034,0.9,1,False,,,,
2035,0.9,1,False,,,,
2036,0.9,1,False,,,,
2037,0.9,1,False,,,,
2038,0.9,1,False,,,,
2039,0.9,1,False,,,,
2040,0.9,1,False,,,,
2041,0.9,1,False,,,,
2042,0.9,1,False,,,,
2043,0.9,1,False,,,,
2044,0.9,1,False,,,,
2045,0.9,1,False,,,,
2046,0.9,1,False,,,,
2047,0.9,1,False,,,,
2048,0.9,1,False,,,,
2049,0.9,1,False,,,,
2050,0.9,1,False,,,,
2051,0.9,1,False,,,,
2052,0.9,1,False,,,,
2053,0.9,1,False,,,,
2054,0.9,1,False,,,,
2055,0.9,1,False,,,,
2056,0.9,1,False,,,,
2057,0.9,1,False,,,,
2058,0.9,1,False,,,,
2059,0.9,1,False,,,,
2060,0.9,1,False,,,,
2061,0.9,1,False,,,,
2062,0.9,1,False,,,,
2063,0.9,1,False,,,,
2064,0.9,1,False,,,,
2065,0.8,2,False,,,,
2066,0.8,2,False,,,,
2067,0.8,2,False,,,,
2068,0.8,2,False,,,,
2069,0.8,2,False,,,,
2070,0.8,2,False,,,,
2071,0.8,2,False,,,,
2072,0.8,2,False,,,,
2073,0.8,2,False,,,,
2074,0.8,2,False,,,,
2075,0.2,8,True,5.75,0.875,0.27015330083790245,0.4564355568004036
2076,0.2,8,True,-0.17857142857142858,0.375,0.05358807178498548,0.07161678823041362
2077,0.2,8,True,1.8928571428571428,0.625,0.11951797627815941,0.1805516281271965
2078,0.2,8,True,1.3928571428571428,0.625,0.15545875354128547,0.22560252965230077
2079,0.2,8,True,5.25,0.875,0.27015330083790245,0.4564355568004036
2080,0.2,8,True,2.75,0.625,0.11951797627815941,0.1805516281271965
2081,0.2,8,True,2.0714285714285716,0.75,0.21452470277266567,0.3304080544642207
2082,0.2,8,True,2.142857142857143,0.75,0.21452470277266567,0.3304080544642207
2083,0.2,8,True,3.25,0.875,0.27015330083790245,0.4564355568004036
2084,0.2,8,True,0.5,0.5,0.10175559829607272,0.1386468838532139
2085,0.2,8,True,5.25,0.75,0.13502647928207268,0.18872187554086717
2086,0.2,8,True,1.2857142857142858,0.5,0.10175559829607284,0.1386468838532139
2087,0.2,8,True,9.0,1.0,0.2780719051126377,1.0
2088,0.2,8,True,0.0,0.375,0.05731928518273999,0.06937177558342222
2089,0.2,8,True,-0.17857142857142858,0.5,0.10175559829607272,0.1386468838532139
2090,0.2,8,True,5.75,0.875,0.27015330083790245,0.4564355568004036
2091,0.9,1,False,,,,
2092,0.9,1,False,,,,
2093,0.2,8,True,0.10714285714285714,0.375,0.05358807178498548,0.07161678823041362
2094,0.2,8,True,3.0714285714285716,0.75,0.13502647928207268,0.18872187554086717
2095,0.2,8,True,0.9642857142857143,0.5,0.08613531161467869,0.125
2096,0.2,8,True,0.10714285714285714,0.5,0.10175559829607272,0.1386468838532139
2097,0.2,8,True,0.03571428571428571,0.375,0.032511235116438386,0.047180468885216764
2098,0.2,8,True,0.14285714285714285,0.375,0.05358807178498537,0.07161678823041362
2099,0.2,8,True,0.5357142857142857,0.375,0.05358807178498537,0.07161678823041362
2100,0.2,8,True,2.392857142857143,0.75,0.13502647928207268,0.18872187554086717
2101,0.2,8,True,3.6785714285714284,0.75,0.21452470277266567,0.3304080544642207
2102,0.2,8,True,4.0,1.0,0.2780719051126377,1.0
2103,0.2,8,True,-0.5714285714285714,0.375,0.05731928518273999,0.06937177558342222
2104,0.2,8,True,0.14285714285714285,0.5,0.08613531161467869,0.125
2105,0.2,8,True,8.0,1.0,0.2780719051126377,1.0
2106,0.9,1,False,,,,
2107,0.2,8,True,1.6071428571428572,0.625,0.15545875354128547,0.22560252965230077
2108,0.2,8,True,0.35714285714285715,0.5,0.07678032766449228,0.11314049285708505
2109,0.2,8,True,0.9642857142857143,0.5,0.08613531161467869,0.125
2110,0.2,8,True,8.0,1.0,0.2780719051126377,1.0
2111,0.2,8,True,2.142857142857143,0.75,0.21452470277266567,0.3304080544642207
2112,0.2,8,True,1.5714285714285714,0.5,0.07678032766449228,0.11314049285708505
2113,0.2,8,True,1.9285714285714286,0.375,0.06502247023287666,0.09436093777043353
2114,0.2,8,True,1.8571428571428572,0.625,0.15545875354128547,0.22560252965230077
2115,0.2,8,True,3.4642857142857144,0.75,0.13502647928207268,0.18872187554086717
2116,0.2,8,True,4.5,0.625,0.06276943678387037,0.04556599707503495
2117,0.2,8,True,-0.03571428571428571,0.25,0.030429649809874948,0.03286798191364604
2118,0.2,8,True,9.0,1.0,0.2780719051126377,1.0
2119,0.2,8,True,2.357142857142857,0.625,0.11951797627815941,0.1805516281271965
2120,0.2,8,True,-0.10714285714285714,0.25,0.03042964980987506,0.03286798191364604
2121,0.2,8,True,9.0,1.0,0.2780719051126377,1.0
2122,0.2,8,True,-0.9642857142857143,0.25,0.030429649809874948,0.03286798191364604
2123,0.2,8,True,1.2142857142857142,0.5,0.10175559829607272,0.1386468838532139
2124,0.2,8,True,0.35714285714285715,0.25,0.0243850368491646,0.030977744334865553
2125,0.2,8,True,5.25,0.875,0.27015330083790245,0.4564355568004036
2126,0.2,8,True,1.5357142857142858,0.625,0.15545875354128547,0.22560252965230077
2127,0.2,8,True,2.5357142857142856,0.75,0.21452470277266567,0.3304080544642207
2128,0.2,8,True,3.3214285714285716,0.75,0.21452470277266567,0.3304080544642207
2129,0.2,8,True,1.9285714285714286,0.75,0.21452470277266567,0.3304080544642207
2130,0.2,8,True,1.2142857142857142,0.625,0.15545875354128547,0.22560252965230077
2131,0.2,8,True,4.0,1.0,0.2780719051126377,1.0
2132,0.2,8,True,0.5714285714285714,0.375,0.05358807178498548,0.07161678823041362
2133,0.2,8,True,1.2142857142857142,0.625,0.15545875354128547,0.22560252965230077
2134,0.2,8,True,8.0,1.0,0.2780719051126377,1.0
2135,0.2,8,True,-0.6785714285714286,0.25,0.03042964980987506,0.03286798191364604
2136,0.2,8,True,1.5,0.5,0.10175559829607272,0.1386468838532139
2137,0.2,8,True,-0.10714285714285714,0.5,0.10175559829607272,0.1386468838532139
2138,0.2,8,True,-0.7142857142857143,0.375,0.05731928518273999,0.06937177558342222
2139,0.2,8,True,3.8214285714285716,0.75,0.21452470277266567,0.3304080544642207
2140,0.2,8,True,1.2142857142857142,0.625,0.15545875354128547,0.22560252965230077
2141,0.2,8,True,-0.14285714285714285,0.5,0.10175559829607284,0.1386468838532139
2142,0.2,8,True,-0.6785714285714286,0.25,0.02602396837087928,0.020430235452938983
2143,0.2,8,True,1.5,0.625,0.15545875354128547,0.22560252965230077
2144,0.2,8,True,-0.7142857142857143,0.375,0.05731928518273999,0.06937177558342222
2145,0.2,8,True,-0.17857142857142858,0.375,0.05358807178498537,0.07161678823041362
2146,0.2,8,True,3.2857142857142856,0.75,0.21452470277266567,0.3304080544642207
2147,0.2,8,True,-1.5357142857142858,0.25,0.02602396837087928,0.020430235452938983
2148,0.2,8,True,0.2857142857142857,0.5,0.08613531161467869,0.125
2149,0.9,1,False,,,,
2150,0.9,1,False,,,,
2151,0.9,1,False,,,,
2152,0.9,1,False,,,,
2153,0.9,1,False,,,,
2154,0.9,1,False,,,,
2155,0.9,1,False,,,,
2156,0.9,1,False,,,,
2157,0.9,1,False,,,,
2158,0.9,1,False,,,,
2159,0.9,1,False,,,,
2160,0.9,1,False,,,,
2161,0.9,1,False,,,,
2162,0.9,1,False,,,,
2163,0.9,1,False,,,,
2164,0.9,1,False,,,,
2165,0.9,1,False,,,,
2166,0.9,1,False,,,,
2167,0.9,1,False,,,,
2168,0.9,1,False,,,,
2169,0.9,1,False,,,,
2170,0.9,1,False,,,,
2171,0.9,1,False,,,,
2172,0.9,1,False,,,,
2173,0.9,1,False,,,,
2174,0.9,1,False,,,,
2175,0.9,1,False,,,,
2176,0.9,1,False,,,,
2177,0.9,1,False,,,,
2178,0.9,1,False,,,,
2179,0.9,1,False,,,,
2180,0.9,1,False,,,,
2181,0.9,1,False,,,,
2182,0.9,1,False,,,,
2183,0.9,1,False,,,,
2184,0.9,1,False,,,,
2185,0.9,1,False,,,,
2186,0.9,1,False,,,,
2187,0.9,1,False,,,,
2188,0.9,1,False,,,,
2189,0.9,1,False,,,,
2190,0.9,1,False,,,,
2191,0.9,1,False,,,,
2192,0.9,1,False,,,,
2193,0.9,1,False,,,,
2194,0.8,2,False,,,,
2195,0.7,3,False,,,,
2196,0.3,7,True,1.619047619047619,0.42857142857142855,0.06502247023287666,0.07881450341144558
2197,0.3,7,True,2.380952380952381,0.5714285714285714,0.11864654673111685,0.1677511103997693
2198,0.3,7,True,0.23809523809523808,0.5714285714285714,0.11864654673111685,0.1677511103997693
2199,0.3,7,True,1.619047619047619,0.5714285714285714,0.07678032766449228,0.13008447022637415
2200,0.3,7,True,1.4761904761904763,0.5714285714285714,0.11864654673111708,0.1677511103997693
2201,0.2,8,True,0.5357142857142857,0.25,0.03042964980987506,0.03286798191364604
2202,0.2,8,True,4.178571428571429,0.75,0.21452470277266567,0.3304080544642207
2203,0.2,8,True,1.1071428571428572,0.5,0.08613531161467869,0.125
2204,0.2,8,True,0.8214285714285714,0.375,0.032511235116438386,0.047180468885216764
2205,0.2,8,True,6.0,0.875,0.27015330083790245,0.4564355568004036
2206,0.2,8,True,-0.35714285714285715,0.25,0.02602396837087928,0.020430235452938983
2207,0.2,8,True,1.9642857142857142,0.5,0.07678032766449228,0.11314049285708505
2208,0.2,8,True,0.5357142857142857,0.375,0.032511235116438386,0.047180468885216764
2209,0.2,8,True,4.5,0.875,0.27015330083790245,0.4564355568004036
2210,0.2,8,True,0.4642857142857143,0.375,0.06502247023287666,0.09436093777043353
2211,0.2,8,True,2.357142857142857,0.5,0.07678032766449228,0.11314049285708505
2212,0.2,8,True,2.1785714285714284,0.625,0.11951797627815941,0.1805516281271965
2213,0.2,8,True,0.35714285714285715,0.625,0.15545875354128547,0.22560252965230077
2214,0.2,8,True,1.7857142857142858,0.625,0.15545875354128547,0.22560252965230077
2215,0.2,8,True,3.1785714285714284,0.75,0.13502647928207268,0.18872187554086717
2216,0.2,8,True,-0.6071428571428571,0.375,0.05358807178498548,0.07161678823041362
2217,0.2,8,True,1.0,0.625,0.11951797627815941,0.1805516281271965
2218,0.2,8,True,6.0,0.875,0.27015330083790245,0.4564355568004036
2219,0.2,8,True,1.0357142857142858,0.375,0.032511235116438386,0.047180468885216764
2220,0.2,8,True,0.4642857142857143,0.375,0.06502247023287666,0.09436093777043353
2221,0.2,8,True,-0.6071428571428571,0.25,0.02602396837087928,0.020430235452938983
2222,0.2,8,True,1.7857142857142858,0.625,0.15545875354128547,0.22560252965230077
2223,0.2,8,True,1.25,0.5,0.08613531161467869,0.125
2224,0.3,7,True,1.9047619047619047,0.5714285714285714,0.07678032766449228,0.13008447022637415
2225,0.3,7,True,0.5714285714285714,0.42857142857142855,0.08279110672080625,0.08348355680039743
2226,0.3,7,True,0.6666666666666666,0.42857142857142855,0.06502247023287666,0.0788145034114458
2227,0.3,7,True,0.5238095238095238,0.42857142857142855,0.06502247023287666,0.0788145034114458
2228,0.9,1,False,,,,
2229,0.9,1,False,,,,
2230,0.9,1,False,,,,
2231,0.9,1,False,,,,
2232,0.9,1,False,,,,
2233,0.9,1,False,,,,
2234,0.8,2,False,,,,
2235,0.5,5,True,0.8,0.6,0.1572623513863327,0.13502647928207268
2236,0.5,5,True,-0.2,0.4,0.15545875354128547,0.039035952556318865
2237,0.5,5,True,2.2,0.8,0.14132728892674495,0.2780719051126377
2238,0.5,5,True,1.8,0.6,0.15726235138633282,0.13502647928207268
2239,0.4,6,True,-0.2,0.3333333333333333,0.10175559829607284,0.030276100131752748
2240,0.3,7,True,-0.8571428571428571,0.2857142857142857,0.0573192851827401,0.02449624099389136
2241,0.3,7,True,0.09523809523809523,0.42857142857142855,0.06502247023287666,0.0788145034114458
2242,0.3,7,True,1.9047619047619047,0.7142857142857143,0.15726235138633282,0.27516590849424005
2243,0.3,7,True,1.4761904761904763,0.5714285714285714,0.11864654673111685,0.16775111039976953
2244,0.3,7,True,0.8095238095238095,0.2857142857142857,0.032511235116438386,0.024893967542626516
2245,0.3,7,True,2.9047619047619047,0.7142857142857143,0.1572623513863327,0.27516590849424005
2246,0.3,7,True,2.238095238095238,0.5714285714285714,0.07678032766449228,0.13008447022637415
2247,0.3,7,True,0.0,0.42857142857142855,0.06502247023287666,0.0788145034114458
2248,0.3,7,True,-0.14285714285714285,0.42857142857142855,0.08279110672080636,0.08348355680039743
2249,0.3,7,True,0.5714285714285714,0.42857142857142855,0.08279110672080625,0.08348355680039743
2250,0.7,3,False,,,,
2251,0.7,3,False,,,,
2252,0.8,2,False,,,,
2253,0.8,2,False,,,,
2254,0.8,2,False,,,,
2255,0.4,6,True,-0.6666666666666666,0.3333333333333333,0.10175559829607284,0.030276100131752748
2256,0.4,6,True,0.6666666666666666,0.5,0.11864654673111685,0.10375937481971109
2257,0.4,6,True,-0.8666666666666667,0.3333333333333333,0.10175559829607284,0.030276100131752526
2258,0.5,5,True,-0.4,0.4,0.15545875354128547,0.039035952556318865
2259,0.5,5,True,-0.1,0.6,0.1572623513863327,0.13502647928207268
2260,0.5,5,True,-0.4,0.4,0.15545875354128547,0.039035952556318865
2261,0.9,1,False,,,,
2262,0.6,4,False,,,,
2263,0.6,4,False,,,,
2264,0.6,4,False,,,,
2265,0.6,4,False,,,,
2266,0.6,4,False,,,,
2267,0.5,5,True,-1.5,0.2,0.16402499191349473,0.0
2268,0.5,5,True,-0.1,0.4,0.15545875354128547,0.039035952556318865
2269,0.5,5,True,2.8,0.8,0.14132728892674484,0.2780719051126377
2270,0.5,5,True,-0.6,0.4,0.15545875354128547,0.039035952556318865
2271,0.5,5,True,-0.7,0.4,0.15545875354128547,0.039035952556318865
2272,0.5,5,True,0.1,0.4,0.15545875354128547,0.039035952556318865
2273,0.5,5,True,0.6,0.4,0.15545875354128547,0.039035952556318865
2274,0.5,5,True,-0.2,0.4,0.15545875354128547,0.039035952556318865
2275,0.4,6,True,-1.4666666666666666,0.16666666666666666,0.10167108723147944,0.0
2276,0.3,7,True,1.8095238095238095,0.7142857142857143,0.1572623513863327,0.27516590849424005
2277,0.4,6,True,1.2,0.5,0.11864654673111685,0.10375937481971109
2278,0.4,6,True,0.2,0.5,0.11864654673111708,0.10375937481971109
2279,0.5,5,True,0.8,0.6,0.15726235138633282,0.13502647928207268
2280,0.5,5,True,1.4,0.4,0.15545875354128547,0.039035952556318865
2281,0.4,6,True,1.2666666666666666,0.6666666666666666,0.03977028213923883,0.08170416594551044
2282,0.4,6,True,0.7333333333333333,0.5,0.11864654673111708,0.10375937481971109
2283,0.6,4,False,,,,
2284,0.4,6,True,0.4,0.3333333333333333,0.08613531161467847,0.04085208297275522
2285,0.4,6,True,0.6666666666666666,0.3333333333333333,0.08613531161467847,0.04085208297275533
2286,0.4,6,True,0.4666666666666667,0.3333333333333333,0.10175559829607284,0.030276100131752526
2287,0.6,4,False,,,,
2288,0.6,4,False,,,,
2289,0.6,4,False,,,,
2290,0.6,4,False,,,,
2291,0.6,4,False,,,,
2292,0.6,4,False,,,,
2293,0.6,4,False,,,,
2294,0.6,4,False,,,,
2295,0.5,5,True,0.7,0.4,0.15545875354128547,0.039035952556318865
2296,0.5,5,True,-2.1,0.4,0.15545875354128547,0.039035952556318865
2297,0.3,7,True,2.0,0.5714285714285714,0.07678032766449228,0.13008447022637415
2298,0.3,7,True,1.2380952380952381,0.5714285714285714,0.11864654673111708,0.1677511103997693
2299,0.3,7,True,0.9047619047619048,0.42857142857142855,0.08279110672080625,0.08348355680039743
2300,0.3,7,True,-1.0,0.2857142857142857,0.05731928518273999,0.02449624099389147
2301,0.3,7,True,1.9047619047619047,0.7142857142857143,0.1572623513863327,0.27516590849424005
2302,0.7,3,False,,,,
2303,0.7,3,False,,,,
2304,0.8,2,False,,,,
2305,0.8,2,False,,,,
2306,0.8,2,False,,,,
2307,0.8,2,False,,,,
2308,0.7,3,False,,,,
2309,0.7,3,False,,,,
2310,0.7,3,False,,,,
2311,0.7,3,False,,,,
2312,0.7,3,False,,,,
2313,0.7,3,False,,,,
2314,0.7,3,False,,,,
2315,0.7,3,False,,,,
2316,0.7,3,False,,,,
2317,0.3,7,True,-0.047619047619047616,0.2857142857142857,0.05358807178498537,0.037038935205485624
2318,0.5,5,True,-0.5,0.4,0.11951797627815941,0.03977028213923883
2319,0.4,6,True,1.4,0.5,0.11864654673111685,0.10375937481971109
2320,0.4,6,True,-0.06666666666666667,0.3333333333333333,0.10175559829607284,0.030276100131752526
2321,0.5,5,True,0.7,0.4,0.15545875354128547,0.039035952556318865
2322,0.6,4,False,,,,
2323,0.5,5,True,0.2,0.4,0.11951797627815941,0.03977028213923883
2324,0.3,7,True,0.3333333333333333,0.5714285714285714,0.11864654673111685,0.1677511103997693
2325,0.3,7,True,2.9523809523809526,0.7142857142857143,0.15726235138633282,0.27516590849424005
2326,0.3,7,True,0.47619047619047616,0.42857142857142855,0.08279110672080625,0.08348355680039743
2327,0.3,7,True,-0.5238095238095238,0.42857142857142855,0.08279110672080636,0.08348355680039743
2328,0.3,7,True,0.6190476190476191,0.5714285714285714,0.07678032766449228,0.13008447022637415
2329,0.3,7,True,-1.380952380952381,0.2857142857142857,0.05358807178498537,0.037038935205485624
2330,0.3,7,True,1.7142857142857142,0.42857142857142855,0.05226907788083912,0.08589910798143474
2331,0.4,6,True,-0.9333333333333333,0.5,0.11864654673111685,0.10375937481971109
2332,0.4,6,True,4.0,1.0,0.02904940554533142,1.0
2333,0.5,5,True,1.6,0.6,0.15726235138633282,0.13502647928207268
2334,0.4,6,True,-0.7333333333333333,0.5,0.11864654673111708,0.10375937481971109
2335,0.4,6,True,-1.2,0.16666666666666666,0.10167108723147944,0.0
2336,0.3,7,True,-1.1904761904761905,0.2857142857142857,0.05358807178498548,0.037038935205485624
2337,0.3,7,True,0.19047619047619047,0.2857142857142857,0.0573192851827401,0.02449624099389136
2338,0.3,7,True,0.19047619047619047,0.2857142857142857,0.0573192851827401,0.02449624099389147
2339,0.3,7,True,0.047619047619047616,0.2857142857142857,0.0573192851827401,0.02449624099389136
2340,0.3,7,True,0.7142857142857143,0.42857142857142855,0.06502247023287666,0.07881450341144558
2341,0.3,7,True,-0.6666666666666666,0.2857142857142857,0.05358807178498537,0.037038935205485624
2342,0.3,7,True,-0.19047619047619047,0.42857142857142855,0.08279110672080625,0.08348355680039743
2343,0.3,7,True,-1.0476190476190477,0.2857142857142857,0.0573192851827401,0.02449624099389136
2344,0.3,7,True,-1.7142857142857142,0.14285714285714285,0.05118688510966152,0.0
2345,0.3,7,True,-0.47619047619047616,0.2857142857142857,0.05358807178498548,0.037038935205485624
2346,0.6,4,False,,,,
2347,0.8,2,False,,,,
2348,0.9,1,False,,,,
2349,0.9,1,False,,,,
2350,0.6,4,False,,,,
2351,0.6,4,False,,,,
2352,0.5,5,True,-0.9,0.2,0.16402499191349473,0.0
2353,0.4,6,True,0.13333333333333333,0.5,0.11864654673111685,0.10375937481971109
2354,0.5,5,True,0.8,0.6,0.1572623513863327,0.13502647928207268
2355,0.5,5,True,0.7,0.4,0.11951797627815941,0.03977028213923883
2356,0.4,6,True,-0.4666666666666667,0.3333333333333333,0.10175559829607284,0.030276100131752748
2357,0.4,6,True,-0.9333333333333333,0.16666666666666666,0.10167108723147944,0.0
2358,0.4,6,True,-0.26666666666666666,0.3333333333333333,0.10175559829607284,0.030276100131752748
2359,0.4,6,True,-0.4,0.16666666666666666,0.10167108723147944,0.0
2360,0.4,6,True,-0.26666666666666666,0.16666666666666666,0.10167108723147944,0.0
2361,0.4,6,True,0.06666666666666667,0.3333333333333333,0.10175559829607284,0.030276100131752526
2362,0.4,6,True,-0.7333333333333333,0.3333333333333333,0.10175559829607284,0.030276100131752748
2363,0.4,6,True,-0.13333333333333333,0.5,0.11864654673111685,0.10375937481971098
2364,0.9,1,False,,,,
2365,0.9,1,False,,,,
2366,0.9,1,False,,,,
2367,0.9,1,False,,,,
2368,0.4,6,True,-0.4,0.3333333333333333,0.10175559829607284,0.030276100131752748
2369,0.4,6,True,0.9333333333333333,0.5,0.11864654673111685,0.10375937481971109
2370,0.4,6,True,-0.7333333333333333,0.16666666666666666,0.10167108723147944,0.0
2371,0.4,6,True,0.8666666666666667,0.5,0.11864654673111685,0.10375937481971109
2372,0.4,6,True,-0.3333333333333333,0.5,0.11864654673111708,0.10375937481971109
2373,0.5,5,True,-1.2,0.2,0.16402499191349473,0.0
2374,0.8,2,False,,,,
2375,0.5,5,True,-1.1,0.2,0.16402499191349473,0.0
2376,0.4,6,True,-1.4,0.16666666666666666,0.10167108723147944,0.0
2377,0.4,6,True,0.5333333333333333,0.3333333333333333,0.08613531161467869,0.04085208297275533
2378,0.4,6,True,-0.3333333333333333,0.3333333333333333,0.10175559829607284,0.030276100131752748
2379,0.5,5,True,-0.2,0.4,0.15545875354128547,0.039035952556318865
2380,0.5,5,True,0.8,0.4,0.11951797627815941,0.03977028213923883
2381,0.5,5,True,0.2,0.6,0.1572623513863327,0.13502647928207268
2382,0.5,5,True,-1.7,0.2,0.16402499191349473,0.0
2383,0.5,5,True,3.5,0.6,0.06276943678387037,0.02904940554533142
2384,0.5,5,True,0.6,0.6,0.1572623513863327,0.13502647928207268
2385,0.5,5,True,0.3,0.6,0.15726235138633282,0.13502647928207268
2386,0.3,7,True,0.23809523809523808,0.2857142857142857,0.032511235116438164,0.024893967542626738
2387,0.3,7,True,0.7142857142857143,0.42857142857142855,0.08279110672080625,0.08348355680039743
2388,0.3,7,True,1.4285714285714286,0.5714285714285714,0.07678032766449228,0.13008447022637415
2389,0.3,7,True,-1.619047619047619,0.2857142857142857,0.05731928518273999,0.02449624099389147
2390,0.3,7,True,-1.1428571428571428,0.2857142857142857,0.0573192851827401,0.02449624099389136
2391,0.3,7,True,-0.3333333333333333,0.2857142857142857,0.0573192851827401,0.02449624099389136
2392,0.3,7,True,0.5714285714285714,0.2857142857142857,0.05358807178498537,0.037038935205485624
2393,0.3,7,True,-0.9523809523809523,0.2857142857142857,0.0573192851827401,0.02449624099389136
2394,0.3,7,True,-0.09523809523809523,0.2857142857142857,0.05358807178498537,0.037038935205485624
2395,0.3,7,True,-1.0,0.2857142857142857,0.05358807178498537,0.037038935205485624
2396,0.4,6,True,-0.9333333333333333,0.3333333333333333,0.10175559829607284,0.030276100131752748
2397,0.3,7,True,0.23809523809523808,0.2857142857142857,0.05731928518273999,0.02449624099389147
2398,0.4,6,True,-0.3333333333333333,0.3333333333333333,0.10175559829607284,0.030276100131752748
2399,0.6,4,False,,,,
2400,0.3,7,True,-0.38095238095238093,0.42857142857142855,0.06502247023287666,0.07881450341144558
2401,0.3,7,True,1.0476190476190477,0.42857142857142855,0.08279110672080625,0.08348355680039743
2402,0.3,7,True,-0.38095238095238093,0.2857142857142857,0.032511235116438386,0.024893967542626516
2403,0.4,6,True,-1.2,0.3333333333333333,0.10175559829607284,0.030276100131752748
2404,0.4,6,True,-0.7333333333333333,0.3333333333333333,0.08613531161467847,0.04085208297275533
2405,0.3,7,True,0.8095238095238095,0.5714285714285714,0.11864654673111685,0.1677511103997693
2406,0.3,7,True,-0.5238095238095238,0.2857142857142857,0.05358807178498537,0.037038935205485624
2407,0.3,7,True,-0.14285714285714285,0.2857142857142857,0.05358807178498548,0.037038935205485624
2408,0.4,6,True,-0.4,0.3333333333333333,0.08613531161467869,0.04085208297275533
2409,0.4,6,True,0.6666666666666666,0.5,0.11864654673111685,0.10375937481971109
2410,0.4,6,True,-1.0,0.3333333333333333,0.10175559829607272,0.030276100131752748
2411,0.4,6,True,0.5333333333333333,0.5,0.11864654673111685,0.10375937481971109
2412,0.4,6,True,1.0,0.5,0.11864654673111685,0.10375937481971109
2413,0.6,4,False,,,,
2414,0.7,3,False,,,,
2415,0.7,3,False,,,,
2416,0.9,1,False,,,,
2417,0.9,1,False,,,,
2418,0.7,3,False,,,,
2419,0.7,3,False,,,,
2420,0.5,5,True,-1.0,0.4,0.15545875354128547,0.039035952556318865
2421,0.5,5,True,0.1,0.2,0.16402499191349473,0.0
2422,0.5,5,True,-1.4,0.2,0.16402499191349473,0.0
2423,0.5,5,True,1.3,0.4,0.15545875354128547,0.039035952556318865
2424,0.5,5,True,-1.2,0.2,0.16402499191349473,0.0
2425,0.5,5,True,-0.4,0.2,0.16402499191349473,0.0
2426,0.6,4,False,,,,
2427,0.5,5,True,-1.2,0.4,0.15545875354128547,0.039035952556318865
2428,0.6,4,False,,,,
2429,0.6,4,False,,,,
2430,0.6,4,False,,,,
2431,0.6,4,False,,,,
2432,0.6,4,False,,,,
2433,0.6,4,False,,,,
2434,0.6,4,False,,,,
2435,0.6,4,False,,,,
2436,0.6,4,False,,,,
2437,0.6,4,False,,,,
2438,0.6,4,False,,,,
2439,0.6,4,False,,,,
2440,0.6,4,False,,,,
2441,0.6,4,False,,,,
2442,0.6,4,False,,,,
2443,0.6,4,False,,,,
2444,0.6,4,False,,,,
2445,0.6,4,False,,,,
2446,1.0,0,False,,,,
2447,1.0,0,False,,,,
2448,1.0,0,False,,,,
2449,1.0,0,False,,,,
2450,0.7,3,False,,,,
2451,0.7,3,False,,,,
2452,0.7,3,False,,,,
2453,0.7,3,False,,,,
2454,0.7,3,False,,,,
2455,0.7,3,False,,,,
2456,0.7,3,False,,,,
2457,0.7,3,False,,,,
2458,0.6,4,False,,,,
2459,0.7,3,False,,,,
2460,0.7,3,False,,,,
2461,0.8,2,False,,,,
2462,0.9,1,False,,,,
2463,1.0,0,False,,,,
2464,0.9,1,False,,,,
2465,0.9,1,False,,,,
2466,0.9,1,False,,,,
2467,0.9,1,False,,,,
2468,0.9,1,False,,,,
2469,0.9,1,False,,,,
2470,0.9,1,False,,,,
2471,0.9,1,False,,,,
2472,0.9,1,False,,,,
2473,1.0,0,False,,,,
2474,0.9,1,False,,,,
2475,0.8,2,False,,,,
2476,0.8,2,False,,,,
2477,0.8,2,False,,,,
2478,0.8,2,False,,,,
2479,0.8,2,False,,,,
2480,0.8,2,False,,,,
2481,0.8,2,False,,,,
2482,0.8,2,False,,,,
2483,0.8,2,False,,,,
2484,0.7,3,False,,,,
2485,0.7,3,False,,,,
2486,0.7,3,False,,,,
2487,0.8,2,False,,,,
2488,0.9,1,False,,,,
2489,0.9,1,False,,,,
2490,0.9,1,False,,,,
2491,0.9,1,False,,,,
2492,0.9,1,False,,,,
2493,0.9,1,False,,,,
2494,0.9,1,False,,,,
2495,0.8,2,False,,,,
2496,0.8,2,False,,,,
2497,0.8,2,False,,,,
2498,0.9,1,False,,,,
2499,0.9,1,False,,,,
2500,0.8,2,False,,,,
2501,0.8,2,False,,,,
2502,0.8,2,False,,,,
2503,0.9,1,False,,,,
2504,0.9,1,False,,,,
2505,0.9,1,False,,,,
2506,0.9,1,False,,,,
2507,0.9,1,False,,,,
2508,0.9,1,False,,,,
2509,0.9,1,False,,,,
2510,0.9,1,False,,,,
2511,0.9,1,False,,,,
2512,0.9,1,False,,,,
2513,0.9,1,False,,,,
2514,0.9,1,False,,,,
2515,0.9,1,False,,,,
2516,0.9,1,False,,,,
2517,0.9,1,False,,,,
2518,0.9,1,False,,,,
2519,1.0,0,False,,,,
2520,1.0,0,False,,,,
2521,1.0,0,False,,,,
2522,1.0,0,False,,,,
2523,1.0,0,False,,,,
2524,1.0,0,False,,,,
2525,1.0,0,False,,,,
2526,1.0,0,False,,,,
2527,1.0,0,False,,,,
2528,1.0,0,False,,,,
2529,1.0,0,False,,,,
2530,1.0,0,False,,,,
2531,1.0,0,False,,,,
2532,1.0,0,False,,,,
2533,1.0,0,False,,,,
2534,1.0,0,False,,,,
2535,1.0,0,False,,,,
2536,1.0,0,False,,,,
2537,1.0,0,False,,,,
2538,0.9,1,False,,,,
2539,0.9,1,False,,,,
2540,0.9,1,False,,,,
2541,1.0,0,False,,,,
2542,1.0,0,False,,,,
2543,1.0,0,False,,,,
2544,1.0,0,False,,,,
2545,1.0,0,False,,,,
2546,1.0,0,False,,,,
2547,1.0,0,False,,,,
2548,1.0,0,False,,,,
2549,1.0,0,False,,,,
2550,1.0,0,False,,,,
2551,1.0,0,False,,,,
2552,0.9,1,False,,,,
2553,0.9,1,False,,,,
2554,0.9,1,False,,,,
2555,0.9,1,False,,,,
2556,0.9,1,False,,,,
2557,0.9,1,False,,,,
2558,0.9,1,False,,,,
2559,0.9,1,False,,,,
2560,0.9,1,False,,,,
2561,0.9,1,False,,,,
2562,0.9,1,False,,,,
2563,0.9,1,False,,,,
2564,0.9,1,False,,,,
2565,0.9,1,False,,,,
2566,0.9,1,False,,,,
2567,0.9,1,False,,,,
2568,0.9,1,False,,,,
2569,0.9,1,False,,,,
2570,0.9,1,False,,,,
2571,0.9,1,False,,,,
2572,0.9,1,False,,,,
2573,0.9,1,False,,,,
2574,0.9,1,False,,,,
2575,0.9,1,False,,,,
2576,0.9,1,False,,,,
2577,0.9,1,False,,,,
2578,0.9,1,False,,,,
2579,0.9,1,False,,,,
2580,0.9,1,False,,,,
2581,0.9,1,False,,,,
2582,0.9,1,False,,,,
2583,0.9,1,False,,,,
2584,0.9,1,False,,,,
2585,0.9,1,False,,,,
2586,0.9,1,False,,,,
2587,0.9,1,False,,,,
2588,0.9,1,False,,,,
2589,0.9,1,False,,,,
2590,0.9,1,False,,,,
2591,0.9,1,False,,,,
2592,0.9,1,False,,,,
2593,0.9,1,False,,,,
2594,0.9,1,False,,,,
2595,1.0,0,False,,,,
2596,1.0,0,False,,,,
2597,1.0,0,False,,,,
2598,1.0,0,False,,,,
2599,1.0,0,False,,,,
2600,1.0,0,False,,,,
2601,1.0,0,False,,,,
2602,1.0,0,False,,,,
2603,1.0,0,False,,,,
2604,1.0,0,False,,,,
2605,1.0,0,False,,,,
2606,1.0,0,False,,,,
2607,1.0,0,False,,,,
2608,1.0,0,False,,,,
2609,1.0,0,False,,,,
2610,1.0,0,False,,,,
2611,1.0,0,False,,,,
2612,1.0,0,False,,,,
2613,1.0,0,False,,,,
2614,1.0,0,False,,,,
2615,1.0,0,False,,,,
2616,1.0,0,False,,,,
2617,1.0,0,False,,,,
2618,1.0,0,False,,,,
2619,1.0,0,False,,,,
2620,1.0,0,False,,,,
2621,1.0,0,False,,,,
2622,1.0,0,False,,,,
2623,1.0,0,False,,,,
2624,1.0,0,False,,,,
2625,1.0,0,False,,,,
2626,1.0,0,False,,,,
2627,1.0,0,False,,,,
2628,1.0,0,False,,,,
2629,1.0,0,False,,,,
2630,1.0,0,False,,,,
2631,1.0,0,False,,,,
2632,1.0,0,False,,,,
2633,1.0,0,False,,,,
2634,1.0,0,False,,,,
2635,1.0,0,False,,,,
2636,1.0,0,False,,,,
2637,1.0,0,False,,,,
2638,1.0,0,False,,,,
2639,1.0,0,False,,,,
2640,1.0,0,False,,,,
2641,1.0,0,False,,,,
2642,1.0,0,False,,,,
2643,1.0,0,False,,,,
2644,1.0,0,False,,,,
2645,1.0,0,False,,,,
2646,1.0,0,False,,,,
2647,1.0,0,False,,,,
2648,1.0,0,False,,,,
2649,1.0,0,False,,,,
2650,1.0,0,False,,,,
2651,1.0,0,False,,,,
2652,1.0,0,False,,,,
2653,1.0,0,False,,,,
2654,1.0,0,False,,,,
2655,1.0,0,False,,,,
2656,1.0,0,False,,,,
2657,1.0,0,False,,,,
2658,1.0,0,False,,,,
2659,1.0,0,False,,,,
2660,1.0,0,False,,,,
2661,1.0,0,False,,,,
2662,1.0,0,False,,,,
2663,1.0,0,False,,,,
2664,1.0,0,False,,,,
2665,1.0,0,False,,,,
2666,1.0,0,False,,,,
2667,1.0,0,False,,,,
2668,1.0,0,False,,,,
2669,1.0,0,False,,,,
2670,1.0,0,False,,,,
2671,1.0,0,False,,,,
2672,1.0,0,False,,,,
2673,1.0,0,False,,,,
2674,1.0,0,False,,,,
2675,1.0,0,False,,,,
2676,1.0,0,False,,,,
2677,1.0,0,False,,,,
2678,1.0,0,False,,,,
2679,1.0,0,False,,,,
2680,1.0,0,False,,,,
2681,1.0,0,False,,,,
2682,1.0,0,False,,,,
2683,1.0,0,False,,,,
2684,1.0,0,False,,,,
2685,1.0,0,False,,,,
2686,1.0,0,False,,,,
2687,1.0,0,False,,,,
2688,1.0,0,False,,,,
2689,1.0,0,False,,,,
2690,1.0,0,False,,,,
2691,1.0,0,False,,,,
2692,1.0,0,False,,,,
2693,1.0,0,False,,,,
2694,1.0,0,False,,,,
2695,1.0,0,False,,,,
2696,1.0,0,False,,,,
2697,1.0,0,False,,,,
2698,1.0,0,False,,,,
2699,1.0,0,False,,,,
2700,1.0,0,False,,,,
2701,1.0,0,False,,,,
2702,1.0,0,False,,,,
2703,1.0,0,False,,,,
2704,1.0,0,False,,,,
2705,1.0,0,False,,,,
2706,1.0,0,False,,,,
2707,1.0,0,False,,,,
2708,1.0,0,False,,,,
2709,1.0,0,False,,,,
2710,1.0,0,False,,,,
2711,1.0,0,False,,,,
2712,1.0,0,False,,,,
2713,1.0,0,False,,,,
2714,1.0,0,False,,,,
2715,1.0,0,False,,,,
2716,1.0,0,False,,,,
2717,1.0,0,False,,,,
2718,1.0,0,False,,,,
2719,1.0,0,False,,,,
2720,1.0,0,False,,,,
2721,1.0,0,False,,,,
2722,1.0,0,False,,,,
2723,1.0,0,False,,,,
2724,1.0,0,False,,,,
2725,1.0,0,False,,,,
2726,1.0,0,False,,,,
2727,1.0,0,False,,,,
2728,1.0,0,False,,,,
2729,1.0,0,False,,,,
2730,1.0,0,False,,,,
2731,1.0,0,False,,,,
2732,1.0,0,False,,,,
2733,1.0,0,False,,,,
2734,1.0,0,False,,,,
2735,1.0,0,False,,,,
2736,1.0,0,False,,,,
2737,1.0,0,False,,,,
2738,1.0,0,False,,,,
2739,1.0,0,False,,,,
2740,1.0,0,False,,,,
2741,1.0,0,False,,,,
2742,1.0,0,False,,,,
2743,1.0,0,False,,,,
2744,1.0,0,False,,,,
2745,1.0,0,False,,,,
2746,1.0,0,False,,,,
2747,1.0,0,False,,,,
2748,1.0,0,False,,,,
2749,1.0,0,False,,,,
2750,1.0,0,False,,,,
2751,1.0,0,False,,,,
2752,1.0,0,False,,,,
2753,1.0,0,False,,,,
2754,1.0,0,False,,,,
2755,1.0,0,False,,,,
2756,1.0,0,False,,,,
2757,1.0,0,False,,,,
2758,1.0,0,False,,,,
2759,1.0,0,False,,,,
2760,1.0,0,False,,,,
2761,1.0,0,False,,,,
2762,1.0,0,False,,,,
2763,1.0,0,False,,,,
2764,1.0,0,False,,,,
2765,1.0,0,False,,,,
2766,1.0,0,False,,,,
2767,1.0,0,False,,,,
2768,1.0,0,False,,,,
2769,1.0,0,False,,,,
2770,1.0,0,False,,,,
2771,1.0,0,False,,,,
2772,1.0,0,False,,,,
2773,1.0,0,False,,,,
2774,1.0,0,False,,,,
2775,1.0,0,False,,,,
2776,1.0,0,False,,,,
2777,1.0,0,False,,,,
2778,1.0,0,False,,,,
2779,1.0,0,False,,,,
2780,1.0,0,False,,,,
2781,1.0,0,False,,,,
2782,1.0,0,False,,,,
2783,1.0,0,False,,,,
2784,1.0,0,False,,,,
2785,1.0,0,False,,,,
2786,1.0,0,False,,,,
2787,1.0,0,False,,,,
2788,1.0,0,False,,,,
2789,1.0,0,False,,,,
2790,1.0,0,False,,,,
2791,1.0,0,False,,,,
2792,1.0,0,False,,,,
2793,1.0,0,False,,,,
2794,1.0,0,False,,,,
2795,1.0,0,False,,,,
2796,1.0,0,False,,,,
2797,1.0,0,False,,,,
2798,1.0,0,False,,,,
2799,1.0,0,False,,,,
2800,1.0,0,False,,,,
2801,1.0,0,False,,,,
2802,1.0,0,False,,,,
2803,1.0,0,False,,,,
2804,1.0,0,False,,,,
2805,1.0,0,False,,,,
2806,1.0,0,False,,,,
2807,1.0,0,False,,,,
2808,1.0,0,False,,,,
2809,1.0,0,False,,,,
2810,1.0,0,False,,,,
2811,1.0,0,False,,,,
2812,1.0,0,False,,,,
2813,1.0,0,False,,,,
2814,1.0,0,False,,,,
2815,1.0,0,False,,,,
2816,1.0,0,False,,,,
2817,1.0,0,False,,,,
2818,1.0,0,False,,,,
2819,1.0,0,False,,,,
2820,1.0,0,False,,,,
2821,1.0,0,False,,,,
2822,1.0,0,False,,,,
2823,1.0,0,False,,,,
2824,1.0,0,False,,,,
2825,1.0,0,False,,,,
2826,1.0,0,False,,,,
2827,1.0,0,False,,,,
2828,1.0,0,False,,,,
2829,1.0,0,False,,,,
2830,1.0,0,False,,,,
2831,1.0,0,False,,,,
2832,1.0,0,False,,,,
2833,1.0,0,False,,,,
2834,1.0,0,False,,,,
2835,1.0,0,False,,,,
2836,1.0,0,False,,,,
2837,1.0,0,False,,,,
2838,1.0,0,False,,,,
2839,1.0,0,False,,,,
2840,1.0,0,False,,,,
2841,1.0,0,False,,,,
2842,1.0,0,False,,,,
2843,1.0,0,False,,,,
2844,1.0,0,False,,,,
2845,1.0,0,False,,,,
2846,1.0,0,False,,,,
2847,1.0,0,False,,,,
2848,1.0,0,False,,,,
2849,1.0,0,False,,,,
2850,1.0,0,False,,,,
2851,1.0,0,False,,,,
2852,1.0,0,False,,,,
2853,1.0,0,False,,,,
2854,1.0,0,False,,,,
2855,1.0,0,False,,,,
2856,1.0,0,False,,,,
2857,1.0,0,False,,,,
2858,1.0,0,False,,,,
2859,1.0,0,False,,,,
2860,1.0,0,False,,,,
2861,1.0,0,False,,,,
2862,1.0,0,False,,,,
2863,1.0,0,False,,,,
2864,1.0,0,False,,,,
2865,1.0,0,False,,,,
2866,1.0,0,False,,,,
2867,1.0,0,False,,,,
2868,1.0,0,False,,,,
2869,1.0,0,False,,,,
2870,1.0,0,False,,,,
2871,1.0,0,False,,,,
2872,1.0,0,False,,,,
2873,1.0,0,False,,,,
2874,1.0,0,False,,,,
2875,1.0,0,False,,,,
2876,1.0,0,False,,,,
2877,1.0,0,False,,,,
2878,1.0,0,False,,,,
2879,1.0,0,False,,,,
2880,1.0,0,False,,,,
2881,1.0,0,False,,,,
2882,1.0,0,False,,,,
2883,1.0,0,False,,,,
2884,1.0,0,False,,,,
2885,1.0,0,False,,,,
2886,1.0,0,False,,,,
2887,1.0,0,False,,,,
2888,1.0,0,False,,,,
2889,1.0,0,False,,,,
2890,1.0,0,False,,,,
2891,1.0,0,False,,,,
2892,1.0,0,False,,,,
2893,1.0,0,False,,,,
2894,1.0,0,False,,,,
2895,1.0,0,False,,,,
2896,1.0,0,False,,,,
2897,1.0,0,False,,,,
2898,1.0,0,False,,,,
2899,1.0,0,False,,,,
2900,1.0,0,False,,,,
2901,1.0,0,False,,,,
2902,1.0,0,False,,,,
2903,1.0,0,False,,,,
2904,1.0,0,False,,,,
2905,1.0,0,False,,,,
2906,1.0,0,False,,,,
2907,1.0,0,False,,,,
2908,1.0,0,False,,,,
2909,1.0,0,False,,,,
2910,1.0,0,False,,,,
2911,1.0,0,False,,,,
2912,1.0,0,False,,,,
2913,1.0,0,False,,,,
2914,1.0,0,False,,,,
2915,1.0,0,False,,,,
2916,1.0,0,False,,,,
2917,1.0,0,False,,,,
2918,1.0,0,False,,,,
2919,1.0,0,False,,,,
2920,1.0,0,False,,,,
2921,1.0,0,False,,,,
2922,1.0,0,False,,,,
2923,1.0,0,False,,,,
2924,1.0,0,False,,,,
2925,1.0,0,False,,,,
2926,1.0,0,False,,,,
2927,1.0,0,False,,,,
2928,1.0,0,False,,,,
2929,1.0,0,False,,,,
2930,1.0,0,False,,,,
2931,1.0,0,False,,,,
2932,1.0,0,False,,,,
2933,1.0,0,False,,,,
2934,1.0,0,False,,,,
2935,1.0,0,False,,,,
2936,1.0,0,False,,,,
2937,1.0,0,False,,,,
2938,1.0,0,False,,,,
2939,1.0,0,False,,,,
2940,1.0,0,False,,,,
2941,1.0,0,False,,,,
2942,1.0,0,False,,,,
2943,1.0,0,False,,,,
2944,1.0,0,False,,,,
2945,1.0,0,False,,,,
2946,1.0,0,False,,,,
2947,1.0,0,False,,,,
2948,1.0,0,False,,,,
2949,1.0,0,False,,,,
2950,1.0,0,False,,,,
2951,1.0,0,False,,,,
2952,1.0,0,False,,,,
2953,1.0,0,False,,,,
2954,1.0,0,False,,,,
2955,1.0,0,False,,,,
2956,1.0,0,False,,,,
2957,1.0,0,False,,,,
2958,1.0,0,False,,,,
2959,1.0,0,False,,,,
2960,1.0,0,False,,,,
2961,1.0,0,False,,,,
2962,1.0,0,False,,,,
2963,1.0,0,False,,,,
2964,1.0,0,False,,,,
2965,1.0,0,False,,,,
2966,1.0,0,False,,,,
2967,1.0,0,False,,,,
2968,1.0,0,False,,,,
2969,1.0,0,False,,,,
2970,1.0,0,False,,,,
2971,1.0,0,False,,,,
2972,1.0,0,False,,,,
2973,1.0,0,False,,,,
2974,1.0,0,False,,,,
2975,1.0,0,False,,,,
2976,1.0,0,False,,,,
2977,1.0,0,False,,,,
2978,1.0,0,False,,,,
2979,1.0,0,False,,,,
2980,1.0,0,False,,,,
2981,1.0,0,False,,,,
2982,1.0,0,False,,,,
2983,1.0,0,False,,,,
2984,1.0,0,False,,,,
2985,1.0,0,False,,,,
2986,1.0,0,False,,,,
2987,1.0,0,False,,,,
2988,1.0,0,False,,,,
2989,1.0,0,False,,,,
2990,1.0,0,False,,,,
2991,1.0,0,False,,,,
2992,1.0,0,False,,,,
2993,1.0,0,False,,,,
2994,1.0,0,False,,,,
2995,1.0,0,False,,,,
2996,1.0,0,False,,,,
2997,1.0,0,False,,,,
2998,1.0,0,False,,,,
2999,1.0,0,False,,,,
3000,1.0,0,False,,,,
3001,1.0,0,False,,,,
3002,1.0,0,False,,,,
3003,1.0,0,False,,,,
3004,1.0,0,False,,,,
3005,1.0,0,False,,,,
3006,1.0,0,False,,,,
3007,1.0,0,False,,,,
3008,1.0,0,False,,,,
3009,1.0,0,False,,,,
3010,1.0,0,False,,,,
3011,1.0,0,False,,,,
3012,1.0,0,False,,,,
3013,1.0,0,False,,,,
3014,1.0,0,False,,,,
3015,1.0,0,False,,,,
3016,1.0,0,False,,,,
3017,1.0,0,False,,,,
3018,1.0,0,False,,,,
3019,1.0,0,False,,,,
3020,1.0,0,False,,,,
3021,1.0,0,False,,,,
3022,1.0,0,False,,,,
3023,1.0,0,False,,,,
3024,1.0,0,False,,,,
3025,1.0,0,False,,,,
3026,1.0,0,False,,,,
3027,1.0,0,False,,,,
3028,1.0,0,False,,,,
3029,1.0,0,False,,,,
3030,1.0,0,False,,,,
3031,1.0,0,False,,,,
3032,1.0,0,False,,,,
3033,1.0,0,False,,,,
3034,1.0,0,False,,,,
3035,1.0,0,False,,,,
3036,1.0,0,False,,,,
3037,1.0,0,False,,,,
3038,1.0,0,False,,,,
3039,1.0,0,False,,,,
3040,1.0,0,False,,,,
3041,1.0,0,False,,,,
3042,1.0,0,False,,,,
3043,1.0,0,False,,,,
3044,1.0,0,False,,,,
3045,1.0,0,False,,,,
3046,1.0,0,False,,,,
3047,1.0,0,False,,,,
3048,1.0,0,False,,,,
3049,1.0,0,False,,,,
3050,1.0,0,False,,,,
3051,1.0,0,False,,,,
3052,1.0,0,False,,,,
3053,1.0,0,False,,,,
3054,1.0,0,False,,,,
3055,1.0,0,False,,,,
3056,1.0,0,False,,,,
3057,1.0,0,False,,,,
3058,1.0,0,False,,,,
3059,1.0,0,False,,,,
3060,1.0,0,False,,,,
3061,1.0,0,False,,,,
3062,1.0,0,False,,,,
3063,1.0,0,False,,,,
3064,1.0,0,False,,,,
3065,1.0,0,False,,,,
3066,1.0,0,False,,,,
3067,1.0,0,False,,,,
3068,1.0,0,False,,,,
3069,1.0,0,False,,,,
3070,1.0,0,False,,,,
3071,1.0,0,False,,,,
3072,1.0,0,False,,,,
3073,1.0,0,False,,,,
3074,1.0,0,False,,,,
3075,1.0,0,False,,,,
3076,1.0,0,False,,,,
3077,1.0,0,False,,,,
3078,1.0,0,False,,,,
3079,1.0,0,False,,,,
3080,1.0,0,False,,,,
3081,1.0,0,False,,,,
3082,1.0,0,False,,,,
3083,1.0,0,False,,,,
3084,1.0,0,False,,,,
3085,1.0,0,False,,,,
3086,1.0,0,False,,,,
3087,1.0,0,False,,,,
3088,1.0,0,False,,,,
3089,1.0,0,False,,,,
3090,1.0,0,False,,,,
3091,1.0,0,False,,,,
3092,1.0,0,False,,,,
3093,1.0,0,False,,,,
3094,1.0,0,False,,,,
3095,1.0,0,False,,,,
3096,1.0,0,False,,,,
3097,1.0,0,False,,,,
3098,1.0,0,False,,,,
3099,1.0,0,False,,,,
3100,1.0,0,False,,,,
3101,1.0,0,False,,,,
3102,1.0,0,False,,,,
3103,1.0,0,False,,,,
3104,1.0,0,False,,,,
3105,1.0,0,False,,,,
3106,1.0,0,False,,,,
3107,1.0,0,False,,,,
3108,1.0,0,False,,,,
3109,1.0,0,False,,,,
3110,1.0,0,False,,,,
3111,1.0,0,False,,,,
3112,1.0,0,False,,,,
3113,1.0,0,False,,,,
3114,1.0,0,False,,,,
3115,1.0,0,False,,,,
3116,1.0,0,False,,,,
3117,1.0,0,False,,,,
3118,1.0,0,False,,,,
3119,1.0,0,False,,,,
3120,1.0,0,False,,,,
3121,1.0,0,False,,,,
3122,1.0,0,False,,,,
3123,1.0,0,False,,,,
3124,1.0,0,False,,,,
3125,1.0,0,False,,,,
3126,1.0,0,False,,,,
3127,1.0,0,False,,,,
3128,1.0,0,False,,,,
3129,1.0,0,False,,,,
3130,1.0,0,False,,,,
3131,1.0,0,False,,,,
3132,1.0,0,False,,,,
3133,1.0,0,False,,,,
3134,1.0,0,False,,,,
3135,1.0,0,False,,,,
3136,1.0,0,False,,,,
3137,1.0,0,False,,,,
3138,1.0,0,False,,,,
3139,1.0,0,False,,,,
3140,1.0,0,False,,,,
3141,1.0,0,False,,,,
3142,1.0,0,False,,,,
3143,1.0,0,False,,,,
3144,1.0,0,False,,,,
3145,1.0,0,False,,,,
3146,1.0,0,False,,,,
3147,1.0,0,False,,,,
3148,1.0,0,False,,,,
3149,1.0,0,False,,,,
3150,1.0,0,False,,,,
3151,1.0,0,False,,,,
3152,1.0,0,False,,,,
3153,1.0,0,False,,,,
3154,1.0,0,False,,,,
3155,1.0,0,False,,,,
3156,1.0,0,False,,,,
3157,1.0,0,False,,,,
3158,1.0,0,False,,,,
3159,1.0,0,False,,,,
3160,1.0,0,False,,,,
3161,1.0,0,False,,,,
3162,1.0,0,False,,,,
3163,1.0,0,False,,,,
3164,1.0,0,False,,,,
3165,1.0,0,False,,,,
3166,1.0,0,False,,,,
3167,1.0,0,False,,,,
3168,1.0,0,False,,,,
3169,1.0,0,False,,,,
3170,1.0,0,False,,,,
3171,1.0,0,False,,,,
3172,1.0,0,False,,,,
3173,1.0,0,False,,,,
3174,1.0,0,False,,,,
3175,1.0,0,False,,,,
3176,1.0,0,False,,,,
3177,1.0,0,False,,,,
3178,1.0,0,False,,,,
3179,1.0,0,False,,,,
3180,1.0,0,False,,,,
3181,1.0,0,False,,,,
3182,1.0,0,False,,,,
3183,1.0,0,False,,,,
3184,1.0,0,False,,,,
3185,1.0,0,False,,,,
3186,1.0,0,False,,,,
3187,1.0,0,False,,,,
3188,1.0,0,False,,,,
3189,1.0,0,False,,,,
3190,1.0,0,False,,,,
3191,1.0,0,False,,,,
3192,1.0,0,False,,,,
3193,1.0,0,False,,,,
3194,1.0,0,False,,,,
3195,1.0,0,False,,,,
3196,1.0,0,False,,,,
3197,1.0,0,False,,,,
3198,1.0,0,False,,,,
3199,1.0,0,False,,,,
3200,1.0,0,False,,,,
3201,1.0,0,False,,,,
3202,1.0,0,False,,,,
3203,1.0,0,False,,,,
3204,1.0,0,False,,,,
3205,1.0,0,False,,,,
3206,1.0,0,False,,,,
3207,1.0,0,False,,,,
3208,1.0,0,False,,,,
3209,1.0,0,False,,,,
3210,1.0,0,False,,,,
3211,1.0,0,False,,,,
3212,1.0,0,False,,,,
3213,1.0,0,False,,,,
3214,1.0,0,False,,,,
3215,1.0,0,False,,,,
3216,1.0,0,False,,,,
3217,1.0,0,False,,,,
3218,1.0,0,False,,,,
3219,1.0,0,False,,,,
3220,1.0,0,False,,,,
3221,1.0,0,False,,,,
3222,1.0,0,False,,,,
3223,1.0,0,False,,,,
3224,1.0,0,False,,,,
3225,1.0,0,False,,,,
3226,1.0,0,False,,,,
3227,1.0,0,False,,,,
3228,1.0,0,False,,,,
3229,1.0,0,False,,,,
3230,1.0,0,False,,,,
3231,1.0,0,False,,,,
3232,1.0,0,False,,,,
3233,1.0,0,False,,,,
3234,1.0,0,False,,,,
3235,1.0,0,False,,,,
3236,1.0,0,False,,,,
3237,1.0,0,False,,,,
3238,1.0,0,False,,,,
3239,1.0,0,False,,,,
3240,1.0,0,False,,,,
3241,1.0,0,False,,,,
3242,1.0,0,False,,,,
3243,1.0,0,False,,,,
3244,1.0,0,False,,,,
3245,1.0,0,False,,,,
3246,1.0,0,False,,,,
3247,1.0,0,False,,,,
3248,1.0,0,False,,,,
3249,1.0,0,False,,,,
3250,1.0,0,False,,,,
3251,1.0,0,False,,,,
3252,1.0,0,False,,,,
3253,1.0,0,False,,,,
3254,1.0,0,False,,,,
3255,1.0,0,False,,,,
3256,1.0,0,False,,,,
3257,1.0,0,False,,,,
3258,1.0,0,False,,,,
3259,1.0,0,False,,,,
3260,1.0,0,False,,,,
3261,1.0,0,False,,,,
3262,1.0,0,False,,,,
3263,1.0,0,False,,,,
3264,1.0,0,False,,,,
3265,1.0,0,False,,,,
3266,1.0,0,False,,,,
3267,1.0,0,False,,,,
3268,1.0,0,False,,,,
3269,1.0,0,False,,,,
3270,1.0,0,False,,,,
3271,1.0,0,False,,,,
3272,1.0,0,False,,,,
3273,1.0,0,False,,,,
3274,1.0,0,False,,,,
3275,1.0,0,False,,,,
3276,1.0,0,False,,,,
3277,1.0,0,False,,,,
3278,1.0,0,False,,,,
3279,1.0,0,False,,,,
3280,1.0,0,False,,,,
3281,1.0,0,False,,,,
3282,1.0,0,False,,,,
3283,1.0,0,False,,,,
3284,1.0,0,False,,,,
3285,1.0,0,False,,,,
3286,1.0,0,False,,,,
3287,1.0,0,False,,,,
3288,1.0,0,False,,,,
3289,1.0,0,False,,,,
3290,1.0,0,False,,,,
3291,1.0,0,False,,,,
3292,1.0,0,False,,,,
3293,1.0,0,False,,,,
3294,1.0,0,False,,,,
3295,1.0,0,False,,,,
3296,1.0,0,False,,,,
3297,1.0,0,False,,,,
3298,1.0,0,False,,,,
3299,1.0,0,False,,,,
3300,1.0,0,False,,,,
3301,1.0,0,False,,,,
3302,1.0,0,False,,,,
3303,1.0,0,False,,,,
3304,1.0,0,False,,,,
3305,1.0,0,False,,,,
3306,1.0,0,False,,,,
3307,1.0,0,False,,,,
3308,1.0,0,False,,,,
3309,1.0,0,False,,,,
3310,1.0,0,False,,,,
3311,1.0,0,False,,,,
3312,1.0,0,False,,,,
3313,1.0,0,False,,,,
3314,1.0,0,False,,,,
3315,1.0,0,False,,,,
3316,1.0,0,False,,,,
3317,1.0,0,False,,,,
3318,1.0,0,False,,,,
3319,1.0,0,False,,,,
3320,1.0,0,False,,,,
3321,1.0,0,False,,,,
3322,1.0,0,False,,,,
3323,1.0,0,False,,,,
3324,1.0,0,False,,,,
3325,1.0,0,False,,,,
3326,1.0,0,False,,,,
3327,1.0,0,False,,,,
3328,1.0,0,False,,,,
3329,1.0,0,False,,,,
3330,1.0,0,False,,,,
3331,1.0,0,False,,,,
3332,1.0,0,False,,,,
3333,1.0,0,False,,,,
3334,1.0,0,False,,,,
3335,1.0,0,False,,,,
3336,1.0,0,False,,,,
3337,1.0,0,False,,,,
3338,1.0,0,False,,,,
3339,1.0,0,False,,,,
3340,1.0,0,False,,,,
3341,1.0,0,False,,,,
3342,1.0,0,False,,,,
3343,1.0,0,False,,,,
3344,1.0,0,False,,,,
3345,1.0,0,False,,,,
3346,1.0,0,False,,,,
3347,1.0,0,False,,,,
3348,1.0,0,False,,,,
3349,1.0,0,False,,,,
3350,1.0,0,False,,,,
3351,1.0,0,False,,,,
3352,1.0,0,False,,,,
3353,1.0,0,False,,,,
3354,1.0,0,False,,,,
3355,1.0,0,False,,,,
3356,1.0,0,False,,,,
3357,1.0,0,False,,,,
3358,1.0,0,False,,,,
3359,1.0,0,False,,,,
3360,1.0,0,False,,,,
3361,1.0,0,False,,,,
3362,1.0,0,False,,,,
3363,1.0,0,False,,,,
3364,1.0,0,False,,,,
3365,1.0,0,False,,,,
3366,1.0,0,False,,,,
3367,1.0,0,False,,,,
3368,1.0,0,False,,,,
3369,1.0,0,False,,,,
3370,1.0,0,False,,,,
3371,1.0,0,False,,,,
3372,1.0,0,False,,,,
3373,1.0,0,False,,,,
3374,1.0,0,False,,,,
3375,1.0,0,False,,,,
3376,1.0,0,False,,,,
3377,1.0,0,False,,,,
3378,1.0,0,False,,,,
3379,1.0,0,False,,,,
3380,1.0,0,False,,,,
3381,1.0,0,False,,,,
3382,1.0,0,False,,,,
3383,1.0,0,False,,,,
3384,1.0,0,False,,,,
3385,1.0,0,False,,,,
3386,1.0,0,False,,,,
3387,1.0,0,False,,,,
3388,1.0,0,False,,,,
3389,1.0,0,False,,,,
3390,1.0,0,False,,,,
3391,1.0,0,False,,,,
3392,1.0,0,False,,,,
3393,1.0,0,False,,,,
3394,1.0,0,False,,,,
3395,1.0,0,False,,,,
3396,1.0,0,False,,,,
3397,1.0,0,False,,,,
3398,1.0,0,False,,,,
3399,1.0,0,False,,,,
3400,1.0,0,False,,,,
3401,1.0,0,False,,,,
3402,1.0,0,False,,,,
3403,1.0,0,False,,,,
3404,1.0,0,False,,,,
3405,1.0,0,False,,,,
3406,1.0,0,False,,,,
3407,1.0,0,False,,,,
3408,1.0,0,False,,,,
3409,1.0,0,False,,,,
3410,1.0,0,False,,,,
3411,1.0,0,False,,,,
3412,1.0,0,False,,,,
3413,1.0,0,False,,,,
3414,1.0,0,False,,,,
3415,1.0,0,False,,,,
3416,1.0,0,False,,,,
3417,1.0,0,False,,,,
3418,1.0,0,False,,,,
3419,1.0,0,False,,,,
3420,1.0,0,False,,,,
3421,1.0,0,False,,,,
3422,1.0,0,False,,,,
3423,1.0,0,False,,,,
3424,1.0,0,False,,,,
3425,1.0,0,False,,,,
3426,1.0,0,False,,,,
3427,1.0,0,False,,,,
3428,1.0,0,False,,,,
3429,1.0,0,False,,,,
3430,1.0,0,False,,,,
3431,1.0,0,False,,,,
3432,1.0,0,False,,,,
3433,1.0,0,False,,,,
3434,1.0,0,False,,,,
3435,1.0,0,False,,,,
3436,1.0,0,False,,,,
3437,1.0,0,False,,,,
3438,1.0,0,False,,,,
3439,1.0,0,False,,,,
3440,1.0,0,False,,,,
3441,1.0,0,False,,,,
3442,1.0,0,False,,,,
3443,1.0,0,False,,,,
3444,1.0,0,False,,,,
3445,1.0,0,False,,,,
3446,1.0,0,False,,,,
3447,1.0,0,False,,,,
3448,1.0,0,False,,,,
3449,1.0,0,False,,,,
3450,1.0,0,False,,,,
3451,1.0,0,False,,,,
3452,1.0,0,False,,,,
3453,1.0,0,False,,,,
3454,1.0,0,False,,,,
3455,1.0,0,False,,,,
3456,1.0,0,False,,,,
3457,1.0,0,False,,,,
3458,1.0,0,False,,,,
3459,1.0,0,False,,,,
3460,1.0,0,False,,,,
3461,1.0,0,False,,,,
3462,1.0,0,False,,,,
3463,1.0,0,False,,,,
3464,1.0,0,False,,,,
3465,1.0,0,False,,,,
3466,1.0,0,False,,,,
3467,1.0,0,False,,,,
3468,1.0,0,False,,,,
3469,1.0,0,False,,,,
3470,1.0,0,False,,,,
3471,1.0,0,False,,,,
3472,1.0,0,False,,,,
3473,1.0,0,False,,,,
3474,1.0,0,False,,,,
3475,1.0,0,False,,,,
3476,1.0,0,False,,,,
3477,1.0,0,False,,,,
3478,1.0,0,False,,,,
3479,1.0,0,False,,,,
3480,1.0,0,False,,,,
3481,1.0,0,False,,,,
3482,1.0,0,False,,,,
3483,1.0,0,False,,,,
3484,1.0,0,False,,,,
3485,1.0,0,False,,,,
3486,1.0,0,False,,,,
3487,1.0,0,False,,,,
3488,1.0,0,False,,,,
3489,1.0,0,False,,,,
3490,1.0,0,False,,,,
3491,1.0,0,False,,,,
3492,1.0,0,False,,,,
3493,1.0,0,False,,,,
3494,1.0,0,False,,,,
3495,1.0,0,False,,,,
3496,1.0,0,False,,,,
3497,1.0,0,False,,,,
3498,1.0,0,False,,,,
3499,1.0,0,False,,,,
3500,1.0,0,False,,,,
3501,1.0,0,False,,,,
3502,1.0,0,False,,,,
3503,1.0,0,False,,,,
3504,1.0,0,False,,,,
3505,1.0,0,False,,,,
3506,1.0,0,False,,,,
3507,1.0,0,False,,,,
3508,1.0,0,False,,,,
3509,1.0,0,False,,,,
3510,1.0,0,False,,,,
3511,1.0,0,False,,,,
3512,1.0,0,False,,,,
3513,1.0,0,False,,,,
3514,1.0,0,False,,,,
3515,1.0,0,False,,,,
3516,1.0,0,False,,,,
3517,1.0,0,False,,,,
3518,1.0,0,False,,,,
3519,1.0,0,False,,,,
3520,1.0,0,False,,,,
3521,1.0,0,False,,,,
3522,1.0,0,False,,,,
3523,1.0,0,False,,,,
3524,1.0,0,False,,,,
3525,1.0,0,False,,,,
3526,1.0,0,False,,,,
3527,1.0,0,False,,,,
3528,1.0,0,False,,,,
3529,1.0,0,False,,,,
3530,1.0,0,False,,,,
3531,1.0,0,False,,,,
3532,1.0,0,False,,,,
3533,1.0,0,False,,,,
3534,1.0,0,False,,,,
3535,1.0,0,False,,,,
3536,1.0,0,False,,,,
3537,1.0,0,False,,,,
3538,1.0,0,False,,,,
3539,1.0,0,False,,,,
3540,1.0,0,False,,,,
3541,1.0,0,False,,,,
3542,1.0,0,False,,,,
3543,1.0,0,False,,,,
3544,1.0,0,False,,,,
3545,1.0,0,False,,,,
3546,1.0,0,False,,,,
3547,1.0,0,False,,,,
3548,1.0,0,False,,,,
3549,1.0,0,False,,,,
3550,1.0,0,False,,,,
3551,1.0,0,False,,,,
3552,1.0,0,False,,,,
3553,1.0,0,False,,,,
3554,1.0,0,False,,,,
3555,1.0,0,False,,,,
3556,1.0,0,False,,,,
3557,1.0,0,False,,,,
3558,1.0,0,False,,,,
3559,1.0,0,False,,,,
3560,1.0,0,False,,,,
3561,1.0,0,False,,,,
3562,1.0,0,False,,,,
3563,1.0,0,False,,,,
3564,1.0,0,False,,,,
3565,1.0,0,False,,,,
3566,1.0,0,False,,,,
3567,1.0,0,False,,,,
3568,1.0,0,False,,,,
3569,1.0,0,False,,,,
3570,1.0,0,False,,,,
3571,1.0,0,False,,,,
3572,1.0,0,False,,,,
3573,1.0,0,False,,,,
3574,1.0,0,False,,,,
3575,1.0,0,False,,,,
3576,1.0,0,False,,,,
3577,1.0,0,False,,,,
3578,1.0,0,False,,,,
3579,1.0,0,False,,,,
3580,1.0,0,False,,,,
3581,1.0,0,False,,,,
3582,1.0,0,False,,,,
3583,1.0,0,False,,,,
3584,1.0,0,False,,,,
3585,1.0,0,False,,,,
3586,1.0,0,False,,,,
3587,1.0,0,False,,,,
3588,1.0,0,False,,,,
3589,1.0,0,False,,,,
3590,1.0,0,False,,,,
3591,1.0,0,False,,,,
3592,1.0,0,False,,,,
3593,1.0,0,False,,,,
3594,1.0,0,False,,,,
3595,1.0,0,False,,,,
3596,1.0,0,False,,,,
3597,1.0,0,False,,,,
3598,1.0,0,False,,,,
3599,1.0,0,False,,,,
3600,1.0,0,False,,,,
3601,1.0,0,False,,,,
3602,1.0,0,False,,,,
3603,1.0,0,False,,,,
3604,1.0,0,False,,,,
3605,1.0,0,False,,,,
3606,1.0,0,False,,,,
3607,1.0,0,False,,,,
3608,1.0,0,False,,,,
3609,1.0,0,False,,,,
3610,1.0,0,False,,,,
3611,1.0,0,False,,,,
3612,1.0,0,False,,,,
3613,1.0,0,False,,,,
3614,1.0,0,False,,,,
3615,1.0,0,False,,,,
3616,1.0,0,False,,,,
3617,1.0,0,False,,,,
3618,1.0,0,False,,,,
3619,1.0,0,False,,,,
3620,1.0,0,False,,,,
3621,1.0,0,False,,,,
3622,1.0,0,False,,,,
3623,1.0,0,False,,,,
3624,1.0,0,False,,,,
3625,1.0,0,False,,,,
3626,1.0,0,False,,,,
3627,1.0,0,False,,,,
3628,1.0,0,False,,,,
3629,1.0,0,False,,,,
3630,1.0,0,False,,,,
3631,1.0,0,False,,,,
3632,1.0,0,False,,,,
3633,1.0,0,False,,,,
3634,1.0,0,False,,,,
3635,1.0,0,False,,,,
3636,1.0,0,False,,,,
3637,1.0,0,False,,,,
3638,1.0,0,False,,,,
3639,1.0,0,False,,,,
3640,1.0,0,False,,,,
3641,1.0,0,False,,,,
3642,1.0,0,False,,,,
3643,1.0,0,False,,,,
3644,1.0,0,False,,,,
3645,1.0,0,False,,,,
3646,1.0,0,False,,,,
3647,1.0,0,False,,,,
3648,1.0,0,False,,,,
3649,1.0,0,False,,,,
3650,1.0,0,False,,,,
3651,1.0,0,False,,,,
3652,1.0,0,False,,,,
3653,1.0,0,False,,,,
3654,1.0,0,False,,,,
3655,1.0,0,False,,,,
3656,1.0,0,False,,,,
3657,1.0,0,False,,,,
3658,1.0,0,False,,,,
3659,1.0,0,False,,,,
3660,1.0,0,False,,,,
3661,1.0,0,False,,,,
3662,1.0,0,False,,,,
3663,1.0,0,False,,,,
3664,1.0,0,False,,,,
3665,1.0,0,False,,,,
3666,1.0,0,False,,,,
3667,1.0,0,False,,,,
3668,1.0,0,False,,,,
3669,1.0,0,False,,,,
3670,1.0,0,False,,,,
3671,1.0,0,False,,,,
3672,1.0,0,False,,,,
3673,1.0,0,False,,,,
3674,1.0,0,False,,,,
3675,1.0,0,False,,,,
3676,1.0,0,False,,,,
3677,1.0,0,False,,,,
3678,1.0,0,False,,,,
3679,1.0,0,False,,,,
3680,1.0,0,False,,,,
3681,1.0,0,False,,,,
3682,1.0,0,False,,,,
3683,1.0,0,False,,,,
3684,1.0,0,False,,,,
3685,1.0,0,False,,,,
3686,1.0,0,False,,,,
3687,1.0,0,False,,,,
3688,1.0,0,False,,,,
3689,1.0,0,False,,,,
3690,1.0,0,False,,,,
3691,1.0,0,False,,,,
3692,1.0,0,False,,,,
3693,1.0,0,False,,,,
3694,1.0,0,False,,,,
3695,1.0,0,False,,,,
3696,1.0,0,False,,,,
3697,1.0,0,False,,,,
3698,1.0,0,False,,,,
3699,1.0,0,False,,,,
3700,1.0,0,False,,,,
3701,1.0,0,False,,,,
3702,1.0,0,False,,,,
3703,1.0,0,False,,,,
3704,1.0,0,False,,,,
3705,1.0,0,False,,,,
3706,1.0,0,False,,,,
3707,1.0,0,False,,,,
3708,1.0,0,False,,,,
3709,1.0,0,False,,,,
3710,1.0,0,False,,,,
3711,1.0,0,False,,,,
3712,1.0,0,False,,,,
3713,1.0,0,False,,,,
3714,1.0,0,False,,,,
3715,1.0,0,False,,,,
3716,1.0,0,False,,,,
3717,1.0,0,False,,,,
3718,1.0,0,False,,,,
3719,1.0,0,False,,,,
3720,1.0,0,False,,,,
3721,1.0,0,False,,,,
3722,1.0,0,False,,,,
3723,1.0,0,False,,,,
3724,1.0,0,False,,,,
3725,1.0,0,False,,,,
3726,1.0,0,False,,,,
3727,1.0,0,False,,,,
3728,1.0,0,False,,,,
3729,1.0,0,False,,,,
3730,1.0,0,False,,,,
3731,1.0,0,False,,,,
3732,1.0,0,False,,,,
3733,1.0,0,False,,,,
3734,1.0,0,False,,,,
3735,1.0,0,False,,,,
3736,1.0,0,False,,,,
3737,1.0,0,False,,,,
3738,1.0,0,False,,,,
3739,1.0,0,False,,,,
3740,1.0,0,False,,,,
3741,1.0,0,False,,,,
3742,1.0,0,False,,,,
3743,1.0,0,False,,,,
3744,1.0,0,False,,,,
3745,1.0,0,False,,,,
3746,1.0,0,False,,,,
3747,1.0,0,False,,,,
3748,1.0,0,False,,,,
3749,1.0,0,False,,,,
3750,1.0,0,False,,,,
3751,1.0,0,False,,,,
3752,1.0,0,False,,,,
3753,1.0,0,False,,,,
3754,1.0,0,False,,,,
3755,1.0,0,False,,,,
3756,1.0,0,False,,,,
3757,1.0,0,False,,,,
3758,1.0,0,False,,,,
3759,1.0,0,False,,,,
3760,1.0,0,False,,,,
3761,1.0,0,False,,,,
3762,1.0,0,False,,,,
3763,1.0,0,False,,,,
3764,1.0,0,False,,,,
3765,1.0,0,False,,,,
3766,1.0,0,False,,,,
3767,1.0,0,False,,,,
3768,1.0,0,False,,,,
3769,1.0,0,False,,,,
3770,1.0,0,False,,,,
3771,1.0,0,False,,,,
3772,1.0,0,False,,,,
3773,1.0,0,False,,,,
3774,1.0,0,False,,,,
3775,1.0,0,False,,,,
3776,1.0,0,False,,,,
3777,1.0,0,False,,,,
3778,1.0,0,False,,,,
3779,1.0,0,False,,,,
3780,1.0,0,False,,,,
3781,1.0,0,False,,,,
3782,1.0,0,False,,,,
3783,1.0,0,False,,,,
3784,1.0,0,False,,,,
3785,1.0,0,False,,,,
3786,1.0,0,False,,,,
3787,1.0,0,False,,,,
3788,1.0,0,False,,,,
3789,1.0,0,False,,,,
3790,1.0,0,False,,,,
3791,1.0,0,False,,,,
3792,1.0,0,False,,,,
3793,1.0,0,False,,,,
3794,1.0,0,False,,,,
3795,1.0,0,False,,,,
3796,1.0,0,False,,,,
3797,1.0,0,False,,,,
3798,1.0,0,False,,,,
3799,1.0,0,False,,,,
3800,1.0,0,False,,,,
3801,1.0,0,False,,,,
3802,1.0,0,False,,,,
3803,1.0,0,False,,,,
3804,1.0,0,False,,,,
3805,1.0,0,False,,,,
3806,1.0,0,False,,,,
3807,1.0,0,False,,,,
3808,1.0,0,False,,,,
3809,1.0,0,False,,,,
3810,1.0,0,False,,,,
3811,1.0,0,False,,,,
3812,1.0,0,False,,,,
3813,1.0,0,False,,,,
3814,1.0,0,False,,,,
3815,1.0,0,False,,,,
3816,1.0,0,False,,,,
3817,1.0,0,False,,,,
3818,1.0,0,False,,,,
3819,1.0,0,False,,,,
3820,1.0,0,False,,,,
3821,1.0,0,False,,,,
3822,1.0,0,False,,,,
3823,1.0,0,False,,,,
3824,1.0,0,False,,,,
3825,1.0,0,False,,,,
3826,1.0,0,False,,,,
3827,1.0,0,False,,,,
3828,1.0,0,False,,,,
3829,1.0,0,False,,,,
3830,1.0,0,False,,,,
3831,1.0,0,False,,,,
3832,1.0,0,False,,,,
3833,1.0,0,False,,,,
3834,1.0,0,False,,,,
3835,1.0,0,False,,,,
3836,1.0,0,False,,,,
3837,1.0,0,False,,,,
3838,1.0,0,False,,,,
3839,1.0,0,False,,,,
3840,1.0,0,False,,,,
3841,1.0,0,False,,,,
3842,1.0,0,False,,,,
3843,1.0,0,False,,,,
3844,1.0,0,False,,,,
3845,1.0,0,False,,,,
3846,1.0,0,False,,,,
3847,1.0,0,False,,,,
3848,1.0,0,False,,,,
3849,1.0,0,False,,,,
3850,1.0,0,False,,,,
3851,1.0,0,False,,,,
3852,1.0,0,False,,,,
3853,1.0,0,False,,,,
3854,1.0,0,False,,,,
3855,1.0,0,False,,,,
3856,1.0,0,False,,,,
3857,1.0,0,False,,,,
3858,1.0,0,False,,,,
3859,1.0,0,False,,,,
3860,1.0,0,False,,,,
3861,1.0,0,False,,,,
3862,1.0,0,False,,,,
3863,1.0,0,False,,,,
3864,1.0,0,False,,,,
3865,1.0,0,False,,,,
3866,1.0,0,False,,,,
3867,1.0,0,False,,,,
3868,1.0,0,False,,,,
3869,1.0,0,False,,,,
3870,1.0,0,False,,,,
3871,1.0,0,False,,,,
3872,1.0,0,False,,,,
3873,1.0,0,False,,,,
3874,1.0,0,False,,,,
3875,1.0,0,False,,,,
3876,1.0,0,False,,,,
3877,1.0,0,False,,,,
3878,1.0,0,False,,,,
3879,1.0,0,False,,,,
3880,1.0,0,False,,,,
3881,1.0,0,False,,,,
3882,1.0,0,False,,,,
3883,1.0,0,False,,,,
3884,1.0,0,False,,,,
3885,1.0,0,False,,,,
3886,1.0,0,False,,,,
3887,1.0,0,False,,,,
3888,1.0,0,False,,,,
3889,1.0,0,False,,,,
3890,1.0,0,False,,,,
3891,1.0,0,False,,,,
3892,1.0,0,False,,,,
3893,1.0,0,False,,,,
3894,1.0,0,False,,,,
3895,1.0,0,False,,,,
3896,1.0,0,False,,,,
3897,1.0,0,False,,,,
3898,1.0,0,False,,,,
3899,1.0,0,False,,,,
3900,1.0,0,False,,,,
3901,1.0,0,False,,,,
3902,1.0,0,False,,,,
3903,1.0,0,False,,,,
3904,1.0,0,False,,,,
3905,1.0,0,False,,,,
3906,1.0,0,False,,,,
3907,1.0,0,False,,,,
3908,1.0,0,False,,,,
3909,1.0,0,False,,,,
3910,1.0,0,False,,,,
3911,1.0,0,False,,,,
3912,1.0,0,False,,,,
3913,1.0,0,False,,,,
3914,1.0,0,False,,,,
3915,1.0,0,False,,,,
3916,1.0,0,False,,,,
3917,1.0,0,False,,,,
3918,1.0,0,False,,,,
3919,1.0,0,False,,,,
3920,1.0,0,False,,,,
3921,1.0,0,False,,,,
3922,1.0,0,False,,,,
3923,1.0,0,False,,,,
3924,1.0,0,False,,,,
3925,1.0,0,False,,,,
3926,1.0,0,False,,,,
3927,1.0,0,False,,,,
3928,1.0,0,False,,,,
3929,1.0,0,False,,,,
3930,1.0,0,False,,,,
3931,1.0,0,False,,,,
3932,1.0,0,False,,,,
3933,1.0,0,False,,,,
3934,1.0,0,False,,,,
3935,1.0,0,False,,,,
3936,1.0,0,False,,,,
3937,1.0,0,False,,,,
3938,1.0,0,False,,,,
3939,1.0,0,False,,,,
3940,1.0,0,False,,,,
3941,1.0,0,False,,,,
3942,1.0,0,False,,,,
3943,1.0,0,False,,,,
3944,1.0,0,False,,,,
3945,1.0,0,False,,,,
3946,1.0,0,False,,,,
3947,1.0,0,False,,,,
3948,1.0,0,False,,,,
3949,1.0,0,False,,,,
3950,1.0,0,False,,,,
3951,1.0,0,False,,,,
3952,1.0,0,False,,,,
3953,1.0,0,False,,,,
3954,1.0,0,False,,,,
3955,1.0,0,False,,,,
3956,1.0,0,False,,,,
3957,1.0,0,False,,,,
3958,1.0,0,False,,,,
3959,1.0,0,False,,,,
3960,1.0,0,False,,,,
3961,1.0,0,False,,,,
3962,1.0,0,False,,,,
3963,1.0,0,False,,,,
3964,1.0,0,False,,,,
3965,1.0,0,False,,,,
3966,1.0,0,False,,,,
3967,1.0,0,False,,,,
3968,1.0,0,False,,,,
3969,1.0,0,False,,,,
3970,1.0,0,False,,,,
3971,1.0,0,False,,,,
3972,1.0,0,False,,,,
3973,1.0,0,False,,,,
3974,1.0,0,False,,,,
3975,1.0,0,False,,,,
3976,1.0,0,False,,,,
3977,1.0,0,False,,,,
3978,1.0,0,False,,,,
3979,1.0,0,False,,,,
3980,1.0,0,False,,,,
3981,1.0,0,False,,,,
3982,1.0,0,False,,,,
3983,1.0,0,False,,,,
3984,1.0,0,False,,,,
3985,1.0,0,False,,,,
3986,1.0,0,False,,,,
3987,1.0,0,False,,,,
3988,1.0,0,False,,,,
3989,1.0,0,False,,,,
3990,1.0,0,False,,,,
3991,1.0,0,False,,,,
3992,1.0,0,False,,,,
3993,1.0,0,False,,,,
3994,1.0,0,False,,,,
3995,1.0,0,False,,,,
3996,1.0,0,False,,,,
3997,1.0,0,False,,,,
3998,1.0,0,False,,,,
3999,1.0,0,False,,,,
4000,1.0,0,False,,,,
4001,1.0,0,False,,,,
4002,1.0,0,False,,,,
4003,1.0,0,False,,,,
4004,1.0,0,False,,,,
4005,1.0,0,False,,,,
4006,1.0,0,False,,,,
4007,1.0,0,False,,,,
4008,1.0,0,False,,,,
4009,1.0,0,False,,,,
4010,1.0,0,False,,,,
4011,1.0,0,False,,,,
4012,1.0,0,False,,,,
4013,1.0,0,False,,,,
4014,1.0,0,False,,,,
4015,1.0,0,False,,,,
4016,1.0,0,False,,,,
4017,1.0,0,False,,,,
4018,1.0,0,False,,,,
4019,1.0,0,False,,,,
4020,1.0,0,False,,,,
4021,1.0,0,False,,,,
4022,1.0,0,False,,,,
4023,1.0,0,False,,,,
4024,1.0,0,False,,,,
4025,1.0,0,False,,,,
4026,1.0,0,False,,,,
4027,1.0,0,False,,,,
4028,1.0,0,False,,,,
4029,1.0,0,False,,,,
4030,1.0,0,False,,,,
4031,1.0,0,False,,,,
4032,1.0,0,False,,,,
4033,1.0,0,False,,,,
4034,1.0,0,False,,,,
4035,1.0,0,False,,,,
4036,1.0,0,False,,,,
4037,1.0,0,False,,,,
4038,1.0,0,False,,,,
4039,1.0,0,False,,,,
4040,1.0,0,False,,,,
4041,1.0,0,False,,,,
4042,1.0,0,False,,,,
4043,1.0,0,False,,,,
4044,1.0,0,False,,,,
4045,1.0,0,False,,,,
4046,1.0,0,False,,,,
4047,1.0,0,False,,,,
4048,1.0,0,False,,,,
4049,1.0,0,False,,,,
4050,1.0,0,False,,,,
4051,1.0,0,False,,,,
4052,1.0,0,False,,,,
4053,1.0,0,False,,,,
4054,1.0,0,False,,,,
4055,1.0,0,False,,,,
4056,1.0,0,False,,,,
4057,1.0,0,False,,,,
4058,1.0,0,False,,,,
4059,1.0,0,False,,,,
4060,1.0,0,False,,,,
4061,1.0,0,False,,,,
4062,1.0,0,False,,,,
4063,1.0,0,False,,,,
4064,1.0,0,False,,,,
4065,1.0,0,False,,,,
4066,1.0,0,False,,,,
4067,1.0,0,False,,,,
4068,1.0,0,False,,,,
4069,1.0,0,False,,,,
4070,1.0,0,False,,,,
4071,1.0,0,False,,,,
4072,1.0,0,False,,,,
4073,1.0,0,False,,,,
4074,1.0,0,False,,,,
4075,1.0,0,False,,,,
4076,1.0,0,False,,,,
4077,1.0,0,False,,,,
4078,1.0,0,False,,,,
4079,1.0,0,False,,,,
4080,1.0,0,False,,,,
4081,1.0,0,False,,,,
4082,1.0,0,False,,,,
4083,1.0,0,False,,,,
4084,1.0,0,False,,,,
4085,1.0,0,False,,,,
4086,1.0,0,False,,,,
4087,1.0,0,False,,,,
4088,1.0,0,False,,,,
4089,1.0,0,False,,,,
4090,1.0,0,False,,,,
4091,1.0,0,False,,,,
4092,1.0,0,False,,,,
4093,1.0,0,False,,,,
4094,1.0,0,False,,,,
4095,1.0,0,False,,,,
4096,1.0,0,False,,,,
4097,1.0,0,False,,,,
4098,1.0,0,False,,,,
4099,1.0,0,False,,,,
4100,1.0,0,False,,,,
4101,1.0,0,False,,,,
4102,1.0,0,False,,,,
4103,1.0,0,False,,,,
4104,1.0,0,False,,,,
4105,1.0,0,False,,,,
4106,1.0,0,False,,,,
4107,1.0,0,False,,,,
4108,1.0,0,False,,,,
4109,1.0,0,False,,,,
4110,1.0,0,False,,,,
4111,1.0,0,False,,,,
4112,1.0,0,False,,,,
4113,1.0,0,False,,,,
4114,1.0,0,False,,,,
4115,1.0,0,False,,,,
4116,1.0,0,False,,,,
4117,1.0,0,False,,,,
4118,1.0,0,False,,,,
4119,1.0,0,False,,,,
4120,1.0,0,False,,,,
4121,1.0,0,False,,,,
4122,1.0,0,False,,,,
4123,1.0,0,False,,,,
4124,1.0,0,False,,,,
4125,1.0,0,False,,,,
4126,1.0,0,False,,,,
4127,1.0,0,False,,,,
4128,1.0,0,False,,,,
4129,1.0,0,False,,,,
4130,1.0,0,False,,,,
4131,1.0,0,False,,,,
4132,1.0,0,False,,,,
4133,1.0,0,False,,,,
4134,1.0,0,False,,,,
4135,1.0,0,False,,,,
4136,1.0,0,False,,,,
4137,1.0,0,False,,,,
