col_index,gap_frac,nongap_n,keep,cons_similarity,cons_identity,cons_entropy22,cons_entropy_nogap
1,0.95,1,False,,,,
2,0.95,1,False,,,,
3,0.95,1,False,,,,
4,0.95,1,False,,,,
5,0.95,1,False,,,,
6,0.95,1,False,,,,
7,0.95,1,False,,,,
8,0.95,1,False,,,,
9,0.95,1,False,,,,
10,0.95,1,False,,,,
11,0.95,1,False,,,,
12,0.95,1,False,,,,
13,0.95,1,False,,,,
14,0.95,1,False,,,,
15,0.95,1,False,,,,
16,0.95,1,False,,,,
17,0.95,1,False,,,,
18,0.95,1,False,,,,
19,0.95,1,False,,,,
20,0.95,1,False,,,,
21,0.95,1,False,,,,
22,0.95,1,False,,,,
23,0.95,1,False,,,,
24,0.9,2,False,,,,
25,0.9,2,False,,,,
26,0.9,2,False,,,,
27,0.9,2,False,,,,
28,0.9,2,False,,,,
29,0.9,2,False,,,,
30,0.9,2,False,,,,
31,0.9,2,False,,,,
32,0.9,2,False,,,,
33,0.9,2,False,,,,
34,0.9,2,False,,,,
35,0.9,2,False,,,,
36,0.9,2,False,,,,
37,0.95,1,False,,,,
38,0.95,1,False,,,,
39,0.95,1,False,,,,
40,0.9,2,False,,,,
41,0.9,2,False,,,,
42,0.9,2,False,,,,
43,0.9,2,False,,,,
44,0.9,2,False,,,,
45,0.9,2,False,,,,
46,0.9,2,False,,,,
47,0.9,2,False,,,,
48,0.9,2,False,,,,
49,0.9,2,False,,,,
50,0.9,2,False,,,,
51,0.9,2,False,,,,
52,0.9,2,False,,,,
53,0.9,2,False,,,,
54,0.9,2,False,,,,
55,0.9,2,False,,,,
56,0.9,2,False,,,,
57,0.9,2,False,,,,
58,0.9,2,False,,,,
59,0.9,2,False,,,,
60,0.9,2,False,,,,
61,0.9,2,False,,,,
62,0.9,2,False,,,,
63,0.9,2,False,,,,
64,0.9,2,False,,,,
65,0.9,2,False,,,,
66,0.9,2,False,,,,
67,0.9,2,False,,,,
68,0.9,2,False,,,,
69,0.9,2,False,,,,
70,0.9,2,False,,,,
71,0.9,2,False,,,,
72,0.9,2,False,,,,
73,0.9,2,False,,,,
74,0.9,2,False,,,,
75,0.9,2,False,,,,
76,0.9,2,False,,,,
77,0.95,1,False,,,,
78,0.95,1,False,,,,
79,0.95,1,False,,,,
80,0.95,1,False,,,,
81,0.95,1,False,,,,
82,0.95,1,False,,,,
83,0.95,1,False,,,,
84,0.95,1,False,,,,
85,0.95,1,False,,,,
86,0.95,1,False,,,,
87,0.95,1,False,,,,
88,0.95,1,False,,,,
89,0.95,1,False,,,,
90,0.95,1,False,,,,
91,0.95,1,False,,,,
92,0.95,1,False,,,,
93,0.95,1,False,,,,
94,0.95,1,False,,,,
95,0.95,1,False,,,,
96,0.95,1,False,,,,
97,0.95,1,False,,,,
98,0.95,1,False,,,,
99,0.95,1,False,,,,
100,0.95,1,False,,,,
101,0.95,1,False,,,,
102,0.95,1,False,,,,
103,0.95,1,False,,,,
104,0.95,1,False,,,,
105,0.95,1,False,,,,
106,0.95,1,False,,,,
107,0.9,2,False,,,,
108,0.9,2,False,,,,
109,0.9,2,False,,,,
110,0.9,2,False,,,,
111,0.9,2,False,,,,
112,0.9,2,False,,,,
113,0.9,2,False,,,,
114,0.9,2,False,,,,
115,0.9,2,False,,,,
116,0.95,1,False,,,,
117,0.95,1,False,,,,
118,0.95,1,False,,,,
119,0.95,1,False,,,,
120,0.9,2,False,,,,
121,0.9,2,False,,,,
122,0.9,2,False,,,,
123,0.85,3,False,,,,
124,0.85,3,False,,,,
125,0.85,3,False,,,,
126,0.85,3,False,,,,
127,0.85,3,False,,,,
128,0.85,3,False,,,,
129,0.85,3,False,,,,
130,0.85,3,False,,,,
131,0.85,3,False,,,,
132,0.85,3,False,,,,
133,0.85,3,False,,,,
134,0.85,3,False,,,,
135,0.85,3,False,,,,
136,0.85,3,False,,,,
137,0.85,3,False,,,,
138,0.85,3,False,,,,
139,0.8,4,False,,,,
140,0.8,4,False,,,,
141,0.8,4,False,,,,
142,0.75,5,True,0.22666666666666666,0.4,0.4436691855250422,1.9219280948873623
143,0.45,11,True,0.4715151515151515,0.8181818181818182,0.26550220320535933,0.8658566174572235
144,0.45,11,True,0.5490909090909091,0.8181818181818182,0.26550220320535933,0.8658566174572235
145,0.45,11,True,0.45939393939393935,0.8181818181818182,0.26550220320535933,0.8658566174572235
146,0.45,11,True,0.3466666666666667,0.5454545454545454,0.24485034743374168,2.049452072789394
147,0.45,11,True,0.31757575757575757,0.5454545454545454,0.21856773803935614,1.867633890971212
148,0.45,11,True,0.5551515151515152,0.8181818181818182,0.13625994749630344,0.6840384356390417
149,0.45,11,True,0.40484848484848485,0.5454545454545454,0.14001345298901247,1.3221793455166666
150,0.45,11,True,0.4266666666666667,0.8181818181818182,0.13625994749630344,0.6840384356390417
151,0.45,11,True,0.7333333333333333,1.0,0.007225546012191719,0.0
152,0.45,11,True,0.463030303030303,0.8181818181818182,0.26550220320535933,0.8658566174572235
153,0.45,11,True,0.46060606060606063,0.8181818181818182,0.26550220320535933,0.8658566174572235
154,0.5,10,True,0.5333333333333333,0.9,0.2211186092838502,0.4689955935892812
155,0.5,10,True,0.5066666666666666,0.9,0.2211186092838502,0.4689955935892812
156,0.5,10,True,0.4666666666666667,0.9,0.2211186092838502,0.4689955935892812
157,0.5,10,True,0.5733333333333334,0.9,0.2211186092838502,0.4689955935892812
158,0.5,10,True,0.5066666666666666,0.9,0.2211186092838502,0.4689955935892812
159,0.45,11,True,0.3527272727272727,0.6363636363636364,0.2599940536914944,1.6729330318733675
160,0.45,11,True,0.41696969696969693,0.8181818181818182,0.26550220320535933,0.8658566174572235
161,0.45,11,True,0.4848484848484849,0.9090909090909091,0.2211186092838502,0.4394969869215134
162,0.45,11,True,0.5393939393939393,0.9090909090909091,0.2211186092838502,0.4394969869215134
163,0.45,11,True,0.5151515151515151,0.8181818181818182,0.26550220320535933,0.8658566174572235
164,0.45,11,True,0.3442424242424243,0.7272727272727273,0.2698043285786723,1.2776134368191154
165,0.45,11,True,0.38666666666666666,0.8181818181818182,0.26550220320535933,0.8658566174572235
166,0.45,11,True,0.37454545454545457,0.6363636363636364,0.21923179899069856,1.4911148500551858
167,0.45,11,True,0.40606060606060607,0.5454545454545454,0.18936821383131186,1.617189572592715
168,0.45,11,True,0.4218181818181818,0.7272727272727273,0.2698043285786723,1.2776134368191154
169,0.45,11,True,0.6121212121212121,0.9090909090909091,0.2211186092838502,0.4394969869215134
170,0.5,10,True,0.5066666666666666,0.9,0.2211186092838502,0.4689955935892812
171,0.5,10,True,0.6266666666666667,0.9,0.2211186092838502,0.4689955935892812
172,0.5,10,True,0.4414814814814815,0.8,0.26951797627815943,0.9219280948873623
173,0.45,11,True,0.6363636363636365,0.9090909090909091,0.2211186092838502,0.4394969869215134
174,0.45,11,True,0.5333333333333333,1.0,0.007225546012191719,0.0
175,0.45,11,True,0.526060606060606,0.8181818181818182,0.26550220320535933,0.8658566174572235
176,0.45,11,True,0.32606060606060605,0.5454545454545454,0.21856773803935614,1.8676338909712125
177,0.45,11,True,0.37939393939393945,0.6363636363636364,0.21923179899069856,1.4911148500551854
178,0.8,4,False,,,,
179,0.5,10,True,0.3940740740740741,0.7,0.2771568471826691,1.3567796494470397
180,0.5,10,True,0.3614814814814815,0.6,0.27059858829622396,1.7709505944546688
181,0.45,11,True,0.4,0.7272727272727273,0.2698043285786723,1.2776134368191154
182,0.45,11,True,0.3757575757575758,0.7272727272727273,0.2698043285786723,1.2776134368191154
183,0.45,11,True,0.44848484848484843,0.9090909090909091,0.2211186092838502,0.4394969869215134
184,0.45,11,True,0.46060606060606063,0.9090909090909091,0.2211186092838502,0.4394969869215134
185,0.45,11,True,0.4521212121212121,0.6363636363636364,0.21923179899069856,1.4911148500551858
186,0.45,11,True,0.38545454545454544,0.5454545454545454,0.18936821383131186,1.6171895725927152
187,0.45,11,True,0.28848484848484846,0.45454545454545453,0.14845104387083763,1.789929075309999
188,0.45,11,True,0.4,0.7272727272727273,0.2698043285786723,1.2776134368191154
189,0.4,12,True,0.3525252525252525,0.6666666666666666,0.2564967211898894,1.584962500721156
190,0.4,12,True,0.3747474747474747,0.6666666666666666,0.21533827903669656,1.4182958340544896
191,0.4,12,True,0.5232323232323233,0.8333333333333334,0.26951797627815943,0.8166890883150209
192,0.4,12,True,0.38484848484848483,0.75,0.2698043285786723,1.207518749639422
193,0.4,12,True,0.3343434343434344,0.5,0.16171420253845625,1.6258145836939115
194,0.4,12,True,0.30909090909090914,0.4166666666666667,0.18618464294482617,2.4508257945180887
195,0.5,10,True,0.3777777777777778,0.6,0.23103764446506314,1.5709505944546687
196,0.5,10,True,0.5066666666666666,0.9,0.2211186092838502,0.4689955935892812
197,0.5,10,True,0.5333333333333333,1.0,0.0,0.0
198,0.5,10,True,0.3111111111111111,0.4,0.20271027263694896,2.121928094887362
199,0.5,10,True,0.3333333333333333,0.5,0.1901204745045889,1.7609640474436812
200,0.5,10,True,0.4266666666666667,0.7,0.21080508763824013,1.1567796494470395
201,0.5,10,True,0.6133333333333333,0.9,0.2211186092838502,0.4689955935892812
202,0.5,10,True,0.397037037037037,0.5,0.20637609206280816,1.6854752972273346
203,0.5,10,True,0.31555555555555553,0.6,0.23103764446506314,1.5709505944546687
204,0.5,10,True,0.48000000000000004,0.9,0.2211186092838502,0.4689955935892812
205,0.5,10,True,0.4666666666666667,0.8,0.26951797627815943,0.9219280948873623
206,0.5,10,True,0.39111111111111113,0.7,0.09105392149034808,0.8812908992306927
207,0.45,11,True,0.43757575757575756,0.8181818181818182,0.26550220320535933,0.8658566174572235
208,0.45,11,True,0.463030303030303,0.8181818181818182,0.26550220320535933,0.8658566174572235
209,0.45,11,True,0.35515151515151516,0.36363636363636365,0.18936470310353548,2.004886164091843
210,0.45,11,True,0.4193939393939394,0.6363636363636364,0.2599940536914944,1.6729330318733675
211,0.45,11,True,0.35030303030303034,0.6363636363636364,0.21923179899069856,1.4911148500551854
212,0.45,11,True,0.4848484848484849,0.9090909090909091,0.2211186092838502,0.4394969869215134
213,0.45,11,True,0.3612121212121212,0.5454545454545454,0.18936821383131186,1.6171895725927152
214,0.45,11,True,0.37454545454545457,0.7272727272727273,0.2698043285786723,1.2776134368191154
215,0.45,11,True,0.29696969696969694,0.5454545454545454,0.21856773803935614,1.867633890971212
216,0.4,12,True,0.3242424242424242,0.6666666666666666,0.2564967211898894,1.584962500721156
217,0.4,12,True,0.38585858585858585,0.6666666666666666,0.2564967211898894,1.584962500721156
218,0.4,12,True,0.508080808080808,0.6666666666666666,0.15790814011040566,1.188721875540867
219,0.4,12,True,0.5797979797979799,0.8333333333333334,0.26951797627815943,0.8166890883150209
220,0.4,12,True,0.407070707070707,0.8333333333333334,0.26951797627815943,0.8166890883150209
221,0.4,12,True,0.5444444444444445,0.9166666666666666,0.23074476267918287,0.41381685030363374
222,0.4,12,True,0.43636363636363634,0.8333333333333334,0.26951797627815943,0.8166890883150209
223,0.4,12,True,0.5333333333333333,0.9166666666666666,0.23074476267918287,0.41381685030363374
224,0.4,12,True,0.6,0.9166666666666666,0.23074476267918287,0.41381685030363374
225,0.4,12,True,0.48181818181818176,0.75,0.2698043285786723,1.207518749639422
226,0.4,12,True,0.3464646464646465,0.6666666666666666,0.21533827903669656,1.4182958340544896
227,0.4,12,True,0.4353535353535353,0.75,0.2698043285786723,1.207518749639422
228,0.4,12,True,0.40606060606060607,0.75,0.2698043285786723,1.207518749639422
229,0.4,12,True,0.3939393939393939,0.6666666666666666,0.25649672118988953,1.584962500721156
230,0.9,2,False,,,,
231,0.9,2,False,,,,
232,0.9,2,False,,,,
233,0.9,2,False,,,,
234,0.45,11,True,0.5466666666666666,0.7272727272727273,0.08028267642490672,0.8453509366224364
235,0.45,11,True,0.4387878787878788,0.7272727272727273,0.2698043285786723,1.2776134368191154
236,0.45,11,True,0.5151515151515151,0.9090909090909091,0.2211186092838502,0.4394969869215134
237,0.4,12,True,0.5777777777777778,0.9166666666666666,0.23074476267918287,0.41381685030363374
238,0.4,12,True,0.4767676767676768,0.6666666666666666,0.21533827903669656,1.4182958340544896
239,0.4,12,True,0.37272727272727274,0.5833333333333334,0.1647657494487228,1.6140054628542204
240,0.4,12,True,0.6444444444444445,0.9166666666666666,0.23074476267918287,0.41381685030363374
241,0.45,11,True,0.33575757575757575,0.6363636363636364,0.2599940536914944,1.6729330318733675
242,0.4,12,True,0.5333333333333333,1.0,0.02904940554533142,0.0
243,0.4,12,True,0.5,0.9166666666666666,0.23074476267918287,0.41381685030363374
244,0.4,12,True,0.5555555555555555,0.9166666666666666,0.23074476267918287,0.41381685030363374
245,0.4,12,True,0.4262626262626263,0.8333333333333334,0.26951797627815943,0.8166890883150209
246,0.4,12,True,0.43636363636363634,0.5833333333333334,0.18102136700694194,1.5510981710072647
247,0.4,12,True,0.5333333333333333,1.0,0.02904940554533142,0.0
248,0.4,12,True,0.42525252525252527,0.75,0.20226907788083914,1.0408520829727552
249,0.4,12,True,0.4161616161616161,0.75,0.2698043285786723,1.207518749639422
250,0.4,12,True,0.49292929292929294,0.6666666666666666,0.03977028213923883,0.9182958340544896
251,0.4,12,True,0.7333333333333333,1.0,0.02904940554533142,0.0
252,0.4,12,True,0.4727272727272727,0.75,0.2698043285786723,1.207518749639422
253,0.4,12,True,0.4353535353535353,0.8333333333333334,0.26951797627815943,0.8166890883150209
254,0.4,12,True,0.5888888888888888,0.9166666666666666,0.23074476267918287,0.41381685030363374
255,0.4,12,True,0.5393939393939393,0.8333333333333334,0.14132728892674484,0.6500224216483541
256,0.4,12,True,0.3828282828282828,0.6666666666666666,0.21533827903669656,1.4182958340544896
257,0.4,12,True,0.37272727272727274,0.6666666666666666,0.25649672118988953,1.584962500721156
258,0.4,12,True,0.35454545454545455,0.6666666666666666,0.21533827903669656,1.4182958340544896
259,0.4,12,True,0.2828282828282828,0.5,0.19980216002594875,2.125814583693911
260,0.45,11,True,0.44848484848484843,0.8181818181818182,0.26550220320535933,0.8658566174572235
261,0.45,11,True,0.3927272727272727,0.6363636363636364,0.2599940536914944,1.6729330318733675
262,0.5,10,True,0.4385185185185185,0.8,0.26951797627815943,0.9219280948873623
263,0.5,10,True,0.4948148148148148,0.8,0.26951797627815943,0.9219280948873623
264,0.7,6,True,0.4444444444444444,0.6666666666666666,0.27015330083790245,0.9182958340544896
265,0.45,11,True,0.38666666666666666,0.8181818181818182,0.26550220320535933,0.8658566174572235
266,0.45,11,True,0.4387878787878788,0.7272727272727273,0.20226907788083903,1.0957952550009336
267,0.55,9,True,0.47407407407407404,0.8888888888888888,0.23074476267918287,0.5032583347756457
268,0.55,9,True,0.5777777777777778,0.8888888888888888,0.23074476267918287,0.5032583347756457
269,0.55,9,True,0.5203703703703704,0.7777777777777778,0.15665734595707748,0.7642045065086203
270,0.55,9,True,0.4962962962962963,0.8888888888888888,0.23074476267918287,0.5032583347756457
271,0.95,1,False,,,,
272,0.95,1,False,,,,
273,0.95,1,False,,,,
274,0.95,1,False,,,,
275,0.6,8,True,0.48333333333333334,0.75,0.1826545778534897,0.8112781244591328
276,0.6,8,True,0.38571428571428573,0.5,0.13502647928207268,1.0
277,0.6,8,True,0.5166666666666667,0.875,0.25021798863140476,0.5435644431995964
278,0.5,10,True,0.46222222222222226,0.7,0.2771568471826691,1.3567796494470397
279,0.45,11,True,0.383030303030303,0.6363636363636364,0.21923179899069856,1.4911148500551858
280,0.45,11,True,0.30787878787878786,0.5454545454545454,0.21856773803935636,1.867633890971212
281,0.45,11,True,0.38545454545454544,0.6363636363636364,0.045474185774238673,0.9456603046006401
282,0.45,11,True,0.46424242424242423,0.7272727272727273,0.2698043285786723,1.2776134368191154
283,0.45,11,True,0.5054545454545455,0.8181818181818182,0.26550220320535933,0.8658566174572235
284,0.45,11,True,0.38909090909090904,0.8181818181818182,0.13625994749630344,0.6840384356390417
285,0.45,11,True,0.4206060606060606,0.7272727272727273,0.2698043285786723,1.2776134368191154
286,0.45,11,True,0.45575757575757575,0.6363636363636364,0.21923179899069856,1.4911148500551858
287,0.45,11,True,0.3903030303030303,0.5454545454545454,0.14001345298901247,1.3221793455166666
288,0.45,11,True,0.3987878787878788,0.7272727272727273,0.2698043285786723,1.2776134368191154
289,0.45,11,True,0.6363636363636365,0.9090909090909091,0.2211186092838502,0.4394969869215134
290,0.45,11,True,0.3987878787878788,0.7272727272727273,0.2698043285786723,1.2776134368191154
291,0.5,10,True,0.4162962962962963,0.8,0.26951797627815943,0.9219280948873623
292,0.45,11,True,0.4727272727272727,0.9090909090909091,0.2211186092838502,0.4394969869215134
293,0.45,11,True,0.5187878787878788,0.8181818181818182,0.26550220320535933,0.8658566174572235
294,0.45,11,True,0.4509090909090909,0.7272727272727273,0.2698043285786723,1.2776134368191154
295,0.45,11,True,0.4715151515151515,0.8181818181818182,0.13625994749630344,0.6840384356390417
296,0.45,11,True,0.40484848484848485,0.7272727272727273,0.20226907788083903,1.0957952550009336
297,0.4,12,True,0.36666666666666664,0.6666666666666666,0.21533827903669656,1.4182958340544896
298,0.4,12,True,0.403030303030303,0.6666666666666666,0.25649672118988953,1.584962500721156
299,0.4,12,True,0.33131313131313134,0.6666666666666666,0.25649672118988953,1.584962500721156
300,0.5,10,True,0.39851851851851855,0.7,0.2771568471826691,1.3567796494470397
301,0.5,10,True,0.6666666666666666,0.9,0.2211186092838502,0.4689955935892812
302,0.5,10,True,0.4444444444444444,0.8,0.26951797627815943,0.9219280948873623
303,0.5,10,True,0.6133333333333333,0.9,0.2211186092838502,0.4689955935892812
304,0.4,12,True,0.3212121212121212,0.5833333333333334,0.2110702296074859,1.780672129520887
305,0.4,12,True,0.3434343434343434,0.6666666666666666,0.25649672118988953,1.584962500721156
306,0.4,12,True,0.47171717171717176,0.75,0.20226907788083903,1.0408520829727552
307,0.4,12,True,0.5373737373737374,0.8333333333333334,0.26951797627815943,0.8166890883150209
308,0.5,10,True,0.3837037037037037,0.8,0.26951797627815943,0.9219280948873623
309,0.4,12,True,0.3757575757575758,0.5833333333333334,0.2110702296074859,1.780672129520887
310,0.4,12,True,0.5646464646464646,0.8333333333333334,0.26951797627815943,0.8166890883150209
311,0.4,12,True,0.38585858585858585,0.6666666666666666,0.13903595255631884,1.2516291673878228
312,0.4,12,True,0.34444444444444444,0.5,0.18424543142325833,1.896240625180289
313,0.4,12,True,0.3343434343434344,0.6666666666666666,0.15790814011040555,1.188721875540867
314,0.4,12,True,0.5,0.9166666666666666,0.23074476267918287,0.41381685030363374
315,0.4,12,True,0.397979797979798,0.5833333333333334,0.18102136700694205,1.5510981710072647
316,0.4,12,True,0.4090909090909091,0.5833333333333334,0.18102136700694194,1.5510981710072647
317,0.8,4,False,,,,
318,0.8,4,False,,,,
319,0.8,4,False,,,,
320,0.8,4,False,,,,
321,0.8,4,False,,,,
322,0.8,4,False,,,,
323,0.8,4,False,,,,
324,0.8,4,False,,,,
325,0.85,3,False,,,,
326,0.9,2,False,,,,
327,0.9,2,False,,,,
328,0.9,2,False,,,,
329,0.9,2,False,,,,
330,0.5,10,True,0.4474074074074074,0.8,0.26951797627815943,0.9219280948873623
331,0.5,10,True,0.597037037037037,0.8,0.14132728892674495,0.7219280948873623
332,0.5,10,True,0.3851851851851852,0.6,0.27059858829622396,1.7709505944546688
333,0.45,11,True,0.40606060606060607,0.6363636363636364,0.14355618924091973,1.3092966682370037
334,0.85,3,False,,,,
335,0.9,2,False,,,,
336,0.85,3,False,,,,
337,0.85,3,False,,,,
338,0.85,3,False,,,,
339,0.85,3,False,,,,
340,0.85,3,False,,,,
341,0.85,3,False,,,,
342,0.85,3,False,,,,
343,0.85,3,False,,,,
344,0.85,3,False,,,,
345,0.85,3,False,,,,
346,0.85,3,False,,,,
347,0.85,3,False,,,,
348,0.85,3,False,,,,
349,0.85,3,False,,,,
350,0.85,3,False,,,,
351,0.85,3,False,,,,
352,0.85,3,False,,,,
353,0.85,3,False,,,,
354,0.45,11,True,0.343030303030303,0.6363636363636364,0.2599940536914944,1.6729330318733675
355,0.45,11,True,0.5151515151515151,0.9090909090909091,0.2211186092838502,0.4394969869215134
356,0.5,10,True,0.5259259259259259,0.8,0.26951797627815943,0.9219280948873623
357,0.55,9,True,0.5333333333333333,1.0,0.007225546012191719,0.0
358,0.4,12,True,0.5454545454545454,0.8333333333333334,0.26951797627815943,0.8166890883150209
359,0.4,12,True,0.30404040404040406,0.6666666666666666,0.25649672118988953,1.584962500721156
360,0.4,12,True,0.4202020202020202,0.6666666666666666,0.15790814011040566,1.188721875540867
361,0.4,12,True,0.3525252525252525,0.6666666666666666,0.21533827903669656,1.4182958340544896
362,0.4,12,True,0.5545454545454546,0.8333333333333334,0.26951797627815943,0.8166890883150209
363,0.4,12,True,0.4555555555555556,0.6666666666666666,0.25649672118988953,1.584962500721156
364,0.4,12,True,0.40606060606060607,0.75,0.20226907788083903,1.0408520829727552
365,0.4,12,True,0.6444444444444445,0.9166666666666666,0.23074476267918287,0.41381685030363374
366,0.45,11,True,0.4727272727272727,0.8181818181818182,0.26550220320535933,0.8658566174572235
367,0.45,11,True,0.4387878787878788,0.7272727272727273,0.20226907788083903,1.0957952550009336
368,0.45,11,True,0.46787878787878784,0.7272727272727273,0.20226907788083903,1.0957952550009336
369,0.85,3,False,,,,
370,0.85,3,False,,,,
371,0.9,2,False,,,,
372,0.95,1,False,,,,
373,0.95,1,False,,,,
374,0.5,10,True,0.41777777777777775,0.8,0.26951797627815943,0.9219280948873623
375,0.45,11,True,0.4715151515151515,0.8181818181818182,0.26550220320535933,0.8658566174572235
376,0.45,11,True,0.5054545454545455,0.7272727272727273,0.20226907788083903,1.0957952550009336
377,0.4,12,True,0.34242424242424246,0.5833333333333334,0.211070229607486,1.780672129520887
378,0.4,12,True,0.6444444444444445,0.9166666666666666,0.23074476267918287,0.41381685030363374
379,0.4,12,True,0.5727272727272726,0.75,0.20226907788083903,1.0408520829727552
380,0.4,12,True,0.3707070707070707,0.6666666666666666,0.25649672118988953,1.584962500721156
381,0.4,12,True,0.5,0.75,0.2698043285786723,1.207518749639422
382,0.4,12,True,0.5414141414141415,0.8333333333333334,0.26951797627815943,0.8166890883150209
383,0.4,12,True,0.28181818181818186,0.4166666666666667,0.1794048989114322,2.221251836004466
384,0.4,12,True,0.3828282828282828,0.6666666666666666,0.21533827903669656,1.4182958340544896
385,0.4,12,True,0.42323232323232324,0.6666666666666666,0.21533827903669656,1.4182958340544896
386,0.4,12,True,0.3717171717171717,0.5,0.1170213395254125,1.3250112108241772
387,0.4,12,True,0.26161616161616164,0.3333333333333333,0.13729180594228152,2.4182958340544896
388,0.4,12,True,0.3787878787878788,0.5833333333333334,0.2110702296074859,1.780672129520887
389,0.4,12,True,0.42525252525252527,0.6666666666666666,0.21533827903669656,1.4182958340544896
390,0.4,12,True,0.34242424242424246,0.5833333333333334,0.2110702296074859,1.780672129520887
391,0.45,11,True,0.4254545454545455,0.6363636363636364,0.21923179899069856,1.4911148500551854
392,0.45,11,True,0.4036363636363636,0.7272727272727273,0.20226907788083903,1.0957952550009336
393,0.45,11,True,0.36484848484848487,0.6363636363636364,0.2599940536914944,1.6729330318733675
394,0.5,10,True,0.2651851851851852,0.4,0.23024907521851967,2.321928094887362
395,0.55,9,True,0.31851851851851853,0.6666666666666666,0.22812402278974908,1.224394445405986
396,0.55,9,True,0.2814814814814815,0.6666666666666666,0.29207456594376535,1.4466166676282082
397,0.65,7,True,0.47619047619047616,0.8571428571428571,0.2800122858679104,0.5916727785823275
398,0.65,7,True,0.4571428571428572,0.8571428571428571,0.2800122858679104,0.5916727785823275
399,0.65,7,True,0.580952380952381,0.8571428571428571,0.2800122858679104,0.5916727785823275
400,0.65,7,True,0.4,0.8571428571428571,0.2800122858679104,0.5916727785823275
401,0.7,6,True,0.5333333333333333,1.0,0.1187091007693073,0.0
402,0.6,8,True,0.3261904761904762,0.625,0.31502247023287666,1.5487949406953985
403,0.6,8,True,0.4,0.625,0.2547657146335859,1.2987949406953985
404,0.6,8,True,0.5333333333333333,0.875,0.25021798863140454,0.5435644431995964
405,0.6,8,True,0.40476190476190477,0.625,0.254765714633586,1.2987949406953985
406,0.6,8,True,0.5166666666666667,0.875,0.25021798863140454,0.5435644431995964
407,0.6,8,True,0.5190476190476191,0.75,0.1826545778534897,0.8112781244591328
408,0.6,8,True,0.2976190476190476,0.5,0.21452470277266555,1.5
409,0.6,8,True,0.8,1.0,0.02904940554533142,0.0
410,0.6,8,True,0.3785714285714286,0.625,0.31502247023287666,1.5487949406953985
411,0.6,8,True,0.41904761904761906,0.75,0.302269077880839,1.061278124459133
412,0.6,8,True,0.380952380952381,0.75,0.302269077880839,1.061278124459133
413,0.6,8,True,0.48333333333333334,0.875,0.25021798863140476,0.5435644431995964
414,0.6,8,True,0.43333333333333335,0.875,0.25021798863140476,0.5435644431995964
415,0.6,8,True,0.29047619047619044,0.625,0.31502247023287666,1.5487949406953985
416,0.6,8,True,0.33095238095238094,0.375,0.2698043285786723,1.811278124459133
417,0.6,8,True,0.319047619047619,0.625,0.31502247023287666,1.5487949406953985
418,0.6,8,True,0.39285714285714285,0.75,0.302269077880839,1.061278124459133
419,0.6,8,True,0.4904761904761905,0.75,0.1826545778534897,0.8112781244591328
420,0.6,8,True,0.4285714285714286,0.625,0.31502247023287666,1.5487949406953985
421,0.65,7,True,0.4571428571428572,0.8571428571428571,0.2800122858679105,0.5916727785823275
422,0.7,6,True,0.3377777777777778,0.6666666666666666,0.3716101752764803,1.2516291673878228
423,0.7,6,True,0.5555555555555555,0.8333333333333334,0.32093180423165557,0.6500224216483541
424,0.75,5,True,0.8,1.0,0.18872187554086717,0.0
425,0.75,5,True,0.8,1.0,0.18872187554086717,0.0
426,0.75,5,True,0.5333333333333333,1.0,0.18872187554086717,0.0
427,0.75,5,True,0.6666666666666666,1.0,0.18872187554086717,0.0
428,0.7,6,True,0.6666666666666666,1.0,0.1187091007693073,0.0
429,0.65,7,True,0.3619047619047619,0.5714285714285714,0.3468177238411746,1.6644977792004614
430,0.65,7,True,0.4857142857142857,0.8571428571428571,0.2800122858679104,0.5916727785823275
431,0.65,7,True,0.6095238095238095,0.8571428571428571,0.2800122858679104,0.5916727785823275
432,0.65,7,True,0.49523809523809526,0.8571428571428571,0.2800122858679105,0.5916727785823275
433,0.65,7,True,0.37460317460317455,0.7142857142857143,0.3319198728130941,1.1488348542809166
434,0.65,7,True,0.47619047619047616,0.8571428571428571,0.2800122858679105,0.5916727785823275
435,0.65,7,True,0.5047619047619047,0.5714285714285714,0.1931052612250561,0.9852281360342515
436,0.65,7,True,0.46984126984126984,0.7142857142857143,0.3319198728130941,1.1488348542809166
437,0.65,7,True,0.638095238095238,0.8571428571428571,0.2800122858679104,0.5916727785823275
438,0.65,7,True,0.49523809523809526,0.8571428571428571,0.2800122858679105,0.5916727785823275
439,0.65,7,True,0.4222222222222223,0.5714285714285714,0.3468177238411746,1.6644977792004614
440,0.55,9,True,0.3907407407407407,0.5555555555555556,0.2511573959832911,1.6577427265048887
441,0.55,9,True,0.47777777777777775,0.7777777777777778,0.2816667590416564,0.9864267287308424
442,0.55,9,True,0.34444444444444444,0.4444444444444444,0.25753634565243533,2.058813890331201
443,0.55,9,True,0.47777777777777775,0.7777777777777778,0.2816667590416564,0.9864267287308424
444,0.55,9,True,0.3462962962962963,0.6666666666666666,0.29207456594376535,1.4466166676282082
445,0.6,8,True,0.33809523809523806,0.5,0.2803607492695731,1.75
446,0.6,8,True,0.3214285714285714,0.5,0.2803607492695731,1.75
447,0.6,8,True,0.39285714285714285,0.625,0.31502247023287666,1.5487949406953985
448,0.6,8,True,0.2619047619047619,0.375,0.25354871102045295,1.9056390622295665
449,0.6,8,True,0.2833333333333333,0.375,0.29081902780598745,2.1556390622295662
450,0.6,8,True,0.32857142857142857,0.375,0.2698043285786723,1.811278124459133
451,0.7,6,True,0.17777777777777778,0.16666666666666666,0.4098431814126551,2.584962500721156
452,0.85,3,False,,,,
453,0.85,3,False,,,,
454,0.85,3,False,,,,
455,0.9,2,False,,,,
456,0.9,2,False,,,,
457,0.9,2,False,,,,
458,0.85,3,False,,,,
459,0.85,3,False,,,,
460,0.9,2,False,,,,
461,0.7,6,True,0.26666666666666666,0.5,0.340482362830567,1.4591479170272448
462,0.7,6,True,0.3466666666666667,0.5,0.340482362830567,1.4591479170272448
463,0.7,6,True,0.36000000000000004,0.5,0.38885477226300413,1.7924812503605778
464,0.7,6,True,0.3288888888888889,0.5,0.38885477226300413,1.7924812503605778
465,0.7,6,True,0.2,0.5,0.38885477226300413,1.7924812503605778
466,0.7,6,True,0.3333333333333333,0.5,0.340482362830567,1.4591479170272448
467,0.8,4,False,,,,
468,0.8,4,False,,,,
469,0.75,5,True,0.4266666666666667,0.8,0.3742690141061863,0.7219280948873623
470,0.75,5,True,0.2533333333333333,0.4,0.4436691855250422,1.9219280948873623
471,0.75,5,True,0.24666666666666667,0.6,0.4229921134636,1.3709505944546687
472,0.75,5,True,0.2866666666666667,0.6,0.33499008803474906,0.9709505944546686
473,0.75,5,True,0.33999999999999997,0.6,0.4229921134636,1.3709505944546687
474,0.7,6,True,0.3111111111111111,0.5,0.340482362830567,1.4591479170272448
475,0.65,7,True,0.32380952380952377,0.42857142857142855,0.27942323606034725,1.4488156357251847
476,0.65,7,True,0.273015873015873,0.2857142857142857,0.33591211570119817,2.2359263506290326
477,0.65,7,True,0.3111111111111111,0.42857142857142855,0.32000568559205445,1.8423709931771088
478,0.65,7,True,0.638095238095238,0.8571428571428571,0.2800122858679104,0.5916727785823275
479,0.65,7,True,0.3428571428571428,0.7142857142857143,0.2200697153331006,0.863120568566631
480,0.65,7,True,0.3492063492063492,0.5714285714285714,0.29167886095217377,1.3787834934861753
481,0.65,7,True,0.41904761904761906,0.8571428571428571,0.2800122858679104,0.5916727785823275
482,0.65,7,True,0.29523809523809524,0.5714285714285714,0.29167886095217377,1.3787834934861753
483,0.75,5,True,0.3733333333333333,0.8,0.3742690141061863,0.7219280948873623
484,0.65,7,True,0.3428571428571428,0.42857142857142855,0.32000568559205445,1.8423709931771088
485,0.65,7,True,0.273015873015873,0.5714285714285714,0.29167886095217377,1.3787834934861753
486,0.6,8,True,0.2523809523809524,0.5,0.3149027910615312,2.0
487,0.6,8,True,0.35714285714285715,0.625,0.31502247023287666,1.5487949406953985
488,0.6,8,True,0.32857142857142857,0.625,0.254765714633586,1.2987949406953985
489,0.55,9,True,0.34814814814814815,0.6666666666666666,0.29207456594376535,1.4466166676282082
490,0.55,9,True,0.4037037037037037,0.7777777777777778,0.2816667590416564,0.9864267287308424
491,0.6,8,True,0.4,0.75,0.3022690778808391,1.061278124459133
492,0.55,9,True,0.4962962962962963,0.7777777777777778,0.15665734595707748,0.7642045065086203
493,0.55,9,True,0.512962962962963,0.7777777777777778,0.2816667590416564,0.9864267287308424
494,0.6,8,True,0.4166666666666667,0.875,0.25021798863140476,0.5435644431995964
495,0.6,8,True,0.5,0.875,0.25021798863140476,0.5435644431995964
496,0.55,9,True,0.5037037037037037,0.8888888888888888,0.23074476267918287,0.5032583347756457
497,0.55,9,True,0.3314814814814815,0.6666666666666666,0.29207456594376535,1.4466166676282082
498,0.5,10,True,0.39851851851851855,0.7,0.2771568471826691,1.3567796494470397
499,0.5,10,True,0.38222222222222224,0.7,0.2771568471826691,1.3567796494470397
500,0.5,10,True,0.32592592592592595,0.5,0.15975898813907974,1.3609640474436813
501,0.5,10,True,0.2622222222222222,0.4,0.19852640934862487,1.7219280948873623
502,0.5,10,True,0.5348148148148149,0.8,0.26951797627815943,0.9219280948873623
503,0.5,10,True,0.33925925925925926,0.4,0.19852640934862487,1.7219280948873623
504,0.5,10,True,0.4562962962962963,0.8,0.26951797627815943,0.9219280948873623
505,0.5,10,True,0.48000000000000004,0.9,0.2211186092838502,0.4689955935892812
506,0.5,10,True,0.52,0.8,0.26951797627815943,0.9219280948873623
507,0.5,10,True,0.44,0.7,0.21080508763824013,1.1567796494470395
508,0.5,10,True,0.5288888888888889,0.8,0.26951797627815943,0.9219280948873623
509,0.5,10,True,0.3674074074074074,0.7,0.2771568471826691,1.3567796494470397
510,0.5,10,True,0.41333333333333333,0.7,0.2771568471826691,1.3567796494470397
511,0.5,10,True,0.6133333333333333,0.9,0.2211186092838502,0.4689955935892812
512,0.5,10,True,0.5288888888888889,0.8,0.26951797627815943,0.9219280948873623
513,0.5,10,True,0.48592592592592593,0.8,0.14132728892674495,0.7219280948873623
514,0.5,10,True,0.39555555555555555,0.8,0.26951797627815943,0.9219280948873623
515,0.5,10,True,0.5066666666666666,0.9,0.2211186092838502,0.4689955935892812
516,0.5,10,True,0.5733333333333334,0.9,0.2211186092838502,0.4689955935892812
517,0.5,10,True,0.3925925925925926,0.8,0.26951797627815943,0.9219280948873623
518,0.5,10,True,0.5096296296296295,0.8,0.26951797627815943,0.9219280948873623
519,0.5,10,True,0.4266666666666667,0.7,0.2771568471826691,1.3567796494470397
520,0.5,10,True,0.45037037037037037,0.8,0.26951797627815943,0.9219280948873623
521,0.55,9,True,0.6,1.0,0.007225546012191719,0.0
522,0.55,9,True,0.4962962962962963,0.7777777777777778,0.15665734595707748,0.7642045065086203
523,0.55,9,True,0.48518518518518516,0.7777777777777778,0.2816667590416564,0.9864267287308424
524,0.55,9,True,0.42962962962962964,0.6666666666666666,0.29207456594376535,1.4466166676282082
525,0.5,10,True,0.38962962962962966,0.6,0.23103764446506314,1.5709505944546687
526,0.5,10,True,0.4148148148148148,0.7,0.2771568471826691,1.3567796494470397
527,0.5,10,True,0.4474074074074074,0.8,0.26951797627815943,0.9219280948873623
528,0.5,10,True,0.4162962962962963,0.6,0.23103764446506314,1.5709505944546687
529,0.5,10,True,0.56,0.9,0.2211186092838502,0.4689955935892812
530,0.5,10,True,0.3125925925925926,0.7,0.2771568471826691,1.3567796494470397
531,0.6,8,True,0.43333333333333335,0.75,0.302269077880839,1.061278124459133
532,0.6,8,True,0.48333333333333334,0.875,0.25021798863140454,0.5435644431995964
533,0.6,8,True,0.5333333333333333,0.875,0.25021798863140454,0.5435644431995964
534,0.6,8,True,0.5333333333333333,0.875,0.25021798863140454,0.5435644431995964
535,0.6,8,True,0.5,0.875,0.25021798863140454,0.5435644431995964
536,0.6,8,True,0.42380952380952386,0.625,0.254765714633586,1.2987949406953985
537,0.5,10,True,0.48444444444444446,0.7,0.21080508763824013,1.1567796494470395
538,0.5,10,True,0.3037037037037037,0.3,0.22151799188058263,2.3709505944546687
539,0.5,10,True,0.5066666666666666,0.9,0.2211186092838502,0.4689955935892812
540,0.95,1,False,,,,
541,0.95,1,False,,,,
542,0.95,1,False,,,,
543,0.95,1,False,,,,
544,0.95,1,False,,,,
545,0.9,2,False,,,,
546,0.9,2,False,,,,
547,0.5,10,True,0.48592592592592593,0.8,0.26951797627815943,0.9219280948873623
548,0.5,10,True,0.3377777777777778,0.6,0.27059858829622396,1.7709505944546688
549,0.5,10,True,0.4074074074074074,0.8,0.26951797627815943,0.9219280948873623
550,0.5,10,True,0.4385185185185185,0.8,0.26951797627815943,0.9219280948873623
551,0.5,10,True,0.6266666666666667,0.9,0.2211186092838502,0.4689955935892812
552,0.5,10,True,0.45185185185185184,0.7,0.21080508763824013,1.1567796494470395
553,0.5,10,True,0.5333333333333333,1.0,0.0,0.0
554,0.5,10,True,0.4192592592592593,0.7,0.21080508763824013,1.1567796494470395
555,0.5,10,True,0.48000000000000004,0.9,0.2211186092838502,0.4689955935892812
556,0.5,10,True,0.49333333333333335,0.9,0.2211186092838502,0.4689955935892812
557,0.5,10,True,0.5318518518518519,0.8,0.26951797627815943,0.9219280948873623
558,0.45,11,True,0.4254545454545455,0.7272727272727273,0.20226907788083914,1.0957952550009336
559,0.5,10,True,0.52,0.9,0.2211186092838502,0.4689955935892812
560,0.5,10,True,0.5125925925925926,0.8,0.26951797627815943,0.9219280948873623
561,0.5,10,True,0.42962962962962964,0.8,0.26951797627815943,0.9219280948873623
562,0.5,10,True,0.43555555555555553,0.8,0.26951797627815943,0.9219280948873623
563,0.95,1,False,,,,
564,0.95,1,False,,,,
565,0.5,10,True,0.52,0.9,0.2211186092838502,0.4689955935892812
566,0.55,9,True,0.5037037037037037,0.8888888888888888,0.23074476267918287,0.5032583347756457
567,0.55,9,True,0.5111111111111111,0.8888888888888888,0.23074476267918287,0.5032583347756457
568,0.55,9,True,0.5037037037037037,0.8888888888888888,0.23074476267918287,0.5032583347756457
569,0.5,10,True,0.43407407407407406,0.7,0.21080508763824013,1.1567796494470395
570,0.5,10,True,0.5066666666666666,0.9,0.2211186092838502,0.4689955935892812
571,0.5,10,True,0.41333333333333333,0.6,0.17613453894041964,1.295461844238322
572,0.5,10,True,0.49333333333333335,0.9,0.2211186092838502,0.4689955935892812
573,0.5,10,True,0.45481481481481484,0.7,0.21080508763824013,1.1567796494470395
574,0.45,11,True,0.3806060606060606,0.6363636363636364,0.21923179899069856,1.4911148500551858
575,0.45,11,True,0.496969696969697,0.9090909090909091,0.2211186092838502,0.4394969869215134
576,0.45,11,True,0.46060606060606063,0.9090909090909091,0.2211186092838502,0.4394969869215134
577,0.45,11,True,0.36848484848484847,0.5454545454545454,0.21856773803935636,1.8676338909712125
578,0.45,11,True,0.3515151515151515,0.5454545454545454,0.1731125962730926,1.6858157091530304
579,0.45,11,True,0.47030303030303033,0.7272727272727273,0.2698043285786723,1.2776134368191154
580,0.45,11,True,0.5127272727272728,0.8181818181818182,0.13625994749630344,0.6840384356390417
581,0.45,11,True,0.3951515151515152,0.7272727272727273,0.2698043285786723,1.2776134368191154
582,0.45,11,True,0.30787878787878786,0.2727272727272727,0.1557986940603584,2.1626441180472606
583,0.45,11,True,0.43636363636363634,0.6363636363636364,0.21923179899069856,1.4911148500551854
584,0.45,11,True,0.38909090909090904,0.7272727272727273,0.2698043285786723,1.2776134368191154
585,0.45,11,True,0.32606060606060605,0.5454545454545454,0.21856773803935614,1.8676338909712125
586,0.45,11,True,0.32727272727272727,0.6363636363636364,0.21923179899069856,1.4911148500551854
587,0.45,11,True,0.30909090909090914,0.5454545454545454,0.21856773803935636,1.8676338909712125
588,0.45,11,True,0.2775757575757576,0.36363636363636365,0.18233999335007445,2.3685225277282065
589,0.45,11,True,0.3393939393939394,0.6363636363636364,0.2599940536914944,1.6729330318733675
590,0.45,11,True,0.3842424242424242,0.6363636363636364,0.2599940536914944,1.6729330318733675
591,0.9,2,False,,,,
592,0.55,9,True,0.3907407407407407,0.7777777777777778,0.2816667590416564,0.9864267287308424
593,0.55,9,True,0.4444444444444444,0.6666666666666666,0.22812402278974908,1.224394445405986
594,0.55,9,True,0.3092592592592593,0.5555555555555556,0.2886710424611464,1.8799649487271108
595,0.45,11,True,0.3757575757575758,0.7272727272727273,0.20226907788083903,1.0957952550009336
596,0.45,11,True,0.3878787878787879,0.7272727272727273,0.2698043285786723,1.2776134368191154
597,0.45,11,True,0.3987878787878788,0.5454545454545454,0.18936821383131197,1.6171895725927152
598,0.45,11,True,0.3903030303030303,0.6363636363636364,0.2599940536914944,1.6729330318733675
599,0.5,10,True,0.3377777777777778,0.6,0.27059858829622396,1.7709505944546688
600,0.5,10,True,0.31555555555555553,0.5,0.20637609206280816,1.6854752972273346
601,0.5,10,True,0.4148148148148148,0.7,0.21080508763824013,1.1567796494470395
602,0.5,10,True,0.6666666666666666,1.0,0.0,0.0
603,0.45,11,True,0.3709090909090909,0.7272727272727273,0.20226907788083914,1.0957952550009336
604,0.55,9,True,0.4555555555555556,0.7777777777777778,0.2816667590416564,0.9864267287308424
605,0.6,8,True,0.5238095238095238,0.75,0.302269077880839,1.061278124459133
606,0.6,8,True,0.5666666666666667,0.875,0.25021798863140454,0.5435644431995964
607,0.6,8,True,0.5333333333333333,0.875,0.25021798863140454,0.5435644431995964
608,0.6,8,True,0.4595238095238095,0.75,0.1826545778534897,0.8112781244591328
609,0.6,8,True,0.4285714285714286,0.75,0.302269077880839,1.061278124459133
610,0.65,7,True,0.5333333333333333,1.0,0.06593194462450902,0.0
611,0.65,7,True,0.6,1.0,0.06593194462450902,0.0
612,0.65,7,True,0.6,1.0,0.06593194462450902,0.0
613,0.65,7,True,0.7333333333333333,1.0,0.06593194462450902,0.0
614,0.45,11,True,0.28848484848484846,0.36363636363636365,0.1957848110365069,2.2998963911678914
615,0.45,11,True,0.38909090909090904,0.7272727272727273,0.2698043285786723,1.2776134368191154
616,0.45,11,True,0.43030303030303035,0.7272727272727273,0.2698043285786723,1.2776134368191154
617,0.45,11,True,0.3696969696969697,0.6363636363636364,0.2599940536914944,1.6729330318733675
618,0.45,11,True,0.36484848484848487,0.6363636363636364,0.2599940536914944,1.6729330318733675
619,0.45,11,True,0.3006060606060606,0.36363636363636365,0.16528093984799175,2.1180782093497093
620,0.45,11,True,0.35757575757575755,0.5454545454545454,0.21856773803935614,1.8676338909712125
621,0.45,11,True,0.40606060606060607,0.6363636363636364,0.21923179899069856,1.4911148500551854
622,0.45,11,True,0.3806060606060606,0.6363636363636364,0.2599940536914944,1.6729330318733675
623,0.45,11,True,0.3951515151515152,0.7272727272727273,0.2698043285786723,1.2776134368191154
624,0.45,11,True,0.4206060606060606,0.6363636363636364,0.21923179899069856,1.4911148500551858
625,0.45,11,True,0.32606060606060605,0.7272727272727273,0.2698043285786723,1.2776134368191154
626,0.45,11,True,0.37212121212121213,0.6363636363636364,0.14355618924091973,1.3092966682370037
627,0.4,12,True,0.4121212121212121,0.6666666666666666,0.15790814011040555,1.188721875540867
628,0.4,12,True,0.7333333333333333,0.9166666666666666,0.23074476267918287,0.41381685030363374
629,0.4,12,True,0.4121212121212121,0.5833333333333334,0.1647657494487228,1.6140054628542202
630,0.4,12,True,0.32626262626262625,0.5,0.16964391395534772,1.9591479170272446
631,0.4,12,True,0.28181818181818186,0.5,0.16964391395534772,1.9591479170272446
632,0.45,11,True,0.2606060606060606,0.36363636363636365,0.18233999335007445,2.3685225277282065
633,0.45,11,True,0.39636363636363636,0.6363636363636364,0.21923179899069856,1.4911148500551854
634,0.45,11,True,0.40484848484848485,0.6363636363636364,0.21923179899069856,1.4911148500551858
635,0.45,11,True,0.36484848484848487,0.6363636363636364,0.2599940536914944,1.6729330318733675
636,0.95,1,False,,,,
637,0.95,1,False,,,,
638,0.95,1,False,,,,
639,0.95,1,False,,,,
640,0.95,1,False,,,,
641,0.95,1,False,,,,
642,0.95,1,False,,,,
643,0.95,1,False,,,,
644,0.95,1,False,,,,
645,0.95,1,False,,,,
646,0.95,1,False,,,,
647,0.95,1,False,,,,
648,0.6,8,True,0.39285714285714285,0.75,0.302269077880839,1.061278124459133
649,0.6,8,True,0.5166666666666667,0.875,0.25021798863140454,0.5435644431995964
650,0.55,9,True,0.4444444444444444,0.8888888888888888,0.23074476267918287,0.5032583347756457
651,0.55,9,True,0.32592592592592595,0.4444444444444444,0.23275129257820693,1.7527152789797045
652,0.55,9,True,0.3425925925925926,0.6666666666666666,0.29207456594376535,1.4466166676282082
653,0.55,9,True,0.3962962962962963,0.4444444444444444,0.19037964768157567,1.3921472236645345
654,0.55,9,True,0.6,1.0,0.007225546012191719,0.0
655,0.55,9,True,0.47407407407407404,0.8888888888888888,0.23074476267918287,0.5032583347756457
656,0.55,9,True,0.7333333333333333,1.0,0.007225546012191719,0.0
657,0.55,9,True,0.42962962962962964,0.8888888888888888,0.23074476267918287,0.5032583347756457
658,0.55,9,True,0.5333333333333333,1.0,0.007225546012191719,0.0
659,0.55,9,True,0.4962962962962963,0.8888888888888888,0.23074476267918287,0.5032583347756457
660,0.55,9,True,0.34444444444444444,0.5555555555555556,0.2511573959832911,1.6577427265048887
661,0.55,9,True,0.362962962962963,0.6666666666666666,0.29207456594376535,1.4466166676282082
662,0.55,9,True,0.42037037037037034,0.7777777777777778,0.2816667590416564,0.9864267287308424
663,0.55,9,True,0.4351851851851852,0.7777777777777778,0.2816667590416564,0.9864267287308424
664,0.5,10,True,0.30666666666666664,0.6,0.27059858829622396,1.7709505944546688
665,0.55,9,True,0.437037037037037,0.7777777777777778,0.2816667590416564,0.9864267287308424
666,0.55,9,True,0.362962962962963,0.5555555555555556,0.19949284709658266,1.3516441151533922
667,0.95,1,False,,,,
668,0.95,1,False,,,,
669,0.95,1,False,,,,
670,0.95,1,False,,,,
671,0.95,1,False,,,,
672,0.95,1,False,,,,
673,0.95,1,False,,,,
674,0.95,1,False,,,,
675,0.95,1,False,,,,
676,0.95,1,False,,,,
677,0.95,1,False,,,,
678,0.95,1,False,,,,
679,0.95,1,False,,,,
680,0.95,1,False,,,,
681,0.95,1,False,,,,
682,0.95,1,False,,,,
683,0.95,1,False,,,,
684,0.95,1,False,,,,
685,0.95,1,False,,,,
686,0.95,1,False,,,,
687,0.95,1,False,,,,
688,0.95,1,False,,,,
689,0.95,1,False,,,,
690,0.95,1,False,,,,
691,0.95,1,False,,,,
692,0.95,1,False,,,,
693,0.95,1,False,,,,
694,0.95,1,False,,,,
695,0.95,1,False,,,,
696,0.95,1,False,,,,
697,0.95,1,False,,,,
698,0.95,1,False,,,,
699,0.95,1,False,,,,
700,0.95,1,False,,,,
701,0.95,1,False,,,,
702,0.95,1,False,,,,
703,0.95,1,False,,,,
704,0.95,1,False,,,,
705,0.95,1,False,,,,
706,0.95,1,False,,,,
707,0.95,1,False,,,,
708,0.95,1,False,,,,
709,0.95,1,False,,,,
710,0.95,1,False,,,,
711,0.95,1,False,,,,
712,0.95,1,False,,,,
713,0.95,1,False,,,,
714,0.95,1,False,,,,
715,0.95,1,False,,,,
716,0.95,1,False,,,,
717,0.55,9,True,0.5111111111111111,0.8888888888888888,0.23074476267918287,0.5032583347756457
718,0.55,9,True,0.4185185185185185,0.7777777777777778,0.2816667590416564,0.9864267287308424
719,0.55,9,True,0.7333333333333333,1.0,0.007225546012191719,0.0
720,0.6,8,True,0.55,0.875,0.25021798863140454,0.5435644431995964
721,0.6,8,True,0.35238095238095235,0.625,0.31502247023287666,1.5487949406953985
722,0.6,8,True,0.2523809523809524,0.5,0.2803607492695732,1.75
723,0.6,8,True,0.48333333333333334,0.875,0.25021798863140476,0.5435644431995964
724,0.6,8,True,0.3785714285714286,0.75,0.302269077880839,1.061278124459133
725,0.6,8,True,0.3261904761904762,0.625,0.31502247023287666,1.5487949406953985
726,0.6,8,True,0.3714285714285714,0.5,0.2803607492695732,1.75
727,0.6,8,True,0.41190476190476194,0.75,0.302269077880839,1.061278124459133
728,0.6,8,True,0.3404761904761905,0.625,0.254765714633586,1.2987949406953985
729,0.65,7,True,0.5047619047619047,0.8571428571428571,0.2800122858679105,0.5916727785823275
730,0.65,7,True,0.5142857142857143,0.8571428571428571,0.2800122858679104,0.5916727785823275
731,0.6,8,True,0.3785714285714286,0.75,0.302269077880839,1.061278124459133
732,0.55,9,True,0.42037037037037034,0.7777777777777778,0.15665734595707748,0.7642045065086203
733,0.55,9,True,0.3055555555555555,0.5555555555555556,0.2511573959832911,1.6577427265048887
734,0.55,9,True,0.5333333333333333,0.8888888888888888,0.23074476267918287,0.5032583347756457
735,0.95,1,False,,,,
736,0.95,1,False,,,,
737,0.5,10,True,0.31703703703703706,0.4,0.17171437109950471,1.8464393446710154
738,0.7,6,True,0.24000000000000002,0.5,0.38885477226300413,1.7924812503605778
739,0.7,6,True,0.3733333333333333,0.6666666666666666,0.3716101752764803,1.2516291673878228
740,0.5,10,True,0.23851851851851852,0.4,0.21731179010485935,2.0464393446710156
741,0.5,10,True,0.6799999999999999,0.9,0.2211186092838502,0.4689955935892812
742,0.5,10,True,0.5866666666666667,0.9,0.2211186092838502,0.4689955935892812
743,0.5,10,True,0.5066666666666666,0.9,0.2211186092838502,0.4689955935892812
744,0.5,10,True,0.41777777777777775,0.8,0.26951797627815943,0.9219280948873623
745,0.5,10,True,0.48444444444444446,0.8,0.26951797627815943,0.9219280948873623
746,0.5,10,True,0.4533333333333333,0.9,0.2211186092838502,0.4689955935892812
747,0.95,1,False,,,,
748,0.95,1,False,,,,
749,0.95,1,False,,,,
750,0.95,1,False,,,,
751,0.95,1,False,,,,
752,0.95,1,False,,,,
753,0.95,1,False,,,,
754,0.95,1,False,,,,
755,0.95,1,False,,,,
756,0.95,1,False,,,,
757,0.95,1,False,,,,
758,0.95,1,False,,,,
759,0.95,1,False,,,,
760,0.95,1,False,,,,
761,0.95,1,False,,,,
762,0.85,3,False,,,,
763,0.85,3,False,,,,
764,0.85,3,False,,,,
765,0.85,3,False,,,,
766,0.85,3,False,,,,
767,0.85,3,False,,,,
768,0.85,3,False,,,,
769,0.85,3,False,,,,
770,0.85,3,False,,,,
771,0.85,3,False,,,,
772,0.85,3,False,,,,
773,0.85,3,False,,,,
774,0.9,2,False,,,,
775,0.9,2,False,,,,
776,0.9,2,False,,,,
777,0.9,2,False,,,,
778,0.9,2,False,,,,
779,0.95,1,False,,,,
780,0.95,1,False,,,,
781,0.95,1,False,,,,
782,0.95,1,False,,,,
783,0.95,1,False,,,,
784,0.95,1,False,,,,
785,0.55,9,True,0.5777777777777778,0.8888888888888888,0.23074476267918287,0.5032583347756457
786,0.55,9,True,0.48888888888888893,0.8888888888888888,0.23074476267918287,0.5032583347756457
787,0.5,10,True,0.3718518518518518,0.8,0.26951797627815943,0.9219280948873623
788,0.5,10,True,0.4148148148148148,0.8,0.14132728892674484,0.7219280948873623
789,0.5,10,True,0.47259259259259256,0.8,0.26951797627815943,0.9219280948873623
790,0.5,10,True,0.49333333333333335,0.8,0.26951797627815943,0.9219280948873623
791,0.45,11,True,0.4715151515151515,0.8181818181818182,0.26550220320535933,0.8658566174572235
792,0.4,12,True,0.4242424242424242,0.6666666666666666,0.21533827903669656,1.4182958340544896
793,0.4,12,True,0.4202020202020202,0.75,0.2698043285786723,1.207518749639422
794,0.4,12,True,0.3747474747474747,0.6666666666666666,0.21533827903669656,1.4182958340544896
795,0.4,12,True,0.37676767676767675,0.6666666666666666,0.25649672118988953,1.584962500721156
796,0.55,9,True,0.5555555555555555,0.8888888888888888,0.23074476267918287,0.5032583347756457
797,0.55,9,True,0.47407407407407404,0.8888888888888888,0.23074476267918287,0.5032583347756457
798,0.5,10,True,0.4162962962962963,0.8,0.14132728892674484,0.7219280948873623
799,0.5,10,True,0.362962962962963,0.8,0.26951797627815943,0.9219280948873623
800,0.5,10,True,0.4607407407407408,0.8,0.26951797627815943,0.9219280948873623
801,0.5,10,True,0.48444444444444446,0.8,0.26951797627815943,0.9219280948873623
802,0.5,10,True,0.482962962962963,0.8,0.26951797627815943,0.9219280948873623
803,0.5,10,True,0.52,0.9,0.2211186092838502,0.4689955935892812
804,0.5,10,True,0.4311111111111111,0.7,0.2771568471826691,1.3567796494470397
805,0.5,10,True,0.4192592592592593,0.8,0.26951797627815943,0.9219280948873623
806,0.5,10,True,0.48444444444444446,0.8,0.26951797627815943,0.9219280948873623
807,0.5,10,True,0.47259259259259256,0.8,0.26951797627815943,0.9219280948873623
808,0.5,10,True,0.49333333333333335,0.9,0.2211186092838502,0.4689955935892812
809,0.5,10,True,0.4118518518518518,0.8,0.14132728892674484,0.7219280948873623
810,0.5,10,True,0.477037037037037,0.8,0.26951797627815943,0.9219280948873623
811,0.5,10,True,0.47259259259259256,0.8,0.26951797627815943,0.9219280948873623
812,0.9,2,False,,,,
813,0.9,2,False,,,,
814,0.95,1,False,,,,
815,0.95,1,False,,,,
816,0.95,1,False,,,,
817,0.95,1,False,,,,
818,0.95,1,False,,,,
819,0.95,1,False,,,,
820,0.95,1,False,,,,
821,0.9,2,False,,,,
822,0.9,2,False,,,,
823,0.9,2,False,,,,
824,0.9,2,False,,,,
825,0.9,2,False,,,,
826,0.9,2,False,,,,
827,0.9,2,False,,,,
828,0.9,2,False,,,,
829,0.9,2,False,,,,
830,0.9,2,False,,,,
831,0.9,2,False,,,,
832,0.9,2,False,,,,
833,0.9,2,False,,,,
834,0.9,2,False,,,,
835,0.9,2,False,,,,
836,0.9,2,False,,,,
837,0.9,2,False,,,,
838,0.55,9,True,0.562962962962963,0.8888888888888888,0.23074476267918287,0.5032583347756457
839,0.55,9,True,0.6,1.0,0.007225546012191719,0.0
840,0.55,9,True,0.6148148148148148,0.8888888888888888,0.23074476267918287,0.5032583347756457
841,0.55,9,True,0.4592592592592593,0.8888888888888888,0.23074476267918287,0.5032583347756457
842,0.55,9,True,0.5407407407407407,0.8888888888888888,0.23074476267918287,0.5032583347756457
843,0.55,9,True,0.4814814814814815,0.8888888888888888,0.23074476267918287,0.5032583347756457
844,0.55,9,True,0.5259259259259259,0.8888888888888888,0.23074476267918287,0.5032583347756457
845,0.55,9,True,0.6,1.0,0.007225546012191719,0.0
846,0.45,11,True,0.4509090909090909,0.8181818181818182,0.26550220320535933,0.8658566174572235
847,0.4,12,True,0.3808080808080808,0.5833333333333334,0.2110702296074859,1.780672129520887
848,0.4,12,True,0.3808080808080808,0.6666666666666666,0.2564967211898894,1.584962500721156
849,0.4,12,True,0.3202020202020202,0.5,0.19980216002594897,2.125814583693911
850,0.4,12,True,0.45454545454545453,0.75,0.20226907788083903,1.0408520829727552
851,0.6,8,True,0.48333333333333334,0.875,0.25021798863140476,0.5435644431995964
852,0.6,8,True,0.6,1.0,0.02904940554533142,0.0
853,0.6,8,True,0.45,0.875,0.25021798863140476,0.5435644431995964
854,0.6,8,True,0.6666666666666666,1.0,0.02904940554533142,0.0
855,0.6,8,True,0.5666666666666667,0.875,0.25021798863140476,0.5435644431995964
856,0.6,8,True,0.5333333333333333,1.0,0.02904940554533142,0.0
857,0.6,8,True,0.4166666666666667,0.75,0.302269077880839,1.061278124459133
858,0.6,8,True,0.5333333333333333,0.875,0.25021798863140476,0.5435644431995964
859,0.95,1,False,,,,
860,0.95,1,False,,,,
861,0.95,1,False,,,,
862,0.8,4,False,,,,
863,0.8,4,False,,,,
864,0.8,4,False,,,,
865,0.8,4,False,,,,
866,0.9,2,False,,,,
867,0.9,2,False,,,,
868,0.9,2,False,,,,
869,0.8,4,False,,,,
870,0.8,4,False,,,,
871,0.8,4,False,,,,
872,0.95,1,False,,,,
873,0.95,1,False,,,,
874,0.6,8,True,0.6666666666666666,1.0,0.02904940554533142,0.0
875,0.6,8,True,0.6666666666666666,1.0,0.02904940554533142,0.0
876,0.6,8,True,0.5142857142857143,0.75,0.1826545778534897,0.8112781244591328
877,0.6,8,True,0.5666666666666667,0.875,0.25021798863140476,0.5435644431995964
878,0.6,8,True,0.4666666666666667,0.875,0.25021798863140476,0.5435644431995964
879,0.6,8,True,0.45,0.875,0.25021798863140476,0.5435644431995964
880,0.6,8,True,0.6,1.0,0.02904940554533142,0.0
881,0.6,8,True,0.6,1.0,0.02904940554533142,0.0
882,0.6,8,True,0.46190476190476193,0.75,0.302269077880839,1.061278124459133
883,0.6,8,True,0.430952380952381,0.75,0.302269077880839,1.061278124459133
884,0.6,8,True,0.48333333333333334,0.875,0.25021798863140476,0.5435644431995964
885,0.6,8,True,0.3952380952380953,0.5,0.13502647928207268,1.0
886,0.95,1,False,,,,
887,0.6,8,True,0.5666666666666667,0.875,0.25021798863140476,0.5435644431995964
888,0.6,8,True,0.5666666666666667,0.875,0.25021798863140476,0.5435644431995964
889,0.6,8,True,0.5666666666666667,0.875,0.25021798863140476,0.5435644431995964
890,0.6,8,True,0.48333333333333334,0.875,0.25021798863140476,0.5435644431995964
891,0.6,8,True,0.6,1.0,0.02904940554533142,0.0
892,0.6,8,True,0.7333333333333333,1.0,0.02904940554533142,0.0
893,0.6,8,True,0.5333333333333333,1.0,0.02904940554533142,0.0
894,0.45,11,True,0.3951515151515152,0.8181818181818182,0.26550220320535933,0.8658566174572235
895,0.45,11,True,0.47030303030303033,0.8181818181818182,0.26550220320535933,0.8658566174572235
896,0.45,11,True,0.3563636363636364,0.7272727272727273,0.2698043285786723,1.2776134368191154
897,0.45,11,True,0.37454545454545457,0.7272727272727273,0.20226907788083903,1.0957952550009336
898,0.45,11,True,0.3442424242424243,0.7272727272727273,0.2698043285786723,1.2776134368191154
899,0.45,11,True,0.4412121212121212,0.7272727272727273,0.20226907788083903,1.0957952550009336
900,0.45,11,True,0.44848484848484843,0.9090909090909091,0.2211186092838502,0.4394969869215134
901,0.55,9,True,0.44814814814814813,0.5555555555555556,0.09224434000149873,0.9910760598382222
902,0.55,9,True,0.6,1.0,0.007225546012191719,0.0
903,0.55,9,True,0.48888888888888893,0.8888888888888888,0.23074476267918287,0.5032583347756457
904,0.55,9,True,0.562962962962963,0.8888888888888888,0.23074476267918287,0.5032583347756457
905,0.55,9,True,0.5555555555555555,0.8888888888888888,0.23074476267918287,0.5032583347756457
906,0.55,9,True,0.28703703703703703,0.4444444444444444,0.23275129257820693,1.7527152789797045
907,0.55,9,True,0.4685185185185185,0.7777777777777778,0.2816667590416564,0.9864267287308424
908,0.55,9,True,0.4185185185185185,0.7777777777777778,0.2816667590416564,0.9864267287308424
909,0.5,10,True,0.397037037037037,0.7,0.2771568471826691,1.3567796494470397
910,0.5,10,True,0.38074074074074077,0.7,0.21080508763824013,1.1567796494470395
911,0.5,10,True,0.3274074074074074,0.5,0.1901204745045889,1.7609640474436812
912,0.5,10,True,0.34814814814814815,0.4,0.20271027263694896,2.1219280948873624
913,0.5,10,True,0.52,0.9,0.2211186092838502,0.4689955935892812
914,0.5,10,True,0.41777777777777775,0.7,0.2771568471826691,1.3567796494470397
915,0.5,10,True,0.3792592592592593,0.6,0.27059858829622396,1.7709505944546688
916,0.5,10,True,0.3288888888888889,0.7,0.2771568471826691,1.3567796494470397
917,0.6,8,True,0.4785714285714286,0.75,0.302269077880839,1.061278124459133
918,0.65,7,True,0.2507936507936508,0.42857142857142855,0.35051363316910866,2.1280852788913944
919,0.65,7,True,0.4380952380952381,0.8571428571428571,0.2800122858679104,0.5916727785823275
920,0.65,7,True,0.5428571428571428,0.8571428571428571,0.2800122858679104,0.5916727785823275
921,0.65,7,True,0.6,1.0,0.06593194462450902,0.0
922,0.6,8,True,0.4880952380952381,0.75,0.302269077880839,1.061278124459133
923,0.6,8,True,0.55,0.875,0.25021798863140476,0.5435644431995964
924,0.6,8,True,0.45476190476190476,0.75,0.302269077880839,1.061278124459133
925,0.55,9,True,0.28518518518518515,0.5555555555555556,0.2511573959832911,1.6577427265048887
926,0.45,11,True,0.37939393939393945,0.6363636363636364,0.2599940536914944,1.6729330318733675
927,0.5,10,True,0.3377777777777778,0.6,0.27059858829622396,1.7709505944546688
928,0.5,10,True,0.38962962962962966,0.6,0.27059858829622396,1.7709505944546688
929,0.5,10,True,0.4755555555555555,0.8,0.26951797627815943,0.9219280948873623
930,0.5,10,True,0.6666666666666666,1.0,0.0,0.0
931,0.5,10,True,0.2874074074074074,0.4,0.21731179010485935,2.0464393446710156
932,0.5,10,True,0.27259259259259255,0.5,0.2338449694456599,1.9609640474436814
933,0.55,9,True,0.4,0.4444444444444444,0.15925183523566233,1.5304930567574824
934,0.55,9,True,0.31666666666666665,0.6666666666666666,0.29207456594376535,1.4466166676282082
935,0.55,9,True,0.28703703703703703,0.5555555555555556,0.2511573959832911,1.6577427265048887
936,0.55,9,True,0.32962962962962966,0.5555555555555556,0.09224434000149873,0.9910760598382222
937,0.55,9,True,0.47407407407407404,0.7777777777777778,0.2816667590416564,0.9864267287308424
938,0.5,10,True,0.3792592592592593,0.6,0.27059858829622396,1.7709505944546688
939,0.45,11,True,0.42787878787878786,0.5454545454545454,0.18936821383131197,1.6171895725927152
940,0.45,11,True,0.2957575757575758,0.2727272727272727,0.1557986940603584,2.1626441180472606
941,0.4,12,True,0.3404040404040404,0.4166666666666667,0.14749181257269428,2.054585169337799
942,0.45,11,True,0.33818181818181814,0.6363636363636364,0.2599940536914944,1.6729330318733675
943,0.45,11,True,0.24484848484848484,0.2727272727272727,0.17360891001213719,2.413088436425758
944,0.4,12,True,0.2949494949494949,0.5833333333333334,0.2110702296074859,1.780672129520887
945,0.4,12,True,0.36363636363636365,0.5833333333333334,0.23794677496666627,1.9473387961875537
946,0.4,12,True,0.23535353535353534,0.3333333333333333,0.1507366236287142,2.355388542207534
947,0.4,12,True,0.2585858585858586,0.4166666666666667,0.1659600812249996,2.2841591278514217
948,0.4,12,True,0.35050505050505054,0.5833333333333334,0.23794677496666627,1.9473387961875537
949,0.45,11,True,0.4957575757575758,0.8181818181818182,0.26550220320535933,0.8658566174572235
950,0.4,12,True,0.3808080808080808,0.5833333333333334,0.2110702296074859,1.780672129520887
951,0.5,10,True,0.3792592592592593,0.6,0.27059858829622396,1.7709505944546688
952,0.5,10,True,0.4251851851851852,0.7,0.2771568471826691,1.3567796494470397
953,0.5,10,True,0.4696296296296296,0.8,0.26951797627815943,0.9219280948873623
954,0.5,10,True,0.33185185185185184,0.6,0.27059858829622396,1.7709505944546688
955,0.5,10,True,0.2474074074074074,0.4,0.21731179010485935,2.0464393446710156
956,0.5,10,True,0.3718518518518518,0.4,0.19852640934862487,1.7219280948873623
957,0.45,11,True,0.336969696969697,0.5454545454545454,0.21856773803935636,1.8676338909712125
958,0.45,11,True,0.303030303030303,0.5454545454545454,0.24485034743374168,2.049452072789394
959,0.9,2,False,,,,
960,0.9,2,False,,,,
961,0.9,2,False,,,,
962,0.9,2,False,,,,
963,0.5,10,True,0.4014814814814815,0.7,0.2771568471826691,1.3567796494470397
964,0.5,10,True,0.38222222222222224,0.6,0.27059858829622396,1.7709505944546688
965,0.5,10,True,0.2533333333333333,0.4,0.2302490752185199,2.3219280948873626
966,0.5,10,True,0.3511111111111111,0.6,0.27059858829622396,1.7709505944546688
967,0.5,10,True,0.21481481481481482,0.4,0.23024907521851967,2.321928094887362
968,0.5,10,True,0.24296296296296296,0.3,0.19322802684931584,2.1709505944546685
969,0.5,10,True,0.30518518518518517,0.6,0.27059858829622396,1.7709505944546688
970,0.8,4,False,,,,
971,0.5,10,True,0.2977777777777778,0.4,0.23024907521851967,2.321928094887362
972,0.95,1,False,,,,
973,0.95,1,False,,,,
974,0.95,1,False,,,,
975,0.95,1,False,,,,
976,0.95,1,False,,,,
977,0.95,1,False,,,,
978,0.95,1,False,,,,
979,0.95,1,False,,,,
980,0.95,1,False,,,,
981,0.95,1,False,,,,
982,0.95,1,False,,,,
983,0.95,1,False,,,,
984,0.5,10,True,0.36592592592592593,0.5,0.2338449694456599,1.9609640474436814
985,0.5,10,True,0.4162962962962963,0.5,0.20637609206280816,1.6854752972273346
986,0.8,4,False,,,,
987,0.75,5,True,0.26666666666666666,0.4,0.4436691855250421,1.9219280948873623
988,0.75,5,True,0.2866666666666667,0.4,0.4041199259095133,1.5219280948873621
989,0.75,5,True,0.3466666666666667,0.6,0.4229921134636,1.3709505944546687
990,0.75,5,True,0.26666666666666666,0.4,0.4436691855250421,1.9219280948873623
991,0.75,5,True,0.18000000000000002,0.4,0.4436691855250422,1.9219280948873623
992,0.75,5,True,0.2533333333333333,0.6,0.4229921134636,1.3709505944546687
993,0.75,5,True,0.21333333333333335,0.2,0.46159367967902887,2.321928094887362
994,0.95,1,False,,,,
995,0.95,1,False,,,,
996,0.95,1,False,,,,
997,0.95,1,False,,,,
998,0.95,1,False,,,,
999,0.95,1,False,,,,
1000,0.95,1,False,,,,
1001,0.95,1,False,,,,
1002,0.95,1,False,,,,
1003,0.75,5,True,0.19333333333333333,0.2,0.46159367967902887,2.321928094887362
1004,0.75,5,True,0.2533333333333333,0.4,0.4436691855250421,1.9219280948873623
1005,0.8,4,False,,,,
1006,0.8,4,False,,,,
1007,0.8,4,False,,,,
1008,0.8,4,False,,,,
1009,0.8,4,False,,,,
1010,0.5,10,True,0.2755555555555556,0.4,0.20271027263694896,2.1219280948873624
1011,0.5,10,True,0.30518518518518517,0.5,0.2338449694456599,1.9609640474436814
1012,0.5,10,True,0.38666666666666666,0.6,0.27059858829622396,1.7709505944546688
1013,0.5,10,True,0.3940740740740741,0.7,0.2771568471826691,1.3567796494470397
1014,0.85,3,False,,,,
1015,0.85,3,False,,,,
1016,0.85,3,False,,,,
1017,0.85,3,False,,,,
1018,0.85,3,False,,,,
1019,0.85,3,False,,,,
1020,0.85,3,False,,,,
1021,0.85,3,False,,,,
1022,0.85,3,False,,,,
1023,0.85,3,False,,,,
1024,0.85,3,False,,,,
1025,0.85,3,False,,,,
1026,0.85,3,False,,,,
1027,0.85,3,False,,,,
1028,0.85,3,False,,,,
1029,0.85,3,False,,,,
1030,0.85,3,False,,,,
1031,0.85,3,False,,,,
1032,0.85,3,False,,,,
1033,0.85,3,False,,,,
1034,0.85,3,False,,,,
1035,0.85,3,False,,,,
1036,0.85,3,False,,,,
1037,0.85,3,False,,,,
1038,0.85,3,False,,,,
1039,0.5,10,True,0.31555555555555553,0.4,0.21731179010485935,2.0464393446710156
1040,0.5,10,True,0.3466666666666667,0.5,0.20637609206280816,1.6854752972273346
1041,0.5,10,True,0.3125925925925926,0.5,0.2338449694456599,1.9609640474436814
1042,0.5,10,True,0.2518518518518518,0.2,0.21301198418543965,2.721928094887362
1043,0.5,10,True,0.34074074074074073,0.6,0.27059858829622396,1.7709505944546688
1044,0.5,10,True,0.24444444444444444,0.4,0.21731179010485935,2.0464393446710156
1045,0.85,3,False,,,,
1046,0.85,3,False,,,,
1047,0.9,2,False,,,,
1048,0.9,2,False,,,,
1049,0.9,2,False,,,,
1050,0.85,3,False,,,,
1051,0.85,3,False,,,,
1052,0.85,3,False,,,,
1053,0.85,3,False,,,,
1054,0.5,10,True,0.34074074074074073,0.5,0.2338449694456599,1.9609640474436814
1055,0.95,1,False,,,,
1056,0.95,1,False,,,,
1057,0.95,1,False,,,,
1058,0.5,10,True,0.3496296296296296,0.5,0.2338449694456599,1.9609640474436814
1059,0.5,10,True,0.3688888888888889,0.6,0.23103764446506314,1.5709505944546687
1060,0.5,10,True,0.3288888888888889,0.6,0.23103764446506325,1.5709505944546687
1061,0.5,10,True,0.25037037037037035,0.4,0.24634531751877298,2.5219280948873624
1062,0.5,10,True,0.3333333333333333,0.3,0.20807317419414995,2.4464393446710155
1063,0.5,10,True,0.24000000000000002,0.4,0.23024907521851967,2.321928094887362
1064,0.8,4,False,,,,
1065,0.8,4,False,,,,
1066,0.75,5,True,0.2533333333333333,0.4,0.4436691855250422,1.9219280948873623
1067,0.65,7,True,0.2507936507936508,0.2857142857142857,0.3359121157011983,2.2359263506290326
1068,0.65,7,True,0.20952380952380953,0.2857142857142857,0.33591211570119817,2.235926350629032
1069,0.65,7,True,0.2698412698412698,0.42857142857142855,0.35051363316910866,2.1280852788913944
1070,0.65,7,True,0.26666666666666666,0.2857142857142857,0.33591211570119817,2.2359263506290326
1071,0.65,7,True,0.2571428571428572,0.42857142857142855,0.35051363316910866,2.1280852788913944
1072,0.65,7,True,0.2380952380952381,0.2857142857142857,0.35289896413803834,2.5216406363433186
1073,0.65,7,True,0.3555555555555555,0.5714285714285714,0.3468177238411746,1.6644977792004614
1074,0.65,7,True,0.23174603174603176,0.14285714285714285,0.3611192406347826,2.807354922057604
1075,0.65,7,True,0.16825396825396824,0.14285714285714285,0.3611192406347826,2.807354922057604
1076,0.65,7,True,0.30476190476190473,0.2857142857142857,0.33591211570119817,2.2359263506290326
1077,0.65,7,True,0.21904761904761905,0.2857142857142857,0.35289896413803834,2.5216406363433186
1078,0.65,7,True,0.22222222222222224,0.2857142857142857,0.33591211570119817,2.2359263506290326
1079,0.65,7,True,0.2,0.2857142857142857,0.35289896413803834,2.521640636343318
1080,0.65,7,True,0.30158730158730157,0.42857142857142855,0.35051363316910866,2.1280852788913944
1081,0.65,7,True,0.1746031746031746,0.2857142857142857,0.35289896413803834,2.5216406363433186
1082,0.75,5,True,0.22666666666666666,0.4,0.4436691855250421,1.9219280948873623
1083,0.75,5,True,0.22,0.2,0.46159367967902887,2.321928094887362
1084,0.75,5,True,0.22,0.2,0.46159367967902887,2.321928094887362
1085,0.8,4,False,,,,
1086,0.8,4,False,,,,
1087,0.8,4,False,,,,
1088,0.95,1,False,,,,
1089,0.95,1,False,,,,
1090,0.8,4,False,,,,
1091,0.8,4,False,,,,
1092,0.8,4,False,,,,
1093,0.8,4,False,,,,
1094,0.8,4,False,,,,
1095,0.7,6,True,0.23555555555555555,0.3333333333333333,0.3725991547047849,1.9182958340544893
1096,0.7,6,True,0.23111111111111113,0.3333333333333333,0.3977554223658072,2.2516291673878226
1097,0.75,5,True,0.3266666666666667,0.4,0.4436691855250421,1.9219280948873623
1098,0.75,5,True,0.3733333333333333,0.6,0.4229921134636,1.3709505944546687
1099,0.75,5,True,0.26666666666666666,0.4,0.4436691855250421,1.9219280948873623
1100,0.75,5,True,0.17333333333333334,0.4,0.4436691855250421,1.9219280948873623
1101,0.8,4,False,,,,
1102,0.8,4,False,,,,
1103,0.8,4,False,,,,
1104,0.8,4,False,,,,
1105,0.8,4,False,,,,
1106,0.8,4,False,,,,
1107,0.9,2,False,,,,
1108,0.9,2,False,,,,
1109,0.9,2,False,,,,
1110,0.9,2,False,,,,
1111,0.9,2,False,,,,
1112,0.9,2,False,,,,
1113,0.6,8,True,0.20238095238095238,0.25,0.2979332328204183,2.5
1114,0.6,8,True,0.4666666666666667,0.875,0.25021798863140454,0.5435644431995964
1115,0.6,8,True,0.33809523809523806,0.375,0.20226907788083914,1.561278124459133
1116,0.8,4,False,,,,
1117,0.8,4,False,,,,
1118,0.8,4,False,,,,
1119,0.8,4,False,,,,
1120,0.8,4,False,,,,
1121,0.6,8,True,0.41190476190476194,0.75,0.302269077880839,1.061278124459133
1122,0.6,8,True,0.2785714285714286,0.5,0.2803607492695732,1.75
1123,0.6,8,True,0.2857142857142857,0.375,0.29081902780598745,2.1556390622295662
1124,0.6,8,True,0.5,0.875,0.25021798863140454,0.5435644431995964
1125,0.55,9,True,0.2611111111111111,0.2222222222222222,0.24511122979648525,2.5032583347756456
1126,0.6,8,True,0.44761904761904764,0.75,0.3022690778808391,1.061278124459133
1127,0.6,8,True,0.30238095238095236,0.5,0.23339689032675248,1.4056390622295665
1128,0.6,8,True,0.3214285714285714,0.5,0.2803607492695732,1.75
1129,0.6,8,True,0.3404761904761905,0.5,0.2803607492695731,1.75
1130,0.6,8,True,0.44523809523809527,0.75,0.3022690778808391,1.061278124459133
1131,0.6,8,True,0.24285714285714285,0.25,0.2979332328204184,2.5
1132,0.65,7,True,0.32380952380952377,0.5714285714285714,0.3468177238411746,1.6644977792004614
1133,0.65,7,True,0.28253968253968254,0.42857142857142855,0.35051363316910866,2.1280852788913944
1134,0.65,7,True,0.24761904761904763,0.2857142857142857,0.33591211570119817,2.2359263506290326
1135,0.65,7,True,0.36507936507936506,0.5714285714285714,0.29167886095217377,1.3787834934861753
1136,0.65,7,True,0.33015873015873015,0.5714285714285714,0.3468177238411746,1.6644977792004614
1137,0.65,7,True,0.4666666666666667,0.8571428571428571,0.2800122858679105,0.5916727785823275
1138,0.7,6,True,0.2622222222222222,0.5,0.38885477226300413,1.7924812503605778
1139,0.65,7,True,0.4666666666666667,0.8571428571428571,0.2800122858679105,0.5916727785823275
1140,0.6,8,True,0.4142857142857143,0.625,0.31502247023287666,1.5487949406953985
1141,0.6,8,True,0.4261904761904762,0.625,0.31502247023287666,1.5487949406953985
1142,0.6,8,True,0.4285714285714286,0.75,0.3022690778808391,1.061278124459133
1143,0.6,8,True,0.5095238095238095,0.75,0.302269077880839,1.061278124459133
1144,0.6,8,True,0.3404761904761905,0.375,0.29081902780598745,2.1556390622295662
1145,0.6,8,True,0.29047619047619044,0.375,0.29081902780598756,2.1556390622295662
1146,0.6,8,True,0.25952380952380955,0.375,0.29081902780598756,2.1556390622295662
1147,0.6,8,True,0.4,0.625,0.254765714633586,1.2987949406953985
1148,0.6,8,True,0.45,0.875,0.25021798863140476,0.5435644431995964
1149,0.6,8,True,0.41190476190476194,0.625,0.254765714633586,1.2987949406953985
1150,0.6,8,True,0.3333333333333333,0.625,0.254765714633586,1.2987949406953985
1151,0.6,8,True,0.33809523809523806,0.375,0.29081902780598745,2.1556390622295662
1152,0.5,10,True,0.3451851851851852,0.5,0.25891735050123776,2.1609640474436813
1153,0.5,10,True,0.2948148148148148,0.5,0.25891735050123776,2.1609640474436813
1154,0.5,10,True,0.21333333333333335,0.2,0.21301198418543954,2.721928094887362
1155,0.5,10,True,0.21185185185185187,0.2,0.22365227999907078,2.9219280948873623
1156,0.45,11,True,0.24363636363636362,0.2727272727272727,0.18076084362328382,2.663532754804255
1157,0.5,10,True,0.32296296296296295,0.5,0.2338449694456599,1.9609640474436814
1158,0.75,5,True,0.3733333333333333,0.6,0.4229921134636,1.3709505944546687
1159,0.75,5,True,0.14,0.2,0.46159367967902887,2.321928094887362
1160,0.7,6,True,0.3511111111111111,0.5,0.38885477226300413,1.7924812503605778
1161,0.7,6,True,0.18222222222222223,0.16666666666666666,0.4098431814126551,2.584962500721156
1162,0.7,6,True,0.3111111111111111,0.5,0.340482362830567,1.4591479170272448
1163,0.7,6,True,0.29333333333333333,0.5,0.38885477226300413,1.7924812503605778
1164,0.7,6,True,0.23555555555555555,0.3333333333333333,0.3977554223658072,2.2516291673878226
1165,0.75,5,True,0.26666666666666666,0.4,0.4436691855250421,1.9219280948873623
1166,0.75,5,True,0.24666666666666667,0.4,0.4041199259095133,1.5219280948873621
1167,0.75,5,True,0.21333333333333335,0.4,0.4436691855250421,1.9219280948873623
1168,0.75,5,True,0.19333333333333333,0.4,0.4436691855250421,1.9219280948873623
1169,0.75,5,True,0.23333333333333334,0.4,0.4436691855250422,1.9219280948873623
1170,0.75,5,True,0.24000000000000002,0.4,0.4436691855250421,1.9219280948873623
1171,0.75,5,True,0.17333333333333334,0.2,0.46159367967902887,2.321928094887362
1172,0.75,5,True,0.16,0.2,0.46159367967902887,2.321928094887362
1173,0.75,5,True,0.3466666666666667,0.4,0.4436691855250422,1.9219280948873623
1174,0.7,6,True,0.3111111111111111,0.5,0.38885477226300413,1.7924812503605778
1175,0.7,6,True,0.31555555555555553,0.5,0.340482362830567,1.4591479170272448
1176,0.7,6,True,0.21777777777777776,0.3333333333333333,0.3725991547047849,1.9182958340544893
1177,0.7,6,True,0.28,0.3333333333333333,0.3977554223658072,2.2516291673878226
1178,0.75,5,True,0.24666666666666667,0.2,0.46159367967902887,2.321928094887362
1179,0.75,5,True,0.21333333333333335,0.2,0.46159367967902887,2.321928094887362
1180,0.85,3,False,,,,
1181,0.8,4,False,,,,
1182,0.8,4,False,,,,
1183,0.7,6,True,0.21777777777777776,0.3333333333333333,0.3977554223658072,2.2516291673878226
1184,0.8,4,False,,,,
1185,0.8,4,False,,,,
1186,0.8,4,False,,,,
1187,0.8,4,False,,,,
1188,0.75,5,True,0.21333333333333335,0.2,0.46159367967902887,2.321928094887362
1189,0.75,5,True,0.4266666666666667,0.6,0.4229921134636,1.3709505944546687
1190,0.75,5,True,0.24000000000000002,0.2,0.46159367967902887,2.321928094887362
1191,0.75,5,True,0.31333333333333335,0.6,0.4229921134636,1.3709505944546687
1192,0.75,5,True,0.26666666666666666,0.4,0.4436691855250422,1.9219280948873623
1193,0.85,3,False,,,,
1194,0.85,3,False,,,,
1195,0.85,3,False,,,,
1196,0.85,3,False,,,,
1197,0.85,3,False,,,,
1198,0.85,3,False,,,,
1199,0.8,4,False,,,,
1200,0.8,4,False,,,,
1201,0.85,3,False,,,,
1202,0.8,4,False,,,,
1203,0.8,4,False,,,,
1204,0.8,4,False,,,,
1205,0.8,4,False,,,,
1206,0.8,4,False,,,,
1207,0.8,4,False,,,,
1208,0.9,2,False,,,,
1209,0.9,2,False,,,,
1210,0.9,2,False,,,,
1211,0.9,2,False,,,,
1212,0.9,2,False,,,,
1213,0.9,2,False,,,,
1214,0.85,3,False,,,,
1215,0.75,5,True,0.28,0.4,0.4436691855250421,1.9219280948873623
1216,0.75,5,True,0.2533333333333333,0.4,0.4436691855250422,1.9219280948873623
1217,0.75,5,True,0.16666666666666666,0.4,0.4436691855250421,1.9219280948873623
1218,0.8,4,False,,,,
1219,0.8,4,False,,,,
1220,0.8,4,False,,,,
1221,0.75,5,True,0.18666666666666665,0.4,0.4436691855250422,1.9219280948873623
1222,0.75,5,True,0.4066666666666666,0.6,0.4229921134636,1.3709505944546687
1223,0.75,5,True,0.26666666666666666,0.4,0.4041199259095133,1.5219280948873621
1224,0.65,7,True,0.2984126984126984,0.42857142857142855,0.32000568559205445,1.8423709931771088
1225,0.65,7,True,0.24126984126984127,0.14285714285714285,0.3611192406347826,2.807354922057604
1226,0.4,12,True,0.30505050505050507,0.4166666666666667,0.1794048989114322,2.221251836004466
1227,0.4,12,True,0.28686868686868683,0.5,0.19980216002594897,2.125814583693911
1228,0.4,12,True,0.31717171717171716,0.5,0.19980216002594897,2.125814583693911
1229,0.4,12,True,0.37676767676767675,0.4166666666666667,0.14749181257269428,2.054585169337799
1230,0.4,12,True,0.25656565656565655,0.4166666666666667,0.18618464294482617,2.4508257945180882
1231,0.45,11,True,0.2909090909090909,0.45454545454545453,0.22834005982783967,2.4040097573248604
1232,0.4,12,True,0.2949494949494949,0.4166666666666667,0.1659600812249996,2.2841591278514217
1233,0.45,11,True,0.20242424242424242,0.2727272727272727,0.18076084362328393,2.663532754804255
1234,0.5,10,True,0.23851851851851852,0.4,0.23024907521851967,2.321928094887362
1235,0.75,5,True,0.2866666666666667,0.4,0.4436691855250421,1.9219280948873623
1236,0.75,5,True,0.32,0.6,0.4229921134636,1.3709505944546687
1237,0.75,5,True,0.24000000000000002,0.2,0.46159367967902887,2.321928094887362
1238,0.85,3,False,,,,
1239,0.9,2,False,,,,
1240,0.9,2,False,,,,
1241,0.9,2,False,,,,
1242,0.9,2,False,,,,
1243,0.9,2,False,,,,
1244,0.9,2,False,,,,
1245,0.9,2,False,,,,
1246,0.9,2,False,,,,
1247,0.9,2,False,,,,
1248,0.9,2,False,,,,
1249,0.95,1,False,,,,
1250,0.9,2,False,,,,
1251,0.85,3,False,,,,
1252,0.85,3,False,,,,
1253,0.5,10,True,0.3496296296296296,0.5,0.20637609206280816,1.6854752972273346
1254,0.5,10,True,0.3274074074074074,0.5,0.2338449694456599,1.9609640474436814
1255,0.5,10,True,0.4666666666666667,0.7,0.21080508763824013,1.1567796494470395
1256,0.5,10,True,0.3837037037037037,0.5,0.15975898813907974,1.3609640474436813
1257,0.45,11,True,0.3975757575757576,0.6363636363636364,0.21923179899069856,1.4911148500551854
1258,0.45,11,True,0.2824242424242424,0.36363636363636365,0.18233999335007445,2.3685225277282065
1259,0.7,6,True,0.19111111111111112,0.3333333333333333,0.3977554223658072,2.2516291673878226
1260,0.45,11,True,0.37939393939393945,0.5454545454545454,0.21856773803935614,1.8676338909712125
1261,0.45,11,True,0.4036363636363636,0.45454545454545453,0.17526308211995778,1.676737030052133
1262,0.45,11,True,0.4666666666666667,0.7272727272727273,0.2698043285786723,1.2776134368191154
1263,0.45,11,True,0.3006060606060606,0.5454545454545454,0.14001345298901247,1.3221793455166666
1264,0.45,11,True,0.31272727272727274,0.45454545454545453,0.21100826863279232,2.2221915755066783
1265,0.45,11,True,0.27636363636363637,0.45454545454545453,0.21100826863279232,2.2221915755066783
1266,0.7,6,True,0.26666666666666666,0.3333333333333333,0.3977554223658072,2.2516291673878226
1267,0.7,6,True,0.2622222222222222,0.3333333333333333,0.3977554223658072,2.2516291673878226
1268,0.7,6,True,0.3288888888888889,0.3333333333333333,0.3977554223658072,2.251629167387823
1269,0.45,11,True,0.33575757575757575,0.45454545454545453,0.1818141191887922,2.0403733936884962
1270,0.45,11,True,0.273939393939394,0.45454545454545453,0.1818141191887922,2.0403733936884962
1271,0.5,10,True,0.30074074074074075,0.4,0.23024907521851967,2.321928094887362
1272,0.9,2,False,,,,
1273,0.95,1,False,,,,
1274,0.85,3,False,,,,
1275,0.85,3,False,,,,
1276,0.45,11,True,0.3054545454545455,0.2727272727272727,0.16016409232570472,2.481714572986073
1277,0.45,11,True,0.28363636363636363,0.36363636363636365,0.1957848110365069,2.2998963911678914
1278,0.45,11,True,0.2921212121212121,0.36363636363636365,0.18233999335007445,2.3685225277282065
1279,0.45,11,True,0.2642424242424243,0.2727272727272727,0.16016409232570472,2.481714572986073
1280,0.45,11,True,0.3418181818181818,0.45454545454545453,0.21100826863279254,2.2221915755066783
1281,0.45,11,True,0.2775757575757576,0.36363636363636365,0.14060136115665434,1.823067982273661
1282,0.35,13,True,0.2914529914529915,0.38461538461538464,0.14704271718487993,2.4996981431844145
1283,0.75,5,True,0.22666666666666666,0.4,0.4436691855250422,1.9219280948873623
1284,0.95,1,False,,,,
1285,0.95,1,False,,,,
1286,0.95,1,False,,,,
1287,0.95,1,False,,,,
1288,0.75,5,True,0.30666666666666664,0.4,0.4041199259095133,1.5219280948873621
1289,0.45,11,True,0.34909090909090906,0.5454545454545454,0.1731125962730926,1.6858157091530304
1290,0.45,11,True,0.2703030303030303,0.45454545454545453,0.1964156366567027,1.971747257128181
1291,0.4,12,True,0.34949494949494947,0.4166666666666667,0.14749181257269428,2.0545851693377997
1292,0.4,12,True,0.3525252525252525,0.5833333333333334,0.18102136700694205,1.5510981710072647
1293,0.4,12,True,0.2808080808080808,0.4166666666666667,0.1659600812249996,2.2841591278514217
1294,0.4,12,True,0.2636363636363636,0.25,0.1511868851096615,2.625814583693911
1295,0.4,12,True,0.30909090909090914,0.5,0.19980216002594897,2.125814583693911
1296,0.4,12,True,0.26666666666666666,0.4166666666666667,0.1659600812249996,2.2841591278514217
1297,0.4,12,True,0.3525252525252525,0.4166666666666667,0.1659600812249996,2.2841591278514217
1298,0.4,12,True,0.4191919191919192,0.6666666666666666,0.25649672118988953,1.584962500721156
1299,0.45,11,True,0.3284848484848485,0.45454545454545453,0.21100826863279232,2.2221915755066783
1300,0.45,11,True,0.33090909090909093,0.5454545454545454,0.21856773803935614,1.8676338909712125
1301,0.45,11,True,0.7333333333333333,1.0,0.007225546012191719,0.0
1302,0.45,11,True,0.3151515151515152,0.5454545454545454,0.21856773803935614,1.867633890971212
1303,0.4,12,True,0.36262626262626263,0.5833333333333334,0.1647657494487228,1.6140054628542202
1304,0.35,13,True,0.28547008547008546,0.38461538461538464,0.16121931994114158,2.6535442970305683
1305,0.35,13,True,0.2709401709401709,0.38461538461538464,0.14704271718487993,2.4996981431844145
1306,0.25,15,True,0.2419047619047619,0.26666666666666666,0.08398410223075714,2.789898095464287
1307,0.25,15,True,0.22984126984126985,0.3333333333333333,0.10866100563682446,2.8662478973127308
1308,0.25,15,True,0.2806349206349206,0.3333333333333333,0.09746632928477938,2.7329145639793984
1309,0.8,4,False,,,,
1310,0.8,4,False,,,,
1311,0.8,4,False,,,,
1312,0.8,4,False,,,,
1313,0.85,3,False,,,,
1314,0.85,3,False,,,,
1315,0.9,2,False,,,,
1316,0.95,1,False,,,,
1317,0.95,1,False,,,,
1318,0.4,12,True,0.3909090909090909,0.5833333333333334,0.1647657494487227,1.6140054628542202
1319,0.4,12,True,0.28484848484848485,0.4166666666666667,0.18618464294482617,2.4508257945180882
1320,0.4,12,True,0.3404040404040404,0.5833333333333334,0.2110702296074859,1.780672129520887
1321,0.8,4,False,,,,
1322,0.8,4,False,,,,
1323,0.8,4,False,,,,
1324,0.4,12,True,0.3202020202020202,0.5,0.19980216002594897,2.125814583693911
1325,0.4,12,True,0.3909090909090909,0.6666666666666666,0.25649672118988953,1.584962500721156
1326,0.45,11,True,0.4036363636363636,0.6363636363636364,0.21923179899069856,1.4911148500551854
1327,0.4,12,True,0.33535353535353535,0.5833333333333334,0.23794677496666627,1.9473387961875537
1328,0.4,12,True,0.22727272727272727,0.3333333333333333,0.13729180594228163,2.4182958340544896
1329,0.35,13,True,0.3264957264957265,0.3076923076923077,0.12235353549632222,2.353533948577482
1330,0.35,13,True,0.32307692307692304,0.6153846153846154,0.2110702296074859,1.7004397181410922
1331,0.35,13,True,0.36153846153846153,0.6923076923076923,0.2599940536914944,1.5058762556041068
1332,0.7,6,True,0.21333333333333335,0.3333333333333333,0.3977554223658072,2.2516291673878226
1333,0.45,11,True,0.3975757575757576,0.6363636363636364,0.2599940536914944,1.6729330318733675
1334,0.45,11,True,0.3187878787878788,0.45454545454545453,0.1964156366567027,1.971747257128181
1335,0.45,11,True,0.4242424242424242,0.7272727272727273,0.2698043285786723,1.2776134368191154
1336,0.45,11,True,0.4824242424242424,0.7272727272727273,0.20226907788083914,1.0957952550009336
1337,0.45,11,True,0.44242424242424244,0.7272727272727273,0.2698043285786723,1.2776134368191154
1338,0.45,11,True,0.40484848484848485,0.6363636363636364,0.2599940536914944,1.6729330318733675
1339,0.45,11,True,0.37696969696969695,0.7272727272727273,0.2698043285786723,1.2776134368191154
1340,0.45,11,True,0.30424242424242426,0.36363636363636365,0.1957848110365069,2.2998963911678914
1341,0.5,10,True,0.5111111111111111,0.8,0.26951797627815943,0.9219280948873623
1342,0.5,10,True,0.4059259259259259,0.7,0.2771568471826691,1.3567796494470397
1343,0.45,11,True,0.5272727272727272,0.9090909090909091,0.2211186092838502,0.4394969869215134
1344,0.45,11,True,0.4121212121212121,0.6363636363636364,0.2599940536914944,1.6729330318733675
1345,0.45,11,True,0.41575757575757577,0.6363636363636364,0.21923179899069856,1.4911148500551854
1346,0.45,11,True,0.3187878787878788,0.5454545454545454,0.24485034743374168,2.049452072789394
1347,0.5,10,True,0.3837037037037037,0.6,0.23103764446506325,1.5709505944546687
1348,0.5,10,True,0.3570370370370371,0.6,0.23103764446506314,1.5709505944546687
1349,0.5,10,True,0.47407407407407404,0.7,0.21080508763824013,1.1567796494470395
1350,0.85,3,False,,,,
1351,0.8,4,False,,,,
1352,0.75,5,True,0.31333333333333335,0.4,0.4436691855250421,1.9219280948873623
1353,0.75,5,True,0.2533333333333333,0.2,0.46159367967902887,2.321928094887362
1354,0.75,5,True,0.21333333333333335,0.2,0.46159367967902887,2.321928094887362
1355,0.75,5,True,0.23333333333333334,0.4,0.4436691855250421,1.9219280948873623
1356,0.75,5,True,0.24000000000000002,0.2,0.46159367967902887,2.321928094887362
1357,0.8,4,False,,,,
1358,0.7,6,True,0.3422222222222222,0.3333333333333333,0.3725991547047849,1.9182958340544893
1359,0.7,6,True,0.3688888888888889,0.5,0.388854772263004,1.7924812503605778
1360,0.7,6,True,0.2755555555555556,0.16666666666666666,0.4098431814126551,2.584962500721156
1361,0.7,6,True,0.3333333333333333,0.3333333333333333,0.3977554223658072,2.2516291673878226
1362,0.7,6,True,0.21777777777777776,0.3333333333333333,0.3725991547047849,1.9182958340544893
1363,0.4,12,True,0.34747474747474744,0.6666666666666666,0.21533827903669644,1.4182958340544896
1364,0.25,15,True,0.26857142857142857,0.26666666666666666,0.08398410223075714,2.7898980954642876
1365,0.35,13,True,0.3487179487179487,0.5384615384615384,0.21440678351765363,2.1887870678023824
1366,0.35,13,True,0.3897435897435898,0.6923076923076923,0.2599940536914944,1.5058762556041068
1367,0.35,13,True,0.3384615384615384,0.6153846153846154,0.23794677496666627,1.8542858719872461
1368,0.35,13,True,0.37350427350427345,0.6153846153846154,0.2110702296074859,1.7004397181410922
1369,0.35,13,True,0.3820512820512821,0.5384615384615384,0.19611886914784182,2.0349409139562287
1370,0.35,13,True,0.3085470085470085,0.5384615384615384,0.21440678351765363,2.1887870678023824
1371,0.35,13,True,0.5811965811965812,0.8461538461538461,0.15665734595707748,0.6193821946787638
1372,0.35,13,True,0.30427350427350425,0.5384615384615384,0.1961188691478417,2.0349409139562287
1373,0.35,13,True,0.47606837606837604,0.6923076923076923,0.21923179899069856,1.3520301017579528
1374,0.35,13,True,0.3564102564102564,0.46153846153846156,0.15797425420712452,2.199687794731328
1375,0.35,13,True,0.3085470085470085,0.5384615384615384,0.16564373802508225,1.8810947601100745
1376,0.4,12,True,0.2727272727272727,0.4166666666666667,0.14749181257269428,2.054585169337799
1377,0.4,12,True,0.32626262626262625,0.5,0.16171420253845625,1.6258145836939115
1378,0.4,12,True,0.3808080808080808,0.5833333333333334,0.1647657494487228,1.6140054628542204
1379,0.4,12,True,0.3212121212121212,0.4166666666666667,0.1659600812249996,2.2841591278514217
1380,0.4,12,True,0.3616161616161616,0.5833333333333334,0.2110702296074859,1.780672129520887
1381,0.4,12,True,0.2545454545454546,0.5,0.19980216002594875,2.125814583693911
1382,0.4,12,True,0.2828282828282828,0.3333333333333333,0.15073662362871432,2.355388542207534
1383,0.4,12,True,0.31717171717171716,0.5,0.16964391395534772,1.9591479170272446
1384,0.8,4,False,,,,
1385,0.9,2,False,,,,
1386,0.85,3,False,,,,
1387,0.85,3,False,,,,
1388,0.9,2,False,,,,
1389,0.85,3,False,,,,
1390,0.85,3,False,,,,
1391,0.45,11,True,0.37696969696969695,0.6363636363636364,0.2599940536914944,1.6729330318733675
1392,0.8,4,False,,,,
1393,0.45,11,True,0.28848484848484846,0.5454545454545454,0.21856773803935614,1.867633890971212
1394,0.4,12,True,0.2737373737373738,0.4166666666666667,0.18618464294482617,2.4508257945180882
1395,0.4,12,True,0.5393939393939393,0.8333333333333334,0.14132728892674484,0.6500224216483541
1396,0.4,12,True,0.4202020202020202,0.6666666666666666,0.21533827903669656,1.4182958340544896
1397,0.4,12,True,0.35353535353535354,0.5833333333333334,0.23794677496666627,1.9473387961875537
1398,0.3,14,True,0.3882783882783883,0.6428571428571429,0.24485034743374168,1.7695459925589747
1399,0.25,15,True,0.3485714285714286,0.4,0.1239290180529995,2.422579761842491
1400,0.85,3,False,,,,
1401,0.9,2,False,,,,
1402,0.95,1,False,,,,
1403,0.95,1,False,,,,
1404,0.95,1,False,,,,
1405,0.95,1,False,,,,
1406,0.95,1,False,,,,
1407,0.95,1,False,,,,
1408,0.95,1,False,,,,
1409,0.95,1,False,,,,
1410,0.95,1,False,,,,
1411,0.35,13,True,0.24871794871794872,0.3076923076923077,0.13583006824426513,2.7773627950641693
1412,0.35,13,True,0.34358974358974353,0.6923076923076923,0.21923179899069856,1.3520301017579528
1413,0.55,9,True,0.5018518518518519,0.7777777777777778,0.2816667590416564,0.9864267287308424
1414,0.55,9,True,0.5740740740740741,0.7777777777777778,0.2816667590416564,0.9864267287308424
1415,0.55,9,True,0.4185185185185185,0.7777777777777778,0.2816667590416564,0.9864267287308424
1416,0.55,9,True,0.26666666666666666,0.4444444444444444,0.25753634565243533,2.058813890331201
1417,0.4,12,True,0.38383838383838387,0.5833333333333334,0.2110702296074859,1.780672129520887
1418,0.3,14,True,0.21978021978021978,0.21428571428571427,0.10138562854802546,3.182005814760214
1419,0.3,14,True,0.3304029304029304,0.5714285714285714,0.19980216002594875,1.950212064914747
1420,0.3,14,True,0.2644688644688645,0.5,0.15797425420712463,2.1179631753145163
1421,0.3,14,True,0.358974358974359,0.6428571428571429,0.18936821383131186,1.4299111709758698
1422,0.3,14,True,0.26153846153846155,0.35714285714285715,0.12743761455218416,2.692380602454975
1423,0.3,14,True,0.4358974358974359,0.6428571428571429,0.14001345298901247,1.1981174211304033
1424,0.3,14,True,0.3010989010989011,0.42857142857142855,0.1430164685151104,2.4137995646056805
1425,0.25,15,True,0.3568253968253969,0.5333333333333333,0.12079703257798213,1.6402239289418519
1426,0.25,15,True,0.2704761904761905,0.4666666666666667,0.16949681942501338,2.5967916319816364
1427,0.25,15,True,0.27174603174603174,0.4666666666666667,0.05966808229910736,1.8294732983598407
1428,0.25,15,True,0.3619047619047619,0.4666666666666667,0.15975289411697746,2.063458298648303
1429,0.65,7,True,0.26666666666666666,0.2857142857142857,0.33591211570119817,2.2359263506290326
1430,0.3,14,True,0.45641025641025645,0.7142857142857143,0.23103764446506314,1.2916919971380596
1431,0.25,15,True,0.2533333333333333,0.26666666666666666,0.0780142263502751,2.6062389286533896
1432,0.3,14,True,0.3282051282051282,0.35714285714285715,0.08472276859369632,2.1209520310264036
1433,0.3,14,True,0.2512820512820513,0.35714285714285715,0.1239290180529995,2.495602923729013
1434,0.35,13,True,0.2606837606837607,0.38461538461538464,0.12413217540617516,2.345851989338261
1435,0.3,14,True,0.39633699633699637,0.5714285714285714,0.16171420253845625,1.5216406363433184
1436,0.3,14,True,0.4652014652014652,0.7857142857142857,0.29207456594376535,1.0892300788425848
1437,0.35,13,True,0.30085470085470084,0.6153846153846154,0.23794677496666627,1.8542858719872461
1438,0.35,13,True,0.2717948717948718,0.46153846153846156,0.1388189398408547,1.9877733714879842
1439,0.35,13,True,0.3247863247863248,0.5384615384615384,0.21440678351765363,2.1887870678023824
1440,0.4,12,True,0.34444444444444444,0.5833333333333334,0.18102136700694205,1.5510981710072647
1441,0.4,12,True,0.44747474747474747,0.6666666666666666,0.21533827903669656,1.4182958340544896
1442,0.95,1,False,,,,
1443,0.4,12,True,0.30909090909090914,0.5833333333333334,0.2110702296074859,1.780672129520887
1444,0.4,12,True,0.29797979797979796,0.3333333333333333,0.14044087901952707,2.084962500721156
1445,0.5,10,True,0.30666666666666664,0.4,0.23024907521851967,2.321928094887362
1446,0.45,11,True,0.2957575757575758,0.2727272727272727,0.16016409232570472,2.481714572986073
1447,0.35,13,True,0.2777777777777778,0.46153846153846156,0.15797425420712452,2.199687794731328
1448,0.35,13,True,0.25982905982905985,0.3076923076923077,0.13583006824426502,2.7773627950641693
1449,0.35,13,True,0.36495726495726494,0.46153846153846156,0.1388189398408547,1.9877733714879842
1450,0.45,11,True,0.3939393939393939,0.6363636363636364,0.2599940536914944,1.6729330318733675
1451,0.45,11,True,0.48848484848484847,0.7272727272727273,0.08028267642490672,0.8453509366224364
1452,0.45,11,True,0.3987878787878788,0.5454545454545454,0.21856773803935614,1.8676338909712125
1453,0.45,11,True,0.3781818181818182,0.5454545454545454,0.18936821383131197,1.6171895725927152
1454,0.9,2,False,,,,
1455,0.95,1,False,,,,
1456,0.95,1,False,,,,
1457,0.9,2,False,,,,
1458,0.9,2,False,,,,
1459,0.9,2,False,,,,
1460,0.9,2,False,,,,
1461,0.9,2,False,,,,
1462,0.9,2,False,,,,
1463,0.9,2,False,,,,
1464,0.9,2,False,,,,
1465,0.9,2,False,,,,
1466,0.9,2,False,,,,
1467,0.9,2,False,,,,
1468,0.9,2,False,,,,
1469,0.9,2,False,,,,
1470,0.9,2,False,,,,
1471,0.9,2,False,,,,
1472,0.9,2,False,,,,
1473,0.9,2,False,,,,
1474,0.9,2,False,,,,
1475,0.9,2,False,,,,
1476,0.9,2,False,,,,
1477,0.45,11,True,0.34909090909090906,0.45454545454545453,0.1818141191887922,2.0403733936884962
1478,0.45,11,True,0.24363636363636362,0.36363636363636365,0.18233999335007445,2.3685225277282065
1479,0.45,11,True,0.39636363636363636,0.45454545454545453,0.17526308211995778,1.676737030052133
1480,0.95,1,False,,,,
1481,0.95,1,False,,,,
1482,0.5,10,True,0.3688888888888889,0.4,0.19852640934862487,1.7219280948873623
1483,0.65,7,True,0.30158730158730157,0.2857142857142857,0.33591211570119817,2.2359263506290326
1484,0.4,12,True,0.2909090909090909,0.3333333333333333,0.1593573017042127,2.584962500721156
1485,0.4,12,True,0.34747474747474744,0.4166666666666667,0.14749181257269428,2.054585169337799
1486,0.4,12,True,0.4181818181818182,0.5833333333333334,0.18102136700694205,1.5510981710072647
1487,0.35,13,True,0.32735042735042735,0.46153846153846156,0.12421742237294431,2.0458416408851736
1488,0.35,13,True,0.3034188034188034,0.5384615384615384,0.1961188691478417,2.0349409139562287
1489,0.4,12,True,0.40404040404040403,0.5833333333333334,0.2110702296074859,1.780672129520887
1490,0.4,12,True,0.3616161616161616,0.5833333333333334,0.2110702296074859,1.780672129520887
1491,0.4,12,True,0.40101010101010104,0.6666666666666666,0.2564967211898894,1.584962500721156
1492,0.45,11,True,0.3563636363636364,0.5454545454545454,0.24485034743374168,2.049452072789394
1493,0.45,11,True,0.4848484848484849,0.6363636363636364,0.21923179899069856,1.4911148500551858
1494,0.45,11,True,0.4448484848484849,0.7272727272727273,0.20226907788083914,1.0957952550009336
1495,0.45,11,True,0.4290909090909091,0.7272727272727273,0.2698043285786723,1.2776134368191154
1496,0.45,11,True,0.41696969696969693,0.6363636363636364,0.21923179899069856,1.4911148500551854
1497,0.45,11,True,0.28484848484848485,0.45454545454545453,0.1818141191887922,2.0403733936884962
1498,0.45,11,True,0.4387878787878788,0.8181818181818182,0.26550220320535933,0.8658566174572235
1499,0.45,11,True,0.32606060606060605,0.45454545454545453,0.21100826863279232,2.2221915755066783
1500,0.35,13,True,0.3205128205128205,0.46153846153846156,0.15797425420712452,2.199687794731328
1501,0.4,12,True,0.4111111111111111,0.6666666666666666,0.25649672118988953,1.584962500721156
1502,0.4,12,True,0.38383838383838387,0.6666666666666666,0.21533827903669644,1.4182958340544896
1503,0.4,12,True,0.3111111111111111,0.5,0.19980216002594875,2.125814583693911
1504,0.4,12,True,0.4434343434343434,0.75,0.20226907788083903,1.0408520829727552
1505,0.4,12,True,0.2636363636363636,0.3333333333333333,0.15935730170421258,2.584962500721156
1506,0.4,12,True,0.3555555555555555,0.6666666666666666,0.21533827903669644,1.4182958340544896
1507,0.4,12,True,0.3757575757575758,0.5833333333333334,0.2110702296074859,1.780672129520887
1508,0.45,11,True,0.36484848484848487,0.6363636363636364,0.2599940536914944,1.6729330318733675
1509,0.45,11,True,0.2581818181818182,0.5454545454545454,0.24485034743374168,2.049452072789394
1510,0.45,11,True,0.31272727272727274,0.45454545454545453,0.1818141191887922,2.0403733936884962
1511,0.5,10,True,0.49333333333333335,0.6,0.06276943678387037,0.9709505944546686
1512,0.55,9,True,0.4351851851851852,0.6666666666666666,0.22812402278974897,1.224394445405986
1513,0.55,9,True,0.43888888888888894,0.4444444444444444,0.15925183523566233,1.5304930567574824
1514,0.5,10,True,0.48592592592592593,0.7,0.2771568471826691,1.3567796494470397
1515,0.7,6,True,0.3511111111111111,0.3333333333333333,0.3725991547047849,1.9182958340544893
1516,0.65,7,True,0.2634920634920635,0.2857142857142857,0.35289896413803834,2.5216406363433186
1517,0.7,6,True,0.40888888888888886,0.5,0.340482362830567,1.4591479170272446
1518,0.7,6,True,0.2,0.16666666666666666,0.4098431814126551,2.584962500721156
1519,0.5,10,True,0.2607407407407407,0.4,0.17171437109950471,1.8464393446710154
1520,0.5,10,True,0.32296296296296295,0.5,0.20637609206280816,1.6854752972273346
1521,0.5,10,True,0.44,0.7,0.2771568471826691,1.3567796494470397
1522,0.4,12,True,0.3292929292929293,0.5,0.16964391395534772,1.9591479170272446
1523,0.45,11,True,0.42303030303030303,0.7272727272727273,0.20226907788083914,1.0957952550009336
1524,0.5,10,True,0.2607407407407407,0.4,0.23024907521851967,2.321928094887362
1525,0.4,12,True,0.3484848484848485,0.5,0.134902164289336,1.7295739585136223
1526,0.3,14,True,0.380952380952381,0.5714285714285714,0.18424543142325833,1.7534343861887849
1527,0.3,14,True,0.3010989010989011,0.42857142857142855,0.1555979268845017,2.359879028736861
1528,0.25,15,True,0.33396825396825397,0.4,0.09943237815189054,2.289246428509158
1529,0.25,15,True,0.36253968253968255,0.4666666666666667,0.12614908424583438,1.9301249653149701
1530,0.25,15,True,0.25206349206349205,0.3333333333333333,0.13983932542605315,2.358938532350277
1531,0.6,8,True,0.20476190476190476,0.25,0.30968313518177704,2.75
1532,0.6,8,True,0.21190476190476193,0.25,0.2979332328204183,2.5
1533,0.6,8,True,0.29285714285714287,0.375,0.29081902780598745,2.1556390622295662
1534,0.6,8,True,0.3619047619047619,0.5,0.23339689032675248,1.4056390622295665
1535,0.25,15,True,0.31174603174603177,0.5333333333333333,0.18618464294482606,2.1735572622751853
1536,0.25,15,True,0.26031746031746034,0.4,0.12743761455218416,2.6062389286533896
1537,0.25,15,True,0.3619047619047619,0.4666666666666667,0.13757699309260785,2.146465798504072
1538,0.25,15,True,0.3619047619047619,0.5333333333333333,0.16596008122499972,2.0402239289418524
1539,0.25,15,True,0.32317460317460317,0.5333333333333333,0.1659600812249996,2.040223928941852
1540,0.25,15,True,0.3593650793650794,0.4666666666666667,0.10206532099029064,2.0131324651707385
1541,0.25,15,True,0.33904761904761904,0.4,0.1239290180529995,2.422579761842491
1542,0.45,11,True,0.38909090909090904,0.7272727272727273,0.2698043285786723,1.2776134368191154
1543,0.45,11,True,0.3563636363636364,0.6363636363636364,0.21923179899069856,1.4911148500551858
1544,0.4,12,True,0.38383838383838387,0.5,0.18424543142325833,1.896240625180289
1545,0.45,11,True,0.36848484848484847,0.6363636363636364,0.2599940536914944,1.6729330318733675
1546,0.45,11,True,0.4193939393939394,0.6363636363636364,0.16242837679500655,1.2406705316766884
1547,0.3,14,True,0.3597069597069597,0.2857142857142857,0.09227335250843949,2.0930692077718898
1548,0.3,14,True,0.3069597069597069,0.35714285714285715,0.1239290180529996,2.495602923729013
1549,0.3,14,True,0.20146520146520147,0.2857142857142857,0.08452021844299484,2.6644977792004614
1550,0.4,12,True,0.40404040404040403,0.5833333333333334,0.09919525147048636,1.384431504340598
1551,0.45,11,True,0.4036363636363636,0.7272727272727273,0.20226907788083914,1.0957952550009336
1552,0.45,11,True,0.40484848484848485,0.7272727272727273,0.2698043285786723,1.2776134368191154
1553,0.5,10,True,0.48000000000000004,0.7,0.21080508763824013,1.1567796494470395
1554,0.45,11,True,0.4654545454545455,0.7272727272727273,0.2698043285786723,1.2776134368191154
1555,0.5,10,True,0.38222222222222224,0.6,0.27059858829622396,1.7709505944546688
1556,0.75,5,True,0.2733333333333333,0.4,0.4436691855250421,1.9219280948873623
1557,0.75,5,True,0.20666666666666667,0.2,0.46159367967902887,2.321928094887362
1558,0.75,5,True,0.36666666666666664,0.6,0.4229921134636,1.3709505944546687
1559,0.75,5,True,0.2733333333333333,0.4,0.4436691855250421,1.9219280948873623
1560,0.35,13,True,0.31794871794871793,0.6153846153846154,0.2110702296074859,1.7004397181410922
1561,0.35,13,True,0.4,0.6923076923076923,0.2599940536914944,1.5058762556041068
1562,0.35,13,True,0.5119658119658119,0.7692307692307693,0.2771568471826691,1.1451104143815827
1563,0.35,13,True,0.3205128205128205,0.5384615384615384,0.21440678351765363,2.1887870678023824
1564,0.35,13,True,0.3,0.6153846153846154,0.18102136700694205,1.4885252948977485
1565,0.35,13,True,0.4341880341880342,0.6923076923076923,0.21923179899069856,1.3520301017579528
1566,0.35,13,True,0.5128205128205129,0.8461538461538461,0.2816667590416564,0.7732283485249176
1567,0.35,13,True,0.4427350427350427,0.6153846153846154,0.18102136700694194,1.4885252948977485
1568,0.35,13,True,0.3606837606837607,0.6153846153846154,0.23794677496666627,1.8542858719872461
1569,0.35,13,True,0.42820512820512824,0.7692307692307693,0.2771568471826691,1.1451104143815827
1570,0.25,15,True,0.3003174603174603,0.26666666666666666,0.007849682714183404,1.9898980954642873
1571,0.45,11,True,0.2581818181818182,0.2727272727272727,0.1933423019926751,2.59490661824394
1572,0.5,10,True,0.29185185185185186,0.3,0.22559344255483083,2.6464393446710153
1573,0.5,10,True,0.21481481481481482,0.2,0.21301198418543954,2.721928094887362
1574,0.6,8,True,0.24523809523809523,0.375,0.31137805050685086,2.4056390622295662
1575,0.8,4,False,,,,
1576,0.8,4,False,,,,
1577,0.85,3,False,,,,
1578,0.85,3,False,,,,
1579,0.85,3,False,,,,
1580,0.9,2,False,,,,
1581,0.9,2,False,,,,
1582,0.9,2,False,,,,
1583,0.85,3,False,,,,
1584,0.85,3,False,,,,
1585,0.85,3,False,,,,
1586,0.85,3,False,,,,
1587,0.85,3,False,,,,
1588,0.85,3,False,,,,
1589,0.85,3,False,,,,
1590,0.85,3,False,,,,
1591,0.85,3,False,,,,
1592,0.85,3,False,,,,
1593,0.85,3,False,,,,
1594,0.85,3,False,,,,
1595,0.85,3,False,,,,
1596,0.9,2,False,,,,
1597,0.95,1,False,,,,
1598,0.95,1,False,,,,
1599,0.65,7,True,0.2380952380952381,0.2857142857142857,0.3037500680338353,1.950212064914747
1600,0.8,4,False,,,,
1601,0.8,4,False,,,,
1602,0.8,4,False,,,,
1603,0.8,4,False,,,,
1604,0.8,4,False,,,,
1605,0.8,4,False,,,,
1606,0.8,4,False,,,,
1607,0.75,5,True,0.26,0.4,0.4436691855250421,1.9219280948873623
1608,0.5,10,True,0.44,0.6,0.17613453894041953,1.295461844238322
1609,0.9,2,False,,,,
1610,0.9,2,False,,,,
1611,0.9,2,False,,,,
1612,0.9,2,False,,,,
1613,0.9,2,False,,,,
1614,0.5,10,True,0.2637037037037037,0.3,0.20807317419414995,2.4464393446710155
1615,0.5,10,True,0.39851851851851855,0.5,0.20637609206280816,1.6854752972273346
1616,0.3,14,True,0.33919413919413915,0.5714285714285714,0.19980216002594897,1.950212064914747
1617,0.3,14,True,0.32307692307692304,0.5714285714285714,0.19980216002594875,1.950212064914747
1618,0.4,12,True,0.3383838383838384,0.3333333333333333,0.14044087901952684,2.084962500721156
1619,0.4,12,True,0.3777777777777778,0.5833333333333334,0.1647657494487228,1.6140054628542202
1620,0.9,2,False,,,,
1621,0.95,1,False,,,,
1622,0.95,1,False,,,,
1623,0.95,1,False,,,,
1624,0.95,1,False,,,,
1625,0.95,1,False,,,,
1626,0.95,1,False,,,,
1627,0.95,1,False,,,,
1628,0.95,1,False,,,,
1629,0.95,1,False,,,,
1630,0.95,1,False,,,,
1631,0.95,1,False,,,,
1632,0.5,10,True,0.37481481481481477,0.5,0.2338449694456599,1.9609640474436814
1633,0.25,15,True,0.2584126984126984,0.26666666666666666,0.08618464294482608,2.573557262275185
1634,0.25,15,True,0.27238095238095233,0.4666666666666667,0.13757699309260785,2.146465798504072
1635,0.4,12,True,0.2808080808080808,0.5,0.19980216002594897,2.125814583693911
1636,0.4,12,True,0.30101010101010106,0.5,0.18424543142325833,1.896240625180289
1637,0.4,12,True,0.31717171717171716,0.5833333333333334,0.211070229607486,1.780672129520887
1638,0.45,11,True,0.43757575757575756,0.8181818181818182,0.26550220320535933,0.8658566174572235
1639,0.3,14,True,0.3355311355311355,0.5,0.15797425420712452,2.1179631753145163
1640,0.35,13,True,0.33247863247863246,0.5384615384615384,0.1961188691478417,2.0349409139562287
1641,0.35,13,True,0.3777777777777778,0.6153846153846154,0.2110702296074859,1.7004397181410922
1642,0.35,13,True,0.3384615384615384,0.6153846153846154,0.18102136700694205,1.4885252948977485
1643,0.4,12,True,0.4080808080808081,0.6666666666666666,0.21533827903669656,1.4182958340544896
1644,0.4,12,True,0.303030303030303,0.5,0.16964391395534772,1.9591479170272446
1645,0.4,12,True,0.4272727272727273,0.5,0.16171420253845625,1.6258145836939115
1646,0.4,12,True,0.5666666666666667,0.9166666666666666,0.23074476267918287,0.41381685030363374
1647,0.4,12,True,0.3383838383838384,0.5833333333333334,0.23794677496666627,1.9473387961875537
1648,0.4,12,True,0.3373737373737374,0.3333333333333333,0.10239092917289783,1.8553885422075338
1649,0.4,12,True,0.295959595959596,0.4166666666666667,0.17157557582823801,1.9508257945180885
1650,0.4,12,True,0.507070707070707,0.75,0.20226907788083914,1.0408520829727552
1651,0.4,12,True,0.38585858585858585,0.5833333333333334,0.2110702296074859,1.780672129520887
1652,0.4,12,True,0.3717171717171717,0.6666666666666666,0.2564967211898894,1.584962500721156
1653,0.4,12,True,0.4353535353535353,0.6666666666666666,0.21533827903669656,1.4182958340544896
1654,0.4,12,True,0.34545454545454546,0.6666666666666666,0.2564967211898894,1.584962500721156
1655,0.35,13,True,0.39401709401709406,0.5384615384615384,0.1961188691478417,2.0349409139562287
1656,0.8,4,False,,,,
1657,0.8,4,False,,,,
1658,0.8,4,False,,,,
1659,0.8,4,False,,,,
1660,0.85,3,False,,,,
1661,0.8,4,False,,,,
1662,0.8,4,False,,,,
1663,0.8,4,False,,,,
1664,0.8,4,False,,,,
1665,0.8,4,False,,,,
1666,0.8,4,False,,,,
1667,0.8,4,False,,,,
1668,0.8,4,False,,,,
1669,0.4,12,True,0.30909090909090914,0.5,0.18424543142325833,1.896240625180289
1670,0.4,12,True,0.4434343434343434,0.5833333333333334,0.18102136700694205,1.5510981710072647
1671,0.35,13,True,0.39230769230769236,0.6923076923076923,0.21923179899069856,1.3520301017579528
1672,0.35,13,True,0.26837606837606837,0.38461538461538464,0.16121931994114158,2.6535442970305687
1673,0.35,13,True,0.4341880341880342,0.5384615384615384,0.19611886914784182,2.0349409139562287
1674,0.35,13,True,0.3658119658119658,0.5384615384615384,0.1304488374189683,1.6691803368667308
1675,0.35,13,True,0.38290598290598293,0.6923076923076923,0.21923179899069856,1.3520301017579528
1676,0.7,6,True,0.36444444444444446,0.6666666666666666,0.3716101752764803,1.2516291673878228
1677,0.7,6,True,0.3466666666666667,0.5,0.340482362830567,1.4591479170272446
1678,0.35,13,True,0.35470085470085466,0.46153846153846156,0.13881893984085458,1.9877733714879842
1679,0.4,12,True,0.3343434343434344,0.5833333333333334,0.2110702296074859,1.780672129520887
1680,0.45,11,True,0.3696969696969697,0.6363636363636364,0.16242837679500655,1.2406705316766884
1681,0.45,11,True,0.34909090909090906,0.5454545454545454,0.21856773803935614,1.8676338909712125
1682,0.45,11,True,0.593939393939394,0.9090909090909091,0.2211186092838502,0.4394969869215134
1683,0.95,1,False,,,,
1684,0.5,10,True,0.5037037037037037,0.8,0.26951797627815943,0.9219280948873623
1685,0.5,10,True,0.4059259259259259,0.7,0.2771568471826691,1.3567796494470397
1686,0.5,10,True,0.5185185185185185,0.8,0.26951797627815943,0.9219280948873623
1687,0.5,10,True,0.4533333333333333,0.9,0.2211186092838502,0.4689955935892812
1688,0.5,10,True,0.3718518518518518,0.8,0.14132728892674484,0.7219280948873623
1689,0.55,9,True,0.6666666666666666,1.0,0.007225546012191719,0.0
1690,0.45,11,True,0.4533333333333333,0.7272727272727273,0.20226907788083914,1.0957952550009336
1691,0.45,11,True,0.30787878787878786,0.5454545454545454,0.21856773803935614,1.867633890971212
1692,0.45,11,True,0.3612121212121212,0.7272727272727273,0.2698043285786723,1.2776134368191154
1693,0.5,10,True,0.4,0.6,0.17613453894041964,1.295461844238322
1694,0.5,10,True,0.42962962962962964,0.8,0.26951797627815943,0.9219280948873623
1695,0.5,10,True,0.49333333333333335,0.9,0.2211186092838502,0.4689955935892812
1696,0.45,11,True,0.40606060606060607,0.7272727272727273,0.2698043285786723,1.2776134368191154
1697,0.4,12,True,0.4101010101010101,0.5833333333333334,0.18102136700694194,1.5510981710072647
1698,0.4,12,True,0.501010101010101,0.75,0.2698043285786723,1.207518749639422
1699,0.4,12,True,0.3212121212121212,0.5833333333333334,0.23794677496666627,1.9473387961875537
1700,0.4,12,True,0.3585858585858586,0.75,0.20226907788083903,1.0408520829727552
1701,0.4,12,True,0.4727272727272727,0.75,0.2698043285786723,1.207518749639422
1702,0.35,13,True,0.31965811965811963,0.6153846153846154,0.2110702296074859,1.7004397181410922
1703,0.35,13,True,0.3623931623931624,0.5384615384615384,0.1304488374189683,1.6691803368667308
1704,0.35,13,True,0.45213675213675214,0.7692307692307693,0.2771568471826691,1.1451104143815827
1705,0.35,13,True,0.29914529914529914,0.6153846153846154,0.23794677496666627,1.8542858719872461
1706,0.95,1,False,,,,
1707,0.4,12,True,0.39898989898989895,0.6666666666666666,0.25649672118988953,1.584962500721156
1708,0.4,12,True,0.35959595959595964,0.6666666666666666,0.25649672118988953,1.584962500721156
1709,0.35,13,True,0.4948717948717949,0.6923076923076923,0.21923179899069856,1.3520301017579528
1710,0.35,13,True,0.5188034188034188,0.8461538461538461,0.2816667590416564,0.7732283485249176
1711,0.3,14,True,0.3882783882783883,0.6428571428571429,0.24485034743374168,1.7695459925589747
1712,0.3,14,True,0.25860805860805863,0.2857142857142857,0.13359485053388054,2.6644977792004614
1713,0.8,4,False,,,,
1714,0.8,4,False,,,,
1715,0.8,4,False,,,,
1716,0.85,3,False,,,,
1717,0.35,13,True,0.3128205128205128,0.46153846153846156,0.17141907189355698,2.1416195253341384
1718,0.35,13,True,0.3222222222222222,0.5384615384615384,0.1961188691478417,2.0349409139562287
1719,0.35,13,True,0.3692307692307692,0.6153846153846154,0.2110702296074859,1.7004397181410922
1720,0.35,13,True,0.2709401709401709,0.3076923076923077,0.13279683431365752,2.5654483718208256
1721,0.4,12,True,0.2777777777777778,0.4166666666666667,0.18618464294482617,2.4508257945180882
1722,0.35,13,True,0.2794871794871795,0.46153846153846156,0.17871162601638202,2.353533948577482
1723,0.4,12,True,0.27878787878787875,0.4166666666666667,0.1794048989114322,2.221251836004466
1724,0.4,12,True,0.3212121212121212,0.5,0.134902164289336,1.7295739585136223
1725,0.4,12,True,0.28383838383838383,0.3333333333333333,0.1593573017042127,2.584962500721156
1726,0.4,12,True,0.3343434343434344,0.5833333333333334,0.23794677496666627,1.9473387961875537
1727,0.35,13,True,0.3247863247863248,0.46153846153846156,0.17141907189355698,2.1416195253341384
1728,0.35,13,True,0.39572649572649576,0.6923076923076923,0.2599940536914944,1.5058762556041068
1729,0.35,13,True,0.2675213675213675,0.46153846153846156,0.17871162601638202,2.353533948577482
1730,0.4,12,True,0.44040404040404035,0.6666666666666666,0.21533827903669656,1.4182958340544896
1731,0.4,12,True,0.28888888888888886,0.5,0.19980216002594897,2.125814583693911
1732,0.95,1,False,,,,
1733,0.85,3,False,,,,
1734,0.35,13,True,0.4205128205128205,0.7692307692307693,0.2771568471826691,1.1451104143815827
1735,0.4,12,True,0.30404040404040406,0.5,0.19980216002594897,2.125814583693911
1736,0.4,12,True,0.4090909090909091,0.6666666666666666,0.25649672118988953,1.584962500721156
1737,0.4,12,True,0.42525252525252527,0.75,0.2698043285786723,1.207518749639422
1738,0.35,13,True,0.30085470085470084,0.3076923076923077,0.10890871780988975,2.4116022179746714
1739,0.35,13,True,0.3487179487179487,0.6153846153846154,0.2110702296074859,1.7004397181410922
1740,0.35,13,True,0.2931623931623932,0.5384615384615384,0.16564373802508225,1.8810947601100745
1741,0.35,13,True,0.341025641025641,0.6923076923076923,0.21923179899069856,1.3520301017579528
1742,0.35,13,True,0.3572649572649573,0.6153846153846154,0.2110702296074859,1.7004397181410922
1743,0.35,13,True,0.3743589743589743,0.6153846153846154,0.23794677496666627,1.8542858719872461
1744,0.35,13,True,0.347008547008547,0.6923076923076923,0.21923179899069856,1.3520301017579528
1745,0.35,13,True,0.45470085470085475,0.6923076923076923,0.2599940536914944,1.5058762556041068
1746,0.35,13,True,0.43504273504273505,0.6923076923076923,0.21923179899069856,1.3520301017579528
1747,0.35,13,True,0.37350427350427345,0.6923076923076923,0.2599940536914944,1.5058762556041068
1748,0.35,13,True,0.30769230769230765,0.6153846153846154,0.23794677496666627,1.8542858719872461
1749,0.4,12,True,0.4919191919191919,0.75,0.20226907788083903,1.0408520829727552
1750,0.4,12,True,0.48383838383838385,0.75,0.20226907788083903,1.0408520829727552
1751,0.4,12,True,0.3616161616161616,0.75,0.20226907788083903,1.0408520829727552
1752,0.4,12,True,0.46060606060606063,0.6666666666666666,0.13903595255631884,1.2516291673878228
1753,0.4,12,True,0.42323232323232324,0.75,0.20226907788083903,1.0408520829727552
1754,0.4,12,True,0.3898989898989899,0.75,0.2698043285786723,1.207518749639422
1755,0.45,11,True,0.44242424242424244,0.7272727272727273,0.2698043285786723,1.2776134368191154
1756,0.85,3,False,,,,
1757,0.85,3,False,,,,
1758,0.85,3,False,,,,
1759,0.85,3,False,,,,
1760,0.85,3,False,,,,
1761,0.85,3,False,,,,
1762,0.85,3,False,,,,
1763,0.95,1,False,,,,
1764,0.95,1,False,,,,
1765,0.85,3,False,,,,
1766,0.9,2,False,,,,
1767,0.9,2,False,,,,
1768,0.9,2,False,,,,
1769,0.9,2,False,,,,
1770,0.9,2,False,,,,
1771,0.85,3,False,,,,
1772,0.85,3,False,,,,
1773,0.85,3,False,,,,
1774,0.85,3,False,,,,
1775,0.85,3,False,,,,
1776,0.85,3,False,,,,
1777,0.4,12,True,0.41414141414141414,0.75,0.20226907788083903,1.0408520829727552
1778,0.4,12,True,0.42525252525252527,0.8333333333333334,0.26951797627815943,0.8166890883150209
1779,0.4,12,True,0.4161616161616161,0.6666666666666666,0.03977028213923883,0.9182958340544896
1780,0.35,13,True,0.4205128205128205,0.6153846153846154,0.2110702296074859,1.7004397181410922
1781,0.4,12,True,0.4434343434343434,0.75,0.2698043285786723,1.207518749639422
1782,0.4,12,True,0.44545454545454544,0.5,0.06452470277266575,1.5
1783,0.4,12,True,0.34949494949494947,0.6666666666666666,0.21533827903669656,1.4182958340544896
1784,0.4,12,True,0.3696969696969697,0.6666666666666666,0.21533827903669656,1.4182958340544896
1785,0.85,3,False,,,,
1786,0.85,3,False,,,,
1787,0.95,1,False,,,,
1788,0.95,1,False,,,,
1789,0.5,10,True,0.4755555555555555,0.8,0.26951797627815943,0.9219280948873623
1790,0.45,11,True,0.3878787878787879,0.45454545454545453,0.09251008974175934,1.4949188482339508
1791,0.45,11,True,0.36727272727272725,0.7272727272727273,0.2698043285786723,1.2776134368191154
1792,0.45,11,True,0.44727272727272727,0.7272727272727273,0.2698043285786723,1.2776134368191154
1793,0.45,11,True,0.4436363636363636,0.6363636363636364,0.21923179899069856,1.4911148500551854
1794,0.45,11,True,0.4218181818181818,0.7272727272727273,0.20226907788083914,1.0957952550009336
1795,0.45,11,True,0.41333333333333333,0.6363636363636364,0.2599940536914944,1.6729330318733675
1796,0.45,11,True,0.3418181818181818,0.45454545454545453,0.1818141191887922,2.0403733936884962
1797,0.45,11,True,0.3527272727272727,0.6363636363636364,0.21923179899069856,1.4911148500551854
1798,0.45,11,True,0.4096969696969697,0.7272727272727273,0.2698043285786723,1.2776134368191154
1799,0.45,11,True,0.3018181818181818,0.5454545454545454,0.21856773803935614,1.8676338909712125
1800,0.6,8,True,0.42380952380952386,0.75,0.1826545778534897,0.8112781244591328
1801,0.9,2,False,,,,
1802,0.65,7,True,0.39047619047619053,0.7142857142857143,0.2200697153331006,0.863120568566631
1803,0.6,8,True,0.3547619047619047,0.625,0.254765714633586,1.2987949406953985
1804,0.6,8,True,0.5,0.875,0.25021798863140454,0.5435644431995964
1805,0.6,8,True,0.3476190476190476,0.5,0.23339689032675248,1.4056390622295665
1806,0.5,10,True,0.23703703703703702,0.4,0.21731179010485935,2.0464393446710156
1807,0.45,11,True,0.39151515151515154,0.7272727272727273,0.2698043285786723,1.2776134368191154
1808,0.5,10,True,0.42814814814814817,0.7,0.2771568471826691,1.3567796494470397
1809,0.5,10,True,0.37629629629629624,0.6,0.27059858829622396,1.7709505944546688
1810,0.45,11,True,0.48000000000000004,0.7272727272727273,0.20226907788083914,1.0957952550009336
1811,0.45,11,True,0.38909090909090904,0.7272727272727273,0.2698043285786723,1.2776134368191154
1812,0.4,12,True,0.3333333333333333,0.5833333333333334,0.1647657494487228,1.6140054628542204
1813,0.4,12,True,0.3828282828282828,0.6666666666666666,0.25649672118988953,1.584962500721156
1814,0.4,12,True,0.34949494949494947,0.5,0.18424543142325833,1.896240625180289
1815,0.45,11,True,0.4242424242424242,0.7272727272727273,0.2698043285786723,1.2776134368191154
1816,0.45,11,True,0.4290909090909091,0.7272727272727273,0.2698043285786723,1.2776134368191154
1817,0.45,11,True,0.3321212121212121,0.5454545454545454,0.21856773803935636,1.8676338909712125
1818,0.4,12,True,0.2878787878787879,0.6666666666666666,0.21533827903669656,1.4182958340544896
1819,0.4,12,True,0.39191919191919194,0.5833333333333334,0.2110702296074859,1.780672129520887
1820,0.4,12,True,0.47575757575757577,0.75,0.2698043285786723,1.207518749639422
1821,0.4,12,True,0.28585858585858587,0.5833333333333334,0.2110702296074859,1.780672129520887
1822,0.35,13,True,0.31196581196581197,0.6153846153846154,0.2110702296074859,1.7004397181410922
1823,0.35,13,True,0.3641025641025641,0.6923076923076923,0.2599940536914944,1.5058762556041068
1824,0.35,13,True,0.3572649572649573,0.6153846153846154,0.2110702296074859,1.7004397181410922
1825,0.3,14,True,0.3743589743589743,0.5,0.15797425420712452,2.1179631753145163
1826,0.85,3,False,,,,
1827,0.85,3,False,,,,
1828,0.9,2,False,,,,
1829,0.4,12,True,0.30909090909090914,0.6666666666666666,0.2564967211898894,1.584962500721156
1830,0.4,12,True,0.3212121212121212,0.5833333333333334,0.2110702296074859,1.780672129520887
1831,0.4,12,True,0.39898989898989895,0.6666666666666666,0.2564967211898894,1.584962500721156
1832,0.35,13,True,0.347008547008547,0.5384615384615384,0.21440678351765363,2.1887870678023824
1833,0.35,13,True,0.24871794871794872,0.5384615384615384,0.18024525549299264,1.8230264907128848
1834,0.35,13,True,0.288034188034188,0.5384615384615384,0.21440678351765363,2.1887870678023824
1835,0.35,13,True,0.30085470085470084,0.5384615384615384,0.16564373802508225,1.8810947601100745
1836,0.25,15,True,0.4457142857142857,0.7333333333333333,0.2511573959832911,1.2366407419411674
1837,0.2,16,True,0.23944444444444446,0.4375,0.14773709288711945,2.474601752714581
1838,0.2,16,True,0.2644444444444444,0.4375,0.15033618345517696,2.771782221599798
1839,0.2,16,True,0.3505555555555555,0.5625,0.18233999335007445,1.9669171866886992
1840,0.2,16,True,0.31055555555555553,0.375,0.1554503579772094,2.061278124459133
1841,0.25,15,True,0.3453968253968254,0.6,0.22834005982783967,2.0049355947431313
1842,0.25,15,True,0.39111111111111113,0.6,0.1818141191887922,1.7382689280764647
1843,0.25,15,True,0.3549206349206349,0.6666666666666666,0.2338449694456599,1.5589385323502771
1844,0.25,15,True,0.3987301587301587,0.6,0.22834005982783967,2.0049355947431313
1845,0.25,15,True,0.4158730158730159,0.6,0.1818141191887922,1.7382689280764647
1846,0.25,15,True,0.5377777777777778,0.9333333333333333,0.32093180423165557,0.35335933502142136
1847,0.2,16,True,0.35444444444444445,0.6875,0.25753634565243533,1.4966407621868583
1848,0.2,16,True,0.42388888888888887,0.75,0.3149027910615312,1.311278124459133
1849,0.2,16,True,0.3111111111111111,0.5,0.15935730170421258,2.25
1850,0.2,16,True,0.4166666666666667,0.5625,0.13004494046575343,1.6225562489182659
1851,0.2,16,True,0.3555555555555555,0.5625,0.18233999335007445,1.9669171866886992
1852,0.2,16,True,0.3611111111111111,0.6875,0.28073194850728744,1.6216407621868583
1853,0.2,16,True,0.2961111111111111,0.5,0.13729180594228163,2.125
1854,0.2,16,True,0.38055555555555554,0.625,0.21731179010485935,1.6266144718101818
1855,0.2,16,True,0.32555555555555554,0.5625,0.16528093984799175,1.7947367178034823
1856,0.35,13,True,0.3222222222222222,0.5384615384615384,0.16564373802508225,1.8810947601100745
1857,0.5,10,True,0.3940740740740741,0.7,0.2771568471826691,1.3567796494470397
1858,0.5,10,True,0.4651851851851852,0.7,0.2771568471826691,1.3567796494470397
1859,0.45,11,True,0.5163636363636364,0.8181818181818182,0.26550220320535933,0.8658566174572235
1860,0.45,11,True,0.43393939393939396,0.7272727272727273,0.2698043285786723,1.2776134368191154
1861,0.45,11,True,0.47515151515151516,0.7272727272727273,0.2698043285786723,1.2776134368191154
1862,0.25,15,True,0.3485714285714286,0.5333333333333333,0.18618464294482606,2.1735572622751853
1863,0.3,14,True,0.38241758241758245,0.6428571428571429,0.24485034743374168,1.7695459925589747
1864,0.3,14,True,0.3377289377289377,0.5714285714285714,0.19980216002594897,1.950212064914747
1865,0.3,14,True,0.46886446886446886,0.7857142857142857,0.22812402278974897,0.9463729359854419
1866,0.4,12,True,0.4707070707070707,0.75,0.2698043285786723,1.207518749639422
1867,0.4,12,True,0.4222222222222223,0.75,0.2698043285786723,1.207518749639422
1868,0.4,12,True,0.36363636363636365,0.6666666666666666,0.25649672118988953,1.584962500721156
1869,0.4,12,True,0.3191919191919192,0.5833333333333334,0.23794677496666627,1.9473387961875537
1870,0.45,11,True,0.3987878787878788,0.6363636363636364,0.21923179899069856,1.4911148500551854
1871,0.45,11,True,0.4715151515151515,0.8181818181818182,0.26550220320535933,0.8658566174572235
1872,0.5,10,True,0.40888888888888886,0.6,0.27059858829622396,1.7709505944546688
1873,0.5,10,True,0.39851851851851855,0.6,0.27059858829622396,1.7709505944546688
1874,0.5,10,True,0.39555555555555555,0.8,0.26951797627815943,0.9219280948873623
1875,0.5,10,True,0.37037037037037035,0.4,0.17171437109950471,1.8464393446710154
1876,0.5,10,True,0.3777777777777778,0.7,0.21080508763824013,1.1567796494470395
1877,0.5,10,True,0.3214814814814815,0.5,0.2338449694456599,1.9609640474436814
1878,0.5,10,True,0.4651851851851852,0.7,0.21080508763824013,1.1567796494470395
1879,0.45,11,True,0.4715151515151515,0.8181818181818182,0.26550220320535933,0.8658566174572235
1880,0.45,11,True,0.3418181818181818,0.5454545454545454,0.18936821383131186,1.6171895725927152
1881,0.95,1,False,,,,
1882,0.35,13,True,0.3153846153846154,0.6153846153846154,0.1647657494487227,1.5465935642949382
1883,0.35,13,True,0.358974358974359,0.6923076923076923,0.21923179899069856,1.3520301017579528
1884,0.35,13,True,0.347008547008547,0.6153846153846154,0.23794677496666605,1.8542858719872461
1885,0.35,13,True,0.4880341880341881,0.7692307692307693,0.2771568471826691,1.1451104143815827
1886,0.35,13,True,0.347008547008547,0.5384615384615384,0.18024525549299264,1.8230264907128848
1887,0.8,4,False,,,,
1888,0.4,12,True,0.40404040404040403,0.6666666666666666,0.25649672118988953,1.584962500721156
1889,0.4,12,True,0.3151515151515152,0.5833333333333334,0.18102136700694205,1.5510981710072647
1890,0.55,9,True,0.2,0.2222222222222222,0.24511122979648525,2.503258334775646
1891,0.6,8,True,0.24761904761904763,0.25,0.30968313518177704,2.75
1892,0.35,13,True,0.4025641025641026,0.5384615384615384,0.18024525549299264,1.8230264907128848
1893,0.3,14,True,0.2937728937728938,0.42857142857142855,0.1332744569528398,2.217021885879718
1894,0.3,14,True,0.4285714285714286,0.7142857142857143,0.23103764446506314,1.2916919971380596
1895,0.3,14,True,0.3897435897435898,0.6428571428571429,0.24485034743374168,1.7695459925589747
1896,0.3,14,True,0.28937728937728935,0.42857142857142855,0.1430164685151104,2.4137995646056805
1897,0.25,15,True,0.49333333333333335,0.6666666666666666,0.2338449694456599,1.5589385323502774
1898,0.25,15,True,0.37015873015873013,0.4666666666666667,0.14704271718487982,2.33012496531497
1899,0.25,15,True,0.3657142857142857,0.5333333333333333,0.1659600812249996,2.040223928941852
1900,0.4,12,True,0.4090909090909091,0.6666666666666666,0.2564967211898894,1.584962500721156
1901,0.4,12,True,0.4101010101010101,0.75,0.2698043285786723,1.207518749639422
1902,0.75,5,True,0.24666666666666667,0.4,0.4436691855250421,1.9219280948873623
1903,0.4,12,True,0.3101010101010101,0.4166666666666667,0.13289029510478378,2.1174924611847548
1904,0.4,12,True,0.402020202020202,0.6666666666666666,0.2564967211898894,1.584962500721156
1905,0.45,11,True,0.33575757575757575,0.6363636363636364,0.14355618924091973,1.3092966682370037
1906,0.4,12,True,0.3747474747474747,0.6666666666666666,0.25649672118988953,1.584962500721156
1907,0.4,12,True,0.3141414141414141,0.5833333333333334,0.1647657494487228,1.6140054628542204
1908,0.4,12,True,0.3373737373737374,0.6666666666666666,0.25649672118988953,1.584962500721156
1909,0.4,12,True,0.4686868686868687,0.75,0.2698043285786723,1.207518749639422
1910,0.4,12,True,0.3909090909090909,0.6666666666666666,0.21533827903669656,1.4182958340544896
1911,0.4,12,True,0.5181818181818182,0.75,0.2698043285786723,1.207518749639422
1912,0.4,12,True,0.44747474747474747,0.6666666666666666,0.21533827903669656,1.4182958340544896
1913,0.5,10,True,0.49925925925925924,0.8,0.26951797627815943,0.9219280948873623
1914,0.5,10,True,0.48000000000000004,0.9,0.2211186092838502,0.4689955935892812
1915,0.5,10,True,0.3377777777777778,0.6,0.27059858829622396,1.7709505944546688
1916,0.5,10,True,0.45185185185185184,0.6,0.27059858829622396,1.7709505944546688
1917,0.55,9,True,0.29814814814814816,0.5555555555555556,0.2511573959832911,1.6577427265048887
1918,0.6,8,True,0.49523809523809526,0.75,0.3022690778808391,1.061278124459133
1919,0.6,8,True,0.319047619047619,0.5,0.21452470277266567,1.5
1920,0.6,8,True,0.5666666666666667,0.875,0.25021798863140454,0.5435644431995964
1921,0.6,8,True,0.4595238095238095,0.75,0.3022690778808391,1.061278124459133
1922,0.5,10,True,0.397037037037037,0.7,0.2771568471826691,1.3567796494470397
1923,0.5,10,True,0.36444444444444446,0.6,0.23103764446506314,1.5709505944546687
1924,0.45,11,True,0.3709090909090909,0.6363636363636364,0.21923179899069856,1.4911148500551854
1925,0.45,11,True,0.34060606060606063,0.5454545454545454,0.17311259627309272,1.6858157091530304
1926,0.5,10,True,0.38962962962962966,0.6,0.23103764446506325,1.5709505944546687
1927,0.5,10,True,0.3733333333333333,0.6,0.23103764446506325,1.5709505944546687
1928,0.5,10,True,0.52,0.9,0.2211186092838502,0.4689955935892812
1929,0.45,11,True,0.48727272727272725,0.7272727272727273,0.2698043285786723,1.2776134368191154
1930,0.45,11,True,0.41575757575757577,0.7272727272727273,0.20226907788083903,1.0957952550009336
1931,0.3,14,True,0.33919413919413915,0.42857142857142855,0.15740889981958905,2.5566567074628237
1932,0.3,14,True,0.3992673992673993,0.7142857142857143,0.23103764446506314,1.2916919971380596
1933,0.25,15,True,0.3288888888888889,0.6666666666666666,0.2338449694456599,1.5589385323502774
1934,0.25,15,True,0.386031746031746,0.6,0.1964156366567027,1.6879430945989
1935,0.25,15,True,0.33904761904761904,0.4,0.07524052280606319,2.1055872616982603
1936,0.25,15,True,0.4057142857142857,0.6666666666666666,0.25891735050123776,1.6922718656836107
1937,0.2,16,True,0.36777777777777776,0.6875,0.25753634565243533,1.4966407621868583
1938,0.2,16,True,0.3466666666666667,0.5,0.17193876007360387,2.202819531114783
1939,0.2,16,True,0.28,0.375,0.10968313518177719,2.436278124459133
1940,0.3,14,True,0.4146520146520147,0.42857142857142855,0.09968419119617988,1.7273966735744792
1941,0.35,13,True,0.4205128205128205,0.6153846153846154,0.2110702296074859,1.7004397181410922
1942,0.3,14,True,0.26886446886446885,0.5,0.15797425420712452,2.1179631753145163
1943,0.2,16,True,0.3383333333333333,0.625,0.23024907521851967,1.7987949406953985
1944,0.2,16,True,0.4194444444444444,0.6875,0.28073194850728744,1.6216407621868583
1945,0.2,16,True,0.31444444444444447,0.5,0.17287377660531789,2.375
1946,0.2,16,True,0.7333333333333333,1.0,0.2780719051126377,0.0
1947,0.2,16,True,0.3611111111111111,0.625,0.19852640934862487,1.4237949406953985
1948,0.2,16,True,0.2611111111111111,0.5,0.1507366236287142,2.077819531114783
1949,0.3,14,True,0.3457875457875458,0.6428571428571429,0.21856773803935636,1.626688849701832
1950,0.35,13,True,0.31025641025641026,0.5384615384615384,0.1961188691478417,2.0349409139562287
1951,0.8,4,False,,,,
1952,0.8,4,False,,,,
1953,0.85,3,False,,,,
1954,0.85,3,False,,,,
1955,0.95,1,False,,,,
1956,0.95,1,False,,,,
1957,0.85,3,False,,,,
1958,0.85,3,False,,,,
1959,0.85,3,False,,,,
1960,0.85,3,False,,,,
1961,0.85,3,False,,,,
1962,0.85,3,False,,,,
1963,0.9,2,False,,,,
1964,0.95,1,False,,,,
1965,0.95,1,False,,,,
1966,0.95,1,False,,,,
1967,0.95,1,False,,,,
1968,0.9,2,False,,,,
1969,0.9,2,False,,,,
1970,0.9,2,False,,,,
1971,0.9,2,False,,,,
1972,0.9,2,False,,,,
1973,0.9,2,False,,,,
1974,0.9,2,False,,,,
1975,0.9,2,False,,,,
1976,0.9,2,False,,,,
1977,0.9,2,False,,,,
1978,0.4,12,True,0.28484848484848485,0.5,0.19980216002594897,2.125814583693911
1979,0.25,15,True,0.26857142857142857,0.4666666666666667,0.11666683845820103,1.9628066316931743
1980,0.25,15,True,0.3244444444444445,0.4666666666666667,0.13757699309260762,2.1464657985040723
1981,0.25,15,True,0.4165079365079365,0.6666666666666666,0.1901204745045889,1.4256051990169438
1982,0.2,16,True,0.27944444444444444,0.375,0.1020483628553076,2.6556390622295662
1983,0.2,16,True,0.4166666666666667,0.6875,0.25753634565243533,1.4966407621868583
1984,0.25,15,True,0.3136507936507937,0.5333333333333333,0.18618464294482606,2.1735572622751858
1985,0.2,16,True,0.3888888888888889,0.5625,0.16528093984799175,1.7947367178034825
1986,0.2,16,True,0.43,0.5625,0.14001345298901247,1.2475562489182659
1987,0.2,16,True,0.34111111111111114,0.5625,0.20151271858722597,2.091917186688699
1988,0.2,16,True,0.38166666666666665,0.4375,0.09501438743712343,2.021782221599798
1989,0.2,16,True,0.41777777777777775,0.75,0.3149027910615312,1.311278124459133
1990,0.2,16,True,0.44333333333333336,0.75,0.2803607492695731,1.186278124459133
1991,0.2,16,True,0.35833333333333334,0.5625,0.1957848110365069,1.9197367178034825
1992,0.2,16,True,0.365,0.5625,0.15067942238008114,1.8419171866886992
1993,0.2,16,True,0.3016666666666667,0.5625,0.20151271858722597,2.091917186688699
1994,0.2,16,True,0.33055555555555555,0.5625,0.1957848110365069,1.9197367178034825
1995,0.2,16,True,0.33611111111111114,0.5625,0.18233999335007445,1.9669171866886992
1996,0.2,16,True,0.36777777777777776,0.5625,0.20151271858722597,2.091917186688699
1997,0.2,16,True,0.4022222222222222,0.625,0.20271027263694896,1.6737949406953985
1998,0.25,15,True,0.3180952380952381,0.6666666666666666,0.25891735050123776,1.6922718656836107
1999,0.95,1,False,,,,
2000,0.3,14,True,0.3948717948717949,0.5714285714285714,0.16171420253845625,1.5216406363433184
2001,0.25,15,True,0.27174603174603174,0.4666666666666667,0.14704271718487982,2.33012496531497
2002,0.25,15,True,0.4342857142857143,0.7333333333333333,0.2886710424611464,1.3699740752745009
2003,0.25,15,True,0.47619047619047616,0.8,0.31502247023287666,1.0389205950315936
2004,0.25,15,True,0.40698412698412695,0.4666666666666667,0.14580339391378594,1.5628066316931741
2005,0.25,15,True,0.45650793650793653,0.8,0.31502247023287666,1.0389205950315936
2006,0.2,16,True,0.4411111111111111,0.625,0.23024907521851967,1.7987949406953985
2007,0.2,16,True,0.3516666666666667,0.4375,0.15975289411697746,2.0461796919474975
2008,0.2,16,True,0.35444444444444445,0.5625,0.16528093984799175,1.7947367178034823
2009,0.2,16,True,0.47333333333333333,0.8125,0.3468177238411746,0.9933927290103626
2010,0.2,16,True,0.5088888888888888,0.6875,0.23275129257820693,1.3244602933016414
2011,0.2,16,True,0.4122222222222222,0.5,0.12079703257798213,1.6493974703476992
2012,0.2,16,True,0.52,0.875,0.3716101752764803,0.6685644431995964
2013,0.2,16,True,0.5722222222222222,0.875,0.27015330083790245,0.5435644431995964
2014,0.2,16,True,0.2822222222222222,0.3125,0.0780142263502751,2.5550365325772657
2015,0.2,16,True,0.28500000000000003,0.375,0.1020483628553076,2.6556390622295662
2016,0.25,15,True,0.3180952380952381,0.4,0.07524052280606297,2.1055872616982603
2017,0.25,15,True,0.44126984126984126,0.4666666666666667,0.08648012054822751,1.7464657985040721
2018,0.25,15,True,0.43555555555555553,0.6,0.17526308211995778,1.4716022614097979
2019,0.2,16,True,0.29388888888888887,0.4375,0.14526931617299932,2.646782221599798
2020,0.2,16,True,0.46888888888888886,0.75,0.2803607492695732,1.186278124459133
2021,0.2,16,True,0.385,0.5625,0.14001345298901247,1.2475562489182659
2022,0.2,16,True,0.44166666666666665,0.5,0.16171420253845625,1.5306390622295665
2023,0.2,16,True,0.3888888888888889,0.5625,0.1957848110365069,1.9197367178034823
2024,0.2,16,True,0.335,0.5625,0.1957848110365069,1.9197367178034825
2025,0.2,16,True,0.5133333333333333,0.75,0.23339689032675248,1.014097655573916
2026,0.2,16,True,0.4488888888888889,0.6875,0.25753634565243533,1.4966407621868583
2027,0.25,15,True,0.3942857142857143,0.5333333333333333,0.13289029510478378,1.9068905956085185
2028,0.25,15,True,0.4774603174603174,0.7333333333333333,0.2511573959832911,1.2366407419411674
2029,0.25,15,True,0.2806349206349206,0.4666666666666667,0.1596241755542711,2.279799131837405
2030,0.25,15,True,0.31555555555555553,0.4666666666666667,0.1596241755542711,2.279799131837405
2031,0.25,15,True,0.26857142857142857,0.4,0.12743761455218416,2.606238928653389
2032,0.7,6,True,0.2,0.3333333333333333,0.3977554223658072,2.2516291673878226
2033,0.85,3,False,,,,
2034,0.85,3,False,,,,
2035,0.9,2,False,,,,
2036,0.95,1,False,,,,
2037,0.95,1,False,,,,
2038,0.95,1,False,,,,
2039,0.95,1,False,,,,
2040,0.95,1,False,,,,
2041,0.95,1,False,,,,
2042,0.95,1,False,,,,
2043,0.95,1,False,,,,
2044,0.9,2,False,,,,
2045,0.9,2,False,,,,
2046,0.9,2,False,,,,
2047,0.9,2,False,,,,
2048,0.9,2,False,,,,
2049,0.9,2,False,,,,
2050,0.9,2,False,,,,
2051,0.9,2,False,,,,
2052,0.9,2,False,,,,
2053,0.9,2,False,,,,
2054,0.9,2,False,,,,
2055,0.85,3,False,,,,
2056,0.85,3,False,,,,
2057,0.8,4,False,,,,
2058,0.85,3,False,,,,
2059,0.3,14,True,0.25347985347985347,0.42857142857142855,0.1430164685151104,2.4137995646056805
2060,0.3,14,True,0.36043956043956044,0.5714285714285714,0.16171420253845625,1.5216406363433184
2061,0.15,17,True,0.45441176470588235,0.7058823529411765,0.2698043285786723,1.2772018112022603
2062,0.15,17,True,0.5014705882352941,0.8235294117647058,0.340482362830567,0.8343470230852538
2063,0.15,17,True,0.3950980392156863,0.6470588235294118,0.25855604748291794,1.731360029190912
2064,0.15,17,True,0.4843137254901961,0.7647058823529411,0.32000568559205445,1.1400677626718572
2065,0.15,17,True,0.3176470588235294,0.5882352941176471,0.20807317419415017,1.8980933736695382
2066,0.15,17,True,0.37352941176470594,0.5882352941176471,0.19322802684931584,1.7360411676599221
2067,0.15,17,True,0.38382352941176473,0.5882352941176471,0.19322802684931562,1.7360411676599221
2068,0.15,17,True,0.34509803921568627,0.6470588235294118,0.2585560474829177,1.731360029190912
2069,0.15,17,True,0.3264705882352941,0.5294117647058824,0.19312997374815177,2.291620193427939
2070,0.15,17,True,0.3642156862745098,0.7647058823529411,0.35051363316910866,1.2577148214953864
2071,0.15,17,True,0.4421568627450981,0.5294117647058824,0.08025446484993282,1.4466479595102752
2072,0.15,17,True,0.3323529411764706,0.47058823529411764,0.10239092917289783,1.7345216647797512
2073,0.15,17,True,0.36960784313725487,0.6470588235294118,0.2585560474829177,1.731360029190912
2074,0.15,17,True,0.38529411764705884,0.5294117647058824,0.18076084362328393,2.1739731346044096
2075,0.15,17,True,0.3573529411764706,0.5882352941176471,0.22559344255483083,2.0157404324930677
2076,0.15,17,True,0.49607843137254903,0.8823529411764706,0.4229921134636,0.6402064333604701
2077,0.15,17,True,0.31519607843137254,0.29411764705882354,0.06543276798088404,2.5810134015775863
2078,0.15,17,True,0.4602941176470588,0.7647058823529411,0.35051363316910866,1.2577148214953864
2079,0.15,17,True,0.5176470588235295,0.9411764705882353,0.44214218356782176,0.3227569588973982
2080,0.15,17,True,0.25882352941176473,0.4117647058823529,0.14773709288711945,2.460904932167797
2081,0.15,17,True,0.3676470588235294,0.5882352941176471,0.22151799188058263,1.8536882264834516
2082,0.15,17,True,0.5019607843137255,0.8823529411764706,0.4229921134636,0.6402064333604701
2083,0.15,17,True,0.36176470588235293,0.5294117647058824,0.14845104387083763,1.6087001655198914
2084,0.15,17,True,0.4647058823529412,0.8823529411764706,0.4229921134636,0.6402064333604701
2085,0.15,17,True,0.5308823529411765,0.8823529411764706,0.4229921134636,0.6402064333604701
2086,0.15,17,True,0.4627450980392157,0.5294117647058824,0.08028267642490672,0.9975025463691153
2087,0.15,17,True,0.5186274509803922,0.8235294117647058,0.340482362830567,0.8343470230852538
2088,0.15,17,True,0.3602941176470588,0.5882352941176471,0.19322802684931562,1.7360411676599226
2089,0.15,17,True,0.39558823529411763,0.5882352941176471,0.21731179010485935,1.6627992560224794
2090,0.15,17,True,0.41911764705882354,0.7058823529411765,0.31137805050685086,1.5569010760354054
2091,0.15,17,True,0.3637254901960784,0.5294117647058824,0.14845104387083763,1.608700165519891
2092,0.15,17,True,0.4328431372549019,0.6470588235294118,0.2480540998648021,1.5693078231812958
2093,0.15,17,True,0.36715686274509807,0.47058823529411764,0.1507366236287142,2.08746284125034
2094,0.15,17,True,0.36911764705882355,0.5294117647058824,0.1736089100121373,2.011920928594794
2095,0.2,16,True,0.4222222222222223,0.4375,0.11114167295048272,1.6774212838293647
2096,0.2,16,True,0.2961111111111111,0.4375,0.15975289411697746,2.0461796919474975
2097,0.2,16,True,0.31166666666666665,0.5,0.17287377660531789,2.375
2098,0.2,16,True,0.4583333333333333,0.5,0.16171420253845625,1.5306390622295665
2099,0.2,16,True,0.3761111111111111,0.5625,0.18936470310353548,1.7169171866886992
2100,0.2,16,True,0.3333333333333333,0.4375,0.12614908424583438,1.9211796919474975
2101,0.2,16,True,0.425,0.75,0.3149027910615312,1.311278124459133
2102,0.2,16,True,0.4066666666666666,0.5625,0.17526308211995778,1.4913146570363986
2103,0.2,16,True,0.43333333333333335,0.625,0.06276943678387037,0.954434002924965
2104,0.2,16,True,0.42833333333333334,0.75,0.2803607492695731,1.186278124459133
2105,0.95,1,False,,,,
2106,0.2,16,True,0.36000000000000004,0.5,0.15935730170421258,2.25
2107,0.2,16,True,0.42444444444444446,0.75,0.3149027910615312,1.311278124459133
2108,0.2,16,True,0.49166666666666664,0.9375,0.3742690141061863,0.3372900666170139
2109,0.2,16,True,0.49777777777777776,0.8125,0.29167886095217377,0.8683927290103626
2110,0.2,16,True,0.43611111111111106,0.625,0.19852640934862487,1.4237949406953985
2111,0.2,16,True,0.535,0.8125,0.3468177238411746,0.9933927290103626
2112,0.2,16,True,0.4855555555555556,0.8125,0.3468177238411746,0.9933927290103626
2113,0.2,16,True,0.33,0.4375,0.10890871780988975,2.224601752714581
2114,0.2,16,True,0.49333333333333335,0.75,0.3149027910615312,1.311278124459133
2115,0.2,16,True,0.46499999999999997,0.75,0.23339689032675248,1.014097655573916
2116,0.2,16,True,0.29333333333333333,0.3125,0.12901281696335232,2.5487949406953985
2117,0.2,16,True,0.365,0.625,0.24634531751877298,1.9237949406953985
2118,0.2,16,True,0.4066666666666666,0.75,0.23339689032675248,1.014097655573916
2119,0.2,16,True,0.3422222222222222,0.625,0.24634531751877298,1.9237949406953985
2120,0.95,1,False,,,,
2121,0.95,1,False,,,,
2122,0.95,1,False,,,,
2123,0.3,14,True,0.3487179487179487,0.5714285714285714,0.16171420253845625,1.5216406363433184
2124,0.3,14,True,0.35824175824175825,0.6428571428571429,0.21856773803935614,1.626688849701832
2125,0.3,14,True,0.28498168498168497,0.5,0.17871162601638213,2.2608203181716595
2126,0.35,13,True,0.3743589743589743,0.5384615384615384,0.1961188691478417,2.0349409139562287
2127,0.3,14,True,0.4146520146520147,0.6428571428571429,0.24485034743374168,1.7695459925589747
2128,0.2,16,True,0.3638888888888889,0.4375,0.13108461883425948,2.146782221599798
2129,0.25,15,True,0.4184126984126984,0.5333333333333333,0.14749181257269428,1.856564762130954
2130,0.3,14,True,0.4043956043956044,0.6428571428571429,0.21856773803935614,1.6266888497018317
2131,0.2,16,True,0.33999999999999997,0.5625,0.20151271858722597,2.091917186688699
2132,0.2,16,True,0.38388888888888884,0.625,0.23024907521851967,1.7987949406953985
2133,0.2,16,True,0.3027777777777778,0.4375,0.09501438743712343,2.021782221599798
2134,0.2,16,True,0.4811111111111111,0.8125,0.3468177238411746,0.9933927290103626
2135,0.2,16,True,0.40611111111111114,0.5625,0.16528093984799175,1.7947367178034823
2136,0.2,16,True,0.40444444444444444,0.75,0.3149027910615312,1.311278124459133
2137,0.2,16,True,0.48333333333333334,0.9375,0.3742690141061863,0.3372900666170139
2138,0.15,17,True,0.4892156862745098,0.6470588235294118,0.272834556823775,1.8490070880144414
2139,0.15,17,True,0.37107843137254903,0.6470588235294118,0.272834556823775,1.8490070880144414
2140,0.1,18,True,0.42875816993464055,0.6111111111111112,0.2334525823968916,1.6805563732659934
2141,0.1,18,True,0.2906318082788671,0.6111111111111112,0.2602530984543837,1.9447167900528528
2142,0.1,18,True,0.2758169934640523,0.5,0.18076084362328393,2.2096909728231857
2143,0.1,18,True,0.4344226579520697,0.6111111111111112,0.25753634565243533,1.6113834567195195
2144,0.1,18,True,0.469281045751634,0.7777777777777778,0.3725991547047849,1.0975378398419535
2145,0.1,18,True,0.43224400871459695,0.7777777777777778,0.3977554223658072,1.2086489509530647
2146,0.15,17,True,0.5186274509803922,0.8823529411764706,0.33499008803474906,0.5225593745369408
2147,0.15,17,True,0.3352941176470588,0.5294117647058824,0.17360891001213719,2.0119209285947934
2148,0.15,17,True,0.41568627450980394,0.5882352941176471,0.21731179010485935,1.6627992560224794
2149,0.15,17,True,0.4264705882352941,0.6470588235294118,0.19949284709658266,1.1660870601063933
2150,0.15,17,True,0.3529411764705882,0.5882352941176471,0.20807317419414995,1.8980933736695382
2151,0.2,16,True,0.6038888888888889,0.875,0.27015330083790245,0.5435644431995964
2152,0.2,16,True,0.48666666666666664,0.875,0.27015330083790245,0.5435644431995964
2153,0.15,17,True,0.4019607843137255,0.47058823529411764,0.11024061188708112,1.7130788426267936
2154,0.15,17,True,0.45637254901960783,0.8823529411764706,0.4229921134636,0.6402064333604701
2155,0.15,17,True,0.37401960784313726,0.5882352941176471,0.17862650938140523,1.7804463148460088
2156,0.1,18,True,0.3520697167755991,0.5555555555555556,0.23024907521851967,1.879964948727111
2157,0.1,18,True,0.3660130718954248,0.3888888888888889,0.1961188691478417,1.9864267287308424
2158,0.1,18,True,0.34509803921568627,0.5555555555555556,0.21301198418543954,2.102187170949333
2159,0.1,18,True,0.481917211328976,0.8888888888888888,0.4890359525563188,0.6143694458867568
2160,0.1,18,True,0.4631808278867103,0.7777777777777778,0.3977554223658072,1.2086489509530647
2161,0.1,18,True,0.4492374727668845,0.7777777777777778,0.3977554223658072,1.2086489509530647
2162,0.1,18,True,0.3982570806100218,0.7222222222222222,0.35289896413803834,1.497385205007079
2163,0.1,18,True,0.3812636165577342,0.6111111111111112,0.2602530984543837,1.9447167900528528
2164,0.2,16,True,0.32111111111111107,0.4375,0.12021537594426634,2.396782221599798
2165,0.2,16,True,0.5583333333333333,0.9375,0.3742690141061863,0.3372900666170139
2166,0.1,18,True,0.5093681917211329,0.7777777777777778,0.3725991547047849,1.0975378398419535
2167,0.1,18,True,0.4901960784313726,0.8333333333333334,0.4041199259095133,0.8030717273241024
2168,0.1,18,True,0.30980392156862746,0.5555555555555556,0.21301198418543965,2.102187170949333
2169,0.1,18,True,0.3747276688453159,0.7222222222222222,0.35289896413803834,1.497385205007079
2170,0.1,18,True,0.4610021786492375,0.6666666666666666,0.2979332328204184,1.6688388898504305
2171,0.1,18,True,0.3638344226579521,0.6666666666666666,0.29081902780598756,1.5157895841746822
2172,0.1,18,True,0.5019607843137255,0.8333333333333334,0.4041199259095133,0.8030717273241024
2173,0.1,18,True,0.55599128540305,0.8333333333333334,0.4041199259095133,0.8030717273241024
2174,0.1,18,True,0.3991285403050109,0.7222222222222222,0.3037500680338352,1.2751629827848567
2175,0.15,17,True,0.4882352941176471,0.8235294117647058,0.38885477226300413,0.951994081908783
2176,0.15,17,True,0.5166666666666667,0.7058823529411765,0.14652605660438867,0.8739810481273578
2177,0.15,17,True,0.49460784313725487,0.8235294117647058,0.388854772263004,0.951994081908783
2178,0.15,17,True,0.34558823529411764,0.47058823529411764,0.17193876007360365,2.205109900073869
2179,0.15,17,True,0.38823529411764707,0.47058823529411764,0.17940489891143208,1.992778107459939
2180,0.15,17,True,0.3514705882352941,0.5882352941176471,0.20807317419414995,1.8980933736695382
2181,0.15,17,True,0.47156862745098044,0.47058823529411764,0.06452470277266575,1.4836591643979626
2182,0.15,17,True,0.36715686274509807,0.5882352941176471,0.22151799188058263,1.853688226483452
2183,0.15,17,True,0.4696078431372549,0.7647058823529411,0.32000568559205445,1.1400677626718572
2184,0.1,18,True,0.42309368191721136,0.6666666666666666,0.2979332328204184,1.6688388898504303
2185,0.1,18,True,0.4318082788671024,0.5555555555555556,0.23103764446506325,1.4627552262645034
2186,0.15,17,True,0.5176470588235295,0.9411764705882353,0.44214218356782176,0.3227569588973982
2187,0.15,17,True,0.3622549019607843,0.6470588235294118,0.272834556823775,1.8490070880144414
2188,0.2,16,True,0.5777777777777778,0.875,0.3716101752764803,0.6685644431995964
2189,0.15,17,True,0.4759803921568627,0.8235294117647058,0.38885477226300413,0.951994081908783
2190,0.15,17,True,0.44411764705882356,0.5882352941176471,0.10726235138633289,1.383099991189334
2191,0.15,17,True,0.6049019607843138,0.8235294117647058,0.38885477226300413,0.951994081908783
2192,0.15,17,True,0.6142156862745097,0.8823529411764706,0.33499008803474906,0.5225593745369408
2193,0.2,16,True,0.35944444444444446,0.5,0.11635711576398333,1.9528195311147831
2194,0.15,17,True,0.5848039215686275,0.7647058823529411,0.27942323606034725,0.9780155566622414
2195,0.15,17,True,0.6117647058823529,0.9411764705882353,0.44214218356782176,0.3227569588973982
2196,0.15,17,True,0.6705882352941176,0.9411764705882353,0.44214218356782176,0.3227569588973982
2197,0.1,18,True,0.4047930283224401,0.7222222222222222,0.33591211570119817,1.386274093895968
2198,0.1,18,True,0.6387799564270152,0.8888888888888888,0.4890359525563188,0.6143694458867568
2199,0.1,18,True,0.44793028322440087,0.6666666666666666,0.25354871102045307,1.404678473063571
2200,0.1,18,True,0.32505446623093687,0.3333333333333333,0.1430164685151104,2.335505556517097
2201,0.1,18,True,0.3429193899782135,0.5555555555555556,0.22907300390241692,2.3244093931715555
2202,0.15,17,True,0.3720588235294118,0.5882352941176471,0.20807317419414995,1.8980933736695382
2203,0.1,18,True,0.3150326797385621,0.3888888888888889,0.15797425420712452,2.1054105870684143
2204,0.1,18,True,0.3224400871459695,0.5,0.18076084362328382,2.2096909728231857
2205,0.1,18,True,0.31198257080610026,0.4444444444444444,0.14749181257269428,1.9274512249645188
2206,0.15,17,True,0.24313725490196078,0.47058823529411764,0.13860542674027043,2.322756958897399
2207,0.1,18,True,0.2374727668845316,0.3888888888888889,0.17871162601638202,2.2165216981795255
2208,0.55,9,True,0.274074074074074,0.4444444444444444,0.25753634565243533,2.058813890331201
2209,0.1,18,True,0.28540305010893247,0.4444444444444444,0.15051499783199063,2.6143694458867563
2210,0.85,3,False,,,,
2211,0.85,3,False,,,,
2212,0.85,3,False,,,,
2213,0.85,3,False,,,,
2214,0.25,15,True,0.36063492063492064,0.6,0.22834005982783967,2.0049355947431313
2215,0.25,15,True,0.4076190476190476,0.7333333333333333,0.2511573959832911,1.2366407419411674
2216,0.25,15,True,0.3638095238095238,0.5333333333333333,0.17940489891143208,1.9898980954642875
2217,0.25,15,True,0.33968253968253964,0.6,0.21100826863279232,1.871602261409798
2218,0.25,15,True,0.5098412698412698,0.8,0.254765714633586,0.9055872616982603
2219,0.65,7,True,0.24126984126984127,0.2857142857142857,0.35289896413803834,2.5216406363433186
2220,0.55,9,True,0.3314814814814815,0.5555555555555556,0.2886710424611463,1.8799649487271108
2221,0.15,17,True,0.4955882352941176,0.8235294117647058,0.38885477226300413,0.951994081908783
2222,0.15,17,True,0.3245098039215686,0.5882352941176471,0.22151799188058263,1.8536882264834516
2223,0.1,18,True,0.3193899782135076,0.5,0.20151271858722597,2.1405180562767114
2224,0.1,18,True,0.3037037037037037,0.4444444444444444,0.13729180594228163,2.169925001442312
2225,0.1,18,True,0.30196078431372547,0.5,0.18858513271651123,2.473851389610045
2226,0.15,17,True,0.34019607843137256,0.5882352941176471,0.20807317419414995,1.8980933736695382
2227,0.15,17,True,0.34313725490196073,0.5294117647058824,0.1736089100121373,2.011920928594794
2228,0.15,17,True,0.4852941176470588,0.7058823529411765,0.2698043285786723,1.2772018112022603
2229,0.15,17,True,0.3975490196078431,0.5882352941176471,0.22151799188058263,1.8536882264834516
2230,0.15,17,True,0.44901960784313727,0.5294117647058824,0.18936821383131186,1.49692754611459
2231,0.15,17,True,0.25049019607843137,0.47058823529411764,0.16514133821245347,2.3959988705348416
2232,0.15,17,True,0.3877450980392157,0.5882352941176471,0.17862650938140523,1.7804463148460088
2233,0.2,16,True,0.335,0.5625,0.16528093984799175,1.7947367178034825
2234,0.2,16,True,0.38,0.5625,0.16528093984799175,1.7947367178034825
2235,0.2,16,True,0.4744444444444445,0.8125,0.29167886095217377,0.8683927290103626
2236,0.15,17,True,0.5955882352941176,0.8823529411764706,0.4229921134636,0.6402064333604701
2237,0.15,17,True,0.5029411764705882,0.7647058823529411,0.35051363316910866,1.2577148214953864
2238,0.15,17,True,0.5127450980392158,0.8235294117647058,0.340482362830567,0.8343470230852538
2239,0.15,17,True,0.3730392156862745,0.4117647058823529,0.12235353549632222,2.1812056673346514
2240,0.15,17,True,0.3985294117647059,0.5882352941176471,0.22559344255483083,2.0157404324930677
2241,0.15,17,True,0.39656862745098037,0.5294117647058824,0.1957848110365069,1.9386790169573507
2242,0.15,17,True,0.3813725490196079,0.47058823529411764,0.14749181257269428,1.8751310486364097
2243,0.1,18,True,0.4152505446623094,0.7222222222222222,0.3359121157011983,1.3862740938959681
2244,0.1,18,True,0.3137254901960784,0.3888888888888889,0.09946350098032408,2.4806821149663847
2245,0.1,18,True,0.269281045751634,0.3888888888888889,0.11204495934971526,2.4387439204017474
2246,0.1,18,True,0.4148148148148148,0.8333333333333334,0.4436691855250422,0.9141828384352135
2247,0.1,18,True,0.34901960784313724,0.4444444444444444,0.16964391395534772,1.8638263900908156
2248,0.1,18,True,0.42614379084967324,0.7222222222222222,0.35289896413803834,1.497385205007079
2249,0.1,18,True,0.4784313725490196,0.8333333333333334,0.4041199259095133,0.8030717273241024
2250,0.1,18,True,0.3681917211328976,0.6666666666666666,0.2979332328204184,1.6688388898504305
2251,0.1,18,True,0.3825708061002179,0.5555555555555556,0.21301198418543954,2.102187170949333
2252,0.1,18,True,0.3333333333333333,0.5555555555555556,0.20271027263694896,1.768853837616
2253,0.1,18,True,0.3978213507625272,0.7222222222222222,0.3359121157011983,1.3862740938959681
2254,0.1,18,True,0.2714596949891067,0.5,0.18122294910529757,2.3627402784989338
2255,0.1,18,True,0.4318082788671024,0.7777777777777778,0.3725991547047849,1.0975378398419535
2256,0.1,18,True,0.49324618736383447,0.8333333333333334,0.4436691855250422,0.9141828384352135
2257,0.1,18,True,0.526797385620915,0.8333333333333334,0.4436691855250422,0.9141828384352135
2258,0.1,18,True,0.4954248366013072,0.8333333333333334,0.4436691855250422,0.9141828384352135
2259,0.1,18,True,0.39607843137254906,0.6666666666666666,0.27621751033807707,1.5577277787393193
2260,0.15,17,True,0.44607843137254904,0.6470588235294118,0.19949284709658266,1.1660870601063933
2261,0.1,18,True,0.41612200435729846,0.7777777777777778,0.3725991547047849,1.0975378398419535
2262,0.1,18,True,0.37342047930283223,0.6111111111111112,0.2334525823968916,1.6805563732659934
2263,0.2,16,True,0.36333333333333334,0.4375,0.12614908424583438,1.9211796919474975
2264,0.2,16,True,0.4611111111111111,0.875,0.3716101752764803,0.6685644431995964
2265,0.25,15,True,0.380952380952381,0.7333333333333333,0.2886710424611464,1.3699740752745009
2266,0.3,14,True,0.45421245421245426,0.5714285714285714,0.07678032766449228,1.3787834934861753
2267,0.3,14,True,0.5391941391941392,0.8571428571428571,0.3022690778808391,0.7345299214394703
2268,0.3,14,True,0.39120879120879126,0.5,0.16290270309639854,1.8322488896002305
2269,0.3,14,True,0.3692307692307692,0.5714285714285714,0.16964391395534772,1.8073549220576042
2270,0.3,14,True,0.7333333333333333,1.0,0.1187091007693073,0.0
2271,0.35,13,True,0.6666666666666666,1.0,0.06593194462450902,0.0
2272,0.35,13,True,0.6666666666666666,1.0,0.06593194462450902,0.0
2273,0.35,13,True,0.5333333333333333,1.0,0.06593194462450902,0.0
2274,0.35,13,True,0.5094017094017094,0.8461538461538461,0.2816667590416564,0.7732283485249176
2275,0.35,13,True,0.5581196581196581,0.8461538461538461,0.2816667590416564,0.7732283485249176
2276,0.35,13,True,0.5230769230769231,0.9230769230769231,0.25021798863140454,0.39124356362925566
2277,0.35,13,True,0.3658119658119658,0.6923076923076923,0.2599940536914944,1.5058762556041068
2278,0.35,13,True,0.40854700854700854,0.6923076923076923,0.2599940536914944,1.5058762556041068
2279,0.35,13,True,0.5128205128205129,0.9230769230769231,0.25021798863140454,0.39124356362925566
2280,0.35,13,True,0.5282051282051282,0.9230769230769231,0.25021798863140454,0.39124356362925566
2281,0.35,13,True,0.4478632478632479,0.7692307692307693,0.2771568471826691,1.1451104143815827
2282,0.35,13,True,0.32564102564102565,0.46153846153846156,0.12421742237294431,2.0458416408851736
2283,0.35,13,True,0.4025641025641026,0.6923076923076923,0.21923179899069856,1.3520301017579528
2284,0.35,13,True,0.44188034188034186,0.5384615384615384,0.15726087566808844,1.573402452417767
2285,0.9,2,False,,,,
2286,0.9,2,False,,,,
2287,0.95,1,False,,,,
2288,0.95,1,False,,,,
2289,0.95,1,False,,,,
2290,0.95,1,False,,,,
2291,0.95,1,False,,,,
2292,0.95,1,False,,,,
2293,0.95,1,False,,,,
2294,0.95,1,False,,,,
2295,0.95,1,False,,,,
2296,0.95,1,False,,,,
2297,0.95,1,False,,,,
2298,0.95,1,False,,,,
2299,0.95,1,False,,,,
2300,0.95,1,False,,,,
2301,0.95,1,False,,,,
2302,0.95,1,False,,,,
2303,0.95,1,False,,,,
2304,0.95,1,False,,,,
2305,0.95,1,False,,,,
2306,0.95,1,False,,,,
2307,0.95,1,False,,,,
2308,0.95,1,False,,,,
2309,0.95,1,False,,,,
2310,0.95,1,False,,,,
2311,0.95,1,False,,,,
2312,0.95,1,False,,,,
2313,0.95,1,False,,,,
2314,0.95,1,False,,,,
2315,0.95,1,False,,,,
2316,0.95,1,False,,,,
2317,0.95,1,False,,,,
2318,0.95,1,False,,,,
2319,0.95,1,False,,,,
2320,0.95,1,False,,,,
2321,0.95,1,False,,,,
2322,0.95,1,False,,,,
2323,0.95,1,False,,,,
2324,0.95,1,False,,,,
2325,0.95,1,False,,,,
2326,0.95,1,False,,,,
2327,0.95,1,False,,,,
2328,0.95,1,False,,,,
2329,0.95,1,False,,,,
2330,0.95,1,False,,,,
2331,0.95,1,False,,,,
2332,0.95,1,False,,,,
2333,0.95,1,False,,,,
2334,0.95,1,False,,,,
2335,0.95,1,False,,,,
2336,0.95,1,False,,,,
2337,0.95,1,False,,,,
2338,0.95,1,False,,,,
2339,0.95,1,False,,,,
2340,0.95,1,False,,,,
2341,0.95,1,False,,,,
2342,0.95,1,False,,,,
2343,0.95,1,False,,,,
2344,0.95,1,False,,,,
2345,0.95,1,False,,,,
2346,0.95,1,False,,,,
2347,0.95,1,False,,,,
2348,0.95,1,False,,,,
2349,0.95,1,False,,,,
2350,0.95,1,False,,,,
2351,0.95,1,False,,,,
2352,0.95,1,False,,,,
2353,0.95,1,False,,,,
2354,0.95,1,False,,,,
2355,0.95,1,False,,,,
2356,0.95,1,False,,,,
2357,0.95,1,False,,,,
2358,0.95,1,False,,,,
2359,0.95,1,False,,,,
2360,0.95,1,False,,,,
2361,0.95,1,False,,,,
2362,0.95,1,False,,,,
2363,0.95,1,False,,,,
2364,0.95,1,False,,,,
2365,0.95,1,False,,,,
2366,0.95,1,False,,,,
2367,0.95,1,False,,,,
2368,0.95,1,False,,,,
2369,0.95,1,False,,,,
2370,0.95,1,False,,,,
2371,0.95,1,False,,,,
2372,0.95,1,False,,,,
2373,0.95,1,False,,,,
2374,0.95,1,False,,,,
2375,0.95,1,False,,,,
2376,0.95,1,False,,,,
2377,0.95,1,False,,,,
2378,0.95,1,False,,,,
2379,0.95,1,False,,,,
2380,0.95,1,False,,,,
2381,0.95,1,False,,,,
2382,0.95,1,False,,,,
2383,0.95,1,False,,,,
2384,0.95,1,False,,,,
2385,0.95,1,False,,,,
2386,0.95,1,False,,,,
2387,0.95,1,False,,,,
2388,0.95,1,False,,,,
2389,0.95,1,False,,,,
2390,0.95,1,False,,,,
2391,0.95,1,False,,,,
2392,0.95,1,False,,,,
2393,0.95,1,False,,,,
2394,0.95,1,False,,,,
2395,0.95,1,False,,,,
2396,0.95,1,False,,,,
2397,0.95,1,False,,,,
2398,0.95,1,False,,,,
2399,0.95,1,False,,,,
2400,0.95,1,False,,,,
2401,0.95,1,False,,,,
2402,0.95,1,False,,,,
2403,0.95,1,False,,,,
2404,0.95,1,False,,,,
2405,0.95,1,False,,,,
2406,0.95,1,False,,,,
2407,0.95,1,False,,,,
2408,0.95,1,False,,,,
2409,0.95,1,False,,,,
2410,0.9,2,False,,,,
2411,0.9,2,False,,,,
2412,0.9,2,False,,,,
2413,0.9,2,False,,,,
2414,0.9,2,False,,,,
2415,0.9,2,False,,,,
2416,0.9,2,False,,,,
2417,0.9,2,False,,,,
2418,0.9,2,False,,,,
2419,0.9,2,False,,,,
2420,0.9,2,False,,,,
2421,0.9,2,False,,,,
2422,0.9,2,False,,,,
2423,0.9,2,False,,,,
2424,0.9,2,False,,,,
2425,0.9,2,False,,,,
2426,0.9,2,False,,,,
2427,0.9,2,False,,,,
2428,0.9,2,False,,,,
2429,0.9,2,False,,,,
2430,0.9,2,False,,,,
2431,0.9,2,False,,,,
2432,0.9,2,False,,,,
2433,0.9,2,False,,,,
2434,0.9,2,False,,,,
2435,0.9,2,False,,,,
2436,0.9,2,False,,,,
2437,0.9,2,False,,,,
2438,0.9,2,False,,,,
2439,0.9,2,False,,,,
2440,0.9,2,False,,,,
2441,0.9,2,False,,,,
2442,0.25,15,True,0.3504761904761905,0.6,0.1964156366567027,1.6879430945989
2443,0.25,15,True,0.412063492063492,0.7333333333333333,0.18062065954249584,1.103307408607834
2444,0.25,15,True,0.34349206349206346,0.6,0.22834005982783967,2.0049355947431313
2445,0.25,15,True,0.36063492063492064,0.6,0.22834005982783967,2.0049355947431313
2446,0.25,15,True,0.2812698412698413,0.5333333333333333,0.19826302830219433,2.3068905956085186
2447,0.15,17,True,0.3906862745098039,0.5882352941176471,0.19322802684931562,1.7360411676599221
2448,0.15,17,True,0.5245098039215687,0.8235294117647058,0.38885477226300413,0.951994081908783
2449,0.15,17,True,0.3946078431372549,0.7058823529411765,0.31137805050685086,1.5569010760354054
2450,0.15,17,True,0.4014705882352941,0.6470588235294118,0.2480540998648021,1.5693078231812962
2451,0.15,17,True,0.5980392156862745,0.8823529411764706,0.4229921134636,0.6402064333604701
2452,0.15,17,True,0.45588235294117646,0.7647058823529411,0.27942323606034725,0.9780155566622414
2453,0.15,17,True,0.4372549019607843,0.7647058823529411,0.35051363316910866,1.2577148214953864
2454,0.95,1,False,,,,
2455,0.15,17,True,0.6553921568627452,0.8823529411764706,0.4229921134636,0.6402064333604701
2456,0.15,17,True,0.5450980392156862,0.9411764705882353,0.44214218356782176,0.3227569588973982
2457,0.15,17,True,0.34705882352941175,0.5882352941176471,0.20807317419414995,1.8980933736695382
2458,0.15,17,True,0.3323529411764706,0.6470588235294118,0.272834556823775,1.8490070880144414
2459,0.15,17,True,0.4446078431372549,0.7647058823529411,0.35051363316910866,1.2577148214953864
2460,0.15,17,True,0.4401960784313726,0.7058823529411765,0.2698043285786723,1.2772018112022603
2461,0.15,17,True,0.4411764705882353,0.7058823529411765,0.29081902780598756,1.439254017211876
2462,0.15,17,True,0.45931372549019606,0.5294117647058824,0.16242837679500655,1.2532975784630431
2463,0.15,17,True,0.40980392156862744,0.7647058823529411,0.32000568559205445,1.1400677626718572
2464,0.15,17,True,0.4127450980392157,0.5882352941176471,0.17613453894041964,1.2210477851797181
2465,0.15,17,True,0.3593137254901961,0.47058823529411764,0.09398499432886198,1.7574839898128802
2466,0.15,17,True,0.4348039215686274,0.8235294117647058,0.38885477226300413,0.951994081908783
2467,0.15,17,True,0.46372549019607845,0.7647058823529411,0.27942323606034725,0.9780155566622414
2468,0.15,17,True,0.36127450980392156,0.7058823529411765,0.29081902780598756,1.439254017211876
2469,0.15,17,True,0.49460784313725487,0.8235294117647058,0.38885477226300413,0.951994081908783
2470,0.15,17,True,0.49411764705882355,0.9411764705882353,0.44214218356782176,0.3227569588973982
2471,0.15,17,True,0.7333333333333333,1.0,0.3901596952835996,0.0
2472,0.15,17,True,0.3931372549019608,0.6470588235294118,0.2480540998648021,1.5693078231812962
2473,0.15,17,True,0.46421568627450976,0.8823529411764706,0.4229921134636,0.6402064333604701
2474,0.15,17,True,0.5308823529411765,0.8823529411764706,0.4229921134636,0.6402064333604701
2475,0.15,17,True,0.44901960784313727,0.7647058823529411,0.35051363316910866,1.2577148214953864
2476,0.15,17,True,0.3558823529411764,0.5294117647058824,0.1957848110365069,1.9386790169573507
2477,0.15,17,True,0.4,0.8235294117647058,0.340482362830567,0.8343470230852538
2478,0.15,17,True,0.5112745098039215,0.8823529411764706,0.33499008803474906,0.5225593745369408
2479,0.15,17,True,0.4279411764705882,0.7058823529411765,0.25354871102045307,1.321606958388347
2480,0.95,1,False,,,,
2481,0.95,1,False,,,,
2482,0.15,17,True,0.5784313725490196,0.5294117647058824,0.08028267642490694,0.9975025463691153
2483,0.15,17,True,0.4343137254901961,0.7647058823529411,0.35051363316910866,1.2577148214953864
2484,0.15,17,True,0.5333333333333333,1.0,0.3901596952835996,0.0
2485,0.15,17,True,0.3970588235294118,0.6470588235294118,0.2334525823968916,1.6137129703673825
2486,0.15,17,True,0.3372549019607843,0.5294117647058824,0.1736089100121373,2.0119209285947934
2487,0.15,17,True,0.2774509803921569,0.4117647058823529,0.12809762985140072,2.5341468438052397
2488,0.15,17,True,0.37892156862745097,0.5294117647058824,0.17360891001213719,2.011920928594794
2489,0.95,1,False,,,,
2490,0.95,1,False,,,,
2491,0.95,1,False,,,,
2492,0.95,1,False,,,,
2493,0.95,1,False,,,,
2494,0.95,1,False,,,,
2495,0.95,1,False,,,,
2496,0.95,1,False,,,,
2497,0.95,1,False,,,,
2498,0.95,1,False,,,,
2499,0.95,1,False,,,,
2500,0.95,1,False,,,,
2501,0.95,1,False,,,,
2502,0.95,1,False,,,,
2503,0.95,1,False,,,,
2504,0.95,1,False,,,,
2505,0.55,9,True,0.22592592592592592,0.3333333333333333,0.2585560474829177,2.4193819456463714
2506,0.55,9,True,0.5388888888888889,0.7777777777777778,0.2816667590416564,0.9864267287308424
2507,0.55,9,True,0.548148148148148,0.8888888888888888,0.23074476267918287,0.5032583347756457
2508,0.55,9,True,0.512962962962963,0.7777777777777778,0.2816667590416564,0.9864267287308424
2509,0.5,10,True,0.36592592592592593,0.6,0.23103764446506314,1.5709505944546687
2510,0.4,12,True,0.35757575757575755,0.5833333333333334,0.2110702296074859,1.780672129520887
2511,0.15,17,True,0.3426470588235294,0.47058823529411764,0.1511868851096616,2.278351811711312
2512,0.15,17,True,0.5176470588235295,0.9411764705882353,0.44214218356782176,0.3227569588973982
2513,0.15,17,True,0.5259803921568628,0.8823529411764706,0.33499008803474906,0.5225593745369408
2514,0.15,17,True,0.46715686274509804,0.8235294117647058,0.38885477226300413,0.951994081908783
2515,0.15,17,True,0.3946078431372549,0.6470588235294118,0.2480540998648021,1.5693078231812962
2516,0.15,17,True,0.46715686274509804,0.7647058823529411,0.27942323606034725,0.9780155566622414
2517,0.15,17,True,0.4803921568627451,0.8823529411764706,0.4229921134636,0.6402064333604701
2518,0.15,17,True,0.48627450980392156,0.9411764705882353,0.44214218356782176,0.3227569588973982
2519,0.15,17,True,0.40882352941176475,0.7058823529411765,0.29081902780598745,1.439254017211876
2520,0.15,17,True,0.4485294117647059,0.7647058823529411,0.32000568559205445,1.1400677626718572
2521,0.15,17,True,0.5230392156862745,0.8823529411764706,0.4229921134636,0.6402064333604701
2522,0.15,17,True,0.47205882352941175,0.8823529411764706,0.4229921134636,0.6402064333604701
2523,0.15,17,True,0.5029411764705882,0.8235294117647058,0.340482362830567,0.8343470230852537
2524,0.15,17,True,0.44607843137254904,0.7647058823529411,0.27942323606034725,0.9780155566622414
2525,0.15,17,True,0.4132352941176471,0.5882352941176471,0.22151799188058263,1.8536882264834516
2526,0.15,17,True,0.3524509803921569,0.6470588235294118,0.272834556823775,1.8490070880144414
2527,0.15,17,True,0.40294117647058825,0.7647058823529411,0.35051363316910866,1.2577148214953864
2528,0.15,17,True,0.2745098039215686,0.35294117647058826,0.10968313518177719,2.424835634986198
2529,0.2,16,True,0.43666666666666665,0.8125,0.3468177238411746,0.9933927290103626
2530,0.2,16,True,0.5316666666666666,0.8125,0.3468177238411746,0.9933927290103626
2531,0.2,16,True,0.30333333333333334,0.4375,0.14773709288711945,2.474601752714581
2532,0.2,16,True,0.24888888888888888,0.3125,0.06543276798088382,2.6022170014624826
2533,0.2,16,True,0.31333333333333335,0.375,0.10638482157997486,2.23345859334435
2534,0.15,17,True,0.278921568627451,0.35294117647058826,0.07634980184844398,2.5424826938097276
2535,0.15,17,True,0.33921568627450976,0.4117647058823529,0.13279683431365752,2.3432578733442675
2536,0.15,17,True,0.2700980392156863,0.35294117647058826,0.09429256635825567,2.822181958642873
2537,0.15,17,True,0.2926470588235294,0.35294117647058826,0.1239290180529995,2.374556048381884
2538,0.15,17,True,0.2774509803921569,0.29411764705882354,0.08398410223075714,2.6986604604011157
2539,0.15,17,True,0.2926470588235294,0.29411764705882354,0.0770548809687186,2.8895494308620884
2540,0.2,16,True,0.35888888888888887,0.625,0.24634531751877298,1.9237949406953985
2541,0.3,14,True,0.26593406593406593,0.35714285714285715,0.13726088010151472,2.835237745312118
2542,0.55,9,True,0.37037037037037035,0.4444444444444444,0.23275129257820693,1.7527152789797045
2543,0.6,8,True,0.319047619047619,0.5,0.3149027910615312,2.0
2544,0.8,4,False,,,,
2545,0.8,4,False,,,,
2546,0.75,5,True,0.2733333333333333,0.4,0.4436691855250421,1.9219280948873623
2547,0.8,4,False,,,,
2548,0.9,2,False,,,,
2549,0.9,2,False,,,,
2550,0.9,2,False,,,,
2551,0.9,2,False,,,,
2552,0.9,2,False,,,,
2553,0.9,2,False,,,,
2554,0.9,2,False,,,,
2555,0.95,1,False,,,,
2556,0.95,1,False,,,,
2557,0.95,1,False,,,,
2558,0.95,1,False,,,,
2559,0.95,1,False,,,,
2560,0.95,1,False,,,,
2561,0.95,1,False,,,,
2562,0.95,1,False,,,,
2563,0.95,1,False,,,,
2564,0.95,1,False,,,,
2565,0.95,1,False,,,,
2566,0.95,1,False,,,,
2567,0.95,1,False,,,,
2568,0.95,1,False,,,,
2569,0.95,1,False,,,,
2570,0.95,1,False,,,,
2571,0.95,1,False,,,,
2572,0.95,1,False,,,,
2573,0.95,1,False,,,,
2574,0.95,1,False,,,,
2575,0.95,1,False,,,,
2576,0.95,1,False,,,,
2577,0.95,1,False,,,,
2578,0.95,1,False,,,,
2579,0.95,1,False,,,,
2580,0.95,1,False,,,,
2581,0.95,1,False,,,,
2582,0.95,1,False,,,,
2583,0.95,1,False,,,,
2584,0.95,1,False,,,,
2585,0.95,1,False,,,,
2586,0.85,3,False,,,,
2587,0.85,3,False,,,,
2588,0.75,5,True,0.38666666666666666,0.6,0.4229921134636,1.3709505944546687
2589,0.6,8,True,0.20952380952380953,0.25,0.2979332328204184,2.5
2590,0.6,8,True,0.24285714285714285,0.375,0.31137805050685086,2.4056390622295662
2591,0.4,12,True,0.2121212121212121,0.16666666666666666,0.15051499783199063,3.0849625007211556
2592,0.3,14,True,0.20073260073260074,0.21428571428571427,0.10138562854802535,3.182005814760214
2593,0.25,15,True,0.23746031746031745,0.2,0.0739225256548599,3.189898095464287
2594,0.25,15,True,0.24444444444444444,0.4,0.1426460621535588,2.8729055953200557
2595,0.15,17,True,0.2745098039215686,0.4117647058823529,0.12809762985140072,2.5341468438052397
2596,0.15,17,True,0.3426470588235294,0.5882352941176471,0.20807317419414995,1.8980933736695382
2597,0.15,17,True,0.3004901960784314,0.4117647058823529,0.12652850568175433,2.696199049814856
2598,0.15,17,True,0.44313725490196076,0.6470588235294118,0.2480540998648021,1.5693078231812958
2599,0.15,17,True,0.33088235294117646,0.5882352941176471,0.19322802684931562,1.7360411676599221
2600,0.15,17,True,0.32794117647058824,0.4117647058823529,0.11204495934971537,2.4164997849817107
2601,0.15,17,True,0.4294117647058824,0.5882352941176471,0.17171437109950471,1.54515219719895
2602,0.15,17,True,0.3598039215686274,0.5882352941176471,0.22151799188058263,1.853688226483452
2603,0.15,17,True,0.3857843137254902,0.5882352941176471,0.22559344255483083,2.0157404324930677
2604,0.15,17,True,0.3352941176470588,0.5882352941176471,0.22559344255483083,2.0157404324930677
2605,0.15,17,True,0.5397058823529411,0.7647058823529411,0.32000568559205445,1.1400677626718572
2606,0.15,17,True,0.40931372549019607,0.6470588235294118,0.2480540998648021,1.5693078231812958
2607,0.15,17,True,0.3921568627450981,0.6470588235294118,0.2480540998648021,1.5693078231812962
2608,0.15,17,True,0.4392156862745098,0.8235294117647058,0.38885477226300413,0.951994081908783
2609,0.15,17,True,0.3142156862745098,0.4117647058823529,0.12809762985140072,2.5341468438052397
2610,0.15,17,True,0.37647058823529406,0.6470588235294118,0.2585560474829177,1.731360029190912
2611,0.15,17,True,0.39656862745098037,0.6470588235294118,0.23275129257820693,1.3784188527203236
2612,0.15,17,True,0.36715686274509807,0.5882352941176471,0.21731179010485935,1.6627992560224794
2613,0.15,17,True,0.2818627450980392,0.5294117647058824,0.1736089100121373,2.0119209285947934
2614,0.15,17,True,0.4470588235294118,0.7647058823529411,0.35051363316910866,1.2577148214953864
2615,0.15,17,True,0.5764705882352942,0.8823529411764706,0.4229921134636,0.6402064333604701
2616,0.15,17,True,0.4024509803921569,0.7647058823529411,0.32000568559205445,1.1400677626718572
2617,0.15,17,True,0.3892156862745098,0.5882352941176471,0.19322802684931562,1.7360411676599221
2618,0.15,17,True,0.29705882352941176,0.35294117647058826,0.1239290180529995,2.374556048381884
2619,0.15,17,True,0.503921568627451,0.8235294117647058,0.38885477226300413,0.951994081908783
2620,0.15,17,True,0.48627450980392156,0.9411764705882353,0.44214218356782176,0.3227569588973982
2621,0.15,17,True,0.3990196078431373,0.6470588235294118,0.2585560474829177,1.731360029190912
2622,0.9,2,False,,,,
2623,0.9,2,False,,,,
2624,0.9,2,False,,,,
2625,0.9,2,False,,,,
2626,0.95,1,False,,,,
2627,0.95,1,False,,,,
2628,0.95,1,False,,,,
2629,0.95,1,False,,,,
2630,0.95,1,False,,,,
2631,0.95,1,False,,,,
2632,0.95,1,False,,,,
2633,0.95,1,False,,,,
2634,0.95,1,False,,,,
2635,0.95,1,False,,,,
2636,0.95,1,False,,,,
2637,0.95,1,False,,,,
2638,0.95,1,False,,,,
2639,0.95,1,False,,,,
2640,0.95,1,False,,,,
2641,0.95,1,False,,,,
2642,0.95,1,False,,,,
2643,0.95,1,False,,,,
2644,0.95,1,False,,,,
2645,0.95,1,False,,,,
2646,0.95,1,False,,,,
2647,0.95,1,False,,,,
2648,0.95,1,False,,,,
2649,0.95,1,False,,,,
2650,0.95,1,False,,,,
2651,0.95,1,False,,,,
2652,0.25,15,True,0.5396825396825397,0.8666666666666667,0.3319198728130941,0.6998428398862386
2653,0.25,15,True,0.76,0.9333333333333333,0.32093180423165557,0.35335933502142136
2654,0.25,15,True,0.36444444444444446,0.6,0.1818141191887922,1.7382689280764645
2655,0.9,2,False,,,,
2656,0.9,2,False,,,,
2657,0.9,2,False,,,,
2658,0.85,3,False,,,,
2659,0.2,16,True,0.4266666666666667,0.75,0.23339689032675237,1.014097655573916
2660,0.2,16,True,0.4011111111111111,0.625,0.21731179010485935,1.6266144718101818
2661,0.2,16,True,0.3572222222222222,0.5,0.1507366236287142,2.077819531114783
2662,0.2,16,True,0.345,0.5,0.13729180594228163,2.125
2663,0.15,17,True,0.5303921568627451,0.8823529411764706,0.4229921134636,0.6402064333604701
2664,0.15,17,True,0.32745098039215687,0.5294117647058824,0.1933423019926751,2.1295679874183233
2665,0.15,17,True,0.5901960784313725,0.8823529411764706,0.4229921134636,0.6402064333604701
2666,0.15,17,True,0.5941176470588235,0.7647058823529411,0.27942323606034725,0.9780155566622414
2667,0.15,17,True,0.5308823529411765,0.8823529411764706,0.4229921134636,0.6402064333604701
2668,0.15,17,True,0.5210784313725491,0.8235294117647058,0.340482362830567,0.8343470230852538
2669,0.15,17,True,0.5176470588235295,0.9411764705882353,0.44214218356782176,0.3227569588973982
2670,0.15,17,True,0.5602941176470588,0.8823529411764706,0.4229921134636,0.6402064333604701
2671,0.15,17,True,0.5313725490196078,0.8823529411764706,0.4229921134636,0.6402064333604701
2672,0.15,17,True,0.596078431372549,0.9411764705882353,0.44214218356782176,0.3227569588973982
2673,0.15,17,True,0.5774509803921569,0.8823529411764706,0.33499008803474906,0.5225593745369408
2674,0.15,17,True,0.4745098039215686,0.7058823529411765,0.20226907788083903,1.1595547523787308
2675,0.15,17,True,0.44803921568627453,0.7058823529411765,0.2698043285786723,1.2772018112022603
2676,0.15,17,True,0.6352941176470588,0.9411764705882353,0.44214218356782176,0.3227569588973982
2677,0.15,17,True,0.5333333333333333,1.0,0.3901596952835996,0.0
2678,0.15,17,True,0.5333333333333333,1.0,0.3901596952835996,0.0
2679,0.15,17,True,0.4122549019607843,0.6470588235294118,0.20593925432908677,1.4516607643577668
2680,0.15,17,True,0.45588235294117646,0.7647058823529411,0.27942323606034725,0.9780155566622414
2681,0.15,17,True,0.47156862745098044,0.8235294117647058,0.25468842405217373,0.6722948170756379
2682,0.15,17,True,0.567156862745098,0.8823529411764706,0.4229921134636,0.6402064333604701
2683,0.15,17,True,0.4622549019607843,0.8235294117647058,0.340482362830567,0.8343470230852537
2684,0.15,17,True,0.7333333333333333,1.0,0.3901596952835996,0.0
2685,0.15,17,True,0.5764705882352942,0.9411764705882353,0.44214218356782176,0.3227569588973982
2686,0.15,17,True,0.9294117647058824,0.9411764705882353,0.44214218356782176,0.3227569588973982
2687,0.15,17,True,0.6549019607843137,0.9411764705882353,0.44214218356782176,0.3227569588973982
2688,0.15,17,True,0.47990196078431374,0.8823529411764706,0.4229921134636,0.6402064333604701
2689,0.15,17,True,0.39656862745098037,0.5882352941176471,0.20637609206280816,1.450467463408549
2690,0.15,17,True,0.5607843137254902,0.9411764705882353,0.44214218356782176,0.3227569588973982
2691,0.15,17,True,0.41862745098039217,0.7647058823529411,0.32000568559205445,1.1400677626718572
2692,0.15,17,True,0.4823529411764706,0.7647058823529411,0.1931052612250561,0.7871265862012691
2693,0.15,17,True,0.5176470588235295,0.9411764705882353,0.44214218356782176,0.3227569588973982
2694,0.15,17,True,0.44411764705882356,0.8235294117647058,0.38885477226300413,0.951994081908783
2695,0.15,17,True,0.3985294117647059,0.7058823529411765,0.2698043285786723,1.2772018112022603
2696,0.15,17,True,0.5019607843137255,0.9411764705882353,0.44214218356782176,0.3227569588973982
2697,0.15,17,True,0.5534313725490195,0.8823529411764706,0.4229921134636,0.6402064333604701
2698,0.1,18,True,0.34117647058823525,0.5555555555555556,0.21301198418543954,2.102187170949333
2699,0.1,18,True,0.3952069716775599,0.6666666666666666,0.27621751033807695,1.5577277787393193
2700,0.95,1,False,,,,
2701,0.95,1,False,,,,
2702,0.95,1,False,,,,
2703,0.95,1,False,,,,
2704,0.95,1,False,,,,
2705,0.95,1,False,,,,
2706,0.95,1,False,,,,
2707,0.95,1,False,,,,
2708,0.95,1,False,,,,
2709,0.95,1,False,,,,
2710,0.95,1,False,,,,
2711,0.95,1,False,,,,
2712,0.95,1,False,,,,
2713,0.95,1,False,,,,
2714,0.95,1,False,,,,
2715,0.95,1,False,,,,
2716,0.95,1,False,,,,
2717,0.95,1,False,,,,
2718,0.95,1,False,,,,
2719,0.95,1,False,,,,
2720,0.95,1,False,,,,
2721,0.95,1,False,,,,
2722,0.95,1,False,,,,
2723,0.95,1,False,,,,
2724,0.95,1,False,,,,
2725,0.95,1,False,,,,
2726,0.95,1,False,,,,
2727,0.95,1,False,,,,
2728,0.95,1,False,,,,
2729,0.95,1,False,,,,
2730,0.95,1,False,,,,
2731,0.95,1,False,,,,
2732,0.95,1,False,,,,
2733,0.95,1,False,,,,
2734,0.95,1,False,,,,
2735,0.95,1,False,,,,
2736,0.95,1,False,,,,
2737,0.95,1,False,,,,
2738,0.95,1,False,,,,
2739,0.95,1,False,,,,
2740,0.95,1,False,,,,
2741,0.95,1,False,,,,
2742,0.95,1,False,,,,
2743,0.95,1,False,,,,
2744,0.95,1,False,,,,
2745,0.95,1,False,,,,
2746,0.95,1,False,,,,
2747,0.95,1,False,,,,
2748,0.95,1,False,,,,
2749,0.95,1,False,,,,
2750,0.1,18,True,0.48888888888888893,0.9444444444444444,0.5283265821844846,0.3095434291503252
2751,0.1,18,True,0.49063180827886715,0.8888888888888888,0.4890359525563188,0.6143694458867568
2752,0.1,18,True,0.45795206971677566,0.6666666666666666,0.2979332328204184,1.6688388898504303
2753,0.1,18,True,0.3599128540305011,0.5555555555555556,0.20807317419414995,1.949137865273585
2754,0.1,18,True,0.4823529411764706,0.7777777777777778,0.3725991547047849,1.0975378398419535
2755,0.1,18,True,0.4474945533769063,0.8333333333333334,0.4436691855250422,0.9141828384352135
2756,0.1,18,True,0.46797385620915033,0.7222222222222222,0.33591211570119817,1.386274093895968
2757,0.1,18,True,0.5342047930283225,0.8888888888888888,0.4890359525563188,0.6143694458867568
2758,0.1,18,True,0.4248366013071896,0.7777777777777778,0.3725991547047849,1.0975378398419535
2759,0.1,18,True,0.3485838779956427,0.5555555555555556,0.22365227999907078,2.2132982820604443
2760,0.1,18,True,0.5006535947712418,0.7777777777777778,0.340482362830567,0.9444885341662053
2761,0.1,18,True,0.4775599128540305,0.7777777777777778,0.32161017527648017,0.9864267287308424
2762,0.1,18,True,0.4013071895424837,0.4444444444444444,0.13903595255631884,1.3921472236645345
2763,0.1,18,True,0.4100217864923747,0.6666666666666666,0.29081902780598756,1.5157895841746822
2764,0.1,18,True,0.5777777777777778,0.9444444444444444,0.5283265821844846,0.3095434291503252
2765,0.1,18,True,0.4152505446623094,0.7777777777777778,0.3977554223658072,1.2086489509530647
2766,0.1,18,True,0.4257080610021787,0.7777777777777778,0.3725991547047849,1.0975378398419535
2767,0.1,18,True,0.49150326797385624,0.8888888888888888,0.41832813428211324,0.5032583347756457
2768,0.1,18,True,0.5054466230936819,0.8888888888888888,0.41832813428211324,0.5032583347756457
2769,0.1,18,True,0.5869281045751634,0.8333333333333334,0.33499008803474906,0.6500224216483541
2770,0.1,18,True,0.620479302832244,0.8888888888888888,0.41832813428211324,0.5032583347756457
2771,0.1,18,True,0.5185185185185185,0.9444444444444444,0.5283265821844846,0.3095434291503252
2772,0.1,18,True,0.6222222222222221,0.9444444444444444,0.5283265821844846,0.3095434291503252
2773,0.1,18,True,0.33507625272331154,0.5,0.17360891001213719,2.0566416671474372
2774,0.1,18,True,0.5137254901960785,0.8333333333333334,0.33499008803474906,0.6500224216483541
2775,0.1,18,True,0.47581699346405226,0.8888888888888888,0.4890359525563188,0.6143694458867568
2776,0.1,18,True,0.4522875816993464,0.8333333333333334,0.4041199259095133,0.8030717273241024
2777,0.1,18,True,0.5411764705882353,0.8333333333333334,0.33499008803474906,0.6500224216483541
2778,0.1,18,True,0.5111111111111111,0.9444444444444444,0.5283265821844846,0.3095434291503252
2779,0.1,18,True,0.5272331154684096,0.8888888888888888,0.4890359525563188,0.6143694458867568
2780,0.1,18,True,0.5163398692810458,0.8333333333333334,0.4041199259095133,0.8030717273241024
2781,0.1,18,True,0.5925925925925927,0.9444444444444444,0.5283265821844846,0.3095434291503252
2782,0.1,18,True,0.40522875816993464,0.7777777777777778,0.3725991547047849,1.0975378398419535
2783,0.1,18,True,0.4335511982570806,0.8333333333333334,0.4436691855250422,0.9141828384352135
2784,0.1,18,True,0.30588235294117644,0.5,0.16016409232570472,2.0985798617120746
2785,0.1,18,True,0.47581699346405226,0.8888888888888888,0.4890359525563188,0.6143694458867568
2786,0.1,18,True,0.30980392156862746,0.4444444444444444,0.1618771869071437,2.5724312513221195
2787,0.05,19,True,0.3165692007797271,0.5263157894736842,0.2355593046419251,2.2492870686521593
2788,0.05,19,True,0.3707602339181287,0.5789473684210527,0.2602530984543837,2.0345723658114663
2789,0.05,19,True,0.30682261208577,0.42105263157894735,0.14132728892674495,2.563716987127796
2790,0.05,19,True,0.26744639376218327,0.3684210526315789,0.11619060520854652,2.6475921473084956
2791,0.05,19,True,0.2834307992202729,0.42105263157894735,0.17287377660531766,2.4584538292330587
2792,0.05,19,True,0.408187134502924,0.6842105263157895,0.35289896413803834,1.61078454839968
2793,0.05,19,True,0.2764132553606238,0.2631578947368421,0.09876610131421726,2.5445313041488333
2794,0.9,2,False,,,,
2795,0.9,2,False,,,,
2796,0.9,2,False,,,,
2797,0.9,2,False,,,,
2798,0.9,2,False,,,,
2799,0.9,2,False,,,,
2800,0.95,1,False,,,,
2801,0.95,1,False,,,,
2802,0.95,1,False,,,,
2803,0.95,1,False,,,,
2804,0.95,1,False,,,,
2805,0.95,1,False,,,,
2806,0.95,1,False,,,,
2807,0.95,1,False,,,,
2808,0.95,1,False,,,,
2809,0.95,1,False,,,,
2810,0.95,1,False,,,,
2811,0.95,1,False,,,,
2812,0.95,1,False,,,,
2813,0.95,1,False,,,,
2814,0.95,1,False,,,,
2815,0.95,1,False,,,,
2816,0.95,1,False,,,,
2817,0.95,1,False,,,,
2818,0.95,1,False,,,,
2819,0.95,1,False,,,,
2820,0.95,1,False,,,,
2821,0.95,1,False,,,,
2822,0.9,2,False,,,,
2823,0.9,2,False,,,,
2824,0.9,2,False,,,,
2825,0.05,19,True,0.29980506822612085,0.42105263157894735,0.15935730170421258,2.353190671338322
2826,0.05,19,True,0.45029239766081874,0.6842105263157895,0.33591211570119817,1.5055213905049434
2827,0.05,19,True,0.38245614035087716,0.47368421052631576,0.1964156366567027,1.8850931455708964
2828,0.1,18,True,0.3777777777777778,0.4444444444444444,0.14749181257269428,1.927451224964519
2829,0.1,18,True,0.33464052287581697,0.3888888888888889,0.11619060520854652,2.591793226077496
2830,0.1,18,True,0.2971677559912854,0.2777777777777778,0.10866100563682446,2.768853837616
2831,0.15,17,True,0.23676470588235293,0.29411764705882354,0.08841707004387167,2.8451442836760013
2832,0.1,18,True,0.22919389978213509,0.3888888888888889,0.1161906052085464,2.5917932260774954
2833,0.1,18,True,0.2945533769063181,0.5555555555555556,0.14490233285038456,1.6849774484867255
2834,0.55,9,True,0.21481481481481482,0.3333333333333333,0.2728345568237748,2.6416041678685933
2835,0.55,9,True,0.32962962962962966,0.5555555555555556,0.2886710424611463,1.8799649487271108
2836,0.6,8,True,0.2761904761904762,0.375,0.29081902780598756,2.1556390622295662
2837,0.6,8,True,0.2285714285714286,0.25,0.30968313518177704,2.75
2838,0.65,7,True,0.23174603174603176,0.42857142857142855,0.35051363316910866,2.128085278891394
2839,0.65,7,True,0.2571428571428572,0.42857142857142855,0.35051363316910866,2.128085278891394
2840,0.65,7,True,0.21904761904761905,0.2857142857142857,0.35289896413803834,2.521640636343318
2841,0.7,6,True,0.2533333333333333,0.5,0.38885477226300413,1.7924812503605778
2842,0.65,7,True,0.23174603174603176,0.2857142857142857,0.3037500680338353,1.9502120649147465
2843,0.65,7,True,0.2920634920634921,0.42857142857142855,0.32000568559205445,1.8423709931771088
2844,0.65,7,True,0.27936507936507937,0.2857142857142857,0.35289896413803834,2.5216406363433186
2845,0.85,3,False,,,,
2846,0.85,3,False,,,,
2847,0.8,4,False,,,,
2848,0.85,3,False,,,,
2849,0.85,3,False,,,,
2850,0.9,2,False,,,,
2851,0.9,2,False,,,,
2852,0.9,2,False,,,,
2853,0.9,2,False,,,,
2854,0.9,2,False,,,,
2855,0.9,2,False,,,,
2856,0.9,2,False,,,,
2857,0.9,2,False,,,,
2858,0.9,2,False,,,,
2859,0.9,2,False,,,,
2860,0.9,2,False,,,,
2861,0.9,2,False,,,,
2862,0.9,2,False,,,,
2863,0.95,1,False,,,,
2864,0.95,1,False,,,,
2865,0.95,1,False,,,,
2866,0.95,1,False,,,,
2867,0.95,1,False,,,,
2868,0.95,1,False,,,,
2869,0.95,1,False,,,,
2870,0.95,1,False,,,,
2871,0.95,1,False,,,,
2872,0.95,1,False,,,,
2873,0.95,1,False,,,,
2874,0.95,1,False,,,,
2875,0.95,1,False,,,,
2876,0.95,1,False,,,,
2877,0.95,1,False,,,,
2878,0.95,1,False,,,,
2879,0.95,1,False,,,,
2880,0.95,1,False,,,,
2881,0.95,1,False,,,,
2882,0.8,4,False,,,,
2883,0.8,4,False,,,,
2884,0.7,6,True,0.3511111111111111,0.3333333333333333,0.3725991547047849,1.9182958340544893
2885,0.7,6,True,0.24000000000000002,0.3333333333333333,0.3977554223658072,2.2516291673878226
2886,0.65,7,True,0.18095238095238095,0.2857142857142857,0.3037500680338352,1.9502120649147465
2887,0.6,8,True,0.23333333333333334,0.25,0.30968313518177704,2.75
2888,0.6,8,True,0.19761904761904764,0.375,0.29081902780598745,2.1556390622295662
2889,0.6,8,True,0.1857142857142857,0.25,0.30968313518177704,2.75
2890,0.6,8,True,0.23095238095238096,0.25,0.30968313518177704,2.75
2891,0.6,8,True,0.2642857142857143,0.25,0.2979332328204183,2.5
2892,0.15,17,True,0.2872549019607843,0.5294117647058824,0.18076084362328382,2.1739731346044096
2893,0.15,17,True,0.4328431372549019,0.6470588235294118,0.2585560474829177,1.731360029190912
2894,0.2,16,True,0.31222222222222223,0.375,0.09710167681238613,2.48345859334435
2895,0.2,16,True,0.36333333333333334,0.5,0.12079703257798213,1.6493974703476992
2896,0.2,16,True,0.39333333333333337,0.5625,0.1957848110365069,1.9197367178034825
2897,0.2,16,True,0.25055555555555553,0.4375,0.13279683431365763,2.349601752714581
2898,0.2,16,True,0.4761111111111111,0.875,0.3716101752764803,0.6685644431995964
2899,0.2,16,True,0.535,0.8125,0.1931052612250561,0.6962122601251458
2900,0.2,16,True,0.41611111111111115,0.6875,0.25753634565243533,1.4966407621868583
2901,0.2,16,True,0.3561111111111111,0.625,0.23024907521851967,1.7987949406953985
2902,0.2,16,True,0.5027777777777778,0.875,0.27015330083790245,0.5435644431995964
2903,0.2,16,True,0.4938888888888889,0.875,0.3716101752764803,0.6685644431995964
2904,0.2,16,True,0.4872222222222222,0.75,0.2803607492695732,1.186278124459133
2905,0.2,16,True,0.6705555555555556,0.875,0.27015330083790245,0.5435644431995964
2906,0.2,16,True,0.5333333333333333,1.0,0.2780719051126377,0.0
2907,0.2,16,True,0.29222222222222227,0.375,0.11785355177632828,2.4056390622295662
2908,0.2,16,True,0.28500000000000003,0.5,0.15935730170421258,2.25
2909,0.15,17,True,0.46127450980392154,0.7647058823529411,0.35051363316910866,1.2577148214953864
2910,0.15,17,True,0.3171568627450981,0.35294117647058826,0.08420892055560514,2.3071885761626687
2911,0.15,17,True,0.34117647058823525,0.47058823529411764,0.1511868851096616,2.278351811711312
2912,0.15,17,True,0.3372549019607843,0.47058823529411764,0.1285607226043446,2.1607047528877827
2913,0.15,17,True,0.5470588235294118,0.8235294117647058,0.38885477226300413,0.951994081908783
2914,0.85,3,False,,,,
2915,0.15,17,True,0.3137254901960784,0.5294117647058824,0.16016409232570472,2.05632607578088
2916,0.2,16,True,0.29,0.4375,0.13279683431365763,2.349601752714581
2917,0.1,18,True,0.32592592592592595,0.6111111111111112,0.24511122979648525,1.8336056789417416
2918,0.1,18,True,0.22962962962962966,0.3888888888888889,0.11516631660660115,2.744842531753244
2919,0.1,18,True,0.5546840958605663,0.7222222222222222,0.2916788609521739,1.0529407605626346
2920,0.1,18,True,0.38387799564270153,0.5555555555555556,0.23103764446506314,1.4627552262645034
2921,0.1,18,True,0.4387799564270152,0.7777777777777778,0.3725991547047849,1.0975378398419535
2922,0.1,18,True,0.2880174291938998,0.4444444444444444,0.11511590491791213,2.239097917988786
2923,0.1,18,True,0.6666666666666666,1.0,0.5310044064107188,0.0
2924,0.1,18,True,0.6387799564270152,0.8888888888888888,0.4890359525563188,0.6143694458867568
2925,0.1,18,True,0.44400871459694985,0.6111111111111112,0.2511573959832911,1.4108478748063633
2926,0.1,18,True,0.39041394335511986,0.7222222222222222,0.3359121157011983,1.3862740938959681
2927,0.1,18,True,0.4814814814814815,0.8333333333333334,0.4041199259095133,0.8030717273241024
2928,0.1,18,True,0.9037037037037037,0.9444444444444444,0.5283265821844846,0.3095434291503252
2929,0.1,18,True,0.5076252723311546,0.5,0.14355618924091973,1.3821022532543101
2930,0.1,18,True,0.5581699346405228,0.8888888888888888,0.41832813428211324,0.5032583347756457
2931,0.1,18,True,0.5877995642701526,0.8888888888888888,0.4890359525563188,0.6143694458867568
2932,0.1,18,True,0.3690631808278867,0.5555555555555556,0.23024907521851967,1.879964948727111
2933,0.1,18,True,0.3233115468409586,0.5,0.18076084362328393,2.2096909728231857
2934,0.1,18,True,0.2522875816993464,0.2222222222222222,0.07956448607778277,3.016875695766564
2935,0.1,18,True,0.45577342047930286,0.6666666666666666,0.27621751033807707,1.5577277787393193
2936,0.1,18,True,0.28322440087145967,0.4444444444444444,0.15051499783199063,2.614369445886757
2937,0.1,18,True,0.4366013071895425,0.6666666666666666,0.2979332328204184,1.6688388898504305
2938,0.1,18,True,0.3947712418300654,0.5,0.18233999335007445,2.0294069451656007
2939,0.1,18,True,0.3132897603485839,0.5,0.16817938525389264,2.2516291673878226
2940,0.15,17,True,0.2950980392156863,0.5294117647058824,0.1999473217916643,2.4092672522514684
2941,0.15,17,True,0.38039215686274513,0.6470588235294118,0.2585560474829177,1.731360029190912
2942,0.15,17,True,0.34313725490196073,0.5882352941176471,0.22151799188058263,1.853688226483452
2943,0.15,17,True,0.3088235294117647,0.47058823529411764,0.13860542674027043,2.322756958897399
2944,0.1,18,True,0.4422657952069716,0.6666666666666666,0.25354871102045295,1.404678473063571
2945,0.1,18,True,0.2928104575163399,0.4444444444444444,0.15935730170421258,2.2810361125534233
2946,0.1,18,True,0.25359477124183005,0.3333333333333333,0.08240889981958899,2.7107770844150676
2947,0.1,18,True,0.2605664488017429,0.2777777777777778,0.07207707758790283,2.747167197306934
2948,0.6,8,True,0.2380952380952381,0.25,0.2979332328204184,2.5
2949,0.65,7,True,0.30476190476190473,0.42857142857142855,0.35051363316910866,2.128085278891394
2950,0.7,6,True,0.23111111111111113,0.3333333333333333,0.3977554223658072,2.2516291673878226
2951,0.7,6,True,0.31555555555555553,0.3333333333333333,0.3725991547047849,1.9182958340544896
2952,0.7,6,True,0.3333333333333333,0.5,0.38885477226300413,1.7924812503605778
2953,0.8,4,False,,,,
2954,0.8,4,False,,,,
2955,0.8,4,False,,,,
2956,0.8,4,False,,,,
2957,0.8,4,False,,,,
2958,0.8,4,False,,,,
2959,0.85,3,False,,,,
2960,0.95,1,False,,,,
2961,0.95,1,False,,,,
2962,0.95,1,False,,,,
2963,0.95,1,False,,,,
2964,0.95,1,False,,,,
2965,0.85,3,False,,,,
2966,0.85,3,False,,,,
2967,0.85,3,False,,,,
2968,0.85,3,False,,,,
2969,0.8,4,False,,,,
2970,0.75,5,True,0.32,0.4,0.4436691855250421,1.9219280948873623
2971,0.75,5,True,0.22666666666666666,0.2,0.46159367967902887,2.321928094887362
2972,0.75,5,True,0.22,0.4,0.4436691855250422,1.9219280948873623
2973,0.75,5,True,0.38666666666666666,0.6,0.33499008803474906,0.9709505944546686
2974,0.35,13,True,0.4,0.6923076923076923,0.2599940536914944,1.5058762556041068
2975,0.7,6,True,0.2755555555555556,0.3333333333333333,0.3977554223658072,2.2516291673878226
2976,0.7,6,True,0.2,0.16666666666666666,0.4098431814126551,2.584962500721156
2977,0.7,6,True,0.3111111111111111,0.6666666666666666,0.3716101752764803,1.2516291673878228
2978,0.7,6,True,0.3022222222222222,0.5,0.38885477226300413,1.7924812503605778
2979,0.7,6,True,0.4,0.5,0.340482362830567,1.4591479170272448
2980,0.7,6,True,0.20888888888888887,0.3333333333333333,0.3977554223658072,2.2516291673878226
2981,0.7,6,True,0.4488888888888889,0.6666666666666666,0.3716101752764803,1.2516291673878228
2982,0.7,6,True,0.3733333333333333,0.6666666666666666,0.3716101752764803,1.2516291673878228
2983,0.65,7,True,0.2857142857142857,0.2857142857142857,0.33591211570119817,2.2359263506290326
2984,0.6,8,True,0.31666666666666665,0.5,0.3149027910615312,2.0
2985,0.6,8,True,0.33095238095238094,0.375,0.29081902780598756,2.1556390622295662
2986,0.6,8,True,0.31666666666666665,0.5,0.3149027910615312,2.0
2987,0.6,8,True,0.2357142857142857,0.375,0.25354871102045307,1.9056390622295665
2988,0.6,8,True,0.3547619047619047,0.625,0.31502247023287666,1.5487949406953985
2989,0.7,6,True,0.28,0.5,0.340482362830567,1.4591479170272448
2990,0.7,6,True,0.23111111111111113,0.3333333333333333,0.3725991547047849,1.9182958340544893
2991,0.3,14,True,0.35018315018315016,0.5714285714285714,0.16964391395534772,1.807354922057604
2992,0.35,13,True,0.4136752136752137,0.5384615384615384,0.15726087566808844,1.573402452417767
2993,0.4,12,True,0.32828282828282823,0.5833333333333334,0.2110702296074859,1.780672129520887
2994,0.35,13,True,0.26495726495726496,0.3076923076923077,0.12021537594426646,2.6235166412180155
2995,0.3,14,True,0.41391941391941395,0.5714285714285714,0.19980216002594897,1.950212064914747
2996,0.3,14,True,0.4153846153846154,0.5714285714285714,0.19980216002594897,1.950212064914747
2997,0.3,14,True,0.2783882783882784,0.5,0.17871162601638213,2.260820318171659
2998,0.3,14,True,0.3311355311355311,0.5714285714285714,0.19980216002594897,1.950212064914747
2999,0.3,14,True,0.4095238095238095,0.5,0.10058525225958148,1.7244078178625923
3000,0.25,15,True,0.2653968253968254,0.4,0.11134755968360832,2.472905595320056
3001,0.2,16,True,0.3861111111111111,0.6875,0.28073194850728744,1.6216407621868583
3002,0.2,16,True,0.3088888888888889,0.4375,0.12235353549632222,2.1774212838293647
3003,0.2,16,True,0.32611111111111113,0.5,0.1593573017042127,2.25
3004,0.95,1,False,,,,
3005,0.95,1,False,,,,
3006,0.95,1,False,,,,
3007,0.95,1,False,,,,
3008,0.95,1,False,,,,
3009,0.95,1,False,,,,
3010,0.95,1,False,,,,
3011,0.95,1,False,,,,
3012,0.95,1,False,,,,
3013,0.15,17,True,0.3068627450980392,0.4117647058823529,0.10017763447195271,2.2544475789720946
3014,0.15,17,True,0.3475490196078431,0.35294117647058826,0.08420892055560514,2.3071885761626687
3015,0.15,17,True,0.42352941176470593,0.7647058823529411,0.35051363316910866,1.2577148214953864
3016,0.15,17,True,0.35833333333333334,0.47058823529411764,0.12856072260434448,2.1607047528877827
3017,0.15,17,True,0.36715686274509807,0.4117647058823529,0.10890871780988975,2.2256108145207376
3018,0.2,16,True,0.29222222222222227,0.5,0.13729180594228163,2.125
3019,0.2,16,True,0.38333333333333336,0.6875,0.25753634565243533,1.4966407621868583
3020,0.2,16,True,0.45666666666666667,0.75,0.2803607492695732,1.186278124459133
3021,0.2,16,True,0.29222222222222227,0.25,0.05118688510966152,2.6556390622295662
3022,0.2,16,True,0.44333333333333336,0.75,0.2803607492695732,1.186278124459133
3023,0.2,16,True,0.5266666666666667,0.875,0.3716101752764803,0.6685644431995964
3024,0.2,16,True,0.4222222222222223,0.6875,0.25753634565243533,1.4966407621868583
3025,0.2,16,True,0.5316666666666666,0.8125,0.3468177238411746,0.9933927290103626
3026,0.2,16,True,0.4761111111111111,0.875,0.3716101752764803,0.6685644431995964
3027,0.25,15,True,0.30095238095238097,0.5333333333333333,0.17157557582823801,1.7735572622751854
3028,0.2,16,True,0.30944444444444447,0.5,0.15935730170421258,2.25
3029,0.2,16,True,0.28277777777777774,0.5,0.17287377660531789,2.375
3030,0.2,16,True,0.47333333333333333,0.6875,0.23275129257820693,1.3244602933016414
3031,0.2,16,True,0.38,0.625,0.23024907521851967,1.7987949406953985
3032,0.2,16,True,0.3238888888888889,0.5,0.14044087901952707,1.875
3033,0.35,13,True,0.30085470085470084,0.38461538461538464,0.13757699309260762,2.2877837199410704
3034,0.25,15,True,0.2977777777777778,0.4666666666666667,0.16121931994114158,2.463458298648303
3035,0.2,16,True,0.32,0.5625,0.18233999335007445,1.9669171866886992
3036,0.2,16,True,0.2977777777777778,0.4375,0.13279683431365752,2.349601752714581
3037,0.2,16,True,0.29333333333333333,0.5625,0.20151271858722597,2.091917186688699
3038,0.2,16,True,0.32166666666666666,0.5,0.15935730170421258,2.25
3039,0.2,16,True,0.3005555555555555,0.5,0.1593573017042127,2.25
3040,0.15,17,True,0.28431372549019607,0.5882352941176471,0.20807317419415017,1.8980933736695382
3041,0.15,17,True,0.3509803921568627,0.47058823529411764,0.12856072260434448,2.1607047528877827
3042,0.15,17,True,0.25049019607843137,0.29411764705882354,0.06434463919503852,2.7719023720385585
3043,0.15,17,True,0.26519607843137255,0.47058823529411764,0.1618771869071437,2.5580510765444573
3044,0.15,17,True,0.30833333333333335,0.47058823529411764,0.16514133821245347,2.395998870534841
3045,0.15,17,True,0.31862745098039214,0.47058823529411764,0.15323431356959916,2.4404040177209283
3046,0.15,17,True,0.2622549019607843,0.47058823529411764,0.1618771869071437,2.5580510765444573
3047,0.15,17,True,0.40882352941176475,0.47058823529411764,0.14749181257269428,1.8751310486364097
3048,0.1,18,True,0.38823529411764707,0.6111111111111112,0.25753634565243533,1.6113834567195195
3049,0.1,18,True,0.43790849673202614,0.7222222222222222,0.33591211570119817,1.386274093895968
3050,0.1,18,True,0.37298474945533766,0.3888888888888889,0.17871162601638202,2.216521698179525
3051,0.1,18,True,0.4108932461873638,0.6111111111111112,0.24511122979648525,1.8336056789417416
3052,0.1,18,True,0.44313725490196076,0.8333333333333334,0.4041199259095132,0.8030717273241024
3053,0.1,18,True,0.34814814814814815,0.5555555555555556,0.21301198418543965,2.102187170949333
3054,0.1,18,True,0.3982570806100218,0.7222222222222222,0.35289896413803834,1.497385205007079
3055,0.1,18,True,0.47015250544662307,0.7777777777777778,0.3725991547047849,1.0975378398419535
3056,0.1,18,True,0.3272331154684096,0.5555555555555556,0.20271027263694896,1.768853837616
3057,0.1,18,True,0.3843137254901961,0.6111111111111112,0.20593925432908677,1.5275070675902451
3058,0.1,18,True,0.5525054466230936,0.7777777777777778,0.3977554223658072,1.2086489509530647
3059,0.1,18,True,0.4814814814814815,0.9444444444444444,0.5283265821844846,0.3095434291503252
3060,0.1,18,True,0.44880174291938996,0.8333333333333334,0.4436691855250422,0.9141828384352135
3061,0.95,1,False,,,,
3062,0.95,1,False,,,,
3063,0.95,1,False,,,,
3064,0.95,1,False,,,,
3065,0.95,1,False,,,,
3066,0.95,1,False,,,,
3067,0.95,1,False,,,,
3068,0.95,1,False,,,,
3069,0.95,1,False,,,,
3070,0.95,1,False,,,,
3071,0.95,1,False,,,,
3072,0.95,1,False,,,,
3073,0.15,17,True,0.4382352941176471,0.8235294117647058,0.38885477226300413,0.951994081908783
3074,0.15,17,True,0.3049019607843137,0.47058823529411764,0.15323431356959916,2.440404017720928
3075,0.15,17,True,0.5112745098039215,0.8823529411764706,0.33499008803474906,0.5225593745369408
3076,0.1,18,True,0.3869281045751634,0.6111111111111112,0.2585560474829177,1.7916674843771045
3077,0.1,18,True,0.6008714596949891,0.8888888888888888,0.4890359525563188,0.6143694458867568
3078,0.1,18,True,0.38082788671023965,0.4444444444444444,0.21533827903669656,1.5032583347756456
3079,0.1,18,True,0.40566448801742916,0.6666666666666666,0.2979332328204184,1.6688388898504305
3080,0.1,18,True,0.4618736383442266,0.8333333333333334,0.4436691855250422,0.9141828384352135
3081,0.1,18,True,0.5581699346405228,0.8888888888888888,0.4890359525563188,0.6143694458867568
3082,0.1,18,True,0.5738562091503268,0.8888888888888888,0.4890359525563188,0.6143694458867568
3083,0.1,18,True,0.28714596949891064,0.5555555555555556,0.23024907521851967,1.879964948727111
3084,0.1,18,True,0.5943355119825708,0.8333333333333334,0.4436691855250422,0.9141828384352135
3085,0.1,18,True,0.4753812636165577,0.8888888888888888,0.4890359525563188,0.6143694458867568
3086,0.1,18,True,0.3525054466230937,0.5,0.16016409232570472,2.098579861712074
3087,0.1,18,True,0.4008714596949891,0.6666666666666666,0.2979332328204184,1.6688388898504305
3088,0.1,18,True,0.4636165577342048,0.7777777777777778,0.3725991547047849,1.0975378398419535
3089,0.9,2,False,,,,
3090,0.9,2,False,,,,
3091,0.9,2,False,,,,
3092,0.9,2,False,,,,
3093,0.9,2,False,,,,
3094,0.9,2,False,,,,
3095,0.9,2,False,,,,
3096,0.9,2,False,,,,
3097,0.9,2,False,,,,
3098,0.9,2,False,,,,
3099,0.9,2,False,,,,
3100,0.9,2,False,,,,
3101,0.9,2,False,,,,
3102,0.9,2,False,,,,
3103,0.9,2,False,,,,
3104,0.1,18,True,0.47058823529411764,0.7777777777777778,0.32161017527648017,0.9864267287308424
3105,0.1,18,True,0.3281045751633987,0.6111111111111112,0.2683610168752899,2.0558279011639637
3106,0.1,18,True,0.32897603485838783,0.7222222222222222,0.35289896413803834,1.497385205007079
3107,0.1,18,True,0.39869281045751637,0.7777777777777778,0.3977554223658072,1.2086489509530647
3108,0.95,1,False,,,,
3109,0.1,18,True,0.306318082788671,0.5,0.18122294910529757,2.3627402784989338
3110,0.1,18,True,0.4823529411764706,0.8333333333333334,0.4041199259095133,0.8030717273241024
3111,0.1,18,True,0.37995642701525056,0.5,0.1137893229075343,1.765246528378741
3112,0.1,18,True,0.3503267973856209,0.6666666666666666,0.2979332328204184,1.6688388898504305
3113,0.15,17,True,0.3946078431372549,0.5294117647058824,0.1964156366567027,1.7263472243434204
3114,0.15,17,True,0.4294117647058824,0.8235294117647058,0.38885477226300413,0.951994081908783
3115,0.15,17,True,0.4294117647058824,0.5882352941176471,0.1611579504086038,1.5739889616503062
3116,0.15,17,True,0.5450980392156862,0.9411764705882353,0.44214218356782176,0.3227569588973982
3117,0.15,17,True,0.4892156862745098,0.8235294117647058,0.38885477226300413,0.951994081908783
3118,0.15,17,True,0.49411764705882355,0.7647058823529411,0.27942323606034725,0.9780155566622413
3119,0.15,17,True,0.45637254901960783,0.8823529411764706,0.4229921134636,0.6402064333604701
3120,0.15,17,True,0.47058823529411764,0.7058823529411765,0.2698043285786723,1.2772018112022603
3121,0.15,17,True,0.5558823529411765,0.8823529411764706,0.33499008803474906,0.5225593745369408
3122,0.15,17,True,0.7220588235294119,0.8823529411764706,0.4229921134636,0.6402064333604701
3123,0.15,17,True,0.49607843137254903,0.8823529411764706,0.4229921134636,0.6402064333604701
3124,0.15,17,True,0.3931372549019608,0.6470588235294118,0.2585560474829177,1.731360029190912
3125,0.95,1,False,,,,
3126,0.95,1,False,,,,
3127,0.95,1,False,,,,
3128,0.95,1,False,,,,
3129,0.95,1,False,,,,
3130,0.95,1,False,,,,
3131,0.95,1,False,,,,
3132,0.95,1,False,,,,
3133,0.95,1,False,,,,
3134,0.95,1,False,,,,
3135,0.95,1,False,,,,
3136,0.95,1,False,,,,
3137,0.95,1,False,,,,
3138,0.95,1,False,,,,
3139,0.95,1,False,,,,
3140,0.95,1,False,,,,
3141,0.95,1,False,,,,
3142,0.95,1,False,,,,
3143,0.95,1,False,,,,
3144,0.95,1,False,,,,
3145,0.95,1,False,,,,
3146,0.95,1,False,,,,
3147,0.95,1,False,,,,
3148,0.95,1,False,,,,
3149,0.95,1,False,,,,
3150,0.95,1,False,,,,
3151,0.95,1,False,,,,
3152,0.95,1,False,,,,
3153,0.95,1,False,,,,
3154,0.95,1,False,,,,
3155,0.95,1,False,,,,
3156,0.95,1,False,,,,
3157,0.95,1,False,,,,
3158,0.95,1,False,,,,
3159,0.95,1,False,,,,
3160,0.95,1,False,,,,
3161,0.95,1,False,,,,
3162,0.95,1,False,,,,
3163,0.95,1,False,,,,
3164,0.95,1,False,,,,
3165,0.95,1,False,,,,
3166,0.95,1,False,,,,
3167,0.95,1,False,,,,
3168,0.95,1,False,,,,
3169,0.95,1,False,,,,
3170,0.95,1,False,,,,
3171,0.95,1,False,,,,
3172,0.95,1,False,,,,
3173,0.95,1,False,,,,
3174,0.95,1,False,,,,
3175,0.95,1,False,,,,
3176,0.95,1,False,,,,
3177,0.95,1,False,,,,
3178,0.95,1,False,,,,
3179,0.95,1,False,,,,
3180,0.95,1,False,,,,
3181,0.95,1,False,,,,
3182,0.95,1,False,,,,
3183,0.9,2,False,,,,
3184,0.9,2,False,,,,
3185,0.9,2,False,,,,
3186,0.9,2,False,,,,
3187,0.9,2,False,,,,
3188,0.9,2,False,,,,
3189,0.15,17,True,0.3269607843137255,0.5294117647058824,0.19312997374815177,2.291620193427939
3190,0.1,18,True,0.4540305010893246,0.6111111111111112,0.2511573959832911,1.4108478748063633
3191,0.1,18,True,0.4278867102396514,0.7777777777777778,0.3977554223658072,1.2086489509530647
3192,0.1,18,True,0.32679738562091504,0.5555555555555556,0.2338449694456599,1.679429366813955
3193,0.1,18,True,0.33246187363834423,0.5555555555555556,0.2338449694456599,1.679429366813955
3194,0.1,18,True,0.5272331154684096,0.8333333333333334,0.4436691855250422,0.9141828384352135
3195,0.1,18,True,0.5220043572984749,0.7777777777777778,0.3725991547047849,1.0975378398419535
3196,0.1,18,True,0.35076252723311546,0.6111111111111112,0.2602530984543838,1.9447167900528528
3197,0.1,18,True,0.4226579520697168,0.6111111111111112,0.2511573959832911,1.4108478748063633
3198,0.1,18,True,0.49716775599128543,0.8888888888888888,0.4890359525563188,0.6143694458867568
3199,0.2,16,True,0.4022222222222222,0.6875,0.23275129257820693,1.3244602933016414
3200,0.2,16,True,0.45,0.8125,0.3468177238411746,0.9933927290103626
3201,0.2,16,True,0.24944444444444444,0.4375,0.10890871780988975,2.224601752714581
3202,0.2,16,True,0.6,0.9375,0.3742690141061863,0.3372900666170139
3203,0.15,17,True,0.4745098039215686,0.7058823529411765,0.20226907788083914,1.1595547523787308
3204,0.15,17,True,0.5235294117647059,0.8823529411764706,0.4229921134636,0.6402064333604701
3205,0.1,18,True,0.3381263616557734,0.4444444444444444,0.15935730170421258,2.2810361125534233
3206,0.1,18,True,0.43790849673202614,0.7222222222222222,0.3037500680338352,1.2751629827848567
3207,0.1,18,True,0.5041394335511983,0.8888888888888888,0.4890359525563188,0.6143694458867568
3208,0.1,18,True,0.506318082788671,0.7222222222222222,0.35289896413803834,1.497385205007079
3209,0.1,18,True,0.32941176470588235,0.6111111111111112,0.2602530984543837,1.9447167900528528
3210,0.1,18,True,0.4527233115468409,0.7222222222222222,0.3037500680338353,1.275162982784857
3211,0.1,18,True,0.359041394335512,0.6111111111111112,0.25753634565243533,1.6113834567195195
3212,0.1,18,True,0.3991285403050109,0.5555555555555556,0.20271027263694896,1.768853837616
3213,0.1,18,True,0.6222222222222221,0.9444444444444444,0.5283265821844846,0.3095434291503252
3214,0.1,18,True,0.34117647058823525,0.4444444444444444,0.13729180594228185,2.169925001442312
3215,0.1,18,True,0.42919389978213507,0.7777777777777778,0.3725991547047849,1.0975378398419535
3216,0.1,18,True,0.42396514161220045,0.7222222222222222,0.26055104850626043,1.1221136771091087
3217,0.1,18,True,0.44052287581699345,0.8333333333333334,0.4436691855250422,0.9141828384352135
3218,0.95,1,False,,,,
3219,0.95,1,False,,,,
3220,0.95,1,False,,,,
3221,0.1,18,True,0.5037037037037037,0.9444444444444444,0.5283265821844846,0.3095434291503252
3222,0.1,18,True,0.5777777777777778,0.9444444444444444,0.5283265821844846,0.3095434291503252
3223,0.1,18,True,0.5777777777777778,0.9444444444444444,0.5283265821844846,0.3095434291503252
3224,0.1,18,True,0.4496732026143791,0.8333333333333334,0.4436691855250422,0.9141828384352135
3225,0.1,18,True,0.46797385620915033,0.8888888888888888,0.4890359525563188,0.6143694458867568
3226,0.1,18,True,0.45620915032679743,0.7222222222222222,0.2916788609521739,1.0529407605626346
3227,0.1,18,True,0.5124183006535947,0.6666666666666666,0.1826545778534897,0.9182958340544896
3228,0.1,18,True,0.5333333333333333,1.0,0.5310044064107188,0.0
3229,0.1,18,True,0.4300653594771242,0.5555555555555556,0.21080508763824013,1.2326602568158205
3230,0.1,18,True,0.6,0.9444444444444444,0.5283265821844846,0.3095434291503252
3231,0.1,18,True,0.4771241830065359,0.6666666666666666,0.254765714633586,1.134969974603941
3232,0.1,18,True,0.5651416122004357,0.7777777777777778,0.340482362830567,0.9444885341662053
3233,0.1,18,True,0.48714596949891065,0.6666666666666666,0.254765714633586,1.134969974603941
3234,0.1,18,True,0.4274509803921569,0.8333333333333334,0.4436691855250422,0.9141828384352135
3235,0.1,18,True,0.3071895424836601,0.3888888888888889,0.13583006824426502,2.522620309531022
3236,0.1,18,True,0.37995642701525056,0.6111111111111112,0.24511122979648525,1.8336056789417416
3237,0.1,18,True,0.5137254901960785,0.7777777777777778,0.3977554223658072,1.2086489509530647
3238,0.1,18,True,0.40566448801742916,0.4444444444444444,0.134902164289336,1.7107770844150674
3239,0.1,18,True,0.42962962962962964,0.7777777777777778,0.3977554223658072,1.2086489509530647
3240,0.15,17,True,0.30980392156862746,0.4117647058823529,0.10206532099029064,2.0132790219068077
3241,0.15,17,True,0.33088235294117646,0.47058823529411764,0.14200554029077694,2.116299605701696
3242,0.15,17,True,0.4828431372549019,0.7647058823529411,0.27942323606034725,0.9780155566622413
3243,0.15,17,True,0.6705882352941176,0.9411764705882353,0.44214218356782176,0.3227569588973982
3244,0.15,17,True,0.7019607843137254,0.9411764705882353,0.44214218356782176,0.3227569588973982
3245,0.15,17,True,0.49460784313725487,0.7058823529411765,0.2698043285786723,1.2772018112022603
3246,0.15,17,True,0.4735294117647059,0.8235294117647058,0.38885477226300413,0.951994081908783
3247,0.15,17,True,0.4666666666666667,0.7058823529411765,0.23339689032675248,1.086312840741288
3248,0.15,17,True,0.3348039215686274,0.5882352941176471,0.19322802684931584,1.7360411676599221
3249,0.15,17,True,0.42352941176470593,0.7058823529411765,0.29081902780598756,1.439254017211876
3250,0.15,17,True,0.5450980392156862,0.9411764705882353,0.44214218356782176,0.3227569588973982
3251,0.15,17,True,0.5333333333333333,1.0,0.3901596952835996,0.0
3252,0.95,1,False,,,,
3253,0.95,1,False,,,,
3254,0.95,1,False,,,,
3255,0.95,1,False,,,,
3256,0.95,1,False,,,,
3257,0.95,1,False,,,,
3258,0.95,1,False,,,,
3259,0.15,17,True,0.4166666666666667,0.7647058823529411,0.35051363316910866,1.2577148214953864
3260,0.15,17,True,0.6666666666666666,1.0,0.3901596952835996,0.0
3261,0.15,17,True,0.5529411764705882,0.9411764705882353,0.44214218356782176,0.3227569588973982
3262,0.15,17,True,0.6196078431372548,0.9411764705882353,0.44214218356782176,0.3227569588973982
3263,0.15,17,True,0.4676470588235294,0.5882352941176471,0.17613453894041964,1.2210477851797181
3264,0.15,17,True,0.4647058823529412,0.8823529411764706,0.4229921134636,0.6402064333604701
3265,0.15,17,True,0.5333333333333333,1.0,0.3901596952835996,0.0
3266,0.15,17,True,0.6,1.0,0.3901596952835996,0.0
3267,0.15,17,True,0.6,1.0,0.3901596952835996,0.0
3268,0.15,17,True,0.6,1.0,0.3901596952835996,0.0
3269,0.15,17,True,0.4745098039215686,0.8823529411764706,0.33499008803474906,0.5225593745369408
3270,0.15,17,True,0.5333333333333333,1.0,0.3901596952835996,0.0
3271,0.15,17,True,0.5558823529411765,0.8823529411764706,0.33499008803474906,0.5225593745369408
3272,0.15,17,True,0.4426470588235294,0.8823529411764706,0.4229921134636,0.6402064333604701
3273,0.15,17,True,0.5024509803921569,0.8823529411764706,0.4229921134636,0.6402064333604701
3274,0.15,17,True,0.49607843137254903,0.8235294117647058,0.340482362830567,0.8343470230852538
3275,0.15,17,True,0.6073529411764705,0.8823529411764706,0.33499008803474906,0.5225593745369408
3276,0.15,17,True,0.4882352941176471,0.8235294117647058,0.38885477226300413,0.951994081908783
3277,0.15,17,True,0.7803921568627452,0.9411764705882353,0.44214218356782176,0.3227569588973982
3278,0.15,17,True,0.31519607843137254,0.5294117647058824,0.1736089100121373,2.011920928594794
3279,0.15,17,True,0.4338235294117647,0.7058823529411765,0.29081902780598756,1.439254017211876
3280,0.15,17,True,0.31519607843137254,0.5882352941176471,0.2355593046419251,2.133387491316597
3281,0.15,17,True,0.6705882352941176,0.9411764705882353,0.44214218356782176,0.3227569588973982
3282,0.15,17,True,0.3558823529411764,0.5294117647058824,0.16528093984799175,1.8210319581338212
3283,0.15,17,True,0.5137254901960785,0.8235294117647058,0.340482362830567,0.8343470230852538
3284,0.15,17,True,0.3862745098039216,0.5882352941176471,0.17862650938140523,1.7804463148460088
3285,0.15,17,True,0.4426470588235294,0.7647058823529411,0.35051363316910866,1.2577148214953864
3286,0.15,17,True,0.3906862745098039,0.6470588235294118,0.2585560474829177,1.731360029190912
3287,0.15,17,True,0.403921568627451,0.6470588235294118,0.19949284709658266,1.1660870601063933
3288,0.15,17,True,0.49313725490196075,0.7058823529411765,0.23339689032675248,1.086312840741288
3289,0.15,17,True,0.4083333333333333,0.5882352941176471,0.1286311756931664,1.3328204045850196
3290,0.15,17,True,0.7220588235294119,0.8823529411764706,0.4229921134636,0.6402064333604701
3291,0.15,17,True,0.4343137254901961,0.8235294117647058,0.340482362830567,0.8343470230852538
3292,0.15,17,True,0.5264705882352941,0.8235294117647058,0.340482362830567,0.8343470230852538
3293,0.15,17,True,0.47941176470588237,0.7058823529411765,0.23339689032675248,1.086312840741288
3294,0.15,17,True,0.503921568627451,0.8823529411764706,0.33499008803474906,0.5225593745369408
3295,0.15,17,True,0.5098039215686274,0.8823529411764706,0.4229921134636,0.6402064333604701
3296,0.15,17,True,0.6,1.0,0.3901596952835996,0.0
3297,0.15,17,True,0.47892156862745094,0.8823529411764706,0.4229921134636,0.6402064333604701
3298,0.15,17,True,0.5833333333333334,0.8823529411764706,0.4229921134636,0.6402064333604701
3299,0.15,17,True,0.6666666666666666,1.0,0.3901596952835996,0.0
3300,0.15,17,True,0.5764705882352942,0.9411764705882353,0.44214218356782176,0.3227569588973982
3301,0.15,17,True,0.5764705882352942,0.9411764705882353,0.44214218356782176,0.3227569588973982
3302,0.9,2,False,,,,
3303,0.15,17,True,0.5612745098039215,0.8823529411764706,0.4229921134636,0.6402064333604701
3304,0.15,17,True,0.5186274509803922,0.8823529411764706,0.33499008803474906,0.5225593745369408
3305,0.15,17,True,0.48627450980392156,0.7647058823529411,0.32000568559205445,1.1400677626718572
3306,0.2,16,True,0.4672222222222222,0.8125,0.3468177238411746,0.9933927290103626
3307,0.8,4,False,,,,
3308,0.8,4,False,,,,
3309,0.8,4,False,,,,
3310,0.8,4,False,,,,
3311,0.8,4,False,,,,
3312,0.8,4,False,,,,
3313,0.8,4,False,,,,
3314,0.8,4,False,,,,
3315,0.75,5,True,0.38666666666666666,0.6,0.4229921134636,1.3709505944546687
3316,0.75,5,True,0.33999999999999997,0.6,0.4229921134636,1.3709505944546687
3317,0.75,5,True,0.41333333333333333,0.6,0.33499008803474906,0.9709505944546686
3318,0.75,5,True,0.26,0.2,0.46159367967902887,2.321928094887362
3319,0.75,5,True,0.2866666666666667,0.6,0.4229921134636,1.3709505944546687
3320,0.75,5,True,0.22,0.4,0.4436691855250422,1.9219280948873623
3321,0.75,5,True,0.24000000000000002,0.2,0.46159367967902887,2.321928094887362
3322,0.75,5,True,0.2733333333333333,0.4,0.4041199259095133,1.5219280948873621
3323,0.75,5,True,0.2533333333333333,0.2,0.46159367967902887,2.321928094887362
3324,0.75,5,True,0.14666666666666667,0.2,0.46159367967902887,2.321928094887362
3325,0.75,5,True,0.28,0.4,0.4436691855250421,1.9219280948873623
3326,0.75,5,True,0.24666666666666667,0.4,0.4436691855250421,1.9219280948873623
3327,0.75,5,True,0.16666666666666666,0.2,0.46159367967902887,2.321928094887362
3328,0.75,5,True,0.18666666666666665,0.2,0.46159367967902887,2.321928094887362
3329,0.75,5,True,0.2533333333333333,0.4,0.4436691855250421,1.9219280948873623
3330,0.75,5,True,0.19333333333333333,0.4,0.4436691855250421,1.9219280948873623
3331,0.75,5,True,0.2866666666666667,0.4,0.4436691855250422,1.9219280948873623
3332,0.75,5,True,0.18000000000000002,0.2,0.46159367967902887,2.321928094887362
3333,0.8,4,False,,,,
3334,0.75,5,True,0.30666666666666664,0.6,0.4229921134636,1.3709505944546687
3335,0.75,5,True,0.18000000000000002,0.2,0.46159367967902887,2.321928094887362
3336,0.75,5,True,0.3333333333333333,0.6,0.4229921134636,1.3709505944546687
3337,0.75,5,True,0.32,0.4,0.4436691855250421,1.9219280948873623
3338,0.75,5,True,0.3,0.4,0.4436691855250422,1.9219280948873623
3339,0.75,5,True,0.22666666666666666,0.2,0.46159367967902887,2.321928094887362
3340,0.85,3,False,,,,
3341,0.9,2,False,,,,
3342,0.85,3,False,,,,
3343,0.85,3,False,,,,
3344,0.9,2,False,,,,
3345,0.9,2,False,,,,
3346,0.9,2,False,,,,
3347,0.9,2,False,,,,
3348,0.9,2,False,,,,
3349,0.9,2,False,,,,
3350,0.9,2,False,,,,
3351,0.9,2,False,,,,
3352,0.9,2,False,,,,
3353,0.9,2,False,,,,
3354,0.9,2,False,,,,
3355,0.9,2,False,,,,
3356,0.9,2,False,,,,
3357,0.85,3,False,,,,
3358,0.85,3,False,,,,
3359,0.85,3,False,,,,
3360,0.85,3,False,,,,
3361,0.85,3,False,,,,
3362,0.85,3,False,,,,
3363,0.85,3,False,,,,
3364,0.85,3,False,,,,
3365,0.85,3,False,,,,
3366,0.85,3,False,,,,
3367,0.85,3,False,,,,
3368,0.85,3,False,,,,
3369,0.85,3,False,,,,
3370,0.85,3,False,,,,
3371,0.85,3,False,,,,
3372,0.95,1,False,,,,
3373,0.9,2,False,,,,
3374,0.9,2,False,,,,
3375,0.9,2,False,,,,
3376,0.9,2,False,,,,
3377,0.9,2,False,,,,
3378,0.9,2,False,,,,
3379,0.9,2,False,,,,
3380,0.9,2,False,,,,
3381,0.9,2,False,,,,
3382,0.9,2,False,,,,
3383,0.9,2,False,,,,
3384,0.9,2,False,,,,
3385,0.9,2,False,,,,
3386,0.9,2,False,,,,
3387,0.9,2,False,,,,
3388,0.95,1,False,,,,
3389,0.95,1,False,,,,
3390,0.95,1,False,,,,
3391,0.95,1,False,,,,
3392,0.95,1,False,,,,
3393,0.95,1,False,,,,
3394,0.9,2,False,,,,
3395,0.9,2,False,,,,
3396,0.9,2,False,,,,
3397,0.9,2,False,,,,
3398,0.9,2,False,,,,
3399,0.9,2,False,,,,
3400,0.9,2,False,,,,
3401,0.8,4,False,,,,
3402,0.8,4,False,,,,
3403,0.8,4,False,,,,
3404,0.8,4,False,,,,
3405,0.85,3,False,,,,
3406,0.85,3,False,,,,
3407,0.85,3,False,,,,
3408,0.85,3,False,,,,
3409,0.85,3,False,,,,
3410,0.85,3,False,,,,
3411,0.85,3,False,,,,
3412,0.85,3,False,,,,
3413,0.85,3,False,,,,
3414,0.85,3,False,,,,
3415,0.85,3,False,,,,
3416,0.85,3,False,,,,
3417,0.85,3,False,,,,
3418,0.85,3,False,,,,
3419,0.85,3,False,,,,
3420,0.9,2,False,,,,
3421,0.9,2,False,,,,
3422,0.95,1,False,,,,
3423,0.95,1,False,,,,
3424,0.95,1,False,,,,
3425,0.9,2,False,,,,
3426,0.9,2,False,,,,
3427,0.9,2,False,,,,
3428,0.9,2,False,,,,
3429,0.9,2,False,,,,
3430,0.9,2,False,,,,
3431,0.9,2,False,,,,
3432,0.9,2,False,,,,
3433,0.9,2,False,,,,
3434,0.9,2,False,,,,
3435,0.9,2,False,,,,
3436,0.9,2,False,,,,
3437,0.9,2,False,,,,
3438,0.95,1,False,,,,
3439,0.9,2,False,,,,
3440,0.9,2,False,,,,
3441,0.9,2,False,,,,
3442,0.9,2,False,,,,
3443,0.9,2,False,,,,
3444,0.9,2,False,,,,
3445,0.9,2,False,,,,
3446,0.9,2,False,,,,
3447,0.9,2,False,,,,
3448,0.9,2,False,,,,
3449,0.9,2,False,,,,
3450,0.95,1,False,,,,
3451,0.95,1,False,,,,
3452,0.95,1,False,,,,
3453,0.9,2,False,,,,
3454,0.9,2,False,,,,
3455,0.9,2,False,,,,
3456,0.9,2,False,,,,
3457,0.9,2,False,,,,
3458,0.9,2,False,,,,
3459,0.9,2,False,,,,
3460,0.9,2,False,,,,
3461,0.9,2,False,,,,
3462,0.9,2,False,,,,
3463,0.9,2,False,,,,
3464,0.9,2,False,,,,
3465,0.9,2,False,,,,
3466,0.9,2,False,,,,
3467,0.9,2,False,,,,
3468,0.95,1,False,,,,
3469,0.95,1,False,,,,
3470,0.95,1,False,,,,
3471,0.95,1,False,,,,
3472,0.95,1,False,,,,
3473,0.95,1,False,,,,
3474,0.95,1,False,,,,
3475,0.95,1,False,,,,
3476,0.95,1,False,,,,
3477,0.95,1,False,,,,
3478,0.95,1,False,,,,
3479,0.95,1,False,,,,
3480,0.9,2,False,,,,
3481,0.9,2,False,,,,
3482,0.9,2,False,,,,
3483,0.9,2,False,,,,
3484,0.9,2,False,,,,
3485,0.9,2,False,,,,
3486,0.9,2,False,,,,
3487,0.9,2,False,,,,
3488,0.9,2,False,,,,
3489,0.9,2,False,,,,
3490,0.9,2,False,,,,
3491,0.9,2,False,,,,
3492,0.9,2,False,,,,
3493,0.9,2,False,,,,
3494,0.9,2,False,,,,
3495,0.9,2,False,,,,
3496,0.9,2,False,,,,
3497,0.9,2,False,,,,
3498,0.9,2,False,,,,
3499,0.9,2,False,,,,
3500,0.9,2,False,,,,
3501,0.95,1,False,,,,
3502,0.95,1,False,,,,
3503,0.95,1,False,,,,
3504,0.95,1,False,,,,
3505,0.95,1,False,,,,
3506,0.95,1,False,,,,
3507,0.95,1,False,,,,
3508,0.9,2,False,,,,
3509,0.9,2,False,,,,
3510,0.9,2,False,,,,
3511,0.9,2,False,,,,
3512,0.9,2,False,,,,
3513,0.9,2,False,,,,
3514,0.9,2,False,,,,
3515,0.9,2,False,,,,
3516,0.9,2,False,,,,
3517,0.9,2,False,,,,
3518,0.9,2,False,,,,
3519,0.8,4,False,,,,
3520,0.8,4,False,,,,
3521,0.8,4,False,,,,
3522,0.8,4,False,,,,
3523,0.8,4,False,,,,
3524,0.8,4,False,,,,
3525,0.8,4,False,,,,
3526,0.85,3,False,,,,
3527,0.25,15,True,0.48888888888888893,0.9333333333333333,0.32093180423165557,0.35335933502142136
3528,0.25,15,True,0.4361904761904762,0.8666666666666667,0.2200697153331006,0.5665095065529053
3529,0.25,15,True,0.40698412698412695,0.6666666666666666,0.25891735050123776,1.6922718656836107
3530,0.25,15,True,0.49777777777777776,0.8,0.31502247023287666,1.0389205950315936
3531,0.95,1,False,,,,
3532,0.95,1,False,,,,
3533,0.95,1,False,,,,
3534,0.95,1,False,,,,
3535,0.95,1,False,,,,
3536,0.3,14,True,0.4065934065934066,0.6428571428571429,0.14001345298901247,1.1981174211304033
3537,0.25,15,True,0.5644444444444444,0.8666666666666667,0.3319198728130941,0.6998428398862386
3538,0.25,15,True,0.4247619047619048,0.7333333333333333,0.2886710424611464,1.3699740752745009
3539,0.2,16,True,0.38333333333333336,0.625,0.23024907521851967,1.7987949406953985
3540,0.2,16,True,0.44166666666666665,0.625,0.15975898813907974,1.198192411043098
3541,0.2,16,True,0.7911111111111111,0.875,0.3716101752764803,0.6685644431995964
3542,0.25,15,True,0.5212698412698413,0.8666666666666667,0.3319198728130941,0.6998428398862386
3543,0.25,15,True,0.4285714285714286,0.7333333333333333,0.2886710424611464,1.3699740752745009
3544,0.25,15,True,0.6622222222222223,0.9333333333333333,0.32093180423165557,0.35335933502142136
3545,0.3,14,True,0.3384615384615384,0.42857142857142855,0.1554503579772094,2.128085278891394
3546,0.3,14,True,0.3619047619047619,0.5714285714285714,0.21785355177632815,2.0930692077718898
3547,0.3,14,True,0.3421245421245421,0.35714285714285715,0.09943237815189032,2.35274578087187
3548,0.3,14,True,0.34358974358974353,0.35714285714285715,0.09943237815189032,2.35274578087187
3549,0.9,2,False,,,,
3550,0.9,2,False,,,,
3551,0.9,2,False,,,,
3552,0.35,13,True,0.5111111111111111,0.7692307692307693,0.21080508763824013,0.9912642605354288
3553,0.35,13,True,0.3726495726495726,0.6153846153846154,0.2110702296074859,1.7004397181410922
3554,0.35,13,True,0.43846153846153846,0.7692307692307693,0.2771568471826691,1.1451104143815827
3555,0.35,13,True,0.3504273504273504,0.6153846153846154,0.1647657494487228,1.5465935642949382
3556,0.4,12,True,0.4686868686868687,0.5833333333333334,0.1303230639163997,1.2806721295208872
3557,0.4,12,True,0.3333333333333333,0.5833333333333334,0.18102136700694205,1.5510981710072647
3558,0.4,12,True,0.47171717171717176,0.75,0.20226907788083903,1.0408520829727552
3559,0.35,13,True,0.5111111111111111,0.8461538461538461,0.2816667590416564,0.7732283485249176
3560,0.35,13,True,0.4222222222222223,0.5384615384615384,0.07161017527648028,1.419556298571613
3561,0.35,13,True,0.41965811965811967,0.6923076923076923,0.21923179899069856,1.3520301017579528
3562,0.25,15,True,0.4165079365079365,0.7333333333333333,0.2511573959832911,1.2366407419411674
3563,0.25,15,True,0.4634920634920635,0.8666666666666667,0.3319198728130941,0.6998428398862386
3564,0.3,14,True,0.46153846153846156,0.7857142857142857,0.29207456594376535,1.0892300788425848
3565,0.3,14,True,0.5062271062271062,0.7857142857142857,0.29207456594376535,1.0892300788425848
3566,0.3,14,True,0.4857142857142857,0.8571428571428571,0.3022690778808391,0.7345299214394703
3567,0.9,2,False,,,,
3568,0.9,2,False,,,,
3569,0.9,2,False,,,,
3570,0.9,2,False,,,,
3571,0.9,2,False,,,,
3572,0.9,2,False,,,,
3573,0.9,2,False,,,,
3574,0.9,2,False,,,,
3575,0.9,2,False,,,,
3576,0.9,2,False,,,,
3577,0.9,2,False,,,,
3578,0.9,2,False,,,,
3579,0.9,2,False,,,,
3580,0.9,2,False,,,,
3581,0.9,2,False,,,,
3582,0.9,2,False,,,,
3583,0.9,2,False,,,,
3584,0.9,2,False,,,,
3585,0.9,2,False,,,,
3586,0.9,2,False,,,,
3587,0.9,2,False,,,,
3588,0.9,2,False,,,,
3589,0.9,2,False,,,,
3590,0.9,2,False,,,,
3591,0.9,2,False,,,,
3592,0.85,3,False,,,,
3593,0.85,3,False,,,,
3594,0.85,3,False,,,,
3595,0.95,1,False,,,,
3596,0.95,1,False,,,,
3597,0.95,1,False,,,,
3598,0.95,1,False,,,,
3599,0.95,1,False,,,,
3600,0.95,1,False,,,,
3601,0.95,1,False,,,,
3602,0.95,1,False,,,,
3603,0.95,1,False,,,,
3604,0.95,1,False,,,,
3605,0.95,1,False,,,,
3606,0.95,1,False,,,,
3607,0.95,1,False,,,,
3608,0.85,3,False,,,,
3609,0.8,4,False,,,,
3610,0.25,15,True,0.3942857142857143,0.8,0.31502247023287666,1.0389205950315936
3611,0.25,15,True,0.32761904761904764,0.6666666666666666,0.2338449694456599,1.5589385323502774
3612,0.25,15,True,0.41904761904761906,0.8,0.31502247023287666,1.0389205950315936
3613,0.25,15,True,0.41714285714285715,0.6,0.21100826863279232,1.871602261409798
3614,0.25,15,True,0.46793650793650793,0.5333333333333333,0.1170213395254125,1.272905595320056
3615,0.25,15,True,0.5352380952380952,0.8,0.254765714633586,0.9055872616982603
3616,0.25,15,True,0.35174603174603175,0.6,0.21100826863279232,1.871602261409798
3617,0.25,15,True,0.4780952380952381,0.8,0.31502247023287666,1.0389205950315936
3618,0.25,15,True,0.4285714285714286,0.6666666666666666,0.20637609206280816,1.3752793655393791
3619,0.25,15,True,0.5028571428571429,0.7333333333333333,0.19949284709658266,1.0529815751302694
3620,0.25,15,True,0.8380952380952381,0.8666666666666667,0.3319198728130941,0.6998428398862386
3621,0.25,15,True,0.4685714285714286,0.7333333333333333,0.2511573959832911,1.2366407419411674
3622,0.25,15,True,0.4793650793650794,0.8666666666666667,0.3319198728130941,0.6998428398862386
3623,0.95,1,False,,,,
3624,0.95,1,False,,,,
3625,0.25,15,True,0.4895238095238096,0.8666666666666667,0.3319198728130941,0.6998428398862386
3626,0.25,15,True,0.4311111111111111,0.8666666666666667,0.3319198728130941,0.6998428398862386
3627,0.25,15,True,0.4673015873015873,0.8,0.2547657146335859,0.9055872616982603
3628,0.25,15,True,0.3053968253968254,0.4666666666666667,0.10206532099029064,2.0131324651707385
3629,0.25,15,True,0.47238095238095235,0.7333333333333333,0.2886710424611464,1.3699740752745009
3630,0.2,16,True,0.48666666666666664,0.8125,0.29167886095217377,0.8683927290103626
3631,0.2,16,True,0.43722222222222223,0.75,0.2803607492695731,1.186278124459133
3632,0.2,16,True,0.4761111111111111,0.8125,0.3468177238411746,0.9933927290103626
3633,0.2,16,True,0.3761111111111111,0.625,0.20271027263694896,1.6737949406953985
3634,0.2,16,True,0.4072222222222222,0.625,0.19852640934862487,1.4237949406953985
3635,0.2,16,True,0.46888888888888886,0.8125,0.29167886095217377,0.8683927290103626
3636,0.15,17,True,0.46911764705882353,0.6470588235294118,0.2334525823968916,1.6137129703673825
3637,0.15,17,True,0.2892156862745098,0.35294117647058826,0.11395538749816203,2.5868878409958143
3638,0.15,17,True,0.35637254901960785,0.5882352941176471,0.22559344255483083,2.0157404324930677
3639,0.25,15,True,0.4444444444444444,0.7333333333333333,0.2511573959832911,1.2366407419411674
3640,0.25,15,True,0.44380952380952376,0.7333333333333333,0.19949284709658266,1.0529815751302694
3641,0.9,2,False,,,,
3642,0.85,3,False,,,,
3643,0.85,3,False,,,,
3644,0.85,3,False,,,,
3645,0.85,3,False,,,,
3646,0.85,3,False,,,,
3647,0.85,3,False,,,,
3648,0.85,3,False,,,,
3649,0.85,3,False,,,,
3650,0.15,17,True,0.38872549019607844,0.5882352941176471,0.19322802684931562,1.7360411676599221
3651,0.15,17,True,0.40294117647058825,0.6470588235294118,0.20593925432908677,1.4516607643577664
3652,0.15,17,True,0.29215686274509806,0.4117647058823529,0.12652850568175433,2.696199049814856
3653,0.15,17,True,0.38823529411764707,0.6470588235294118,0.2334525823968916,1.6137129703673825
3654,0.15,17,True,0.4583333333333333,0.8823529411764706,0.4229921134636,0.6402064333604701
3655,0.15,17,True,0.7166666666666667,0.8823529411764706,0.4229921134636,0.6402064333604701
3656,0.15,17,True,0.3004901960784314,0.4117647058823529,0.14773709288711945,2.4609049321677965
3657,0.15,17,True,0.49656862745098046,0.8823529411764706,0.33499008803474906,0.5225593745369408
3658,0.15,17,True,0.44509803921568625,0.5294117647058824,0.18936821383131197,1.49692754611459
3659,0.15,17,True,0.4132352941176471,0.7058823529411765,0.29081902780598756,1.439254017211876
3660,0.15,17,True,0.5348039215686275,0.8235294117647058,0.38885477226300413,0.951994081908783
3661,0.15,17,True,0.34068627450980393,0.4117647058823529,0.1304488374189683,1.6578764348499595
3662,0.15,17,True,0.5333333333333333,1.0,0.3901596952835996,0.0
3663,0.15,17,True,0.4666666666666667,0.8235294117647058,0.38885477226300413,0.951994081908783
3664,0.15,17,True,0.4818627450980392,0.7058823529411765,0.25354871102045307,1.321606958388347
3665,0.15,17,True,0.4877450980392157,0.6470588235294118,0.2480540998648021,1.5693078231812962
3666,0.15,17,True,0.44509803921568625,0.5882352941176471,0.17171437109950471,1.54515219719895
3667,0.15,17,True,0.4892156862745098,0.8235294117647058,0.340482362830567,0.8343470230852538
3668,0.15,17,True,0.3774509803921569,0.5294117647058824,0.18076084362328393,2.1739731346044096
3669,0.15,17,True,0.3794117647058824,0.47058823529411764,0.1349021642893362,1.6457113704075788
3670,0.15,17,True,0.5450980392156862,0.9411764705882353,0.44214218356782176,0.3227569588973982
3671,0.15,17,True,0.4343137254901961,0.7058823529411765,0.31137805050685086,1.5569010760354054
3672,0.15,17,True,0.32598039215686275,0.5882352941176471,0.2355593046419251,2.133387491316597
3673,0.15,17,True,0.24754901960784315,0.47058823529411764,0.1511868851096615,2.278351811711312
3674,0.2,16,True,0.3227777777777778,0.5625,0.18233999335007445,1.9669171866886992
3675,0.2,16,True,0.36611111111111116,0.5,0.17193876007360387,2.202819531114783
3676,0.2,16,True,0.3016666666666667,0.4375,0.12021537594426646,2.396782221599798
3677,0.25,15,True,0.3466666666666667,0.4666666666666667,0.14704271718487993,2.33012496531497
3678,0.95,1,False,,,,
3679,0.95,1,False,,,,
3680,0.95,1,False,,,,
3681,0.95,1,False,,,,
3682,0.95,1,False,,,,
3683,0.95,1,False,,,,
3684,0.95,1,False,,,,
3685,0.95,1,False,,,,
3686,0.9,2,False,,,,
3687,0.9,2,False,,,,
3688,0.9,2,False,,,,
3689,0.9,2,False,,,,
3690,0.35,13,True,0.3794871794871795,0.5384615384615384,0.15726087566808844,1.573402452417767
3691,0.85,3,False,,,,
3692,0.85,3,False,,,,
3693,0.8,4,False,,,,
3694,0.3,14,True,0.4021978021978022,0.6428571428571429,0.24485034743374168,1.7695459925589747
3695,0.3,14,True,0.3868131868131868,0.6428571428571429,0.14001345298901247,1.1981174211304033
3696,0.25,15,True,0.2577777777777778,0.4666666666666667,0.14704271718487993,2.33012496531497
3697,0.25,15,True,0.3784126984126984,0.5333333333333333,0.1659600812249996,2.040223928941852
3698,0.15,17,True,0.40980392156862744,0.7058823529411765,0.29081902780598745,1.439254017211876
3699,0.15,17,True,0.25392156862745097,0.4117647058823529,0.12652850568175433,2.696199049814856
3700,0.15,17,True,0.4367647058823529,0.7058823529411765,0.29081902780598745,1.439254017211876
3701,0.15,17,True,0.47205882352941175,0.8823529411764706,0.4229921134636,0.6402064333604701
3702,0.15,17,True,0.4519607843137255,0.8235294117647058,0.38885477226300413,0.951994081908783
3703,0.15,17,True,0.38186274509803925,0.6470588235294118,0.2480540998648021,1.5693078231812962
3704,0.15,17,True,0.5142156862745098,0.7058823529411765,0.29081902780598745,1.439254017211876
3705,0.15,17,True,0.4446078431372549,0.5294117647058824,0.14845104387083763,1.6087001655198914
3706,0.15,17,True,0.3705882352941176,0.5882352941176471,0.19322802684931562,1.7360411676599226
3707,0.15,17,True,0.5240196078431373,0.8823529411764706,0.4229921134636,0.6402064333604701
3708,0.15,17,True,0.5333333333333333,1.0,0.3901596952835996,0.0
3709,0.15,17,True,0.40343137254901956,0.47058823529411764,0.13095863323189394,1.9254106352407239
3710,0.15,17,True,0.4127450980392157,0.7647058823529411,0.32000568559205445,1.1400677626718572
3711,0.15,17,True,0.6196078431372548,0.9411764705882353,0.44214218356782176,0.3227569588973982
3712,0.15,17,True,0.453921568627451,0.8235294117647058,0.340482362830567,0.8343470230852538
3713,0.15,17,True,0.503921568627451,0.8235294117647058,0.340482362830567,0.8343470230852538
3714,0.15,17,True,0.4764705882352941,0.7647058823529411,0.27942323606034725,0.9780155566622414
3715,0.15,17,True,0.3990196078431373,0.7058823529411765,0.31137805050685086,1.5569010760354054
3716,0.15,17,True,0.7333333333333333,1.0,0.3901596952835996,0.0
3717,0.15,17,True,0.2877450980392157,0.47058823529411764,0.1618771869071437,2.5580510765444573
3718,0.15,17,True,0.5019607843137255,0.9411764705882353,0.44214218356782176,0.3227569588973982
3719,0.15,17,True,0.4166666666666667,0.5294117647058824,0.1964156366567027,1.7263472243434208
3720,0.15,17,True,0.42598039215686273,0.8235294117647058,0.340482362830567,0.8343470230852538
3721,0.95,1,False,,,,
3722,0.95,1,False,,,,
3723,0.95,1,False,,,,
3724,0.95,1,False,,,,
3725,0.95,1,False,,,,
3726,0.9,2,False,,,,
3727,0.15,17,True,0.33921568627450976,0.5294117647058824,0.18076084362328393,2.1739731346044096
3728,0.15,17,True,0.6872549019607843,0.8823529411764706,0.4229921134636,0.6402064333604701
3729,0.15,17,True,0.42058823529411765,0.7647058823529411,0.27942323606034725,0.9780155566622414
3730,0.15,17,True,0.37352941176470594,0.6470588235294118,0.2334525823968916,1.6137129703673825
3731,0.15,17,True,0.5171568627450981,0.8823529411764706,0.4229921134636,0.6402064333604701
3732,0.15,17,True,0.4647058823529412,0.47058823529411764,0.15790814011040566,1.2639334294856335
3733,0.15,17,True,0.49460784313725487,0.8235294117647058,0.38885477226300413,0.951994081908783
3734,0.15,17,True,0.7333333333333333,1.0,0.3901596952835996,0.0
3735,0.15,17,True,0.7333333333333333,1.0,0.3901596952835996,0.0
3736,0.15,17,True,0.5333333333333333,1.0,0.3901596952835996,0.0
3737,0.15,17,True,0.3578431372549019,0.47058823529411764,0.1507366236287142,2.0874628412503395
3738,0.15,17,True,0.38284313725490193,0.6470588235294118,0.25855604748291794,1.731360029190912
3739,0.15,17,True,0.44803921568627453,0.7058823529411765,0.29081902780598756,1.439254017211876
3740,0.15,17,True,0.5769607843137254,0.7647058823529411,0.35051363316910866,1.2577148214953864
3741,0.15,17,True,0.3416666666666667,0.47058823529411764,0.13860542674027043,2.322756958897399
3742,0.95,1,False,,,,
3743,0.25,15,True,0.4641269841269841,0.7333333333333333,0.18062065954249584,1.103307408607834
3744,0.2,16,True,0.3638888888888889,0.625,0.23024907521851967,1.7987949406953985
3745,0.2,16,True,0.29222222222222227,0.375,0.11303337684950054,2.7806390622295662
3746,0.2,16,True,0.49166666666666664,0.6875,0.23275129257820693,1.3244602933016414
3747,0.2,16,True,0.3477777777777778,0.5,0.17193876007360387,2.202819531114783
3748,0.2,16,True,0.36444444444444446,0.5,0.14044087901952707,1.875
3749,0.2,16,True,0.38722222222222225,0.625,0.20271027263694896,1.6737949406953985
3750,0.2,16,True,0.43555555555555553,0.625,0.19852640934862487,1.4237949406953985
3751,0.2,16,True,0.295,0.4375,0.10890871780988975,2.224601752714581
3752,0.2,16,True,0.4216666666666667,0.625,0.21731179010485935,1.6266144718101818
3753,0.2,16,True,0.5005555555555555,0.875,0.3716101752764803,0.6685644431995964
3754,0.2,16,True,0.4038888888888889,0.75,0.2803607492695731,1.186278124459133
3755,0.2,16,True,0.32611111111111113,0.5,0.17287377660531789,2.375
3756,0.2,16,True,0.42888888888888893,0.75,0.2803607492695731,1.186278124459133
3757,0.2,16,True,0.4711111111111111,0.8125,0.29167886095217377,0.8683927290103626
3758,0.2,16,True,0.5116666666666666,0.8125,0.3468177238411746,0.9933927290103626
3759,0.2,16,True,0.35444444444444445,0.6875,0.25753634565243533,1.4966407621868583
3760,0.2,16,True,0.5,0.9375,0.3742690141061863,0.3372900666170139
3761,0.2,16,True,0.4755555555555555,0.75,0.21452470277266567,1.061278124459133
3762,0.2,16,True,0.7333333333333333,1.0,0.2780719051126377,0.0
3763,0.2,16,True,0.5,0.9375,0.3742690141061863,0.3372900666170139
3764,0.2,16,True,0.4711111111111111,0.75,0.2803607492695732,1.186278124459133
3765,0.2,16,True,0.4422222222222222,0.6875,0.25753634565243533,1.4966407621868583
3766,0.2,16,True,0.5961111111111111,0.8125,0.3468177238411746,0.9933927290103626
3767,0.2,16,True,0.575,0.875,0.3716101752764803,0.6685644431995964
3768,0.2,16,True,0.49166666666666664,0.9375,0.3742690141061863,0.3372900666170139
3769,0.2,16,True,0.4944444444444444,0.875,0.3716101752764803,0.6685644431995964
3770,0.2,16,True,0.34055555555555556,0.4375,0.09501438743712343,2.021782221599798
3771,0.2,16,True,0.5566666666666666,0.875,0.27015330083790245,0.5435644431995964
3772,0.2,16,True,0.49166666666666664,0.9375,0.3742690141061863,0.3372900666170139
3773,0.2,16,True,0.385,0.75,0.3149027910615312,1.311278124459133
3774,0.2,16,True,0.3433333333333334,0.4375,0.09501438743712343,2.021782221599798
3775,0.2,16,True,0.4438888888888889,0.5,0.16171420253845625,1.5306390622295665
3776,0.2,16,True,0.575,0.9375,0.3742690141061863,0.3372900666170139
3777,0.2,16,True,0.5,0.8125,0.29167886095217377,0.8683927290103626
3778,0.2,16,True,0.5022222222222222,0.8125,0.3468177238411746,0.9933927290103626
3779,0.2,16,True,0.45611111111111113,0.8125,0.29167886095217377,0.8683927290103626
3780,0.2,16,True,0.42777777777777776,0.6875,0.28073194850728744,1.6216407621868583
3781,0.2,16,True,0.43944444444444447,0.6875,0.25753634565243533,1.4966407621868583
3782,0.2,16,True,0.43444444444444447,0.75,0.2803607492695732,1.186278124459133
3783,0.2,16,True,0.5166666666666667,0.9375,0.3742690141061863,0.3372900666170139
3784,0.2,16,True,0.4138888888888889,0.5,0.14044087901952684,1.875
3785,0.2,16,True,0.3877777777777778,0.625,0.20271027263694896,1.6737949406953985
3786,0.2,16,True,0.40611111111111114,0.4375,0.12614908424583438,1.9211796919474975
3787,0.2,16,True,0.4227777777777778,0.6875,0.21649567501998768,1.3716407621868583
3788,0.2,16,True,0.4033333333333333,0.6875,0.25753634565243533,1.4966407621868583
3789,0.95,1,False,,,,
3790,0.2,16,True,0.33166666666666667,0.5,0.13095863323189394,1.9056390622295662
3791,0.15,17,True,0.453921568627451,0.7647058823529411,0.32000568559205445,1.1400677626718572
3792,0.25,15,True,0.44952380952380955,0.7333333333333333,0.09224434000149873,0.8366407419411672
3793,0.25,15,True,0.30984126984126986,0.5333333333333333,0.19826302830219433,2.3068905956085186
3794,0.25,15,True,0.34158730158730155,0.4,0.07502263879392501,1.781937063546704
3795,0.25,15,True,0.6374603174603174,0.8,0.254765714633586,0.9055872616982603
3796,0.25,15,True,0.4990476190476191,0.8666666666666667,0.3319198728130941,0.6998428398862386
3797,0.25,15,True,0.4241269841269842,0.8,0.31502247023287666,1.0389205950315936
3798,0.25,15,True,0.7777777777777779,0.9333333333333333,0.32093180423165557,0.35335933502142136
3799,0.25,15,True,0.5066666666666666,0.9333333333333333,0.32093180423165557,0.35335933502142136
3800,0.25,15,True,0.36000000000000004,0.5333333333333333,0.09398499432886198,1.7232314287976207
3801,0.25,15,True,0.4380952380952381,0.6666666666666666,0.053605369642813816,0.9182958340544896
3802,0.25,15,True,0.4838095238095238,0.6666666666666666,0.15975898813907974,1.158938532350277
3803,0.25,15,True,0.37587301587301586,0.7333333333333333,0.2886710424611464,1.3699740752745009
3804,0.25,15,True,0.4526984126984127,0.7333333333333333,0.2511573959832911,1.2366407419411674
3805,0.25,15,True,0.3688888888888889,0.4666666666666667,0.12614908424583438,1.9301249653149701
3806,0.25,15,True,0.420952380952381,0.6666666666666666,0.2338449694456599,1.5589385323502774
3807,0.25,15,True,0.45206349206349206,0.8,0.31502247023287666,1.0389205950315936
3808,0.25,15,True,0.34476190476190477,0.3333333333333333,0.08776620037531102,2.332914563979398
3809,0.25,15,True,0.5028571428571429,0.8,0.254765714633586,0.9055872616982603
3810,0.95,1,False,,,,
3811,0.95,1,False,,,,
3812,0.95,1,False,,,,
3813,0.25,15,True,0.38412698412698415,0.4,0.15027655445897814,2.0989295636909353
3814,0.25,15,True,0.41777777777777775,0.6666666666666666,0.2338449694456599,1.5589385323502771
3815,0.25,15,True,0.3568253968253969,0.4,0.0996841911961801,1.7055872616982601
3816,0.25,15,True,0.4749206349206349,0.7333333333333333,0.19949284709658266,1.0529815751302694
3817,0.25,15,True,0.35809523809523813,0.5333333333333333,0.17157557582823801,1.7735572622751854
3818,0.25,15,True,0.3244444444444445,0.4666666666666667,0.10488622395331182,1.6894822670191825
3819,0.25,15,True,0.6965079365079365,0.8666666666666667,0.3319198728130941,0.6998428398862386
3820,0.25,15,True,0.5663492063492064,0.8666666666666667,0.2200697153331006,0.5665095065529053
3821,0.25,15,True,0.3752380952380952,0.4,0.058767021235705874,1.8322628970242685
3822,0.25,15,True,0.3714285714285714,0.4,0.15261108425297132,1.8389205950315937
3823,0.25,15,True,0.5238095238095238,0.6666666666666666,0.20637609206280816,1.3752793655393791
3824,0.25,15,True,0.43174603174603177,0.5333333333333333,0.17157557582823801,1.7735572622751854
3825,0.25,15,True,0.2920634920634921,0.5333333333333333,0.18618464294482617,2.1735572622751853
3826,0.25,15,True,0.2571428571428572,0.4666666666666667,0.16121931994114158,2.463458298648303
3827,0.9,2,False,,,,
3828,0.95,1,False,,,,
3829,0.95,1,False,,,,
3830,0.95,1,False,,,,
3831,0.95,1,False,,,,
3832,0.95,1,False,,,,
3833,0.95,1,False,,,,
3834,0.95,1,False,,,,
3835,0.95,1,False,,,,
3836,0.95,1,False,,,,
3837,0.95,1,False,,,,
3838,0.95,1,False,,,,
3839,0.95,1,False,,,,
3840,0.95,1,False,,,,
3841,0.95,1,False,,,,
3842,0.95,1,False,,,,
3843,0.95,1,False,,,,
3844,0.95,1,False,,,,
3845,0.3,14,True,0.4747252747252747,0.7142857142857143,0.06276943678387037,0.863120568566631
3846,0.3,14,True,0.3010989010989011,0.5,0.17871162601638213,2.260820318171659
3847,0.3,14,True,0.32454212454212455,0.5714285714285714,0.19980216002594897,1.950212064914747
3848,0.35,13,True,0.3205128205128205,0.5384615384615384,0.21440678351765363,2.1887870678023824
3849,0.35,13,True,0.5692307692307692,0.9230769230769231,0.25021798863140454,0.39124356362925566
3850,0.35,13,True,0.2863247863247863,0.46153846153846156,0.15797425420712452,2.199687794731328
3851,0.35,13,True,0.3170940170940171,0.46153846153846156,0.17871162601638202,2.353533948577482
3852,0.35,13,True,0.441025641025641,0.6153846153846154,0.2110702296074859,1.7004397181410922
3853,0.35,13,True,0.3598290598290598,0.46153846153846156,0.1388189398408547,1.9877733714879842
3854,0.35,13,True,0.35128205128205126,0.46153846153846156,0.1388189398408547,1.9877733714879842
3855,0.35,13,True,0.48205128205128206,0.6923076923076923,0.16242837679500655,1.1401156785146092
3856,0.35,13,True,0.6512820512820513,0.9230769230769231,0.25021798863140454,0.39124356362925566
3857,0.35,13,True,0.3692307692307692,0.46153846153846156,0.15797425420712452,2.199687794731328
3858,0.35,13,True,0.335042735042735,0.46153846153846156,0.16290270309639854,1.8919954870390203
3859,0.3,14,True,0.2754578754578755,0.42857142857142855,0.1555979268845017,2.359879028736861
3860,0.25,15,True,0.23174603174603176,0.26666666666666666,0.10282900828664865,3.0565647621309537
3861,0.3,14,True,0.2725274725274725,0.6428571428571429,0.24485034743374168,1.7695459925589747
3862,0.25,15,True,0.24253968253968253,0.4,0.12743761455218416,2.606238928653389
3863,0.25,15,True,0.2780952380952381,0.26666666666666666,0.10362356526647565,2.7068905956085185
3864,0.25,15,True,0.3898412698412699,0.6666666666666666,0.2338449694456599,1.5589385323502771
3865,0.25,15,True,0.32571428571428573,0.4666666666666667,0.08648012054822751,1.7464657985040721
3866,0.25,15,True,0.5415873015873015,0.8,0.2547657146335859,0.9055872616982603
3867,0.25,15,True,0.25587301587301586,0.4,0.11134755968360832,2.4729055953200563
3868,0.25,15,True,0.413968253968254,0.7333333333333333,0.2511573959832911,1.2366407419411674
3869,0.25,15,True,0.3161904761904762,0.6666666666666666,0.2338449694456599,1.5589385323502774
3870,0.25,15,True,0.6,1.0,0.18872187554086717,0.0
3871,0.25,15,True,0.43555555555555553,0.8,0.254765714633586,0.9055872616982603
3872,0.25,15,True,0.4876190476190477,0.8,0.14652605660438867,0.7219280948873623
3873,0.25,15,True,0.5619047619047619,0.8666666666666667,0.3319198728130941,0.6998428398862386
3874,0.25,15,True,0.4533333333333333,0.8,0.31502247023287666,1.0389205950315936
3875,0.25,15,True,0.4444444444444444,0.7333333333333333,0.2511573959832911,1.2366407419411674
3876,0.25,15,True,0.6666666666666666,1.0,0.18872187554086717,0.0
3877,0.25,15,True,0.313015873015873,0.4666666666666667,0.14580339391378594,1.5628066316931741
3878,0.25,15,True,0.4165079365079365,0.6666666666666666,0.15975898813907974,1.158938532350277
3879,0.25,15,True,0.49142857142857144,0.6666666666666666,0.2338449694456599,1.5589385323502771
3880,0.25,15,True,0.5314285714285715,0.8,0.14652605660438867,0.7219280948873623
3881,0.25,15,True,0.6044444444444445,0.7333333333333333,0.19949284709658266,1.0529815751302694
3882,0.25,15,True,0.518095238095238,0.8666666666666667,0.2200697153331006,0.5665095065529053
3883,0.25,15,True,0.5371428571428571,0.8,0.254765714633586,0.9055872616982603
3884,0.25,15,True,0.546031746031746,0.8666666666666667,0.3319198728130941,0.6998428398862386
3885,0.25,15,True,0.41269841269841273,0.6666666666666666,0.25891735050123776,1.6922718656836107
3886,0.25,15,True,0.21333333333333335,0.26666666666666666,0.09191843705152736,3.106890595608518
3887,0.25,15,True,0.25142857142857145,0.4666666666666667,0.14704271718487993,2.33012496531497
3888,0.3,14,True,0.31575091575091574,0.42857142857142855,0.1555979268845017,2.359879028736861
3889,0.25,15,True,0.25015873015873014,0.4,0.12743761455218416,2.606238928653389
3890,0.25,15,True,0.2965079365079365,0.5333333333333333,0.19826302830219433,2.3068905956085186
3891,0.9,2,False,,,,
3892,0.9,2,False,,,,
3893,0.9,2,False,,,,
3894,0.9,2,False,,,,
3895,0.75,5,True,0.36000000000000004,0.4,0.4041199259095133,1.5219280948873621
3896,0.9,2,False,,,,
3897,0.75,5,True,0.22,0.2,0.46159367967902887,2.321928094887362
3898,0.35,13,True,0.3854700854700855,0.6923076923076923,0.2599940536914944,1.5058762556041068
3899,0.35,13,True,0.3316239316239316,0.38461538461538464,0.14704271718487982,2.4996981431844145
3900,0.3,14,True,0.24175824175824176,0.35714285714285715,0.13726088010151472,2.835237745312118
3901,0.3,14,True,0.3304029304029304,0.5714285714285714,0.19980216002594897,1.950212064914747
3902,0.3,14,True,0.3274725274725275,0.5,0.17141907189355698,2.064042639445697
3903,0.15,17,True,0.3,0.5294117647058824,0.18076084362328382,2.1739731346044096
3904,0.15,17,True,0.39362745098039215,0.6470588235294118,0.2334525823968916,1.6137129703673825
3905,0.15,17,True,0.43088235294117644,0.7647058823529411,0.32000568559205445,1.1400677626718572
3906,0.15,17,True,0.5406862745098039,0.8235294117647058,0.340482362830567,0.8343470230852538
3907,0.95,1,False,,,,
3908,0.15,17,True,0.41617647058823526,0.6470588235294118,0.2585560474829177,1.731360029190912
3909,0.15,17,True,0.47205882352941175,0.8823529411764706,0.4229921134636,0.6402064333604701
3910,0.15,17,True,0.346078431372549,0.47058823529411764,0.14749181257269428,1.8751310486364097
3911,0.15,17,True,0.34068627450980393,0.5882352941176471,0.20807317419415017,1.8980933736695382
3912,0.15,17,True,0.30637254901960786,0.5294117647058824,0.14119717659244801,1.894273869771264
3913,0.15,17,True,0.49607843137254903,0.8823529411764706,0.4229921134636,0.6402064333604701
3914,0.15,17,True,0.28431372549019607,0.4117647058823529,0.13279683431365752,2.3432578733442675
3915,0.15,17,True,0.5941176470588235,0.7647058823529411,0.27942323606034725,0.9780155566622414
3916,0.15,17,True,0.6666666666666666,1.0,0.3901596952835996,0.0
3917,0.15,17,True,0.32303921568627453,0.5294117647058824,0.1999473217916643,2.4092672522514684
3918,0.15,17,True,0.3926470588235294,0.5882352941176471,0.22559344255483083,2.0157404324930677
3919,0.15,17,True,0.3862745098039216,0.5882352941176471,0.22559344255483083,2.0157404324930677
3920,0.15,17,True,0.28872549019607846,0.47058823529411764,0.12856072260434448,2.1607047528877827
3921,0.95,1,False,,,,
3922,0.95,1,False,,,,
3923,0.95,1,False,,,,
3924,0.95,1,False,,,,
3925,0.85,3,False,,,,
3926,0.85,3,False,,,,
3927,0.85,3,False,,,,
3928,0.15,17,True,0.42352941176470593,0.6470588235294118,0.25855604748291794,1.731360029190912
3929,0.15,17,True,0.3946078431372549,0.7058823529411765,0.29081902780598745,1.439254017211876
3930,0.15,17,True,0.4,0.6470588235294118,0.2585560474829177,1.731360029190912
3931,0.15,17,True,0.44803921568627453,0.5882352941176471,0.10726235138633289,1.383099991189334
3932,0.15,17,True,0.3568627450980392,0.47058823529411764,0.07557889092377768,1.8077635764171942
3933,0.15,17,True,0.28872549019607846,0.47058823529411764,0.13860542674027032,2.322756958897399
3934,0.15,17,True,0.40098039215686276,0.7058823529411765,0.29081902780598756,1.439254017211876
3935,0.15,17,True,0.421078431372549,0.7647058823529411,0.32000568559205445,1.1400677626718572
3936,0.15,17,True,0.4627450980392157,0.5294117647058824,0.08028267642490694,0.9975025463691153
3937,0.15,17,True,0.2656862745098039,0.47058823529411764,0.1511868851096615,2.278351811711312
3938,0.15,17,True,0.4387254901960784,0.6470588235294118,0.23275129257820693,1.3784188527203236
3939,0.15,17,True,0.47941176470588237,0.7647058823529411,0.27942323606034725,0.9780155566622413
3940,0.15,17,True,0.6196078431372548,0.9411764705882353,0.44214218356782176,0.3227569588973982
3941,0.15,17,True,0.40294117647058825,0.7058823529411765,0.31137805050685086,1.5569010760354054
3942,0.15,17,True,0.29705882352941176,0.35294117647058826,0.07524052280606319,2.0948567835487384
3943,0.15,17,True,0.3416666666666667,0.47058823529411764,0.14749181257269428,1.8751310486364097
3944,0.15,17,True,0.3774509803921569,0.7058823529411765,0.31137805050685086,1.5569010760354054
3945,0.15,17,True,0.4019607843137255,0.5882352941176471,0.21731179010485935,1.6627992560224794
3946,0.15,17,True,0.4754901960784314,0.6470588235294118,0.2585560474829177,1.731360029190912
3947,0.15,17,True,0.3514705882352941,0.5882352941176471,0.22151799188058263,1.8536882264834516
3948,0.15,17,True,0.3245098039215686,0.47058823529411764,0.17193876007360365,2.2051099000738685
3949,0.2,16,True,0.3766666666666667,0.5625,0.13004494046575343,1.6225562489182659
3950,0.2,16,True,0.5144444444444445,0.8125,0.29167886095217377,0.8683927290103626
3951,0.2,16,True,0.3777777777777778,0.5625,0.16528093984799175,1.7947367178034825
3952,0.2,16,True,0.28944444444444445,0.5,0.15935730170421258,2.25
3953,0.2,16,True,0.3111111111111111,0.4375,0.13108461883425948,2.146782221599798
3954,0.2,16,True,0.43444444444444447,0.6875,0.25753634565243533,1.4966407621868583
3955,0.2,16,True,0.4166666666666667,0.625,0.21731179010485935,1.6266144718101818
3956,0.2,16,True,0.4066666666666666,0.6875,0.25753634565243533,1.4966407621868583
3957,0.2,16,True,0.36611111111111116,0.4375,0.12235353549632222,2.1774212838293647
3958,0.2,16,True,0.4055555555555556,0.75,0.2803607492695731,1.186278124459133
3959,0.15,17,True,0.5426470588235295,0.8235294117647058,0.38885477226300413,0.951994081908783
3960,0.15,17,True,0.3225490196078431,0.5294117647058824,0.18076084362328382,2.1739731346044096
3961,0.15,17,True,0.2573529411764706,0.23529411764705882,0.0641895667918575,2.939829017466402
3962,0.15,17,True,0.4083333333333333,0.5882352941176471,0.20637609206280816,1.450467463408549
3963,0.15,17,True,0.5176470588235295,0.9411764705882353,0.44214218356782176,0.3227569588973982
3964,0.15,17,True,0.33431372549019606,0.4117647058823529,0.12235353549632222,2.1812056673346514
3965,0.15,17,True,0.3906862745098039,0.5882352941176471,0.20807317419414995,1.8980933736695382
3966,0.15,17,True,0.3004901960784314,0.4117647058823529,0.11619060520854652,2.5785519909913264
3967,0.15,17,True,0.338235294117647,0.5294117647058824,0.19312997374815177,2.291620193427939
3968,0.15,17,True,0.26862745098039215,0.29411764705882354,0.08398410223075714,2.6986604604011157
3969,0.2,16,True,0.3561111111111111,0.6875,0.25753634565243533,1.4966407621868583
3970,0.95,1,False,,,,
3971,0.95,1,False,,,,
3972,0.25,15,True,0.31492063492063493,0.6666666666666666,0.25891735050123776,1.6922718656836107
3973,0.2,16,True,0.4005555555555555,0.625,0.23024907521851967,1.7987949406953985
3974,0.2,16,True,0.3711111111111111,0.625,0.17171437109950471,1.5016144718101818
3975,0.2,16,True,0.4477777777777778,0.75,0.2803607492695731,1.186278124459133
3976,0.2,16,True,0.3505555555555555,0.6875,0.25753634565243533,1.4966407621868583
3977,0.2,16,True,0.4033333333333333,0.75,0.21452470277266567,1.061278124459133
3978,0.2,16,True,0.4761111111111111,0.875,0.3716101752764803,0.6685644431995964
3979,0.2,16,True,0.4761111111111111,0.875,0.3716101752764803,0.6685644431995964
3980,0.2,16,True,0.4305555555555556,0.6875,0.25753634565243533,1.4966407621868583
3981,0.2,16,True,0.625,0.9375,0.3742690141061863,0.3372900666170139
3982,0.2,16,True,0.44611111111111107,0.6875,0.23275129257820693,1.3244602933016414
3983,0.2,16,True,0.345,0.5625,0.18233999335007445,1.9669171866886992
3984,0.2,16,True,0.33,0.5625,0.18233999335007445,1.9669171866886992
3985,0.2,16,True,0.6361111111111112,0.875,0.3716101752764803,0.6685644431995964
3986,0.2,16,True,0.5333333333333333,1.0,0.2780719051126377,0.0
3987,0.2,16,True,0.3655555555555556,0.6875,0.28073194850728744,1.6216407621868583
3988,0.2,16,True,0.4194444444444444,0.75,0.3149027910615312,1.311278124459133
3989,0.2,16,True,0.5261111111111111,0.875,0.3716101752764803,0.6685644431995964
3990,0.2,16,True,0.525,0.625,0.06276943678387037,0.954434002924965
3991,0.2,16,True,0.29888888888888887,0.4375,0.14526931617299932,2.646782221599798
3992,0.2,16,True,0.4338888888888889,0.625,0.17171437109950471,1.5016144718101818
3993,0.2,16,True,0.5238888888888888,0.8125,0.29167886095217377,0.8683927290103626
3994,0.2,16,True,0.28833333333333333,0.5625,0.20151271858722597,2.091917186688699
3995,0.2,16,True,0.38999999999999996,0.5625,0.18233999335007445,1.9669171866886992
3996,0.2,16,True,0.36722222222222217,0.6875,0.28073194850728744,1.6216407621868583
3997,0.2,16,True,0.5027777777777778,0.8125,0.3468177238411746,0.9933927290103626
3998,0.2,16,True,0.32,0.5,0.17193876007360365,2.202819531114783
3999,0.2,16,True,0.39055555555555554,0.375,0.12147638744426037,1.936278124459133
4000,0.15,17,True,0.5504901960784314,0.7058823529411765,0.31137805050685086,1.5569010760354054
4001,0.15,17,True,0.2803921568627451,0.4117647058823529,0.0994635009803243,2.460904932167797
4002,0.15,17,True,0.35441176470588237,0.6470588235294118,0.272834556823775,1.8490070880144414
4003,0.85,3,False,,,,
4004,0.85,3,False,,,,
4005,0.9,2,False,,,,
4006,0.95,1,False,,,,
4007,0.95,1,False,,,,
4008,0.95,1,False,,,,
4009,0.95,1,False,,,,
4010,0.9,2,False,,,,
4011,0.9,2,False,,,,
4012,0.9,2,False,,,,
4013,0.9,2,False,,,,
4014,0.95,1,False,,,,
4015,0.95,1,False,,,,
4016,0.95,1,False,,,,
4017,0.95,1,False,,,,
4018,0.95,1,False,,,,
4019,0.95,1,False,,,,
4020,0.85,3,False,,,,
4021,0.85,3,False,,,,
4022,0.85,3,False,,,,
4023,0.15,17,True,0.25098039215686274,0.29411764705882354,0.08398410223075714,2.6986604604011157
4024,0.15,17,True,0.33872549019607845,0.4117647058823529,0.1388189398408547,1.9015064025015063
4025,0.15,17,True,0.3779411764705882,0.6470588235294118,0.2480540998648021,1.5693078231812962
4026,0.15,17,True,0.32745098039215687,0.4117647058823529,0.1378906947569074,2.651793902628769
4027,0.15,17,True,0.4666666666666667,0.7058823529411765,0.29081902780598745,1.439254017211876
4028,0.15,17,True,0.38186274509803925,0.5882352941176471,0.17171437109950471,1.54515219719895
4029,0.15,17,True,0.37647058823529406,0.7647058823529411,0.35051363316910866,1.2577148214953864
4030,0.15,17,True,0.47401960784313724,0.8235294117647058,0.388854772263004,0.951994081908783
4031,0.15,17,True,0.4583333333333333,0.8235294117647058,0.340482362830567,0.8343470230852538
4032,0.15,17,True,0.39607843137254906,0.7058823529411765,0.29081902780598756,1.439254017211876
4033,0.95,1,False,,,,
4034,0.95,1,False,,,,
4035,0.2,16,True,0.4983333333333333,0.8125,0.3468177238411746,0.9933927290103626
4036,0.15,17,True,0.4053921568627451,0.7058823529411765,0.31137805050685086,1.5569010760354054
4037,0.15,17,True,0.3397058823529412,0.5294117647058824,0.1933423019926751,2.1295679874183233
4038,0.15,17,True,0.3377450980392157,0.6470588235294118,0.272834556823775,1.8490070880144414
4039,0.15,17,True,0.4151960784313726,0.7647058823529411,0.35051363316910866,1.2577148214953864
4040,0.15,17,True,0.5519607843137255,0.8823529411764706,0.4229921134636,0.6402064333604701
4041,0.15,17,True,0.45245098039215687,0.7058823529411765,0.29081902780598756,1.439254017211876
4042,0.15,17,True,0.3588235294117647,0.5294117647058824,0.1957848110365069,1.9386790169573507
4043,0.15,17,True,0.4200980392156862,0.7647058823529411,0.32000568559205445,1.1400677626718572
4044,0.15,17,True,0.3985294117647059,0.7058823529411765,0.29081902780598745,1.439254017211876
4045,0.15,17,True,0.453921568627451,0.47058823529411764,0.1349021642893362,1.6457113704075788
4046,0.15,17,True,0.46127450980392154,0.6470588235294118,0.23275129257820693,1.3784188527203236
4047,0.15,17,True,0.5102941176470588,0.8823529411764706,0.4229921134636,0.6402064333604701
4048,0.15,17,True,0.3504901960784314,0.5882352941176471,0.17862650938140523,1.7804463148460088
4049,0.15,17,True,0.5637254901960785,0.7058823529411765,0.23339689032675248,1.086312840741288
4050,0.15,17,True,0.3857843137254902,0.7647058823529411,0.32000568559205445,1.1400677626718572
4051,0.15,17,True,0.41372549019607846,0.7647058823529411,0.35051363316910866,1.2577148214953864
4052,0.2,16,True,0.3811111111111111,0.5625,0.1957848110365069,1.9197367178034825
4053,0.2,16,True,0.4983333333333333,0.5625,0.045474185774238673,0.9886994082884974
4054,0.2,16,True,0.4761111111111111,0.875,0.3716101752764802,0.6685644431995964
4055,0.2,16,True,0.4477777777777778,0.75,0.2803607492695732,1.186278124459133
4056,0.2,16,True,0.33444444444444443,0.375,0.06502247023287666,1.811278124459133
4057,0.2,16,True,0.39166666666666666,0.625,0.2302490752185199,1.7987949406953985
4058,0.2,16,True,0.41833333333333333,0.5625,0.14001345298901247,1.2475562489182659
4059,0.2,16,True,0.4422222222222222,0.625,0.20271027263694896,1.6737949406953985
4060,0.2,16,True,0.2822222222222222,0.4375,0.15354870927759967,2.271782221599798
4061,0.2,16,True,0.3461111111111111,0.5,0.14044087901952707,1.875
4062,0.25,15,True,0.29523809523809524,0.5333333333333333,0.17940489891143208,1.9898980954642875
4063,0.25,15,True,0.28698412698412695,0.4,0.12743761455218428,2.6062389286533896
4064,0.2,16,True,0.45611111111111113,0.75,0.2803607492695732,1.186278124459133
4065,0.2,16,True,0.5111111111111111,0.875,0.3716101752764802,0.6685644431995964
4066,0.2,16,True,0.40166666666666667,0.5625,0.16528093984799175,1.7947367178034825
4067,0.2,16,True,0.3077777777777778,0.4375,0.15975289411697746,2.0461796919474975
4068,0.2,16,True,0.45666666666666667,0.8125,0.29167886095217377,0.8683927290103626
4069,0.2,16,True,0.4788888888888889,0.8125,0.3468177238411746,0.9933927290103626
4070,0.2,16,True,0.35333333333333333,0.4375,0.13279683431365763,2.349601752714581
4071,0.2,16,True,0.45611111111111113,0.75,0.21452470277266567,1.061278124459133
4072,0.2,16,True,0.4538888888888889,0.625,0.19852640934862487,1.4237949406953985
4073,0.2,16,True,0.26833333333333337,0.4375,0.13583006824426513,2.521782221599798
4074,0.25,15,True,0.45015873015873015,0.8,0.31502247023287666,1.0389205950315936
4075,0.25,15,True,0.412063492063492,0.6666666666666666,0.1286311756931664,1.2419460322060458
4076,0.25,15,True,0.5155555555555555,0.9333333333333333,0.32093180423165557,0.35335933502142136
4077,0.25,15,True,0.3631746031746032,0.5333333333333333,0.1659600812249996,2.040223928941852
4078,0.25,15,True,0.6,1.0,0.18872187554086717,0.0
4079,0.25,15,True,0.6666666666666666,1.0,0.18872187554086717,0.0
4080,0.2,16,True,0.5166666666666667,0.9375,0.3742690141061863,0.3372900666170139
4081,0.2,16,True,0.4811111111111111,0.5,0.1303230639163997,1.271782221599798
4082,0.2,16,True,0.59,0.8125,0.3468177238411746,0.9933927290103626
4083,0.2,16,True,0.65,0.9375,0.3742690141061863,0.3372900666170139
4084,0.2,16,True,0.3927777777777778,0.75,0.3149027910615312,1.311278124459133
4085,0.2,16,True,0.43611111111111106,0.75,0.3149027910615312,1.311278124459133
4086,0.25,15,True,0.5568253968253968,0.7333333333333333,0.19949284709658266,1.0529815751302694
4087,0.25,15,True,0.4749206349206349,0.8,0.254765714633586,0.9055872616982603
4088,0.25,15,True,0.5993650793650793,0.8666666666666667,0.22006971533310082,0.5665095065529053
4089,0.3,14,True,0.5413919413919414,0.7857142857142857,0.22812402278974897,0.9463729359854419
4090,0.3,14,True,0.5142857142857143,0.9285714285714286,0.2800122858679105,0.37123232664087563
4091,0.3,14,True,0.5238095238095238,0.9285714285714286,0.2800122858679105,0.37123232664087563
4092,0.3,14,True,0.44761904761904764,0.7857142857142857,0.11290798446487105,0.74959525725948
4093,0.3,14,True,0.4593406593406594,0.6428571428571429,0.14001345298901247,1.1981174211304033
4094,0.3,14,True,0.36117216117216117,0.5714285714285714,0.16964391395534795,1.8073549220576042
4095,0.3,14,True,0.5010989010989011,0.7857142857142857,0.11290798446487105,0.74959525725948
4096,0.3,14,True,0.619047619047619,0.9285714285714286,0.2800122858679105,0.37123232664087563
4097,0.3,14,True,0.3831501831501832,0.6428571428571429,0.24485034743374168,1.7695459925589747
4098,0.3,14,True,0.3992673992673993,0.6428571428571429,0.21856773803935614,1.626688849701832
4099,0.3,14,True,0.4183150183150183,0.6428571428571429,0.21856773803935614,1.626688849701832
4100,0.3,14,True,0.28937728937728935,0.42857142857142855,0.11982963926640733,2.270942421748537
4101,0.3,14,True,0.36556776556776555,0.5,0.17141907189355698,2.064042639445697
4102,0.3,14,True,0.42197802197802203,0.7142857142857143,0.27059858829622396,1.4345491399952024
4103,0.3,14,True,0.4043956043956044,0.5714285714285714,0.16964391395534772,1.807354922057604
4104,0.3,14,True,0.35238095238095235,0.5714285714285714,0.19980216002594897,1.950212064914747
4105,0.3,14,True,0.45860805860805864,0.8571428571428571,0.3022690778808391,0.7345299214394703
4106,0.3,14,True,0.48791208791208796,0.7857142857142857,0.29207456594376535,1.0892300788425848
4107,0.3,14,True,0.3692307692307692,0.6428571428571429,0.24485034743374168,1.7695459925589747
4108,0.3,14,True,0.3120879120879121,0.5714285714285714,0.16171420253845625,1.5216406363433184
4109,0.3,14,True,0.4666666666666667,0.9285714285714286,0.2800122858679105,0.37123232664087563
4110,0.3,14,True,0.2923076923076923,0.42857142857142855,0.1332744569528398,2.217021885879718
4111,0.3,14,True,0.5267399267399268,0.8571428571428571,0.3022690778808391,0.7345299214394703
4112,0.3,14,True,0.473992673992674,0.7857142857142857,0.22812402278974897,0.9463729359854419
4113,0.3,14,True,0.4556776556776557,0.6428571428571429,0.1731125962730926,1.483831706844689
4114,0.3,14,True,0.4915750915750916,0.7857142857142857,0.29207456594376535,1.0892300788425848
4115,0.3,14,True,0.5135531135531136,0.7857142857142857,0.22812402278974897,0.9463729359854419
4116,0.3,14,True,0.6857142857142856,0.9285714285714286,0.2800122858679105,0.37123232664087563
4117,0.3,14,True,0.29523809523809524,0.35714285714285715,0.12160827917626005,2.263809173883546
4118,0.3,14,True,0.5575091575091574,0.8571428571428571,0.3022690778808391,0.7345299214394703
4119,0.3,14,True,0.5582417582417581,0.8571428571428571,0.3022690778808391,0.7345299214394703
4120,0.3,14,True,0.47106227106227105,0.7142857142857143,0.17613453894041953,1.0949143184120975
4121,0.3,14,True,0.48644688644688644,0.6428571428571429,0.21856773803935614,1.626688849701832
4122,0.25,15,True,0.3733333333333333,0.6666666666666666,0.20637609206280816,1.3752793655393791
4123,0.25,15,True,0.46793650793650793,0.8,0.31502247023287666,1.0389205950315936
4124,0.25,15,True,0.3688888888888889,0.6666666666666666,0.2338449694456599,1.5589385323502771
4125,0.25,15,True,0.25142857142857145,0.4,0.1372608801015146,2.7395722619867224
4126,0.25,15,True,0.2876190476190476,0.5333333333333333,0.14749181257269428,1.8565647621309542
4127,0.25,15,True,0.5473015873015873,0.8666666666666667,0.3319198728130941,0.6998428398862386
4128,0.25,15,True,0.36253968253968255,0.4,0.09943237815189054,2.289246428509158
4129,0.25,15,True,0.4336507936507937,0.6,0.14845104387083763,1.5546097612655667
4130,0.25,15,True,0.41333333333333333,0.6,0.17526308211995778,1.4716022614097979
4131,0.25,15,True,0.39746031746031746,0.7333333333333333,0.251157395983291,1.2366407419411674
4132,0.25,15,True,0.5904761904761905,0.8,0.2547657146335859,0.9055872616982603
4133,0.25,15,True,0.33968253968253964,0.4666666666666667,0.1596241755542711,2.279799131837405
4134,0.25,15,True,0.35619047619047617,0.4,0.15261108425297132,1.8389205950315937
4135,0.25,15,True,0.4736507936507936,0.8,0.31502247023287666,1.0389205950315936
4136,0.25,15,True,0.3453968253968254,0.5333333333333333,0.18618464294482617,2.1735572622751853
4137,0.25,15,True,0.266031746031746,0.4,0.12743761455218416,2.606238928653389
4138,0.25,15,True,0.3726984126984127,0.6,0.09251008974175934,1.3382689280764646
4139,0.3,14,True,0.3282051282051282,0.42857142857142855,0.15559792688450147,2.359879028736861
4140,0.3,14,True,0.2644688644688645,0.2857142857142857,0.11303337684950054,2.950212064914747
4141,0.35,13,True,0.2153846153846154,0.3076923076923077,0.13583006824426513,2.7773627950641697
4142,0.85,3,False,,,,
4143,0.4,12,True,0.22020202020202018,0.3333333333333333,0.1806179973983888,2.9182958340544896
4144,0.4,12,True,0.3464646464646465,0.3333333333333333,0.11635711576398333,2.188721875540867
4145,0.35,13,True,0.3282051282051282,0.38461538461538464,0.14704271718487993,2.4996981431844145
4146,0.9,2,False,,,,
4147,0.9,2,False,,,,
4148,0.9,2,False,,,,
4149,0.9,2,False,,,,
4150,0.35,13,True,0.21452991452991454,0.23076923076923078,0.12809762985140072,2.8150724101159437
4151,0.35,13,True,0.40512820512820513,0.5384615384615384,0.1304488374189683,1.6691803368667308
4152,0.35,13,True,0.5,0.8461538461538461,0.2816667590416564,0.7732283485249176
4153,0.35,13,True,0.5846153846153846,0.9230769230769231,0.25021798863140454,0.39124356362925566
4154,0.35,13,True,0.40683760683760684,0.6153846153846154,0.2110702296074859,1.7004397181410922
4155,0.35,13,True,0.4222222222222223,0.7692307692307693,0.2771568471826691,1.1451104143815827
4156,0.35,13,True,0.20085470085470086,0.3076923076923077,0.15033618345517696,3.085055102756477
4157,0.7,6,True,0.22666666666666666,0.3333333333333333,0.3977554223658072,2.2516291673878226
4158,0.75,5,True,0.26,0.6,0.4229921134636,1.3709505944546687
4159,0.85,3,False,,,,
4160,0.85,3,False,,,,
4161,0.85,3,False,,,,
4162,0.85,3,False,,,,
4163,0.95,1,False,,,,
4164,0.95,1,False,,,,
4165,0.95,1,False,,,,
4166,0.95,1,False,,,,
4167,0.95,1,False,,,,
4168,0.95,1,False,,,,
4169,0.95,1,False,,,,
4170,0.95,1,False,,,,
4171,0.95,1,False,,,,
4172,0.95,1,False,,,,
4173,0.9,2,False,,,,
4174,0.9,2,False,,,,
4175,0.9,2,False,,,,
4176,0.9,2,False,,,,
4177,0.8,4,False,,,,
4178,0.4,12,True,0.26565656565656565,0.5,0.19980216002594897,2.125814583693911
4179,0.4,12,True,0.3939393939393939,0.6666666666666666,0.21533827903669656,1.4182958340544896
4180,0.4,12,True,0.27171717171717175,0.4166666666666667,0.18618464294482606,2.4508257945180882
4181,0.4,12,True,0.2494949494949495,0.3333333333333333,0.17193876007360365,2.5220552088742005
4182,0.4,12,True,0.2515151515151515,0.4166666666666667,0.19826302830219433,2.617492461184755
4183,0.4,12,True,0.4464646464646465,0.8333333333333334,0.26951797627815943,0.8166890883150209
4184,0.4,12,True,0.31313131313131315,0.6666666666666666,0.25649672118988953,1.584962500721156
4185,0.35,13,True,0.3427350427350427,0.5384615384615384,0.18024525549299264,1.8230264907128848
4186,0.35,13,True,0.4,0.6923076923076923,0.16242837679500655,1.1401156785146092
4187,0.35,13,True,0.36666666666666664,0.5384615384615384,0.18024525549299264,1.8230264907128848
4188,0.35,13,True,0.46324786324786327,0.8461538461538461,0.2816667590416564,0.7732283485249176
4189,0.35,13,True,0.7333333333333333,1.0,0.06593194462450902,0.0
4190,0.35,13,True,0.3598290598290598,0.46153846153846156,0.1111416729504825,1.7381493331928664
4191,0.35,13,True,0.3931623931623932,0.46153846153846156,0.1388189398408547,1.9877733714879842
4192,0.35,13,True,0.4358974358974359,0.46153846153846156,0.1005852522595817,1.7758589482446405
4193,0.35,13,True,0.5384615384615384,0.9230769230769231,0.25021798863140454,0.39124356362925566
4194,0.35,13,True,0.3376068376068376,0.38461538461538464,0.12614908424583438,2.038159681645953
4195,0.35,13,True,0.43675213675213675,0.6153846153846154,0.09919525147048636,1.3346791410515946
4196,0.95,1,False,,,,
4197,0.95,1,False,,,,
4198,0.35,13,True,0.48888888888888893,0.7692307692307693,0.21080508763824013,0.9912642605354288
4199,0.35,13,True,0.3743589743589743,0.6153846153846154,0.2110702296074859,1.7004397181410922
4200,0.35,13,True,0.4153846153846154,0.5384615384615384,0.05935455038465376,1.4572659136233872
4201,0.35,13,True,0.6,1.0,0.06593194462450902,0.0
4202,0.35,13,True,0.5205128205128206,0.8461538461538461,0.2816667590416564,0.7732283485249176
4203,0.35,13,True,0.41623931623931626,0.7692307692307693,0.21080508763824013,0.9912642605354287
4204,0.35,13,True,0.5042735042735043,0.7692307692307693,0.21080508763824013,0.9912642605354287
4205,0.35,13,True,0.44700854700854703,0.6923076923076923,0.21923179899069856,1.3520301017579528
4206,0.35,13,True,0.30085470085470084,0.46153846153846156,0.15797425420712452,2.199687794731328
4207,0.35,13,True,0.49230769230769234,0.9230769230769231,0.25021798863140454,0.39124356362925566
4208,0.35,13,True,0.42991452991452994,0.6153846153846154,0.18102136700694205,1.4885252948977485
4209,0.35,13,True,0.4324786324786325,0.7692307692307693,0.21080508763824013,0.9912642605354287
4210,0.35,13,True,0.39914529914529917,0.46153846153846156,0.14580339391378605,1.6143308351592656
4211,0.35,13,True,0.3205128205128205,0.6923076923076923,0.2599940536914944,1.5058762556041068
4212,0.35,13,True,0.6051282051282051,0.9230769230769231,0.25021798863140454,0.39124356362925566
4213,0.35,13,True,0.5393162393162393,0.8461538461538461,0.2816667590416564,0.7732283485249176
4214,0.35,13,True,0.4170940170940171,0.5384615384615384,0.15726087566808844,1.573402452417767
4215,0.35,13,True,0.2675213675213675,0.38461538461538464,0.16121931994114158,2.6535442970305683
4216,0.95,1,False,,,,
4217,0.95,1,False,,,,
4218,0.95,1,False,,,,
4219,0.95,1,False,,,,
4220,0.3,14,True,0.27326007326007323,0.42857142857142855,0.11982963926640722,2.270942421748537
4221,0.35,13,True,0.37692307692307686,0.6153846153846154,0.18102136700694194,1.4885252948977485
4222,0.9,2,False,,,,
4223,0.85,3,False,,,,
4224,0.85,3,False,,,,
4225,0.35,13,True,0.35299145299145296,0.5384615384615384,0.18024525549299264,1.8230264907128848
4226,0.35,13,True,0.30598290598290595,0.3076923076923077,0.13279683431365752,2.5654483718208256
4227,0.35,13,True,0.4290598290598291,0.46153846153846156,0.0583084508854933,1.4604846813131114
4228,0.35,13,True,0.3034188034188034,0.23076923076923078,0.12462641771910654,2.6031579868726
4229,0.35,13,True,0.31196581196581197,0.46153846153846156,0.12421742237294431,2.045841640885174
4230,0.35,13,True,0.423931623931624,0.6923076923076923,0.21923179899069856,1.3520301017579528
4231,0.35,13,True,0.37692307692307686,0.6923076923076923,0.2599940536914944,1.5058762556041068
4232,0.35,13,True,0.588034188034188,0.6153846153846154,0.016461368810886556,0.9612366047228759
4233,0.35,13,True,0.3871794871794872,0.46153846153846156,0.08432963470136245,1.8339272176418302
4234,0.35,13,True,0.45384615384615384,0.8461538461538461,0.2816667590416564,0.7732283485249176
4235,0.35,13,True,0.5376068376068376,0.8461538461538461,0.2816667590416564,0.7732283485249176
4236,0.35,13,True,0.5196581196581197,0.8461538461538461,0.2816667590416564,0.7732283485249176
4237,0.35,13,True,0.5128205128205129,0.9230769230769231,0.25021798863140454,0.39124356362925566
4238,0.35,13,True,0.4769230769230769,0.8461538461538461,0.15665734595707748,0.6193821946787638
4239,0.35,13,True,0.24444444444444444,0.3076923076923077,0.13279683431365752,2.5654483718208256
4240,0.35,13,True,0.5504273504273504,0.8461538461538461,0.2816667590416564,0.7732283485249176
4241,0.35,13,True,0.6512820512820513,0.9230769230769231,0.25021798863140454,0.39124356362925566
4242,0.35,13,True,0.6923076923076923,0.9230769230769231,0.25021798863140454,0.39124356362925566
4243,0.35,13,True,0.32564102564102565,0.5384615384615384,0.1961188691478417,2.0349409139562287
4244,0.35,13,True,0.32735042735042735,0.38461538461538464,0.10206532099029064,2.1339375660949167
4245,0.35,13,True,0.3504273504273504,0.6923076923076923,0.21923179899069856,1.3520301017579528
4246,0.35,13,True,0.5102564102564102,0.5384615384615384,0.002316522623590833,0.9957274520849255
4247,0.35,13,True,0.6,1.0,0.06593194462450902,0.0
4248,0.35,13,True,0.7333333333333333,1.0,0.06593194462450902,0.0
4249,0.35,13,True,0.5128205128205129,0.9230769230769231,0.25021798863140454,0.39124356362925566
4250,0.35,13,True,0.5358974358974359,0.6923076923076923,0.16242837679500655,1.1401156785146092
4251,0.35,13,True,0.48547008547008547,0.7692307692307693,0.21080508763824013,0.9912642605354288
4252,0.35,13,True,0.4512820512820513,0.6153846153846154,0.1303230639163997,1.2389012566026305
4253,0.35,13,True,0.5094017094017094,0.6923076923076923,0.21923179899069856,1.3520301017579528
4254,0.35,13,True,0.44871794871794873,0.6153846153846154,0.18102136700694205,1.4885252948977485
4255,0.35,13,True,0.49401709401709404,0.7692307692307693,0.21080508763824013,0.9912642605354288
4256,0.35,13,True,0.5444444444444445,0.7692307692307693,0.21080508763824013,0.9912642605354288
4257,0.35,13,True,0.34017094017094013,0.6153846153846154,0.2110702296074859,1.7004397181410922
4258,0.35,13,True,0.2897435897435897,0.38461538461538464,0.14704271718487993,2.4996981431844145
4259,0.35,13,True,0.43162393162393164,0.5384615384615384,0.1304488374189683,1.6691803368667308
4260,0.35,13,True,0.4393162393162393,0.7692307692307693,0.21080508763824013,0.9912642605354288
4261,0.35,13,True,0.4008547008547009,0.6923076923076923,0.2599940536914944,1.5058762556041068
4262,0.35,13,True,0.3803418803418804,0.6923076923076923,0.21923179899069856,1.3520301017579528
4263,0.35,13,True,0.6051282051282051,0.9230769230769231,0.25021798863140454,0.39124356362925566
4264,0.35,13,True,0.34188034188034183,0.5384615384615384,0.1961188691478417,2.0349409139562287
4265,0.35,13,True,0.49059829059829063,0.7692307692307693,0.2771568471826691,1.1451104143815827
4266,0.35,13,True,0.4461538461538462,0.6923076923076923,0.16242837679500655,1.1401156785146092
4267,0.35,13,True,0.41623931623931626,0.8461538461538461,0.2816667590416564,0.7732283485249176
4268,0.35,13,True,0.3786324786324787,0.6923076923076923,0.2599940536914944,1.5058762556041068
4269,0.35,13,True,0.34444444444444444,0.5384615384615384,0.18024525549299264,1.8230264907128848
4270,0.35,13,True,0.5230769230769231,0.7692307692307693,0.2771568471826691,1.1451104143815827
4271,0.35,13,True,0.5435897435897435,0.8461538461538461,0.15665734595707748,0.6193821946787638
4272,0.35,13,True,0.40341880341880343,0.6923076923076923,0.2599940536914944,1.5058762556041068
4273,0.35,13,True,0.33076923076923076,0.6153846153846154,0.211070229607486,1.7004397181410922
4274,0.3,14,True,0.38241758241758245,0.5,0.14580339391378594,1.5744174271404585
4275,0.3,14,True,0.22637362637362637,0.35714285714285715,0.11134755968360832,2.549523459597832
4276,0.3,14,True,0.2813186813186813,0.42857142857142855,0.14301646851511052,2.4137995646056805
4277,0.3,14,True,0.2937728937728938,0.35714285714285715,0.12743761455218416,2.692380602454975
4278,0.3,14,True,0.2945054945054945,0.35714285714285715,0.08598756046545797,2.406666316740689
4279,0.3,14,True,0.26153846153846155,0.35714285714285715,0.1372608801015146,2.835237745312118
4280,0.35,13,True,0.3538461538461538,0.5384615384615384,0.21440678351765363,2.1887870678023824
4281,0.35,13,True,0.288034188034188,0.46153846153846156,0.17871162601638202,2.353533948577482
4282,0.35,13,True,0.30085470085470084,0.3076923076923077,0.13583006824426513,2.7773627950641697
4283,0.35,13,True,0.24358974358974358,0.3076923076923077,0.15033618345517696,3.085055102756477
4284,0.45,11,True,0.24000000000000002,0.2727272727272727,0.18076084362328382,2.663532754804255
4285,0.45,11,True,0.3284848484848485,0.5454545454545454,0.21856773803935614,1.8676338909712125
4286,0.85,3,False,,,,
4287,0.9,2,False,,,,
4288,0.9,2,False,,,,
4289,0.9,2,False,,,,
4290,0.95,1,False,,,,
4291,0.95,1,False,,,,
4292,0.95,1,False,,,,
4293,0.9,2,False,,,,
4294,0.8,4,False,,,,
4295,0.8,4,False,,,,
4296,0.8,4,False,,,,
4297,0.8,4,False,,,,
4298,0.8,4,False,,,,
4299,0.8,4,False,,,,
4300,0.85,3,False,,,,
4301,0.85,3,False,,,,
4302,0.85,3,False,,,,
4303,0.85,3,False,,,,
4304,0.85,3,False,,,,
4305,0.85,3,False,,,,
4306,0.85,3,False,,,,
4307,0.85,3,False,,,,
4308,0.85,3,False,,,,
4309,0.85,3,False,,,,
4310,0.85,3,False,,,,
4311,0.85,3,False,,,,
4312,0.95,1,False,,,,
4313,0.95,1,False,,,,
4314,0.95,1,False,,,,
4315,0.95,1,False,,,,
4316,0.95,1,False,,,,
4317,0.85,3,False,,,,
4318,0.85,3,False,,,,
4319,0.85,3,False,,,,
4320,0.85,3,False,,,,
4321,0.85,3,False,,,,
4322,0.9,2,False,,,,
4323,0.9,2,False,,,,
4324,0.9,2,False,,,,
4325,0.9,2,False,,,,
4326,0.9,2,False,,,,
4327,0.9,2,False,,,,
4328,0.95,1,False,,,,
4329,0.95,1,False,,,,
4330,0.95,1,False,,,,
4331,0.95,1,False,,,,
4332,0.65,7,True,0.346031746031746,0.5714285714285714,0.3468177238411746,1.6644977792004614
4333,0.65,7,True,0.380952380952381,0.5714285714285714,0.29167886095217377,1.3787834934861753
4334,0.6,8,True,0.31666666666666665,0.5,0.2803607492695731,1.75
4335,0.6,8,True,0.319047619047619,0.5,0.2803607492695732,1.75
4336,0.6,8,True,0.35714285714285715,0.5,0.3149027910615312,2.0
4337,0.6,8,True,0.4380952380952381,0.5,0.23339689032675237,1.4056390622295665
4338,0.95,1,False,,,,
4339,0.6,8,True,0.3952380952380953,0.75,0.302269077880839,1.061278124459133
4340,0.55,9,True,0.3555555555555555,0.6666666666666666,0.22812402278974897,1.224394445405986
4341,0.55,9,True,0.35185185185185186,0.4444444444444444,0.25753634565243533,2.058813890331201
4342,0.55,9,True,0.34074074074074073,0.6666666666666666,0.29207456594376535,1.4466166676282082
4343,0.55,9,True,0.3814814814814815,0.6666666666666666,0.29207456594376535,1.4466166676282082
4344,0.55,9,True,0.4611111111111111,0.6666666666666666,0.22812402278974897,1.224394445405986
4345,0.55,9,True,0.43148148148148147,0.7777777777777778,0.2816667590416564,0.9864267287308424
4346,0.55,9,True,0.33888888888888885,0.6666666666666666,0.22812402278974897,1.224394445405986
4347,0.55,9,True,0.2722222222222222,0.5555555555555556,0.2886710424611464,1.8799649487271108
4348,0.55,9,True,0.412962962962963,0.5555555555555556,0.18062065954249584,1.4355205042826666
4349,0.6,8,True,0.4595238095238095,0.75,0.3022690778808391,1.061278124459133
4350,0.55,9,True,0.4,0.6666666666666666,0.29207456594376535,1.4466166676282082
4351,0.55,9,True,0.4703703703703704,0.7777777777777778,0.2816667590416564,0.9864267287308424
4352,0.55,9,True,0.32962962962962966,0.5555555555555556,0.2886710424611464,1.8799649487271108
4353,0.95,1,False,,,,
4354,0.95,1,False,,,,
4355,0.55,9,True,0.362962962962963,0.6666666666666666,0.29207456594376535,1.4466166676282082
4356,0.45,11,True,0.3781818181818182,0.5454545454545454,0.1731125962730926,1.6858157091530304
4357,0.4,12,True,0.3181818181818182,0.5833333333333334,0.18102136700694205,1.5510981710072647
4358,0.4,12,True,0.24646464646464644,0.4166666666666667,0.18618464294482606,2.4508257945180882
4359,0.35,13,True,0.3188034188034188,0.46153846153846156,0.15797425420712452,2.199687794731328
4360,0.35,13,True,0.3658119658119658,0.6153846153846154,0.2110702296074859,1.7004397181410922
4361,0.35,13,True,0.36324786324786323,0.3076923076923077,0.08553214164949008,2.199687794731328
4362,0.35,13,True,0.30427350427350425,0.5384615384615384,0.19611886914784182,2.0349409139562287
4363,0.35,13,True,0.3128205128205128,0.5384615384615384,0.21440678351765363,2.1887870678023824
4364,0.35,13,True,0.3205128205128205,0.5384615384615384,0.16564373802508225,1.8810947601100747
4365,0.35,13,True,0.3777777777777778,0.6923076923076923,0.21923179899069856,1.3520301017579528
4366,0.35,13,True,0.34615384615384615,0.5384615384615384,0.15726087566808844,1.573402452417767
4367,0.35,13,True,0.4572649572649573,0.5384615384615384,0.11185118713740061,1.2957378005380122
4368,0.65,7,True,0.3777777777777778,0.5714285714285714,0.29167886095217377,1.3787834934861753
4369,0.6,8,True,0.43333333333333335,0.75,0.3022690778808391,1.061278124459133
4370,0.6,8,True,0.25952380952380955,0.375,0.25354871102045307,1.9056390622295665
4371,0.3,14,True,0.38241758241758245,0.5714285714285714,0.19980216002594875,1.950212064914747
4372,0.35,13,True,0.5273504273504274,0.8461538461538461,0.2816667590416564,0.7732283485249176
4373,0.35,13,True,0.24871794871794872,0.3076923076923077,0.13279683431365752,2.5654483718208256
4374,0.35,13,True,0.4188034188034188,0.38461538461538464,0.02056407577731989,1.5766212201074912
4375,0.35,13,True,0.3017094017094017,0.46153846153846156,0.15797425420712452,2.199687794731328
4376,0.35,13,True,0.44017094017094016,0.5384615384615384,0.1304488374189683,1.6691803368667308
4377,0.35,13,True,0.4222222222222223,0.5384615384615384,0.15726087566808844,1.573402452417767
4378,0.35,13,True,0.2658119658119658,0.38461538461538464,0.16121931994114158,2.6535442970305687
4379,0.35,13,True,0.3641025641025641,0.5384615384615384,0.002316522623590833,0.9957274520849255
4380,0.3,14,True,0.4578754578754579,0.8571428571428571,0.3022690778808391,0.7345299214394703
4381,0.3,14,True,0.5684981684981685,0.8571428571428571,0.3022690778808391,0.7345299214394703
4382,0.3,14,True,0.3838827838827839,0.5,0.1388189398408547,1.9211854965885542
4383,0.9,2,False,,,,
4384,0.9,2,False,,,,
4385,0.3,14,True,0.43223443223443225,0.5714285714285714,0.18424543142325833,1.7534343861887849
4386,0.3,14,True,0.2813186813186813,0.35714285714285715,0.1239290180529995,2.495602923729013
4387,0.3,14,True,0.3142857142857143,0.42857142857142855,0.09739262418871664,2.074164743022575
4388,0.3,14,True,0.3018315018315018,0.5,0.19119060520854658,2.403677461028802
4389,0.3,14,True,0.46080586080586083,0.7857142857142857,0.29207456594376535,1.0892300788425848
4390,0.3,14,True,0.2879120879120879,0.42857142857142855,0.11982963926640722,2.270942421748537
4391,0.3,14,True,0.48131868131868133,0.7142857142857143,0.23103764446506314,1.2916919971380596
4392,0.3,14,True,0.39047619047619053,0.5714285714285714,0.16171420253845625,1.5216406363433184
4393,0.3,14,True,0.32673992673992674,0.5714285714285714,0.16171420253845625,1.5216406363433184
4394,0.25,15,True,0.28444444444444444,0.4666666666666667,0.13757699309260785,2.146465798504072
4395,0.25,15,True,0.32571428571428573,0.4666666666666667,0.10488622395331182,1.6894822670191825
4396,0.25,15,True,0.45206349206349206,0.8,0.254765714633586,0.9055872616982603
4397,0.25,15,True,0.4203174603174603,0.8,0.2547657146335859,0.9055872616982603
4398,0.25,15,True,0.420952380952381,0.6666666666666666,0.20637609206280816,1.3752793655393791
4399,0.25,15,True,0.3307936507936508,0.5333333333333333,0.17940489891143208,1.9898980954642875
4400,0.25,15,True,0.3504761904761905,0.6,0.22834005982783967,2.0049355947431313
4401,0.25,15,True,0.4552380952380953,0.8666666666666667,0.3319198728130941,0.6998428398862386
4402,0.25,15,True,0.5333333333333333,1.0,0.18872187554086717,0.0
4403,0.25,15,True,0.5155555555555555,0.9333333333333333,0.32093180423165557,0.35335933502142136
4404,0.25,15,True,0.31174603174603177,0.4666666666666667,0.1596241755542711,2.279799131837405
4405,0.25,15,True,0.4838095238095238,0.8666666666666667,0.2200697153331006,0.5665095065529053
4406,0.25,15,True,0.5504761904761905,0.8666666666666667,0.2200697153331006,0.5665095065529053
4407,0.25,15,True,0.4857142857142857,0.8,0.2547657146335859,0.9055872616982603
4408,0.25,15,True,0.5574603174603173,0.7333333333333333,0.2511573959832911,1.2366407419411674
4409,0.25,15,True,0.5003174603174603,0.8666666666666667,0.2200697153331006,0.5665095065529053
4410,0.25,15,True,0.5466666666666666,0.9333333333333333,0.32093180423165557,0.35335933502142136
4411,0.25,15,True,0.3333333333333333,0.4666666666666667,0.1596241755542711,2.279799131837405
4412,0.25,15,True,0.4006349206349206,0.6666666666666666,0.25891735050123776,1.6922718656836107
4413,0.25,15,True,0.4076190476190476,0.4666666666666667,0.05830845088549319,1.4294732983598406
4414,0.25,15,True,0.5663492063492064,0.8666666666666667,0.2200697153331006,0.5665095065529053
4415,0.25,15,True,0.5231746031746032,0.8,0.254765714633586,0.9055872616982603
4416,0.25,15,True,0.380952380952381,0.6,0.1818141191887922,1.7382689280764645
4417,0.25,15,True,0.6311111111111111,0.9333333333333333,0.32093180423165557,0.35335933502142136
4418,0.25,15,True,0.36952380952380953,0.6,0.21100826863279232,1.8716022614097982
4419,0.25,15,True,0.4831746031746032,0.8,0.31502247023287666,1.0389205950315936
4420,0.25,15,True,0.4158730158730159,0.7333333333333333,0.2511573959832911,1.2366407419411674
4421,0.25,15,True,0.3485714285714286,0.6,0.21100826863279232,1.8716022614097982
4422,0.25,15,True,0.3555555555555555,0.4666666666666667,0.13757699309260762,2.1464657985040723
4423,0.25,15,True,0.5784126984126985,0.8666666666666667,0.3319198728130941,0.6998428398862386
4424,0.25,15,True,0.41777777777777775,0.8,0.31502247023287666,1.0389205950315936
4425,0.25,15,True,0.539047619047619,0.8,0.2547657146335859,0.9055872616982603
4426,0.3,14,True,0.391941391941392,0.6428571428571429,0.18936821383131186,1.4299111709758698
4427,0.3,14,True,0.5523809523809523,0.9285714285714286,0.2800122858679105,0.37123232664087563
4428,0.3,14,True,0.3421245421245421,0.5,0.11114167295048272,1.689391746743088
4429,0.3,14,True,0.39853479853479856,0.7857142857142857,0.29207456594376535,1.0892300788425848
4430,0.25,15,True,0.5377777777777778,0.9333333333333333,0.32093180423165557,0.35335933502142136
4431,0.25,15,True,0.35873015873015873,0.6666666666666666,0.2338449694456599,1.5589385323502771
4432,0.25,15,True,0.4819047619047619,0.7333333333333333,0.2886710424611464,1.3699740752745009
4433,0.25,15,True,0.44825396825396824,0.6,0.17526308211995778,1.4716022614097979
4434,0.25,15,True,0.4184126984126984,0.7333333333333333,0.2886710424611464,1.3699740752745009
4435,0.4,12,True,0.4272727272727273,0.8333333333333334,0.26951797627815943,0.8166890883150209
4436,0.25,15,True,0.4184126984126984,0.4,0.07502263879392523,1.781937063546704
4437,0.25,15,True,0.4457142857142857,0.6666666666666666,0.2338449694456599,1.5589385323502771
4438,0.25,15,True,0.6,1.0,0.18872187554086717,0.0
4439,0.25,15,True,0.46285714285714286,0.7333333333333333,0.2511573959832911,1.2366407419411674
4440,0.95,1,False,,,,
4441,0.35,13,True,0.28205128205128205,0.38461538461538464,0.14704271718487993,2.4996981431844145
4442,0.3,14,True,0.26593406593406593,0.35714285714285715,0.1239290180529995,2.495602923729013
4443,0.3,14,True,0.3597069597069597,0.7142857142857143,0.23103764446506314,1.2916919971380596
4444,0.3,14,True,0.3714285714285714,0.5714285714285714,0.21785355177632815,2.0930692077718898
4445,0.3,14,True,0.6666666666666666,1.0,0.1187091007693073,0.0
4446,0.3,14,True,0.38534798534798537,0.42857142857142855,0.13327445695283968,2.217021885879718
4447,0.3,14,True,0.5692307692307692,0.8571428571428571,0.3022690778808391,0.7345299214394703
4448,0.3,14,True,0.3509157509157509,0.5714285714285714,0.19980216002594897,1.950212064914747
4449,0.3,14,True,0.36849816849816847,0.5714285714285714,0.21785355177632815,2.0930692077718898
4450,0.25,15,True,0.3777777777777778,0.6,0.1964156366567027,1.6879430945989
4451,0.3,14,True,0.4336996336996337,0.7857142857142857,0.29207456594376535,1.0892300788425848
4452,0.3,14,True,0.4908424908424909,0.7142857142857143,0.23103764446506314,1.2916919971380596
4453,0.25,15,True,0.28888888888888886,0.4,0.12743761455218416,2.606238928653389
4454,0.25,15,True,0.4774603174603174,0.7333333333333333,0.09224434000149873,0.8366407419411672
4455,0.25,15,True,0.33968253968253964,0.5333333333333333,0.18618464294482606,2.1735572622751853
4456,0.3,14,True,0.3098901098901099,0.5,0.17871162601638202,2.260820318171659
4457,0.35,13,True,0.2923076923076923,0.38461538461538464,0.14704271718487993,2.4996981431844145
4458,0.35,13,True,0.3153846153846154,0.46153846153846156,0.17871162601638202,2.353533948577482
4459,0.35,13,True,0.3,0.38461538461538464,0.12413217540617516,2.345851989338261
4460,0.35,13,True,0.32307692307692304,0.5384615384615384,0.1961188691478417,2.0349409139562287
4461,0.35,13,True,0.2846153846153846,0.38461538461538464,0.13757699309260785,2.287783719941071
4462,0.35,13,True,0.3282051282051282,0.46153846153846156,0.15797425420712452,2.199687794731328
4463,0.35,13,True,0.3299145299145299,0.46153846153846156,0.16290270309639854,1.8919954870390203
4464,0.35,13,True,0.31965811965811963,0.38461538461538464,0.13757699309260785,2.287783719941071
4465,0.35,13,True,0.33076923076923076,0.46153846153846156,0.17871162601638202,2.353533948577482
4466,0.35,13,True,0.39059829059829065,0.38461538461538464,0.12614908424583438,2.038159681645953
4467,0.25,15,True,0.2838095238095238,0.4666666666666667,0.13757699309260785,2.1464657985040723
4468,0.25,15,True,0.4101587301587301,0.7333333333333333,0.2511573959832911,1.2366407419411674
4469,0.25,15,True,0.346031746031746,0.6,0.22834005982783967,2.0049355947431313
4470,0.3,14,True,0.3223443223443223,0.42857142857142855,0.12147638744426037,1.9852281360342514
4471,0.3,14,True,0.3765567765567765,0.5714285714285714,0.18424543142325833,1.7534343861887849
4472,0.9,2,False,,,,
4473,0.9,2,False,,,,
4474,0.9,2,False,,,,
4475,0.9,2,False,,,,
4476,0.95,1,False,,,,
4477,0.95,1,False,,,,
4478,0.9,2,False,,,,
4479,0.25,15,True,0.3980952380952381,0.7333333333333333,0.2511573959832911,1.2366407419411674
4480,0.25,15,True,0.3384126984126984,0.3333333333333333,0.08776620037531091,2.3329145639793976
4481,0.25,15,True,0.4514285714285714,0.6,0.14845104387083763,1.5546097612655667
4482,0.25,15,True,0.526984126984127,0.8,0.31502247023287666,1.0389205950315936
4483,0.25,15,True,0.35174603174603175,0.6666666666666666,0.25891735050123776,1.6922718656836107
4484,0.25,15,True,0.46222222222222226,0.6,0.17526308211995778,1.4716022614097979
4485,0.25,15,True,0.5625396825396826,0.8666666666666667,0.3319198728130941,0.6998428398862386
4486,0.25,15,True,0.4526984126984127,0.7333333333333333,0.2886710424611464,1.3699740752745009
4487,0.25,15,True,0.26920634920634917,0.3333333333333333,0.11643447565802889,2.2256051990169436
4488,0.25,15,True,0.4361904761904762,0.7333333333333333,0.2886710424611464,1.3699740752745009
4489,0.25,15,True,0.5295238095238095,0.8,0.14652605660438867,0.7219280948873623
4490,0.25,15,True,0.3111111111111111,0.5333333333333333,0.17940489891143208,1.9898980954642875
4491,0.25,15,True,0.3073015873015873,0.4666666666666667,0.16121931994114158,2.4634582986483036
4492,0.25,15,True,0.34412698412698417,0.6,0.21100826863279232,1.8716022614097982
4493,0.25,15,True,0.5384126984126983,0.8666666666666667,0.3319198728130941,0.6998428398862386
4494,0.25,15,True,0.42603174603174604,0.6666666666666666,0.2338449694456599,1.5589385323502771
4495,0.25,15,True,0.3358730158730159,0.5333333333333333,0.18618464294482617,2.1735572622751858
4496,0.25,15,True,0.4838095238095238,0.8,0.254765714633586,0.9055872616982603
4497,0.25,15,True,0.3688888888888889,0.5333333333333333,0.17940489891143208,1.9898980954642875
4498,0.25,15,True,0.3657142857142857,0.6,0.1964156366567027,1.6879430945989
4499,0.25,15,True,0.41968253968253966,0.6666666666666666,0.2338449694456599,1.5589385323502774
4500,0.25,15,True,0.37015873015873013,0.6,0.21100826863279232,1.8716022614097982
4501,0.25,15,True,0.3161904761904762,0.5333333333333333,0.1659600812249996,2.0402239289418524
4502,0.25,15,True,0.3282539682539683,0.5333333333333333,0.14749181257269428,1.856564762130954
4503,0.25,15,True,0.2984126984126984,0.5333333333333333,0.14749181257269428,1.856564762130954
4504,0.3,14,True,0.3172161172161172,0.5,0.15797425420712452,2.1179631753145163
4505,0.3,14,True,0.30769230769230765,0.5714285714285714,0.21785355177632815,2.0930692077718898
4506,0.3,14,True,0.3465201465201465,0.5,0.16290270309639854,1.8322488896002305
4507,0.3,14,True,0.2915750915750916,0.42857142857142855,0.15740889981958905,2.556656707462823
4508,0.3,14,True,0.32893772893772893,0.42857142857142855,0.1555979268845017,2.359879028736861
4509,0.95,1,False,,,,
4510,0.4,12,True,0.3484848484848485,0.5833333333333334,0.2110702296074859,1.780672129520887
4511,0.35,13,True,0.3709401709401709,0.6923076923076923,0.21923179899069856,1.3520301017579528
4512,0.35,13,True,0.3965811965811966,0.6923076923076923,0.21923179899069856,1.3520301017579528
4513,0.3,14,True,0.3091575091575091,0.5714285714285714,0.16964391395534772,1.807354922057604
4514,0.55,9,True,0.4055555555555556,0.7777777777777778,0.2816667590416564,0.9864267287308424
4515,0.55,9,True,0.3925925925925926,0.7777777777777778,0.2816667590416564,0.9864267287308424
4516,0.6,8,True,0.42380952380952386,0.75,0.3022690778808391,1.061278124459133
4517,0.6,8,True,0.3476190476190476,0.625,0.31502247023287666,1.5487949406953985
4518,0.6,8,True,0.48333333333333334,0.875,0.25021798863140454,0.5435644431995964
4519,0.6,8,True,0.5333333333333333,1.0,0.02904940554533142,0.0
4520,0.6,8,True,0.5333333333333333,0.875,0.25021798863140454,0.5435644431995964
4521,0.55,9,True,0.47407407407407404,0.7777777777777778,0.2816667590416564,0.9864267287308424
4522,0.4,12,True,0.26262626262626265,0.4166666666666667,0.19826302830219433,2.617492461184755
4523,0.4,12,True,0.3898989898989899,0.6666666666666666,0.25649672118988953,1.584962500721156
4524,0.4,12,True,0.3676767676767677,0.5833333333333334,0.1647657494487228,1.6140054628542204
4525,0.4,12,True,0.40101010101010104,0.6666666666666666,0.25649672118988953,1.584962500721156
4526,0.4,12,True,0.5383838383838384,0.8333333333333334,0.26951797627815943,0.8166890883150209
4527,0.4,12,True,0.4202020202020202,0.6666666666666666,0.21533827903669656,1.4182958340544896
4528,0.4,12,True,0.28484848484848485,0.3333333333333333,0.13729180594228163,2.418295834054489
4529,0.95,1,False,,,,
4530,0.4,12,True,0.3777777777777778,0.75,0.2698043285786723,1.207518749639422
4531,0.4,12,True,0.34242424242424246,0.5,0.1170213395254125,1.3250112108241772
4532,0.45,11,True,0.37696969696969695,0.36363636363636365,0.18936470310353548,2.004886164091843
4533,0.35,13,True,0.2863247863247863,0.5384615384615384,0.16564373802508225,1.8810947601100747
4534,0.35,13,True,0.3871794871794872,0.5384615384615384,0.18024525549299264,1.8230264907128848
4535,0.35,13,True,0.4170940170940171,0.6153846153846154,0.2110702296074859,1.7004397181410922
4536,0.35,13,True,0.3794871794871795,0.38461538461538464,0.12614908424583438,2.038159681645953
4537,0.3,14,True,0.432967032967033,0.6428571428571429,0.21856773803935614,1.6266888497018317
4538,0.35,13,True,0.3264957264957265,0.5384615384615384,0.1961188691478417,2.0349409139562287
4539,0.45,11,True,0.3527272727272727,0.6363636363636364,0.21923179899069856,1.4911148500551858
4540,0.45,11,True,0.30424242424242426,0.5454545454545454,0.21856773803935614,1.867633890971212
4541,0.4,12,True,0.3707070707070707,0.6666666666666666,0.21533827903669656,1.4182958340544896
4542,0.75,5,True,0.2,0.2,0.46159367967902887,2.321928094887362
4543,0.75,5,True,0.22666666666666666,0.4,0.4436691855250422,1.9219280948873623
4544,0.7,6,True,0.28,0.3333333333333333,0.3977554223658072,2.2516291673878226
4545,0.7,6,True,0.20444444444444443,0.3333333333333333,0.3977554223658072,2.2516291673878226
4546,0.7,6,True,0.24000000000000002,0.3333333333333333,0.3977554223658072,2.2516291673878226
4547,0.7,6,True,0.31555555555555553,0.3333333333333333,0.3725991547047849,1.9182958340544896
4548,0.7,6,True,0.5333333333333333,0.8333333333333334,0.32093180423165535,0.6500224216483541
4549,0.75,5,True,0.2866666666666667,0.4,0.4041199259095133,1.5219280948873621
4550,0.75,5,True,0.3333333333333333,0.4,0.4436691855250422,1.9219280948873623
4551,0.75,5,True,0.2866666666666667,0.6,0.4229921134636,1.3709505944546687
4552,0.75,5,True,0.29333333333333333,0.4,0.4041199259095133,1.5219280948873621
4553,0.75,5,True,0.2,0.2,0.46159367967902887,2.321928094887362
4554,0.4,12,True,0.23232323232323232,0.4166666666666667,0.19826302830219433,2.617492461184755
4555,0.4,12,True,0.2585858585858586,0.4166666666666667,0.19826302830219433,2.617492461184755
4556,0.4,12,True,0.3373737373737374,0.5833333333333334,0.2110702296074859,1.780672129520887
4557,0.45,11,True,0.4715151515151515,0.8181818181818182,0.26550220320535933,0.8658566174572235
4558,0.45,11,True,0.4509090909090909,0.7272727272727273,0.2698043285786723,1.2776134368191154
4559,0.4,12,True,0.3141414141414141,0.5833333333333334,0.18102136700694205,1.5510981710072647
4560,0.45,11,True,0.3515151515151515,0.6363636363636364,0.21923179899069856,1.4911148500551858
4561,0.45,11,True,0.3975757575757576,0.7272727272727273,0.20226907788083903,1.0957952550009336
4562,0.45,11,True,0.36484848484848487,0.6363636363636364,0.21923179899069856,1.4911148500551854
4563,0.45,11,True,0.2921212121212121,0.5454545454545454,0.21856773803935636,1.867633890971212
4564,0.9,2,False,,,,
4565,0.85,3,False,,,,
4566,0.55,9,True,0.3777777777777778,0.6666666666666666,0.29207456594376535,1.4466166676282082
4567,0.5,10,True,0.4059259259259259,0.5,0.20637609206280816,1.6854752972273346
4568,0.5,10,True,0.3674074074074074,0.7,0.2771568471826691,1.3567796494470397
4569,0.45,11,True,0.5127272727272728,0.7272727272727273,0.08028267642490672,0.8453509366224364
4570,0.5,10,True,0.49777777777777776,0.8,0.26951797627815943,0.9219280948873623
4571,0.45,11,True,0.27878787878787875,0.45454545454545453,0.14845104387083763,1.789929075309999
4572,0.45,11,True,0.3296969696969697,0.5454545454545454,0.24485034743374168,2.049452072789394
4573,0.45,11,True,0.4327272727272727,0.6363636363636364,0.21923179899069856,1.4911148500551858
4574,0.5,10,True,0.4192592592592593,0.8,0.26951797627815943,0.9219280948873623
4575,0.45,11,True,0.32606060606060605,0.5454545454545454,0.21856773803935614,1.867633890971212
4576,0.45,11,True,0.38181818181818183,0.5454545454545454,0.24485034743374168,2.049452072789394
4577,0.45,11,True,0.31636363636363635,0.5454545454545454,0.24485034743374168,2.049452072789394
4578,0.45,11,True,0.3284848484848485,0.5454545454545454,0.1731125962730926,1.6858157091530304
4579,0.45,11,True,0.2678787878787879,0.36363636363636365,0.1957848110365069,2.2998963911678914
4580,0.85,3,False,,,,
4581,0.85,3,False,,,,
4582,0.9,2,False,,,,
4583,0.9,2,False,,,,
4584,0.9,2,False,,,,
4585,0.9,2,False,,,,
4586,0.9,2,False,,,,
4587,0.9,2,False,,,,
4588,0.9,2,False,,,,
4589,0.9,2,False,,,,
4590,0.9,2,False,,,,
4591,0.9,2,False,,,,
4592,0.55,9,True,0.4166666666666667,0.6666666666666666,0.22812402278974897,1.224394445405986
4593,0.55,9,True,0.32962962962962966,0.6666666666666666,0.29207456594376535,1.4466166676282082
4594,0.55,9,True,0.5777777777777778,0.8888888888888888,0.23074476267918287,0.5032583347756457
4595,0.55,9,True,0.46296296296296297,0.7777777777777778,0.2816667590416564,0.9864267287308424
4596,0.55,9,True,0.4574074074074074,0.7777777777777778,0.15665734595707748,0.7642045065086203
4597,0.55,9,True,0.4444444444444444,0.8888888888888888,0.23074476267918287,0.5032583347756457
4598,0.9,2,False,,,,
4599,0.5,10,True,0.38814814814814813,0.6,0.23103764446506314,1.5709505944546687
4600,0.5,10,True,0.362962962962963,0.6,0.27059858829622396,1.7709505944546688
4601,0.5,10,True,0.28,0.5,0.2338449694456599,1.9609640474436814
4602,0.5,10,True,0.42074074074074075,0.7,0.21080508763824013,1.1567796494470395
4603,0.5,10,True,0.3733333333333333,0.7,0.21080508763824013,1.1567796494470395
4604,0.5,10,True,0.37629629629629624,0.7,0.2771568471826691,1.3567796494470397
4605,0.5,10,True,0.4666666666666667,0.9,0.2211186092838502,0.4689955935892812
4606,0.5,10,True,0.3688888888888889,0.6,0.27059858829622396,1.7709505944546688
4607,0.5,10,True,0.5185185185185185,0.7,0.21080508763824013,1.1567796494470395
4608,0.5,10,True,0.4948148148148148,0.7,0.2771568471826691,1.3567796494470397
4609,0.5,10,True,0.5081481481481481,0.8,0.26951797627815943,0.9219280948873623
4610,0.5,10,True,0.48444444444444446,0.8,0.26951797627815943,0.9219280948873623
4611,0.5,10,True,0.4251851851851852,0.7,0.2771568471826691,1.3567796494470397
4612,0.45,11,True,0.3624242424242424,0.6363636363636364,0.2599940536914944,1.6729330318733675
4613,0.5,10,True,0.4118518518518518,0.7,0.2771568471826691,1.3567796494470397
4614,0.5,10,True,0.38222222222222224,0.7,0.2771568471826691,1.3567796494470397
4615,0.5,10,True,0.5081481481481481,0.8,0.26951797627815943,0.9219280948873623
4616,0.5,10,True,0.4474074074074074,0.7,0.21080508763824013,1.1567796494470395
4617,0.5,10,True,0.49333333333333335,0.8,0.26951797627815943,0.9219280948873623
4618,0.5,10,True,0.4325925925925926,0.8,0.26951797627815943,0.9219280948873623
4619,0.5,10,True,0.3244444444444445,0.6,0.23103764446506314,1.5709505944546687
4620,0.5,10,True,0.32296296296296295,0.7,0.21080508763824013,1.1567796494470395
4621,0.5,10,True,0.39555555555555555,0.6,0.17613453894041953,1.295461844238322
4622,0.45,11,True,0.36000000000000004,0.6363636363636364,0.2599940536914944,1.6729330318733675
4623,0.5,10,True,0.4444444444444444,0.6,0.17613453894041964,1.295461844238322
4624,0.6,8,True,0.5,0.875,0.25021798863140454,0.5435644431995964
4625,0.6,8,True,0.45,0.875,0.25021798863140454,0.5435644431995964
4626,0.5,10,True,0.3333333333333333,0.5,0.2338449694456599,1.9609640474436814
4627,0.45,11,True,0.43757575757575756,0.7272727272727273,0.08028267642490672,0.8453509366224364
4628,0.45,11,True,0.22303030303030305,0.2727272727272727,0.18076084362328382,2.663532754804255
4629,0.45,11,True,0.36484848484848487,0.6363636363636364,0.21923179899069856,1.4911148500551858
4630,0.95,1,False,,,,
4631,0.45,11,True,0.29818181818181816,0.45454545454545453,0.1818141191887922,2.0403733936884962
4632,0.45,11,True,0.4121212121212121,0.5454545454545454,0.18936821383131186,1.6171895725927152
4633,0.4,12,True,0.3909090909090909,0.5833333333333334,0.2110702296074859,1.780672129520887
4634,0.4,12,True,0.3141414141414141,0.5833333333333334,0.23794677496666627,1.9473387961875537
4635,0.4,12,True,0.31212121212121213,0.5833333333333334,0.2110702296074859,1.780672129520887
4636,0.5,10,True,0.4755555555555555,0.8,0.14132728892674484,0.7219280948873623
4637,0.5,10,True,0.41777777777777775,0.8,0.26951797627815943,0.9219280948873623
4638,0.5,10,True,0.3925925925925926,0.7,0.2771568471826691,1.3567796494470397
4639,0.5,10,True,0.39111111111111113,0.7,0.2771568471826691,1.3567796494470397
4640,0.9,2,False,,,,
4641,0.85,3,False,,,,
4642,0.8,4,False,,,,
4643,0.75,5,True,0.22,0.2,0.46159367967902887,2.321928094887362
4644,0.4,12,True,0.31313131313131315,0.5833333333333334,0.23794677496666627,1.9473387961875537
4645,0.4,12,True,0.3343434343434344,0.5,0.16964391395534772,1.9591479170272446
4646,0.4,12,True,0.3939393939393939,0.5833333333333334,0.18102136700694205,1.5510981710072647
4647,0.4,12,True,0.31212121212121213,0.4166666666666667,0.17157557582823801,1.9508257945180885
4648,0.4,12,True,0.42525252525252527,0.6666666666666666,0.15790814011040566,1.188721875540867
4649,0.4,12,True,0.3383838383838384,0.6666666666666666,0.21533827903669656,1.4182958340544896
4650,0.4,12,True,0.4090909090909091,0.6666666666666666,0.25649672118988953,1.584962500721156
4651,0.4,12,True,0.4585858585858586,0.5,0.1170213395254126,1.3250112108241772
4652,0.4,12,True,0.4090909090909091,0.5833333333333334,0.18102136700694205,1.5510981710072647
4653,0.4,12,True,0.37676767676767675,0.5833333333333334,0.09919525147048636,1.384431504340598
4654,0.4,12,True,0.3585858585858586,0.5833333333333334,0.18102136700694205,1.5510981710072647
4655,0.45,11,True,0.5636363636363636,0.9090909090909091,0.2211186092838502,0.4394969869215134
4656,0.45,11,True,0.47515151515151516,0.6363636363636364,0.16242837679500655,1.2406705316766884
4657,0.45,11,True,0.463030303030303,0.7272727272727273,0.20226907788083903,1.0957952550009336
4658,0.45,11,True,0.3733333333333333,0.7272727272727273,0.20226907788083903,1.0957952550009336
4659,0.45,11,True,0.38181818181818183,0.6363636363636364,0.21923179899069856,1.4911148500551854
4660,0.45,11,True,0.47878787878787876,0.6363636363636364,0.2599940536914944,1.6729330318733675
4661,0.5,10,True,0.3496296296296296,0.7,0.2771568471826691,1.3567796494470397
4662,0.45,11,True,0.5393939393939393,0.8181818181818182,0.26550220320535933,0.8658566174572235
4663,0.45,11,True,0.4509090909090909,0.7272727272727273,0.20226907788083903,1.0957952550009336
4664,0.45,11,True,0.2606060606060606,0.6363636363636364,0.2599940536914944,1.6729330318733675
4665,0.6,8,True,0.5166666666666667,0.875,0.25021798863140454,0.5435644431995964
4666,0.6,8,True,0.55,0.875,0.25021798863140454,0.5435644431995964
4667,0.6,8,True,0.5333333333333333,1.0,0.02904940554533142,0.0
4668,0.6,8,True,0.6,0.875,0.25021798863140454,0.5435644431995964
4669,0.6,8,True,0.4,0.875,0.25021798863140454,0.5435644431995964
4670,0.6,8,True,0.4166666666666667,0.875,0.25021798863140454,0.5435644431995964
4671,0.5,10,True,0.4577777777777778,0.7,0.2771568471826691,1.3567796494470397
4672,0.5,10,True,0.39851851851851855,0.7,0.2771568471826691,1.3567796494470397
4673,0.5,10,True,0.36000000000000004,0.7,0.21080508763824013,1.1567796494470395
4674,0.5,10,True,0.3496296296296296,0.7,0.21080508763824013,1.1567796494470395
4675,0.55,9,True,0.3814814814814815,0.7777777777777778,0.15665734595707748,0.7642045065086203
4676,0.55,9,True,0.3574074074074074,0.7777777777777778,0.15665734595707748,0.7642045065086203
4677,0.55,9,True,0.4462962962962963,0.7777777777777778,0.15665734595707748,0.7642045065086203
4678,0.5,10,True,0.38962962962962966,0.8,0.26951797627815943,0.9219280948873623
4679,0.5,10,True,0.3422222222222222,0.7,0.2771568471826691,1.3567796494470397
4680,0.5,10,True,0.42370370370370375,0.7,0.2771568471826691,1.3567796494470397
4681,0.55,9,True,0.4592592592592593,0.7777777777777778,0.2816667590416564,0.9864267287308424
4682,0.55,9,True,0.4037037037037037,0.7777777777777778,0.2816667590416564,0.9864267287308424
4683,0.55,9,True,0.3962962962962963,0.6666666666666666,0.29207456594376535,1.4466166676282082
4684,0.55,9,True,0.5,0.7777777777777778,0.2816667590416564,0.9864267287308424
4685,0.55,9,True,0.4611111111111111,0.7777777777777778,0.2816667590416564,0.9864267287308424
4686,0.55,9,True,0.4592592592592593,0.8888888888888888,0.23074476267918287,0.5032583347756457
4687,0.55,9,True,0.4592592592592593,0.7777777777777778,0.2816667590416564,0.9864267287308424
4688,0.55,9,True,0.3962962962962963,0.7777777777777778,0.2816667590416564,0.9864267287308424
4689,0.55,9,True,0.4592592592592593,0.7777777777777778,0.2816667590416564,0.9864267287308424
4690,0.55,9,True,0.43333333333333335,0.7777777777777778,0.15665734595707748,0.7642045065086203
4691,0.55,9,True,0.4962962962962963,0.8888888888888888,0.23074476267918287,0.5032583347756457
4692,0.55,9,True,0.3907407407407407,0.7777777777777778,0.2816667590416564,0.9864267287308424
4693,0.55,9,True,0.4814814814814815,0.7777777777777778,0.15665734595707748,0.7642045065086203
4694,0.55,9,True,0.674074074074074,0.8888888888888888,0.23074476267918287,0.5032583347756457
4695,0.55,9,True,0.3907407407407407,0.7777777777777778,0.2816667590416564,0.9864267287308424
4696,0.55,9,True,0.3925925925925926,0.7777777777777778,0.2816667590416564,0.9864267287308424
4697,0.55,9,True,0.6,1.0,0.007225546012191719,0.0
4698,0.55,9,True,0.47222222222222227,0.6666666666666666,0.22812402278974897,1.224394445405986
4699,0.55,9,True,0.47407407407407404,0.7777777777777778,0.2816667590416564,0.9864267287308424
4700,0.55,9,True,0.3777777777777778,0.6666666666666666,0.29207456594376535,1.4466166676282082
4701,0.55,9,True,0.43333333333333335,0.7777777777777778,0.2816667590416564,0.9864267287308424
4702,0.55,9,True,0.3777777777777778,0.7777777777777778,0.2816667590416564,0.9864267287308424
4703,0.9,2,False,,,,
4704,0.9,2,False,,,,
4705,0.9,2,False,,,,
4706,0.9,2,False,,,,
4707,0.9,2,False,,,,
4708,0.9,2,False,,,,
4709,0.9,2,False,,,,
4710,0.9,2,False,,,,
4711,0.95,1,False,,,,
4712,0.95,1,False,,,,
4713,0.95,1,False,,,,
4714,0.95,1,False,,,,
4715,0.95,1,False,,,,
4716,0.95,1,False,,,,
4717,0.95,1,False,,,,
4718,0.95,1,False,,,,
4719,0.95,1,False,,,,
4720,0.95,1,False,,,,
4721,0.9,2,False,,,,
4722,0.9,2,False,,,,
4723,0.9,2,False,,,,
4724,0.9,2,False,,,,
4725,0.9,2,False,,,,
4726,0.9,2,False,,,,
4727,0.9,2,False,,,,
4728,0.9,2,False,,,,
4729,0.9,2,False,,,,
4730,0.9,2,False,,,,
4731,0.9,2,False,,,,
4732,0.9,2,False,,,,
4733,0.95,1,False,,,,
4734,0.95,1,False,,,,
4735,0.95,1,False,,,,
4736,0.95,1,False,,,,
4737,0.95,1,False,,,,
4738,0.95,1,False,,,,
4739,0.95,1,False,,,,
4740,0.95,1,False,,,,
4741,0.95,1,False,,,,
4742,0.95,1,False,,,,
4743,0.95,1,False,,,,
