col_index,gap_frac,nongap_n,keep,cons_similarity,cons_identity,cons_entropy22,cons_entropy_nogap
1,0.95,1,False,,,,
2,0.95,1,False,,,,
3,0.95,1,False,,,,
4,0.95,1,False,,,,
5,0.95,1,False,,,,
6,0.95,1,False,,,,
7,0.95,1,False,,,,
8,0.95,1,False,,,,
9,0.95,1,False,,,,
10,0.95,1,False,,,,
11,0.95,1,False,,,,
12,0.95,1,False,,,,
13,0.95,1,False,,,,
14,0.95,1,False,,,,
15,0.95,1,False,,,,
16,0.95,1,False,,,,
17,0.95,1,False,,,,
18,0.95,1,False,,,,
19,0.95,1,False,,,,
20,0.95,1,False,,,,
21,0.95,1,False,,,,
22,0.95,1,False,,,,
23,0.95,1,False,,,,
24,0.95,1,False,,,,
25,0.95,1,False,,,,
26,0.95,1,False,,,,
27,0.95,1,False,,,,
28,0.95,1,False,,,,
29,0.95,1,False,,,,
30,0.95,1,False,,,,
31,0.95,1,False,,,,
32,0.95,1,False,,,,
33,0.95,1,False,,,,
34,0.95,1,False,,,,
35,0.95,1,False,,,,
36,0.95,1,False,,,,
37,0.95,1,False,,,,
38,0.95,1,False,,,,
39,0.95,1,False,,,,
40,0.95,1,False,,,,
41,0.95,1,False,,,,
42,0.95,1,False,,,,
43,0.95,1,False,,,,
44,0.95,1,False,,,,
45,0.95,1,False,,,,
46,0.95,1,False,,,,
47,0.95,1,False,,,,
48,0.95,1,False,,,,
49,0.95,1,False,,,,
50,0.95,1,False,,,,
51,0.95,1,False,,,,
52,0.95,1,False,,,,
53,0.95,1,False,,,,
54,0.95,1,False,,,,
55,0.95,1,False,,,,
56,0.95,1,False,,,,
57,0.95,1,False,,,,
58,0.95,1,False,,,,
59,0.95,1,False,,,,
60,0.95,1,False,,,,
61,0.95,1,False,,,,
62,0.95,1,False,,,,
63,0.95,1,False,,,,
64,0.95,1,False,,,,
65,0.95,1,False,,,,
66,0.95,1,False,,,,
67,0.95,1,False,,,,
68,0.95,1,False,,,,
69,0.95,1,False,,,,
70,0.95,1,False,,,,
71,0.95,1,False,,,,
72,0.95,1,False,,,,
73,0.95,1,False,,,,
74,0.95,1,False,,,,
75,0.95,1,False,,,,
76,0.95,1,False,,,,
77,0.95,1,False,,,,
78,0.95,1,False,,,,
79,0.95,1,False,,,,
80,0.95,1,False,,,,
81,0.95,1,False,,,,
82,0.95,1,False,,,,
83,0.95,1,False,,,,
84,0.95,1,False,,,,
85,0.95,1,False,,,,
86,0.95,1,False,,,,
87,0.95,1,False,,,,
88,0.95,1,False,,,,
89,0.95,1,False,,,,
90,0.95,1,False,,,,
91,0.95,1,False,,,,
92,0.95,1,False,,,,
93,0.95,1,False,,,,
94,0.95,1,False,,,,
95,0.95,1,False,,,,
96,0.95,1,False,,,,
97,0.95,1,False,,,,
98,0.95,1,False,,,,
99,0.95,1,False,,,,
100,0.95,1,False,,,,
101,0.95,1,False,,,,
102,0.95,1,False,,,,
103,0.95,1,False,,,,
104,0.95,1,False,,,,
105,0.95,1,False,,,,
106,0.95,1,False,,,,
107,0.95,1,False,,,,
108,0.95,1,False,,,,
109,0.95,1,False,,,,
110,0.95,1,False,,,,
111,0.95,1,False,,,,
112,0.95,1,False,,,,
113,0.95,1,False,,,,
114,0.95,1,False,,,,
115,0.95,1,False,,,,
116,0.95,1,False,,,,
117,0.95,1,False,,,,
118,0.95,1,False,,,,
119,0.95,1,False,,,,
120,0.95,1,False,,,,
121,0.95,1,False,,,,
122,0.95,1,False,,,,
123,0.95,1,False,,,,
124,0.95,1,False,,,,
125,0.95,1,False,,,,
126,0.95,1,False,,,,
127,0.95,1,False,,,,
128,0.95,1,False,,,,
129,0.95,1,False,,,,
130,0.95,1,False,,,,
131,0.95,1,False,,,,
132,0.95,1,False,,,,
133,0.95,1,False,,,,
134,0.95,1,False,,,,
135,0.95,1,False,,,,
136,0.95,1,False,,,,
137,0.95,1,False,,,,
138,0.95,1,False,,,,
139,0.95,1,False,,,,
140,0.95,1,False,,,,
141,0.95,1,False,,,,
142,0.95,1,False,,,,
143,0.95,1,False,,,,
144,0.95,1,False,,,,
145,0.95,1,False,,,,
146,0.95,1,False,,,,
147,0.95,1,False,,,,
148,0.95,1,False,,,,
149,0.95,1,False,,,,
150,0.95,1,False,,,,
151,0.95,1,False,,,,
152,0.95,1,False,,,,
153,0.95,1,False,,,,
154,0.95,1,False,,,,
155,0.95,1,False,,,,
156,0.95,1,False,,,,
157,0.95,1,False,,,,
158,0.95,1,False,,,,
159,0.95,1,False,,,,
160,0.95,1,False,,,,
161,0.95,1,False,,,,
162,0.95,1,False,,,,
163,0.95,1,False,,,,
164,0.95,1,False,,,,
165,0.95,1,False,,,,
166,0.95,1,False,,,,
167,0.95,1,False,,,,
168,0.95,1,False,,,,
169,0.95,1,False,,,,
170,0.95,1,False,,,,
171,0.95,1,False,,,,
172,0.95,1,False,,,,
173,0.95,1,False,,,,
174,0.95,1,False,,,,
175,0.95,1,False,,,,
176,0.95,1,False,,,,
177,0.95,1,False,,,,
178,0.95,1,False,,,,
179,0.95,1,False,,,,
180,0.95,1,False,,,,
181,0.95,1,False,,,,
182,0.95,1,False,,,,
183,0.95,1,False,,,,
184,0.95,1,False,,,,
185,0.95,1,False,,,,
186,0.95,1,False,,,,
187,0.95,1,False,,,,
188,0.95,1,False,,,,
189,0.95,1,False,,,,
190,0.95,1,False,,,,
191,0.95,1,False,,,,
192,0.95,1,False,,,,
193,0.95,1,False,,,,
194,0.95,1,False,,,,
195,0.95,1,False,,,,
196,0.95,1,False,,,,
197,0.95,1,False,,,,
198,0.95,1,False,,,,
199,0.95,1,False,,,,
200,0.95,1,False,,,,
201,0.95,1,False,,,,
202,0.95,1,False,,,,
203,0.95,1,False,,,,
204,0.95,1,False,,,,
205,0.95,1,False,,,,
206,0.95,1,False,,,,
207,0.95,1,False,,,,
208,0.95,1,False,,,,
209,0.95,1,False,,,,
210,0.95,1,False,,,,
211,0.95,1,False,,,,
212,0.95,1,False,,,,
213,0.95,1,False,,,,
214,0.95,1,False,,,,
215,0.95,1,False,,,,
216,0.95,1,False,,,,
217,0.95,1,False,,,,
218,0.95,1,False,,,,
219,0.95,1,False,,,,
220,0.95,1,False,,,,
221,0.95,1,False,,,,
222,0.95,1,False,,,,
223,0.95,1,False,,,,
224,0.95,1,False,,,,
225,0.95,1,False,,,,
226,0.95,1,False,,,,
227,0.95,1,False,,,,
228,0.95,1,False,,,,
229,0.95,1,False,,,,
230,0.95,1,False,,,,
231,0.95,1,False,,,,
232,0.95,1,False,,,,
233,0.95,1,False,,,,
234,0.95,1,False,,,,
235,0.95,1,False,,,,
236,0.95,1,False,,,,
237,0.95,1,False,,,,
238,0.95,1,False,,,,
239,0.95,1,False,,,,
240,0.95,1,False,,,,
241,0.95,1,False,,,,
242,0.95,1,False,,,,
243,0.95,1,False,,,,
244,0.95,1,False,,,,
245,0.95,1,False,,,,
246,0.95,1,False,,,,
247,0.95,1,False,,,,
248,0.95,1,False,,,,
249,0.95,1,False,,,,
250,0.95,1,False,,,,
251,0.95,1,False,,,,
252,0.95,1,False,,,,
253,0.95,1,False,,,,
254,0.95,1,False,,,,
255,0.95,1,False,,,,
256,0.95,1,False,,,,
257,0.95,1,False,,,,
258,0.95,1,False,,,,
259,0.95,1,False,,,,
260,0.95,1,False,,,,
261,0.95,1,False,,,,
262,0.95,1,False,,,,
263,0.95,1,False,,,,
264,0.95,1,False,,,,
265,0.95,1,False,,,,
266,0.95,1,False,,,,
267,0.95,1,False,,,,
268,0.95,1,False,,,,
269,0.95,1,False,,,,
270,0.95,1,False,,,,
271,0.95,1,False,,,,
272,0.95,1,False,,,,
273,0.95,1,False,,,,
274,0.95,1,False,,,,
275,0.95,1,False,,,,
276,0.95,1,False,,,,
277,0.95,1,False,,,,
278,0.95,1,False,,,,
279,0.95,1,False,,,,
280,0.95,1,False,,,,
281,0.95,1,False,,,,
282,0.95,1,False,,,,
283,0.95,1,False,,,,
284,0.95,1,False,,,,
285,0.95,1,False,,,,
286,0.95,1,False,,,,
287,0.95,1,False,,,,
288,0.95,1,False,,,,
289,0.95,1,False,,,,
290,0.95,1,False,,,,
291,0.95,1,False,,,,
292,0.95,1,False,,,,
293,0.95,1,False,,,,
294,0.95,1,False,,,,
295,0.95,1,False,,,,
296,0.95,1,False,,,,
297,0.95,1,False,,,,
298,0.95,1,False,,,,
299,0.95,1,False,,,,
300,0.95,1,False,,,,
301,0.95,1,False,,,,
302,0.95,1,False,,,,
303,0.95,1,False,,,,
304,0.95,1,False,,,,
305,0.95,1,False,,,,
306,0.95,1,False,,,,
307,0.95,1,False,,,,
308,0.95,1,False,,,,
309,0.95,1,False,,,,
310,0.95,1,False,,,,
311,0.95,1,False,,,,
312,0.95,1,False,,,,
313,0.95,1,False,,,,
314,0.95,1,False,,,,
315,0.95,1,False,,,,
316,0.95,1,False,,,,
317,0.95,1,False,,,,
318,0.95,1,False,,,,
319,0.95,1,False,,,,
320,0.95,1,False,,,,
321,0.95,1,False,,,,
322,0.95,1,False,,,,
323,0.95,1,False,,,,
324,0.95,1,False,,,,
325,0.95,1,False,,,,
326,0.95,1,False,,,,
327,0.95,1,False,,,,
328,0.95,1,False,,,,
329,0.95,1,False,,,,
330,0.95,1,False,,,,
331,0.95,1,False,,,,
332,0.95,1,False,,,,
333,0.95,1,False,,,,
334,0.95,1,False,,,,
335,0.95,1,False,,,,
336,0.95,1,False,,,,
337,0.95,1,False,,,,
338,0.95,1,False,,,,
339,0.95,1,False,,,,
340,0.95,1,False,,,,
341,0.95,1,False,,,,
342,0.95,1,False,,,,
343,0.95,1,False,,,,
344,0.95,1,False,,,,
345,0.95,1,False,,,,
346,0.95,1,False,,,,
347,0.95,1,False,,,,
348,0.95,1,False,,,,
349,0.95,1,False,,,,
350,0.95,1,False,,,,
351,0.95,1,False,,,,
352,0.95,1,False,,,,
353,0.95,1,False,,,,
354,0.95,1,False,,,,
355,0.95,1,False,,,,
356,0.95,1,False,,,,
357,0.95,1,False,,,,
358,0.95,1,False,,,,
359,0.95,1,False,,,,
360,0.95,1,False,,,,
361,0.95,1,False,,,,
362,0.95,1,False,,,,
363,0.95,1,False,,,,
364,0.95,1,False,,,,
365,0.95,1,False,,,,
366,0.95,1,False,,,,
367,0.95,1,False,,,,
368,0.95,1,False,,,,
369,0.95,1,False,,,,
370,0.95,1,False,,,,
371,0.95,1,False,,,,
372,0.95,1,False,,,,
373,0.95,1,False,,,,
374,0.95,1,False,,,,
375,0.95,1,False,,,,
376,0.95,1,False,,,,
377,0.95,1,False,,,,
378,0.95,1,False,,,,
379,0.95,1,False,,,,
380,0.95,1,False,,,,
381,0.95,1,False,,,,
382,0.95,1,False,,,,
383,0.95,1,False,,,,
384,0.95,1,False,,,,
385,0.95,1,False,,,,
386,0.95,1,False,,,,
387,0.95,1,False,,,,
388,0.95,1,False,,,,
389,0.95,1,False,,,,
390,0.95,1,False,,,,
391,0.95,1,False,,,,
392,0.95,1,False,,,,
393,0.95,1,False,,,,
394,0.95,1,False,,,,
395,0.95,1,False,,,,
396,0.95,1,False,,,,
397,0.95,1,False,,,,
398,0.95,1,False,,,,
399,0.95,1,False,,,,
400,0.95,1,False,,,,
401,0.95,1,False,,,,
402,0.95,1,False,,,,
403,0.95,1,False,,,,
404,0.95,1,False,,,,
405,0.95,1,False,,,,
406,0.95,1,False,,,,
407,0.95,1,False,,,,
408,0.95,1,False,,,,
409,0.95,1,False,,,,
410,0.95,1,False,,,,
411,0.95,1,False,,,,
412,0.95,1,False,,,,
413,0.95,1,False,,,,
414,0.95,1,False,,,,
415,0.95,1,False,,,,
416,0.95,1,False,,,,
417,0.95,1,False,,,,
418,0.95,1,False,,,,
419,0.95,1,False,,,,
420,0.95,1,False,,,,
421,0.95,1,False,,,,
422,0.95,1,False,,,,
423,0.95,1,False,,,,
424,0.95,1,False,,,,
425,0.95,1,False,,,,
426,0.95,1,False,,,,
427,0.95,1,False,,,,
428,0.95,1,False,,,,
429,0.95,1,False,,,,
430,0.95,1,False,,,,
431,0.95,1,False,,,,
432,0.95,1,False,,,,
433,0.95,1,False,,,,
434,0.95,1,False,,,,
435,0.95,1,False,,,,
436,0.95,1,False,,,,
437,0.95,1,False,,,,
438,0.95,1,False,,,,
439,0.95,1,False,,,,
440,0.95,1,False,,,,
441,0.95,1,False,,,,
442,0.95,1,False,,,,
443,0.95,1,False,,,,
444,0.95,1,False,,,,
445,0.95,1,False,,,,
446,0.95,1,False,,,,
447,0.95,1,False,,,,
448,0.95,1,False,,,,
449,0.95,1,False,,,,
450,0.95,1,False,,,,
451,0.95,1,False,,,,
452,0.95,1,False,,,,
453,0.95,1,False,,,,
454,0.95,1,False,,,,
455,0.95,1,False,,,,
456,0.95,1,False,,,,
457,0.95,1,False,,,,
458,0.95,1,False,,,,
459,0.95,1,False,,,,
460,0.95,1,False,,,,
461,0.95,1,False,,,,
462,0.95,1,False,,,,
463,0.95,1,False,,,,
464,0.95,1,False,,,,
465,0.95,1,False,,,,
466,0.95,1,False,,,,
467,0.95,1,False,,,,
468,0.95,1,False,,,,
469,0.95,1,False,,,,
470,0.95,1,False,,,,
471,0.95,1,False,,,,
472,0.95,1,False,,,,
473,0.95,1,False,,,,
474,0.95,1,False,,,,
475,0.95,1,False,,,,
476,0.95,1,False,,,,
477,0.95,1,False,,,,
478,0.95,1,False,,,,
479,0.95,1,False,,,,
480,0.95,1,False,,,,
481,0.95,1,False,,,,
482,0.95,1,False,,,,
483,0.95,1,False,,,,
484,0.95,1,False,,,,
485,0.95,1,False,,,,
486,0.95,1,False,,,,
487,0.95,1,False,,,,
488,0.95,1,False,,,,
489,0.95,1,False,,,,
490,0.95,1,False,,,,
491,0.95,1,False,,,,
492,0.95,1,False,,,,
493,0.95,1,False,,,,
494,0.95,1,False,,,,
495,0.95,1,False,,,,
496,0.95,1,False,,,,
497,0.95,1,False,,,,
498,0.95,1,False,,,,
499,0.95,1,False,,,,
500,0.95,1,False,,,,
501,0.95,1,False,,,,
502,0.95,1,False,,,,
503,0.95,1,False,,,,
504,0.95,1,False,,,,
505,0.95,1,False,,,,
506,0.95,1,False,,,,
507,0.95,1,False,,,,
508,0.95,1,False,,,,
509,0.95,1,False,,,,
510,0.95,1,False,,,,
511,0.95,1,False,,,,
512,0.95,1,False,,,,
513,0.95,1,False,,,,
514,0.95,1,False,,,,
515,0.95,1,False,,,,
516,0.95,1,False,,,,
517,0.95,1,False,,,,
518,0.95,1,False,,,,
519,0.95,1,False,,,,
520,0.95,1,False,,,,
521,0.95,1,False,,,,
522,0.95,1,False,,,,
523,0.95,1,False,,,,
524,0.95,1,False,,,,
525,0.95,1,False,,,,
526,0.95,1,False,,,,
527,0.95,1,False,,,,
528,0.95,1,False,,,,
529,0.95,1,False,,,,
530,0.95,1,False,,,,
531,0.95,1,False,,,,
532,0.95,1,False,,,,
533,0.95,1,False,,,,
534,0.95,1,False,,,,
535,0.95,1,False,,,,
536,0.95,1,False,,,,
537,0.95,1,False,,,,
538,0.95,1,False,,,,
539,0.95,1,False,,,,
540,0.95,1,False,,,,
541,0.95,1,False,,,,
542,0.95,1,False,,,,
543,0.95,1,False,,,,
544,0.95,1,False,,,,
545,0.95,1,False,,,,
546,0.95,1,False,,,,
547,0.95,1,False,,,,
548,0.95,1,False,,,,
549,0.95,1,False,,,,
550,0.95,1,False,,,,
551,0.95,1,False,,,,
552,0.95,1,False,,,,
553,0.95,1,False,,,,
554,0.95,1,False,,,,
555,0.95,1,False,,,,
556,0.95,1,False,,,,
557,0.95,1,False,,,,
558,0.95,1,False,,,,
559,0.95,1,False,,,,
560,0.95,1,False,,,,
561,0.95,1,False,,,,
562,0.95,1,False,,,,
563,0.95,1,False,,,,
564,0.95,1,False,,,,
565,0.95,1,False,,,,
566,0.95,1,False,,,,
567,0.95,1,False,,,,
568,0.95,1,False,,,,
569,0.95,1,False,,,,
570,0.95,1,False,,,,
571,0.95,1,False,,,,
572,0.95,1,False,,,,
573,0.95,1,False,,,,
574,0.95,1,False,,,,
575,0.95,1,False,,,,
576,0.95,1,False,,,,
577,0.95,1,False,,,,
578,0.95,1,False,,,,
579,0.95,1,False,,,,
580,0.95,1,False,,,,
581,0.95,1,False,,,,
582,0.95,1,False,,,,
583,0.95,1,False,,,,
584,0.95,1,False,,,,
585,0.95,1,False,,,,
586,0.95,1,False,,,,
587,0.95,1,False,,,,
588,0.95,1,False,,,,
589,0.95,1,False,,,,
590,0.95,1,False,,,,
591,0.95,1,False,,,,
592,0.95,1,False,,,,
593,0.95,1,False,,,,
594,0.95,1,False,,,,
595,0.95,1,False,,,,
596,0.95,1,False,,,,
597,0.95,1,False,,,,
598,0.95,1,False,,,,
599,0.95,1,False,,,,
600,0.95,1,False,,,,
601,0.95,1,False,,,,
602,0.95,1,False,,,,
603,0.95,1,False,,,,
604,0.95,1,False,,,,
605,0.95,1,False,,,,
606,0.95,1,False,,,,
607,0.95,1,False,,,,
608,0.95,1,False,,,,
609,0.95,1,False,,,,
610,0.95,1,False,,,,
611,0.95,1,False,,,,
612,0.95,1,False,,,,
613,0.95,1,False,,,,
614,0.95,1,False,,,,
615,0.95,1,False,,,,
616,0.95,1,False,,,,
617,0.95,1,False,,,,
618,0.95,1,False,,,,
619,0.95,1,False,,,,
620,0.95,1,False,,,,
621,0.95,1,False,,,,
622,0.95,1,False,,,,
623,0.95,1,False,,,,
624,0.95,1,False,,,,
625,0.95,1,False,,,,
626,0.95,1,False,,,,
627,0.95,1,False,,,,
628,0.95,1,False,,,,
629,0.95,1,False,,,,
630,0.95,1,False,,,,
631,0.95,1,False,,,,
632,0.95,1,False,,,,
633,0.95,1,False,,,,
634,0.95,1,False,,,,
635,0.95,1,False,,,,
636,0.95,1,False,,,,
637,0.95,1,False,,,,
638,0.95,1,False,,,,
639,0.95,1,False,,,,
640,0.95,1,False,,,,
641,0.95,1,False,,,,
642,0.95,1,False,,,,
643,0.95,1,False,,,,
644,0.95,1,False,,,,
645,0.95,1,False,,,,
646,0.95,1,False,,,,
647,0.95,1,False,,,,
648,0.95,1,False,,,,
649,0.95,1,False,,,,
650,0.95,1,False,,,,
651,0.95,1,False,,,,
652,0.95,1,False,,,,
653,0.95,1,False,,,,
654,0.95,1,False,,,,
655,0.95,1,False,,,,
656,0.95,1,False,,,,
657,0.95,1,False,,,,
658,0.95,1,False,,,,
659,0.95,1,False,,,,
660,0.95,1,False,,,,
661,0.95,1,False,,,,
662,0.95,1,False,,,,
663,0.95,1,False,,,,
664,0.95,1,False,,,,
665,0.95,1,False,,,,
666,0.95,1,False,,,,
667,0.95,1,False,,,,
668,0.95,1,False,,,,
669,0.95,1,False,,,,
670,0.95,1,False,,,,
671,0.95,1,False,,,,
672,0.95,1,False,,,,
673,0.95,1,False,,,,
674,0.95,1,False,,,,
675,0.95,1,False,,,,
676,0.95,1,False,,,,
677,0.95,1,False,,,,
678,0.95,1,False,,,,
679,0.95,1,False,,,,
680,0.95,1,False,,,,
681,0.95,1,False,,,,
682,0.95,1,False,,,,
683,0.95,1,False,,,,
684,0.95,1,False,,,,
685,0.95,1,False,,,,
686,0.95,1,False,,,,
687,0.95,1,False,,,,
688,0.95,1,False,,,,
689,0.95,1,False,,,,
690,0.95,1,False,,,,
691,0.95,1,False,,,,
692,0.95,1,False,,,,
693,0.95,1,False,,,,
694,0.95,1,False,,,,
695,0.95,1,False,,,,
696,0.95,1,False,,,,
697,0.95,1,False,,,,
698,0.95,1,False,,,,
699,0.95,1,False,,,,
700,0.95,1,False,,,,
701,0.95,1,False,,,,
702,0.95,1,False,,,,
703,0.95,1,False,,,,
704,0.95,1,False,,,,
705,0.95,1,False,,,,
706,0.95,1,False,,,,
707,0.95,1,False,,,,
708,0.95,1,False,,,,
709,0.95,1,False,,,,
710,0.95,1,False,,,,
711,0.95,1,False,,,,
712,0.95,1,False,,,,
713,0.95,1,False,,,,
714,0.95,1,False,,,,
715,0.95,1,False,,,,
716,0.95,1,False,,,,
717,0.95,1,False,,,,
718,0.95,1,False,,,,
719,0.95,1,False,,,,
720,0.95,1,False,,,,
721,0.95,1,False,,,,
722,0.95,1,False,,,,
723,0.95,1,False,,,,
724,0.95,1,False,,,,
725,0.95,1,False,,,,
726,0.95,1,False,,,,
727,0.95,1,False,,,,
728,0.95,1,False,,,,
729,0.95,1,False,,,,
730,0.95,1,False,,,,
731,0.95,1,False,,,,
732,0.95,1,False,,,,
733,0.95,1,False,,,,
734,0.95,1,False,,,,
735,0.95,1,False,,,,
736,0.95,1,False,,,,
737,0.95,1,False,,,,
738,0.95,1,False,,,,
739,0.95,1,False,,,,
740,0.95,1,False,,,,
741,0.95,1,False,,,,
742,0.95,1,False,,,,
743,0.95,1,False,,,,
744,0.95,1,False,,,,
745,0.95,1,False,,,,
746,0.95,1,False,,,,
747,0.95,1,False,,,,
748,0.95,1,False,,,,
749,0.95,1,False,,,,
750,0.95,1,False,,,,
751,0.95,1,False,,,,
752,0.95,1,False,,,,
753,0.95,1,False,,,,
754,0.95,1,False,,,,
755,0.95,1,False,,,,
756,0.95,1,False,,,,
757,0.95,1,False,,,,
758,0.95,1,False,,,,
759,0.95,1,False,,,,
760,0.95,1,False,,,,
761,0.95,1,False,,,,
762,0.95,1,False,,,,
763,0.95,1,False,,,,
764,0.95,1,False,,,,
765,0.95,1,False,,,,
766,0.95,1,False,,,,
767,0.95,1,False,,,,
768,0.95,1,False,,,,
769,0.95,1,False,,,,
770,0.95,1,False,,,,
771,0.95,1,False,,,,
772,0.95,1,False,,,,
773,0.95,1,False,,,,
774,0.95,1,False,,,,
775,0.95,1,False,,,,
776,0.95,1,False,,,,
777,0.95,1,False,,,,
778,0.95,1,False,,,,
779,0.95,1,False,,,,
780,0.95,1,False,,,,
781,0.95,1,False,,,,
782,0.95,1,False,,,,
783,0.95,1,False,,,,
784,0.95,1,False,,,,
785,0.95,1,False,,,,
786,0.95,1,False,,,,
787,0.95,1,False,,,,
788,0.95,1,False,,,,
789,0.95,1,False,,,,
790,0.95,1,False,,,,
791,0.95,1,False,,,,
792,0.95,1,False,,,,
793,0.95,1,False,,,,
794,0.95,1,False,,,,
795,0.95,1,False,,,,
796,0.95,1,False,,,,
797,0.95,1,False,,,,
798,0.95,1,False,,,,
799,0.95,1,False,,,,
800,0.95,1,False,,,,
801,0.95,1,False,,,,
802,0.95,1,False,,,,
803,0.95,1,False,,,,
804,0.95,1,False,,,,
805,0.95,1,False,,,,
806,0.95,1,False,,,,
807,0.95,1,False,,,,
808,0.95,1,False,,,,
809,0.95,1,False,,,,
810,0.95,1,False,,,,
811,0.95,1,False,,,,
812,0.95,1,False,,,,
813,0.95,1,False,,,,
814,0.95,1,False,,,,
815,0.95,1,False,,,,
816,0.95,1,False,,,,
817,0.95,1,False,,,,
818,0.95,1,False,,,,
819,0.95,1,False,,,,
820,0.95,1,False,,,,
821,0.95,1,False,,,,
822,0.95,1,False,,,,
823,0.95,1,False,,,,
824,0.95,1,False,,,,
825,0.95,1,False,,,,
826,0.95,1,False,,,,
827,0.95,1,False,,,,
828,0.95,1,False,,,,
829,0.95,1,False,,,,
830,0.95,1,False,,,,
831,0.95,1,False,,,,
832,0.95,1,False,,,,
833,0.95,1,False,,,,
834,0.95,1,False,,,,
835,0.95,1,False,,,,
836,0.95,1,False,,,,
837,0.95,1,False,,,,
838,0.95,1,False,,,,
839,0.95,1,False,,,,
840,0.95,1,False,,,,
841,0.95,1,False,,,,
842,0.95,1,False,,,,
843,0.95,1,False,,,,
844,0.95,1,False,,,,
845,0.95,1,False,,,,
846,0.95,1,False,,,,
847,0.95,1,False,,,,
848,0.95,1,False,,,,
849,0.95,1,False,,,,
850,0.95,1,False,,,,
851,0.95,1,False,,,,
852,0.95,1,False,,,,
853,0.95,1,False,,,,
854,0.95,1,False,,,,
855,0.95,1,False,,,,
856,0.95,1,False,,,,
857,0.95,1,False,,,,
858,0.95,1,False,,,,
859,0.95,1,False,,,,
860,0.95,1,False,,,,
861,0.95,1,False,,,,
862,0.95,1,False,,,,
863,0.95,1,False,,,,
864,0.95,1,False,,,,
865,0.95,1,False,,,,
866,0.95,1,False,,,,
867,0.95,1,False,,,,
868,0.95,1,False,,,,
869,0.95,1,False,,,,
870,0.95,1,False,,,,
871,0.95,1,False,,,,
872,0.95,1,False,,,,
873,0.95,1,False,,,,
874,0.95,1,False,,,,
875,0.95,1,False,,,,
876,0.95,1,False,,,,
877,0.95,1,False,,,,
878,0.95,1,False,,,,
879,0.95,1,False,,,,
880,0.95,1,False,,,,
881,0.95,1,False,,,,
882,0.95,1,False,,,,
883,0.95,1,False,,,,
884,0.95,1,False,,,,
885,0.95,1,False,,,,
886,0.95,1,False,,,,
887,0.95,1,False,,,,
888,0.95,1,False,,,,
889,0.95,1,False,,,,
890,0.95,1,False,,,,
891,0.95,1,False,,,,
892,0.95,1,False,,,,
893,0.95,1,False,,,,
894,0.95,1,False,,,,
895,0.95,1,False,,,,
896,0.95,1,False,,,,
897,0.95,1,False,,,,
898,0.95,1,False,,,,
899,0.95,1,False,,,,
900,0.95,1,False,,,,
901,0.95,1,False,,,,
902,0.95,1,False,,,,
903,0.95,1,False,,,,
904,0.95,1,False,,,,
905,0.95,1,False,,,,
906,0.95,1,False,,,,
907,0.95,1,False,,,,
908,0.95,1,False,,,,
909,0.95,1,False,,,,
910,0.95,1,False,,,,
911,0.95,1,False,,,,
912,0.95,1,False,,,,
913,0.95,1,False,,,,
914,0.95,1,False,,,,
915,0.95,1,False,,,,
916,0.95,1,False,,,,
917,0.95,1,False,,,,
918,0.95,1,False,,,,
919,0.95,1,False,,,,
920,0.95,1,False,,,,
921,0.95,1,False,,,,
922,0.95,1,False,,,,
923,0.95,1,False,,,,
924,0.95,1,False,,,,
925,0.95,1,False,,,,
926,0.95,1,False,,,,
927,0.95,1,False,,,,
928,0.95,1,False,,,,
929,0.95,1,False,,,,
930,0.95,1,False,,,,
931,0.95,1,False,,,,
932,0.95,1,False,,,,
933,0.95,1,False,,,,
934,0.95,1,False,,,,
935,0.95,1,False,,,,
936,0.95,1,False,,,,
937,0.95,1,False,,,,
938,0.95,1,False,,,,
939,0.95,1,False,,,,
940,0.95,1,False,,,,
941,0.95,1,False,,,,
942,0.95,1,False,,,,
943,0.95,1,False,,,,
944,0.95,1,False,,,,
945,0.95,1,False,,,,
946,0.95,1,False,,,,
947,0.95,1,False,,,,
948,0.95,1,False,,,,
949,0.95,1,False,,,,
950,0.95,1,False,,,,
951,0.95,1,False,,,,
952,0.95,1,False,,,,
953,0.95,1,False,,,,
954,0.95,1,False,,,,
955,0.95,1,False,,,,
956,0.95,1,False,,,,
957,0.95,1,False,,,,
958,0.95,1,False,,,,
959,0.95,1,False,,,,
960,0.95,1,False,,,,
961,0.95,1,False,,,,
962,0.95,1,False,,,,
963,0.95,1,False,,,,
964,0.95,1,False,,,,
965,0.95,1,False,,,,
966,0.95,1,False,,,,
967,0.95,1,False,,,,
968,0.95,1,False,,,,
969,0.95,1,False,,,,
970,0.95,1,False,,,,
971,0.95,1,False,,,,
972,0.95,1,False,,,,
973,0.95,1,False,,,,
974,0.95,1,False,,,,
975,0.95,1,False,,,,
976,0.95,1,False,,,,
977,0.95,1,False,,,,
978,0.95,1,False,,,,
979,0.95,1,False,,,,
980,0.95,1,False,,,,
981,0.95,1,False,,,,
982,0.95,1,False,,,,
983,0.95,1,False,,,,
984,0.95,1,False,,,,
985,0.95,1,False,,,,
986,0.95,1,False,,,,
987,0.95,1,False,,,,
988,0.95,1,False,,,,
989,0.95,1,False,,,,
990,0.95,1,False,,,,
991,0.95,1,False,,,,
992,0.95,1,False,,,,
993,0.95,1,False,,,,
994,0.95,1,False,,,,
995,0.95,1,False,,,,
996,0.95,1,False,,,,
997,0.95,1,False,,,,
998,0.95,1,False,,,,
999,0.95,1,False,,,,
1000,0.95,1,False,,,,
1001,0.95,1,False,,,,
1002,0.95,1,False,,,,
1003,0.95,1,False,,,,
1004,0.95,1,False,,,,
1005,0.95,1,False,,,,
1006,0.95,1,False,,,,
1007,0.95,1,False,,,,
1008,0.95,1,False,,,,
1009,0.95,1,False,,,,
1010,0.95,1,False,,,,
1011,0.95,1,False,,,,
1012,0.95,1,False,,,,
1013,0.95,1,False,,,,
1014,0.95,1,False,,,,
1015,0.95,1,False,,,,
1016,0.95,1,False,,,,
1017,0.95,1,False,,,,
1018,0.95,1,False,,,,
1019,0.95,1,False,,,,
1020,0.95,1,False,,,,
1021,0.95,1,False,,,,
1022,0.95,1,False,,,,
1023,0.95,1,False,,,,
1024,0.95,1,False,,,,
1025,0.95,1,False,,,,
1026,0.95,1,False,,,,
1027,0.95,1,False,,,,
1028,0.95,1,False,,,,
1029,0.95,1,False,,,,
1030,0.95,1,False,,,,
1031,0.95,1,False,,,,
1032,0.95,1,False,,,,
1033,0.95,1,False,,,,
1034,0.95,1,False,,,,
1035,0.95,1,False,,,,
1036,0.95,1,False,,,,
1037,0.95,1,False,,,,
1038,0.95,1,False,,,,
1039,0.95,1,False,,,,
1040,0.95,1,False,,,,
1041,0.95,1,False,,,,
1042,0.95,1,False,,,,
1043,0.95,1,False,,,,
1044,0.95,1,False,,,,
1045,0.95,1,False,,,,
1046,0.95,1,False,,,,
1047,0.95,1,False,,,,
1048,0.95,1,False,,,,
1049,0.95,1,False,,,,
1050,0.95,1,False,,,,
1051,0.95,1,False,,,,
1052,0.95,1,False,,,,
1053,0.95,1,False,,,,
1054,0.95,1,False,,,,
1055,0.95,1,False,,,,
1056,0.95,1,False,,,,
1057,0.95,1,False,,,,
1058,0.95,1,False,,,,
1059,0.95,1,False,,,,
1060,0.95,1,False,,,,
1061,0.95,1,False,,,,
1062,0.95,1,False,,,,
1063,0.95,1,False,,,,
1064,0.95,1,False,,,,
1065,0.95,1,False,,,,
1066,0.95,1,False,,,,
1067,0.95,1,False,,,,
1068,0.95,1,False,,,,
1069,0.95,1,False,,,,
1070,0.95,1,False,,,,
1071,0.95,1,False,,,,
1072,0.95,1,False,,,,
1073,0.95,1,False,,,,
1074,0.95,1,False,,,,
1075,0.95,1,False,,,,
1076,0.95,1,False,,,,
1077,0.95,1,False,,,,
1078,0.95,1,False,,,,
1079,0.95,1,False,,,,
1080,0.95,1,False,,,,
1081,0.95,1,False,,,,
1082,0.95,1,False,,,,
1083,0.95,1,False,,,,
1084,0.95,1,False,,,,
1085,0.95,1,False,,,,
1086,0.95,1,False,,,,
1087,0.95,1,False,,,,
1088,0.95,1,False,,,,
1089,0.95,1,False,,,,
1090,0.95,1,False,,,,
1091,0.95,1,False,,,,
1092,0.95,1,False,,,,
1093,0.95,1,False,,,,
1094,0.95,1,False,,,,
1095,0.95,1,False,,,,
1096,0.95,1,False,,,,
1097,0.95,1,False,,,,
1098,0.95,1,False,,,,
1099,0.95,1,False,,,,
1100,0.95,1,False,,,,
1101,0.95,1,False,,,,
1102,0.95,1,False,,,,
1103,0.95,1,False,,,,
1104,0.95,1,False,,,,
1105,0.95,1,False,,,,
1106,0.95,1,False,,,,
1107,0.95,1,False,,,,
1108,0.95,1,False,,,,
1109,0.95,1,False,,,,
1110,0.95,1,False,,,,
1111,0.95,1,False,,,,
1112,0.95,1,False,,,,
1113,0.95,1,False,,,,
1114,0.95,1,False,,,,
1115,0.95,1,False,,,,
1116,0.95,1,False,,,,
1117,0.95,1,False,,,,
1118,0.95,1,False,,,,
1119,0.95,1,False,,,,
1120,0.95,1,False,,,,
1121,0.95,1,False,,,,
1122,0.95,1,False,,,,
1123,0.95,1,False,,,,
1124,0.95,1,False,,,,
1125,0.95,1,False,,,,
1126,0.95,1,False,,,,
1127,0.95,1,False,,,,
1128,0.95,1,False,,,,
1129,0.95,1,False,,,,
1130,0.95,1,False,,,,
1131,0.95,1,False,,,,
1132,0.95,1,False,,,,
1133,0.95,1,False,,,,
1134,0.95,1,False,,,,
1135,0.95,1,False,,,,
1136,0.95,1,False,,,,
1137,0.95,1,False,,,,
1138,0.95,1,False,,,,
1139,0.95,1,False,,,,
1140,0.95,1,False,,,,
1141,0.95,1,False,,,,
1142,0.95,1,False,,,,
1143,0.95,1,False,,,,
1144,0.95,1,False,,,,
1145,0.95,1,False,,,,
1146,0.95,1,False,,,,
1147,0.95,1,False,,,,
1148,0.95,1,False,,,,
1149,0.95,1,False,,,,
1150,0.95,1,False,,,,
1151,0.95,1,False,,,,
1152,0.95,1,False,,,,
1153,0.95,1,False,,,,
1154,0.95,1,False,,,,
1155,0.95,1,False,,,,
1156,0.95,1,False,,,,
1157,0.95,1,False,,,,
1158,0.95,1,False,,,,
1159,0.95,1,False,,,,
1160,0.85,3,False,,,,
1161,0.85,3,False,,,,
1162,0.85,3,False,,,,
1163,0.85,3,False,,,,
1164,0.9,2,False,,,,
1165,0.9,2,False,,,,
1166,0.9,2,False,,,,
1167,0.9,2,False,,,,
1168,0.9,2,False,,,,
1169,0.95,1,False,,,,
1170,0.95,1,False,,,,
1171,0.95,1,False,,,,
1172,0.95,1,False,,,,
1173,0.95,1,False,,,,
1174,0.95,1,False,,,,
1175,0.9,2,False,,,,
1176,0.9,2,False,,,,
1177,0.9,2,False,,,,
1178,0.9,2,False,,,,
1179,0.9,2,False,,,,
1180,0.9,2,False,,,,
1181,0.95,1,False,,,,
1182,0.95,1,False,,,,
1183,0.95,1,False,,,,
1184,0.95,1,False,,,,
1185,0.95,1,False,,,,
1186,0.95,1,False,,,,
1187,0.95,1,False,,,,
1188,0.95,1,False,,,,
1189,0.9,2,False,,,,
1190,0.9,2,False,,,,
1191,0.9,2,False,,,,
1192,0.9,2,False,,,,
1193,0.9,2,False,,,,
1194,0.9,2,False,,,,
1195,0.9,2,False,,,,
1196,0.95,1,False,,,,
1197,0.9,2,False,,,,
1198,0.9,2,False,,,,
1199,0.9,2,False,,,,
1200,0.9,2,False,,,,
1201,0.9,2,False,,,,
1202,0.9,2,False,,,,
1203,0.9,2,False,,,,
1204,0.9,2,False,,,,
1205,0.9,2,False,,,,
1206,0.9,2,False,,,,
1207,0.9,2,False,,,,
1208,0.9,2,False,,,,
1209,0.9,2,False,,,,
1210,0.9,2,False,,,,
1211,0.9,2,False,,,,
1212,0.9,2,False,,,,
1213,0.9,2,False,,,,
1214,0.9,2,False,,,,
1215,0.95,1,False,,,,
1216,0.95,1,False,,,,
1217,0.95,1,False,,,,
1218,0.95,1,False,,,,
1219,0.95,1,False,,,,
1220,0.95,1,False,,,,
1221,0.95,1,False,,,,
1222,0.95,1,False,,,,
1223,0.95,1,False,,,,
1224,0.95,1,False,,,,
1225,0.95,1,False,,,,
1226,0.9,2,False,,,,
1227,0.9,2,False,,,,
1228,0.9,2,False,,,,
1229,0.9,2,False,,,,
1230,0.9,2,False,,,,
1231,0.9,2,False,,,,
1232,0.9,2,False,,,,
1233,0.9,2,False,,,,
1234,0.9,2,False,,,,
1235,0.9,2,False,,,,
1236,0.85,3,False,,,,
1237,0.85,3,False,,,,
1238,0.85,3,False,,,,
1239,0.85,3,False,,,,
1240,0.85,3,False,,,,
1241,0.85,3,False,,,,
1242,0.85,3,False,,,,
1243,0.85,3,False,,,,
1244,0.85,3,False,,,,
1245,0.85,3,False,,,,
1246,0.9,2,False,,,,
1247,0.9,2,False,,,,
1248,0.95,1,False,,,,
1249,0.95,1,False,,,,
1250,0.95,1,False,,,,
1251,0.95,1,False,,,,
1252,0.9,2,False,,,,
1253,0.85,3,False,,,,
1254,0.85,3,False,,,,
1255,0.85,3,False,,,,
1256,0.85,3,False,,,,
1257,0.85,3,False,,,,
1258,0.85,3,False,,,,
1259,0.85,3,False,,,,
1260,0.85,3,False,,,,
1261,0.85,3,False,,,,
1262,0.85,3,False,,,,
1263,0.85,3,False,,,,
1264,0.85,3,False,,,,
1265,0.85,3,False,,,,
1266,0.85,3,False,,,,
1267,0.85,3,False,,,,
1268,0.85,3,False,,,,
1269,0.85,3,False,,,,
1270,0.85,3,False,,,,
1271,0.9,2,False,,,,
1272,0.9,2,False,,,,
1273,0.9,2,False,,,,
1274,0.9,2,False,,,,
1275,0.9,2,False,,,,
1276,0.9,2,False,,,,
1277,0.9,2,False,,,,
1278,0.9,2,False,,,,
1279,0.9,2,False,,,,
1280,0.95,1,False,,,,
1281,0.9,2,False,,,,
1282,0.9,2,False,,,,
1283,0.9,2,False,,,,
1284,0.85,3,False,,,,
1285,0.85,3,False,,,,
1286,0.85,3,False,,,,
1287,0.85,3,False,,,,
1288,0.85,3,False,,,,
1289,0.85,3,False,,,,
1290,0.85,3,False,,,,
1291,0.85,3,False,,,,
1292,0.85,3,False,,,,
1293,0.85,3,False,,,,
1294,0.85,3,False,,,,
1295,0.85,3,False,,,,
1296,0.85,3,False,,,,
1297,0.85,3,False,,,,
1298,0.85,3,False,,,,
1299,0.85,3,False,,,,
1300,0.85,3,False,,,,
1301,0.85,3,False,,,,
1302,0.9,2,False,,,,
1303,0.9,2,False,,,,
1304,0.9,2,False,,,,
1305,0.9,2,False,,,,
1306,0.9,2,False,,,,
1307,0.9,2,False,,,,
1308,0.9,2,False,,,,
1309,0.9,2,False,,,,
1310,0.9,2,False,,,,
1311,0.9,2,False,,,,
1312,0.9,2,False,,,,
1313,0.9,2,False,,,,
1314,0.95,1,False,,,,
1315,0.95,1,False,,,,
1316,0.95,1,False,,,,
1317,0.95,1,False,,,,
1318,0.95,1,False,,,,
1319,0.95,1,False,,,,
1320,0.95,1,False,,,,
1321,0.95,1,False,,,,
1322,0.95,1,False,,,,
1323,0.95,1,False,,,,
1324,0.95,1,False,,,,
1325,0.95,1,False,,,,
1326,0.95,1,False,,,,
1327,0.95,1,False,,,,
1328,0.95,1,False,,,,
1329,0.95,1,False,,,,
1330,0.95,1,False,,,,
1331,0.95,1,False,,,,
1332,0.95,1,False,,,,
1333,0.95,1,False,,,,
1334,0.9,2,False,,,,
1335,0.9,2,False,,,,
1336,0.9,2,False,,,,
1337,0.9,2,False,,,,
1338,0.9,2,False,,,,
1339,0.9,2,False,,,,
1340,0.85,3,False,,,,
1341,0.85,3,False,,,,
1342,0.85,3,False,,,,
1343,0.85,3,False,,,,
1344,0.9,2,False,,,,
1345,0.9,2,False,,,,
1346,0.9,2,False,,,,
1347,0.9,2,False,,,,
1348,0.9,2,False,,,,
1349,0.9,2,False,,,,
1350,0.9,2,False,,,,
1351,0.9,2,False,,,,
1352,0.9,2,False,,,,
1353,0.9,2,False,,,,
1354,0.95,1,False,,,,
1355,0.95,1,False,,,,
1356,0.95,1,False,,,,
1357,0.95,1,False,,,,
1358,0.95,1,False,,,,
1359,0.95,1,False,,,,
1360,0.95,1,False,,,,
1361,0.95,1,False,,,,
1362,0.95,1,False,,,,
1363,0.95,1,False,,,,
1364,0.95,1,False,,,,
1365,0.9,2,False,,,,
1366,0.9,2,False,,,,
1367,0.9,2,False,,,,
1368,0.9,2,False,,,,
1369,0.9,2,False,,,,
1370,0.9,2,False,,,,
1371,0.9,2,False,,,,
1372,0.85,3,False,,,,
1373,0.85,3,False,,,,
1374,0.85,3,False,,,,
1375,0.85,3,False,,,,
1376,0.85,3,False,,,,
1377,0.85,3,False,,,,
1378,0.85,3,False,,,,
1379,0.85,3,False,,,,
1380,0.85,3,False,,,,
1381,0.9,2,False,,,,
1382,0.95,1,False,,,,
1383,0.95,1,False,,,,
1384,0.95,1,False,,,,
1385,0.95,1,False,,,,
1386,0.9,2,False,,,,
1387,0.9,2,False,,,,
1388,0.9,2,False,,,,
1389,0.9,2,False,,,,
1390,0.9,2,False,,,,
1391,0.9,2,False,,,,
1392,0.9,2,False,,,,
1393,0.9,2,False,,,,
1394,0.9,2,False,,,,
1395,0.9,2,False,,,,
1396,0.9,2,False,,,,
1397,0.9,2,False,,,,
1398,0.9,2,False,,,,
1399,0.9,2,False,,,,
1400,0.9,2,False,,,,
1401,0.9,2,False,,,,
1402,0.9,2,False,,,,
1403,0.9,2,False,,,,
1404,0.95,1,False,,,,
1405,0.95,1,False,,,,
1406,0.95,1,False,,,,
1407,0.95,1,False,,,,
1408,0.95,1,False,,,,
1409,0.95,1,False,,,,
1410,0.95,1,False,,,,
1411,0.9,2,False,,,,
1412,0.9,2,False,,,,
1413,0.9,2,False,,,,
1414,0.9,2,False,,,,
1415,0.9,2,False,,,,
1416,0.85,3,False,,,,
1417,0.9,2,False,,,,
1418,0.9,2,False,,,,
1419,0.9,2,False,,,,
1420,0.9,2,False,,,,
1421,0.9,2,False,,,,
1422,0.9,2,False,,,,
1423,0.9,2,False,,,,
1424,0.9,2,False,,,,
1425,0.9,2,False,,,,
1426,0.9,2,False,,,,
1427,0.9,2,False,,,,
1428,0.85,3,False,,,,
1429,0.85,3,False,,,,
1430,0.85,3,False,,,,
1431,0.85,3,False,,,,
1432,0.85,3,False,,,,
1433,0.85,3,False,,,,
1434,0.85,3,False,,,,
1435,0.85,3,False,,,,
1436,0.9,2,False,,,,
1437,0.95,1,False,,,,
1438,0.95,1,False,,,,
1439,0.95,1,False,,,,
1440,0.95,1,False,,,,
1441,0.95,1,False,,,,
1442,0.95,1,False,,,,
1443,0.95,1,False,,,,
1444,0.95,1,False,,,,
1445,0.95,1,False,,,,
1446,0.95,1,False,,,,
1447,0.95,1,False,,,,
1448,0.95,1,False,,,,
1449,0.95,1,False,,,,
1450,0.95,1,False,,,,
1451,0.85,3,False,,,,
1452,0.85,3,False,,,,
1453,0.85,3,False,,,,
1454,0.85,3,False,,,,
1455,0.85,3,False,,,,
1456,0.85,3,False,,,,
1457,0.85,3,False,,,,
1458,0.85,3,False,,,,
1459,0.85,3,False,,,,
1460,0.85,3,False,,,,
1461,0.9,2,False,,,,
1462,0.9,2,False,,,,
1463,0.9,2,False,,,,
1464,0.9,2,False,,,,
1465,0.85,3,False,,,,
1466,0.85,3,False,,,,
1467,0.85,3,False,,,,
1468,0.85,3,False,,,,
1469,0.85,3,False,,,,
1470,0.85,3,False,,,,
1471,0.9,2,False,,,,
1472,0.9,2,False,,,,
1473,0.9,2,False,,,,
1474,0.95,1,False,,,,
1475,0.95,1,False,,,,
1476,0.95,1,False,,,,
1477,0.95,1,False,,,,
1478,0.85,3,False,,,,
1479,0.85,3,False,,,,
1480,0.85,3,False,,,,
1481,0.85,3,False,,,,
1482,0.85,3,False,,,,
1483,0.85,3,False,,,,
1484,0.85,3,False,,,,
1485,0.85,3,False,,,,
1486,0.85,3,False,,,,
1487,0.85,3,False,,,,
1488,0.85,3,False,,,,
1489,0.85,3,False,,,,
1490,0.85,3,False,,,,
1491,0.85,3,False,,,,
1492,0.85,3,False,,,,
1493,0.85,3,False,,,,
1494,0.9,2,False,,,,
1495,0.9,2,False,,,,
1496,0.9,2,False,,,,
1497,0.9,2,False,,,,
1498,0.9,2,False,,,,
1499,0.95,1,False,,,,
1500,0.95,1,False,,,,
1501,0.95,1,False,,,,
1502,0.95,1,False,,,,
1503,0.95,1,False,,,,
1504,0.9,2,False,,,,
1505,0.9,2,False,,,,
1506,0.9,2,False,,,,
1507,0.9,2,False,,,,
1508,0.9,2,False,,,,
1509,0.9,2,False,,,,
1510,0.9,2,False,,,,
1511,0.9,2,False,,,,
1512,0.9,2,False,,,,
1513,0.9,2,False,,,,
1514,0.9,2,False,,,,
1515,0.9,2,False,,,,
1516,0.85,3,False,,,,
1517,0.9,2,False,,,,
1518,0.9,2,False,,,,
1519,0.9,2,False,,,,
1520,0.9,2,False,,,,
1521,0.9,2,False,,,,
1522,0.9,2,False,,,,
1523,0.9,2,False,,,,
1524,0.9,2,False,,,,
1525,0.9,2,False,,,,
1526,0.9,2,False,,,,
1527,0.9,2,False,,,,
1528,0.9,2,False,,,,
1529,0.9,2,False,,,,
1530,0.9,2,False,,,,
1531,0.9,2,False,,,,
1532,0.9,2,False,,,,
1533,0.9,2,False,,,,
1534,0.9,2,False,,,,
1535,0.9,2,False,,,,
1536,0.9,2,False,,,,
1537,0.9,2,False,,,,
1538,0.85,3,False,,,,
1539,0.85,3,False,,,,
1540,0.85,3,False,,,,
1541,0.85,3,False,,,,
1542,0.85,3,False,,,,
1543,0.85,3,False,,,,
1544,0.85,3,False,,,,
1545,0.85,3,False,,,,
1546,0.85,3,False,,,,
1547,0.85,3,False,,,,
1548,0.85,3,False,,,,
1549,0.85,3,False,,,,
1550,0.85,3,False,,,,
1551,0.85,3,False,,,,
1552,0.85,3,False,,,,
1553,0.85,3,False,,,,
1554,0.85,3,False,,,,
1555,0.85,3,False,,,,
1556,0.85,3,False,,,,
1557,0.85,3,False,,,,
1558,0.85,3,False,,,,
1559,0.85,3,False,,,,
1560,0.85,3,False,,,,
1561,0.85,3,False,,,,
1562,0.85,3,False,,,,
1563,0.85,3,False,,,,
1564,0.85,3,False,,,,
1565,0.85,3,False,,,,
1566,0.85,3,False,,,,
1567,0.85,3,False,,,,
1568,0.85,3,False,,,,
1569,0.85,3,False,,,,
1570,0.85,3,False,,,,
1571,0.85,3,False,,,,
1572,0.85,3,False,,,,
1573,0.85,3,False,,,,
1574,0.85,3,False,,,,
1575,0.85,3,False,,,,
1576,0.85,3,False,,,,
1577,0.85,3,False,,,,
1578,0.85,3,False,,,,
1579,0.9,2,False,,,,
1580,0.9,2,False,,,,
1581,0.9,2,False,,,,
1582,0.9,2,False,,,,
1583,0.9,2,False,,,,
1584,0.9,2,False,,,,
1585,0.9,2,False,,,,
1586,0.9,2,False,,,,
1587,0.9,2,False,,,,
1588,0.9,2,False,,,,
1589,0.9,2,False,,,,
1590,0.9,2,False,,,,
1591,0.9,2,False,,,,
1592,0.9,2,False,,,,
1593,0.9,2,False,,,,
1594,0.9,2,False,,,,
1595,0.9,2,False,,,,
1596,0.95,1,False,,,,
1597,0.9,2,False,,,,
1598,0.9,2,False,,,,
1599,0.85,3,False,,,,
1600,0.85,3,False,,,,
1601,0.85,3,False,,,,
1602,0.85,3,False,,,,
1603,0.85,3,False,,,,
1604,0.85,3,False,,,,
1605,0.85,3,False,,,,
1606,0.85,3,False,,,,
1607,0.85,3,False,,,,
1608,0.85,3,False,,,,
1609,0.85,3,False,,,,
1610,0.95,1,False,,,,
1611,0.95,1,False,,,,
1612,0.95,1,False,,,,
1613,0.9,2,False,,,,
1614,0.9,2,False,,,,
1615,0.85,3,False,,,,
1616,0.85,3,False,,,,
1617,0.85,3,False,,,,
1618,0.85,3,False,,,,
1619,0.85,3,False,,,,
1620,0.85,3,False,,,,
1621,0.9,2,False,,,,
1622,0.95,1,False,,,,
1623,0.95,1,False,,,,
1624,0.95,1,False,,,,
1625,0.95,1,False,,,,
1626,0.95,1,False,,,,
1627,0.9,2,False,,,,
1628,0.9,2,False,,,,
1629,0.9,2,False,,,,
1630,0.9,2,False,,,,
1631,0.9,2,False,,,,
1632,0.9,2,False,,,,
1633,0.9,2,False,,,,
1634,0.9,2,False,,,,
1635,0.9,2,False,,,,
1636,0.9,2,False,,,,
1637,0.9,2,False,,,,
1638,0.9,2,False,,,,
1639,0.9,2,False,,,,
1640,0.9,2,False,,,,
1641,0.9,2,False,,,,
1642,0.9,2,False,,,,
1643,0.95,1,False,,,,
1644,0.95,1,False,,,,
1645,0.95,1,False,,,,
1646,0.95,1,False,,,,
1647,0.9,2,False,,,,
1648,0.9,2,False,,,,
1649,0.9,2,False,,,,
1650,0.9,2,False,,,,
1651,0.9,2,False,,,,
1652,0.9,2,False,,,,
1653,0.9,2,False,,,,
1654,0.9,2,False,,,,
1655,0.9,2,False,,,,
1656,0.9,2,False,,,,
1657,0.9,2,False,,,,
1658,0.9,2,False,,,,
1659,0.9,2,False,,,,
1660,0.9,2,False,,,,
1661,0.9,2,False,,,,
1662,0.9,2,False,,,,
1663,0.9,2,False,,,,
1664,0.9,2,False,,,,
1665,0.9,2,False,,,,
1666,0.9,2,False,,,,
1667,0.9,2,False,,,,
1668,0.9,2,False,,,,
1669,0.95,1,False,,,,
1670,0.95,1,False,,,,
1671,0.95,1,False,,,,
1672,0.95,1,False,,,,
1673,0.9,2,False,,,,
1674,0.9,2,False,,,,
1675,0.9,2,False,,,,
1676,0.9,2,False,,,,
1677,0.9,2,False,,,,
1678,0.9,2,False,,,,
1679,0.9,2,False,,,,
1680,0.9,2,False,,,,
1681,0.9,2,False,,,,
1682,0.9,2,False,,,,
1683,0.9,2,False,,,,
1684,0.9,2,False,,,,
1685,0.9,2,False,,,,
1686,0.9,2,False,,,,
1687,0.9,2,False,,,,
1688,0.9,2,False,,,,
1689,0.9,2,False,,,,
1690,0.9,2,False,,,,
1691,0.9,2,False,,,,
1692,0.9,2,False,,,,
1693,0.9,2,False,,,,
1694,0.9,2,False,,,,
1695,0.9,2,False,,,,
1696,0.9,2,False,,,,
1697,0.9,2,False,,,,
1698,0.9,2,False,,,,
1699,0.9,2,False,,,,
1700,0.9,2,False,,,,
1701,0.9,2,False,,,,
1702,0.9,2,False,,,,
1703,0.9,2,False,,,,
1704,0.9,2,False,,,,
1705,0.9,2,False,,,,
1706,0.9,2,False,,,,
1707,0.9,2,False,,,,
1708,0.9,2,False,,,,
1709,0.9,2,False,,,,
1710,0.9,2,False,,,,
1711,0.9,2,False,,,,
1712,0.9,2,False,,,,
1713,0.9,2,False,,,,
1714,0.9,2,False,,,,
1715,0.9,2,False,,,,
1716,0.95,1,False,,,,
1717,0.95,1,False,,,,
1718,0.95,1,False,,,,
1719,0.95,1,False,,,,
1720,0.95,1,False,,,,
1721,0.95,1,False,,,,
1722,0.95,1,False,,,,
1723,0.95,1,False,,,,
1724,0.95,1,False,,,,
1725,0.95,1,False,,,,
1726,0.95,1,False,,,,
1727,0.95,1,False,,,,
1728,0.95,1,False,,,,
1729,0.95,1,False,,,,
1730,0.95,1,False,,,,
1731,0.95,1,False,,,,
1732,0.95,1,False,,,,
1733,0.9,2,False,,,,
1734,0.9,2,False,,,,
1735,0.9,2,False,,,,
1736,0.9,2,False,,,,
1737,0.9,2,False,,,,
1738,0.85,3,False,,,,
1739,0.85,3,False,,,,
1740,0.85,3,False,,,,
1741,0.85,3,False,,,,
1742,0.85,3,False,,,,
1743,0.85,3,False,,,,
1744,0.85,3,False,,,,
1745,0.85,3,False,,,,
1746,0.9,2,False,,,,
1747,0.9,2,False,,,,
1748,0.95,1,False,,,,
1749,0.95,1,False,,,,
1750,0.9,2,False,,,,
1751,0.85,3,False,,,,
1752,0.85,3,False,,,,
1753,0.85,3,False,,,,
1754,0.85,3,False,,,,
1755,0.85,3,False,,,,
1756,0.9,2,False,,,,
1757,0.9,2,False,,,,
1758,0.9,2,False,,,,
1759,0.9,2,False,,,,
1760,0.9,2,False,,,,
1761,0.9,2,False,,,,
1762,0.95,1,False,,,,
1763,0.95,1,False,,,,
1764,0.95,1,False,,,,
1765,0.95,1,False,,,,
1766,0.95,1,False,,,,
1767,0.9,2,False,,,,
1768,0.9,2,False,,,,
1769,0.9,2,False,,,,
1770,0.9,2,False,,,,
1771,0.9,2,False,,,,
1772,0.9,2,False,,,,
1773,0.9,2,False,,,,
1774,0.9,2,False,,,,
1775,0.9,2,False,,,,
1776,0.9,2,False,,,,
1777,0.9,2,False,,,,
1778,0.9,2,False,,,,
1779,0.9,2,False,,,,
1780,0.9,2,False,,,,
1781,0.95,1,False,,,,
1782,0.95,1,False,,,,
1783,0.85,3,False,,,,
1784,0.85,3,False,,,,
1785,0.85,3,False,,,,
1786,0.85,3,False,,,,
1787,0.85,3,False,,,,
1788,0.85,3,False,,,,
1789,0.85,3,False,,,,
1790,0.85,3,False,,,,
1791,0.9,2,False,,,,
1792,0.9,2,False,,,,
1793,0.9,2,False,,,,
1794,0.9,2,False,,,,
1795,0.9,2,False,,,,
1796,0.9,2,False,,,,
1797,0.9,2,False,,,,
1798,0.9,2,False,,,,
1799,0.9,2,False,,,,
1800,0.9,2,False,,,,
1801,0.9,2,False,,,,
1802,0.9,2,False,,,,
1803,0.9,2,False,,,,
1804,0.9,2,False,,,,
1805,0.9,2,False,,,,
1806,0.9,2,False,,,,
1807,0.9,2,False,,,,
1808,0.9,2,False,,,,
1809,0.9,2,False,,,,
1810,0.9,2,False,,,,
1811,0.85,3,False,,,,
1812,0.85,3,False,,,,
1813,0.85,3,False,,,,
1814,0.85,3,False,,,,
1815,0.85,3,False,,,,
1816,0.85,3,False,,,,
1817,0.85,3,False,,,,
1818,0.85,3,False,,,,
1819,0.85,3,False,,,,
1820,0.85,3,False,,,,
1821,0.85,3,False,,,,
1822,0.85,3,False,,,,
1823,0.85,3,False,,,,
1824,0.85,3,False,,,,
1825,0.85,3,False,,,,
1826,0.85,3,False,,,,
1827,0.85,3,False,,,,
1828,0.85,3,False,,,,
1829,0.85,3,False,,,,
1830,0.85,3,False,,,,
1831,0.85,3,False,,,,
1832,0.85,3,False,,,,
1833,0.9,2,False,,,,
1834,0.9,2,False,,,,
1835,0.95,1,False,,,,
1836,0.9,2,False,,,,
1837,0.9,2,False,,,,
1838,0.9,2,False,,,,
1839,0.9,2,False,,,,
1840,0.85,3,False,,,,
1841,0.85,3,False,,,,
1842,0.85,3,False,,,,
1843,0.85,3,False,,,,
1844,0.85,3,False,,,,
1845,0.85,3,False,,,,
1846,0.85,3,False,,,,
1847,0.85,3,False,,,,
1848,0.85,3,False,,,,
1849,0.85,3,False,,,,
1850,0.85,3,False,,,,
1851,0.85,3,False,,,,
1852,0.85,3,False,,,,
1853,0.85,3,False,,,,
1854,0.95,1,False,,,,
1855,0.95,1,False,,,,
1856,0.95,1,False,,,,
1857,0.95,1,False,,,,
1858,0.95,1,False,,,,
1859,0.9,2,False,,,,
1860,0.9,2,False,,,,
1861,0.9,2,False,,,,
1862,0.9,2,False,,,,
1863,0.85,3,False,,,,
1864,0.85,3,False,,,,
1865,0.85,3,False,,,,
1866,0.85,3,False,,,,
1867,0.85,3,False,,,,
1868,0.85,3,False,,,,
1869,0.85,3,False,,,,
1870,0.85,3,False,,,,
1871,0.85,3,False,,,,
1872,0.85,3,False,,,,
1873,0.85,3,False,,,,
1874,0.85,3,False,,,,
1875,0.85,3,False,,,,
1876,0.85,3,False,,,,
1877,0.85,3,False,,,,
1878,0.9,2,False,,,,
1879,0.9,2,False,,,,
1880,0.9,2,False,,,,
1881,0.95,1,False,,,,
1882,0.95,1,False,,,,
1883,0.95,1,False,,,,
1884,0.95,1,False,,,,
1885,0.95,1,False,,,,
1886,0.95,1,False,,,,
1887,0.95,1,False,,,,
1888,0.95,1,False,,,,
1889,0.95,1,False,,,,
1890,0.95,1,False,,,,
1891,0.95,1,False,,,,
1892,0.95,1,False,,,,
1893,0.95,1,False,,,,
1894,0.95,1,False,,,,
1895,0.95,1,False,,,,
1896,0.95,1,False,,,,
1897,0.95,1,False,,,,
1898,0.95,1,False,,,,
1899,0.95,1,False,,,,
1900,0.95,1,False,,,,
1901,0.95,1,False,,,,
1902,0.9,2,False,,,,
1903,0.9,2,False,,,,
1904,0.85,3,False,,,,
1905,0.85,3,False,,,,
1906,0.85,3,False,,,,
1907,0.85,3,False,,,,
1908,0.85,3,False,,,,
1909,0.85,3,False,,,,
1910,0.85,3,False,,,,
1911,0.85,3,False,,,,
1912,0.85,3,False,,,,
1913,0.85,3,False,,,,
1914,0.85,3,False,,,,
1915,0.85,3,False,,,,
1916,0.85,3,False,,,,
1917,0.85,3,False,,,,
1918,0.9,2,False,,,,
1919,0.9,2,False,,,,
1920,0.9,2,False,,,,
1921,0.9,2,False,,,,
1922,0.9,2,False,,,,
1923,0.9,2,False,,,,
1924,0.9,2,False,,,,
1925,0.9,2,False,,,,
1926,0.85,3,False,,,,
1927,0.85,3,False,,,,
1928,0.85,3,False,,,,
1929,0.85,3,False,,,,
1930,0.85,3,False,,,,
1931,0.85,3,False,,,,
1932,0.9,2,False,,,,
1933,0.85,3,False,,,,
1934,0.85,3,False,,,,
1935,0.85,3,False,,,,
1936,0.85,3,False,,,,
1937,0.85,3,False,,,,
1938,0.85,3,False,,,,
1939,0.85,3,False,,,,
1940,0.9,2,False,,,,
1941,0.9,2,False,,,,
1942,0.85,3,False,,,,
1943,0.9,2,False,,,,
1944,0.9,2,False,,,,
1945,0.9,2,False,,,,
1946,0.85,3,False,,,,
1947,0.85,3,False,,,,
1948,0.8,4,False,,,,
1949,0.8,4,False,,,,
1950,0.8,4,False,,,,
1951,0.8,4,False,,,,
1952,0.8,4,False,,,,
1953,0.8,4,False,,,,
1954,0.8,4,False,,,,
1955,0.8,4,False,,,,
1956,0.8,4,False,,,,
1957,0.8,4,False,,,,
1958,0.8,4,False,,,,
1959,0.8,4,False,,,,
1960,0.8,4,False,,,,
1961,0.8,4,False,,,,
1962,0.8,4,False,,,,
1963,0.8,4,False,,,,
1964,0.9,2,False,,,,
1965,0.9,2,False,,,,
1966,0.9,2,False,,,,
1967,0.9,2,False,,,,
1968,0.9,2,False,,,,
1969,0.9,2,False,,,,
1970,0.9,2,False,,,,
1971,0.9,2,False,,,,
1972,0.9,2,False,,,,
1973,0.85,3,False,,,,
1974,0.9,2,False,,,,
1975,0.9,2,False,,,,
1976,0.9,2,False,,,,
1977,0.9,2,False,,,,
1978,0.9,2,False,,,,
1979,0.9,2,False,,,,
1980,0.9,2,False,,,,
1981,0.9,2,False,,,,
1982,0.9,2,False,,,,
1983,0.9,2,False,,,,
1984,0.9,2,False,,,,
1985,0.9,2,False,,,,
1986,0.9,2,False,,,,
1987,0.9,2,False,,,,
1988,0.9,2,False,,,,
1989,0.9,2,False,,,,
1990,0.9,2,False,,,,
1991,0.9,2,False,,,,
1992,0.9,2,False,,,,
1993,0.9,2,False,,,,
1994,0.9,2,False,,,,
1995,0.9,2,False,,,,
1996,0.9,2,False,,,,
1997,0.9,2,False,,,,
1998,0.9,2,False,,,,
1999,0.9,2,False,,,,
2000,0.9,2,False,,,,
2001,0.85,3,False,,,,
2002,0.85,3,False,,,,
2003,0.85,3,False,,,,
2004,0.85,3,False,,,,
2005,0.8,4,False,,,,
2006,0.8,4,False,,,,
2007,0.8,4,False,,,,
2008,0.8,4,False,,,,
2009,0.8,4,False,,,,
2010,0.85,3,False,,,,
2011,0.8,4,False,,,,
2012,0.8,4,False,,,,
2013,0.8,4,False,,,,
2014,0.8,4,False,,,,
2015,0.8,4,False,,,,
2016,0.8,4,False,,,,
2017,0.8,4,False,,,,
2018,0.8,4,False,,,,
2019,0.8,4,False,,,,
2020,0.8,4,False,,,,
2021,0.8,4,False,,,,
2022,0.8,4,False,,,,
2023,0.85,3,False,,,,
2024,0.9,2,False,,,,
2025,0.9,2,False,,,,
2026,0.9,2,False,,,,
2027,0.9,2,False,,,,
2028,0.9,2,False,,,,
2029,0.9,2,False,,,,
2030,0.9,2,False,,,,
2031,0.9,2,False,,,,
2032,0.9,2,False,,,,
2033,0.85,3,False,,,,
2034,0.85,3,False,,,,
2035,0.8,4,False,,,,
2036,0.8,4,False,,,,
2037,0.8,4,False,,,,
2038,0.8,4,False,,,,
2039,0.8,4,False,,,,
2040,0.8,4,False,,,,
2041,0.8,4,False,,,,
2042,0.8,4,False,,,,
2043,0.8,4,False,,,,
2044,0.8,4,False,,,,
2045,0.8,4,False,,,,
2046,0.8,4,False,,,,
2047,0.8,4,False,,,,
2048,0.8,4,False,,,,
2049,0.8,4,False,,,,
2050,0.8,4,False,,,,
2051,0.8,4,False,,,,
2052,0.8,4,False,,,,
2053,0.8,4,False,,,,
2054,0.8,4,False,,,,
2055,0.8,4,False,,,,
2056,0.9,2,False,,,,
2057,0.9,2,False,,,,
2058,0.9,2,False,,,,
2059,0.9,2,False,,,,
2060,0.9,2,False,,,,
2061,0.9,2,False,,,,
2062,0.9,2,False,,,,
2063,0.9,2,False,,,,
2064,0.9,2,False,,,,
2065,0.9,2,False,,,,
2066,0.9,2,False,,,,
2067,0.9,2,False,,,,
2068,0.9,2,False,,,,
2069,0.9,2,False,,,,
2070,0.9,2,False,,,,
2071,0.9,2,False,,,,
2072,0.9,2,False,,,,
2073,0.9,2,False,,,,
2074,0.9,2,False,,,,
2075,0.9,2,False,,,,
2076,0.9,2,False,,,,
2077,0.9,2,False,,,,
2078,0.9,2,False,,,,
2079,0.9,2,False,,,,
2080,0.9,2,False,,,,
2081,0.9,2,False,,,,
2082,0.9,2,False,,,,
2083,0.9,2,False,,,,
2084,0.9,2,False,,,,
2085,0.9,2,False,,,,
2086,0.9,2,False,,,,
2087,0.9,2,False,,,,
2088,0.9,2,False,,,,
2089,0.9,2,False,,,,
2090,0.9,2,False,,,,
2091,0.9,2,False,,,,
2092,0.95,1,False,,,,
2093,0.95,1,False,,,,
2094,0.9,2,False,,,,
2095,0.9,2,False,,,,
2096,0.9,2,False,,,,
2097,0.9,2,False,,,,
2098,0.8,4,False,,,,
2099,0.8,4,False,,,,
2100,0.8,4,False,,,,
2101,0.8,4,False,,,,
2102,0.8,4,False,,,,
2103,0.8,4,False,,,,
2104,0.8,4,False,,,,
2105,0.8,4,False,,,,
2106,0.8,4,False,,,,
2107,0.8,4,False,,,,
2108,0.8,4,False,,,,
2109,0.8,4,False,,,,
2110,0.8,4,False,,,,
2111,0.9,2,False,,,,
2112,0.9,2,False,,,,
2113,0.9,2,False,,,,
2114,0.9,2,False,,,,
2115,0.9,2,False,,,,
2116,0.9,2,False,,,,
2117,0.85,3,False,,,,
2118,0.8,4,False,,,,
2119,0.8,4,False,,,,
2120,0.8,4,False,,,,
2121,0.8,4,False,,,,
2122,0.8,4,False,,,,
2123,0.8,4,False,,,,
2124,0.8,4,False,,,,
2125,0.8,4,False,,,,
2126,0.8,4,False,,,,
2127,0.8,4,False,,,,
2128,0.8,4,False,,,,
2129,0.85,3,False,,,,
2130,0.85,3,False,,,,
2131,0.85,3,False,,,,
2132,0.85,3,False,,,,
2133,0.85,3,False,,,,
2134,0.95,1,False,,,,
2135,0.95,1,False,,,,
2136,0.95,1,False,,,,
2137,0.9,2,False,,,,
2138,0.8,4,False,,,,
2139,0.8,4,False,,,,
2140,0.8,4,False,,,,
2141,0.8,4,False,,,,
2142,0.8,4,False,,,,
2143,0.8,4,False,,,,
2144,0.8,4,False,,,,
2145,0.8,4,False,,,,
2146,0.8,4,False,,,,
2147,0.9,2,False,,,,
2148,0.8,4,False,,,,
2149,0.8,4,False,,,,
2150,0.8,4,False,,,,
2151,0.8,4,False,,,,
2152,0.8,4,False,,,,
2153,0.8,4,False,,,,
2154,0.8,4,False,,,,
2155,0.8,4,False,,,,
2156,0.9,2,False,,,,
2157,0.8,4,False,,,,
2158,0.8,4,False,,,,
2159,0.8,4,False,,,,
2160,0.85,3,False,,,,
2161,0.85,3,False,,,,
2162,0.85,3,False,,,,
2163,0.85,3,False,,,,
2164,0.85,3,False,,,,
2165,0.85,3,False,,,,
2166,0.85,3,False,,,,
2167,0.85,3,False,,,,
2168,0.85,3,False,,,,
2169,0.85,3,False,,,,
2170,0.85,3,False,,,,
2171,0.85,3,False,,,,
2172,0.85,3,False,,,,
2173,0.85,3,False,,,,
2174,0.85,3,False,,,,
2175,0.85,3,False,,,,
2176,0.85,3,False,,,,
2177,0.85,3,False,,,,
2178,0.85,3,False,,,,
2179,0.85,3,False,,,,
2180,0.85,3,False,,,,
2181,0.85,3,False,,,,
2182,0.85,3,False,,,,
2183,0.85,3,False,,,,
2184,0.85,3,False,,,,
2185,0.9,2,False,,,,
2186,0.9,2,False,,,,
2187,0.9,2,False,,,,
2188,0.9,2,False,,,,
2189,0.9,2,False,,,,
2190,0.9,2,False,,,,
2191,0.9,2,False,,,,
2192,0.9,2,False,,,,
2193,0.9,2,False,,,,
2194,0.9,2,False,,,,
2195,0.9,2,False,,,,
2196,0.9,2,False,,,,
2197,0.9,2,False,,,,
2198,0.9,2,False,,,,
2199,0.9,2,False,,,,
2200,0.95,1,False,,,,
2201,0.9,2,False,,,,
2202,0.9,2,False,,,,
2203,0.9,2,False,,,,
2204,0.9,2,False,,,,
2205,0.9,2,False,,,,
2206,0.9,2,False,,,,
2207,0.9,2,False,,,,
2208,0.9,2,False,,,,
2209,0.9,2,False,,,,
2210,0.9,2,False,,,,
2211,0.9,2,False,,,,
2212,0.9,2,False,,,,
2213,0.9,2,False,,,,
2214,0.9,2,False,,,,
2215,0.9,2,False,,,,
2216,0.9,2,False,,,,
2217,0.9,2,False,,,,
2218,0.9,2,False,,,,
2219,0.9,2,False,,,,
2220,0.9,2,False,,,,
2221,0.9,2,False,,,,
2222,0.9,2,False,,,,
2223,0.9,2,False,,,,
2224,0.9,2,False,,,,
2225,0.9,2,False,,,,
2226,0.9,2,False,,,,
2227,0.9,2,False,,,,
2228,0.85,3,False,,,,
2229,0.85,3,False,,,,
2230,0.8,4,False,,,,
2231,0.8,4,False,,,,
2232,0.8,4,False,,,,
2233,0.8,4,False,,,,
2234,0.8,4,False,,,,
2235,0.8,4,False,,,,
2236,0.8,4,False,,,,
2237,0.8,4,False,,,,
2238,0.8,4,False,,,,
2239,0.8,4,False,,,,
2240,0.8,4,False,,,,
2241,0.8,4,False,,,,
2242,0.8,4,False,,,,
2243,0.8,4,False,,,,
2244,0.85,3,False,,,,
2245,0.85,3,False,,,,
2246,0.85,3,False,,,,
2247,0.85,3,False,,,,
2248,0.8,4,False,,,,
2249,0.8,4,False,,,,
2250,0.8,4,False,,,,
2251,0.8,4,False,,,,
2252,0.8,4,False,,,,
2253,0.8,4,False,,,,
2254,0.8,4,False,,,,
2255,0.8,4,False,,,,
2256,0.75,5,True,0.41333333333333333,0.6,0.4229921134636,1.3709505944546687
2257,0.75,5,True,0.24000000000000002,0.4,0.4041199259095133,1.5219280948873621
2258,0.75,5,True,0.33999999999999997,0.6,0.4229921134636,1.3709505944546687
2259,0.75,5,True,0.35333333333333333,0.4,0.4041199259095133,1.5219280948873621
2260,0.75,5,True,0.16,0.2,0.46159367967902887,2.321928094887362
2261,0.9,2,False,,,,
2262,0.85,3,False,,,,
2263,0.85,3,False,,,,
2264,0.85,3,False,,,,
2265,0.85,3,False,,,,
2266,0.85,3,False,,,,
2267,0.75,5,True,0.26666666666666666,0.4,0.4436691855250421,1.9219280948873623
2268,0.75,5,True,0.32,0.4,0.4041199259095132,1.5219280948873621
2269,0.75,5,True,0.3333333333333333,0.6,0.4229921134636,1.3709505944546687
2270,0.75,5,True,0.2,0.4,0.4436691855250421,1.9219280948873623
2271,0.75,5,True,0.4533333333333333,0.8,0.3742690141061863,0.7219280948873623
2272,0.75,5,True,0.30666666666666664,0.4,0.4436691855250421,1.9219280948873623
2273,0.75,5,True,0.2533333333333333,0.4,0.4436691855250422,1.9219280948873623
2274,0.8,4,False,,,,
2275,0.8,4,False,,,,
2276,0.8,4,False,,,,
2277,0.9,2,False,,,,
2278,0.9,2,False,,,,
2279,0.9,2,False,,,,
2280,0.9,2,False,,,,
2281,0.85,3,False,,,,
2282,0.8,4,False,,,,
2283,0.8,4,False,,,,
2284,0.8,4,False,,,,
2285,0.8,4,False,,,,
2286,0.8,4,False,,,,
2287,0.8,4,False,,,,
2288,0.9,2,False,,,,
2289,0.9,2,False,,,,
2290,0.9,2,False,,,,
2291,0.95,1,False,,,,
2292,0.95,1,False,,,,
2293,0.95,1,False,,,,
2294,0.95,1,False,,,,
2295,0.8,4,False,,,,
2296,0.8,4,False,,,,
2297,0.75,5,True,0.19333333333333333,0.2,0.46159367967902887,2.321928094887362
2298,0.75,5,True,0.48000000000000004,0.6,0.4229921134636,1.3709505944546687
2299,0.75,5,True,0.15333333333333332,0.2,0.46159367967902887,2.321928094887362
2300,0.75,5,True,0.18000000000000002,0.4,0.4436691855250422,1.9219280948873623
2301,0.8,4,False,,,,
2302,0.95,1,False,,,,
2303,0.95,1,False,,,,
2304,0.95,1,False,,,,
2305,0.95,1,False,,,,
2306,0.95,1,False,,,,
2307,0.95,1,False,,,,
2308,0.95,1,False,,,,
2309,0.95,1,False,,,,
2310,0.95,1,False,,,,
2311,0.95,1,False,,,,
2312,0.95,1,False,,,,
2313,0.95,1,False,,,,
2314,0.95,1,False,,,,
2315,0.95,1,False,,,,
2316,0.95,1,False,,,,
2317,0.95,1,False,,,,
2318,0.9,2,False,,,,
2319,0.9,2,False,,,,
2320,0.9,2,False,,,,
2321,0.9,2,False,,,,
2322,0.9,2,False,,,,
2323,0.9,2,False,,,,
2324,0.9,2,False,,,,
2325,0.9,2,False,,,,
2326,0.9,2,False,,,,
2327,0.9,2,False,,,,
2328,0.9,2,False,,,,
2329,0.9,2,False,,,,
2330,0.9,2,False,,,,
2331,0.9,2,False,,,,
2332,0.9,2,False,,,,
2333,0.9,2,False,,,,
2334,0.9,2,False,,,,
2335,0.9,2,False,,,,
2336,0.9,2,False,,,,
2337,0.9,2,False,,,,
2338,0.9,2,False,,,,
2339,0.9,2,False,,,,
2340,0.85,3,False,,,,
2341,0.95,1,False,,,,
2342,0.95,1,False,,,,
2343,0.95,1,False,,,,
2344,0.95,1,False,,,,
2345,0.85,3,False,,,,
2346,0.85,3,False,,,,
2347,0.85,3,False,,,,
2348,0.85,3,False,,,,
2349,0.85,3,False,,,,
2350,0.85,3,False,,,,
2351,0.85,3,False,,,,
2352,0.85,3,False,,,,
2353,0.85,3,False,,,,
2354,0.85,3,False,,,,
2355,0.7,6,True,0.3422222222222222,0.5,0.38885477226300413,1.7924812503605778
2356,0.85,3,False,,,,
2357,0.85,3,False,,,,
2358,0.85,3,False,,,,
2359,0.85,3,False,,,,
2360,0.85,3,False,,,,
2361,0.85,3,False,,,,
2362,0.95,1,False,,,,
2363,0.95,1,False,,,,
2364,0.85,3,False,,,,
2365,0.85,3,False,,,,
2366,0.85,3,False,,,,
2367,0.85,3,False,,,,
2368,0.7,6,True,0.3422222222222222,0.5,0.38885477226300413,1.7924812503605778
2369,0.7,6,True,0.2977777777777778,0.5,0.340482362830567,1.4591479170272448
2370,0.7,6,True,0.2533333333333333,0.3333333333333333,0.3725991547047849,1.9182958340544893
2371,0.7,6,True,0.3244444444444445,0.5,0.38885477226300413,1.7924812503605778
2372,0.7,6,True,0.2,0.3333333333333333,0.3977554223658072,2.2516291673878226
2373,0.8,4,False,,,,
2374,0.8,4,False,,,,
2375,0.8,4,False,,,,
2376,0.7,6,True,0.28888888888888886,0.3333333333333333,0.3725991547047849,1.9182958340544893
2377,0.7,6,True,0.26666666666666666,0.3333333333333333,0.3725991547047849,1.9182958340544893
2378,0.7,6,True,0.28,0.3333333333333333,0.3977554223658072,2.2516291673878226
2379,0.7,6,True,0.2755555555555556,0.3333333333333333,0.3725991547047849,1.9182958340544893
2380,0.7,6,True,0.3111111111111111,0.6666666666666666,0.3716101752764803,1.2516291673878228
2381,0.7,6,True,0.28888888888888886,0.5,0.340482362830567,1.4591479170272448
2382,0.7,6,True,0.2755555555555556,0.3333333333333333,0.3977554223658072,2.2516291673878226
2383,0.7,6,True,0.20444444444444443,0.3333333333333333,0.3977554223658072,2.2516291673878226
2384,0.7,6,True,0.3422222222222222,0.5,0.340482362830567,1.4591479170272448
2385,0.7,6,True,0.32,0.5,0.340482362830567,1.4591479170272446
2386,0.7,6,True,0.3777777777777778,0.6666666666666666,0.3716101752764803,1.2516291673878228
2387,0.7,6,True,0.19555555555555557,0.3333333333333333,0.3977554223658072,2.2516291673878226
2388,0.7,6,True,0.36444444444444446,0.3333333333333333,0.32161017527648017,1.584962500721156
2389,0.7,6,True,0.2533333333333333,0.3333333333333333,0.3977554223658072,2.2516291673878226
2390,0.7,6,True,0.19111111111111112,0.16666666666666666,0.4098431814126551,2.584962500721156
2391,0.7,6,True,0.3022222222222222,0.5,0.38885477226300413,1.7924812503605778
2392,0.7,6,True,0.29333333333333333,0.3333333333333333,0.3725991547047849,1.9182958340544893
2393,0.7,6,True,0.3111111111111111,0.5,0.340482362830567,1.4591479170272448
2394,0.7,6,True,0.18666666666666665,0.3333333333333333,0.3977554223658072,2.2516291673878226
2395,0.7,6,True,0.36000000000000004,0.6666666666666666,0.27015330083790245,0.9182958340544896
2396,0.7,6,True,0.22666666666666666,0.3333333333333333,0.3725991547047849,1.9182958340544893
2397,0.85,3,False,,,,
2398,0.9,2,False,,,,
2399,0.9,2,False,,,,
2400,0.9,2,False,,,,
2401,0.9,2,False,,,,
2402,0.9,2,False,,,,
2403,0.9,2,False,,,,
2404,0.9,2,False,,,,
2405,0.9,2,False,,,,
2406,0.9,2,False,,,,
2407,0.85,3,False,,,,
2408,0.85,3,False,,,,
2409,0.85,3,False,,,,
2410,0.95,1,False,,,,
2411,0.95,1,False,,,,
2412,0.95,1,False,,,,
2413,0.95,1,False,,,,
2414,0.95,1,False,,,,
2415,0.95,1,False,,,,
2416,0.95,1,False,,,,
2417,0.9,2,False,,,,
2418,0.9,2,False,,,,
2419,0.9,2,False,,,,
2420,0.9,2,False,,,,
2421,0.9,2,False,,,,
2422,0.9,2,False,,,,
2423,0.9,2,False,,,,
2424,0.9,2,False,,,,
2425,0.9,2,False,,,,
2426,0.9,2,False,,,,
2427,0.8,4,False,,,,
2428,0.8,4,False,,,,
2429,0.8,4,False,,,,
2430,0.8,4,False,,,,
2431,0.8,4,False,,,,
2432,0.8,4,False,,,,
2433,0.8,4,False,,,,
2434,0.8,4,False,,,,
2435,0.95,1,False,,,,
2436,0.95,1,False,,,,
2437,0.95,1,False,,,,
2438,0.95,1,False,,,,
2439,0.8,4,False,,,,
2440,0.65,7,True,0.1714285714285714,0.2857142857142857,0.35289896413803834,2.5216406363433186
2441,0.65,7,True,0.2857142857142857,0.42857142857142855,0.32000568559205445,1.8423709931771088
2442,0.65,7,True,0.28253968253968254,0.42857142857142855,0.32000568559205445,1.8423709931771088
2443,0.65,7,True,0.21269841269841272,0.2857142857142857,0.33591211570119817,2.2359263506290326
2444,0.65,7,True,0.16825396825396824,0.2857142857142857,0.35289896413803834,2.5216406363433186
2445,0.65,7,True,0.24126984126984127,0.42857142857142855,0.35051363316910866,2.1280852788913944
2446,0.65,7,True,0.21269841269841272,0.2857142857142857,0.33591211570119817,2.2359263506290326
2447,0.65,7,True,0.28253968253968254,0.42857142857142855,0.32000568559205445,1.8423709931771088
2448,0.65,7,True,0.21587301587301588,0.2857142857142857,0.33591211570119817,2.2359263506290326
2449,0.65,7,True,0.19682539682539685,0.2857142857142857,0.3359121157011983,2.2359263506290326
2450,0.8,4,False,,,,
2451,0.8,4,False,,,,
2452,0.8,4,False,,,,
2453,0.8,4,False,,,,
2454,0.8,4,False,,,,
2455,0.8,4,False,,,,
2456,0.7,6,True,0.36444444444444446,0.6666666666666666,0.3716101752764803,1.2516291673878228
2457,0.7,6,True,0.2755555555555556,0.3333333333333333,0.3977554223658072,2.251629167387823
2458,0.7,6,True,0.16444444444444445,0.3333333333333333,0.3725991547047849,1.9182958340544893
2459,0.85,3,False,,,,
2460,0.7,6,True,0.29333333333333333,0.3333333333333333,0.3977554223658072,2.2516291673878226
2461,0.7,6,True,0.46222222222222226,0.6666666666666666,0.27015330083790245,0.9182958340544896
2462,0.7,6,True,0.24888888888888888,0.3333333333333333,0.3977554223658072,2.2516291673878226
2463,0.7,6,True,0.2577777777777778,0.3333333333333333,0.3725991547047849,1.9182958340544893
2464,0.7,6,True,0.26666666666666666,0.3333333333333333,0.3725991547047849,1.9182958340544893
2465,0.7,6,True,0.2711111111111111,0.5,0.38885477226300413,1.7924812503605778
2466,0.65,7,True,0.27936507936507937,0.42857142857142855,0.32000568559205445,1.8423709931771084
2467,0.65,7,True,0.26666666666666666,0.42857142857142855,0.32000568559205445,1.8423709931771084
2468,0.65,7,True,0.273015873015873,0.42857142857142855,0.35051363316910866,2.1280852788913944
2469,0.65,7,True,0.22222222222222224,0.2857142857142857,0.3037500680338353,1.9502120649147465
2470,0.65,7,True,0.21587301587301588,0.2857142857142857,0.33591211570119817,2.2359263506290326
2471,0.65,7,True,0.32380952380952377,0.42857142857142855,0.32000568559205445,1.8423709931771088
2472,0.65,7,True,0.24761904761904763,0.2857142857142857,0.33591211570119817,2.2359263506290326
2473,0.65,7,True,0.27936507936507937,0.42857142857142855,0.32000568559205445,1.8423709931771088
2474,0.7,6,True,0.2711111111111111,0.3333333333333333,0.3977554223658072,2.2516291673878226
2475,0.7,6,True,0.18222222222222223,0.3333333333333333,0.3977554223658072,2.2516291673878226
2476,0.7,6,True,0.31555555555555553,0.3333333333333333,0.3725991547047849,1.9182958340544896
2477,0.7,6,True,0.28,0.5,0.340482362830567,1.4591479170272448
2478,0.7,6,True,0.24444444444444444,0.3333333333333333,0.3725991547047849,1.9182958340544893
2479,0.7,6,True,0.23111111111111113,0.3333333333333333,0.3977554223658072,2.2516291673878226
2480,0.7,6,True,0.2755555555555556,0.3333333333333333,0.32161017527648017,1.584962500721156
2481,0.7,6,True,0.24000000000000002,0.3333333333333333,0.3725991547047849,1.9182958340544896
2482,0.7,6,True,0.31555555555555553,0.3333333333333333,0.3725991547047849,1.9182958340544896
2483,0.7,6,True,0.46222222222222226,0.6666666666666666,0.27015330083790245,0.9182958340544896
2484,0.7,6,True,0.23555555555555555,0.3333333333333333,0.3977554223658072,2.2516291673878226
2485,0.7,6,True,0.3288888888888889,0.5,0.340482362830567,1.4591479170272448
2486,0.7,6,True,0.2622222222222222,0.3333333333333333,0.3725991547047849,1.9182958340544893
2487,0.75,5,True,0.28,0.2,0.46159367967902887,2.321928094887362
2488,0.75,5,True,0.2,0.4,0.4436691855250422,1.9219280948873623
2489,0.9,2,False,,,,
2490,0.9,2,False,,,,
2491,0.9,2,False,,,,
2492,0.9,2,False,,,,
2493,0.9,2,False,,,,
2494,0.9,2,False,,,,
2495,0.9,2,False,,,,
2496,0.9,2,False,,,,
2497,0.9,2,False,,,,
2498,0.9,2,False,,,,
2499,0.9,2,False,,,,
2500,0.9,2,False,,,,
2501,0.9,2,False,,,,
2502,0.9,2,False,,,,
2503,0.7,6,True,0.4666666666666667,0.8333333333333334,0.32093180423165557,0.6500224216483541
2504,0.7,6,True,0.2,0.3333333333333333,0.3725991547047849,1.9182958340544893
2505,0.75,5,True,0.3,0.4,0.4436691855250422,1.9219280948873623
2506,0.75,5,True,0.18000000000000002,0.4,0.4436691855250422,1.9219280948873623
2507,0.8,4,False,,,,
2508,0.7,6,True,0.29333333333333333,0.5,0.38885477226300413,1.7924812503605778
2509,0.7,6,True,0.26666666666666666,0.3333333333333333,0.3725991547047849,1.9182958340544893
2510,0.7,6,True,0.32,0.5,0.38885477226300413,1.7924812503605778
2511,0.7,6,True,0.23555555555555555,0.3333333333333333,0.3977554223658072,2.2516291673878226
2512,0.8,4,False,,,,
2513,0.8,4,False,,,,
2514,0.8,4,False,,,,
2515,0.9,2,False,,,,
2516,0.9,2,False,,,,
2517,0.7,6,True,0.22222222222222224,0.3333333333333333,0.3977554223658072,2.2516291673878226
2518,0.7,6,True,0.2755555555555556,0.5,0.388854772263004,1.792481250360578
2519,0.7,6,True,0.4,0.5,0.340482362830567,1.4591479170272446
2520,0.65,7,True,0.18730158730158727,0.2857142857142857,0.33591211570119817,2.2359263506290326
2521,0.65,7,True,0.24444444444444444,0.2857142857142857,0.33591211570119817,2.2359263506290326
2522,0.65,7,True,0.2761904761904762,0.2857142857142857,0.3359121157011983,2.2359263506290326
2523,0.65,7,True,0.3111111111111111,0.42857142857142855,0.32000568559205445,1.8423709931771084
2524,0.65,7,True,0.2761904761904762,0.2857142857142857,0.33591211570119817,2.2359263506290326
2525,0.7,6,True,0.2533333333333333,0.3333333333333333,0.3977554223658072,2.2516291673878226
2526,0.7,6,True,0.2577777777777778,0.3333333333333333,0.3725991547047849,1.9182958340544893
2527,0.7,6,True,0.2,0.16666666666666666,0.4098431814126551,2.584962500721156
2528,0.7,6,True,0.38666666666666666,0.6666666666666666,0.3716101752764803,1.2516291673878228
2529,0.8,4,False,,,,
2530,0.8,4,False,,,,
2531,0.8,4,False,,,,
2532,0.8,4,False,,,,
2533,0.95,1,False,,,,
2534,0.95,1,False,,,,
2535,0.95,1,False,,,,
2536,0.95,1,False,,,,
2537,0.7,6,True,0.2533333333333333,0.5,0.38885477226300413,1.7924812503605778
2538,0.65,7,True,0.35238095238095235,0.5714285714285714,0.3468177238411746,1.6644977792004614
2539,0.65,7,True,0.20952380952380953,0.2857142857142857,0.35289896413803834,2.521640636343318
2540,0.65,7,True,0.2634920634920635,0.2857142857142857,0.3037500680338353,1.950212064914747
2541,0.65,7,True,0.30158730158730157,0.5714285714285714,0.3468177238411746,1.6644977792004614
2542,0.65,7,True,0.27936507936507937,0.2857142857142857,0.3037500680338352,1.9502120649147465
2543,0.65,7,True,0.2571428571428572,0.5714285714285714,0.3468177238411746,1.6644977792004614
2544,0.65,7,True,0.25396825396825395,0.42857142857142855,0.32000568559205445,1.8423709931771088
2545,0.65,7,True,0.32380952380952377,0.42857142857142855,0.27942323606034725,1.4488156357251847
2546,0.65,7,True,0.40634920634920635,0.42857142857142855,0.26055104850626043,1.5566567074628228
2547,0.65,7,True,0.3206349206349206,0.2857142857142857,0.35289896413803834,2.5216406363433186
2548,0.65,7,True,0.19682539682539685,0.42857142857142855,0.35051363316910866,2.1280852788913944
2549,0.65,7,True,0.3111111111111111,0.42857142857142855,0.32000568559205445,1.8423709931771088
2550,0.65,7,True,0.28253968253968254,0.42857142857142855,0.32000568559205445,1.8423709931771084
2551,0.65,7,True,0.21587301587301588,0.2857142857142857,0.33591211570119817,2.2359263506290326
2552,0.8,4,False,,,,
2553,0.8,4,False,,,,
2554,0.8,4,False,,,,
2555,0.65,7,True,0.21904761904761905,0.2857142857142857,0.33591211570119817,2.2359263506290326
2556,0.7,6,True,0.24444444444444444,0.3333333333333333,0.3725991547047849,1.9182958340544893
2557,0.85,3,False,,,,
2558,0.85,3,False,,,,
2559,0.85,3,False,,,,
2560,0.95,1,False,,,,
2561,0.95,1,False,,,,
2562,0.95,1,False,,,,
2563,0.85,3,False,,,,
2564,0.85,3,False,,,,
2565,0.85,3,False,,,,
2566,0.85,3,False,,,,
2567,0.85,3,False,,,,
2568,0.85,3,False,,,,
2569,0.85,3,False,,,,
2570,0.85,3,False,,,,
2571,0.85,3,False,,,,
2572,0.85,3,False,,,,
2573,0.85,3,False,,,,
2574,0.85,3,False,,,,
2575,0.85,3,False,,,,
2576,0.85,3,False,,,,
2577,0.85,3,False,,,,
2578,0.85,3,False,,,,
2579,0.65,7,True,0.16507936507936508,0.2857142857142857,0.33591211570119817,2.2359263506290326
2580,0.65,7,True,0.2380952380952381,0.42857142857142855,0.35051363316910866,2.1280852788913944
2581,0.7,6,True,0.2622222222222222,0.5,0.38885477226300413,1.7924812503605778
2582,0.7,6,True,0.18666666666666665,0.3333333333333333,0.3725991547047849,1.9182958340544893
2583,0.7,6,True,0.3511111111111111,0.5,0.340482362830567,1.4591479170272448
2584,0.8,4,False,,,,
2585,0.7,6,True,0.18666666666666665,0.3333333333333333,0.3977554223658072,2.2516291673878226
2586,0.7,6,True,0.19555555555555557,0.3333333333333333,0.3977554223658072,2.2516291673878226
2587,0.7,6,True,0.22666666666666666,0.3333333333333333,0.3725991547047849,1.9182958340544893
2588,0.7,6,True,0.38222222222222224,0.5,0.340482362830567,1.4591479170272446
2589,0.7,6,True,0.43555555555555553,0.6666666666666666,0.3716101752764803,1.2516291673878228
2590,0.7,6,True,0.2577777777777778,0.5,0.38885477226300413,1.7924812503605778
2591,0.65,7,True,0.2634920634920635,0.5714285714285714,0.3468177238411746,1.6644977792004614
2592,0.65,7,True,0.30476190476190473,0.5714285714285714,0.3468177238411746,1.6644977792004614
2593,0.65,7,True,0.33968253968253964,0.42857142857142855,0.32000568559205445,1.8423709931771084
2594,0.65,7,True,0.18095238095238095,0.14285714285714285,0.3611192406347826,2.807354922057604
2595,0.65,7,True,0.2634920634920635,0.5714285714285714,0.3468177238411746,1.6644977792004614
2596,0.65,7,True,0.2857142857142857,0.2857142857142857,0.3359121157011983,2.2359263506290326
2597,0.65,7,True,0.2634920634920635,0.2857142857142857,0.33591211570119817,2.2359263506290326
2598,0.95,1,False,,,,
2599,0.95,1,False,,,,
2600,0.95,1,False,,,,
2601,0.95,1,False,,,,
2602,0.95,1,False,,,,
2603,0.95,1,False,,,,
2604,0.8,4,False,,,,
2605,0.8,4,False,,,,
2606,0.8,4,False,,,,
2607,0.8,4,False,,,,
2608,0.8,4,False,,,,
2609,0.8,4,False,,,,
2610,0.8,4,False,,,,
2611,0.8,4,False,,,,
2612,0.8,4,False,,,,
2613,0.85,3,False,,,,
2614,0.85,3,False,,,,
2615,0.85,3,False,,,,
2616,0.85,3,False,,,,
2617,0.85,3,False,,,,
2618,0.85,3,False,,,,
2619,0.85,3,False,,,,
2620,0.85,3,False,,,,
2621,0.95,1,False,,,,
2622,0.95,1,False,,,,
2623,0.95,1,False,,,,
2624,0.95,1,False,,,,
2625,0.95,1,False,,,,
2626,0.85,3,False,,,,
2627,0.85,3,False,,,,
2628,0.95,1,False,,,,
2629,0.95,1,False,,,,
2630,0.85,3,False,,,,
2631,0.85,3,False,,,,
2632,0.85,3,False,,,,
2633,0.85,3,False,,,,
2634,0.85,3,False,,,,
2635,0.85,3,False,,,,
2636,0.85,3,False,,,,
2637,0.9,2,False,,,,
2638,0.9,2,False,,,,
2639,0.9,2,False,,,,
2640,0.9,2,False,,,,
2641,0.85,3,False,,,,
2642,0.85,3,False,,,,
2643,0.85,3,False,,,,
2644,0.7,6,True,0.2622222222222222,0.5,0.38885477226300413,1.7924812503605778
2645,0.75,5,True,0.2,0.4,0.4436691855250422,1.9219280948873623
2646,0.75,5,True,0.26,0.4,0.4041199259095133,1.5219280948873621
2647,0.75,5,True,0.35333333333333333,0.4,0.4041199259095133,1.5219280948873621
2648,0.8,4,False,,,,
2649,0.8,4,False,,,,
2650,0.8,4,False,,,,
2651,0.8,4,False,,,,
2652,0.8,4,False,,,,
2653,0.8,4,False,,,,
2654,0.8,4,False,,,,
2655,0.8,4,False,,,,
2656,0.7,6,True,0.19111111111111112,0.16666666666666666,0.4098431814126551,2.584962500721156
2657,0.7,6,True,0.38222222222222224,0.6666666666666666,0.3716101752764802,1.2516291673878228
2658,0.8,4,False,,,,
2659,0.8,4,False,,,,
2660,0.8,4,False,,,,
2661,0.8,4,False,,,,
2662,0.8,4,False,,,,
2663,0.8,4,False,,,,
2664,0.8,4,False,,,,
2665,0.8,4,False,,,,
2666,0.8,4,False,,,,
2667,0.8,4,False,,,,
2668,0.8,4,False,,,,
2669,0.8,4,False,,,,
2670,0.8,4,False,,,,
2671,0.8,4,False,,,,
2672,0.75,5,True,0.24000000000000002,0.2,0.46159367967902887,2.321928094887362
2673,0.7,6,True,0.3022222222222222,0.5,0.38885477226300413,1.7924812503605778
2674,0.8,4,False,,,,
2675,0.8,4,False,,,,
2676,0.95,1,False,,,,
2677,0.95,1,False,,,,
2678,0.95,1,False,,,,
2679,0.95,1,False,,,,
2680,0.95,1,False,,,,
2681,0.95,1,False,,,,
2682,0.95,1,False,,,,
2683,0.95,1,False,,,,
2684,0.95,1,False,,,,
2685,0.95,1,False,,,,
2686,0.95,1,False,,,,
2687,0.7,6,True,0.20888888888888887,0.3333333333333333,0.3977554223658072,2.2516291673878226
2688,0.7,6,True,0.20888888888888887,0.3333333333333333,0.3977554223658072,2.2516291673878226
2689,0.7,6,True,0.22666666666666666,0.3333333333333333,0.3725991547047849,1.9182958340544893
2690,0.7,6,True,0.32,0.5,0.388854772263004,1.792481250360578
2691,0.7,6,True,0.29333333333333333,0.5,0.340482362830567,1.4591479170272448
2692,0.7,6,True,0.3111111111111111,0.3333333333333333,0.3725991547047849,1.9182958340544893
2693,0.7,6,True,0.4311111111111111,0.6666666666666666,0.3716101752764802,1.2516291673878228
2694,0.75,5,True,0.2733333333333333,0.4,0.4041199259095133,1.5219280948873621
2695,0.7,6,True,0.3511111111111111,0.5,0.340482362830567,1.4591479170272448
2696,0.7,6,True,0.29333333333333333,0.5,0.340482362830567,1.4591479170272448
2697,0.85,3,False,,,,
2698,0.85,3,False,,,,
2699,0.85,3,False,,,,
2700,0.85,3,False,,,,
2701,0.95,1,False,,,,
2702,0.95,1,False,,,,
2703,0.95,1,False,,,,
2704,0.95,1,False,,,,
2705,0.95,1,False,,,,
2706,0.95,1,False,,,,
2707,0.95,1,False,,,,
2708,0.8,4,False,,,,
2709,0.8,4,False,,,,
2710,0.8,4,False,,,,
2711,0.8,4,False,,,,
2712,0.8,4,False,,,,
2713,0.8,4,False,,,,
2714,0.75,5,True,0.18666666666666665,0.4,0.4436691855250421,1.9219280948873623
2715,0.75,5,True,0.24666666666666667,0.4,0.4041199259095133,1.5219280948873621
2716,0.75,5,True,0.17333333333333334,0.4,0.4436691855250421,1.9219280948873623
2717,0.75,5,True,0.29333333333333333,0.4,0.4436691855250422,1.9219280948873623
2718,0.75,5,True,0.31333333333333335,0.4,0.4041199259095132,1.5219280948873621
2719,0.7,6,True,0.2711111111111111,0.5,0.38885477226300413,1.7924812503605778
2720,0.7,6,True,0.29333333333333333,0.3333333333333333,0.3977554223658072,2.2516291673878226
2721,0.7,6,True,0.20888888888888887,0.3333333333333333,0.3977554223658072,2.2516291673878226
2722,0.7,6,True,0.30666666666666664,0.5,0.388854772263004,1.7924812503605778
2723,0.65,7,True,0.2984126984126984,0.5714285714285714,0.3468177238411746,1.6644977792004614
2724,0.65,7,True,0.2285714285714286,0.2857142857142857,0.3359121157011983,2.2359263506290326
2725,0.65,7,True,0.20634920634920637,0.2857142857142857,0.3359121157011983,2.2359263506290326
2726,0.65,7,True,0.4285714285714286,0.5714285714285714,0.29167886095217377,1.3787834934861753
2727,0.65,7,True,0.2761904761904762,0.42857142857142855,0.32000568559205445,1.8423709931771088
2728,0.65,7,True,0.21587301587301588,0.2857142857142857,0.33591211570119817,2.2359263506290326
2729,0.65,7,True,0.2984126984126984,0.42857142857142855,0.32000568559205445,1.8423709931771088
2730,0.65,7,True,0.2253968253968254,0.2857142857142857,0.3037500680338353,1.9502120649147465
2731,0.65,7,True,0.2285714285714286,0.2857142857142857,0.3359121157011983,2.2359263506290326
2732,0.85,3,False,,,,
2733,0.85,3,False,,,,
2734,0.85,3,False,,,,
2735,0.65,7,True,0.18730158730158727,0.42857142857142855,0.35051363316910866,2.1280852788913944
2736,0.65,7,True,0.1619047619047619,0.2857142857142857,0.35289896413803834,2.5216406363433186
2737,0.65,7,True,0.35238095238095235,0.42857142857142855,0.27942323606034725,1.4488156357251847
2738,0.75,5,True,0.24666666666666667,0.4,0.4041199259095133,1.5219280948873621
2739,0.75,5,True,0.2866666666666667,0.6,0.4229921134636,1.3709505944546687
2740,0.75,5,True,0.4266666666666667,0.6,0.4229921134636,1.3709505944546687
2741,0.75,5,True,0.24000000000000002,0.4,0.4436691855250422,1.9219280948873623
2742,0.75,5,True,0.3266666666666667,0.6,0.33499008803474906,0.9709505944546686
2743,0.75,5,True,0.26,0.6,0.4229921134636,1.3709505944546687
2744,0.75,5,True,0.30666666666666664,0.6,0.4229921134636,1.3709505944546687
2745,0.8,4,False,,,,
2746,0.8,4,False,,,,
2747,0.95,1,False,,,,
2748,0.95,1,False,,,,
2749,0.95,1,False,,,,
2750,0.8,4,False,,,,
2751,0.8,4,False,,,,
2752,0.8,4,False,,,,
2753,0.8,4,False,,,,
2754,0.8,4,False,,,,
2755,0.8,4,False,,,,
2756,0.8,4,False,,,,
2757,0.8,4,False,,,,
2758,0.8,4,False,,,,
2759,0.8,4,False,,,,
2760,0.75,5,True,0.26666666666666666,0.4,0.4436691855250422,1.9219280948873623
2761,0.7,6,True,0.2755555555555556,0.3333333333333333,0.3725991547047849,1.9182958340544893
2762,0.7,6,True,0.23111111111111113,0.3333333333333333,0.3977554223658072,2.2516291673878226
2763,0.7,6,True,0.28444444444444444,0.5,0.38885477226300413,1.7924812503605778
2764,0.65,7,True,0.1841269841269841,0.2857142857142857,0.3359121157011983,2.2359263506290326
2765,0.6,8,True,0.2785714285714286,0.5,0.3149027910615312,2.0
2766,0.75,5,True,0.31333333333333335,0.6,0.4229921134636,1.3709505944546687
2767,0.75,5,True,0.26,0.4,0.4436691855250421,1.9219280948873623
2768,0.8,4,False,,,,
2769,0.8,4,False,,,,
2770,0.8,4,False,,,,
2771,0.8,4,False,,,,
2772,0.8,4,False,,,,
2773,0.8,4,False,,,,
2774,0.8,4,False,,,,
2775,0.8,4,False,,,,
2776,0.8,4,False,,,,
2777,0.75,5,True,0.26666666666666666,0.4,0.4436691855250422,1.9219280948873623
2778,0.8,4,False,,,,
2779,0.75,5,True,0.18000000000000002,0.4,0.4436691855250421,1.9219280948873623
2780,0.75,5,True,0.26,0.4,0.4436691855250422,1.9219280948873623
2781,0.75,5,True,0.29333333333333333,0.4,0.4436691855250422,1.9219280948873623
2782,0.6,8,True,0.2833333333333333,0.5,0.2803607492695732,1.75
2783,0.6,8,True,0.24285714285714285,0.25,0.27621751033807707,2.25
2784,0.6,8,True,0.2142857142857143,0.25,0.2979332328204184,2.5
2785,0.6,8,True,0.2642857142857143,0.25,0.2979332328204184,2.5
2786,0.6,8,True,0.2738095238095238,0.375,0.25354871102045307,1.9056390622295665
2787,0.6,8,True,0.2714285714285714,0.25,0.2979332328204184,2.5
2788,0.6,8,True,0.2642857142857143,0.375,0.2698043285786723,1.811278124459133
2789,0.6,8,True,0.3261904761904762,0.5,0.2803607492695732,1.75
2790,0.7,6,True,0.30666666666666664,0.3333333333333333,0.3977554223658072,2.2516291673878226
2791,0.6,8,True,0.24523809523809523,0.375,0.31137805050685086,2.4056390622295662
2792,0.6,8,True,0.16428571428571428,0.375,0.29081902780598756,2.1556390622295662
2793,0.6,8,True,0.3547619047619047,0.375,0.25354871102045307,1.9056390622295665
2794,0.6,8,True,0.22142857142857142,0.375,0.31137805050685086,2.4056390622295662
2795,0.6,8,True,0.21904761904761905,0.375,0.31137805050685086,2.4056390622295662
2796,0.6,8,True,0.25,0.5,0.3149027910615312,2.0
2797,0.6,8,True,0.21190476190476193,0.25,0.30968313518177715,2.75
2798,0.6,8,True,0.20952380952380953,0.375,0.29081902780598745,2.1556390622295662
2799,0.6,8,True,0.36428571428571427,0.375,0.25354871102045307,1.9056390622295665
2800,0.6,8,True,0.22142857142857142,0.375,0.31137805050685086,2.4056390622295662
2801,0.6,8,True,0.3333333333333333,0.625,0.31502247023287666,1.5487949406953985
2802,0.7,6,True,0.23111111111111113,0.3333333333333333,0.3977554223658072,2.2516291673878226
2803,0.7,6,True,0.24000000000000002,0.3333333333333333,0.3725991547047849,1.9182958340544893
2804,0.85,3,False,,,,
2805,0.8,4,False,,,,
2806,0.8,4,False,,,,
2807,0.8,4,False,,,,
2808,0.85,3,False,,,,
2809,0.85,3,False,,,,
2810,0.85,3,False,,,,
2811,0.85,3,False,,,,
2812,0.75,5,True,0.23333333333333334,0.6,0.4229921134636,1.3709505944546687
2813,0.75,5,True,0.31333333333333335,0.4,0.4041199259095133,1.5219280948873621
2814,0.75,5,True,0.14,0.2,0.46159367967902887,2.321928094887362
2815,0.6,8,True,0.21190476190476193,0.25,0.30968313518177715,2.75
2816,0.6,8,True,0.28809523809523807,0.375,0.31137805050685086,2.4056390622295662
2817,0.6,8,True,0.35238095238095235,0.375,0.29081902780598756,2.1556390622295662
2818,0.6,8,True,0.19523809523809527,0.25,0.30968313518177704,2.75
2819,0.6,8,True,0.24047619047619048,0.25,0.2979332328204184,2.5
2820,0.6,8,True,0.22142857142857142,0.375,0.31137805050685086,2.4056390622295662
2821,0.6,8,True,0.2642857142857143,0.25,0.2979332328204183,2.5
2822,0.6,8,True,0.25,0.375,0.20226907788083914,1.561278124459133
2823,0.6,8,True,0.16428571428571428,0.25,0.30968313518177715,2.75
2824,0.6,8,True,0.2714285714285714,0.375,0.25354871102045307,1.9056390622295665
2825,0.55,9,True,0.23148148148148148,0.3333333333333333,0.2585560474829177,2.4193819456463714
2826,0.55,9,True,0.18333333333333332,0.2222222222222222,0.2683610168752897,2.94770277922009
2827,0.55,9,True,0.2518518518518518,0.2222222222222222,0.24511122979648525,2.5032583347756456
2828,0.55,9,True,0.29444444444444445,0.3333333333333333,0.2480540998648021,2.113283334294875
2829,0.75,5,True,0.23333333333333334,0.2,0.46159367967902887,2.321928094887362
2830,0.55,9,True,0.23333333333333334,0.2222222222222222,0.24511122979648525,2.5032583347756456
2831,0.5,10,True,0.21037037037037037,0.2,0.22907300390241692,3.121928094887362
2832,0.7,6,True,0.48000000000000004,0.5,0.25468842405217373,1.0
2833,0.7,6,True,0.19555555555555557,0.3333333333333333,0.3977554223658072,2.2516291673878226
2834,0.7,6,True,0.2711111111111111,0.3333333333333333,0.3725991547047849,1.9182958340544896
2835,0.75,5,True,0.36000000000000004,0.6,0.33499008803474906,0.9709505944546686
2836,0.9,2,False,,,,
2837,0.75,5,True,0.24000000000000002,0.4,0.4041199259095132,1.5219280948873621
2838,0.75,5,True,0.23333333333333334,0.4,0.4436691855250422,1.9219280948873623
2839,0.75,5,True,0.38666666666666666,0.4,0.4041199259095133,1.5219280948873621
2840,0.75,5,True,0.22,0.4,0.4436691855250422,1.9219280948873623
2841,0.7,6,True,0.3466666666666667,0.5,0.340482362830567,1.4591479170272448
2842,0.7,6,True,0.28888888888888886,0.5,0.340482362830567,1.4591479170272448
2843,0.7,6,True,0.17777777777777778,0.16666666666666666,0.4098431814126551,2.584962500721156
2844,0.7,6,True,0.22222222222222224,0.3333333333333333,0.3977554223658072,2.251629167387823
2845,0.7,6,True,0.28,0.3333333333333333,0.3977554223658072,2.2516291673878226
2846,0.7,6,True,0.3555555555555555,0.5,0.340482362830567,1.4591479170272448
2847,0.7,6,True,0.24444444444444444,0.3333333333333333,0.3977554223658072,2.2516291673878226
2848,0.55,9,True,0.2185185185185185,0.2222222222222222,0.2602530984543837,2.725480556997868
2849,0.55,9,True,0.18333333333333332,0.2222222222222222,0.2602530984543837,2.725480556997868
2850,0.45,11,True,0.22787878787878788,0.2727272727272727,0.18076084362328382,2.663532754804255
2851,0.7,6,True,0.3466666666666667,0.5,0.340482362830567,1.4591479170272448
2852,0.45,11,True,0.2424242424242424,0.18181818181818182,0.18858513271651123,3.0957952550009344
2853,0.7,6,True,0.20888888888888887,0.3333333333333333,0.3977554223658072,2.251629167387823
2854,0.95,1,False,,,,
2855,0.8,4,False,,,,
2856,0.65,7,True,0.24761904761904763,0.2857142857142857,0.33591211570119817,2.2359263506290326
2857,0.6,8,True,0.22142857142857142,0.375,0.31137805050685086,2.4056390622295662
2858,0.6,8,True,0.20476190476190476,0.25,0.30968313518177704,2.75
2859,0.75,5,True,0.16,0.4,0.4436691855250422,1.9219280948873623
2860,0.8,4,False,,,,
2861,0.85,3,False,,,,
2862,0.55,9,True,0.2722222222222222,0.2222222222222222,0.24511122979648525,2.5032583347756456
2863,0.55,9,True,0.29444444444444445,0.3333333333333333,0.2585560474829177,2.4193819456463714
2864,0.6,8,True,0.16904761904761903,0.25,0.30968313518177704,2.75
2865,0.6,8,True,0.19285714285714287,0.25,0.30968313518177704,2.75
2866,0.35,13,True,0.23504273504273504,0.23076923076923078,0.12652850568175433,3.0269868333592873
2867,0.3,14,True,0.23736263736263735,0.14285714285714285,0.09566440759313544,3.521640636343319
2868,0.2,16,True,0.24555555555555558,0.25,0.07956448607778277,3.077819531114783
2869,0.2,16,True,0.20166666666666666,0.3125,0.0844335023848104,2.899397470347699
2870,0.15,17,True,0.21323529411764705,0.11764705882352941,0.03141680643842637,3.4992275471326932
2871,0.15,17,True,0.24509803921568626,0.35294117647058826,0.11229619978314676,2.8954238702803163
2872,0.15,17,True,0.22794117647058823,0.17647058823529413,0.043572663284447866,3.1751231351134614
2873,0.1,18,True,0.23398692810457516,0.2777777777777778,0.07705488096871849,2.8855130303998817
2874,0.1,18,True,0.25664488017429193,0.4444444444444444,0.15935730170421258,2.2810361125534233
2875,0.1,18,True,0.2514161220043573,0.2222222222222222,0.05282737771670443,2.974937501201927
2876,0.1,18,True,0.40261437908496733,0.6666666666666666,0.2979332328204183,1.6688388898504305
2877,0.1,18,True,0.26666666666666666,0.3333333333333333,0.11303337684950054,2.7527152789797045
2878,0.1,18,True,0.3459694989106754,0.5,0.20151271858722597,2.1405180562767114
2879,0.1,18,True,0.2954248366013072,0.3333333333333333,0.15740889981958905,2.4466166676282084
2880,0.1,18,True,0.25490196078431376,0.3333333333333333,0.1372608801015146,2.66329080817766
2881,0.1,18,True,0.4152505446623094,0.5555555555555556,0.2338449694456599,1.6794293668139548
2882,0.1,18,True,0.33202614379084966,0.3333333333333333,0.12160827917626027,2.218846363733215
2883,0.1,18,True,0.2954248366013072,0.5555555555555556,0.23024907521851967,1.879964948727111
2884,0.1,18,True,0.3925925925925926,0.5,0.21100826863279232,1.9399824743635556
2885,0.1,18,True,0.33159041394335514,0.4444444444444444,0.15323431356959916,2.4613201402110083
2886,0.1,18,True,0.3812636165577342,0.5,0.21923179899069856,1.4932133643654213
2887,0.1,18,True,0.33507625272331154,0.5,0.21923179899069856,1.4932133643654213
2888,0.15,17,True,0.3897058823529412,0.5882352941176471,0.21731179010485935,1.6627992560224794
2889,0.15,17,True,0.28627450980392155,0.47058823529411764,0.14749181257269428,1.8751310486364097
2890,0.4,12,True,0.36464646464646466,0.6666666666666666,0.25649672118988953,1.584962500721156
2891,0.15,17,True,0.3627450980392157,0.5882352941176471,0.22559344255483083,2.0157404324930677
2892,0.35,13,True,0.6307692307692307,0.9230769230769231,0.25021798863140454,0.39124356362925566
2893,0.05,19,True,0.3594541910331384,0.5789473684210527,0.29207456594376535,1.428794734004785
2894,0.05,19,True,0.3189083820662768,0.5789473684210527,0.25753634565243533,1.7187828921272557
2895,0.05,19,True,0.5610136452241716,0.8421052631578947,0.5168118696880717,0.8795064608120066
2896,0.05,19,True,0.41754385964912283,0.5263157894736842,0.27059858829622396,1.683240358011977
2897,0.05,19,True,0.5247563352826511,0.8947368421052632,0.5762076600877131,0.5907239186406502
2898,0.05,19,True,0.3278752436647174,0.3684210526315789,0.18024525549299264,1.9290929654978
2899,0.05,19,True,0.3317738791423002,0.42105263157894735,0.25649672118988953,1.7216117239699014
2900,0.05,19,True,0.531384015594542,0.8947368421052632,0.5762076600877131,0.5907239186406502
2901,0.05,19,True,0.4105263157894737,0.5263157894736842,0.2211186092838502,0.9980008838722996
2902,0.05,19,True,0.8,1.0,0.7136030428840437,0.0
2903,0.05,19,True,0.39103313840155945,0.47368421052631576,0.24485034743374168,1.930080144111599
2904,0.05,19,True,0.5333333333333333,1.0,0.7136030428840437,0.0
2905,0.05,19,True,0.4608187134502924,0.5789473684210527,0.2816667590416564,1.2108100261060328
2906,0.05,19,True,0.27680311890838205,0.42105263157894735,0.21533827903669656,1.6163485660751644
2907,0.05,19,True,0.3508771929824562,0.47368421052631576,0.26550220320535933,1.2448406699719212
2908,0.05,19,True,0.6701754385964912,0.9473684210526315,0.6410037503534696,0.2974722489192896
2909,0.05,19,True,0.4140350877192983,0.631578947368421,0.29081902780598745,1.6282202760321465
2910,0.05,19,True,0.5333333333333333,1.0,0.7136030428840437,0.0
2911,0.05,19,True,0.3742690058479532,0.47368421052631576,0.17526308211995778,1.7142977509479211
2912,0.05,19,True,0.3750487329434698,0.42105263157894735,0.19980216002594897,2.063202513215852
2913,0.05,19,True,0.3851851851851852,0.5263157894736842,0.19322802684931562,1.8937666738014507
2914,0.05,19,True,0.48343079922027293,0.6842105263157895,0.29167886095217377,1.1897319168207328
2915,0.05,19,True,0.29629629629629634,0.42105263157894735,0.1593573017042127,2.3531906713383224
2916,0.05,19,True,0.4358674463937622,0.5789473684210527,0.251157395983291,1.5288018145253182
2917,0.05,19,True,0.37465886939571147,0.42105263157894735,0.18102136700694205,1.7002237262558648
2918,0.05,19,True,0.3684210526315789,0.47368421052631576,0.22834005982783967,2.1353503825268683
2919,0.05,19,True,0.6701754385964912,0.9473684210526315,0.6410037503534696,0.2974722489192896
2920,0.05,19,True,0.33450292397660825,0.42105263157894735,0.18618464294482606,2.2684727516311214
2921,0.05,19,True,0.2771929824561404,0.42105263157894735,0.18618464294482617,2.268472751631122
2922,0.05,19,True,0.5333333333333333,1.0,0.7136030428840437,0.0
2923,0.05,19,True,0.3641325536062378,0.47368421052631576,0.21856773803935636,1.824816986216862
2924,0.05,19,True,0.2327485380116959,0.2631578947368421,0.09582148473980745,3.1105780147890156
2925,0.05,19,True,0.3769980506822612,0.5263157894736842,0.23024907521851967,1.9732285161344474
2926,0.05,19,True,0.5789473684210527,0.9473684210526315,0.6410037503534696,0.2974722489192896
2927,0.05,19,True,0.5056530214424951,0.7368421052631579,0.3716101752764802,1.0214554656116668
2928,0.05,19,True,0.35750487329434694,0.5263157894736842,0.27059858829622396,1.683240358011977
2929,0.05,19,True,0.31228070175438594,0.3684210526315789,0.13279683431365763,2.4370658315190226
2930,0.05,19,True,0.5384015594541911,0.6842105263157895,0.3319198728130941,1.1050139971135322
2931,0.05,19,True,0.8,1.0,0.7136030428840437,0.0
2932,0.05,19,True,0.447953216374269,0.6842105263157895,0.2800122858679105,0.8997437586982626
2933,0.05,19,True,0.47446393762183237,0.7368421052631579,0.3977554223658072,1.3372449392958772
2934,0.05,19,True,0.3762183235867447,0.47368421052631576,0.13275110160267967,1.5243166733459836
2935,0.05,19,True,0.7333333333333333,1.0,0.7136030428840437,0.0
2936,0.05,19,True,0.4592592592592593,0.5789473684210527,0.22812402278974897,1.3235315761100483
2937,0.05,19,True,0.37543859649122807,0.3157894736842105,0.10638482157997486,2.339261065733564
2938,0.05,19,True,0.4584795321637427,0.631578947368421,0.3022690778808391,1.1674367232867007
2939,0.05,19,True,0.519298245614035,0.9473684210526315,0.6410037503534696,0.2974722489192896
2940,0.05,19,True,0.3543859649122807,0.47368421052631576,0.22834005982783967,2.1353503825268683
2941,0.05,19,True,0.3730994152046784,0.42105263157894735,0.18102136700694205,1.7002237262558648
2942,0.05,19,True,0.439766081871345,0.47368421052631576,0.2698043285786723,1.4832261969709113
2943,0.05,19,True,0.3426900584795322,0.3684210526315789,0.16290270309639854,1.9762822787735768
2944,0.05,19,True,0.3286549707602339,0.47368421052631576,0.18076084362328393,2.2856005389623073
2945,0.05,19,True,0.42768031189083816,0.47368421052631576,0.2698043285786723,1.4832261969709113
2946,0.45,11,True,0.5054545454545455,0.8181818181818182,0.26550220320535933,0.8658566174572235
2947,0.45,11,True,0.4654545454545455,0.8181818181818182,0.26550220320535933,0.8658566174572235
2948,0.45,11,True,0.38909090909090904,0.6363636363636364,0.21923179899069856,1.4911148500551858
2949,0.6,8,True,0.37380952380952387,0.625,0.14652605660438867,0.954434002924965
2950,0.6,8,True,0.5166666666666667,0.875,0.25021798863140454,0.5435644431995964
2951,0.6,8,True,0.3,0.375,0.29081902780598745,2.1556390622295662
2952,0.6,8,True,0.55,0.75,0.1826545778534897,0.8112781244591328
2953,0.1,18,True,0.33507625272331154,0.4444444444444444,0.1507366236287142,2.127986806877675
2954,0.35,13,True,0.39914529914529917,0.5384615384615384,0.1304488374189683,1.669180336866731
2955,0.3,14,True,0.2622710622710623,0.2857142857142857,0.09710167681238602,2.610577243331642
2956,0.05,19,True,0.33216374269005844,0.3684210526315789,0.1388189398408547,2.041814515501815
2957,0.05,19,True,0.32163742690058483,0.42105263157894735,0.17193876007360387,2.3134597501718237
2958,0.05,19,True,0.317738791423002,0.47368421052631576,0.22834005982783967,2.1353503825268683
2959,0.05,19,True,0.2729044834307992,0.42105263157894735,0.13860542674027043,2.418722908066561
2960,0.05,19,True,0.39220272904483433,0.47368421052631576,0.21856773803935636,1.8248169862168622
2961,0.05,19,True,0.5286549707602339,0.5789473684210527,0.2816667590416564,1.2108100261060328
2962,0.1,18,True,0.43747276688453157,0.5,0.20226907788083903,1.2516291673878228
2963,0.1,18,True,0.40610021786492373,0.4444444444444444,0.21533827903669656,1.5032583347756456
2964,0.1,18,True,0.6,0.9444444444444444,0.5283265821844846,0.3095434291503252
2965,0.1,18,True,0.3699346405228758,0.5,0.20226907788083903,1.2516291673878228
2966,0.1,18,True,0.6666666666666666,1.0,0.5310044064107188,0.0
2967,0.1,18,True,0.8666666666666667,1.0,0.5310044064107188,0.0
2968,0.1,18,True,0.7333333333333333,1.0,0.5310044064107188,0.0
2969,0.1,18,True,0.3485838779956427,0.5,0.18233999335007445,2.0294069451656007
2970,0.1,18,True,0.3233115468409586,0.5,0.1818141191887922,1.8288713632524445
2971,0.1,18,True,0.4091503267973856,0.4444444444444444,0.134902164289336,1.7107770844150674
2972,0.1,18,True,0.4928104575163399,0.8333333333333334,0.4436691855250422,0.9141828384352135
2973,0.1,18,True,0.4387799564270152,0.4444444444444444,0.1647657494487228,1.6337314206421327
2974,0.1,18,True,0.5816993464052288,0.5555555555555556,0.14132728892674495,0.9910760598382222
2975,0.1,18,True,0.48366013071895425,0.5555555555555556,0.21080508763824013,1.2326602568158205
2976,0.1,18,True,0.5250544662309369,0.5555555555555556,0.21080508763824013,1.2326602568158205
2977,0.1,18,True,0.4753812636165577,0.5555555555555556,0.21080508763824013,1.2326602568158205
2978,0.1,18,True,0.3442265795206972,0.4444444444444444,0.2110702296074859,1.7448425317532439
2979,0.1,18,True,0.3302832244008715,0.5,0.1818141191887922,1.8288713632524445
2980,0.1,18,True,0.29586056644880177,0.4444444444444444,0.12079703257798191,1.747167197306934
2981,0.1,18,True,0.3363834422657952,0.4444444444444444,0.1349021642893362,1.7107770844150676
2982,0.1,18,True,0.6666666666666666,1.0,0.5310044064107188,0.0
2983,0.1,18,True,0.4470588235294118,0.6111111111111112,0.15665734595707748,0.964078764808229
2984,0.1,18,True,0.44095860566448797,0.5555555555555556,0.14132728892674484,0.9910760598382222
2985,0.05,19,True,0.41754385964912283,0.3684210526315789,0.15726087566808844,1.7582975708748245
2986,0.05,19,True,0.3153996101364523,0.3684210526315789,0.17871162601638213,2.2920717524577867
2987,0.95,1,False,,,,
2988,0.95,1,False,,,,
2989,0.95,1,False,,,,
2990,0.95,1,False,,,,
2991,0.95,1,False,,,,
2992,0.95,1,False,,,,
2993,0.95,1,False,,,,
2994,0.95,1,False,,,,
2995,0.95,1,False,,,,
2996,0.95,1,False,,,,
2997,0.95,1,False,,,,
2998,0.95,1,False,,,,
2999,0.95,1,False,,,,
3000,0.95,1,False,,,,
3001,0.95,1,False,,,,
3002,0.95,1,False,,,,
3003,0.95,1,False,,,,
3004,0.95,1,False,,,,
3005,0.95,1,False,,,,
3006,0.95,1,False,,,,
3007,0.95,1,False,,,,
3008,0.95,1,False,,,,
3009,0.95,1,False,,,,
3010,0.95,1,False,,,,
3011,0.95,1,False,,,,
3012,0.95,1,False,,,,
3013,0.95,1,False,,,,
3014,0.95,1,False,,,,
3015,0.95,1,False,,,,
3016,0.95,1,False,,,,
3017,0.95,1,False,,,,
3018,0.95,1,False,,,,
3019,0.95,1,False,,,,
3020,0.95,1,False,,,,
3021,0.95,1,False,,,,
3022,0.95,1,False,,,,
3023,0.95,1,False,,,,
3024,0.95,1,False,,,,
3025,0.95,1,False,,,,
3026,0.95,1,False,,,,
3027,0.95,1,False,,,,
3028,0.95,1,False,,,,
3029,0.95,1,False,,,,
3030,0.95,1,False,,,,
3031,0.95,1,False,,,,
3032,0.95,1,False,,,,
3033,0.95,1,False,,,,
3034,0.95,1,False,,,,
3035,0.95,1,False,,,,
3036,0.95,1,False,,,,
3037,0.95,1,False,,,,
3038,0.95,1,False,,,,
3039,0.95,1,False,,,,
3040,0.95,1,False,,,,
3041,0.95,1,False,,,,
3042,0.95,1,False,,,,
3043,0.95,1,False,,,,
3044,0.95,1,False,,,,
3045,0.95,1,False,,,,
3046,0.95,1,False,,,,
3047,0.95,1,False,,,,
3048,0.95,1,False,,,,
3049,0.95,1,False,,,,
3050,0.95,1,False,,,,
3051,0.95,1,False,,,,
3052,0.95,1,False,,,,
3053,0.95,1,False,,,,
3054,0.95,1,False,,,,
3055,0.95,1,False,,,,
3056,0.95,1,False,,,,
3057,0.95,1,False,,,,
3058,0.95,1,False,,,,
3059,0.95,1,False,,,,
3060,0.95,1,False,,,,
3061,0.95,1,False,,,,
3062,0.95,1,False,,,,
3063,0.95,1,False,,,,
3064,0.95,1,False,,,,
3065,0.95,1,False,,,,
3066,0.95,1,False,,,,
3067,0.95,1,False,,,,
3068,0.95,1,False,,,,
3069,0.95,1,False,,,,
3070,0.95,1,False,,,,
3071,0.95,1,False,,,,
3072,0.95,1,False,,,,
3073,0.95,1,False,,,,
3074,0.95,1,False,,,,
3075,0.95,1,False,,,,
3076,0.95,1,False,,,,
3077,0.95,1,False,,,,
3078,0.95,1,False,,,,
3079,0.95,1,False,,,,
3080,0.95,1,False,,,,
3081,0.95,1,False,,,,
3082,0.95,1,False,,,,
3083,0.95,1,False,,,,
3084,0.95,1,False,,,,
3085,0.95,1,False,,,,
3086,0.95,1,False,,,,
3087,0.95,1,False,,,,
3088,0.95,1,False,,,,
3089,0.95,1,False,,,,
3090,0.95,1,False,,,,
3091,0.95,1,False,,,,
3092,0.95,1,False,,,,
3093,0.95,1,False,,,,
3094,0.95,1,False,,,,
3095,0.95,1,False,,,,
3096,0.95,1,False,,,,
3097,0.95,1,False,,,,
3098,0.95,1,False,,,,
3099,0.95,1,False,,,,
3100,0.95,1,False,,,,
3101,0.95,1,False,,,,
3102,0.95,1,False,,,,
3103,0.95,1,False,,,,
3104,0.95,1,False,,,,
3105,0.95,1,False,,,,
3106,0.95,1,False,,,,
3107,0.95,1,False,,,,
3108,0.95,1,False,,,,
3109,0.95,1,False,,,,
3110,0.95,1,False,,,,
3111,0.95,1,False,,,,
3112,0.95,1,False,,,,
3113,0.95,1,False,,,,
3114,0.95,1,False,,,,
3115,0.95,1,False,,,,
3116,0.95,1,False,,,,
3117,0.95,1,False,,,,
3118,0.95,1,False,,,,
3119,0.95,1,False,,,,
3120,0.95,1,False,,,,
3121,0.95,1,False,,,,
3122,0.95,1,False,,,,
3123,0.95,1,False,,,,
3124,0.95,1,False,,,,
3125,0.95,1,False,,,,
3126,0.0,20,True,0.3919298245614035,0.7,0.388854772263004,1.4190352743388661
3127,0.0,20,True,0.5,0.95,0.7136030428840437,0.28639695711595625
3128,0.0,20,True,0.2814035087719298,0.35,0.1388189398408547,2.2261207468426805
3129,0.0,20,True,0.26982456140350874,0.35,0.14704271718487993,2.55887184844536
3130,0.0,20,True,0.48666666666666664,0.95,0.7136030428840437,0.28639695711595625
3131,0.0,20,True,0.2849122807017544,0.5,0.23103764446506314,1.7854752972273344
3132,0.0,20,True,0.3249122807017544,0.35,0.1596241755542711,2.5211274733371867
3133,0.0,20,True,0.35754385964912283,0.5,0.2211186092838502,1.2344977967946407
3134,0.0,20,True,0.28526315789473683,0.25,0.09226010922149752,2.7232196723355075
3135,0.0,20,True,0.33999999999999997,0.4,0.17157557582823801,2.1414460711655217
3136,0.0,20,True,0.36526315789473685,0.25,0.03410546883345089,2.242737648613667
3137,0.0,20,True,0.4905263157894737,0.65,0.2800122858679105,1.1411535278793055
3138,0.0,20,True,0.4378947368421053,0.8,0.44214218356782176,0.8841837197791889
3139,0.0,20,True,0.4754385964912281,0.7,0.32093180423165557,1.0762976257251988
3140,0.0,20,True,0.6333333333333333,0.95,0.7136030428840437,0.28639695711595625
3141,0.0,20,True,0.9066666666666666,0.95,0.7136030428840437,0.28639695711595625
3142,0.0,20,True,0.2687719298245614,0.3,0.1239290180529995,2.6282129458410015
3143,0.0,20,True,0.6133333333333333,0.95,0.7136030428840437,0.28639695711595625
3144,0.0,20,True,0.6266666666666667,0.95,0.7136030428840437,0.28639695711595625
3145,0.05,19,True,0.4210526315789474,0.5263157894736842,0.2211186092838502,0.9980008838722996
3146,0.05,19,True,0.8,1.0,0.7136030428840437,0.0
3147,0.05,19,True,0.8,1.0,0.7136030428840437,0.0
3148,0.05,19,True,0.5333333333333333,1.0,0.7136030428840437,0.0
3149,0.05,19,True,0.5789473684210527,0.9473684210526315,0.6410037503534696,0.2974722489192896
3150,0.05,19,True,0.560233918128655,0.8947368421052632,0.5283265821844846,0.4854607607459134
3151,0.95,1,False,,,,
3152,0.95,1,False,,,,
3153,0.95,1,False,,,,
3154,0.95,1,False,,,,
3155,0.95,1,False,,,,
3156,0.95,1,False,,,,
3157,0.95,1,False,,,,
3158,0.95,1,False,,,,
3159,0.95,1,False,,,,
3160,0.95,1,False,,,,
3161,0.95,1,False,,,,
3162,0.95,1,False,,,,
3163,0.95,1,False,,,,
3164,0.95,1,False,,,,
3165,0.95,1,False,,,,
3166,0.0,20,True,0.33649122807017545,0.4,0.25649672118988953,1.921928094887362
3167,0.0,20,True,0.5119298245614036,0.8,0.4890359525563188,1.0219280948873624
3168,0.0,20,True,0.49333333333333335,0.95,0.7136030428840437,0.28639695711595625
3169,0.0,20,True,0.44596491228070173,0.8,0.4890359525563188,1.0219280948873624
3170,0.0,20,True,0.6266666666666667,0.95,0.7136030428840437,0.28639695711595625
3171,0.0,20,True,0.6073684210526317,0.9,0.6410037503534696,0.5689955935892812
3172,0.0,20,True,0.8,0.95,0.7136030428840437,0.28639695711595625
3173,0.0,20,True,0.7333333333333333,1.0,1.0,0.0
3174,0.0,20,True,0.40912280701754383,0.6,0.3022690778808391,1.3954618442383218
3175,0.0,20,True,0.6333333333333333,0.95,0.7136030428840437,0.28639695711595625
3176,0.05,19,True,0.6666666666666666,1.0,0.7136030428840437,0.0
3177,0.05,19,True,0.3313840155945419,0.5789473684210527,0.2886710424611464,1.6340649724200549
3178,0.05,19,True,0.5052631578947369,0.9473684210526315,0.6410037503534696,0.2974722489192896
3179,0.05,19,True,0.5333333333333333,1.0,0.7136030428840437,0.0
3180,0.05,19,True,0.42807017543859643,0.5263157894736842,0.2211186092838502,0.9980008838722996
3181,0.0,20,True,0.4557894736842105,0.9,0.6410037503534696,0.5689955935892812
3182,0.0,20,True,0.5,0.95,0.7136030428840437,0.28639695711595625
3183,0.0,20,True,0.38456140350877194,0.5,0.1901204745045889,1.8804820237218407
3184,0.0,20,True,0.5333333333333333,1.0,1.0,0.0
3185,0.0,20,True,0.3291228070175439,0.55,0.23074476267918287,1.2192407046368487
3186,0.0,20,True,0.40912280701754383,0.5,0.17171437109950471,1.9232196723355077
3187,0.0,20,True,0.32526315789473687,0.4,0.18424543142325833,2.108694969562842
3188,0.0,20,True,0.4571929824561404,0.5,0.14132728892674484,1.3609640474436813
3189,0.0,20,True,0.33789473684210525,0.4,0.18618464294482617,2.4414460711655215
3190,0.0,20,True,0.58,0.95,0.7136030428840437,0.28639695711595625
3191,0.0,20,True,0.5108771929824562,0.8,0.2780719051126377,0.7219280948873623
3192,0.0,20,True,0.5333333333333333,1.0,1.0,0.0
3193,0.0,20,True,0.7333333333333333,1.0,1.0,0.0
3194,0.0,20,True,0.49964912280701756,0.6,0.02904940554533142,0.9709505944546686
3195,0.0,20,True,0.6666666666666666,1.0,1.0,0.0
3196,0.0,20,True,0.4533333333333333,0.5,0.2211186092838502,1.2344977967946407
3197,0.0,20,True,0.6666666666666666,1.0,1.0,0.0
3198,0.0,20,True,0.4336842105263158,0.5,0.06276943678387037,1.4854752972273344
3199,0.0,20,True,0.8,1.0,1.0,0.0
3200,0.0,20,True,0.8,1.0,1.0,0.0
3201,0.0,20,True,0.6666666666666666,1.0,1.0,0.0
3202,0.0,20,True,0.6666666666666666,1.0,1.0,0.0
3203,0.0,20,True,0.6266666666666667,0.95,0.7136030428840437,0.28639695711595625
3204,0.15,17,True,0.5333333333333333,1.0,0.3901596952835996,0.0
3205,0.15,17,True,0.5534313725490195,0.8823529411764706,0.4229921134636,0.6402064333604701
3206,0.15,17,True,0.5102941176470588,0.6470588235294118,0.11290798446487105,0.9366673818775626
3207,0.15,17,True,0.48627450980392156,0.9411764705882353,0.44214218356782176,0.3227569588973982
3208,0.15,17,True,0.6666666666666666,1.0,0.3901596952835996,0.0
3209,0.15,17,True,0.36176470588235293,0.5882352941176471,0.19322802684931562,1.7360411676599226
3210,0.15,17,True,0.2995098039215686,0.5294117647058824,0.1964156366567027,1.7263472243434208
3211,0.15,17,True,0.6,1.0,0.3901596952835996,0.0
3212,0.15,17,True,0.4176470588235294,0.5882352941176471,0.20637609206280816,1.450467463408549
3213,0.15,17,True,0.5117647058823529,0.7058823529411765,0.14652605660438867,0.8739810481273578
3214,0.15,17,True,0.5333333333333333,1.0,0.3901596952835996,0.0
3215,0.15,17,True,0.5764705882352942,0.9411764705882353,0.44214218356782176,0.3227569588973982
3216,0.15,17,True,0.5529411764705882,0.9411764705882353,0.44214218356782176,0.3227569588973982
3217,0.15,17,True,0.4073529411764706,0.7647058823529411,0.32000568559205445,1.1400677626718572
3218,0.15,17,True,0.5333333333333333,1.0,0.3901596952835996,0.0
3219,0.15,17,True,0.42254901960784313,0.5882352941176471,0.20637609206280816,1.450467463408549
3220,0.15,17,True,0.8,1.0,0.3901596952835996,0.0
3221,0.15,17,True,0.6,1.0,0.3901596952835996,0.0
3222,0.15,17,True,0.46715686274509804,0.4117647058823529,0.1304488374189683,1.6578764348499595
3223,0.15,17,True,0.3906862745098039,0.5882352941176471,0.17171437109950471,1.54515219719895
3224,0.15,17,True,0.3509803921568627,0.5294117647058824,0.1964156366567027,1.7263472243434208
3225,0.6,8,True,0.5333333333333333,0.875,0.25021798863140454,0.5435644431995964
3226,0.15,17,True,0.5784313725490196,0.5294117647058824,0.08028267642490694,0.9975025463691153
3227,0.15,17,True,0.6431372549019608,0.9411764705882353,0.44214218356782176,0.3227569588973982
3228,0.15,17,True,0.7333333333333333,1.0,0.3901596952835996,0.0
3229,0.15,17,True,0.6666666666666666,1.0,0.3901596952835996,0.0
3230,0.95,1,False,,,,
3231,0.95,1,False,,,,
3232,0.95,1,False,,,,
3233,0.95,1,False,,,,
3234,0.95,1,False,,,,
3235,0.95,1,False,,,,
3236,0.0,20,True,0.6,1.0,1.0,0.0
3237,0.0,20,True,0.6666666666666666,1.0,1.0,0.0
3238,0.0,20,True,0.48947368421052634,0.8,0.4890359525563188,1.0219280948873624
3239,0.0,20,True,0.4266666666666667,0.55,0.18062065954249584,1.6387586809150083
3240,0.0,20,True,0.3319298245614035,0.35,0.10206532099029064,2.321127473337187
3241,0.0,20,True,0.5887719298245614,0.9,0.6410037503534696,0.5689955935892812
3242,0.0,20,True,0.42807017543859643,0.55,0.11290798446487105,1.4060075793123286
3243,0.0,20,True,0.6666666666666666,1.0,1.0,0.0
3244,0.0,20,True,0.27403508771929824,0.4,0.21785355177632815,2.3464393446710154
3245,0.0,20,True,0.6133333333333333,0.95,0.7136030428840437,0.28639695711595625
3246,0.0,20,True,0.45894736842105266,0.7,0.38885477226300413,1.419035274338866
3247,0.0,20,True,0.6666666666666666,1.0,1.0,0.0
3248,0.0,20,True,0.4582456140350877,0.6,0.25021798863140454,1.1883763717345073
3249,0.0,20,True,0.5705263157894737,0.8,0.4890359525563188,1.0219280948873624
3250,0.0,20,True,0.7333333333333333,1.0,1.0,0.0
3251,0.0,20,True,0.39649122807017545,0.5,0.09105392149034808,1.4406454496153462
3252,0.0,20,True,0.4936842105263158,0.75,0.3742690141061863,0.9917601481809735
3253,0.0,20,True,0.6333333333333333,0.95,0.7136030428840437,0.28639695711595625
3254,0.0,20,True,0.4073684210526316,0.6,0.21452470277266567,1.5709505944546687
3255,0.0,20,True,0.7333333333333333,1.0,1.0,0.0
3256,0.0,20,True,0.4884210526315789,0.8,0.2780719051126377,0.7219280948873623
3257,0.0,20,True,0.41438596491228075,0.5,0.17613453894041953,1.647730922119161
3258,0.0,20,True,0.6666666666666666,1.0,1.0,0.0
3259,0.0,20,True,0.6666666666666666,1.0,1.0,0.0
3260,0.0,20,True,0.4750877192982456,0.8,0.44214218356782176,0.8841837197791889
3261,0.0,20,True,0.4031578947368421,0.5,0.26951797627815943,1.4609640474436811
3262,0.0,20,True,0.6333333333333333,0.95,0.7136030428840437,0.28639695711595625
3263,0.0,20,True,0.39228070175438595,0.6,0.29081902780598756,1.833206219346495
3264,0.0,20,True,0.32807017543859646,0.4,0.17940489891143208,2.3037016960573484
3265,0.0,20,True,0.6824561403508772,0.9,0.5310044064107188,0.4689955935892812
3266,0.0,20,True,0.29298245614035084,0.45,0.24485034743374168,2.119973094021975
3267,0.0,20,True,0.29964912280701755,0.3,0.07076410286917256,2.608694969562842
3268,0.0,20,True,0.4849122807017544,0.75,0.33499008803474906,1.0540157730728
3269,0.0,20,True,0.4105263157894737,0.6,0.25021798863140454,1.1883763717345073
3270,0.0,20,True,0.28210526315789475,0.3,0.1239290180529996,2.628212945841001
3271,0.0,20,True,0.3214035087719298,0.45,0.1736089100121373,2.3199730940219747
3272,0.0,20,True,0.4743859649122807,0.6,0.1826545778534897,1.295461844238322
3273,0.0,20,True,0.3821052631578947,0.4,0.18102136700694194,1.9016094970590274
3274,0.0,20,True,0.3129824561403509,0.45,0.22834005982783967,2.314979820516481
3275,0.0,20,True,0.4150877192982456,0.45,0.16242837679500655,1.675143246409987
3276,0.0,20,True,0.443859649122807,0.8,0.5168118696880717,1.1219280948873622
3277,0.0,20,True,0.3136842105263158,0.45,0.24485034743374168,2.119973094021975
3278,0.0,20,True,0.3154385964912281,0.4,0.17193876007360387,2.4841837197791885
3279,0.0,20,True,0.2463157894736842,0.25,0.09589112687361134,2.8659573209491747
3280,0.0,20,True,0.5835087719298246,0.7,0.1187091007693073,0.8812908992306927
3281,0.0,20,True,0.3701754385964912,0.55,0.25753634565243533,1.9192407046368487
3282,0.0,20,True,0.6799999999999999,0.95,0.7136030428840437,0.28639695711595625
3283,0.0,20,True,0.3136842105263158,0.4,0.1794048989114322,2.303701696057348
3284,0.0,20,True,0.4477192982456141,0.85,0.5762076600877131,0.8475846798245739
3285,0.0,20,True,0.5014035087719299,0.85,0.5283265821844846,0.747584679824574
3286,0.95,1,False,,,,
3287,0.0,20,True,0.4940350877192982,0.85,0.5283265821844846,0.747584679824574
3288,0.0,20,True,0.46982456140350876,0.85,0.5762076600877131,0.8475846798245739
3289,0.0,20,True,0.5733333333333334,0.95,0.7136030428840437,0.28639695711595625
3290,0.0,20,True,0.4666666666666667,0.6,0.3022690778808391,1.3954618442383218
3291,0.0,20,True,0.6266666666666667,0.95,0.7136030428840437,0.28639695711595625
3292,0.0,20,True,0.45684210526315794,0.85,0.5762076600877131,0.8475846798245739
3293,0.0,20,True,0.6666666666666666,1.0,1.0,0.0
3294,0.0,20,True,0.39789473684210525,0.5,0.14132728892674484,1.3609640474436813
3295,0.0,20,True,0.432280701754386,0.65,0.3319198728130941,1.3361602543738118
3296,0.05,19,True,0.36803118908382065,0.47368421052631576,0.17526308211995778,1.7142977509479211
3297,0.05,19,True,0.5220272904483431,0.8421052631578947,0.5168118696880717,0.8795064608120066
3298,0.05,19,True,0.6666666666666666,1.0,0.7136030428840437,0.0
3299,0.05,19,True,0.38245614035087716,0.5263157894736842,0.2211186092838502,0.9980008838722996
3300,0.05,19,True,0.45380116959064326,0.5263157894736842,0.26951797627815943,1.2363864108712896
3301,0.05,19,True,0.3368421052631579,0.5789473684210527,0.2886710424611464,1.6340649724200549
3302,0.05,19,True,0.4233918128654971,0.5263157894736842,0.2771568471826691,1.4652556501132248
3303,0.05,19,True,0.6666666666666666,1.0,0.7136030428840437,0.0
3304,0.05,19,True,0.6666666666666666,1.0,0.7136030428840437,0.0
3305,0.05,19,True,0.48888888888888893,0.7894736842105263,0.3742690141061863,0.7424875695421236
3306,0.05,19,True,0.5465886939571151,0.8947368421052632,0.5283265821844846,0.4854607607459134
3307,0.05,19,True,0.30292397660818715,0.42105263157894735,0.17940489891143208,2.1234786725698864
3308,0.05,19,True,0.2939571150097466,0.47368421052631576,0.20151271858722597,2.2200683022340693
3309,0.05,19,True,0.6245614035087719,0.9473684210526315,0.6410037503534696,0.2974722489192896
3310,0.05,19,True,0.3025341130604289,0.47368421052631576,0.1957848110365069,2.075074223172834
3311,0.05,19,True,0.4327485380116959,0.631578947368421,0.2803607492695731,1.457424881409171
3312,0.05,19,True,0.39103313840155945,0.631578947368421,0.30968313518177704,1.8784775129881182
3313,0.05,19,True,0.7964912280701755,0.9473684210526315,0.6410037503534696,0.2974722489192896
3314,0.05,19,True,0.41637426900584795,0.5789473684210527,0.29207456594376535,1.428794734004785
3315,0.05,19,True,0.3212475633528265,0.3157894736842105,0.15740889981958905,2.5100564603565387
3316,0.05,19,True,0.37465886939571147,0.42105263157894735,0.19980216002594875,2.063202513215852
3317,0.05,19,True,0.3707602339181287,0.5789473684210527,0.2585560474829177,1.8895782867502309
3318,0.05,19,True,0.3169590643274854,0.5263157894736842,0.2771568471826691,1.4652556501132248
3319,0.9,2,False,,,,
3320,0.9,2,False,,,,
3321,0.9,2,False,,,,
3322,0.9,2,False,,,,
3323,0.9,2,False,,,,
3324,0.9,2,False,,,,
3325,0.9,2,False,,,,
3326,0.9,2,False,,,,
3327,0.9,2,False,,,,
3328,0.9,2,False,,,,
3329,0.9,2,False,,,,
3330,0.9,2,False,,,,
3331,0.9,2,False,,,,
3332,0.9,2,False,,,,
3333,0.9,2,False,,,,
3334,0.9,2,False,,,,
3335,0.9,2,False,,,,
3336,0.9,2,False,,,,
3337,0.9,2,False,,,,
3338,0.9,2,False,,,,
3339,0.0,20,True,0.29964912280701755,0.35,0.15354870927759967,2.539353872167201
3340,0.0,20,True,0.528421052631579,0.45,0.08028267642490672,1.4577174691301484
3341,0.0,20,True,0.38666666666666666,0.55,0.25753634565243533,1.9192407046368487
3342,0.0,20,True,0.3929824561403509,0.8,0.5168118696880717,1.1219280948873622
3343,0.05,19,True,0.498635477582846,0.7368421052631579,0.3716101752764803,1.0214554656116668
3344,0.05,19,True,0.2814814814814815,0.3684210526315789,0.13757699309260785,2.247084753917085
3345,0.05,19,True,0.46783625730994155,0.7894736842105263,0.4436691855250421,1.058277043226334
3346,0.1,18,True,0.3921568627450981,0.3333333333333333,0.06818958925289575,2.155221528859512
3347,0.1,18,True,0.41263616557734206,0.6111111111111112,0.22812402278974897,1.1941737342569119
3348,0.1,18,True,0.6074074074074074,0.9444444444444444,0.5283265821844846,0.3095434291503252
3349,0.1,18,True,0.6074074074074074,0.9444444444444444,0.5283265821844846,0.3095434291503252
3350,0.1,18,True,0.6666666666666666,1.0,0.5310044064107188,0.0
3351,0.1,18,True,0.6666666666666666,1.0,0.5310044064107188,0.0
3352,0.1,18,True,0.7333333333333333,1.0,0.5310044064107188,0.0
3353,0.1,18,True,0.39389978213507626,0.5,0.14355618924091973,1.3821022532543101
3354,0.1,18,True,0.3437908496732026,0.3888888888888889,0.14704271718487982,2.3220847276178658
3355,0.1,18,True,0.31633986928104574,0.4444444444444444,0.2110702296074859,1.7448425317532439
3356,0.1,18,True,0.6666666666666666,1.0,0.5310044064107188,0.0
3357,0.1,18,True,0.40610021786492373,0.5555555555555556,0.14132728892674484,0.9910760598382222
3358,0.1,18,True,0.4601307189542484,0.7777777777777778,0.27015330083790245,0.7642045065086203
3359,0.05,19,True,0.543859649122807,0.9473684210526315,0.6410037503534696,0.2974722489192896
3360,0.05,19,True,0.7321637426900585,0.8947368421052632,0.5283265821844846,0.4854607607459134
3361,0.05,19,True,1.0,1.0,0.7136030428840437,0.0
3362,0.05,19,True,0.50682261208577,0.8421052631578947,0.4890359525563188,0.7742433029172697
3363,0.05,19,True,0.46159844054580895,0.6842105263157895,0.35289896413803834,1.61078454839968
3364,0.05,19,True,0.2916179337231969,0.47368421052631576,0.2698043285786723,1.4832261969709113
3365,0.05,19,True,0.5177387914230019,0.8947368421052632,0.5762076600877131,0.5907239186406502
3366,0.1,18,True,0.38082788671023965,0.3888888888888889,0.07161017527648028,1.541982284286398
3367,0.1,18,True,0.38082788671023965,0.6111111111111112,0.2334525823968916,1.6805563732659934
3368,0.1,18,True,0.34335511982570804,0.3888888888888889,0.05966808229910736,1.9048750051552579
3369,0.1,18,True,0.47581699346405226,0.8888888888888888,0.4890359525563188,0.6143694458867568
3370,0.1,18,True,0.3895424836601307,0.5555555555555556,0.1901204745045889,1.5683182557028437
3371,0.1,18,True,0.29237472766884537,0.3333333333333333,0.0824088998195891,2.7107770844150676
3372,0.1,18,True,0.3559912854030501,0.4444444444444444,0.2110702296074859,1.7448425317532439
3373,0.1,18,True,0.4496732026143791,0.5555555555555556,0.1572623513863327,1.3516441151533922
3374,0.1,18,True,0.30413943355119827,0.3333333333333333,0.08472276859369632,2.107735252622104
3375,0.1,18,True,0.3568627450980392,0.3888888888888889,0.1961188691478417,1.9864267287308424
3376,0.05,19,True,0.4639376218323587,0.7368421052631579,0.388854772263004,1.192250860234642
3377,0.05,19,True,0.4358674463937622,0.5263157894736842,0.26951797627815943,1.2363864108712896
3378,0.05,19,True,0.6701754385964912,0.9473684210526315,0.6410037503534696,0.2974722489192896
3379,0.05,19,True,0.31267056530214427,0.42105263157894735,0.18102136700694205,1.7002237262558648
3380,0.05,19,True,0.49473684210526314,0.47368421052631576,0.26550220320535933,1.2448406699719212
3381,0.05,19,True,0.45380116959064326,0.47368421052631576,0.21923179899069856,1.60683227831811
3382,0.05,19,True,0.5177387914230019,0.5263157894736842,0.2771568471826691,1.4652556501132248
3383,0.1,18,True,0.5272331154684096,0.8333333333333334,0.4436691855250421,0.9141828384352135
3384,0.1,18,True,0.28627450980392155,0.3333333333333333,0.1430164685151104,2.3355055565170972
3385,0.1,18,True,0.3246187363834423,0.5,0.1818141191887922,1.8288713632524445
3386,0.1,18,True,0.5398692810457516,0.5,0.20226907788083903,1.2516291673878228
3387,0.95,1,False,,,,
3388,0.95,1,False,,,,
3389,0.95,1,False,,,,
3390,0.95,1,False,,,,
3391,0.95,1,False,,,,
3392,0.95,1,False,,,,
3393,0.1,18,True,0.552069716775599,0.8888888888888888,0.4890359525563188,0.6143694458867568
3394,0.1,18,True,0.7333333333333333,1.0,0.5310044064107188,0.0
3395,0.1,18,True,0.5734204793028322,0.8888888888888888,0.4890359525563188,0.6143694458867568
3396,0.1,18,True,0.5764705882352942,0.5,0.13625994749630344,1.0
3397,0.1,18,True,0.2784313725490196,0.4444444444444444,0.18618464294482606,2.1916116417513782
3398,0.1,18,True,0.46056644880174297,0.8888888888888888,0.4890359525563188,0.6143694458867568
3399,0.1,18,True,0.3886710239651416,0.3888888888888889,0.1961188691478417,1.9864267287308424
3400,0.1,18,True,0.47058823529411764,0.7777777777777778,0.340482362830567,0.9444885341662053
3401,0.1,18,True,0.2971677559912854,0.3888888888888889,0.14704271718487982,2.3220847276178658
3402,0.1,18,True,0.5145969498910675,0.7777777777777778,0.3725991547047849,1.0975378398419535
3403,0.1,18,True,0.35860566448801745,0.6111111111111112,0.2585560474829177,1.7916674843771045
3404,0.95,1,False,,,,
3405,0.15,17,True,0.30392156862745096,0.47058823529411764,0.14749181257269428,1.8751310486364097
3406,0.15,17,True,0.3196078431372549,0.4117647058823529,0.17141907189355698,2.0191534613250357
3407,0.15,17,True,0.30343137254901964,0.35294117647058826,0.09943237815189065,2.2569089895583545
3408,0.15,17,True,0.5049019607843138,0.6470588235294118,0.11290798446487105,0.9366673818775626
3409,0.15,17,True,0.3225490196078431,0.35294117647058826,0.13327445695283968,2.145136370153053
3410,0.15,17,True,0.6666666666666666,1.0,0.3901596952835996,0.0
3411,0.15,17,True,0.39607843137254906,0.6470588235294118,0.20593925432908677,1.4516607643577668
3412,0.15,17,True,0.29068627450980394,0.4117647058823529,0.11619060520854652,2.5785519909913264
3413,0.15,17,True,0.41568627450980394,0.5294117647058824,0.16528093984799175,1.8210319581338212
3414,0.15,17,True,0.42892156862745096,0.6470588235294118,0.23275129257820693,1.3784188527203236
3415,0.15,17,True,0.4372549019607843,0.47058823529411764,0.134902164289336,1.6457113704075788
3416,0.15,17,True,0.4230392156862745,0.47058823529411764,0.14749181257269428,1.8751310486364097
3417,0.15,17,True,0.3588235294117647,0.35294117647058826,0.05870734346526263,2.1451363701530526
3418,0.15,17,True,0.43186274509803924,0.7647058823529411,0.32000568559205445,1.1400677626718572
3419,0.15,17,True,0.27990196078431373,0.4117647058823529,0.11666683845820103,1.968873874720721
3420,0.15,17,True,0.2916666666666667,0.4117647058823529,0.13279683431365763,2.3432578733442675
3421,0.15,17,True,0.2519607843137255,0.35294117647058826,0.08240889981958899,2.7045348998193437
3422,0.15,17,True,0.4377450980392157,0.4117647058823529,0.1304488374189683,1.6578764348499595
3423,0.15,17,True,0.2647058823529412,0.35294117647058826,0.07524052280606319,2.0948567835487384
3424,0.15,17,True,0.3352941176470588,0.5882352941176471,0.21731179010485935,1.6627992560224794
3425,0.15,17,True,0.5455882352941176,0.8235294117647058,0.340482362830567,0.8343470230852537
3426,0.15,17,True,0.41568627450980394,0.8235294117647058,0.38885477226300413,0.951994081908783
3427,0.15,17,True,0.38676470588235295,0.5294117647058824,0.1957848110365069,1.9386790169573507
3428,0.15,17,True,0.26666666666666666,0.35294117647058826,0.09429256635825567,2.822181958642873
3429,0.15,17,True,0.37598039215686274,0.5294117647058824,0.1964156366567027,1.7263472243434208
3430,0.15,17,True,0.25980392156862747,0.4117647058823529,0.1378906947569074,2.6517939026287696
3431,0.4,12,True,0.4414141414141414,0.6666666666666666,0.2564967211898894,1.584962500721156
3432,0.4,12,True,0.3898989898989899,0.75,0.2698043285786723,1.207518749639422
3433,0.4,12,True,0.46969696969696967,0.75,0.2698043285786723,1.207518749639422
3434,0.4,12,True,0.3696969696969697,0.5833333333333334,0.18102136700694194,1.5510981710072647
3435,0.4,12,True,0.3585858585858586,0.75,0.2698043285786723,1.207518749639422
3436,0.4,12,True,0.503030303030303,0.8333333333333334,0.26951797627815943,0.8166890883150209
3437,0.4,12,True,0.3343434343434344,0.5,0.18424543142325822,1.896240625180289
3438,0.4,12,True,0.38181818181818183,0.6666666666666666,0.2564967211898894,1.584962500721156
3439,0.4,12,True,0.31212121212121213,0.5,0.19980216002594875,2.125814583693911
3440,0.45,11,True,0.38909090909090904,0.7272727272727273,0.2698043285786723,1.2776134368191154
3441,0.5,10,True,0.5081481481481481,0.8,0.26951797627815943,0.9219280948873623
3442,0.45,11,True,0.2678787878787879,0.5454545454545454,0.24485034743374168,2.049452072789394
3443,0.45,11,True,0.47515151515151516,0.7272727272727273,0.20226907788083914,1.0957952550009336
3444,0.45,11,True,0.2496969696969697,0.45454545454545453,0.1818141191887922,2.0403733936884962
3445,0.45,11,True,0.23757575757575758,0.2727272727272727,0.19312997374815177,2.845350936622437
3446,0.45,11,True,0.18424242424242424,0.2727272727272727,0.18076084362328393,2.663532754804255
3447,0.45,11,True,0.27878787878787875,0.45454545454545453,0.22834005982783967,2.4040097573248604
3448,0.55,9,True,0.3111111111111111,0.4444444444444444,0.25753634565243533,2.058813890331201
3449,0.95,1,False,,,,
3450,0.95,1,False,,,,
3451,0.75,5,True,0.2,0.4,0.4436691855250421,1.9219280948873623
3452,0.6,8,True,0.32857142857142857,0.625,0.31502247023287666,1.5487949406953985
3453,0.6,8,True,0.2976190476190476,0.375,0.25354871102045307,1.9056390622295665
3454,0.7,6,True,0.31555555555555553,0.5,0.38885477226300413,1.7924812503605778
3455,0.55,9,True,0.3,0.5555555555555556,0.2886710424611464,1.8799649487271108
3456,0.85,3,False,,,,
3457,0.85,3,False,,,,
3458,0.55,9,True,0.4574074074074074,0.5555555555555556,0.19949284709658266,1.3516441151533922
3459,0.55,9,True,0.40925925925925927,0.5555555555555556,0.19949284709658266,1.3516441151533922
3460,0.55,9,True,0.2833333333333333,0.3333333333333333,0.2334525823968916,2.197159723424149
3461,0.55,9,True,0.3944444444444445,0.5555555555555556,0.19949284709658266,1.3516441151533922
3462,0.55,9,True,0.27037037037037037,0.4444444444444444,0.25753634565243533,2.058813890331201
3463,0.55,9,True,0.5925925925925927,0.8888888888888888,0.23074476267918287,0.5032583347756457
3464,0.55,9,True,0.29629629629629634,0.3333333333333333,0.20593925432908677,1.8910611120726526
3465,0.55,9,True,0.6,1.0,0.007225546012191719,0.0
3466,0.55,9,True,0.3851851851851852,0.3333333333333333,0.20593925432908677,1.8910611120726526
3467,0.6,8,True,0.319047619047619,0.5,0.2803607492695732,1.75
3468,0.5,10,True,0.3022222222222222,0.6,0.17613453894041953,1.295461844238322
3469,0.5,10,True,0.21037037037037037,0.3,0.22559344255483083,2.6464393446710157
3470,0.5,10,True,0.2948148148148148,0.3,0.20807317419415017,2.4464393446710155
3471,0.5,10,True,0.21777777777777776,0.2,0.21301198418543954,2.721928094887362
3472,0.5,10,True,0.482962962962963,0.8,0.26951797627815943,0.9219280948873623
3473,0.5,10,True,0.397037037037037,0.7,0.2771568471826691,1.3567796494470397
3474,0.5,10,True,0.3555555555555555,0.6,0.23103764446506314,1.5709505944546687
3475,0.5,10,True,0.52,0.9,0.2211186092838502,0.4689955935892812
3476,0.5,10,True,0.2518518518518518,0.3,0.20807317419415017,2.4464393446710155
3477,0.5,10,True,0.2237037037037037,0.4,0.23024907521851967,2.321928094887362
3478,0.5,10,True,0.362962962962963,0.4,0.21731179010485935,2.046439344671015
3479,0.5,10,True,0.2977777777777778,0.3,0.1611579504086038,1.8954618442383218
3480,0.5,10,True,0.4118518518518518,0.8,0.26951797627815943,0.9219280948873623
3481,0.5,10,True,0.48444444444444446,0.6,0.17613453894041953,1.295461844238322
3482,0.5,10,True,0.2977777777777778,0.6,0.27059858829622396,1.7709505944546688
3483,0.5,10,True,0.56,0.9,0.2211186092838502,0.4689955935892812
3484,0.5,10,True,0.31703703703703706,0.6,0.15726235138633282,1.3709505944546687
3485,0.5,10,True,0.3244444444444445,0.5,0.2338449694456599,1.9609640474436814
3486,0.5,10,True,0.40888888888888886,0.5,0.1901204745045889,1.7609640474436812
3487,0.5,10,True,0.3614814814814815,0.6,0.27059858829622396,1.7709505944546688
3488,0.5,10,True,0.36000000000000004,0.6,0.23103764446506314,1.5709505944546687
3489,0.5,10,True,0.3674074074074074,0.5,0.25891735050123776,2.1609640474436813
3490,0.5,10,True,0.36444444444444446,0.6,0.27059858829622396,1.7709505944546688
3491,0.5,10,True,0.5170370370370371,0.8,0.26951797627815943,0.9219280948873623
3492,0.55,9,True,0.35185185185185186,0.6666666666666666,0.29207456594376535,1.4466166676282082
3493,0.55,9,True,0.3611111111111111,0.5555555555555556,0.2886710424611463,1.879964948727111
3494,0.55,9,True,0.2925925925925926,0.3333333333333333,0.2480540998648021,2.113283334294875
3495,0.55,9,True,0.2833333333333333,0.3333333333333333,0.2334525823968916,2.197159723424149
3496,0.55,9,True,0.24814814814814815,0.3333333333333333,0.2585560474829177,2.4193819456463714
3497,0.55,9,True,0.27037037037037037,0.3333333333333333,0.2480540998648021,2.113283334294875
3498,0.55,9,True,0.55,0.6666666666666666,0.22812402278974897,1.224394445405986
3499,0.55,9,True,0.3962962962962963,0.6666666666666666,0.29207456594376535,1.4466166676282082
3500,0.55,9,True,0.2722222222222222,0.3333333333333333,0.2480540998648021,2.113283334294875
3501,0.6,8,True,0.19285714285714287,0.125,0.3151413382124534,3.0
3502,0.7,6,True,0.29333333333333333,0.5,0.388854772263004,1.7924812503605778
3503,0.6,8,True,0.4571428571428572,0.75,0.302269077880839,1.061278124459133
3504,0.6,8,True,0.19285714285714287,0.375,0.29081902780598745,2.1556390622295662
3505,0.9,2,False,,,,
3506,0.9,2,False,,,,
3507,0.9,2,False,,,,
3508,0.9,2,False,,,,
3509,0.95,1,False,,,,
3510,0.95,1,False,,,,
3511,0.95,1,False,,,,
3512,0.95,1,False,,,,
3513,0.95,1,False,,,,
3514,0.95,1,False,,,,
3515,0.95,1,False,,,,
3516,0.95,1,False,,,,
3517,0.95,1,False,,,,
3518,0.95,1,False,,,,
3519,0.95,1,False,,,,
3520,0.95,1,False,,,,
3521,0.95,1,False,,,,
3522,0.95,1,False,,,,
3523,0.95,1,False,,,,
3524,0.95,1,False,,,,
3525,0.95,1,False,,,,
3526,0.95,1,False,,,,
3527,0.95,1,False,,,,
3528,0.95,1,False,,,,
3529,0.95,1,False,,,,
3530,0.95,1,False,,,,
3531,0.65,7,True,0.3619047619047619,0.42857142857142855,0.27942323606034725,1.4488156357251847
3532,0.65,7,True,0.36507936507936506,0.5714285714285714,0.2916788609521739,1.3787834934861753
3533,0.65,7,True,0.3619047619047619,0.42857142857142855,0.27942323606034725,1.4488156357251847
3534,0.65,7,True,0.24444444444444444,0.5714285714285714,0.29167886095217377,1.3787834934861753
3535,0.65,7,True,0.3873015873015873,0.5714285714285714,0.29167886095217377,1.3787834934861753
3536,0.6,8,True,0.5,0.875,0.25021798863140454,0.5435644431995964
3537,0.6,8,True,0.28809523809523807,0.375,0.29081902780598756,2.1556390622295662
3538,0.6,8,True,0.22380952380952382,0.25,0.30968313518177704,2.75
3539,0.6,8,True,0.3,0.25,0.2979332328204183,2.5
3540,0.6,8,True,0.2261904761904762,0.375,0.31137805050685086,2.4056390622295662
3541,0.55,9,True,0.22037037037037036,0.2222222222222222,0.2602530984543837,2.725480556997868
3542,0.55,9,True,0.22037037037037036,0.2222222222222222,0.2602530984543837,2.725480556997868
3543,0.55,9,True,0.20185185185185184,0.2222222222222222,0.2683610168752897,2.94770277922009
3544,0.55,9,True,0.17407407407407408,0.2222222222222222,0.2683610168752899,2.94770277922009
3545,0.55,9,True,0.2111111111111111,0.2222222222222222,0.2683610168752899,2.94770277922009
3546,0.55,9,True,0.2925925925925926,0.3333333333333333,0.2585560474829177,2.4193819456463714
3547,0.6,8,True,0.22380952380952382,0.25,0.2979332328204184,2.5
3548,0.6,8,True,0.2642857142857143,0.5,0.3149027910615312,2.0
3549,0.55,9,True,0.24814814814814815,0.3333333333333333,0.2585560474829177,2.4193819456463714
3550,0.55,9,True,0.4666666666666667,0.6666666666666666,0.11290798446487105,0.9182958340544896
3551,0.55,9,True,0.2518518518518518,0.4444444444444444,0.28073194850728744,2.2810361125534233
3552,0.55,9,True,0.26296296296296295,0.3333333333333333,0.2585560474829177,2.4193819456463714
3553,0.55,9,True,0.22222222222222224,0.3333333333333333,0.2728345568237748,2.6416041678685933
3554,0.6,8,True,0.26904761904761904,0.375,0.29081902780598756,2.1556390622295662
3555,0.6,8,True,0.2285714285714286,0.375,0.31137805050685086,2.4056390622295662
3556,0.6,8,True,0.31666666666666665,0.375,0.29081902780598745,2.1556390622295662
3557,0.6,8,True,0.2,0.25,0.30968313518177704,2.75
3558,0.6,8,True,0.380952380952381,0.5,0.2803607492695732,1.75
3559,0.6,8,True,0.24523809523809523,0.25,0.2979332328204183,2.5
3560,0.65,7,True,0.2920634920634921,0.42857142857142855,0.35051363316910866,2.1280852788913944
3561,0.6,8,True,0.28809523809523807,0.5,0.3149027910615312,2.0
3562,0.7,6,True,0.18666666666666665,0.16666666666666666,0.4098431814126551,2.584962500721156
3563,0.7,6,True,0.2711111111111111,0.3333333333333333,0.3725991547047849,1.9182958340544893
3564,0.7,6,True,0.18666666666666665,0.3333333333333333,0.3977554223658072,2.2516291673878226
3565,0.7,6,True,0.41333333333333333,0.6666666666666666,0.3716101752764803,1.2516291673878228
3566,0.7,6,True,0.3022222222222222,0.5,0.388854772263004,1.792481250360578
3567,0.95,1,False,,,,
3568,0.95,1,False,,,,
3569,0.95,1,False,,,,
3570,0.95,1,False,,,,
3571,0.95,1,False,,,,
3572,0.95,1,False,,,,
3573,0.95,1,False,,,,
3574,0.95,1,False,,,,
3575,0.95,1,False,,,,
3576,0.85,3,False,,,,
3577,0.85,3,False,,,,
3578,0.85,3,False,,,,
3579,0.85,3,False,,,,
3580,0.85,3,False,,,,
3581,0.75,5,True,0.24666666666666667,0.4,0.4041199259095132,1.5219280948873621
3582,0.75,5,True,0.18666666666666665,0.2,0.46159367967902887,2.321928094887362
3583,0.7,6,True,0.2977777777777778,0.5,0.38885477226300413,1.7924812503605778
3584,0.75,5,True,0.2,0.2,0.46159367967902887,2.321928094887362
3585,0.95,1,False,,,,
3586,0.95,1,False,,,,
3587,0.95,1,False,,,,
3588,0.75,5,True,0.32,0.4,0.4041199259095133,1.5219280948873621
3589,0.95,1,False,,,,
3590,0.95,1,False,,,,
3591,0.95,1,False,,,,
3592,0.95,1,False,,,,
3593,0.95,1,False,,,,
3594,0.95,1,False,,,,
3595,0.95,1,False,,,,
3596,0.95,1,False,,,,
3597,0.8,4,False,,,,
3598,0.95,1,False,,,,
3599,0.95,1,False,,,,
3600,0.95,1,False,,,,
3601,0.8,4,False,,,,
3602,0.8,4,False,,,,
3603,0.8,4,False,,,,
3604,0.8,4,False,,,,
3605,0.8,4,False,,,,
3606,0.8,4,False,,,,
3607,0.8,4,False,,,,
3608,0.8,4,False,,,,
3609,0.8,4,False,,,,
3610,0.85,3,False,,,,
3611,0.85,3,False,,,,
3612,0.85,3,False,,,,
3613,0.85,3,False,,,,
3614,0.95,1,False,,,,
3615,0.95,1,False,,,,
3616,0.95,1,False,,,,
3617,0.95,1,False,,,,
3618,0.95,1,False,,,,
3619,0.95,1,False,,,,
3620,0.95,1,False,,,,
3621,0.95,1,False,,,,
3622,0.9,2,False,,,,
3623,0.9,2,False,,,,
3624,0.9,2,False,,,,
3625,0.9,2,False,,,,
3626,0.9,2,False,,,,
3627,0.9,2,False,,,,
3628,0.95,1,False,,,,
3629,0.95,1,False,,,,
3630,0.95,1,False,,,,
3631,0.95,1,False,,,,
3632,0.95,1,False,,,,
3633,0.95,1,False,,,,
3634,0.9,2,False,,,,
3635,0.9,2,False,,,,
3636,0.9,2,False,,,,
3637,0.9,2,False,,,,
3638,0.9,2,False,,,,
3639,0.9,2,False,,,,
3640,0.9,2,False,,,,
3641,0.9,2,False,,,,
3642,0.9,2,False,,,,
3643,0.9,2,False,,,,
3644,0.9,2,False,,,,
3645,0.9,2,False,,,,
3646,0.9,2,False,,,,
3647,0.9,2,False,,,,
3648,0.9,2,False,,,,
3649,0.9,2,False,,,,
3650,0.95,1,False,,,,
3651,0.95,1,False,,,,
3652,0.95,1,False,,,,
3653,0.95,1,False,,,,
3654,0.95,1,False,,,,
3655,0.95,1,False,,,,
3656,0.95,1,False,,,,
3657,0.95,1,False,,,,
3658,0.95,1,False,,,,
