col_index,gap_frac,nongap_n,keep,cons_similarity,cons_identity,cons_entropy22,cons_entropy_nogap
1,0.9473684210526315,1,False,,,,
2,0.9473684210526315,1,False,,,,
3,0.9473684210526315,1,False,,,,
4,0.9473684210526315,1,False,,,,
5,0.9473684210526315,1,False,,,,
6,0.9473684210526315,1,False,,,,
7,0.9473684210526315,1,False,,,,
8,0.9473684210526315,1,False,,,,
9,0.9473684210526315,1,False,,,,
10,0.9473684210526315,1,False,,,,
11,0.9473684210526315,1,False,,,,
12,0.9473684210526315,1,False,,,,
13,0.9473684210526315,1,False,,,,
14,0.9473684210526315,1,False,,,,
15,0.9473684210526315,1,False,,,,
16,0.9473684210526315,1,False,,,,
17,0.9473684210526315,1,False,,,,
18,0.9473684210526315,1,False,,,,
19,0.9473684210526315,1,False,,,,
20,0.9473684210526315,1,False,,,,
21,0.9473684210526315,1,False,,,,
22,0.9473684210526315,1,False,,,,
23,0.9473684210526315,1,False,,,,
24,0.9473684210526315,1,False,,,,
25,0.9473684210526315,1,False,,,,
26,0.9473684210526315,1,False,,,,
27,0.9473684210526315,1,False,,,,
28,0.9473684210526315,1,False,,,,
29,0.9473684210526315,1,False,,,,
30,0.9473684210526315,1,False,,,,
31,0.9473684210526315,1,False,,,,
32,0.9473684210526315,1,False,,,,
33,0.9473684210526315,1,False,,,,
34,0.9473684210526315,1,False,,,,
35,0.9473684210526315,1,False,,,,
36,0.9473684210526315,1,False,,,,
37,0.9473684210526315,1,False,,,,
38,0.9473684210526315,1,False,,,,
39,0.9473684210526315,1,False,,,,
40,0.9473684210526315,1,False,,,,
41,0.9473684210526315,1,False,,,,
42,0.9473684210526315,1,False,,,,
43,0.9473684210526315,1,False,,,,
44,0.9473684210526315,1,False,,,,
45,0.9473684210526315,1,False,,,,
46,0.9473684210526315,1,False,,,,
47,0.9473684210526315,1,False,,,,
48,0.9473684210526315,1,False,,,,
49,0.9473684210526315,1,False,,,,
50,0.9473684210526315,1,False,,,,
51,0.9473684210526315,1,False,,,,
52,0.9473684210526315,1,False,,,,
53,0.9473684210526315,1,False,,,,
54,0.9473684210526315,1,False,,,,
55,0.9473684210526315,1,False,,,,
56,0.9473684210526315,1,False,,,,
57,0.9473684210526315,1,False,,,,
58,0.9473684210526315,1,False,,,,
59,0.9473684210526315,1,False,,,,
60,0.9473684210526315,1,False,,,,
61,0.9473684210526315,1,False,,,,
62,0.9473684210526315,1,False,,,,
63,0.9473684210526315,1,False,,,,
64,0.9473684210526315,1,False,,,,
65,0.9473684210526315,1,False,,,,
66,0.9473684210526315,1,False,,,,
67,0.9473684210526315,1,False,,,,
68,0.9473684210526315,1,False,,,,
69,0.9473684210526315,1,False,,,,
70,0.9473684210526315,1,False,,,,
71,0.9473684210526315,1,False,,,,
72,0.9473684210526315,1,False,,,,
73,0.9473684210526315,1,False,,,,
74,0.9473684210526315,1,False,,,,
75,0.9473684210526315,1,False,,,,
76,0.9473684210526315,1,False,,,,
77,0.9473684210526315,1,False,,,,
78,0.9473684210526315,1,False,,,,
79,0.9473684210526315,1,False,,,,
80,0.9473684210526315,1,False,,,,
81,0.9473684210526315,1,False,,,,
82,0.9473684210526315,1,False,,,,
83,0.9473684210526315,1,False,,,,
84,0.9473684210526315,1,False,,,,
85,0.9473684210526315,1,False,,,,
86,0.9473684210526315,1,False,,,,
87,0.9473684210526315,1,False,,,,
88,0.9473684210526315,1,False,,,,
89,0.9473684210526315,1,False,,,,
90,0.9473684210526315,1,False,,,,
91,0.9473684210526315,1,False,,,,
92,0.9473684210526315,1,False,,,,
93,0.9473684210526315,1,False,,,,
94,0.9473684210526315,1,False,,,,
95,0.9473684210526315,1,False,,,,
96,0.9473684210526315,1,False,,,,
97,0.9473684210526315,1,False,,,,
98,0.9473684210526315,1,False,,,,
99,0.9473684210526315,1,False,,,,
100,0.9473684210526315,1,False,,,,
101,0.9473684210526315,1,False,,,,
102,0.9473684210526315,1,False,,,,
103,0.9473684210526315,1,False,,,,
104,0.9473684210526315,1,False,,,,
105,0.9473684210526315,1,False,,,,
106,0.9473684210526315,1,False,,,,
107,0.9473684210526315,1,False,,,,
108,0.9473684210526315,1,False,,,,
109,0.9473684210526315,1,False,,,,
110,0.9473684210526315,1,False,,,,
111,0.9473684210526315,1,False,,,,
112,0.9473684210526315,1,False,,,,
113,0.9473684210526315,1,False,,,,
114,0.9473684210526315,1,False,,,,
115,0.9473684210526315,1,False,,,,
116,0.9473684210526315,1,False,,,,
117,0.9473684210526315,1,False,,,,
118,0.9473684210526315,1,False,,,,
119,0.9473684210526315,1,False,,,,
120,0.9473684210526315,1,False,,,,
121,0.9473684210526315,1,False,,,,
122,0.9473684210526315,1,False,,,,
123,0.9473684210526315,1,False,,,,
124,0.9473684210526315,1,False,,,,
125,0.9473684210526315,1,False,,,,
126,0.9473684210526315,1,False,,,,
127,0.9473684210526315,1,False,,,,
128,0.9473684210526315,1,False,,,,
129,0.9473684210526315,1,False,,,,
130,0.9473684210526315,1,False,,,,
131,0.9473684210526315,1,False,,,,
132,0.9473684210526315,1,False,,,,
133,0.9473684210526315,1,False,,,,
134,0.9473684210526315,1,False,,,,
135,0.9473684210526315,1,False,,,,
136,0.9473684210526315,1,False,,,,
137,0.9473684210526315,1,False,,,,
138,0.9473684210526315,1,False,,,,
139,0.9473684210526315,1,False,,,,
140,0.9473684210526315,1,False,,,,
141,0.9473684210526315,1,False,,,,
142,0.9473684210526315,1,False,,,,
143,0.9473684210526315,1,False,,,,
144,0.9473684210526315,1,False,,,,
145,0.9473684210526315,1,False,,,,
146,0.9473684210526315,1,False,,,,
147,0.9473684210526315,1,False,,,,
148,0.9473684210526315,1,False,,,,
149,0.9473684210526315,1,False,,,,
150,0.9473684210526315,1,False,,,,
151,0.9473684210526315,1,False,,,,
152,0.9473684210526315,1,False,,,,
153,0.9473684210526315,1,False,,,,
154,0.9473684210526315,1,False,,,,
155,0.9473684210526315,1,False,,,,
156,0.9473684210526315,1,False,,,,
157,0.9473684210526315,1,False,,,,
158,0.9473684210526315,1,False,,,,
159,0.9473684210526315,1,False,,,,
160,0.9473684210526315,1,False,,,,
161,0.9473684210526315,1,False,,,,
162,0.9473684210526315,1,False,,,,
163,0.9473684210526315,1,False,,,,
164,0.9473684210526315,1,False,,,,
165,0.9473684210526315,1,False,,,,
166,0.9473684210526315,1,False,,,,
167,0.9473684210526315,1,False,,,,
168,0.9473684210526315,1,False,,,,
169,0.9473684210526315,1,False,,,,
170,0.9473684210526315,1,False,,,,
171,0.9473684210526315,1,False,,,,
172,0.9473684210526315,1,False,,,,
173,0.9473684210526315,1,False,,,,
174,0.9473684210526315,1,False,,,,
175,0.9473684210526315,1,False,,,,
176,0.9473684210526315,1,False,,,,
177,0.9473684210526315,1,False,,,,
178,0.9473684210526315,1,False,,,,
179,0.9473684210526315,1,False,,,,
180,0.9473684210526315,1,False,,,,
181,0.9473684210526315,1,False,,,,
182,0.9473684210526315,1,False,,,,
183,0.9473684210526315,1,False,,,,
184,0.9473684210526315,1,False,,,,
185,0.9473684210526315,1,False,,,,
186,0.9473684210526315,1,False,,,,
187,0.9473684210526315,1,False,,,,
188,0.9473684210526315,1,False,,,,
189,0.9473684210526315,1,False,,,,
190,0.9473684210526315,1,False,,,,
191,0.9473684210526315,1,False,,,,
192,0.9473684210526315,1,False,,,,
193,0.9473684210526315,1,False,,,,
194,0.9473684210526315,1,False,,,,
195,0.9473684210526315,1,False,,,,
196,0.9473684210526315,1,False,,,,
197,0.9473684210526315,1,False,,,,
198,0.9473684210526315,1,False,,,,
199,0.9473684210526315,1,False,,,,
200,0.9473684210526315,1,False,,,,
201,0.9473684210526315,1,False,,,,
202,0.9473684210526315,1,False,,,,
203,0.9473684210526315,1,False,,,,
204,0.9473684210526315,1,False,,,,
205,0.9473684210526315,1,False,,,,
206,0.9473684210526315,1,False,,,,
207,0.9473684210526315,1,False,,,,
208,0.9473684210526315,1,False,,,,
209,0.9473684210526315,1,False,,,,
210,0.9473684210526315,1,False,,,,
211,0.9473684210526315,1,False,,,,
212,0.9473684210526315,1,False,,,,
213,0.9473684210526315,1,False,,,,
214,0.9473684210526315,1,False,,,,
215,0.9473684210526315,1,False,,,,
216,0.9473684210526315,1,False,,,,
217,0.9473684210526315,1,False,,,,
218,0.9473684210526315,1,False,,,,
219,0.9473684210526315,1,False,,,,
220,0.9473684210526315,1,False,,,,
221,0.9473684210526315,1,False,,,,
222,0.9473684210526315,1,False,,,,
223,0.9473684210526315,1,False,,,,
224,0.9473684210526315,1,False,,,,
225,0.9473684210526315,1,False,,,,
226,0.9473684210526315,1,False,,,,
227,0.9473684210526315,1,False,,,,
228,0.9473684210526315,1,False,,,,
229,0.9473684210526315,1,False,,,,
230,0.9473684210526315,1,False,,,,
231,0.9473684210526315,1,False,,,,
232,0.9473684210526315,1,False,,,,
233,0.9473684210526315,1,False,,,,
234,0.9473684210526315,1,False,,,,
235,0.9473684210526315,1,False,,,,
236,0.9473684210526315,1,False,,,,
237,0.9473684210526315,1,False,,,,
238,0.9473684210526315,1,False,,,,
239,0.9473684210526315,1,False,,,,
240,0.9473684210526315,1,False,,,,
241,0.9473684210526315,1,False,,,,
242,0.9473684210526315,1,False,,,,
243,0.9473684210526315,1,False,,,,
244,0.9473684210526315,1,False,,,,
245,0.9473684210526315,1,False,,,,
246,0.9473684210526315,1,False,,,,
247,0.9473684210526315,1,False,,,,
248,0.9473684210526315,1,False,,,,
249,0.9473684210526315,1,False,,,,
250,0.9473684210526315,1,False,,,,
251,0.9473684210526315,1,False,,,,
252,0.9473684210526315,1,False,,,,
253,0.9473684210526315,1,False,,,,
254,0.9473684210526315,1,False,,,,
255,0.9473684210526315,1,False,,,,
256,0.9473684210526315,1,False,,,,
257,0.9473684210526315,1,False,,,,
258,0.9473684210526315,1,False,,,,
259,0.9473684210526315,1,False,,,,
260,0.9473684210526315,1,False,,,,
261,0.9473684210526315,1,False,,,,
262,0.9473684210526315,1,False,,,,
263,0.9473684210526315,1,False,,,,
264,0.9473684210526315,1,False,,,,
265,0.9473684210526315,1,False,,,,
266,0.9473684210526315,1,False,,,,
267,0.9473684210526315,1,False,,,,
268,0.9473684210526315,1,False,,,,
269,0.9473684210526315,1,False,,,,
270,0.9473684210526315,1,False,,,,
271,0.9473684210526315,1,False,,,,
272,0.9473684210526315,1,False,,,,
273,0.9473684210526315,1,False,,,,
274,0.9473684210526315,1,False,,,,
275,0.9473684210526315,1,False,,,,
276,0.9473684210526315,1,False,,,,
277,0.9473684210526315,1,False,,,,
278,0.9473684210526315,1,False,,,,
279,0.9473684210526315,1,False,,,,
280,0.9473684210526315,1,False,,,,
281,0.9473684210526315,1,False,,,,
282,0.9473684210526315,1,False,,,,
283,0.9473684210526315,1,False,,,,
284,0.9473684210526315,1,False,,,,
285,0.9473684210526315,1,False,,,,
286,0.9473684210526315,1,False,,,,
287,0.9473684210526315,1,False,,,,
288,0.9473684210526315,1,False,,,,
289,0.9473684210526315,1,False,,,,
290,0.9473684210526315,1,False,,,,
291,0.9473684210526315,1,False,,,,
292,0.9473684210526315,1,False,,,,
293,0.9473684210526315,1,False,,,,
294,0.9473684210526315,1,False,,,,
295,0.9473684210526315,1,False,,,,
296,0.9473684210526315,1,False,,,,
297,0.9473684210526315,1,False,,,,
298,0.9473684210526315,1,False,,,,
299,0.9473684210526315,1,False,,,,
300,0.9473684210526315,1,False,,,,
301,0.9473684210526315,1,False,,,,
302,0.9473684210526315,1,False,,,,
303,0.9473684210526315,1,False,,,,
304,0.9473684210526315,1,False,,,,
305,0.9473684210526315,1,False,,,,
306,0.9473684210526315,1,False,,,,
307,0.9473684210526315,1,False,,,,
308,0.9473684210526315,1,False,,,,
309,0.9473684210526315,1,False,,,,
310,0.9473684210526315,1,False,,,,
311,0.9473684210526315,1,False,,,,
312,0.9473684210526315,1,False,,,,
313,0.9473684210526315,1,False,,,,
314,0.9473684210526315,1,False,,,,
315,0.9473684210526315,1,False,,,,
316,0.9473684210526315,1,False,,,,
317,0.9473684210526315,1,False,,,,
318,0.9473684210526315,1,False,,,,
319,0.9473684210526315,1,False,,,,
320,0.9473684210526315,1,False,,,,
321,0.9473684210526315,1,False,,,,
322,0.9473684210526315,1,False,,,,
323,0.9473684210526315,1,False,,,,
324,0.9473684210526315,1,False,,,,
325,0.9473684210526315,1,False,,,,
326,0.9473684210526315,1,False,,,,
327,0.9473684210526315,1,False,,,,
328,0.9473684210526315,1,False,,,,
329,0.9473684210526315,1,False,,,,
330,0.9473684210526315,1,False,,,,
331,0.9473684210526315,1,False,,,,
332,0.9473684210526315,1,False,,,,
333,0.9473684210526315,1,False,,,,
334,0.9473684210526315,1,False,,,,
335,0.9473684210526315,1,False,,,,
336,0.9473684210526315,1,False,,,,
337,0.9473684210526315,1,False,,,,
338,0.9473684210526315,1,False,,,,
339,0.9473684210526315,1,False,,,,
340,0.9473684210526315,1,False,,,,
341,0.9473684210526315,1,False,,,,
342,0.9473684210526315,1,False,,,,
343,0.9473684210526315,1,False,,,,
344,0.9473684210526315,1,False,,,,
345,0.9473684210526315,1,False,,,,
346,0.9473684210526315,1,False,,,,
347,0.9473684210526315,1,False,,,,
348,0.9473684210526315,1,False,,,,
349,0.9473684210526315,1,False,,,,
350,0.9473684210526315,1,False,,,,
351,0.9473684210526315,1,False,,,,
352,0.9473684210526315,1,False,,,,
353,0.9473684210526315,1,False,,,,
354,0.9473684210526315,1,False,,,,
355,0.9473684210526315,1,False,,,,
356,0.9473684210526315,1,False,,,,
357,0.9473684210526315,1,False,,,,
358,0.9473684210526315,1,False,,,,
359,0.9473684210526315,1,False,,,,
360,0.9473684210526315,1,False,,,,
361,0.9473684210526315,1,False,,,,
362,0.9473684210526315,1,False,,,,
363,0.9473684210526315,1,False,,,,
364,0.9473684210526315,1,False,,,,
365,0.9473684210526315,1,False,,,,
366,0.9473684210526315,1,False,,,,
367,0.9473684210526315,1,False,,,,
368,0.9473684210526315,1,False,,,,
369,0.9473684210526315,1,False,,,,
370,0.9473684210526315,1,False,,,,
371,0.9473684210526315,1,False,,,,
372,0.9473684210526315,1,False,,,,
373,0.9473684210526315,1,False,,,,
374,0.9473684210526315,1,False,,,,
375,0.9473684210526315,1,False,,,,
376,0.9473684210526315,1,False,,,,
377,0.9473684210526315,1,False,,,,
378,0.9473684210526315,1,False,,,,
379,0.9473684210526315,1,False,,,,
380,0.9473684210526315,1,False,,,,
381,0.9473684210526315,1,False,,,,
382,0.9473684210526315,1,False,,,,
383,0.9473684210526315,1,False,,,,
384,0.9473684210526315,1,False,,,,
385,0.9473684210526315,1,False,,,,
386,0.9473684210526315,1,False,,,,
387,0.9473684210526315,1,False,,,,
388,0.9473684210526315,1,False,,,,
389,0.9473684210526315,1,False,,,,
390,0.9473684210526315,1,False,,,,
391,0.9473684210526315,1,False,,,,
392,0.9473684210526315,1,False,,,,
393,0.9473684210526315,1,False,,,,
394,0.9473684210526315,1,False,,,,
395,0.9473684210526315,1,False,,,,
396,0.8947368421052632,2,False,,,,
397,0.8947368421052632,2,False,,,,
398,0.8947368421052632,2,False,,,,
399,0.8947368421052632,2,False,,,,
400,0.8947368421052632,2,False,,,,
401,0.8947368421052632,2,False,,,,
402,0.8947368421052632,2,False,,,,
403,0.8947368421052632,2,False,,,,
404,0.8947368421052632,2,False,,,,
405,0.8947368421052632,2,False,,,,
406,0.8947368421052632,2,False,,,,
407,0.8947368421052632,2,False,,,,
408,0.9473684210526315,1,False,,,,
409,0.9473684210526315,1,False,,,,
410,0.9473684210526315,1,False,,,,
411,0.9473684210526315,1,False,,,,
412,0.9473684210526315,1,False,,,,
413,0.9473684210526315,1,False,,,,
414,0.9473684210526315,1,False,,,,
415,0.9473684210526315,1,False,,,,
416,0.9473684210526315,1,False,,,,
417,0.9473684210526315,1,False,,,,
418,0.9473684210526315,1,False,,,,
419,0.9473684210526315,1,False,,,,
420,0.9473684210526315,1,False,,,,
421,0.9473684210526315,1,False,,,,
422,0.9473684210526315,1,False,,,,
423,0.9473684210526315,1,False,,,,
424,0.9473684210526315,1,False,,,,
425,0.9473684210526315,1,False,,,,
426,0.9473684210526315,1,False,,,,
427,0.8947368421052632,2,False,,,,
428,0.8947368421052632,2,False,,,,
429,0.8947368421052632,2,False,,,,
430,0.8947368421052632,2,False,,,,
431,0.8947368421052632,2,False,,,,
432,0.8947368421052632,2,False,,,,
433,0.8947368421052632,2,False,,,,
434,0.8947368421052632,2,False,,,,
435,0.8947368421052632,2,False,,,,
436,0.8947368421052632,2,False,,,,
437,0.8947368421052632,2,False,,,,
438,0.8947368421052632,2,False,,,,
439,0.9473684210526315,1,False,,,,
440,0.9473684210526315,1,False,,,,
441,0.8947368421052632,2,False,,,,
442,0.8947368421052632,2,False,,,,
443,0.8947368421052632,2,False,,,,
444,0.8947368421052632,2,False,,,,
445,0.8947368421052632,2,False,,,,
446,0.8947368421052632,2,False,,,,
447,0.9473684210526315,1,False,,,,
448,0.8947368421052632,2,False,,,,
449,0.8947368421052632,2,False,,,,
450,0.8947368421052632,2,False,,,,
451,0.8947368421052632,2,False,,,,
452,0.8947368421052632,2,False,,,,
453,0.8947368421052632,2,False,,,,
454,0.8947368421052632,2,False,,,,
455,0.8947368421052632,2,False,,,,
456,0.8947368421052632,2,False,,,,
457,0.8947368421052632,2,False,,,,
458,0.8947368421052632,2,False,,,,
459,0.8947368421052632,2,False,,,,
460,0.8947368421052632,2,False,,,,
461,0.8947368421052632,2,False,,,,
462,0.8947368421052632,2,False,,,,
463,0.8947368421052632,2,False,,,,
464,0.8947368421052632,2,False,,,,
465,0.8947368421052632,2,False,,,,
466,0.8947368421052632,2,False,,,,
467,0.8947368421052632,2,False,,,,
468,0.8947368421052632,2,False,,,,
469,0.8947368421052632,2,False,,,,
470,0.8947368421052632,2,False,,,,
471,0.8947368421052632,2,False,,,,
472,0.8947368421052632,2,False,,,,
473,0.8947368421052632,2,False,,,,
474,0.8947368421052632,2,False,,,,
475,0.8947368421052632,2,False,,,,
476,0.8947368421052632,2,False,,,,
477,0.8947368421052632,2,False,,,,
478,0.9473684210526315,1,False,,,,
479,0.9473684210526315,1,False,,,,
480,0.9473684210526315,1,False,,,,
481,0.9473684210526315,1,False,,,,
482,0.9473684210526315,1,False,,,,
483,0.9473684210526315,1,False,,,,
484,0.9473684210526315,1,False,,,,
485,0.9473684210526315,1,False,,,,
486,0.9473684210526315,1,False,,,,
487,0.9473684210526315,1,False,,,,
488,0.9473684210526315,1,False,,,,
489,0.9473684210526315,1,False,,,,
490,0.9473684210526315,1,False,,,,
491,0.9473684210526315,1,False,,,,
492,0.9473684210526315,1,False,,,,
493,0.9473684210526315,1,False,,,,
494,0.8947368421052632,2,False,,,,
495,0.8947368421052632,2,False,,,,
496,0.8947368421052632,2,False,,,,
497,0.8947368421052632,2,False,,,,
498,0.8947368421052632,2,False,,,,
499,0.8947368421052632,2,False,,,,
500,0.8947368421052632,2,False,,,,
501,0.8947368421052632,2,False,,,,
502,0.8947368421052632,2,False,,,,
503,0.8947368421052632,2,False,,,,
504,0.8947368421052632,2,False,,,,
505,0.8947368421052632,2,False,,,,
506,0.8947368421052632,2,False,,,,
507,0.8947368421052632,2,False,,,,
508,0.8947368421052632,2,False,,,,
509,0.8947368421052632,2,False,,,,
510,0.8947368421052632,2,False,,,,
511,0.8947368421052632,2,False,,,,
512,0.9473684210526315,1,False,,,,
513,0.9473684210526315,1,False,,,,
514,0.9473684210526315,1,False,,,,
515,0.9473684210526315,1,False,,,,
516,0.9473684210526315,1,False,,,,
517,0.8947368421052632,2,False,,,,
518,0.8947368421052632,2,False,,,,
519,0.8947368421052632,2,False,,,,
520,0.8947368421052632,2,False,,,,
521,0.8947368421052632,2,False,,,,
522,0.8947368421052632,2,False,,,,
523,0.8947368421052632,2,False,,,,
524,0.8947368421052632,2,False,,,,
525,0.8947368421052632,2,False,,,,
526,0.8947368421052632,2,False,,,,
527,0.8947368421052632,2,False,,,,
528,0.8947368421052632,2,False,,,,
529,0.9473684210526315,1,False,,,,
530,0.9473684210526315,1,False,,,,
531,0.9473684210526315,1,False,,,,
532,0.9473684210526315,1,False,,,,
533,0.8947368421052632,2,False,,,,
534,0.8947368421052632,2,False,,,,
535,0.8947368421052632,2,False,,,,
536,0.8947368421052632,2,False,,,,
537,0.8947368421052632,2,False,,,,
538,0.8947368421052632,2,False,,,,
539,0.8947368421052632,2,False,,,,
540,0.8947368421052632,2,False,,,,
541,0.8947368421052632,2,False,,,,
542,0.8947368421052632,2,False,,,,
543,0.9473684210526315,1,False,,,,
544,0.9473684210526315,1,False,,,,
545,0.9473684210526315,1,False,,,,
546,0.9473684210526315,1,False,,,,
547,0.9473684210526315,1,False,,,,
548,0.9473684210526315,1,False,,,,
549,0.9473684210526315,1,False,,,,
550,0.9473684210526315,1,False,,,,
551,0.9473684210526315,1,False,,,,
552,0.9473684210526315,1,False,,,,
553,0.9473684210526315,1,False,,,,
554,0.8947368421052632,2,False,,,,
555,0.8947368421052632,2,False,,,,
556,0.8947368421052632,2,False,,,,
557,0.8947368421052632,2,False,,,,
558,0.8947368421052632,2,False,,,,
559,0.8947368421052632,2,False,,,,
560,0.8947368421052632,2,False,,,,
561,0.8947368421052632,2,False,,,,
562,0.8947368421052632,2,False,,,,
563,0.8947368421052632,2,False,,,,
564,0.8947368421052632,2,False,,,,
565,0.9473684210526315,1,False,,,,
566,0.9473684210526315,1,False,,,,
567,0.9473684210526315,1,False,,,,
568,0.9473684210526315,1,False,,,,
569,0.9473684210526315,1,False,,,,
570,0.9473684210526315,1,False,,,,
571,0.9473684210526315,1,False,,,,
572,0.9473684210526315,1,False,,,,
573,0.9473684210526315,1,False,,,,
574,0.9473684210526315,1,False,,,,
575,0.8947368421052632,2,False,,,,
576,0.8947368421052632,2,False,,,,
577,0.8421052631578947,3,False,,,,
578,0.8421052631578947,3,False,,,,
579,0.8421052631578947,3,False,,,,
580,0.8421052631578947,3,False,,,,
581,0.8421052631578947,3,False,,,,
582,0.8421052631578947,3,False,,,,
583,0.8421052631578947,3,False,,,,
584,0.8421052631578947,3,False,,,,
585,0.8421052631578947,3,False,,,,
586,0.8947368421052632,2,False,,,,
587,0.8947368421052632,2,False,,,,
588,0.7368421052631579,5,True,0.2,0.4,0.4240799522429881,1.9219280948873623
589,0.6842105263157895,6,True,0.3244444444444445,0.5,0.368718405808535,1.792481250360578
590,0.6842105263157895,6,True,0.18222222222222223,0.3333333333333333,0.3768634756015603,2.251629167387823
591,0.6842105263157895,6,True,0.2755555555555556,0.5,0.3197363442781458,1.4591479170272448
592,0.6842105263157895,6,True,0.3733333333333333,0.5,0.368718405808535,1.792481250360578
593,0.6842105263157895,6,True,0.2577777777777778,0.5,0.3197363442781458,1.4591479170272448
594,0.6842105263157895,6,True,0.4444444444444444,0.8333333333333334,0.3028137911081479,0.6500224216483541
595,0.6842105263157895,6,True,0.3688888888888889,0.5,0.3197363442781458,1.4591479170272448
596,0.6842105263157895,6,True,0.4266666666666667,0.6666666666666666,0.24936273490419725,0.9182958340544896
597,0.6842105263157895,6,True,0.5333333333333333,1.0,0.10025624130173738,0.0
598,0.6842105263157895,6,True,0.43555555555555553,0.6666666666666666,0.24936273490419725,0.9182958340544896
599,0.6842105263157895,6,True,0.41777777777777775,0.5,0.3197363442781458,1.4591479170272448
600,0.6842105263157895,6,True,0.30666666666666664,0.5,0.3197363442781458,1.4591479170272448
601,0.6842105263157895,6,True,0.2711111111111111,0.3333333333333333,0.35160722943146216,1.9182958340544893
602,0.6842105263157895,6,True,0.5333333333333333,0.8333333333333334,0.3028137911081479,0.6500224216483541
603,0.6842105263157895,6,True,0.30666666666666664,0.5,0.3197363442781459,1.4591479170272448
604,0.6842105263157895,6,True,0.3022222222222222,0.5,0.3197363442781458,1.4591479170272448
605,0.6842105263157895,6,True,0.28,0.3333333333333333,0.3516072294314623,1.9182958340544896
606,0.6842105263157895,6,True,0.16444444444444445,0.16666666666666666,0.38873147359769233,2.584962500721156
607,0.6842105263157895,6,True,0.2977777777777778,0.5,0.3197363442781458,1.4591479170272446
608,0.6842105263157895,6,True,0.3022222222222222,0.5,0.368718405808535,1.792481250360578
609,0.6842105263157895,6,True,0.17777777777777778,0.16666666666666666,0.38873147359769233,2.584962500721156
610,0.6842105263157895,6,True,0.2,0.3333333333333333,0.3516072294314623,1.9182958340544893
611,0.7368421052631579,5,True,0.21333333333333335,0.2,0.44196169314325406,2.321928094887362
612,0.7894736842105263,4,False,,,,
613,0.7894736842105263,4,False,,,,
614,0.7894736842105263,4,False,,,,
615,0.7368421052631579,5,True,0.15333333333333332,0.2,0.44196169314325406,2.321928094887362
616,0.7368421052631579,5,True,0.13333333333333333,0.2,0.44196169314325406,2.321928094887362
617,0.7368421052631579,5,True,0.15333333333333332,0.4,0.4240799522429881,1.9219280948873623
618,0.6842105263157895,6,True,0.18666666666666665,0.3333333333333333,0.3768634756015603,2.2516291673878226
619,0.8421052631578947,3,False,,,,
620,0.8421052631578947,3,False,,,,
621,0.8947368421052632,2,False,,,,
622,0.8947368421052632,2,False,,,,
623,0.8947368421052632,2,False,,,,
624,0.7368421052631579,5,True,0.2866666666666667,0.4,0.3840091092994298,1.5219280948873621
625,0.7894736842105263,4,False,,,,
626,0.6842105263157895,6,True,0.20888888888888887,0.3333333333333333,0.3768634756015603,2.251629167387823
627,0.7368421052631579,5,True,0.6666666666666666,1.0,0.16852561199027072,0.0
628,0.7368421052631579,5,True,0.26,0.4,0.3840091092994299,1.5219280948873621
629,0.7368421052631579,5,True,0.38666666666666666,0.6,0.3141871168274789,0.9709505944546686
630,0.7368421052631579,5,True,0.21333333333333335,0.4,0.4240799522429881,1.9219280948873623
631,0.7368421052631579,5,True,0.48000000000000004,0.8,0.35553335479741277,0.7219280948873623
632,0.7368421052631579,5,True,0.23333333333333334,0.4,0.4240799522429881,1.9219280948873623
633,0.7368421052631579,5,True,0.23333333333333334,0.4,0.4240799522429881,1.9219280948873623
634,0.7368421052631579,5,True,0.17333333333333334,0.4,0.4240799522429881,1.9219280948873623
635,0.7368421052631579,5,True,0.26,0.4,0.4240799522429881,1.9219280948873623
636,0.8421052631578947,3,False,,,,
637,0.8421052631578947,3,False,,,,
638,0.8421052631578947,3,False,,,,
639,0.8421052631578947,3,False,,,,
640,0.8421052631578947,3,False,,,,
641,0.8421052631578947,3,False,,,,
642,0.8421052631578947,3,False,,,,
643,0.8421052631578947,3,False,,,,
644,0.8421052631578947,3,False,,,,
645,0.8947368421052632,2,False,,,,
646,0.8947368421052632,2,False,,,,
647,0.8947368421052632,2,False,,,,
648,0.8947368421052632,2,False,,,,
649,0.8947368421052632,2,False,,,,
650,0.9473684210526315,1,False,,,,
651,0.8421052631578947,3,False,,,,
652,0.8421052631578947,3,False,,,,
653,0.8421052631578947,3,False,,,,
654,0.8947368421052632,2,False,,,,
655,0.8947368421052632,2,False,,,,
656,0.8947368421052632,2,False,,,,
657,0.8947368421052632,2,False,,,,
658,0.8947368421052632,2,False,,,,
659,0.8947368421052632,2,False,,,,
660,0.8947368421052632,2,False,,,,
661,0.8947368421052632,2,False,,,,
662,0.8421052631578947,3,False,,,,
663,0.8421052631578947,3,False,,,,
664,0.9473684210526315,1,False,,,,
665,0.9473684210526315,1,False,,,,
666,0.9473684210526315,1,False,,,,
667,0.9473684210526315,1,False,,,,
668,0.7894736842105263,4,False,,,,
669,0.7894736842105263,4,False,,,,
670,0.7894736842105263,4,False,,,,
671,0.7368421052631579,5,True,0.22,0.4,0.4240799522429881,1.9219280948873623
672,0.7368421052631579,5,True,0.38,0.6,0.403874569882679,1.3709505944546687
673,0.7368421052631579,5,True,0.24000000000000002,0.4,0.4240799522429881,1.9219280948873623
674,0.7368421052631579,5,True,0.20666666666666667,0.2,0.44196169314325406,2.321928094887362
675,0.7368421052631579,5,True,0.22,0.2,0.44196169314325406,2.321928094887362
676,0.7368421052631579,5,True,0.23333333333333334,0.2,0.44196169314325406,2.321928094887362
677,0.7894736842105263,4,False,,,,
678,0.7894736842105263,4,False,,,,
679,0.6842105263157895,6,True,0.3377777777777778,0.5,0.3197363442781459,1.4591479170272448
680,0.7894736842105263,4,False,,,,
681,0.7894736842105263,4,False,,,,
682,0.7894736842105263,4,False,,,,
683,0.7894736842105263,4,False,,,,
684,0.7894736842105263,4,False,,,,
685,0.7894736842105263,4,False,,,,
686,0.7894736842105263,4,False,,,,
687,0.7894736842105263,4,False,,,,
688,0.8421052631578947,3,False,,,,
689,0.8421052631578947,3,False,,,,
690,0.7894736842105263,4,False,,,,
691,0.8947368421052632,2,False,,,,
692,0.8947368421052632,2,False,,,,
693,0.9473684210526315,1,False,,,,
694,0.9473684210526315,1,False,,,,
695,0.9473684210526315,1,False,,,,
696,0.9473684210526315,1,False,,,,
697,0.7894736842105263,4,False,,,,
698,0.7368421052631579,5,True,0.22666666666666666,0.2,0.44196169314325406,2.321928094887362
699,0.7368421052631579,5,True,0.39333333333333337,0.4,0.3840091092994298,1.5219280948873621
700,0.7368421052631579,5,True,0.22,0.4,0.4240799522429881,1.9219280948873623
701,0.7368421052631579,5,True,0.26,0.2,0.44196169314325406,2.321928094887362
702,0.7368421052631579,5,True,0.24000000000000002,0.4,0.4240799522429881,1.9219280948873623
703,0.7368421052631579,5,True,0.24666666666666667,0.6,0.403874569882679,1.3709505944546687
704,0.7368421052631579,5,True,0.5866666666666667,0.8,0.3555333547974129,0.7219280948873623
705,0.7368421052631579,5,True,0.20666666666666667,0.2,0.44196169314325406,2.321928094887362
706,0.7368421052631579,5,True,0.3733333333333333,0.6,0.403874569882679,1.3709505944546687
707,0.5263157894736842,9,True,0.24444444444444444,0.4444444444444444,0.25962632736662017,2.2810361125534233
708,0.5263157894736842,9,True,0.17592592592592593,0.2222222222222222,0.2446883927462009,2.94770277922009
709,0.5263157894736842,9,True,0.2925925925925926,0.4444444444444444,0.25962632736662017,2.2810361125534233
710,0.5263157894736842,9,True,0.1962962962962963,0.3333333333333333,0.2502376437826136,2.6416041678685933
711,0.631578947368421,7,True,0.2,0.2857142857142857,0.31402704890353816,2.2359263506290326
712,0.631578947368421,7,True,0.28888888888888886,0.5714285714285714,0.27128755929541437,1.3787834934861753
713,0.631578947368421,7,True,0.17777777777777778,0.2857142857142857,0.3308728090528291,2.5216406363433186
714,0.631578947368421,7,True,0.21904761904761905,0.2857142857142857,0.3308728090528291,2.5216406363433186
715,0.5263157894736842,9,True,0.29629629629629634,0.3333333333333333,0.2362832736567574,2.4193819456463714
716,0.47368421052631576,10,True,0.17333333333333334,0.2,0.20494337674621776,3.1219280948873624
717,0.47368421052631576,10,True,0.17925925925925928,0.2,0.20494337674621788,3.121928094887362
718,0.47368421052631576,10,True,0.2711111111111111,0.3,0.18585266116365706,2.446439344671015
719,0.7368421052631579,5,True,0.15333333333333332,0.2,0.44196169314325406,2.321928094887362
720,0.5789473684210527,8,True,0.21190476190476193,0.25,0.2867214920979323,2.75
721,0.5789473684210527,8,True,0.2285714285714286,0.375,0.2894231402765127,2.4056390622295662
722,0.631578947368421,7,True,0.30158730158730157,0.42857142857142855,0.2987636957331653,1.8423709931771088
723,0.7368421052631579,5,True,0.17333333333333334,0.2,0.44196169314325406,2.321928094887362
724,0.6842105263157895,6,True,0.24000000000000002,0.5,0.3197363442781458,1.4591479170272448
725,0.7894736842105263,4,False,,,,
726,0.8421052631578947,3,False,,,,
727,0.5263157894736842,9,True,0.20925925925925926,0.3333333333333333,0.2362832736567574,2.4193819456463714
728,0.47368421052631576,10,True,0.29037037037037033,0.5,0.2393728467500651,2.1609640474436813
729,0.47368421052631576,10,True,0.2162962962962963,0.3,0.18585266116365695,2.4464393446710155
730,0.47368421052631576,10,True,0.2562962962962963,0.4,0.20919571487351996,2.321928094887362
731,0.42105263157894735,11,True,0.3103030303030303,0.5454545454545454,0.20184431586908635,1.867633890971212
732,0.42105263157894735,11,True,0.22545454545454546,0.2727272727272727,0.15867131134623413,2.663532754804255
733,0.631578947368421,7,True,0.21587301587301588,0.42857142857142855,0.3293970672908122,2.128085278891394
734,0.3684210526315789,12,True,0.3191919191919192,0.5833333333333334,0.1976336043635436,1.780672129520887
735,0.3684210526315789,12,True,0.34949494949494947,0.5833333333333334,0.1976336043635435,1.780672129520887
736,0.3684210526315789,12,True,0.22727272727272727,0.4166666666666667,0.17896948742206475,2.617492461184755
737,0.6842105263157895,6,True,0.2,0.3333333333333333,0.3768634756015604,2.2516291673878226
738,0.8947368421052632,2,False,,,,
739,0.8947368421052632,2,False,,,,
740,0.8947368421052632,2,False,,,,
741,0.8947368421052632,2,False,,,,
742,0.8947368421052632,2,False,,,,
743,0.8947368421052632,2,False,,,,
744,0.8947368421052632,2,False,,,,
745,0.8947368421052632,2,False,,,,
746,0.8421052631578947,3,False,,,,
747,0.47368421052631576,10,True,0.20148148148148148,0.2,0.18980179399215247,2.7219280948873625
748,0.5263157894736842,9,True,0.1962962962962963,0.1111111111111111,0.24756218852085543,3.169925001442312
749,0.5263157894736842,9,True,0.28703703703703703,0.3333333333333333,0.21129967947546247,2.197159723424149
750,0.3157894736842105,13,True,0.2247863247863248,0.23076923076923078,0.0798954342291629,2.7192945256669794
751,0.3157894736842105,13,True,0.2170940170940171,0.23076923076923078,0.10568804373752749,3.0269868333592873
752,0.3157894736842105,13,True,0.2205128205128205,0.23076923076923078,0.10568804373752749,3.0269868333592873
753,0.3157894736842105,13,True,0.20427350427350427,0.15384615384615385,0.0834774403016364,2.931208948910323
754,0.3157894736842105,13,True,0.22222222222222224,0.23076923076923078,0.09601115045200947,2.8731406795131336
755,0.21052631578947367,15,True,0.1980952380952381,0.2,0.06889408285897058,3.139572261986723
756,0.21052631578947367,15,True,0.26666666666666666,0.4,0.12921797958734937,2.5559130951758244
757,0.3684210526315789,12,True,0.31212121212121213,0.5,0.1540269563086616,1.9591479170272446
758,0.3684210526315789,12,True,0.28989898989898993,0.4166666666666667,0.16207676723408126,2.221251836004466
759,0.5263157894736842,9,True,0.24814814814814815,0.2222222222222222,0.22213083398682842,2.5032583347756456
760,0.5263157894736842,9,True,0.16481481481481483,0.2222222222222222,0.2446883927462009,2.94770277922009
761,0.5263157894736842,9,True,0.2796296296296296,0.3333333333333333,0.22666969786273672,2.113283334294875
762,0.5263157894736842,9,True,0.2685185185185185,0.3333333333333333,0.2362832736567574,2.4193819456463714
763,0.5263157894736842,9,True,0.2796296296296296,0.4444444444444444,0.25962632736662017,2.2810361125534233
764,0.5789473684210527,8,True,0.22142857142857142,0.25,0.2867214920979325,2.75
765,0.5263157894736842,9,True,0.2574074074074074,0.3333333333333333,0.2362832736567574,2.4193819456463714
766,0.631578947368421,7,True,0.30476190476190473,0.42857142857142855,0.2987636957331652,1.8423709931771084
767,0.631578947368421,7,True,0.21587301587301588,0.2857142857142857,0.31402704890353816,2.2359263506290326
768,0.6842105263157895,6,True,0.3377777777777778,0.5,0.368718405808535,1.792481250360578
769,0.631578947368421,7,True,0.20634920634920637,0.2857142857142857,0.3308728090528291,2.5216406363433186
770,0.631578947368421,7,True,0.20317460317460317,0.42857142857142855,0.2987636957331653,1.8423709931771088
771,0.6842105263157895,6,True,0.24000000000000002,0.3333333333333333,0.3768634756015603,2.2516291673878226
772,0.6842105263157895,6,True,0.17333333333333334,0.3333333333333333,0.3768634756015603,2.251629167387823
773,0.6842105263157895,6,True,0.19111111111111112,0.3333333333333333,0.3768634756015604,2.2516291673878226
774,0.6842105263157895,6,True,0.17333333333333334,0.16666666666666666,0.38873147359769233,2.584962500721156
775,0.631578947368421,7,True,0.23492063492063492,0.2857142857142857,0.3308728090528291,2.5216406363433186
776,0.5789473684210527,8,True,0.3,0.25,0.2752707006065839,2.5
777,0.3684210526315789,12,True,0.23232323232323232,0.25,0.13157084033512267,2.8553885422075336
778,0.47368421052631576,10,True,0.2162962962962963,0.3,0.2125596493241808,2.8464393446710154
779,0.42105263157894735,11,True,0.2678787878787879,0.36363636363636365,0.1805153902556471,2.5503407095463886
780,0.3684210526315789,12,True,0.5535353535353535,0.8333333333333334,0.2673721749433876,0.8166890883150209
781,0.47368421052631576,10,True,0.20296296296296296,0.2,0.18980179399215247,2.721928094887362
782,0.47368421052631576,10,True,0.20148148148148148,0.3,0.20304543438098532,2.6464393446710153
783,0.47368421052631576,10,True,0.3377777777777778,0.4,0.20919571487351996,2.321928094887362
784,0.5263157894736842,9,True,0.24074074074074076,0.3333333333333333,0.21129967947546247,2.197159723424149
785,0.5263157894736842,9,True,0.2037037037037037,0.2222222222222222,0.23699400339378085,2.725480556997868
786,0.47368421052631576,10,True,0.2577777777777778,0.2,0.171700221493728,2.5219280948873624
787,0.5789473684210527,8,True,0.2142857142857143,0.25,0.2752707006065839,2.5
788,0.42105263157894735,11,True,0.2218181818181818,0.18181818181818182,0.15803050740691038,2.9139770731827523
789,0.5789473684210527,8,True,0.2571428571428572,0.25,0.2867214920979325,2.75
790,0.9473684210526315,1,False,,,,
791,0.9473684210526315,1,False,,,,
792,0.9473684210526315,1,False,,,,
793,0.8947368421052632,2,False,,,,
794,0.8947368421052632,2,False,,,,
795,0.8947368421052632,2,False,,,,
796,0.8421052631578947,3,False,,,,
797,0.6842105263157895,6,True,0.15555555555555553,0.16666666666666666,0.38873147359769233,2.584962500721156
798,0.6842105263157895,6,True,0.21333333333333335,0.3333333333333333,0.3768634756015604,2.2516291673878226
799,0.5263157894736842,9,True,0.2685185185185185,0.2222222222222222,0.2221308339868283,2.5032583347756456
800,0.5263157894736842,9,True,0.3055555555555555,0.4444444444444444,0.25962632736662017,2.2810361125534233
801,0.47368421052631576,10,True,0.274074074074074,0.4,0.19725171154555354,2.0464393446710156
802,0.21052631578947367,15,True,0.20761904761904762,0.2,0.05740927103252702,3.189898095464288
803,0.05263157894736842,18,True,0.362962962962963,0.5555555555555556,0.22213083398682842,1.991076059838222
804,0.05263157894736842,18,True,0.3132897603485839,0.4444444444444444,0.15803050740691016,2.5032583347756456
805,0.05263157894736842,18,True,0.3193899782135076,0.5,0.2030454343809852,2.2096909728231857
806,0.05263157894736842,18,True,0.3150326797385621,0.3888888888888889,0.13931336313991416,2.411509198419911
807,0.05263157894736842,18,True,0.26753812636165575,0.4444444444444444,0.16763596502414158,2.7254805569978675
808,0.05263157894736842,18,True,0.2845315904139433,0.2777777777777778,0.08164746002056422,2.5941178916311856
809,0.05263157894736842,18,True,0.3111111111111111,0.3888888888888889,0.1552426890673988,2.1892869761976885
810,0.05263157894736842,18,True,0.3159041394335512,0.4444444444444444,0.19195370211028306,2.080500530640267
811,0.05263157894736842,18,True,0.28366013071895424,0.2777777777777778,0.09766925825323902,2.7052290027422967
812,0.05263157894736842,18,True,0.28540305010893247,0.3333333333333333,0.14339534215387018,2.224394445405986
813,0.05263157894736842,18,True,0.3359477124183006,0.5555555555555556,0.2362832736567574,1.949137865273585
814,0.05263157894736842,18,True,0.31459694989106757,0.4444444444444444,0.1738725939109369,1.7107770844150676
815,0.631578947368421,7,True,0.20317460317460317,0.2857142857142857,0.3308728090528291,2.5216406363433186
816,0.631578947368421,7,True,0.28253968253968254,0.42857142857142855,0.2987636957331653,1.8423709931771088
817,0.05263157894736842,18,True,0.24923747276688454,0.16666666666666666,0.0542735068347453,3.0021722231837638
818,0.15789473684210525,16,True,0.26999999999999996,0.4375,0.14410455048549564,2.474601752714581
819,0.15789473684210525,16,True,0.31555555555555553,0.5,0.15867131134623425,2.25
820,0.15789473684210525,16,True,0.36333333333333334,0.625,0.2362832736567574,1.7987949406953985
821,0.15789473684210525,16,True,0.22777777777777777,0.1875,0.042131202331702644,2.85845859334435
822,0.2631578947368421,14,True,0.44761904761904764,0.7857142857142857,0.2962465220098368,1.0892300788425848
823,0.05263157894736842,18,True,0.24923747276688454,0.3333333333333333,0.12541521267568045,2.752715278979705
824,0.3684210526315789,12,True,0.2606060606060606,0.3333333333333333,0.11774719568760694,2.4182958340544896
825,0.2631578947368421,14,True,0.2556776556776557,0.21428571428571427,0.06446242911789912,2.8962915290459277
826,0.3157894736842105,13,True,0.24871794871794872,0.46153846153846156,0.14339534215387018,2.199687794731328
827,0.3157894736842105,13,True,0.3162393162393162,0.5384615384615384,0.18354756840725672,2.0349409139562287
828,0.7368421052631579,5,True,0.28,0.4,0.3840091092994299,1.5219280948873621
829,0.7894736842105263,4,False,,,,
830,0.9473684210526315,1,False,,,,
831,0.9473684210526315,1,False,,,,
832,0.8421052631578947,3,False,,,,
833,0.7894736842105263,4,False,,,,
834,0.7894736842105263,4,False,,,,
835,0.3684210526315789,12,True,0.2676767676767677,0.3333333333333333,0.13931336313991427,2.584962500721156
836,0.42105263157894735,11,True,0.3612121212121212,0.5454545454545454,0.2275769429533877,2.049452072789394
837,0.3684210526315789,12,True,0.2555555555555556,0.4166666666666667,0.1479243275641522,2.2841591278514217
838,0.2631578947368421,14,True,0.28717948717948716,0.5,0.1479243275641523,2.1179631753145163
839,0.10526315789473684,17,True,0.22892156862745097,0.4117647058823529,0.10422564384166844,2.460904932167797
840,0.10526315789473684,17,True,0.22549019607843138,0.29411764705882354,0.06362271369558725,2.9339545780481746
841,0.15789473684210525,16,True,0.24555555555555558,0.25,0.05740927103252713,3.125
842,0.05263157894736842,18,True,0.32374727668845316,0.3333333333333333,0.12921797958734937,2.5996659733039564
843,0.05263157894736842,18,True,0.3468409586056645,0.4444444444444444,0.152585956193804,2.197159723424149
844,0.05263157894736842,18,True,0.2928104575163399,0.3333333333333333,0.1056880437375276,2.8218881955261788
845,0.05263157894736842,18,True,0.27320261437908494,0.3333333333333333,0.10854486060238244,2.6688388898504303
846,0.05263157894736842,18,True,0.2823529411764706,0.5,0.18585266116365706,2.098579861712074
847,0.05263157894736842,18,True,0.2344226579520697,0.3333333333333333,0.11498315352740851,2.4885548621928453
848,0.05263157894736842,18,True,0.39389978213507626,0.5,0.21465505822008046,1.8288713632524445
849,0.05263157894736842,18,True,0.2788671023965142,0.3888888888888889,0.13071292461933426,2.4387439204017474
850,0.05263157894736842,18,True,0.26492374727668844,0.4444444444444444,0.16177657023373804,2.169925001442312
851,0.05263157894736842,18,True,0.359041394335512,0.5,0.1818816931582794,1.9182958340544893
852,0.05263157894736842,18,True,0.5185185185185185,0.9444444444444444,0.6272947035832889,0.3095434291503252
853,0.05263157894736842,18,True,0.5128540305010894,0.6666666666666666,0.3269868938901338,1.3355055565170972
854,0.05263157894736842,18,True,0.37037037037037035,0.6666666666666666,0.31402704890353805,1.5577277787393193
855,0.05263157894736842,18,True,0.4470588235294118,0.6666666666666666,0.3269868938901338,1.3355055565170972
856,0.05263157894736842,18,True,0.485838779956427,0.8333333333333334,0.470861478386833,0.8030717273241024
857,0.05263157894736842,18,True,0.46971677559912856,0.6666666666666666,0.31364651914901487,1.134969974603941
858,0.05263157894736842,18,True,0.24008714596949893,0.2222222222222222,0.08347744030163673,2.7527152789797045
859,0.05263157894736842,18,True,0.465359477124183,0.7222222222222222,0.3516072294314623,1.275162982784857
860,0.05263157894736842,18,True,0.5089324618736383,0.8333333333333334,0.470861478386833,0.8030717273241024
861,0.05263157894736842,18,True,0.38562091503267976,0.7222222222222222,0.38873147359769233,1.497385205007079
862,0.10526315789473684,17,True,0.3950980392156863,0.7647058823529411,0.3768634756015603,1.2577148214953864
863,0.05263157894736842,18,True,0.42701525054466233,0.5555555555555556,0.21262228529006166,1.6158045319402516
864,0.05263157894736842,18,True,0.37647058823529406,0.6111111111111112,0.26901133528123755,1.6805563732659934
865,0.05263157894736842,18,True,0.3420479302832244,0.5555555555555556,0.2446883927462009,2.2132982820604443
866,0.05263157894736842,18,True,0.4531590413943355,0.6666666666666666,0.2712875592954145,1.224394445405986
867,0.05263157894736842,18,True,0.5037037037037037,0.9444444444444444,0.6272947035832889,0.3095434291503252
868,0.05263157894736842,18,True,0.5516339869281045,0.8888888888888888,0.5602467695939968,0.6143694458867568
869,0.05263157894736842,18,True,0.4496732026143791,0.7222222222222222,0.38873147359769233,1.497385205007079
870,0.05263157894736842,18,True,1.0,1.0,0.7025277510807104,0.0
871,0.05263157894736842,18,True,0.4962962962962963,0.8888888888888888,0.5602467695939968,0.6143694458867568
872,0.05263157894736842,18,True,0.4710239651416122,0.7777777777777778,0.4240799522429881,1.0975378398419535
873,0.05263157894736842,18,True,0.3298474945533769,0.5555555555555556,0.23699400339378085,2.102187170949333
874,0.05263157894736842,18,True,0.7333333333333333,1.0,0.7025277510807104,0.0
875,0.05263157894736842,18,True,0.49411764705882355,0.8333333333333334,0.4988905110011538,0.9141828384352135
876,0.05263157894736842,18,True,0.29411764705882354,0.4444444444444444,0.1676359650241417,2.7254805569978675
877,0.05263157894736842,18,True,0.49106753812636167,0.7222222222222222,0.368718405808535,1.2332247882202196
878,0.05263157894736842,18,True,0.44095860566448797,0.7777777777777778,0.44196169314325406,1.2086489509530647
879,0.05263157894736842,18,True,0.4274509803921569,0.6111111111111112,0.2894231402765127,1.7916674843771045
880,0.05263157894736842,18,True,0.2605664488017429,0.3888888888888889,0.13962061144647375,2.702904337188607
881,0.05263157894736842,18,True,0.5333333333333333,1.0,0.7025277510807104,0.0
882,0.05263157894736842,18,True,0.4823529411764706,0.8888888888888888,0.5602467695939968,0.6143694458867568
883,0.05263157894736842,18,True,0.4043572984749455,0.7222222222222222,0.3768634756015603,1.386274093895968
884,0.05263157894736842,18,True,0.4257080610021787,0.6666666666666666,0.31402704890353816,1.5577277787393193
885,0.05263157894736842,18,True,0.5185185185185185,0.9444444444444444,0.6272947035832889,0.3095434291503252
886,0.05263157894736842,18,True,0.4091503267973856,0.6666666666666666,0.3269868938901338,1.3355055565170972
887,0.05263157894736842,18,True,0.44793028322440087,0.6111111111111112,0.28560263299760746,1.1941737342569119
888,0.05263157894736842,18,True,0.6222222222222221,0.9444444444444444,0.6272947035832889,0.3095434291503252
889,0.05263157894736842,18,True,0.5812636165577343,0.8888888888888888,0.5602467695939968,0.6143694458867568
890,0.05263157894736842,18,True,0.45795206971677566,0.7777777777777778,0.4240799522429881,1.0975378398419535
891,0.05263157894736842,18,True,0.3843137254901961,0.5555555555555556,0.23665100921814008,1.768853837616
892,0.05263157894736842,18,True,0.4893246187363835,0.6111111111111112,0.2962465220098368,1.4108478748063633
893,0.05263157894736842,18,True,0.4248366013071896,0.7777777777777778,0.403874569882679,0.9444885341662053
894,0.05263157894736842,18,True,0.6666666666666666,1.0,0.7025277510807104,0.0
895,0.05263157894736842,18,True,0.8,0.9444444444444444,0.6272947035832889,0.3095434291503252
896,0.05263157894736842,18,True,0.5080610021786492,0.7777777777777778,0.403874569882679,0.9444885341662053
897,0.05263157894736842,18,True,0.5446623093681917,0.8888888888888888,0.5602467695939968,0.6143694458867568
898,0.10526315789473684,17,True,0.296078431372549,0.4117647058823529,0.11746928423050151,2.4164997849817107
899,0.10526315789473684,17,True,0.5009803921568627,0.6470588235294118,0.16494454884084453,0.9366673818775626
900,0.10526315789473684,17,True,0.3602941176470588,0.5294117647058824,0.21465505822008046,1.7263472243434208
901,0.10526315789473684,17,True,0.24313725490196078,0.29411764705882354,0.1034915389299772,2.4633663427540564
902,0.10526315789473684,17,True,0.43186274509803924,0.6470588235294118,0.2536413168939634,1.6137129703673825
903,0.10526315789473684,17,True,0.4872549019607843,0.8235294117647058,0.4240799522429881,0.951994081908783
904,0.10526315789473684,17,True,0.28627450980392155,0.4117647058823529,0.11774719568760716,2.2256108145207376
905,0.05263157894736842,18,True,0.29673202614379085,0.4444444444444444,0.17056421755728335,2.4613201402110083
906,0.05263157894736842,18,True,0.33246187363834423,0.3888888888888889,0.1479243275641523,2.2109736165067546
907,0.05263157894736842,18,True,0.4527233115468409,0.7222222222222222,0.3768634756015604,1.3862740938959681
908,0.05263157894736842,18,True,0.39869281045751637,0.4444444444444444,0.1785263144136614,1.9274512249645188
909,0.9473684210526315,1,False,,,,
910,0.9473684210526315,1,False,,,,
911,0.9473684210526315,1,False,,,,
912,0.9473684210526315,1,False,,,,
913,0.9473684210526315,1,False,,,,
914,0.9473684210526315,1,False,,,,
915,0.9473684210526315,1,False,,,,
916,0.9473684210526315,1,False,,,,
917,0.9473684210526315,1,False,,,,
918,0.9473684210526315,1,False,,,,
919,0.9473684210526315,1,False,,,,
920,0.9473684210526315,1,False,,,,
921,0.9473684210526315,1,False,,,,
922,0.9473684210526315,1,False,,,,
923,0.9473684210526315,1,False,,,,
924,0.9473684210526315,1,False,,,,
925,0.9473684210526315,1,False,,,,
926,0.9473684210526315,1,False,,,,
927,0.9473684210526315,1,False,,,,
928,0.9473684210526315,1,False,,,,
929,0.9473684210526315,1,False,,,,
930,0.9473684210526315,1,False,,,,
931,0.9473684210526315,1,False,,,,
932,0.9473684210526315,1,False,,,,
933,0.9473684210526315,1,False,,,,
934,0.9473684210526315,1,False,,,,
935,0.9473684210526315,1,False,,,,
936,0.9473684210526315,1,False,,,,
937,0.9473684210526315,1,False,,,,
938,0.9473684210526315,1,False,,,,
939,0.9473684210526315,1,False,,,,
940,0.9473684210526315,1,False,,,,
941,0.9473684210526315,1,False,,,,
942,0.9473684210526315,1,False,,,,
943,0.9473684210526315,1,False,,,,
944,0.9473684210526315,1,False,,,,
945,0.9473684210526315,1,False,,,,
946,0.9473684210526315,1,False,,,,
947,0.9473684210526315,1,False,,,,
948,0.9473684210526315,1,False,,,,
949,0.9473684210526315,1,False,,,,
950,0.9473684210526315,1,False,,,,
951,0.9473684210526315,1,False,,,,
952,0.9473684210526315,1,False,,,,
953,0.9473684210526315,1,False,,,,
954,0.9473684210526315,1,False,,,,
955,0.9473684210526315,1,False,,,,
956,0.9473684210526315,1,False,,,,
957,0.9473684210526315,1,False,,,,
958,0.9473684210526315,1,False,,,,
959,0.8947368421052632,2,False,,,,
960,0.05263157894736842,18,True,0.3664488017429194,0.4444444444444444,0.2275769429533877,1.9749375012019268
961,0.05263157894736842,18,True,0.3202614379084967,0.3888888888888889,0.1675526697089812,2.3220847276178658
962,0.05263157894736842,18,True,0.37734204793028325,0.4444444444444444,0.1785263144136614,1.9274512249645188
963,0.05263157894736842,18,True,0.4840958605664488,0.8333333333333334,0.470861478386833,0.8030717273241024
964,0.05263157894736842,18,True,0.5111111111111111,0.8888888888888888,0.5602467695939968,0.6143694458867568
965,0.05263157894736842,18,True,0.4305010893246187,0.7777777777777778,0.44196169314325406,1.2086489509530647
966,0.05263157894736842,18,True,0.46230936819172114,0.6666666666666666,0.2987636957331652,1.404678473063571
967,0.05263157894736842,18,True,0.5498910675381263,0.8888888888888888,0.5602467695939968,0.6143694458867568
968,0.05263157894736842,18,True,0.5202614379084968,0.8888888888888888,0.5602467695939968,0.6143694458867568
969,0.05263157894736842,18,True,0.5058823529411764,0.8888888888888888,0.5602467695939968,0.6143694458867568
970,0.8947368421052632,2,False,,,,
971,0.05263157894736842,18,True,0.46753812636165576,0.7777777777777778,0.44196169314325406,1.2086489509530647
972,0.05263157894736842,18,True,0.538562091503268,0.8888888888888888,0.5602467695939968,0.6143694458867568
973,0.05263157894736842,18,True,0.5054466230936819,0.7777777777777778,0.4240799522429881,1.0975378398419535
974,0.05263157894736842,18,True,0.506318082788671,0.8888888888888888,0.5602467695939968,0.6143694458867568
975,0.05263157894736842,18,True,0.5132897603485839,0.6666666666666666,0.31364651914901487,1.134969974603941
976,0.05263157894736842,18,True,0.45098039215686275,0.8333333333333334,0.470861478386833,0.8030717273241024
977,0.05263157894736842,18,True,0.4662309368191721,0.7777777777777778,0.44196169314325406,1.2086489509530647
978,0.05263157894736842,18,True,0.5869281045751634,0.8333333333333334,0.42378260447830396,0.6500224216483541
979,0.05263157894736842,18,True,0.7333333333333333,1.0,0.7025277510807104,0.0
980,0.05263157894736842,18,True,0.674074074074074,0.9444444444444444,0.6272947035832889,0.3095434291503252
981,0.05263157894736842,18,True,0.48888888888888893,0.9444444444444444,0.6272947035832889,0.3095434291503252
982,0.10526315789473684,17,True,0.3475490196078431,0.47058823529411764,0.20530794671029118,1.5197284615795614
983,0.05263157894736842,18,True,0.39041394335511986,0.6666666666666666,0.31402704890353805,1.5577277787393193
984,0.05263157894736842,18,True,0.28888888888888886,0.2777777777777778,0.1034915389299772,2.5249449750847117
985,0.05263157894736842,18,True,0.5664488017429193,0.8888888888888888,0.5602467695939968,0.6143694458867568
986,0.10526315789473684,17,True,0.3769607843137255,0.5882352941176471,0.2362832736567574,1.8536882264834516
987,0.05263157894736842,18,True,0.3690631808278867,0.6111111111111112,0.2867214920979325,1.9447167900528528
988,0.05263157894736842,18,True,0.5821350762527234,0.6666666666666666,0.31402704890353816,1.5577277787393193
989,0.05263157894736842,18,True,0.5411764705882353,0.8333333333333334,0.42378260447830396,0.6500224216483541
990,0.05263157894736842,18,True,0.5111111111111111,0.8333333333333334,0.470861478386833,0.8030717273241024
991,0.05263157894736842,18,True,0.6148148148148148,0.9444444444444444,0.6272947035832889,0.3095434291503252
992,0.05263157894736842,18,True,0.4954248366013072,0.5555555555555556,0.2199270264698785,0.9910760598382222
993,0.05263157894736842,18,True,0.29934640522875816,0.4444444444444444,0.1648695505519856,2.614369445886757
994,0.05263157894736842,18,True,0.5019607843137255,0.7222222222222222,0.35250246264226515,1.0529407605626346
995,0.05263157894736842,18,True,0.5464052287581699,0.8333333333333334,0.42378260447830396,0.6500224216483541
996,0.05263157894736842,18,True,0.6435729847494555,0.8333333333333334,0.4988905110011538,0.9141828384352135
997,0.05263157894736842,18,True,0.43137254901960786,0.6111111111111112,0.29436266502391517,1.6113834567195195
998,0.05263157894736842,18,True,0.6222222222222221,0.9444444444444444,0.6272947035832889,0.3095434291503252
999,0.05263157894736842,18,True,0.4392156862745098,0.5555555555555556,0.2750678362011758,1.4627552262645034
1000,0.05263157894736842,18,True,0.28104575163398693,0.3333333333333333,0.14322246009647543,2.3991303913908
1001,0.05263157894736842,18,True,0.35119825708061003,0.6111111111111112,0.26901133528123755,1.6805563732659934
1002,0.05263157894736842,18,True,0.489760348583878,0.8888888888888888,0.5602467695939968,0.6143694458867568
1003,0.05263157894736842,18,True,0.49978213507625274,0.6111111111111112,0.2360639286070707,0.964078764808229
1004,0.05263157894736842,18,True,0.41655773420479303,0.7222222222222222,0.3516072294314623,1.275162982784857
1005,0.05263157894736842,18,True,0.5490196078431372,0.8888888888888888,0.5602467695939968,0.6143694458867568
1006,0.05263157894736842,18,True,0.722875816993464,0.8888888888888888,0.5602467695939968,0.6143694458867568
1007,0.05263157894736842,18,True,0.5350762527233115,0.8888888888888888,0.5602467695939968,0.6143694458867568
1008,0.9473684210526315,1,False,,,,
1009,0.05263157894736842,18,True,0.5464052287581699,0.8333333333333334,0.4988905110011538,0.9141828384352135
1010,0.05263157894736842,18,True,0.45533769063180835,0.8333333333333334,0.4988905110011538,0.9141828384352135
1011,0.05263157894736842,18,True,0.4217864923747277,0.7777777777777778,0.44196169314325406,1.2086489509530647
1012,0.05263157894736842,18,True,0.48453159041394334,0.7777777777777778,0.3555333547974129,0.7642045065086203
1013,0.05263157894736842,18,True,0.6771241830065359,0.8888888888888888,0.5115068636860557,0.5032583347756457
1014,0.05263157894736842,18,True,0.6296296296296297,0.9444444444444444,0.6272947035832889,0.3095434291503252
1015,0.05263157894736842,18,True,0.42614379084967324,0.4444444444444444,0.20530794671029118,1.6337314206421327
1016,0.05263157894736842,18,True,0.4718954248366013,0.6111111111111112,0.29436266502391517,1.6113834567195195
1017,0.05263157894736842,18,True,0.4775599128540305,0.6111111111111112,0.28560263299760746,1.1941737342569119
1018,0.05263157894736842,18,True,0.489760348583878,0.8333333333333334,0.470861478386833,0.8030717273241024
1019,0.05263157894736842,18,True,0.6370370370370371,0.9444444444444444,0.6272947035832889,0.3095434291503252
1020,0.05263157894736842,18,True,0.3699346405228758,0.4444444444444444,0.24545096392396837,1.7448425317532439
1021,0.05263157894736842,18,True,0.4453159041394335,0.7222222222222222,0.368718405808535,1.2332247882202196
1022,0.05263157894736842,18,True,0.47320261437908495,0.7777777777777778,0.4240799522429881,1.0975378398419535
1023,0.05263157894736842,18,True,0.45533769063180835,0.8333333333333334,0.4988905110011538,0.9141828384352135
1024,0.05263157894736842,18,True,0.45577342047930286,0.8888888888888888,0.5602467695939968,0.6143694458867568
1025,0.05263157894736842,18,True,0.4980392156862745,0.8888888888888888,0.5602467695939968,0.6143694458867568
1026,0.05263157894736842,18,True,0.489760348583878,0.8333333333333334,0.4988905110011538,0.9141828384352135
1027,0.05263157894736842,18,True,0.5289760348583878,0.8333333333333334,0.470861478386833,0.8030717273241024
1028,0.05263157894736842,18,True,0.5058823529411764,0.8888888888888888,0.5115068636860557,0.5032583347756457
1029,0.05263157894736842,18,True,0.5111111111111111,0.9444444444444444,0.6272947035832889,0.3095434291503252
1030,0.05263157894736842,18,True,0.48366013071895425,0.7777777777777778,0.44196169314325406,1.2086489509530647
1031,0.05263157894736842,18,True,0.5111111111111111,0.9444444444444444,0.6272947035832889,0.3095434291503252
1032,0.05263157894736842,18,True,0.5137254901960785,0.8888888888888888,0.5602467695939968,0.6143694458867568
1033,0.05263157894736842,18,True,0.46797385620915033,0.8888888888888888,0.5602467695939968,0.6143694458867568
1034,0.05263157894736842,18,True,0.6,1.0,0.7025277510807104,0.0
1035,0.05263157894736842,18,True,0.46797385620915033,0.8888888888888888,0.5602467695939968,0.6143694458867568
1036,0.05263157894736842,18,True,0.6008714596949891,0.8888888888888888,0.5602467695939968,0.6143694458867568
1037,0.05263157894736842,18,True,0.6,1.0,0.7025277510807104,0.0
1038,0.05263157894736842,18,True,0.7407407407407407,0.9444444444444444,0.6272947035832889,0.3095434291503252
1039,0.05263157894736842,18,True,0.6,1.0,0.7025277510807104,0.0
1040,0.05263157894736842,18,True,0.4326797385620915,0.6111111111111112,0.2360639286070707,0.964078764808229
1041,0.05263157894736842,18,True,0.6,1.0,0.7025277510807104,0.0
1042,0.05263157894736842,18,True,0.4823529411764706,0.8888888888888888,0.5602467695939968,0.6143694458867568
1043,0.05263157894736842,18,True,0.42875816993464055,0.8333333333333334,0.4988905110011538,0.9141828384352135
1044,0.05263157894736842,18,True,0.4496732026143791,0.8333333333333334,0.470861478386833,0.8030717273241024
1045,0.05263157894736842,18,True,0.5215686274509804,0.8333333333333334,0.470861478386833,0.8030717273241024
1046,0.05263157894736842,18,True,0.49411764705882355,0.8333333333333334,0.4988905110011538,0.9141828384352135
1047,0.05263157894736842,18,True,0.4627450980392157,0.8333333333333334,0.470861478386833,0.8030717273241024
1048,0.05263157894736842,18,True,0.47407407407407404,0.8333333333333334,0.4988905110011538,0.9141828384352135
1049,0.05263157894736842,18,True,0.5276688453159042,0.8888888888888888,0.5602467695939968,0.6143694458867568
1050,0.05263157894736842,18,True,0.41830065359477125,0.7777777777777778,0.4240799522429881,1.0975378398419535
1051,0.05263157894736842,18,True,0.489760348583878,0.8888888888888888,0.5602467695939968,0.6143694458867568
1052,0.05263157894736842,18,True,0.44793028322440087,0.8333333333333334,0.4988905110011538,0.9141828384352135
1053,0.05263157894736842,18,True,0.41220043572984744,0.5555555555555556,0.26942437427994104,1.679429366813955
1054,0.05263157894736842,18,True,0.48888888888888893,0.9444444444444444,0.6272947035832889,0.3095434291503252
1055,0.05263157894736842,18,True,0.45577342047930286,0.8333333333333334,0.4988905110011538,0.9141828384352135
1056,0.05263157894736842,18,True,0.3917211328976035,0.7777777777777778,0.44196169314325406,1.2086489509530647
1057,0.05263157894736842,18,True,0.32592592592592595,0.5,0.18585266116365695,2.0985798617120746
1058,0.05263157894736842,18,True,0.44139433551198254,0.7777777777777778,0.403874569882679,0.9444885341662053
1059,0.05263157894736842,18,True,0.4074074074074074,0.7777777777777778,0.44196169314325406,1.2086489509530647
1060,0.9473684210526315,1,False,,,,
1061,0.9473684210526315,1,False,,,,
1062,0.9473684210526315,1,False,,,,
1063,0.9473684210526315,1,False,,,,
1064,0.9473684210526315,1,False,,,,
1065,0.9473684210526315,1,False,,,,
1066,0.9473684210526315,1,False,,,,
1067,0.9473684210526315,1,False,,,,
1068,0.9473684210526315,1,False,,,,
1069,0.9473684210526315,1,False,,,,
1070,0.9473684210526315,1,False,,,,
1071,0.9473684210526315,1,False,,,,
1072,0.9473684210526315,1,False,,,,
1073,0.9473684210526315,1,False,,,,
1074,0.9473684210526315,1,False,,,,
1075,0.9473684210526315,1,False,,,,
1076,0.9473684210526315,1,False,,,,
1077,0.9473684210526315,1,False,,,,
1078,0.9473684210526315,1,False,,,,
1079,0.9473684210526315,1,False,,,,
1080,0.9473684210526315,1,False,,,,
1081,0.9473684210526315,1,False,,,,
1082,0.9473684210526315,1,False,,,,
1083,0.9473684210526315,1,False,,,,
1084,0.9473684210526315,1,False,,,,
1085,0.9473684210526315,1,False,,,,
1086,0.9473684210526315,1,False,,,,
1087,0.9473684210526315,1,False,,,,
1088,0.9473684210526315,1,False,,,,
1089,0.9473684210526315,1,False,,,,
1090,0.9473684210526315,1,False,,,,
1091,0.9473684210526315,1,False,,,,
1092,0.9473684210526315,1,False,,,,
1093,0.9473684210526315,1,False,,,,
1094,0.9473684210526315,1,False,,,,
1095,0.9473684210526315,1,False,,,,
1096,0.9473684210526315,1,False,,,,
1097,0.9473684210526315,1,False,,,,
1098,0.9473684210526315,1,False,,,,
1099,0.9473684210526315,1,False,,,,
1100,0.9473684210526315,1,False,,,,
1101,0.9473684210526315,1,False,,,,
1102,0.9473684210526315,1,False,,,,
1103,0.9473684210526315,1,False,,,,
1104,0.9473684210526315,1,False,,,,
1105,0.9473684210526315,1,False,,,,
1106,0.9473684210526315,1,False,,,,
1107,0.9473684210526315,1,False,,,,
1108,0.9473684210526315,1,False,,,,
1109,0.9473684210526315,1,False,,,,
1110,0.9473684210526315,1,False,,,,
1111,0.9473684210526315,1,False,,,,
1112,0.9473684210526315,1,False,,,,
1113,0.9473684210526315,1,False,,,,
1114,0.9473684210526315,1,False,,,,
1115,0.9473684210526315,1,False,,,,
1116,0.9473684210526315,1,False,,,,
1117,0.9473684210526315,1,False,,,,
1118,0.9473684210526315,1,False,,,,
1119,0.9473684210526315,1,False,,,,
1120,0.9473684210526315,1,False,,,,
1121,0.9473684210526315,1,False,,,,
1122,0.9473684210526315,1,False,,,,
1123,0.9473684210526315,1,False,,,,
1124,0.9473684210526315,1,False,,,,
1125,0.9473684210526315,1,False,,,,
1126,0.9473684210526315,1,False,,,,
1127,0.9473684210526315,1,False,,,,
1128,0.9473684210526315,1,False,,,,
1129,0.9473684210526315,1,False,,,,
1130,0.9473684210526315,1,False,,,,
1131,0.9473684210526315,1,False,,,,
1132,0.9473684210526315,1,False,,,,
1133,0.9473684210526315,1,False,,,,
1134,0.9473684210526315,1,False,,,,
1135,0.9473684210526315,1,False,,,,
1136,0.9473684210526315,1,False,,,,
1137,0.9473684210526315,1,False,,,,
1138,0.9473684210526315,1,False,,,,
1139,0.9473684210526315,1,False,,,,
1140,0.9473684210526315,1,False,,,,
1141,0.9473684210526315,1,False,,,,
1142,0.9473684210526315,1,False,,,,
1143,0.9473684210526315,1,False,,,,
1144,0.9473684210526315,1,False,,,,
1145,0.9473684210526315,1,False,,,,
1146,0.9473684210526315,1,False,,,,
1147,0.9473684210526315,1,False,,,,
1148,0.9473684210526315,1,False,,,,
1149,0.9473684210526315,1,False,,,,
1150,0.9473684210526315,1,False,,,,
1151,0.9473684210526315,1,False,,,,
1152,0.9473684210526315,1,False,,,,
1153,0.05263157894736842,18,True,0.3137254901960784,0.5,0.20919571487351973,2.0294069451656007
1154,0.05263157894736842,18,True,0.3925925925925926,0.5,0.20000510083358614,2.0566416671474372
1155,0.05263157894736842,18,True,0.2570806100217865,0.3333333333333333,0.11668426943697652,2.6416041678685938
1156,0.10526315789473684,17,True,0.5495098039215686,0.8235294117647058,0.3840091092994299,0.8343470230852538
1157,0.10526315789473684,17,True,0.5112745098039215,0.8235294117647058,0.4240799522429881,0.951994081908783
1158,0.10526315789473684,17,True,0.4955882352941176,0.8235294117647058,0.3141871168274789,0.6722948170756379
1159,0.10526315789473684,17,True,0.4421568627450981,0.7647058823529411,0.3516072294314623,1.1400677626718572
1160,0.10526315789473684,17,True,0.5382352941176471,0.8235294117647058,0.3141871168274789,0.6722948170756379
1161,0.10526315789473684,17,True,0.6,1.0,0.5145392392540866,0.0
1162,0.10526315789473684,17,True,0.503921568627451,0.7058823529411765,0.31402704890353805,1.439254017211876
1163,0.10526315789473684,17,True,0.5063725490196078,0.7647058823529411,0.3197363442781459,0.9780155566622414
1164,0.10526315789473684,17,True,0.4725490196078431,0.8823529411764706,0.470861478386833,0.6402064333604701
1165,0.10526315789473684,17,True,0.6,1.0,0.5145392392540866,0.0
1166,0.10526315789473684,17,True,0.46372549019607845,0.7647058823529411,0.3768634756015603,1.2577148214953864
1167,0.10526315789473684,17,True,0.296078431372549,0.4117647058823529,0.11746928423050129,2.4164997849817103
1168,0.10526315789473684,17,True,0.5764705882352942,0.9411764705882353,0.5115068636860557,0.3227569588973982
1169,0.10526315789473684,17,True,0.24803921568627452,0.29411764705882354,0.07041342995225819,3.051601636871704
1170,0.10526315789473684,17,True,0.25245098039215685,0.4117647058823529,0.1675526697089812,2.2485731395538666
1171,0.15789473684210525,16,True,0.36333333333333334,0.5,0.14575294935186045,1.875
1172,0.15789473684210525,16,True,0.4822222222222222,0.8125,0.368718405808535,0.9933927290103626
1173,0.9473684210526315,1,False,,,,
1174,0.15789473684210525,16,True,0.48833333333333334,0.875,0.403874569882679,0.6685644431995964
1175,0.15789473684210525,16,True,0.4533333333333333,0.875,0.403874569882679,0.6685644431995964
1176,0.15789473684210525,16,True,0.3433333333333334,0.375,0.12192454098069483,2.1800365325772657
1177,0.10526315789473684,17,True,0.45588235294117646,0.6470588235294118,0.2597604999432015,1.3784188527203236
1178,0.10526315789473684,17,True,0.5117647058823529,0.7058823529411765,0.20033199319823147,0.8739810481273578
1179,0.10526315789473684,17,True,0.4485294117647059,0.7647058823529411,0.3516072294314623,1.1400677626718572
1180,0.05263157894736842,18,True,0.4631808278867103,0.7222222222222222,0.3687184058085351,1.2332247882202196
1181,0.05263157894736842,18,True,0.293681917211329,0.4444444444444444,0.1919537021102833,2.080500530640267
1182,0.05263157894736842,18,True,0.47407407407407404,0.9444444444444444,0.6272947035832889,0.3095434291503252
1183,0.05263157894736842,18,True,0.3581699346405229,0.3888888888888889,0.1976336043635435,1.8753156176197312
1184,0.05263157894736842,18,True,0.3272331154684096,0.5,0.2248895132903982,2.1405180562767114
1185,0.05263157894736842,18,True,0.46143790849673205,0.7777777777777778,0.44196169314325406,1.2086489509530647
1186,0.05263157894736842,18,True,0.46143790849673205,0.8333333333333334,0.42378260447830396,0.6500224216483541
1187,0.05263157894736842,18,True,0.3159041394335512,0.5,0.18980179399215247,2.2516291673878226
1188,0.10526315789473684,17,True,0.46715686274509804,0.7647058823529411,0.3768634756015603,1.2577148214953864
1189,0.10526315789473684,17,True,0.4348039215686274,0.7647058823529411,0.2998708836948967,1.022420703848328
1190,0.10526315789473684,17,True,0.3975490196078431,0.47058823529411764,0.20184431586908624,1.7633584292311082
1191,0.10526315789473684,17,True,0.5686274509803921,0.9411764705882353,0.5115068636860557,0.3227569588973982
1192,0.10526315789473684,17,True,0.5049019607843138,0.7647058823529411,0.3197363442781459,0.9780155566622414
1193,0.10526315789473684,17,True,0.3642156862745098,0.5882352941176471,0.23665100921814008,1.6627992560224794
1194,0.10526315789473684,17,True,0.47941176470588237,0.6470588235294118,0.2597604999432015,1.3784188527203236
1195,0.10526315789473684,17,True,0.5117647058823529,0.8823529411764706,0.39871518417755814,0.5225593745369408
1196,0.10526315789473684,17,True,0.49607843137254903,0.8235294117647058,0.3840091092994298,0.8343470230852537
1197,0.10526315789473684,17,True,0.4196078431372549,0.5882352941176471,0.23665100921814008,1.6627992560224794
1198,0.10526315789473684,17,True,0.40882352941176475,0.5882352941176471,0.23699400339378085,2.0157404324930677
1199,0.10526315789473684,17,True,0.5235294117647059,0.8823529411764706,0.470861478386833,0.6402064333604701
1200,0.10526315789473684,17,True,0.4759803921568627,0.5882352941176471,0.21101139994137996,1.2210477851797181
1201,0.05263157894736842,18,True,0.4043572984749455,0.6111111111111112,0.29436266502391517,1.6113834567195195
1202,0.05263157894736842,18,True,0.26710239651416123,0.3333333333333333,0.1434097975389519,2.5521796970665487
1203,0.05263157894736842,18,True,0.38300653594771245,0.6111111111111112,0.29436266502391517,1.6113834567195195
1204,0.05263157894736842,18,True,0.6,0.9444444444444444,0.6272947035832889,0.3095434291503252
1205,0.05263157894736842,18,True,0.44836601307189544,0.7777777777777778,0.44196169314325406,1.2086489509530647
1206,0.05263157894736842,18,True,0.4392156862745098,0.6111111111111112,0.28560263299760735,1.1941737342569119
1207,0.05263157894736842,18,True,0.4361655773420479,0.5,0.2626406304386867,1.4932133643654213
1208,0.05263157894736842,18,True,0.6666666666666666,1.0,0.7025277510807104,0.0
1209,0.05263157894736842,18,True,0.489760348583878,0.8888888888888888,0.5602467695939968,0.6143694458867568
1210,0.05263157894736842,18,True,0.6483660130718955,0.8888888888888888,0.5602467695939968,0.6143694458867568
1211,0.05263157894736842,18,True,0.5555555555555555,0.9444444444444444,0.6272947035832889,0.3095434291503252
1212,0.05263157894736842,18,True,0.674074074074074,0.9444444444444444,0.6272947035832889,0.3095434291503252
1213,0.05263157894736842,18,True,0.5555555555555555,0.9444444444444444,0.6272947035832889,0.3095434291503252
1214,0.05263157894736842,18,True,0.6666666666666666,1.0,0.7025277510807104,0.0
1215,0.05263157894736842,18,True,0.32156862745098036,0.4444444444444444,0.16177657023373804,2.169925001442312
1216,0.05263157894736842,18,True,0.3437908496732026,0.5,0.2393728467500651,1.9399824743635556
1217,0.05263157894736842,18,True,0.3686274509803921,0.5,0.25838690151454435,1.2516291673878228
1218,0.05263157894736842,18,True,0.514161220043573,0.7777777777777778,0.403874569882679,0.9444885341662053
1219,0.05263157894736842,18,True,0.5333333333333333,1.0,0.7025277510807104,0.0
1220,0.05263157894736842,18,True,0.6,1.0,0.7025277510807104,0.0
1221,0.05263157894736842,18,True,0.39651416122004357,0.7222222222222222,0.38873147359769233,1.497385205007079
1222,0.05263157894736842,18,True,0.4152505446623094,0.7222222222222222,0.3768634756015603,1.3862740938959681
1223,0.05263157894736842,18,True,0.8666666666666667,1.0,0.7025277510807104,0.0
1224,0.05263157894736842,18,True,0.4361655773420479,0.5555555555555556,0.2673721749433876,1.2326602568158205
1225,0.05263157894736842,18,True,0.34814814814814815,0.5,0.2030454343809852,2.2096909728231857
1226,0.05263157894736842,18,True,0.562962962962963,0.9444444444444444,0.6272947035832889,0.3095434291503252
1227,0.05263157894736842,18,True,0.49411764705882355,0.8333333333333334,0.42378260447830396,0.6500224216483541
1228,0.05263157894736842,18,True,0.6666666666666666,1.0,0.7025277510807104,0.0
1229,0.05263157894736842,18,True,0.3660130718954248,0.5,0.2393728467500651,1.9399824743635556
1230,0.05263157894736842,18,True,1.0,1.0,0.7025277510807104,0.0
1231,0.05263157894736842,18,True,0.5437908496732026,0.8888888888888888,0.5115068636860557,0.5032583347756457
1232,0.05263157894736842,18,True,0.3973856209150327,0.6111111111111112,0.2867214920979325,1.9447167900528528
1233,0.05263157894736842,18,True,0.3167755991285403,0.5,0.2030454343809852,2.2096909728231857
1234,0.05263157894736842,18,True,0.5808278867102398,0.7222222222222222,0.35250246264226515,1.0529407605626346
1235,0.05263157894736842,18,True,0.36514161220043573,0.6666666666666666,0.2712875592954145,1.224394445405986
1236,0.05263157894736842,18,True,0.3991285403050109,0.5,0.1818816931582793,1.9182958340544893
1237,0.05263157894736842,18,True,0.26143790849673204,0.4444444444444444,0.17056421755728324,2.4613201402110083
1238,0.05263157894736842,18,True,0.6666666666666666,1.0,0.7025277510807104,0.0
1239,0.05263157894736842,18,True,0.4823529411764706,0.8888888888888888,0.5602467695939968,0.6143694458867568
1240,0.05263157894736842,18,True,0.37037037037037035,0.4444444444444444,0.1805153902556471,2.2810361125534233
1241,0.05263157894736842,18,True,0.6148148148148148,0.9444444444444444,0.6272947035832889,0.3095434291503252
1242,0.05263157894736842,18,True,0.48888888888888893,0.9444444444444444,0.6272947035832889,0.3095434291503252
1243,0.05263157894736842,18,True,0.7333333333333333,1.0,0.7025277510807104,0.0
1244,0.05263157894736842,18,True,0.5333333333333333,1.0,0.7025277510807104,0.0
1245,0.05263157894736842,18,True,0.5777777777777778,0.9444444444444444,0.6272947035832889,0.3095434291503252
1246,0.05263157894736842,18,True,0.7333333333333333,1.0,0.7025277510807104,0.0
1247,0.05263157894736842,18,True,0.4718954248366013,0.6111111111111112,0.23559909273734103,1.2997367636952522
1248,0.05263157894736842,18,True,0.6666666666666666,1.0,0.7025277510807104,0.0
1249,0.05263157894736842,18,True,1.0,1.0,0.7025277510807104,0.0
1250,0.05263157894736842,18,True,0.5276688453159042,0.8888888888888888,0.5602467695939968,0.6143694458867568
1251,0.05263157894736842,18,True,0.4954248366013072,0.8333333333333334,0.42378260447830396,0.6500224216483541
1252,0.05263157894736842,18,True,0.6244008714596949,0.8333333333333334,0.4988905110011538,0.9141828384352135
1253,0.05263157894736842,18,True,0.6666666666666666,1.0,0.7025277510807104,0.0
1254,0.0,19,True,0.4378167641325536,0.5789473684210527,0.28560263299760746,1.428794734004785
1255,0.10526315789473684,17,True,0.29705882352941176,0.47058823529411764,0.15676141753386386,1.6457113704075788
1256,0.10526315789473684,17,True,0.5058823529411764,0.8235294117647058,0.4240799522429881,0.951994081908783
1257,0.10526315789473684,17,True,0.45098039215686275,0.7058823529411765,0.2987636957331653,1.2772018112022603
1258,0.10526315789473684,17,True,0.5019607843137255,0.9411764705882353,0.5115068636860557,0.3227569588973982
1259,0.10526315789473684,17,True,0.6,1.0,0.5145392392540866,0.0
1260,0.10526315789473684,17,True,0.33921568627450976,0.7058823529411765,0.31402704890353816,1.439254017211876
1261,0.10526315789473684,17,True,0.4127450980392157,0.6470588235294118,0.26901133528123755,1.5693078231812958
1262,0.10526315789473684,17,True,0.7142156862745098,0.8823529411764706,0.470861478386833,0.6402064333604701
1263,0.10526315789473684,17,True,0.4843137254901961,0.8235294117647058,0.3840091092994299,0.8343470230852538
1264,0.10526315789473684,17,True,0.29068627450980394,0.29411764705882354,0.09766925825323902,2.654255313215029
1265,0.10526315789473684,17,True,0.40980392156862744,0.7058823529411765,0.2987636957331653,1.2772018112022603
1266,0.10526315789473684,17,True,0.5333333333333333,1.0,0.5145392392540866,0.0
1267,0.10526315789473684,17,True,0.3225490196078431,0.5882352941176471,0.2112996794754627,1.7360411676599221
1268,0.10526315789473684,17,True,0.275,0.29411764705882354,0.08164746002056411,2.5366082543914996
1269,0.10526315789473684,17,True,0.5019607843137255,0.9411764705882353,0.5115068636860557,0.3227569588973982
1270,0.10526315789473684,17,True,0.6740196078431372,0.8823529411764706,0.39871518417755814,0.5225593745369408
1271,0.10526315789473684,17,True,0.23284313725490197,0.29411764705882354,0.08164746002056422,2.5366082543914996
1272,0.10526315789473684,17,True,0.3656862745098039,0.5294117647058824,0.18980179399215258,2.1739731346044096
1273,0.10526315789473684,17,True,0.29705882352941176,0.23529411764705882,0.06665179384033004,2.586887840995814
1274,0.10526315789473684,17,True,0.47990196078431374,0.8235294117647058,0.4240799522429881,0.951994081908783
1275,0.10526315789473684,17,True,0.3799019607843137,0.7058823529411765,0.31402704890353816,1.439254017211876
1276,0.10526315789473684,17,True,0.22303921568627452,0.23529411764705882,0.05027061116629672,2.8221819586428727
1277,0.10526315789473684,17,True,0.27598039215686276,0.35294117647058826,0.10854486060238233,2.615724605447171
1278,0.10526315789473684,17,True,0.4602941176470588,0.8235294117647058,0.4240799522429881,0.951994081908783
1279,0.10526315789473684,17,True,0.5176470588235295,0.9411764705882353,0.5115068636860557,0.3227569588973982
1280,0.10526315789473684,17,True,0.4818627450980392,0.8235294117647058,0.4240799522429881,0.951994081908783
1281,0.10526315789473684,17,True,0.4784313725490196,0.9411764705882353,0.5115068636860557,0.3227569588973982
1282,0.10526315789473684,17,True,0.6666666666666666,1.0,0.5145392392540866,0.0
1283,0.10526315789473684,17,True,0.5303921568627451,0.8823529411764706,0.470861478386833,0.6402064333604701
1284,0.10526315789473684,17,True,0.4446078431372549,0.5294117647058824,0.19658386084094503,1.2532975784630431
1285,0.10526315789473684,17,True,0.5117647058823529,0.7058823529411765,0.20033199319823147,0.8739810481273578
1286,0.10526315789473684,17,True,0.6666666666666666,1.0,0.5145392392540866,0.0
1287,0.10526315789473684,17,True,0.5607843137254902,0.9411764705882353,0.5115068636860557,0.3227569588973982
1288,0.0,19,True,0.6046783625730995,0.8947368421052632,0.6272947035832889,0.5907239186406502
1289,0.0,19,True,0.6,1.0,1.0,0.0
1290,0.0,19,True,0.4927875243664718,0.8421052631578947,0.5602467695939968,0.8795064608120066
1291,0.0,19,True,0.5060428849902534,0.8947368421052632,0.6272947035832889,0.5907239186406502
1292,0.0,19,True,0.4167641325536062,0.6842105263157895,0.24936273490419736,1.1897319168207328
1293,0.0,19,True,0.6,1.0,1.0,0.0
1294,0.0,19,True,0.49980506822612086,0.8421052631578947,0.5602467695939968,0.8795064608120066
1295,0.9473684210526315,1,False,,,,
1296,0.0,19,True,0.4576998050682261,0.8947368421052632,0.6272947035832889,0.5907239186406502
1297,0.0,19,True,0.6666666666666666,1.0,1.0,0.0
1298,0.0,19,True,0.5118908382066276,0.8947368421052632,0.6272947035832889,0.5907239186406502
1299,0.0,19,True,0.5321637426900584,0.7894736842105263,0.2575124304578764,0.7424875695421236
1300,0.0,19,True,0.4510721247563353,0.631578947368421,0.31402704890353805,1.7732143550933817
1301,0.0,19,True,0.5103313840155945,0.7368421052631579,0.403874569882679,1.192250860234642
1302,0.0,19,True,0.45536062378167647,0.8421052631578947,0.5115068636860557,0.7742433029172697
1303,0.0,19,True,0.4456140350877193,0.7894736842105263,0.42378260447830396,0.9132829641650988
1304,0.0,19,True,0.5263157894736843,0.9473684210526315,0.7025277510807104,0.2974722489192896
1305,0.0,19,True,0.3181286549707602,0.3684210526315789,0.16207676723408126,2.3523479118118216
1306,0.0,19,True,0.48576998050682263,0.8947368421052632,0.6272947035832889,0.5907239186406502
1307,0.0,19,True,0.5060428849902534,0.7368421052631579,0.16852561199027072,0.8314743880097293
1308,0.0,19,True,0.4319688109161793,0.5263157894736842,0.2673721749433876,1.4652556501132248
1309,0.0,19,True,0.512280701754386,0.9473684210526315,0.7025277510807104,0.2974722489192896
1310,0.0,19,True,0.419103313840156,0.6842105263157895,0.35250246264226515,1.2949950747154697
1311,0.0,19,True,0.3317738791423002,0.5789473684210527,0.29436266502391517,1.8240460500219924
1312,0.0,19,True,0.31345029239766087,0.5789473684210527,0.2894231402765127,1.9948414446449676
1313,0.0,19,True,0.47563352826510724,0.7368421052631579,0.3840091092994299,1.2319817814011402
1314,0.0,19,True,0.405458089668616,0.7894736842105263,0.4988905110011538,1.1635402011210707
1315,0.47368421052631576,10,True,0.4222222222222223,0.5,0.14285112452603943,1.3609640474436813
1316,0.9473684210526315,1,False,,,,
1317,0.9473684210526315,1,False,,,,
1318,0.15789473684210525,16,True,0.31166666666666665,0.4375,0.0775676470178337,1.7961796919474973
1319,0.15789473684210525,16,True,0.29222222222222227,0.5625,0.17190038180287592,1.7947367178034825
1320,0.42105263157894735,11,True,0.29818181818181816,0.36363636363636365,0.1805153902556471,2.5503407095463886
1321,0.0,19,True,0.3282651072124756,0.5263157894736842,0.23699400339378085,2.2890179898186576
1322,0.0,19,True,0.405458089668616,0.5789473684210527,0.29436266502391517,1.8240460500219924
1323,0.0,19,True,0.3399610136452242,0.3157894736842105,0.10031502121992697,2.089003828777592
1324,0.0,19,True,0.519298245614035,0.9473684210526315,0.7025277510807104,0.2974722489192896
1325,0.0,19,True,0.38245614035087716,0.42105263157894735,0.2585421883818424,1.7216117239699014
1326,0.0,19,True,0.3376218323586745,0.42105263157894735,0.13080188868938503,2.0182155146751497
1327,0.0,19,True,0.42300194931773877,0.5789473684210527,0.23559909273734092,1.5288018145253182
1328,0.0,19,True,0.63859649122807,0.9473684210526315,0.7025277510807104,0.2974722489192896
1329,0.0,19,True,0.6713450292397661,0.8421052631578947,0.5602467695939968,0.8795064608120066
1330,0.0,19,True,0.45458089668615986,0.8421052631578947,0.5602467695939968,0.8795064608120066
1331,0.0,19,True,0.3532163742690058,0.5789473684210527,0.2536413168939634,1.9293092079167293
1332,0.0,19,True,0.5060428849902534,0.8947368421052632,0.6272947035832889,0.5907239186406502
1333,0.0,19,True,0.6771929824561405,0.9473684210526315,0.7025277510807104,0.2974722489192896
1334,0.0,19,True,0.41559454191033135,0.47368421052631576,0.18813457241778053,1.8850931455708966
1335,0.0,19,True,0.5333333333333333,1.0,1.0,0.0
1336,0.0,19,True,0.5005847953216375,0.8421052631578947,0.5115068636860557,0.7742433029172697
1337,0.0,19,True,0.6011695906432749,0.8421052631578947,0.5602467695939968,0.8795064608120066
1338,0.0,19,True,0.4608187134502924,0.8421052631578947,0.5115068636860557,0.7742433029172697
1339,0.0,19,True,0.3621832358674464,0.47368421052631576,0.2626406304386867,1.7120954362128467
1340,0.0,19,True,0.5894736842105263,0.7894736842105263,0.470861478386833,1.058277043226334
1341,0.0,19,True,0.5247563352826511,0.8947368421052632,0.6272947035832889,0.5907239186406502
1342,0.0,19,True,0.3750487329434698,0.5789473684210527,0.2597604999432015,1.7187828921272557
1343,0.0,19,True,0.5060428849902534,0.8947368421052632,0.6272947035832889,0.5907239186406502
1344,0.0,19,True,0.46588693957115007,0.8947368421052632,0.6272947035832889,0.5907239186406502
1345,0.0,19,True,0.3111111111111111,0.5789473684210527,0.16494454884084453,1.3235315761100483
1346,0.0,19,True,0.4982456140350877,0.9473684210526315,0.7025277510807104,0.2974722489192896
1347,0.0,19,True,0.4982456140350877,0.9473684210526315,0.7025277510807104,0.2974722489192896
1348,0.0,19,True,0.49941520467836253,0.7894736842105263,0.42378260447830396,0.9132829641650988
1349,0.0,19,True,0.47992202729044836,0.8421052631578947,0.5602467695939968,0.8795064608120066
1350,0.0,19,True,0.6245614035087719,0.9473684210526315,0.7025277510807104,0.2974722489192896
1351,0.0,19,True,0.512280701754386,0.9473684210526315,0.7025277510807104,0.2974722489192896
1352,0.0,19,True,0.405458089668616,0.42105263157894735,0.1498881368720677,1.7002237262558646
1353,0.0,19,True,0.3543859649122807,0.5263157894736842,0.21129967947546247,2.038760752862686
1354,0.0,19,True,0.4159844054580896,0.5263157894736842,0.2750678362011758,1.683240358011977
1355,0.0,19,True,0.4935672514619883,0.8947368421052632,0.5145392392540866,0.4854607607459134
1356,0.0,19,True,0.5637426900584794,0.8947368421052632,0.6272947035832889,0.5907239186406502
1357,0.0,19,True,0.30292397660818715,0.47368421052631576,0.20002593917380795,2.535857775918279
1358,0.0,19,True,0.30526315789473685,0.5263157894736842,0.1959296610881882,2.0784916740291846
1359,0.0,19,True,0.29746588693957116,0.3684210526315789,0.11746928423050151,2.6475921473084956
1360,0.0,19,True,0.41130604288499023,0.631578947368421,0.28165251935609237,1.6679511971986447
1361,0.0,19,True,0.3317738791423002,0.47368421052631576,0.20304543438098532,2.390863696857044
1362,0.10526315789473684,17,True,0.3,0.35294117647058826,0.10854486060238244,2.615724605447171
1363,0.9473684210526315,1,False,,,,
1364,0.9473684210526315,1,False,,,,
1365,0.9473684210526315,1,False,,,,
1366,0.9473684210526315,1,False,,,,
1367,0.42105263157894735,11,True,0.3696969696969697,0.6363636363636364,0.20530794671029107,1.4911148500551858
1368,0.05263157894736842,18,True,0.4169934640522876,0.6666666666666666,0.3308728090528291,1.6688388898504305
1369,0.05263157894736842,18,True,0.34509803921568627,0.5,0.2125596493241808,2.3208020839342964
1370,0.05263157894736842,18,True,0.2875816993464052,0.4444444444444444,0.15867131134623425,2.350209029099897
1371,0.05263157894736842,18,True,0.2954248366013072,0.5,0.19725171154555354,1.8763576394898522
1372,0.05263157894736842,18,True,0.3359477124183006,0.3888888888888889,0.1976336043635436,1.8753156176197314
1373,0.05263157894736842,18,True,0.47886710239651414,0.8333333333333334,0.4988905110011538,0.9141828384352135
1374,0.05263157894736842,18,True,0.5272331154684096,0.8888888888888888,0.5602467695939968,0.6143694458867568
1375,0.0,19,True,0.31306042884990254,0.47368421052631576,0.25334307806277934,1.930080144111599
1376,0.0,19,True,0.31228070175438594,0.47368421052631576,0.2626406304386867,1.7120954362128467
1377,0.0,19,True,0.3758284600389864,0.5789473684210527,0.29436266502391517,1.8240460500219924
1378,0.0,19,True,0.34736842105263155,0.42105263157894735,0.11142704299982253,2.063202513215852
1379,0.0,19,True,0.317738791423002,0.5263157894736842,0.2362832736567574,2.1440239107574226
1380,0.0,19,True,0.4245614035087719,0.6842105263157895,0.3516072294314623,1.5055213905049434
1381,0.0,19,True,0.5637426900584794,0.8947368421052632,0.6272947035832889,0.5907239186406502
1382,0.0,19,True,0.2935672514619883,0.3684210526315789,0.06449043956057987,1.8710191208788403
1383,0.0,19,True,0.3645224171539961,0.47368421052631576,0.25838690151454435,1.4832261969709113
1384,0.0,19,True,0.450682261208577,0.7894736842105263,0.470861478386833,1.058277043226334
1385,0.9473684210526315,1,False,,,,
1386,0.9473684210526315,1,False,,,,
1387,0.9473684210526315,1,False,,,,
1388,0.9473684210526315,1,False,,,,
1389,0.9473684210526315,1,False,,,,
1390,0.9473684210526315,1,False,,,,
1391,0.0,19,True,0.45380116959064326,0.631578947368421,0.20033199319823125,1.2674438038072338
1392,0.0,19,True,0.44405458089668615,0.5789473684210527,0.28560263299760746,1.428794734004785
1393,0.0,19,True,0.29473684210526313,0.42105263157894735,0.1498881368720677,1.7002237262558646
1394,0.0,19,True,0.519298245614035,0.9473684210526315,0.7025277510807104,0.2974722489192896
1395,0.0,19,True,0.4331384015594542,0.8421052631578947,0.5602467695939968,0.8795064608120066
1396,0.0,19,True,0.2713450292397661,0.42105263157894735,0.1785263144136614,2.1234786725698864
1397,0.0,19,True,0.5863547758284601,0.8947368421052632,0.5145392392540866,0.4854607607459134
1398,0.0,19,True,0.5454191033138401,0.8421052631578947,0.5602467695939968,0.8795064608120066
1399,0.0,19,True,0.3773879142300195,0.47368421052631576,0.19658386084094515,1.6068322783181097
1400,0.0,19,True,0.543859649122807,0.9473684210526315,0.7025277510807104,0.2974722489192896
1401,0.0,19,True,0.464327485380117,0.8947368421052632,0.6272947035832889,0.5907239186406502
1402,0.0,19,True,0.5052631578947369,0.8421052631578947,0.5602467695939968,0.8795064608120066
1403,0.0,19,True,0.47719298245614034,0.9473684210526315,0.7025277510807104,0.2974722489192896
1404,0.0,19,True,0.6705653021442495,0.8947368421052632,0.6272947035832889,0.5907239186406502
1405,0.0,19,True,0.4612085769980506,0.7894736842105263,0.4988905110011538,1.1635402011210707
1406,0.0,19,True,0.6701754385964912,0.8947368421052632,0.6272947035832889,0.5907239186406502
1407,0.0,19,True,0.4023391812865497,0.6842105263157895,0.35250246264226515,1.2949950747154697
1408,0.0,19,True,0.43820662768031193,0.7894736842105263,0.470861478386833,1.058277043226334
1409,0.0,19,True,0.7052631578947367,0.9473684210526315,0.7025277510807104,0.2974722489192896
1410,0.0,19,True,0.4576998050682261,0.8947368421052632,0.6272947035832889,0.5907239186406502
1411,0.0,19,True,0.4916179337231969,0.8947368421052632,0.6272947035832889,0.5907239186406502
1412,0.0,19,True,0.6666666666666666,1.0,1.0,0.0
1413,0.0,19,True,0.46510721247563347,0.8421052631578947,0.5602467695939968,0.8795064608120066
1414,0.0,19,True,0.44015594541910324,0.7368421052631579,0.3840091092994299,1.2319817814011402
1415,0.9473684210526315,1,False,,,,
1416,0.9473684210526315,1,False,,,,
1417,0.9473684210526315,1,False,,,,
1418,0.9473684210526315,1,False,,,,
1419,0.9473684210526315,1,False,,,,
1420,0.9473684210526315,1,False,,,,
1421,0.9473684210526315,1,False,,,,
1422,0.9473684210526315,1,False,,,,
1423,0.9473684210526315,1,False,,,,
1424,0.9473684210526315,1,False,,,,
1425,0.9473684210526315,1,False,,,,
1426,0.9473684210526315,1,False,,,,
1427,0.9473684210526315,1,False,,,,
1428,0.9473684210526315,1,False,,,,
1429,0.9473684210526315,1,False,,,,
1430,0.9473684210526315,1,False,,,,
1431,0.9473684210526315,1,False,,,,
1432,0.9473684210526315,1,False,,,,
1433,0.9473684210526315,1,False,,,,
1434,0.9473684210526315,1,False,,,,
1435,0.9473684210526315,1,False,,,,
1436,0.0,19,True,0.542300194931774,0.6842105263157895,0.35250246264226515,1.2949950747154697
1437,0.0,19,True,0.5099415204678363,0.631578947368421,0.050547984612051566,0.9494520153879484
1438,0.0,19,True,0.3056530214424951,0.5263157894736842,0.2112996794754627,2.0387607528626854
1439,0.47368421052631576,10,True,0.4266666666666667,0.6,0.04790964338522474,0.9709505944546686
1440,0.0,19,True,0.32007797270955163,0.3684210526315789,0.18354756840725672,2.292071752457787
1441,0.0,19,True,0.38635477582846,0.5789473684210527,0.26901133528123755,1.8895782867502309
1442,0.0,19,True,0.4269005847953216,0.47368421052631576,0.19658386084094503,1.60683227831811
1443,0.0,19,True,0.41130604288499023,0.5789473684210527,0.24864847816330582,1.7445842076889957
1444,0.0,19,True,0.5345029239766083,0.8421052631578947,0.5115068636860557,0.7742433029172697
1445,0.0,19,True,0.6245614035087719,0.9473684210526315,0.7025277510807104,0.2974722489192896
1446,0.0,19,True,1.0,1.0,1.0,0.0
1447,0.0,19,True,0.5115009746588693,0.8421052631578947,0.5602467695939968,0.8795064608120066
1448,0.0,19,True,0.642495126705653,0.8421052631578947,0.5602467695939968,0.8795064608120066
1449,0.0,19,True,0.5465886939571151,0.8947368421052632,0.5145392392540866,0.4854607607459134
1450,0.0,19,True,0.41364522417154,0.6842105263157895,0.3516072294314623,1.5055213905049434
1451,0.0,19,True,0.4222222222222223,0.47368421052631576,0.16008854642218662,1.6798229071556268
1452,0.0,19,True,0.48070175438596496,0.8421052631578947,0.5115068636860557,0.7742433029172697
1453,0.0,19,True,0.512280701754386,0.9473684210526315,0.7025277510807104,0.2974722489192896
1454,0.0,19,True,0.49980506822612086,0.8947368421052632,0.6272947035832889,0.5907239186406502
1455,0.0,19,True,0.45536062378167647,0.7894736842105263,0.4988905110011538,1.1635402011210707
1456,0.0,19,True,0.5251461988304094,0.7894736842105263,0.42378260447830396,0.9132829641650988
1457,0.0,19,True,0.5185185185185185,0.7894736842105263,0.470861478386833,1.058277043226334
1458,0.0,19,True,0.22300194931773878,0.3157894736842105,0.1299788197076427,2.610063540877072
1459,0.05263157894736842,18,True,0.3115468409586057,0.3888888888888889,0.13189963535753602,2.2584598927441624
1460,0.05263157894736842,18,True,0.3660130718954248,0.6111111111111112,0.2867214920979325,1.9447167900528528
1461,0.05263157894736842,18,True,0.4736383442265795,0.8333333333333334,0.4988905110011538,0.9141828384352135
1462,0.05263157894736842,18,True,0.48627450980392156,0.8333333333333334,0.4988905110011538,0.9141828384352135
1463,0.8947368421052632,2,False,,,,
1464,0.8947368421052632,2,False,,,,
1465,0.8947368421052632,2,False,,,,
1466,0.8947368421052632,2,False,,,,
1467,0.8947368421052632,2,False,,,,
1468,0.9473684210526315,1,False,,,,
1469,0.9473684210526315,1,False,,,,
1470,0.9473684210526315,1,False,,,,
1471,0.9473684210526315,1,False,,,,
1472,0.9473684210526315,1,False,,,,
1473,0.9473684210526315,1,False,,,,
1474,0.9473684210526315,1,False,,,,
1475,0.9473684210526315,1,False,,,,
1476,0.9473684210526315,1,False,,,,
1477,0.9473684210526315,1,False,,,,
1478,0.9473684210526315,1,False,,,,
1479,0.9473684210526315,1,False,,,,
1480,0.9473684210526315,1,False,,,,
1481,0.9473684210526315,1,False,,,,
1482,0.9473684210526315,1,False,,,,
1483,0.9473684210526315,1,False,,,,
1484,0.9473684210526315,1,False,,,,
1485,0.9473684210526315,1,False,,,,
1486,0.9473684210526315,1,False,,,,
1487,0.9473684210526315,1,False,,,,
1488,0.9473684210526315,1,False,,,,
1489,0.9473684210526315,1,False,,,,
1490,0.9473684210526315,1,False,,,,
1491,0.9473684210526315,1,False,,,,
1492,0.9473684210526315,1,False,,,,
1493,0.9473684210526315,1,False,,,,
1494,0.9473684210526315,1,False,,,,
1495,0.9473684210526315,1,False,,,,
1496,0.9473684210526315,1,False,,,,
1497,0.9473684210526315,1,False,,,,
1498,0.9473684210526315,1,False,,,,
1499,0.9473684210526315,1,False,,,,
1500,0.9473684210526315,1,False,,,,
1501,0.9473684210526315,1,False,,,,
1502,0.9473684210526315,1,False,,,,
1503,0.9473684210526315,1,False,,,,
1504,0.9473684210526315,1,False,,,,
1505,0.9473684210526315,1,False,,,,
1506,0.9473684210526315,1,False,,,,
1507,0.9473684210526315,1,False,,,,
1508,0.9473684210526315,1,False,,,,
1509,0.9473684210526315,1,False,,,,
1510,0.9473684210526315,1,False,,,,
1511,0.9473684210526315,1,False,,,,
1512,0.9473684210526315,1,False,,,,
1513,0.9473684210526315,1,False,,,,
1514,0.9473684210526315,1,False,,,,
1515,0.8947368421052632,2,False,,,,
1516,0.8947368421052632,2,False,,,,
1517,0.8947368421052632,2,False,,,,
1518,0.8947368421052632,2,False,,,,
1519,0.8947368421052632,2,False,,,,
1520,0.8947368421052632,2,False,,,,
1521,0.05263157894736842,18,True,0.3093681917211329,0.5,0.2125596493241808,2.3208020839342964
1522,0.0,19,True,0.4514619883040936,0.6842105263157895,0.3028137911081479,1.1050139971135322
1523,0.0,19,True,0.34736842105263155,0.3684210526315789,0.14227686724143762,1.9915714395869089
1524,0.0,19,True,0.4654970760233918,0.631578947368421,0.2987636957331652,1.6282202760321465
1525,0.0,19,True,0.4,0.5789473684210527,0.26901133528123755,1.8895782867502309
1526,0.0,19,True,0.4853801169590643,0.8421052631578947,0.5602467695939968,0.8795064608120066
1527,0.0,19,True,0.5649122807017544,0.9473684210526315,0.7025277510807104,0.2974722489192896
1528,0.0,19,True,0.447953216374269,0.6842105263157895,0.10025624130173738,0.8997437586982626
1529,0.0,19,True,0.352046783625731,0.5789473684210527,0.26901133528123755,1.8895782867502309
1530,0.0,19,True,0.5333333333333333,1.0,1.0,0.0
1531,0.0,19,True,0.5060428849902534,0.8421052631578947,0.5115068636860557,0.7742433029172697
1532,0.0,19,True,0.5251461988304094,0.8421052631578947,0.5602467695939968,0.8795064608120066
1533,0.0,19,True,0.4631578947368421,0.5263157894736842,0.001999116127700429,0.9980008838722996
1534,0.0,19,True,0.49005847953216375,0.7368421052631579,0.3555333547974129,1.0214554656116666
1535,0.0,19,True,0.3699805068226121,0.631578947368421,0.2987636957331653,1.6282202760321463
1536,0.0,19,True,0.5676413255360624,0.7368421052631579,0.403874569882679,1.192250860234642
1537,0.0,19,True,0.36959064327485375,0.47368421052631576,0.11008500616192007,1.7798299876761599
1538,0.0,19,True,0.5029239766081871,0.6842105263157895,0.10025624130173738,0.8997437586982626
1539,0.0,19,True,0.4584795321637427,0.6842105263157895,0.35250246264226515,1.2949950747154697
1540,0.0,19,True,0.531384015594542,0.8947368421052632,0.6272947035832889,0.5907239186406502
1541,0.0,19,True,0.45029239766081874,0.7894736842105263,0.42378260447830396,0.9132829641650988
1542,0.0,19,True,0.4350877192982456,0.7894736842105263,0.470861478386833,1.058277043226334
1543,0.05263157894736842,18,True,0.3664488017429194,0.6111111111111112,0.2962465220098368,1.4108478748063633
1544,0.0,19,True,0.34502923976608185,0.47368421052631576,0.16008854642218662,1.6798229071556268
1545,0.0,19,True,0.4038986354775828,0.5263157894736842,0.2750678362011758,1.683240358011977
1546,0.0,19,True,0.5029239766081871,0.7894736842105263,0.4988905110011538,1.1635402011210707
1547,0.0,19,True,0.5996101364522417,0.8947368421052632,0.5145392392540866,0.4854607607459134
1548,0.0,19,True,0.4619883040935672,0.7368421052631579,0.3141871168274789,1.086987702339905
1549,0.0,19,True,0.5610136452241716,0.8947368421052632,0.5145392392540866,0.4854607607459134
1550,0.0,19,True,0.5384015594541911,0.8947368421052632,0.6272947035832889,0.5907239186406502
1551,0.0,19,True,0.4074074074074074,0.6842105263157895,0.3516072294314623,1.5055213905049434
1552,0.0,19,True,0.32202729044834305,0.47368421052631576,0.20919571487351996,2.220068302234069
1553,0.0,19,True,0.28966861598440546,0.42105263157894735,0.15867131134623425,2.523986065961297
1554,0.0,19,True,0.4600389863547758,0.631578947368421,0.31364651914901487,1.3727069617019703
1555,0.05263157894736842,18,True,0.4954248366013072,0.5555555555555556,0.2199270264698785,0.9910760598382222
1556,0.05263157894736842,18,True,0.27712418300653596,0.4444444444444444,0.17056421755728335,2.4613201402110083
1557,0.7368421052631579,5,True,0.23333333333333334,0.4,0.4240799522429881,1.9219280948873623
1558,0.10526315789473684,17,True,0.31862745098039214,0.7058823529411765,0.31402704890353816,1.439254017211876
1559,0.05263157894736842,18,True,0.42396514161220045,0.5555555555555556,0.21101139994137985,1.3516441151533924
1560,0.05263157894736842,18,True,0.4065359477124183,0.7222222222222222,0.3516072294314623,1.275162982784857
1561,0.05263157894736842,18,True,0.4901960784313726,0.7777777777777778,0.4240799522429881,1.0975378398419535
1562,0.05263157894736842,18,True,0.514161220043573,0.8333333333333334,0.4988905110011538,0.9141828384352135
1563,0.05263157894736842,18,True,0.306318082788671,0.3888888888888889,0.1479243275641523,2.210973616506754
1564,0.05263157894736842,18,True,0.5150326797385621,0.8333333333333334,0.4988905110011538,0.9141828384352135
1565,0.05263157894736842,18,True,0.27712418300653596,0.3888888888888889,0.13931336313991416,2.411509198419911
1566,0.05263157894736842,18,True,0.28888888888888886,0.5,0.20919571487351996,2.0294069451656007
1567,0.05263157894736842,18,True,0.24357298474945532,0.3333333333333333,0.11764824276400487,2.7799500009615414
1568,0.05263157894736842,18,True,0.5124183006535947,0.7222222222222222,0.368718405808535,1.2332247882202196
1569,0.05263157894736842,18,True,0.6013071895424836,0.8888888888888888,0.5602467695939968,0.6143694458867568
1570,0.05263157894736842,18,True,0.4993464052287582,0.6111111111111112,0.2360639286070707,0.964078764808229
1571,0.05263157894736842,18,True,0.2522875816993464,0.2777777777777778,0.09338305360514532,2.996624141510993
1572,0.05263157894736842,18,True,0.46797385620915033,0.7777777777777778,0.4240799522429881,1.0975378398419535
1573,0.05263157894736842,18,True,0.49411764705882355,0.8333333333333334,0.42378260447830396,0.6500224216483541
1574,0.05263157894736842,18,True,0.548148148148148,0.9444444444444444,0.6272947035832889,0.3095434291503252
1575,0.05263157894736842,18,True,0.493681917211329,0.8888888888888888,0.5602467695939968,0.6143694458867568
1576,0.05263157894736842,18,True,0.4840958605664488,0.7222222222222222,0.3768634756015603,1.3862740938959681
1577,0.05263157894736842,18,True,0.5124183006535947,0.7777777777777778,0.403874569882679,0.9444885341662053
1578,0.05263157894736842,18,True,0.40261437908496733,0.7222222222222222,0.3768634756015603,1.3862740938959681
1579,0.05263157894736842,18,True,0.2605664488017429,0.2777777777777778,0.08513554810286617,2.747167197306934
1580,0.05263157894736842,18,True,0.30413943355119827,0.3888888888888889,0.20088836321582537,2.216521698179525
1581,0.05263157894736842,18,True,0.47015250544662307,0.8333333333333334,0.470861478386833,0.8030717273241024
1582,0.05263157894736842,18,True,0.6666666666666666,0.9444444444444444,0.6272947035832889,0.3095434291503252
1583,0.05263157894736842,18,True,0.2884531590413943,0.2777777777777778,0.10349153892997709,2.5249449750847117
1584,0.05263157894736842,18,True,0.5185185185185185,0.9444444444444444,0.6272947035832889,0.3095434291503252
1585,0.05263157894736842,18,True,0.4823529411764706,0.8888888888888888,0.5602467695939968,0.6143694458867568
1586,0.05263157894736842,18,True,0.2875816993464052,0.2777777777777778,0.12081271666233695,2.768853837616
1587,0.10526315789473684,17,True,0.5764705882352942,0.9411764705882353,0.5115068636860557,0.3227569588973982
1588,0.10526315789473684,17,True,0.5475490196078431,0.6470588235294118,0.23559909273734092,1.1660870601063933
1589,0.10526315789473684,17,True,0.30343137254901964,0.47058823529411764,0.1580305074069105,2.4404040177209283
1590,0.10526315789473684,17,True,0.37107843137254903,0.5882352941176471,0.19551110891298862,1.54515219719895
1591,0.10526315789473684,17,True,0.6196078431372548,0.9411764705882353,0.5115068636860557,0.3227569588973982
1592,0.10526315789473684,17,True,0.2872549019607843,0.47058823529411764,0.15867131134623425,2.278351811711312
1593,0.10526315789473684,17,True,0.4882352941176471,0.8235294117647058,0.4240799522429881,0.951994081908783
1594,0.10526315789473684,17,True,0.5450980392156862,0.9411764705882353,0.5115068636860557,0.3227569588973982
1595,0.10526315789473684,17,True,0.45,0.6470588235294118,0.19324013288374065,1.2607717938967942
1596,0.10526315789473684,17,True,0.32401960784313727,0.5294117647058824,0.18585266116365706,2.011920928594794
1597,0.10526315789473684,17,True,0.5475490196078431,0.8235294117647058,0.4240799522429881,0.951994081908783
1598,0.10526315789473684,17,True,0.48627450980392156,0.9411764705882353,0.5115068636860557,0.3227569588973982
1599,0.10526315789473684,17,True,0.4754901960784314,0.8235294117647058,0.3840091092994298,0.8343470230852537
1600,0.05263157894736842,18,True,0.3071895424836601,0.4444444444444444,0.17056421755728335,2.4613201402110083
1601,0.05263157894736842,18,True,0.48671023965141613,0.7777777777777778,0.403874569882679,0.9444885341662053
1602,0.05263157894736842,18,True,0.5917211328976035,0.8888888888888888,0.5602467695939968,0.6143694458867568
1603,0.05263157894736842,18,True,0.4196078431372549,0.7777777777777778,0.44196169314325406,1.2086489509530647
1604,0.05263157894736842,18,True,0.5755991285403051,0.7777777777777778,0.4240799522429881,1.0975378398419535
1605,0.05263157894736842,18,True,0.5825708061002179,0.8888888888888888,0.5115068636860557,0.5032583347756457
1606,0.05263157894736842,18,True,0.5098039215686274,0.7222222222222222,0.368718405808535,1.2332247882202196
1607,0.05263157894736842,18,True,0.5111111111111111,0.9444444444444444,0.6272947035832889,0.3095434291503252
1608,0.05263157894736842,18,True,0.4727668845315904,0.7222222222222222,0.368718405808535,1.2332247882202196
1609,0.05263157894736842,18,True,0.3777777777777778,0.6111111111111112,0.2894231402765127,1.7916674843771045
1610,0.05263157894736842,18,True,0.674074074074074,0.9444444444444444,0.6272947035832889,0.3095434291503252
1611,0.05263157894736842,18,True,0.42135076252723314,0.5555555555555556,0.2673721749433876,1.2326602568158205
1612,0.05263157894736842,18,True,0.4200435729847494,0.7222222222222222,0.38873147359769233,1.497385205007079
1613,0.05263157894736842,18,True,0.32505446623093687,0.4444444444444444,0.1805153902556471,2.2810361125534233
1614,0.05263157894736842,18,True,0.5703703703703703,0.9444444444444444,0.6272947035832889,0.3095434291503252
1615,0.05263157894736842,18,True,0.3468409586056645,0.3333333333333333,0.13680104328656195,1.8016366412706075
1616,0.05263157894736842,18,True,0.5215686274509804,0.8333333333333334,0.4988905110011538,0.9141828384352135
1617,0.0,19,True,0.3773879142300195,0.631578947368421,0.3308728090528291,1.8784775129881184
1618,0.0,19,True,0.5824561403508771,0.7368421052631579,0.35553335479741277,1.0214554656116668
1619,0.0,19,True,0.4810916179337232,0.8947368421052632,0.5145392392540866,0.4854607607459134
1620,0.0,19,True,0.4557504873294347,0.6842105263157895,0.3516072294314623,1.5055213905049434
1621,0.0,19,True,0.3543859649122807,0.5789473684210527,0.19324013288374053,1.613519734232519
1622,0.0,19,True,0.4982456140350877,0.9473684210526315,0.7025277510807104,0.2974722489192896
1623,0.0,19,True,0.48693957115009745,0.8421052631578947,0.5602467695939968,0.8795064608120066
1624,0.0,19,True,0.3341130604288499,0.47368421052631576,0.20304543438098532,2.390863696857044
1625,0.0,19,True,0.3500974658869396,0.5789473684210527,0.2752707006065839,2.034572365811466
1626,0.0,19,True,0.4456140350877193,0.631578947368421,0.25838690151454435,1.4832261969709113
1627,0.0,19,True,0.33528265107212474,0.3684210526315789,0.13931336313991416,2.5820599105802575
1628,0.0,19,True,0.22729044834307993,0.3157894736842105,0.10568804373752783,2.9708400131019843
1629,0.0,19,True,0.43079922027290446,0.42105263157894735,0.2585421883818424,1.7216117239699014
1630,0.0,19,True,0.4179337231968811,0.6842105263157895,0.3197363442781458,1.3605273114437084
1631,0.0,19,True,0.41091617933723196,0.7368421052631579,0.44196169314325406,1.442508097190614
1632,0.0,19,True,0.4514619883040936,0.7894736842105263,0.4988905110011538,1.1635402011210707
1633,0.0,19,True,0.6339181286549708,0.8421052631578947,0.5602467695939968,0.8795064608120066
1634,0.0,19,True,0.28109161793372317,0.3684210526315789,0.1675526697089812,2.4973419908730565
1635,0.0,19,True,0.4713450292397661,0.5263157894736842,0.2199270264698785,1.2363864108712896
1636,0.0,19,True,0.28693957115009744,0.3157894736842105,0.12541521267568045,2.905307776373746
1637,0.0,19,True,0.5017543859649123,0.5789473684210527,0.2360639286070707,1.2108100261060328
1638,0.0,19,True,0.4787524366471735,0.8421052631578947,0.5602467695939968,0.8795064608120066
1639,0.0,19,True,0.519298245614035,0.9473684210526315,0.7025277510807104,0.2974722489192896
1640,0.0,19,True,0.4838206627680312,0.7368421052631579,0.4240799522429881,1.3372449392958772
1641,0.0,19,True,0.3555555555555555,0.5789473684210527,0.2597604999432015,1.7187828921272557
1642,0.0,19,True,0.6768031189083821,0.8421052631578947,0.5115068636860557,0.7742433029172697
1643,0.0,19,True,0.397270955165692,0.5789473684210527,0.28560263299760746,1.428794734004785
1644,0.0,19,True,0.4982456140350877,0.8421052631578947,0.5602467695939968,0.8795064608120066
1645,0.0,19,True,0.44405458089668615,0.7368421052631579,0.3840091092994299,1.2319817814011402
1646,0.0,19,True,0.49473684210526314,0.5789473684210527,0.23559909273734092,1.5288018145253182
1647,0.0,19,True,0.28693957115009744,0.3684210526315789,0.1675526697089812,2.4973419908730565
1648,0.0,19,True,0.24210526315789474,0.3157894736842105,0.09313907461799564,2.720582776146013
1649,0.0,19,True,0.484990253411306,0.8947368421052632,0.6272947035832889,0.5907239186406502
1650,0.0,19,True,0.6023391812865497,0.7894736842105263,0.4988905110011538,1.1635402011210707
1651,0.0,19,True,0.3508771929824562,0.5263157894736842,0.2362832736567574,2.1440239107574226
1652,0.0,19,True,0.49239766081871345,0.8421052631578947,0.5602467695939968,0.8795064608120066
1653,0.0,19,True,0.3516569200779727,0.5789473684210527,0.26901133528123744,1.889578286750231
1654,0.05263157894736842,18,True,0.3633986928104575,0.4444444444444444,0.1805153902556471,2.2810361125534233
1655,0.0,19,True,0.3341130604288499,0.42105263157894735,0.20184431586908624,2.063202513215852
1656,0.0,19,True,0.38440545808966864,0.7894736842105263,0.470861478386833,1.058277043226334
1657,0.0,19,True,0.2627680311890838,0.2631578947368421,0.09766925825323913,2.8603207778330435
1658,0.0,19,True,0.35672514619883045,0.47368421052631576,0.20919571487351973,2.2200683022340693
1659,0.0,19,True,0.42962962962962964,0.7368421052631579,0.3840091092994299,1.2319817814011402
1660,0.0,19,True,0.3477582846003899,0.631578947368421,0.3269868938901338,1.5626880393039078
1661,0.0,19,True,0.33645224171539956,0.47368421052631576,0.18980179399215247,2.4305946180235427
1662,0.05263157894736842,18,True,0.4043572984749455,0.6111111111111112,0.2962465220098368,1.4108478748063633
1663,0.05263157894736842,18,True,0.41132897603485835,0.7222222222222222,0.368718405808535,1.2332247882202196
1664,0.8947368421052632,2,False,,,,
1665,0.0,19,True,0.35243664717348927,0.5789473684210527,0.26901133528123755,1.8895782867502309
1666,0.0,19,True,0.3984405458089669,0.7368421052631579,0.44196169314325406,1.442508097190614
1667,0.0,19,True,0.31968810916179335,0.47368421052631576,0.18585266116365695,2.2856005389623077
1668,0.0,19,True,0.4732943469785575,0.7894736842105263,0.39871518417755814,0.9530138853315971
1669,0.0,19,True,0.39766081871345027,0.6842105263157895,0.3768634756015604,1.61078454839968
1670,0.0,19,True,0.63859649122807,0.9473684210526315,0.7025277510807104,0.2974722489192896
1671,0.0,19,True,0.3676413255360624,0.5263157894736842,0.2362832736567574,2.1440239107574226
1672,0.0,19,True,0.28732943469785577,0.42105263157894735,0.19123733654225028,2.5637169871277954
1673,0.0,19,True,0.3953216374269006,0.631578947368421,0.2634294358664522,1.1674367232867007
1674,0.0,19,True,0.38908382066276803,0.5263157894736842,0.2362832736567574,2.1440239107574226
1675,0.0,19,True,0.40779727095516566,0.42105263157894735,0.2585421883818424,1.7216117239699014
1676,0.0,19,True,0.4631578947368421,0.5789473684210527,0.19324013288374053,1.613519734232519
1677,0.0,19,True,0.3555555555555555,0.42105263157894735,0.20184431586908624,2.063202513215852
1678,0.0,19,True,0.3282651072124756,0.3684210526315789,0.11746928423050151,2.6475921473084956
1679,0.0,19,True,0.3391812865497076,0.47368421052631576,0.16008854642218662,1.6798229071556268
1680,0.0,19,True,0.38245614035087716,0.42105263157894735,0.17110427909453796,2.1426643555488485
1681,0.05263157894736842,18,True,0.3991285403050109,0.5,0.2393728467500651,1.9399824743635556
1682,0.05263157894736842,18,True,0.3708061002178649,0.5,0.20919571487351996,2.0294069451656007
1683,0.05263157894736842,18,True,0.379520697167756,0.3888888888888889,0.1693969746959355,1.9523612813926658
1684,0.7894736842105263,4,False,,,,
1685,0.8421052631578947,3,False,,,,
1686,0.8421052631578947,3,False,,,,
1687,0.21052631578947367,15,True,0.3453968253968254,0.5333333333333333,0.175929009903667,1.9898980954642875
1688,0.21052631578947367,15,True,0.4038095238095238,0.6666666666666666,0.23665100921814008,1.5589385323502771
1689,0.10526315789473684,17,True,0.30637254901960786,0.47058823529411764,0.1525859561938041,2.116299605701696
1690,0.05263157894736842,18,True,0.3424836601307189,0.5555555555555556,0.2362832736567574,1.949137865273585
1691,0.05263157894736842,18,True,0.4958605664488018,0.7777777777777778,0.4240799522429881,1.0975378398419535
1692,0.05263157894736842,18,True,0.3660130718954248,0.6111111111111112,0.2536413168939634,1.7224945678306305
1693,0.05263157894736842,18,True,0.29760348583878,0.3888888888888889,0.18354756840725672,2.1054105870684143
1694,0.05263157894736842,18,True,0.46797385620915033,0.7222222222222222,0.3516072294314623,1.275162982784857
1695,0.05263157894736842,18,True,0.4457516339869281,0.5555555555555556,0.2750678362011758,1.4627552262645034
1696,0.05263157894736842,18,True,0.5760348583877997,0.8333333333333334,0.470861478386833,0.8030717273241024
1697,0.05263157894736842,18,True,0.534640522875817,0.6666666666666666,0.2634294358664522,0.9182958340544896
1698,0.05263157894736842,18,True,0.3355119825708061,0.5,0.18585266116365706,2.098579861712074
1699,0.05263157894736842,18,True,0.5625272331154684,0.7777777777777778,0.4240799522429881,1.0975378398419535
1700,0.05263157894736842,18,True,0.39346405228758174,0.6666666666666666,0.31402704890353805,1.5577277787393193
1701,0.05263157894736842,18,True,0.437037037037037,0.7222222222222222,0.3516072294314623,1.275162982784857
1702,0.05263157894736842,18,True,0.2954248366013072,0.4444444444444444,0.171914951735067,2.30827083453526
1703,0.05263157894736842,18,True,0.34117647058823525,0.6111111111111112,0.2536413168939634,1.7224945678306305
1704,0.05263157894736842,18,True,0.3372549019607843,0.4444444444444444,0.16177657023373804,2.169925001442312
1705,0.05263157894736842,18,True,0.4496732026143791,0.7777777777777778,0.4240799522429881,1.0975378398419535
1706,0.05263157894736842,18,True,0.534640522875817,0.8888888888888888,0.5602467695939968,0.6143694458867568
1707,0.05263157894736842,18,True,0.48714596949891065,0.7777777777777778,0.403874569882679,0.9444885341662053
1708,0.05263157894736842,18,True,0.4361655773420479,0.5555555555555556,0.21262228529006166,1.6158045319402516
1709,0.05263157894736842,18,True,0.3498910675381264,0.5,0.20919571487351973,2.0294069451656007
1710,0.05263157894736842,18,True,0.24705882352941178,0.2777777777777778,0.10349153892997698,2.5249449750847117
1711,0.05263157894736842,18,True,0.46797385620915033,0.7222222222222222,0.35250246264226515,1.0529407605626346
1712,0.05263157894736842,18,True,0.4252723311546841,0.4444444444444444,0.2275769429533877,1.9749375012019268
1713,0.05263157894736842,18,True,0.3572984749455338,0.4444444444444444,0.2275769429533877,1.9749375012019268
1714,0.05263157894736842,18,True,0.3281045751633987,0.4444444444444444,0.16315629602638737,1.969389419529156
1715,0.05263157894736842,18,True,0.5660130718954248,0.7777777777777778,0.4240799522429881,1.0975378398419535
1716,0.05263157894736842,18,True,0.49978213507625274,0.7222222222222222,0.35250246264226515,1.0529407605626346
1717,0.05263157894736842,18,True,0.4575163398692811,0.7777777777777778,0.44196169314325406,1.2086489509530647
1718,0.05263157894736842,18,True,0.33856209150326794,0.4444444444444444,0.175929009903667,2.127986806877675
1719,0.05263157894736842,18,True,0.28278867102396515,0.3888888888888889,0.13962061144647375,2.702904337188607
1720,0.05263157894736842,18,True,0.7777777777777779,0.8333333333333334,0.470861478386833,0.8030717273241024
1721,0.05263157894736842,18,True,0.424400871459695,0.6111111111111112,0.2752707006065839,1.8336056789417416
1722,0.05263157894736842,18,True,0.4174291938997821,0.7222222222222222,0.3768634756015604,1.386274093895968
1723,0.05263157894736842,18,True,0.5442265795206971,0.7222222222222222,0.3197363442781459,1.1221136771091087
1724,0.05263157894736842,18,True,0.3037037037037037,0.3888888888888889,0.13931336313991416,2.411509198419911
1725,0.05263157894736842,18,True,0.28104575163398693,0.3333333333333333,0.12997881970764258,2.4410685859554375
1726,0.05263157894736842,18,True,0.29237472766884537,0.3333333333333333,0.1219245409806945,2.2880192802796895
1727,0.05263157894736842,18,True,0.4627450980392157,0.6666666666666666,0.3308728090528291,1.6688388898504305
1728,0.05263157894736842,18,True,0.29934640522875816,0.3333333333333333,0.12541521267568023,2.752715278979705
1729,0.05263157894736842,18,True,0.26492374727668844,0.5,0.20304543438098532,2.2096909728231857
1730,0.05263157894736842,18,True,0.4065359477124183,0.5555555555555556,0.21262228529006166,1.6158045319402516
1731,0.05263157894736842,18,True,0.3193899782135076,0.3333333333333333,0.11498315352740862,2.4885548621928453
1732,0.05263157894736842,18,True,0.30806100217864923,0.4444444444444444,0.16486955055198538,2.614369445886757
1733,0.05263157894736842,18,True,0.28104575163398693,0.4444444444444444,0.19123733654225028,2.3921472236645345
1734,0.05263157894736842,18,True,0.2531590413943355,0.4444444444444444,0.1648695505519855,2.614369445886757
1735,0.7894736842105263,4,False,,,,
1736,0.7894736842105263,4,False,,,,
1737,0.8421052631578947,3,False,,,,
1738,0.6842105263157895,6,True,0.2,0.16666666666666666,0.38873147359769233,2.584962500721156
1739,0.10526315789473684,17,True,0.3264705882352941,0.5294117647058824,0.20002593917380795,2.291620193427939
1740,0.10526315789473684,17,True,0.28823529411764703,0.29411764705882354,0.07558291272206419,2.889549430862088
1741,0.10526315789473684,17,True,0.31029411764705883,0.47058823529411764,0.1454276709574014,2.3227569588973984
1742,0.05263157894736842,18,True,0.2627450980392157,0.2777777777777778,0.09766925825323913,2.7052290027422967
1743,0.05263157894736842,18,True,0.3660130718954248,0.4444444444444444,0.175929009903667,2.127986806877675
1744,0.0,19,True,0.4752436647173489,0.7368421052631579,0.4240799522429881,1.3372449392958772
1745,0.05263157894736842,18,True,0.4300653594771242,0.6111111111111112,0.2752707006065839,1.8336056789417416
1746,0.05263157894736842,18,True,0.40043572984749454,0.5,0.21465505822008046,1.8288713632524445
1747,0.05263157894736842,18,True,0.3956427015250545,0.5555555555555556,0.2266696978627366,1.7960885595978366
1748,0.05263157894736842,18,True,0.36688453159041395,0.5555555555555556,0.25962632736662017,1.879964948727111
1749,0.05263157894736842,18,True,0.3372549019607843,0.5555555555555556,0.23699400339378085,2.102187170949333
1750,0.0,19,True,0.29980506822612085,0.3684210526315789,0.13931336313991427,2.582059910580257
1751,0.0,19,True,0.4003898635477583,0.6842105263157895,0.3197363442781459,1.3605273114437082
1752,0.0,19,True,0.44093567251461985,0.5263157894736842,0.21101139994137985,1.5779772001172403
1753,0.0,19,True,0.362962962962963,0.5263157894736842,0.2362832736567574,2.1440239107574226
1754,0.0,19,True,0.4612085769980506,0.631578947368421,0.3293970672908122,1.7334834339268832
1755,0.0,19,True,0.2826510721247563,0.3157894736842105,0.12997881970764258,2.6100635408770723
1756,0.0,19,True,0.46354775828460043,0.631578947368421,0.31402704890353805,1.7732143550933817
1757,0.0,19,True,0.4444444444444444,0.5789473684210527,0.21310559346698976,1.5737888130660205
1758,0.0,19,True,0.25769980506822615,0.42105263157894735,0.1648695505519856,2.774243302917269
1759,0.0,19,True,0.4865497076023392,0.7894736842105263,0.2575124304578764,0.7424875695421236
1760,0.0,19,True,0.33021442495126707,0.5263157894736842,0.2502376437826136,2.2492870686521593
1761,0.0,19,True,0.8709551656920078,0.8947368421052632,0.6272947035832889,0.5907239186406502
1762,0.0,19,True,0.2857699805068226,0.47368421052631576,0.20304543438098532,2.390863696857044
1763,0.0,19,True,0.39571150097465885,0.7368421052631579,0.4240799522429881,1.3372449392958772
1764,0.0,19,True,0.2600389863547758,0.3157894736842105,0.15091784767780048,2.8205898566665453
1765,0.0,19,True,0.32163742690058483,0.5263157894736842,0.2446883927462009,2.3942811477133943
1766,0.0,19,True,0.42066276803118907,0.5263157894736842,0.2673721749433876,1.4652556501132248
1767,0.0,19,True,0.29863547758284603,0.42105263157894735,0.16177657023373804,2.353190671338322
1768,0.0,19,True,0.40077972709551657,0.47368421052631576,0.11008500616192018,1.7798299876761596
1769,0.0,19,True,0.2631578947368421,0.3684210526315789,0.13157084033512267,2.7528553052032323
1770,0.631578947368421,7,True,0.18730158730158727,0.14285714285714285,0.3387531097057149,2.807354922057604
1771,0.631578947368421,7,True,0.3365079365079365,0.42857142857142855,0.2987636957331652,1.8423709931771084
1772,0.631578947368421,7,True,0.2571428571428572,0.42857142857142855,0.3293970672908122,2.1280852788913944
1773,0.631578947368421,7,True,0.2380952380952381,0.42857142857142855,0.3293970672908122,2.1280852788913944
1774,0.0,19,True,0.3169590643274854,0.3684210526315789,0.11746928423050129,2.647592147308496
1775,0.0,19,True,0.341130604288499,0.5263157894736842,0.2112996794754627,2.0387607528626854
1776,0.21052631578947367,15,True,0.29079365079365077,0.4,0.11498315352740851,2.422579761842491
1777,0.15789473684210525,16,True,0.37722222222222224,0.625,0.2362832736567574,1.7987949406953985
1778,0.9473684210526315,1,False,,,,
1779,0.9473684210526315,1,False,,,,
1780,0.9473684210526315,1,False,,,,
1781,0.9473684210526315,1,False,,,,
1782,0.10526315789473684,17,True,0.31666666666666665,0.35294117647058826,0.1219245409806945,2.2125038423722683
1783,0.05263157894736842,18,True,0.3093681917211329,0.3888888888888889,0.1522439593200896,2.522620309531022
1784,0.10526315789473684,17,True,0.33676470588235297,0.35294117647058826,0.1299788197076427,2.374556048381884
1785,0.05263157894736842,18,True,0.21307189542483662,0.2777777777777778,0.1008413064067728,2.9693894195291564
1786,0.05263157894736842,18,True,0.25272331154684097,0.16666666666666666,0.03846620640445608,3.197159723424149
1787,0.05263157894736842,18,True,0.40610021786492373,0.7222222222222222,0.3768634756015603,1.386274093895968
1788,0.05263157894736842,18,True,0.3132897603485839,0.3888888888888889,0.1675526697089812,2.3220847276178658
1789,0.10526315789473684,17,True,0.33627450980392154,0.4117647058823529,0.10855658164767323,2.2544475789720946
1790,0.10526315789473684,17,True,0.24950980392156863,0.23529411764705882,0.044807714930917175,2.660129752633257
1791,0.10526315789473684,17,True,0.3068627450980392,0.35294117647058826,0.0871023067983544,2.0948567835487384
1792,0.10526315789473684,17,True,0.26813725490196083,0.35294117647058826,0.1056880437375276,2.7777768114567865
1793,0.10526315789473684,17,True,0.2745098039215686,0.29411764705882354,0.0769961392682722,2.7274972248524723
1794,0.10526315789473684,17,True,0.46911764705882353,0.6470588235294118,0.231537301786233,1.4516607643577664
1795,0.10526315789473684,17,True,0.31911764705882356,0.29411764705882354,0.08164746002056422,2.5366082543915
1796,0.10526315789473684,17,True,0.2754901960784314,0.23529411764705882,0.050080277719944055,2.984234164652489
1797,0.10526315789473684,17,True,0.24166666666666667,0.23529411764705882,0.045924459206083346,3.146286370662105
1798,0.10526315789473684,17,True,0.45,0.6470588235294118,0.2752707006065839,1.731360029190912
1799,0.10526315789473684,17,True,0.29411764705882354,0.35294117647058826,0.11668426943697652,2.5868878409958143
1800,0.10526315789473684,17,True,0.3112745098039216,0.23529411764705882,0.0916168491362307,2.6756981353679867
1801,0.10526315789473684,17,True,0.2647058823529412,0.35294117647058826,0.09313907461799575,2.4980775466236413
1802,0.10526315789473684,17,True,0.4049019607843138,0.6470588235294118,0.2752707006065839,1.731360029190912
1803,0.05263157894736842,18,True,0.26187363834422656,0.2222222222222222,0.08783714748704163,3.016875695766564
1804,0.9473684210526315,1,False,,,,
1805,0.9473684210526315,1,False,,,,
1806,0.9473684210526315,1,False,,,,
1807,0.9473684210526315,1,False,,,,
1808,0.9473684210526315,1,False,,,,
1809,0.9473684210526315,1,False,,,,
1810,0.9473684210526315,1,False,,,,
1811,0.9473684210526315,1,False,,,,
1812,0.9473684210526315,1,False,,,,
1813,0.9473684210526315,1,False,,,,
1814,0.9473684210526315,1,False,,,,
1815,0.9473684210526315,1,False,,,,
1816,0.9473684210526315,1,False,,,,
1817,0.9473684210526315,1,False,,,,
1818,0.9473684210526315,1,False,,,,
1819,0.9473684210526315,1,False,,,,
1820,0.9473684210526315,1,False,,,,
1821,0.9473684210526315,1,False,,,,
1822,0.9473684210526315,1,False,,,,
1823,0.9473684210526315,1,False,,,,
1824,0.9473684210526315,1,False,,,,
1825,0.9473684210526315,1,False,,,,
1826,0.9473684210526315,1,False,,,,
1827,0.05263157894736842,18,True,0.3106753812636166,0.3333333333333333,0.10854486060238244,2.6688388898504303
1828,0.05263157894736842,18,True,0.20479302832244006,0.3333333333333333,0.11080677113992865,2.93299930663729
1829,0.42105263157894735,11,True,0.3660606060606061,0.5454545454545454,0.2275769429533877,2.049452072789394
1830,0.42105263157894735,11,True,0.2715151515151515,0.45454545454545453,0.1919537021102833,2.2221915755066783
1831,0.21052631578947367,15,True,0.26412698412698415,0.3333333333333333,0.08513554810286594,2.732914563979398
1832,0.15789473684210525,16,True,0.2594444444444444,0.4375,0.13962061144647364,2.646782221599798
1833,0.5263157894736842,9,True,0.45,0.7777777777777778,0.2673721749433876,0.9864267287308424
1834,0.8421052631578947,3,False,,,,
1835,0.8947368421052632,2,False,,,,
1836,0.8947368421052632,2,False,,,,
1837,0.8947368421052632,2,False,,,,
1838,0.8947368421052632,2,False,,,,
1839,0.8947368421052632,2,False,,,,
1840,0.8947368421052632,2,False,,,,
1841,0.42105263157894735,11,True,0.3006060606060606,0.45454545454545453,0.1919537021102833,2.2221915755066783
1842,0.42105263157894735,11,True,0.24606060606060606,0.2727272727272727,0.1525859561938041,2.413088436425758
1843,0.3684210526315789,12,True,0.2494949494949495,0.3333333333333333,0.1522439593200896,2.751629167387823
1844,0.3684210526315789,12,True,0.24444444444444444,0.3333333333333333,0.13931336313991427,2.5849625007211556
1845,0.05263157894736842,18,True,0.4570806100217865,0.7777777777777778,0.44196169314325406,1.2086489509530647
1846,0.05263157894736842,18,True,0.31285403050108934,0.3888888888888889,0.15255700352874701,2.3695710038552735
1847,0.10526315789473684,17,True,0.4132352941176471,0.7647058823529411,0.3516072294314623,1.1400677626718572
1848,0.05263157894736842,18,True,0.4065359477124183,0.5,0.21465505822008046,1.8288713632524445
1849,0.05263157894736842,18,True,0.27015250544662306,0.3333333333333333,0.1056880437375276,2.8218881955261783
1850,0.10526315789473684,17,True,0.28088235294117647,0.29411764705882354,0.07946722197090783,2.345719283930527
1851,0.10526315789473684,17,True,0.43529411764705883,0.5882352941176471,0.21101139994137985,1.2210477851797181
1852,0.10526315789473684,17,True,0.6995098039215686,0.8823529411764706,0.470861478386833,0.6402064333604701
1853,0.10526315789473684,17,True,0.5019607843137255,0.8235294117647058,0.3840091092994298,0.8343470230852537
1854,0.21052631578947367,15,True,0.46222222222222226,0.6666666666666666,0.1712804787748815,1.158938532350277
1855,0.15789473684210525,16,True,0.4872222222222222,0.8125,0.3197363442781459,0.8683927290103626
1856,0.8947368421052632,2,False,,,,
1857,0.8947368421052632,2,False,,,,
1858,0.8947368421052632,2,False,,,,
1859,0.8947368421052632,2,False,,,,
1860,0.15789473684210525,16,True,0.39333333333333337,0.375,0.09505028986650521,2.0306390622295662
1861,0.10526315789473684,17,True,0.38333333333333336,0.47058823529411764,0.16177657023373804,2.0874628412503395
1862,0.10526315789473684,17,True,0.5455882352941176,0.8823529411764706,0.470861478386833,0.6402064333604701
1863,0.10526315789473684,17,True,0.30833333333333335,0.5294117647058824,0.1717002214937282,2.05632607578088
1864,0.10526315789473684,17,True,0.3,0.35294117647058826,0.09601115045200947,2.6601297526332575
1865,0.10526315789473684,17,True,0.4808823529411764,0.7647058823529411,0.35160722943146216,1.1400677626718572
1866,0.10526315789473684,17,True,0.40637254901960784,0.6470588235294118,0.2536413168939634,1.6137129703673825
1867,0.10526315789473684,17,True,0.2769607843137255,0.4117647058823529,0.1522439593200896,2.460904932167797
1868,0.10526315789473684,17,True,0.31519607843137254,0.29411764705882354,0.0966431262007984,2.4863286677871854
1869,0.15789473684210525,16,True,0.3233333333333333,0.4375,0.10855658164767323,2.224601752714581
1870,0.47368421052631576,10,True,0.28444444444444444,0.5,0.2393728467500651,2.1609640474436813
1871,0.3684210526315789,12,True,0.30606060606060603,0.4166666666666667,0.1479243275641522,2.2841591278514217
1872,0.10526315789473684,17,True,0.2931372549019608,0.35294117647058826,0.11498315352740862,2.424835634986198
1873,0.10526315789473684,17,True,0.20490196078431372,0.23529411764705882,0.04592445920608368,3.146286370662105
1874,0.10526315789473684,17,True,0.4495098039215686,0.7058823529411765,0.28165251935609237,1.321606958388347
1875,0.10526315789473684,17,True,0.30392156862745096,0.23529411764705882,0.07094373015126376,2.74894004700543
1876,0.10526315789473684,17,True,0.34019607843137256,0.5294117647058824,0.18980179399215247,2.1739731346044096
1877,0.10526315789473684,17,True,0.5176470588235295,0.9411764705882353,0.5115068636860557,0.3227569588973982
1878,0.10526315789473684,17,True,0.36127450980392156,0.6470588235294118,0.2752707006065839,1.731360029190912
1879,0.10526315789473684,17,True,0.42401960784313725,0.5294117647058824,0.18585266116365706,2.011920928594794
1880,0.10526315789473684,17,True,0.23088235294117648,0.17647058823529413,0.049951018230899646,3.1307179879273748
1881,0.10526315789473684,17,True,0.4745098039215686,0.7058823529411765,0.23852144093129524,1.1595547523787308
1882,0.10526315789473684,17,True,0.43970588235294117,0.6470588235294118,0.26901133528123755,1.5693078231812958
1883,0.10526315789473684,17,True,0.24950980392156863,0.23529411764705882,0.05740927103252724,3.1018812234760182
1884,0.10526315789473684,17,True,0.2196078431372549,0.23529411764705882,0.05740927103252724,3.1018812234760182
1885,0.10526315789473684,17,True,0.30196078431372547,0.5294117647058824,0.20002593917380795,2.291620193427939
1886,0.10526315789473684,17,True,0.42401960784313725,0.7058823529411765,0.2816525193560925,1.3216069583883467
1887,0.10526315789473684,17,True,0.24754901960784315,0.23529411764705882,0.050080277719944166,2.984234164652489
1888,0.10526315789473684,17,True,0.2671568627450981,0.35294117647058826,0.10568804373752794,2.777776811456787
1889,0.10526315789473684,17,True,0.44901960784313727,0.8823529411764706,0.470861478386833,0.6402064333604701
1890,0.10526315789473684,17,True,0.21911764705882353,0.4117647058823529,0.1190371301847496,2.5785519909913264
1891,0.15789473684210525,16,True,0.2872222222222222,0.375,0.09601115045200959,2.6556390622295662
1892,0.15789473684210525,16,True,0.4966666666666667,0.8125,0.3197363442781458,0.8683927290103626
1893,0.10526315789473684,17,True,0.3700980392156863,0.47058823529411764,0.13038293096458609,1.9698157824268105
1894,0.10526315789473684,17,True,0.2544117647058824,0.29411764705882354,0.09766925825323902,2.654255313215029
1895,0.10526315789473684,17,True,0.3284313725490196,0.4117647058823529,0.1522439593200896,2.4609049321677965
1896,0.21052631578947367,15,True,0.3726984126984127,0.4666666666666667,0.13931336313991405,2.3301249653149703
1897,0.15789473684210525,16,True,0.5083333333333333,0.9375,0.42378260447830396,0.3372900666170139
1898,0.15789473684210525,16,True,0.6,0.9375,0.42378260447830396,0.3372900666170139
1899,0.15789473684210525,16,True,0.2916666666666667,0.4375,0.13071292461933426,2.349601752714581
1900,0.15789473684210525,16,True,0.27166666666666667,0.375,0.10854486060238244,2.60845859334435
1901,0.15789473684210525,16,True,0.31166666666666665,0.375,0.09313907461799564,2.48345859334435
1902,0.15789473684210525,16,True,0.4483333333333333,0.5625,0.14053652857124965,1.6225562489182659
1903,0.15789473684210525,16,True,0.4294444444444444,0.5625,0.18813457241778053,1.4913146570363986
1904,0.15789473684210525,16,True,0.3988888888888889,0.4375,0.16939697469593573,1.8024212838293647
1905,0.15789473684210525,16,True,0.3238888888888889,0.25,0.06665179384033015,2.577819531114783
1906,0.42105263157894735,11,True,0.36848484848484847,0.45454545454545453,0.13080188868938503,1.789929075309999
1907,0.47368421052631576,10,True,0.40444444444444444,0.7,0.19658386084094515,1.1567796494470395
1908,0.47368421052631576,10,True,0.27259259259259255,0.3,0.17190038180287592,2.1709505944546685
1909,0.42105263157894735,11,True,0.45454545454545453,0.5454545454545454,0.1262934802341793,1.3221793455166666
1910,0.5263157894736842,9,True,0.6666666666666666,1.0,0.001999116127700429,0.0
1911,0.3684210526315789,12,True,0.48686868686868684,0.6666666666666666,0.13002267628881858,1.2516291673878228
1912,0.3684210526315789,12,True,0.4505050505050505,0.6666666666666666,0.20530794671029118,1.4182958340544896
1913,0.05263157894736842,18,True,0.3686274509803921,0.5555555555555556,0.23699400339378085,2.102187170949333
1914,0.05263157894736842,18,True,0.5864923747276689,0.8888888888888888,0.5602467695939968,0.6143694458867568
1915,0.15789473684210525,16,True,0.4755555555555555,0.6875,0.231537301786233,1.3716407621868583
1916,0.05263157894736842,18,True,0.29760348583878,0.5,0.20002593917380795,2.3627402784989338
1917,0.05263157894736842,18,True,0.3355119825708061,0.3888888888888889,0.13071292461933404,2.4387439204017474
1918,0.05263157894736842,18,True,0.4684095860566449,0.7777777777777778,0.4240799522429881,1.0975378398419535
1919,0.05263157894736842,18,True,0.48888888888888893,0.9444444444444444,0.6272947035832889,0.3095434291503252
1920,0.05263157894736842,18,True,0.534640522875817,0.8888888888888888,0.5602467695939968,0.6143694458867568
1921,0.05263157894736842,18,True,0.3359477124183006,0.5555555555555556,0.23199713097962404,1.5683182557028439
1922,0.05263157894736842,18,True,0.4823529411764706,0.8888888888888888,0.5602467695939968,0.6143694458867568
1923,0.05263157894736842,18,True,0.6854030501089324,0.8888888888888888,0.5602467695939968,0.6143694458867568
1924,0.0,19,True,0.512280701754386,0.8421052631578947,0.5602467695939968,0.8795064608120066
1925,0.0,19,True,0.4421052631578947,0.7368421052631579,0.44196169314325406,1.442508097190614
1926,0.8947368421052632,2,False,,,,
1927,0.9473684210526315,1,False,,,,
1928,0.9473684210526315,1,False,,,,
1929,0.9473684210526315,1,False,,,,
1930,0.9473684210526315,1,False,,,,
1931,0.9473684210526315,1,False,,,,
1932,0.9473684210526315,1,False,,,,
1933,0.9473684210526315,1,False,,,,
1934,0.9473684210526315,1,False,,,,
1935,0.9473684210526315,1,False,,,,
1936,0.9473684210526315,1,False,,,,
1937,0.8947368421052632,2,False,,,,
1938,0.8947368421052632,2,False,,,,
1939,0.05263157894736842,18,True,0.548148148148148,0.9444444444444444,0.6272947035832889,0.3095434291503252
1940,0.0,19,True,0.46627680311890835,0.7368421052631579,0.44196169314325406,1.442508097190614
1941,0.0,19,True,0.37192982456140355,0.6842105263157895,0.35250246264226515,1.2949950747154697
1942,0.0,19,True,0.46159844054580895,0.8421052631578947,0.5115068636860557,0.7742433029172697
1943,0.0,19,True,0.4335282651072125,0.8421052631578947,0.5602467695939968,0.8795064608120066
1944,0.0,19,True,0.3446393762183236,0.5789473684210527,0.26901133528123755,1.8895782867502309
1945,0.0,19,True,0.4378167641325536,0.5263157894736842,0.26942437427994115,1.8885105964272466
1946,0.0,19,True,0.47758284600389866,0.631578947368421,0.31364651914901476,1.3727069617019705
1947,0.0,19,True,0.543859649122807,0.9473684210526315,0.7025277510807104,0.2974722489192896
1948,0.0,19,True,0.4389863547758285,0.8947368421052632,0.6272947035832889,0.5907239186406502
1949,0.0,19,True,0.4569200779727095,0.631578947368421,0.2712875592954145,1.457424881409171
1950,0.0,19,True,0.4483430799220273,0.5789473684210527,0.28560263299760746,1.428794734004785
1951,0.0,19,True,0.5274853801169591,0.7368421052631579,0.4240799522429881,1.3372449392958772
1952,0.0,19,True,0.33879142300194937,0.3684210526315789,0.18354756840725672,2.292071752457787
1953,0.0,19,True,0.3801169590643275,0.47368421052631576,0.19725171154555354,2.075074223172834
1954,0.0,19,True,0.41637426900584795,0.5789473684210527,0.2597604999432016,1.7187828921272554
1955,0.0,19,True,0.33216374269005844,0.3684210526315789,0.12063835223938557,2.041814515501815
1956,0.0,19,True,0.3621832358674464,0.5263157894736842,0.2362832736567574,2.1440239107574226
1957,0.0,19,True,0.2463937621832359,0.21052631578947367,0.0698074466580968,3.0900327766014795
1958,0.0,19,True,0.2729044834307992,0.3684210526315789,0.13962061144647364,2.8581184630979695
1959,0.8947368421052632,2,False,,,,
1960,0.8947368421052632,2,False,,,,
1961,0.8947368421052632,2,False,,,,
1962,0.8947368421052632,2,False,,,,
1963,0.8421052631578947,3,False,,,,
1964,0.0,19,True,0.45458089668615986,0.8421052631578947,0.5115068636860557,0.7742433029172697
1965,0.0,19,True,0.4105263157894737,0.7368421052631579,0.3141871168274789,1.086987702339905
1966,0.0,19,True,0.41130604288499023,0.631578947368421,0.31402704890353805,1.7732143550933817
1967,0.0,19,True,0.4331384015594542,0.7368421052631579,0.4240799522429881,1.3372449392958772
1968,0.0,19,True,0.48888888888888893,0.7894736842105263,0.39871518417755814,0.9530138853315971
1969,0.0,19,True,0.49239766081871345,0.7894736842105263,0.470861478386833,1.058277043226334
1970,0.0,19,True,0.48615984405458085,0.631578947368421,0.3269868938901337,1.562688039303908
1971,0.0,19,True,0.591812865497076,0.8421052631578947,0.5602467695939968,0.8795064608120066
1972,0.0,19,True,0.3516569200779727,0.5263157894736842,0.2362832736567574,2.1440239107574226
1973,0.0,19,True,0.4444444444444444,0.6842105263157895,0.3516072294314623,1.5055213905049434
1974,0.9473684210526315,1,False,,,,
1975,0.9473684210526315,1,False,,,,
1976,0.9473684210526315,1,False,,,,
1977,0.9473684210526315,1,False,,,,
1978,0.8947368421052632,2,False,,,,
1979,0.8947368421052632,2,False,,,,
1980,0.8947368421052632,2,False,,,,
1981,0.8947368421052632,2,False,,,,
1982,0.8421052631578947,3,False,,,,
1983,0.8421052631578947,3,False,,,,
1984,0.8421052631578947,3,False,,,,
1985,0.8421052631578947,3,False,,,,
1986,0.8421052631578947,3,False,,,,
1987,0.8421052631578947,3,False,,,,
1988,0.8421052631578947,3,False,,,,
1989,0.8421052631578947,3,False,,,,
1990,0.8421052631578947,3,False,,,,
1991,0.8421052631578947,3,False,,,,
1992,0.8421052631578947,3,False,,,,
1993,0.8421052631578947,3,False,,,,
1994,0.8421052631578947,3,False,,,,
1995,0.8421052631578947,3,False,,,,
1996,0.8947368421052632,2,False,,,,
1997,0.8947368421052632,2,False,,,,
1998,0.8947368421052632,2,False,,,,
1999,0.8947368421052632,2,False,,,,
2000,0.8947368421052632,2,False,,,,
2001,0.8947368421052632,2,False,,,,
2002,0.8947368421052632,2,False,,,,
2003,0.8947368421052632,2,False,,,,
2004,0.8947368421052632,2,False,,,,
2005,0.8947368421052632,2,False,,,,
2006,0.9473684210526315,1,False,,,,
2007,0.9473684210526315,1,False,,,,
2008,0.9473684210526315,1,False,,,,
2009,0.9473684210526315,1,False,,,,
2010,0.9473684210526315,1,False,,,,
2011,0.9473684210526315,1,False,,,,
2012,0.9473684210526315,1,False,,,,
2013,0.9473684210526315,1,False,,,,
2014,0.9473684210526315,1,False,,,,
2015,0.9473684210526315,1,False,,,,
2016,0.9473684210526315,1,False,,,,
2017,0.9473684210526315,1,False,,,,
2018,0.9473684210526315,1,False,,,,
2019,0.9473684210526315,1,False,,,,
2020,0.9473684210526315,1,False,,,,
2021,0.9473684210526315,1,False,,,,
2022,0.9473684210526315,1,False,,,,
2023,0.9473684210526315,1,False,,,,
2024,0.9473684210526315,1,False,,,,
2025,0.9473684210526315,1,False,,,,
2026,0.9473684210526315,1,False,,,,
2027,0.9473684210526315,1,False,,,,
2028,0.9473684210526315,1,False,,,,
2029,0.9473684210526315,1,False,,,,
2030,0.9473684210526315,1,False,,,,
2031,0.9473684210526315,1,False,,,,
2032,0.9473684210526315,1,False,,,,
2033,0.9473684210526315,1,False,,,,
2034,0.9473684210526315,1,False,,,,
2035,0.9473684210526315,1,False,,,,
2036,0.9473684210526315,1,False,,,,
2037,0.9473684210526315,1,False,,,,
2038,0.9473684210526315,1,False,,,,
2039,0.9473684210526315,1,False,,,,
2040,0.9473684210526315,1,False,,,,
2041,0.9473684210526315,1,False,,,,
2042,0.10526315789473684,17,True,0.4446078431372549,0.5882352941176471,0.21129967947546247,1.7360411676599221
2043,0.10526315789473684,17,True,0.6328431372549019,0.8823529411764706,0.470861478386833,0.6402064333604701
2044,0.15789473684210525,16,True,0.5777777777777778,0.875,0.403874569882679,0.6685644431995964
2045,0.15789473684210525,16,True,0.6333333333333333,0.9375,0.42378260447830396,0.3372900666170139
2046,0.15789473684210525,16,True,0.7,0.9375,0.42378260447830396,0.3372900666170139
2047,0.15789473684210525,16,True,0.6666666666666666,1.0,0.37075077614396545,0.0
2048,0.15789473684210525,16,True,0.6666666666666666,1.0,0.37075077614396545,0.0
2049,0.15789473684210525,16,True,0.5333333333333333,1.0,0.37075077614396545,0.0
2050,0.15789473684210525,16,True,0.5,0.9375,0.42378260447830396,0.3372900666170139
2051,0.15789473684210525,16,True,0.6,1.0,0.37075077614396545,0.0
2052,0.15789473684210525,16,True,0.33611111111111114,0.5625,0.17190038180287592,1.7947367178034825
2053,0.15789473684210525,16,True,0.55,0.9375,0.42378260447830396,0.3372900666170139
2054,0.15789473684210525,16,True,0.4872222222222222,0.8125,0.3197363442781459,0.8683927290103626
2055,0.15789473684210525,16,True,0.415,0.6875,0.21310559346698987,1.1216407621868583
2056,0.15789473684210525,16,True,0.6,1.0,0.37075077614396545,0.0
2057,0.15789473684210525,16,True,0.4066666666666666,0.625,0.21262228529006166,1.4237949406953985
2058,0.15789473684210525,16,True,0.6,1.0,0.37075077614396545,0.0
2059,0.15789473684210525,16,True,0.4455555555555556,0.5,0.1738725939109368,1.5306390622295665
2060,0.15789473684210525,16,True,0.36833333333333335,0.6875,0.26901133528123755,1.4966407621868583
2061,0.15789473684210525,16,True,0.47,0.5625,0.16008854642218662,1.2475562489182659
2062,0.15789473684210525,16,True,0.5333333333333333,0.9375,0.42378260447830396,0.3372900666170139
2063,0.15789473684210525,16,True,0.45111111111111113,0.5625,0.18813457241778053,1.4913146570363986
2064,0.15789473684210525,16,True,0.33888888888888885,0.4375,0.16207676723408126,2.0461796919474975
2065,0.15789473684210525,16,True,0.6283333333333334,0.8125,0.3197363442781459,0.8683927290103626
2066,0.15789473684210525,16,True,0.5,0.9375,0.42378260447830396,0.3372900666170139
2067,0.10526315789473684,17,True,0.346078431372549,0.5294117647058824,0.18980179399215258,2.1739731346044096
2068,0.10526315789473684,17,True,0.5098039215686274,0.8823529411764706,0.470861478386833,0.6402064333604701
2069,0.10526315789473684,17,True,0.44411764705882356,0.7058823529411765,0.2987636957331653,1.2772018112022603
2070,0.05263157894736842,18,True,0.2570806100217865,0.4444444444444444,0.15803050740691016,2.5032583347756456
2071,0.05263157894736842,18,True,0.3786492374727669,0.7222222222222222,0.3768634756015603,1.386274093895968
2072,0.05263157894736842,18,True,0.4714596949891067,0.8333333333333334,0.470861478386833,0.8030717273241024
2073,0.05263157894736842,18,True,0.4962962962962963,0.9444444444444444,0.6272947035832889,0.3095434291503252
2074,0.05263157894736842,18,True,0.3045751633986928,0.4444444444444444,0.1525859561938041,2.197159723424149
2075,0.05263157894736842,18,True,0.33769063180827885,0.5555555555555556,0.23699400339378085,2.102187170949333
2076,0.05263157894736842,18,True,0.4636165577342048,0.8333333333333334,0.4988905110011538,0.9141828384352135
2077,0.05263157894736842,18,True,0.5673202614379085,0.7777777777777778,0.403874569882679,0.9444885341662053
2078,0.05263157894736842,18,True,0.3525054466230937,0.4444444444444444,0.15867131134623413,2.350209029099897
2079,0.05263157894736842,18,True,0.4575163398692811,0.6666666666666666,0.3293970672908122,1.5157895841746822
2080,0.05263157894736842,18,True,0.36165577342047933,0.5,0.20304543438098532,2.2096909728231857
2081,0.05263157894736842,18,True,0.2514161220043573,0.3333333333333333,0.10568804373752783,2.8218881955261783
2082,0.05263157894736842,18,True,0.33856209150326794,0.4444444444444444,0.17056421755728335,2.4613201402110083
2083,0.05263157894736842,18,True,0.41830065359477125,0.5555555555555556,0.23665100921813997,1.768853837616
2084,0.05263157894736842,18,True,0.3298474945533769,0.5,0.18980179399215258,2.2516291673878226
2085,0.5263157894736842,9,True,0.2555555555555556,0.3333333333333333,0.2362832736567574,2.4193819456463714
2086,0.8947368421052632,2,False,,,,
2087,0.9473684210526315,1,False,,,,
2088,0.9473684210526315,1,False,,,,
2089,0.9473684210526315,1,False,,,,
2090,0.9473684210526315,1,False,,,,
2091,0.9473684210526315,1,False,,,,
2092,0.2631578947368421,14,True,0.432967032967033,0.7142857142857143,0.23199713097962404,1.2916919971380596
2093,0.15789473684210525,16,True,0.24388888888888888,0.3125,0.0863013001375903,2.2987949406953985
2094,0.10526315789473684,17,True,0.3093137254901961,0.47058823529411764,0.1648695505519855,2.5580510765444573
2095,0.05263157894736842,18,True,0.30152505446623096,0.4444444444444444,0.17056421755728335,2.4613201402110083
2096,0.05263157894736842,18,True,0.4549019607843138,0.6666666666666666,0.2987636957331652,1.404678473063571
2097,0.05263157894736842,18,True,0.4422657952069716,0.7222222222222222,0.3768634756015603,1.3862740938959681
2098,0.10526315789473684,17,True,0.30392156862745096,0.29411764705882354,0.11186107620484143,2.603975726610715
2099,0.05263157894736842,18,True,0.4305010893246187,0.7777777777777778,0.4240799522429881,1.0975378398419535
2100,0.05263157894736842,18,True,0.3272331154684096,0.2777777777777778,0.08171359976648396,2.1916116417513782
2101,0.05263157894736842,18,True,0.2766884531590414,0.2777777777777778,0.09531008166021704,2.858278308418045
2102,0.05263157894736842,18,True,0.35860566448801745,0.5,0.21465505822008046,1.8288713632524445
2103,0.05263157894736842,18,True,0.27015250544662306,0.3888888888888889,0.13962061144647375,2.702904337188607
2104,0.05263157894736842,18,True,0.31285403050108934,0.4444444444444444,0.15867131134623425,2.350209029099897
2105,0.05263157894736842,18,True,0.42352941176470593,0.6666666666666666,0.3293970672908122,1.5157895841746822
2106,0.05263157894736842,18,True,0.5228758169934641,0.8333333333333334,0.470861478386833,0.8030717273241024
2107,0.05263157894736842,18,True,0.48627450980392156,0.8333333333333334,0.4988905110011538,0.9141828384352135
2108,0.05263157894736842,18,True,0.4814814814814815,0.9444444444444444,0.6272947035832889,0.3095434291503252
2109,0.05263157894736842,18,True,0.5333333333333333,1.0,0.7025277510807104,0.0
2110,0.05263157894736842,18,True,0.37821350762527234,0.5555555555555556,0.26942437427994104,1.679429366813955
2111,0.05263157894736842,18,True,0.4610021786492375,0.8333333333333334,0.4988905110011538,0.9141828384352135
2112,0.9473684210526315,1,False,,,,
2113,0.9473684210526315,1,False,,,,
2114,0.9473684210526315,1,False,,,,
2115,0.9473684210526315,1,False,,,,
2116,0.9473684210526315,1,False,,,,
2117,0.9473684210526315,1,False,,,,
2118,0.9473684210526315,1,False,,,,
2119,0.9473684210526315,1,False,,,,
2120,0.9473684210526315,1,False,,,,
2121,0.9473684210526315,1,False,,,,
2122,0.9473684210526315,1,False,,,,
2123,0.9473684210526315,1,False,,,,
2124,0.9473684210526315,1,False,,,,
2125,0.9473684210526315,1,False,,,,
2126,0.9473684210526315,1,False,,,,
2127,0.9473684210526315,1,False,,,,
2128,0.9473684210526315,1,False,,,,
2129,0.9473684210526315,1,False,,,,
2130,0.9473684210526315,1,False,,,,
2131,0.9473684210526315,1,False,,,,
2132,0.9473684210526315,1,False,,,,
2133,0.9473684210526315,1,False,,,,
2134,0.9473684210526315,1,False,,,,
2135,0.9473684210526315,1,False,,,,
2136,0.9473684210526315,1,False,,,,
2137,0.9473684210526315,1,False,,,,
2138,0.9473684210526315,1,False,,,,
2139,0.9473684210526315,1,False,,,,
2140,0.9473684210526315,1,False,,,,
2141,0.9473684210526315,1,False,,,,
2142,0.9473684210526315,1,False,,,,
2143,0.9473684210526315,1,False,,,,
2144,0.9473684210526315,1,False,,,,
2145,0.9473684210526315,1,False,,,,
2146,0.9473684210526315,1,False,,,,
2147,0.9473684210526315,1,False,,,,
2148,0.9473684210526315,1,False,,,,
2149,0.9473684210526315,1,False,,,,
2150,0.9473684210526315,1,False,,,,
2151,0.9473684210526315,1,False,,,,
2152,0.9473684210526315,1,False,,,,
2153,0.9473684210526315,1,False,,,,
2154,0.9473684210526315,1,False,,,,
2155,0.9473684210526315,1,False,,,,
2156,0.9473684210526315,1,False,,,,
2157,0.9473684210526315,1,False,,,,
2158,0.9473684210526315,1,False,,,,
2159,0.9473684210526315,1,False,,,,
2160,0.9473684210526315,1,False,,,,
2161,0.9473684210526315,1,False,,,,
2162,0.9473684210526315,1,False,,,,
2163,0.9473684210526315,1,False,,,,
2164,0.9473684210526315,1,False,,,,
2165,0.9473684210526315,1,False,,,,
2166,0.9473684210526315,1,False,,,,
2167,0.9473684210526315,1,False,,,,
2168,0.9473684210526315,1,False,,,,
2169,0.9473684210526315,1,False,,,,
2170,0.9473684210526315,1,False,,,,
2171,0.9473684210526315,1,False,,,,
2172,0.9473684210526315,1,False,,,,
2173,0.9473684210526315,1,False,,,,
2174,0.9473684210526315,1,False,,,,
2175,0.9473684210526315,1,False,,,,
2176,0.9473684210526315,1,False,,,,
2177,0.9473684210526315,1,False,,,,
2178,0.9473684210526315,1,False,,,,
2179,0.9473684210526315,1,False,,,,
2180,0.9473684210526315,1,False,,,,
2181,0.9473684210526315,1,False,,,,
2182,0.9473684210526315,1,False,,,,
2183,0.9473684210526315,1,False,,,,
2184,0.9473684210526315,1,False,,,,
2185,0.9473684210526315,1,False,,,,
2186,0.9473684210526315,1,False,,,,
2187,0.9473684210526315,1,False,,,,
2188,0.9473684210526315,1,False,,,,
2189,0.9473684210526315,1,False,,,,
2190,0.9473684210526315,1,False,,,,
2191,0.9473684210526315,1,False,,,,
2192,0.9473684210526315,1,False,,,,
2193,0.9473684210526315,1,False,,,,
2194,0.9473684210526315,1,False,,,,
2195,0.9473684210526315,1,False,,,,
2196,0.9473684210526315,1,False,,,,
2197,0.9473684210526315,1,False,,,,
2198,0.9473684210526315,1,False,,,,
2199,0.9473684210526315,1,False,,,,
2200,0.9473684210526315,1,False,,,,
2201,0.9473684210526315,1,False,,,,
2202,0.9473684210526315,1,False,,,,
2203,0.9473684210526315,1,False,,,,
2204,0.9473684210526315,1,False,,,,
2205,0.9473684210526315,1,False,,,,
2206,0.9473684210526315,1,False,,,,
2207,0.9473684210526315,1,False,,,,
2208,0.8947368421052632,2,False,,,,
2209,0.05263157894736842,18,True,0.5655773420479303,0.8888888888888888,0.5602467695939968,0.6143694458867568
2210,0.05263157894736842,18,True,0.3721132897603486,0.6666666666666666,0.31402704890353816,1.5577277787393193
2211,0.05263157894736842,18,True,0.42135076252723314,0.7777777777777778,0.44196169314325406,1.2086489509530647
2212,0.05263157894736842,18,True,0.4152505446623094,0.6111111111111112,0.2962465220098368,1.4108478748063633
2213,0.05263157894736842,18,True,0.5272331154684096,0.8333333333333334,0.4988905110011538,0.9141828384352135
2214,0.05263157894736842,18,True,0.5381263616557734,0.8888888888888888,0.5602467695939968,0.6143694458867568
2215,0.05263157894736842,18,True,0.4252723311546841,0.7777777777777778,0.4240799522429881,1.0975378398419535
2216,0.05263157894736842,18,True,0.5128540305010894,0.8333333333333334,0.4988905110011538,0.9141828384352135
2217,0.05263157894736842,18,True,0.36688453159041395,0.6111111111111112,0.2894231402765127,1.7916674843771045
2218,0.05263157894736842,18,True,0.3459694989106754,0.3888888888888889,0.15255700352874701,2.3695710038552735
2219,0.05263157894736842,18,True,0.5350762527233115,0.8888888888888888,0.5602467695939968,0.6143694458867568
2220,0.05263157894736842,18,True,0.3568627450980392,0.5555555555555556,0.23199713097962404,1.5683182557028439
2221,0.05263157894736842,18,True,0.5276688453159042,0.8888888888888888,0.5602467695939968,0.6143694458867568
2222,0.05263157894736842,18,True,0.4108932461873638,0.6666666666666666,0.3293970672908122,1.5157895841746822
2223,0.05263157894736842,18,True,0.4496732026143791,0.8333333333333334,0.4988905110011538,0.9141828384352135
2224,0.05263157894736842,18,True,0.49978213507625274,0.6111111111111112,0.2360639286070707,0.964078764808229
2225,0.05263157894736842,18,True,0.3947712418300654,0.6666666666666666,0.2987636957331653,1.404678473063571
2226,0.10526315789473684,17,True,0.2985294117647059,0.29411764705882354,0.0966431262007984,2.4863286677871854
2227,0.10526315789473684,17,True,0.4666666666666667,0.8235294117647058,0.4240799522429881,0.951994081908783
2228,0.10526315789473684,17,True,0.6475490196078432,0.8823529411764706,0.470861478386833,0.6402064333604701
2229,0.10526315789473684,17,True,0.5235294117647059,0.7647058823529411,0.24936273490419725,0.7871265862012691
2230,0.15789473684210525,16,True,0.3716666666666667,0.4375,0.13070895485323675,1.9211796919474975
2231,0.15789473684210525,16,True,0.6166666666666667,0.9375,0.42378260447830396,0.3372900666170139
2232,0.15789473684210525,16,True,0.5177777777777778,0.875,0.3141871168274789,0.5435644431995964
2233,0.15789473684210525,16,True,0.27166666666666667,0.4375,0.13189963535753602,2.146782221599798
2234,0.15789473684210525,16,True,0.6416666666666667,0.9375,0.42378260447830396,0.3372900666170139
2235,0.15789473684210525,16,True,0.4677777777777778,0.875,0.403874569882679,0.6685644431995964
2236,0.15789473684210525,16,True,0.3844444444444444,0.5625,0.1565303634156019,1.8419171866886992
2237,0.15789473684210525,16,True,0.34555555555555556,0.5,0.175929009903667,2.0
2238,0.15789473684210525,16,True,0.235,0.3125,0.08164746002056444,2.524397470347699
2239,0.21052631578947367,15,True,0.2342857142857143,0.3333333333333333,0.09489110040939719,2.498929563690935
2240,0.2631578947368421,14,True,0.39560439560439564,0.5,0.15606028459591426,1.8322488896002305
2241,0.8947368421052632,2,False,,,,
2242,0.6842105263157895,6,True,0.21777777777777776,0.3333333333333333,0.3516072294314623,1.9182958340544893
2243,0.2631578947368421,14,True,0.3465201465201465,0.5,0.15606028459591426,1.8322488896002305
2244,0.21052631578947367,15,True,0.3142857142857143,0.4,0.11498315352740862,2.4225797618424916
2245,0.21052631578947367,15,True,0.37015873015873013,0.4666666666666667,0.1057908451748023,1.6894822670191825
2246,0.21052631578947367,15,True,0.2901587301587301,0.26666666666666666,0.08849587274974313,2.5232314287976205
2247,0.21052631578947367,15,True,0.25587301587301586,0.3333333333333333,0.10727028068669398,2.815922063835166
2248,0.21052631578947367,15,True,0.2653968253968254,0.4,0.1368272324368215,2.3395722619867225
2249,0.15789473684210525,16,True,0.495,0.75,0.25838690151454446,1.014097655573916
2250,0.15789473684210525,16,True,0.7333333333333333,1.0,0.37075077614396545,0.0
2251,0.15789473684210525,16,True,0.42388888888888887,0.6875,0.23153730178623289,1.3716407621868583
2252,0.15789473684210525,16,True,0.4477777777777778,0.75,0.3293970672908122,1.311278124459133
2253,0.15789473684210525,16,True,0.5022222222222222,0.875,0.3141871168274789,0.5435644431995964
2254,0.15789473684210525,16,True,0.2911111111111111,0.5,0.13843351652387526,2.125
2255,0.15789473684210525,16,True,0.6416666666666667,0.9375,0.42378260447830396,0.3372900666170139
2256,0.15789473684210525,16,True,0.5333333333333333,1.0,0.37075077614396545,0.0
2257,0.15789473684210525,16,True,0.5,0.8125,0.3197363442781459,0.8683927290103626
2258,0.15789473684210525,16,True,0.4983333333333333,0.5625,0.07768278518151694,0.9886994082884974
2259,0.15789473684210525,16,True,0.4555555555555556,0.875,0.3141871168274789,0.5435644431995964
2260,0.9473684210526315,1,False,,,,
2261,0.15789473684210525,16,True,0.2977777777777778,0.4375,0.13157084033512267,2.521782221599798
2262,0.15789473684210525,16,True,0.55,0.9375,0.42378260447830396,0.3372900666170139
2263,0.15789473684210525,16,True,0.6166666666666667,0.9375,0.42378260447830396,0.3372900666170139
2264,0.15789473684210525,16,True,0.4266666666666667,0.6875,0.24864847816330582,1.3244602933016414
2265,0.15789473684210525,16,True,0.3288888888888889,0.5,0.1719149517350672,2.202819531114783
2266,0.15789473684210525,16,True,0.575,0.9375,0.42378260447830396,0.3372900666170139
2267,0.15789473684210525,16,True,0.5083333333333333,0.9375,0.42378260447830396,0.3372900666170139
2268,0.15789473684210525,16,True,0.4266666666666667,0.625,0.21262228529006166,1.4237949406953985
2269,0.15789473684210525,16,True,0.41611111111111115,0.5625,0.18813457241778053,1.4913146570363986
2270,0.15789473684210525,16,True,0.45444444444444443,0.8125,0.3197363442781459,0.8683927290103626
2271,0.15789473684210525,16,True,0.6666666666666666,1.0,0.37075077614396545,0.0
2272,0.15789473684210525,16,True,0.51,0.875,0.403874569882679,0.6685644431995964
2273,0.15789473684210525,16,True,0.4138888888888889,0.5625,0.18813457241778053,1.4913146570363986
2274,0.15789473684210525,16,True,0.38,0.625,0.22666969786273672,1.6266144718101818
2275,0.15789473684210525,16,True,0.48611111111111105,0.6875,0.21310559346698987,1.1216407621868583
2276,0.10526315789473684,17,True,0.2656862745098039,0.29411764705882354,0.05612416826104494,2.41896119556797
2277,0.10526315789473684,17,True,0.2563725490196079,0.23529411764705882,0.05740927103252713,3.1018812234760182
2278,0.10526315789473684,17,True,0.5240196078431373,0.7058823529411765,0.2987636957331652,1.2772018112022603
2279,0.10526315789473684,17,True,0.4754901960784314,0.8235294117647058,0.3840091092994299,0.8343470230852538
2280,0.10526315789473684,17,True,0.4323529411764706,0.5294117647058824,0.21465505822008046,1.7263472243434204
2281,0.10526315789473684,17,True,0.4196078431372549,0.6470588235294118,0.26901133528123766,1.5693078231812958
2282,0.10526315789473684,17,True,0.2529411764705882,0.4117647058823529,0.11746928423050129,2.4164997849817103
2283,0.10526315789473684,17,True,0.3813725490196079,0.4117647058823529,0.12328691953411319,1.9903166968736787
2284,0.10526315789473684,17,True,0.32156862745098036,0.5294117647058824,0.20002593917380795,2.291620193427939
2285,0.10526315789473684,17,True,0.2372549019607843,0.35294117647058826,0.09313907461799564,2.498077546623641
2286,0.10526315789473684,17,True,0.2803921568627451,0.4117647058823529,0.13071292461933426,2.372094637795624
2287,0.10526315789473684,17,True,0.453921568627451,0.7647058823529411,0.3768634756015604,1.2577148214953864
2288,0.10526315789473684,17,True,0.2377450980392157,0.23529411764705882,0.06980744665809668,2.9109922530150456
2289,0.15789473684210525,16,True,0.28777777777777774,0.375,0.09174740910414947,2.2806390622295662
2290,0.10526315789473684,17,True,0.32941176470588235,0.4117647058823529,0.11746928423050129,2.4164997849817103
2291,0.10526315789473684,17,True,0.38333333333333336,0.6470588235294118,0.2752707006065839,1.731360029190912
2292,0.10526315789473684,17,True,0.32156862745098036,0.4117647058823529,0.13157084033512267,2.5341468438052397
2293,0.15789473684210525,16,True,0.41333333333333333,0.5,0.13080188868938503,1.6493974703476992
2294,0.15789473684210525,16,True,0.245,0.4375,0.13071292461933404,2.349601752714581
2295,0.15789473684210525,16,True,1.0,1.0,0.37075077614396545,0.0
2296,0.15789473684210525,16,True,0.28500000000000003,0.5,0.175929009903667,2.0
2297,0.15789473684210525,16,True,0.7333333333333333,1.0,0.37075077614396545,0.0
2298,0.15789473684210525,16,True,0.4522222222222222,0.875,0.403874569882679,0.6685644431995964
2299,0.15789473684210525,16,True,0.33666666666666667,0.4375,0.10855658164767323,2.224601752714581
2300,0.15789473684210525,16,True,0.30388888888888893,0.375,0.09505028986650521,2.0306390622295662
2301,0.15789473684210525,16,True,0.7,0.9375,0.42378260447830396,0.3372900666170139
2302,0.15789473684210525,16,True,0.46888888888888886,0.8125,0.3197363442781458,0.8683927290103626
2303,0.15789473684210525,16,True,0.5316666666666666,0.8125,0.368718405808535,0.9933927290103626
2304,0.15789473684210525,16,True,0.5083333333333333,0.9375,0.42378260447830396,0.3372900666170139
2305,0.15789473684210525,16,True,0.5333333333333333,1.0,0.37075077614396545,0.0
2306,0.15789473684210525,16,True,0.3655555555555556,0.625,0.21262228529006155,1.4237949406953985
2307,0.15789473684210525,16,True,0.2816666666666666,0.3125,0.05612416826104494,2.399397470347699
2308,0.15789473684210525,16,True,0.5399999999999999,0.875,0.403874569882679,0.6685644431995964
2309,0.15789473684210525,16,True,0.2966666666666667,0.4375,0.16207676723408126,2.0461796919474975
2310,0.15789473684210525,16,True,0.23333333333333334,0.25,0.044807714930917286,2.6556390622295662
2311,0.15789473684210525,16,True,0.3611111111111111,0.5625,0.20000510083358602,1.9197367178034825
2312,0.5263157894736842,9,True,0.3611111111111111,0.4444444444444444,0.23665100921814008,2.0588138903312014
2313,0.15789473684210525,16,True,0.32555555555555554,0.5625,0.2125596493241808,2.216917186688699
2314,0.15789473684210525,16,True,0.25833333333333336,0.3125,0.08630130013759008,2.2987949406953985
2315,0.15789473684210525,16,True,0.3705555555555556,0.5,0.0943158666227496,1.75
2316,0.15789473684210525,16,True,0.33888888888888885,0.5,0.13843351652387526,2.125
2317,0.15789473684210525,16,True,0.275,0.5,0.171914951735067,2.202819531114783
2318,0.15789473684210525,16,True,0.20777777777777778,0.1875,0.049951018230899535,3.1556390622295662
2319,0.15789473684210525,16,True,0.295,0.5,0.175929009903667,2.0
2320,0.15789473684210525,16,True,0.31777777777777777,0.5,0.14575294935186045,1.875
2321,0.15789473684210525,16,True,0.245,0.3125,0.07699613926827187,2.727217001462482
2322,0.15789473684210525,16,True,0.34833333333333333,0.5625,0.20000510083358602,1.9197367178034823
2323,0.15789473684210525,16,True,0.2916666666666667,0.4375,0.16207676723408126,2.0461796919474975
2324,0.9473684210526315,1,False,,,,
2325,0.47368421052631576,10,True,0.3333333333333333,0.4,0.17987174850811383,1.7219280948873623
2326,0.631578947368421,7,True,0.35238095238095235,0.5714285714285714,0.3269868938901337,1.6644977792004614
2327,0.47368421052631576,10,True,0.2607407407407407,0.3,0.1565303634156019,2.2464393446710154
2328,0.2631578947368421,14,True,0.3326007326007326,0.5,0.13070895485323664,1.9211854965885544
2329,0.21052631578947367,15,True,0.33206349206349206,0.3333333333333333,0.011909941464333551,1.965596230357602
2330,0.5263157894736842,9,True,0.3462962962962963,0.5555555555555556,0.26942437427994104,1.8799649487271108
2331,0.5263157894736842,9,True,0.6,1.0,0.001999116127700429,0.0
2332,0.5263157894736842,9,True,0.36666666666666664,0.5555555555555556,0.23199713097962404,1.6577427265048887
2333,0.21052631578947367,15,True,0.5009523809523809,0.8,0.27128755929541437,0.9055872616982603
2334,0.15789473684210525,16,True,0.3005555555555555,0.375,0.10854486060238244,2.60845859334435
2335,0.15789473684210525,16,True,0.21333333333333335,0.3125,0.09338305360514543,2.9772170014624826
2336,0.10526315789473684,17,True,0.33676470588235297,0.35294117647058826,0.10777210131076564,2.2569089895583545
2337,0.42105263157894735,11,True,0.2290909090909091,0.18181818181818182,0.1580305074069105,2.9139770731827523
2338,0.9473684210526315,1,False,,,,
2339,0.9473684210526315,1,False,,,,
2340,0.9473684210526315,1,False,,,,
2341,0.9473684210526315,1,False,,,,
2342,0.15789473684210525,16,True,0.26999999999999996,0.375,0.09601115045200959,2.6556390622295662
2343,0.15789473684210525,16,True,0.2288888888888889,0.3125,0.0755829127220643,2.899397470347699
2344,0.9473684210526315,1,False,,,,
2345,0.10526315789473684,17,True,0.20490196078431372,0.23529411764705882,0.0534081534514973,2.6312929881819005
2346,0.10526315789473684,17,True,0.27352941176470585,0.23529411764705882,0.044807714930917286,2.6601297526332566
2347,0.10526315789473684,17,True,0.3112745098039216,0.29411764705882354,0.08164746002056411,2.5366082543914996
2348,0.15789473684210525,16,True,0.31,0.375,0.08255679506421543,2.311278124459133
2349,0.8421052631578947,3,False,,,,
2350,0.8421052631578947,3,False,,,,
2351,0.8421052631578947,3,False,,,,
2352,0.8421052631578947,3,False,,,,
2353,0.8421052631578947,3,False,,,,
2354,0.8421052631578947,3,False,,,,
2355,0.8421052631578947,3,False,,,,
2356,0.7894736842105263,4,False,,,,
2357,0.7894736842105263,4,False,,,,
2358,0.3157894736842105,13,True,0.2376068376068376,0.3076923076923077,0.11498315352740862,2.5654483718208256
2359,0.3157894736842105,13,True,0.2692307692307692,0.3076923076923077,0.09174740910414947,2.4116022179746714
2360,0.3157894736842105,13,True,0.36324786324786323,0.46153846153846156,0.15754778182379914,2.1416195253341384
2361,0.2631578947368421,14,True,0.389010989010989,0.42857142857142855,0.07435549237544792,1.7884504573082893
2362,0.42105263157894735,11,True,0.35878787878787877,0.6363636363636364,0.20530794671029118,1.4911148500551858
2363,0.42105263157894735,11,True,0.44242424242424244,0.8181818181818182,0.25838690151454435,0.8658566174572235
2364,0.42105263157894735,11,True,0.2424242424242424,0.36363636363636365,0.175929009903667,2.2998963911678914
2365,0.42105263157894735,11,True,0.41696969696969693,0.45454545454545453,0.15902508684635352,1.676737030052133
2366,0.42105263157894735,11,True,0.32,0.36363636363636365,0.13038293096458609,2.186704345910025
2367,0.42105263157894735,11,True,0.30787878787878786,0.36363636363636365,0.14575294935186045,2.1180782093497093
2368,0.42105263157894735,11,True,0.6690909090909091,0.8181818181818182,0.25838690151454435,0.8658566174572235
2369,0.42105263157894735,11,True,0.4581818181818182,0.6363636363636364,0.1498881368720676,1.2406705316766884
2370,0.42105263157894735,11,True,0.3418181818181818,0.36363636363636365,0.17110427909453796,2.004886164091843
2371,0.42105263157894735,11,True,0.3806060606060606,0.7272727272727273,0.19182571696241768,1.0957952550009336
2372,0.42105263157894735,11,True,0.28484848484848485,0.2727272727272727,0.15867131134623425,2.663532754804255
2373,0.42105263157894735,11,True,0.32606060606060605,0.36363636363636365,0.16177657023373804,2.3685225277282065
2374,0.42105263157894735,11,True,0.303030303030303,0.36363636363636365,0.13038293096458609,2.186704345910025
2375,0.6842105263157895,6,True,0.24000000000000002,0.3333333333333333,0.3768634756015603,2.2516291673878226
2376,0.8421052631578947,3,False,,,,
2377,0.8421052631578947,3,False,,,,
2378,0.8421052631578947,3,False,,,,
2379,0.42105263157894735,11,True,0.3612121212121212,0.45454545454545453,0.15902508684635352,1.676737030052133
2380,0.42105263157894735,11,True,0.30424242424242426,0.36363636363636365,0.14575294935186045,2.1180782093497093
2381,0.42105263157894735,11,True,0.41333333333333333,0.7272727272727273,0.2585421883818424,1.2776134368191154
2382,0.47368421052631576,10,True,0.5333333333333333,0.8,0.25838690151454435,0.9219280948873623
2383,0.47368421052631576,10,True,0.34074074074074073,0.6,0.21409410126225947,1.5709505944546687
2384,0.47368421052631576,10,True,0.2474074074074074,0.3,0.18585266116365706,2.4464393446710155
2385,0.47368421052631576,10,True,0.4192592592592593,0.6,0.21409410126225947,1.5709505944546687
2386,0.47368421052631576,10,True,0.30518518518518517,0.6,0.21409410126225947,1.5709505944546687
2387,0.5263157894736842,9,True,0.33888888888888885,0.5555555555555556,0.23199713097962404,1.6577427265048887
2388,0.5263157894736842,9,True,0.7333333333333333,1.0,0.001999116127700429,0.0
2389,0.5263157894736842,9,True,0.5111111111111111,0.8888888888888888,0.2199270264698785,0.5032583347756457
2390,0.5263157894736842,9,True,0.5037037037037037,0.8888888888888888,0.2199270264698785,0.5032583347756457
2391,0.5263157894736842,9,True,0.6,1.0,0.001999116127700429,0.0
2392,0.5263157894736842,9,True,0.5333333333333333,1.0,0.001999116127700429,0.0
2393,0.42105263157894735,11,True,0.46424242424242423,0.8181818181818182,0.25838690151454435,0.8658566174572235
2394,0.42105263157894735,11,True,0.3515151515151515,0.5454545454545454,0.20184431586908624,1.8676338909712125
2395,0.42105263157894735,11,True,0.4581818181818182,0.6363636363636364,0.1498881368720677,1.2406705316766884
2396,0.42105263157894735,11,True,0.6,1.0,0.018059213135902308,0.0
2397,0.42105263157894735,11,True,0.36484848484848487,0.6363636363636364,0.1498881368720676,1.2406705316766884
2398,0.3684210526315789,12,True,0.30101010101010106,0.4166666666666667,0.1479243275641523,2.2841591278514217
2399,0.3684210526315789,12,True,0.25252525252525254,0.16666666666666666,0.12766041241999682,3.084962500721156
2400,0.3684210526315789,12,True,0.41414141414141414,0.6666666666666666,0.24545096392396826,1.584962500721156
2401,0.3684210526315789,12,True,0.21313131313131314,0.25,0.13071292461933426,2.625814583693911
2402,0.15789473684210525,16,True,0.2238888888888889,0.1875,0.049951018230899646,3.1556390622295662
2403,0.15789473684210525,16,True,0.21444444444444447,0.25,0.05027061116629672,2.827819531114783
2404,0.15789473684210525,16,True,0.3422222222222222,0.5625,0.20304543438098532,2.091917186688699
2405,0.21052631578947367,15,True,0.2787301587301588,0.26666666666666666,0.06665179384033015,2.606238928653389
2406,0.21052631578947367,15,True,0.23047619047619047,0.3333333333333333,0.1034915389299772,2.4662478973127313
2407,0.5789473684210527,8,True,0.4166666666666667,0.625,0.2962465220098368,1.5487949406953985
2408,0.5789473684210527,8,True,0.21904761904761905,0.25,0.2867214920979323,2.75
2409,0.5789473684210527,8,True,0.39761904761904765,0.5,0.2597604999432016,1.75
2410,0.6842105263157895,6,True,0.2711111111111111,0.3333333333333333,0.3516072294314623,1.9182958340544896
2411,0.6842105263157895,6,True,0.19555555555555557,0.16666666666666666,0.38873147359769233,2.584962500721156
2412,0.5789473684210527,8,True,0.3476190476190476,0.625,0.2962465220098368,1.5487949406953985
2413,0.6842105263157895,6,True,0.19111111111111112,0.16666666666666666,0.38873147359769233,2.584962500721156
2414,0.7368421052631579,5,True,0.22666666666666666,0.2,0.44196169314325406,2.321928094887362
2415,0.9473684210526315,1,False,,,,
2416,0.9473684210526315,1,False,,,,
2417,0.9473684210526315,1,False,,,,
2418,0.9473684210526315,1,False,,,,
2419,0.6842105263157895,6,True,0.41333333333333333,0.6666666666666666,0.35250246264226515,1.2516291673878228
2420,0.6842105263157895,6,True,0.48888888888888893,0.8333333333333334,0.3028137911081479,0.6500224216483541
2421,0.6842105263157895,6,True,0.2711111111111111,0.3333333333333333,0.3516072294314623,1.9182958340544893
2422,0.6842105263157895,6,True,0.39555555555555555,0.6666666666666666,0.35250246264226515,1.2516291673878228
2423,0.6842105263157895,6,True,0.4666666666666667,0.8333333333333334,0.3028137911081479,0.6500224216483541
2424,0.6842105263157895,6,True,0.6,1.0,0.10025624130173738,0.0
2425,0.6842105263157895,6,True,0.3422222222222222,0.5,0.3197363442781458,1.4591479170272446
2426,0.6842105263157895,6,True,0.6666666666666666,1.0,0.10025624130173738,0.0
2427,0.6842105263157895,6,True,0.5333333333333333,1.0,0.10025624130173738,0.0
2428,0.6842105263157895,6,True,0.5333333333333333,0.8333333333333334,0.3028137911081479,0.6500224216483541
2429,0.6842105263157895,6,True,0.2711111111111111,0.3333333333333333,0.3516072294314623,1.9182958340544893
2430,0.42105263157894735,11,True,0.3115151515151515,0.5454545454545454,0.2275769429533877,2.049452072789394
2431,0.3684210526315789,12,True,0.3242424242424242,0.5,0.18354756840725694,2.125814583693911
2432,0.3684210526315789,12,True,0.2727272727272727,0.3333333333333333,0.13189963535753602,2.355388542207534
2433,0.3684210526315789,12,True,0.27575757575757576,0.3333333333333333,0.13931336313991427,2.584962500721156
2434,0.5789473684210527,8,True,0.22142857142857142,0.375,0.231537301786233,1.9056390622295665
2435,0.5789473684210527,8,True,0.21190476190476193,0.25,0.2536413168939634,2.25
2436,0.5263157894736842,9,True,0.21666666666666667,0.2222222222222222,0.22213083398682842,2.5032583347756456
2437,0.5789473684210527,8,True,0.319047619047619,0.5,0.2597604999432016,1.75
2438,0.5789473684210527,8,True,0.33809523809523806,0.625,0.2962465220098368,1.5487949406953985
2439,0.5789473684210527,8,True,0.2380952380952381,0.25,0.2752707006065839,2.5
2440,0.5789473684210527,8,True,0.30952380952380953,0.5,0.2597604999432015,1.75
2441,0.6842105263157895,6,True,0.6888888888888888,0.8333333333333334,0.3028137911081479,0.6500224216483541
2442,0.6842105263157895,6,True,0.48888888888888893,0.8333333333333334,0.3028137911081479,0.6500224216483541
2443,0.6842105263157895,6,True,0.3777777777777778,0.5,0.3197363442781458,1.4591479170272448
2444,0.6842105263157895,6,True,0.28444444444444444,0.3333333333333333,0.3516072294314623,1.9182958340544896
2445,0.6842105263157895,6,True,0.29333333333333333,0.5,0.368718405808535,1.7924812503605778
2446,0.6842105263157895,6,True,0.3288888888888889,0.3333333333333333,0.3516072294314623,1.9182958340544893
2447,0.6842105263157895,6,True,0.18222222222222223,0.16666666666666666,0.38873147359769233,2.584962500721156
2448,0.7368421052631579,5,True,0.19333333333333333,0.2,0.44196169314325406,2.321928094887362
2449,0.6842105263157895,6,True,0.2622222222222222,0.3333333333333333,0.3516072294314623,1.9182958340544893
2450,0.631578947368421,7,True,0.18730158730158727,0.2857142857142857,0.3308728090528291,2.5216406363433186
2451,0.631578947368421,7,True,0.17777777777777778,0.2857142857142857,0.33087280905282923,2.521640636343318
2452,0.7368421052631579,5,True,0.21333333333333335,0.4,0.4240799522429881,1.9219280948873623
2453,0.8421052631578947,3,False,,,,
2454,0.8421052631578947,3,False,,,,
2455,0.7368421052631579,5,True,0.31333333333333335,0.6,0.403874569882679,1.3709505944546687
2456,0.7368421052631579,5,True,0.24000000000000002,0.4,0.4240799522429881,1.9219280948873623
2457,0.7368421052631579,5,True,0.3333333333333333,0.4,0.4240799522429881,1.9219280948873623
2458,0.7894736842105263,4,False,,,,
2459,0.7894736842105263,4,False,,,,
2460,0.8421052631578947,3,False,,,,
2461,0.631578947368421,7,True,0.26666666666666666,0.2857142857142857,0.2816525193560925,1.9502120649147465
2462,0.631578947368421,7,True,0.1904761904761905,0.14285714285714285,0.3387531097057149,2.807354922057604
2463,0.631578947368421,7,True,0.3142857142857143,0.5714285714285714,0.3269868938901338,1.6644977792004614
2464,0.631578947368421,7,True,0.2285714285714286,0.2857142857142857,0.3308728090528291,2.5216406363433186
2465,0.7368421052631579,5,True,0.2533333333333333,0.4,0.4240799522429881,1.9219280948873623
2466,0.7368421052631579,5,True,0.2866666666666667,0.4,0.3840091092994298,1.5219280948873621
2467,0.7368421052631579,5,True,0.26666666666666666,0.4,0.4240799522429881,1.9219280948873623
2468,0.7368421052631579,5,True,0.24666666666666667,0.4,0.4240799522429881,1.9219280948873623
2469,0.7368421052631579,5,True,0.2533333333333333,0.4,0.4240799522429881,1.9219280948873623
2470,0.7368421052631579,5,True,0.16666666666666666,0.4,0.4240799522429881,1.9219280948873623
2471,0.7368421052631579,5,True,0.28,0.4,0.3840091092994298,1.5219280948873621
2472,0.5263157894736842,9,True,0.32962962962962966,0.5555555555555556,0.23199713097962404,1.6577427265048887
2473,0.5263157894736842,9,True,0.27037037037037037,0.3333333333333333,0.2362832736567574,2.4193819456463714
2474,0.5263157894736842,9,True,0.24074074074074076,0.2222222222222222,0.2446883927462009,2.94770277922009
2475,0.6842105263157895,6,True,0.28888888888888886,0.5,0.368718405808535,1.7924812503605778
2476,0.5263157894736842,9,True,0.22962962962962966,0.3333333333333333,0.21129967947546247,2.197159723424149
2477,0.5263157894736842,9,True,0.3351851851851852,0.5555555555555556,0.18087332026436265,1.3516441151533922
2478,0.5263157894736842,9,True,0.4037037037037037,0.5555555555555556,0.16100785968111353,1.4355205042826666
2479,0.5263157894736842,9,True,0.5333333333333333,1.0,0.001999116127700429,0.0
2480,0.5263157894736842,9,True,0.5555555555555555,0.8888888888888888,0.2199270264698785,0.5032583347756457
2481,0.5263157894736842,9,True,0.5407407407407407,0.8888888888888888,0.2199270264698785,0.5032583347756457
2482,0.5263157894736842,9,True,0.48703703703703705,0.6666666666666666,0.21101139994137985,1.224394445405986
2483,0.5263157894736842,9,True,0.562962962962963,0.8888888888888888,0.2199270264698785,0.5032583347756457
2484,0.5263157894736842,9,True,0.35,0.5555555555555556,0.18087332026436265,1.3516441151533922
2485,0.5263157894736842,9,True,0.5407407407407407,0.8888888888888888,0.2199270264698785,0.5032583347756457
2486,0.5263157894736842,9,True,0.7333333333333333,1.0,0.001999116127700429,0.0
2487,0.9473684210526315,1,False,,,,
2488,0.9473684210526315,1,False,,,,
2489,0.7894736842105263,4,False,,,,
2490,0.8421052631578947,3,False,,,,
2491,0.8421052631578947,3,False,,,,
2492,0.8421052631578947,3,False,,,,
2493,0.8421052631578947,3,False,,,,
2494,0.8421052631578947,3,False,,,,
2495,0.8421052631578947,3,False,,,,
2496,0.8421052631578947,3,False,,,,
2497,0.8421052631578947,3,False,,,,
2498,0.8421052631578947,3,False,,,,
2499,0.7894736842105263,4,False,,,,
2500,0.7894736842105263,4,False,,,,
2501,0.7894736842105263,4,False,,,,
2502,0.7894736842105263,4,False,,,,
2503,0.7894736842105263,4,False,,,,
2504,0.7894736842105263,4,False,,,,
2505,0.8947368421052632,2,False,,,,
2506,0.9473684210526315,1,False,,,,
2507,0.9473684210526315,1,False,,,,
2508,0.9473684210526315,1,False,,,,
2509,0.9473684210526315,1,False,,,,
2510,0.9473684210526315,1,False,,,,
2511,0.9473684210526315,1,False,,,,
2512,0.9473684210526315,1,False,,,,
2513,0.9473684210526315,1,False,,,,
2514,0.9473684210526315,1,False,,,,
2515,0.9473684210526315,1,False,,,,
2516,0.8947368421052632,2,False,,,,
2517,0.8947368421052632,2,False,,,,
2518,0.3684210526315789,12,True,0.36464646464646466,0.6666666666666666,0.20530794671029107,1.4182958340544896
2519,0.3684210526315789,12,True,0.2484848484848485,0.4166666666666667,0.13070895485323675,2.054585169337799
2520,0.3684210526315789,12,True,0.3585858585858586,0.6666666666666666,0.24545096392396826,1.584962500721156
2521,0.3684210526315789,12,True,0.46464646464646464,0.75,0.2626406304386867,1.207518749639422
2522,0.42105263157894735,11,True,0.33090909090909093,0.7272727272727273,0.2585421883818424,1.2776134368191154
2523,0.42105263157894735,11,True,0.4412121212121212,0.7272727272727273,0.2585421883818424,1.2776134368191154
2524,0.42105263157894735,11,True,0.36848484848484847,0.7272727272727273,0.19182571696241768,1.0957952550009336
2525,0.47368421052631576,10,True,0.48000000000000004,0.9,0.21459298285888773,0.4689955935892812
2526,0.42105263157894735,11,True,0.4254545454545455,0.7272727272727273,0.19182571696241768,1.0957952550009336
2527,0.42105263157894735,11,True,0.3103030303030303,0.45454545454545453,0.15902508684635352,1.676737030052133
2528,0.42105263157894735,11,True,0.30666666666666664,0.45454545454545453,0.1785263144136614,1.971747257128181
2529,0.42105263157894735,11,True,0.45454545454545453,0.6363636363636364,0.1498881368720677,1.2406705316766884
2530,0.42105263157894735,11,True,0.3878787878787879,0.6363636363636364,0.20530794671029118,1.4911148500551858
2531,0.42105263157894735,11,True,0.4727272727272727,0.8181818181818182,0.25838690151454435,0.8658566174572235
2532,0.42105263157894735,11,True,0.4666666666666667,0.7272727272727273,0.2585421883818424,1.2776134368191154
2533,0.42105263157894735,11,True,0.3515151515151515,0.45454545454545453,0.1785263144136614,1.971747257128181
2534,0.42105263157894735,11,True,0.4193939393939394,0.6363636363636364,0.20530794671029107,1.4911148500551858
2535,0.3684210526315789,12,True,0.45656565656565656,0.75,0.2626406304386867,1.207518749639422
2536,0.3684210526315789,12,True,0.31717171717171716,0.5833333333333334,0.1976336043635436,1.780672129520887
2537,0.631578947368421,7,True,0.30158730158730157,0.42857142857142855,0.2987636957331652,1.8423709931771084
2538,0.631578947368421,7,True,0.4666666666666667,0.7142857142857143,0.31364651914901476,1.1488348542809166
2539,0.631578947368421,7,True,0.29523809523809524,0.42857142857142855,0.2987636957331652,1.8423709931771084
2540,0.47368421052631576,10,True,0.35407407407407404,0.6,0.14022308583893728,1.3709505944546687
2541,0.47368421052631576,10,True,0.39111111111111113,0.6,0.25334307806277934,1.7709505944546688
2542,0.3684210526315789,12,True,0.4464646464646465,0.75,0.2626406304386867,1.207518749639422
2543,0.5789473684210527,8,True,0.6,1.0,0.018059213135902308,0.0
2544,0.3684210526315789,12,True,0.3898989898989899,0.6666666666666666,0.20530794671029118,1.4182958340544896
2545,0.3684210526315789,12,True,0.2515151515151515,0.4166666666666667,0.1057908451748023,1.7841591278514217
2546,0.3684210526315789,12,True,0.4121212121212121,0.75,0.2626406304386867,1.207518749639422
2547,0.3684210526315789,12,True,0.4494949494949495,0.75,0.19658386084094515,1.0408520829727552
2548,0.3684210526315789,12,True,0.39191919191919194,0.75,0.19658386084094503,1.0408520829727552
2549,0.3684210526315789,12,True,0.3292929292929293,0.5833333333333334,0.1976336043635435,1.780672129520887
2550,0.3684210526315789,12,True,0.3101010101010101,0.5,0.20088836321582537,2.292481250360578
2551,0.7894736842105263,4,False,,,,
2552,0.7894736842105263,4,False,,,,
2553,0.7894736842105263,4,False,,,,
2554,0.3684210526315789,12,True,0.3737373737373737,0.6666666666666666,0.20530794671029118,1.4182958340544896
2555,0.3684210526315789,12,True,0.3414141414141414,0.4166666666666667,0.15606028459591426,1.9508257945180885
2556,0.3684210526315789,12,True,0.3686868686868687,0.5833333333333334,0.1976336043635435,1.780672129520887
2557,0.3684210526315789,12,True,0.34242424242424246,0.5833333333333334,0.15207370503873985,1.6140054628542204
2558,0.3684210526315789,12,True,0.3878787878787879,0.6666666666666666,0.24545096392396837,1.584962500721156
2559,0.3684210526315789,12,True,0.3909090909090909,0.6666666666666666,0.24545096392396837,1.584962500721156
2560,0.3684210526315789,12,True,0.39292929292929296,0.6666666666666666,0.2053079467102913,1.4182958340544896
2561,0.3684210526315789,12,True,0.2727272727272727,0.3333333333333333,0.13931336313991416,2.584962500721156
2562,0.3684210526315789,12,True,0.3464646464646465,0.5833333333333334,0.1976336043635436,1.780672129520887
2563,0.3684210526315789,12,True,0.27171717171717175,0.6666666666666666,0.13002267628881858,1.2516291673878228
2564,0.3684210526315789,12,True,0.30808080808080807,0.4166666666666667,0.13070895485323664,2.054585169337799
2565,0.3684210526315789,12,True,0.5494949494949495,0.8333333333333334,0.14194027202555715,0.6500224216483541
2566,0.5263157894736842,9,True,0.5259259259259259,0.7777777777777778,0.2673721749433876,0.9864267287308424
2567,0.5263157894736842,9,True,0.5907407407407407,0.7777777777777778,0.14194027202555703,0.7642045065086203
2568,0.5263157894736842,9,True,0.4351851851851852,0.7777777777777778,0.2673721749433876,0.9864267287308424
2569,0.5263157894736842,9,True,0.5611111111111112,0.7777777777777778,0.14194027202555703,0.7642045065086203
2570,0.5263157894736842,9,True,0.2722222222222222,0.4444444444444444,0.21262228529006166,1.7527152789797045
2571,0.5263157894736842,9,True,0.38333333333333336,0.7777777777777778,0.2673721749433876,0.9864267287308424
2572,0.5263157894736842,9,True,0.32592592592592595,0.4444444444444444,0.21262228529006166,1.7527152789797045
2573,0.5263157894736842,9,True,0.3222222222222222,0.5555555555555556,0.26942437427994104,1.8799649487271108
2574,0.5263157894736842,9,True,0.274074074074074,0.4444444444444444,0.21262228529006166,1.7527152789797045
2575,0.47368421052631576,10,True,0.397037037037037,0.5,0.18813457241778064,1.6854752972273346
2576,0.5789473684210527,8,True,0.46904761904761905,0.625,0.23559909273734103,1.2987949406953985
2577,0.5789473684210527,8,True,0.37380952380952387,0.5,0.2597604999432016,1.75
2578,0.5789473684210527,8,True,0.3619047619047619,0.625,0.2962465220098368,1.5487949406953985
2579,0.47368421052631576,10,True,0.3466666666666667,0.6,0.25334307806277934,1.7709505944546688
2580,0.47368421052631576,10,True,0.31703703703703706,0.5,0.18813457241778064,1.6854752972273344
2581,0.3684210526315789,12,True,0.22424242424242424,0.25,0.13071292461933426,2.625814583693911
2582,0.42105263157894735,11,True,0.2533333333333333,0.36363636363636365,0.16177657023373804,2.3685225277282065
2583,0.42105263157894735,11,True,0.2206060606060606,0.2727272727272727,0.15867131134623413,2.6635327548042547
2584,0.42105263157894735,11,True,0.2084848484848485,0.2727272727272727,0.17056421755728324,2.8453509366224368
2585,0.42105263157894735,11,True,0.29696969696969694,0.45454545454545453,0.1785263144136614,1.971747257128181
2586,0.631578947368421,7,True,0.24126984126984127,0.42857142857142855,0.3293970672908122,2.1280852788913944
2587,0.631578947368421,7,True,0.15873015873015872,0.14285714285714285,0.3387531097057149,2.807354922057604
2588,0.631578947368421,7,True,0.21587301587301588,0.2857142857142857,0.33087280905282923,2.521640636343318
2589,0.631578947368421,7,True,0.25396825396825395,0.2857142857142857,0.31402704890353816,2.2359263506290326
2590,0.6842105263157895,6,True,0.21777777777777776,0.3333333333333333,0.3768634756015603,2.251629167387823
2591,0.6842105263157895,6,True,0.2622222222222222,0.5,0.368718405808535,1.792481250360578
2592,0.6842105263157895,6,True,0.18222222222222223,0.3333333333333333,0.3768634756015604,2.2516291673878226
2593,0.6842105263157895,6,True,0.22222222222222224,0.16666666666666666,0.38873147359769233,2.584962500721156
2594,0.9473684210526315,1,False,,,,
2595,0.8421052631578947,3,False,,,,
2596,0.8421052631578947,3,False,,,,
2597,0.7368421052631579,5,True,0.4,0.4,0.3840091092994298,1.5219280948873621
2598,0.7368421052631579,5,True,0.24000000000000002,0.4,0.4240799522429881,1.9219280948873623
2599,0.7368421052631579,5,True,0.22,0.2,0.44196169314325406,2.321928094887362
2600,0.7368421052631579,5,True,0.18666666666666665,0.4,0.4240799522429881,1.9219280948873623
2601,0.6842105263157895,6,True,0.15555555555555553,0.16666666666666666,0.38873147359769233,2.584962500721156
2602,0.6842105263157895,6,True,0.2577777777777778,0.5,0.368718405808535,1.7924812503605778
2603,0.6842105263157895,6,True,0.4666666666666667,0.8333333333333334,0.3028137911081479,0.6500224216483541
2604,0.7894736842105263,4,False,,,,
2605,0.7894736842105263,4,False,,,,
2606,0.7894736842105263,4,False,,,,
2607,0.7894736842105263,4,False,,,,
2608,0.9473684210526315,1,False,,,,
2609,0.8421052631578947,3,False,,,,
2610,0.8947368421052632,2,False,,,,
2611,0.8947368421052632,2,False,,,,
2612,0.8421052631578947,3,False,,,,
2613,0.8421052631578947,3,False,,,,
2614,0.8421052631578947,3,False,,,,
2615,0.8421052631578947,3,False,,,,
2616,0.8421052631578947,3,False,,,,
2617,0.8421052631578947,3,False,,,,
2618,0.8421052631578947,3,False,,,,
2619,0.7894736842105263,4,False,,,,
2620,0.7894736842105263,4,False,,,,
2621,0.7894736842105263,4,False,,,,
2622,0.8421052631578947,3,False,,,,
2623,0.8421052631578947,3,False,,,,
2624,0.6842105263157895,6,True,0.32,0.5,0.3197363442781458,1.4591479170272446
2625,0.7894736842105263,4,False,,,,
2626,0.7894736842105263,4,False,,,,
2627,0.7894736842105263,4,False,,,,
2628,0.6842105263157895,6,True,0.24000000000000002,0.5,0.3197363442781458,1.4591479170272448
2629,0.6842105263157895,6,True,0.3111111111111111,0.3333333333333333,0.3768634756015603,2.2516291673878226
2630,0.631578947368421,7,True,0.24126984126984127,0.42857142857142855,0.3293970672908122,2.1280852788913944
2631,0.631578947368421,7,True,0.24126984126984127,0.42857142857142855,0.2987636957331653,1.8423709931771088
2632,0.631578947368421,7,True,0.21269841269841272,0.2857142857142857,0.3308728090528291,2.521640636343318
2633,0.6842105263157895,6,True,0.20888888888888887,0.3333333333333333,0.3768634756015603,2.251629167387823
2634,0.6842105263157895,6,True,0.3466666666666667,0.5,0.368718405808535,1.7924812503605778
2635,0.6842105263157895,6,True,0.20888888888888887,0.3333333333333333,0.3768634756015604,2.2516291673878226
2636,0.6842105263157895,6,True,0.3777777777777778,0.5,0.3687184058085351,1.7924812503605778
2637,0.7368421052631579,5,True,0.24666666666666667,0.4,0.4240799522429881,1.9219280948873623
2638,0.7368421052631579,5,True,0.4266666666666667,0.6,0.403874569882679,1.3709505944546687
2639,0.7368421052631579,5,True,0.22,0.4,0.4240799522429881,1.9219280948873623
2640,0.7368421052631579,5,True,0.24000000000000002,0.4,0.4240799522429881,1.9219280948873623
2641,0.7894736842105263,4,False,,,,
2642,0.8421052631578947,3,False,,,,
2643,0.8421052631578947,3,False,,,,
2644,0.8421052631578947,3,False,,,,
2645,0.8421052631578947,3,False,,,,
2646,0.9473684210526315,1,False,,,,
2647,0.9473684210526315,1,False,,,,
2648,0.9473684210526315,1,False,,,,
2649,0.9473684210526315,1,False,,,,
2650,0.7894736842105263,4,False,,,,
2651,0.7894736842105263,4,False,,,,
2652,0.7894736842105263,4,False,,,,
2653,0.7894736842105263,4,False,,,,
2654,0.7894736842105263,4,False,,,,
2655,0.7894736842105263,4,False,,,,
2656,0.8421052631578947,3,False,,,,
2657,0.8421052631578947,3,False,,,,
2658,0.8421052631578947,3,False,,,,
2659,0.8421052631578947,3,False,,,,
2660,0.8421052631578947,3,False,,,,
2661,0.8421052631578947,3,False,,,,
2662,0.8421052631578947,3,False,,,,
2663,0.8421052631578947,3,False,,,,
2664,0.8421052631578947,3,False,,,,
2665,0.8421052631578947,3,False,,,,
2666,0.8421052631578947,3,False,,,,
2667,0.8421052631578947,3,False,,,,
2668,0.8421052631578947,3,False,,,,
2669,0.8421052631578947,3,False,,,,
2670,0.8421052631578947,3,False,,,,
2671,0.8421052631578947,3,False,,,,
2672,0.8421052631578947,3,False,,,,
2673,0.8947368421052632,2,False,,,,
2674,0.8947368421052632,2,False,,,,
2675,0.8421052631578947,3,False,,,,
2676,0.8421052631578947,3,False,,,,
2677,0.8421052631578947,3,False,,,,
2678,0.8421052631578947,3,False,,,,
2679,0.8421052631578947,3,False,,,,
2680,0.8421052631578947,3,False,,,,
2681,0.8421052631578947,3,False,,,,
2682,0.7894736842105263,4,False,,,,
2683,0.7894736842105263,4,False,,,,
2684,0.7894736842105263,4,False,,,,
2685,0.8947368421052632,2,False,,,,
2686,0.8421052631578947,3,False,,,,
2687,0.8421052631578947,3,False,,,,
2688,0.8421052631578947,3,False,,,,
2689,0.8421052631578947,3,False,,,,
2690,0.8421052631578947,3,False,,,,
2691,0.8421052631578947,3,False,,,,
2692,0.8421052631578947,3,False,,,,
2693,0.8421052631578947,3,False,,,,
2694,0.8421052631578947,3,False,,,,
2695,0.8421052631578947,3,False,,,,
2696,0.8421052631578947,3,False,,,,
2697,0.8421052631578947,3,False,,,,
2698,0.8421052631578947,3,False,,,,
2699,0.8421052631578947,3,False,,,,
2700,0.8421052631578947,3,False,,,,
2701,0.8421052631578947,3,False,,,,
2702,0.8421052631578947,3,False,,,,
2703,0.8421052631578947,3,False,,,,
2704,0.8421052631578947,3,False,,,,
2705,0.8421052631578947,3,False,,,,
2706,0.8421052631578947,3,False,,,,
2707,0.8421052631578947,3,False,,,,
2708,0.8421052631578947,3,False,,,,
2709,0.8421052631578947,3,False,,,,
2710,0.8421052631578947,3,False,,,,
2711,0.8421052631578947,3,False,,,,
2712,0.8421052631578947,3,False,,,,
2713,0.8421052631578947,3,False,,,,
2714,0.8947368421052632,2,False,,,,
2715,0.9473684210526315,1,False,,,,
2716,0.9473684210526315,1,False,,,,
2717,0.9473684210526315,1,False,,,,
2718,0.8947368421052632,2,False,,,,
2719,0.8947368421052632,2,False,,,,
2720,0.8947368421052632,2,False,,,,
2721,0.8947368421052632,2,False,,,,
2722,0.8421052631578947,3,False,,,,
2723,0.8421052631578947,3,False,,,,
2724,0.8421052631578947,3,False,,,,
2725,0.8421052631578947,3,False,,,,
2726,0.8421052631578947,3,False,,,,
2727,0.8421052631578947,3,False,,,,
2728,0.8421052631578947,3,False,,,,
2729,0.8421052631578947,3,False,,,,
2730,0.8421052631578947,3,False,,,,
2731,0.8421052631578947,3,False,,,,
2732,0.8421052631578947,3,False,,,,
2733,0.8421052631578947,3,False,,,,
2734,0.8421052631578947,3,False,,,,
2735,0.8421052631578947,3,False,,,,
2736,0.8421052631578947,3,False,,,,
2737,0.8421052631578947,3,False,,,,
2738,0.8421052631578947,3,False,,,,
2739,0.8421052631578947,3,False,,,,
2740,0.8947368421052632,2,False,,,,
2741,0.8947368421052632,2,False,,,,
2742,0.8947368421052632,2,False,,,,
2743,0.9473684210526315,1,False,,,,
2744,0.8947368421052632,2,False,,,,
2745,0.8947368421052632,2,False,,,,
2746,0.8947368421052632,2,False,,,,
2747,0.8947368421052632,2,False,,,,
2748,0.8947368421052632,2,False,,,,
2749,0.8421052631578947,3,False,,,,
2750,0.8421052631578947,3,False,,,,
2751,0.8421052631578947,3,False,,,,
2752,0.8421052631578947,3,False,,,,
2753,0.8421052631578947,3,False,,,,
2754,0.8421052631578947,3,False,,,,
2755,0.8421052631578947,3,False,,,,
2756,0.8421052631578947,3,False,,,,
2757,0.8421052631578947,3,False,,,,
2758,0.8421052631578947,3,False,,,,
2759,0.8421052631578947,3,False,,,,
2760,0.8947368421052632,2,False,,,,
2761,0.8947368421052632,2,False,,,,
2762,0.8947368421052632,2,False,,,,
2763,0.8947368421052632,2,False,,,,
2764,0.8947368421052632,2,False,,,,
2765,0.8947368421052632,2,False,,,,
2766,0.8947368421052632,2,False,,,,
2767,0.8947368421052632,2,False,,,,
2768,0.8947368421052632,2,False,,,,
2769,0.8947368421052632,2,False,,,,
2770,0.8947368421052632,2,False,,,,
2771,0.8947368421052632,2,False,,,,
2772,0.8947368421052632,2,False,,,,
2773,0.8947368421052632,2,False,,,,
2774,0.9473684210526315,1,False,,,,
2775,0.8947368421052632,2,False,,,,
2776,0.8947368421052632,2,False,,,,
2777,0.8947368421052632,2,False,,,,
2778,0.8947368421052632,2,False,,,,
2779,0.8947368421052632,2,False,,,,
2780,0.8947368421052632,2,False,,,,
2781,0.8947368421052632,2,False,,,,
2782,0.8947368421052632,2,False,,,,
2783,0.8947368421052632,2,False,,,,
2784,0.8947368421052632,2,False,,,,
2785,0.8947368421052632,2,False,,,,
2786,0.9473684210526315,1,False,,,,
2787,0.9473684210526315,1,False,,,,
2788,0.9473684210526315,1,False,,,,
2789,0.9473684210526315,1,False,,,,
2790,0.8947368421052632,2,False,,,,
2791,0.8947368421052632,2,False,,,,
2792,0.8947368421052632,2,False,,,,
2793,0.8947368421052632,2,False,,,,
2794,0.8947368421052632,2,False,,,,
2795,0.8947368421052632,2,False,,,,
2796,0.8947368421052632,2,False,,,,
2797,0.8947368421052632,2,False,,,,
2798,0.8947368421052632,2,False,,,,
2799,0.8947368421052632,2,False,,,,
2800,0.8947368421052632,2,False,,,,
2801,0.8947368421052632,2,False,,,,
2802,0.9473684210526315,1,False,,,,
2803,0.9473684210526315,1,False,,,,
2804,0.8947368421052632,2,False,,,,
2805,0.8947368421052632,2,False,,,,
2806,0.8947368421052632,2,False,,,,
2807,0.8947368421052632,2,False,,,,
2808,0.8947368421052632,2,False,,,,
2809,0.8947368421052632,2,False,,,,
2810,0.8947368421052632,2,False,,,,
2811,0.8947368421052632,2,False,,,,
2812,0.9473684210526315,1,False,,,,
2813,0.9473684210526315,1,False,,,,
2814,0.9473684210526315,1,False,,,,
2815,0.9473684210526315,1,False,,,,
2816,0.9473684210526315,1,False,,,,
2817,0.9473684210526315,1,False,,,,
2818,0.9473684210526315,1,False,,,,
2819,0.9473684210526315,1,False,,,,
2820,0.9473684210526315,1,False,,,,
2821,0.9473684210526315,1,False,,,,
2822,0.9473684210526315,1,False,,,,
2823,0.9473684210526315,1,False,,,,
2824,0.9473684210526315,1,False,,,,
2825,0.9473684210526315,1,False,,,,
2826,0.9473684210526315,1,False,,,,
2827,0.9473684210526315,1,False,,,,
2828,0.9473684210526315,1,False,,,,
2829,0.9473684210526315,1,False,,,,
2830,0.9473684210526315,1,False,,,,
2831,0.9473684210526315,1,False,,,,
2832,0.9473684210526315,1,False,,,,
2833,0.9473684210526315,1,False,,,,
2834,0.9473684210526315,1,False,,,,
2835,0.9473684210526315,1,False,,,,
2836,0.9473684210526315,1,False,,,,
2837,0.9473684210526315,1,False,,,,
2838,0.9473684210526315,1,False,,,,
2839,0.9473684210526315,1,False,,,,
2840,0.9473684210526315,1,False,,,,
2841,0.9473684210526315,1,False,,,,
2842,0.9473684210526315,1,False,,,,
2843,0.9473684210526315,1,False,,,,
2844,0.9473684210526315,1,False,,,,
2845,0.9473684210526315,1,False,,,,
2846,0.9473684210526315,1,False,,,,
2847,0.9473684210526315,1,False,,,,
2848,0.9473684210526315,1,False,,,,
2849,0.9473684210526315,1,False,,,,
2850,0.9473684210526315,1,False,,,,
2851,0.9473684210526315,1,False,,,,
2852,0.9473684210526315,1,False,,,,
2853,0.9473684210526315,1,False,,,,
2854,0.9473684210526315,1,False,,,,
2855,0.9473684210526315,1,False,,,,
2856,0.9473684210526315,1,False,,,,
2857,0.9473684210526315,1,False,,,,
2858,0.9473684210526315,1,False,,,,
2859,0.9473684210526315,1,False,,,,
2860,0.9473684210526315,1,False,,,,
2861,0.9473684210526315,1,False,,,,
2862,0.9473684210526315,1,False,,,,
2863,0.9473684210526315,1,False,,,,
2864,0.9473684210526315,1,False,,,,
2865,0.9473684210526315,1,False,,,,
2866,0.9473684210526315,1,False,,,,
2867,0.9473684210526315,1,False,,,,
2868,0.9473684210526315,1,False,,,,
2869,0.9473684210526315,1,False,,,,
2870,0.9473684210526315,1,False,,,,
2871,0.9473684210526315,1,False,,,,
2872,0.9473684210526315,1,False,,,,
2873,0.9473684210526315,1,False,,,,
2874,0.9473684210526315,1,False,,,,
2875,0.9473684210526315,1,False,,,,
2876,0.9473684210526315,1,False,,,,
2877,0.9473684210526315,1,False,,,,
2878,0.9473684210526315,1,False,,,,
2879,0.9473684210526315,1,False,,,,
2880,0.9473684210526315,1,False,,,,
2881,0.9473684210526315,1,False,,,,
2882,0.9473684210526315,1,False,,,,
2883,0.9473684210526315,1,False,,,,
2884,0.9473684210526315,1,False,,,,
2885,0.9473684210526315,1,False,,,,
2886,0.9473684210526315,1,False,,,,
2887,0.9473684210526315,1,False,,,,
2888,0.9473684210526315,1,False,,,,
2889,0.9473684210526315,1,False,,,,
2890,0.9473684210526315,1,False,,,,
2891,0.9473684210526315,1,False,,,,
2892,0.9473684210526315,1,False,,,,
2893,0.9473684210526315,1,False,,,,
2894,0.9473684210526315,1,False,,,,
2895,0.9473684210526315,1,False,,,,
2896,0.9473684210526315,1,False,,,,
2897,0.9473684210526315,1,False,,,,
2898,0.9473684210526315,1,False,,,,
2899,0.9473684210526315,1,False,,,,
2900,0.9473684210526315,1,False,,,,
2901,0.9473684210526315,1,False,,,,
2902,0.9473684210526315,1,False,,,,
2903,0.9473684210526315,1,False,,,,
2904,0.9473684210526315,1,False,,,,
2905,0.9473684210526315,1,False,,,,
2906,0.9473684210526315,1,False,,,,
2907,0.9473684210526315,1,False,,,,
2908,0.9473684210526315,1,False,,,,
2909,0.9473684210526315,1,False,,,,
2910,0.9473684210526315,1,False,,,,
2911,0.9473684210526315,1,False,,,,
2912,0.9473684210526315,1,False,,,,
2913,0.9473684210526315,1,False,,,,
2914,0.9473684210526315,1,False,,,,
2915,0.9473684210526315,1,False,,,,
2916,0.9473684210526315,1,False,,,,
2917,0.9473684210526315,1,False,,,,
2918,0.9473684210526315,1,False,,,,
2919,0.9473684210526315,1,False,,,,
2920,0.9473684210526315,1,False,,,,
2921,0.9473684210526315,1,False,,,,
2922,0.9473684210526315,1,False,,,,
2923,0.9473684210526315,1,False,,,,
2924,0.9473684210526315,1,False,,,,
2925,0.9473684210526315,1,False,,,,
2926,0.9473684210526315,1,False,,,,
2927,0.9473684210526315,1,False,,,,
2928,0.9473684210526315,1,False,,,,
2929,0.9473684210526315,1,False,,,,
2930,0.9473684210526315,1,False,,,,
2931,0.9473684210526315,1,False,,,,
2932,0.9473684210526315,1,False,,,,
2933,0.9473684210526315,1,False,,,,
2934,0.9473684210526315,1,False,,,,
2935,0.9473684210526315,1,False,,,,
2936,0.9473684210526315,1,False,,,,
2937,0.9473684210526315,1,False,,,,
2938,0.9473684210526315,1,False,,,,
2939,0.9473684210526315,1,False,,,,
2940,0.9473684210526315,1,False,,,,
2941,0.9473684210526315,1,False,,,,
2942,0.9473684210526315,1,False,,,,
2943,0.9473684210526315,1,False,,,,
2944,0.9473684210526315,1,False,,,,
2945,0.9473684210526315,1,False,,,,
2946,0.9473684210526315,1,False,,,,
2947,0.9473684210526315,1,False,,,,
2948,0.9473684210526315,1,False,,,,
2949,0.9473684210526315,1,False,,,,
2950,0.9473684210526315,1,False,,,,
2951,0.9473684210526315,1,False,,,,
2952,0.9473684210526315,1,False,,,,
2953,0.9473684210526315,1,False,,,,
2954,0.9473684210526315,1,False,,,,
2955,0.9473684210526315,1,False,,,,
2956,0.9473684210526315,1,False,,,,
2957,0.9473684210526315,1,False,,,,
2958,0.9473684210526315,1,False,,,,
2959,0.9473684210526315,1,False,,,,
2960,0.9473684210526315,1,False,,,,
2961,0.9473684210526315,1,False,,,,
2962,0.9473684210526315,1,False,,,,
2963,0.9473684210526315,1,False,,,,
2964,0.9473684210526315,1,False,,,,
2965,0.9473684210526315,1,False,,,,
2966,0.9473684210526315,1,False,,,,
2967,0.9473684210526315,1,False,,,,
2968,0.9473684210526315,1,False,,,,
2969,0.9473684210526315,1,False,,,,
2970,0.9473684210526315,1,False,,,,
2971,0.9473684210526315,1,False,,,,
2972,0.9473684210526315,1,False,,,,
2973,0.9473684210526315,1,False,,,,
2974,0.9473684210526315,1,False,,,,
2975,0.9473684210526315,1,False,,,,
2976,0.9473684210526315,1,False,,,,
2977,0.9473684210526315,1,False,,,,
2978,0.9473684210526315,1,False,,,,
2979,0.9473684210526315,1,False,,,,
2980,0.9473684210526315,1,False,,,,
2981,0.9473684210526315,1,False,,,,
2982,0.9473684210526315,1,False,,,,
2983,0.9473684210526315,1,False,,,,
2984,0.9473684210526315,1,False,,,,
2985,0.9473684210526315,1,False,,,,
2986,0.9473684210526315,1,False,,,,
2987,0.9473684210526315,1,False,,,,
2988,0.9473684210526315,1,False,,,,
2989,0.9473684210526315,1,False,,,,
2990,0.9473684210526315,1,False,,,,
2991,0.9473684210526315,1,False,,,,
2992,0.9473684210526315,1,False,,,,
2993,0.9473684210526315,1,False,,,,
2994,0.9473684210526315,1,False,,,,
2995,0.9473684210526315,1,False,,,,
2996,0.9473684210526315,1,False,,,,
2997,0.9473684210526315,1,False,,,,
2998,0.9473684210526315,1,False,,,,
2999,0.9473684210526315,1,False,,,,
3000,0.9473684210526315,1,False,,,,
3001,0.9473684210526315,1,False,,,,
3002,0.9473684210526315,1,False,,,,
3003,0.9473684210526315,1,False,,,,
3004,0.9473684210526315,1,False,,,,
3005,0.9473684210526315,1,False,,,,
3006,0.9473684210526315,1,False,,,,
3007,0.9473684210526315,1,False,,,,
3008,0.9473684210526315,1,False,,,,
3009,0.9473684210526315,1,False,,,,
3010,0.9473684210526315,1,False,,,,
3011,0.9473684210526315,1,False,,,,
3012,0.9473684210526315,1,False,,,,
3013,0.9473684210526315,1,False,,,,
3014,0.9473684210526315,1,False,,,,
3015,0.9473684210526315,1,False,,,,
