col_index,gap_frac,nongap_n,keep,cons_similarity,cons_identity,cons_entropy22,cons_entropy_nogap
1,0.9473684210526315,1,False,,,,
2,0.9473684210526315,1,False,,,,
3,0.9473684210526315,1,False,,,,
4,0.9473684210526315,1,False,,,,
5,0.8947368421052632,2,False,,,,
6,0.8947368421052632,2,False,,,,
7,0.8947368421052632,2,False,,,,
8,0.8947368421052632,2,False,,,,
9,0.8947368421052632,2,False,,,,
10,0.8947368421052632,2,False,,,,
11,0.8947368421052632,2,False,,,,
12,0.8947368421052632,2,False,,,,
13,0.8947368421052632,2,False,,,,
14,0.8947368421052632,2,False,,,,
15,0.8947368421052632,2,False,,,,
16,0.8947368421052632,2,False,,,,
17,0.8947368421052632,2,False,,,,
18,0.8947368421052632,2,False,,,,
19,0.8947368421052632,2,False,,,,
20,0.8947368421052632,2,False,,,,
21,0.8947368421052632,2,False,,,,
22,0.8947368421052632,2,False,,,,
23,0.8947368421052632,2,False,,,,
24,0.8947368421052632,2,False,,,,
25,0.8947368421052632,2,False,,,,
26,0.8947368421052632,2,False,,,,
27,0.8947368421052632,2,False,,,,
28,0.8947368421052632,2,False,,,,
29,0.8947368421052632,2,False,,,,
30,0.8947368421052632,2,False,,,,
31,0.9473684210526315,1,False,,,,
32,0.9473684210526315,1,False,,,,
33,0.9473684210526315,1,False,,,,
34,0.9473684210526315,1,False,,,,
35,0.8947368421052632,2,False,,,,
36,0.8947368421052632,2,False,,,,
37,0.8947368421052632,2,False,,,,
38,0.8947368421052632,2,False,,,,
39,0.8947368421052632,2,False,,,,
40,0.8947368421052632,2,False,,,,
41,0.8947368421052632,2,False,,,,
42,0.8947368421052632,2,False,,,,
43,0.8947368421052632,2,False,,,,
44,0.8947368421052632,2,False,,,,
45,0.8421052631578947,3,False,,,,
46,0.7894736842105263,4,False,,,,
47,0.7894736842105263,4,False,,,,
48,0.7894736842105263,4,False,,,,
49,0.7894736842105263,4,False,,,,
50,0.7894736842105263,4,False,,,,
51,0.7894736842105263,4,False,,,,
52,0.7894736842105263,4,False,,,,
53,0.7894736842105263,4,False,,,,
54,0.9473684210526315,1,False,,,,
55,0.7894736842105263,4,False,,,,
56,0.7894736842105263,4,False,,,,
57,0.7894736842105263,4,False,,,,
58,0.7894736842105263,4,False,,,,
59,0.7368421052631579,5,True,0.21333333333333335,0.2,0.44196169314325406,2.321928094887362
60,0.7368421052631579,5,True,0.31333333333333335,0.4,0.4240799522429881,1.9219280948873623
61,0.9473684210526315,1,False,,,,
62,0.9473684210526315,1,False,,,,
63,0.9473684210526315,1,False,,,,
64,0.9473684210526315,1,False,,,,
65,0.9473684210526315,1,False,,,,
66,0.9473684210526315,1,False,,,,
67,0.9473684210526315,1,False,,,,
68,0.9473684210526315,1,False,,,,
69,0.9473684210526315,1,False,,,,
70,0.9473684210526315,1,False,,,,
71,0.9473684210526315,1,False,,,,
72,0.9473684210526315,1,False,,,,
73,0.9473684210526315,1,False,,,,
74,0.9473684210526315,1,False,,,,
75,0.7368421052631579,5,True,0.22666666666666666,0.4,0.4240799522429881,1.9219280948873623
76,0.6842105263157895,6,True,0.2,0.16666666666666666,0.38873147359769233,2.584962500721156
77,0.6842105263157895,6,True,0.3511111111111111,0.6666666666666666,0.35250246264226515,1.2516291673878228
78,0.6842105263157895,6,True,0.2622222222222222,0.3333333333333333,0.3768634756015603,2.2516291673878226
79,0.6842105263157895,6,True,0.28,0.3333333333333333,0.3516072294314623,1.9182958340544893
80,0.8421052631578947,3,False,,,,
81,0.8421052631578947,3,False,,,,
82,0.7368421052631579,5,True,0.24666666666666667,0.4,0.4240799522429881,1.9219280948873623
83,0.7368421052631579,5,True,0.15333333333333332,0.2,0.44196169314325406,2.321928094887362
84,0.6842105263157895,6,True,0.24444444444444444,0.3333333333333333,0.3516072294314623,1.9182958340544893
85,0.6842105263157895,6,True,0.21333333333333335,0.3333333333333333,0.3768634756015604,2.2516291673878226
86,0.6842105263157895,6,True,0.28,0.3333333333333333,0.3516072294314623,1.9182958340544893
87,0.7368421052631579,5,True,0.39333333333333337,0.6,0.403874569882679,1.3709505944546687
88,0.7368421052631579,5,True,0.3266666666666667,0.6,0.403874569882679,1.3709505944546687
89,0.7368421052631579,5,True,0.30666666666666664,0.6,0.403874569882679,1.3709505944546687
90,0.7368421052631579,5,True,0.20666666666666667,0.4,0.4240799522429881,1.9219280948873623
91,0.7368421052631579,5,True,0.18666666666666665,0.2,0.44196169314325406,2.321928094887362
92,0.7894736842105263,4,False,,,,
93,0.7894736842105263,4,False,,,,
94,0.7894736842105263,4,False,,,,
95,0.9473684210526315,1,False,,,,
96,0.9473684210526315,1,False,,,,
97,0.9473684210526315,1,False,,,,
98,0.9473684210526315,1,False,,,,
99,0.9473684210526315,1,False,,,,
100,0.9473684210526315,1,False,,,,
101,0.9473684210526315,1,False,,,,
102,0.9473684210526315,1,False,,,,
103,0.9473684210526315,1,False,,,,
104,0.9473684210526315,1,False,,,,
105,0.9473684210526315,1,False,,,,
106,0.9473684210526315,1,False,,,,
107,0.9473684210526315,1,False,,,,
108,0.9473684210526315,1,False,,,,
109,0.9473684210526315,1,False,,,,
110,0.9473684210526315,1,False,,,,
111,0.9473684210526315,1,False,,,,
112,0.9473684210526315,1,False,,,,
113,0.631578947368421,7,True,0.1841269841269841,0.2857142857142857,0.3308728090528291,2.521640636343318
114,0.5789473684210527,8,True,0.1738095238095238,0.25,0.2867214920979325,2.75
115,0.5789473684210527,8,True,0.22142857142857142,0.125,0.2917502210369577,3.0
116,0.5789473684210527,8,True,0.20476190476190476,0.25,0.2867214920979325,2.75
117,0.7368421052631579,5,True,0.3266666666666667,0.6,0.403874569882679,1.3709505944546687
118,0.7368421052631579,5,True,0.18666666666666665,0.4,0.4240799522429881,1.9219280948873623
119,0.7368421052631579,5,True,0.18666666666666665,0.4,0.4240799522429881,1.9219280948873623
120,0.7368421052631579,5,True,0.26666666666666666,0.4,0.4240799522429881,1.9219280948873623
121,0.7368421052631579,5,True,0.2533333333333333,0.2,0.44196169314325406,2.321928094887362
122,0.631578947368421,7,True,0.2507936507936508,0.2857142857142857,0.3308728090528291,2.5216406363433186
123,0.631578947368421,7,True,0.20634920634920637,0.2857142857142857,0.31402704890353805,2.2359263506290326
124,0.631578947368421,7,True,0.44126984126984126,0.7142857142857143,0.31364651914901476,1.1488348542809166
125,0.631578947368421,7,True,0.2253968253968254,0.2857142857142857,0.3308728090528291,2.5216406363433186
126,0.631578947368421,7,True,0.20634920634920637,0.42857142857142855,0.3293970672908122,2.1280852788913944
127,0.631578947368421,7,True,0.1904761904761905,0.2857142857142857,0.3308728090528291,2.5216406363433186
128,0.6842105263157895,6,True,0.28444444444444444,0.3333333333333333,0.3516072294314623,1.9182958340544896
129,0.631578947368421,7,True,0.26666666666666666,0.42857142857142855,0.2987636957331652,1.8423709931771088
130,0.8421052631578947,3,False,,,,
131,0.7894736842105263,4,False,,,,
132,0.7894736842105263,4,False,,,,
133,0.7894736842105263,4,False,,,,
134,0.7894736842105263,4,False,,,,
135,0.8947368421052632,2,False,,,,
136,0.8947368421052632,2,False,,,,
137,0.8421052631578947,3,False,,,,
138,0.8421052631578947,3,False,,,,
139,0.8421052631578947,3,False,,,,
140,0.8421052631578947,3,False,,,,
141,0.8421052631578947,3,False,,,,
142,0.8947368421052632,2,False,,,,
143,0.8421052631578947,3,False,,,,
144,0.7894736842105263,4,False,,,,
145,0.7894736842105263,4,False,,,,
146,0.7894736842105263,4,False,,,,
147,0.7894736842105263,4,False,,,,
148,0.7894736842105263,4,False,,,,
149,0.7894736842105263,4,False,,,,
150,0.7894736842105263,4,False,,,,
151,0.7894736842105263,4,False,,,,
152,0.7368421052631579,5,True,0.26,0.4,0.4240799522429881,1.9219280948873623
153,0.7368421052631579,5,True,0.32,0.6,0.403874569882679,1.3709505944546687
154,0.5263157894736842,9,True,0.26296296296296295,0.4444444444444444,0.19551110891298873,1.836591668108979
155,0.47368421052631576,10,True,0.22074074074074074,0.2,0.18980179399215247,2.7219280948873625
156,0.5789473684210527,8,True,0.29523809523809524,0.375,0.23153730178623289,1.9056390622295665
157,0.42105263157894735,11,True,0.23636363636363636,0.18181818181818182,0.15803050740691038,2.9139770731827523
158,0.42105263157894735,11,True,0.22303030303030305,0.2727272727272727,0.13843351652387526,2.481714572986073
159,0.42105263157894735,11,True,0.23272727272727275,0.2727272727272727,0.15867131134623425,2.663532754804255
160,0.42105263157894735,11,True,0.2775757575757576,0.36363636363636365,0.1805153902556471,2.5503407095463886
161,0.3684210526315789,12,True,0.26161616161616164,0.4166666666666667,0.1675526697089812,2.4508257945180882
162,0.2631578947368421,14,True,0.22417582417582418,0.35714285714285715,0.0966431262007984,2.5495234595978316
163,0.21052631578947367,15,True,0.21714285714285714,0.26666666666666666,0.08176764568457384,2.9232314287976204
164,0.3157894736842105,13,True,0.23504273504273504,0.3076923076923077,0.10173951313857577,2.6235166412180155
165,0.10526315789473684,17,True,0.4102941176470588,0.6470588235294118,0.26901133528123755,1.5693078231812958
166,0.10526315789473684,17,True,0.24754901960784315,0.29411764705882354,0.08513554810286617,2.6986604604011153
167,0.10526315789473684,17,True,0.4852941176470588,0.7058823529411765,0.3308728090528291,1.5569010760354054
168,0.10526315789473684,17,True,0.5161764705882352,0.7647058823529411,0.3197363442781458,0.9780155566622414
169,0.10526315789473684,17,True,0.3901960784313726,0.5882352941176471,0.22213083398682842,1.8980933736695382
170,0.2631578947368421,14,True,0.4021978021978022,0.7142857142857143,0.26942437427994104,1.4345491399952024
171,0.10526315789473684,17,True,0.2593137254901961,0.35294117647058826,0.09313907461799564,2.4980775466236413
172,0.5789473684210527,8,True,0.2642857142857143,0.25,0.2536413168939634,2.25
173,0.5789473684210527,8,True,0.2571428571428572,0.375,0.26901133528123766,2.1556390622295662
174,0.5789473684210527,8,True,0.2642857142857143,0.25,0.2752707006065839,2.5
175,0.8421052631578947,3,False,,,,
176,0.6842105263157895,6,True,0.4,0.8333333333333334,0.3028137911081479,0.6500224216483541
177,0.7368421052631579,5,True,0.44,0.8,0.35553335479741277,0.7219280948873623
178,0.7368421052631579,5,True,0.30666666666666664,0.6,0.403874569882679,1.3709505944546687
179,0.7368421052631579,5,True,0.26,0.6,0.403874569882679,1.3709505944546687
180,0.7368421052631579,5,True,0.35333333333333333,0.6,0.403874569882679,1.3709505944546687
181,0.7368421052631579,5,True,0.44,0.6,0.403874569882679,1.3709505944546687
182,0.7368421052631579,5,True,0.2866666666666667,0.6,0.403874569882679,1.3709505944546687
183,0.7368421052631579,5,True,0.32,0.8,0.35553335479741277,0.7219280948873623
184,0.7368421052631579,5,True,0.4666666666666667,0.8,0.35553335479741277,0.7219280948873623
185,0.8947368421052632,2,False,,,,
186,0.8947368421052632,2,False,,,,
187,0.8947368421052632,2,False,,,,
188,0.8947368421052632,2,False,,,,
189,0.8947368421052632,2,False,,,,
190,0.8947368421052632,2,False,,,,
191,0.8947368421052632,2,False,,,,
192,0.8947368421052632,2,False,,,,
193,0.8947368421052632,2,False,,,,
194,0.8947368421052632,2,False,,,,
195,0.6842105263157895,6,True,0.21777777777777776,0.3333333333333333,0.3768634756015603,2.2516291673878226
196,0.2631578947368421,14,True,0.3274725274725275,0.5,0.16207676723408126,2.064042639445697
197,0.2631578947368421,14,True,0.3516483516483516,0.6428571428571429,0.2393728467500651,1.7695459925589747
198,0.2631578947368421,14,True,0.2608058608058608,0.21428571428571427,0.07699613926827209,2.8423709931771093
199,0.05263157894736842,18,True,0.2540305010893246,0.3888888888888889,0.13157084033512267,2.5917932260774954
200,0.05263157894736842,18,True,0.293681917211329,0.16666666666666666,0.029597492181329677,2.9329993066372895
201,0.05263157894736842,18,True,0.25925925925925924,0.2222222222222222,0.06280432131666946,2.8218881955261783
202,0.10526315789473684,17,True,0.37598039215686274,0.5882352941176471,0.2362832736567574,1.853688226483452
203,0.10526315789473684,17,True,0.3,0.35294117647058826,0.10173951313857577,2.469240782172285
204,0.2631578947368421,14,True,0.30549450549450546,0.5,0.13070895485323664,1.9211854965885542
205,0.2631578947368421,14,True,0.3868131868131868,0.5,0.13070895485323675,1.9211854965885542
206,0.21052631578947367,15,True,0.4101587301587301,0.6666666666666666,0.25962632736662017,1.6922718656836107
207,0.21052631578947367,15,True,0.32317460317460317,0.4,0.1368272324368215,2.339572261986723
208,0.21052631578947367,15,True,0.36444444444444446,0.4,0.11245363654103202,1.9655962303576018
209,0.21052631578947367,15,True,0.3676190476190476,0.5333333333333333,0.175929009903667,1.9898980954642875
210,0.21052631578947367,15,True,0.3631746031746032,0.6666666666666666,0.23665100921813997,1.5589385323502774
211,0.21052631578947367,15,True,0.3612698412698413,0.7333333333333333,0.29436266502391517,1.3699740752745007
212,0.21052631578947367,15,True,0.4241269841269842,0.6,0.19725171154555354,1.6879430945989002
213,0.10526315789473684,17,True,0.2872549019607843,0.47058823529411764,0.1454276709574014,2.322756958897399
214,0.10526315789473684,17,True,0.3269607843137255,0.4117647058823529,0.15402695630866137,1.9015064025015063
215,0.10526315789473684,17,True,0.3088235294117647,0.4117647058823529,0.18354756840725694,2.0191534613250357
216,0.10526315789473684,17,True,0.34411764705882353,0.5294117647058824,0.20304543438098532,2.129567987418323
217,0.10526315789473684,17,True,0.3264705882352941,0.5294117647058824,0.18980179399215247,2.1739731346044096
218,0.10526315789473684,17,True,0.42696078431372547,0.6470588235294118,0.23559909273734092,1.1660870601063933
219,0.10526315789473684,17,True,0.30637254901960786,0.4117647058823529,0.13931336313991427,2.343257873344267
220,0.10526315789473684,17,True,0.3892156862745098,0.5882352941176471,0.23699400339378085,2.0157404324930677
221,0.10526315789473684,17,True,0.44411764705882356,0.7058823529411765,0.2987636957331653,1.2772018112022603
222,0.10526315789473684,17,True,0.40098039215686276,0.5294117647058824,0.17190038180287592,1.8498687225851778
223,0.10526315789473684,17,True,0.5529411764705882,0.9411764705882353,0.5115068636860557,0.3227569588973982
224,0.10526315789473684,17,True,0.4882352941176471,0.7058823529411765,0.31402704890353816,1.439254017211876
225,0.10526315789473684,17,True,0.3220588235294118,0.4117647058823529,0.13157084033512267,2.5341468438052397
226,0.15789473684210525,16,True,0.35833333333333334,0.625,0.2502376437826136,1.9237949406953985
227,0.15789473684210525,16,True,0.33055555555555555,0.375,0.14322246009647543,2.3050365325772657
228,0.10526315789473684,17,True,0.31519607843137254,0.47058823529411764,0.1580305074069105,2.4404040177209283
229,0.9473684210526315,1,False,,,,
230,0.9473684210526315,1,False,,,,
231,0.21052631578947367,15,True,0.4019047619047619,0.6666666666666666,0.23665100921814008,1.5589385323502771
232,0.8947368421052632,2,False,,,,
233,0.10526315789473684,17,True,0.34411764705882353,0.47058823529411764,0.1580305074069105,2.4404040177209283
234,0.10526315789473684,17,True,0.28823529411764703,0.35294117647058826,0.07989543422916279,2.5424826938097276
235,0.2631578947368421,14,True,0.48717948717948717,0.7142857142857143,0.26942437427994104,1.4345491399952024
236,0.10526315789473684,17,True,0.3088235294117647,0.5294117647058824,0.1565303634156019,1.8942738697712644
237,0.10526315789473684,17,True,0.4936274509803921,0.7647058823529411,0.3516072294314623,1.1400677626718572
238,0.10526315789473684,17,True,0.4196078431372549,0.7647058823529411,0.3516072294314623,1.1400677626718572
239,0.10526315789473684,17,True,0.36960784313725487,0.7058823529411765,0.3308728090528291,1.5569010760354054
240,0.15789473684210525,16,True,0.32611111111111113,0.6875,0.2894231402765127,1.6216407621868583
241,0.15789473684210525,16,True,0.6044444444444445,0.8125,0.368718405808535,0.9933927290103626
242,0.15789473684210525,16,True,0.4938888888888889,0.875,0.403874569882679,0.6685644431995964
243,0.15789473684210525,16,True,0.3572222222222222,0.625,0.2362832736567574,1.7987949406953985
244,0.15789473684210525,16,True,0.35,0.5625,0.20304543438098532,2.091917186688699
245,0.9473684210526315,1,False,,,,
246,0.10526315789473684,17,True,0.4049019607843138,0.5882352941176471,0.21129967947546247,1.7360411676599226
247,0.10526315789473684,17,True,0.32107843137254904,0.5882352941176471,0.22213083398682842,1.8980933736695382
248,0.10526315789473684,17,True,0.44607843137254904,0.7058823529411765,0.28165251935609237,1.321606958388347
249,0.10526315789473684,17,True,0.4019607843137255,0.7647058823529411,0.3768634756015603,1.2577148214953864
250,0.10526315789473684,17,True,0.31862745098039214,0.29411764705882354,0.0769961392682722,2.7274972248524723
251,0.10526315789473684,17,True,0.46862745098039216,0.5294117647058824,0.21409410126225947,1.49692754611459
252,0.10526315789473684,17,True,0.3676470588235294,0.5294117647058824,0.18585266116365706,2.0119209285947934
253,0.10526315789473684,17,True,0.38676470588235295,0.35294117647058826,0.0937303380650103,1.8092830792973653
254,0.10526315789473684,17,True,0.4622549019607843,0.7647058823529411,0.3768634756015603,1.2577148214953864
255,0.10526315789473684,17,True,0.5323529411764706,0.8235294117647058,0.4240799522429881,0.951994081908783
256,0.10526315789473684,17,True,0.40931372549019607,0.7647058823529411,0.3768634756015603,1.2577148214953864
257,0.10526315789473684,17,True,0.46911764705882353,0.6470588235294118,0.18033947510287063,1.2896085583481507
258,0.15789473684210525,16,True,0.45444444444444443,0.8125,0.3197363442781459,0.8683927290103626
259,0.10526315789473684,17,True,0.43529411764705883,0.8235294117647058,0.4240799522429881,0.951994081908783
260,0.10526315789473684,17,True,0.4294117647058824,0.5882352941176471,0.23665100921814008,1.6627992560224794
261,0.10526315789473684,17,True,0.36715686274509807,0.6470588235294118,0.26901133528123755,1.5693078231812962
262,0.10526315789473684,17,True,0.6475490196078432,0.8235294117647058,0.3840091092994299,0.8343470230852538
263,0.10526315789473684,17,True,0.6990196078431372,0.8823529411764706,0.470861478386833,0.6402064333604701
264,0.10526315789473684,17,True,0.4083333333333333,0.5294117647058824,0.1710233960407076,1.6087001655198914
265,0.10526315789473684,17,True,0.47892156862745094,0.8823529411764706,0.470861478386833,0.6402064333604701
266,0.10526315789473684,17,True,0.5480392156862746,0.7647058823529411,0.3197363442781459,0.9780155566622414
267,0.10526315789473684,17,True,0.4446078431372549,0.5882352941176471,0.23199713097962404,1.450467463408549
268,0.10526315789473684,17,True,0.40686274509803927,0.6470588235294118,0.2597604999432015,1.3784188527203236
269,0.10526315789473684,17,True,0.5764705882352942,0.9411764705882353,0.5115068636860557,0.3227569588973982
270,0.10526315789473684,17,True,0.44901960784313727,0.6470588235294118,0.231537301786233,1.4516607643577664
271,0.10526315789473684,17,True,0.4372549019607843,0.5882352941176471,0.2362832736567574,1.8536882264834516
272,0.10526315789473684,17,True,0.4725490196078431,0.8823529411764706,0.470861478386833,0.6402064333604701
273,0.10526315789473684,17,True,0.6705882352941176,0.9411764705882353,0.5115068636860557,0.3227569588973982
274,0.10526315789473684,17,True,0.5259803921568628,0.8235294117647058,0.3840091092994299,0.8343470230852538
275,0.10526315789473684,17,True,0.44901960784313727,0.8823529411764706,0.470861478386833,0.6402064333604701
276,0.10526315789473684,17,True,0.6705882352941176,0.9411764705882353,0.5115068636860557,0.3227569588973982
277,0.10526315789473684,17,True,0.5465686274509804,0.7647058823529411,0.3516072294314623,1.1400677626718572
278,0.10526315789473684,17,True,0.328921568627451,0.47058823529411764,0.16177657023373793,2.08746284125034
279,0.10526315789473684,17,True,0.33921568627450976,0.5294117647058824,0.20919571487351973,1.9386790169573507
280,0.21052631578947367,15,True,0.26412698412698415,0.3333333333333333,0.10349153892997709,2.4662478973127313
281,0.10526315789473684,17,True,0.36911764705882355,0.5294117647058824,0.20304543438098532,2.1295679874183233
282,0.10526315789473684,17,True,0.3686274509803921,0.47058823529411764,0.20184431586908624,1.7633584292311082
283,0.10526315789473684,17,True,0.4279411764705882,0.7058823529411765,0.31402704890353816,1.439254017211876
284,0.10526315789473684,17,True,0.5686274509803921,0.9411764705882353,0.5115068636860557,0.3227569588973982
285,0.2631578947368421,14,True,0.3142857142857143,0.42857142857142855,0.0871023067983544,2.074164743022575
286,0.2631578947368421,14,True,0.45860805860805864,0.8571428571428571,0.31364651914901476,0.7345299214394703
287,0.2631578947368421,14,True,0.5641025641025641,0.8571428571428571,0.31364651914901476,0.7345299214394703
288,0.2631578947368421,14,True,0.27912087912087913,0.2857142857142857,0.07946722197090783,2.378783493486176
289,0.2631578947368421,14,True,0.452014652014652,0.7142857142857143,0.26942437427994104,1.4345491399952024
290,0.2631578947368421,14,True,0.367032967032967,0.42857142857142855,0.11245363654103213,1.9852281360342514
291,0.2631578947368421,14,True,0.27765567765567767,0.35714285714285715,0.10988676658963126,2.495602923729013
292,0.2631578947368421,14,True,0.3663003663003663,0.35714285714285715,0.1065389817601341,2.005977711423774
293,0.2631578947368421,14,True,0.4263736263736264,0.7857142857142857,0.2962465220098368,1.0892300788425848
294,0.2631578947368421,14,True,0.42490842490842495,0.7857142857142857,0.2962465220098368,1.0892300788425848
295,0.2631578947368421,14,True,0.2783882783882784,0.2857142857142857,0.09489110040939697,2.556656707462823
296,0.2631578947368421,14,True,0.5216117216117216,0.8571428571428571,0.31364651914901476,0.7345299214394703
297,0.3157894736842105,13,True,0.5333333333333333,1.0,0.10025624130173738,0.0
298,0.3157894736842105,13,True,0.3675213675213675,0.6153846153846154,0.20184431586908624,1.7004397181410922
299,0.2631578947368421,14,True,0.5304029304029304,0.7857142857142857,0.23559909273734092,0.9463729359854419
300,0.2631578947368421,14,True,0.2783882783882784,0.35714285714285715,0.06378430534292956,2.155968102145908
301,0.9473684210526315,1,False,,,,
302,0.9473684210526315,1,False,,,,
303,0.2631578947368421,14,True,0.380952380952381,0.5714285714285714,0.1919537021102833,1.950212064914747
304,0.2631578947368421,14,True,0.34139194139194134,0.42857142857142855,0.07435549237544792,1.7884504573082896
305,0.2631578947368421,14,True,0.38534798534798537,0.5714285714285714,0.13080188868938503,1.610577243331642
306,0.2631578947368421,14,True,0.2490842490842491,0.2857142857142857,0.11834237723820606,2.6644977792004614
307,0.2631578947368421,14,True,0.5157509157509158,0.7857142857142857,0.2962465220098368,1.0892300788425848
308,0.3157894736842105,13,True,0.3299145299145299,0.46153846153846156,0.10031502121992697,1.7381493331928664
309,0.3157894736842105,13,True,0.48547008547008547,0.7692307692307693,0.2750678362011758,1.1451104143815827
310,0.3157894736842105,13,True,0.48888888888888893,0.7692307692307693,0.2750678362011758,1.1451104143815827
311,0.3157894736842105,13,True,0.5666666666666667,0.8461538461538461,0.28560263299760746,0.7732283485249176
312,0.3157894736842105,13,True,0.4512820512820513,0.6923076923076923,0.25334307806277934,1.5058762556041068
313,0.3157894736842105,13,True,0.48205128205128206,0.7692307692307693,0.0958883125600768,0.7793498372920851
314,0.21052631578947367,15,True,0.4552380952380953,0.8666666666666667,0.35250246264226515,0.6998428398862386
315,0.21052631578947367,15,True,0.5136507936507937,0.8666666666666667,0.35250246264226515,0.6998428398862386
316,0.05263157894736842,18,True,0.481917211328976,0.7222222222222222,0.3768634756015603,1.386274093895968
317,0.05263157894736842,18,True,0.4069716775599128,0.5555555555555556,0.23665100921813997,1.768853837616
318,0.05263157894736842,18,True,0.4108932461873638,0.7777777777777778,0.44196169314325406,1.2086489509530647
319,0.05263157894736842,18,True,0.38387799564270153,0.5,0.20002593917380784,2.3627402784989338
320,0.05263157894736842,18,True,0.44052287581699345,0.7777777777777778,0.4240799522429881,1.0975378398419535
321,0.05263157894736842,18,True,0.43834422657952066,0.7777777777777778,0.44196169314325406,1.2086489509530647
322,0.05263157894736842,18,True,0.4226579520697168,0.7777777777777778,0.44196169314325406,1.2086489509530647
323,0.05263157894736842,18,True,0.40217864923747276,0.5,0.2393728467500651,1.9399824743635556
324,0.05263157894736842,18,True,0.3899782135076253,0.7222222222222222,0.3768634756015604,1.386274093895968
325,0.05263157894736842,18,True,0.4169934640522876,0.6666666666666666,0.31402704890353805,1.5577277787393193
326,0.05263157894736842,18,True,0.5838779956427016,0.7777777777777778,0.44196169314325406,1.2086489509530647
327,0.05263157894736842,18,True,0.35860566448801745,0.5555555555555556,0.23699400339378085,2.102187170949333
328,0.05263157894736842,18,True,0.46056644880174297,0.7222222222222222,0.3687184058085351,1.2332247882202196
329,0.05263157894736842,18,True,0.4274509803921569,0.8333333333333334,0.4988905110011538,0.9141828384352135
330,0.05263157894736842,18,True,0.44313725490196076,0.7222222222222222,0.38873147359769233,1.497385205007079
331,0.10526315789473684,17,True,0.5112745098039215,0.8235294117647058,0.4240799522429881,0.951994081908783
332,0.9473684210526315,1,False,,,,
333,0.10526315789473684,17,True,0.3642156862745098,0.5294117647058824,0.20304543438098532,2.1295679874183233
334,0.10526315789473684,17,True,0.38382352941176473,0.5294117647058824,0.18585266116365706,2.011920928594794
335,0.8947368421052632,2,False,,,,
336,0.8947368421052632,2,False,,,,
337,0.8947368421052632,2,False,,,,
338,0.10526315789473684,17,True,0.5308823529411765,0.8823529411764706,0.470861478386833,0.6402064333604701
339,0.10526315789473684,17,True,0.4666666666666667,0.7647058823529411,0.3516072294314623,1.1400677626718572
340,0.10526315789473684,17,True,0.5049019607843138,0.8235294117647058,0.4240799522429881,0.951994081908783
341,0.10526315789473684,17,True,0.24901960784313726,0.29411764705882354,0.08513554810286617,2.6986604604011157
342,0.10526315789473684,17,True,0.3700980392156863,0.5294117647058824,0.18980179399215258,2.1739731346044096
343,0.10526315789473684,17,True,0.45098039215686275,0.8235294117647058,0.4240799522429881,0.951994081908783
344,0.05263157894736842,18,True,0.5041394335511983,0.6666666666666666,0.3269868938901337,1.3355055565170972
345,0.05263157894736842,18,True,0.34335511982570804,0.5,0.18585266116365706,2.098579861712074
346,0.05263157894736842,18,True,0.35163398692810455,0.6111111111111112,0.2894231402765127,1.7916674843771045
347,0.05263157894736842,18,True,0.39694989106753814,0.5,0.19725171154555354,1.8763576394898522
348,0.05263157894736842,18,True,0.5281045751633987,0.8333333333333334,0.470861478386833,0.8030717273241024
349,0.05263157894736842,18,True,0.36427015250544664,0.6111111111111112,0.2894231402765127,1.7916674843771045
350,0.05263157894736842,18,True,0.41132897603485835,0.5,0.25334307806277945,1.7233083338141042
351,0.05263157894736842,18,True,0.34117647058823525,0.5,0.20919571487351973,2.0294069451656007
352,0.05263157894736842,18,True,0.41263616557734206,0.6666666666666666,0.3308728090528291,1.6688388898504303
353,0.8947368421052632,2,False,,,,
354,0.8947368421052632,2,False,,,,
355,0.8947368421052632,2,False,,,,
356,0.8947368421052632,2,False,,,,
357,0.8947368421052632,2,False,,,,
358,0.8947368421052632,2,False,,,,
359,0.8947368421052632,2,False,,,,
360,0.8947368421052632,2,False,,,,
361,0.8421052631578947,3,False,,,,
362,0.8421052631578947,3,False,,,,
363,0.8947368421052632,2,False,,,,
364,0.8947368421052632,2,False,,,,
365,0.8947368421052632,2,False,,,,
366,0.8947368421052632,2,False,,,,
367,0.8947368421052632,2,False,,,,
368,0.8947368421052632,2,False,,,,
369,0.8947368421052632,2,False,,,,
370,0.8947368421052632,2,False,,,,
371,0.8947368421052632,2,False,,,,
372,0.8947368421052632,2,False,,,,
373,0.8947368421052632,2,False,,,,
374,0.8947368421052632,2,False,,,,
375,0.8947368421052632,2,False,,,,
376,0.8947368421052632,2,False,,,,
377,0.8947368421052632,2,False,,,,
378,0.8947368421052632,2,False,,,,
379,0.8947368421052632,2,False,,,,
380,0.9473684210526315,1,False,,,,
381,0.8947368421052632,2,False,,,,
382,0.8947368421052632,2,False,,,,
383,0.8947368421052632,2,False,,,,
384,0.8947368421052632,2,False,,,,
385,0.8947368421052632,2,False,,,,
386,0.8421052631578947,3,False,,,,
387,0.8421052631578947,3,False,,,,
388,0.8421052631578947,3,False,,,,
389,0.8421052631578947,3,False,,,,
390,0.8421052631578947,3,False,,,,
391,0.8421052631578947,3,False,,,,
392,0.8421052631578947,3,False,,,,
393,0.8421052631578947,3,False,,,,
394,0.8421052631578947,3,False,,,,
395,0.8421052631578947,3,False,,,,
396,0.8421052631578947,3,False,,,,
397,0.8421052631578947,3,False,,,,
398,0.05263157894736842,18,True,0.3925925925925926,0.4444444444444444,0.1919537021102833,2.080500530640267
399,0.05263157894736842,18,True,0.314161220043573,0.3333333333333333,0.12997881970764258,2.4410685859554375
400,0.05263157894736842,18,True,0.6570806100217865,0.8888888888888888,0.5602467695939968,0.6143694458867568
401,0.05263157894736842,18,True,0.36732026143790847,0.4444444444444444,0.1919537021102833,2.080500530640267
402,0.05263157894736842,18,True,0.2980392156862745,0.2777777777777778,0.12081271666233695,2.768853837616
403,0.05263157894736842,18,True,0.4797385620915033,0.8333333333333334,0.4988905110011538,0.9141828384352135
404,0.05263157894736842,18,True,0.5259259259259259,0.9444444444444444,0.6272947035832889,0.3095434291503252
405,0.05263157894736842,18,True,0.3176470588235294,0.2777777777777778,0.09489110040939719,2.5521796970665482
406,0.0,19,True,0.3091617933723197,0.47368421052631576,0.1818816931582793,2.1148051443393325
407,0.0,19,True,0.41637426900584795,0.5263157894736842,0.21101139994137996,1.57797720011724
408,0.0,19,True,0.5450292397660819,0.8947368421052632,0.6272947035832889,0.5907239186406502
409,0.0,19,True,0.42962962962962964,0.7368421052631579,0.403874569882679,1.192250860234642
410,0.0,19,True,0.5914230019493177,0.8947368421052632,0.6272947035832889,0.5907239186406502
411,0.0,19,True,0.4245614035087719,0.47368421052631576,0.10049216467243904,1.799015670655122
412,0.0,19,True,0.4631578947368421,0.6842105263157895,0.3197363442781459,1.3605273114437082
413,0.0,19,True,0.3500974658869396,0.5789473684210527,0.29436266502391517,1.8240460500219924
414,0.0,19,True,0.30994152046783624,0.47368421052631576,0.25334307806277934,1.930080144111599
415,0.0,19,True,0.4319688109161793,0.5263157894736842,0.2673721749433876,1.4652556501132248
416,0.0,19,True,0.5060428849902534,0.8421052631578947,0.5115068636860557,0.7742433029172697
417,0.0,19,True,0.2881091617933723,0.3684210526315789,0.16207676723408126,2.3523479118118216
418,0.0,19,True,0.5454191033138401,0.8947368421052632,0.6272947035832889,0.5907239186406502
419,0.0,19,True,0.3454191033138401,0.5263157894736842,0.23665100921814008,1.9732285161344474
420,0.0,19,True,0.5664717348927876,0.8421052631578947,0.5602467695939968,0.8795064608120066
421,0.0,19,True,0.2483430799220273,0.2631578947368421,0.1034915389299772,2.6895253832100683
422,0.0,19,True,0.5060428849902534,0.8947368421052632,0.6272947035832889,0.5907239186406502
423,0.0,19,True,0.34736842105263155,0.47368421052631576,0.11008500616192007,1.7798299876761599
424,0.0,19,True,0.36335282651072126,0.631578947368421,0.31402704890353816,1.7732143550933814
425,0.0,19,True,0.4358674463937622,0.6842105263157895,0.3768634756015603,1.6107845483996803
426,0.0,19,True,0.45302144249512666,0.8421052631578947,0.5602467695939968,0.8795064608120066
427,0.0,19,True,0.5333333333333333,1.0,1.0,0.0
428,0.0,19,True,0.5387914230019493,0.8421052631578947,0.5602467695939968,0.8795064608120066
429,0.0,19,True,0.2943469785575049,0.3157894736842105,0.11042030825377913,2.299530144567066
430,0.0,19,True,0.47719298245614034,0.6842105263157895,0.2330839172350091,1.215533232382473
431,0.0,19,True,0.4608187134502924,0.8421052631578947,0.37075077614396545,0.6292492238560345
432,0.0,19,True,0.30682261208577,0.3684210526315789,0.13931336313991427,2.582059910580257
433,0.0,19,True,0.48888888888888893,0.7368421052631579,0.4240799522429881,1.3372449392958772
434,0.0,19,True,0.47251461988304094,0.6842105263157895,0.10025624130173738,0.8997437586982626
435,0.0,19,True,0.4358674463937622,0.47368421052631576,0.25838690151454435,1.4832261969709113
436,0.0,19,True,0.3434697855750487,0.47368421052631576,0.2393728467500651,2.1353503825268683
437,0.0,19,True,0.3309941520467836,0.47368421052631576,0.21409410126225947,1.824816986216862
438,0.0,19,True,0.3750487329434698,0.47368421052631576,0.20000510083358602,2.245869617795809
439,0.0,19,True,0.4265107212475634,0.6842105263157895,0.368718405808535,1.4657904693384451
440,0.9473684210526315,1,False,,,,
441,0.9473684210526315,1,False,,,,
442,0.9473684210526315,1,False,,,,
443,0.9473684210526315,1,False,,,,
444,0.9473684210526315,1,False,,,,
445,0.9473684210526315,1,False,,,,
446,0.9473684210526315,1,False,,,,
447,0.9473684210526315,1,False,,,,
448,0.9473684210526315,1,False,,,,
449,0.9473684210526315,1,False,,,,
450,0.9473684210526315,1,False,,,,
451,0.9473684210526315,1,False,,,,
452,0.8947368421052632,2,False,,,,
453,0.8947368421052632,2,False,,,,
454,0.8947368421052632,2,False,,,,
455,0.8947368421052632,2,False,,,,
456,0.8947368421052632,2,False,,,,
457,0.8947368421052632,2,False,,,,
458,0.8947368421052632,2,False,,,,
459,0.8947368421052632,2,False,,,,
460,0.8947368421052632,2,False,,,,
461,0.8947368421052632,2,False,,,,
462,0.10526315789473684,17,True,0.3705882352941176,0.47058823529411764,0.14575294935186045,1.9254106352407234
463,0.05263157894736842,18,True,0.2714596949891067,0.4444444444444444,0.175929009903667,2.127986806877675
464,0.05263157894736842,18,True,0.3877995642701525,0.6111111111111112,0.2752707006065839,1.8336056789417416
465,0.05263157894736842,18,True,0.37647058823529406,0.6666666666666666,0.3293970672908122,1.5157895841746822
466,0.05263157894736842,18,True,0.33507625272331154,0.5,0.20304543438098532,2.2096909728231857
467,0.05263157894736842,18,True,0.4601307189542484,0.7777777777777778,0.35553335479741277,0.7642045065086203
468,0.05263157894736842,18,True,0.4148148148148148,0.4444444444444444,0.20184431586908624,1.8638263900908156
469,0.05263157894736842,18,True,0.33420479302832246,0.4444444444444444,0.17056421755728335,2.4613201402110083
470,0.05263157894736842,18,True,0.5333333333333333,1.0,0.7025277510807104,0.0
471,0.05263157894736842,18,True,0.5037037037037037,0.9444444444444444,0.6272947035832889,0.3095434291503252
472,0.05263157894736842,18,True,0.41612200435729846,0.6666666666666666,0.31402704890353816,1.5577277787393193
473,0.05263157894736842,18,True,0.2544662309368192,0.3333333333333333,0.14322246009647543,2.3991303913908
474,0.05263157894736842,18,True,0.4771241830065359,0.7777777777777778,0.403874569882679,0.9444885341662053
475,0.05263157894736842,18,True,0.43224400871459695,0.6111111111111112,0.2597604999432016,1.5002723456084084
476,0.05263157894736842,18,True,0.36775599128540304,0.6111111111111112,0.2867214920979325,1.9447167900528528
477,0.05263157894736842,18,True,0.42919389978213507,0.6666666666666666,0.3293970672908122,1.5157895841746822
478,0.05263157894736842,18,True,0.4631808278867103,0.7777777777777778,0.403874569882679,0.9444885341662053
479,0.05263157894736842,18,True,0.3045751633986928,0.3333333333333333,0.1452270016028332,2.018310781820059
480,0.05263157894736842,18,True,0.3424836601307189,0.5,0.2393728467500651,1.9399824743635556
481,0.05263157894736842,18,True,0.34335511982570804,0.4444444444444444,0.2275769429533877,1.9749375012019268
482,0.05263157894736842,18,True,0.42962962962962964,0.6666666666666666,0.3269868938901338,1.3355055565170972
483,0.05263157894736842,18,True,0.5420479302832244,0.8888888888888888,0.5602467695939968,0.6143694458867568
484,0.05263157894736842,18,True,0.37298474945533766,0.5555555555555556,0.2266696978627366,1.7960885595978366
485,0.05263157894736842,18,True,0.30762527233115466,0.4444444444444444,0.16315629602638737,1.969389419529156
486,0.05263157894736842,18,True,0.45795206971677566,0.7222222222222222,0.3516072294314623,1.275162982784857
487,0.05263157894736842,18,True,0.2657952069716776,0.3333333333333333,0.11498315352740862,2.4885548621928453
488,0.05263157894736842,18,True,0.3198257080610022,0.5,0.1818816931582793,1.9182958340544893
489,0.15789473684210525,16,True,0.5766666666666667,0.875,0.403874569882679,0.6685644431995964
490,0.15789473684210525,16,True,0.5711111111111111,0.875,0.403874569882679,0.6685644431995964
491,0.15789473684210525,16,True,0.46888888888888886,0.75,0.3293970672908122,1.311278124459133
492,0.15789473684210525,16,True,0.3561111111111111,0.4375,0.13189963535753602,2.146782221599798
493,0.05263157894736842,18,True,0.38605664488017427,0.6111111111111112,0.27527070060658376,1.8336056789417416
494,0.05263157894736842,18,True,0.47015250544662307,0.7222222222222222,0.3197363442781459,1.1221136771091087
495,0.05263157894736842,18,True,0.34553376906318084,0.3333333333333333,0.11509046281401236,2.3082708345352603
496,0.9473684210526315,1,False,,,,
497,0.9473684210526315,1,False,,,,
498,0.9473684210526315,1,False,,,,
499,0.9473684210526315,1,False,,,,
500,0.05263157894736842,18,True,0.33202614379084966,0.7222222222222222,0.3768634756015604,1.3862740938959681
501,0.05263157894736842,18,True,0.4527233115468409,0.7222222222222222,0.3687184058085351,1.2332247882202196
502,0.05263157894736842,18,True,0.47058823529411764,0.6666666666666666,0.3269868938901337,1.3355055565170972
503,0.10526315789473684,17,True,0.27598039215686276,0.29411764705882354,0.11186107620484143,2.603975726610715
504,0.05263157894736842,18,True,0.362962962962963,0.6111111111111112,0.2894231402765127,1.7916674843771045
505,0.05263157894736842,18,True,0.2514161220043573,0.3333333333333333,0.09372784471105067,2.8638263900908156
506,0.10526315789473684,17,True,0.4470588235294118,0.8235294117647058,0.4240799522429881,0.951994081908783
507,0.7368421052631579,5,True,0.20666666666666667,0.4,0.4240799522429881,1.9219280948873623
508,0.05263157894736842,18,True,0.37342047930283223,0.5555555555555556,0.2362832736567574,1.949137865273585
509,0.05263157894736842,18,True,0.39084967320261443,0.6666666666666666,0.3308728090528291,1.6688388898504305
510,0.05263157894736842,18,True,0.3429193899782135,0.5555555555555556,0.2502376437826137,2.0602489763846963
511,0.05263157894736842,18,True,0.28104575163398693,0.4444444444444444,0.1580305074069105,2.503258334775645
512,0.05263157894736842,18,True,0.39869281045751637,0.5555555555555556,0.25962632736662017,1.879964948727111
513,0.9473684210526315,1,False,,,,
514,0.8947368421052632,2,False,,,,
515,0.8947368421052632,2,False,,,,
516,0.8947368421052632,2,False,,,,
517,0.8947368421052632,2,False,,,,
518,0.05263157894736842,18,True,0.3241830065359477,0.3888888888888889,0.1675526697089812,2.3220847276178658
519,0.05263157894736842,18,True,0.47886710239651414,0.5,0.21409410126225958,1.612197222702993
520,0.05263157894736842,18,True,0.4962962962962963,0.7222222222222222,0.3687184058085351,1.2332247882202196
521,0.05263157894736842,18,True,0.46492374727668845,0.7777777777777778,0.403874569882679,0.9444885341662053
522,0.05263157894736842,18,True,0.5045751633986928,0.8333333333333334,0.470861478386833,0.8030717273241024
523,0.05263157894736842,18,True,0.28932461873638343,0.3888888888888889,0.15606028459591426,1.9887513942845323
524,0.05263157894736842,18,True,0.46448801742919393,0.7222222222222222,0.3768634756015604,1.386274093895968
525,0.05263157894736842,18,True,0.5333333333333333,1.0,0.7025277510807104,0.0
526,0.05263157894736842,18,True,0.34466230936819175,0.3333333333333333,0.11245363654103213,2.107735252622104
527,0.05263157894736842,18,True,0.23877995642701527,0.2222222222222222,0.06980744665809668,2.94770277922009
528,0.05263157894736842,18,True,0.4544662309368192,0.8333333333333334,0.4988905110011538,0.9141828384352135
529,0.05263157894736842,18,True,0.31023965141612203,0.4444444444444444,0.1525859561938041,2.197159723424149
530,0.05263157894736842,18,True,0.3851851851851852,0.6111111111111112,0.26901133528123766,1.6805563732659934
531,0.05263157894736842,18,True,0.33681917211328977,0.3888888888888889,0.13071292461933426,2.4387439204017474
532,0.05263157894736842,18,True,0.4065359477124183,0.6666666666666666,0.3308728090528291,1.6688388898504305
533,0.05263157894736842,18,True,0.49716775599128543,0.8888888888888888,0.5602467695939968,0.6143694458867568
534,0.05263157894736842,18,True,0.36688453159041395,0.7222222222222222,0.3516072294314623,1.275162982784857
535,0.05263157894736842,18,True,0.40610021786492373,0.6666666666666666,0.2987636957331653,1.404678473063571
536,0.05263157894736842,18,True,0.4684095860566449,0.8333333333333334,0.4988905110011538,0.9141828384352135
537,0.05263157894736842,18,True,0.4309368191721133,0.6111111111111112,0.2597604999432016,1.5002723456084084
538,0.05263157894736842,18,True,0.674074074074074,0.9444444444444444,0.6272947035832889,0.3095434291503252
539,0.05263157894736842,18,True,0.5342047930283225,0.8888888888888888,0.5602467695939968,0.6143694458867568
540,0.05263157894736842,18,True,0.5037037037037037,0.9444444444444444,0.6272947035832889,0.3095434291503252
541,0.05263157894736842,18,True,0.5276688453159042,0.8888888888888888,0.5602467695939968,0.6143694458867568
542,0.05263157894736842,18,True,0.36470588235294116,0.6666666666666666,0.31402704890353816,1.5577277787393193
543,0.05263157894736842,18,True,0.48845315904139436,0.8333333333333334,0.470861478386833,0.8030717273241024
544,0.05263157894736842,18,True,0.5333333333333333,1.0,0.7025277510807104,0.0
545,0.05263157894736842,18,True,0.39346405228758174,0.6666666666666666,0.31402704890353805,1.5577277787393193
546,0.0,19,True,0.46783625730994155,0.8421052631578947,0.5115068636860557,0.7742433029172697
547,0.0,19,True,0.39220272904483433,0.5789473684210527,0.2752707006065839,2.034572365811466
548,0.0,19,True,0.43157894736842106,0.6842105263157895,0.3768634756015604,1.61078454839968
549,0.0,19,True,0.27446393762183235,0.3157894736842105,0.1452675946905575,2.3995372250875984
550,0.0,19,True,0.3532163742690058,0.47368421052631576,0.18980179399215247,2.4305946180235427
551,0.0,19,True,0.43040935672514624,0.7894736842105263,0.470861478386833,1.058277043226334
552,0.0,19,True,0.6,1.0,1.0,0.0
553,0.0,19,True,0.49122807017543857,0.9473684210526315,0.7025277510807104,0.2974722489192896
554,0.0,19,True,0.2686159844054581,0.3684210526315789,0.13071292461933426,2.6078612261419973
555,0.0,19,True,0.42417153996101364,0.7368421052631579,0.16852561199027072,0.8314743880097293
556,0.0,19,True,0.4132553606237817,0.6842105263157895,0.35250246264226515,1.2949950747154697
557,0.0,19,True,0.3278752436647174,0.3157894736842105,0.15754778182379925,2.3650623812953038
558,0.0,19,True,0.46627680311890835,0.8421052631578947,0.5602467695939968,0.8795064608120066
559,0.0,19,True,0.47719298245614034,0.8421052631578947,0.37075077614396545,0.6292492238560345
560,0.0,19,True,0.4140350877192983,0.6842105263157895,0.24936273490419725,1.189731916820733
561,0.0,19,True,0.39649122807017545,0.47368421052631576,0.21409410126225947,1.8248169862168622
562,0.0,19,True,0.4935672514619883,0.631578947368421,0.050547984612051566,0.9494520153879484
563,0.0,19,True,0.571150097465887,0.8947368421052632,0.6272947035832889,0.5907239186406502
564,0.0,19,True,0.3777777777777778,0.47368421052631576,0.25838690151454435,1.4832261969709113
565,0.05263157894736842,18,True,0.29891067538126365,0.2777777777777778,0.0936196616408369,2.3718956694089637
566,0.05263157894736842,18,True,0.5154684095860567,0.8333333333333334,0.470861478386833,0.8030717273241024
567,0.0,19,True,0.47914230019493176,0.7368421052631579,0.4240799522429881,1.3372449392958772
568,0.0,19,True,0.445224171539961,0.8421052631578947,0.5602467695939968,0.8795064608120066
569,0.0,19,True,0.3617933723196881,0.42105263157894735,0.17110427909453796,2.1426643555488485
570,0.0,19,True,0.48031189083820663,0.8421052631578947,0.5115068636860557,0.7742433029172697
571,0.0,19,True,0.39766081871345027,0.7368421052631579,0.4240799522429881,1.3372449392958772
572,0.9473684210526315,1,False,,,,
573,0.0,19,True,0.32280701754385965,0.3684210526315789,0.1479243275641523,2.39207883297832
574,0.0,19,True,0.4896686159844055,0.7894736842105263,0.4988905110011538,1.1635402011210707
575,0.0,19,True,0.4323586744639376,0.6842105263157895,0.3197363442781459,1.3605273114437082
576,0.0,19,True,0.30955165692007797,0.3684210526315789,0.13070895485323641,2.2470847539170853
577,0.0,19,True,0.4038986354775828,0.631578947368421,0.3308728090528291,1.8784775129881184
578,0.0,19,True,0.46705653021442495,0.8421052631578947,0.5602467695939968,0.8795064608120066
579,0.0,19,True,0.8432748538011696,0.8947368421052632,0.6272947035832889,0.5907239186406502
580,0.0,19,True,0.33567251461988307,0.47368421052631576,0.18585266116365706,2.2856005389623073
581,0.0,19,True,0.45614035087719296,0.631578947368421,0.3293970672908122,1.7334834339268832
582,0.0,19,True,0.5988304093567252,0.7894736842105263,0.2575124304578764,0.7424875695421236
583,0.0,19,True,0.4713450292397661,0.8947368421052632,0.6272947035832889,0.5907239186406502
584,0.0,19,True,0.5715399610136452,0.8947368421052632,0.6272947035832889,0.5907239186406502
585,0.0,19,True,0.5578947368421052,0.9473684210526315,0.7025277510807104,0.2974722489192896
586,0.0,19,True,0.5029239766081871,0.7894736842105263,0.42378260447830396,0.9132829641650988
587,0.0,19,True,0.34385964912280703,0.5789473684210527,0.2867214920979325,2.1398355237062026
588,0.0,19,True,0.6035087719298246,0.9473684210526315,0.7025277510807104,0.2974722489192896
589,0.0,19,True,0.3539961013645224,0.7368421052631579,0.44196169314325406,1.442508097190614
590,0.0,19,True,0.31851851851851853,0.42105263157894735,0.1805153902556471,2.4584538292330587
591,0.0,19,True,0.3434697855750487,0.6842105263157895,0.38873147359769233,1.716047706294417
592,0.0,19,True,0.39415204678362575,0.5789473684210527,0.29436266502391517,1.8240460500219924
593,0.0,19,True,0.4569200779727095,0.631578947368421,0.31364651914901476,1.3727069617019705
594,0.0,19,True,0.5649122807017544,0.9473684210526315,0.7025277510807104,0.2974722489192896
595,0.0,19,True,0.36959064327485375,0.42105263157894735,0.16315629602638737,2.1632095937363847
596,0.0,19,True,0.3758284600389864,0.5789473684210527,0.29436266502391517,1.8240460500219924
597,0.0,19,True,0.46159844054580895,0.631578947368421,0.3269868938901337,1.562688039303908
598,0.0,19,True,0.46510721247563347,0.8421052631578947,0.5602467695939968,0.8795064608120066
599,0.8421052631578947,3,False,,,,
600,0.8421052631578947,3,False,,,,
601,0.8421052631578947,3,False,,,,
602,0.8421052631578947,3,False,,,,
603,0.9473684210526315,1,False,,,,
604,0.9473684210526315,1,False,,,,
605,0.9473684210526315,1,False,,,,
606,0.9473684210526315,1,False,,,,
607,0.9473684210526315,1,False,,,,
608,0.9473684210526315,1,False,,,,
609,0.9473684210526315,1,False,,,,
610,0.9473684210526315,1,False,,,,
611,0.9473684210526315,1,False,,,,
612,0.9473684210526315,1,False,,,,
613,0.9473684210526315,1,False,,,,
614,0.9473684210526315,1,False,,,,
615,0.9473684210526315,1,False,,,,
616,0.9473684210526315,1,False,,,,
617,0.9473684210526315,1,False,,,,
618,0.9473684210526315,1,False,,,,
619,0.9473684210526315,1,False,,,,
620,0.9473684210526315,1,False,,,,
621,0.9473684210526315,1,False,,,,
622,0.9473684210526315,1,False,,,,
623,0.9473684210526315,1,False,,,,
624,0.9473684210526315,1,False,,,,
625,0.9473684210526315,1,False,,,,
626,0.9473684210526315,1,False,,,,
627,0.9473684210526315,1,False,,,,
628,0.9473684210526315,1,False,,,,
629,0.9473684210526315,1,False,,,,
630,0.9473684210526315,1,False,,,,
631,0.9473684210526315,1,False,,,,
632,0.9473684210526315,1,False,,,,
633,0.9473684210526315,1,False,,,,
634,0.9473684210526315,1,False,,,,
635,0.9473684210526315,1,False,,,,
636,0.9473684210526315,1,False,,,,
637,0.9473684210526315,1,False,,,,
638,0.10526315789473684,17,True,0.4764705882352941,0.7058823529411765,0.27128755929541437,1.086312840741288
639,0.10526315789473684,17,True,0.46519607843137256,0.7058823529411765,0.28165251935609237,1.321606958388347
640,0.10526315789473684,17,True,0.39362745098039215,0.7058823529411765,0.31402704890353805,1.439254017211876
641,0.10526315789473684,17,True,0.3122549019607843,0.5294117647058824,0.20919571487351973,1.9386790169573505
642,0.9473684210526315,1,False,,,,
643,0.9473684210526315,1,False,,,,
644,0.9473684210526315,1,False,,,,
645,0.9473684210526315,1,False,,,,
646,0.9473684210526315,1,False,,,,
647,0.9473684210526315,1,False,,,,
648,0.9473684210526315,1,False,,,,
649,0.9473684210526315,1,False,,,,
650,0.9473684210526315,1,False,,,,
651,0.9473684210526315,1,False,,,,
652,0.9473684210526315,1,False,,,,
653,0.9473684210526315,1,False,,,,
654,0.9473684210526315,1,False,,,,
655,0.9473684210526315,1,False,,,,
656,0.9473684210526315,1,False,,,,
657,0.9473684210526315,1,False,,,,
658,0.9473684210526315,1,False,,,,
659,0.9473684210526315,1,False,,,,
660,0.9473684210526315,1,False,,,,
661,0.9473684210526315,1,False,,,,
662,0.9473684210526315,1,False,,,,
663,0.9473684210526315,1,False,,,,
664,0.9473684210526315,1,False,,,,
665,0.9473684210526315,1,False,,,,
666,0.9473684210526315,1,False,,,,
667,0.9473684210526315,1,False,,,,
668,0.9473684210526315,1,False,,,,
669,0.9473684210526315,1,False,,,,
670,0.9473684210526315,1,False,,,,
671,0.9473684210526315,1,False,,,,
672,0.9473684210526315,1,False,,,,
673,0.9473684210526315,1,False,,,,
674,0.9473684210526315,1,False,,,,
675,0.9473684210526315,1,False,,,,
676,0.9473684210526315,1,False,,,,
677,0.9473684210526315,1,False,,,,
678,0.9473684210526315,1,False,,,,
679,0.9473684210526315,1,False,,,,
680,0.9473684210526315,1,False,,,,
681,0.9473684210526315,1,False,,,,
682,0.9473684210526315,1,False,,,,
683,0.9473684210526315,1,False,,,,
684,0.0,19,True,0.4510721247563353,0.631578947368421,0.31402704890353816,1.7732143550933814
685,0.0,19,True,0.3594541910331384,0.47368421052631576,0.21465505822008046,2.0300872246321315
686,0.0,19,True,0.484990253411306,0.8947368421052632,0.6272947035832889,0.5907239186406502
687,0.0,19,True,0.4089668615984406,0.42105263157894735,0.11864889982751314,1.7627022003449737
688,0.0,19,True,0.5360623781676414,0.7894736842105263,0.470861478386833,1.058277043226334
689,0.7894736842105263,4,False,,,,
690,0.8421052631578947,3,False,,,,
691,0.8947368421052632,2,False,,,,
692,0.8947368421052632,2,False,,,,
693,0.8947368421052632,2,False,,,,
694,0.8947368421052632,2,False,,,,
695,0.9473684210526315,1,False,,,,
696,0.9473684210526315,1,False,,,,
697,0.9473684210526315,1,False,,,,
698,0.9473684210526315,1,False,,,,
699,0.9473684210526315,1,False,,,,
700,0.9473684210526315,1,False,,,,
701,0.9473684210526315,1,False,,,,
702,0.9473684210526315,1,False,,,,
703,0.9473684210526315,1,False,,,,
704,0.9473684210526315,1,False,,,,
705,0.9473684210526315,1,False,,,,
706,0.9473684210526315,1,False,,,,
707,0.9473684210526315,1,False,,,,
708,0.9473684210526315,1,False,,,,
709,0.9473684210526315,1,False,,,,
710,0.10526315789473684,17,True,0.6475490196078432,0.8823529411764706,0.470861478386833,0.6402064333604701
711,0.10526315789473684,17,True,0.6122549019607842,0.8823529411764706,0.470861478386833,0.6402064333604701
712,0.10526315789473684,17,True,0.3578431372549019,0.5294117647058824,0.18980179399215247,2.1739731346044096
713,0.7368421052631579,5,True,0.3466666666666667,0.8,0.3555333547974129,0.7219280948873623
714,0.7368421052631579,5,True,0.3333333333333333,0.6,0.403874569882679,1.3709505944546687
715,0.7368421052631579,5,True,0.23333333333333334,0.4,0.4240799522429881,1.9219280948873623
716,0.7368421052631579,5,True,0.4266666666666667,0.8,0.3555333547974129,0.7219280948873623
717,0.7368421052631579,5,True,0.4266666666666667,0.8,0.3555333547974129,0.7219280948873623
718,0.7368421052631579,5,True,0.33999999999999997,0.6,0.403874569882679,1.3709505944546687
719,0.7368421052631579,5,True,0.26666666666666666,0.4,0.4240799522429881,1.9219280948873623
720,0.8421052631578947,3,False,,,,
721,0.8421052631578947,3,False,,,,
722,0.8421052631578947,3,False,,,,
723,0.8421052631578947,3,False,,,,
724,0.8421052631578947,3,False,,,,
725,0.8421052631578947,3,False,,,,
726,0.8421052631578947,3,False,,,,
727,0.8421052631578947,3,False,,,,
728,0.8947368421052632,2,False,,,,
729,0.8947368421052632,2,False,,,,
730,0.8947368421052632,2,False,,,,
731,0.8947368421052632,2,False,,,,
732,0.8947368421052632,2,False,,,,
733,0.8947368421052632,2,False,,,,
734,0.8947368421052632,2,False,,,,
735,0.9473684210526315,1,False,,,,
736,0.8947368421052632,2,False,,,,
737,0.8947368421052632,2,False,,,,
738,0.8947368421052632,2,False,,,,
739,0.8947368421052632,2,False,,,,
740,0.8947368421052632,2,False,,,,
741,0.8947368421052632,2,False,,,,
742,0.8947368421052632,2,False,,,,
743,0.8947368421052632,2,False,,,,
744,0.9473684210526315,1,False,,,,
745,0.9473684210526315,1,False,,,,
746,0.9473684210526315,1,False,,,,
747,0.9473684210526315,1,False,,,,
748,0.9473684210526315,1,False,,,,
749,0.9473684210526315,1,False,,,,
750,0.9473684210526315,1,False,,,,
751,0.9473684210526315,1,False,,,,
752,0.9473684210526315,1,False,,,,
753,0.9473684210526315,1,False,,,,
754,0.9473684210526315,1,False,,,,
755,0.9473684210526315,1,False,,,,
756,0.9473684210526315,1,False,,,,
757,0.9473684210526315,1,False,,,,
758,0.9473684210526315,1,False,,,,
759,0.9473684210526315,1,False,,,,
760,0.9473684210526315,1,False,,,,
761,0.9473684210526315,1,False,,,,
762,0.9473684210526315,1,False,,,,
763,0.9473684210526315,1,False,,,,
764,0.9473684210526315,1,False,,,,
765,0.9473684210526315,1,False,,,,
766,0.9473684210526315,1,False,,,,
767,0.9473684210526315,1,False,,,,
768,0.9473684210526315,1,False,,,,
769,0.9473684210526315,1,False,,,,
770,0.9473684210526315,1,False,,,,
771,0.9473684210526315,1,False,,,,
772,0.9473684210526315,1,False,,,,
773,0.9473684210526315,1,False,,,,
774,0.8947368421052632,2,False,,,,
775,0.8947368421052632,2,False,,,,
776,0.8947368421052632,2,False,,,,
777,0.8421052631578947,3,False,,,,
778,0.8421052631578947,3,False,,,,
779,0.7894736842105263,4,False,,,,
780,0.7894736842105263,4,False,,,,
781,0.15789473684210525,16,True,0.33444444444444443,0.625,0.2502376437826137,1.9237949406953985
782,0.15789473684210525,16,True,0.29333333333333333,0.5,0.17056421755728335,2.375
783,0.15789473684210525,16,True,0.36444444444444446,0.5625,0.18585266116365706,1.9669171866886992
784,0.15789473684210525,16,True,0.4072222222222222,0.625,0.2362832736567574,1.7987949406953985
785,0.15789473684210525,16,True,0.38722222222222225,0.625,0.21129967947546247,1.6737949406953985
786,0.15789473684210525,16,True,0.335,0.5625,0.2030454343809852,2.091917186688699
787,0.10526315789473684,17,True,0.3921568627450981,0.5882352941176471,0.23699400339378085,2.0157404324930677
788,0.0,19,True,0.27914230019493175,0.42105263157894735,0.1648695505519855,2.7742433029172693
789,0.0,19,True,0.47251461988304094,0.8421052631578947,0.5602467695939968,0.8795064608120066
790,0.0,19,True,0.39220272904483433,0.631578947368421,0.2987636957331653,1.6282202760321463
791,0.0,19,True,0.284990253411306,0.5263157894736842,0.2362832736567574,2.1440239107574226
792,0.0,19,True,0.47992202729044836,0.8421052631578947,0.5602467695939968,0.8795064608120066
793,0.0,19,True,0.3115009746588694,0.5263157894736842,0.2362832736567574,2.1440239107574226
794,0.0,19,True,0.5500974658869395,0.7894736842105263,0.4988905110011538,1.1635402011210707
795,0.0,19,True,0.6666666666666666,1.0,1.0,0.0
796,0.0,19,True,0.3563352826510721,0.5789473684210527,0.26901133528123755,1.8895782867502309
797,0.0,19,True,0.48771929824561405,0.47368421052631576,0.21459298285888773,1.2448406699719212
798,0.0,19,True,0.5789473684210527,0.9473684210526315,0.7025277510807104,0.2974722489192896
799,0.0,19,True,0.31500974658869396,0.47368421052631576,0.20304543438098532,2.390863696857044
800,0.0,19,True,0.49902534113060426,0.5789473684210527,0.018059213135902308,0.9819407868640977
801,0.0,19,True,0.6,1.0,1.0,0.0
802,0.0,19,True,0.4253411306042885,0.5263157894736842,0.25962632736662017,2.078491674029184
803,0.0,19,True,0.4331384015594542,0.5263157894736842,0.21101139994137996,1.57797720011724
804,0.0,19,True,0.5052631578947369,0.9473684210526315,0.7025277510807104,0.2974722489192896
805,0.0,19,True,0.4842105263157895,0.47368421052631576,0.21459298285888773,1.2448406699719212
806,0.0,19,True,0.3286549707602339,0.47368421052631576,0.1818816931582794,2.114805144339332
807,0.0,19,True,0.33294346978557504,0.3157894736842105,0.1452270016028332,2.209556147485661
808,0.0,19,True,0.5263157894736843,0.9473684210526315,0.7025277510807104,0.2974722489192896
809,0.0,19,True,0.3641325536062378,0.42105263157894735,0.24545096392396826,1.9504809632118367
810,0.0,19,True,0.33216374269005844,0.5263157894736842,0.2502376437826137,2.249287068652159
811,0.0,19,True,0.35789473684210527,0.5789473684210527,0.2597604999432016,1.7187828921272554
812,0.0,19,True,0.38557504873294346,0.631578947368421,0.2987636957331653,1.6282202760321463
813,0.0,19,True,0.4389863547758285,0.7894736842105263,0.4988905110011538,1.1635402011210707
814,0.0,19,True,0.40506822612085774,0.47368421052631576,0.21409410126225947,1.8248169862168622
815,0.0,19,True,0.48888888888888893,0.7894736842105263,0.4988905110011538,1.1635402011210707
816,0.0,19,True,0.40623781676413256,0.5789473684210527,0.12691452647336954,1.383807735464083
817,0.0,19,True,0.2713450292397661,0.2631578947368421,0.06446242911789901,2.965583935727781
818,0.0,19,True,0.3317738791423002,0.5789473684210527,0.2536413168939634,1.929309207916729
819,0.0,19,True,0.4343079922027291,0.7368421052631579,0.4240799522429881,1.3372449392958772
820,0.0,19,True,0.341130604288499,0.47368421052631576,0.2393728467500651,2.1353503825268683
821,0.8421052631578947,3,False,,,,
822,0.7894736842105263,4,False,,,,
823,0.0,19,True,0.3925925925925926,0.5789473684210527,0.26901133528123755,1.8895782867502309
824,0.0,19,True,0.3816764132553606,0.42105263157894735,0.13080188868938503,2.0182155146751497
825,0.0,19,True,0.45302144249512666,0.8421052631578947,0.5602467695939968,0.8795064608120066
826,0.0,19,True,0.519298245614035,0.9473684210526315,0.7025277510807104,0.2974722489192896
827,0.0,19,True,0.29317738791423,0.3157894736842105,0.06969896012382748,2.404793302461803
828,0.0,19,True,0.4335282651072125,0.631578947368421,0.3269868938901338,1.5626880393039078
829,0.0,19,True,0.4600389863547758,0.8421052631578947,0.5602467695939968,0.8795064608120066
830,0.0,19,True,0.3953216374269006,0.5263157894736842,0.23199713097962404,1.7832474385325099
831,0.0,19,True,0.5450292397660819,0.8421052631578947,0.37075077614396545,0.6292492238560345
832,0.0,19,True,0.5789473684210527,0.9473684210526315,0.7025277510807104,0.2974722489192896
833,0.0,19,True,0.42884990253411304,0.7368421052631579,0.3141871168274789,1.086987702339905
834,0.0,19,True,0.3906432748538011,0.7894736842105263,0.39871518417755814,0.9530138853315971
835,0.0,19,True,0.6666666666666666,1.0,1.0,0.0
836,0.0,19,True,0.5789473684210527,0.9473684210526315,0.7025277510807104,0.2974722489192896
837,0.0,19,True,0.4631578947368421,0.47368421052631576,0.21459298285888773,1.2448406699719212
838,0.0,19,True,0.5005847953216375,0.5789473684210527,0.26901133528123755,1.8895782867502309
839,0.0,19,True,0.4046783625730994,0.5263157894736842,0.2750678362011758,1.683240358011977
840,0.0,19,True,0.5029239766081871,0.6842105263157895,0.10025624130173738,0.8997437586982626
841,0.0,19,True,0.5789473684210527,0.9473684210526315,0.7025277510807104,0.2974722489192896
842,0.0,19,True,0.3961013645224172,0.631578947368421,0.3293970672908122,1.7334834339268832
843,0.0,19,True,0.4580896686159844,0.7368421052631579,0.4240799522429881,1.3372449392958772
844,0.0,19,True,0.5052631578947369,0.9473684210526315,0.7025277510807104,0.2974722489192896
845,0.0,19,True,0.44405458089668615,0.6842105263157895,0.368718405808535,1.4657904693384451
846,0.0,19,True,0.31072124756335284,0.47368421052631576,0.18980179399215258,2.4305946180235423
847,0.0,19,True,0.47758284600389866,0.7894736842105263,0.470861478386833,1.058277043226334
848,0.0,19,True,0.519298245614035,0.9473684210526315,0.7025277510807104,0.2974722489192896
849,0.0,19,True,0.40662768031189084,0.7368421052631579,0.4240799522429881,1.3372449392958772
850,0.0,19,True,0.3138401559454191,0.47368421052631576,0.20000510083358602,2.245869617795809
851,0.0,19,True,0.46471734892787525,0.5789473684210527,0.018059213135902308,0.9819407868640977
852,0.0,19,True,0.6799220272904484,0.8947368421052632,0.5145392392540866,0.4854607607459134
853,0.0,19,True,0.49902534113060426,0.7894736842105263,0.39871518417755814,0.9530138853315971
854,0.0,19,True,0.4152046783625731,0.631578947368421,0.31402704890353805,1.7732143550933817
855,0.0,19,True,0.4576998050682261,0.631578947368421,0.2987636957331652,1.6282202760321465
856,0.0,19,True,0.30058479532163745,0.3684210526315789,0.11746928423050129,2.647592147308496
857,0.0,19,True,0.27563352826510723,0.5263157894736842,0.2362832736567574,2.1440239107574226
858,0.0,19,True,0.2970760233918128,0.3157894736842105,0.10854486060238244,2.8258459340407494
859,0.0,19,True,0.24990253411306043,0.2631578947368421,0.08952984941864506,2.8861220933947838
860,0.8421052631578947,3,False,,,,
861,0.9473684210526315,1,False,,,,
862,0.9473684210526315,1,False,,,,
863,0.9473684210526315,1,False,,,,
864,0.9473684210526315,1,False,,,,
865,0.9473684210526315,1,False,,,,
866,0.9473684210526315,1,False,,,,
867,0.9473684210526315,1,False,,,,
868,0.9473684210526315,1,False,,,,
869,0.9473684210526315,1,False,,,,
870,0.9473684210526315,1,False,,,,
871,0.9473684210526315,1,False,,,,
872,0.9473684210526315,1,False,,,,
873,0.9473684210526315,1,False,,,,
874,0.9473684210526315,1,False,,,,
875,0.9473684210526315,1,False,,,,
876,0.9473684210526315,1,False,,,,
877,0.9473684210526315,1,False,,,,
878,0.9473684210526315,1,False,,,,
879,0.9473684210526315,1,False,,,,
880,0.9473684210526315,1,False,,,,
881,0.0,19,True,0.37465886939571147,0.47368421052631576,0.21465505822008046,2.0300872246321315
882,0.05263157894736842,18,True,0.3054466230936819,0.5555555555555556,0.2446883927462009,2.2132982820604443
883,0.05263157894736842,18,True,0.3416122004357298,0.5555555555555556,0.2266696978627366,1.7960885595978366
884,0.05263157894736842,18,True,0.40522875816993464,0.5555555555555556,0.25962632736662017,1.879964948727111
885,0.0,19,True,0.26744639376218327,0.3157894736842105,0.10854486060238244,2.8258459340407494
886,0.0,19,True,0.28966861598440546,0.3684210526315789,0.12270902131760231,2.462867147080762
887,0.0,19,True,0.29785575048732943,0.47368421052631576,0.25334307806277934,1.930080144111599
888,0.0,19,True,0.34658869395711506,0.42105263157894735,0.1919537021102833,2.2684727516311214
889,0.0,19,True,0.2916179337231969,0.2631578947368421,0.0966431262007984,2.710070621397605
890,0.0,19,True,0.4226120857699805,0.47368421052631576,0.14022308583893728,1.7195538283221254
891,0.0,19,True,0.3313840155945419,0.5789473684210527,0.2752707006065839,2.034572365811466
892,0.0,19,True,0.9298245614035088,0.9473684210526315,0.7025277510807104,0.2974722489192896
893,0.0,19,True,0.5263157894736843,0.9473684210526315,0.7025277510807104,0.2974722489192896
894,0.0,19,True,0.45497076023391814,0.7368421052631579,0.3840091092994298,1.2319817814011405
895,0.0,19,True,0.4619883040935672,0.6842105263157895,0.368718405808535,1.4657904693384451
896,0.0,19,True,0.4814814814814815,0.8421052631578947,0.5602467695939968,0.8795064608120066
897,0.0,19,True,0.4413255360623782,0.5789473684210527,0.11480970823935288,1.402993418443045
898,0.0,19,True,0.5052631578947369,0.9473684210526315,0.7025277510807104,0.2974722489192896
899,0.0,19,True,0.6011695906432749,0.7894736842105263,0.4988905110011538,1.1635402011210707
900,0.0,19,True,0.29902534113060425,0.47368421052631576,0.19725171154555354,2.075074223172834
901,0.0,19,True,0.6510721247563354,0.8947368421052632,0.6272947035832889,0.5907239186406502
902,0.0,19,True,0.6701754385964912,0.9473684210526315,0.7025277510807104,0.2974722489192896
903,0.0,19,True,0.3715399610136452,0.631578947368421,0.3308728090528291,1.8784775129881184
904,0.0,19,True,0.3423001949317739,0.5263157894736842,0.23665100921813997,1.9732285161344476
905,0.9473684210526315,1,False,,,,
906,0.9473684210526315,1,False,,,,
907,0.9473684210526315,1,False,,,,
908,0.9473684210526315,1,False,,,,
909,0.9473684210526315,1,False,,,,
910,0.0,19,True,0.3282651072124756,0.5263157894736842,0.2362832736567574,2.1440239107574226
911,0.0,19,True,0.30838206627680315,0.5789473684210527,0.2867214920979323,2.139835523706203
912,0.0,19,True,0.46042884990253413,0.5789473684210527,0.28560263299760746,1.428794734004785
913,0.0,19,True,0.5294346978557505,0.8421052631578947,0.5602467695939968,0.8795064608120066
914,0.0,19,True,0.3988304093567251,0.5263157894736842,0.2750678362011758,1.683240358011977
915,0.10526315789473684,17,True,0.4264705882352941,0.8235294117647058,0.3840091092994298,0.8343470230852537
916,0.05263157894736842,18,True,0.44880174291938996,0.8333333333333334,0.4988905110011538,0.9141828384352135
917,0.05263157894736842,18,True,0.5193899782135076,0.8888888888888888,0.5115068636860557,0.5032583347756457
918,0.05263157894736842,18,True,0.6,1.0,0.7025277510807104,0.0
919,0.05263157894736842,18,True,0.37342047930283223,0.5,0.21465505822008046,1.8288713632524445
920,0.05263157894736842,18,True,0.39128540305010895,0.6111111111111112,0.2894231402765127,1.7916674843771045
921,0.05263157894736842,18,True,0.41132897603485835,0.5555555555555556,0.23199713097962404,1.5683182557028439
922,0.05263157894736842,18,True,0.28714596949891064,0.5,0.20002593917380795,2.3627402784989338
923,0.05263157894736842,18,True,0.31808278867102396,0.4444444444444444,0.20875469682471393,2.1916116417513782
924,0.05263157894736842,18,True,0.3599128540305011,0.5,0.25334307806277945,1.7233083338141042
925,0.05263157894736842,18,True,0.4854030501089325,0.8333333333333334,0.470861478386833,0.8030717273241024
926,0.05263157894736842,18,True,0.47581699346405226,0.8888888888888888,0.5602467695939968,0.6143694458867568
927,0.05263157894736842,18,True,0.674074074074074,0.9444444444444444,0.6272947035832889,0.3095434291503252
928,0.05263157894736842,18,True,0.5254901960784314,0.5,0.25838690151454435,1.2516291673878228
929,0.05263157894736842,18,True,0.322875816993464,0.4444444444444444,0.15867131134623425,2.350209029099897
930,0.05263157894736842,18,True,0.371677559912854,0.6111111111111112,0.2536413168939634,1.7224945678306305
931,0.9473684210526315,1,False,,,,
932,0.05263157894736842,18,True,0.3708061002178649,0.5555555555555556,0.21129967947546247,1.8380267541624737
933,0.05263157894736842,18,True,0.3389978213507625,0.5555555555555556,0.2221308339868283,1.991076059838222
934,0.05263157894736842,18,True,0.36775599128540304,0.5,0.17190038180287592,1.945530556036326
935,0.05263157894736842,18,True,0.4178649237472767,0.6666666666666666,0.3293970672908122,1.5157895841746822
936,0.05263157894736842,18,True,0.5777777777777778,0.9444444444444444,0.6272947035832889,0.3095434291503252
937,0.05263157894736842,18,True,0.5241830065359477,0.8333333333333334,0.470861478386833,0.8030717273241024
938,0.05263157894736842,18,True,0.4400871459694989,0.7222222222222222,0.3768634756015604,1.3862740938959681
939,0.05263157894736842,18,True,0.3010893246187364,0.4444444444444444,0.14575294935186045,2.016875695766564
940,0.05263157894736842,18,True,0.4753812636165577,0.8888888888888888,0.5602467695939968,0.6143694458867568
941,0.05263157894736842,18,True,0.543355119825708,0.7222222222222222,0.368718405808535,1.2332247882202196
942,0.05263157894736842,18,True,0.32505446623093687,0.4444444444444444,0.17056421755728324,2.4613201402110083
943,0.05263157894736842,18,True,0.4749455337690632,0.8888888888888888,0.5602467695939968,0.6143694458867568
944,0.05263157894736842,18,True,0.46230936819172114,0.5555555555555556,0.21262228529006166,1.6158045319402516
945,0.05263157894736842,18,True,0.35381263616557734,0.6111111111111112,0.2894231402765127,1.7916674843771045
946,0.05263157894736842,18,True,0.34901960784313724,0.4444444444444444,0.2275769429533877,1.9749375012019268
947,0.05263157894736842,18,True,0.41655773420479303,0.6111111111111112,0.23153730178623289,1.5694452621548822
948,0.05263157894736842,18,True,0.5734204793028322,0.8888888888888888,0.5602467695939968,0.6143694458867568
949,0.05263157894736842,18,True,0.2627450980392157,0.2777777777777778,0.12081271666233695,2.768853837616
950,0.05263157894736842,18,True,0.3625272331154684,0.6111111111111112,0.2867214920979325,1.9447167900528528
951,0.05263157894736842,18,True,0.43224400871459695,0.7777777777777778,0.4240799522429881,1.0975378398419535
952,0.05263157894736842,18,True,0.34335511982570804,0.5,0.18585266116365706,2.098579861712074
953,0.05263157894736842,18,True,0.5084967320261438,0.8333333333333334,0.4988905110011538,0.9141828384352135
954,0.0,19,True,0.42923976608187137,0.7894736842105263,0.4988905110011538,1.1635402011210707
955,0.0,19,True,0.4101364522417154,0.5263157894736842,0.2199270264698785,1.2363864108712896
956,0.0,19,True,0.3274853801169591,0.5789473684210527,0.231537301786233,1.784315128855494
957,0.0,19,True,0.49785575048732944,0.8421052631578947,0.5602467695939968,0.8795064608120066
958,0.0,19,True,0.458869395711501,0.5789473684210527,0.23559909273734103,1.528801814525318
959,0.0,19,True,0.36686159844054583,0.47368421052631576,0.19725171154555354,2.075074223172834
960,0.0,19,True,0.495906432748538,0.7894736842105263,0.4988905110011538,1.1635402011210707
961,0.0,19,True,0.3723196881091618,0.5789473684210527,0.2752707006065839,2.034572365811466
962,0.0,19,True,0.5076023391812865,0.8421052631578947,0.5115068636860557,0.7742433029172697
963,0.0,19,True,0.30955165692007797,0.47368421052631576,0.20002593917380795,2.535857775918279
964,0.0,19,True,0.3103313840155945,0.47368421052631576,0.20304543438098532,2.390863696857044
965,0.0,19,True,0.3992202729044834,0.631578947368421,0.3269868938901337,1.562688039303908
966,0.0,19,True,0.5001949317738792,0.8421052631578947,0.5602467695939968,0.8795064608120066
967,0.0,19,True,0.30097465886939573,0.2631578947368421,0.0702766079309739,2.6100635408770723
968,0.0,19,True,0.3621832358674464,0.5263157894736842,0.2502376437826136,2.2492870686521593
969,0.0,19,True,0.4128654970760234,0.6842105263157895,0.3197363442781458,1.3605273114437084
970,0.0,19,True,0.32046783625730996,0.3684210526315789,0.17896948742206487,2.6026051487677933
971,0.05263157894736842,18,True,0.3655773420479303,0.3888888888888889,0.20088836321582537,2.216521698179525
972,0.05263157894736842,18,True,0.34466230936819175,0.5555555555555556,0.21129967947546247,1.8380267541624737
973,0.05263157894736842,18,True,0.4570806100217865,0.6666666666666666,0.3269868938901338,1.3355055565170972
974,0.05263157894736842,18,True,0.3952069716775599,0.5,0.1818816931582793,1.9182958340544893
975,0.05263157894736842,18,True,0.35773420479302837,0.6111111111111112,0.2867214920979323,1.9447167900528528
976,0.05263157894736842,18,True,0.2644880174291939,0.3888888888888889,0.11746928423050129,2.4806821149663847
977,0.05263157894736842,18,True,0.3363834422657952,0.5555555555555556,0.2446883927462009,2.2132982820604443
978,0.05263157894736842,18,True,0.2984749455337691,0.4444444444444444,0.1580305074069105,2.503258334775645
979,0.05263157894736842,18,True,0.2840958605664488,0.4444444444444444,0.1648695505519855,2.614369445886757
980,0.05263157894736842,18,True,0.2797385620915033,0.2777777777777778,0.07304702149998421,2.6213526136130225
981,0.05263157894736842,18,True,0.2766884531590414,0.3333333333333333,0.10854486060238244,2.6688388898504303
982,0.5789473684210527,8,True,0.21666666666666667,0.25,0.2752707006065839,2.5
983,0.8947368421052632,2,False,,,,
984,0.8947368421052632,2,False,,,,
985,0.8947368421052632,2,False,,,,
986,0.8421052631578947,3,False,,,,
987,0.7894736842105263,4,False,,,,
988,0.05263157894736842,18,True,0.3917211328976035,0.6111111111111112,0.26901133528123766,1.6805563732659934
989,0.05263157894736842,18,True,0.30806100217864923,0.4444444444444444,0.20875469682471393,2.1916116417513782
990,0.05263157894736842,18,True,0.24880174291938997,0.2777777777777778,0.08189824177870186,3.0385623360756298
991,0.05263157894736842,18,True,0.2383442265795207,0.2777777777777778,0.0755829127220643,2.9274512249645186
992,0.05263157894736842,18,True,0.3564270152505447,0.5,0.19725171154555354,1.8763576394898522
993,0.0,19,True,0.2721247563352826,0.47368421052631576,0.20002593917380795,2.535857775918279
994,0.0,19,True,0.37465886939571147,0.3684210526315789,0.15606028459591426,2.1815525171888464
995,0.0,19,True,0.28732943469785577,0.47368421052631576,0.20002593917380773,2.53585777591828
996,0.0,19,True,0.28226120857699805,0.3157894736842105,0.1434097975389519,2.7153266987718085
997,0.0,19,True,0.5309941520467836,0.8947368421052632,0.6272947035832889,0.5907239186406502
998,0.0,19,True,0.34074074074074073,0.3157894736842105,0.1452675946905575,2.3995372250875984
999,0.0,19,True,0.3044834307992203,0.47368421052631576,0.18585266116365706,2.2856005389623073
1000,0.0,19,True,0.24522417153996104,0.2631578947368421,0.09531008166021682,3.0053148568942794
1001,0.0,19,True,0.44015594541910324,0.7368421052631579,0.403874569882679,1.192250860234642
1002,0.0,19,True,0.36881091617933726,0.5789473684210527,0.24864847816330582,1.7445842076889957
1003,0.05263157894736842,18,True,0.4278867102396514,0.5555555555555556,0.26942437427994104,1.6794293668139548
1004,0.05263157894736842,18,True,0.2901960784313725,0.4444444444444444,0.1648695505519856,2.614369445886757
1005,0.05263157894736842,18,True,0.4366013071895425,0.8333333333333334,0.470861478386833,0.8030717273241024
1006,0.8947368421052632,2,False,,,,
1007,0.05263157894736842,18,True,0.5189542483660131,0.7777777777777778,0.403874569882679,0.9444885341662053
1008,0.05263157894736842,18,True,0.4923747276688453,0.6666666666666666,0.3269868938901338,1.3355055565170972
1009,0.05263157894736842,18,True,0.674074074074074,0.9444444444444444,0.6272947035832889,0.3095434291503252
1010,0.0,19,True,0.2631578947368421,0.47368421052631576,0.20002593917380795,2.535857775918279
1011,0.0,19,True,0.4631578947368421,0.8421052631578947,0.5602467695939968,0.8795064608120066
1012,0.0,19,True,0.34931773879142297,0.5789473684210527,0.29436266502391517,1.8240460500219924
1013,0.0,19,True,0.43469785575048736,0.6842105263157895,0.368718405808535,1.4657904693384451
1014,0.0,19,True,0.42807017543859643,0.5263157894736842,0.23199713097962393,1.78324743853251
1015,0.0,19,True,0.3707602339181287,0.5789473684210527,0.2536413168939634,1.9293092079167293
1016,0.0,19,True,0.3777777777777778,0.42105263157894735,0.09352736187006006,1.81294527625988
1017,0.0,19,True,0.38869395711500976,0.631578947368421,0.31402704890353816,1.7732143550933814
1018,0.0,19,True,0.4569200779727095,0.7894736842105263,0.4988905110011538,1.1635402011210707
1019,0.0,19,True,0.5504873294346979,0.8421052631578947,0.5115068636860557,0.7742433029172697
1020,0.0,19,True,0.2565302144249513,0.3157894736842105,0.0798954342291629,2.7603136973125113
1021,0.0,19,True,0.36608187134502923,0.5263157894736842,0.2362832736567574,2.1440239107574226
1022,0.0,19,True,0.27329434697855753,0.47368421052631576,0.18585266116365706,2.2856005389623073
1023,0.05263157894736842,18,True,0.3917211328976035,0.6666666666666666,0.3293970672908122,1.5157895841746822
1024,0.05263157894736842,18,True,0.2788671023965142,0.3333333333333333,0.10173951313857577,2.5304930567574826
1025,0.0,19,True,0.3419103313840156,0.3684210526315789,0.16207676723408126,2.3523479118118216
1026,0.0,19,True,0.5621832358674463,0.8421052631578947,0.5115068636860557,0.7742433029172697
1027,0.0,19,True,0.3333333333333333,0.5263157894736842,0.23699400339378085,2.2890179898186576
1028,0.0,19,True,0.40974658869395714,0.5263157894736842,0.26942437427994104,1.8885105964272468
1029,0.0,19,True,0.37816764132553604,0.47368421052631576,0.19658386084094503,1.60683227831811
1030,0.05263157894736842,18,True,0.28627450980392155,0.5,0.20002593917380784,2.3627402784989338
1031,0.05263157894736842,18,True,0.29673202614379085,0.3333333333333333,0.09313907461799575,2.557727778739319
1032,0.05263157894736842,18,True,0.2766884531590414,0.5,0.20002593917380795,2.3627402784989338
1033,0.05263157894736842,18,True,0.4522875816993464,0.6111111111111112,0.2962465220098368,1.4108478748063633
1034,0.05263157894736842,18,True,0.39084967320261443,0.6111111111111112,0.2867214920979325,1.9447167900528528
1035,0.05263157894736842,18,True,0.2514161220043573,0.2777777777777778,0.09531008166021704,2.8582783084180448
1036,0.05263157894736842,18,True,0.456644880174292,0.6666666666666666,0.27128755929541437,1.224394445405986
1037,0.05263157894736842,18,True,0.437037037037037,0.3888888888888889,0.14886155039635407,1.7720772537350808
1038,0.05263157894736842,18,True,0.3625272331154684,0.5555555555555556,0.2266696978627366,1.7960885595978366
1039,0.05263157894736842,18,True,0.4143790849673203,0.6666666666666666,0.3308728090528291,1.6688388898504303
1040,0.05263157894736842,18,True,0.31241830065359477,0.3888888888888889,0.11746928423050129,2.4806821149663847
1041,0.05263157894736842,18,True,0.4065359477124183,0.5555555555555556,0.2112996794754627,1.8380267541624737
1042,0.05263157894736842,18,True,0.4252723311546841,0.7222222222222222,0.35250246264226515,1.0529407605626346
1043,0.05263157894736842,18,True,0.7224400871459695,0.8888888888888888,0.5602467695939968,0.6143694458867568
1044,0.05263157894736842,18,True,0.4544662309368192,0.7222222222222222,0.3768634756015603,1.3862740938959681
1045,0.05263157894736842,18,True,0.45620915032679743,0.5555555555555556,0.18087332026436265,1.4152689500270954
1046,0.05263157894736842,18,True,0.3699346405228758,0.6666666666666666,0.3293970672908122,1.5157895841746822
1047,0.05263157894736842,18,True,0.29891067538126365,0.2777777777777778,0.13982148572399833,2.2349849223695104
1048,0.05263157894736842,18,True,0.21263616557734205,0.2777777777777778,0.08754311174854135,2.8855130303998817
1049,0.05263157894736842,18,True,0.38344226579520696,0.5,0.2393728467500651,1.9399824743635556
1050,0.05263157894736842,18,True,0.3869281045751634,0.6111111111111112,0.2894231402765127,1.7916674843771045
1051,0.05263157894736842,18,True,0.2971677559912854,0.5,0.20304543438098532,2.2096909728231857
1052,0.05263157894736842,18,True,0.35076252723311546,0.6111111111111112,0.2867214920979325,1.9447167900528528
1053,0.05263157894736842,18,True,0.4596949891067538,0.5555555555555556,0.23199713097962393,1.5683182557028437
1054,0.05263157894736842,18,True,0.27320261437908494,0.2777777777777778,0.10964435384745297,2.3244093931715555
1055,0.0,19,True,0.40974658869395714,0.5789473684210527,0.2962465220098368,1.6340649724200549
1056,0.0,19,True,0.38869395711500976,0.7368421052631579,0.4240799522429881,1.3372449392958772
1057,0.0,19,True,0.4565302144249513,0.7894736842105263,0.470861478386833,1.058277043226334
1058,0.0,19,True,0.35126705653021445,0.47368421052631576,0.25334307806277934,1.930080144111599
1059,0.0,19,True,0.32280701754385965,0.47368421052631576,0.20494337674621776,2.641120933813016
1060,0.8421052631578947,3,False,,,,
1061,0.8421052631578947,3,False,,,,
1062,0.3684210526315789,12,True,0.4707070707070707,0.75,0.2626406304386867,1.207518749639422
1063,0.10526315789473684,17,True,0.41568627450980394,0.7058823529411765,0.2712875592954145,1.086312840741288
1064,0.10526315789473684,17,True,0.31176470588235294,0.5882352941176471,0.21129967947546247,1.7360411676599221
1065,0.10526315789473684,17,True,0.3745098039215686,0.5882352941176471,0.2221308339868283,1.8980933736695382
1066,0.05263157894736842,18,True,0.37995642701525056,0.6111111111111112,0.2894231402765127,1.7916674843771045
1067,0.0,19,True,0.4456140350877193,0.6842105263157895,0.3768634756015603,1.6107845483996803
1068,0.0,19,True,0.3617933723196881,0.5789473684210527,0.2536413168939634,1.929309207916729
1069,0.0,19,True,0.447953216374269,0.631578947368421,0.2987636957331653,1.6282202760321463
1070,0.05263157894736842,18,True,0.36688453159041395,0.5555555555555556,0.2673721749433876,1.2326602568158205
1071,0.05263157894736842,18,True,0.37821350762527234,0.5555555555555556,0.2362832736567574,1.949137865273585
1072,0.05263157894736842,18,True,0.34509803921568627,0.5,0.2393728467500651,1.9399824743635556
1073,0.05263157894736842,18,True,0.44139433551198254,0.6111111111111112,0.29436266502391517,1.6113834567195195
1074,0.05263157894736842,18,True,0.5416122004357298,0.8888888888888888,0.5602467695939968,0.6143694458867568
1075,0.05263157894736842,18,True,0.3246187363834423,0.5,0.20304543438098532,2.2096909728231857
1076,0.05263157894736842,18,True,0.489760348583878,0.8888888888888888,0.5602467695939968,0.6143694458867568
1077,0.05263157894736842,18,True,0.4248366013071896,0.7222222222222222,0.3768634756015604,1.386274093895968
1078,0.05263157894736842,18,True,0.4923747276688453,0.8333333333333334,0.4988905110011538,0.9141828384352135
1079,0.05263157894736842,18,True,0.5581699346405228,0.8888888888888888,0.5115068636860557,0.5032583347756457
1080,0.05263157894736842,18,True,0.47015250544662307,0.6666666666666666,0.31364651914901476,1.134969974603941
1081,0.05263157894736842,18,True,0.43224400871459695,0.7222222222222222,0.35250246264226515,1.0529407605626346
1082,0.05263157894736842,18,True,0.4666666666666667,0.7222222222222222,0.368718405808535,1.2332247882202196
1083,0.05263157894736842,18,True,0.4339869281045752,0.7222222222222222,0.35250246264226515,1.0529407605626346
1084,0.9473684210526315,1,False,,,,
1085,0.9473684210526315,1,False,,,,
1086,0.9473684210526315,1,False,,,,
1087,0.9473684210526315,1,False,,,,
1088,0.9473684210526315,1,False,,,,
1089,0.9473684210526315,1,False,,,,
1090,0.9473684210526315,1,False,,,,
1091,0.9473684210526315,1,False,,,,
1092,0.9473684210526315,1,False,,,,
1093,0.9473684210526315,1,False,,,,
1094,0.9473684210526315,1,False,,,,
1095,0.9473684210526315,1,False,,,,
1096,0.9473684210526315,1,False,,,,
1097,0.9473684210526315,1,False,,,,
1098,0.9473684210526315,1,False,,,,
1099,0.9473684210526315,1,False,,,,
1100,0.9473684210526315,1,False,,,,
1101,0.9473684210526315,1,False,,,,
1102,0.9473684210526315,1,False,,,,
1103,0.05263157894736842,18,True,0.33202614379084966,0.5,0.20919571487351973,2.0294069451656007
1104,0.05263157894736842,18,True,0.4435729847494553,0.7222222222222222,0.3197363442781459,1.1221136771091087
1105,0.05263157894736842,18,True,0.5877995642701526,0.8888888888888888,0.5602467695939968,0.6143694458867568
1106,0.05263157894736842,18,True,0.28627450980392155,0.3333333333333333,0.12921797958734926,2.5996659733039564
1107,0.05263157894736842,18,True,0.4074074074074074,0.6666666666666666,0.31402704890353805,1.5577277787393193
1108,0.05263157894736842,18,True,0.3468409586056645,0.5,0.2393728467500651,1.9399824743635556
1109,0.05263157894736842,18,True,0.4753812636165577,0.7222222222222222,0.35250246264226515,1.0529407605626346
1110,0.05263157894736842,18,True,0.3202614379084967,0.5,0.20304543438098532,2.2096909728231857
1111,0.05263157894736842,18,True,0.3002178649237473,0.4444444444444444,0.16177657023373804,2.169925001442312
1112,0.05263157894736842,18,True,0.4771241830065359,0.7777777777777778,0.403874569882679,0.9444885341662053
1113,0.05263157894736842,18,True,0.44618736383442265,0.5,0.21409410126225947,1.612197222702993
1114,0.05263157894736842,18,True,0.3437908496732026,0.5555555555555556,0.24756218852085543,2.3244093931715555
1115,0.05263157894736842,18,True,0.33202614379084966,0.6666666666666666,0.2987636957331652,1.404678473063571
1116,0.05263157894736842,18,True,0.4196078431372549,0.3888888888888889,0.1057908451748023,1.8776402831734211
1117,0.05263157894736842,18,True,0.39389978213507626,0.6111111111111112,0.2867214920979323,1.9447167900528528
1118,0.05263157894736842,18,True,0.34335511982570804,0.5,0.20919571487351996,2.0294069451656007
1119,0.05263157894736842,18,True,0.3281045751633987,0.5555555555555556,0.2362832736567574,1.949137865273585
1120,0.05263157894736842,18,True,0.38605664488017427,0.5555555555555556,0.22213083398682842,1.991076059838222
1121,0.05263157894736842,18,True,0.34727668845315907,0.5,0.18980179399215258,2.2516291673878226
1122,0.15789473684210525,16,True,0.5538888888888889,0.875,0.403874569882679,0.6685644431995964
1123,0.15789473684210525,16,True,0.365,0.625,0.21129967947546247,1.6737949406953985
1124,0.15789473684210525,16,True,0.335,0.5625,0.20000510083358602,1.9197367178034825
1125,0.15789473684210525,16,True,0.46499999999999997,0.8125,0.3197363442781459,0.8683927290103626
1126,0.15789473684210525,16,True,0.3377777777777778,0.625,0.2266696978627366,1.6266144718101818
1127,0.21052631578947367,15,True,0.4996825396825397,0.7333333333333333,0.21310559346698976,1.0529815751302694
1128,0.21052631578947367,15,True,0.37650793650793646,0.5333333333333333,0.17110427909453796,1.7735572622751854
1129,0.15789473684210525,16,True,0.30388888888888893,0.625,0.21129967947546247,1.6737949406953985
1130,0.2631578947368421,14,True,0.5391941391941392,0.8571428571428571,0.31364651914901476,0.7345299214394703
1131,0.21052631578947367,15,True,0.4095238095238095,0.6,0.15164855035114522,1.5546097612655667
1132,0.21052631578947367,15,True,0.3352380952380952,0.5333333333333333,0.17110427909453796,1.7735572622751854
1133,0.10526315789473684,17,True,0.2563725490196079,0.35294117647058826,0.09601115045200947,2.6601297526332575
1134,0.05263157894736842,18,True,0.35860566448801745,0.5,0.2125596493241808,2.3208020839342964
1135,0.05263157894736842,18,True,0.29324618736383445,0.2777777777777778,0.09489110040939719,2.5521796970665487
1136,0.05263157894736842,18,True,0.36165577342047933,0.6666666666666666,0.3308728090528291,1.6688388898504305
1137,0.05263157894736842,18,True,0.2544662309368192,0.5555555555555556,0.2502376437826137,2.0602489763846963
1138,0.05263157894736842,18,True,0.41220043572984744,0.5,0.2626406304386867,1.4932133643654213
1139,0.05263157894736842,18,True,0.29673202614379085,0.2777777777777778,0.07376561669833304,2.2132982820604443
1140,0.05263157894736842,18,True,0.5132897603485839,0.8333333333333334,0.4988905110011538,0.9141828384352135
1141,0.05263157894736842,18,True,0.46797385620915033,0.8888888888888888,0.5602467695939968,0.6143694458867568
1142,0.05263157894736842,18,True,0.38562091503267976,0.5,0.20304543438098532,2.2096909728231857
1143,0.05263157894736842,18,True,0.5037037037037037,0.9444444444444444,0.6272947035832889,0.3095434291503252
1144,0.05263157894736842,18,True,0.5185185185185185,0.9444444444444444,0.6272947035832889,0.3095434291503252
1145,0.05263157894736842,18,True,0.33464052287581697,0.5555555555555556,0.2502376437826136,2.0602489763846963
1146,0.05263157894736842,18,True,0.37037037037037035,0.5555555555555556,0.2362832736567574,1.949137865273585
1147,0.05263157894736842,18,True,0.4466230936819172,0.8888888888888888,0.5602467695939968,0.6143694458867568
1148,0.05263157894736842,18,True,0.42309368191721136,0.7222222222222222,0.368718405808535,1.2332247882202196
1149,0.05263157894736842,18,True,0.3359477124183006,0.5555555555555556,0.2446883927462009,2.2132982820604443
1150,0.05263157894736842,18,True,0.3254901960784314,0.5,0.20000510083358614,2.0566416671474372
1151,0.05263157894736842,18,True,0.37734204793028325,0.5,0.2393728467500651,1.9399824743635556
1152,0.10526315789473684,17,True,0.5009803921568627,0.7647058823529411,0.2998708836948967,1.022420703848328
1153,0.10526315789473684,17,True,0.24313725490196078,0.29411764705882354,0.08189824177870197,3.0071964896856174
1154,0.10526315789473684,17,True,0.2892156862745098,0.5294117647058824,0.18585266116365706,2.0119209285947934
1155,0.10526315789473684,17,True,0.6431372549019608,0.9411764705882353,0.5115068636860557,0.3227569588973982
1156,0.10526315789473684,17,True,0.3323529411764706,0.5294117647058824,0.20002593917380795,2.291620193427939
1157,0.10526315789473684,17,True,0.3529411764705882,0.5882352941176471,0.23699400339378085,2.0157404324930677
1158,0.10526315789473684,17,True,0.3137254901960784,0.5882352941176471,0.22213083398682842,1.8980933736695382
1159,0.10526315789473684,17,True,0.3931372549019608,0.6470588235294118,0.2752707006065839,1.731360029190912
1160,0.15789473684210525,16,True,0.3705555555555556,0.5625,0.18813457241778053,1.4913146570363986
1161,0.15789473684210525,16,True,0.38222222222222224,0.375,0.10247232518562865,2.007856063692049
1162,0.10526315789473684,17,True,0.3872549019607843,0.7058823529411765,0.31402704890353816,1.439254017211876
1163,0.10526315789473684,17,True,0.3573529411764706,0.5294117647058824,0.1345373739740725,1.7033848993102918
1164,0.10526315789473684,17,True,0.45,0.8235294117647058,0.4240799522429881,0.951994081908783
1165,0.10526315789473684,17,True,0.42254901960784313,0.6470588235294118,0.2597604999432016,1.3784188527203236
1166,0.10526315789473684,17,True,0.2745098039215686,0.29411764705882354,0.06840381963173137,2.581013401577586
1167,0.10526315789473684,17,True,0.375,0.5294117647058824,0.20304543438098532,2.129567987418323
1168,0.10526315789473684,17,True,0.47156862745098044,0.8823529411764706,0.470861478386833,0.6402064333604701
1169,0.10526315789473684,17,True,0.3588235294117647,0.35294117647058826,0.1433953421538704,2.145136370153053
1170,0.9473684210526315,1,False,,,,
1171,0.15789473684210525,16,True,0.335,0.5625,0.2125596493241808,2.216917186688699
1172,0.15789473684210525,16,True,0.513888888888889,0.6875,0.12691452647336954,0.8960382325345574
1173,0.15789473684210525,16,True,0.525,0.75,0.2987636957331653,1.186278124459133
1174,0.15789473684210525,16,True,0.43166666666666664,0.5,0.1738725939109368,1.5306390622295665
1175,0.15789473684210525,16,True,0.30666666666666664,0.5625,0.15653036341560167,1.8419171866886992
1176,0.2631578947368421,14,True,0.43736263736263736,0.7857142857142857,0.23559909273734092,0.9463729359854419
1177,0.2631578947368421,14,True,0.36336996336996336,0.6428571428571429,0.21465505822008046,1.6266888497018317
1178,0.2631578947368421,14,True,0.4205128205128205,0.6428571428571429,0.11008500616192007,1.287054028118727
1179,0.2631578947368421,14,True,0.3069597069597069,0.5714285714285714,0.1919537021102833,1.950212064914747
1180,0.2631578947368421,14,True,0.38461538461538464,0.6428571428571429,0.11008500616192007,1.287054028118727
1181,0.2631578947368421,14,True,0.4747252747252747,0.7142857142857143,0.07413710786178984,0.863120568566631
1182,0.2631578947368421,14,True,0.37509157509157504,0.5714285714285714,0.1785263144136614,1.7534343861887849
1183,0.2631578947368421,14,True,0.4358974358974359,0.7857142857142857,0.2962465220098368,1.0892300788425848
1184,0.2631578947368421,14,True,0.5172161172161173,0.7857142857142857,0.12691452647336954,0.74959525725948
1185,0.2631578947368421,14,True,0.31794871794871793,0.2857142857142857,0.056362270023806116,2.1820058147602133
1186,0.2631578947368421,14,True,0.39633699633699637,0.6428571428571429,0.21465505822008046,1.6266888497018317
1187,0.2631578947368421,14,True,0.3567765567765568,0.5714285714285714,0.13080188868938503,1.610577243331642
1188,0.21052631578947367,15,True,0.5866666666666667,0.9333333333333333,0.35553335479741277,0.35335933502142136
1189,0.2631578947368421,14,True,0.27692307692307694,0.2857142857142857,0.08513554810286617,2.8073549220576037
1190,0.2631578947368421,14,True,0.2879120879120879,0.5,0.13070895485323664,1.9211854965885542
1191,0.3157894736842105,13,True,0.32735042735042735,0.6153846153846154,0.15676141753386374,1.5465935642949382
1192,0.2631578947368421,14,True,0.36117216117216117,0.6428571428571429,0.18813457241778053,1.4299111709758698
1193,0.2631578947368421,14,True,0.25054945054945055,0.35714285714285715,0.08913563508560718,2.0670314951575843
1194,0.42105263157894735,11,True,0.4012121212121212,0.5454545454545454,0.17387259391093668,1.6171895725927152
1195,0.42105263157894735,11,True,0.34060606060606063,0.45454545454545453,0.15902508684635352,1.676737030052133
1196,0.42105263157894735,11,True,0.6121212121212121,0.9090909090909091,0.2199270264698785,0.4394969869215134
1197,0.42105263157894735,11,True,0.3333333333333333,0.45454545454545453,0.1785263144136614,1.971747257128181
1198,0.42105263157894735,11,True,0.496969696969697,0.8181818181818182,0.25838690151454435,0.8658566174572235
1199,0.42105263157894735,11,True,0.3224242424242424,0.5454545454545454,0.20184431586908624,1.8676338909712125
1200,0.42105263157894735,11,True,0.4848484848484849,0.9090909090909091,0.2199270264698785,0.4394969869215134
1201,0.8421052631578947,3,False,,,,
1202,0.8947368421052632,2,False,,,,
1203,0.8947368421052632,2,False,,,,
1204,0.8947368421052632,2,False,,,,
1205,0.8947368421052632,2,False,,,,
1206,0.8947368421052632,2,False,,,,
1207,0.8947368421052632,2,False,,,,
1208,0.8947368421052632,2,False,,,,
1209,0.9473684210526315,1,False,,,,
1210,0.9473684210526315,1,False,,,,
1211,0.9473684210526315,1,False,,,,
1212,0.9473684210526315,1,False,,,,
1213,0.9473684210526315,1,False,,,,
1214,0.9473684210526315,1,False,,,,
1215,0.9473684210526315,1,False,,,,
1216,0.9473684210526315,1,False,,,,
1217,0.9473684210526315,1,False,,,,
1218,0.9473684210526315,1,False,,,,
1219,0.9473684210526315,1,False,,,,
1220,0.9473684210526315,1,False,,,,
1221,0.9473684210526315,1,False,,,,
1222,0.9473684210526315,1,False,,,,
1223,0.9473684210526315,1,False,,,,
1224,0.9473684210526315,1,False,,,,
1225,0.9473684210526315,1,False,,,,
1226,0.9473684210526315,1,False,,,,
1227,0.9473684210526315,1,False,,,,
1228,0.9473684210526315,1,False,,,,
1229,0.9473684210526315,1,False,,,,
1230,0.9473684210526315,1,False,,,,
1231,0.9473684210526315,1,False,,,,
1232,0.9473684210526315,1,False,,,,
1233,0.9473684210526315,1,False,,,,
1234,0.9473684210526315,1,False,,,,
1235,0.9473684210526315,1,False,,,,
1236,0.9473684210526315,1,False,,,,
1237,0.9473684210526315,1,False,,,,
1238,0.9473684210526315,1,False,,,,
1239,0.9473684210526315,1,False,,,,
1240,0.9473684210526315,1,False,,,,
1241,0.9473684210526315,1,False,,,,
1242,0.9473684210526315,1,False,,,,
1243,0.9473684210526315,1,False,,,,
1244,0.9473684210526315,1,False,,,,
1245,0.9473684210526315,1,False,,,,
1246,0.9473684210526315,1,False,,,,
1247,0.9473684210526315,1,False,,,,
1248,0.9473684210526315,1,False,,,,
1249,0.9473684210526315,1,False,,,,
1250,0.9473684210526315,1,False,,,,
1251,0.9473684210526315,1,False,,,,
1252,0.9473684210526315,1,False,,,,
1253,0.9473684210526315,1,False,,,,
1254,0.9473684210526315,1,False,,,,
1255,0.9473684210526315,1,False,,,,
1256,0.9473684210526315,1,False,,,,
1257,0.9473684210526315,1,False,,,,
1258,0.9473684210526315,1,False,,,,
1259,0.9473684210526315,1,False,,,,
1260,0.9473684210526315,1,False,,,,
1261,0.9473684210526315,1,False,,,,
1262,0.9473684210526315,1,False,,,,
1263,0.9473684210526315,1,False,,,,
1264,0.8947368421052632,2,False,,,,
1265,0.8947368421052632,2,False,,,,
1266,0.8947368421052632,2,False,,,,
1267,0.8947368421052632,2,False,,,,
1268,0.9473684210526315,1,False,,,,
1269,0.9473684210526315,1,False,,,,
1270,0.9473684210526315,1,False,,,,
1271,0.9473684210526315,1,False,,,,
1272,0.9473684210526315,1,False,,,,
1273,0.9473684210526315,1,False,,,,
1274,0.9473684210526315,1,False,,,,
1275,0.9473684210526315,1,False,,,,
1276,0.9473684210526315,1,False,,,,
1277,0.9473684210526315,1,False,,,,
1278,0.9473684210526315,1,False,,,,
1279,0.9473684210526315,1,False,,,,
1280,0.9473684210526315,1,False,,,,
1281,0.9473684210526315,1,False,,,,
1282,0.9473684210526315,1,False,,,,
1283,0.9473684210526315,1,False,,,,
1284,0.8947368421052632,2,False,,,,
1285,0.8947368421052632,2,False,,,,
1286,0.8947368421052632,2,False,,,,
1287,0.8947368421052632,2,False,,,,
1288,0.8947368421052632,2,False,,,,
1289,0.8947368421052632,2,False,,,,
1290,0.8947368421052632,2,False,,,,
1291,0.8947368421052632,2,False,,,,
1292,0.8947368421052632,2,False,,,,
1293,0.8947368421052632,2,False,,,,
1294,0.8947368421052632,2,False,,,,
1295,0.8947368421052632,2,False,,,,
1296,0.8947368421052632,2,False,,,,
1297,0.8947368421052632,2,False,,,,
1298,0.8947368421052632,2,False,,,,
1299,0.8947368421052632,2,False,,,,
1300,0.8947368421052632,2,False,,,,
1301,0.8947368421052632,2,False,,,,
1302,0.8947368421052632,2,False,,,,
1303,0.8947368421052632,2,False,,,,
1304,0.8947368421052632,2,False,,,,
1305,0.8947368421052632,2,False,,,,
1306,0.8947368421052632,2,False,,,,
1307,0.8947368421052632,2,False,,,,
1308,0.8947368421052632,2,False,,,,
1309,0.8947368421052632,2,False,,,,
1310,0.8947368421052632,2,False,,,,
1311,0.8947368421052632,2,False,,,,
1312,0.9473684210526315,1,False,,,,
1313,0.9473684210526315,1,False,,,,
1314,0.9473684210526315,1,False,,,,
1315,0.9473684210526315,1,False,,,,
1316,0.9473684210526315,1,False,,,,
1317,0.9473684210526315,1,False,,,,
1318,0.9473684210526315,1,False,,,,
1319,0.9473684210526315,1,False,,,,
1320,0.9473684210526315,1,False,,,,
1321,0.9473684210526315,1,False,,,,
1322,0.8947368421052632,2,False,,,,
1323,0.7368421052631579,5,True,0.18666666666666665,0.4,0.4240799522429881,1.9219280948873623
1324,0.8421052631578947,3,False,,,,
1325,0.7368421052631579,5,True,0.41333333333333333,0.6,0.403874569882679,1.3709505944546687
1326,0.7368421052631579,5,True,0.18666666666666665,0.2,0.44196169314325406,2.321928094887362
1327,0.6842105263157895,6,True,0.24000000000000002,0.16666666666666666,0.38873147359769233,2.584962500721156
1328,0.6842105263157895,6,True,0.17777777777777778,0.3333333333333333,0.3768634756015604,2.2516291673878226
1329,0.6842105263157895,6,True,0.22222222222222224,0.3333333333333333,0.3768634756015603,2.2516291673878226
1330,0.6842105263157895,6,True,0.2622222222222222,0.6666666666666666,0.35250246264226515,1.2516291673878228
1331,0.631578947368421,7,True,0.2857142857142857,0.2857142857142857,0.31402704890353816,2.2359263506290326
1332,0.631578947368421,7,True,0.23492063492063492,0.14285714285714285,0.3387531097057149,2.807354922057604
1333,0.21052631578947367,15,True,0.2711111111111111,0.26666666666666666,0.07525223236091028,2.573557262275185
1334,0.21052631578947367,15,True,0.3961904761904762,0.7333333333333333,0.29436266502391517,1.3699740752745009
1335,0.21052631578947367,15,True,0.2419047619047619,0.26666666666666666,0.0916168491362307,2.7068905956085185
1336,0.21052631578947367,15,True,0.5784126984126985,0.8666666666666667,0.35250246264226515,0.6998428398862386
1337,0.21052631578947367,15,True,0.4095238095238095,0.4,0.151141656383731,1.8389205950315937
1338,0.21052631578947367,15,True,0.4285714285714286,0.8,0.17194835729502644,0.7219280948873623
1339,0.21052631578947367,15,True,0.35873015873015873,0.26666666666666666,0.023588904962004942,2.256564762130954
1340,0.21052631578947367,15,True,0.32126984126984126,0.3333333333333333,0.09766925825323913,2.682588730501833
1341,0.21052631578947367,15,True,0.2857142857142857,0.5333333333333333,0.17110427909453796,1.7735572622751854
1342,0.21052631578947367,15,True,0.39301587301587304,0.6666666666666666,0.21262228529006166,1.3752793655393791
1343,0.2631578947368421,14,True,0.33186813186813185,0.5714285714285714,0.11369071231231198,1.6644977792004614
1344,0.2631578947368421,14,True,0.2761904761904762,0.2857142857142857,0.10727028068669398,2.8962915290459286
1345,0.2631578947368421,14,True,0.6666666666666666,1.0,0.16852561199027072,0.0
1346,0.2631578947368421,14,True,0.4021978021978022,0.6428571428571429,0.1710233960407076,1.4838317068446891
1347,0.2631578947368421,14,True,0.4490842490842491,0.7142857142857143,0.26942437427994104,1.4345491399952024
1348,0.2631578947368421,14,True,0.37289377289377285,0.35714285714285715,0.0891356350856074,2.0670314951575843
1349,0.2631578947368421,14,True,0.6,1.0,0.16852561199027072,0.0
1350,0.2631578947368421,14,True,0.5333333333333333,1.0,0.16852561199027072,0.0
1351,0.21052631578947367,15,True,0.6,1.0,0.2575124304578764,0.0
1352,0.21052631578947367,15,True,0.37015873015873013,0.3333333333333333,0.059507985310864764,1.825605199016944
1353,0.21052631578947367,15,True,0.4838095238095238,0.8666666666666667,0.24936273490419736,0.5665095065529053
1354,0.21052631578947367,15,True,0.4304761904761905,0.4666666666666667,0.14886155039635407,1.5628066316931741
1355,0.21052631578947367,15,True,0.413968253968254,0.5333333333333333,0.15902508684635352,1.532914563979398
1356,0.21052631578947367,15,True,0.6285714285714286,0.8,0.3269868938901337,1.0389205950315936
1357,0.21052631578947367,15,True,0.45015873015873015,0.6,0.17987174850811383,1.4716022614097979
1358,0.21052631578947367,15,True,0.31238095238095237,0.4,0.07968027147923096,2.0729055953200564
1359,0.21052631578947367,15,True,0.3104761904761905,0.4,0.11509046281401236,2.2062389286533897
1360,0.21052631578947367,15,True,0.3180952380952381,0.6,0.15164855035114522,1.5546097612655667
1361,0.21052631578947367,15,True,0.32190476190476186,0.5333333333333333,0.1805153902556471,2.1735572622751853
1362,0.21052631578947367,15,True,0.3244444444444445,0.4666666666666667,0.13189963535753602,2.146465798504072
1363,0.21052631578947367,15,True,0.36952380952380953,0.4666666666666667,0.13189963535753602,2.146465798504072
1364,0.8421052631578947,3,False,,,,
1365,0.8421052631578947,3,False,,,,
1366,0.8421052631578947,3,False,,,,
1367,0.8421052631578947,3,False,,,,
1368,0.9473684210526315,1,False,,,,
1369,0.9473684210526315,1,False,,,,
1370,0.9473684210526315,1,False,,,,
1371,0.9473684210526315,1,False,,,,
1372,0.9473684210526315,1,False,,,,
1373,0.9473684210526315,1,False,,,,
1374,0.9473684210526315,1,False,,,,
1375,0.9473684210526315,1,False,,,,
1376,0.9473684210526315,1,False,,,,
1377,0.9473684210526315,1,False,,,,
1378,0.8947368421052632,2,False,,,,
1379,0.8947368421052632,2,False,,,,
1380,0.8947368421052632,2,False,,,,
1381,0.8421052631578947,3,False,,,,
1382,0.7894736842105263,4,False,,,,
1383,0.631578947368421,7,True,0.2507936507936508,0.2857142857142857,0.33087280905282923,2.521640636343318
1384,0.21052631578947367,15,True,0.3079365079365079,0.4666666666666667,0.15255700352874701,2.279799131837405
1385,0.21052631578947367,15,True,0.33968253968253964,0.4,0.1452675946905575,2.0989295636909353
1386,0.21052631578947367,15,True,0.2634920634920635,0.3333333333333333,0.09361966164083668,2.2825887305018338
1387,0.21052631578947367,15,True,0.28253968253968254,0.4666666666666667,0.1552426890673989,2.063458298648303
1388,0.21052631578947367,15,True,0.43555555555555553,0.6,0.15164855035114522,1.5546097612655667
1389,0.21052631578947367,15,True,0.27682539682539686,0.4666666666666667,0.13931336313991427,2.33012496531497
1390,0.21052631578947367,15,True,0.4634920634920635,0.6666666666666666,0.21262228529006155,1.3752793655393791
1391,0.21052631578947367,15,True,0.5003174603174603,0.8666666666666667,0.24936273490419736,0.5665095065529053
1392,0.21052631578947367,15,True,0.4038095238095238,0.5333333333333333,0.0537964407035616,1.456564762130954
1393,0.21052631578947367,15,True,0.5104761904761904,0.8,0.27128755929541437,0.9055872616982603
1394,0.10526315789473684,17,True,0.3284313725490196,0.5294117647058824,0.20304543438098532,2.1295679874183233
1395,0.10526315789473684,17,True,0.4872549019607843,0.8823529411764706,0.470861478386833,0.6402064333604701
1396,0.10526315789473684,17,True,0.3,0.35294117647058826,0.06840435539428646,2.380430487800112
1397,0.10526315789473684,17,True,0.2740196078431373,0.29411764705882354,0.11186107620484143,2.603975726610715
1398,0.21052631578947367,15,True,0.36698412698412697,0.6,0.1818816931582794,1.7382689280764645
1399,0.2631578947368421,14,True,0.5333333333333333,1.0,0.16852561199027072,0.0
1400,0.2631578947368421,14,True,0.38534798534798537,0.42857142857142855,0.07435549237544792,1.7884504573082896
1401,0.2631578947368421,14,True,0.29523809523809524,0.42857142857142855,0.1452270016028332,1.870253816431622
1402,0.2631578947368421,14,True,0.35238095238095235,0.42857142857142855,0.14322246009647543,2.359879028736861
1403,0.2631578947368421,14,True,0.26593406593406593,0.35714285714285715,0.06777080922053147,1.809200032697812
1404,0.3684210526315789,12,True,0.3434343434343434,0.5833333333333334,0.22369979466064327,1.9473387961875537
1405,0.10526315789473684,17,True,0.44803921568627453,0.7647058823529411,0.3768634756015604,1.2577148214953864
1406,0.10526315789473684,17,True,0.3254901960784314,0.47058823529411764,0.12040161960918261,1.9986525468781666
1407,0.10526315789473684,17,True,0.3225490196078431,0.5882352941176471,0.19592966108818832,1.7804463148460088
1408,0.10526315789473684,17,True,0.24754901960784315,0.47058823529411764,0.16177657023373793,2.0874628412503395
1409,0.10526315789473684,17,True,0.4872549019607843,0.8235294117647058,0.4240799522429881,0.951994081908783
1410,0.10526315789473684,17,True,0.328921568627451,0.47058823529411764,0.16177657023373793,2.0874628412503395
1411,0.10526315789473684,17,True,0.46372549019607845,0.7647058823529411,0.3197363442781459,0.9780155566622414
1412,0.10526315789473684,17,True,0.38039215686274513,0.7058823529411765,0.28165251935609237,1.321606958388347
1413,0.10526315789473684,17,True,0.38382352941176473,0.5294117647058824,0.21409410126225947,1.49692754611459
1414,0.10526315789473684,17,True,0.4779411764705882,0.7647058823529411,0.3197363442781458,0.9780155566622414
1415,0.10526315789473684,17,True,0.6666666666666666,1.0,0.5145392392540866,0.0
1416,0.10526315789473684,17,True,0.6004901960784313,0.8235294117647058,0.4240799522429881,0.951994081908783
1417,0.10526315789473684,17,True,0.4730392156862745,0.7647058823529411,0.3197363442781458,0.9780155566622414
1418,0.10526315789473684,17,True,0.36666666666666664,0.5294117647058824,0.14022308583893728,1.3792804872910605
1419,0.10526315789473684,17,True,0.3264705882352941,0.4117647058823529,0.0879542784360321,2.0923953729624785
1420,0.10526315789473684,17,True,0.32107843137254904,0.6470588235294118,0.26901133528123755,1.5693078231812962
1421,0.10526315789473684,17,True,0.34068627450980393,0.6470588235294118,0.2752707006065839,1.731360029190912
1422,0.10526315789473684,17,True,0.5264705882352941,0.8235294117647058,0.4240799522429881,0.951994081908783
1423,0.10526315789473684,17,True,0.4382352941176471,0.5294117647058824,0.21465505822008046,1.7263472243434208
1424,0.10526315789473684,17,True,0.32598039215686275,0.5294117647058824,0.18980179399215258,2.1739731346044096
1425,0.10526315789473684,17,True,0.5558823529411765,0.7647058823529411,0.3197363442781459,0.9780155566622414
1426,0.10526315789473684,17,True,0.27941176470588236,0.47058823529411764,0.15803050740691016,2.440404017720928
1427,0.15789473684210525,16,True,0.28833333333333333,0.375,0.10854486060238244,2.60845859334435
1428,0.10526315789473684,17,True,0.3857843137254902,0.5882352941176471,0.23665100921813997,1.6627992560224794
1429,0.10526315789473684,17,True,0.3862745098039216,0.4117647058823529,0.09793558979143557,2.063558608511122
1430,0.15789473684210525,16,True,0.5033333333333333,0.875,0.403874569882679,0.6685644431995964
1431,0.10526315789473684,17,True,0.39803921568627454,0.5882352941176471,0.19551110891298873,1.54515219719895
1432,0.10526315789473684,17,True,0.33431372549019606,0.35294117647058826,0.10173951313857577,2.469240782172285
1433,0.10526315789473684,17,True,0.5186274509803922,0.8823529411764706,0.39871518417755814,0.5225593745369408
1434,0.10526315789473684,17,True,0.38823529411764707,0.6470588235294118,0.26901133528123755,1.5693078231812962
1435,0.10526315789473684,17,True,0.34705882352941175,0.4117647058823529,0.09440414197774416,2.298852726158181
1436,0.10526315789473684,17,True,0.38529411764705884,0.7058823529411765,0.31402704890353805,1.439254017211876
1437,0.10526315789473684,17,True,0.45147058823529407,0.7647058823529411,0.3516072294314623,1.1400677626718572
1438,0.10526315789473684,17,True,0.471078431372549,0.8823529411764706,0.470861478386833,0.6402064333604701
1439,0.10526315789473684,17,True,0.509313725490196,0.8823529411764706,0.470861478386833,0.6402064333604701
1440,0.10526315789473684,17,True,0.4549019607843138,0.6470588235294118,0.23153730178623289,1.4516607643577668
1441,0.10526315789473684,17,True,0.4818627450980392,0.8235294117647058,0.4240799522429881,0.951994081908783
1442,0.10526315789473684,17,True,0.503921568627451,0.8823529411764706,0.39871518417755814,0.5225593745369408
1443,0.10526315789473684,17,True,0.42156862745098045,0.6470588235294118,0.2752707006065839,1.731360029190912
1444,0.10526315789473684,17,True,0.3245098039215686,0.47058823529411764,0.1580305074069105,2.4404040177209283
1445,0.10526315789473684,17,True,0.4411764705882353,0.6470588235294118,0.26901133528123755,1.5693078231812962
1446,0.10526315789473684,17,True,0.2980392156862745,0.5294117647058824,0.20304543438098532,2.129567987418323
1447,0.2631578947368421,14,True,0.2578754578754579,0.42857142857142855,0.1299788197076427,2.4137995646056805
1448,0.2631578947368421,14,True,0.2556776556776557,0.35714285714285715,0.12439478635521439,2.6384600665861555
1449,0.21052631578947367,15,True,0.3288888888888889,0.5333333333333333,0.16177657023373804,2.040223928941852
1450,0.21052631578947367,15,True,0.3365079365079365,0.3333333333333333,0.0702766079309739,2.365596230357602
1451,0.21052631578947367,15,True,0.2920634920634921,0.4666666666666667,0.1552426890673989,2.063458298648303
1452,0.7368421052631579,5,True,0.3266666666666667,0.4,0.3840091092994298,1.5219280948873621
1453,0.7368421052631579,5,True,0.2,0.2,0.44196169314325406,2.321928094887362
1454,0.9473684210526315,1,False,,,,
1455,0.8421052631578947,3,False,,,,
1456,0.8421052631578947,3,False,,,,
1457,0.21052631578947367,15,True,0.30666666666666664,0.4,0.1368272324368215,2.339572261986723
1458,0.21052631578947367,15,True,0.2755555555555556,0.3333333333333333,0.056362270023806116,2.1492553971685
1459,0.21052631578947367,15,True,0.2977777777777778,0.4666666666666667,0.1318996353575359,2.146465798504072
1460,0.21052631578947367,15,True,0.2419047619047619,0.4666666666666667,0.15255700352874701,2.279799131837405
1461,0.21052631578947367,15,True,0.8844444444444445,0.9333333333333333,0.35553335479741277,0.35335933502142136
1462,0.21052631578947367,15,True,0.28888888888888886,0.3333333333333333,0.08171359976648396,2.0662478973127314
1463,0.21052631578947367,15,True,0.3288888888888889,0.4666666666666667,0.1318996353575359,2.1464657985040723
1464,0.2631578947368421,14,True,0.3692307692307692,0.5714285714285714,0.1919537021102833,1.950212064914747
1465,0.2631578947368421,14,True,0.48131868131868133,0.5,0.10684939941418026,1.2958363892911637
1466,0.2631578947368421,14,True,0.3692307692307692,0.5,0.1479243275641523,2.1179631753145163
1467,0.21052631578947367,15,True,0.3485714285714286,0.5333333333333333,0.15902508684635352,1.532914563979398
1468,0.21052631578947367,15,True,0.3707936507936508,0.6,0.14285112452603943,1.2309595631140104
1469,0.21052631578947367,15,True,0.3333333333333333,0.4666666666666667,0.1552426890673989,2.063458298648303
1470,0.21052631578947367,15,True,0.39301587301587304,0.7333333333333333,0.29436266502391517,1.3699740752745009
1471,0.21052631578947367,15,True,0.3879365079365079,0.6,0.17987174850811383,1.4716022614097979
1472,0.21052631578947367,15,True,0.29968253968253966,0.3333333333333333,0.07946722197090783,2.332914563979398
1473,0.21052631578947367,15,True,0.3492063492063492,0.4666666666666667,0.08641599948523981,1.7464657985040721
1474,0.2631578947368421,14,True,0.5714285714285714,0.9285714285714286,0.3028137911081479,0.37123232664087563
1475,0.15789473684210525,16,True,0.4672222222222222,0.5625,0.11008500616192007,1.3663146570363986
1476,0.15789473684210525,16,True,0.33055555555555555,0.5,0.1525859561938041,2.077819531114783
1477,0.15789473684210525,16,True,0.4222222222222223,0.6875,0.12691452647336954,0.8960382325345574
1478,0.15789473684210525,16,True,0.4211111111111111,0.5625,0.18813457241778053,1.4913146570363986
1479,0.15789473684210525,16,True,0.575,0.9375,0.42378260447830396,0.3372900666170139
1480,0.15789473684210525,16,True,0.3244444444444445,0.4375,0.13071292461933426,2.349601752714581
1481,0.15789473684210525,16,True,0.42,0.4375,0.12063835223938557,1.6774212838293647
1482,0.15789473684210525,16,True,0.42,0.75,0.25838690151454446,1.014097655573916
1483,0.15789473684210525,16,True,0.4827777777777778,0.75,0.23852144093129524,1.061278124459133
1484,0.15789473684210525,16,True,0.675,0.8125,0.368718405808535,0.9933927290103626
1485,0.15789473684210525,16,True,0.49166666666666664,0.9375,0.42378260447830396,0.3372900666170139
1486,0.15789473684210525,16,True,0.445,0.875,0.403874569882679,0.6685644431995964
1487,0.15789473684210525,16,True,0.48888888888888893,0.8125,0.368718405808535,0.9933927290103626
1488,0.9473684210526315,1,False,,,,
1489,0.9473684210526315,1,False,,,,
1490,0.9473684210526315,1,False,,,,
1491,0.9473684210526315,1,False,,,,
1492,0.9473684210526315,1,False,,,,
1493,0.9473684210526315,1,False,,,,
1494,0.15789473684210525,16,True,0.38388888888888884,0.5,0.175929009903667,2.0
1495,0.15789473684210525,16,True,0.47777777777777775,0.75,0.2987636957331653,1.186278124459133
1496,0.15789473684210525,16,True,0.3794444444444444,0.5,0.13843351652387526,2.125
1497,0.15789473684210525,16,True,0.38166666666666665,0.5625,0.17190038180287592,1.7947367178034825
1498,0.8947368421052632,2,False,,,,
1499,0.8947368421052632,2,False,,,,
1500,0.3684210526315789,12,True,0.3525252525252525,0.5833333333333334,0.22369979466064327,1.9473387961875537
1501,0.15789473684210525,16,True,0.2916666666666667,0.5,0.13843351652387503,2.125
1502,0.15789473684210525,16,True,0.3461111111111111,0.5625,0.20304543438098532,2.091917186688699
1503,0.15789473684210525,16,True,0.425,0.75,0.25838690151454446,1.014097655573916
1504,0.15789473684210525,16,True,0.38722222222222225,0.5,0.1498881368720676,1.271782221599798
1505,0.15789473684210525,16,True,0.2994444444444444,0.375,0.06969896012382759,2.10845859334435
1506,0.15789473684210525,16,True,0.3705555555555556,0.625,0.22666969786273672,1.6266144718101818
1507,0.15789473684210525,16,True,0.42444444444444446,0.75,0.3293970672908122,1.311278124459133
1508,0.15789473684210525,16,True,0.4111111111111111,0.625,0.13851436041076237,1.2987949406953985
1509,0.15789473684210525,16,True,0.46499999999999997,0.8125,0.368718405808535,0.9933927290103626
1510,0.15789473684210525,16,True,0.4233333333333333,0.6875,0.21310559346698976,1.1216407621868583
1511,0.15789473684210525,16,True,0.5166666666666667,0.9375,0.42378260447830396,0.3372900666170139
1512,0.15789473684210525,16,True,0.31444444444444447,0.375,0.11498315352740862,2.4056390622295662
1513,0.15789473684210525,16,True,0.37555555555555553,0.6875,0.26901133528123755,1.4966407621868583
1514,0.15789473684210525,16,True,0.3377777777777778,0.3125,0.0702766079309739,2.3522170014624826
1515,0.15789473684210525,16,True,0.44277777777777777,0.5,0.1738725939109368,1.5306390622295665
1516,0.15789473684210525,16,True,0.22944444444444442,0.3125,0.0769961392682722,2.7272170014624826
1517,0.15789473684210525,16,True,0.3416666666666667,0.5,0.15867131134623413,2.25
1518,0.15789473684210525,16,True,0.3288888888888889,0.3125,0.056362270023806116,2.149397470347699
1519,0.15789473684210525,16,True,0.6666666666666666,1.0,0.37075077614396545,0.0
1520,0.15789473684210525,16,True,0.6038888888888889,0.875,0.3141871168274789,0.5435644431995964
1521,0.15789473684210525,16,True,0.5083333333333333,0.9375,0.42378260447830396,0.3372900666170139
1522,0.15789473684210525,16,True,0.32166666666666666,0.5,0.12040161960918283,1.9528195311147831
1523,0.21052631578947367,15,True,0.4304761904761905,0.7333333333333333,0.29436266502391517,1.3699740752745009
1524,0.21052631578947367,15,True,0.39682539682539686,0.6666666666666666,0.23665100921814008,1.5589385323502771
1525,0.15789473684210525,16,True,0.33722222222222226,0.5625,0.18813457241778053,1.4913146570363986
1526,0.15789473684210525,16,True,0.33388888888888885,0.375,0.14322246009647543,2.3050365325772657
1527,0.15789473684210525,16,True,0.33888888888888885,0.375,0.11498315352740862,2.4056390622295662
1528,0.15789473684210525,16,True,0.3561111111111111,0.6875,0.26901133528123766,1.4966407621868583
1529,0.15789473684210525,16,True,0.35,0.625,0.2362832736567574,1.7987949406953985
1530,0.15789473684210525,16,True,0.28055555555555556,0.375,0.10638271500682872,2.436278124459133
1531,0.15789473684210525,16,True,0.4666666666666667,0.5625,0.11008500616192018,1.3663146570363986
1532,0.15789473684210525,16,True,0.3605555555555556,0.5625,0.19725171154555354,1.7169171866886992
1533,0.15789473684210525,16,True,0.425,0.75,0.25838690151454435,1.014097655573916
1534,0.15789473684210525,16,True,0.34388888888888886,0.5625,0.18813457241778053,1.4913146570363986
1535,0.15789473684210525,16,True,0.4666666666666667,0.9375,0.42378260447830396,0.3372900666170139
1536,0.15789473684210525,16,True,0.6,1.0,0.37075077614396545,0.0
1537,0.15789473684210525,16,True,0.46888888888888886,0.875,0.403874569882679,0.6685644431995964
1538,0.15789473684210525,16,True,0.3705555555555556,0.625,0.22666969786273672,1.6266144718101818
1539,0.15789473684210525,16,True,0.49166666666666664,0.9375,0.42378260447830396,0.3372900666170139
1540,0.15789473684210525,16,True,0.415,0.625,0.18439908713309294,1.5016144718101818
1541,0.15789473684210525,16,True,0.2866666666666667,0.375,0.10589984877407843,2.23345859334435
1542,0.15789473684210525,16,True,0.3783333333333333,0.6875,0.26901133528123755,1.4966407621868583
1543,0.15789473684210525,16,True,0.405,0.4375,0.13070895485323675,1.9211796919474975
1544,0.15789473684210525,16,True,0.40444444444444444,0.5625,0.15164855035114533,1.5919171866886992
1545,0.15789473684210525,16,True,0.5055555555555556,0.8125,0.3197363442781459,0.8683927290103626
1546,0.15789473684210525,16,True,0.4338888888888889,0.75,0.2987636957331652,1.186278124459133
1547,0.15789473684210525,16,True,0.39666666666666667,0.5625,0.18813457241778064,1.4913146570363986
1548,0.15789473684210525,16,True,0.44,0.625,0.18439908713309305,1.5016144718101818
1549,0.15789473684210525,16,True,0.36833333333333335,0.5625,0.20000510083358602,1.9197367178034825
1550,0.21052631578947367,15,True,0.4247619047619048,0.6666666666666666,0.21262228529006166,1.3752793655393791
1551,0.21052631578947367,15,True,0.32761904761904764,0.5333333333333333,0.175929009903667,1.9898980954642875
1552,0.15789473684210525,16,True,0.4522222222222222,0.625,0.21262228529006166,1.4237949406953985
1553,0.15789473684210525,16,True,0.3277777777777778,0.5,0.1525859561938041,2.077819531114783
1554,0.15789473684210525,16,True,0.42444444444444446,0.625,0.21262228529006166,1.4237949406953985
1555,0.15789473684210525,16,True,0.25,0.5,0.1525859561938041,2.077819531114783
1556,0.15789473684210525,16,True,0.39166666666666666,0.625,0.21129967947546247,1.6737949406953985
1557,0.21052631578947367,15,True,0.3682539682539682,0.6,0.20919571487351973,1.8716022614097982
1558,0.21052631578947367,15,True,0.24825396825396825,0.3333333333333333,0.1034915389299772,2.4662478973127313
1559,0.21052631578947367,15,True,0.5136507936507937,0.8666666666666667,0.35250246264226515,0.6998428398862386
1560,0.21052631578947367,15,True,0.4304761904761905,0.8,0.27128755929541437,0.9055872616982603
1561,0.21052631578947367,15,True,0.5733333333333334,0.6,0.04790964338522474,0.9709505944546686
1562,0.21052631578947367,15,True,0.34793650793650793,0.6,0.20919571487351973,1.8716022614097982
1563,0.21052631578947367,15,True,0.2958730158730159,0.6,0.15164855035114533,1.5546097612655665
1564,0.21052631578947367,15,True,0.41333333333333333,0.5333333333333333,0.17110427909453796,1.7735572622751854
1565,0.21052631578947367,15,True,0.4,0.6,0.14285112452603943,1.2309595631140104
1566,0.21052631578947367,15,True,0.33206349206349206,0.6666666666666666,0.21262228529006155,1.3752793655393791
1567,0.21052631578947367,15,True,0.3873015873015873,0.5333333333333333,0.17110427909453796,1.7735572622751854
1568,0.21052631578947367,15,True,0.37650793650793646,0.6666666666666666,0.21262228529006155,1.3752793655393791
1569,0.10526315789473684,17,True,0.33137254901960783,0.5294117647058824,0.20494337674621776,2.4092672522514684
1570,0.10526315789473684,17,True,0.49656862745098046,0.8235294117647058,0.4240799522429881,0.951994081908783
1571,0.10526315789473684,17,True,0.3946078431372549,0.7058823529411765,0.2987636957331653,1.2772018112022603
1572,0.10526315789473684,17,True,0.4014705882352941,0.5882352941176471,0.2362832736567574,1.8536882264834516
1573,0.10526315789473684,17,True,0.34558823529411764,0.5294117647058824,0.18585266116365706,2.0119209285947934
1574,0.10526315789473684,17,True,0.3509803921568627,0.5882352941176471,0.23699400339378085,2.0157404324930677
1575,0.10526315789473684,17,True,0.4279411764705882,0.8235294117647058,0.4240799522429881,0.951994081908783
1576,0.10526315789473684,17,True,0.48137254901960785,0.8235294117647058,0.4240799522429881,0.951994081908783
1577,0.10526315789473684,17,True,0.3578431372549019,0.5294117647058824,0.20304543438098532,2.1295679874183233
1578,0.15789473684210525,16,True,0.335,0.5,0.13843351652387526,2.125
1579,0.15789473684210525,16,True,0.5927777777777777,0.875,0.403874569882679,0.6685644431995964
1580,0.21052631578947367,15,True,0.38920634920634917,0.7333333333333333,0.2597604999432015,1.2366407419411674
1581,0.21052631578947367,15,True,0.3422222222222222,0.6,0.1818816931582793,1.7382689280764647
1582,0.21052631578947367,15,True,0.5466666666666666,0.9333333333333333,0.35553335479741277,0.35335933502142136
1583,0.21052631578947367,15,True,0.4838095238095238,0.8666666666666667,0.24936273490419736,0.5665095065529053
1584,0.21052631578947367,15,True,0.6552380952380953,0.8666666666666667,0.35250246264226515,0.6998428398862386
1585,0.21052631578947367,15,True,0.5644444444444444,0.9333333333333333,0.35553335479741277,0.35335933502142136
1586,0.21052631578947367,15,True,0.3504761904761905,0.4666666666666667,0.14886155039635407,1.5628066316931741
1587,0.21052631578947367,15,True,0.5066666666666666,0.9333333333333333,0.35553335479741277,0.35335933502142136
1588,0.21052631578947367,15,True,0.2368253968253968,0.3333333333333333,0.11834237723820606,2.5995812306460646
1589,0.21052631578947367,15,True,0.4076190476190476,0.5333333333333333,0.15902508684635352,1.532914563979398
1590,0.8421052631578947,3,False,,,,
1591,0.8421052631578947,3,False,,,,
1592,0.8421052631578947,3,False,,,,
1593,0.8421052631578947,3,False,,,,
1594,0.21052631578947367,15,True,0.29523809523809524,0.6,0.15164855035114522,1.5546097612655667
1595,0.21052631578947367,15,True,0.25587301587301586,0.3333333333333333,0.0891356350856074,2.0419460322060456
1596,0.21052631578947367,15,True,0.5333333333333333,1.0,0.2575124304578764,0.0
1597,0.21052631578947367,15,True,0.6622222222222223,0.9333333333333333,0.35553335479741277,0.35335933502142136
1598,0.21052631578947367,15,True,0.4838095238095238,0.8,0.27128755929541437,0.9055872616982603
1599,0.15789473684210525,16,True,0.4122222222222222,0.625,0.2266696978627366,1.6266144718101818
1600,0.15789473684210525,16,True,0.5677777777777777,0.6875,0.21310559346698987,1.1216407621868583
1601,0.15789473684210525,16,True,0.41777777777777775,0.6875,0.26901133528123744,1.4966407621868583
1602,0.15789473684210525,16,True,0.34388888888888886,0.625,0.2266696978627366,1.6266144718101818
1603,0.15789473684210525,16,True,0.3055555555555555,0.4375,0.11746928423050151,2.396782221599798
1604,0.15789473684210525,16,True,0.40944444444444444,0.5,0.14575294935186045,1.875
1605,0.15789473684210525,16,True,0.31,0.5,0.171914951735067,2.202819531114783
1606,0.8947368421052632,2,False,,,,
1607,0.8947368421052632,2,False,,,,
1608,0.15789473684210525,16,True,0.44611111111111107,0.8125,0.3197363442781459,0.8683927290103626
1609,0.15789473684210525,16,True,0.43833333333333335,0.5625,0.14053652857124965,1.6225562489182659
1610,0.15789473684210525,16,True,0.3888888888888889,0.625,0.18087332026436265,1.198192411043098
1611,0.15789473684210525,16,True,0.37444444444444447,0.625,0.21129967947546247,1.6737949406953985
1612,0.15789473684210525,16,True,0.46055555555555555,0.625,0.2266696978627366,1.6266144718101818
1613,0.21052631578947367,15,True,0.42793650793650795,0.6666666666666666,0.23665100921814008,1.5589385323502771
1614,0.21052631578947367,15,True,0.3053968253968254,0.6,0.15164855035114522,1.5546097612655667
1615,0.21052631578947367,15,True,0.44761904761904764,0.6666666666666666,0.19551110891298873,1.4256051990169438
1616,0.21052631578947367,15,True,0.4019047619047619,0.6666666666666666,0.25962632736662017,1.6922718656836107
1617,0.21052631578947367,15,True,0.3288888888888889,0.6,0.1818816931582794,1.7382689280764647
1618,0.8947368421052632,2,False,,,,
1619,0.21052631578947367,15,True,0.4095238095238095,0.6,0.19725171154555354,1.6879430945989
1620,0.2631578947368421,14,True,0.3347985347985348,0.6428571428571429,0.2393728467500651,1.7695459925589747
1621,0.2631578947368421,14,True,0.48717948717948717,0.7142857142857143,0.26942437427994104,1.4345491399952024
1622,0.7894736842105263,4,False,,,,
1623,0.7894736842105263,4,False,,,,
1624,0.21052631578947367,15,True,0.3657142857142857,0.7333333333333333,0.29436266502391517,1.3699740752745009
1625,0.21052631578947367,15,True,0.42603174603174604,0.7333333333333333,0.29436266502391517,1.3699740752745009
1626,0.21052631578947367,15,True,0.3187301587301587,0.6,0.19725171154555354,1.6879430945989
1627,0.2631578947368421,14,True,0.4981684981684982,0.7142857142857143,0.23199713097962393,1.2916919971380596
1628,0.2631578947368421,14,True,0.391941391941392,0.6428571428571429,0.21465505822008046,1.626688849701832
1629,0.2631578947368421,14,True,0.2571428571428572,0.35714285714285715,0.10964435384745308,2.263809173883546
1630,0.2631578947368421,14,True,0.39633699633699637,0.6428571428571429,0.18813457241778053,1.4299111709758698
1631,0.2631578947368421,14,True,0.42930402930402933,0.6428571428571429,0.21465505822008046,1.626688849701832
1632,0.2631578947368421,14,True,0.40293040293040294,0.7142857142857143,0.23199713097962393,1.2916919971380596
1633,0.2631578947368421,14,True,0.34505494505494505,0.35714285714285715,0.07376561669833304,2.1209520310264036
1634,0.9473684210526315,1,False,,,,
1635,0.9473684210526315,1,False,,,,
1636,0.9473684210526315,1,False,,,,
1637,0.3157894736842105,13,True,0.3170940170940171,0.46153846153846156,0.11042030825377935,2.0458416408851736
1638,0.3157894736842105,13,True,0.558974358974359,0.9230769230769231,0.2634294358664522,0.39124356362925566
1639,0.3157894736842105,13,True,0.5025641025641026,0.8461538461538461,0.28560263299760746,0.7732283485249176
1640,0.3157894736842105,13,True,0.4982905982905983,0.7692307692307693,0.21101139994137996,0.9912642605354288
1641,0.3157894736842105,13,True,0.641025641025641,0.9230769230769231,0.2634294358664522,0.39124356362925566
1642,0.3157894736842105,13,True,0.35299145299145296,0.38461538461538464,0.0937303380650103,1.760495029766198
1643,0.3157894736842105,13,True,0.4829059829059829,0.8461538461538461,0.28560263299760746,0.7732283485249176
1644,0.3157894736842105,13,True,0.4153846153846154,0.6923076923076923,0.1600885464221865,1.1401156785146092
1645,0.3157894736842105,13,True,0.294017094017094,0.38461538461538464,0.05724431599837487,1.8843135277997989
1646,0.3157894736842105,13,True,0.3051282051282051,0.38461538461538464,0.1452270016028332,1.914341183612352
1647,0.3157894736842105,13,True,0.3111111111111111,0.46153846153846156,0.1257903266410535,1.9877733714879842
1648,0.3157894736842105,13,True,0.30769230769230765,0.38461538461538464,0.1452675946905575,2.1920058354921066
1649,0.8947368421052632,2,False,,,,
1650,0.8947368421052632,2,False,,,,
1651,0.8421052631578947,3,False,,,,
1652,0.8421052631578947,3,False,,,,
1653,0.8947368421052632,2,False,,,,
1654,0.7368421052631579,5,True,0.22,0.4,0.4240799522429881,1.9219280948873623
1655,0.2631578947368421,14,True,0.2542124542124542,0.21428571428571427,0.0769961392682722,2.8423709931771093
1656,0.2631578947368421,14,True,0.36117216117216117,0.5714285714285714,0.20875469682471393,2.0930692077718898
1657,0.2631578947368421,14,True,0.4644688644688645,0.7142857142857143,0.18087332026436254,1.0949143184120975
1658,0.2631578947368421,14,True,0.34945054945054943,0.7142857142857143,0.23199713097962393,1.2916919971380596
1659,0.2631578947368421,14,True,0.3091575091575091,0.5714285714285714,0.20875469682471393,2.0930692077718898
1660,0.2631578947368421,14,True,0.3457875457875458,0.6428571428571429,0.21465505822008046,1.626688849701832
1661,0.2631578947368421,14,True,0.4351648351648352,0.7142857142857143,0.1610078596811133,1.1488348542809166
1662,0.2631578947368421,14,True,0.4,0.7857142857142857,0.2962465220098368,1.0892300788425848
1663,0.2631578947368421,14,True,0.5780219780219781,0.8571428571428571,0.31364651914901476,0.7345299214394703
1664,0.2631578947368421,14,True,0.5032967032967033,0.7857142857142857,0.23559909273734092,0.9463729359854419
1665,0.2631578947368421,14,True,0.6043956043956044,0.8571428571428571,0.31364651914901476,0.7345299214394703
1666,0.2631578947368421,14,True,0.4556776556776557,0.7142857142857143,0.18087332026436265,1.0949143184120975
1667,0.2631578947368421,14,True,0.42197802197802203,0.6428571428571429,0.18813457241778053,1.4299111709758698
1668,0.2631578947368421,14,True,0.46373626373626375,0.7142857142857143,0.23199713097962404,1.2916919971380596
1669,0.2631578947368421,14,True,0.6622710622710622,0.8571428571428571,0.20033199319823125,0.5916727785823275
1670,0.21052631578947367,15,True,0.31238095238095237,0.3333333333333333,0.0702766079309739,2.3655962303576024
1671,0.21052631578947367,15,True,0.4457142857142857,0.6666666666666666,0.1712804787748815,1.158938532350277
1672,0.21052631578947367,15,True,0.5555555555555555,0.8,0.27128755929541437,0.9055872616982603
1673,0.21052631578947367,15,True,0.433015873015873,0.7333333333333333,0.2597604999432016,1.2366407419411674
1674,0.21052631578947367,15,True,0.5333333333333333,1.0,0.2575124304578764,0.0
1675,0.21052631578947367,15,True,0.3834920634920635,0.6666666666666666,0.23665100921814008,1.5589385323502771
1676,0.21052631578947367,15,True,0.6634920634920635,0.8666666666666667,0.35250246264226515,0.6998428398862386
1677,0.21052631578947367,15,True,0.43746031746031744,0.7333333333333333,0.2597604999432015,1.2366407419411674
1678,0.9473684210526315,1,False,,,,
1679,0.9473684210526315,1,False,,,,
1680,0.21052631578947367,15,True,0.5873015873015873,0.8666666666666667,0.35250246264226515,0.6998428398862386
1681,0.21052631578947367,15,True,0.4634920634920635,0.7333333333333333,0.29436266502391517,1.3699740752745009
1682,0.21052631578947367,15,True,0.46095238095238095,0.6,0.19725171154555354,1.6879430945989
1683,0.21052631578947367,15,True,0.35365079365079366,0.5333333333333333,0.0943158666227496,1.7232314287976207
1684,0.21052631578947367,15,True,0.4006349206349206,0.5333333333333333,0.14575294935186023,1.8565647621309542
1685,0.21052631578947367,15,True,0.23238095238095238,0.3333333333333333,0.09766925825323902,2.682588730501833
1686,0.21052631578947367,15,True,0.3853968253968254,0.6,0.15164855035114522,1.5546097612655667
1687,0.21052631578947367,15,True,0.48507936507936505,0.8,0.3269868938901337,1.0389205950315936
1688,0.9473684210526315,1,False,,,,
1689,0.9473684210526315,1,False,,,,
1690,0.9473684210526315,1,False,,,,
1691,0.9473684210526315,1,False,,,,
1692,0.9473684210526315,1,False,,,,
1693,0.9473684210526315,1,False,,,,
1694,0.9473684210526315,1,False,,,,
1695,0.9473684210526315,1,False,,,,
1696,0.9473684210526315,1,False,,,,
1697,0.9473684210526315,1,False,,,,
1698,0.9473684210526315,1,False,,,,
1699,0.9473684210526315,1,False,,,,
1700,0.9473684210526315,1,False,,,,
1701,0.9473684210526315,1,False,,,,
1702,0.2631578947368421,14,True,0.4432234432234432,0.5714285714285714,0.11864889982751314,1.2638091738835462
1703,0.2631578947368421,14,True,0.3465201465201465,0.35714285714285715,0.13173084549904412,2.406666316740689
1704,0.8947368421052632,2,False,,,,
1705,0.8421052631578947,3,False,,,,
1706,0.8421052631578947,3,False,,,,
1707,0.21052631578947367,15,True,0.4203174603174603,0.7333333333333333,0.29436266502391517,1.3699740752745009
1708,0.21052631578947367,15,True,0.446984126984127,0.8666666666666667,0.35250246264226515,0.6998428398862386
1709,0.21052631578947367,15,True,0.3752380952380952,0.4,0.1452675946905575,2.0989295636909353
1710,0.21052631578947367,15,True,0.33206349206349206,0.6,0.2248895132903982,2.0049355947431313
1711,0.21052631578947367,15,True,0.41714285714285715,0.6666666666666666,0.23665100921814008,1.5589385323502774
1712,0.2631578947368421,14,True,0.3882783882783883,0.5714285714285714,0.1919537021102833,1.950212064914747
1713,0.21052631578947367,15,True,0.43238095238095237,0.6666666666666666,0.25962632736662017,1.6922718656836107
1714,0.21052631578947367,15,True,0.45650793650793653,0.6666666666666666,0.25962632736662017,1.6922718656836107
1715,0.21052631578947367,15,True,0.42349206349206353,0.8,0.3269868938901338,1.0389205950315936
1716,0.21052631578947367,15,True,0.5174603174603175,0.6666666666666666,0.23665100921814008,1.5589385323502771
1717,0.21052631578947367,15,True,0.4552380952380953,0.7333333333333333,0.2597604999432015,1.2366407419411674
1718,0.21052631578947367,15,True,0.35619047619047617,0.3333333333333333,0.08171359976648374,2.0662478973127314
1719,0.2631578947368421,14,True,0.4571428571428572,0.7142857142857143,0.1610078596811133,1.1488348542809166
1720,0.2631578947368421,14,True,0.47106227106227105,0.7142857142857143,0.23199713097962404,1.2916919971380596
1721,0.2631578947368421,14,True,0.3032967032967033,0.35714285714285715,0.10988676658963115,2.495602923729013
1722,0.2631578947368421,14,True,0.4490842490842491,0.8571428571428571,0.31364651914901476,0.7345299214394703
1723,0.2631578947368421,14,True,0.39780219780219783,0.6428571428571429,0.2393728467500651,1.7695459925589747
1724,0.2631578947368421,14,True,0.29816849816849816,0.42857142857142855,0.14322246009647543,2.359879028736861
1725,0.2631578947368421,14,True,0.4424908424908425,0.7857142857142857,0.2962465220098368,1.0892300788425848
1726,0.3157894736842105,13,True,0.4256410256410257,0.6153846153846154,0.20184431586908624,1.7004397181410922
1727,0.9473684210526315,1,False,,,,
1728,0.9473684210526315,1,False,,,,
1729,0.9473684210526315,1,False,,,,
1730,0.9473684210526315,1,False,,,,
1731,0.9473684210526315,1,False,,,,
1732,0.9473684210526315,1,False,,,,
1733,0.9473684210526315,1,False,,,,
1734,0.9473684210526315,1,False,,,,
1735,0.9473684210526315,1,False,,,,
1736,0.9473684210526315,1,False,,,,
1737,0.42105263157894735,11,True,0.6,1.0,0.018059213135902308,0.0
1738,0.42105263157894735,11,True,0.4448484848484849,0.7272727272727273,0.2585421883818424,1.2776134368191154
1739,0.3684210526315789,12,True,0.3616161616161616,0.6666666666666666,0.24545096392396826,1.584962500721156
1740,0.3157894736842105,13,True,0.3299145299145299,0.6153846153846154,0.20184431586908624,1.7004397181410922
1741,0.3157894736842105,13,True,0.46923076923076923,0.6923076923076923,0.21409410126225947,1.3520301017579528
1742,0.3157894736842105,13,True,0.34615384615384615,0.6153846153846154,0.20184431586908624,1.7004397181410922
1743,0.3157894736842105,13,True,0.4273504273504274,0.6923076923076923,0.25334307806277934,1.5058762556041068
1744,0.3157894736842105,13,True,0.36666666666666664,0.38461538461538464,0.05724431599837487,1.8843135277997989
1745,0.3157894736842105,13,True,0.3188034188034188,0.46153846153846156,0.151141656383731,1.8919954870390203
1746,0.3157894736842105,13,True,0.39914529914529917,0.6923076923076923,0.25334307806277934,1.5058762556041068
1747,0.3157894736842105,13,True,0.46153846153846156,0.6153846153846154,0.17387259391093668,1.4885252948977485
1748,0.3157894736842105,13,True,0.3094017094017094,0.38461538461538464,0.12192454098069472,2.2877837199410704
1749,0.3157894736842105,13,True,0.49743589743589745,0.7692307692307693,0.21101139994137996,0.9912642605354288
1750,0.3157894736842105,13,True,0.31794871794871793,0.46153846153846156,0.1433953421538704,2.199687794731328
1751,0.3157894736842105,13,True,0.4846153846153846,0.8461538461538461,0.28560263299760746,0.7732283485249176
1752,0.3157894736842105,13,True,0.6,1.0,0.10025624130173738,0.0
1753,0.3157894736842105,13,True,0.2829059829059829,0.46153846153846156,0.151141656383731,1.8919954870390203
1754,0.3157894736842105,13,True,0.3367521367521367,0.5384615384615384,0.18354756840725672,2.0349409139562287
1755,0.3157894736842105,13,True,0.34188034188034183,0.38461538461538464,0.11245363654103213,2.038159681645953
1756,0.3157894736842105,13,True,0.5743589743589743,0.9230769230769231,0.2634294358664522,0.39124356362925566
1757,0.3157894736842105,13,True,0.3521367521367521,0.6153846153846154,0.20184431586908624,1.7004397181410922
1758,0.3157894736842105,13,True,0.3316239316239316,0.6153846153846154,0.20184431586908624,1.7004397181410922
1759,0.9473684210526315,1,False,,,,
1760,0.9473684210526315,1,False,,,,
1761,0.9473684210526315,1,False,,,,
1762,0.9473684210526315,1,False,,,,
1763,0.9473684210526315,1,False,,,,
1764,0.9473684210526315,1,False,,,,
1765,0.9473684210526315,1,False,,,,
1766,0.9473684210526315,1,False,,,,
1767,0.3684210526315789,12,True,0.26666666666666666,0.3333333333333333,0.1522439593200896,2.751629167387823
1768,0.3684210526315789,12,True,0.48282828282828283,0.75,0.2626406304386867,1.207518749639422
1769,0.42105263157894735,11,True,0.5054545454545455,0.8181818181818182,0.25838690151454435,0.8658566174572235
1770,0.42105263157894735,11,True,0.3878787878787879,0.45454545454545453,0.15902508684635352,1.676737030052133
1771,0.42105263157894735,11,True,0.2533333333333333,0.2727272727272727,0.17056421755728335,2.8453509366224368
1772,0.3157894736842105,13,True,0.4025641025641026,0.6153846153846154,0.20184431586908624,1.7004397181410922
1773,0.3157894736842105,13,True,0.2188034188034188,0.3076923076923077,0.11668426943697652,2.7773627950641693
1774,0.3157894736842105,13,True,0.6153846153846153,0.9230769230769231,0.2634294358664522,0.39124356362925566
1775,0.3157894736842105,13,True,0.3965811965811966,0.6923076923076923,0.21409410126225947,1.3520301017579528
1776,0.3157894736842105,13,True,0.38119658119658123,0.6923076923076923,0.25334307806277945,1.5058762556041068
1777,0.3684210526315789,12,True,0.36363636363636365,0.5833333333333334,0.1976336043635435,1.780672129520887
1778,0.3684210526315789,12,True,0.47474747474747475,0.5833333333333334,0.16918488141581267,1.5510981710072647
1779,0.42105263157894735,11,True,0.37696969696969695,0.5454545454545454,0.09352736187005983,1.4353713907745331
1780,0.42105263157894735,11,True,0.4412121212121212,0.6363636363636364,0.1498881368720676,1.2406705316766884
1781,0.42105263157894735,11,True,0.7454545454545455,0.9090909090909091,0.2199270264698785,0.4394969869215134
1782,0.3684210526315789,12,True,0.5595959595959596,0.8333333333333334,0.2673721749433876,0.8166890883150209
1783,0.3684210526315789,12,True,0.4171717171717172,0.5,0.14886155039635407,1.6258145836939115
1784,0.3684210526315789,12,True,0.4121212121212121,0.75,0.19658386084094515,1.0408520829727552
1785,0.3684210526315789,12,True,0.3525252525252525,0.4166666666666667,0.15606028459591426,1.9508257945180885
1786,0.3684210526315789,12,True,0.2555555555555556,0.3333333333333333,0.15255700352874701,2.5220552088742005
1787,0.3684210526315789,12,True,0.46969696969696967,0.5,0.10684939941418026,1.3250112108241772
1788,0.3684210526315789,12,True,0.402020202020202,0.6666666666666666,0.24545096392396826,1.584962500721156
1789,0.3684210526315789,12,True,0.23232323232323232,0.3333333333333333,0.1522439593200896,2.751629167387823
1790,0.3684210526315789,12,True,0.28686868686868683,0.5,0.20088836321582537,2.292481250360578
1791,0.3684210526315789,12,True,0.4676767676767677,0.75,0.19658386084094503,1.0408520829727552
1792,0.3684210526315789,12,True,0.3434343434343434,0.5833333333333334,0.1976336043635436,1.780672129520887
1793,0.3684210526315789,12,True,0.2909090909090909,0.3333333333333333,0.1318996353575359,2.355388542207534
1794,0.3684210526315789,12,True,0.23333333333333334,0.3333333333333333,0.13189963535753602,2.355388542207534
1795,0.9473684210526315,1,False,,,,
1796,0.9473684210526315,1,False,,,,
1797,0.9473684210526315,1,False,,,,
1798,0.9473684210526315,1,False,,,,
1799,0.9473684210526315,1,False,,,,
1800,0.9473684210526315,1,False,,,,
1801,0.9473684210526315,1,False,,,,
1802,0.9473684210526315,1,False,,,,
1803,0.9473684210526315,1,False,,,,
1804,0.9473684210526315,1,False,,,,
1805,0.9473684210526315,1,False,,,,
1806,0.3684210526315789,12,True,0.3404040404040404,0.3333333333333333,0.08641599948523981,1.855388542207534
1807,0.42105263157894735,11,True,0.37212121212121213,0.36363636363636365,0.11142704299982253,1.867633890971212
1808,0.3684210526315789,12,True,0.23939393939393938,0.4166666666666667,0.16207676723408126,2.221251836004466
1809,0.9473684210526315,1,False,,,,
1810,0.9473684210526315,1,False,,,,
1811,0.3684210526315789,12,True,0.3393939393939394,0.4166666666666667,0.16207676723408126,2.221251836004466
1812,0.6842105263157895,6,True,0.18666666666666665,0.3333333333333333,0.3768634756015604,2.2516291673878226
1813,0.6842105263157895,6,True,0.2,0.16666666666666666,0.38873147359769233,2.584962500721156
1814,0.6842105263157895,6,True,0.19555555555555557,0.3333333333333333,0.3768634756015604,2.2516291673878226
1815,0.3684210526315789,12,True,0.3434343434343434,0.6666666666666666,0.24545096392396826,1.584962500721156
1816,0.42105263157894735,11,True,0.526060606060606,0.8181818181818182,0.25838690151454435,0.8658566174572235
1817,0.47368421052631576,10,True,0.4488888888888889,0.8,0.25838690151454435,0.9219280948873623
1818,0.3684210526315789,12,True,0.402020202020202,0.5833333333333334,0.1976336043635436,1.780672129520887
1819,0.3684210526315789,12,True,0.302020202020202,0.5,0.18354756840725694,2.125814583693911
1820,0.3684210526315789,12,True,0.2949494949494949,0.5,0.1693969746959355,1.896240625180289
1821,0.3684210526315789,12,True,0.3707070707070707,0.75,0.2626406304386867,1.207518749639422
1822,0.3684210526315789,12,True,0.6444444444444445,0.9166666666666666,0.2360639286070707,0.41381685030363374
1823,0.3684210526315789,12,True,0.2484848484848485,0.3333333333333333,0.13931336313991427,2.5849625007211556
1824,0.3684210526315789,12,True,0.28686868686868683,0.3333333333333333,0.13931336313991427,2.584962500721156
1825,0.3684210526315789,12,True,0.3777777777777778,0.4166666666666667,0.16207676723408126,2.221251836004466
1826,0.3684210526315789,12,True,0.5171717171717172,0.5833333333333334,0.12085121456258774,1.2806721295208872
1827,0.3684210526315789,12,True,0.3393939393939394,0.5,0.12063835223938557,1.7295739585136223
1828,0.3684210526315789,12,True,0.3606060606060606,0.5,0.1693969746959355,1.896240625180289
1829,0.3684210526315789,12,True,0.34545454545454546,0.5833333333333334,0.22369979466064327,1.9473387961875537
1830,0.3684210526315789,12,True,0.3181818181818182,0.3333333333333333,0.12328691953411319,2.084962500721156
1831,0.3684210526315789,12,True,0.3,0.5833333333333334,0.22369979466064327,1.9473387961875537
1832,0.42105263157894735,11,True,0.21818181818181817,0.18181818181818182,0.15803050740691038,2.9139770731827523
1833,0.3684210526315789,12,True,0.20707070707070707,0.3333333333333333,0.13931336313991427,2.584962500721156
1834,0.8421052631578947,3,False,,,,
1835,0.8421052631578947,3,False,,,,
1836,0.8421052631578947,3,False,,,,
1837,0.8421052631578947,3,False,,,,
1838,0.8947368421052632,2,False,,,,
1839,0.8421052631578947,3,False,,,,
1840,0.42105263157894735,11,True,0.2387878787878788,0.2727272727272727,0.17056421755728335,2.8453509366224368
1841,0.5263157894736842,9,True,0.36666666666666664,0.6666666666666666,0.2750678362011758,1.4466166676282082
1842,0.5263157894736842,9,True,0.3111111111111111,0.3333333333333333,0.21129967947546247,2.197159723424149
1843,0.5263157894736842,9,True,0.37962962962962965,0.6666666666666666,0.2750678362011758,1.4466166676282082
1844,0.47368421052631576,10,True,0.22962962962962966,0.3,0.20304543438098532,2.6464393446710153
1845,0.5263157894736842,9,True,0.48518518518518516,0.6666666666666666,0.2750678362011758,1.4466166676282082
1846,0.5263157894736842,9,True,0.4666666666666667,0.6666666666666666,0.0958883125600768,0.9182958340544896
1847,0.5263157894736842,9,True,0.34074074074074073,0.4444444444444444,0.21262228529006166,1.7527152789797045
1848,0.5263157894736842,9,True,0.24814814814814815,0.3333333333333333,0.2362832736567574,2.4193819456463714
1849,0.5263157894736842,9,True,0.4222222222222223,0.6666666666666666,0.2750678362011758,1.4466166676282082
1850,0.5263157894736842,9,True,0.29629629629629634,0.4444444444444444,0.21262228529006155,1.7527152789797045
1851,0.5263157894736842,9,True,0.2925925925925926,0.4444444444444444,0.25962632736662017,2.2810361125534233
1852,0.5263157894736842,9,True,0.3148148148148148,0.5555555555555556,0.23199713097962393,1.6577427265048887
1853,0.5263157894736842,9,True,0.2833333333333333,0.5555555555555556,0.23199713097962393,1.6577427265048887
1854,0.5263157894736842,9,True,0.22407407407407406,0.3333333333333333,0.2362832736567574,2.4193819456463714
1855,0.8947368421052632,2,False,,,,
1856,0.8947368421052632,2,False,,,,
1857,0.8947368421052632,2,False,,,,
1858,0.8947368421052632,2,False,,,,
1859,0.8947368421052632,2,False,,,,
1860,0.8947368421052632,2,False,,,,
1861,0.8947368421052632,2,False,,,,
1862,0.8947368421052632,2,False,,,,
1863,0.9473684210526315,1,False,,,,
1864,0.9473684210526315,1,False,,,,
1865,0.9473684210526315,1,False,,,,
1866,0.9473684210526315,1,False,,,,
1867,0.9473684210526315,1,False,,,,
1868,0.9473684210526315,1,False,,,,
1869,0.5789473684210527,8,True,0.3071428571428571,0.375,0.24864847816330582,1.811278124459133
1870,0.5789473684210527,8,True,0.30238095238095236,0.375,0.24864847816330582,1.811278124459133
1871,0.5789473684210527,8,True,0.30238095238095236,0.5,0.2597604999432015,1.75
1872,0.5789473684210527,8,True,0.35714285714285715,0.625,0.23559909273734092,1.2987949406953985
1873,0.5263157894736842,9,True,0.2796296296296296,0.4444444444444444,0.23665100921813997,2.058813890331201
1874,0.5789473684210527,8,True,0.4261904761904762,0.75,0.28560263299760746,1.061278124459133
1875,0.5789473684210527,8,True,0.2642857142857143,0.375,0.23153730178623289,1.9056390622295665
1876,0.47368421052631576,10,True,0.29185185185185186,0.3,0.17190038180287592,2.170950594454669
1877,0.47368421052631576,10,True,0.23555555555555555,0.3,0.20304543438098532,2.6464393446710153
1878,0.47368421052631576,10,True,0.3333333333333333,0.6,0.21409410126225947,1.5709505944546687
1879,0.9473684210526315,1,False,,,,
1880,0.9473684210526315,1,False,,,,
1881,0.8947368421052632,2,False,,,,
1882,0.8947368421052632,2,False,,,,
1883,0.8947368421052632,2,False,,,,
1884,0.8947368421052632,2,False,,,,
1885,0.5263157894736842,9,True,0.2907407407407407,0.6666666666666666,0.2750678362011758,1.4466166676282082
1886,0.5263157894736842,9,True,0.3907407407407407,0.6666666666666666,0.2750678362011758,1.4466166676282082
1887,0.5263157894736842,9,True,0.3555555555555555,0.5555555555555556,0.23199713097962393,1.6577427265048887
1888,0.5263157894736842,9,True,0.3333333333333333,0.6666666666666666,0.2750678362011758,1.4466166676282082
1889,0.5263157894736842,9,True,0.4425925925925926,0.6666666666666666,0.21101139994137996,1.224394445405986
1890,0.5263157894736842,9,True,0.3462962962962963,0.6666666666666666,0.2750678362011758,1.4466166676282082
1891,0.5263157894736842,9,True,0.6,0.8888888888888888,0.2199270264698785,0.5032583347756457
1892,0.5263157894736842,9,True,0.4555555555555556,0.7777777777777778,0.14194027202555715,0.7642045065086203
1893,0.5263157894736842,9,True,0.3962962962962963,0.6666666666666666,0.2750678362011758,1.4466166676282082
1894,0.5263157894736842,9,True,0.32037037037037036,0.4444444444444444,0.23665100921813997,2.058813890331201
1895,0.5263157894736842,9,True,0.3277777777777778,0.5555555555555556,0.23199713097962393,1.6577427265048887
1896,0.5263157894736842,9,True,0.4611111111111111,0.7777777777777778,0.2673721749433876,0.9864267287308424
1897,0.5263157894736842,9,True,0.4444444444444444,0.4444444444444444,0.1712804787748815,1.3921472236645345
1898,0.5789473684210527,8,True,0.4142857142857143,0.375,0.18033947510287063,1.561278124459133
1899,0.5263157894736842,9,True,0.22962962962962966,0.3333333333333333,0.2362832736567574,2.4193819456463714
1900,0.5789473684210527,8,True,0.3,0.375,0.24864847816330582,1.811278124459133
1901,0.5789473684210527,8,True,0.2571428571428572,0.25,0.2752707006065839,2.5
1902,0.5789473684210527,8,True,0.39761904761904765,0.5,0.21310559346698976,1.4056390622295665
1903,0.5789473684210527,8,True,0.25,0.375,0.2894231402765127,2.4056390622295662
1904,0.5263157894736842,9,True,0.3425925925925926,0.3333333333333333,0.18439908713309305,1.8910611120726526
1905,0.5263157894736842,9,True,0.35,0.5555555555555556,0.18087332026436254,1.3516441151533922
1906,0.5263157894736842,9,True,0.3111111111111111,0.3333333333333333,0.18439908713309305,1.8910611120726526
1907,0.5263157894736842,9,True,0.4666666666666667,0.6666666666666666,0.0958883125600768,0.9182958340544896
1908,0.42105263157894735,11,True,0.42303030303030303,0.7272727272727273,0.2585421883818424,1.2776134368191154
1909,0.42105263157894735,11,True,0.20484848484848486,0.2727272727272727,0.15867131134623425,2.663532754804255
1910,0.47368421052631576,10,True,0.38222222222222224,0.6,0.16008854642218662,1.295461844238322
1911,0.47368421052631576,10,True,0.39555555555555555,0.6,0.21409410126225947,1.5709505944546687
1912,0.42105263157894735,11,True,0.2096969696969697,0.18181818181818182,0.1454276709574014,2.7321588913645702
1913,0.42105263157894735,11,True,0.37696969696969695,0.6363636363636364,0.24545096392396837,1.6729330318733675
1914,0.42105263157894735,11,True,0.2642424242424243,0.36363636363636365,0.17110427909453796,2.004886164091843
1915,0.42105263157894735,11,True,0.3624242424242424,0.5454545454545454,0.15676141753386386,1.6858157091530304
1916,0.42105263157894735,11,True,0.41696969696969693,0.8181818181818182,0.25838690151454435,0.8658566174572235
1917,0.42105263157894735,11,True,0.2678787878787879,0.2727272727272727,0.13843351652387526,2.481714572986073
1918,0.42105263157894735,11,True,0.3103030303030303,0.5454545454545454,0.1738725939109368,1.6171895725927152
1919,0.42105263157894735,11,True,0.34060606060606063,0.45454545454545453,0.16315629602638737,2.0403733936884962
1920,0.42105263157894735,11,True,0.3139393939393939,0.5454545454545454,0.20184431586908624,1.8676338909712125
1921,0.42105263157894735,11,True,0.33454545454545453,0.45454545454545453,0.13080188868938503,1.789929075309999
1922,0.42105263157894735,11,True,0.25575757575757574,0.2727272727272727,0.12040161960918283,2.2312702546075758
1923,0.42105263157894735,11,True,0.29939393939393943,0.36363636363636365,0.17110427909453796,2.004886164091843
1924,0.42105263157894735,11,True,0.2593939393939394,0.2727272727272727,0.15867131134623425,2.663532754804255
1925,0.42105263157894735,11,True,0.41696969696969693,0.5454545454545454,0.09352736187006006,1.4353713907745331
1926,0.3684210526315789,12,True,0.20808080808080806,0.16666666666666666,0.1276604124199967,3.084962500721156
1927,0.3684210526315789,12,True,0.3484848484848485,0.5833333333333334,0.1976336043635436,1.780672129520887
1928,0.42105263157894735,11,True,0.25575757575757574,0.36363636363636365,0.13038293096458609,2.1867043459100244
1929,0.42105263157894735,11,True,0.35030303030303034,0.36363636363636365,0.14575294935186023,2.1180782093497093
1930,0.42105263157894735,11,True,0.31636363636363635,0.6363636363636364,0.20530794671029118,1.4911148500551854
1931,0.42105263157894735,11,True,0.2606060606060606,0.36363636363636365,0.175929009903667,2.2998963911678914
1932,0.42105263157894735,11,True,0.2593939393939394,0.2727272727272727,0.171914951735067,2.59490661824394
1933,0.3684210526315789,12,True,0.20808080808080806,0.25,0.13962061144647375,3.0220552088742
1934,0.3684210526315789,12,True,0.28585858585858587,0.4166666666666667,0.1675526697089812,2.4508257945180882
1935,0.5263157894736842,9,True,0.42777777777777776,0.6666666666666666,0.2750678362011758,1.4466166676282082
1936,0.631578947368421,7,True,0.4095238095238095,0.7142857142857143,0.20033199319823125,0.863120568566631
1937,0.631578947368421,7,True,0.3428571428571428,0.7142857142857143,0.20033199319823125,0.863120568566631
1938,0.631578947368421,7,True,0.30158730158730157,0.7142857142857143,0.31364651914901476,1.1488348542809166
1939,0.9473684210526315,1,False,,,,
1940,0.9473684210526315,1,False,,,,
1941,0.9473684210526315,1,False,,,,
1942,0.9473684210526315,1,False,,,,
1943,0.9473684210526315,1,False,,,,
1944,0.9473684210526315,1,False,,,,
1945,0.9473684210526315,1,False,,,,
1946,0.9473684210526315,1,False,,,,
1947,0.8947368421052632,2,False,,,,
1948,0.8947368421052632,2,False,,,,
1949,0.8947368421052632,2,False,,,,
1950,0.8947368421052632,2,False,,,,
1951,0.8947368421052632,2,False,,,,
1952,0.5263157894736842,9,True,0.3555555555555555,0.5555555555555556,0.23199713097962404,1.6577427265048887
1953,0.5263157894736842,9,True,0.3722222222222222,0.6666666666666666,0.21101139994137985,1.224394445405986
1954,0.47368421052631576,10,True,0.37481481481481477,0.5,0.21465505822008046,1.9609640474436814
1955,0.3684210526315789,12,True,0.3,0.3333333333333333,0.13189963535753602,2.355388542207534
1956,0.3684210526315789,12,True,0.40505050505050505,0.5833333333333334,0.1976336043635436,1.780672129520887
1957,0.3684210526315789,12,True,0.35353535353535354,0.5833333333333334,0.22369979466064327,1.9473387961875537
1958,0.3684210526315789,12,True,0.5646464646464646,0.8333333333333334,0.2673721749433876,0.8166890883150209
1959,0.3684210526315789,12,True,0.24444444444444444,0.4166666666666667,0.1675526697089812,2.4508257945180882
1960,0.3684210526315789,12,True,0.28888888888888886,0.4166666666666667,0.15606028459591426,1.9508257945180887
1961,0.3684210526315789,12,True,0.20505050505050504,0.4166666666666667,0.16755266970898097,2.4508257945180887
1962,0.42105263157894735,11,True,0.23515151515151517,0.45454545454545453,0.20875469682471393,2.4040097573248604
1963,0.7368421052631579,5,True,0.26666666666666666,0.6,0.403874569882679,1.3709505944546687
1964,0.7368421052631579,5,True,0.24666666666666667,0.4,0.4240799522429881,1.9219280948873623
1965,0.7368421052631579,5,True,0.16,0.2,0.44196169314325406,2.321928094887362
1966,0.7368421052631579,5,True,0.22,0.4,0.4240799522429881,1.9219280948873623
1967,0.7894736842105263,4,False,,,,
1968,0.7894736842105263,4,False,,,,
1969,0.8421052631578947,3,False,,,,
1970,0.8947368421052632,2,False,,,,
1971,0.8421052631578947,3,False,,,,
1972,0.8421052631578947,3,False,,,,
1973,0.8421052631578947,3,False,,,,
1974,0.8421052631578947,3,False,,,,
1975,0.7894736842105263,4,False,,,,
1976,0.6842105263157895,6,True,0.28444444444444444,0.5,0.368718405808535,1.7924812503605778
1977,0.7368421052631579,5,True,0.16666666666666666,0.2,0.44196169314325406,2.321928094887362
1978,0.6842105263157895,6,True,0.22666666666666666,0.3333333333333333,0.3768634756015603,2.2516291673878226
1979,0.42105263157894735,11,True,0.303030303030303,0.45454545454545453,0.1919537021102833,2.2221915755066783
1980,0.42105263157894735,11,True,0.29454545454545455,0.45454545454545453,0.1919537021102833,2.2221915755066783
1981,0.47368421052631576,10,True,0.36000000000000004,0.6,0.25334307806277934,1.7709505944546688
1982,0.42105263157894735,11,True,0.35878787878787877,0.5454545454545454,0.20184431586908624,1.8676338909712125
1983,0.42105263157894735,11,True,0.2909090909090909,0.2727272727272727,0.13577163799645697,2.1626441180472606
1984,0.42105263157894735,11,True,0.3660606060606061,0.45454545454545453,0.15902508684635352,1.676737030052133
1985,0.42105263157894735,11,True,0.2703030303030303,0.2727272727272727,0.13843351652387503,2.481714572986073
1986,0.3684210526315789,12,True,0.24444444444444444,0.4166666666666667,0.16207676723408126,2.221251836004466
1987,0.2631578947368421,14,True,0.2886446886446886,0.2857142857142857,0.056362270023806116,2.1820058147602133
1988,0.2631578947368421,14,True,0.5787545787545788,0.8571428571428571,0.31364651914901476,0.7345299214394703
1989,0.2631578947368421,14,True,0.24835164835164836,0.35714285714285715,0.10988676658963126,2.495602923729013
1990,0.631578947368421,7,True,0.3777777777777778,0.7142857142857143,0.31364651914901487,1.1488348542809166
1991,0.6842105263157895,6,True,0.3555555555555555,0.6666666666666666,0.24936273490419736,0.9182958340544896
1992,0.6842105263157895,6,True,0.36444444444444446,0.5,0.3197363442781459,1.4591479170272448
1993,0.6842105263157895,6,True,0.38666666666666666,0.6666666666666666,0.35250246264226515,1.2516291673878228
1994,0.6842105263157895,6,True,0.2977777777777778,0.3333333333333333,0.3516072294314623,1.9182958340544896
1995,0.6842105263157895,6,True,0.2711111111111111,0.5,0.368718405808535,1.7924812503605778
1996,0.6842105263157895,6,True,0.16,0.16666666666666666,0.38873147359769233,2.584962500721156
1997,0.6842105263157895,6,True,0.15555555555555553,0.16666666666666666,0.38873147359769233,2.584962500721156
1998,0.6842105263157895,6,True,0.28444444444444444,0.3333333333333333,0.3768634756015603,2.2516291673878226
1999,0.8421052631578947,3,False,,,,
2000,0.8421052631578947,3,False,,,,
2001,0.8421052631578947,3,False,,,,
2002,0.8421052631578947,3,False,,,,
2003,0.9473684210526315,1,False,,,,
2004,0.9473684210526315,1,False,,,,
2005,0.8947368421052632,2,False,,,,
2006,0.8947368421052632,2,False,,,,
2007,0.9473684210526315,1,False,,,,
2008,0.9473684210526315,1,False,,,,
2009,0.9473684210526315,1,False,,,,
2010,0.8947368421052632,2,False,,,,
2011,0.8947368421052632,2,False,,,,
2012,0.8947368421052632,2,False,,,,
2013,0.8947368421052632,2,False,,,,
2014,0.8947368421052632,2,False,,,,
2015,0.8947368421052632,2,False,,,,
2016,0.8947368421052632,2,False,,,,
2017,0.8947368421052632,2,False,,,,
2018,0.7894736842105263,4,False,,,,
2019,0.7894736842105263,4,False,,,,
2020,0.7894736842105263,4,False,,,,
2021,0.7894736842105263,4,False,,,,
2022,0.7894736842105263,4,False,,,,
2023,0.5263157894736842,9,True,0.3351851851851852,0.5555555555555556,0.26942437427994104,1.8799649487271108
2024,0.5263157894736842,9,True,0.3277777777777778,0.5555555555555556,0.18087332026436265,1.3516441151533922
2025,0.8947368421052632,2,False,,,,
2026,0.8947368421052632,2,False,,,,
2027,0.8947368421052632,2,False,,,,
2028,0.8947368421052632,2,False,,,,
2029,0.8947368421052632,2,False,,,,
2030,0.8947368421052632,2,False,,,,
2031,0.8947368421052632,2,False,,,,
2032,0.8947368421052632,2,False,,,,
2033,0.47368421052631576,10,True,0.33925925925925926,0.5,0.18813457241778053,1.6854752972273346
2034,0.47368421052631576,10,True,0.4014814814814815,0.6,0.21409410126225947,1.5709505944546687
2035,0.47368421052631576,10,True,0.27851851851851855,0.5,0.21465505822008046,1.9609640474436814
2036,0.47368421052631576,10,True,0.39111111111111113,0.6,0.25334307806277934,1.7709505944546688
2037,0.42105263157894735,11,True,0.39636363636363636,0.7272727272727273,0.19182571696241768,1.0957952550009336
2038,0.42105263157894735,11,True,0.3296969696969697,0.5454545454545454,0.20184431586908624,1.867633890971212
2039,0.42105263157894735,11,True,0.3139393939393939,0.5454545454545454,0.20184431586908624,1.867633890971212
2040,0.42105263157894735,11,True,0.28363636363636363,0.2727272727272727,0.15867131134623425,2.663532754804255
2041,0.42105263157894735,11,True,0.2581818181818182,0.2727272727272727,0.1525859561938041,2.413088436425758
2042,0.42105263157894735,11,True,0.3624242424242424,0.6363636363636364,0.24545096392396826,1.6729330318733675
2043,0.42105263157894735,11,True,0.2703030303030303,0.45454545454545453,0.16315629602638737,2.0403733936884962
2044,0.2631578947368421,14,True,0.31135531135531136,0.35714285714285715,0.08630130013759008,2.35274578087187
2045,0.3157894736842105,13,True,0.25470085470085474,0.3076923076923077,0.06969896012382748,2.199687794731328
2046,0.2631578947368421,14,True,0.27765567765567767,0.42857142857142855,0.12997881970764258,2.4137995646056805
2047,0.2631578947368421,14,True,0.3384615384615384,0.5,0.1479243275641523,2.1179631753145163
2048,0.2631578947368421,14,True,0.22490842490842491,0.2857142857142857,0.09531008166021704,2.950212064914748
2049,0.2631578947368421,14,True,0.4835164835164835,0.7857142857142857,0.2962465220098368,1.0892300788425848
2050,0.2631578947368421,14,True,0.5223443223443224,0.8571428571428571,0.31364651914901476,0.7345299214394703
2051,0.2631578947368421,14,True,0.3648351648351648,0.42857142857142855,0.1452270016028332,1.870253816431622
2052,0.2631578947368421,14,True,0.4351648351648352,0.7142857142857143,0.26942437427994104,1.4345491399952024
2053,0.2631578947368421,14,True,0.38241758241758245,0.5714285714285714,0.1785263144136614,1.7534343861887849
2054,0.2631578947368421,14,True,0.2703296703296703,0.2857142857142857,0.05612416826104494,2.467720100474499
2055,0.2631578947368421,14,True,0.23296703296703297,0.21428571428571427,0.07699613926827187,2.8423709931771084
2056,0.2631578947368421,14,True,0.34139194139194134,0.42857142857142855,0.12192454098069472,2.217021885879718
2057,0.3157894736842105,13,True,0.34786324786324785,0.6153846153846154,0.20184431586908624,1.7004397181410922
2058,0.42105263157894735,11,True,0.34545454545454546,0.5454545454545454,0.15676141753386386,1.6858157091530304
2059,0.3157894736842105,13,True,0.2572649572649573,0.38461538461538464,0.143409797538952,2.6535442970305683
2060,0.3684210526315789,12,True,0.28585858585858587,0.25,0.09440414197774416,2.5220552088742
2061,0.3157894736842105,13,True,0.2777777777777778,0.38461538461538464,0.11245363654103213,2.038159681645953
2062,0.3157894736842105,13,True,0.3393162393162393,0.38461538461538464,0.14322246009647543,2.4416298737872246
2063,0.3157894736842105,13,True,0.25384615384615383,0.38461538461538464,0.1452675946905575,2.1920058354921066
2064,0.3157894736842105,13,True,0.33418803418803417,0.46153846153846156,0.1433953421538704,2.199687794731328
2065,0.3157894736842105,13,True,0.3051282051282051,0.5384615384615384,0.18354756840725694,2.0349409139562287
2066,0.3157894736842105,13,True,0.25470085470085474,0.38461538461538464,0.11245363654103213,2.038159681645953
2067,0.9473684210526315,1,False,,,,
2068,0.9473684210526315,1,False,,,,
2069,0.3157894736842105,13,True,0.25470085470085474,0.3076923076923077,0.11668426943697652,2.7773627950641693
2070,0.42105263157894735,11,True,0.3878787878787879,0.5454545454545454,0.1738725939109368,1.6171895725927152
2071,0.47368421052631576,10,True,0.48444444444444446,0.8,0.25838690151454435,0.9219280948873623
2072,0.47368421052631576,10,True,0.31407407407407406,0.4,0.19725171154555354,2.0464393446710156
2073,0.6842105263157895,6,True,0.2577777777777778,0.3333333333333333,0.3768634756015603,2.2516291673878226
2074,0.6842105263157895,6,True,0.20444444444444443,0.3333333333333333,0.3516072294314623,1.9182958340544893
2075,0.6842105263157895,6,True,0.38666666666666666,0.6666666666666666,0.35250246264226515,1.2516291673878228
2076,0.6842105263157895,6,True,0.4,0.6666666666666666,0.35250246264226515,1.2516291673878228
2077,0.6842105263157895,6,True,0.38222222222222224,0.5,0.3197363442781459,1.4591479170272448
2078,0.6842105263157895,6,True,0.2622222222222222,0.5,0.3197363442781459,1.4591479170272448
2079,0.6842105263157895,6,True,0.3555555555555555,0.5,0.3197363442781459,1.4591479170272448
2080,0.42105263157894735,11,True,0.3054545454545455,0.36363636363636365,0.175929009903667,2.2998963911678914
2081,0.42105263157894735,11,True,0.2484848484848485,0.2727272727272727,0.1525859561938041,2.413088436425758
2082,0.42105263157894735,11,True,0.4024242424242424,0.5454545454545454,0.1738725939109368,1.6171895725927152
2083,0.42105263157894735,11,True,0.42787878787878786,0.5454545454545454,0.1738725939109368,1.6171895725927152
2084,0.47368421052631576,10,True,0.28888888888888886,0.3,0.17190038180287592,2.1709505944546685
2085,0.3684210526315789,12,True,0.23939393939393938,0.4166666666666667,0.16207676723408126,2.221251836004466
2086,0.42105263157894735,11,True,0.23636363636363636,0.36363636363636365,0.175929009903667,2.2998963911678914
2087,0.42105263157894735,11,True,0.3333333333333333,0.45454545454545453,0.15902508684635352,1.676737030052133
2088,0.42105263157894735,11,True,0.2812121212121212,0.36363636363636365,0.17110427909453796,2.004886164091843
2089,0.42105263157894735,11,True,0.3903030303030303,0.6363636363636364,0.20530794671029118,1.4911148500551858
2090,0.42105263157894735,11,True,0.28727272727272724,0.36363636363636365,0.14575294935186045,2.1180782093497093
2091,0.42105263157894735,11,True,0.44727272727272727,0.6363636363636364,0.1498881368720677,1.2406705316766884
2092,0.42105263157894735,11,True,0.28848484848484846,0.36363636363636365,0.17110427909453796,2.004886164091843
2093,0.42105263157894735,11,True,0.43636363636363634,0.7272727272727273,0.2585421883818424,1.2776134368191154
2094,0.42105263157894735,11,True,0.3951515151515152,0.7272727272727273,0.19182571696241768,1.0957952550009336
2095,0.42105263157894735,11,True,0.6666666666666666,1.0,0.018059213135902308,0.0
2096,0.42105263157894735,11,True,0.5151515151515151,0.9090909090909091,0.2199270264698785,0.4394969869215134
2097,0.42105263157894735,11,True,0.30424242424242426,0.45454545454545453,0.13080188868938503,1.789929075309999
2098,0.42105263157894735,11,True,0.46424242424242423,0.7272727272727273,0.2585421883818424,1.2776134368191154
2099,0.42105263157894735,11,True,0.4945454545454545,0.8181818181818182,0.25838690151454435,0.8658566174572235
2100,0.42105263157894735,11,True,0.34060606060606063,0.6363636363636364,0.20530794671029118,1.4911148500551858
2101,0.42105263157894735,11,True,0.30787878787878786,0.45454545454545453,0.15902508684635352,1.6767370300521325
2102,0.42105263157894735,11,True,0.29696969696969694,0.45454545454545453,0.20875469682471381,2.4040097573248604
2103,0.42105263157894735,11,True,0.29454545454545455,0.45454545454545453,0.1785263144136614,1.971747257128181
2104,0.42105263157894735,11,True,0.30909090909090914,0.5454545454545454,0.2275769429533877,2.049452072789394
2105,0.42105263157894735,11,True,0.22787878787878788,0.2727272727272727,0.15867131134623425,2.663532754804255
2106,0.42105263157894735,11,True,0.3187878787878788,0.36363636363636365,0.14575294935186045,2.1180782093497093
2107,0.47368421052631576,10,True,0.32,0.5,0.1710233960407077,1.7609640474436812
2108,0.47368421052631576,10,True,0.41333333333333333,0.6,0.16008854642218662,1.295461844238322
2109,0.47368421052631576,10,True,0.32592592592592595,0.4,0.19725171154555354,2.0464393446710156
2110,0.42105263157894735,11,True,0.23030303030303031,0.2727272727272727,0.15867131134623425,2.663532754804255
2111,0.42105263157894735,11,True,0.27515151515151515,0.2727272727272727,0.13843351652387503,2.481714572986073
2112,0.42105263157894735,11,True,0.2484848484848485,0.18181818181818182,0.15803050740691038,2.9139770731827523
2113,0.42105263157894735,11,True,0.2812121212121212,0.2727272727272727,0.1525859561938041,2.413088436425758
2114,0.42105263157894735,11,True,0.29939393939393943,0.45454545454545453,0.13080188868938503,1.789929075309999
2115,0.42105263157894735,11,True,0.3903030303030303,0.6363636363636364,0.24545096392396837,1.6729330318733675
2116,0.42105263157894735,11,True,0.2218181818181818,0.2727272727272727,0.15867131134623413,2.663532754804255
2117,0.42105263157894735,11,True,0.23272727272727275,0.2727272727272727,0.15867131134623425,2.6635327548042547
2118,0.42105263157894735,11,True,0.32727272727272727,0.36363636363636365,0.12253906477971832,1.823067982273661
2119,0.42105263157894735,11,True,0.2642424242424243,0.45454545454545453,0.1919537021102833,2.2221915755066783
2120,0.42105263157894735,11,True,0.44242424242424244,0.45454545454545453,0.11864889982751314,1.3485878960124222
2121,0.8947368421052632,2,False,,,,
2122,0.8947368421052632,2,False,,,,
2123,0.9473684210526315,1,False,,,,
2124,0.9473684210526315,1,False,,,,
2125,0.9473684210526315,1,False,,,,
2126,0.9473684210526315,1,False,,,,
2127,0.9473684210526315,1,False,,,,
2128,0.9473684210526315,1,False,,,,
2129,0.9473684210526315,1,False,,,,
2130,0.9473684210526315,1,False,,,,
2131,0.8947368421052632,2,False,,,,
2132,0.8947368421052632,2,False,,,,
2133,0.8947368421052632,2,False,,,,
2134,0.8947368421052632,2,False,,,,
2135,0.9473684210526315,1,False,,,,
2136,0.9473684210526315,1,False,,,,
2137,0.9473684210526315,1,False,,,,
2138,0.9473684210526315,1,False,,,,
2139,0.9473684210526315,1,False,,,,
2140,0.9473684210526315,1,False,,,,
2141,0.9473684210526315,1,False,,,,
2142,0.9473684210526315,1,False,,,,
2143,0.9473684210526315,1,False,,,,
2144,0.9473684210526315,1,False,,,,
2145,0.9473684210526315,1,False,,,,
2146,0.9473684210526315,1,False,,,,
2147,0.9473684210526315,1,False,,,,
2148,0.9473684210526315,1,False,,,,
2149,0.9473684210526315,1,False,,,,
2150,0.9473684210526315,1,False,,,,
2151,0.9473684210526315,1,False,,,,
2152,0.9473684210526315,1,False,,,,
2153,0.9473684210526315,1,False,,,,
2154,0.9473684210526315,1,False,,,,
2155,0.9473684210526315,1,False,,,,
2156,0.9473684210526315,1,False,,,,
2157,0.9473684210526315,1,False,,,,
2158,0.42105263157894735,11,True,0.4145454545454546,0.7272727272727273,0.2585421883818424,1.2776134368191154
2159,0.5263157894736842,9,True,0.42592592592592593,0.6666666666666666,0.2750678362011758,1.4466166676282082
2160,0.5263157894736842,9,True,0.3,0.5555555555555556,0.26942437427994104,1.8799649487271108
2161,0.47368421052631576,10,True,0.32,0.6,0.21409410126225947,1.5709505944546687
2162,0.47368421052631576,10,True,0.26814814814814814,0.4,0.15164855035114533,1.8464393446710154
2163,0.47368421052631576,10,True,0.24296296296296296,0.3,0.20000510083358602,2.3709505944546687
2164,0.47368421052631576,10,True,0.2977777777777778,0.5,0.18813457241778064,1.6854752972273346
2165,0.5263157894736842,9,True,0.4074074074074074,0.7777777777777778,0.2673721749433876,0.9864267287308424
2166,0.5263157894736842,9,True,0.337037037037037,0.4444444444444444,0.21262228529006155,1.7527152789797045
2167,0.5263157894736842,9,True,0.36666666666666664,0.5555555555555556,0.18087332026436265,1.3516441151533922
2168,0.47368421052631576,10,True,0.3111111111111111,0.5,0.21465505822008046,1.9609640474436814
2169,0.5263157894736842,9,True,0.2833333333333333,0.3333333333333333,0.21129967947546247,2.197159723424149
2170,0.47368421052631576,10,True,0.2414814814814815,0.5,0.18813457241778064,1.6854752972273344
2171,0.47368421052631576,10,True,0.6,1.0,0.001999116127700429,0.0
2172,0.47368421052631576,10,True,0.31555555555555553,0.5,0.18813457241778064,1.6854752972273346
2173,0.47368421052631576,10,True,0.22518518518518518,0.4,0.2248895132903982,2.5219280948873624
2174,0.631578947368421,7,True,0.39682539682539686,0.7142857142857143,0.31364651914901476,1.1488348542809166
2175,0.631578947368421,7,True,0.35238095238095235,0.7142857142857143,0.31364651914901476,1.1488348542809166
2176,0.631578947368421,7,True,0.5238095238095238,0.8571428571428571,0.2634294358664522,0.5916727785823275
2177,0.5789473684210527,8,True,0.25,0.5,0.29436266502391517,2.0
2178,0.9473684210526315,1,False,,,,
2179,0.9473684210526315,1,False,,,,
2180,0.5789473684210527,8,True,0.23333333333333334,0.5,0.29436266502391517,2.0
2181,0.5263157894736842,9,True,0.3592592592592593,0.4444444444444444,0.21262228529006166,1.7527152789797045
2182,0.5263157894736842,9,True,0.23333333333333334,0.3333333333333333,0.21129967947546247,2.197159723424149
2183,0.8421052631578947,3,False,,,,
2184,0.8421052631578947,3,False,,,,
2185,0.7894736842105263,4,False,,,,
2186,0.7894736842105263,4,False,,,,
2187,0.7894736842105263,4,False,,,,
2188,0.7894736842105263,4,False,,,,
2189,0.7894736842105263,4,False,,,,
2190,0.7894736842105263,4,False,,,,
2191,0.7894736842105263,4,False,,,,
2192,0.7894736842105263,4,False,,,,
2193,0.7894736842105263,4,False,,,,
2194,0.7368421052631579,5,True,0.4066666666666666,0.6,0.403874569882679,1.3709505944546687
2195,0.7368421052631579,5,True,0.20666666666666667,0.2,0.44196169314325406,2.321928094887362
2196,0.7368421052631579,5,True,0.4666666666666667,0.8,0.35553335479741277,0.7219280948873623
2197,0.47368421052631576,10,True,0.29037037037037033,0.5,0.1710233960407077,1.7609640474436812
2198,0.47368421052631576,10,True,0.26814814814814814,0.3,0.20000510083358602,2.3709505944546687
2199,0.47368421052631576,10,True,0.2074074074074074,0.2,0.18980179399215247,2.721928094887362
2200,0.47368421052631576,10,True,0.3244444444444445,0.4,0.19725171154555354,2.046439344671015
2201,0.47368421052631576,10,True,0.31703703703703706,0.5,0.21465505822008046,1.9609640474436814
2202,0.47368421052631576,10,True,0.56,0.9,0.21459298285888773,0.4689955935892812
2203,0.47368421052631576,10,True,0.29037037037037033,0.3,0.17190038180287592,2.170950594454669
2204,0.47368421052631576,10,True,0.2637037037037037,0.3,0.1565303634156019,2.246439344671016
2205,0.47368421052631576,10,True,0.2814814814814815,0.4,0.1818816931582794,2.121928094887362
2206,0.5263157894736842,9,True,0.31666666666666665,0.4444444444444444,0.19551110891298873,1.836591668108979
2207,0.5789473684210527,8,True,0.30476190476190473,0.25,0.2536413168939634,2.25
2208,0.631578947368421,7,True,0.41269841269841273,0.7142857142857143,0.31364651914901476,1.1488348542809166
2209,0.631578947368421,7,True,0.3492063492063492,0.5714285714285714,0.3269868938901337,1.6644977792004614
2210,0.5789473684210527,8,True,0.22142857142857142,0.5,0.29436266502391517,2.0
2211,0.5263157894736842,9,True,0.42037037037037034,0.6666666666666666,0.21101139994137985,1.224394445405986
2212,0.5263157894736842,9,True,0.22407407407407406,0.4444444444444444,0.25962632736662017,2.2810361125534233
2213,0.5263157894736842,9,True,0.3222222222222222,0.4444444444444444,0.25962632736662017,2.2810361125534233
2214,0.5263157894736842,9,True,0.274074074074074,0.4444444444444444,0.23665100921813997,2.058813890331201
2215,0.5263157894736842,9,True,0.3111111111111111,0.3333333333333333,0.2266696978627366,2.113283334294875
2216,0.5263157894736842,9,True,0.22962962962962966,0.3333333333333333,0.2502376437826136,2.6416041678685933
2217,0.9473684210526315,1,False,,,,
2218,0.9473684210526315,1,False,,,,
2219,0.47368421052631576,10,True,0.18518518518518517,0.3,0.20304543438098532,2.6464393446710153
2220,0.6842105263157895,6,True,0.3022222222222222,0.3333333333333333,0.3516072294314623,1.9182958340544893
2221,0.47368421052631576,10,True,0.24296296296296296,0.2,0.171700221493728,2.5219280948873624
2222,0.5789473684210527,8,True,0.24523809523809523,0.375,0.2894231402765127,2.4056390622295662
2223,0.5789473684210527,8,True,0.2261904761904762,0.25,0.2867214920979325,2.75
2224,0.5789473684210527,8,True,0.2833333333333333,0.375,0.24864847816330593,1.811278124459133
2225,0.5789473684210527,8,True,0.4285714285714286,0.75,0.28560263299760746,1.061278124459133
2226,0.5789473684210527,8,True,0.380952380952381,0.625,0.2962465220098368,1.5487949406953985
2227,0.5789473684210527,8,True,0.30238095238095236,0.375,0.26901133528123766,2.1556390622295662
2228,0.5789473684210527,8,True,0.39761904761904765,0.75,0.16494454884084453,0.8112781244591328
2229,0.5789473684210527,8,True,0.3404761904761905,0.5,0.19324013288374053,1.5
2230,0.5789473684210527,8,True,0.29047619047619044,0.375,0.26901133528123755,2.1556390622295662
2231,0.5789473684210527,8,True,0.29047619047619044,0.5,0.2597604999432016,1.75
2232,0.5789473684210527,8,True,0.2857142857142857,0.5,0.29436266502391517,2.0
2233,0.5789473684210527,8,True,0.30952380952380953,0.5,0.29436266502391517,2.0
2234,0.5789473684210527,8,True,0.31666666666666665,0.5,0.2597604999432015,1.75
2235,0.5789473684210527,8,True,0.2833333333333333,0.5,0.2597604999432016,1.75
2236,0.631578947368421,7,True,0.2920634920634921,0.2857142857142857,0.31402704890353805,2.2359263506290326
2237,0.631578947368421,7,True,0.2571428571428572,0.42857142857142855,0.3293970672908122,2.1280852788913944
2238,0.631578947368421,7,True,0.3206349206349206,0.42857142857142855,0.2987636957331653,1.8423709931771086
2239,0.6842105263157895,6,True,0.20888888888888887,0.16666666666666666,0.38873147359769233,2.584962500721156
2240,0.631578947368421,7,True,0.20952380952380953,0.14285714285714285,0.3387531097057149,2.807354922057604
2241,0.7368421052631579,5,True,0.2533333333333333,0.2,0.44196169314325406,2.321928094887362
2242,0.7368421052631579,5,True,0.22666666666666666,0.4,0.4240799522429881,1.9219280948873623
2243,0.631578947368421,7,True,0.30158730158730157,0.2857142857142857,0.31402704890353816,2.2359263506290326
2244,0.9473684210526315,1,False,,,,
2245,0.9473684210526315,1,False,,,,
2246,0.9473684210526315,1,False,,,,
2247,0.631578947368421,7,True,0.38412698412698415,0.7142857142857143,0.31364651914901476,1.1488348542809166
2248,0.631578947368421,7,True,0.28253968253968254,0.42857142857142855,0.2987636957331652,1.8423709931771084
2249,0.5789473684210527,8,True,0.20714285714285716,0.25,0.2867214920979325,2.75
2250,0.5789473684210527,8,True,0.21666666666666667,0.25,0.2752707006065839,2.5
2251,0.5789473684210527,8,True,0.26666666666666666,0.5,0.2597604999432016,1.75
2252,0.47368421052631576,10,True,0.2874074074074074,0.6,0.25334307806277934,1.7709505944546688
2253,0.6842105263157895,6,True,0.3377777777777778,0.5,0.368718405808535,1.7924812503605778
2254,0.6842105263157895,6,True,0.3288888888888889,0.5,0.3197363442781458,1.4591479170272448
2255,0.7368421052631579,5,True,0.36000000000000004,0.4,0.3840091092994299,1.5219280948873621
2256,0.7368421052631579,5,True,0.2,0.2,0.44196169314325406,2.321928094887362
2257,0.7368421052631579,5,True,0.20666666666666667,0.4,0.4240799522429881,1.9219280948873623
2258,0.7368421052631579,5,True,0.30666666666666664,0.4,0.3840091092994299,1.5219280948873621
2259,0.7368421052631579,5,True,0.26,0.4,0.4240799522429881,1.9219280948873623
2260,0.8947368421052632,2,False,,,,
2261,0.8947368421052632,2,False,,,,
2262,0.8947368421052632,2,False,,,,
2263,0.9473684210526315,1,False,,,,
2264,0.9473684210526315,1,False,,,,
2265,0.9473684210526315,1,False,,,,
2266,0.9473684210526315,1,False,,,,
2267,0.9473684210526315,1,False,,,,
2268,0.9473684210526315,1,False,,,,
2269,0.9473684210526315,1,False,,,,
2270,0.9473684210526315,1,False,,,,
2271,0.9473684210526315,1,False,,,,
2272,0.9473684210526315,1,False,,,,
2273,0.9473684210526315,1,False,,,,
2274,0.7894736842105263,4,False,,,,
2275,0.7894736842105263,4,False,,,,
2276,0.7368421052631579,5,True,0.24666666666666667,0.4,0.4240799522429881,1.9219280948873623
2277,0.5263157894736842,9,True,0.28703703703703703,0.3333333333333333,0.2362832736567574,2.4193819456463714
2278,0.5263157894736842,9,True,0.25,0.3333333333333333,0.2362832736567574,2.4193819456463714
2279,0.47368421052631576,10,True,0.3244444444444445,0.6,0.21409410126225947,1.5709505944546687
2280,0.47368421052631576,10,True,0.35407407407407404,0.5,0.18813457241778064,1.6854752972273344
2281,0.47368421052631576,10,True,0.28444444444444444,0.4,0.19725171154555354,2.046439344671015
2282,0.47368421052631576,10,True,0.3288888888888889,0.5,0.2393728467500651,2.1609640474436813
2283,0.5263157894736842,9,True,0.23148148148148148,0.3333333333333333,0.21129967947546247,2.197159723424149
2284,0.5263157894736842,9,True,0.3425925925925926,0.6666666666666666,0.2750678362011758,1.4466166676282082
2285,0.5263157894736842,9,True,0.2351851851851852,0.3333333333333333,0.21129967947546247,2.197159723424149
2286,0.5263157894736842,9,True,0.42777777777777776,0.4444444444444444,0.13851436041076215,1.5304930567574824
2287,0.47368421052631576,10,True,0.274074074074074,0.3,0.2125596493241808,2.8464393446710154
2288,0.47368421052631576,10,True,0.38074074074074077,0.7,0.2626406304386867,1.3567796494470397
2289,0.47368421052631576,10,True,0.28,0.4,0.19725171154555354,2.0464393446710156
2290,0.47368421052631576,10,True,0.2074074074074074,0.4,0.19725171154555354,2.0464393446710156
2291,0.47368421052631576,10,True,0.21777777777777776,0.3,0.2030454343809852,2.6464393446710157
2292,0.47368421052631576,10,True,0.3111111111111111,0.4,0.1818816931582793,2.1219280948873624
2293,0.5263157894736842,9,True,0.26296296296296295,0.2222222222222222,0.23699400339378085,2.725480556997868
2294,0.6842105263157895,6,True,0.3288888888888889,0.3333333333333333,0.3516072294314623,1.9182958340544893
2295,0.6842105263157895,6,True,0.20444444444444443,0.3333333333333333,0.3768634756015603,2.2516291673878226
2296,0.6842105263157895,6,True,0.24000000000000002,0.3333333333333333,0.3516072294314623,1.9182958340544893
2297,0.7894736842105263,4,False,,,,
2298,0.6842105263157895,6,True,0.3422222222222222,0.5,0.368718405808535,1.7924812503605778
2299,0.8947368421052632,2,False,,,,
2300,0.8947368421052632,2,False,,,,
2301,0.8947368421052632,2,False,,,,
2302,0.8947368421052632,2,False,,,,
2303,0.8947368421052632,2,False,,,,
2304,0.8947368421052632,2,False,,,,
2305,0.8947368421052632,2,False,,,,
2306,0.6842105263157895,6,True,0.24444444444444444,0.5,0.368718405808535,1.7924812503605778
2307,0.7368421052631579,5,True,0.22,0.4,0.4240799522429881,1.9219280948873623
2308,0.7368421052631579,5,True,0.36000000000000004,0.6,0.403874569882679,1.3709505944546687
2309,0.7368421052631579,5,True,0.23333333333333334,0.4,0.4240799522429881,1.9219280948873623
2310,0.7368421052631579,5,True,0.18666666666666665,0.4,0.4240799522429881,1.9219280948873623
2311,0.7368421052631579,5,True,0.2533333333333333,0.4,0.3840091092994298,1.5219280948873621
2312,0.7368421052631579,5,True,0.2866666666666667,0.6,0.403874569882679,1.3709505944546687
2313,0.7368421052631579,5,True,0.3266666666666667,0.6,0.403874569882679,1.3709505944546687
2314,0.7368421052631579,5,True,0.2866666666666667,0.4,0.4240799522429881,1.9219280948873623
2315,0.7368421052631579,5,True,0.2533333333333333,0.4,0.4240799522429881,1.9219280948873623
2316,0.7368421052631579,5,True,0.3266666666666667,0.6,0.403874569882679,1.3709505944546687
2317,0.9473684210526315,1,False,,,,
2318,0.9473684210526315,1,False,,,,
2319,0.9473684210526315,1,False,,,,
2320,0.9473684210526315,1,False,,,,
2321,0.9473684210526315,1,False,,,,
2322,0.9473684210526315,1,False,,,,
2323,0.9473684210526315,1,False,,,,
2324,0.9473684210526315,1,False,,,,
2325,0.9473684210526315,1,False,,,,
2326,0.9473684210526315,1,False,,,,
2327,0.9473684210526315,1,False,,,,
2328,0.9473684210526315,1,False,,,,
2329,0.9473684210526315,1,False,,,,
2330,0.9473684210526315,1,False,,,,
2331,0.9473684210526315,1,False,,,,
2332,0.9473684210526315,1,False,,,,
2333,0.7894736842105263,4,False,,,,
2334,0.7894736842105263,4,False,,,,
2335,0.7894736842105263,4,False,,,,
2336,0.7894736842105263,4,False,,,,
2337,0.631578947368421,7,True,0.3492063492063492,0.42857142857142855,0.2987636957331653,1.8423709931771088
2338,0.631578947368421,7,True,0.29523809523809524,0.2857142857142857,0.31402704890353805,2.2359263506290326
2339,0.631578947368421,7,True,0.2698412698412698,0.2857142857142857,0.31402704890353805,2.2359263506290326
2340,0.631578947368421,7,True,0.28253968253968254,0.2857142857142857,0.3308728090528291,2.5216406363433186
2341,0.631578947368421,7,True,0.33015873015873015,0.5714285714285714,0.27128755929541437,1.3787834934861753
2342,0.631578947368421,7,True,0.29523809523809524,0.42857142857142855,0.3293970672908122,2.1280852788913944
2343,0.5789473684210527,8,True,0.22142857142857142,0.375,0.26901133528123755,2.1556390622295662
2344,0.5789473684210527,8,True,0.2380952380952381,0.375,0.26901133528123755,2.1556390622295662
2345,0.631578947368421,7,True,0.26031746031746034,0.2857142857142857,0.31402704890353805,2.2359263506290326
2346,0.631578947368421,7,True,0.2507936507936508,0.2857142857142857,0.2816525193560925,1.9502120649147465
2347,0.6842105263157895,6,True,0.40444444444444444,0.5,0.3197363442781459,1.4591479170272448
2348,0.631578947368421,7,True,0.2253968253968254,0.2857142857142857,0.3308728090528291,2.521640636343318
2349,0.631578947368421,7,True,0.30476190476190473,0.42857142857142855,0.2987636957331653,1.8423709931771088
2350,0.631578947368421,7,True,0.2507936507936508,0.42857142857142855,0.2987636957331653,1.8423709931771088
2351,0.631578947368421,7,True,0.2571428571428572,0.42857142857142855,0.3293970672908122,2.1280852788913944
2352,0.631578947368421,7,True,0.2634920634920635,0.2857142857142857,0.31402704890353805,2.235926350629032
2353,0.631578947368421,7,True,0.2984126984126984,0.42857142857142855,0.2987636957331653,1.8423709931771084
2354,0.631578947368421,7,True,0.25396825396825395,0.42857142857142855,0.2987636957331652,1.8423709931771084
2355,0.631578947368421,7,True,0.19682539682539685,0.2857142857142857,0.3308728090528291,2.5216406363433186
2356,0.631578947368421,7,True,0.23174603174603176,0.42857142857142855,0.3293970672908122,2.1280852788913944
2357,0.7368421052631579,5,True,0.33999999999999997,0.6,0.403874569882679,1.3709505944546687
2358,0.6842105263157895,6,True,0.29333333333333333,0.3333333333333333,0.35160722943146216,1.9182958340544893
2359,0.6842105263157895,6,True,0.26666666666666666,0.5,0.3197363442781459,1.4591479170272448
2360,0.6842105263157895,6,True,0.36000000000000004,0.6666666666666666,0.35250246264226515,1.2516291673878228
2361,0.6842105263157895,6,True,0.21777777777777776,0.3333333333333333,0.3516072294314623,1.9182958340544896
2362,0.8421052631578947,3,False,,,,
2363,0.8947368421052632,2,False,,,,
2364,0.8947368421052632,2,False,,,,
2365,0.8947368421052632,2,False,,,,
2366,0.8947368421052632,2,False,,,,
2367,0.6842105263157895,6,True,0.23555555555555555,0.3333333333333333,0.3768634756015603,2.251629167387823
2368,0.6842105263157895,6,True,0.17777777777777778,0.16666666666666666,0.38873147359769233,2.584962500721156
2369,0.6842105263157895,6,True,0.3333333333333333,0.5,0.368718405808535,1.7924812503605778
2370,0.7368421052631579,5,True,0.18666666666666665,0.2,0.44196169314325406,2.321928094887362
2371,0.7894736842105263,4,False,,,,
2372,0.7894736842105263,4,False,,,,
2373,0.8421052631578947,3,False,,,,
2374,0.8421052631578947,3,False,,,,
2375,0.8421052631578947,3,False,,,,
2376,0.8421052631578947,3,False,,,,
2377,0.8947368421052632,2,False,,,,
2378,0.8947368421052632,2,False,,,,
2379,0.8947368421052632,2,False,,,,
2380,0.8947368421052632,2,False,,,,
2381,0.8947368421052632,2,False,,,,
2382,0.8947368421052632,2,False,,,,
2383,0.8947368421052632,2,False,,,,
2384,0.8947368421052632,2,False,,,,
2385,0.8947368421052632,2,False,,,,
2386,0.8947368421052632,2,False,,,,
2387,0.8947368421052632,2,False,,,,
2388,0.8947368421052632,2,False,,,,
2389,0.8947368421052632,2,False,,,,
2390,0.8947368421052632,2,False,,,,
2391,0.8947368421052632,2,False,,,,
2392,0.8947368421052632,2,False,,,,
2393,0.9473684210526315,1,False,,,,
2394,0.9473684210526315,1,False,,,,
2395,0.9473684210526315,1,False,,,,
2396,0.9473684210526315,1,False,,,,
2397,0.9473684210526315,1,False,,,,
2398,0.9473684210526315,1,False,,,,
2399,0.9473684210526315,1,False,,,,
2400,0.9473684210526315,1,False,,,,
2401,0.9473684210526315,1,False,,,,
2402,0.9473684210526315,1,False,,,,
2403,0.9473684210526315,1,False,,,,
2404,0.9473684210526315,1,False,,,,
2405,0.9473684210526315,1,False,,,,
2406,0.9473684210526315,1,False,,,,
2407,0.9473684210526315,1,False,,,,
2408,0.9473684210526315,1,False,,,,
2409,0.9473684210526315,1,False,,,,
2410,0.9473684210526315,1,False,,,,
2411,0.9473684210526315,1,False,,,,
2412,0.9473684210526315,1,False,,,,
2413,0.9473684210526315,1,False,,,,
2414,0.9473684210526315,1,False,,,,
2415,0.9473684210526315,1,False,,,,
2416,0.9473684210526315,1,False,,,,
2417,0.9473684210526315,1,False,,,,
2418,0.9473684210526315,1,False,,,,
2419,0.9473684210526315,1,False,,,,
2420,0.9473684210526315,1,False,,,,
2421,0.9473684210526315,1,False,,,,
2422,0.9473684210526315,1,False,,,,
2423,0.9473684210526315,1,False,,,,
2424,0.9473684210526315,1,False,,,,
2425,0.8947368421052632,2,False,,,,
2426,0.8947368421052632,2,False,,,,
2427,0.8947368421052632,2,False,,,,
2428,0.8947368421052632,2,False,,,,
2429,0.8947368421052632,2,False,,,,
2430,0.8947368421052632,2,False,,,,
2431,0.8947368421052632,2,False,,,,
2432,0.8947368421052632,2,False,,,,
2433,0.8947368421052632,2,False,,,,
2434,0.8947368421052632,2,False,,,,
2435,0.8947368421052632,2,False,,,,
2436,0.8947368421052632,2,False,,,,
2437,0.8947368421052632,2,False,,,,
2438,0.8947368421052632,2,False,,,,
2439,0.8947368421052632,2,False,,,,
2440,0.8947368421052632,2,False,,,,
2441,0.8947368421052632,2,False,,,,
2442,0.9473684210526315,1,False,,,,
2443,0.9473684210526315,1,False,,,,
2444,0.9473684210526315,1,False,,,,
2445,0.9473684210526315,1,False,,,,
2446,0.9473684210526315,1,False,,,,
2447,0.8947368421052632,2,False,,,,
2448,0.8947368421052632,2,False,,,,
2449,0.8947368421052632,2,False,,,,
2450,0.8947368421052632,2,False,,,,
2451,0.8947368421052632,2,False,,,,
2452,0.8947368421052632,2,False,,,,
2453,0.9473684210526315,1,False,,,,
2454,0.9473684210526315,1,False,,,,
2455,0.9473684210526315,1,False,,,,
2456,0.9473684210526315,1,False,,,,
2457,0.9473684210526315,1,False,,,,
2458,0.9473684210526315,1,False,,,,
2459,0.9473684210526315,1,False,,,,
2460,0.9473684210526315,1,False,,,,
2461,0.9473684210526315,1,False,,,,
2462,0.9473684210526315,1,False,,,,
2463,0.9473684210526315,1,False,,,,
2464,0.9473684210526315,1,False,,,,
2465,0.9473684210526315,1,False,,,,
2466,0.9473684210526315,1,False,,,,
2467,0.8947368421052632,2,False,,,,
2468,0.8947368421052632,2,False,,,,
2469,0.8947368421052632,2,False,,,,
2470,0.8947368421052632,2,False,,,,
2471,0.8947368421052632,2,False,,,,
2472,0.8947368421052632,2,False,,,,
2473,0.8947368421052632,2,False,,,,
2474,0.8947368421052632,2,False,,,,
2475,0.8947368421052632,2,False,,,,
2476,0.8947368421052632,2,False,,,,
2477,0.9473684210526315,1,False,,,,
2478,0.9473684210526315,1,False,,,,
2479,0.9473684210526315,1,False,,,,
2480,0.9473684210526315,1,False,,,,
2481,0.9473684210526315,1,False,,,,
2482,0.9473684210526315,1,False,,,,
2483,0.9473684210526315,1,False,,,,
2484,0.9473684210526315,1,False,,,,
2485,0.9473684210526315,1,False,,,,
2486,0.9473684210526315,1,False,,,,
2487,0.9473684210526315,1,False,,,,
2488,0.9473684210526315,1,False,,,,
2489,0.9473684210526315,1,False,,,,
