col_index,gap_frac,nongap_n,keep,cons_similarity,cons_identity,cons_entropy22,cons_entropy_nogap
1,1.0,0,False,,,,
2,1.0,0,False,,,,
3,1.0,0,False,,,,
4,1.0,0,False,,,,
5,0.9,1,False,,,,
6,0.9,1,False,,,,
7,0.9,1,False,,,,
8,0.9,1,False,,,,
9,0.9,1,False,,,,
10,0.9,1,False,,,,
11,0.9,1,False,,,,
12,0.9,1,False,,,,
13,0.9,1,False,,,,
14,0.9,1,False,,,,
15,0.9,1,False,,,,
16,0.9,1,False,,,,
17,0.9,1,False,,,,
18,0.9,1,False,,,,
19,0.9,1,False,,,,
20,0.9,1,False,,,,
21,0.9,1,False,,,,
22,0.9,1,False,,,,
23,0.9,1,False,,,,
24,0.9,1,False,,,,
25,0.9,1,False,,,,
26,0.9,1,False,,,,
27,0.9,1,False,,,,
28,0.9,1,False,,,,
29,0.9,1,False,,,,
30,0.9,1,False,,,,
31,1.0,0,False,,,,
32,1.0,0,False,,,,
33,1.0,0,False,,,,
34,1.0,0,False,,,,
35,0.9,1,False,,,,
36,0.9,1,False,,,,
37,0.9,1,False,,,,
38,0.9,1,False,,,,
39,0.9,1,False,,,,
40,0.9,1,False,,,,
41,0.9,1,False,,,,
42,0.9,1,False,,,,
43,0.9,1,False,,,,
44,0.9,1,False,,,,
45,0.8,2,False,,,,
46,0.8,2,False,,,,
47,0.8,2,False,,,,
48,0.8,2,False,,,,
49,0.8,2,False,,,,
50,0.8,2,False,,,,
51,0.8,2,False,,,,
52,0.8,2,False,,,,
53,0.8,2,False,,,,
54,0.9,1,False,,,,
55,0.8,2,False,,,,
56,0.8,2,False,,,,
57,0.8,2,False,,,,
58,0.8,2,False,,,,
59,0.8,2,False,,,,
60,0.8,2,False,,,,
61,0.9,1,False,,,,
62,0.9,1,False,,,,
63,0.9,1,False,,,,
64,0.9,1,False,,,,
65,0.9,1,False,,,,
66,0.9,1,False,,,,
67,0.9,1,False,,,,
68,0.9,1,False,,,,
69,0.9,1,False,,,,
70,0.9,1,False,,,,
71,0.9,1,False,,,,
72,0.9,1,False,,,,
73,0.9,1,False,,,,
74,0.9,1,False,,,,
75,0.8,2,False,,,,
76,0.8,2,False,,,,
77,0.8,2,False,,,,
78,0.8,2,False,,,,
79,0.8,2,False,,,,
80,0.9,1,False,,,,
81,0.9,1,False,,,,
82,0.9,1,False,,,,
83,0.9,1,False,,,,
84,0.8,2,False,,,,
85,0.8,2,False,,,,
86,0.8,2,False,,,,
87,0.8,2,False,,,,
88,0.8,2,False,,,,
89,0.8,2,False,,,,
90,0.8,2,False,,,,
91,0.8,2,False,,,,
92,0.8,2,False,,,,
93,0.8,2,False,,,,
94,0.8,2,False,,,,
95,0.9,1,False,,,,
96,0.9,1,False,,,,
97,0.9,1,False,,,,
98,0.9,1,False,,,,
99,0.9,1,False,,,,
100,0.9,1,False,,,,
101,0.9,1,False,,,,
102,0.9,1,False,,,,
103,0.9,1,False,,,,
104,0.9,1,False,,,,
105,0.9,1,False,,,,
106,0.9,1,False,,,,
107,0.9,1,False,,,,
108,0.9,1,False,,,,
109,0.9,1,False,,,,
110,0.9,1,False,,,,
111,0.9,1,False,,,,
112,0.9,1,False,,,,
113,0.8,2,False,,,,
114,0.8,2,False,,,,
115,0.8,2,False,,,,
116,0.8,2,False,,,,
117,0.8,2,False,,,,
118,0.8,2,False,,,,
119,0.8,2,False,,,,
120,0.8,2,False,,,,
121,0.8,2,False,,,,
122,0.9,1,False,,,,
123,0.9,1,False,,,,
124,0.9,1,False,,,,
125,0.9,1,False,,,,
126,0.9,1,False,,,,
127,0.9,1,False,,,,
128,1.0,0,False,,,,
129,0.9,1,False,,,,
130,0.9,1,False,,,,
131,0.8,2,False,,,,
132,0.8,2,False,,,,
133,0.8,2,False,,,,
134,0.8,2,False,,,,
135,0.9,1,False,,,,
136,0.9,1,False,,,,
137,0.8,2,False,,,,
138,0.8,2,False,,,,
139,0.8,2,False,,,,
140,0.8,2,False,,,,
141,0.8,2,False,,,,
142,0.8,2,False,,,,
143,0.8,2,False,,,,
144,0.8,2,False,,,,
145,0.8,2,False,,,,
146,0.8,2,False,,,,
147,0.8,2,False,,,,
148,0.8,2,False,,,,
149,0.8,2,False,,,,
150,0.8,2,False,,,,
151,0.8,2,False,,,,
152,0.8,2,False,,,,
153,0.8,2,False,,,,
154,0.8,2,False,,,,
155,0.7,3,False,,,,
156,0.7,3,False,,,,
157,0.6,4,False,,,,
158,0.6,4,False,,,,
159,0.6,4,False,,,,
160,0.6,4,False,,,,
161,0.5,5,True,0.24000000000000002,0.2,0.16402499191349473,2.321928094887362
162,0.3,7,True,0.24126984126984127,0.2857142857142857,0.05358807178498537,2.2359263506290326
163,0.2,8,True,0.20952380952380953,0.25,0.02602396837087928,2.75
164,0.2,8,True,0.28809523809523807,0.25,0.024385036849164488,2.25
165,0.1,9,True,0.37962962962962965,0.4444444444444444,0.11864654673111685,1.7527152789797045
166,0.1,9,True,0.24074074074074076,0.4444444444444444,0.10167108723147944,2.2810361125534233
167,0.1,9,True,0.437037037037037,0.6666666666666666,0.23729309346223382,1.4466166676282082
168,0.1,9,True,0.5222222222222223,0.7777777777777778,0.27015330083790245,0.7642045065086203
169,0.1,9,True,0.26666666666666666,0.2222222222222222,0.03042964980987506,2.5032583347756456
170,0.1,9,True,0.45185185185185184,0.7777777777777778,0.32161017527648017,0.9864267287308424
171,0.1,9,True,0.30185185185185187,0.3333333333333333,0.08279110672080625,2.113283334294875
172,0.4,6,True,0.32,0.3333333333333333,0.08613531161467847,1.9182958340544893
173,0.4,6,True,0.29333333333333333,0.3333333333333333,0.08613531161467869,1.9182958340544893
174,0.4,6,True,0.3555555555555555,0.3333333333333333,0.08613531161467869,1.9182958340544893
175,0.9,1,False,,,,
176,0.9,1,False,,,,
177,1.0,0,False,,,,
178,1.0,0,False,,,,
179,1.0,0,False,,,,
180,1.0,0,False,,,,
181,1.0,0,False,,,,
182,1.0,0,False,,,,
183,1.0,0,False,,,,
184,1.0,0,False,,,,
185,0.9,1,False,,,,
186,0.9,1,False,,,,
187,0.9,1,False,,,,
188,0.9,1,False,,,,
189,0.9,1,False,,,,
190,0.9,1,False,,,,
191,0.9,1,False,,,,
192,0.9,1,False,,,,
193,0.9,1,False,,,,
194,0.9,1,False,,,,
195,0.9,1,False,,,,
196,0.4,6,True,0.39555555555555555,0.6666666666666666,0.13903595255631884,1.2516291673878228
197,0.4,6,True,0.23555555555555555,0.3333333333333333,0.10175559829607284,2.2516291673878226
198,0.4,6,True,0.17333333333333334,0.3333333333333333,0.10175559829607284,2.2516291673878226
199,0.0,10,True,0.24888888888888888,0.4,0.10175559829607284,2.321928094887362
200,0.0,10,True,0.28444444444444444,0.3,0.032511235116438386,2.2464393446710154
201,0.0,10,True,0.36444444444444446,0.4,0.07678032766449228,1.8464393446710154
202,0.0,10,True,0.3288888888888889,0.6,0.23729309346223382,1.7709505944546688
203,0.0,10,True,0.27851851851851855,0.3,0.05358807178498548,2.446439344671015
204,0.0,10,True,0.2874074074074074,0.4,0.07678032766449228,1.8464393446710154
205,0.0,10,True,0.3851851851851852,0.6,0.21452470277266567,1.5709505944546687
206,0.0,10,True,0.46370370370370373,0.7,0.32161017527648017,1.3567796494470397
207,0.0,10,True,0.3570370370370371,0.6,0.23729309346223382,1.7709505944546688
208,0.0,10,True,0.46222222222222226,0.6,0.13502647928207268,1.3709505944546687
209,0.0,10,True,0.3837037037037037,0.5,0.1572623513863327,1.6854752972273346
210,0.0,10,True,0.36000000000000004,0.7,0.32161017527648017,1.3567796494470397
211,0.0,10,True,0.4666666666666667,0.9,0.5310044064107188,0.4689955935892812
212,0.0,10,True,0.4607407407407408,0.7,0.27015330083790245,1.1567796494470395
213,0.0,10,True,0.24592592592592594,0.2,0.03042964980987506,2.721928094887362
214,0.0,10,True,0.31407407407407406,0.6,0.21452470277266567,1.5709505944546687
215,0.0,10,True,0.30074074074074075,0.6,0.23729309346223382,1.7709505944546688
216,0.0,10,True,0.2622222222222222,0.3,0.0573192851827401,2.6464393446710153
217,0.0,10,True,0.22962962962962966,0.2,0.030429649809874948,2.7219280948873625
218,0.0,10,True,0.3466666666666667,0.5,0.14132728892674484,1.3609640474436813
219,0.0,10,True,0.3037037037037037,0.4,0.10175559829607284,2.321928094887362
220,0.0,10,True,0.28444444444444444,0.3,0.0573192851827401,2.6464393446710153
221,0.0,10,True,0.3570370370370371,0.5,0.1572623513863327,1.6854752972273346
222,0.0,10,True,0.32,0.3,0.06502247023287666,2.1709505944546685
223,0.0,10,True,0.52,0.9,0.5310044064107188,0.4689955935892812
224,0.0,10,True,0.397037037037037,0.5,0.15545875354128547,1.9609640474436814
225,0.0,10,True,0.28888888888888886,0.3,0.0573192851827401,2.6464393446710153
226,0.1,9,True,0.2351851851851852,0.3333333333333333,0.05118688510966152,2.6416041678685933
227,0.1,9,True,0.2351851851851852,0.3333333333333333,0.05118688510966152,2.6416041678685933
228,0.0,10,True,0.2162962962962963,0.2,0.02602396837087928,2.9219280948873623
229,0.9,1,False,,,,
230,0.9,1,False,,,,
231,0.2,8,True,0.29047619047619044,0.375,0.05358807178498548,2.1556390622295662
232,0.8,2,False,,,,
233,0.0,10,True,0.26814814814814814,0.3,0.0573192851827401,2.6464393446710153
234,0.0,10,True,0.2474074074074074,0.3,0.032511235116438386,2.2464393446710154
235,0.3,7,True,0.3111111111111111,0.42857142857142855,0.08279110672080625,2.1280852788913944
236,0.0,10,True,0.23851851851851852,0.3,0.032511235116438386,2.2464393446710154
237,0.0,10,True,0.5244444444444445,0.8,0.41832813428211324,0.9219280948873623
238,0.0,10,True,0.3555555555555555,0.6,0.21452470277266567,1.5709505944546687
239,0.0,10,True,0.2770370370370371,0.5,0.16402499191349473,2.1609640474436813
240,0.1,9,True,0.2185185185185185,0.4444444444444444,0.10167108723147944,2.2810361125534233
241,0.1,9,True,0.47222222222222227,0.6666666666666666,0.23729309346223382,1.4466166676282082
242,0.1,9,True,0.4666666666666667,0.7777777777777778,0.32161017527648017,0.9864267287308424
243,0.1,9,True,0.2833333333333333,0.3333333333333333,0.0573192851827401,2.4193819456463714
244,0.1,9,True,0.28518518518518515,0.2222222222222222,0.02602396837087928,2.725480556997868
245,0.9,1,False,,,,
246,0.0,10,True,0.3422222222222222,0.5,0.15545875354128547,1.9609640474436814
247,0.0,10,True,0.2237037037037037,0.3,0.05358807178498537,2.4464393446710155
248,0.0,10,True,0.3422222222222222,0.5,0.11951797627815941,1.7609640474436812
249,0.0,10,True,0.32296296296296295,0.6,0.23729309346223382,1.7709505944546688
250,0.0,10,True,0.2977777777777778,0.3,0.0573192851827401,2.6464393446710153
251,0.0,10,True,0.49777777777777776,0.7,0.32161017527648017,1.3567796494470397
252,0.0,10,True,0.29185185185185186,0.3,0.05358807178498537,2.4464393446710155
253,0.0,10,True,0.36000000000000004,0.5,0.1572623513863327,1.6854752972273346
254,0.0,10,True,0.38074074074074077,0.6,0.23729309346223382,1.7709505944546688
255,0.0,10,True,0.4474074074074074,0.7,0.32161017527648017,1.3567796494470397
256,0.0,10,True,0.3348148148148148,0.6,0.23729309346223382,1.7709505944546688
257,0.0,10,True,0.4222222222222223,0.4,0.008840528567781392,1.5709505944546684
258,0.1,9,True,0.4,0.6666666666666666,0.21452470277266567,1.224394445405986
259,0.0,10,True,0.3718518518518518,0.7,0.32161017527648017,1.3567796494470397
260,0.0,10,True,0.37481481481481477,0.4,0.11864654673111685,2.0464393446710156
261,0.0,10,True,0.29037037037037033,0.4,0.11864654673111685,2.0464393446710156
262,0.0,10,True,0.5155555555555555,0.7,0.27015330083790245,1.1567796494470395
263,0.0,10,True,0.5881481481481482,0.8,0.41832813428211324,0.9219280948873623
264,0.0,10,True,0.3837037037037037,0.5,0.11951797627815941,1.7609640474436812
265,0.0,10,True,0.4414814814814815,0.8,0.41832813428211324,0.9219280948873623
266,0.0,10,True,0.48444444444444446,0.6,0.1826545778534897,1.295461844238322
267,0.0,10,True,0.4,0.5,0.1572623513863327,1.6854752972273346
268,0.0,10,True,0.30666666666666664,0.4,0.13903595255631884,1.7219280948873623
269,0.0,10,True,0.56,0.9,0.5310044064107188,0.4689955935892812
270,0.0,10,True,0.40296296296296297,0.4,0.07678032766449228,1.8464393446710154
271,0.0,10,True,0.2948148148148148,0.3,0.08279110672080625,2.3709505944546687
272,0.0,10,True,0.4325925925925926,0.8,0.41832813428211324,0.9219280948873623
273,0.0,10,True,0.6266666666666667,0.9,0.5310044064107188,0.4689955935892812
274,0.0,10,True,0.48000000000000004,0.7,0.27015330083790245,1.1567796494470395
275,0.0,10,True,0.3925925925925926,0.8,0.41832813428211324,0.9219280948873623
276,0.0,10,True,0.6266666666666667,0.9,0.5310044064107188,0.4689955935892812
277,0.0,10,True,0.4385185185185185,0.6,0.21452470277266567,1.5709505944546687
278,0.0,10,True,0.32,0.4,0.10175559829607284,2.321928094887362
279,0.0,10,True,0.28888888888888886,0.4,0.10175559829607284,2.321928094887362
280,0.2,8,True,0.22380952380952382,0.25,0.030429649809874948,2.5
281,0.0,10,True,0.2651851851851852,0.3,0.0573192851827401,2.6464393446710153
282,0.0,10,True,0.3466666666666667,0.6,0.23729309346223382,1.7709505944546688
283,0.0,10,True,0.37037037037037035,0.5,0.15545875354128547,1.9609640474436814
284,0.0,10,True,0.5466666666666666,0.9,0.5310044064107188,0.4689955935892812
285,0.0,10,True,0.2622222222222222,0.3,0.032511235116438386,2.2464393446710154
286,0.0,10,True,0.42962962962962964,0.8,0.41832813428211324,0.9219280948873623
287,0.0,10,True,0.5244444444444445,0.8,0.41832813428211324,0.9219280948873623
288,0.0,10,True,0.2548148148148148,0.4,0.08613531161467869,2.121928094887362
289,0.0,10,True,0.38074074074074077,0.6,0.23729309346223382,1.7709505944546688
290,0.0,10,True,0.33925925925925926,0.4,0.08613531161467847,2.1219280948873624
291,0.0,10,True,0.2562962962962963,0.3,0.05731928518273999,2.6464393446710157
292,0.0,10,True,0.35851851851851857,0.5,0.15545875354128547,1.9609640474436814
293,0.0,10,True,0.3674074074074074,0.7,0.32161017527648017,1.3567796494470397
294,0.0,10,True,0.3851851851851852,0.7,0.32161017527648017,1.3567796494470397
295,0.0,10,True,0.24592592592592594,0.3,0.08279110672080636,2.3709505944546683
296,0.0,10,True,0.46814814814814815,0.8,0.41832813428211324,0.9219280948873623
297,0.1,9,True,0.5333333333333333,1.0,0.5310044064107188,0.0
298,0.1,9,True,0.29629629629629634,0.4444444444444444,0.10175559829607284,2.058813890331201
299,0.0,10,True,0.48592592592592593,0.7,0.27015330083790245,1.1567796494470395
300,0.0,10,True,0.2518518518518518,0.3,0.06502247023287666,2.1709505944546685
301,0.9,1,False,,,,
302,0.9,1,False,,,,
303,0.0,10,True,0.3288888888888889,0.4,0.10175559829607284,2.321928094887362
304,0.0,10,True,0.3288888888888889,0.4,0.07678032766449228,1.8464393446710154
305,0.0,10,True,0.3496296296296296,0.5,0.15726235138633282,1.6854752972273344
306,0.0,10,True,0.24000000000000002,0.4,0.10167108723147944,2.5219280948873624
307,0.0,10,True,0.46222222222222226,0.7,0.32161017527648017,1.3567796494470397
308,0.1,9,True,0.36666666666666664,0.6666666666666666,0.21452470277266567,1.224394445405986
309,0.1,9,True,0.4407407407407407,0.6666666666666666,0.23729309346223382,1.4466166676282082
310,0.1,9,True,0.3962962962962963,0.6666666666666666,0.23729309346223382,1.4466166676282082
311,0.1,9,True,0.524074074074074,0.7777777777777778,0.32161017527648017,0.9864267287308424
312,0.1,9,True,0.35185185185185186,0.5555555555555556,0.16402499191349473,1.8799649487271108
313,0.1,9,True,0.4666666666666667,0.6666666666666666,0.1826545778534897,0.9182958340544896
314,0.0,10,True,0.41777777777777775,0.8,0.41832813428211324,0.9219280948873623
315,0.0,10,True,0.52,0.9,0.5310044064107188,0.4689955935892812
316,0.0,10,True,0.37037037037037035,0.5,0.15545875354128547,1.9609640474436814
317,0.0,10,True,0.36444444444444446,0.5,0.15545875354128547,1.9609640474436814
318,0.0,10,True,0.33037037037037037,0.6,0.23729309346223382,1.7709505944546688
319,0.0,10,True,0.20888888888888887,0.2,0.02602396837087928,2.9219280948873623
320,0.0,10,True,0.3718518518518518,0.6,0.21452470277266567,1.5709505944546687
321,0.0,10,True,0.3348148148148148,0.6,0.23729309346223382,1.7709505944546688
322,0.0,10,True,0.3466666666666667,0.6,0.23729309346223382,1.7709505944546688
323,0.0,10,True,0.28296296296296297,0.5,0.16402499191349473,2.1609640474436813
324,0.0,10,True,0.2474074074074074,0.5,0.15545875354128547,1.9609640474436814
325,0.0,10,True,0.3511111111111111,0.4,0.08613531161467847,2.1219280948873624
326,0.0,10,True,0.40296296296296297,0.6,0.23729309346223382,1.7709505944546688
327,0.0,10,True,0.2474074074074074,0.2,0.03042964980987506,2.721928094887362
328,0.0,10,True,0.37481481481481477,0.5,0.15726235138633282,1.6854752972273344
329,0.0,10,True,0.3511111111111111,0.7,0.32161017527648017,1.3567796494470397
330,0.0,10,True,0.33925925925925926,0.5,0.16402499191349473,2.1609640474436813
331,0.1,9,True,0.3907407407407407,0.6666666666666666,0.23729309346223382,1.4466166676282082
332,0.9,1,False,,,,
333,0.1,9,True,0.22222222222222224,0.3333333333333333,0.05118688510966163,2.6416041678685933
334,0.1,9,True,0.32407407407407407,0.3333333333333333,0.0573192851827401,2.4193819456463714
335,0.8,2,False,,,,
336,0.8,2,False,,,,
337,0.8,2,False,,,,
338,0.1,9,True,0.47222222222222227,0.7777777777777778,0.32161017527648017,0.9864267287308424
339,0.1,9,True,0.4148148148148148,0.5555555555555556,0.15545875354128547,1.6577427265048887
340,0.1,9,True,0.3814814814814815,0.6666666666666666,0.23729309346223382,1.4466166676282082
341,0.1,9,True,0.21296296296296297,0.2222222222222222,0.02602396837087928,2.725480556997868
342,0.1,9,True,0.2796296296296296,0.2222222222222222,0.02602396837087928,2.725480556997868
343,0.1,9,True,0.3851851851851852,0.6666666666666666,0.23729309346223382,1.4466166676282082
344,0.0,10,True,0.4577777777777778,0.7,0.32161017527648017,1.3567796494470397
345,0.0,10,True,0.28444444444444444,0.3,0.05358807178498537,2.4464393446710155
346,0.0,10,True,0.2414814814814815,0.3,0.08279110672080636,2.3709505944546683
347,0.0,10,True,0.36592592592592593,0.4,0.11864654673111685,2.0464393446710156
348,0.0,10,True,0.4325925925925926,0.7,0.27015330083790245,1.1567796494470395
349,0.0,10,True,0.30666666666666664,0.4,0.11864654673111708,2.046439344671015
350,0.0,10,True,0.3555555555555555,0.6,0.23729309346223382,1.7709505944546688
351,0.0,10,True,0.2711111111111111,0.4,0.10175559829607272,2.3219280948873626
352,0.0,10,True,0.3081481481481481,0.5,0.15545875354128547,1.9609640474436814
353,0.9,1,False,,,,
354,0.9,1,False,,,,
355,0.9,1,False,,,,
356,0.9,1,False,,,,
357,0.9,1,False,,,,
358,0.9,1,False,,,,
359,0.9,1,False,,,,
360,0.9,1,False,,,,
361,0.8,2,False,,,,
362,0.8,2,False,,,,
363,0.8,2,False,,,,
364,0.8,2,False,,,,
365,0.8,2,False,,,,
366,0.8,2,False,,,,
367,0.8,2,False,,,,
368,0.8,2,False,,,,
369,0.8,2,False,,,,
370,0.8,2,False,,,,
371,0.8,2,False,,,,
372,0.8,2,False,,,,
373,0.8,2,False,,,,
374,0.8,2,False,,,,
375,0.8,2,False,,,,
376,0.8,2,False,,,,
377,0.8,2,False,,,,
378,0.8,2,False,,,,
379,0.8,2,False,,,,
380,0.9,1,False,,,,
381,0.9,1,False,,,,
382,0.9,1,False,,,,
383,0.9,1,False,,,,
384,0.9,1,False,,,,
385,0.9,1,False,,,,
386,0.8,2,False,,,,
387,0.8,2,False,,,,
388,0.8,2,False,,,,
389,0.8,2,False,,,,
390,0.8,2,False,,,,
391,0.8,2,False,,,,
392,0.8,2,False,,,,
393,0.8,2,False,,,,
394,0.8,2,False,,,,
395,0.8,2,False,,,,
396,0.8,2,False,,,,
397,0.8,2,False,,,,
398,0.0,10,True,0.37481481481481477,0.5,0.15545875354128547,1.9609640474436814
399,0.0,10,True,0.2874074074074074,0.3,0.05358807178498548,2.446439344671015
400,0.0,10,True,0.551111111111111,0.8,0.41832813428211324,0.9219280948873623
401,0.0,10,True,0.33629629629629626,0.5,0.15545875354128547,1.9609640474436814
402,0.0,10,True,0.22814814814814816,0.2,0.02602396837087928,2.9219280948873623
403,0.0,10,True,0.3925925925925926,0.7,0.32161017527648017,1.3567796494470397
404,0.0,10,True,0.52,0.9,0.5310044064107188,0.4689955935892812
405,0.0,10,True,0.3244444444444445,0.4,0.11864654673111685,2.0464393446710156
406,0.0,10,True,0.3081481481481481,0.4,0.08613531161467847,2.1219280948873624
407,0.0,10,True,0.38222222222222224,0.6,0.21452470277266567,1.5709505944546687
408,0.0,10,True,0.49777777777777776,0.8,0.41832813428211324,0.9219280948873623
409,0.0,10,True,0.42814814814814817,0.8,0.41832813428211324,0.9219280948873623
410,0.0,10,True,0.5274074074074074,0.8,0.41832813428211324,0.9219280948873623
411,0.0,10,True,0.44,0.4,0.03977028213923883,1.5219280948873621
412,0.0,10,True,0.38666666666666666,0.4,0.07678032766449228,1.8464393446710154
413,0.0,10,True,0.3037037037037037,0.4,0.10175559829607284,2.321928094887362
414,0.0,10,True,0.3377777777777778,0.6,0.23729309346223382,1.7709505944546688
415,0.0,10,True,0.4148148148148148,0.7,0.32161017527648017,1.3567796494470397
416,0.0,10,True,0.5066666666666666,0.9,0.5310044064107188,0.4689955935892812
417,0.0,10,True,0.35851851851851857,0.6,0.23729309346223382,1.7709505944546688
418,0.0,10,True,0.49925925925925924,0.8,0.41832813428211324,0.9219280948873623
419,0.0,10,True,0.27259259259259255,0.4,0.10175559829607284,2.321928094887362
420,0.0,10,True,0.48592592592592593,0.7,0.32161017527648017,1.3567796494470397
421,0.0,10,True,0.22962962962962966,0.2,0.03042964980987506,2.721928094887362
422,0.0,10,True,0.482962962962963,0.8,0.41832813428211324,0.9219280948873623
423,0.0,10,True,0.3333333333333333,0.5,0.06276943678387037,1.4854752972273344
424,0.0,10,True,0.23407407407407407,0.3,0.05358807178498537,2.4464393446710155
425,0.0,10,True,0.32296296296296295,0.4,0.10175559829607284,2.321928094887362
426,0.0,10,True,0.38814814814814813,0.7,0.32161017527648017,1.3567796494470397
427,0.0,10,True,0.5333333333333333,1.0,1.0,0.0
428,0.0,10,True,0.43407407407407406,0.7,0.32161017527648017,1.3567796494470397
429,0.0,10,True,0.46222222222222226,0.6,0.13502647928207268,1.3709505944546687
430,0.0,10,True,0.4711111111111111,0.7,0.1187091007693073,0.8812908992306927
431,0.0,10,True,0.41777777777777775,0.7,0.1187091007693073,0.8812908992306927
432,0.0,10,True,0.22962962962962966,0.2,0.03042964980987506,2.721928094887362
433,0.0,10,True,0.3777777777777778,0.5,0.15545875354128547,1.9609640474436814
434,0.0,10,True,0.46222222222222226,0.6,0.02904940554533142,0.9709505944546686
435,0.0,10,True,0.38074074074074077,0.5,0.1572623513863327,1.6854752972273346
436,0.0,10,True,0.3451851851851852,0.5,0.16402499191349473,2.1609640474436813
437,0.0,10,True,0.3688888888888889,0.6,0.23729309346223382,1.7709505944546688
438,0.0,10,True,0.29185185185185186,0.3,0.08279110672080625,2.3709505944546687
439,0.0,10,True,0.31407407407407406,0.4,0.11864654673111685,2.0464393446710156
440,1.0,0,False,,,,
441,1.0,0,False,,,,
442,1.0,0,False,,,,
443,1.0,0,False,,,,
444,1.0,0,False,,,,
445,1.0,0,False,,,,
446,1.0,0,False,,,,
447,1.0,0,False,,,,
448,1.0,0,False,,,,
449,1.0,0,False,,,,
450,1.0,0,False,,,,
451,1.0,0,False,,,,
452,0.9,1,False,,,,
453,0.9,1,False,,,,
454,0.9,1,False,,,,
455,0.9,1,False,,,,
456,0.9,1,False,,,,
457,0.9,1,False,,,,
458,0.9,1,False,,,,
459,0.9,1,False,,,,
460,0.9,1,False,,,,
461,0.9,1,False,,,,
462,0.1,9,True,0.3333333333333333,0.4444444444444444,0.11864654673111708,1.7527152789797047
463,0.0,10,True,0.30666666666666664,0.4,0.11864654673111708,2.046439344671015
464,0.0,10,True,0.2637037037037037,0.3,0.05358807178498537,2.4464393446710155
465,0.0,10,True,0.27851851851851855,0.4,0.11864654673111685,2.0464393446710156
466,0.0,10,True,0.24444444444444444,0.3,0.05731928518273999,2.6464393446710157
467,0.0,10,True,0.49333333333333335,0.9,0.5310044064107188,0.4689955935892812
468,0.0,10,True,0.3437037037037037,0.5,0.15545875354128547,1.9609640474436814
469,0.0,10,True,0.2711111111111111,0.3,0.0573192851827401,2.6464393446710153
470,0.0,10,True,0.5333333333333333,1.0,1.0,0.0
471,0.0,10,True,0.48000000000000004,0.9,0.5310044064107188,0.4689955935892812
472,0.0,10,True,0.30666666666666664,0.4,0.08613531161467869,2.121928094887362
473,0.0,10,True,0.42370370370370375,0.6,0.23729309346223382,1.7709505944546688
474,0.0,10,True,0.4488888888888889,0.6,0.1826545778534897,1.295461844238322
475,0.0,10,True,0.40296296296296297,0.4,0.07678032766449228,1.8464393446710154
476,0.0,10,True,0.24888888888888888,0.3,0.0573192851827401,2.6464393446710153
477,0.0,10,True,0.33925925925925926,0.4,0.11864654673111685,2.0464393446710156
478,0.0,10,True,0.39555555555555555,0.6,0.1826545778534897,1.295461844238322
479,0.0,10,True,0.35851851851851857,0.5,0.1572623513863327,1.6854752972273346
480,0.0,10,True,0.30518518518518517,0.5,0.16402499191349473,2.1609640474436813
481,0.0,10,True,0.29185185185185186,0.3,0.08279110672080625,2.3709505944546687
482,0.0,10,True,0.37037037037037035,0.4,0.13903595255631884,1.7219280948873623
483,0.0,10,True,0.49777777777777776,0.8,0.41832813428211324,0.9219280948873623
484,0.0,10,True,0.33629629629629626,0.5,0.1572623513863327,1.6854752972273346
485,0.0,10,True,0.30518518518518517,0.5,0.11951797627815941,1.7609640474436812
486,0.0,10,True,0.4074074074074074,0.5,0.11951797627815941,1.7609640474436812
487,0.0,10,True,0.22962962962962966,0.3,0.0573192851827401,2.6464393446710153
488,0.0,10,True,0.2696296296296296,0.4,0.08613531161467847,2.1219280948873624
489,0.0,10,True,0.5244444444444445,0.8,0.41832813428211324,0.9219280948873623
490,0.0,10,True,0.5185185185185185,0.8,0.41832813428211324,0.9219280948873623
491,0.0,10,True,0.37037037037037035,0.6,0.23729309346223382,1.7709505944546688
492,0.0,10,True,0.34074074074074073,0.4,0.10175559829607284,2.321928094887362
493,0.0,10,True,0.30518518518518517,0.3,0.05358807178498548,2.446439344671015
494,0.0,10,True,0.437037037037037,0.5,0.06276943678387037,1.4854752972273344
495,0.0,10,True,0.3125925925925926,0.4,0.08613531161467847,2.1219280948873624
496,0.9,1,False,,,,
497,0.9,1,False,,,,
498,0.9,1,False,,,,
499,0.9,1,False,,,,
500,0.0,10,True,0.22814814814814816,0.5,0.15545875354128547,1.9609640474436814
501,0.0,10,True,0.35407407407407404,0.5,0.15726235138633282,1.6854752972273344
502,0.0,10,True,0.42962962962962964,0.6,0.21452470277266567,1.5709505944546687
503,0.1,9,True,0.18703703703703703,0.2222222222222222,0.015141338212453448,2.94770277922009
504,0.0,10,True,0.2977777777777778,0.3,0.08279110672080625,2.3709505944546687
505,0.0,10,True,0.2325925925925926,0.2,0.03042964980987506,2.721928094887362
506,0.1,9,True,0.3851851851851852,0.6666666666666666,0.23729309346223382,1.4466166676282082
507,0.5,5,True,0.20666666666666667,0.4,0.15545875354128547,1.9219280948873623
508,0.0,10,True,0.274074074074074,0.3,0.05358807178498537,2.4464393446710155
509,0.0,10,True,0.30962962962962964,0.4,0.10175559829607284,2.321928094887362
510,0.0,10,True,0.2651851851851852,0.3,0.0573192851827401,2.6464393446710153
511,0.0,10,True,0.21481481481481482,0.2,0.03042964980987506,2.721928094887362
512,0.0,10,True,0.28888888888888886,0.4,0.10175559829607284,2.321928094887362
513,0.9,1,False,,,,
514,0.8,2,False,,,,
515,0.8,2,False,,,,
516,0.8,2,False,,,,
517,0.8,2,False,,,,
518,0.0,10,True,0.2533333333333333,0.4,0.10175559829607284,2.321928094887362
519,0.0,10,True,0.47851851851851845,0.6,0.21452470277266567,1.5709505944546687
520,0.0,10,True,0.39555555555555555,0.5,0.15726235138633282,1.6854752972273344
521,0.0,10,True,0.4311111111111111,0.6,0.1826545778534897,1.295461844238322
522,0.0,10,True,0.482962962962963,0.7,0.27015330083790245,1.1567796494470395
523,0.0,10,True,0.4118518518518518,0.7,0.32161017527648017,1.3567796494470397
524,0.0,10,True,0.37629629629629624,0.5,0.15545875354128547,1.9609640474436814
525,0.0,10,True,0.5333333333333333,1.0,1.0,0.0
526,0.0,10,True,0.3451851851851852,0.5,0.11951797627815941,1.7609640474436812
527,0.0,10,True,0.22518518518518518,0.2,0.03042964980987506,2.721928094887362
528,0.0,10,True,0.39555555555555555,0.7,0.32161017527648017,1.3567796494470397
529,0.0,10,True,0.3081481481481481,0.3,0.06502247023287666,2.1709505944546685
530,0.0,10,True,0.41777777777777775,0.7,0.32161017527648017,1.3567796494470397
531,0.0,10,True,0.30518518518518517,0.3,0.05358807178498537,2.4464393446710155
532,0.0,10,True,0.33925925925925926,0.4,0.10175559829607284,2.321928094887362
533,0.0,10,True,0.4696296296296296,0.8,0.41832813428211324,0.9219280948873623
534,0.0,10,True,0.2874074074074074,0.5,0.11951797627815941,1.7609640474436812
535,0.0,10,True,0.3496296296296296,0.4,0.07678032766449228,1.8464393446710154
536,0.0,10,True,0.4192592592592593,0.7,0.32161017527648017,1.3567796494470397
537,0.0,10,True,0.4251851851851852,0.7,0.27015330083790245,1.1567796494470395
538,0.0,10,True,0.6266666666666667,0.9,0.5310044064107188,0.4689955935892812
539,0.0,10,True,0.482962962962963,0.8,0.41832813428211324,0.9219280948873623
540,0.0,10,True,0.48000000000000004,0.9,0.5310044064107188,0.4689955935892812
541,0.0,10,True,0.47259259259259256,0.8,0.41832813428211324,0.9219280948873623
542,0.0,10,True,0.22074074074074074,0.4,0.08613531161467869,2.121928094887362
543,0.0,10,True,0.41037037037037033,0.7,0.27015330083790245,1.1567796494470395
544,0.0,10,True,0.5333333333333333,1.0,1.0,0.0
545,0.0,10,True,0.2770370370370371,0.4,0.08613531161467847,2.1219280948873624
546,0.0,10,True,0.41777777777777775,0.7,0.27015330083790245,1.1567796494470395
547,0.0,10,True,0.2770370370370371,0.2,0.030429649809874948,2.7219280948873625
548,0.0,10,True,0.29333333333333333,0.4,0.10175559829607284,2.321928094887362
549,0.0,10,True,0.274074074074074,0.5,0.16402499191349473,2.1609640474436813
550,0.0,10,True,0.2696296296296296,0.2,0.02602396837087928,2.9219280948873623
551,0.0,10,True,0.31555555555555553,0.6,0.21452470277266567,1.5709505944546687
552,0.0,10,True,0.6,1.0,1.0,0.0
553,0.0,10,True,0.4533333333333333,0.9,0.5310044064107188,0.4689955935892812
554,0.0,10,True,0.24296296296296296,0.3,0.0573192851827401,2.6464393446710153
555,0.0,10,True,0.3851851851851852,0.5,0.0,1.0
556,0.0,10,True,0.3570370370370371,0.4,0.13903595255631884,1.7219280948873623
557,0.0,10,True,0.2651851851851852,0.3,0.0573192851827401,2.6464393446710153
558,0.0,10,True,0.4118518518518518,0.7,0.32161017527648017,1.3567796494470397
559,0.0,10,True,0.44,0.7,0.1187091007693073,0.8812908992306927
560,0.0,10,True,0.3733333333333333,0.4,0.03977028213923883,1.5219280948873621
561,0.0,10,True,0.3466666666666667,0.6,0.21452470277266567,1.5709505944546687
562,0.0,10,True,0.5274074074074074,0.8,0.2780719051126377,0.7219280948873623
563,0.0,10,True,0.4903703703703704,0.8,0.41832813428211324,0.9219280948873623
564,0.0,10,True,0.4222222222222223,0.8,0.41832813428211324,0.9219280948873623
565,0.1,9,True,0.3611111111111111,0.4444444444444444,0.11864654673111685,1.7527152789797045
566,0.1,9,True,0.4407407407407407,0.6666666666666666,0.21452470277266567,1.224394445405986
567,0.0,10,True,0.35407407407407404,0.5,0.15545875354128547,1.9609640474436814
568,0.0,10,True,0.3718518518518518,0.7,0.32161017527648017,1.3567796494470397
569,0.0,10,True,0.2874074074074074,0.4,0.11864654673111685,2.0464393446710156
570,0.0,10,True,0.4385185185185185,0.7,0.27015330083790245,1.1567796494470395
571,0.0,10,True,0.2977777777777778,0.5,0.15545875354128547,1.9609640474436814
572,0.9,1,False,,,,
573,0.0,10,True,0.2607407407407407,0.2,0.03042964980987506,2.721928094887362
574,0.0,10,True,0.4074074074074074,0.6,0.23729309346223382,1.7709505944546688
575,0.0,10,True,0.3496296296296296,0.4,0.07678032766449228,1.8464393446710154
576,0.0,10,True,0.2622222222222222,0.3,0.06502247023287655,2.170950594454669
577,0.0,10,True,0.2770370370370371,0.4,0.10167108723147944,2.5219280948873624
578,0.0,10,True,0.4148148148148148,0.7,0.32161017527648017,1.3567796494470397
579,0.0,10,True,0.7111111111111111,0.8,0.41832813428211324,0.9219280948873623
580,0.0,10,True,0.2755555555555556,0.3,0.05358807178498548,2.446439344671015
581,0.0,10,True,0.26666666666666666,0.3,0.08279110672080625,2.3709505944546687
582,0.0,10,True,0.6266666666666667,0.9,0.5310044064107188,0.4689955935892812
583,0.0,10,True,0.41777777777777775,0.8,0.41832813428211324,0.9219280948873623
584,0.0,10,True,0.4918518518518519,0.8,0.41832813428211324,0.9219280948873623
585,0.0,10,True,0.52,0.9,0.5310044064107188,0.4689955935892812
586,0.0,10,True,0.4325925925925926,0.7,0.27015330083790245,1.1567796494470395
587,0.0,10,True,0.21925925925925924,0.3,0.05118688510966152,2.8464393446710154
588,0.0,10,True,0.6666666666666666,1.0,1.0,0.0
589,0.0,10,True,0.2977777777777778,0.6,0.23729309346223382,1.7709505944546688
590,0.0,10,True,0.2948148148148148,0.4,0.10175559829607284,2.321928094887362
591,0.0,10,True,0.2637037037037037,0.5,0.16402499191349473,2.1609640474436813
592,0.0,10,True,0.29037037037037033,0.3,0.08279110672080625,2.3709505944546687
593,0.0,10,True,0.41333333333333333,0.5,0.15726235138633282,1.6854752972273344
594,0.0,10,True,0.6,1.0,1.0,0.0
595,0.0,10,True,0.3244444444444445,0.5,0.15545875354128547,1.9609640474436814
596,0.0,10,True,0.33925925925925926,0.4,0.11864654673111708,2.046439344671015
597,0.0,10,True,0.6044444444444445,0.8,0.41832813428211324,0.9219280948873623
598,0.0,10,True,0.482962962962963,0.8,0.41832813428211324,0.9219280948873623
599,0.8,2,False,,,,
600,0.8,2,False,,,,
601,0.8,2,False,,,,
602,0.8,2,False,,,,
603,1.0,0,False,,,,
604,1.0,0,False,,,,
605,1.0,0,False,,,,
606,1.0,0,False,,,,
607,1.0,0,False,,,,
608,1.0,0,False,,,,
609,1.0,0,False,,,,
610,1.0,0,False,,,,
611,1.0,0,False,,,,
612,1.0,0,False,,,,
613,1.0,0,False,,,,
614,1.0,0,False,,,,
615,1.0,0,False,,,,
616,1.0,0,False,,,,
617,1.0,0,False,,,,
618,1.0,0,False,,,,
619,1.0,0,False,,,,
620,1.0,0,False,,,,
621,1.0,0,False,,,,
622,1.0,0,False,,,,
623,1.0,0,False,,,,
624,1.0,0,False,,,,
625,1.0,0,False,,,,
626,1.0,0,False,,,,
627,1.0,0,False,,,,
628,1.0,0,False,,,,
629,1.0,0,False,,,,
630,1.0,0,False,,,,
631,1.0,0,False,,,,
632,1.0,0,False,,,,
633,1.0,0,False,,,,
634,1.0,0,False,,,,
635,1.0,0,False,,,,
636,1.0,0,False,,,,
637,1.0,0,False,,,,
638,0.2,8,True,0.4285714285714286,0.5,0.07678032766449228,1.4056390622295665
639,0.2,8,True,0.30952380952380953,0.375,0.032511235116438386,1.9056390622295665
640,0.2,8,True,0.2833333333333333,0.375,0.05358807178498537,2.1556390622295662
641,0.2,8,True,0.2523809523809524,0.5,0.10175559829607284,2.0
642,1.0,0,False,,,,
643,1.0,0,False,,,,
644,1.0,0,False,,,,
645,1.0,0,False,,,,
646,1.0,0,False,,,,
647,1.0,0,False,,,,
648,1.0,0,False,,,,
649,1.0,0,False,,,,
650,1.0,0,False,,,,
651,1.0,0,False,,,,
652,1.0,0,False,,,,
653,1.0,0,False,,,,
654,1.0,0,False,,,,
655,1.0,0,False,,,,
656,1.0,0,False,,,,
657,1.0,0,False,,,,
658,1.0,0,False,,,,
659,1.0,0,False,,,,
660,1.0,0,False,,,,
661,1.0,0,False,,,,
662,1.0,0,False,,,,
663,1.0,0,False,,,,
664,1.0,0,False,,,,
665,1.0,0,False,,,,
666,1.0,0,False,,,,
667,1.0,0,False,,,,
668,1.0,0,False,,,,
669,1.0,0,False,,,,
670,1.0,0,False,,,,
671,1.0,0,False,,,,
672,1.0,0,False,,,,
673,1.0,0,False,,,,
674,1.0,0,False,,,,
675,1.0,0,False,,,,
676,1.0,0,False,,,,
677,1.0,0,False,,,,
678,1.0,0,False,,,,
679,1.0,0,False,,,,
680,1.0,0,False,,,,
681,1.0,0,False,,,,
682,1.0,0,False,,,,
683,1.0,0,False,,,,
684,0.0,10,True,0.33629629629629626,0.4,0.08613531161467869,2.121928094887362
685,0.0,10,True,0.3288888888888889,0.5,0.15545875354128547,1.9609640474436814
686,0.0,10,True,0.49333333333333335,0.9,0.5310044064107188,0.4689955935892812
687,0.0,10,True,0.38814814814814813,0.5,0.14132728892674484,1.3609640474436813
688,0.0,10,True,0.4874074074074074,0.7,0.27015330083790245,1.1567796494470395
689,0.7,3,False,,,,
690,0.8,2,False,,,,
691,0.9,1,False,,,,
692,0.9,1,False,,,,
693,0.9,1,False,,,,
694,0.9,1,False,,,,
695,1.0,0,False,,,,
696,1.0,0,False,,,,
697,1.0,0,False,,,,
698,1.0,0,False,,,,
699,1.0,0,False,,,,
700,1.0,0,False,,,,
701,1.0,0,False,,,,
702,1.0,0,False,,,,
703,1.0,0,False,,,,
704,1.0,0,False,,,,
705,1.0,0,False,,,,
706,1.0,0,False,,,,
707,1.0,0,False,,,,
708,1.0,0,False,,,,
709,1.0,0,False,,,,
710,0.2,8,True,0.65,0.875,0.27015330083790245,0.5435644431995964
711,0.2,8,True,0.4880952380952381,0.75,0.21452470277266567,1.061278124459133
712,0.2,8,True,0.2380952380952381,0.25,0.03042964980987506,2.5
713,0.6,4,False,,,,
714,0.6,4,False,,,,
715,0.6,4,False,,,,
716,0.6,4,False,,,,
717,0.6,4,False,,,,
718,0.6,4,False,,,,
719,0.6,4,False,,,,
720,0.8,2,False,,,,
721,0.8,2,False,,,,
722,0.8,2,False,,,,
723,0.8,2,False,,,,
724,0.8,2,False,,,,
725,0.8,2,False,,,,
726,0.8,2,False,,,,
727,0.8,2,False,,,,
728,0.9,1,False,,,,
729,0.9,1,False,,,,
730,0.9,1,False,,,,
731,0.9,1,False,,,,
732,0.9,1,False,,,,
733,0.9,1,False,,,,
734,0.9,1,False,,,,
735,1.0,0,False,,,,
736,0.9,1,False,,,,
737,0.9,1,False,,,,
738,0.9,1,False,,,,
739,0.9,1,False,,,,
740,0.9,1,False,,,,
741,0.9,1,False,,,,
742,0.9,1,False,,,,
743,0.9,1,False,,,,
744,1.0,0,False,,,,
745,1.0,0,False,,,,
746,1.0,0,False,,,,
747,1.0,0,False,,,,
748,1.0,0,False,,,,
749,1.0,0,False,,,,
750,1.0,0,False,,,,
751,1.0,0,False,,,,
752,1.0,0,False,,,,
753,1.0,0,False,,,,
754,1.0,0,False,,,,
755,1.0,0,False,,,,
756,1.0,0,False,,,,
757,1.0,0,False,,,,
758,1.0,0,False,,,,
759,1.0,0,False,,,,
760,1.0,0,False,,,,
761,1.0,0,False,,,,
762,1.0,0,False,,,,
763,1.0,0,False,,,,
764,1.0,0,False,,,,
765,1.0,0,False,,,,
766,1.0,0,False,,,,
767,1.0,0,False,,,,
768,1.0,0,False,,,,
769,1.0,0,False,,,,
770,1.0,0,False,,,,
771,1.0,0,False,,,,
772,1.0,0,False,,,,
773,1.0,0,False,,,,
774,0.9,1,False,,,,
775,0.9,1,False,,,,
776,0.9,1,False,,,,
777,0.8,2,False,,,,
778,0.8,2,False,,,,
779,0.7,3,False,,,,
780,0.7,3,False,,,,
781,0.3,7,True,0.2253968253968254,0.2857142857142857,0.0573192851827401,2.5216406363433186
782,0.3,7,True,0.21587301587301588,0.2857142857142857,0.05731928518273999,2.5216406363433186
783,0.3,7,True,0.273015873015873,0.2857142857142857,0.05358807178498537,2.2359263506290326
784,0.3,7,True,0.31746031746031744,0.2857142857142857,0.05358807178498537,2.2359263506290326
785,0.3,7,True,0.3682539682539682,0.2857142857142857,0.032511235116438386,1.9502120649147465
786,0.3,7,True,0.2253968253968254,0.2857142857142857,0.0573192851827401,2.521640636343318
787,0.2,8,True,0.2761904761904762,0.25,0.03042964980987506,2.5
788,0.0,10,True,0.2651851851851852,0.2,0.02602396837087928,2.9219280948873623
789,0.0,10,True,0.4222222222222223,0.7,0.32161017527648017,1.3567796494470397
790,0.0,10,True,0.2770370370370371,0.3,0.06502247023287666,2.1709505944546685
791,0.0,10,True,0.20296296296296296,0.3,0.05731928518273999,2.6464393446710157
792,0.0,10,True,0.3837037037037037,0.7,0.32161017527648017,1.3567796494470397
793,0.0,10,True,0.2237037037037037,0.3,0.05731928518273999,2.6464393446710157
794,0.0,10,True,0.37037037037037035,0.6,0.23729309346223382,1.7709505944546688
795,0.0,10,True,0.6666666666666666,1.0,1.0,0.0
796,0.0,10,True,0.23407407407407407,0.3,0.05358807178498548,2.446439344671015
797,0.0,10,True,0.6,0.9,0.5310044064107188,0.4689955935892812
798,0.0,10,True,0.56,0.9,0.5310044064107188,0.4689955935892812
799,0.0,10,True,0.2637037037037037,0.3,0.0573192851827401,2.6464393446710153
800,0.0,10,True,0.5096296296296295,0.8,0.2780719051126377,0.7219280948873623
801,0.0,10,True,0.6,1.0,1.0,0.0
802,0.0,10,True,0.29629629629629634,0.4,0.10167108723147944,2.5219280948873624
803,0.0,10,True,0.3925925925925926,0.6,0.21452470277266567,1.5709505944546687
804,0.0,10,True,0.48000000000000004,0.9,0.5310044064107188,0.4689955935892812
805,0.0,10,True,0.49333333333333335,0.9,0.5310044064107188,0.4689955935892812
806,0.0,10,True,0.28888888888888886,0.4,0.08613531161467869,2.121928094887362
807,0.0,10,True,0.31555555555555553,0.5,0.16402499191349473,2.1609640474436813
808,0.0,10,True,0.52,0.9,0.5310044064107188,0.4689955935892812
809,0.0,10,True,0.2696296296296296,0.4,0.10175559829607284,2.321928094887362
810,0.0,10,True,0.2755555555555556,0.3,0.05118688510966152,2.8464393446710154
811,0.0,10,True,0.32,0.4,0.08613531161467869,2.121928094887362
812,0.0,10,True,0.4,0.7,0.32161017527648017,1.3567796494470397
813,0.0,10,True,0.3214814814814815,0.6,0.23729309346223382,1.7709505944546688
814,0.0,10,True,0.33925925925925926,0.4,0.08613531161467847,2.1219280948873624
815,0.0,10,True,0.36444444444444446,0.6,0.23729309346223382,1.7709505944546688
816,0.0,10,True,0.397037037037037,0.5,0.06276943678387037,1.4854752972273344
817,0.0,10,True,0.2977777777777778,0.2,0.030429649809874948,2.7219280948873625
818,0.0,10,True,0.2474074074074074,0.2,0.0243850368491646,2.521928094887362
819,0.0,10,True,0.3570370370370371,0.5,0.15545875354128547,1.9609640474436814
820,0.0,10,True,0.2696296296296296,0.5,0.16402499191349473,2.1609640474436813
821,0.7,3,False,,,,
822,0.6,4,False,,,,
823,0.0,10,True,0.2651851851851852,0.3,0.05358807178498537,2.4464393446710155
824,0.0,10,True,0.42962962962962964,0.5,0.1572623513863327,1.6854752972273346
825,0.0,10,True,0.38814814814814813,0.7,0.32161017527648017,1.3567796494470397
826,0.0,10,True,0.5066666666666666,0.9,0.5310044064107188,0.4689955935892812
827,0.0,10,True,0.31851851851851853,0.3,0.06502247023287655,2.170950594454669
828,0.0,10,True,0.34814814814814815,0.4,0.13903595255631884,1.7219280948873623
829,0.0,10,True,0.4014814814814815,0.7,0.32161017527648017,1.3567796494470397
830,0.0,10,True,0.3288888888888889,0.5,0.15545875354128547,1.9609640474436814
831,0.0,10,True,0.5111111111111111,0.7,0.1187091007693073,0.8812908992306927
832,0.0,10,True,0.56,0.9,0.5310044064107188,0.4689955935892812
833,0.0,10,True,0.3674074074074074,0.6,0.13502647928207268,1.3709505944546687
834,0.0,10,True,0.3111111111111111,0.6,0.13502647928207268,1.3709505944546687
835,0.0,10,True,0.6666666666666666,1.0,1.0,0.0
836,0.0,10,True,0.56,0.9,0.5310044064107188,0.4689955935892812
837,0.0,10,True,0.52,0.9,0.5310044064107188,0.4689955935892812
838,0.0,10,True,0.3022222222222222,0.3,0.05358807178498537,2.4464393446710155
839,0.0,10,True,0.3511111111111111,0.6,0.23729309346223382,1.7709505944546688
840,0.0,10,True,0.49777777777777776,0.6,0.02904940554533142,0.9709505944546686
841,0.0,10,True,0.56,0.9,0.5310044064107188,0.4689955935892812
842,0.0,10,True,0.28444444444444444,0.4,0.10175559829607284,2.321928094887362
843,0.0,10,True,0.35407407407407404,0.5,0.15545875354128547,1.9609640474436814
844,0.0,10,True,0.48000000000000004,0.9,0.5310044064107188,0.4689955935892812
845,0.0,10,True,0.35407407407407404,0.4,0.11864654673111685,2.0464393446710156
846,0.0,10,True,0.2474074074074074,0.2,0.03042964980987506,2.721928094887362
847,0.0,10,True,0.34814814814814815,0.6,0.21452470277266567,1.5709505944546687
848,0.0,10,True,0.5066666666666666,0.9,0.5310044064107188,0.4689955935892812
849,0.0,10,True,0.31851851851851853,0.5,0.15545875354128547,1.9609640474436814
850,0.0,10,True,0.23703703703703702,0.3,0.0573192851827401,2.6464393446710153
851,0.0,10,True,0.4711111111111111,0.7,0.1187091007693073,0.8812908992306927
852,0.0,10,True,0.6370370370370371,0.8,0.2780719051126377,0.7219280948873623
853,0.0,10,True,0.42962962962962964,0.6,0.13502647928207268,1.3709505944546687
854,0.0,10,True,0.3111111111111111,0.3,0.05358807178498548,2.446439344671015
855,0.0,10,True,0.2992592592592593,0.3,0.06502247023287666,2.1709505944546685
856,0.0,10,True,0.2874074074074074,0.2,0.024385036849164488,2.5219280948873624
857,0.0,10,True,0.2474074074074074,0.3,0.0573192851827401,2.6464393446710153
858,0.0,10,True,0.26666666666666666,0.3,0.0573192851827401,2.6464393446710153
859,0.0,10,True,0.2325925925925926,0.3,0.0573192851827401,2.6464393446710153
860,0.7,3,False,,,,
861,0.9,1,False,,,,
862,0.9,1,False,,,,
863,0.9,1,False,,,,
864,0.9,1,False,,,,
865,0.9,1,False,,,,
866,0.9,1,False,,,,
867,0.9,1,False,,,,
868,0.9,1,False,,,,
869,0.9,1,False,,,,
870,0.9,1,False,,,,
871,0.9,1,False,,,,
872,0.9,1,False,,,,
873,0.9,1,False,,,,
874,0.9,1,False,,,,
875,0.9,1,False,,,,
876,0.9,1,False,,,,
877,0.9,1,False,,,,
878,0.9,1,False,,,,
879,0.9,1,False,,,,
880,0.9,1,False,,,,
881,0.0,10,True,0.3511111111111111,0.5,0.16402499191349473,2.1609640474436813
882,0.1,9,True,0.19814814814814816,0.2222222222222222,0.015141338212453448,2.94770277922009
883,0.1,9,True,0.2685185185185185,0.3333333333333333,0.08279110672080625,2.113283334294875
884,0.1,9,True,0.33888888888888885,0.4444444444444444,0.10167108723147944,2.2810361125534233
885,0.0,10,True,0.23851851851851852,0.3,0.0573192851827401,2.6464393446710153
886,0.0,10,True,0.2637037037037037,0.3,0.08279110672080625,2.3709505944546687
887,0.0,10,True,0.29185185185185186,0.6,0.23729309346223382,1.7709505944546688
888,0.0,10,True,0.29185185185185186,0.3,0.05358807178498548,2.446439344671015
889,0.0,10,True,0.2237037037037037,0.2,0.03042964980987506,2.721928094887362
890,0.0,10,True,0.37037037037037035,0.4,0.039035952556318865,1.9219280948873623
891,0.0,10,True,0.2414814814814815,0.3,0.05731928518273999,2.6464393446710157
892,0.0,10,True,0.8666666666666667,0.9,0.5310044064107188,0.4689955935892812
893,0.0,10,True,0.5333333333333333,1.0,1.0,0.0
894,0.0,10,True,0.3555555555555555,0.5,0.11951797627815941,1.7609640474436812
895,0.0,10,True,0.3555555555555555,0.4,0.11864654673111685,2.0464393446710156
896,0.0,10,True,0.38962962962962966,0.7,0.32161017527648017,1.3567796494470397
897,0.0,10,True,0.45037037037037037,0.4,0.03977028213923883,1.5219280948873621
898,0.0,10,True,0.48000000000000004,0.9,0.5310044064107188,0.4689955935892812
899,0.0,10,True,0.4577777777777778,0.6,0.23729309346223382,1.7709505944546688
900,0.0,10,True,0.2162962962962963,0.4,0.11864654673111708,2.046439344671015
901,0.0,10,True,0.5807407407407408,0.8,0.41832813428211324,0.9219280948873623
902,0.0,10,True,0.6133333333333333,0.9,0.5310044064107188,0.4689955935892812
903,0.0,10,True,0.2518518518518518,0.3,0.0573192851827401,2.6464393446710153
904,0.0,10,True,0.274074074074074,0.4,0.10175559829607284,2.321928094887362
905,0.9,1,False,,,,
906,0.9,1,False,,,,
907,0.9,1,False,,,,
908,0.9,1,False,,,,
909,0.9,1,False,,,,
910,0.0,10,True,0.2474074074074074,0.3,0.0573192851827401,2.6464393446710153
911,0.0,10,True,0.1985185185185185,0.2,0.02602396837087928,2.9219280948873623
912,0.0,10,True,0.40296296296296297,0.6,0.21452470277266567,1.5709505944546687
913,0.0,10,True,0.4251851851851852,0.7,0.32161017527648017,1.3567796494470397
914,0.0,10,True,0.36000000000000004,0.7,0.32161017527648017,1.3567796494470397
915,0.1,9,True,0.35185185185185186,0.6666666666666666,0.21452470277266567,1.224394445405986
916,0.0,10,True,0.38814814814814813,0.7,0.32161017527648017,1.3567796494470397
917,0.0,10,True,0.5096296296296295,0.8,0.2780719051126377,0.7219280948873623
918,0.0,10,True,0.6,1.0,1.0,0.0
919,0.0,10,True,0.34074074074074073,0.6,0.21452470277266567,1.5709505944546687
920,0.0,10,True,0.3111111111111111,0.3,0.08279110672080636,2.3709505944546683
921,0.0,10,True,0.3792592592592593,0.5,0.11951797627815941,1.7609640474436812
922,0.0,10,True,0.20592592592592593,0.2,0.02602396837087928,2.9219280948873623
923,0.0,10,True,0.29333333333333333,0.5,0.16402499191349473,2.1609640474436813
924,0.0,10,True,0.4118518518518518,0.6,0.23729309346223382,1.7709505944546688
925,0.0,10,True,0.49333333333333335,0.9,0.5310044064107188,0.4689955935892812
926,0.0,10,True,0.4325925925925926,0.8,0.41832813428211324,0.9219280948873623
927,0.0,10,True,0.6266666666666667,0.9,0.5310044064107188,0.4689955935892812
928,0.0,10,True,0.6133333333333333,0.9,0.5310044064107188,0.4689955935892812
929,0.0,10,True,0.2562962962962963,0.3,0.05358807178498548,2.446439344671015
930,0.0,10,True,0.29185185185185186,0.3,0.032511235116438386,2.2464393446710154
931,0.9,1,False,,,,
932,0.0,10,True,0.2948148148148148,0.3,0.032511235116438386,2.2464393446710154
933,0.0,10,True,0.23407407407407407,0.2,0.024385036849164488,2.5219280948873624
934,0.0,10,True,0.39555555555555555,0.4,0.07678032766449228,1.8464393446710154
935,0.0,10,True,0.3125925925925926,0.4,0.11864654673111685,2.0464393446710156
936,0.0,10,True,0.56,0.9,0.5310044064107188,0.4689955935892812
937,0.0,10,True,0.47259259259259256,0.7,0.27015330083790245,1.1567796494470395
938,0.0,10,True,0.34074074074074073,0.5,0.15545875354128547,1.9609640474436814
939,0.0,10,True,0.31851851851851853,0.4,0.07678032766449228,1.8464393446710154
940,0.0,10,True,0.4311111111111111,0.8,0.41832813428211324,0.9219280948873623
941,0.0,10,True,0.4311111111111111,0.5,0.1572623513863327,1.6854752972273346
942,0.0,10,True,0.2814814814814815,0.3,0.0573192851827401,2.6464393446710153
943,0.0,10,True,0.42962962962962964,0.8,0.41832813428211324,0.9219280948873623
944,0.0,10,True,0.38074074074074077,0.4,0.07678032766449228,1.8464393446710154
945,0.0,10,True,0.26666666666666666,0.3,0.08279110672080625,2.3709505944546687
946,0.0,10,True,0.2814814814814815,0.3,0.08279110672080625,2.3709505944546687
947,0.0,10,True,0.3733333333333333,0.3,0.01452470277266571,1.9709505944546686
948,0.0,10,True,0.5037037037037037,0.8,0.41832813428211324,0.9219280948873623
949,0.0,10,True,0.36444444444444446,0.5,0.15545875354128547,1.9609640474436814
950,0.0,10,True,0.23703703703703702,0.3,0.0573192851827401,2.6464393446710153
951,0.0,10,True,0.3674074074074074,0.6,0.21452470277266567,1.5709505944546687
952,0.0,10,True,0.27851851851851855,0.3,0.05358807178498537,2.4464393446710155
953,0.0,10,True,0.44296296296296295,0.7,0.32161017527648017,1.3567796494470397
954,0.0,10,True,0.3511111111111111,0.6,0.23729309346223382,1.7709505944546688
955,0.0,10,True,0.5185185185185185,0.8,0.41832813428211324,0.9219280948873623
956,0.0,10,True,0.21777777777777776,0.3,0.032511235116438386,2.2464393446710154
957,0.0,10,True,0.4118518518518518,0.7,0.32161017527648017,1.3567796494470397
958,0.0,10,True,0.42370370370370375,0.5,0.11951797627815941,1.7609640474436812
959,0.0,10,True,0.2874074074074074,0.4,0.11864654673111708,2.046439344671015
960,0.0,10,True,0.41777777777777775,0.6,0.23729309346223382,1.7709505944546688
961,0.0,10,True,0.2414814814814815,0.2,0.030429649809874948,2.7219280948873625
962,0.0,10,True,0.43555555555555553,0.7,0.27015330083790245,1.1567796494470395
963,0.0,10,True,0.2162962962962963,0.2,0.02602396837087928,2.9219280948873623
964,0.0,10,True,0.2548148148148148,0.3,0.0573192851827401,2.6464393446710153
965,0.0,10,True,0.3437037037037037,0.4,0.11864654673111685,2.0464393446710156
966,0.0,10,True,0.42074074074074075,0.7,0.32161017527648017,1.3567796494470397
967,0.0,10,True,0.30518518518518517,0.3,0.06502247023287666,2.1709505944546685
968,0.0,10,True,0.23407407407407407,0.3,0.0573192851827401,2.6464393446710153
969,0.0,10,True,0.40888888888888886,0.5,0.06276943678387037,1.4854752972273344
970,0.0,10,True,0.23703703703703702,0.2,0.02602396837087928,2.9219280948873623
971,0.0,10,True,0.274074074074074,0.3,0.0573192851827401,2.6464393446710153
972,0.0,10,True,0.30666666666666664,0.3,0.032511235116438386,2.2464393446710154
973,0.0,10,True,0.42814814814814817,0.4,0.13903595255631895,1.721928094887362
974,0.0,10,True,0.3214814814814815,0.3,0.032511235116438386,2.2464393446710154
975,0.0,10,True,0.26814814814814814,0.3,0.0573192851827401,2.6464393446710153
976,0.0,10,True,0.20888888888888887,0.2,0.0243850368491646,2.521928094887362
977,0.0,10,True,0.22518518518518518,0.2,0.02602396837087928,2.9219280948873623
978,0.0,10,True,0.22222222222222224,0.2,0.02602396837087928,2.9219280948873623
979,0.0,10,True,0.22518518518518518,0.2,0.02602396837087928,2.9219280948873623
980,0.0,10,True,0.29629629629629634,0.3,0.05358807178498537,2.4464393446710155
981,0.0,10,True,0.2074074074074074,0.3,0.0573192851827401,2.6464393446710153
982,0.2,8,True,0.21666666666666667,0.25,0.03042964980987506,2.5
983,0.8,2,False,,,,
984,0.8,2,False,,,,
985,0.8,2,False,,,,
986,0.7,3,False,,,,
987,0.6,4,False,,,,
988,0.0,10,True,0.3288888888888889,0.5,0.15726235138633282,1.6854752972273344
989,0.1,9,True,0.3537037037037037,0.5555555555555556,0.16402499191349473,1.8799649487271108
990,0.1,9,True,0.22222222222222224,0.2222222222222222,0.026023968370879058,2.725480556997868
991,0.1,9,True,0.24259259259259258,0.2222222222222222,0.02602396837087928,2.725480556997868
992,0.1,9,True,0.3574074074074074,0.5555555555555556,0.16402499191349473,1.8799649487271108
993,0.0,10,True,0.23555555555555555,0.2,0.02602396837087928,2.9219280948873623
994,0.0,10,True,0.33185185185185184,0.4,0.11864654673111685,2.0464393446710156
995,0.0,10,True,0.1985185185185185,0.2,0.02602396837087928,2.9219280948873623
996,0.0,10,True,0.22962962962962966,0.2,0.02602396837087928,2.9219280948873623
997,0.0,10,True,0.4711111111111111,0.8,0.41832813428211324,0.9219280948873623
998,0.0,10,True,0.28444444444444444,0.4,0.10175559829607284,2.321928094887362
999,0.0,10,True,0.2237037037037037,0.3,0.05358807178498537,2.4464393446710155
1000,0.0,10,True,0.18074074074074076,0.2,0.015141338212453448,3.121928094887362
1001,0.0,10,True,0.38666666666666666,0.6,0.21452470277266567,1.5709505944546687
1002,0.0,10,True,0.3437037037037037,0.5,0.1572623513863327,1.6854752972273346
1003,0.0,10,True,0.36444444444444446,0.4,0.11864654673111685,2.0464393446710156
1004,0.0,10,True,0.22814814814814816,0.2,0.02602396837087928,2.9219280948873623
1005,0.0,10,True,0.37037037037037035,0.7,0.27015330083790245,1.1567796494470395
1006,0.8,2,False,,,,
1007,0.0,10,True,0.39555555555555555,0.6,0.1826545778534897,1.295461844238322
1008,0.0,10,True,0.4059259259259259,0.4,0.13903595255631884,1.7219280948873623
1009,0.0,10,True,0.6266666666666667,0.9,0.5310044064107188,0.4689955935892812
1010,0.0,10,True,0.1985185185185185,0.2,0.015141338212453448,3.121928094887362
1011,0.0,10,True,0.36000000000000004,0.7,0.32161017527648017,1.3567796494470397
1012,0.0,10,True,0.3081481481481481,0.4,0.11864654673111685,2.0464393446710156
1013,0.0,10,True,0.33185185185185184,0.4,0.11864654673111685,2.0464393446710156
1014,0.0,10,True,0.38666666666666666,0.5,0.15545875354128547,1.9609640474436814
1015,0.0,10,True,0.2755555555555556,0.2,0.024385036849164488,2.5219280948873624
1016,0.0,10,True,0.3674074074074074,0.5,0.11951797627815941,1.7609640474436812
1017,0.0,10,True,0.2770370370370371,0.3,0.05358807178498537,2.4464393446710155
1018,0.0,10,True,0.3496296296296296,0.6,0.23729309346223382,1.7709505944546688
1019,0.0,10,True,0.5185185185185185,0.8,0.41832813428211324,0.9219280948873623
1020,0.0,10,True,0.22962962962962966,0.3,0.05358807178498548,2.446439344671015
1021,0.0,10,True,0.28444444444444444,0.3,0.0573192851827401,2.6464393446710153
1022,0.0,10,True,0.21185185185185187,0.3,0.05358807178498515,2.446439344671016
1023,0.1,9,True,0.29814814814814816,0.3333333333333333,0.08279110672080636,2.113283334294875
1024,0.1,9,True,0.24074074074074076,0.2222222222222222,0.030429649809874948,2.503258334775646
1025,0.0,10,True,0.36000000000000004,0.5,0.16402499191349473,2.1609640474436813
1026,0.0,10,True,0.482962962962963,0.7,0.27015330083790245,1.1567796494470395
1027,0.0,10,True,0.22666666666666666,0.2,0.02602396837087928,2.9219280948873623
1028,0.0,10,True,0.33185185185185184,0.4,0.10175559829607284,2.321928094887362
1029,0.0,10,True,0.31407407407407406,0.4,0.07678032766449228,1.8464393446710154
1030,0.1,9,True,0.18888888888888886,0.2222222222222222,0.02602396837087928,2.725480556997868
1031,0.1,9,True,0.26296296296296295,0.2222222222222222,0.02602396837087928,2.725480556997868
1032,0.1,9,True,0.17592592592592593,0.2222222222222222,0.02602396837087928,2.725480556997868
1033,0.1,9,True,0.43888888888888894,0.5555555555555556,0.15545875354128547,1.6577427265048887
1034,0.1,9,True,0.2611111111111111,0.2222222222222222,0.02602396837087928,2.725480556997868
1035,0.1,9,True,0.25925925925925924,0.4444444444444444,0.10167108723147944,2.2810361125534233
1036,0.1,9,True,0.4407407407407407,0.4444444444444444,0.07678032766449228,1.5304930567574824
1037,0.1,9,True,0.40925925925925927,0.4444444444444444,0.11864654673111685,1.7527152789797047
1038,0.1,9,True,0.3148148148148148,0.3333333333333333,0.05358807178498548,2.197159723424149
1039,0.1,9,True,0.2777777777777778,0.4444444444444444,0.10175559829607284,2.058813890331201
1040,0.1,9,True,0.3055555555555555,0.2222222222222222,0.024385036849164488,2.2810361125534238
1041,0.1,9,True,0.2611111111111111,0.3333333333333333,0.05358807178498537,2.197159723424149
1042,0.1,9,True,0.37407407407407406,0.4444444444444444,0.13903595255631884,1.3921472236645345
1043,0.1,9,True,0.587037037037037,0.7777777777777778,0.32161017527648017,0.9864267287308424
1044,0.1,9,True,0.34814814814814815,0.4444444444444444,0.10175559829607284,2.058813890331201
1045,0.1,9,True,0.43888888888888894,0.5555555555555556,0.1572623513863327,1.3516441151533922
1046,0.1,9,True,0.28888888888888886,0.3333333333333333,0.08279110672080636,2.113283334294875
1047,0.1,9,True,0.3037037037037037,0.5555555555555556,0.16402499191349473,1.8799649487271108
1048,0.1,9,True,0.25925925925925924,0.3333333333333333,0.05731928518273999,2.4193819456463714
1049,0.1,9,True,0.32962962962962966,0.5555555555555556,0.16402499191349473,1.8799649487271108
1050,0.1,9,True,0.3111111111111111,0.3333333333333333,0.0573192851827401,2.4193819456463714
1051,0.1,9,True,0.20555555555555557,0.3333333333333333,0.05118688510966152,2.6416041678685933
1052,0.1,9,True,0.21666666666666667,0.3333333333333333,0.05118688510966152,2.6416041678685933
1053,0.1,9,True,0.42037037037037034,0.5555555555555556,0.15545875354128547,1.6577427265048887
1054,0.1,9,True,0.3148148148148148,0.5555555555555556,0.15545875354128547,1.657742726504889
1055,0.0,10,True,0.37481481481481477,0.7,0.32161017527648017,1.3567796494470397
1056,0.0,10,True,0.2770370370370371,0.5,0.15545875354128547,1.9609640474436814
1057,0.0,10,True,0.4014814814814815,0.6,0.21452470277266567,1.5709505944546687
1058,0.0,10,True,0.34814814814814815,0.6,0.23729309346223382,1.7709505944546688
1059,0.0,10,True,0.22222222222222224,0.2,0.015141338212453448,3.121928094887362
1060,0.7,3,False,,,,
1061,0.7,3,False,,,,
1062,0.7,3,False,,,,
1063,0.2,8,True,0.3476190476190476,0.5,0.07678032766449228,1.4056390622295665
1064,0.2,8,True,0.25,0.375,0.05358807178498537,2.1556390622295662
1065,0.2,8,True,0.2547619047619048,0.25,0.03042964980987506,2.5
1066,0.1,9,True,0.26481481481481484,0.3333333333333333,0.0573192851827401,2.4193819456463714
1067,0.0,10,True,0.30666666666666664,0.4,0.10175559829607284,2.321928094887362
1068,0.0,10,True,0.2414814814814815,0.2,0.0243850368491646,2.521928094887362
1069,0.0,10,True,0.3288888888888889,0.3,0.06502247023287666,2.1709505944546685
1070,0.1,9,True,0.5092592592592593,0.7777777777777778,0.32161017527648017,0.9864267287308424
1071,0.1,9,True,0.2907407407407407,0.3333333333333333,0.0573192851827401,2.4193819456463714
1072,0.1,9,True,0.3333333333333333,0.5555555555555556,0.16402499191349473,1.8799649487271108
1073,0.1,9,True,0.3851851851851852,0.4444444444444444,0.10175559829607284,2.058813890331201
1074,0.1,9,True,0.48518518518518516,0.7777777777777778,0.32161017527648017,0.9864267287308424
1075,0.1,9,True,0.24629629629629632,0.3333333333333333,0.0573192851827401,2.4193819456463714
1076,0.1,9,True,0.44814814814814813,0.7777777777777778,0.32161017527648017,0.9864267287308424
1077,0.1,9,True,0.33888888888888885,0.4444444444444444,0.10175559829607284,2.058813890331201
1078,0.1,9,True,0.3925925925925926,0.6666666666666666,0.23729309346223382,1.4466166676282082
1079,0.1,9,True,0.5222222222222223,0.7777777777777778,0.27015330083790245,0.7642045065086203
1080,0.1,9,True,0.43148148148148147,0.5555555555555556,0.15726235138633282,1.3516441151533922
1081,0.1,9,True,0.37037037037037035,0.4444444444444444,0.13903595255631884,1.3921472236645345
1082,0.1,9,True,0.3,0.4444444444444444,0.11864654673111685,1.7527152789797045
1083,0.1,9,True,0.3777777777777778,0.4444444444444444,0.13903595255631884,1.3921472236645345
1084,0.9,1,False,,,,
1085,0.9,1,False,,,,
1086,0.9,1,False,,,,
1087,0.9,1,False,,,,
1088,0.9,1,False,,,,
1089,0.9,1,False,,,,
1090,0.9,1,False,,,,
1091,0.9,1,False,,,,
1092,0.9,1,False,,,,
1093,0.9,1,False,,,,
1094,0.9,1,False,,,,
1095,0.9,1,False,,,,
1096,0.9,1,False,,,,
1097,0.9,1,False,,,,
1098,0.9,1,False,,,,
1099,0.9,1,False,,,,
1100,0.9,1,False,,,,
1101,0.9,1,False,,,,
1102,0.9,1,False,,,,
1103,0.1,9,True,0.34444444444444444,0.4444444444444444,0.10175559829607272,2.058813890331201
1104,0.1,9,True,0.3851851851851852,0.4444444444444444,0.07678032766449228,1.5304930567574826
1105,0.1,9,True,0.5148148148148148,0.7777777777777778,0.32161017527648017,0.9864267287308424
1106,0.1,9,True,0.26481481481481484,0.4444444444444444,0.10167108723147944,2.2810361125534233
1107,0.1,9,True,0.29814814814814816,0.3333333333333333,0.05358807178498548,2.197159723424149
1108,0.1,9,True,0.2685185185185185,0.3333333333333333,0.0573192851827401,2.4193819456463714
1109,0.1,9,True,0.437037037037037,0.5555555555555556,0.15726235138633282,1.3516441151533922
1110,0.1,9,True,0.2611111111111111,0.3333333333333333,0.05731928518273999,2.4193819456463714
1111,0.1,9,True,0.30185185185185187,0.4444444444444444,0.08613531161467869,1.836591668108979
1112,0.1,9,True,0.4444444444444444,0.5555555555555556,0.1572623513863327,1.3516441151533924
1113,0.1,9,True,0.4148148148148148,0.5555555555555556,0.15545875354128547,1.657742726504889
1114,0.1,9,True,0.2111111111111111,0.1111111111111111,0.0,3.169925001442312
1115,0.1,9,True,0.3277777777777778,0.6666666666666666,0.21452470277266567,1.224394445405986
1116,0.1,9,True,0.4444444444444444,0.4444444444444444,0.07678032766449228,1.5304930567574826
1117,0.1,9,True,0.2574074074074074,0.2222222222222222,0.02602396837087928,2.725480556997868
1118,0.1,9,True,0.32592592592592595,0.4444444444444444,0.10175559829607284,2.058813890331201
1119,0.1,9,True,0.24444444444444444,0.3333333333333333,0.0573192851827401,2.4193819456463714
1120,0.1,9,True,0.3074074074074074,0.2222222222222222,0.030429649809874948,2.5032583347756456
1121,0.1,9,True,0.2611111111111111,0.2222222222222222,0.03042964980987506,2.5032583347756456
1122,0.3,7,True,0.4222222222222223,0.7142857142857143,0.1572623513863327,1.1488348542809166
1123,0.3,7,True,0.2285714285714286,0.2857142857142857,0.05358807178498537,2.2359263506290326
1124,0.3,7,True,0.2571428571428572,0.42857142857142855,0.08279110672080625,2.1280852788913944
1125,0.3,7,True,0.2857142857142857,0.5714285714285714,0.07678032766449228,1.3787834934861753
1126,0.3,7,True,0.21587301587301588,0.42857142857142855,0.08279110672080636,2.1280852788913944
1127,0.4,6,True,0.41777777777777775,0.5,0.07678032766449228,1.4591479170272448
1128,0.4,6,True,0.26666666666666666,0.5,0.11864654673111708,1.7924812503605778
1129,0.3,7,True,0.19365079365079366,0.2857142857142857,0.05358807178498537,2.2359263506290326
1130,0.5,5,True,0.3466666666666667,0.6,0.1572623513863327,1.3709505944546687
1131,0.4,6,True,0.3288888888888889,0.5,0.11864654673111685,1.7924812503605778
1132,0.4,6,True,0.2533333333333333,0.3333333333333333,0.10175559829607284,2.2516291673878226
1133,0.2,8,True,0.1857142857142857,0.25,0.02602396837087928,2.75
1134,0.1,9,True,0.2388888888888889,0.2222222222222222,0.015141338212453337,2.94770277922009
1135,0.1,9,True,0.28888888888888886,0.4444444444444444,0.10175559829607272,2.058813890331201
1136,0.1,9,True,0.23703703703703702,0.3333333333333333,0.0573192851827401,2.4193819456463714
1137,0.1,9,True,0.1814814814814815,0.3333333333333333,0.05118688510966163,2.6416041678685933
1138,0.1,9,True,0.5018518518518519,0.7777777777777778,0.32161017527648017,0.9864267287308424
1139,0.1,9,True,0.37407407407407406,0.5555555555555556,0.11951797627815941,1.4355205042826666
1140,0.1,9,True,0.3814814814814815,0.6666666666666666,0.23729309346223382,1.4466166676282082
1141,0.1,9,True,0.4055555555555556,0.7777777777777778,0.32161017527648017,0.9864267287308424
1142,0.1,9,True,0.3055555555555555,0.3333333333333333,0.0573192851827401,2.4193819456463714
1143,0.1,9,True,0.47407407407407404,0.8888888888888888,0.41832813428211324,0.5032583347756457
1144,0.1,9,True,0.5037037037037037,0.8888888888888888,0.41832813428211324,0.5032583347756457
1145,0.1,9,True,0.22222222222222224,0.3333333333333333,0.05118688510966152,2.6416041678685933
1146,0.1,9,True,0.2907407407407407,0.3333333333333333,0.0573192851827401,2.4193819456463714
1147,0.1,9,True,0.3648148148148148,0.7777777777777778,0.32161017527648017,0.9864267287308424
1148,0.1,9,True,0.34814814814814815,0.4444444444444444,0.11864654673111685,1.7527152789797045
1149,0.1,9,True,0.17777777777777778,0.2222222222222222,0.015141338212453448,2.94770277922009
1150,0.1,9,True,0.2833333333333333,0.3333333333333333,0.08279110672080636,2.113283334294875
1151,0.1,9,True,0.362962962962963,0.5555555555555556,0.16402499191349473,1.8799649487271108
1152,0.2,8,True,0.3333333333333333,0.5,0.039035952556318865,1.5
1153,0.2,8,True,0.20714285714285716,0.25,0.02602396837087928,2.75
1154,0.2,8,True,0.2380952380952381,0.375,0.05358807178498537,2.1556390622295662
1155,0.2,8,True,0.6166666666666667,0.875,0.27015330083790245,0.5435644431995964
1156,0.2,8,True,0.15714285714285714,0.25,0.02602396837087928,2.75
1157,0.2,8,True,0.2571428571428572,0.25,0.02602396837087928,2.75
1158,0.2,8,True,0.25952380952380955,0.25,0.03042964980987506,2.5
1159,0.2,8,True,0.2380952380952381,0.25,0.03042964980987506,2.5
1160,0.3,7,True,0.4031746031746032,0.7142857142857143,0.1572623513863327,1.1488348542809166
1161,0.3,7,True,0.2857142857142857,0.42857142857142855,0.06502247023287666,1.8423709931771088
1162,0.2,8,True,0.23095238095238096,0.375,0.05358807178498537,2.1556390622295662
1163,0.2,8,True,0.4071428571428572,0.5,0.039035952556318865,1.5
1164,0.2,8,True,0.36428571428571427,0.625,0.15545875354128547,1.5487949406953985
1165,0.2,8,True,0.35952380952380947,0.5,0.08613531161467869,1.75
1166,0.2,8,True,0.3142857142857143,0.5,0.08613531161467847,1.75
1167,0.2,8,True,0.2785714285714286,0.375,0.05731928518273999,2.4056390622295662
1168,0.2,8,True,0.40476190476190477,0.75,0.21452470277266567,1.061278124459133
1169,0.2,8,True,0.2642857142857143,0.25,0.03042964980987506,2.5
1170,0.9,1,False,,,,
1171,0.3,7,True,0.1714285714285714,0.14285714285714285,0.05118688510966152,2.807354922057604
1172,0.3,7,True,0.5079365079365079,0.7142857142857143,0.06276943678387037,0.863120568566631
1173,0.3,7,True,0.4,0.42857142857142855,0.06502247023287655,1.8423709931771084
1174,0.3,7,True,0.35238095238095235,0.5714285714285714,0.11864654673111685,1.6644977792004614
1175,0.3,7,True,0.32380952380952377,0.2857142857142857,0.032511235116438386,1.9502120649147465
1176,0.3,7,True,0.3619047619047619,0.5714285714285714,0.07678032766449228,1.3787834934861753
1177,0.3,7,True,0.29523809523809524,0.42857142857142855,0.06502247023287666,1.8423709931771088
1178,0.3,7,True,0.3555555555555555,0.42857142857142855,0.01452470277266571,1.5566567074628228
1179,0.3,7,True,0.19682539682539685,0.2857142857142857,0.0573192851827401,2.5216406363433186
1180,0.3,7,True,0.3333333333333333,0.42857142857142855,0.014524702772665599,1.5566567074628228
1181,0.3,7,True,0.49523809523809526,0.8571428571428571,0.1826545778534897,0.5916727785823275
1182,0.3,7,True,0.2698412698412698,0.42857142857142855,0.08279110672080625,2.128085278891394
1183,0.3,7,True,0.3555555555555555,0.5714285714285714,0.11864654673111685,1.6644977792004614
1184,0.3,7,True,0.41904761904761906,0.5714285714285714,0.008840528567781392,0.9852281360342515
1185,0.3,7,True,0.40634920634920635,0.5714285714285714,0.07678032766449228,1.3787834934861753
1186,0.3,7,True,0.2507936507936508,0.2857142857142857,0.05358807178498537,2.2359263506290326
1187,0.3,7,True,0.32380952380952377,0.42857142857142855,0.06502247023287666,1.8423709931771084
1188,0.2,8,True,0.5166666666666667,0.875,0.27015330083790245,0.5435644431995964
1189,0.3,7,True,0.2285714285714286,0.2857142857142857,0.05358807178498537,2.2359263506290326
1190,0.3,7,True,0.2698412698412698,0.42857142857142855,0.06502247023287666,1.8423709931771088
1191,0.4,6,True,0.22666666666666666,0.3333333333333333,0.08613531161467869,1.9182958340544893
1192,0.3,7,True,0.25396825396825395,0.42857142857142855,0.06502247023287666,1.8423709931771088
1193,0.3,7,True,0.20952380952380953,0.42857142857142855,0.05226907788083901,1.4488156357251847
1194,0.6,4,False,,,,
1195,0.6,4,False,,,,
1196,0.6,4,False,,,,
1197,0.6,4,False,,,,
1198,0.6,4,False,,,,
1199,0.6,4,False,,,,
1200,0.6,4,False,,,,
1201,0.7,3,False,,,,
1202,0.8,2,False,,,,
1203,0.8,2,False,,,,
1204,0.8,2,False,,,,
1205,0.8,2,False,,,,
1206,0.8,2,False,,,,
1207,0.8,2,False,,,,
1208,0.8,2,False,,,,
1209,0.9,1,False,,,,
1210,0.9,1,False,,,,
1211,0.9,1,False,,,,
1212,0.9,1,False,,,,
1213,0.9,1,False,,,,
1214,0.9,1,False,,,,
1215,0.9,1,False,,,,
1216,0.9,1,False,,,,
1217,0.9,1,False,,,,
1218,0.9,1,False,,,,
1219,0.9,1,False,,,,
1220,0.9,1,False,,,,
1221,0.9,1,False,,,,
1222,0.9,1,False,,,,
1223,0.9,1,False,,,,
1224,0.9,1,False,,,,
1225,0.9,1,False,,,,
1226,0.9,1,False,,,,
1227,0.9,1,False,,,,
1228,0.9,1,False,,,,
1229,0.9,1,False,,,,
1230,0.9,1,False,,,,
1231,0.9,1,False,,,,
1232,0.9,1,False,,,,
1233,0.9,1,False,,,,
1234,0.9,1,False,,,,
1235,0.9,1,False,,,,
1236,0.9,1,False,,,,
1237,0.9,1,False,,,,
1238,0.9,1,False,,,,
1239,0.9,1,False,,,,
1240,0.9,1,False,,,,
1241,0.9,1,False,,,,
1242,0.9,1,False,,,,
1243,0.9,1,False,,,,
1244,0.9,1,False,,,,
1245,0.9,1,False,,,,
1246,0.9,1,False,,,,
1247,0.9,1,False,,,,
1248,0.9,1,False,,,,
1249,0.9,1,False,,,,
1250,0.9,1,False,,,,
1251,0.9,1,False,,,,
1252,0.9,1,False,,,,
1253,0.9,1,False,,,,
1254,0.9,1,False,,,,
1255,0.9,1,False,,,,
1256,0.9,1,False,,,,
1257,0.9,1,False,,,,
1258,0.9,1,False,,,,
1259,0.9,1,False,,,,
1260,0.9,1,False,,,,
1261,0.9,1,False,,,,
1262,0.9,1,False,,,,
1263,0.9,1,False,,,,
1264,0.8,2,False,,,,
1265,0.8,2,False,,,,
1266,0.8,2,False,,,,
1267,0.8,2,False,,,,
1268,0.9,1,False,,,,
1269,0.9,1,False,,,,
1270,0.9,1,False,,,,
1271,0.9,1,False,,,,
1272,0.9,1,False,,,,
1273,0.9,1,False,,,,
1274,0.9,1,False,,,,
1275,0.9,1,False,,,,
1276,0.9,1,False,,,,
1277,0.9,1,False,,,,
1278,0.9,1,False,,,,
1279,0.9,1,False,,,,
1280,0.9,1,False,,,,
1281,0.9,1,False,,,,
1282,0.9,1,False,,,,
1283,0.9,1,False,,,,
1284,0.8,2,False,,,,
1285,0.8,2,False,,,,
1286,0.8,2,False,,,,
1287,0.8,2,False,,,,
1288,0.8,2,False,,,,
1289,0.8,2,False,,,,
1290,0.8,2,False,,,,
1291,0.8,2,False,,,,
1292,0.8,2,False,,,,
1293,0.8,2,False,,,,
1294,0.8,2,False,,,,
1295,0.8,2,False,,,,
1296,0.8,2,False,,,,
1297,0.8,2,False,,,,
1298,0.8,2,False,,,,
1299,0.8,2,False,,,,
1300,0.8,2,False,,,,
1301,0.8,2,False,,,,
1302,0.8,2,False,,,,
1303,0.8,2,False,,,,
1304,0.8,2,False,,,,
1305,0.8,2,False,,,,
1306,0.8,2,False,,,,
1307,0.8,2,False,,,,
1308,0.8,2,False,,,,
1309,0.8,2,False,,,,
1310,0.8,2,False,,,,
1311,0.8,2,False,,,,
1312,0.9,1,False,,,,
1313,0.9,1,False,,,,
1314,0.9,1,False,,,,
1315,0.9,1,False,,,,
1316,0.9,1,False,,,,
1317,0.9,1,False,,,,
1318,0.9,1,False,,,,
1319,0.9,1,False,,,,
1320,0.9,1,False,,,,
1321,0.9,1,False,,,,
1322,0.8,2,False,,,,
1323,0.5,5,True,0.18666666666666665,0.4,0.15545875354128547,1.9219280948873623
1324,0.7,3,False,,,,
1325,0.5,5,True,0.41333333333333333,0.6,0.1572623513863327,1.3709505944546687
1326,0.5,5,True,0.18666666666666665,0.2,0.16402499191349473,2.321928094887362
1327,0.4,6,True,0.24000000000000002,0.16666666666666666,0.10167108723147944,2.584962500721156
1328,0.4,6,True,0.17777777777777778,0.3333333333333333,0.10175559829607284,2.2516291673878226
1329,0.4,6,True,0.22222222222222224,0.3333333333333333,0.10175559829607284,2.2516291673878226
1330,0.4,6,True,0.2622222222222222,0.6666666666666666,0.13903595255631895,1.2516291673878228
1331,0.3,7,True,0.2857142857142857,0.2857142857142857,0.05358807178498537,2.2359263506290326
1332,0.3,7,True,0.23492063492063492,0.14285714285714285,0.05118688510966152,2.807354922057604
1333,0.2,8,True,0.2380952380952381,0.25,0.03042964980987506,2.5
1334,0.2,8,True,0.30238095238095236,0.5,0.10175559829607284,2.0
1335,0.2,8,True,0.19761904761904764,0.25,0.02602396837087928,2.75
1336,0.2,8,True,0.4523809523809524,0.75,0.21452470277266567,1.061278124459133
1337,0.2,8,True,0.3404761904761905,0.375,0.05358807178498548,2.1556390622295662
1338,0.2,8,True,0.39047619047619053,0.625,0.06276943678387037,0.954434002924965
1339,0.2,8,True,0.39047619047619053,0.375,0.032511235116438386,1.9056390622295665
1340,0.2,8,True,0.28809523809523807,0.375,0.0573192851827401,2.4056390622295662
1341,0.2,8,True,0.28809523809523807,0.5,0.10175559829607284,2.0
1342,0.2,8,True,0.3714285714285714,0.5,0.07678032766449228,1.4056390622295665
1343,0.3,7,True,0.2380952380952381,0.2857142857142857,0.032511235116438386,1.9502120649147465
1344,0.3,7,True,0.20952380952380953,0.14285714285714285,0.05118688510966152,2.807354922057604
1345,0.3,7,True,0.6666666666666666,1.0,0.1187091007693073,0.0
1346,0.3,7,True,0.4444444444444444,0.7142857142857143,0.1572623513863327,1.1488348542809166
1347,0.3,7,True,0.32380952380952377,0.5714285714285714,0.11864654673111685,1.6644977792004614
1348,0.3,7,True,0.473015873015873,0.7142857142857143,0.15726235138633282,1.1488348542809166
1349,0.3,7,True,0.6,1.0,0.1187091007693073,0.0
1350,0.3,7,True,0.5333333333333333,1.0,0.1187091007693073,0.0
1351,0.2,8,True,0.6,1.0,0.2780719051126377,0.0
1352,0.2,8,True,0.36666666666666664,0.5,0.08613531161467847,1.75
1353,0.2,8,True,0.5333333333333333,1.0,0.2780719051126377,0.0
1354,0.2,8,True,0.380952380952381,0.5,0.08613531161467847,1.75
1355,0.2,8,True,0.35238095238095235,0.625,0.15545875354128547,1.5487949406953985
1356,0.2,8,True,0.4571428571428572,0.625,0.15545875354128547,1.5487949406953985
1357,0.2,8,True,0.42142857142857143,0.5,0.08613531161467869,1.75
1358,0.2,8,True,0.2380952380952381,0.375,0.032511235116438164,1.9056390622295665
1359,0.2,8,True,0.30952380952380953,0.5,0.10175559829607284,2.0
1360,0.2,8,True,0.2571428571428572,0.375,0.06502247023287666,1.811278124459133
1361,0.2,8,True,0.22380952380952382,0.25,0.02602396837087928,2.75
1362,0.2,8,True,0.24285714285714285,0.25,0.03042964980987506,2.5
1363,0.2,8,True,0.2761904761904762,0.25,0.030429649809874948,2.5
1364,0.7,3,False,,,,
1365,0.7,3,False,,,,
1366,0.7,3,False,,,,
1367,0.7,3,False,,,,
1368,0.9,1,False,,,,
1369,0.9,1,False,,,,
1370,0.9,1,False,,,,
1371,0.9,1,False,,,,
1372,0.9,1,False,,,,
1373,0.9,1,False,,,,
1374,0.9,1,False,,,,
1375,0.9,1,False,,,,
1376,0.9,1,False,,,,
1377,0.9,1,False,,,,
1378,0.8,2,False,,,,
1379,0.8,2,False,,,,
1380,0.8,2,False,,,,
1381,0.7,3,False,,,,
1382,0.6,4,False,,,,
1383,0.3,7,True,0.2507936507936508,0.2857142857142857,0.05731928518273999,2.521640636343318
1384,0.2,8,True,0.19523809523809527,0.25,0.02602396837087928,2.75
1385,0.2,8,True,0.23095238095238096,0.375,0.0573192851827401,2.4056390622295662
1386,0.2,8,True,0.23095238095238096,0.375,0.05731928518273999,2.4056390622295662
1387,0.2,8,True,0.35238095238095235,0.5,0.10175559829607284,2.0
1388,0.2,8,True,0.45,0.625,0.11951797627815941,1.2987949406953985
1389,0.2,8,True,0.2380952380952381,0.25,0.03042964980987506,2.5
1390,0.2,8,True,0.3880952380952381,0.375,0.06502247023287666,1.811278124459133
1391,0.2,8,True,0.47619047619047616,0.75,0.13502647928207268,0.8112781244591328
1392,0.2,8,True,0.430952380952381,0.5,0.07678032766449228,1.4056390622295665
1393,0.2,8,True,0.44761904761904764,0.625,0.11951797627815941,1.2987949406953985
1394,0.2,8,True,0.26666666666666666,0.375,0.0573192851827401,2.4056390622295662
1395,0.2,8,True,0.4380952380952381,0.75,0.21452470277266567,1.061278124459133
1396,0.2,8,True,0.3357142857142857,0.375,0.032511235116438164,1.9056390622295665
1397,0.2,8,True,0.19285714285714287,0.25,0.02602396837087928,2.75
1398,0.4,6,True,0.3022222222222222,0.3333333333333333,0.08613531161467869,1.9182958340544893
1399,0.5,5,True,0.5333333333333333,1.0,0.0,0.0
1400,0.5,5,True,0.39333333333333337,0.6,0.15726235138633282,1.3709505944546687
1401,0.5,5,True,0.26666666666666666,0.6,0.1572623513863327,1.3709505944546687
1402,0.5,5,True,0.3,0.4,0.15545875354128547,1.9219280948873623
1403,0.5,5,True,0.3266666666666667,0.6,0.1572623513863327,1.3709505944546687
1404,0.7,3,False,,,,
1405,0.2,8,True,0.3119047619047619,0.5,0.10175559829607284,2.0
1406,0.2,8,True,0.3071428571428571,0.375,0.032511235116438386,1.9056390622295665
1407,0.2,8,True,0.25952380952380955,0.25,0.0243850368491646,2.25
1408,0.2,8,True,0.26666666666666666,0.5,0.08613531161467847,1.75
1409,0.2,8,True,0.37380952380952387,0.625,0.15545875354128547,1.5487949406953985
1410,0.2,8,True,0.3,0.5,0.10175559829607284,2.0
1411,0.2,8,True,0.4095238095238095,0.5,0.07678032766449228,1.4056390622295665
1412,0.2,8,True,0.3,0.5,0.08613531161467869,1.75
1413,0.2,8,True,0.3214285714285714,0.375,0.06502247023287666,1.811278124459133
1414,0.2,8,True,0.5,0.875,0.27015330083790245,0.5435644431995964
1415,0.2,8,True,0.6666666666666666,1.0,0.2780719051126377,0.0
1416,0.2,8,True,0.4095238095238095,0.625,0.15545875354128547,1.5487949406953985
1417,0.2,8,True,0.47619047619047616,0.75,0.13502647928207268,0.8112781244591328
1418,0.2,8,True,0.33095238095238094,0.625,0.11951797627815941,1.2987949406953985
1419,0.2,8,True,0.2714285714285714,0.375,0.032511235116438386,1.9056390622295665
1420,0.2,8,True,0.20952380952380953,0.375,0.05358807178498537,2.1556390622295662
1421,0.2,8,True,0.21904761904761905,0.25,0.03042964980987506,2.5
1422,0.2,8,True,0.35,0.625,0.15545875354128547,1.5487949406953985
1423,0.2,8,True,0.3428571428571428,0.375,0.05358807178498537,2.1556390622295662
1424,0.2,8,True,0.21190476190476193,0.25,0.03042964980987506,2.5
1425,0.2,8,True,0.4714285714285714,0.5,0.07678032766449228,1.4056390622295665
1426,0.2,8,True,0.19523809523809527,0.25,0.030429649809874948,2.5
1427,0.3,7,True,0.2285714285714286,0.2857142857142857,0.0573192851827401,2.521640636343318
1428,0.2,8,True,0.30952380952380953,0.5,0.10175559829607284,2.0
1429,0.2,8,True,0.3619047619047619,0.5,0.08613531161467869,1.75
1430,0.3,7,True,0.39047619047619053,0.7142857142857143,0.1572623513863327,1.1488348542809166
1431,0.2,8,True,0.4142857142857143,0.5,0.039035952556318865,1.5
1432,0.2,8,True,0.2571428571428572,0.25,0.03042964980987506,2.5
1433,0.2,8,True,0.5047619047619047,0.75,0.13502647928207268,0.8112781244591328
1434,0.2,8,True,0.3,0.375,0.05358807178498537,2.1556390622295662
1435,0.2,8,True,0.35714285714285715,0.375,0.032511235116438164,1.9056390622295665
1436,0.2,8,True,0.22142857142857142,0.375,0.05358807178498548,2.1556390622295662
1437,0.2,8,True,0.3785714285714286,0.625,0.15545875354128547,1.5487949406953985
1438,0.2,8,True,0.4023809523809524,0.75,0.21452470277266567,1.061278124459133
1439,0.2,8,True,0.4166666666666667,0.75,0.21452470277266567,1.061278124459133
1440,0.2,8,True,0.34523809523809523,0.375,0.032511235116438164,1.9056390622295665
1441,0.2,8,True,0.43333333333333335,0.625,0.15545875354128547,1.5487949406953985
1442,0.2,8,True,0.47619047619047616,0.75,0.13502647928207268,0.8112781244591328
1443,0.2,8,True,0.29047619047619044,0.25,0.03042964980987506,2.5
1444,0.2,8,True,0.2523809523809524,0.25,0.03042964980987506,2.5
1445,0.2,8,True,0.3,0.375,0.05358807178498537,2.1556390622295662
1446,0.2,8,True,0.2142857142857143,0.375,0.05731928518273999,2.4056390622295662
1447,0.3,7,True,0.2571428571428572,0.2857142857142857,0.05358807178498548,2.2359263506290326
1448,0.3,7,True,0.2,0.14285714285714285,0.05118688510966152,2.807354922057604
1449,0.2,8,True,0.25,0.25,0.03042964980987506,2.5
1450,0.2,8,True,0.3119047619047619,0.375,0.05358807178498537,2.1556390622295662
1451,0.2,8,True,0.2619047619047619,0.5,0.10175559829607284,2.0
1452,0.5,5,True,0.3266666666666667,0.4,0.11951797627815941,1.5219280948873621
1453,0.5,5,True,0.2,0.2,0.16402499191349473,2.321928094887362
1454,0.9,1,False,,,,
1455,0.7,3,False,,,,
1456,0.7,3,False,,,,
1457,0.2,8,True,0.21904761904761905,0.25,0.02602396837087928,2.75
1458,0.2,8,True,0.33095238095238094,0.375,0.032511235116438386,1.9056390622295665
1459,0.2,8,True,0.23333333333333334,0.375,0.05358807178498537,2.1556390622295662
1460,0.2,8,True,0.29047619047619044,0.375,0.05731928518273999,2.4056390622295662
1461,0.2,8,True,0.7833333333333333,0.875,0.27015330083790245,0.5435644431995964
1462,0.2,8,True,0.4142857142857143,0.625,0.15545875354128547,1.5487949406953985
1463,0.2,8,True,0.3,0.375,0.05358807178498537,2.1556390622295662
1464,0.3,7,True,0.24444444444444444,0.2857142857142857,0.0573192851827401,2.5216406363433186
1465,0.3,7,True,0.46031746031746035,0.5714285714285714,0.07678032766449228,1.3787834934861753
1466,0.3,7,True,0.26666666666666666,0.2857142857142857,0.05358807178498548,2.2359263506290326
1467,0.2,8,True,0.3071428571428571,0.625,0.15545875354128547,1.5487949406953985
1468,0.2,8,True,0.4071428571428572,0.625,0.11951797627815941,1.2987949406953985
1469,0.2,8,True,0.29523809523809524,0.5,0.10175559829607284,2.0
1470,0.2,8,True,0.2571428571428572,0.5,0.10175559829607284,2.0
1471,0.2,8,True,0.430952380952381,0.75,0.21452470277266567,1.061278124459133
1472,0.2,8,True,0.2976190476190476,0.25,0.024385036849164488,2.25
1473,0.2,8,True,0.38333333333333336,0.5,0.08613531161467869,1.75
1474,0.2,8,True,0.55,0.875,0.27015330083790245,0.5435644431995964
1475,0.2,8,True,0.4404761904761905,0.625,0.11951797627815941,1.2987949406953985
1476,0.2,8,True,0.2261904761904762,0.375,0.05358807178498537,2.1556390622295662
1477,0.2,8,True,0.4095238095238095,0.5,0.03977028213923883,1.0
1478,0.2,8,True,0.3785714285714286,0.5,0.08613531161467847,1.75
1479,0.2,8,True,0.55,0.875,0.27015330083790245,0.5435644431995964
1480,0.2,8,True,0.24047619047619048,0.25,0.02602396837087928,2.75
1481,0.2,8,True,0.36666666666666664,0.375,0.032511235116438164,1.9056390622295665
1482,0.2,8,True,0.35238095238095235,0.5,0.07678032766449228,1.4056390622295665
1483,0.2,8,True,0.4023809523809524,0.5,0.039035952556318865,1.5
1484,0.2,8,True,0.4071428571428572,0.625,0.15545875354128547,1.5487949406953985
1485,0.2,8,True,0.45,0.875,0.27015330083790245,0.5435644431995964
1486,0.2,8,True,0.36428571428571427,0.75,0.21452470277266567,1.061278124459133
1487,0.2,8,True,0.3428571428571428,0.625,0.15545875354128547,1.5487949406953985
1488,0.9,1,False,,,,
1489,0.9,1,False,,,,
1490,0.9,1,False,,,,
1491,0.9,1,False,,,,
1492,0.9,1,False,,,,
1493,0.9,1,False,,,,
1494,0.2,8,True,0.30952380952380953,0.5,0.10175559829607284,2.0
1495,0.2,8,True,0.40476190476190477,0.625,0.15545875354128547,1.5487949406953985
1496,0.2,8,True,0.2738095238095238,0.25,0.024385036849164488,2.25
1497,0.2,8,True,0.2642857142857143,0.375,0.05358807178498548,2.1556390622295662
1498,0.8,2,False,,,,
1499,0.8,2,False,,,,
1500,0.6,4,False,,,,
1501,0.2,8,True,0.22142857142857142,0.25,0.024385036849164488,2.25
1502,0.2,8,True,0.21666666666666667,0.25,0.02602396837087928,2.75
1503,0.2,8,True,0.3547619047619047,0.5,0.07678032766449228,1.4056390622295665
1504,0.2,8,True,0.34523809523809523,0.5,0.07678032766449228,1.4056390622295665
1505,0.2,8,True,0.29047619047619044,0.5,0.08613531161467869,1.75
1506,0.2,8,True,0.29285714285714287,0.375,0.05358807178498537,2.1556390622295662
1507,0.2,8,True,0.2857142857142857,0.5,0.10175559829607284,2.0
1508,0.2,8,True,0.39047619047619053,0.5,0.039035952556318865,1.5
1509,0.2,8,True,0.34523809523809523,0.625,0.15545875354128547,1.5487949406953985
1510,0.2,8,True,0.35714285714285715,0.5,0.07678032766449228,1.4056390622295665
1511,0.2,8,True,0.5,0.875,0.27015330083790245,0.5435644431995964
1512,0.2,8,True,0.23095238095238096,0.25,0.02602396837087928,2.75
1513,0.2,8,True,0.29285714285714287,0.5,0.10175559829607284,2.0
1514,0.2,8,True,0.2785714285714286,0.375,0.05731928518273999,2.4056390622295662
1515,0.2,8,True,0.44285714285714284,0.625,0.15545875354128547,1.5487949406953985
1516,0.2,8,True,0.2142857142857143,0.25,0.02602396837087928,2.75
1517,0.2,8,True,0.28095238095238095,0.25,0.03042964980987506,2.5
1518,0.2,8,True,0.319047619047619,0.5,0.08613531161467847,1.75
1519,0.2,8,True,0.6666666666666666,1.0,0.2780719051126377,0.0
1520,0.2,8,True,0.55,0.75,0.13502647928207268,0.8112781244591328
1521,0.2,8,True,0.48333333333333334,0.875,0.27015330083790245,0.5435644431995964
1522,0.2,8,True,0.2642857142857143,0.375,0.032511235116438164,1.9056390622295665
1523,0.3,7,True,0.2857142857142857,0.42857142857142855,0.08279110672080625,2.1280852788913944
1524,0.3,7,True,0.2857142857142857,0.42857142857142855,0.06502247023287666,1.8423709931771088
1525,0.2,8,True,0.3261904761904762,0.625,0.15545875354128547,1.5487949406953985
1526,0.2,8,True,0.22142857142857142,0.25,0.02602396837087928,2.75
1527,0.2,8,True,0.2642857142857143,0.375,0.05358807178498537,2.1556390622295662
1528,0.2,8,True,0.2738095238095238,0.5,0.08613531161467869,1.75
1529,0.2,8,True,0.2142857142857143,0.25,0.030429649809874948,2.5
1530,0.2,8,True,0.2857142857142857,0.375,0.05731928518273999,2.4056390622295662
1531,0.2,8,True,0.41904761904761906,0.625,0.11951797627815941,1.2987949406953985
1532,0.2,8,True,0.31666666666666665,0.5,0.10175559829607284,2.0
1533,0.2,8,True,0.3547619047619047,0.5,0.07678032766449228,1.4056390622295665
1534,0.2,8,True,0.4928571428571428,0.625,0.15545875354128547,1.5487949406953985
1535,0.2,8,True,0.4,0.875,0.27015330083790245,0.5435644431995964
1536,0.2,8,True,0.6,1.0,0.2780719051126377,0.0
1537,0.2,8,True,0.4095238095238095,0.75,0.21452470277266567,1.061278124459133
1538,0.2,8,True,0.29285714285714287,0.375,0.05358807178498537,2.1556390622295662
1539,0.2,8,True,0.45,0.875,0.27015330083790245,0.5435644431995964
1540,0.2,8,True,0.3119047619047619,0.375,0.032511235116438386,1.9056390622295665
1541,0.2,8,True,0.22142857142857142,0.375,0.05358807178498537,2.1556390622295662
1542,0.2,8,True,0.26904761904761904,0.375,0.05358807178498537,2.1556390622295662
1543,0.2,8,True,0.38571428571428573,0.5,0.08613531161467847,1.75
1544,0.2,8,True,0.43333333333333335,0.875,0.27015330083790245,0.5435644431995964
1545,0.2,8,True,0.45476190476190476,0.75,0.21452470277266567,1.061278124459133
1546,0.2,8,True,0.3547619047619047,0.5,0.08613531161467869,1.75
1547,0.2,8,True,0.46190476190476193,0.625,0.15545875354128547,1.5487949406953985
1548,0.2,8,True,0.35238095238095235,0.375,0.032511235116438386,1.9056390622295665
1549,0.2,8,True,0.2547619047619048,0.375,0.05731928518273999,2.4056390622295662
1550,0.3,7,True,0.2571428571428572,0.42857142857142855,0.06502247023287666,1.8423709931771084
1551,0.3,7,True,0.2285714285714286,0.42857142857142855,0.08279110672080636,2.1280852788913944
1552,0.2,8,True,0.30952380952380953,0.5,0.08613531161467869,1.75
1553,0.2,8,True,0.22380952380952382,0.375,0.05358807178498548,2.1556390622295662
1554,0.2,8,True,0.3428571428571428,0.5,0.08613531161467869,1.75
1555,0.2,8,True,0.2714285714285714,0.375,0.05358807178498537,2.1556390622295662
1556,0.2,8,True,0.3261904761904762,0.25,0.024385036849164488,2.25
1557,0.3,7,True,0.2285714285714286,0.2857142857142857,0.0573192851827401,2.5216406363433186
1558,0.3,7,True,0.2571428571428572,0.2857142857142857,0.0573192851827401,2.5216406363433186
1559,0.3,7,True,0.4222222222222223,0.7142857142857143,0.1572623513863327,1.1488348542809166
1560,0.3,7,True,0.2857142857142857,0.5714285714285714,0.07678032766449228,1.3787834934861753
1561,0.3,7,True,0.5746031746031746,0.7142857142857143,0.06276943678387037,0.863120568566631
1562,0.3,7,True,0.2285714285714286,0.2857142857142857,0.0573192851827401,2.5216406363433186
1563,0.3,7,True,0.26031746031746034,0.42857142857142855,0.06502247023287666,1.8423709931771084
1564,0.3,7,True,0.3777777777777778,0.5714285714285714,0.11864654673111685,1.6644977792004614
1565,0.3,7,True,0.37460317460317455,0.7142857142857143,0.15726235138633282,1.1488348542809166
1566,0.3,7,True,0.2634920634920635,0.42857142857142855,0.06502247023287666,1.8423709931771088
1567,0.3,7,True,0.37460317460317455,0.5714285714285714,0.11864654673111685,1.6644977792004614
1568,0.3,7,True,0.28253968253968254,0.42857142857142855,0.06502247023287666,1.8423709931771088
1569,0.2,8,True,0.21190476190476193,0.125,0.015141338212453448,3.0
1570,0.2,8,True,0.3333333333333333,0.625,0.15545875354128547,1.5487949406953985
1571,0.2,8,True,0.26666666666666666,0.375,0.06502247023287655,1.811278124459133
1572,0.2,8,True,0.19285714285714287,0.375,0.05731928518273999,2.4056390622295662
1573,0.2,8,True,0.19523809523809527,0.375,0.05731928518273999,2.4056390622295662
1574,0.2,8,True,0.20476190476190476,0.25,0.02602396837087928,2.75
1575,0.2,8,True,0.3214285714285714,0.625,0.15545875354128547,1.5487949406953985
1576,0.2,8,True,0.36666666666666664,0.625,0.15545875354128547,1.5487949406953985
1577,0.2,8,True,0.2380952380952381,0.375,0.0573192851827401,2.4056390622295662
1578,0.3,7,True,0.23174603174603176,0.42857142857142855,0.08279110672080636,2.1280852788913944
1579,0.3,7,True,0.5015873015873016,0.7142857142857143,0.15726235138633282,1.1488348542809166
1580,0.4,6,True,0.24444444444444444,0.3333333333333333,0.08613531161467847,1.9182958340544896
1581,0.4,6,True,0.19555555555555557,0.3333333333333333,0.08613531161467847,1.9182958340544893
1582,0.4,6,True,0.4666666666666667,0.8333333333333334,0.14132728892674484,0.6500224216483541
1583,0.4,6,True,0.4266666666666667,0.6666666666666666,0.03977028213923883,0.9182958340544896
1584,0.4,6,True,0.4666666666666667,0.6666666666666666,0.13903595255631884,1.2516291673878228
1585,0.4,6,True,0.5111111111111111,0.8333333333333334,0.14132728892674484,0.6500224216483541
1586,0.4,6,True,0.3333333333333333,0.6666666666666666,0.13903595255631884,1.2516291673878228
1587,0.4,6,True,0.4666666666666667,0.8333333333333334,0.14132728892674484,0.6500224216483541
1588,0.4,6,True,0.28,0.3333333333333333,0.10175559829607284,2.2516291673878226
1589,0.4,6,True,0.26666666666666666,0.3333333333333333,0.08613531161467847,1.9182958340544893
1590,0.7,3,False,,,,
1591,0.7,3,False,,,,
1592,0.7,3,False,,,,
1593,0.7,3,False,,,,
1594,0.4,6,True,0.38666666666666666,0.5,0.07678032766449228,1.4591479170272448
1595,0.4,6,True,0.28,0.5,0.11864654673111685,1.7924812503605778
1596,0.4,6,True,0.5333333333333333,1.0,0.02904940554533142,0.0
1597,0.4,6,True,0.5555555555555555,0.8333333333333334,0.14132728892674484,0.6500224216483541
1598,0.4,6,True,0.4266666666666667,0.5,0.07678032766449228,1.4591479170272448
1599,0.3,7,True,0.2698412698412698,0.42857142857142855,0.08279110672080625,2.1280852788913944
1600,0.3,7,True,0.473015873015873,0.5714285714285714,0.07678032766449228,1.3787834934861753
1601,0.3,7,True,0.32380952380952377,0.5714285714285714,0.07678032766449228,1.3787834934861753
1602,0.3,7,True,0.22222222222222224,0.42857142857142855,0.08279110672080625,2.1280852788913944
1603,0.3,7,True,0.20317460317460317,0.2857142857142857,0.05358807178498548,2.2359263506290326
1604,0.3,7,True,0.41904761904761906,0.5714285714285714,0.11864654673111685,1.6644977792004614
1605,0.3,7,True,0.24444444444444444,0.42857142857142855,0.08279110672080625,2.1280852788913944
1606,0.8,2,False,,,,
1607,0.8,2,False,,,,
1608,0.3,7,True,0.3492063492063492,0.5714285714285714,0.07678032766449228,1.3787834934861753
1609,0.3,7,True,0.29523809523809524,0.42857142857142855,0.06502247023287655,1.8423709931771084
1610,0.3,7,True,0.4222222222222223,0.7142857142857143,0.15726235138633282,1.1488348542809166
1611,0.3,7,True,0.2253968253968254,0.2857142857142857,0.05358807178498548,2.2359263506290326
1612,0.3,7,True,0.346031746031746,0.42857142857142855,0.08279110672080625,2.1280852788913944
1613,0.4,6,True,0.23555555555555555,0.3333333333333333,0.10175559829607284,2.2516291673878226
1614,0.4,6,True,0.3377777777777778,0.5,0.07678032766449228,1.4591479170272448
1615,0.4,6,True,0.3333333333333333,0.3333333333333333,0.08613531161467847,1.9182958340544896
1616,0.4,6,True,0.2533333333333333,0.16666666666666666,0.10167108723147944,2.584962500721156
1617,0.4,6,True,0.22222222222222224,0.3333333333333333,0.08613531161467869,1.9182958340544893
1618,0.8,2,False,,,,
1619,0.4,6,True,0.30666666666666664,0.5,0.11864654673111685,1.7924812503605778
1620,0.5,5,True,0.16666666666666666,0.2,0.16402499191349473,2.321928094887362
1621,0.5,5,True,0.17333333333333334,0.2,0.16402499191349473,2.321928094887362
1622,0.6,4,False,,,,
1623,0.6,4,False,,,,
1624,0.4,6,True,0.2,0.3333333333333333,0.10175559829607272,2.2516291673878226
1625,0.4,6,True,0.2622222222222222,0.3333333333333333,0.10175559829607284,2.2516291673878226
1626,0.4,6,True,0.23111111111111113,0.5,0.11864654673111685,1.792481250360578
1627,0.5,5,True,0.21333333333333335,0.4,0.15545875354128547,1.9219280948873623
1628,0.5,5,True,0.26666666666666666,0.4,0.15545875354128547,1.9219280948873623
1629,0.5,5,True,0.33999999999999997,0.4,0.15545875354128547,1.9219280948873623
1630,0.5,5,True,0.36666666666666664,0.6,0.1572623513863327,1.3709505944546687
1631,0.5,5,True,0.30666666666666664,0.4,0.15545875354128547,1.9219280948873623
1632,0.5,5,True,0.24666666666666667,0.4,0.15545875354128547,1.9219280948873623
1633,0.5,5,True,0.3,0.4,0.11951797627815941,1.5219280948873621
1634,0.9,1,False,,,,
1635,0.9,1,False,,,,
1636,0.9,1,False,,,,
1637,0.6,4,False,,,,
1638,0.6,4,False,,,,
1639,0.6,4,False,,,,
1640,0.6,4,False,,,,
1641,0.6,4,False,,,,
1642,0.6,4,False,,,,
1643,0.6,4,False,,,,
1644,0.6,4,False,,,,
1645,0.6,4,False,,,,
1646,0.6,4,False,,,,
1647,0.6,4,False,,,,
1648,0.6,4,False,,,,
1649,0.8,2,False,,,,
1650,0.8,2,False,,,,
1651,0.7,3,False,,,,
1652,0.7,3,False,,,,
1653,0.8,2,False,,,,
1654,0.5,5,True,0.22,0.4,0.15545875354128547,1.9219280948873623
1655,0.5,5,True,0.14666666666666667,0.2,0.16402499191349473,2.321928094887362
1656,0.5,5,True,0.22,0.2,0.16402499191349473,2.321928094887362
1657,0.5,5,True,0.38666666666666666,0.6,0.1572623513863327,1.3709505944546687
1658,0.5,5,True,0.24000000000000002,0.4,0.15545875354128547,1.9219280948873623
1659,0.5,5,True,0.16,0.2,0.16402499191349473,2.321928094887362
1660,0.5,5,True,0.20666666666666667,0.4,0.15545875354128547,1.9219280948873623
1661,0.5,5,True,0.36000000000000004,0.4,0.11951797627815941,1.5219280948873621
1662,0.5,5,True,0.22,0.4,0.15545875354128547,1.9219280948873623
1663,0.5,5,True,0.33999999999999997,0.6,0.1572623513863327,1.3709505944546687
1664,0.5,5,True,0.38,0.4,0.11951797627815941,1.5219280948873621
1665,0.5,5,True,0.4,0.6,0.1572623513863327,1.3709505944546687
1666,0.5,5,True,0.4066666666666666,0.4,0.11951797627815941,1.5219280948873621
1667,0.5,5,True,0.36000000000000004,0.6,0.1572623513863327,1.3709505944546687
1668,0.5,5,True,0.26,0.4,0.15545875354128547,1.9219280948873623
1669,0.5,5,True,0.5666666666666667,0.6,0.06276943678387037,0.9709505944546686
1670,0.4,6,True,0.31555555555555553,0.3333333333333333,0.08613531161467847,1.9182958340544896
1671,0.4,6,True,0.3511111111111111,0.5,0.07678032766449228,1.4591479170272448
1672,0.4,6,True,0.28888888888888886,0.5,0.07678032766449228,1.4591479170272448
1673,0.4,6,True,0.3511111111111111,0.3333333333333333,0.08613531161467869,1.9182958340544893
1674,0.4,6,True,0.5333333333333333,1.0,0.02904940554533142,0.0
1675,0.4,6,True,0.31555555555555553,0.5,0.11864654673111685,1.7924812503605778
1676,0.4,6,True,0.48444444444444446,0.6666666666666666,0.13903595255631884,1.2516291673878228
1677,0.4,6,True,0.2622222222222222,0.3333333333333333,0.08613531161467847,1.9182958340544896
1678,0.9,1,False,,,,
1679,0.9,1,False,,,,
1680,0.4,6,True,0.39111111111111113,0.6666666666666666,0.13903595255631884,1.2516291673878228
1681,0.4,6,True,0.28444444444444444,0.3333333333333333,0.10175559829607272,2.2516291673878226
1682,0.4,6,True,0.36000000000000004,0.5,0.11864654673111685,1.7924812503605778
1683,0.4,6,True,0.3288888888888889,0.3333333333333333,0.039035952556318865,1.584962500721156
1684,0.4,6,True,0.3244444444444445,0.3333333333333333,0.08613531161467847,1.9182958340544896
1685,0.4,6,True,0.23111111111111113,0.3333333333333333,0.10175559829607284,2.2516291673878226
1686,0.4,6,True,0.2577777777777778,0.5,0.07678032766449228,1.4591479170272448
1687,0.4,6,True,0.2755555555555556,0.5,0.11864654673111685,1.7924812503605778
1688,0.9,1,False,,,,
1689,0.9,1,False,,,,
1690,0.9,1,False,,,,
1691,0.9,1,False,,,,
1692,0.9,1,False,,,,
1693,0.9,1,False,,,,
1694,0.9,1,False,,,,
1695,0.9,1,False,,,,
1696,0.9,1,False,,,,
1697,0.9,1,False,,,,
1698,0.9,1,False,,,,
1699,0.9,1,False,,,,
1700,0.9,1,False,,,,
1701,0.9,1,False,,,,
1702,0.5,5,True,0.3466666666666667,0.6,0.1572623513863327,1.3709505944546687
1703,0.5,5,True,0.26,0.2,0.16402499191349473,2.321928094887362
1704,0.8,2,False,,,,
1705,0.7,3,False,,,,
1706,0.7,3,False,,,,
1707,0.4,6,True,0.22222222222222224,0.3333333333333333,0.10175559829607284,2.2516291673878226
1708,0.4,6,True,0.3288888888888889,0.6666666666666666,0.13903595255631884,1.2516291673878228
1709,0.4,6,True,0.28,0.16666666666666666,0.10167108723147944,2.584962500721156
1710,0.4,6,True,0.20444444444444443,0.16666666666666666,0.10167108723147944,2.584962500721156
1711,0.4,6,True,0.2977777777777778,0.5,0.11864654673111685,1.7924812503605778
1712,0.5,5,True,0.2866666666666667,0.4,0.15545875354128547,1.9219280948873623
1713,0.4,6,True,0.26666666666666666,0.16666666666666666,0.10167108723147944,2.584962500721156
1714,0.4,6,True,0.29333333333333333,0.5,0.11864654673111685,1.7924812503605778
1715,0.4,6,True,0.38666666666666666,0.6666666666666666,0.13903595255631884,1.2516291673878228
1716,0.4,6,True,0.24444444444444444,0.3333333333333333,0.08613531161467847,1.9182958340544893
1717,0.4,6,True,0.36000000000000004,0.5,0.07678032766449228,1.4591479170272446
1718,0.4,6,True,0.3555555555555555,0.5,0.11864654673111685,1.7924812503605778
1719,0.4,6,True,0.4266666666666667,0.3333333333333333,0.039035952556318865,1.584962500721156
1720,0.4,6,True,0.3511111111111111,0.3333333333333333,0.08613531161467869,1.9182958340544893
1721,0.4,6,True,0.22666666666666666,0.3333333333333333,0.10175559829607284,2.2516291673878226
1722,0.4,6,True,0.3422222222222222,0.6666666666666666,0.13903595255631884,1.2516291673878228
1723,0.4,6,True,0.22666666666666666,0.16666666666666666,0.10167108723147944,2.584962500721156
1724,0.4,6,True,0.18222222222222223,0.16666666666666666,0.10167108723147944,2.584962500721156
1725,0.4,6,True,0.28444444444444444,0.5,0.11864654673111685,1.7924812503605778
1726,0.5,5,True,0.3266666666666667,0.4,0.15545875354128547,1.9219280948873623
1727,0.9,1,False,,,,
1728,0.9,1,False,,,,
1729,0.9,1,False,,,,
1730,0.9,1,False,,,,
1731,0.9,1,False,,,,
1732,0.9,1,False,,,,
1733,0.9,1,False,,,,
1734,0.9,1,False,,,,
1735,0.9,1,False,,,,
1736,0.9,1,False,,,,
1737,0.7,3,False,,,,
1738,0.7,3,False,,,,
1739,0.6,4,False,,,,
1740,0.5,5,True,0.17333333333333334,0.4,0.15545875354128547,1.9219280948873623
1741,0.5,5,True,0.24666666666666667,0.4,0.15545875354128547,1.9219280948873623
1742,0.5,5,True,0.24666666666666667,0.4,0.15545875354128547,1.9219280948873623
1743,0.5,5,True,0.20666666666666667,0.4,0.15545875354128547,1.9219280948873623
1744,0.5,5,True,0.33999999999999997,0.4,0.11951797627815941,1.5219280948873621
1745,0.5,5,True,0.16666666666666666,0.4,0.15545875354128547,1.9219280948873623
1746,0.5,5,True,0.20666666666666667,0.2,0.16402499191349473,2.321928094887362
1747,0.5,5,True,0.4266666666666667,0.6,0.1572623513863327,1.3709505944546687
1748,0.5,5,True,0.3333333333333333,0.4,0.15545875354128547,1.9219280948873623
1749,0.5,5,True,0.38666666666666666,0.4,0.11951797627815941,1.5219280948873621
1750,0.5,5,True,0.26,0.4,0.15545875354128547,1.9219280948873623
1751,0.5,5,True,0.42,0.6,0.15726235138633282,1.3709505944546687
1752,0.5,5,True,0.6,1.0,0.0,0.0
1753,0.5,5,True,0.2733333333333333,0.4,0.15545875354128547,1.9219280948873623
1754,0.5,5,True,0.21333333333333335,0.4,0.15545875354128547,1.9219280948873623
1755,0.5,5,True,0.21333333333333335,0.4,0.15545875354128547,1.9219280948873623
1756,0.5,5,True,0.4266666666666667,0.8,0.14132728892674484,0.7219280948873623
1757,0.5,5,True,0.24000000000000002,0.4,0.15545875354128547,1.9219280948873623
1758,0.5,5,True,0.26666666666666666,0.4,0.15545875354128547,1.9219280948873623
1759,0.9,1,False,,,,
1760,0.9,1,False,,,,
1761,0.9,1,False,,,,
1762,0.9,1,False,,,,
1763,0.9,1,False,,,,
1764,0.9,1,False,,,,
1765,0.9,1,False,,,,
1766,0.9,1,False,,,,
1767,0.6,4,False,,,,
1768,0.6,4,False,,,,
1769,0.7,3,False,,,,
1770,0.7,3,False,,,,
1771,0.7,3,False,,,,
1772,0.5,5,True,0.2866666666666667,0.4,0.15545875354128547,1.9219280948873623
1773,0.5,5,True,0.15333333333333332,0.2,0.16402499191349473,2.321928094887362
1774,0.5,5,True,0.5333333333333333,0.8,0.14132728892674484,0.7219280948873623
1775,0.5,5,True,0.24000000000000002,0.4,0.15545875354128547,1.9219280948873623
1776,0.5,5,True,0.31333333333333335,0.6,0.1572623513863327,1.3709505944546687
1777,0.5,5,True,0.30666666666666664,0.4,0.15545875354128547,1.9219280948873623
1778,0.5,5,True,0.5,0.6,0.1572623513863327,1.3709505944546687
1779,0.5,5,True,0.3733333333333333,0.6,0.06276943678387037,0.9709505944546686
1780,0.5,5,True,0.4266666666666667,0.6,0.15726235138633282,1.3709505944546687
1781,0.5,5,True,0.6,0.8,0.14132728892674484,0.7219280948873623
1782,0.4,6,True,0.46222222222222226,0.6666666666666666,0.13903595255631884,1.2516291673878228
1783,0.4,6,True,0.4311111111111111,0.6666666666666666,0.13903595255631884,1.2516291673878228
1784,0.4,6,True,0.32,0.5,0.07678032766449228,1.4591479170272446
1785,0.4,6,True,0.2577777777777778,0.3333333333333333,0.10175559829607284,2.2516291673878226
1786,0.4,6,True,0.2577777777777778,0.3333333333333333,0.10175559829607284,2.2516291673878226
1787,0.4,6,True,0.44,0.5,0.07678032766449228,1.4591479170272448
1788,0.4,6,True,0.31555555555555553,0.5,0.11864654673111685,1.7924812503605778
1789,0.4,6,True,0.2,0.3333333333333333,0.10175559829607284,2.2516291673878226
1790,0.4,6,True,0.19111111111111112,0.16666666666666666,0.10167108723147944,2.584962500721156
1791,0.4,6,True,0.36444444444444446,0.5,0.07678032766449228,1.4591479170272448
1792,0.4,6,True,0.23111111111111113,0.3333333333333333,0.10175559829607284,2.2516291673878226
1793,0.4,6,True,0.26666666666666666,0.3333333333333333,0.10175559829607272,2.2516291673878226
1794,0.4,6,True,0.21333333333333335,0.3333333333333333,0.10175559829607284,2.2516291673878226
1795,0.9,1,False,,,,
1796,0.9,1,False,,,,
1797,0.9,1,False,,,,
1798,0.9,1,False,,,,
1799,0.9,1,False,,,,
1800,0.9,1,False,,,,
1801,0.9,1,False,,,,
1802,0.9,1,False,,,,
1803,0.9,1,False,,,,
1804,0.9,1,False,,,,
1805,0.9,1,False,,,,
1806,0.4,6,True,0.41777777777777775,0.6666666666666666,0.13903595255631884,1.2516291673878228
1807,0.5,5,True,0.38666666666666666,0.6,0.1572623513863327,1.3709505944546687
1808,0.4,6,True,0.16,0.3333333333333333,0.10175559829607284,2.2516291673878226
1809,0.9,1,False,,,,
1810,0.9,1,False,,,,
1811,0.4,6,True,0.22222222222222224,0.16666666666666666,0.10167108723147944,2.584962500721156
1812,0.4,6,True,0.18666666666666665,0.3333333333333333,0.10175559829607272,2.2516291673878226
1813,0.4,6,True,0.2,0.16666666666666666,0.10167108723147944,2.584962500721156
1814,0.4,6,True,0.19555555555555557,0.3333333333333333,0.10175559829607284,2.2516291673878226
1815,0.4,6,True,0.23111111111111113,0.3333333333333333,0.10175559829607284,2.2516291673878226
1816,0.5,5,True,0.31333333333333335,0.6,0.15726235138633282,1.3709505944546687
1817,0.6,4,False,,,,
1818,0.4,6,True,0.31555555555555553,0.3333333333333333,0.08613531161467869,1.9182958340544893
1819,0.4,6,True,0.2755555555555556,0.3333333333333333,0.10175559829607284,2.2516291673878226
1820,0.4,6,True,0.3111111111111111,0.5,0.11864654673111685,1.7924812503605778
1821,0.4,6,True,0.24444444444444444,0.5,0.11864654673111685,1.7924812503605778
1822,0.4,6,True,0.5555555555555555,0.8333333333333334,0.14132728892674484,0.6500224216483541
1823,0.4,6,True,0.20444444444444443,0.3333333333333333,0.10175559829607284,2.2516291673878226
1824,0.4,6,True,0.21777777777777776,0.3333333333333333,0.10175559829607284,2.2516291673878226
1825,0.4,6,True,0.2755555555555556,0.3333333333333333,0.10175559829607284,2.2516291673878226
1826,0.4,6,True,0.48888888888888893,0.6666666666666666,0.13903595255631884,1.2516291673878228
1827,0.4,6,True,0.38666666666666666,0.5,0.07678032766449228,1.4591479170272448
1828,0.4,6,True,0.32,0.5,0.11864654673111685,1.792481250360578
1829,0.4,6,True,0.17333333333333334,0.16666666666666666,0.10167108723147944,2.584962500721156
1830,0.4,6,True,0.22666666666666666,0.3333333333333333,0.10175559829607284,2.2516291673878226
1831,0.4,6,True,0.16,0.16666666666666666,0.10167108723147944,2.584962500721156
1832,0.4,6,True,0.3377777777777778,0.3333333333333333,0.10175559829607284,2.251629167387823
1833,0.4,6,True,0.23555555555555555,0.3333333333333333,0.10175559829607284,2.2516291673878226
1834,0.7,3,False,,,,
1835,0.7,3,False,,,,
1836,0.7,3,False,,,,
1837,0.7,3,False,,,,
1838,0.8,2,False,,,,
1839,0.7,3,False,,,,
1840,0.5,5,True,0.16666666666666666,0.2,0.16402499191349473,2.321928094887362
1841,0.5,5,True,0.2,0.4,0.15545875354128547,1.9219280948873623
1842,0.5,5,True,0.2733333333333333,0.4,0.15545875354128547,1.9219280948873623
1843,0.5,5,True,0.2866666666666667,0.6,0.1572623513863327,1.3709505944546687
1844,0.4,6,True,0.16444444444444445,0.16666666666666666,0.10167108723147944,2.584962500721156
1845,0.5,5,True,0.32,0.4,0.15545875354128547,1.9219280948873623
1846,0.5,5,True,0.4533333333333333,0.6,0.06276943678387037,0.9709505944546686
1847,0.5,5,True,0.36666666666666664,0.6,0.1572623513863327,1.3709505944546687
1848,0.5,5,True,0.15333333333333332,0.2,0.16402499191349473,2.321928094887362
1849,0.5,5,True,0.30666666666666664,0.4,0.15545875354128547,1.9219280948873623
1850,0.5,5,True,0.22666666666666666,0.4,0.15545875354128547,1.9219280948873623
1851,0.5,5,True,0.2,0.2,0.16402499191349473,2.321928094887362
1852,0.5,5,True,0.26666666666666666,0.4,0.15545875354128547,1.9219280948873623
1853,0.5,5,True,0.18666666666666665,0.4,0.15545875354128547,1.9219280948873623
1854,0.5,5,True,0.18666666666666665,0.4,0.15545875354128547,1.9219280948873623
1855,0.8,2,False,,,,
1856,0.8,2,False,,,,
1857,0.8,2,False,,,,
1858,0.8,2,False,,,,
1859,0.8,2,False,,,,
1860,0.8,2,False,,,,
1861,0.8,2,False,,,,
1862,0.8,2,False,,,,
1863,0.9,1,False,,,,
1864,0.9,1,False,,,,
1865,0.9,1,False,,,,
1866,0.9,1,False,,,,
1867,0.9,1,False,,,,
1868,0.9,1,False,,,,
1869,0.6,4,False,,,,
1870,0.6,4,False,,,,
1871,0.6,4,False,,,,
1872,0.6,4,False,,,,
1873,0.6,4,False,,,,
1874,0.6,4,False,,,,
1875,0.6,4,False,,,,
1876,0.6,4,False,,,,
1877,0.6,4,False,,,,
1878,0.6,4,False,,,,
1879,0.9,1,False,,,,
1880,0.9,1,False,,,,
1881,0.8,2,False,,,,
1882,0.8,2,False,,,,
1883,0.8,2,False,,,,
1884,0.8,2,False,,,,
1885,0.7,3,False,,,,
1886,0.7,3,False,,,,
1887,0.7,3,False,,,,
1888,0.7,3,False,,,,
1889,0.7,3,False,,,,
1890,0.7,3,False,,,,
1891,0.7,3,False,,,,
1892,0.7,3,False,,,,
1893,0.7,3,False,,,,
1894,0.7,3,False,,,,
1895,0.7,3,False,,,,
1896,0.7,3,False,,,,
1897,0.7,3,False,,,,
1898,0.7,3,False,,,,
1899,0.7,3,False,,,,
1900,0.8,2,False,,,,
1901,0.8,2,False,,,,
1902,0.8,2,False,,,,
1903,0.8,2,False,,,,
1904,0.7,3,False,,,,
1905,0.7,3,False,,,,
1906,0.7,3,False,,,,
1907,0.7,3,False,,,,
1908,0.5,5,True,0.26666666666666666,0.4,0.15545875354128547,1.9219280948873623
1909,0.5,5,True,0.26,0.4,0.15545875354128547,1.9219280948873623
1910,0.6,4,False,,,,
1911,0.6,4,False,,,,
1912,0.5,5,True,0.31333333333333335,0.4,0.11951797627815941,1.5219280948873621
1913,0.5,5,True,0.29333333333333333,0.4,0.15545875354128547,1.9219280948873623
1914,0.5,5,True,0.21333333333333335,0.2,0.16402499191349473,2.321928094887362
1915,0.5,5,True,0.24666666666666667,0.4,0.15545875354128547,1.9219280948873623
1916,0.5,5,True,0.29333333333333333,0.6,0.1572623513863327,1.3709505944546687
1917,0.5,5,True,0.21333333333333335,0.4,0.15545875354128547,1.9219280948873623
1918,0.5,5,True,0.30666666666666664,0.6,0.1572623513863327,1.3709505944546687
1919,0.5,5,True,0.3,0.4,0.15545875354128547,1.9219280948873623
1920,0.5,5,True,0.2733333333333333,0.4,0.15545875354128547,1.9219280948873623
1921,0.5,5,True,0.26666666666666666,0.4,0.15545875354128547,1.9219280948873623
1922,0.5,5,True,0.26,0.4,0.15545875354128547,1.9219280948873623
1923,0.5,5,True,0.24666666666666667,0.2,0.16402499191349473,2.321928094887362
1924,0.5,5,True,0.22,0.2,0.16402499191349473,2.321928094887362
1925,0.5,5,True,0.39333333333333337,0.6,0.06276943678387037,0.9709505944546686
1926,0.5,5,True,0.22666666666666666,0.4,0.15545875354128547,1.9219280948873623
1927,0.5,5,True,0.29333333333333333,0.4,0.15545875354128547,1.9219280948873623
1928,0.6,4,False,,,,
1929,0.6,4,False,,,,
1930,0.6,4,False,,,,
1931,0.6,4,False,,,,
1932,0.6,4,False,,,,
1933,0.6,4,False,,,,
1934,0.6,4,False,,,,
1935,0.9,1,False,,,,
1936,0.9,1,False,,,,
1937,0.9,1,False,,,,
1938,0.9,1,False,,,,
1939,0.9,1,False,,,,
1940,0.9,1,False,,,,
1941,0.9,1,False,,,,
1942,0.9,1,False,,,,
1943,0.9,1,False,,,,
1944,0.9,1,False,,,,
1945,0.9,1,False,,,,
1946,0.9,1,False,,,,
1947,0.8,2,False,,,,
1948,0.8,2,False,,,,
1949,0.8,2,False,,,,
1950,0.8,2,False,,,,
1951,0.8,2,False,,,,
1952,0.7,3,False,,,,
1953,0.7,3,False,,,,
1954,0.6,4,False,,,,
1955,0.6,4,False,,,,
1956,0.5,5,True,0.24666666666666667,0.2,0.16402499191349473,2.321928094887362
1957,0.5,5,True,0.24666666666666667,0.4,0.15545875354128547,1.9219280948873623
1958,0.5,5,True,0.7333333333333333,1.0,0.0,0.0
1959,0.5,5,True,0.2533333333333333,0.2,0.16402499191349473,2.321928094887362
1960,0.5,5,True,0.38666666666666666,0.8,0.14132728892674484,0.7219280948873623
1961,0.5,5,True,0.26666666666666666,0.4,0.15545875354128547,1.9219280948873623
1962,0.6,4,False,,,,
1963,0.7,3,False,,,,
1964,0.7,3,False,,,,
1965,0.7,3,False,,,,
1966,0.7,3,False,,,,
1967,0.8,2,False,,,,
1968,0.8,2,False,,,,
1969,0.9,1,False,,,,
1970,1.0,0,False,,,,
1971,0.9,1,False,,,,
1972,0.9,1,False,,,,
1973,0.9,1,False,,,,
1974,0.9,1,False,,,,
1975,0.9,1,False,,,,
1976,0.7,3,False,,,,
1977,0.8,2,False,,,,
1978,0.7,3,False,,,,
1979,0.7,3,False,,,,
1980,0.7,3,False,,,,
1981,0.8,2,False,,,,
1982,0.7,3,False,,,,
1983,0.7,3,False,,,,
1984,0.7,3,False,,,,
1985,0.7,3,False,,,,
1986,0.5,5,True,0.24000000000000002,0.2,0.16402499191349473,2.321928094887362
1987,0.5,5,True,0.24666666666666667,0.4,0.11951797627815941,1.5219280948873621
1988,0.5,5,True,0.7333333333333333,1.0,0.0,0.0
1989,0.5,5,True,0.2533333333333333,0.4,0.15545875354128547,1.9219280948873623
1990,0.7,3,False,,,,
1991,0.8,2,False,,,,
1992,0.8,2,False,,,,
1993,0.8,2,False,,,,
1994,0.8,2,False,,,,
1995,0.8,2,False,,,,
1996,0.8,2,False,,,,
1997,0.8,2,False,,,,
1998,0.8,2,False,,,,
1999,0.8,2,False,,,,
2000,0.8,2,False,,,,
2001,0.8,2,False,,,,
2002,0.8,2,False,,,,
2003,0.9,1,False,,,,
2004,0.9,1,False,,,,
2005,0.9,1,False,,,,
2006,0.9,1,False,,,,
2007,0.9,1,False,,,,
2008,0.9,1,False,,,,
2009,0.9,1,False,,,,
2010,0.9,1,False,,,,
2011,0.9,1,False,,,,
2012,0.9,1,False,,,,
2013,0.9,1,False,,,,
2014,0.9,1,False,,,,
2015,0.9,1,False,,,,
2016,0.9,1,False,,,,
2017,0.9,1,False,,,,
2018,0.9,1,False,,,,
2019,0.9,1,False,,,,
2020,0.9,1,False,,,,
2021,0.9,1,False,,,,
2022,0.9,1,False,,,,
2023,0.9,1,False,,,,
2024,0.9,1,False,,,,
2025,0.8,2,False,,,,
2026,0.8,2,False,,,,
2027,0.8,2,False,,,,
2028,0.8,2,False,,,,
2029,0.8,2,False,,,,
2030,0.8,2,False,,,,
2031,0.8,2,False,,,,
2032,0.8,2,False,,,,
2033,0.8,2,False,,,,
2034,0.8,2,False,,,,
2035,0.8,2,False,,,,
2036,0.8,2,False,,,,
2037,0.8,2,False,,,,
2038,0.8,2,False,,,,
2039,0.8,2,False,,,,
2040,0.8,2,False,,,,
2041,0.8,2,False,,,,
2042,0.8,2,False,,,,
2043,0.8,2,False,,,,
2044,0.5,5,True,0.3333333333333333,0.4,0.11951797627815941,1.5219280948873621
2045,0.5,5,True,0.33999999999999997,0.4,0.11951797627815941,1.5219280948873621
2046,0.5,5,True,0.18000000000000002,0.4,0.15545875354128547,1.9219280948873623
2047,0.5,5,True,0.29333333333333333,0.4,0.15545875354128547,1.9219280948873623
2048,0.5,5,True,0.14,0.2,0.16402499191349473,2.321928094887362
2049,0.5,5,True,0.32,0.4,0.15545875354128547,1.9219280948873623
2050,0.5,5,True,0.31333333333333335,0.6,0.15726235138633282,1.3709505944546687
2051,0.5,5,True,0.22,0.4,0.15545875354128547,1.9219280948873623
2052,0.5,5,True,0.24000000000000002,0.2,0.16402499191349473,2.321928094887362
2053,0.5,5,True,0.23333333333333334,0.4,0.15545875354128547,1.9219280948873623
2054,0.5,5,True,0.3333333333333333,0.4,0.11951797627815941,1.5219280948873621
2055,0.5,5,True,0.22,0.4,0.15545875354128547,1.9219280948873623
2056,0.5,5,True,0.36666666666666664,0.6,0.15726235138633282,1.3709505944546687
2057,0.6,4,False,,,,
2058,0.6,4,False,,,,
2059,0.6,4,False,,,,
2060,0.7,3,False,,,,
2061,0.6,4,False,,,,
2062,0.6,4,False,,,,
2063,0.6,4,False,,,,
2064,0.6,4,False,,,,
2065,0.6,4,False,,,,
2066,0.6,4,False,,,,
2067,0.9,1,False,,,,
2068,0.9,1,False,,,,
2069,0.6,4,False,,,,
2070,0.6,4,False,,,,
2071,0.6,4,False,,,,
2072,0.7,3,False,,,,
2073,0.7,3,False,,,,
2074,0.7,3,False,,,,
2075,0.7,3,False,,,,
2076,0.7,3,False,,,,
2077,0.7,3,False,,,,
2078,0.7,3,False,,,,
2079,0.7,3,False,,,,
2080,0.7,3,False,,,,
2081,0.7,3,False,,,,
2082,0.7,3,False,,,,
2083,0.7,3,False,,,,
2084,0.8,2,False,,,,
2085,0.7,3,False,,,,
2086,0.8,2,False,,,,
2087,0.8,2,False,,,,
2088,0.8,2,False,,,,
2089,0.8,2,False,,,,
2090,0.8,2,False,,,,
2091,0.8,2,False,,,,
2092,0.8,2,False,,,,
2093,0.8,2,False,,,,
2094,0.8,2,False,,,,
2095,0.8,2,False,,,,
2096,0.8,2,False,,,,
2097,0.8,2,False,,,,
2098,0.8,2,False,,,,
2099,0.8,2,False,,,,
2100,0.8,2,False,,,,
2101,0.8,2,False,,,,
2102,0.8,2,False,,,,
2103,0.8,2,False,,,,
2104,0.8,2,False,,,,
2105,0.8,2,False,,,,
2106,0.8,2,False,,,,
2107,0.8,2,False,,,,
2108,0.8,2,False,,,,
2109,0.8,2,False,,,,
2110,0.8,2,False,,,,
2111,0.8,2,False,,,,
2112,0.8,2,False,,,,
2113,0.8,2,False,,,,
2114,0.8,2,False,,,,
2115,0.8,2,False,,,,
2116,0.8,2,False,,,,
2117,0.8,2,False,,,,
2118,0.8,2,False,,,,
2119,0.8,2,False,,,,
2120,0.8,2,False,,,,
2121,0.8,2,False,,,,
2122,0.8,2,False,,,,
2123,0.9,1,False,,,,
2124,0.9,1,False,,,,
2125,0.9,1,False,,,,
2126,0.9,1,False,,,,
2127,0.9,1,False,,,,
2128,0.9,1,False,,,,
2129,0.9,1,False,,,,
2130,0.9,1,False,,,,
2131,0.8,2,False,,,,
2132,0.8,2,False,,,,
2133,0.8,2,False,,,,
2134,0.8,2,False,,,,
2135,0.9,1,False,,,,
2136,0.9,1,False,,,,
2137,0.9,1,False,,,,
2138,0.9,1,False,,,,
2139,0.9,1,False,,,,
2140,0.9,1,False,,,,
2141,0.9,1,False,,,,
2142,0.9,1,False,,,,
2143,0.9,1,False,,,,
2144,0.9,1,False,,,,
2145,0.9,1,False,,,,
2146,0.9,1,False,,,,
2147,0.9,1,False,,,,
2148,0.9,1,False,,,,
2149,0.9,1,False,,,,
2150,0.9,1,False,,,,
2151,0.9,1,False,,,,
2152,0.9,1,False,,,,
2153,0.9,1,False,,,,
2154,0.9,1,False,,,,
2155,0.9,1,False,,,,
2156,0.9,1,False,,,,
2157,0.9,1,False,,,,
2158,0.8,2,False,,,,
2159,0.8,2,False,,,,
2160,0.8,2,False,,,,
2161,0.8,2,False,,,,
2162,0.8,2,False,,,,
2163,0.8,2,False,,,,
2164,0.8,2,False,,,,
2165,0.8,2,False,,,,
2166,0.8,2,False,,,,
2167,0.8,2,False,,,,
2168,0.8,2,False,,,,
2169,0.9,1,False,,,,
2170,0.8,2,False,,,,
2171,0.8,2,False,,,,
2172,0.8,2,False,,,,
2173,0.8,2,False,,,,
2174,0.9,1,False,,,,
2175,0.9,1,False,,,,
2176,0.9,1,False,,,,
2177,0.9,1,False,,,,
2178,0.9,1,False,,,,
2179,0.9,1,False,,,,
2180,0.9,1,False,,,,
2181,0.8,2,False,,,,
2182,0.8,2,False,,,,
2183,0.9,1,False,,,,
2184,0.9,1,False,,,,
2185,0.9,1,False,,,,
2186,0.9,1,False,,,,
2187,0.9,1,False,,,,
2188,0.9,1,False,,,,
2189,0.9,1,False,,,,
2190,0.9,1,False,,,,
2191,0.9,1,False,,,,
2192,0.9,1,False,,,,
2193,0.9,1,False,,,,
2194,0.8,2,False,,,,
2195,0.8,2,False,,,,
2196,0.8,2,False,,,,
2197,0.8,2,False,,,,
2198,0.8,2,False,,,,
2199,0.8,2,False,,,,
2200,0.8,2,False,,,,
2201,0.8,2,False,,,,
2202,0.8,2,False,,,,
2203,0.8,2,False,,,,
2204,0.8,2,False,,,,
2205,0.8,2,False,,,,
2206,0.8,2,False,,,,
2207,0.9,1,False,,,,
2208,0.9,1,False,,,,
2209,0.9,1,False,,,,
2210,0.9,1,False,,,,
2211,0.9,1,False,,,,
2212,0.9,1,False,,,,
2213,0.9,1,False,,,,
2214,0.9,1,False,,,,
2215,0.9,1,False,,,,
2216,0.9,1,False,,,,
2217,0.9,1,False,,,,
2218,0.9,1,False,,,,
2219,0.8,2,False,,,,
2220,0.8,2,False,,,,
2221,0.8,2,False,,,,
2222,0.8,2,False,,,,
2223,0.8,2,False,,,,
2224,0.8,2,False,,,,
2225,0.8,2,False,,,,
2226,0.8,2,False,,,,
2227,0.8,2,False,,,,
2228,0.8,2,False,,,,
2229,0.8,2,False,,,,
2230,0.8,2,False,,,,
2231,0.8,2,False,,,,
2232,0.8,2,False,,,,
2233,0.8,2,False,,,,
2234,0.8,2,False,,,,
2235,0.8,2,False,,,,
2236,0.8,2,False,,,,
2237,0.8,2,False,,,,
2238,0.8,2,False,,,,
2239,0.9,1,False,,,,
2240,0.9,1,False,,,,
2241,0.9,1,False,,,,
2242,0.9,1,False,,,,
2243,0.9,1,False,,,,
2244,0.9,1,False,,,,
2245,0.9,1,False,,,,
2246,0.9,1,False,,,,
2247,0.9,1,False,,,,
2248,0.8,2,False,,,,
2249,0.8,2,False,,,,
2250,0.8,2,False,,,,
2251,0.8,2,False,,,,
2252,0.8,2,False,,,,
2253,0.8,2,False,,,,
2254,0.8,2,False,,,,
2255,0.8,2,False,,,,
2256,0.8,2,False,,,,
2257,0.8,2,False,,,,
2258,0.8,2,False,,,,
2259,0.8,2,False,,,,
2260,0.8,2,False,,,,
2261,0.8,2,False,,,,
2262,0.8,2,False,,,,
2263,0.9,1,False,,,,
2264,0.9,1,False,,,,
2265,0.9,1,False,,,,
2266,0.9,1,False,,,,
2267,0.9,1,False,,,,
2268,0.9,1,False,,,,
2269,0.9,1,False,,,,
2270,0.9,1,False,,,,
2271,0.9,1,False,,,,
2272,0.9,1,False,,,,
2273,0.9,1,False,,,,
2274,0.9,1,False,,,,
2275,0.9,1,False,,,,
2276,0.8,2,False,,,,
2277,0.8,2,False,,,,
2278,0.8,2,False,,,,
2279,0.8,2,False,,,,
2280,0.8,2,False,,,,
2281,0.8,2,False,,,,
2282,0.8,2,False,,,,
2283,0.8,2,False,,,,
2284,0.8,2,False,,,,
2285,0.8,2,False,,,,
2286,0.8,2,False,,,,
2287,0.8,2,False,,,,
2288,0.8,2,False,,,,
2289,0.8,2,False,,,,
2290,0.8,2,False,,,,
2291,0.8,2,False,,,,
2292,0.8,2,False,,,,
2293,0.8,2,False,,,,
2294,0.8,2,False,,,,
2295,0.8,2,False,,,,
2296,0.8,2,False,,,,
2297,0.8,2,False,,,,
2298,0.8,2,False,,,,
2299,0.8,2,False,,,,
2300,0.8,2,False,,,,
2301,0.8,2,False,,,,
2302,0.8,2,False,,,,
2303,0.8,2,False,,,,
2304,0.8,2,False,,,,
2305,0.8,2,False,,,,
2306,0.8,2,False,,,,
2307,0.9,1,False,,,,
2308,0.9,1,False,,,,
2309,0.9,1,False,,,,
2310,0.9,1,False,,,,
2311,0.9,1,False,,,,
2312,0.9,1,False,,,,
2313,0.9,1,False,,,,
2314,0.9,1,False,,,,
2315,0.9,1,False,,,,
2316,0.9,1,False,,,,
2317,0.9,1,False,,,,
2318,0.9,1,False,,,,
2319,0.9,1,False,,,,
2320,0.9,1,False,,,,
2321,0.9,1,False,,,,
2322,0.9,1,False,,,,
2323,0.9,1,False,,,,
2324,0.9,1,False,,,,
2325,0.9,1,False,,,,
2326,0.9,1,False,,,,
2327,0.9,1,False,,,,
2328,0.9,1,False,,,,
2329,0.9,1,False,,,,
2330,0.9,1,False,,,,
2331,0.9,1,False,,,,
2332,0.9,1,False,,,,
2333,0.9,1,False,,,,
2334,0.9,1,False,,,,
2335,0.9,1,False,,,,
2336,0.9,1,False,,,,
2337,0.9,1,False,,,,
2338,0.9,1,False,,,,
2339,0.9,1,False,,,,
2340,0.9,1,False,,,,
2341,0.9,1,False,,,,
2342,0.9,1,False,,,,
2343,0.9,1,False,,,,
2344,0.9,1,False,,,,
2345,0.9,1,False,,,,
2346,0.9,1,False,,,,
2347,0.9,1,False,,,,
2348,0.9,1,False,,,,
2349,0.9,1,False,,,,
2350,0.9,1,False,,,,
2351,0.9,1,False,,,,
2352,0.9,1,False,,,,
2353,0.9,1,False,,,,
2354,0.9,1,False,,,,
2355,0.9,1,False,,,,
2356,0.9,1,False,,,,
2357,0.9,1,False,,,,
2358,0.9,1,False,,,,
2359,0.9,1,False,,,,
2360,0.9,1,False,,,,
2361,0.9,1,False,,,,
2362,0.9,1,False,,,,
2363,0.9,1,False,,,,
2364,0.9,1,False,,,,
2365,0.9,1,False,,,,
2366,0.9,1,False,,,,
2367,0.9,1,False,,,,
2368,0.9,1,False,,,,
2369,0.9,1,False,,,,
2370,0.9,1,False,,,,
2371,1.0,0,False,,,,
2372,1.0,0,False,,,,
2373,1.0,0,False,,,,
2374,1.0,0,False,,,,
2375,1.0,0,False,,,,
2376,1.0,0,False,,,,
2377,1.0,0,False,,,,
2378,1.0,0,False,,,,
2379,1.0,0,False,,,,
2380,1.0,0,False,,,,
2381,1.0,0,False,,,,
2382,1.0,0,False,,,,
2383,1.0,0,False,,,,
2384,1.0,0,False,,,,
2385,1.0,0,False,,,,
2386,1.0,0,False,,,,
2387,1.0,0,False,,,,
2388,1.0,0,False,,,,
2389,1.0,0,False,,,,
2390,1.0,0,False,,,,
2391,1.0,0,False,,,,
2392,1.0,0,False,,,,
2393,1.0,0,False,,,,
2394,1.0,0,False,,,,
2395,1.0,0,False,,,,
2396,1.0,0,False,,,,
2397,1.0,0,False,,,,
2398,1.0,0,False,,,,
2399,1.0,0,False,,,,
2400,1.0,0,False,,,,
2401,1.0,0,False,,,,
2402,1.0,0,False,,,,
2403,1.0,0,False,,,,
2404,1.0,0,False,,,,
2405,1.0,0,False,,,,
2406,1.0,0,False,,,,
2407,1.0,0,False,,,,
2408,1.0,0,False,,,,
2409,1.0,0,False,,,,
2410,1.0,0,False,,,,
2411,1.0,0,False,,,,
2412,1.0,0,False,,,,
2413,1.0,0,False,,,,
2414,1.0,0,False,,,,
2415,1.0,0,False,,,,
2416,1.0,0,False,,,,
2417,1.0,0,False,,,,
2418,1.0,0,False,,,,
2419,1.0,0,False,,,,
2420,1.0,0,False,,,,
2421,1.0,0,False,,,,
2422,1.0,0,False,,,,
2423,1.0,0,False,,,,
2424,1.0,0,False,,,,
2425,1.0,0,False,,,,
2426,1.0,0,False,,,,
2427,1.0,0,False,,,,
2428,1.0,0,False,,,,
2429,1.0,0,False,,,,
2430,1.0,0,False,,,,
2431,1.0,0,False,,,,
2432,1.0,0,False,,,,
2433,1.0,0,False,,,,
2434,1.0,0,False,,,,
2435,1.0,0,False,,,,
2436,1.0,0,False,,,,
2437,1.0,0,False,,,,
2438,1.0,0,False,,,,
2439,1.0,0,False,,,,
2440,1.0,0,False,,,,
2441,1.0,0,False,,,,
2442,1.0,0,False,,,,
2443,1.0,0,False,,,,
2444,1.0,0,False,,,,
2445,1.0,0,False,,,,
2446,1.0,0,False,,,,
2447,1.0,0,False,,,,
2448,1.0,0,False,,,,
2449,1.0,0,False,,,,
2450,1.0,0,False,,,,
2451,1.0,0,False,,,,
2452,1.0,0,False,,,,
2453,1.0,0,False,,,,
2454,1.0,0,False,,,,
2455,1.0,0,False,,,,
2456,1.0,0,False,,,,
2457,1.0,0,False,,,,
2458,1.0,0,False,,,,
2459,1.0,0,False,,,,
2460,1.0,0,False,,,,
2461,1.0,0,False,,,,
2462,1.0,0,False,,,,
2463,1.0,0,False,,,,
2464,1.0,0,False,,,,
2465,1.0,0,False,,,,
2466,1.0,0,False,,,,
2467,1.0,0,False,,,,
2468,1.0,0,False,,,,
2469,1.0,0,False,,,,
2470,1.0,0,False,,,,
2471,1.0,0,False,,,,
2472,1.0,0,False,,,,
2473,1.0,0,False,,,,
2474,1.0,0,False,,,,
2475,1.0,0,False,,,,
2476,1.0,0,False,,,,
2477,1.0,0,False,,,,
2478,1.0,0,False,,,,
2479,1.0,0,False,,,,
2480,1.0,0,False,,,,
2481,1.0,0,False,,,,
2482,1.0,0,False,,,,
2483,1.0,0,False,,,,
2484,1.0,0,False,,,,
2485,1.0,0,False,,,,
2486,1.0,0,False,,,,
2487,1.0,0,False,,,,
2488,1.0,0,False,,,,
2489,1.0,0,False,,,,
